name,cube,rel,var,den,n=10,n=100,n=1000,n=10000,n=100000
g7426_g13067_B,2,0,6,3.1250000000e-02,2.7202384333e-01,9.5820045528e-01,1.0000000000e+00,1.0000000000e+00,1.0000000000e+00
g6980_g13090_B,2,0,6,3.1250000000e-02,2.7202384333e-01,9.5820045528e-01,1.0000000000e+00,1.0000000000e+00,1.0000000000e+00
g7488_g13122_B,2,0,6,3.1250000000e-02,2.7202384333e-01,9.5820045528e-01,1.0000000000e+00,1.0000000000e+00,1.0000000000e+00
g6519_g21741_B,2,0,14,1.2207031250e-04,1.2200327910e-03,1.2133563764e-02,1.1492046122e-01,7.0499932570e-01,9.9999500851e-01
g6184_g25605_B,4,0,13,3.6621093750e-04,3.6560802945e-03,3.5965118512e-02,3.0668997208e-01,9.7433892665e-01,1.0000000000e+00
g337_g5807_A,100,0,62,1.2932287066e-07,1.2932279540e-06,1.2932204281e-05,1.2931451718e-04,1.2923929303e-03,1.2849025180e-02
g7085_g10169_A,100,0,100,7.6106801974e-09,7.6106799367e-08,7.6106773302e-07,7.6106512652e-06,7.6103906214e-05,7.6077848383e-04
g4587_g10272_B,100,0,84,2.2886210216e-07,2.2886186646e-06,2.2885950947e-05,2.2883594141e-04,2.2860043865e-03,2.2626309972e-02
g6783_g10309_A,100,0,100,3.6514826718e-09,3.6514826118e-08,3.6514820118e-07,3.6514760118e-06,3.6514160126e-05,3.6508160933e-04
g7488_g10540_A,100,0,57,4.3903805876e-03,4.3046488568e-02,3.5596658080e-01,9.8772323234e-01,1.0000000000e+00,1.0000000000e+00
g5391_g10764_B,100,0,53,5.2490065627e-09,5.2490064388e-08,5.2490051989e-07,5.2489928005e-06,5.2488688186e-05,5.2476292140e-04
g7607_g15902_A,1,0,13,1.2207031250e-04,1.2200327910e-03,1.2133563764e-02,1.1492046122e-01,7.0499932570e-01,9.9999500851e-01
g14837_II24619_B,100,0,56,1.9790957140e-07,1.9790939514e-06,1.9790763258e-05,1.9789000817e-04,1.9771387908e-03,1.9596403661e-02
g14863_II24738_A,100,0,56,3.4238973967e-07,3.4238921213e-06,3.4238393682e-05,3.4233118959e-04,3.4180431282e-03,3.3659458856e-02
g1332_g19774_A,1,0,5,3.1250000000e-02,2.7202384333e-01,9.5820045528e-01,1.0000000000e+00,1.0000000000e+00,1.0000000000e+00
g18436_II26285_B,100,0,68,1.2371454256e-06,1.2371385382e-05,1.2370696675e-04,1.2363812410e-03,1.2295249982e-02,1.1636802339e-01
g2760_g19930_A,1,0,5,3.1250000000e-02,2.7202384333e-01,9.5820045528e-01,1.0000000000e+00,1.0000000000e+00,1.0000000000e+00
g18656_II26525_A,100,0,46,6.1555277853e-07,6.1555107346e-06,6.1553402310e-05,6.1536355412e-04,6.1366232200e-03,5.9699051330e-02
g18720_II26558_C,100,0,56,6.9861926022e-08,6.9861904059e-07,6.9861684428e-06,6.9859488175e-05,6.9837530699e-04,6.9618461309e-03
g18772_II26651_B,100,0,46,1.1292831914e-07,1.1292826175e-06,1.1292768788e-05,1.1292194935e-04,1.1286458548e-03,1.1229307868e-02
g14936_II26654_A,100,0,55,1.6168080919e-07,1.6168069155e-06,1.6167951523e-05,1.6166775262e-04,1.6155018923e-03,1.6038080354e-02
g13724_II26667_C,100,0,56,1.6321884289e-07,1.6321872300e-06,1.6321752419e-05,1.6320553673e-04,1.6308572667e-03,1.6189405400e-02
g16266_II26726_C,100,0,56,1.8711170924e-07,1.8711155169e-06,1.8710997621e-05,1.8709422244e-04,1.8693678188e-03,1.8537205416e-02
g9174_g15540_B,3,0,18,2.6702880859e-05,2.6699672391e-04,2.6667615957e-03,2.6349858386e-02,2.3435171594e-01,9.3077019069e-01
g6301_g26973_A,2,0,14,1.8310546875e-04,1.8295466814e-03,1.8145573491e-02,1.6733363113e-01,8.3978239332e-01,9.9999998885e-01
g18147_II26538_C,100,0,98,6.1181873179e-09,6.1181871494e-08,6.1181854650e-07,6.1181686205e-06,6.1180001793e-05,6.1163161074e-04
g7928_g13024_C,3,0,16,5.6457519531e-04,5.6314299947e-03,5.4908435744e-02,4.3148900630e-01,9.9647313632e-01,1.0000000000e+00
g8183_g13374_A,3,0,16,5.6457519531e-04,5.6314299947e-03,5.4908435744e-02,4.3148900630e-01,9.9647313632e-01,1.0000000000e+00
g7880_g13404_D,1,0,11,4.8828125000e-04,4.8720976218e-03,4.7666556569e-02,3.8639292465e-01,9.9243335102e-01,1.0000000000e+00
g15188_II22946_A,100,0,100,1.9539117757e-09,1.9539117585e-08,1.9539115867e-07,1.9539098687e-06,1.9538926888e-05,1.9537209014e-04
g13918_II24278_B,100,0,52,1.5196276282e-07,1.5196265890e-06,1.5196161974e-05,1.5195122861e-04,1.5184736941e-03,1.5081396669e-02
g13978_II24380_B,100,0,52,1.4226402056e-07,1.4226392949e-06,1.4226301874e-05,1.4225391164e-04,1.4216288338e-03,1.4125685976e-02
g14374_II24696_A,100,0,52,4.0076491903e-08,4.0076484675e-07,4.0076412400e-06,4.0075689654e-05,4.0068463152e-04,3.9996293615e-03
g17993_II25811_A,100,0,51,1.5759906091e-07,1.5759894914e-06,1.5759783146e-05,1.5758665525e-04,1.5747495121e-03,1.5636369825e-02
g15151_II36779_B,100,0,34,5.5352225900e-05,5.5338440524e-04,5.5200838251e-03,5.3849619419e-02,4.2508758924e-01,9.9605527403e-01
g6980_g10705_B,30,0,9,1.2500000000e-01,7.3692442384e-01,9.9999841217e-01,1.0000000000e+00,1.0000000000e+00,1.0000000000e+00
g6980_g10723_B,30,0,9,1.2500000000e-01,7.3692442384e-01,9.9999841217e-01,1.0000000000e+00,1.0000000000e+00,1.0000000000e+00
g7426_g10763_B,30,0,9,1.2500000000e-01,7.3692442384e-01,9.9999841217e-01,1.0000000000e+00,1.0000000000e+00,1.0000000000e+00
g9534_g11662_A,10,0,6,2.1875000000e-01,9.1529670527e-01,9.9999999998e-01,1.0000000000e+00,1.0000000000e+00,1.0000000000e+00
g3366_g11691_B,2,0,6,3.1250000000e-02,2.7202384333e-01,9.5820045528e-01,1.0000000000e+00,1.0000000000e+00,1.0000000000e+00
g6912_g13059_B,2,0,6,3.1250000000e-02,2.7202384333e-01,9.5820045528e-01,1.0000000000e+00,1.0000000000e+00,1.0000000000e+00
g9822_g13093_A,10,0,6,2.1875000000e-01,9.1529670527e-01,9.9999999998e-01,1.0000000000e+00,1.0000000000e+00,1.0000000000e+00
g9534_g11707_A,10,0,6,2.1875000000e-01,9.1529670527e-01,9.9999999998e-01,1.0000000000e+00,1.0000000000e+00,1.0000000000e+00
g9676_g13104_A,100,0,53,1.7712402412e-01,8.5765447075e-01,9.9999999658e-01,1.0000000000e+00,1.0000000000e+00,1.0000000000e+00
g9822_g13129_A,100,0,53,1.9738769575e-01,8.8906767050e-01,9.9999999972e-01,1.0000000000e+00,1.0000000000e+00,1.0000000000e+00
g9534_g11716_A,10,0,6,2.1875000000e-01,9.1529670527e-01,9.9999999998e-01,1.0000000000e+00,1.0000000000e+00,1.0000000000e+00
g3678_g11730_B,2,0,6,3.1250000000e-02,2.7202384333e-01,9.5820045528e-01,1.0000000000e+00,1.0000000000e+00,1.0000000000e+00
g6314_g15664_B,2,0,4,1.2500000000e-01,7.3692442384e-01,9.9999841217e-01,1.0000000000e+00,1.0000000000e+00,1.0000000000e+00
g3566_g13525_B,2,0,4,1.2500000000e-01,7.3692442384e-01,9.9999841217e-01,1.0000000000e+00,1.0000000000e+00,1.0000000000e+00
g7085_g15901_B,20,0,7,1.2500000000e-01,7.3692442384e-01,9.9999841217e-01,1.0000000000e+00,1.0000000000e+00,1.0000000000e+00
g3566_g13561_B,2,0,4,1.2500000000e-01,7.3692442384e-01,9.9999841217e-01,1.0000000000e+00,1.0000000000e+00,1.0000000000e+00
g4671_g17219_A,100,0,109,7.5240627193e-03,7.2743555654e-02,5.3010740272e-01,9.9947520942e-01,1.0000000000e+00,1.0000000000e+00
g6568_g18201_B,4,0,7,2.3437500000e-02,2.1113909478e-01,9.0667363815e-01,9.9999999995e-01,1.0000000000e+00,1.0000000000e+00
g1186_g24627_A,100,0,53,1.0162364226e-02,9.7100056034e-02,6.3992227112e-01,9.9996335940e-01,1.0000000000e+00,1.0000000000e+00
g6945_g25023_B,100,0,31,8.2493224181e-03,7.9497317094e-02,5.6323222696e-01,9.9974735782e-01,1.0000000000e+00,1.0000000000e+00
g6751_g25064_B,100,0,29,1.8626451492e-07,1.8626435880e-06,1.8626279756e-05,1.8624718611e-04,1.8609116755e-03,1.8454052909e-02
g3338_g24463_B,100,0,29,4.8846378922e-04,4.8739150065e-03,4.7683948725e-02,3.8650497650e-01,9.9244715726e-01,1.0000000000e+00
g3650_g24466_B,100,0,28,1.8474861979e-02,1.7012196730e-01,8.4506744339e-01,9.9999999203e-01,1.0000000000e+00,1.0000000000e+00
g7391_g25063_B,100,0,28,1.3603519648e-02,1.2800270151e-01,7.4581413596e-01,9.9999887406e-01,1.0000000000e+00,1.0000000000e+00
g3806_g24472_B,100,0,28,1.3686485589e-02,1.2873586207e-01,7.4794321979e-01,9.9999896490e-01,1.0000000000e+00,1.0000000000e+00
g3306_g26772_B,100,0,31,2.6787668467e-02,2.3778756064e-01,9.3381488587e-01,1.0000000000e+00,1.0000000000e+00,1.0000000000e+00
g219_g8327_B,100,0,108,3.6987452994e-02,3.1400736116e-01,9.7692219207e-01,1.0000000000e+00,1.0000000000e+00,1.0000000000e+00
g240_g8387_B,100,0,108,4.0513628508e-02,3.3871586417e-01,9.8400880050e-01,1.0000000000e+00,1.0000000000e+00,1.0000000000e+00
g411_g9764_B,100,0,34,7.3686444375e-02,5.3486374121e-01,9.9952597423e-01,1.0000000000e+00,1.0000000000e+00,1.0000000000e+00
g6448_g10194_A,4,0,6,1.4062500000e-01,7.8030146796e-01,9.9999973802e-01,1.0000000000e+00,1.0000000000e+00,1.0000000000e+00
g7488_g10270_A,100,0,85,5.3638039443e-07,5.3637909977e-06,5.3636615334e-05,5.3623671196e-04,5.3494458641e-03,5.2224912008e-02
g3366_g10288_A,100,0,58,1.8378843847e-04,1.8363651109e-03,1.8212641188e-02,1.6790222716e-01,8.4087310231e-01,9.9999998959e-01
g4644_g10296_B,4,0,6,1.4062500000e-01,7.8030146796e-01,9.9999973802e-01,1.0000000000e+00,1.0000000000e+00,1.0000000000e+00
g4693_g10319_B,100,0,82,2.2025824919e-07,2.2025803087e-06,2.2025584777e-05,2.2023401837e-04,2.2001588290e-03,2.1785029970e-02
g4760_g10369_B,100,0,70,8.0482016660e-05,8.0452874818e-04,8.0162228904e-03,7.7331492241e-02,5.5284614775e-01,9.9968042723e-01
g3494_g10376_A,4,0,6,1.4062500000e-01,7.8030146796e-01,9.9999973802e-01,1.0000000000e+00,1.0000000000e+00,1.0000000000e+00
g1276_g10379_B,100,0,59,1.1147718309e-01,6.9331972224e-01,9.9999264033e-01,1.0000000000e+00,1.0000000000e+00,1.0000000000e+00
g4821_g10389_B,4,0,6,1.4062500000e-01,7.8030146796e-01,9.9999973802e-01,1.0000000000e+00,1.0000000000e+00,1.0000000000e+00
g4888_g10430_B,4,0,6,1.4062500000e-01,7.8030146796e-01,9.9999973802e-01,1.0000000000e+00,1.0000000000e+00,1.0000000000e+00
g6643_g10494_A,100,0,58,1.0552809085e-01,6.7215613489e-01,9.9998565599e-01,1.0000000000e+00,1.0000000000e+00,1.0000000000e+00
g3462_g10498_A,4,0,6,1.4062500000e-01,7.8030146796e-01,9.9999973802e-01,1.0000000000e+00,1.0000000000e+00,1.0000000000e+00
g5044_g10499_B,100,0,27,1.4235056937e-02,1.3356957955e-01,7.6158316410e-01,9.9999940657e-01,1.0000000000e+00,1.0000000000e+00
g6945_g10507_A,4,0,6,1.4062500000e-01,7.8030146796e-01,9.9999973802e-01,1.0000000000e+00,1.0000000000e+00,1.0000000000e+00
g7195_g10518_A,4,0,6,1.4062500000e-01,7.8030146796e-01,9.9999973802e-01,1.0000000000e+00,1.0000000000e+00,1.0000000000e+00
g3678_g10525_A,100,0,58,4.3880439712e-03,4.3024029395e-02,3.5581541373e-01,9.8769438594e-01,1.0000000000e+00,1.0000000000e+00
g7358_g10526_A,42,0,36,2.1969953814e-03,2.1754015974e-02,1.9743403794e-01,8.8913170530e-01,9.9999999972e-01,1.0000000000e+00
g6643_g10557_A,100,0,59,1.0623451257e-01,6.7473614527e-01,9.9998674566e-01,1.0000000000e+00,1.0000000000e+00,1.0000000000e+00
g3366_g10558_A,100,0,71,4.6366517442e-07,4.6366420699e-06,4.6365453281e-05,4.6355780578e-04,4.6259201388e-03,4.5308023469e-02
g6713_g10559_A,76,0,25,9.2773437500e-03,8.8994608334e-02,6.0626005802e-01,9.9991044399e-01,1.0000000000e+00,1.0000000000e+00
g1294_g10568_B,100,0,50,1.3959384256e-01,7.7765104264e-01,9.9999970464e-01,1.0000000000e+00,1.0000000000e+00,1.0000000000e+00
g7195_g10581_A,4,0,6,1.4062500000e-01,7.8030146796e-01,9.9999973802e-01,1.0000000000e+00,1.0000000000e+00,1.0000000000e+00
g7391_g10592_A,4,0,6,1.4062500000e-01,7.8030146796e-01,9.9999973802e-01,1.0000000000e+00,1.0000000000e+00,1.0000000000e+00
g5224_g10598_B,100,0,70,2.3250281608e-05,2.3247849169e-04,2.3223543428e-03,2.2982340527e-02,2.0745462472e-01,9.0222195247e-01
g2679_g10641_B,100,0,60,1.4061167827e-01,7.8026740869e-01,9.9999973761e-01,1.0000000000e+00,1.0000000000e+00,1.0000000000e+00
g5286_g10644_B,100,0,84,1.7716781220e-07,1.7716767095e-06,1.7716625848e-05,1.7715213460e-04,1.7701097834e-03,1.7560763339e-02
g7391_g10691_A,100,0,61,1.0652842743e-01,6.7580419427e-01,9.9998717451e-01,1.0000000000e+00,1.0000000000e+00,1.0000000000e+00
g8643_g11805_B,1,0,3,1.2500000000e-01,7.3692442384e-01,9.9999841217e-01,1.0000000000e+00,1.0000000000e+00,1.0000000000e+00
g7916_g12128_A,1,0,2,2.5000000000e-01,9.4368648529e-01,1.0000000000e+00,1.0000000000e+00,1.0000000000e+00,1.0000000000e+00
g8882_g12331_B,1,0,3,1.2500000000e-01,7.3692442384e-01,9.9999841217e-01,1.0000000000e+00,1.0000000000e+00,1.0000000000e+00
g6418_g13671_A,1,0,2,2.5000000000e-01,9.4368648529e-01,1.0000000000e+00,1.0000000000e+00,1.0000000000e+00,1.0000000000e+00
g7632_g13933_A,1,0,2,2.5000000000e-01,9.4368648529e-01,1.0000000000e+00,1.0000000000e+00,1.0000000000e+00,1.0000000000e+00
g7739_g14213_A,1,0,2,2.5000000000e-01,9.4368648529e-01,1.0000000000e+00,1.0000000000e+00,1.0000000000e+00,1.0000000000e+00
g7760_g14327_A,1,0,2,2.5000000000e-01,9.4368648529e-01,1.0000000000e+00,1.0000000000e+00,1.0000000000e+00,1.0000000000e+00
g7964_g15320_A,1,0,2,2.5000000000e-01,9.4368648529e-01,1.0000000000e+00,1.0000000000e+00,1.0000000000e+00,1.0000000000e+00
g4492_g15336_A,2,0,3,3.7500000000e-01,9.9090505298e-01,1.0000000000e+00,1.0000000000e+00,1.0000000000e+00,1.0000000000e+00
g4763_g15470_A,2,0,3,3.7500000000e-01,9.9090505298e-01,1.0000000000e+00,1.0000000000e+00,1.0000000000e+00,1.0000000000e+00
g4800_g15487_A,2,0,3,3.7500000000e-01,9.9090505298e-01,1.0000000000e+00,1.0000000000e+00,1.0000000000e+00,1.0000000000e+00
g5618_g16046_A,1,0,2,2.5000000000e-01,9.4368648529e-01,1.0000000000e+00,1.0000000000e+00,1.0000000000e+00,1.0000000000e+00
g4049_g17408_A,4,0,5,4.6875000000e-01,9.9820943772e-01,1.0000000000e+00,1.0000000000e+00,1.0000000000e+00,1.0000000000e+00
g4254_g17527_A,4,0,5,4.6875000000e-01,9.9820943772e-01,1.0000000000e+00,1.0000000000e+00,1.0000000000e+00,1.0000000000e+00
g4480_g17652_A,4,0,5,4.6875000000e-01,9.9820943772e-01,1.0000000000e+00,1.0000000000e+00,1.0000000000e+00,1.0000000000e+00
g4905_g17902_A,4,0,5,4.6875000000e-01,9.9820943772e-01,1.0000000000e+00,1.0000000000e+00,1.0000000000e+00,1.0000000000e+00
g5012_g17966_A,4,0,5,4.6875000000e-01,9.9820943772e-01,1.0000000000e+00,1.0000000000e+00,1.0000000000e+00,1.0000000000e+00
g5126_g18059_A,4,0,5,4.6875000000e-01,9.9820943772e-01,1.0000000000e+00,1.0000000000e+00,1.0000000000e+00,1.0000000000e+00
g4211_g19694_A,2,0,3,3.7500000000e-01,9.9090505298e-01,1.0000000000e+00,1.0000000000e+00,1.0000000000e+00,1.0000000000e+00
g4266_g19711_A,2,0,3,3.7500000000e-01,9.9090505298e-01,1.0000000000e+00,1.0000000000e+00,1.0000000000e+00,1.0000000000e+00
g6131_g19726_B,1,0,4,6.2500000000e-02,4.7553952495e-01,9.9842555447e-01,1.0000000000e+00,1.0000000000e+00,1.0000000000e+00
g2033_g19784_A,1,0,5,3.1250000000e-02,2.7202384333e-01,9.5820045528e-01,1.0000000000e+00,1.0000000000e+00,1.0000000000e+00
g2040_g19786_A,1,0,5,3.1250000000e-02,2.7202384333e-01,9.5820045528e-01,1.0000000000e+00,1.0000000000e+00,1.0000000000e+00
g4705_g19821_A,2,0,3,3.7500000000e-01,9.9090505298e-01,1.0000000000e+00,1.0000000000e+00,1.0000000000e+00,1.0000000000e+00
g9356_g21290_A,1,0,3,1.2500000000e-01,7.3692442384e-01,9.9999841217e-01,1.0000000000e+00,1.0000000000e+00,1.0000000000e+00
g9453_g21292_A,1,0,3,1.2500000000e-01,7.3692442384e-01,9.9999841217e-01,1.0000000000e+00,1.0000000000e+00,1.0000000000e+00
g9595_g21303_A,1,0,3,1.2500000000e-01,7.3692442384e-01,9.9999841217e-01,1.0000000000e+00,1.0000000000e+00,1.0000000000e+00
g9187_g21306_A,1,0,3,1.2500000000e-01,7.3692442384e-01,9.9999841217e-01,1.0000000000e+00,1.0000000000e+00,1.0000000000e+00
g9374_g21308_A,1,0,3,1.2500000000e-01,7.3692442384e-01,9.9999841217e-01,1.0000000000e+00,1.0000000000e+00,1.0000000000e+00
g9248_g21335_A,1,0,3,1.2500000000e-01,7.3692442384e-01,9.9999841217e-01,1.0000000000e+00,1.0000000000e+00,1.0000000000e+00
g9471_g21337_A,1,0,3,1.2500000000e-01,7.3692442384e-01,9.9999841217e-01,1.0000000000e+00,1.0000000000e+00,1.0000000000e+00
g9407_g21374_A,1,0,3,1.2500000000e-01,7.3692442384e-01,9.9999841217e-01,1.0000000000e+00,1.0000000000e+00,1.0000000000e+00
g9216_g21394_A,1,0,3,1.2500000000e-01,7.3692442384e-01,9.9999841217e-01,1.0000000000e+00,1.0000000000e+00,1.0000000000e+00
g9649_g21411_A,1,0,3,1.2500000000e-01,7.3692442384e-01,9.9999841217e-01,1.0000000000e+00,1.0000000000e+00,1.0000000000e+00
g6632_g21494_A,2,0,8,1.1718750000e-02,1.1119690418e-01,6.9235094430e-01,9.9999240451e-01,1.0000000000e+00,1.0000000000e+00
g6153_g22665_B,4,0,7,1.8750000000e-01,8.7461843207e-01,9.9999999904e-01,1.0000000000e+00,1.0000000000e+00,1.0000000000e+00
g8062_g23547_A,12,0,13,4.9987792969e-01,9.9902105069e-01,1.0000000000e+00,1.0000000000e+00,1.0000000000e+00,1.0000000000e+00
g8203_g23559_A,12,0,13,4.9987792969e-01,9.9902105069e-01,1.0000000000e+00,1.0000000000e+00,1.0000000000e+00,1.0000000000e+00
g4041_g23599_A,12,0,13,4.9987792969e-01,9.9902105069e-01,1.0000000000e+00,1.0000000000e+00,1.0000000000e+00,1.0000000000e+00
g4246_g23664_A,12,0,13,4.9987792969e-01,9.9902105069e-01,1.0000000000e+00,1.0000000000e+00,1.0000000000e+00,1.0000000000e+00
g4275_g23671_A,12,0,13,4.9987792969e-01,9.9902105069e-01,1.0000000000e+00,1.0000000000e+00,1.0000000000e+00,1.0000000000e+00
g2903_g23972_A,5,0,7,2.4218750000e-01,9.3753774684e-01,1.0000000000e+00,1.0000000000e+00,1.0000000000e+00,1.0000000000e+00
g6707_g25505_A,2,0,11,1.4648437500e-03,1.4552254196e-02,1.3635352663e-01,7.6913396748e-01,9.9999956987e-01,1.0000000000e+00
g4512_g26269_A,28,0,18,2.8789520264e-01,9.6646957056e-01,1.0000000000e+00,1.0000000000e+00,1.0000000000e+00,1.0000000000e+00
g4717_g26316_A,28,0,18,2.8789520264e-01,9.6646957056e-01,1.0000000000e+00,1.0000000000e+00,1.0000000000e+00,1.0000000000e+00
g4772_g26333_A,28,0,18,2.8789520264e-01,9.6646957056e-01,1.0000000000e+00,1.0000000000e+00,1.0000000000e+00,1.0000000000e+00
g4783_g26340_A,18,0,19,3.8670349121e-01,9.9247156119e-01,1.0000000000e+00,1.0000000000e+00,1.0000000000e+00,1.0000000000e+00
g4824_g26344_A,28,0,18,2.8789520264e-01,9.6646957056e-01,1.0000000000e+00,1.0000000000e+00,1.0000000000e+00,1.0000000000e+00
g4922_g26372_A,18,0,19,3.8670349121e-01,9.9247156119e-01,1.0000000000e+00,1.0000000000e+00,1.0000000000e+00,1.0000000000e+00
g5078_g26414_A,18,0,19,3.8670349121e-01,9.9247156119e-01,1.0000000000e+00,1.0000000000e+00,1.0000000000e+00,1.0000000000e+00
g5301_g26488_A,18,0,19,3.8670349121e-01,9.9247156119e-01,1.0000000000e+00,1.0000000000e+00,1.0000000000e+00,1.0000000000e+00
g6068_g26154_A,100,0,50,4.5015360420e-03,4.4114348651e-02,3.6311733927e-01,9.8902020446e-01,1.0000000000e+00,1.0000000000e+00
g6068_g26145_A,74,0,16,7.6599121094e-03,7.4011996083e-02,5.3649587370e-01,9.9954234728e-01,1.0000000000e+00,1.0000000000e+00
g8305_g26148_A,100,0,82,2.5636857954e-03,2.5343109066e-02,2.2639801315e-01,9.2323278863e-01,9.9999999999e-01,1.0000000000e+00
g9058_g30227_B,100,0,79,1.9464175435e-01,8.8521342553e-01,9.9999999960e-01,1.0000000000e+00,1.0000000000e+00,1.0000000000e+00
g8354_g30337_B,100,0,74,7.2337767265e-05,7.2314224421e-04,7.2079357017e-03,6.9785787901e-02,5.1490175312e-01,9.9927839913e-01
g3554_g12926_B,21,0,10,2.5292968750e-01,9.4584796458e-01,1.0000000000e+00,1.0000000000e+00,1.0000000000e+00,1.0000000000e+00
g4632_g23954_A,100,0,27,1.1740826070e-01,7.1318716448e-01,9.9999623308e-01,1.0000000000e+00,1.0000000000e+00,1.0000000000e+00
g7880_g13332_D,11,0,24,1.5373229980e-03,1.5267313510e-02,1.4259988368e-01,7.8529835055e-01,9.9999979186e-01,1.0000000000e+00
g14177_II23894_A,100,0,100,6.8495973576e-09,6.8495971465e-08,6.8495950352e-07,6.8495739226e-06,6.8493628015e-05,6.8472520674e-04
g15978_II24613_A,100,0,10,1.4941406250e-01,8.0176424752e-01,9.9999990628e-01,1.0000000000e+00,1.0000000000e+00,1.0000000000e+00
g15296_II24709_B,100,0,100,6.7867364246e-08,6.7867343519e-07,6.7867136250e-06,6.7865063611e-05,6.7844341861e-04,6.7637587687e-03
g14497_II24717_A,100,0,100,3.5811242223e-07,3.5811184513e-06,3.5810607421e-05,3.5804837173e-04,3.5747202834e-03,3.5177612161e-02
g18174_II25539_B,100,0,52,8.7879016064e-08,8.7878981312e-07,8.7878633790e-06,8.7875158678e-05,8.7840417623e-04,8.7494012446e-03
g18286_II25571_B,100,0,52,9.3763446785e-08,9.3763407222e-07,9.3763011603e-06,9.3759055525e-05,9.3719506992e-04,9.3325242609e-03
g780_II25578_A,100,0,55,7.0252212936e-09,7.0252210715e-08,7.0252188506e-07,7.0251966415e-06,7.0249745554e-05,7.0227542093e-04
g18436_II25773_A,100,0,51,1.1036718206e-07,1.1036712725e-06,1.1036657911e-05,1.1036109792e-04,1.1030630597e-03,1.0976037679e-02
g17914_II25880_B,100,0,53,2.5844678930e-07,2.5844648873e-06,2.5844348299e-05,2.5841342820e-04,2.5811313643e-03,2.5513567124e-02
g13519_II28728_A,7,0,10,5.9570312500e-02,4.5891772814e-01,9.9784903646e-01,1.0000000000e+00,1.0000000000e+00,1.0000000000e+00
g13552_II28767_A,7,0,10,5.9570312500e-02,4.5891772814e-01,9.9784903646e-01,1.0000000000e+00,1.0000000000e+00,1.0000000000e+00
g22881_II30868_A,59,0,21,2.8840970993e-01,9.6671104720e-01,1.0000000000e+00,1.0000000000e+00,1.0000000000e+00,1.0000000000e+00
g23997_II32335_A,100,0,53,2.4542030005e-03,2.4272756185e-02,2.1786033083e-01,9.1432716599e-01,9.9999999998e-01,1.0000000000e+00
g18247_II32379_A,100,0,51,2.4107251520e-03,2.3847403858e-02,2.1444402450e-01,9.1051064760e-01,9.9999999997e-01,1.0000000000e+00
g18155_II32498_A,100,0,48,2.7811279597e-03,2.7465788136e-02,2.4308192007e-01,9.3827106414e-01,1.0000000000e+00,1.0000000000e+00
g24089_II32575_B,100,0,48,5.2241582544e-03,5.1030403997e-02,4.0772557050e-01,9.9468834535e-01,1.0000000000e+00,1.0000000000e+00
g17815_II32586_A,100,0,48,2.7812857043e-03,2.7467326534e-02,2.4309389325e-01,9.3828082793e-01,1.0000000000e+00,1.0000000000e+00
g18155_II32687_A,100,0,48,3.7766679723e-03,3.7131256344e-02,3.1503104229e-01,9.7726427015e-01,1.0000000000e+00,1.0000000000e+00
g26867_II35702_A,100,0,48,4.6875173300e-01,9.9820949613e-01,1.0000000000e+00,1.0000000000e+00,1.0000000000e+00,1.0000000000e+00
g15074_II35992_B,100,0,30,6.8112209439e-02,5.0610319451e-01,9.9913630149e-01,1.0000000000e+00,1.0000000000e+00,1.0000000000e+00
g27527_II36257_A,100,0,45,2.9281744724e-02,2.5709724278e-01,9.4879413558e-01,1.0000000000e+00,1.0000000000e+00,1.0000000000e+00
g27549_II36271_A,100,0,40,2.9099324061e-02,2.5569997355e-01,9.4782285112e-01,1.0000000000e+00,1.0000000000e+00,1.0000000000e+00
g27865_II37323_A,100,0,48,3.2884895518e-07,3.2884846854e-06,3.2884360222e-05,3.2879494434e-04,3.2830889311e-03,3.2350071208e-02
g27855_II37324_A,100,0,48,4.9714662964e-07,4.9714551745e-06,4.9713439568e-05,4.9702319625e-04,4.9591302408e-03,4.8499127546e-02
g28391_II37813_B,100,0,48,1.1299420066e-06,1.1299362612e-05,1.1298788089e-04,1.1293045002e-03,1.1235827700e-02,1.0684421720e-01
g28842_II38380_A,100,0,48,3.3054217965e-05,3.3049301783e-04,3.3000193540e-03,3.2514425501e-02,2.8146987210e-01,9.6331826849e-01
g6104_g29718_A,100,0,59,3.5656897603e-03,3.5090167509e-02,3.0037177937e-01,9.7190214343e-01,1.0000000000e+00,1.0000000000e+00
g29913_II39541_A,100,0,48,4.6875126521e-01,9.9820948037e-01,1.0000000000e+00,1.0000000000e+00,1.0000000000e+00,1.0000000000e+00
g30034_II39689_B,100,0,48,6.6483382000e-06,6.6481393017e-05,6.6461507552e-04,6.6263088487e-03,6.4321741956e-02,4.8564213996e-01
g30035_II39689_A,100,0,48,8.8811993919e-06,8.8808444597e-05,8.8772961771e-04,8.8419171230e-03,8.4982774591e-02,5.8857308584e-01
g6119_g30594_A,100,0,63,3.0512675961e-03,3.0097106259e-02,2.6331377256e-01,9.5292118675e-01,1.0000000000e+00,1.0000000000e+00
g6980_g13037_B,2,0,6,3.1250000000e-02,2.7202384333e-01,9.5820045528e-01,1.0000000000e+00,1.0000000000e+00,1.0000000000e+00
g3522_g11698_B,2,0,6,3.1250000000e-02,2.7202384333e-01,9.5820045528e-01,1.0000000000e+00,1.0000000000e+00,1.0000000000e+00
g7488_g13132_B,2,0,6,3.1250000000e-02,2.7202384333e-01,9.5820045528e-01,1.0000000000e+00,1.0000000000e+00,1.0000000000e+00
g3834_g11728_B,2,0,6,3.1250000000e-02,2.7202384333e-01,9.5820045528e-01,1.0000000000e+00,1.0000000000e+00,1.0000000000e+00
g2912_g16439_B,3,0,10,9.7656250000e-04,9.7228212237e-03,9.3082656509e-02,6.2357620194e-01,9.9994288230e-01,1.0000000000e+00
g6314_g21659_B,5,0,17,1.2207031250e-04,1.2200327910e-03,1.2133563764e-02,1.1492046122e-01,7.0499932570e-01,9.9999500851e-01
g6369_g21721_B,5,0,17,1.2207031250e-04,1.2200327910e-03,1.2133563764e-02,1.1492046122e-01,7.0499932570e-01,9.9999500851e-01
g6314_g21686_B,2,0,14,1.2207031250e-04,1.2200327910e-03,1.2133563764e-02,1.1492046122e-01,7.0499932570e-01,9.9999500851e-01
g7259_g24009_B,4,0,11,1.4648437500e-03,1.4552254196e-02,1.3635352663e-01,7.6913396748e-01,9.9999956987e-01,1.0000000000e+00
g337_g5709_A,100,0,62,8.7452832552e-08,8.7452798136e-07,8.7452453977e-06,8.7449012488e-05,8.7414607528e-04,8.7071548746e-03
g6838_g10255_A,100,0,100,1.7172055777e-08,1.7172054450e-07,1.7172041181e-06,1.7171908486e-05,1.7170581612e-04,1.7157320385e-03
g4629_g10294_B,100,0,100,1.0094667619e-09,1.0094667573e-08,1.0094667115e-07,1.0094662529e-06,1.0094616673e-05,1.0094158130e-04
g4677_g10309_B,100,0,89,1.4486960243e-10,1.4486960233e-09,1.4486960139e-08,1.4486959194e-07,1.4486949750e-06,1.4486855308e-05
g4754_g10367_B,100,0,69,8.4243328007e-05,8.4211398958e-04,8.3892994344e-03,8.0795702020e-02,5.6935395464e-01,9.9978061616e-01
g4806_g10387_B,100,0,97,2.0793428145e-10,2.0793428125e-09,2.0793427931e-08,2.0793425985e-07,2.0793406529e-06,2.0793211965e-05
g4833_g10396_B,100,0,82,1.5314410270e-07,1.5314399717e-06,1.5314294178e-05,1.5313238847e-04,1.5302690867e-03,1.5197742177e-02
g6980_g10680_A,100,0,43,6.5254960191e-07,6.5254768572e-06,6.5252852422e-05,6.5233695049e-04,6.5042533213e-03,6.3171441014e-02
g3774_g10682_A,76,0,25,9.2773437500e-03,8.8994608334e-02,6.0626005802e-01,9.9991044399e-01,1.0000000000e+00,1.0000000000e+00
g7462_g10693_A,1,0,11,4.8828125000e-04,4.8720976218e-03,4.7666556569e-02,3.8639292465e-01,9.9243335102e-01,1.0000000000e+00
g5369_g10724_B,100,0,54,4.3017820417e-09,4.3017819584e-08,4.3017811257e-07,4.3017727983e-06,4.3016895256e-05,4.3008569172e-04
g7426_g10729_A,100,0,43,6.7364521783e-07,6.7364317574e-06,6.7362275533e-05,6.7341859658e-04,6.7138154022e-03,6.5145656772e-02
g14776_II24619_A,100,0,56,2.9343408414e-07,2.9343369668e-06,2.9342982206e-05,2.9339107961e-04,2.9300403005e-03,2.8917075029e-02
g16266_II24738_C,100,0,56,6.7520248237e-07,6.7520043083e-06,6.7517991590e-05,6.7497481226e-04,6.7292833857e-03,6.5291227087e-02
g1319_g19635_A,1,0,5,3.1250000000e-02,2.7202384333e-01,9.5820045528e-01,1.0000000000e+00,1.0000000000e+00,1.0000000000e+00
g2707_g19723_A,1,0,5,3.1250000000e-02,2.7202384333e-01,9.5820045528e-01,1.0000000000e+00,1.0000000000e+00,1.0000000000e+00
g1339_g19741_A,1,0,5,3.1250000000e-02,2.7202384333e-01,9.5820045528e-01,1.0000000000e+00,1.0000000000e+00,1.0000000000e+00
g1346_g19743_A,1,0,5,3.1250000000e-02,2.7202384333e-01,9.5820045528e-01,1.0000000000e+00,1.0000000000e+00,1.0000000000e+00
g1352_g19809_A,1,0,5,3.1250000000e-02,2.7202384333e-01,9.5820045528e-01,1.0000000000e+00,1.0000000000e+00,1.0000000000e+00
g2720_g19827_A,1,0,5,3.1250000000e-02,2.7202384333e-01,9.5820045528e-01,1.0000000000e+00,1.0000000000e+00,1.0000000000e+00
g1352_g19872_A,1,0,5,3.1250000000e-02,2.7202384333e-01,9.5820045528e-01,1.0000000000e+00,1.0000000000e+00,1.0000000000e+00
g13657_II26528_C,100,0,53,1.9910453375e-07,1.9910435536e-06,1.9910257145e-05,1.9908473357e-04,1.9890647194e-03,1.9713551223e-02
g14837_II26528_B,100,0,55,5.5012128541e-07,5.5011992357e-06,5.5010630533e-05,5.4997014768e-04,5.4861103970e-03,5.3526345783e-02
g18692_II26615_B,100,0,56,6.6199572757e-07,6.6199375550e-06,6.6197403524e-05,6.6177687572e-04,6.5980958073e-03,6.4055963793e-02
g18744_II26627_A,100,0,49,6.2625463215e-07,6.2625286728e-06,6.2623521890e-05,6.2605877162e-04,6.2429793987e-03,6.0704809996e-02
g13774_II26654_C,100,0,53,7.1620320341e-08,7.1620297258e-07,7.1620066433e-06,7.1617758232e-05,7.1594681674e-04,7.1364460569e-03
g18815_II26654_B,100,0,54,1.9146693830e-07,1.9146677334e-06,1.9146512367e-05,1.9144862801e-04,1.9128377559e-03,1.8964561958e-02
g18744_II26690_A,100,0,55,1.6299503613e-07,1.6299491658e-06,1.6299372106e-05,1.6298176645e-04,1.6286228463e-03,1.6167386805e-02
g18735_II26726_A,100,0,53,8.7516497160e-08,8.7516462694e-07,8.7516118034e-06,8.7512671533e-05,8.7478216469e-04,8.7134658821e-03
g18265_II28068_B,100,0,67,9.8584940420e-07,9.8584503066e-06,9.8580129675e-05,9.8536409980e-04,9.8100631996e-03,9.3881320792e-02
g17807_II26429_C,100,0,97,5.1629815423e-09,5.1629814223e-08,5.1629802228e-07,5.1629682275e-06,5.1628482760e-05,5.1616489660e-04
g17919_II26461_C,100,0,100,4.7984196616e-09,4.7984195580e-08,4.7984185219e-07,4.7984081607e-06,4.7983045508e-05,4.7972686157e-04
g13885_II22962_B,100,0,98,8.3082101636e-10,8.3082101326e-09,8.3082098220e-08,8.3082067158e-07,8.3081756540e-06,8.3078650449e-05
g13999_II23190_B,100,0,97,1.1658019827e-09,1.1658019766e-08,1.1658019154e-07,1.1658013039e-06,1.1657951880e-05,1.1657340313e-04
g13978_II24382_A,100,0,52,2.0677641821e-08,2.0677639897e-07,2.0677620657e-06,2.0677428254e-05,2.0675504358e-04,2.0656278518e-03
g22881_II30869_A,23,0,21,3.3521652222e-04,3.3471130845e-03,3.2971461915e-02,2.8485697393e-01,9.6501119754e-01,1.0000000000e+00
g7426_g10746_B,30,0,9,1.2500000000e-01,7.3692442384e-01,9.9999841217e-01,1.0000000000e+00,1.0000000000e+00,1.0000000000e+00
g8296_g12523_A,100,0,58,1.2500003461e-01,7.3692452790e-01,9.9999841217e-01,1.0000000000e+00,1.0000000000e+00,1.0000000000e+00
g5556_g12544_B,100,0,58,3.4694469520e-16,3.4694469520e-15,3.4694469520e-14,3.4694469520e-13,3.4694469519e-12,3.4694469519e-11
g3774_g13165_B,100,0,58,3.4694469520e-16,3.4694469520e-15,3.4694469520e-14,3.4694469520e-13,3.4694469519e-12,3.4694469519e-11
g9534_g11672_A,10,0,6,2.1875000000e-01,9.1529670527e-01,9.9999999998e-01,1.0000000000e+00,1.0000000000e+00,1.0000000000e+00
g9534_g13058_A,10,0,6,2.1875000000e-01,9.1529670527e-01,9.9999999998e-01,1.0000000000e+00,1.0000000000e+00,1.0000000000e+00
g3366_g11683_B,2,0,6,3.1250000000e-02,2.7202384333e-01,9.5820045528e-01,1.0000000000e+00,1.0000000000e+00,1.0000000000e+00
g9676_g13114_A,10,0,6,2.1875000000e-01,9.1529670527e-01,9.9999999998e-01,1.0000000000e+00,1.0000000000e+00,1.0000000000e+00
g3678_g11704_B,2,0,6,3.1250000000e-02,2.7202384333e-01,9.5820045528e-01,1.0000000000e+00,1.0000000000e+00,1.0000000000e+00
g9822_g13094_A,10,0,6,2.1875000000e-01,9.1529670527e-01,9.9999999998e-01,1.0000000000e+00,1.0000000000e+00,1.0000000000e+00
g6678_g13123_B,2,0,6,3.1250000000e-02,2.7202384333e-01,9.5820045528e-01,1.0000000000e+00,1.0000000000e+00,1.0000000000e+00
g9534_g11708_A,100,0,53,1.9738769580e-01,8.8906767058e-01,9.9999999972e-01,1.0000000000e+00,1.0000000000e+00,1.0000000000e+00
g2883_g11617_B,6,0,9,1.2304687500e-01,7.3099286430e-01,9.9999801556e-01,1.0000000000e+00,1.0000000000e+00,1.0000000000e+00
g7085_g15812_B,2,0,4,1.2500000000e-01,7.3692442384e-01,9.9999841217e-01,1.0000000000e+00,1.0000000000e+00,1.0000000000e+00
g6314_g15845_B,20,0,7,1.2500000000e-01,7.3692442384e-01,9.9999841217e-01,1.0000000000e+00,1.0000000000e+00,1.0000000000e+00
g3566_g13535_B,2,0,4,1.2500000000e-01,7.3692442384e-01,9.9999841217e-01,1.0000000000e+00,1.0000000000e+00,1.0000000000e+00
g3678_g13621_B,2,0,6,1.4062500000e-01,7.8030146796e-01,9.9999973802e-01,1.0000000000e+00,1.0000000000e+00,1.0000000000e+00
g4495_g17216_A,100,0,109,9.5665977715e-03,9.1650912098e-02,6.1759122934e-01,9.9993312274e-01,1.0000000000e+00,1.0000000000e+00
g5890_g21238_B,10,0,8,1.2109375000e-01,7.2494121011e-01,9.9999752112e-01,1.0000000000e+00,1.0000000000e+00,1.0000000000e+00
g5963_g21255_B,10,0,8,1.2109375000e-01,7.2494121011e-01,9.9999752112e-01,1.0000000000e+00,1.0000000000e+00,1.0000000000e+00
g6232_g21759_B,100,0,21,4.7683715820e-05,4.7673485306e-04,4.7571340964e-03,4.6565788070e-02,3.7926345315e-01,9.9150676464e-01
g1365_g25096_B,4,0,12,7.3242187500e-04,7.3001259567e-03,7.0649220058e-02,5.1938571216e-01,9.9934239247e-01,1.0000000000e+00
g5438_g25028_B,100,0,28,3.7252902985e-07,3.7252840535e-06,3.7252216042e-05,3.7245971889e-04,3.7183607043e-03,3.6567557091e-02
g7391_g25073_B,100,0,29,9.4622001052e-04,9.4220116449e-03,9.0324008279e-02,6.1196819042e-01,9.9992261206e-01,1.0000000000e+00
g6713_g27119_B,100,0,30,2.5298684835e-02,2.2604533803e-01,9.2288209803e-01,9.9999999999e-01,1.0000000000e+00,1.0000000000e+00
g7265_g27125_B,100,0,31,2.7936726809e-02,2.4673923347e-01,9.4118968865e-01,1.0000000000e+00,1.0000000000e+00,1.0000000000e+00
g56_g27571_B,10,0,15,9.4604492188e-04,9.4202756113e-03,9.0308065662e-02,6.1190018016e-01,9.9992247631e-01,1.0000000000e+00
g7265_g27431_B,100,0,95,6.7075345278e-11,6.7075345258e-10,6.7075345055e-09,6.7075343031e-08,6.7075322785e-07,6.7075120326e-06
g909_g8340_B,100,0,115,2.4781613465e-02,2.2192975428e-01,9.1868174001e-01,9.9999999999e-01,1.0000000000e+00,1.0000000000e+00
g249_g8433_B,100,0,115,2.1015088709e-02,1.9135113290e-01,8.8043616832e-01,9.9999999940e-01,1.0000000000e+00,1.0000000000e+00
g246_g8463_B,100,0,114,1.7307658682e-02,1.6020030300e-01,8.2551538639e-01,9.9999997384e-01,1.0000000000e+00,1.0000000000e+00
g942_g8505_B,100,0,111,2.4733268897e-02,2.2154395493e-01,9.1827762964e-01,9.9999999999e-01,1.0000000000e+00,1.0000000000e+00
g882_g8520_B,100,0,114,3.3288129847e-02,2.8719536863e-01,9.6613858299e-01,1.0000000000e+00,1.0000000000e+00,1.0000000000e+00
g6678_g10037_A,100,0,73,3.4527509763e-07,3.4527456117e-06,3.4526919656e-05,3.4521555663e-04,3.4467976801e-03,3.3938242568e-02
g1798_g10065_B,4,0,6,1.4062500000e-01,7.8030146796e-01,9.9999973802e-01,1.0000000000e+00,1.0000000000e+00,1.0000000000e+00
g4468_g10194_B,4,0,6,1.4062500000e-01,7.8030146796e-01,9.9999973802e-01,1.0000000000e+00,1.0000000000e+00,1.0000000000e+00
g6643_g10198_A,4,0,6,1.4062500000e-01,7.8030146796e-01,9.9999973802e-01,1.0000000000e+00,1.0000000000e+00,1.0000000000e+00
g7358_g10238_B,21,0,14,2.4975585938e-01,9.4350290431e-01,1.0000000000e+00,1.0000000000e+00,1.0000000000e+00,1.0000000000e+00
g6912_g10289_A,100,0,58,6.1299926930e-05,6.1283020129e-04,6.1114293634e-03,5.9460663335e-02,4.5828652350e-01,9.9782381206e-01
g5473_g10297_A,4,0,6,1.4062500000e-01,7.8030146796e-01,9.9999973802e-01,1.0000000000e+00,1.0000000000e+00,1.0000000000e+00
g6713_g10299_A,100,0,28,1.3160414621e-01,7.5611931162e-01,9.9999925566e-01,1.0000000000e+00,1.0000000000e+00,1.0000000000e+00
g3678_g10319_A,100,0,81,1.4051828923e-07,1.4051820037e-06,1.4051731184e-05,1.4050842687e-04,1.4041961837e-03,1.3953563760e-02
g2498_g10328_B,4,0,6,1.4062500000e-01,7.8030146796e-01,9.9999973802e-01,1.0000000000e+00,1.0000000000e+00,1.0000000000e+00
g7488_g10352_A,100,0,85,2.0327433425e-07,2.0327414831e-06,2.0327228891e-05,2.0325369608e-04,2.0306789252e-03,2.0122225988e-02
g6486_g10364_A,4,0,6,1.4062500000e-01,7.8030146796e-01,9.9999973802e-01,1.0000000000e+00,1.0000000000e+00,1.0000000000e+00
g4780_g10377_B,4,0,6,1.4062500000e-01,7.8030146796e-01,9.9999973802e-01,1.0000000000e+00,1.0000000000e+00,1.0000000000e+00
g6751_g10378_A,4,0,6,1.4062500000e-01,7.8030146796e-01,9.9999973802e-01,1.0000000000e+00,1.0000000000e+00,1.0000000000e+00
g6980_g10383_A,100,0,58,1.4895809163e-04,1.4885828297e-03,1.4786508542e-02,1.3840433715e-01,7.7455788965e-01,9.9999966088e-01
g3618_g10388_A,4,0,6,1.4062500000e-01,7.8030146796e-01,9.9999973802e-01,1.0000000000e+00,1.0000000000e+00,1.0000000000e+00
g7195_g10393_A,4,0,6,1.4062500000e-01,7.8030146796e-01,9.9999973802e-01,1.0000000000e+00,1.0000000000e+00,1.0000000000e+00
g4908_g10438_B,68,0,48,2.1968969805e-03,2.1753051251e-02,1.9742612319e-01,8.8912077120e-01,9.9999999972e-01,1.0000000000e+00
g6945_g10445_A,100,0,59,6.3178818815e-02,4.7932465418e-01,9.9853556486e-01,1.0000000000e+00,1.0000000000e+00,1.0000000000e+00
g4948_g10452_B,4,0,6,1.4062500000e-01,7.8030146796e-01,9.9999973802e-01,1.0000000000e+00,1.0000000000e+00,1.0000000000e+00
g7195_g10456_A,4,0,6,1.4062500000e-01,7.8030146796e-01,9.9999973802e-01,1.0000000000e+00,1.0000000000e+00,1.0000000000e+00
g4973_g10463_B,100,0,52,6.0353789395e-03,5.8740733034e-02,4.5412569772e-01,9.9765076481e-01,1.0000000000e+00,1.0000000000e+00
g3678_g10463_A,70,0,41,4.3902397156e-03,4.3045134543e-02,3.5595746810e-01,9.8772149513e-01,1.0000000000e+00,1.0000000000e+00
g7358_g10464_A,100,0,58,4.3883917201e-03,4.3027371931e-02,3.5583791352e-01,9.8769868331e-01,1.0000000000e+00,1.0000000000e+00
g7426_g10477_A,100,0,58,3.1080460464e-05,3.1076113847e-04,3.1032692222e-03,3.0602896467e-02,2.6714648100e-01,9.5531396969e-01
g3366_g10496_A,100,0,58,1.0301414473e-06,1.0301366719e-05,1.0300889200e-04,1.0296115638e-03,1.0248541882e-02,9.7885834633e-02
g5038_g10497_B,100,0,72,1.1105577674e-07,1.1105572124e-06,1.1105516624e-05,1.1104961644e-04,1.1099413880e-03,1.1044139006e-02
g5556_g10529_A,4,0,6,1.4062500000e-01,7.8030146796e-01,9.9999973802e-01,1.0000000000e+00,1.0000000000e+00,1.0000000000e+00
g3494_g10566_A,4,0,6,1.4062500000e-01,7.8030146796e-01,9.9999973802e-01,1.0000000000e+00,1.0000000000e+00,1.0000000000e+00
g5179_g10581_B,4,0,6,1.4062500000e-01,7.8030146796e-01,9.9999973802e-01,1.0000000000e+00,1.0000000000e+00,1.0000000000e+00
g1982_g10583_B,100,0,59,9.9018473715e-02,6.4750020966e-01,9.9997037976e-01,1.0000000000e+00,1.0000000000e+00,1.0000000000e+00
g5218_g10596_B,100,0,69,7.6499611405e-05,7.6473281919e-04,7.6210650547e-03,7.3649436467e-02,5.3467787742e-01,9.9952407666e-01
g7391_g10638_A,4,0,6,1.4062500000e-01,7.8030146796e-01,9.9999973802e-01,1.0000000000e+00,1.0000000000e+00,1.0000000000e+00
g2685_g10690_B,100,0,57,1.4060953132e-01,7.8026191920e-01,9.9999973755e-01,1.0000000000e+00,1.0000000000e+00,1.0000000000e+00
g2924_g10693_C,1,0,11,4.8828125000e-04,4.8720976218e-03,4.7666556569e-02,3.8639292465e-01,9.9243335102e-01,1.0000000000e+00
g8378_g11612_B,7,0,16,1.2402343750e-01,7.3397352243e-01,9.9999822479e-01,1.0000000000e+00,1.0000000000e+00,1.0000000000e+00
g8670_g11851_B,1,0,3,1.2500000000e-01,7.3692442384e-01,9.9999841217e-01,1.0000000000e+00,1.0000000000e+00,1.0000000000e+00
g8766_g12070_B,1,0,3,1.2500000000e-01,7.3692442384e-01,9.9999841217e-01,1.0000000000e+00,1.0000000000e+00,1.0000000000e+00
g8093_g12186_A,1,0,2,2.5000000000e-01,9.4368648529e-01,1.0000000000e+00,1.0000000000e+00,1.0000000000e+00,1.0000000000e+00
g8832_g12274_B,1,0,3,1.2500000000e-01,7.3692442384e-01,9.9999841217e-01,1.0000000000e+00,1.0000000000e+00,1.0000000000e+00
g8853_g12307_B,1,0,3,1.2500000000e-01,7.3692442384e-01,9.9999841217e-01,1.0000000000e+00,1.0000000000e+00,1.0000000000e+00
g8915_g12353_B,1,0,3,1.2500000000e-01,7.3692442384e-01,9.9999841217e-01,1.0000000000e+00,1.0000000000e+00,1.0000000000e+00
g9134_g12494_B,1,0,3,1.2500000000e-01,7.3692442384e-01,9.9999841217e-01,1.0000000000e+00,1.0000000000e+00,1.0000000000e+00
g7679_g14022_A,1,0,2,2.5000000000e-01,9.4368648529e-01,1.0000000000e+00,1.0000000000e+00,1.0000000000e+00,1.0000000000e+00
g7852_g15244_A,1,0,2,2.5000000000e-01,9.4368648529e-01,1.0000000000e+00,1.0000000000e+00,1.0000000000e+00,1.0000000000e+00
g4668_g15422_A,2,0,3,3.7500000000e-01,9.9090505298e-01,1.0000000000e+00,1.0000000000e+00,1.0000000000e+00,1.0000000000e+00
g4845_g15506_A,2,0,3,3.7500000000e-01,9.9090505298e-01,1.0000000000e+00,1.0000000000e+00,1.0000000000e+00,1.0000000000e+00
g7892_g17022_A,1,0,2,2.5000000000e-01,9.4368648529e-01,1.0000000000e+00,1.0000000000e+00,1.0000000000e+00,1.0000000000e+00
g7721_g17166_A,2,0,3,3.7500000000e-01,9.9090505298e-01,1.0000000000e+00,1.0000000000e+00,1.0000000000e+00,1.0000000000e+00
g7751_g17181_A,2,0,3,3.7500000000e-01,9.9090505298e-01,1.0000000000e+00,1.0000000000e+00,1.0000000000e+00,1.0000000000e+00
g4118_g17448_A,4,0,5,4.6875000000e-01,9.9820943772e-01,1.0000000000e+00,1.0000000000e+00,1.0000000000e+00,1.0000000000e+00
g4228_g17509_A,4,0,5,4.6875000000e-01,9.9820943772e-01,1.0000000000e+00,1.0000000000e+00,1.0000000000e+00,1.0000000000e+00
g4292_g17544_A,4,0,5,4.6875000000e-01,9.9820943772e-01,1.0000000000e+00,1.0000000000e+00,1.0000000000e+00,1.0000000000e+00
g4415_g17619_A,4,0,5,4.6875000000e-01,9.9820943772e-01,1.0000000000e+00,1.0000000000e+00,1.0000000000e+00,1.0000000000e+00
g4614_g17735_A,4,0,5,4.6875000000e-01,9.9820943772e-01,1.0000000000e+00,1.0000000000e+00,1.0000000000e+00,1.0000000000e+00
g4760_g17814_A,4,0,5,4.6875000000e-01,9.9820943772e-01,1.0000000000e+00,1.0000000000e+00,1.0000000000e+00,1.0000000000e+00
g5095_g18037_A,4,0,5,4.6875000000e-01,9.9820943772e-01,1.0000000000e+00,1.0000000000e+00,1.0000000000e+00,1.0000000000e+00
g5283_g18245_A,4,0,5,4.6875000000e-01,9.9820943772e-01,1.0000000000e+00,1.0000000000e+00,1.0000000000e+00,1.0000000000e+00
g8230_g19591_A,2,0,3,3.7500000000e-01,9.9090505298e-01,1.0000000000e+00,1.0000000000e+00,1.0000000000e+00,1.0000000000e+00
g4076_g19650_A,2,0,3,3.7500000000e-01,9.9090505298e-01,1.0000000000e+00,1.0000000000e+00,1.0000000000e+00,1.0000000000e+00
g4133_g19665_A,2,0,3,3.7500000000e-01,9.9090505298e-01,1.0000000000e+00,1.0000000000e+00,1.0000000000e+00,1.0000000000e+00
g4162_g19672_A,2,0,3,3.7500000000e-01,9.9090505298e-01,1.0000000000e+00,1.0000000000e+00,1.0000000000e+00,1.0000000000e+00
g4205_g19692_A,2,0,3,3.7500000000e-01,9.9090505298e-01,1.0000000000e+00,1.0000000000e+00,1.0000000000e+00,1.0000000000e+00
g4421_g19755_A,2,0,3,3.7500000000e-01,9.9090505298e-01,1.0000000000e+00,1.0000000000e+00,1.0000000000e+00,1.0000000000e+00
g2046_g19853_A,1,0,5,3.1250000000e-02,2.7202384333e-01,9.5820045528e-01,1.0000000000e+00,1.0000000000e+00,1.0000000000e+00
g2046_g19880_A,1,0,5,3.1250000000e-02,2.7202384333e-01,9.5820045528e-01,1.0000000000e+00,1.0000000000e+00,1.0000000000e+00
g2066_g19905_A,1,0,5,3.1250000000e-02,2.7202384333e-01,9.5820045528e-01,1.0000000000e+00,1.0000000000e+00,1.0000000000e+00
g9293_g21291_A,1,0,3,1.2500000000e-01,7.3692442384e-01,9.9999841217e-01,1.0000000000e+00,1.0000000000e+00,1.0000000000e+00
g9595_g21322_A,1,0,3,1.2500000000e-01,7.3692442384e-01,9.9999841217e-01,1.0000000000e+00,1.0000000000e+00,1.0000000000e+00
g9326_g21339_A,1,0,3,1.2500000000e-01,7.3692442384e-01,9.9999841217e-01,1.0000000000e+00,1.0000000000e+00,1.0000000000e+00
g9407_g21357_A,1,0,3,1.2500000000e-01,7.3692442384e-01,9.9999841217e-01,1.0000000000e+00,1.0000000000e+00,1.0000000000e+00
g9277_g21424_A,1,0,3,1.2500000000e-01,7.3692442384e-01,9.9999841217e-01,1.0000000000e+00,1.0000000000e+00,1.0000000000e+00
g9941_g21453_A,1,0,3,1.2500000000e-01,7.3692442384e-01,9.9999841217e-01,1.0000000000e+00,1.0000000000e+00,1.0000000000e+00
g3710_g21699_A,1,0,5,3.1250000000e-02,2.7202384333e-01,9.5820045528e-01,1.0000000000e+00,1.0000000000e+00,1.0000000000e+00
g2892_g21707_A,4,0,6,2.3437500000e-01,9.3079124123e-01,1.0000000000e+00,1.0000000000e+00,1.0000000000e+00,1.0000000000e+00
g2156_g22398_A,7,0,9,3.7500000000e-01,9.9090505298e-01,1.0000000000e+00,1.0000000000e+00,1.0000000000e+00,1.0000000000e+00
g8218_g23563_A,12,0,13,4.9987792969e-01,9.9902105069e-01,1.0000000000e+00,1.0000000000e+00,1.0000000000e+00,1.0000000000e+00
g6146_g23565_A,2,0,10,2.9296875000e-03,2.8913638971e-02,2.5427527147e-01,9.4681545513e-01,1.0000000000e+00,1.0000000000e+00
g3934_g23572_A,12,0,13,4.9987792969e-01,9.9902105069e-01,1.0000000000e+00,1.0000000000e+00,1.0000000000e+00,1.0000000000e+00
g4304_g23679_A,12,0,13,4.9987792969e-01,9.9902105069e-01,1.0000000000e+00,1.0000000000e+00,1.0000000000e+00,1.0000000000e+00
g2147_g24585_A,18,0,11,4.6582031250e-01,9.9810820664e-01,1.0000000000e+00,1.0000000000e+00,1.0000000000e+00,1.0000000000e+00
g1448_g26085_A,25,0,12,4.8095703125e-01,9.9858083425e-01,1.0000000000e+00,1.0000000000e+00,1.0000000000e+00,1.0000000000e+00
g9443_g26261_B,100,0,21,1.9503021240e-01,8.8576588911e-01,9.9999999962e-01,1.0000000000e+00,1.0000000000e+00,1.0000000000e+00
g4606_g26293_A,18,0,19,3.8670349121e-01,9.9247156119e-01,1.0000000000e+00,1.0000000000e+00,1.0000000000e+00,1.0000000000e+00
g4688_g26310_A,28,0,18,2.8789520264e-01,9.6646957056e-01,1.0000000000e+00,1.0000000000e+00,1.0000000000e+00,1.0000000000e+00
g4818_g26342_A,28,0,18,2.8789520264e-01,9.6646957056e-01,1.0000000000e+00,1.0000000000e+00,1.0000000000e+00,1.0000000000e+00
g5075_g26409_A,28,0,18,2.8789520264e-01,9.6646957056e-01,1.0000000000e+00,1.0000000000e+00,1.0000000000e+00,1.0000000000e+00
g5263_g26473_A,28,0,18,2.8789520264e-01,9.6646957056e-01,1.0000000000e+00,1.0000000000e+00,1.0000000000e+00,1.0000000000e+00
g6068_g26137_A,73,0,16,7.6599121094e-03,7.4011996083e-02,5.3649587370e-01,9.9954234728e-01,1.0000000000e+00,1.0000000000e+00
g5044_g27079_A,100,0,27,4.1864491999e-01,9.9559024240e-01,1.0000000000e+00,1.0000000000e+00,1.0000000000e+00,1.0000000000e+00
g65_g27356_A,35,0,14,4.9230957031e-01,9.9886239952e-01,1.0000000000e+00,1.0000000000e+00,1.0000000000e+00,1.0000000000e+00
g4251_g27935_A,100,0,34,4.4570935337e-01,9.9726236527e-01,1.0000000000e+00,1.0000000000e+00,1.0000000000e+00,1.0000000000e+00
g6087_g27900_A,100,0,55,3.7296022045e-03,3.6676260049e-02,3.1178738215e-01,9.7616438795e-01,1.0000000000e+00,1.0000000000e+00
g56_g28373_A,46,0,16,4.9514770508e-01,9.9892441844e-01,1.0000000000e+00,1.0000000000e+00,1.0000000000e+00,1.0000000000e+00
g9401_g28463_B,100,0,32,1.5514872223e-01,8.1473104476e-01,9.9999995235e-01,1.0000000000e+00,1.0000000000e+00,1.0000000000e+00
g9342_g29072_A,100,0,59,7.3242783081e-03,7.0875306006e-02,5.2055363780e-01,9.9935819917e-01,1.0000000000e+00,1.0000000000e+00
g6104_g29728_A,100,0,26,8.6383819580e-03,8.3102041555e-02,5.8003794001e-01,9.9982935225e-01,1.0000000000e+00,1.0000000000e+00
g8993_g30221_B,100,0,85,1.7585022053e-01,8.5543556356e-01,9.9999999601e-01,1.0000000000e+00,1.0000000000e+00,1.0000000000e+00
g8460_g30367_B,100,0,75,2.4222121785e-03,2.3959799911e-02,2.1534805996e-01,9.1153519415e-01,9.9999999997e-01,1.0000000000e+00
g18286_II25573_A,100,0,51,1.1064412320e-07,1.1064406811e-06,1.1064351721e-05,1.1063800848e-04,1.1058294127e-03,1.1003427445e-02
g780_II25579_A,100,0,54,8.4375315623e-09,8.4375312420e-08,8.4375280383e-07,8.4374960020e-06,8.4371756482e-05,8.4339730019e-04
g18074_II25595_B,100,0,52,2.2583662940e-07,2.2583639989e-06,2.2583410481e-05,2.2581115572e-04,2.2558183579e-03,2.2330563421e-02
g776_II25880_A,100,0,59,3.4009453032e-08,3.4009447827e-07,3.4009395778e-06,3.4008875295e-05,3.4003671051e-04,3.3951686969e-03
g17914_II25882_A,100,0,50,2.0767765818e-07,2.0767746410e-06,2.0767552326e-05,2.0765611623e-04,2.0746217886e-03,2.0553603020e-02
g18155_II32499_A,100,0,48,3.2468359550e-03,3.1998056191e-02,2.7762568774e-01,9.6130784312e-01,1.0000000000e+00,1.0000000000e+00
g24089_II32577_A,100,0,48,3.8114441540e-03,3.7467321940e-02,3.1741800617e-01,9.7804425004e-01,1.0000000000e+00,1.0000000000e+00
g17815_II32587_A,100,0,48,3.3723163195e-03,3.3215975070e-02,2.8666315693e-01,9.6588490740e-01,1.0000000000e+00,1.0000000000e+00
g23969_II32624_B,100,0,48,5.2231598240e-03,5.1020879396e-02,4.0766612252e-01,9.9468301151e-01,1.0000000000e+00,1.0000000000e+00
g18247_II32668_A,100,0,48,2.7239615947e-03,2.6908131323e-02,2.3873049116e-01,9.3462911670e-01,1.0000000000e+00,1.0000000000e+00
g4456_g23823_C,100,0,27,4.5072898269e-02,3.6947517246e-01,9.9006833825e-01,1.0000000000e+00,1.0000000000e+00,1.0000000000e+00
g4632_g27078_A,100,0,34,2.5280143041e-01,9.4575492447e-01,1.0000000000e+00,1.0000000000e+00,1.0000000000e+00,1.0000000000e+00
g15074_II35994_A,100,0,31,1.7585203052e-01,8.5543873843e-01,9.9999999601e-01,1.0000000000e+00,1.0000000000e+00,1.0000000000e+00
g27551_II36666_A,59,0,30,4.3394168001e-01,9.9662237227e-01,1.0000000000e+00,1.0000000000e+00,1.0000000000e+00,1.0000000000e+00
g27567_II36731_A,61,0,30,4.3394168001e-01,9.9662237227e-01,1.0000000000e+00,1.0000000000e+00,1.0000000000e+00,1.0000000000e+00
g27824_II37356_A,100,0,51,3.4474292813e-04,3.4420860491e-03,3.3892566899e-02,2.9163966402e-01,9.6819156130e-01,1.0000000000e+00
g28391_II37815_A,100,0,51,4.6875278689e-01,9.9820953165e-01,1.0000000000e+00,1.0000000000e+00,1.0000000000e+00,1.0000000000e+00
g28384_II37822_A,100,0,51,1.9464971501e-07,1.9464954451e-06,1.9464783954e-05,1.9463079093e-04,1.9446041422e-03,1.9276754008e-02
g15962_II38831_B,100,0,73,1.9435212001e-02,1.7820605488e-01,8.5951518915e-01,9.9999999701e-01,1.0000000000e+00,1.0000000000e+00
g29710_II39384_B,100,0,48,5.1122171651e-04,5.1004725396e-03,4.9849839779e-02,4.0031600343e-01,9.9398515289e-01,1.0000000000e+00
g30597_II40558_B,100,0,48,1.5595312561e-06,1.5595203116e-05,1.5594108714e-04,1.5583170334e-03,1.5474347356e-02,1.4440080892e-01
g6980_g13047_B,2,0,6,3.1250000000e-02,2.7202384333e-01,9.5820045528e-01,1.0000000000e+00,1.0000000000e+00,1.0000000000e+00
g7426_g13069_B,2,0,6,3.1250000000e-02,2.7202384333e-01,9.5820045528e-01,1.0000000000e+00,1.0000000000e+00,1.0000000000e+00
g6980_g13074_B,2,0,6,3.1250000000e-02,2.7202384333e-01,9.5820045528e-01,1.0000000000e+00,1.0000000000e+00,1.0000000000e+00
g7426_g13096_B,2,0,6,3.1250000000e-02,2.7202384333e-01,9.5820045528e-01,1.0000000000e+00,1.0000000000e+00,1.0000000000e+00
g7488_g13133_B,100,0,53,1.9042969041e-02,1.7491281250e-01,8.5378281061e-01,9.9999999553e-01,1.0000000000e+00,1.0000000000e+00
g3834_g11729_B,100,0,53,1.9042968823e-02,1.7491281066e-01,8.5378280736e-01,9.9999999553e-01,1.0000000000e+00,1.0000000000e+00
g7522_g18590_B,2,0,13,3.6621093750e-04,3.6560802945e-03,3.5965118512e-02,3.0668997208e-01,9.7433892665e-01,1.0000000000e+00
g6369_g21740_B,2,0,14,1.2207031250e-04,1.2200327910e-03,1.2133563764e-02,1.1492046122e-01,7.0499932570e-01,9.9999500851e-01
g6519_g21761_B,100,0,21,4.7683715820e-05,4.7673485306e-04,4.7571340964e-03,4.6565788070e-02,3.7926345315e-01,9.9150676464e-01
g4298_g10077_B,100,0,97,5.0302109713e-11,5.0302109702e-10,5.0302109588e-09,5.0302108449e-08,5.0302097063e-07,5.0301983200e-06
g4549_g10249_B,100,0,82,1.6456731665e-07,1.6456719478e-06,1.6456597608e-05,1.6455378973e-04,1.6443199241e-03,1.6322060755e-02
g4567_g10258_B,100,0,100,1.3043174054e-09,1.3043173977e-08,1.3043173211e-07,1.3043165556e-06,1.3043089000e-05,1.3042323477e-04
g3566_g10387_A,100,0,100,1.1464571528e-08,1.1464570937e-07,1.1464565022e-06,1.1464505876e-05,1.1463914437e-04,1.1458002285e-03
g6678_g10650_A,100,0,43,6.1280547925e-07,6.1280378937e-06,6.1278689086e-05,6.1261793997e-04,6.1093184268e-03,5.9440686871e-02
g5358_g10709_B,100,0,54,7.8670900905e-09,7.8670898120e-08,7.8670870269e-07,7.8670591760e-06,7.8667806740e-05,7.8639963774e-04
g1319_g19708_A,1,0,5,3.1250000000e-02,2.7202384333e-01,9.5820045528e-01,1.0000000000e+00,1.0000000000e+00,1.0000000000e+00
g1346_g19807_A,1,0,5,3.1250000000e-02,2.7202384333e-01,9.5820045528e-01,1.0000000000e+00,1.0000000000e+00,1.0000000000e+00
g18573_II26357_B,100,0,74,1.2706815639e-06,1.2706742981e-05,1.2706016430e-04,1.2698753962e-03,1.2626432892e-02,1.1932642409e-01
g2746_g19910_A,1,0,5,3.1250000000e-02,2.7202384333e-01,9.5820045528e-01,1.0000000000e+00,1.0000000000e+00,1.0000000000e+00
g2753_g19912_A,1,0,5,3.1250000000e-02,2.7202384333e-01,9.5820045528e-01,1.0000000000e+00,1.0000000000e+00,1.0000000000e+00
g2760_g19941_A,1,0,5,3.1250000000e-02,2.7202384333e-01,9.5820045528e-01,1.0000000000e+00,1.0000000000e+00,1.0000000000e+00
g18692_II26525_C,100,0,56,2.9964030546e-07,2.9963990143e-06,2.9963586118e-05,2.9959546266e-04,2.9919187670e-03,2.9519563784e-02
g14797_II26615_A,100,0,56,1.1526281014e-06,1.1526221229e-05,1.1525623406e-04,1.1519647443e-03,1.1460114491e-02,1.0886814457e-01
g13774_II26682_C,100,0,56,1.7442869193e-07,1.7442855502e-06,1.7442718589e-05,1.7441349534e-04,1.7427666869e-03,1.7291624511e-02
g6163_g25457_A,2,0,12,7.3242187500e-04,7.3001259567e-03,7.0649220058e-02,5.1938571216e-01,9.9934239247e-01,1.0000000000e+00
g7928_g13404_C,1,0,11,4.8828125000e-04,4.8720976218e-03,4.7666556569e-02,3.8639292465e-01,9.9243335102e-01,1.0000000000e+00
g13958_II24186_B,100,0,52,2.0462411254e-07,2.0462392412e-06,2.0462203994e-05,2.0460319939e-04,2.0441492102e-03,2.0254478863e-02
g14637_II24677_B,100,0,52,1.7359419857e-07,1.7359406296e-06,1.7359270690e-05,1.7357914704e-04,1.7344362603e-03,1.7209614714e-02
g18074_II25597_A,100,0,50,1.2867712940e-07,1.2867705489e-06,1.2867630979e-05,1.2866885913e-04,1.2859438415e-03,1.2785278701e-02
g6912_g10649_B,30,0,9,1.2500000000e-01,7.3692442384e-01,9.9999841217e-01,1.0000000000e+00,1.0000000000e+00,1.0000000000e+00
g6678_g10703_B,30,0,9,1.2500000000e-01,7.3692442384e-01,9.9999841217e-01,1.0000000000e+00,1.0000000000e+00,1.0000000000e+00
g8287_g12506_A,100,0,58,1.2500001151e-01,7.3692445845e-01,9.9999841217e-01,1.0000000000e+00,1.0000000000e+00,1.0000000000e+00
g6678_g13034_B,2,0,6,3.1250000000e-02,2.7202384333e-01,9.5820045528e-01,1.0000000000e+00,1.0000000000e+00,1.0000000000e+00
g9676_g13061_A,10,0,6,2.1875000000e-01,9.1529670527e-01,9.9999999998e-01,1.0000000000e+00,1.0000000000e+00,1.0000000000e+00
g6626_g12952_B,4,0,5,9.3750000000e-02,6.2633691437e-01,9.9994693576e-01,1.0000000000e+00,1.0000000000e+00,1.0000000000e+00
g9822_g13077_A,10,0,6,2.1875000000e-01,9.1529670527e-01,9.9999999998e-01,1.0000000000e+00,1.0000000000e+00,1.0000000000e+00
g9534_g11691_A,10,0,6,2.1875000000e-01,9.1529670527e-01,9.9999999998e-01,1.0000000000e+00,1.0000000000e+00,1.0000000000e+00
g9534_g13059_A,10,0,6,2.1875000000e-01,9.1529670527e-01,9.9999999998e-01,1.0000000000e+00,1.0000000000e+00,1.0000000000e+00
g7358_g13065_B,2,0,6,3.1250000000e-02,2.7202384333e-01,9.5820045528e-01,1.0000000000e+00,1.0000000000e+00,1.0000000000e+00
g6912_g13088_B,2,0,6,3.1250000000e-02,2.7202384333e-01,9.5820045528e-01,1.0000000000e+00,1.0000000000e+00,1.0000000000e+00
g9676_g11702_A,10,0,6,2.1875000000e-01,9.1529670527e-01,9.9999999998e-01,1.0000000000e+00,1.0000000000e+00,1.0000000000e+00
g9676_g13115_A,10,0,6,2.1875000000e-01,9.1529670527e-01,9.9999999998e-01,1.0000000000e+00,1.0000000000e+00,1.0000000000e+00
g7358_g13119_B,2,0,6,3.1250000000e-02,2.7202384333e-01,9.5820045528e-01,1.0000000000e+00,1.0000000000e+00,1.0000000000e+00
g3678_g11723_B,2,0,6,3.1250000000e-02,2.7202384333e-01,9.5820045528e-01,1.0000000000e+00,1.0000000000e+00,1.0000000000e+00
g7358_g13128_B,2,0,6,3.1250000000e-02,2.7202384333e-01,9.5820045528e-01,1.0000000000e+00,1.0000000000e+00,1.0000000000e+00
g9822_g11727_A,10,0,6,2.1875000000e-01,9.1529670527e-01,9.9999999998e-01,1.0000000000e+00,1.0000000000e+00,1.0000000000e+00
g7358_g13137_B,2,0,6,3.1250000000e-02,2.7202384333e-01,9.5820045528e-01,1.0000000000e+00,1.0000000000e+00,1.0000000000e+00
g2879_g12433_A,2,0,3,3.7500000000e-01,9.9090505298e-01,1.0000000000e+00,1.0000000000e+00,1.0000000000e+00,1.0000000000e+00
g6232_g15784_B,2,0,4,1.2500000000e-01,7.3692442384e-01,9.9999841217e-01,1.0000000000e+00,1.0000000000e+00,1.0000000000e+00
g3566_g13482_B,2,0,4,1.2500000000e-01,7.3692442384e-01,9.9999841217e-01,1.0000000000e+00,1.0000000000e+00,1.0000000000e+00
g6232_g15856_B,2,0,4,1.2500000000e-01,7.3692442384e-01,9.9999841217e-01,1.0000000000e+00,1.0000000000e+00,1.0000000000e+00
g7085_g15930_B,2,0,4,1.2500000000e-01,7.3692442384e-01,9.9999841217e-01,1.0000000000e+00,1.0000000000e+00,1.0000000000e+00
g9782_g18102_B,100,0,21,2.0001173019e-01,8.9264156056e-01,9.9999999980e-01,1.0000000000e+00,1.0000000000e+00,1.0000000000e+00
g6832_g18308_B,4,0,7,2.3437500000e-02,2.1113909478e-01,9.0667363815e-01,9.9999999995e-01,1.0000000000e+00,1.0000000000e+00
g5992_g21263_B,10,0,8,1.2109375000e-01,7.2494121011e-01,9.9999752112e-01,1.0000000000e+00,1.0000000000e+00,1.0000000000e+00
g3566_g20718_B,2,0,14,1.2207031250e-04,1.2200327910e-03,1.2133563764e-02,1.1492046122e-01,7.0499932570e-01,9.9999500851e-01
g6707_g23950_B,4,0,11,1.4648437500e-03,1.4552254196e-02,1.3635352663e-01,7.6913396748e-01,9.9999956987e-01,1.0000000000e+00
g6448_g25009_B,100,0,27,2.6667088270e-02,2.3684265907e-01,9.3298980817e-01,1.0000000000e+00,1.0000000000e+00,1.0000000000e+00
g6448_g25018_B,100,0,28,3.7252902985e-07,3.7252840535e-06,3.7252216042e-05,3.7245971889e-04,3.7183607043e-03,3.6567557091e-02
g3462_g24449_B,100,0,27,3.9308875799e-02,3.3036555834e-01,9.8187083388e-01,1.0000000000e+00,1.0000000000e+00,1.0000000000e+00
g6945_g25034_B,100,0,28,1.5327759087e-02,1.4312603390e-01,7.8661225147e-01,9.9999980425e-01,1.0000000000e+00,1.0000000000e+00
g3618_g24455_B,100,0,27,2.9610157013e-02,2.5960679988e-01,9.5049783257e-01,1.0000000000e+00,1.0000000000e+00,1.0000000000e+00
g3462_g24458_B,100,0,28,3.0886381865e-05,3.0882089359e-04,3.0839208028e-03,3.0414733146e-02,2.6572274390e-01,9.5443821153e-01
g5651_g25357_B,10,0,12,7.5683593750e-03,7.3157330027e-02,5.3220002288e-01,9.9949811760e-01,1.0000000000e+00,1.0000000000e+00
g4632_g25882_A,100,0,34,3.2634743024e-02,2.8236294382e-01,9.6377164956e-01,1.0000000000e+00,1.0000000000e+00,1.0000000000e+00
g5473_g25930_B,100,0,25,3.2079279423e-02,2.7823158970e-01,9.6163115700e-01,1.0000000000e+00,1.0000000000e+00,1.0000000000e+00
g2124_g27587_B,10,0,15,9.4604492188e-04,9.4202756113e-03,9.0308065662e-02,6.1190018016e-01,9.9992247631e-01,1.0000000000e+00
g234_g8386_B,100,0,115,3.7665676700e-02,3.1882333924e-01,9.7849212060e-01,1.0000000000e+00,1.0000000000e+00,1.0000000000e+00
g273_g8518_B,100,0,114,1.5293142271e-02,1.4282474642e-01,7.8586076549e-01,9.9999979725e-01,1.0000000000e+00,1.0000000000e+00
g490_g8841_B,57,0,18,1.0070419312e-01,6.5404016247e-01,9.9997543839e-01,1.0000000000e+00,1.0000000000e+00,1.0000000000e+00
g3678_g10167_A,100,0,79,3.3590231397e-07,3.3590180623e-06,3.3589672892e-05,3.3584596150e-04,3.3533884951e-03,3.3032349002e-02
g7488_g10182_A,100,0,58,6.1469732685e-05,6.1452732096e-04,6.1283070561e-03,5.9620368571e-02,4.5920565999e-01,9.9786045524e-01
g4598_g10281_B,4,0,6,1.4062500000e-01,7.8030146796e-01,9.9999973802e-01,1.0000000000e+00,1.0000000000e+00,1.0000000000e+00
g6678_g10290_A,100,0,58,9.1844046390e-05,9.1806096705e-04,9.1427747572e-03,8.7756441053e-02,6.0087580431e-01,9.9989741578e-01
g4749_g10364_B,4,0,6,1.4062500000e-01,7.8030146796e-01,9.9999973802e-01,1.0000000000e+00,1.0000000000e+00,1.0000000000e+00
g4775_g10374_B,4,0,6,1.4062500000e-01,7.8030146796e-01,9.9999973802e-01,1.0000000000e+00,1.0000000000e+00,1.0000000000e+00
g4967_g10461_B,100,0,70,1.6623560789e-04,1.6611130875e-03,1.6487510949e-02,1.5316501529e-01,8.1033468605e-01,9.9999993976e-01
g3774_g10467_A,4,0,6,1.4062500000e-01,7.8030146796e-01,9.9999973802e-01,1.0000000000e+00,1.0000000000e+00,1.0000000000e+00
g7265_g10468_A,4,0,6,1.4062500000e-01,7.8030146796e-01,9.9999973802e-01,1.0000000000e+00,1.0000000000e+00,1.0000000000e+00
g6912_g10497_A,100,0,71,9.6771896213e-07,9.6771474798e-06,9.6767260784e-05,9.6725134093e-04,9.6305209360e-03,9.2236995798e-02
g2673_g10595_B,100,0,59,1.0788973097e-01,6.8070994966e-01,9.9998898831e-01,1.0000000000e+00,1.0000000000e+00,1.0000000000e+00
g3834_g10596_A,100,0,58,6.1216216221e-05,6.1199355561e-04,6.1031089073e-03,5.9381922002e-02,4.5783283366e-01,9.9780551745e-01
g1994_g10626_B,100,0,62,1.4059360842e-01,7.8022120243e-01,9.9999973706e-01,1.0000000000e+00,1.0000000000e+00,1.0000000000e+00
g3774_g10629_A,4,0,6,1.4062500000e-01,7.8030146796e-01,9.9999973802e-01,1.0000000000e+00,1.0000000000e+00,1.0000000000e+00
g5275_g10639_B,4,0,6,1.4062500000e-01,7.8030146796e-01,9.9999973802e-01,1.0000000000e+00,1.0000000000e+00,1.0000000000e+00
g5298_g10652_B,100,0,27,1.4065243304e-02,1.3207585829e-01,7.5744083641e-01,9.9999929502e-01,1.0000000000e+00,1.0000000000e+00
g3678_g10662_A,100,0,79,3.6429651118e-07,3.6429591398e-06,3.6428994202e-05,3.6423022960e-04,3.6363382260e-03,3.5774082672e-02
g2628_g11847_A,1,0,2,2.5000000000e-01,9.4368648529e-01,1.0000000000e+00,1.0000000000e+00,1.0000000000e+00,1.0000000000e+00
g6294_g11880_A,1,0,2,2.5000000000e-01,9.4368648529e-01,1.0000000000e+00,1.0000000000e+00,1.0000000000e+00,1.0000000000e+00
g8690_g11922_B,1,0,3,1.2500000000e-01,7.3692442384e-01,9.9999841217e-01,1.0000000000e+00,1.0000000000e+00,1.0000000000e+00
g7872_g12129_A,1,0,2,2.5000000000e-01,9.4368648529e-01,1.0000000000e+00,1.0000000000e+00,1.0000000000e+00,1.0000000000e+00
g7919_g12307_A,1,0,2,2.5000000000e-01,9.4368648529e-01,1.0000000000e+00,1.0000000000e+00,1.0000000000e+00,1.0000000000e+00
g8093_g13654_A,1,0,2,2.5000000000e-01,9.4368648529e-01,1.0000000000e+00,1.0000000000e+00,1.0000000000e+00,1.0000000000e+00
g5434_g13676_A,1,0,2,2.5000000000e-01,9.4368648529e-01,1.0000000000e+00,1.0000000000e+00,1.0000000000e+00,1.0000000000e+00
g7626_g13914_A,1,0,2,2.5000000000e-01,9.4368648529e-01,1.0000000000e+00,1.0000000000e+00,1.0000000000e+00,1.0000000000e+00
g7635_g13941_A,1,0,2,2.5000000000e-01,9.4368648529e-01,1.0000000000e+00,1.0000000000e+00,1.0000000000e+00,1.0000000000e+00
g4357_g15257_A,2,0,3,3.7500000000e-01,9.9090505298e-01,1.0000000000e+00,1.0000000000e+00,1.0000000000e+00,1.0000000000e+00
g4526_g15349_A,2,0,3,3.7500000000e-01,9.9090505298e-01,1.0000000000e+00,1.0000000000e+00,1.0000000000e+00,1.0000000000e+00
g7542_g15753_A,1,0,3,1.2500000000e-01,7.3692442384e-01,9.9999841217e-01,1.0000000000e+00,1.0000000000e+00,1.0000000000e+00
g7149_g16182_A,1,0,2,2.5000000000e-01,9.4368648529e-01,1.0000000000e+00,1.0000000000e+00,1.0000000000e+00,1.0000000000e+00
g3566_g17065_A,10,0,17,7.8048706055e-03,7.5363766798e-02,5.4321789779e-01,9.9960455072e-01,1.0000000000e+00,1.0000000000e+00
g7906_g17117_A,1,0,2,2.5000000000e-01,9.4368648529e-01,1.0000000000e+00,1.0000000000e+00,1.0000000000e+00,1.0000000000e+00
g7658_g17122_A,2,0,3,3.7500000000e-01,9.9090505298e-01,1.0000000000e+00,1.0000000000e+00,1.0000000000e+00,1.0000000000e+00
g7535_g17155_A,1,0,2,2.5000000000e-01,9.4368648529e-01,1.0000000000e+00,1.0000000000e+00,1.0000000000e+00,1.0000000000e+00
g8164_g17156_A,1,0,2,2.5000000000e-01,9.4368648529e-01,1.0000000000e+00,1.0000000000e+00,1.0000000000e+00,1.0000000000e+00
g8009_g17167_A,1,0,2,2.5000000000e-01,9.4368648529e-01,1.0000000000e+00,1.0000000000e+00,1.0000000000e+00,1.0000000000e+00
g8084_g17182_A,1,0,2,2.5000000000e-01,9.4368648529e-01,1.0000000000e+00,1.0000000000e+00,1.0000000000e+00,1.0000000000e+00
g4286_g17542_A,4,0,5,4.6875000000e-01,9.9820943772e-01,1.0000000000e+00,1.0000000000e+00,1.0000000000e+00,1.0000000000e+00
g4318_g17555_A,4,0,5,4.6875000000e-01,9.9820943772e-01,1.0000000000e+00,1.0000000000e+00,1.0000000000e+00,1.0000000000e+00
g4409_g17617_A,4,0,5,4.6875000000e-01,9.9820943772e-01,1.0000000000e+00,1.0000000000e+00,1.0000000000e+00,1.0000000000e+00
g4581_g17715_A,4,0,5,4.6875000000e-01,9.9820943772e-01,1.0000000000e+00,1.0000000000e+00,1.0000000000e+00,1.0000000000e+00
g4754_g17812_A,4,0,5,4.6875000000e-01,9.9820943772e-01,1.0000000000e+00,1.0000000000e+00,1.0000000000e+00,1.0000000000e+00
g4930_g17924_A,4,0,5,4.6875000000e-01,9.9820943772e-01,1.0000000000e+00,1.0000000000e+00,1.0000000000e+00,1.0000000000e+00
g5089_g18035_A,4,0,5,4.6875000000e-01,9.9820943772e-01,1.0000000000e+00,1.0000000000e+00,1.0000000000e+00,1.0000000000e+00
g8123_g19564_A,2,0,3,3.7500000000e-01,9.9090505298e-01,1.0000000000e+00,1.0000000000e+00,1.0000000000e+00,1.0000000000e+00
g3951_g19605_A,2,0,3,3.7500000000e-01,9.9090505298e-01,1.0000000000e+00,1.0000000000e+00,1.0000000000e+00,1.0000000000e+00
g4061_g19639_A,2,0,3,3.7500000000e-01,9.9090505298e-01,1.0000000000e+00,1.0000000000e+00,1.0000000000e+00,1.0000000000e+00
g2072_g19648_A,1,0,5,3.1250000000e-02,2.7202384333e-01,9.5820045528e-01,1.0000000000e+00,1.0000000000e+00,1.0000000000e+00
g4127_g19663_A,2,0,3,3.7500000000e-01,9.9090505298e-01,1.0000000000e+00,1.0000000000e+00,1.0000000000e+00,1.0000000000e+00
g4156_g19670_A,2,0,3,3.7500000000e-01,9.9090505298e-01,1.0000000000e+00,1.0000000000e+00,1.0000000000e+00,1.0000000000e+00
g4332_g19728_A,2,0,3,3.7500000000e-01,9.9090505298e-01,1.0000000000e+00,1.0000000000e+00,1.0000000000e+00,1.0000000000e+00
g4360_g19736_A,2,0,3,3.7500000000e-01,9.9090505298e-01,1.0000000000e+00,1.0000000000e+00,1.0000000000e+00,1.0000000000e+00
g4504_g19772_A,2,0,3,3.7500000000e-01,9.9090505298e-01,1.0000000000e+00,1.0000000000e+00,1.0000000000e+00,1.0000000000e+00
g4532_g19780_A,2,0,3,3.7500000000e-01,9.9090505298e-01,1.0000000000e+00,1.0000000000e+00,1.0000000000e+00,1.0000000000e+00
g2059_g19904_A,1,0,5,3.1250000000e-02,2.7202384333e-01,9.5820045528e-01,1.0000000000e+00,1.0000000000e+00,1.0000000000e+00
g9374_g21319_A,1,0,3,1.2500000000e-01,7.3692442384e-01,9.9999841217e-01,1.0000000000e+00,1.0000000000e+00,1.0000000000e+00
g9737_g21325_A,1,0,3,1.2500000000e-01,7.3692442384e-01,9.9999841217e-01,1.0000000000e+00,1.0000000000e+00,1.0000000000e+00
g9391_g21338_A,1,0,3,1.2500000000e-01,7.3692442384e-01,9.9999841217e-01,1.0000000000e+00,1.0000000000e+00,1.0000000000e+00
g9264_g21393_A,1,0,3,1.2500000000e-01,7.3692442384e-01,9.9999841217e-01,1.0000000000e+00,1.0000000000e+00,1.0000000000e+00
g9569_g21412_A,1,0,3,1.2500000000e-01,7.3692442384e-01,9.9999841217e-01,1.0000000000e+00,1.0000000000e+00,1.0000000000e+00
g9427_g21428_A,1,0,3,1.2500000000e-01,7.3692442384e-01,9.9999841217e-01,1.0000000000e+00,1.0000000000e+00,1.0000000000e+00
g8147_g23554_A,12,0,13,4.9987792969e-01,9.9902105069e-01,1.0000000000e+00,1.0000000000e+00,1.0000000000e+00,1.0000000000e+00
g8233_g23567_A,12,0,13,4.9987792969e-01,9.9902105069e-01,1.0000000000e+00,1.0000000000e+00,1.0000000000e+00,1.0000000000e+00
g4194_g23637_A,12,0,13,4.9987792969e-01,9.9902105069e-01,1.0000000000e+00,1.0000000000e+00,1.0000000000e+00,1.0000000000e+00
g9450_g23735_B,11,0,21,1.2994146347e-01,7.5140938755e-01,9.9999909875e-01,1.0000000000e+00,1.0000000000e+00,1.0000000000e+00
g9670_g23830_B,11,0,21,1.2994146347e-01,7.5140938755e-01,9.9999909875e-01,1.0000000000e+00,1.0000000000e+00,1.0000000000e+00
g1453_g24578_A,18,0,11,4.6582031250e-01,9.9810820664e-01,1.0000000000e+00,1.0000000000e+00,1.0000000000e+00,1.0000000000e+00
g9941_g24811_A,1,0,13,1.2207031250e-04,1.2200327910e-03,1.2133563764e-02,1.1492046122e-01,7.0499932570e-01,9.9999500851e-01
g7342_g24908_A,1,0,9,1.9531250000e-03,1.9360479644e-02,1.7757952141e-01,8.5844045473e-01,9.9999999677e-01,1.0000000000e+00
g7600_g24974_A,1,0,9,1.9531250000e-03,1.9360479644e-02,1.7757952141e-01,8.5844045473e-01,9.9999999677e-01,1.0000000000e+00
g8794_g25300_B,10,0,9,2.0117187500e-01,8.9418835400e-01,9.9999999982e-01,1.0000000000e+00,1.0000000000e+00,1.0000000000e+00
g4541_g26278_A,28,0,18,2.8789520264e-01,9.6646957056e-01,1.0000000000e+00,1.0000000000e+00,1.0000000000e+00,1.0000000000e+00
g4746_g26325_A,18,0,19,3.8670349121e-01,9.9247156119e-01,1.0000000000e+00,1.0000000000e+00,1.0000000000e+00,1.0000000000e+00
g4913_g26365_A,28,0,18,2.8789520264e-01,9.6646957056e-01,1.0000000000e+00,1.0000000000e+00,1.0000000000e+00,1.0000000000e+00
g4951_g26381_A,28,0,18,2.8789520264e-01,9.6646957056e-01,1.0000000000e+00,1.0000000000e+00,1.0000000000e+00,1.0000000000e+00
g5156_g26437_A,18,0,19,3.8670349121e-01,9.9247156119e-01,1.0000000000e+00,1.0000000000e+00,1.0000000000e+00,1.0000000000e+00
g5182_g26447_A,18,0,19,3.8670349121e-01,9.9247156119e-01,1.0000000000e+00,1.0000000000e+00,1.0000000000e+00,1.0000000000e+00
g5315_g26494_A,18,0,19,3.8670349121e-01,9.9247156119e-01,1.0000000000e+00,1.0000000000e+00,1.0000000000e+00,1.0000000000e+00
g5651_g26833_A,5,0,12,7.5683593750e-03,7.3157330027e-02,5.3220002288e-01,9.9949811760e-01,1.0000000000e+00,1.0000000000e+00
g5741_g26851_A,5,0,12,7.5683593750e-03,7.3157330027e-02,5.3220002288e-01,9.9949811760e-01,1.0000000000e+00,1.0000000000e+00
g5173_g27095_A,100,0,27,4.1867407411e-01,9.9559245333e-01,1.0000000000e+00,1.0000000000e+00,1.0000000000e+00,1.0000000000e+00
g4632_g23974_A,100,0,27,2.9715381563e-02,2.6040925609e-01,9.5103173998e-01,1.0000000000e+00,1.0000000000e+00,1.0000000000e+00
g8580_g28323_A,100,0,52,1.6028266145e-06,1.6028150539e-05,1.6026994531e-04,1.6015440565e-03,1.5900509679e-02,1.4809715463e-01
g6087_g27802_A,100,0,55,3.6362731955e-03,3.5773453343e-02,3.0531032975e-01,9.7382369083e-01,1.0000000000e+00,1.0000000000e+00
g52_g28378_A,51,0,17,4.9562072754e-01,9.9893445374e-01,1.0000000000e+00,1.0000000000e+00,1.0000000000e+00,1.0000000000e+00
g7782_g28401_A,100,0,65,3.7609581003e-01,9.9106326207e-01,1.0000000000e+00,1.0000000000e+00,1.0000000000e+00,1.0000000000e+00
g9407_g29080_A,100,0,60,1.4892634785e-02,1.3933198990e-01,7.7697342701e-01,9.9999969551e-01,1.0000000000e+00,1.0000000000e+00
g8912_g29502_B,6,0,15,6.1523437500e-02,4.7005071532e-01,9.9825279806e-01,1.0000000000e+00,1.0000000000e+00,1.0000000000e+00
g8961_g30218_B,100,0,90,1.8237345539e-01,8.6647892328e-01,9.9999999820e-01,1.0000000000e+00,1.0000000000e+00,1.0000000000e+00
g8605_g30953_A,100,0,52,5.0161634135e-07,5.0161520907e-06,5.0160388642e-05,5.0149067866e-04,5.0036047273e-03,4.8924326185e-02
g4632_g25873_A,100,0,33,3.7576981355e-02,3.1819525956e-01,9.7829298209e-01,1.0000000000e+00,1.0000000000e+00,1.0000000000e+00
g7928_g11622_C,3,0,16,5.6457519531e-04,5.6314299947e-03,5.4908435744e-02,4.3148900630e-01,9.9647313632e-01,1.0000000000e+00
g13885_II22964_A,100,0,100,1.9904817383e-10,1.9904817365e-09,1.9904817187e-08,1.9904815404e-07,1.9904797575e-06,1.9904619286e-05
g13999_II23192_A,100,0,100,1.9418482101e-09,1.9418481931e-08,1.9418480234e-07,1.9418463266e-06,1.9418293582e-05,1.9416596854e-04
g18281_II25578_B,100,0,56,1.4257602743e-07,1.4257593595e-06,1.4257502120e-05,1.4256587411e-04,1.4247444625e-03,1.4156445456e-02
g18474_II25664_B,100,0,52,1.0847088561e-07,1.0847083266e-06,1.0847030320e-05,1.0846500874e-04,1.0841208308e-03,1.0788471612e-02
g17882_II25761_B,100,0,51,1.5512796381e-07,1.5512785552e-06,1.5512677261e-05,1.5511594412e-04,1.5500771459e-03,1.5393093919e-02
g767_II25809_A,100,0,59,1.7921687245e-08,1.7921685800e-07,1.7921671347e-06,1.7921526813e-05,1.7920081567e-04,1.7905637651e-03
g776_II25881_A,100,0,55,9.7065822047e-09,9.7065817807e-08,9.7065775409e-07,9.7065351431e-06,9.7061111783e-05,9.7018728887e-04
g21893_II28753_A,3,0,6,5.7812500000e-01,9.9982141791e-01,1.0000000000e+00,1.0000000000e+00,1.0000000000e+00,1.0000000000e+00
g24069_II32498_B,100,0,48,5.2243573932e-03,5.1032303687e-02,4.0773742681e-01,9.9468940855e-01,1.0000000000e+00,1.0000000000e+00
g23969_II32626_A,100,0,48,3.8115830769e-03,3.7468664234e-02,3.1742752501e-01,9.7804731165e-01,1.0000000000e+00,1.0000000000e+00
g18247_II32669_A,100,0,48,1.3166381187e-03,1.3088645333e-02,1.2344038739e-01,7.3219753691e-01,9.9999810266e-01,1.0000000000e+00
g26865_II35714_B,100,0,54,3.3674214706e-07,3.3674163678e-06,3.3673653405e-05,3.3668551246e-04,3.3617586308e-03,3.3113554763e-02
g27551_II36667_A,100,0,34,2.7911612397e-01,9.6209878626e-01,1.0000000000e+00,1.0000000000e+00,1.0000000000e+00,1.0000000000e+00
g27567_II36732_A,100,0,34,2.7674073837e-01,9.6083122071e-01,1.0000000000e+00,1.0000000000e+00,1.0000000000e+00,1.0000000000e+00
g27897_II37311_A,100,0,48,2.4796993330e-06,2.4796716631e-05,2.4793949866e-04,2.4766304851e-03,2.4492103447e-02,2.1961683345e-01
g6087_g27811_A,100,0,53,2.7260202463e-03,2.6928218425e-02,2.3888762204e-01,9.3476392111e-01,1.0000000000e+00,1.0000000000e+00
g27824_II37357_A,100,0,48,2.5515335191e-01,9.4743838785e-01,1.0000000000e+00,1.0000000000e+00,1.0000000000e+00,1.0000000000e+00
g28384_II37823_A,100,0,48,4.6875144153e-01,9.9820948631e-01,1.0000000000e+00,1.0000000000e+00,1.0000000000e+00,1.0000000000e+00
g15962_II38833_A,100,0,80,3.6938774904e-02,3.1366052863e-01,9.7680524664e-01,1.0000000000e+00,1.0000000000e+00,1.0000000000e+00
g15913_II39367_B,100,0,80,4.7077481720e-02,3.8258681776e-01,9.9195068399e-01,1.0000000000e+00,1.0000000000e+00,1.0000000000e+00
g29710_II39386_A,100,0,48,4.6894696846e-01,9.9821606542e-01,1.0000000000e+00,1.0000000000e+00,1.0000000000e+00,1.0000000000e+00
g29915_II39532_A,100,0,48,1.1809614762e-06,1.1809552002e-05,1.1808924427e-04,1.1802651121e-03,1.1740161853e-02,1.1138945125e-01
g6980_g13039_B,2,0,6,3.1250000000e-02,2.7202384333e-01,9.5820045528e-01,1.0000000000e+00,1.0000000000e+00,1.0000000000e+00
g7488_g13053_B,2,0,6,3.1250000000e-02,2.7202384333e-01,9.5820045528e-01,1.0000000000e+00,1.0000000000e+00,1.0000000000e+00
g3834_g11694_B,2,0,6,3.1250000000e-02,2.7202384333e-01,9.5820045528e-01,1.0000000000e+00,1.0000000000e+00,1.0000000000e+00
g7085_g21772_B,2,0,14,1.2207031250e-04,1.2200327910e-03,1.2133563764e-02,1.1492046122e-01,7.0499932570e-01,9.9999500851e-01
g7085_g21781_B,2,0,14,1.2207031250e-04,1.2200327910e-03,1.2133563764e-02,1.1492046122e-01,7.0499932570e-01,9.9999500851e-01
g325_g5678_A,100,0,62,5.9087696519e-08,5.9087680808e-07,5.9087523697e-06,5.9085952621e-05,5.9070244922e-04,5.8913473780e-03
g3678_g10249_A,100,0,81,6.9103035028e-07,6.9102820143e-06,6.9100671342e-05,6.9079188239e-04,6.8864846289e-03,6.6769502590e-02
g4879_g10415_B,100,0,52,6.0333917672e-03,5.8721914848e-02,4.5401655363e-01,9.9764606343e-01,1.0000000000e+00,1.0000000000e+00
g7426_g10479_A,100,0,58,4.3895604228e-03,4.3038605333e-02,3.5591352435e-01,9.8771311480e-01,1.0000000000e+00,1.0000000000e+00
g5327_g10678_B,100,0,54,1.1260243293e-09,1.1260243236e-08,1.1260242666e-07,1.1260236960e-06,1.1260179903e-05,1.1259609358e-04
g6912_g10678_A,100,0,43,5.7947670484e-07,5.7947519378e-06,5.7946008339e-05,5.7930900844e-04,5.7780114389e-03,5.6300686371e-02
g7358_g10727_A,100,0,43,1.0131793715e-07,1.0131789096e-06,1.0131742902e-05,1.0131280979e-04,1.0126663299e-03,1.0080640507e-02
g5375_g10729_B,100,0,54,1.0272316331e-09,1.0272316283e-08,1.0272315809e-07,1.0272311060e-06,1.0272263576e-05,1.0271788752e-04
g7471_g15780_A,1,0,13,1.2207031250e-04,1.2200327910e-03,1.2133563764e-02,1.1492046122e-01,7.0499932570e-01,9.9999500851e-01
g14991_II24738_B,100,0,56,1.6799833702e-07,1.6799821001e-06,1.6799693997e-05,1.6798424020e-04,1.6785731289e-03,1.6659504824e-02
g14936_II24758_A,100,0,56,2.8909926186e-07,2.8909888576e-06,2.8909512477e-05,2.8905751848e-04,2.8868181403e-03,2.8496036467e-02
g1326_g19666_A,1,0,5,3.1250000000e-02,2.7202384333e-01,9.5820045528e-01,1.0000000000e+00,1.0000000000e+00,1.0000000000e+00
g1352_g19847_A,1,0,5,3.1250000000e-02,2.7202384333e-01,9.5820045528e-01,1.0000000000e+00,1.0000000000e+00,1.0000000000e+00
g2753_g19940_A,1,0,5,3.1250000000e-02,2.7202384333e-01,9.5820045528e-01,1.0000000000e+00,1.0000000000e+00,1.0000000000e+00
g18656_II26528_A,100,0,49,2.3348375180e-06,2.3348129865e-05,2.3345676910e-04,2.3321166244e-03,2.3077937553e-02,2.0822975533e-01
g18670_II26558_B,100,0,46,9.1017682280e-08,9.1017645001e-07,9.1017272212e-06,9.1013544438e-05,9.0976277890e-04,9.0604729290e-03
g18772_II26627_B,100,0,55,6.6127086029e-07,6.6126889254e-06,6.6124921544e-05,6.6105248740e-04,6.5908949311e-03,6.3988117768e-02
g18670_II26639_B,100,0,53,4.2930014388e-07,4.2929931454e-06,4.2929102122e-05,4.2920809987e-04,4.2838005981e-03,4.2021576400e-02
g14849_II26645_A,100,0,56,1.0731787370e-06,1.0731735543e-05,1.0731217292e-04,1.0726036619e-03,1.0674412884e-02,1.0175995102e-01
g18772_II26690_B,100,0,53,4.1617366264e-07,4.1617288324e-06,4.1616508933e-05,4.1608716096e-04,4.1530894641e-03,4.0763261606e-02
g18772_II26745_A,100,0,53,1.0371803683e-07,1.0371798842e-06,1.0371750433e-05,1.0371266367e-04,1.0366427363e-03,1.0318202535e-02
g3554_g21695_A,1,0,5,3.1250000000e-02,2.7202384333e-01,9.5820045528e-01,1.0000000000e+00,1.0000000000e+00,1.0000000000e+00
g9216_g15618_B,3,0,18,2.6702880859e-05,2.6699672391e-04,2.6667615957e-03,2.6349858386e-02,2.3435171594e-01,9.3077019069e-01
g6180_g26962_A,2,0,14,1.8310546875e-04,1.8295466814e-03,1.8145573491e-02,1.6733363113e-01,8.3978239332e-01,9.9999998885e-01
g13958_II24188_A,100,0,52,2.3248988068e-08,2.3248985636e-07,2.3248961313e-06,2.3248718083e-05,2.3246285970e-04,2.3221983497e-03
g13974_II24387_B,100,0,52,6.2579723625e-08,6.2579706002e-07,6.2579529773e-06,6.2577767513e-05,6.2560148557e-04,6.2384322303e-03
g14637_II24679_A,100,0,52,3.1076323959e-08,3.1076319613e-07,3.1076276155e-06,3.1075841578e-05,3.1071496252e-04,3.1028087525e-03
g18379_II25616_B,100,0,50,1.8621631170e-07,1.8621615566e-06,1.8621459523e-05,1.8619899186e-04,1.8604305401e-03,1.8449321529e-02
g18474_II25666_A,100,0,51,1.2051532394e-07,1.2051525858e-06,1.2051460501e-05,1.2050806952e-04,1.2044274064e-03,1.1979204245e-02
g17882_II25763_A,100,0,49,1.9926710593e-07,1.9926692724e-06,1.9926514042e-05,1.9924727341e-04,1.9906872065e-03,1.9729487827e-02
g6912_g10677_B,30,0,9,1.2500000000e-01,7.3692442384e-01,9.9999841217e-01,1.0000000000e+00,1.0000000000e+00,1.0000000000e+00
g7162_g10679_B,30,0,9,1.2500000000e-01,7.3692442384e-01,9.9999841217e-01,1.0000000000e+00,1.0000000000e+00,1.0000000000e+00
g3554_g10679_A,30,0,9,1.2500000000e-01,7.3692442384e-01,9.9999841217e-01,1.0000000000e+00,1.0000000000e+00,1.0000000000e+00
g7358_g10708_B,30,0,9,1.2500000000e-01,7.3692442384e-01,9.9999841217e-01,1.0000000000e+00,1.0000000000e+00,1.0000000000e+00
g7358_g10726_B,30,0,9,1.2500000000e-01,7.3692442384e-01,9.9999841217e-01,1.0000000000e+00,1.0000000000e+00,1.0000000000e+00
g3866_g10763_A,30,0,9,1.2500000000e-01,7.3692442384e-01,9.9999841217e-01,1.0000000000e+00,1.0000000000e+00,1.0000000000e+00
g7265_g12538_B,100,0,58,3.4694469520e-16,3.4694469520e-15,3.4694469520e-14,3.4694469520e-13,3.4694469519e-12,3.4694469519e-11
g6678_g13026_B,2,0,6,3.1250000000e-02,2.7202384333e-01,9.5820045528e-01,1.0000000000e+00,1.0000000000e+00,1.0000000000e+00
g6678_g13044_B,2,0,6,3.1250000000e-02,2.7202384333e-01,9.5820045528e-01,1.0000000000e+00,1.0000000000e+00,1.0000000000e+00
g9534_g11683_A,10,0,6,2.1875000000e-01,9.1529670527e-01,9.9999999998e-01,1.0000000000e+00,1.0000000000e+00,1.0000000000e+00
g6678_g13071_B,2,0,6,3.1250000000e-02,2.7202384333e-01,9.5820045528e-01,1.0000000000e+00,1.0000000000e+00,1.0000000000e+00
g9534_g13087_A,10,0,6,2.1875000000e-01,9.1529670527e-01,9.9999999998e-01,1.0000000000e+00,1.0000000000e+00,1.0000000000e+00
g9676_g13062_A,10,0,6,2.1875000000e-01,9.1529670527e-01,9.9999999998e-01,1.0000000000e+00,1.0000000000e+00,1.0000000000e+00
g9822_g13078_A,10,0,6,2.1875000000e-01,9.1529670527e-01,9.9999999998e-01,1.0000000000e+00,1.0000000000e+00,1.0000000000e+00
g6912_g13089_B,100,0,53,1.9042968877e-02,1.7491281112e-01,8.5378280817e-01,9.9999999553e-01,1.0000000000e+00,1.0000000000e+00
g9676_g13116_A,100,0,53,1.9372558619e-01,8.8390091905e-01,9.9999999956e-01,1.0000000000e+00,1.0000000000e+00,1.0000000000e+00
g9968_g13121_A,10,0,6,2.1875000000e-01,9.1529670527e-01,9.9999999998e-01,1.0000000000e+00,1.0000000000e+00,1.0000000000e+00
g9676_g13125_A,10,0,6,2.1875000000e-01,9.1529670527e-01,9.9999999998e-01,1.0000000000e+00,1.0000000000e+00,1.0000000000e+00
g9676_g13134_A,10,0,6,2.1875000000e-01,9.1529670527e-01,9.9999999998e-01,1.0000000000e+00,1.0000000000e+00,1.0000000000e+00
g9822_g11719_A,10,0,6,2.1875000000e-01,9.1529670527e-01,9.9999999998e-01,1.0000000000e+00,1.0000000000e+00,1.0000000000e+00
g3678_g11724_B,100,0,53,1.9042969696e-02,1.7491281801e-01,8.5378282038e-01,9.9999999553e-01,1.0000000000e+00,1.0000000000e+00
g6232_g15758_B,2,0,4,1.2500000000e-01,7.3692442384e-01,9.9999841217e-01,1.0000000000e+00,1.0000000000e+00,1.0000000000e+00
g6519_g15723_B,2,0,4,1.2500000000e-01,7.3692442384e-01,9.9999841217e-01,1.0000000000e+00,1.0000000000e+00,1.0000000000e+00
g6783_g15810_B,2,0,4,1.2500000000e-01,7.3692442384e-01,9.9999841217e-01,1.0000000000e+00,1.0000000000e+00,1.0000000000e+00
g6574_g15920_B,2,0,4,1.2500000000e-01,7.3692442384e-01,9.9999841217e-01,1.0000000000e+00,1.0000000000e+00,1.0000000000e+00
g6363_g18085_B,4,0,7,2.3437500000e-02,2.1113909478e-01,9.0667363815e-01,9.9999999995e-01,1.0000000000e+00,1.0000000000e+00
g5929_g21246_B,10,0,8,1.2109375000e-01,7.2494121011e-01,9.9999752112e-01,1.0000000000e+00,1.0000000000e+00,1.0000000000e+00
g3722_g20779_B,2,0,14,1.2207031250e-04,1.2200327910e-03,1.2133563764e-02,1.1492046122e-01,7.0499932570e-01,9.9999500851e-01
g1457_g22936_B,10,0,9,6.0546875000e-02,4.6451026021e-01,9.9806129585e-01,1.0000000000e+00,1.0000000000e+00,1.0000000000e+00
g5556_g25038_B,100,0,30,4.4161382131e-02,3.6343064218e-01,9.8907409817e-01,1.0000000000e+00,1.0000000000e+00,1.0000000000e+00
g3338_g24448_B,100,0,31,1.6845742706e-02,1.5624445188e-01,8.1711991474e-01,9.9999995815e-01,1.0000000000e+00,1.0000000000e+00
g6486_g25053_B,100,0,29,4.8846378922e-04,4.8739150065e-03,4.7683948725e-02,3.8650497650e-01,9.9244715726e-01,1.0000000000e+00
g3494_g24454_B,100,0,31,1.6818083357e-02,1.5600704576e-01,8.1660469601e-01,9.9999995696e-01,1.0000000000e+00,1.0000000000e+00
g7195_g25037_B,100,0,31,1.2226142455e-02,1.1574957086e-01,7.0775116232e-01,9.9999545506e-01,1.0000000000e+00,1.0000000000e+00
g7265_g25039_B,100,0,27,2.3203387856e-02,2.0924591050e-01,9.0440955880e-01,9.9999999994e-01,1.0000000000e+00,1.0000000000e+00
g3338_g24457_B,100,0,29,9.9488999695e-03,9.5151008957e-02,6.3207350379e-01,9.9995454197e-01,1.0000000000e+00,1.0000000000e+00
g3774_g24462_B,100,0,27,1.0601725429e-01,6.7394462204e-01,9.9998641957e-01,1.0000000000e+00,1.0000000000e+00,1.0000000000e+00
g3618_g24465_B,100,0,28,5.0058402121e-03,4.8945694039e-02,3.9458502081e-01,9.9338497301e-01,1.0000000000e+00,1.0000000000e+00
g3774_g24471_B,100,0,28,6.9308131933e-03,6.7185975220e-02,5.0117217536e-01,9.9904609153e-01,1.0000000000e+00,1.0000000000e+00
g3806_g24475_B,100,0,29,4.5778136700e-03,4.4846520097e-02,3.6797883390e-01,9.8983011063e-01,1.0000000000e+00,1.0000000000e+00
g4456_g25870_A,100,0,34,4.0907335002e-02,3.4142430960e-01,9.8465181737e-01,1.0000000000e+00,1.0000000000e+00,1.0000000000e+00
g6216_g25684_B,4,0,13,3.6621093750e-04,3.6560802945e-03,3.5965118512e-02,3.0668997208e-01,9.7433892665e-01,1.0000000000e+00
g5438_g27118_B,100,0,31,2.6864605024e-02,2.3838990755e-01,9.3433606505e-01,1.0000000000e+00,1.0000000000e+00,1.0000000000e+00
g3462_g27627_B,100,0,95,1.2794881821e-10,1.2794881813e-09,1.2794881740e-08,1.2794881003e-07,1.2794873636e-06,1.2794799967e-05
g3774_g27630_B,100,0,95,6.7650260394e-12,6.7650260392e-11,6.7650260371e-10,6.7650260165e-09,6.7650258106e-08,6.7650237511e-07
g903_g8339_B,100,0,114,1.9792823602e-02,1.8119822036e-01,8.6454726480e-01,9.9999999792e-01,1.0000000000e+00,1.0000000000e+00
g921_g8438_B,100,0,113,2.1445184569e-02,1.9489674167e-01,8.8557633799e-01,9.9999999962e-01,1.0000000000e+00,1.0000000000e+00
g261_g8486_B,100,0,115,1.0100198322e-02,9.6532837175e-02,6.3765378899e-01,9.9996098449e-01,1.0000000000e+00,1.0000000000e+00
g873_g8504_B,100,0,114,2.9752823234e-02,2.6069460232e-01,9.5122033988e-01,1.0000000000e+00,1.0000000000e+00,1.0000000000e+00
g420_g9893_B,4,0,6,1.4062500000e-01,7.8030146796e-01,9.9999973802e-01,1.0000000000e+00,1.0000000000e+00,1.0000000000e+00
g7466_g10186_B,100,0,208,2.3189421625e-03,2.2948924807e-02,2.0718351856e-01,9.0188696757e-01,9.9999999992e-01,1.0000000000e+00
g6448_g10197_A,100,0,28,1.3156705722e-01,7.5601513071e-01,9.9999925247e-01,1.0000000000e+00,1.0000000000e+00,1.0000000000e+00
g4592_g10279_B,4,0,6,1.4062500000e-01,7.8030146796e-01,9.9999973802e-01,1.0000000000e+00,1.0000000000e+00,1.0000000000e+00
g6486_g10285_A,4,0,6,1.4062500000e-01,7.8030146796e-01,9.9999973802e-01,1.0000000000e+00,1.0000000000e+00,1.0000000000e+00
g4769_g10372_B,4,0,6,1.4062500000e-01,7.8030146796e-01,9.9999973802e-01,1.0000000000e+00,1.0000000000e+00,1.0000000000e+00
g4794_g10383_B,100,0,70,7.5929198662e-05,7.5903260320e-04,7.5644525664e-03,7.3120843271e-02,5.3201583275e-01,9.9949613800e-01
g4936_g10448_B,100,0,70,8.9813139496e-05,8.9776849388e-04,8.9415021614e-03,8.5901708100e-02,5.9268634099e-01,9.9987431318e-01
g6980_g10448_A,100,0,58,9.2127626238e-05,9.2089441872e-04,9.1708756578e-03,8.8015122057e-02,6.0200614061e-01,9.9990028426e-01
g7195_g10458_A,100,0,59,6.6118405317e-02,4.9543379092e-01,9.9893049794e-01,1.0000000000e+00,1.0000000000e+00,1.0000000000e+00
g6448_g10485_A,76,0,25,9.2773437500e-03,8.8994608334e-02,6.0626005802e-01,9.9991044399e-01,1.0000000000e+00,1.0000000000e+00
g5159_g10567_B,4,0,6,1.4062500000e-01,7.8030146796e-01,9.9999973802e-01,1.0000000000e+00,1.0000000000e+00,1.0000000000e+00
g6751_g10569_A,100,0,54,1.0671572696e-01,6.7648316910e-01,9.9998744060e-01,1.0000000000e+00,1.0000000000e+00,1.0000000000e+00
g5193_g10587_B,100,0,80,2.0265907042e-07,2.0265888560e-06,2.0265703743e-05,2.0263855699e-04,2.0245387607e-03,2.0061935785e-02
g7391_g10595_A,100,0,59,6.5862839034e-02,4.9405129205e-01,9.9890082989e-01,1.0000000000e+00,1.0000000000e+00,1.0000000000e+00
g3678_g10627_A,100,0,58,4.5966078741e-05,4.5956571945e-04,4.5861648031e-03,4.4926650044e-02,3.6850885038e-01,9.8991507477e-01
g7358_g10628_A,100,0,79,7.9663095681e-08,7.9663067123e-07,7.9662781545e-06,7.9659925834e-05,7.9631376232e-04,7.9346629311e-03
g5269_g10637_B,4,0,6,1.4062500000e-01,7.8030146796e-01,9.9999973802e-01,1.0000000000e+00,1.0000000000e+00,1.0000000000e+00
g8427_g11637_B,7,0,16,1.2402343750e-01,7.3397352243e-01,9.9999822479e-01,1.0000000000e+00,1.0000000000e+00,1.0000000000e+00
g8090_g11966_A,1,0,2,2.5000000000e-01,9.4368648529e-01,1.0000000000e+00,1.0000000000e+00,1.0000000000e+00,1.0000000000e+00
g8805_g12186_B,1,0,3,1.2500000000e-01,7.3692442384e-01,9.9999841217e-01,1.0000000000e+00,1.0000000000e+00,1.0000000000e+00
g8617_g13634_B,1,0,3,1.2500000000e-01,7.3692442384e-01,9.9999841217e-01,1.0000000000e+00,1.0000000000e+00,1.0000000000e+00
g8640_g13656_B,1,0,3,1.2500000000e-01,7.3692442384e-01,9.9999841217e-01,1.0000000000e+00,1.0000000000e+00,1.0000000000e+00
g5366_g13862_A,1,0,2,2.5000000000e-01,9.4368648529e-01,1.0000000000e+00,1.0000000000e+00,1.0000000000e+00,1.0000000000e+00
g7643_g13952_A,1,0,2,2.5000000000e-01,9.4368648529e-01,1.0000000000e+00,1.0000000000e+00,1.0000000000e+00,1.0000000000e+00
g7745_g14228_A,1,0,2,2.5000000000e-01,9.4368648529e-01,1.0000000000e+00,1.0000000000e+00,1.0000000000e+00,1.0000000000e+00
g7916_g15452_A,1,0,2,2.5000000000e-01,9.4368648529e-01,1.0000000000e+00,1.0000000000e+00,1.0000000000e+00,1.0000000000e+00
g5346_g16069_A,1,0,2,2.5000000000e-01,9.4368648529e-01,1.0000000000e+00,1.0000000000e+00,1.0000000000e+00,1.0000000000e+00
g7349_g17090_A,1,0,2,2.5000000000e-01,9.4368648529e-01,1.0000000000e+00,1.0000000000e+00,1.0000000000e+00,1.0000000000e+00
g3945_g17353_A,4,0,5,4.6875000000e-01,9.9820943772e-01,1.0000000000e+00,1.0000000000e+00,1.0000000000e+00,1.0000000000e+00
g4026_g17398_A,4,0,5,4.6875000000e-01,9.9820943772e-01,1.0000000000e+00,1.0000000000e+00,1.0000000000e+00,1.0000000000e+00
g4351_g17577_A,4,0,5,4.6875000000e-01,9.9820943772e-01,1.0000000000e+00,1.0000000000e+00,1.0000000000e+00,1.0000000000e+00
g4447_g17634_A,4,0,5,4.6875000000e-01,9.9820943772e-01,1.0000000000e+00,1.0000000000e+00,1.0000000000e+00,1.0000000000e+00
g4523_g17675_A,4,0,5,4.6875000000e-01,9.9820943772e-01,1.0000000000e+00,1.0000000000e+00,1.0000000000e+00,1.0000000000e+00
g8802_g19236_B,100,0,12,3.6865234375e-02,3.1313625131e-01,9.7662745752e-01,1.0000000000e+00,1.0000000000e+00,1.0000000000e+00
g8065_g19560_A,2,0,3,3.7500000000e-01,9.9090505298e-01,1.0000000000e+00,1.0000000000e+00,1.0000000000e+00,1.0000000000e+00
g8153_g19571_A,2,0,3,3.7500000000e-01,9.9090505298e-01,1.0000000000e+00,1.0000000000e+00,1.0000000000e+00,1.0000000000e+00
g8161_g19572_A,2,0,3,3.7500000000e-01,9.9090505298e-01,1.0000000000e+00,1.0000000000e+00,1.0000000000e+00,1.0000000000e+00
g4055_g19637_A,2,0,3,3.7500000000e-01,9.9090505298e-01,1.0000000000e+00,1.0000000000e+00,1.0000000000e+00,1.0000000000e+00
g2072_g19676_A,1,0,5,3.1250000000e-02,2.7202384333e-01,9.5820045528e-01,1.0000000000e+00,1.0000000000e+00,1.0000000000e+00
g2026_g19785_A,1,0,5,3.1250000000e-02,2.7202384333e-01,9.5820045528e-01,1.0000000000e+00,1.0000000000e+00,1.0000000000e+00
g4714_g19824_A,2,0,3,3.7500000000e-01,9.9090505298e-01,1.0000000000e+00,1.0000000000e+00,1.0000000000e+00,1.0000000000e+00
g3028_g19944_A,9,0,11,2.4951171875e-01,9.4331878488e-01,1.0000000000e+00,1.0000000000e+00,1.0000000000e+00,1.0000000000e+00
g9356_g21284_A,1,0,3,1.2500000000e-01,7.3692442384e-01,9.9999841217e-01,1.0000000000e+00,1.0000000000e+00,1.0000000000e+00
g9342_g21397_A,1,0,3,1.2500000000e-01,7.3692442384e-01,9.9999841217e-01,1.0000000000e+00,1.0000000000e+00,1.0000000000e+00
g6568_g21444_A,2,0,7,2.3437500000e-02,2.1113909478e-01,9.0667363815e-01,9.9999999995e-01,1.0000000000e+00,1.0000000000e+00
g6832_g21486_A,2,0,7,2.3437500000e-02,2.1113909478e-01,9.0667363815e-01,9.9999999995e-01,1.0000000000e+00,1.0000000000e+00
g7583_g22841_A,1,0,6,1.5625000000e-02,1.4570915024e-01,7.9295843252e-01,9.9999985526e-01,1.0000000000e+00,1.0000000000e+00
g9641_g23824_B,11,0,21,1.2994146347e-01,7.5140938755e-01,9.9999909875e-01,1.0000000000e+00,1.0000000000e+00,1.0000000000e+00
g7329_g23851_A,2,0,9,5.8593750000e-03,5.7072691692e-02,4.4437454227e-01,9.9719572009e-01,1.0000000000e+00,1.0000000000e+00
g8700_g25269_B,10,0,9,2.0117187500e-01,8.9418835400e-01,9.9999999982e-01,1.0000000000e+00,1.0000000000e+00,1.0000000000e+00
g9371_g26236_B,100,0,25,1.4931657910e-01,8.0153693758e-01,9.9999990520e-01,1.0000000000e+00,1.0000000000e+00,1.0000000000e+00
g4471_g26259_A,28,0,18,2.8789520264e-01,9.6646957056e-01,1.0000000000e+00,1.0000000000e+00,1.0000000000e+00,1.0000000000e+00
g4476_g26263_A,18,0,19,3.8670349121e-01,9.9247156119e-01,1.0000000000e+00,1.0000000000e+00,1.0000000000e+00,1.0000000000e+00
g4865_g26351_A,28,0,18,2.8789520264e-01,9.6646957056e-01,1.0000000000e+00,1.0000000000e+00,1.0000000000e+00,1.0000000000e+00
g5027_g26396_A,18,0,19,3.8670349121e-01,9.9247156119e-01,1.0000000000e+00,1.0000000000e+00,1.0000000000e+00,1.0000000000e+00
g5176_g26445_A,18,0,19,3.8670349121e-01,9.9247156119e-01,1.0000000000e+00,1.0000000000e+00,1.0000000000e+00,1.0000000000e+00
g5238_g26464_A,18,0,19,3.8670349121e-01,9.9247156119e-01,1.0000000000e+00,1.0000000000e+00,1.0000000000e+00,1.0000000000e+00
g1439_g27365_A,33,0,14,4.9230957031e-01,9.9886239952e-01,1.0000000000e+00,1.0000000000e+00,1.0000000000e+00,1.0000000000e+00
g5642_g27770_A,5,0,14,1.8920898438e-03,1.8760608416e-02,1.7253478650e-01,8.4951353116e-01,9.9999999404e-01,1.0000000000e+00
g7809_g28411_A,100,0,65,3.6544804073e-01,9.8941546231e-01,1.0000000000e+00,1.0000000000e+00,1.0000000000e+00,1.0000000000e+00
g9170_g28426_B,100,0,32,1.4489616035e-01,7.9097965250e-01,9.9999984082e-01,1.0000000000e+00,1.0000000000e+00,1.0000000000e+00
g9264_g29053_A,100,0,58,3.9062873954e-03,3.8383319394e-02,3.2388607317e-01,9.8003824055e-01,1.0000000000e+00,1.0000000000e+00
g9174_g29008_A,100,0,60,1.5258845372e-02,1.4252614932e-01,7.8511364080e-01,9.9999979006e-01,1.0000000000e+00,1.0000000000e+00
g9216_g29038_A,100,0,63,5.8594157962e-03,5.7073078638e-02,4.4437682236e-01,9.9719583516e-01,1.0000000000e+00,1.0000000000e+00
g6104_g29748_A,100,0,26,1.0324478149e-02,9.8577720822e-02,6.4577200814e-01,9.9996889510e-01,1.0000000000e+00,1.0000000000e+00
g8987_g30220_B,100,0,81,1.7984062363e-01,8.6228458893e-01,9.9999999755e-01,1.0000000000e+00,1.0000000000e+00,1.0000000000e+00
g8952_g30390_B,100,0,83,1.6537692332e-01,8.3597732724e-01,9.9999998591e-01,1.0000000000e+00,1.0000000000e+00,1.0000000000e+00
g6119_g30588_A,100,0,63,2.6204076612e-03,2.5897231783e-02,2.3078494555e-01,9.2747666733e-01,1.0000000000e+00,1.0000000000e+00
g6119_g30597_A,100,0,63,2.1425267822e-03,2.1219874675e-02,1.9304108891e-01,8.8291150661e-01,9.9999999952e-01,1.0000000000e+00
g4456_g25852_A,100,0,34,3.7102634844e-02,3.1482740642e-01,9.7719658812e-01,1.0000000000e+00,1.0000000000e+00,1.0000000000e+00
g13936_II24399_A,100,0,100,7.2524505340e-07,7.2524268650e-06,7.2521901799e-05,7.2498238957e-04,7.2262175879e-03,6.9957069097e-02
g14559_II24667_A,100,0,100,7.2881580243e-08,7.2881556340e-07,7.2881317313e-06,7.2878927101e-05,7.2855030724e-04,7.2616640680e-03
g17937_II25653_B,100,0,49,1.4361557987e-07,1.4361548706e-06,1.4361455892e-05,1.4360527796e-04,1.4351251235e-03,1.4258923751e-02
g18509_II25819_B,100,0,50,5.0574726629e-08,5.0574715119e-07,5.0574600018e-06,5.0573449028e-05,5.0561941048e-04,5.0447053081e-03
g14079_II28189_A,21,0,21,3.3521652222e-04,3.3471130845e-03,3.2971461915e-02,2.8485697393e-01,9.6501119754e-01,1.0000000000e+00
g21893_II28754_A,7,0,10,5.9570312500e-02,4.5891772814e-01,9.9784903646e-01,1.0000000000e+00,1.0000000000e+00,1.0000000000e+00
g23937_II32586_B,100,0,48,5.2237208638e-03,5.1026231488e-02,4.0769952837e-01,9.9468600937e-01,1.0000000000e+00,1.0000000000e+00
g23998_II32661_A,100,0,48,3.3418320250e-03,3.2920219832e-02,2.8447793488e-01,9.6482530747e-01,1.0000000000e+00,1.0000000000e+00
g26865_II35716_A,100,0,48,4.6875102131e-01,9.9820947215e-01,1.0000000000e+00,1.0000000000e+00,1.0000000000e+00,1.0000000000e+00
g27078_II35944_A,100,0,34,3.2799249981e-01,9.8121802743e-01,1.0000000000e+00,1.0000000000e+00,1.0000000000e+00,1.0000000000e+00
g15923_II36289_B,100,0,47,7.4859190467e-02,5.4071909623e-01,9.9958237750e-01,1.0000000000e+00,1.0000000000e+00,1.0000000000e+00
g27529_II36591_A,61,0,30,4.3394168001e-01,9.9662237227e-01,1.0000000000e+00,1.0000000000e+00,1.0000000000e+00,1.0000000000e+00
g27814_II37295_B,100,0,48,1.5628015717e-06,1.5627905812e-05,1.5626806816e-04,1.5615822525e-03,1.5506543975e-02,1.4468057155e-01
g27897_II37312_A,100,0,48,6.2727713157e-07,6.2727536093e-06,6.2725765488e-05,6.2708063102e-04,6.2531405128e-03,6.0800848025e-02
g15981_II38841_B,100,0,74,2.5241876404e-02,2.2559413639e-01,9.2243133326e-01,9.9999999999e-01,1.0000000000e+00,1.0000000000e+00
g29748_II39340_A,100,0,48,3.0695900932e-07,3.0695858531e-06,3.0695434529e-05,3.0691194932e-04,3.0648841880e-03,3.0229570043e-02
g29732_II39347_A,100,0,48,1.9452934339e-06,1.9452764052e-05,1.9451061296e-04,1.9434044653e-03,1.9264965510e-02,1.7677813398e-01
g15913_II39369_A,100,0,70,6.3359642658e-02,4.8032878158e-01,9.9856356280e-01,1.0000000000e+00,1.0000000000e+00,1.0000000000e+00
g15942_II39375_B,100,0,74,4.3896086707e-02,3.6166161948e-01,9.8876664265e-01,1.0000000000e+00,1.0000000000e+00,1.0000000000e+00
g15971_II39391_B,100,0,62,3.4680223307e-02,2.9739370333e-01,9.7068294271e-01,1.0000000000e+00,1.0000000000e+00,1.0000000000e+00
g29915_II39533_A,100,0,51,4.6875248256e-01,9.9820952140e-01,1.0000000000e+00,1.0000000000e+00,1.0000000000e+00,1.0000000000e+00
g7488_g13054_B,2,0,6,3.1250000000e-02,2.7202384333e-01,9.5820045528e-01,1.0000000000e+00,1.0000000000e+00,1.0000000000e+00
g3834_g11695_B,2,0,6,3.1250000000e-02,2.7202384333e-01,9.5820045528e-01,1.0000000000e+00,1.0000000000e+00,1.0000000000e+00
g7488_g13081_B,2,0,6,3.1250000000e-02,2.7202384333e-01,9.5820045528e-01,1.0000000000e+00,1.0000000000e+00,1.0000000000e+00
g6369_g21760_B,2,0,14,1.2207031250e-04,1.2200327910e-03,1.2133563764e-02,1.1492046122e-01,7.0499932570e-01,9.9999500851e-01
g6838_g21804_B,100,0,21,4.7683715820e-05,4.7673485306e-04,4.7571340964e-03,4.6565788070e-02,3.7926345315e-01,9.9150676464e-01
g65_g26458_B,10,0,13,3.7841796875e-03,3.7203856033e-02,3.1554732931e-01,9.7743505786e-01,1.0000000000e+00,1.0000000000e+00
g337_g5676_A,100,0,62,1.0995633206e-07,1.0995627766e-06,1.0995573359e-05,1.0995029313e-04,1.0989590828e-03,1.0935402791e-02
g337_g5757_A,100,0,62,8.9346499983e-08,8.9346464061e-07,8.9346104836e-06,8.9342512695e-05,8.9306601870e-04,8.8948550161e-03
g6838_g10078_A,100,0,100,1.6798114289e-09,1.6798114162e-08,1.6798112892e-07,1.6798100194e-06,1.6797973216e-05,1.6796703499e-04
g6838_g10258_A,100,0,100,1.3863186156e-09,1.3863186069e-08,1.3863185204e-07,1.3863176556e-06,1.3863090072e-05,1.3862225270e-04
g4982_g10466_B,100,0,96,7.4938224029e-11,7.4938224004e-10,7.4938223751e-09,7.4938221224e-08,7.4938195953e-07,7.4937943246e-06
g5227_g10599_B,100,0,68,5.8966100636e-03,5.7425801106e-02,4.4645175737e-01,9.9729881230e-01,1.0000000000e+00,1.0000000000e+00
g3678_g10745_A,100,0,43,6.8507279138e-07,6.8507067943e-06,6.8504956033e-05,6.8483841710e-04,6.8273175033e-03,6.6213358996e-02
g18758_II25291_C,100,0,56,1.0139777196e-07,1.0139772569e-06,1.0139726302e-05,1.0139263652e-04,1.0134638692e-03,1.0088543478e-02
g18679_II25291_A,100,0,56,3.2842365272e-07,3.2842316734e-06,3.2841831360e-05,3.2836978149e-04,3.2788498592e-03,3.2308915930e-02
g8614_g19155_B,1,0,13,1.2207031250e-04,1.2200327910e-03,1.2133563764e-02,1.1492046122e-01,7.0499932570e-01,9.9999500851e-01
g1378_g19615_A,1,0,5,3.1250000000e-02,2.7202384333e-01,9.5820045528e-01,1.0000000000e+00,1.0000000000e+00,1.0000000000e+00
g2727_g19760_A,1,0,5,3.1250000000e-02,2.7202384333e-01,9.5820045528e-01,1.0000000000e+00,1.0000000000e+00,1.0000000000e+00
g2734_g19861_A,1,0,5,3.1250000000e-02,2.7202384333e-01,9.5820045528e-01,1.0000000000e+00,1.0000000000e+00,1.0000000000e+00
g2760_g19952_A,1,0,5,3.1250000000e-02,2.7202384333e-01,9.5820045528e-01,1.0000000000e+00,1.0000000000e+00,1.0000000000e+00
g13724_II26599_C,100,0,49,1.6909802980e-07,1.6909790113e-06,1.6909661440e-05,1.6908374783e-04,1.6895515391e-03,1.6767636141e-02
g13687_II26645_C,100,0,56,1.7130267338e-07,1.7130254133e-06,1.7130122083e-05,1.7128801658e-04,1.7115604874e-03,1.6984379977e-02
g18728_II26645_B,100,0,54,6.6554457590e-07,6.6554258263e-06,6.6552265037e-05,6.6532337156e-04,6.6333495320e-03,6.4388057425e-02
g16266_II26676_C,100,0,56,7.2793980621e-07,7.2793742168e-06,7.2791357696e-05,7.2767518706e-04,7.2529700463e-03,7.0207659094e-02
g18670_II26695_A,100,0,53,9.6001457450e-08,9.6001415977e-07,9.6001001246e-06,9.5996854065e-05,9.5955395398e-04,9.5542119118e-03
g18728_II26708_B,100,0,56,3.6844771234e-08,3.6844765125e-07,3.6844704036e-06,3.6844093152e-05,3.6837985060e-04,3.6776978339e-03
g13946_II28096_C,100,0,70,4.8645068578e-07,4.8644962093e-06,4.8643897257e-05,4.8633250609e-04,4.8526954836e-03,4.7480862586e-02
g3866_g21735_A,1,0,5,3.1250000000e-02,2.7202384333e-01,9.5820045528e-01,1.0000000000e+00,1.0000000000e+00,1.0000000000e+00
g7570_g23944_A,1,0,13,1.2207031250e-04,1.2200327910e-03,1.2133563764e-02,1.1492046122e-01,7.0499932570e-01,9.9999500851e-01
g9507_g24752_A,1,0,13,1.2207031250e-04,1.2200327910e-03,1.2133563764e-02,1.1492046122e-01,7.0499932570e-01,9.9999500851e-01
g9427_g24760_A,1,0,13,1.2207031250e-04,1.2200327910e-03,1.2133563764e-02,1.1492046122e-01,7.0499932570e-01,9.9999500851e-01
g9711_g24773_A,1,0,13,1.2207031250e-04,1.2200327910e-03,1.2133563764e-02,1.1492046122e-01,7.0499932570e-01,9.9999500851e-01
g9941_g24840_A,1,0,13,1.2207031250e-04,1.2200327910e-03,1.2133563764e-02,1.1492046122e-01,7.0499932570e-01,9.9999500851e-01
g6216_g26963_A,2,0,13,3.6621093750e-04,3.6560802945e-03,3.5965118512e-02,3.0668997208e-01,9.7433892665e-01,1.0000000000e+00
g6212_g26967_A,2,0,14,1.8310546875e-04,1.8295466814e-03,1.8145573491e-02,1.6733363113e-01,8.3978239332e-01,9.9999998885e-01
g18578_II26571_B,100,0,98,9.9947672361e-09,9.9947667865e-08,9.9947622912e-07,9.9947173385e-06,9.9942678258e-05,9.9897741810e-04
g7928_g11660_C,3,0,16,5.6457519531e-04,5.6314299947e-03,5.4908435744e-02,4.3148900630e-01,9.9647313632e-01,1.0000000000e+00
g7880_g13354_D,3,0,16,5.6457519531e-04,5.6314299947e-03,5.4908435744e-02,4.3148900630e-01,9.9647313632e-01,1.0000000000e+00
g13974_II24389_A,100,0,52,2.6784377161e-08,2.6784373932e-07,2.6784341649e-06,2.6784018821e-05,2.6780790825e-04,2.6748539379e-03
g18379_II25618_A,100,0,50,1.6339254216e-07,1.6339242203e-06,1.6339122066e-05,1.6337920767e-04,1.6325914255e-03,1.6206493974e-02
g17937_II25655_A,100,0,48,2.0140760171e-07,2.0140741917e-06,2.0140559375e-05,2.0138734084e-04,2.0120493294e-03,1.9939291904e-02
g3866_g10746_A,30,0,9,1.2500000000e-01,7.3692442384e-01,9.9999841217e-01,1.0000000000e+00,1.0000000000e+00,1.0000000000e+00
g3866_g10728_A,30,0,9,1.2500000000e-01,7.3692442384e-01,9.9999841217e-01,1.0000000000e+00,1.0000000000e+00,1.0000000000e+00
g8278_g13147_A,100,0,58,1.2500000775e-01,7.3692444713e-01,9.9999841217e-01,1.0000000000e+00,1.0000000000e+00,1.0000000000e+00
g8296_g12535_A,100,0,58,1.2500001534e-01,7.3692446994e-01,9.9999841217e-01,1.0000000000e+00,1.0000000000e+00,1.0000000000e+00
g8296_g13156_A,100,0,58,1.2500003131e-01,7.3692451798e-01,9.9999841217e-01,1.0000000000e+00,1.0000000000e+00,1.0000000000e+00
g9676_g13090_A,10,0,6,2.1875000000e-01,9.1529670527e-01,9.9999999998e-01,1.0000000000e+00,1.0000000000e+00,1.0000000000e+00
g9822_g11693_A,10,0,6,2.1875000000e-01,9.1529670527e-01,9.9999999998e-01,1.0000000000e+00,1.0000000000e+00,1.0000000000e+00
g9968_g11700_A,10,0,6,2.1875000000e-01,9.1529670527e-01,9.9999999998e-01,1.0000000000e+00,1.0000000000e+00,1.0000000000e+00
g9534_g13088_A,10,0,6,2.1875000000e-01,9.1529670527e-01,9.9999999998e-01,1.0000000000e+00,1.0000000000e+00,1.0000000000e+00
g7358_g13094_B,2,0,6,3.1250000000e-02,2.7202384333e-01,9.5820045528e-01,1.0000000000e+00,1.0000000000e+00,1.0000000000e+00
g6912_g13099_B,2,0,6,3.1250000000e-02,2.7202384333e-01,9.5820045528e-01,1.0000000000e+00,1.0000000000e+00,1.0000000000e+00
g9968_g13131_A,10,0,6,2.1875000000e-01,9.1529670527e-01,9.9999999998e-01,1.0000000000e+00,1.0000000000e+00,1.0000000000e+00
g9968_g13122_A,10,0,6,2.1875000000e-01,9.1529670527e-01,9.9999999998e-01,1.0000000000e+00,1.0000000000e+00,1.0000000000e+00
g9968_g13140_A,100,0,53,1.9433593854e-01,8.8477680501e-01,9.9999999959e-01,1.0000000000e+00,1.0000000000e+00,1.0000000000e+00
g9676_g11722_A,10,0,6,2.1875000000e-01,9.1529670527e-01,9.9999999998e-01,1.0000000000e+00,1.0000000000e+00,1.0000000000e+00
g9676_g13126_A,10,0,6,2.1875000000e-01,9.1529670527e-01,9.9999999998e-01,1.0000000000e+00,1.0000000000e+00,1.0000000000e+00
g6314_g15785_B,2,0,4,1.2500000000e-01,7.3692442384e-01,9.9999841217e-01,1.0000000000e+00,1.0000000000e+00,1.0000000000e+00
g6519_g15823_B,2,0,4,1.2500000000e-01,7.3692442384e-01,9.9999841217e-01,1.0000000000e+00,1.0000000000e+00,1.0000000000e+00
g6232_g15858_B,20,0,7,1.2500000000e-01,7.3692442384e-01,9.9999841217e-01,1.0000000000e+00,1.0000000000e+00,1.0000000000e+00
g7085_g15851_B,2,0,4,1.2500000000e-01,7.3692442384e-01,9.9999841217e-01,1.0000000000e+00,1.0000000000e+00,1.0000000000e+00
g6838_g15900_B,2,0,4,1.2500000000e-01,7.3692442384e-01,9.9999841217e-01,1.0000000000e+00,1.0000000000e+00,1.0000000000e+00
g6314_g15857_B,2,0,4,1.2500000000e-01,7.3692442384e-01,9.9999841217e-01,1.0000000000e+00,1.0000000000e+00,1.0000000000e+00
g7085_g15932_B,20,0,7,1.2500000000e-01,7.3692442384e-01,9.9999841217e-01,1.0000000000e+00,1.0000000000e+00,1.0000000000e+00
g7085_g15950_B,2,0,4,1.2500000000e-01,7.3692442384e-01,9.9999841217e-01,1.0000000000e+00,1.0000000000e+00,1.0000000000e+00
g6783_g21724_B,5,0,17,1.2207031250e-04,1.2200327910e-03,1.2133563764e-02,1.1492046122e-01,7.0499932570e-01,9.9999500851e-01
g3566_g20693_B,5,0,17,1.2207031250e-04,1.2200327910e-03,1.2133563764e-02,1.1492046122e-01,7.0499932570e-01,9.9999500851e-01
g83_g22876_B,10,0,9,6.0546875000e-02,4.6451026021e-01,9.9806129585e-01,1.0000000000e+00,1.0000000000e+00,1.0000000000e+00
g6945_g25045_B,100,0,29,1.0009920225e-02,9.5708543867e-02,6.3433425696e-01,9.9995725919e-01,1.0000000000e+00,1.0000000000e+00
g3494_g24464_B,100,0,29,3.9064269513e-03,3.8384666649e-02,3.2389554567e-01,9.8004103706e-01,1.0000000000e+00,1.0000000000e+00
g6448_g27117_B,100,0,32,2.5946738198e-02,2.3117579109e-01,9.2784432390e-01,1.0000000000e+00,1.0000000000e+00,1.0000000000e+00
g5473_g27408_B,100,0,95,1.0276238194e-11,1.0276238193e-10,1.0276238188e-09,1.0276238141e-08,1.0276237666e-07,1.0276232914e-06
g228_g8385_B,100,0,113,1.7366724824e-02,1.6070494023e-01,8.2656103711e-01,9.9999997537e-01,1.0000000000e+00,1.0000000000e+00
g7488_g10184_A,100,0,83,3.2885236578e-07,3.2885187914e-06,3.2884701272e-05,3.2879835382e-04,3.2831229252e-03,3.2350401236e-02
g4647_g10297_B,4,0,6,1.4062500000e-01,7.8030146796e-01,9.9999973802e-01,1.0000000000e+00,1.0000000000e+00,1.0000000000e+00
g4788_g10381_B,100,0,69,2.2905825678e-05,2.2903464777e-04,2.2879873597e-03,2.2645735263e-02,2.0471988479e-01,8.9879517062e-01
g6980_g10386_A,42,0,36,2.1969953814e-03,2.1754015974e-02,1.9743403794e-01,8.8913170530e-01,9.9999999972e-01,1.0000000000e+00
g4829_g10394_B,4,0,6,1.4062500000e-01,7.8030146796e-01,9.9999973802e-01,1.0000000000e+00,1.0000000000e+00,1.0000000000e+00
g4842_g10399_B,100,0,52,5.8756327032e-03,5.7226882195e-02,4.4528245058e-01,9.9724120737e-01,1.0000000000e+00,1.0000000000e+00
g4956_g10456_B,4,0,6,1.4062500000e-01,7.8030146796e-01,9.9999973802e-01,1.0000000000e+00,1.0000000000e+00,1.0000000000e+00
g5556_g10469_A,4,0,6,1.4062500000e-01,7.8030146796e-01,9.9999973802e-01,1.0000000000e+00,1.0000000000e+00,1.0000000000e+00
g5187_g10585_B,100,0,70,6.1170817956e-05,6.1153982292e-04,6.0985965014e-03,5.9339215990e-02,4.5758662822e-01,9.9779553162e-01
g2667_g10594_B,100,0,59,1.0139575247e-01,6.5669140942e-01,9.9997725705e-01,1.0000000000e+00,1.0000000000e+00,1.0000000000e+00
g1988_g10625_B,100,0,53,1.4027284120e-01,7.7939951482e-01,9.9999972706e-01,1.0000000000e+00,1.0000000000e+00,1.0000000000e+00
g7488_g10643_A,100,0,58,9.1669095288e-05,9.1631290027e-04,9.1254378585e-03,8.7596814427e-02,6.0017685677e-01,9.9989560510e-01
g5289_g10645_B,69,0,48,2.1968969805e-03,2.1753051251e-02,1.9742612319e-01,8.8912077120e-01,9.9999999972e-01,1.0000000000e+00
g1997_g10661_B,100,0,56,1.4059346304e-01,7.8022083066e-01,9.9999973705e-01,1.0000000000e+00,1.0000000000e+00,1.0000000000e+00
g3806_g10689_A,4,0,6,1.4062500000e-01,7.8030146796e-01,9.9999973802e-01,1.0000000000e+00,1.0000000000e+00,1.0000000000e+00
g8673_g13705_B,1,0,3,1.2500000000e-01,7.3692442384e-01,9.9999841217e-01,1.0000000000e+00,1.0000000000e+00,1.0000000000e+00
g7610_g13878_A,1,0,2,2.5000000000e-01,9.4368648529e-01,1.0000000000e+00,1.0000000000e+00,1.0000000000e+00,1.0000000000e+00
g7706_g14097_A,1,0,2,2.5000000000e-01,9.4368648529e-01,1.0000000000e+00,1.0000000000e+00,1.0000000000e+00,1.0000000000e+00
g7763_g14328_A,1,0,2,2.5000000000e-01,9.4368648529e-01,1.0000000000e+00,1.0000000000e+00,1.0000000000e+00,1.0000000000e+00
g5098_g15634_A,2,0,3,3.7500000000e-01,9.9090505298e-01,1.0000000000e+00,1.0000000000e+00,1.0000000000e+00,1.0000000000e+00
g4176_g17474_A,4,0,5,4.6875000000e-01,9.9820943772e-01,1.0000000000e+00,1.0000000000e+00,1.0000000000e+00,1.0000000000e+00
g4257_g17528_A,4,0,5,4.6875000000e-01,9.9820943772e-01,1.0000000000e+00,1.0000000000e+00,1.0000000000e+00,1.0000000000e+00
g6626_g17616_A,2,0,5,9.3750000000e-02,6.2633691437e-01,9.9994693576e-01,1.0000000000e+00,1.0000000000e+00,1.0000000000e+00
g4483_g17653_A,4,0,5,4.6875000000e-01,9.9820943772e-01,1.0000000000e+00,1.0000000000e+00,1.0000000000e+00,1.0000000000e+00
g4517_g17673_A,4,0,5,4.6875000000e-01,9.9820943772e-01,1.0000000000e+00,1.0000000000e+00,1.0000000000e+00,1.0000000000e+00
g4908_g17912_A,4,0,5,4.6875000000e-01,9.9820943772e-01,1.0000000000e+00,1.0000000000e+00,1.0000000000e+00,1.0000000000e+00
g5015_g17967_A,4,0,5,4.6875000000e-01,9.9820943772e-01,1.0000000000e+00,1.0000000000e+00,1.0000000000e+00,1.0000000000e+00
g5187_g18128_A,4,0,5,4.6875000000e-01,9.9820943772e-01,1.0000000000e+00,1.0000000000e+00,1.0000000000e+00,1.0000000000e+00
g4214_g19695_A,2,0,3,3.7500000000e-01,9.9090505298e-01,1.0000000000e+00,1.0000000000e+00,1.0000000000e+00,1.0000000000e+00
g4269_g19712_A,2,0,3,3.7500000000e-01,9.9090505298e-01,1.0000000000e+00,1.0000000000e+00,1.0000000000e+00,1.0000000000e+00
g4680_g19814_A,2,0,3,3.7500000000e-01,9.9090505298e-01,1.0000000000e+00,1.0000000000e+00,1.0000000000e+00,1.0000000000e+00
g4708_g19822_A,2,0,3,3.7500000000e-01,9.9090505298e-01,1.0000000000e+00,1.0000000000e+00,1.0000000000e+00,1.0000000000e+00
g4806_g19850_A,2,0,3,3.7500000000e-01,9.9090505298e-01,1.0000000000e+00,1.0000000000e+00,1.0000000000e+00,1.0000000000e+00
g2066_g19926_A,1,0,5,3.1250000000e-02,2.7202384333e-01,9.5820045528e-01,1.0000000000e+00,1.0000000000e+00,1.0000000000e+00
g2066_g19935_A,1,0,5,3.1250000000e-02,2.7202384333e-01,9.5820045528e-01,1.0000000000e+00,1.0000000000e+00,1.0000000000e+00
g9187_g21328_A,1,0,3,1.2500000000e-01,7.3692442384e-01,9.9999841217e-01,1.0000000000e+00,1.0000000000e+00,1.0000000000e+00
g9488_g21342_A,1,0,3,1.2500000000e-01,7.3692442384e-01,9.9999841217e-01,1.0000000000e+00,1.0000000000e+00,1.0000000000e+00
g9174_g21368_A,1,0,3,1.2500000000e-01,7.3692442384e-01,9.9999841217e-01,1.0000000000e+00,1.0000000000e+00,1.0000000000e+00
g9407_g21396_A,1,0,3,1.2500000000e-01,7.3692442384e-01,9.9999841217e-01,1.0000000000e+00,1.0000000000e+00,1.0000000000e+00
g9277_g21454_A,1,0,3,1.2500000000e-01,7.3692442384e-01,9.9999841217e-01,1.0000000000e+00,1.0000000000e+00,1.0000000000e+00
g9857_g21522_A,1,0,3,1.2500000000e-01,7.3692442384e-01,9.9999841217e-01,1.0000000000e+00,1.0000000000e+00,1.0000000000e+00
g4278_g23672_A,12,0,13,4.9987792969e-01,9.9902105069e-01,1.0000000000e+00,1.0000000000e+00,1.0000000000e+00,1.0000000000e+00
g9427_g24751_A,1,0,13,1.2207031250e-04,1.2200327910e-03,1.2133563764e-02,1.1492046122e-01,7.0499932570e-01,9.9999500851e-01
g9507_g24761_A,1,0,13,1.2207031250e-04,1.2200327910e-03,1.2133563764e-02,1.1492046122e-01,7.0499932570e-01,9.9999500851e-01
g5631_g25289_A,5,0,10,3.0273437500e-02,2.6465199493e-01,9.5376943666e-01,1.0000000000e+00,1.0000000000e+00,1.0000000000e+00
g4465_g26257_A,28,0,18,2.8789520264e-01,9.6646957056e-01,1.0000000000e+00,1.0000000000e+00,1.0000000000e+00,1.0000000000e+00
g9524_g26291_B,100,0,25,1.4789864421e-01,7.9820399545e-01,9.9999988802e-01,1.0000000000e+00,1.0000000000e+00,1.0000000000e+00
g9585_g26302_B,100,0,21,1.9503021240e-01,8.8576588911e-01,9.9999999962e-01,1.0000000000e+00,1.0000000000e+00,1.0000000000e+00
g4737_g26318_A,28,0,18,2.8789520264e-01,9.6646957056e-01,1.0000000000e+00,1.0000000000e+00,1.0000000000e+00,1.0000000000e+00
g4775_g26334_A,28,0,18,2.8789520264e-01,9.6646957056e-01,1.0000000000e+00,1.0000000000e+00,1.0000000000e+00,1.0000000000e+00
g4891_g26362_A,18,0,19,3.8670349121e-01,9.9247156119e-01,1.0000000000e+00,1.0000000000e+00,1.0000000000e+00,1.0000000000e+00
g4925_g26373_A,18,0,19,3.8670349121e-01,9.9247156119e-01,1.0000000000e+00,1.0000000000e+00,1.0000000000e+00,1.0000000000e+00
g8296_g26143_A,100,0,76,8.5450707139e-03,8.2238651898e-02,5.7606660166e-01,9.9981251077e-01,1.0000000000e+00,1.0000000000e+00
g4885_g27052_A,100,0,27,4.1867296398e-01,9.9559236916e-01,1.0000000000e+00,1.0000000000e+00,1.0000000000e+00,1.0000000000e+00
g8357_g27242_B,4,0,11,5.8593750000e-02,4.5327268444e-01,9.9761379514e-01,1.0000000000e+00,1.0000000000e+00,1.0000000000e+00
g1378_g27409_A,22,0,14,3.7481689453e-01,9.9087837247e-01,1.0000000000e+00,1.0000000000e+00,1.0000000000e+00,1.0000000000e+00
g4456_g23945_A,100,0,27,3.0510060489e-02,2.6644434872e-01,9.5488399124e-01,1.0000000000e+00,1.0000000000e+00,1.0000000000e+00
g1426_g28387_A,51,0,17,4.9562072754e-01,9.9893445374e-01,1.0000000000e+00,1.0000000000e+00,1.0000000000e+00,1.0000000000e+00
g7823_g28416_A,100,0,65,3.7624744060e-01,9.9108495774e-01,1.0000000000e+00,1.0000000000e+00,1.0000000000e+00,1.0000000000e+00
g9356_g29232_A,100,0,60,1.6357493544e-02,1.5204485860e-01,8.0781088905e-01,9.9999993125e-01,1.0000000000e+00,1.0000000000e+00
g8955_g30217_B,100,0,88,1.9677041454e-01,8.8821154209e-01,9.9999999970e-01,1.0000000000e+00,1.0000000000e+00,1.0000000000e+00
g8980_g30219_B,100,0,82,1.7988623428e-01,8.6236115597e-01,9.9999999756e-01,1.0000000000e+00,1.0000000000e+00,1.0000000000e+00
g8594_g30372_A,100,0,52,1.2126201909e-06,1.2126135739e-05,1.2125474066e-04,1.2118859985e-03,1.2052983070e-02,1.1419823294e-01
g18497_II26491_A,100,0,97,7.1893402342e-09,7.1893400017e-08,7.1893376758e-07,7.1893144168e-06,7.1890818332e-05,7.1867565486e-04
g14596_II24586_A,100,0,100,1.2123503119e-07,1.2123496505e-06,1.2123430364e-05,1.2122768987e-04,1.2116157855e-03,1.2050310267e-02
g14559_II24668_A,100,0,100,6.8428997279e-07,6.8428786565e-06,6.8426679479e-05,6.8405613376e-04,6.8195427270e-03,6.6140257530e-02
g18469_II25671_B,100,0,50,9.6967141872e-08,9.6967099560e-07,9.6966676443e-06,9.6962445411e-05,9.6920148627e-04,9.6498531097e-03
g17954_II25790_B,100,0,51,1.3194858184e-07,1.3194850349e-06,1.3194772003e-05,1.3193988571e-04,1.3186157667e-03,1.3108188522e-02
g23968_II32295_B,100,0,51,2.8586087428e-03,2.8221152620e-02,2.4894037543e-01,9.4288579208e-01,1.0000000000e+00,1.0000000000e+00
g17927_II32478_A,100,0,48,2.7733417701e-03,2.7389850927e-02,2.4249069720e-01,9.3778720590e-01,1.0000000000e+00,1.0000000000e+00
g17927_II32559_A,100,0,48,2.3120842145e-03,2.2881761331e-02,2.0663835991e-01,9.0121022864e-01,9.9999999991e-01,1.0000000000e+00
g23937_II32588_A,100,0,48,3.8109981433e-03,3.7463012508e-02,3.1738744513e-01,9.7803441788e-01,1.0000000000e+00,1.0000000000e+00
g23938_II32595_B,100,0,54,3.8478475130e-03,3.7818998951e-02,3.1990783440e-01,9.7883210271e-01,1.0000000000e+00,1.0000000000e+00
g23999_II32670_A,100,0,52,1.0231409294e-03,1.0184430808e-02,9.7301320523e-02,6.4072411200e-01,9.9996416720e-01,1.0000000000e+00
g26859_II35714_A,100,0,48,1.1838903902e-07,1.1838897594e-06,1.1838834523e-05,1.1838203832e-04,1.1831899384e-03,1.1769100511e-02
g27078_II35945_A,100,0,31,2.0382215269e-01,8.9764692448e-01,9.9999999987e-01,1.0000000000e+00,1.0000000000e+00,1.0000000000e+00
g27094_II35974_A,100,0,34,3.2095001824e-01,9.7915425510e-01,1.0000000000e+00,1.0000000000e+00,1.0000000000e+00,1.0000000000e+00
g4985_g27106_A,100,0,34,2.4354079831e-01,9.3864427380e-01,1.0000000000e+00,1.0000000000e+00,1.0000000000e+00,1.0000000000e+00
g27529_II36592_A,100,0,34,2.6958544482e-01,9.5677906187e-01,1.0000000000e+00,1.0000000000e+00,1.0000000000e+00,1.0000000000e+00
g27814_II37297_A,100,0,48,3.7622612581e-07,3.7622548885e-06,3.7621911936e-05,3.7615543238e-04,3.7551935255e-03,3.6923681609e-02
g28386_II37822_B,100,0,54,1.3660290321e-07,1.3660281924e-06,1.3660197953e-05,1.3659358279e-04,1.3650965323e-03,1.3567412872e-02
g15981_II38843_A,100,0,83,5.4700089727e-02,4.3023447629e-01,9.9639453182e-01,1.0000000000e+00,1.0000000000e+00,1.0000000000e+00
g29732_II39348_A,100,0,48,4.8940137276e-07,4.8940029495e-06,4.8938951702e-05,4.8928175514e-04,4.8820587467e-03,4.7761879843e-02
g15942_II39377_A,100,0,76,6.2022334755e-02,4.7286121343e-01,9.9834327767e-01,1.0000000000e+00,1.0000000000e+00,1.0000000000e+00
g15971_II39393_A,100,0,73,9.6126168033e-02,6.3601948660e-01,9.9995918862e-01,1.0000000000e+00,1.0000000000e+00,1.0000000000e+00
g7488_g13109_B,2,0,6,3.1250000000e-02,2.7202384333e-01,9.5820045528e-01,1.0000000000e+00,1.0000000000e+00,1.0000000000e+00
g7488_g13145_B,2,0,6,3.1250000000e-02,2.7202384333e-01,9.5820045528e-01,1.0000000000e+00,1.0000000000e+00,1.0000000000e+00
g6574_g21790_B,100,0,21,4.7683715820e-05,4.7673485306e-04,4.7571340964e-03,4.6565788070e-02,3.7926345315e-01,9.9150676464e-01
g3566_g20775_B,100,0,21,4.7683715820e-05,4.7673485306e-04,4.7571340964e-03,4.6565788070e-02,3.7926345315e-01,9.9150676464e-01
g7085_g21792_B,100,0,21,4.7683715820e-05,4.7673485306e-04,4.7571340964e-03,4.6565788070e-02,3.7926345315e-01,9.9150676464e-01
g3834_g10599_A,100,0,58,4.3902504900e-03,4.3045238103e-02,3.5595816507e-01,9.8772162801e-01,1.0000000000e+00,1.0000000000e+00
g5385_g10748_B,100,0,54,1.1396341648e-09,1.1396341590e-08,1.1396341005e-07,1.1396335161e-06,1.1396276717e-05,1.1395692296e-04
g9128_g12477_B,1,0,3,1.2500000000e-01,7.3692442384e-01,9.9999841217e-01,1.0000000000e+00,1.0000000000e+00,1.0000000000e+00
g8627_g19161_B,1,0,13,1.2207031250e-04,1.2200327910e-03,1.2133563764e-02,1.1492046122e-01,7.0499932570e-01,9.9999500851e-01
g1339_g19709_A,1,0,5,3.1250000000e-02,2.7202384333e-01,9.5820045528e-01,1.0000000000e+00,1.0000000000e+00,1.0000000000e+00
g1372_g19874_A,1,0,5,3.1250000000e-02,2.7202384333e-01,9.5820045528e-01,1.0000000000e+00,1.0000000000e+00,1.0000000000e+00
g18469_II26357_A,100,0,70,1.5474776717e-06,1.5474668956e-05,1.5473591407e-04,1.5462821410e-03,1.5355669388e-02,1.4336888181e-01
g2740_g19928_A,1,0,5,3.1250000000e-02,2.7202384333e-01,9.5820045528e-01,1.0000000000e+00,1.0000000000e+00,1.0000000000e+00
g14776_II26558_A,100,0,50,3.4452227737e-07,3.4452174324e-06,3.4451640201e-05,3.4446299572e-04,3.4392953949e-03,3.3865512719e-02
g18728_II26564_C,100,0,56,2.5802580694e-07,2.5802550735e-06,2.5802251139e-05,2.5799255443e-04,2.5769323969e-03,2.5472542090e-02
g18708_II26676_A,100,0,55,2.1066989575e-07,2.1066969603e-06,2.1066769887e-05,2.1064772859e-04,2.1044816462e-03,2.0846632869e-02
g18765_II26726_B,100,0,56,3.6082774102e-08,3.6082768243e-07,3.6082709655e-06,3.6082123777e-05,3.6076265703e-04,3.6017754648e-03
g7549_g21635_A,1,0,11,4.8828125000e-04,4.8720976218e-03,4.7666556569e-02,3.8639292465e-01,9.9243335102e-01,1.0000000000e+00
g9187_g12780_A,3,0,18,2.6702880859e-05,2.6699672391e-04,2.6667615957e-03,2.6349858386e-02,2.3435171594e-01,9.3077019069e-01
g9326_g12857_A,3,0,18,2.6702880859e-05,2.6699672391e-04,2.6667615957e-03,2.6349858386e-02,2.3435171594e-01,9.3077019069e-01
g18469_II25673_A,100,0,53,2.5674125936e-07,2.5674096274e-06,2.5673799655e-05,2.5670833710e-04,2.5641199374e-03,2.5347351329e-02
g14885_II36591_B,100,0,34,5.1133334637e-05,5.1121570460e-04,5.1004126966e-03,4.9849268266e-02,4.0031239633e-01,9.9398479109e-01
g3866_g10747_A,30,0,9,1.2500000000e-01,7.3692442384e-01,9.9999841217e-01,1.0000000000e+00,1.0000000000e+00,1.0000000000e+00
g6678_g13028_B,2,0,6,3.1250000000e-02,2.7202384333e-01,9.5820045528e-01,1.0000000000e+00,1.0000000000e+00,1.0000000000e+00
g6284_g12883_B,4,0,5,9.3750000000e-02,6.2633691437e-01,9.9994693576e-01,1.0000000000e+00,1.0000000000e+00,1.0000000000e+00
g9676_g13037_A,10,0,6,2.1875000000e-01,9.1529670527e-01,9.9999999998e-01,1.0000000000e+00,1.0000000000e+00,1.0000000000e+00
g9822_g11685_A,10,0,6,2.1875000000e-01,9.1529670527e-01,9.9999999998e-01,1.0000000000e+00,1.0000000000e+00,1.0000000000e+00
g3366_g11696_B,2,0,6,3.1250000000e-02,2.7202384333e-01,9.5820045528e-01,1.0000000000e+00,1.0000000000e+00,1.0000000000e+00
g9534_g13098_A,10,0,6,2.1875000000e-01,9.1529670527e-01,9.9999999998e-01,1.0000000000e+00,1.0000000000e+00,1.0000000000e+00
g9534_g13089_A,100,0,53,1.9128418027e-01,8.8033713774e-01,9.9999999940e-01,1.0000000000e+00,1.0000000000e+00,1.0000000000e+00
g9676_g13091_A,10,0,6,2.1875000000e-01,9.1529670527e-01,9.9999999998e-01,1.0000000000e+00,1.0000000000e+00,1.0000000000e+00
g9968_g13132_A,10,0,6,2.1875000000e-01,9.1529670527e-01,9.9999999998e-01,1.0000000000e+00,1.0000000000e+00,1.0000000000e+00
g6314_g15759_B,2,0,4,1.2500000000e-01,7.3692442384e-01,9.9999841217e-01,1.0000000000e+00,1.0000000000e+00,1.0000000000e+00
g6519_g15761_B,2,0,4,1.2500000000e-01,7.3692442384e-01,9.9999841217e-01,1.0000000000e+00,1.0000000000e+00,1.0000000000e+00
g6838_g15811_B,2,0,4,1.2500000000e-01,7.3692442384e-01,9.9999841217e-01,1.0000000000e+00,1.0000000000e+00,1.0000000000e+00
g6574_g15922_B,20,0,7,1.2500000000e-01,7.3692442384e-01,9.9999841217e-01,1.0000000000e+00,1.0000000000e+00,1.0000000000e+00
g3006_g18977_B,3,0,5,3.1250000000e-02,2.7202384333e-01,9.5820045528e-01,1.0000000000e+00,1.0000000000e+00,1.0000000000e+00
g5606_g23497_B,10,0,10,3.0273437500e-02,2.6465199493e-01,9.5376943666e-01,1.0000000000e+00,1.0000000000e+00,1.0000000000e+00
g6486_g25019_B,100,0,31,1.1764566414e-02,1.1160886461e-01,6.9377392782e-01,9.9999274860e-01,1.0000000000e+00,1.0000000000e+00
g6945_g25055_B,100,0,29,3.6639347672e-04,3.6578996777e-03,3.5982722218e-02,3.0681656317e-01,9.7438574258e-01,1.0000000000e+00
g3806_g24468_B,100,0,31,1.7079149839e-02,1.5824544308e-01,8.2141097690e-01,9.9999996700e-01,1.0000000000e+00,1.0000000000e+00
g7195_g25066_B,100,0,29,6.7156739533e-04,6.6954151316e-03,6.4972463918e-02,4.8920809249e-01,9.9879096164e-01,1.0000000000e+00
g3806_g24477_B,100,0,29,9.1570429504e-04,9.1194017966e-03,8.7541232487e-02,5.9993322501e-01,9.9989496722e-01,1.0000000000e+00
g912_g8395_B,100,0,115,3.7180853757e-02,3.1538378834e-01,9.7738108389e-01,1.0000000000e+00,1.0000000000e+00,1.0000000000e+00
g915_g8437_B,100,0,115,2.0249258513e-02,1.8500300340e-01,8.7071144460e-01,9.9999999870e-01,1.0000000000e+00,1.0000000000e+00
g930_g8467_B,100,0,115,2.6643854323e-02,2.3666047000e-01,9.3282966231e-01,1.0000000000e+00,1.0000000000e+00,1.0000000000e+00
g255_g8485_B,100,0,115,2.3231709579e-02,2.0947515572e-01,9.0468632103e-01,9.9999999994e-01,1.0000000000e+00,1.0000000000e+00
g414_g9892_B,100,0,34,7.3148328345e-02,5.3215458723e-01,9.9949762993e-01,1.0000000000e+00,1.0000000000e+00,1.0000000000e+00
g4476_g10199_B,4,0,6,1.4062500000e-01,7.8030146796e-01,9.9999973802e-01,1.0000000000e+00,1.0000000000e+00,1.0000000000e+00
g6486_g10287_A,100,0,59,6.6593855454e-02,4.9799671986e-01,9.9898359791e-01,1.0000000000e+00,1.0000000000e+00,1.0000000000e+00
g6678_g10293_A,42,0,36,2.1969953814e-03,2.1754015974e-02,1.9743403794e-01,8.8913170530e-01,9.9999999972e-01,1.0000000000e+00
g4757_g10368_B,100,0,70,1.4952651642e-04,1.4942594472e-03,1.4842517286e-02,1.3889402338e-01,7.7583591348e-01,9.9999967962e-01
g6945_g10377_A,4,0,6,1.4062500000e-01,7.8030146796e-01,9.9999973802e-01,1.0000000000e+00,1.0000000000e+00,1.0000000000e+00
g4783_g10378_B,4,0,6,1.4062500000e-01,7.8030146796e-01,9.9999973802e-01,1.0000000000e+00,1.0000000000e+00,1.0000000000e+00
g4818_g10388_B,4,0,6,1.4062500000e-01,7.8030146796e-01,9.9999973802e-01,1.0000000000e+00,1.0000000000e+00,1.0000000000e+00
g1967_g10395_B,100,0,59,1.0892348446e-01,6.8439056395e-01,9.9999019382e-01,1.0000000000e+00,1.0000000000e+00,1.0000000000e+00
g4836_g10397_B,100,0,70,1.1878659877e-04,1.1872312272e-03,1.1809084357e-02,1.1200898515e-01,6.9515034079e-01,9.9999306802e-01
g6678_g10437_A,100,0,71,1.4009902000e-07,1.4009893167e-06,1.4009804843e-05,1.4008921640e-04,1.4000093693e-03,1.3912220994e-02
g4976_g10464_B,100,0,67,4.5761107032e-03,4.4830179219e-02,3.6787069866e-01,9.8981269712e-01,1.0000000000e+00,1.0000000000e+00
g5473_g10499_A,76,0,25,9.2773437500e-03,8.8994608334e-02,6.0626005802e-01,9.9991044399e-01,1.0000000000e+00,1.0000000000e+00
g1985_g10584_B,100,0,59,1.4061168674e-01,7.8026743036e-01,9.9999973761e-01,1.0000000000e+00,1.0000000000e+00,1.0000000000e+00
g7426_g10598_A,100,0,58,6.1588572747e-05,6.1571506365e-04,6.1401188900e-03,5.9732123580e-02,4.5984799809e-01,9.9788573266e-01
g2688_g10673_B,100,0,61,1.4059356095e-01,7.8022108105e-01,9.9999973706e-01,1.0000000000e+00,1.0000000000e+00,1.0000000000e+00
g8655_g11816_B,1,0,3,1.2500000000e-01,7.3692442384e-01,9.9999841217e-01,1.0000000000e+00,1.0000000000e+00,1.0000000000e+00
g8711_g11967_B,1,0,3,1.2500000000e-01,7.3692442384e-01,9.9999841217e-01,1.0000000000e+00,1.0000000000e+00,1.0000000000e+00
g8879_g12330_B,1,0,3,1.2500000000e-01,7.3692442384e-01,9.9999841217e-01,1.0000000000e+00,1.0000000000e+00,1.0000000000e+00
g5349_g13854_A,1,0,2,2.5000000000e-01,9.4368648529e-01,1.0000000000e+00,1.0000000000e+00,1.0000000000e+00,1.0000000000e+00
g4489_g15335_A,2,0,3,3.7500000000e-01,9.9090505298e-01,1.0000000000e+00,1.0000000000e+00,1.0000000000e+00,1.0000000000e+00
g2594_g16438_A,1,0,3,1.2500000000e-01,7.3692442384e-01,9.9999841217e-01,1.0000000000e+00,1.0000000000e+00,1.0000000000e+00
g7354_g16970_A,1,0,2,2.5000000000e-01,9.4368648529e-01,1.0000000000e+00,1.0000000000e+00,1.0000000000e+00,1.0000000000e+00
g7649_g17116_A,2,0,3,3.7500000000e-01,9.9090505298e-01,1.0000000000e+00,1.0000000000e+00,1.0000000000e+00,1.0000000000e+00
g7685_g17143_A,2,0,3,3.7500000000e-01,9.9090505298e-01,1.0000000000e+00,1.0000000000e+00,1.0000000000e+00,1.0000000000e+00
g7742_g17176_A,2,0,3,3.7500000000e-01,9.9090505298e-01,1.0000000000e+00,1.0000000000e+00,1.0000000000e+00,1.0000000000e+00
g6284_g17446_A,2,0,5,9.3750000000e-02,6.2633691437e-01,9.9994693576e-01,1.0000000000e+00,1.0000000000e+00,1.0000000000e+00
g6890_g17713_A,2,0,5,9.3750000000e-02,6.2633691437e-01,9.9994693576e-01,1.0000000000e+00,1.0000000000e+00,1.0000000000e+00
g4617_g17736_A,4,0,5,4.6875000000e-01,9.9820943772e-01,1.0000000000e+00,1.0000000000e+00,1.0000000000e+00,1.0000000000e+00
g4662_g17754_A,4,0,5,4.6875000000e-01,9.9820943772e-01,1.0000000000e+00,1.0000000000e+00,1.0000000000e+00,1.0000000000e+00
g4803_g17838_A,4,0,5,4.6875000000e-01,9.9820943772e-01,1.0000000000e+00,1.0000000000e+00,1.0000000000e+00,1.0000000000e+00
g4833_g17853_A,4,0,5,4.6875000000e-01,9.9820943772e-01,1.0000000000e+00,1.0000000000e+00,1.0000000000e+00,1.0000000000e+00
g5009_g17965_A,4,0,5,4.6875000000e-01,9.9820943772e-01,1.0000000000e+00,1.0000000000e+00,1.0000000000e+00,1.0000000000e+00
g5038_g17990_A,4,0,5,4.6875000000e-01,9.9820943772e-01,1.0000000000e+00,1.0000000000e+00,1.0000000000e+00,1.0000000000e+00
g2883_g18165_A,1,0,3,1.2500000000e-01,7.3692442384e-01,9.9999841217e-01,1.0000000000e+00,1.0000000000e+00,1.0000000000e+00
g5286_g18246_A,4,0,5,4.6875000000e-01,9.9820943772e-01,1.0000000000e+00,1.0000000000e+00,1.0000000000e+00,1.0000000000e+00
g3984_g19620_A,2,0,3,3.7500000000e-01,9.9090505298e-01,1.0000000000e+00,1.0000000000e+00,1.0000000000e+00,1.0000000000e+00
g4079_g19651_A,2,0,3,3.7500000000e-01,9.9090505298e-01,1.0000000000e+00,1.0000000000e+00,1.0000000000e+00,1.0000000000e+00
g4095_g19653_A,2,0,3,3.7500000000e-01,9.9090505298e-01,1.0000000000e+00,1.0000000000e+00,1.0000000000e+00,1.0000000000e+00
g4208_g19693_A,2,0,3,3.7500000000e-01,9.9090505298e-01,1.0000000000e+00,1.0000000000e+00,1.0000000000e+00,1.0000000000e+00
g4424_g19756_A,2,0,3,3.7500000000e-01,9.9090505298e-01,1.0000000000e+00,1.0000000000e+00,1.0000000000e+00,1.0000000000e+00
g4674_g19812_A,2,0,3,3.7500000000e-01,9.9090505298e-01,1.0000000000e+00,1.0000000000e+00,1.0000000000e+00,1.0000000000e+00
g7143_g19836_A,1,0,4,6.2500000000e-02,4.7553952495e-01,9.9842555447e-01,1.0000000000e+00,1.0000000000e+00,1.0000000000e+00
g2059_g19925_A,1,0,5,3.1250000000e-02,2.7202384333e-01,9.5820045528e-01,1.0000000000e+00,1.0000000000e+00,1.0000000000e+00
g9248_g21349_A,1,0,3,1.2500000000e-01,7.3692442384e-01,9.9999841217e-01,1.0000000000e+00,1.0000000000e+00,1.0000000000e+00
g9507_g21378_A,1,0,3,1.2500000000e-01,7.3692442384e-01,9.9999841217e-01,1.0000000000e+00,1.0000000000e+00,1.0000000000e+00
g8605_g19354_B,12,0,15,2.7770996094e-03,2.7426501077e-02,2.4277609544e-01,9.3802120104e-01,1.0000000000e+00,1.0000000000e+00
g5929_g23525_A,5,0,8,1.2109375000e-01,7.2494121011e-01,9.9999752112e-01,1.0000000000e+00,1.0000000000e+00,1.0000000000e+00
g5963_g23536_A,5,0,8,1.2109375000e-01,7.2494121011e-01,9.9999752112e-01,1.0000000000e+00,1.0000000000e+00,1.0000000000e+00
g3937_g23573_A,12,0,13,4.9987792969e-01,9.9902105069e-01,1.0000000000e+00,1.0000000000e+00,1.0000000000e+00,1.0000000000e+00
g6167_g23584_A,2,0,10,2.9296875000e-03,2.8913638971e-02,2.5427527147e-01,9.4681545513e-01,1.0000000000e+00,1.0000000000e+00
g4038_g23598_A,12,0,13,4.9987792969e-01,9.9902105069e-01,1.0000000000e+00,1.0000000000e+00,1.0000000000e+00,1.0000000000e+00
g4570_g23768_A,12,0,13,4.9987792969e-01,9.9902105069e-01,1.0000000000e+00,1.0000000000e+00,1.0000000000e+00,1.0000000000e+00
g1358_g24757_A,14,0,10,3.7207031250e-01,9.9046962120e-01,1.0000000000e+00,1.0000000000e+00,1.0000000000e+00,1.0000000000e+00
g8771_g25290_B,10,0,9,2.0117187500e-01,8.9418835400e-01,9.9999999982e-01,1.0000000000e+00,1.0000000000e+00,1.0000000000e+00
g2753_g26188_A,18,0,12,3.7426757813e-01,9.9079790776e-01,1.0000000000e+00,1.0000000000e+00,1.0000000000e+00,1.0000000000e+00
g9446_g26262_B,100,0,25,1.4810922742e-01,7.9870214773e-01,9.9999989076e-01,1.0000000000e+00,1.0000000000e+00,1.0000000000e+00
g4509_g26268_A,28,0,18,2.8789520264e-01,9.6646957056e-01,1.0000000000e+00,1.0000000000e+00,1.0000000000e+00,1.0000000000e+00
g9465_g26270_B,100,0,21,1.9503021240e-01,8.8576588911e-01,9.9999999962e-01,1.0000000000e+00,1.0000000000e+00,1.0000000000e+00
g4641_g26298_A,28,0,18,2.8789520264e-01,9.6646957056e-01,1.0000000000e+00,1.0000000000e+00,1.0000000000e+00,1.0000000000e+00
g4769_g26332_A,28,0,18,2.8789520264e-01,9.6646957056e-01,1.0000000000e+00,1.0000000000e+00,1.0000000000e+00,1.0000000000e+00
g4780_g26339_A,18,0,19,3.8670349121e-01,9.9247156119e-01,1.0000000000e+00,1.0000000000e+00,1.0000000000e+00,1.0000000000e+00
g9730_g26347_B,100,0,25,1.4780548215e-01,7.9798325899e-01,9.9999988679e-01,1.0000000000e+00,1.0000000000e+00,1.0000000000e+00
g4919_g26371_A,18,0,19,3.8670349121e-01,9.9247156119e-01,1.0000000000e+00,1.0000000000e+00,1.0000000000e+00,1.0000000000e+00
g9812_g26382_B,100,0,25,1.4504086971e-01,7.9133310874e-01,9.9999984349e-01,1.0000000000e+00,1.0000000000e+00,1.0000000000e+00
g6068_g26087_A,100,0,50,4.7299125947e-03,4.6304976297e-02,3.7756333759e-01,9.9127125808e-01,1.0000000000e+00,1.0000000000e+00
g4985_g24038_A,100,0,27,3.0667610466e-02,2.6763556476e-01,9.5561129641e-01,1.0000000000e+00,1.0000000000e+00,1.0000000000e+00
g9770_g28008_B,100,0,50,1.3989009327e-01,7.7841543826e-01,9.9999971464e-01,1.0000000000e+00,1.0000000000e+00,1.0000000000e+00
g6087_g27814_A,100,0,55,2.9527077312e-03,2.9137818849e-02,2.5599502495e-01,9.4802932037e-01,1.0000000000e+00,1.0000000000e+00
g9374_g29233_A,100,0,60,1.2573302149e-02,1.1885241734e-01,7.1784578579e-01,9.9999680210e-01,1.0000000000e+00,1.0000000000e+00
g9427_g29234_A,100,0,58,5.8594560156e-03,5.7073460113e-02,4.4437907021e-01,9.9719594861e-01,1.0000000000e+00,1.0000000000e+00
g9453_g29235_A,100,0,75,1.1718820254e-02,1.1119753600e-01,6.9235313127e-01,9.9999240505e-01,1.0000000000e+00,1.0000000000e+00
g9277_g29060_A,100,0,71,2.2338935518e-02,2.0221990403e-01,8.9556839137e-01,9.9999999985e-01,1.0000000000e+00,1.0000000000e+00
g9941_g29107_A,100,0,60,1.8066483841e-02,1.6666266437e-01,8.3848666023e-01,9.9999998792e-01,1.0000000000e+00,1.0000000000e+00
g8475_g30374_B,100,0,75,3.9517217424e-03,3.8821847002e-02,3.2696304676e-01,9.8092831350e-01,1.0000000000e+00,1.0000000000e+00
g9019_g30397_B,100,0,76,1.6338258964e-01,8.3201558863e-01,9.9999998211e-01,1.0000000000e+00,1.0000000000e+00,1.0000000000e+00
g9822_g12955_A,3,0,10,3.6132812500e-02,3.0789504214e-01,9.7478147957e-01,1.0000000000e+00,1.0000000000e+00,1.0000000000e+00
g7928_g11643_C,3,0,16,5.6457519531e-04,5.6314299947e-03,5.4908435744e-02,4.3148900630e-01,9.9647313632e-01,1.0000000000e+00
g14596_II24587_A,100,0,100,5.8515361220e-07,5.8515207139e-06,5.8513666349e-05,5.8498261432e-04,5.8344509310e-03,5.6836264005e-02
g17974_II25681_B,100,0,49,1.2232885638e-07,1.2232878904e-06,1.2232811565e-05,1.2232138199e-04,1.2225407261e-03,1.2158368796e-02
g17954_II25792_A,100,0,51,1.3451790437e-07,1.3451782294e-06,1.3451700867e-05,1.3450886629e-04,1.3442747863e-03,1.3361720321e-02
g18358_II25846_B,100,0,50,2.2837866709e-07,2.2837843238e-06,2.2837608535e-05,2.2835261674e-04,2.2811810744e-03,2.2579059147e-02
g18573_II25865_B,100,0,48,1.4745342014e-07,1.4745332230e-06,1.4745234389e-05,1.4744256029e-04,1.4734477185e-03,1.4637162900e-02
g18226_II25897_B,100,0,51,9.9364569905e-08,9.9364525476e-07,9.9364081178e-06,9.9359638346e-05,9.9315224595e-04,9.8872539949e-03
g19444_II28189_B,61,0,21,2.8840970993e-01,9.6671104720e-01,1.0000000000e+00,1.0000000000e+00,1.0000000000e+00,1.0000000000e+00
g19494_II28247_B,82,0,21,2.8840970993e-01,9.6671104720e-01,1.0000000000e+00,1.0000000000e+00,1.0000000000e+00,1.0000000000e+00
g21887_II28726_A,3,0,6,5.7812500000e-01,9.9982141791e-01,1.0000000000e+00,1.0000000000e+00,1.0000000000e+00,1.0000000000e+00
g23968_II32297_A,100,0,54,2.1080147303e-03,2.0881299585e-02,1.9024534485e-01,8.7879109334e-01,9.9999999932e-01,1.0000000000e+00
g17927_II32479_A,100,0,48,3.8115804675e-03,3.7468639022e-02,3.1742734622e-01,9.7804725415e-01,1.0000000000e+00,1.0000000000e+00
g23938_II32597_A,100,0,51,1.0897945955e-03,1.0844656623e-02,1.0330445149e-01,6.6391421980e-01,9.9998161340e-01,1.0000000000e+00
g4632_g23858_C,100,0,27,4.7277361155e-02,3.8388064571e-01,9.9211778066e-01,1.0000000000e+00,1.0000000000e+00,1.0000000000e+00
g23858_II32695_A,39,0,27,5.2246484905e-01,9.9938332911e-01,1.0000000000e+00,1.0000000000e+00,1.0000000000e+00,1.0000000000e+00
g6068_g26096_A,100,0,50,4.9491544168e-03,4.8403730124e-02,3.9112616733e-01,9.9299717781e-01,1.0000000000e+00,1.0000000000e+00
g26859_II35715_A,100,0,48,4.6875156021e-01,9.9820949031e-01,1.0000000000e+00,1.0000000000e+00,1.0000000000e+00,1.0000000000e+00
g4809_g27094_A,100,0,34,2.6611278765e-01,9.5467965536e-01,1.0000000000e+00,1.0000000000e+00,1.0000000000e+00,1.0000000000e+00
g27094_II35975_A,100,0,31,1.8883865373e-01,8.7666893739e-01,9.9999999919e-01,1.0000000000e+00,1.0000000000e+00,1.0000000000e+00
g15859_II36256_B,100,0,42,7.2173343670e-02,5.2720981099e-01,9.9944193529e-01,1.0000000000e+00,1.0000000000e+00,1.0000000000e+00
g28388_II37813_A,100,0,48,1.3894072453e-06,1.3893985583e-05,1.3893116922e-04,1.3884434298e-03,1.3798004829e-02,1.2972047084e-01
g28386_II37824_A,100,0,48,4.6875091273e-01,9.9820946849e-01,1.0000000000e+00,1.0000000000e+00,1.0000000000e+00,1.0000000000e+00
g29741_II39339_B,100,0,48,1.8807591005e-06,1.8807431829e-05,1.8805840171e-04,1.8789933466e-03,1.8631849215e-02,1.7144833710e-01
g29766_II39360_A,100,0,82,9.8399558175e-02,6.4507126712e-01,9.9996827427e-01,1.0000000000e+00,1.0000000000e+00,1.0000000000e+00
g29917_II39532_B,100,0,48,9.5170685199e-07,9.5170277615e-06,9.5166201896e-05,9.5125457510e-04,9.4719290354e-03,9.0782309963e-02
g29911_II39539_A,100,0,48,1.8478078800e-07,1.8478063436e-06,1.8477909789e-05,1.8476373415e-04,1.8461019045e-03,1.8308407463e-02
g6157_g25539_B,4,0,13,3.6621093750e-04,3.6560802945e-03,3.5965118512e-02,3.0668997208e-01,9.7433892665e-01,1.0000000000e+00
g7358_g10397_A,100,0,58,8.7694875961e-07,8.7694529894e-06,8.7691069326e-05,8.7656473661e-04,8.7311516067e-03,8.3959695209e-02
g7358_g10586_A,100,0,58,6.2298961199e-05,6.2281498877e-04,6.2107234139e-03,6.0399883172e-02,4.6367181434e-01,9.9803072571e-01
g7545_g10693_D,1,0,11,4.8828125000e-04,4.8720976218e-03,4.7666556569e-02,3.8639292465e-01,9.9243335102e-01,1.0000000000e+00
g1319_g19667_A,1,0,5,3.1250000000e-02,2.7202384333e-01,9.5820045528e-01,1.0000000000e+00,1.0000000000e+00,1.0000000000e+00
g1346_g19775_A,1,0,5,3.1250000000e-02,2.7202384333e-01,9.5820045528e-01,1.0000000000e+00,1.0000000000e+00,1.0000000000e+00
g1358_g19808_A,1,0,5,3.1250000000e-02,2.7202384333e-01,9.5820045528e-01,1.0000000000e+00,1.0000000000e+00,1.0000000000e+00
g1365_g19873_A,1,0,5,3.1250000000e-02,2.7202384333e-01,9.5820045528e-01,1.0000000000e+00,1.0000000000e+00,1.0000000000e+00
g13687_II26593_C,100,0,53,8.7256566417e-08,8.7256532155e-07,8.7256189539e-06,8.7252763480e-05,8.7218512748e-04,8.6876989604e-03
g18708_II26596_A,100,0,46,6.1219418512e-07,6.1219249861e-06,6.1217563380e-05,6.1200701977e-04,6.1032428091e-03,5.9383189240e-02
g18789_II26621_C,100,0,56,9.1662286650e-08,9.1662248841e-07,9.1661870753e-06,9.1658089991e-05,9.1620293806e-04,9.1243472710e-03
g18656_II26639_A,100,0,56,1.3850672076e-07,1.3850663443e-06,1.3850577115e-05,1.3849713874e-04,1.3841085405e-03,1.3755193789e-02
g18679_II26661_A,100,0,56,2.2262361199e-07,2.2262338896e-06,2.2262115872e-05,2.2259885797e-04,2.2237601414e-03,2.2016385988e-02
g18735_II26676_B,100,0,50,4.3824331897e-07,4.3824245471e-06,4.3823381227e-05,4.3814740038e-04,4.3728452980e-03,4.2877930665e-02
g17882_II28068_C,100,0,75,1.6069253496e-05,1.6068091551e-04,1.6056478268e-03,1.5940958896e-02,1.4844724555e-01,7.9949944432e-01
g7607_g21758_A,1,0,12,2.4414062500e-04,2.4387257865e-03,2.4121358687e-02,2.1664588586e-01,9.1298757216e-01,9.9999999998e-01
g3866_g21773_A,1,0,5,3.1250000000e-02,2.7202384333e-01,9.5820045528e-01,1.0000000000e+00,1.0000000000e+00,1.0000000000e+00
g7545_g23917_A,1,0,13,1.2207031250e-04,1.2200327910e-03,1.2133563764e-02,1.1492046122e-01,7.0499932570e-01,9.9999500851e-01
g9391_g15618_A,3,0,18,2.6702880859e-05,2.6699672391e-04,2.6667615957e-03,2.6349858386e-02,2.3435171594e-01,9.3077019069e-01
g9248_g12819_A,3,0,18,2.6702880859e-05,2.6699672391e-04,2.6667615957e-03,2.6349858386e-02,2.3435171594e-01,9.3077019069e-01
g15296_II22988_A,100,0,98,5.9007537138e-10,5.9007536981e-09,5.9007535414e-08,5.9007519746e-07,5.9007363061e-06,5.9005796245e-05
g13872_II22998_B,100,0,96,1.0051733647e-09,1.0051733601e-08,1.0051733147e-07,1.0051728600e-06,1.0051683133e-05,1.0051228482e-04
g17974_II25683_A,100,0,49,1.7199272406e-07,1.7199259095e-06,1.7199125979e-05,1.7197794895e-04,1.7184491610e-03,1.7052210708e-02
g18358_II25848_A,100,0,52,2.4293149181e-07,2.4293122624e-06,2.4292857056e-05,2.4290201585e-04,2.4263668150e-03,2.4000448533e-02
g18573_II25867_A,100,0,51,1.3082990336e-07,1.3082982633e-06,1.3082905609e-05,1.3082135405e-04,1.3074436689e-03,1.2997780869e-02
g3398_g10676_A,30,0,9,1.2500000000e-01,7.3692442384e-01,9.9999841217e-01,1.0000000000e+00,1.0000000000e+00,1.0000000000e+00
g7788_g10147_A,4,0,4,1.8750000000e-01,8.7461843207e-01,9.9999999904e-01,1.0000000000e+00,1.0000000000e+00,1.0000000000e+00
g3398_g10649_A,30,0,9,1.2500000000e-01,7.3692442384e-01,9.9999841217e-01,1.0000000000e+00,1.0000000000e+00,1.0000000000e+00
g9676_g13029_A,10,0,6,2.1875000000e-01,9.1529670527e-01,9.9999999998e-01,1.0000000000e+00,1.0000000000e+00,1.0000000000e+00
g9676_g13047_A,10,0,6,2.1875000000e-01,9.1529670527e-01,9.9999999998e-01,1.0000000000e+00,1.0000000000e+00,1.0000000000e+00
g9676_g13038_A,10,0,6,2.1875000000e-01,9.1529670527e-01,9.9999999998e-01,1.0000000000e+00,1.0000000000e+00,1.0000000000e+00
g9676_g13074_A,10,0,6,2.1875000000e-01,9.1529670527e-01,9.9999999998e-01,1.0000000000e+00,1.0000000000e+00,1.0000000000e+00
g9822_g11686_A,10,0,6,2.1875000000e-01,9.1529670527e-01,9.9999999998e-01,1.0000000000e+00,1.0000000000e+00,1.0000000000e+00
g7358_g13078_B,2,0,6,3.1250000000e-02,2.7202384333e-01,9.5820045528e-01,1.0000000000e+00,1.0000000000e+00,1.0000000000e+00
g9534_g13099_A,10,0,6,2.1875000000e-01,9.1529670527e-01,9.9999999998e-01,1.0000000000e+00,1.0000000000e+00,1.0000000000e+00
g9968_g11720_A,10,0,6,2.1875000000e-01,9.1529670527e-01,9.9999999998e-01,1.0000000000e+00,1.0000000000e+00,1.0000000000e+00
g9968_g13133_A,100,0,53,1.9433593828e-01,8.8477680464e-01,9.9999999959e-01,1.0000000000e+00,1.0000000000e+00,1.0000000000e+00
g3678_g11727_B,2,0,6,3.1250000000e-02,2.7202384333e-01,9.5820045528e-01,1.0000000000e+00,1.0000000000e+00,1.0000000000e+00
g6369_g15822_B,2,0,4,1.2500000000e-01,7.3692442384e-01,9.9999841217e-01,1.0000000000e+00,1.0000000000e+00,1.0000000000e+00
g6574_g15824_B,2,0,4,1.2500000000e-01,7.3692442384e-01,9.9999841217e-01,1.0000000000e+00,1.0000000000e+00,1.0000000000e+00
g6369_g15912_B,2,0,4,1.2500000000e-01,7.3692442384e-01,9.9999841217e-01,1.0000000000e+00,1.0000000000e+00,1.0000000000e+00
g6574_g15941_B,2,0,4,1.2500000000e-01,7.3692442384e-01,9.9999841217e-01,1.0000000000e+00,1.0000000000e+00,1.0000000000e+00
g3566_g13558_B,2,0,4,1.2500000000e-01,7.3692442384e-01,9.9999841217e-01,1.0000000000e+00,1.0000000000e+00,1.0000000000e+00
g6783_g15921_B,2,0,4,1.2500000000e-01,7.3692442384e-01,9.9999841217e-01,1.0000000000e+00,1.0000000000e+00,1.0000000000e+00
g6912_g15990_B,2,0,6,1.4062500000e-01,7.8030146796e-01,9.9999973802e-01,1.0000000000e+00,1.0000000000e+00,1.0000000000e+00
g2814_g15959_A,15,0,9,4.9414062500e-01,9.9890276910e-01,1.0000000000e+00,1.0000000000e+00,1.0000000000e+00,1.0000000000e+00
g6574_g21764_B,2,0,14,1.2207031250e-04,1.2200327910e-03,1.2133563764e-02,1.1492046122e-01,7.0499932570e-01,9.9999500851e-01
g74_g24975_B,10,0,11,1.5136718750e-02,1.4146212507e-01,7.8243221471e-01,9.9999976235e-01,1.0000000000e+00,1.0000000000e+00
g6486_g25029_B,100,0,28,2.1192811430e-02,1.9281793722e-01,8.8258731372e-01,9.9999999950e-01,1.0000000000e+00,1.0000000000e+00
g3774_g24456_B,100,0,30,1.0775378905e-01,6.8022307398e-01,9.9998881924e-01,1.0000000000e+00,1.0000000000e+00,1.0000000000e+00
g7195_g25049_B,100,0,28,8.5509680212e-03,8.2293240116e-02,5.7631868872e-01,9.9981362267e-01,1.0000000000e+00,1.0000000000e+00
g5556_g25068_B,100,0,28,7.3278695345e-04,7.3037527404e-03,7.0683172906e-02,5.1956127064e-01,9.9934479063e-01,1.0000000000e+00
g258_g8465_B,100,0,112,1.8937164370e-02,1.7402245279e-01,8.5219728243e-01,9.9999999502e-01,1.0000000000e+00,1.0000000000e+00
g954_g8507_B,100,0,113,3.1854903165e-02,2.7655669285e-01,9.6073143494e-01,1.0000000000e+00,1.0000000000e+00,1.0000000000e+00
g198_g8516_B,100,0,112,1.5556519491e-02,1.4511465535e-01,7.9151312484e-01,9.9999984484e-01,1.0000000000e+00,1.0000000000e+00
g957_g8522_B,100,0,110,2.0050257942e-02,1.8334612089e-01,8.6805884149e-01,9.9999999840e-01,1.0000000000e+00,1.0000000000e+00
g960_g8537_B,100,0,115,2.2992171031e-02,2.0753436502e-01,9.0232028528e-01,9.9999999992e-01,1.0000000000e+00,1.0000000000e+00
g538_g9534_C,100,0,59,1.0935356165e-01,6.8591054556e-01,9.9999065598e-01,1.0000000000e+00,1.0000000000e+00,1.0000000000e+00
g4578_g10269_B,100,0,70,1.9237658414e-04,1.9221013017e-03,1.9055610992e-02,1.7501913832e-01,8.5397112588e-01,9.9999999559e-01
g3678_g10396_A,100,0,81,2.4412790811e-07,2.4412763992e-06,2.4412495801e-05,2.4409814111e-04,2.4383018801e-03,2.4117211754e-02
g1976_g10459_B,100,0,55,1.1371645733e-01,7.0096167599e-01,9.9999428168e-01,1.0000000000e+00,1.0000000000e+00,1.0000000000e+00
g6486_g10495_A,100,0,52,1.0633409106e-01,6.7509835494e-01,9.9998689252e-01,1.0000000000e+00,1.0000000000e+00,1.0000000000e+00
g7488_g10537_A,100,0,58,1.5284067719e-04,1.5273559880e-03,1.5169009570e-02,1.4174357329e-01,7.8314440010e-01,9.9999977001e-01
g6945_g10567_A,4,0,6,1.4062500000e-01,7.8030146796e-01,9.9999973802e-01,1.0000000000e+00,1.0000000000e+00,1.0000000000e+00
g3678_g10585_A,100,0,58,1.0698993511e-04,1.0693843900e-03,1.0642529143e-02,1.0147042645e-01,6.5697659206e-01,9.9997744527e-01
g8169_g11926_A,1,0,2,2.5000000000e-01,9.4368648529e-01,1.0000000000e+00,1.0000000000e+00,1.0000000000e+00,1.0000000000e+00
g8763_g12069_B,1,0,3,1.2500000000e-01,7.3692442384e-01,9.9999841217e-01,1.0000000000e+00,1.0000000000e+00,1.0000000000e+00
g8785_g12128_B,1,0,3,1.2500000000e-01,7.3692442384e-01,9.9999841217e-01,1.0000000000e+00,1.0000000000e+00,1.0000000000e+00
g8829_g12273_B,1,0,3,1.2500000000e-01,7.3692442384e-01,9.9999841217e-01,1.0000000000e+00,1.0000000000e+00,1.0000000000e+00
g7772_g13646_A,1,0,2,2.5000000000e-01,9.4368648529e-01,1.0000000000e+00,1.0000000000e+00,1.0000000000e+00,1.0000000000e+00
g6294_g13648_A,1,0,2,2.5000000000e-01,9.4368648529e-01,1.0000000000e+00,1.0000000000e+00,1.0000000000e+00,1.0000000000e+00
g7616_g13892_A,1,0,2,2.5000000000e-01,9.4368648529e-01,1.0000000000e+00,1.0000000000e+00,1.0000000000e+00,1.0000000000e+00
g7655_g13970_A,1,0,2,2.5000000000e-01,9.4368648529e-01,1.0000000000e+00,1.0000000000e+00,1.0000000000e+00,1.0000000000e+00
g7872_g15094_A,1,0,2,2.5000000000e-01,9.4368648529e-01,1.0000000000e+00,1.0000000000e+00,1.0000000000e+00,1.0000000000e+00
g7849_g15243_A,1,0,2,2.5000000000e-01,9.4368648529e-01,1.0000000000e+00,1.0000000000e+00,1.0000000000e+00,1.0000000000e+00
g4973_g15572_A,2,0,3,3.7500000000e-01,9.9090505298e-01,1.0000000000e+00,1.0000000000e+00,1.0000000000e+00,1.0000000000e+00
g6638_g16049_A,1,0,2,2.5000000000e-01,9.4368648529e-01,1.0000000000e+00,1.0000000000e+00,1.0000000000e+00,1.0000000000e+00
g5379_g16237_A,1,0,2,2.5000000000e-01,9.4368648529e-01,1.0000000000e+00,1.0000000000e+00,1.0000000000e+00,1.0000000000e+00
g7953_g17056_A,1,0,2,2.5000000000e-01,9.4368648529e-01,1.0000000000e+00,1.0000000000e+00,1.0000000000e+00,1.0000000000e+00
g6298_g17541_A,2,0,6,4.6875000000e-02,3.8127365236e-01,9.9177783661e-01,1.0000000000e+00,1.0000000000e+00,1.0000000000e+00
g4289_g17543_A,4,0,5,4.6875000000e-01,9.9820943772e-01,1.0000000000e+00,1.0000000000e+00,1.0000000000e+00,1.0000000000e+00
g4584_g17716_A,4,0,5,4.6875000000e-01,9.9820943772e-01,1.0000000000e+00,1.0000000000e+00,1.0000000000e+00,1.0000000000e+00
g4626_g17737_A,4,0,5,4.6875000000e-01,9.9820943772e-01,1.0000000000e+00,1.0000000000e+00,1.0000000000e+00,1.0000000000e+00
g4656_g17752_A,4,0,5,4.6875000000e-01,9.9820943772e-01,1.0000000000e+00,1.0000000000e+00,1.0000000000e+00,1.0000000000e+00
g4757_g17813_A,4,0,5,4.6875000000e-01,9.9820943772e-01,1.0000000000e+00,1.0000000000e+00,1.0000000000e+00,1.0000000000e+00
g4933_g17925_A,4,0,5,4.6875000000e-01,9.9820943772e-01,1.0000000000e+00,1.0000000000e+00,1.0000000000e+00,1.0000000000e+00
g8605_g19355_B,7,0,10,5.9570312500e-02,4.5891772814e-01,9.9784903646e-01,1.0000000000e+00,1.0000000000e+00,1.0000000000e+00
g8053_g19557_A,2,0,3,3.7500000000e-01,9.9090505298e-01,1.0000000000e+00,1.0000000000e+00,1.0000000000e+00,1.0000000000e+00
g8126_g19565_A,2,0,3,3.7500000000e-01,9.9090505298e-01,1.0000000000e+00,1.0000000000e+00,1.0000000000e+00,1.0000000000e+00
g8141_g19568_A,2,0,3,3.7500000000e-01,9.9090505298e-01,1.0000000000e+00,1.0000000000e+00,1.0000000000e+00,1.0000000000e+00
g8212_g19587_A,2,0,3,3.7500000000e-01,9.9090505298e-01,1.0000000000e+00,1.0000000000e+00,1.0000000000e+00,1.0000000000e+00
g8227_g19590_A,2,0,3,3.7500000000e-01,9.9090505298e-01,1.0000000000e+00,1.0000000000e+00,1.0000000000e+00,1.0000000000e+00
g3954_g19606_A,2,0,3,3.7500000000e-01,9.9090505298e-01,1.0000000000e+00,1.0000000000e+00,1.0000000000e+00,1.0000000000e+00
g4073_g19649_A,2,0,3,3.7500000000e-01,9.9090505298e-01,1.0000000000e+00,1.0000000000e+00,1.0000000000e+00,1.0000000000e+00
g4159_g19671_A,2,0,3,3.7500000000e-01,9.9090505298e-01,1.0000000000e+00,1.0000000000e+00,1.0000000000e+00,1.0000000000e+00
g4335_g19729_A,2,0,3,3.7500000000e-01,9.9090505298e-01,1.0000000000e+00,1.0000000000e+00,1.0000000000e+00,1.0000000000e+00
g4363_g19737_A,2,0,3,3.7500000000e-01,9.9090505298e-01,1.0000000000e+00,1.0000000000e+00,1.0000000000e+00,1.0000000000e+00
g4453_g19764_A,2,0,3,3.7500000000e-01,9.9090505298e-01,1.0000000000e+00,1.0000000000e+00,1.0000000000e+00,1.0000000000e+00
g1339_g19773_A,8,0,7,3.5156250000e-01,9.8685740190e-01,1.0000000000e+00,1.0000000000e+00,1.0000000000e+00,1.0000000000e+00
g4535_g19781_A,2,0,3,3.7500000000e-01,9.9090505298e-01,1.0000000000e+00,1.0000000000e+00,1.0000000000e+00,1.0000000000e+00
g2052_g19879_A,1,0,5,3.1250000000e-02,2.7202384333e-01,9.5820045528e-01,1.0000000000e+00,1.0000000000e+00,1.0000000000e+00
g2059_g19881_A,1,0,5,3.1250000000e-02,2.7202384333e-01,9.5820045528e-01,1.0000000000e+00,1.0000000000e+00,1.0000000000e+00
g2917_g19932_A,9,0,11,2.4951171875e-01,9.4331878488e-01,1.0000000000e+00,1.0000000000e+00,1.0000000000e+00,1.0000000000e+00
g5330_g19976_A,4,0,6,3.5937500000e-01,9.8835769889e-01,1.0000000000e+00,1.0000000000e+00,1.0000000000e+00,1.0000000000e+00
g5992_g23544_A,5,0,8,1.2109375000e-01,7.2494121011e-01,9.9999752112e-01,1.0000000000e+00,1.0000000000e+00,1.0000000000e+00
g3960_g23578_A,12,0,13,4.9987792969e-01,9.9902105069e-01,1.0000000000e+00,1.0000000000e+00,1.0000000000e+00,1.0000000000e+00
g4197_g23638_A,12,0,13,4.9987792969e-01,9.9902105069e-01,1.0000000000e+00,1.0000000000e+00,1.0000000000e+00,1.0000000000e+00
g6513_g23689_A,2,0,9,5.8593750000e-03,5.7072691692e-02,4.4437454227e-01,9.9719572009e-01,1.0000000000e+00,1.0000000000e+00
g9673_g23831_B,11,0,21,1.2994146347e-01,7.5140938755e-01,9.9999909875e-01,1.0000000000e+00,1.0000000000e+00,1.0000000000e+00
g2908_g25881_A,7,0,9,2.4804687500e-01,9.4220268210e-01,1.0000000000e+00,1.0000000000e+00,1.0000000000e+00,1.0000000000e+00
g4685_g26309_A,28,0,18,2.8789520264e-01,9.6646957056e-01,1.0000000000e+00,1.0000000000e+00,1.0000000000e+00,1.0000000000e+00
g9626_g26317_B,100,0,21,1.9503021240e-01,8.8576588911e-01,9.9999999962e-01,1.0000000000e+00,1.0000000000e+00,1.0000000000e+00
g4749_g26326_A,18,0,19,3.8670349121e-01,9.9247156119e-01,1.0000000000e+00,1.0000000000e+00,1.0000000000e+00,1.0000000000e+00
g9752_g26353_B,100,0,25,1.4808133245e-01,7.9863622348e-01,9.9999989040e-01,1.0000000000e+00,1.0000000000e+00,1.0000000000e+00
g4916_g26366_A,28,0,18,2.8789520264e-01,9.6646957056e-01,1.0000000000e+00,1.0000000000e+00,1.0000000000e+00,1.0000000000e+00
g5159_g26438_A,18,0,19,3.8670349121e-01,9.9247156119e-01,1.0000000000e+00,1.0000000000e+00,1.0000000000e+00,1.0000000000e+00
g5272_g26478_A,18,0,19,3.8670349121e-01,9.9247156119e-01,1.0000000000e+00,1.0000000000e+00,1.0000000000e+00,1.0000000000e+00
g5623_g26829_A,5,0,12,7.5683593750e-03,7.3157330027e-02,5.3220002288e-01,9.9949811760e-01,1.0000000000e+00,1.0000000000e+00
g5732_g27773_A,5,0,14,1.8920898438e-03,1.8760608416e-02,1.7253478650e-01,8.4951353116e-01,9.9999999404e-01,1.0000000000e+00
g4438_g27951_A,100,0,34,4.4567818381e-01,9.9726082542e-01,1.0000000000e+00,1.0000000000e+00,1.0000000000e+00,1.0000000000e+00
g7785_g28402_A,100,0,65,3.3759309808e-01,9.8373520892e-01,1.0000000000e+00,1.0000000000e+00,1.0000000000e+00,1.0000000000e+00
g7792_g28404_A,100,0,65,3.5290150268e-01,9.8712628433e-01,1.0000000000e+00,1.0000000000e+00,1.0000000000e+00,1.0000000000e+00
g7806_g28408_A,100,0,65,3.7493994232e-01,9.9089630966e-01,1.0000000000e+00,1.0000000000e+00,1.0000000000e+00,1.0000000000e+00
g9196_g28430_B,100,0,32,1.4274961175e-01,7.8567299027e-01,9.9999979546e-01,1.0000000000e+00,1.0000000000e+00,1.0000000000e+00
g9257_g28441_B,100,0,32,1.5505596297e-01,8.1452753078e-01,9.9999995183e-01,1.0000000000e+00,1.0000000000e+00,1.0000000000e+00
g9335_g28453_B,100,0,32,1.2869513454e-01,7.4782537023e-01,9.9999896005e-01,1.0000000000e+00,1.0000000000e+00,1.0000000000e+00
g9323_g28915_B,100,0,29,1.2802251056e-01,7.4587187313e-01,9.9999887662e-01,1.0000000000e+00,1.0000000000e+00,1.0000000000e+00
g9501_g28971_B,100,0,32,1.2932188809e-01,7.4963347120e-01,9.9999903225e-01,1.0000000000e+00,1.0000000000e+00,1.0000000000e+00
g9471_g29236_A,100,0,58,9.7657135851e-03,9.3475397513e-02,6.2520313410e-01,9.9994530350e-01,1.0000000000e+00,1.0000000000e+00
g8941_g29261_B,100,0,63,2.0198065657e-01,8.9525478688e-01,9.9999999984e-01,1.0000000000e+00,1.0000000000e+00,1.0000000000e+00
g8388_g30345_B,100,0,75,5.3306199355e-04,5.3178511163e-03,5.1923811330e-02,4.1327797402e-01,9.9516580770e-01,1.0000000000e+00
g18226_II25899_A,100,0,53,1.6997501007e-07,1.6997488006e-06,1.6997357995e-05,1.6996057958e-04,1.6983064878e-03,1.6853859913e-02
g19494_II28249_A,100,0,21,1.4676618576e-01,7.9550599292e-01,9.9999987212e-01,1.0000000000e+00,1.0000000000e+00,1.0000000000e+00
g21887_II28727_A,7,0,10,5.9570312500e-02,4.5891772814e-01,9.9784903646e-01,1.0000000000e+00,1.0000000000e+00,1.0000000000e+00
g23858_II32696_A,100,0,27,2.8995668143e-01,9.6742769812e-01,1.0000000000e+00,1.0000000000e+00,1.0000000000e+00,1.0000000000e+00
g15859_II36258_A,100,0,47,2.0961254911e-02,1.9090635164e-01,8.7977690107e-01,9.9999999937e-01,1.0000000000e+00,1.0000000000e+00
g4456_g27529_A,100,0,34,8.8069152436e-02,6.0224186850e-01,9.9990087330e-01,1.0000000000e+00,1.0000000000e+00,1.0000000000e+00
g14885_II36593_A,100,0,34,2.6788663137e-01,9.5576323367e-01,1.0000000000e+00,1.0000000000e+00,1.0000000000e+00,1.0000000000e+00
g27577_II36780_A,100,0,34,2.8486010351e-01,9.6501272867e-01,1.0000000000e+00,1.0000000000e+00,1.0000000000e+00,1.0000000000e+00
g27827_II37295_A,100,0,48,2.3659667931e-06,2.3659416032e-05,2.3656897235e-04,2.3631728921e-03,2.3381999696e-02,2.1069065222e-01
g6087_g27824_A,100,0,55,4.7915449345e-03,4.6895389691e-02,3.8140600042e-01,9.9179540723e-01,1.0000000000e+00,1.0000000000e+00
g28388_II37814_A,100,0,48,4.6875283796e-01,9.9820953337e-01,1.0000000000e+00,1.0000000000e+00,1.0000000000e+00,1.0000000000e+00
g15880_II39359_B,100,0,81,4.2709655420e-02,3.5369608668e-01,9.8728349239e-01,1.0000000000e+00,1.0000000000e+00,1.0000000000e+00
g29917_II39534_A,100,0,51,4.6875411964e-01,9.9820957657e-01,1.0000000000e+00,1.0000000000e+00,1.0000000000e+00,1.0000000000e+00
g6574_g21747_B,5,0,17,1.2207031250e-04,1.2200327910e-03,1.2133563764e-02,1.1492046122e-01,7.0499932570e-01,9.9999500851e-01
g6838_g21771_B,5,0,17,1.2207031250e-04,1.2200327910e-03,1.2133563764e-02,1.1492046122e-01,7.0499932570e-01,9.9999500851e-01
g6838_g21780_B,2,0,14,1.2207031250e-04,1.2200327910e-03,1.2133563764e-02,1.1492046122e-01,7.0499932570e-01,9.9999500851e-01
g417_g9765_B,4,0,6,1.4062500000e-01,7.8030146796e-01,9.9999973802e-01,1.0000000000e+00,1.0000000000e+00,1.0000000000e+00
g4797_g10384_B,100,0,52,6.0680663300e-03,5.9050228522e-02,4.5591793370e-01,9.9772676616e-01,1.0000000000e+00,1.0000000000e+00
g4939_g10449_B,100,0,65,6.0007064559e-03,5.8412341870e-02,4.5221823182e-01,9.9756737181e-01,1.0000000000e+00,1.0000000000e+00
g18699_II25291_B,100,0,53,4.6066173809e-07,4.6066078315e-06,4.6065123389e-05,4.6055575582e-04,4.5960242492e-03,4.5021244615e-02
g1378_g19636_A,1,0,5,3.1250000000e-02,2.7202384333e-01,9.5820045528e-01,1.0000000000e+00,1.0000000000e+00,1.0000000000e+00
g2766_g19724_A,1,0,5,3.1250000000e-02,2.7202384333e-01,9.5820045528e-01,1.0000000000e+00,1.0000000000e+00,1.0000000000e+00
g2714_g19758_A,1,0,5,3.1250000000e-02,2.7202384333e-01,9.5820045528e-01,1.0000000000e+00,1.0000000000e+00,1.0000000000e+00
g2720_g19797_A,1,0,5,3.1250000000e-02,2.7202384333e-01,9.5820045528e-01,1.0000000000e+00,1.0000000000e+00,1.0000000000e+00
g2727_g19826_A,1,0,5,3.1250000000e-02,2.7202384333e-01,9.5820045528e-01,1.0000000000e+00,1.0000000000e+00,1.0000000000e+00
g2734_g19828_A,1,0,5,3.1250000000e-02,2.7202384333e-01,9.5820045528e-01,1.0000000000e+00,1.0000000000e+00,1.0000000000e+00
g13687_II26567_C,100,0,51,1.6170076833e-07,1.6170065067e-06,1.6169947405e-05,1.6168770854e-04,1.6157011613e-03,1.6040044256e-02
g18758_II26590_C,100,0,56,9.8086161415e-08,9.8086118121e-07,9.8085685182e-06,9.8081355935e-05,9.8038077470e-04,9.7606690371e-03
g18735_II26596_B,100,0,56,5.9742887970e-07,5.9742727356e-06,5.9741121244e-05,5.9725063296e-04,5.9564799938e-03,5.7993313105e-02
g17998_II26461_B,100,0,98,7.0254581423e-09,7.0254579202e-08,7.0254556991e-07,7.0254334885e-06,7.0252113875e-05,7.0229908917e-04
g9264_g12857_B,3,0,18,2.6702880859e-05,2.6699672391e-04,2.6667615957e-03,2.6349858386e-02,2.3435171594e-01,9.3077019069e-01
g15296_II22989_A,100,0,100,1.0074236342e-09,1.0074236296e-08,1.0074235840e-07,1.0074231272e-06,1.0074185602e-05,1.0073728913e-04
g18453_II25888_B,100,0,51,1.3737462723e-07,1.3737454231e-06,1.3737369308e-05,1.3736520120e-04,1.3728032090e-03,1.3643535317e-02
g3398_g10677_A,30,0,9,1.2500000000e-01,7.3692442384e-01,9.9999841217e-01,1.0000000000e+00,1.0000000000e+00,1.0000000000e+00
g6448_g12486_B,100,0,58,3.4694469520e-16,3.4694469520e-15,3.4694469520e-14,3.4694469520e-13,3.4694469519e-12,3.4694469519e-11
g9676_g13039_A,10,0,6,2.1875000000e-01,9.1529670527e-01,9.9999999998e-01,1.0000000000e+00,1.0000000000e+00,1.0000000000e+00
g9676_g13048_A,10,0,6,2.1875000000e-01,9.1529670527e-01,9.9999999998e-01,1.0000000000e+00,1.0000000000e+00,1.0000000000e+00
g6890_g12981_B,4,0,5,9.3750000000e-02,6.2633691437e-01,9.9994693576e-01,1.0000000000e+00,1.0000000000e+00,1.0000000000e+00
g9968_g13053_A,10,0,6,2.1875000000e-01,9.1529670527e-01,9.9999999998e-01,1.0000000000e+00,1.0000000000e+00,1.0000000000e+00
g9968_g13080_A,10,0,6,2.1875000000e-01,9.1529670527e-01,9.9999999998e-01,1.0000000000e+00,1.0000000000e+00,1.0000000000e+00
g9534_g11696_A,10,0,6,2.1875000000e-01,9.1529670527e-01,9.9999999998e-01,1.0000000000e+00,1.0000000000e+00,1.0000000000e+00
g9676_g13075_A,10,0,6,2.1875000000e-01,9.1529670527e-01,9.9999999998e-01,1.0000000000e+00,1.0000000000e+00,1.0000000000e+00
g9968_g11712_A,10,0,6,2.1875000000e-01,9.1529670527e-01,9.9999999998e-01,1.0000000000e+00,1.0000000000e+00,1.0000000000e+00
g3678_g11719_B,2,0,6,3.1250000000e-02,2.7202384333e-01,9.5820045528e-01,1.0000000000e+00,1.0000000000e+00,1.0000000000e+00
g6369_g15760_B,2,0,4,1.2500000000e-01,7.3692442384e-01,9.9999841217e-01,1.0000000000e+00,1.0000000000e+00,1.0000000000e+00
g7085_g15791_B,2,0,4,1.2500000000e-01,7.3692442384e-01,9.9999841217e-01,1.0000000000e+00,1.0000000000e+00,1.0000000000e+00
g6519_g15808_B,2,0,4,1.2500000000e-01,7.3692442384e-01,9.9999841217e-01,1.0000000000e+00,1.0000000000e+00,1.0000000000e+00
g7085_g15827_B,2,0,4,1.2500000000e-01,7.3692442384e-01,9.9999841217e-01,1.0000000000e+00,1.0000000000e+00,1.0000000000e+00
g6519_g15835_B,2,0,4,1.2500000000e-01,7.3692442384e-01,9.9999841217e-01,1.0000000000e+00,1.0000000000e+00,1.0000000000e+00
g6232_g15879_B,2,0,4,1.2500000000e-01,7.3692442384e-01,9.9999841217e-01,1.0000000000e+00,1.0000000000e+00,1.0000000000e+00
g7085_g15872_B,2,0,4,1.2500000000e-01,7.3692442384e-01,9.9999841217e-01,1.0000000000e+00,1.0000000000e+00,1.0000000000e+00
g3566_g13559_B,20,0,7,1.2500000000e-01,7.3692442384e-01,9.9999841217e-01,1.0000000000e+00,1.0000000000e+00,1.0000000000e+00
g7143_g15797_B,2,0,4,6.2500000000e-02,4.7553952495e-01,9.9842555447e-01,1.0000000000e+00,1.0000000000e+00,1.0000000000e+00
g7562_g15873_B,2,0,4,6.2500000000e-02,4.7553952495e-01,9.9842555447e-01,1.0000000000e+00,1.0000000000e+00,1.0000000000e+00
g7162_g15993_B,2,0,6,1.4062500000e-01,7.8030146796e-01,9.9999973802e-01,1.0000000000e+00,1.0000000000e+00,1.0000000000e+00
g3897_g16802_B,1,0,2,2.5000000000e-01,9.4368648529e-01,1.0000000000e+00,1.0000000000e+00,1.0000000000e+00,1.0000000000e+00
g92_g19954_B,10,0,7,2.4218750000e-01,9.3753774684e-01,1.0000000000e+00,1.0000000000e+00,1.0000000000e+00,1.0000000000e+00
g7466_g22935_B,2,0,8,3.9062500000e-03,3.8382958384e-02,3.2388353489e-01,9.8003749113e-01,1.0000000000e+00,1.0000000000e+00
g7195_g25059_B,100,0,29,4.1505638510e-03,4.0738933685e-02,3.4026704203e-01,9.8437997212e-01,1.0000000000e+00,1.0000000000e+00
g5741_g25389_B,10,0,12,7.5683593750e-03,7.3157330027e-02,5.3220002288e-01,9.9949811760e-01,1.0000000000e+00,1.0000000000e+00
g7265_g25934_B,100,0,25,4.2076557875e-02,3.4940905619e-01,9.8641435893e-01,1.0000000000e+00,1.0000000000e+00,1.0000000000e+00
g6448_g27390_B,100,0,95,5.5636995011e-11,5.5636994997e-10,5.5636994858e-09,5.5636993465e-08,5.5636979535e-07,5.5636840239e-06
g3618_g27628_B,100,0,95,1.1862122742e-10,1.1862122736e-09,1.1862122673e-08,1.1862122040e-07,1.1862115708e-06,1.1862052388e-05
g906_g8394_B,100,0,115,2.5934301316e-02,2.3107762063e-01,9.2775213602e-01,1.0000000000e+00,1.0000000000e+00,1.0000000000e+00
g924_g8466_B,100,0,115,2.5601304925e-02,2.2844491693e-01,9.2523998708e-01,9.9999999999e-01,1.0000000000e+00,1.0000000000e+00
g186_g8484_B,100,0,114,2.1231093050e-02,1.9313357445e-01,8.8304563252e-01,9.9999999952e-01,1.0000000000e+00,1.0000000000e+00
g945_g8490_B,100,0,114,2.6329250014e-02,2.3418964266e-01,9.3062350459e-01,1.0000000000e+00,1.0000000000e+00,1.0000000000e+00
g493_g8861_B,57,0,18,1.0070419312e-01,6.5404016247e-01,9.9997543839e-01,1.0000000000e+00,1.0000000000e+00,1.0000000000e+00
g408_g9639_B,100,0,34,7.5075502507e-02,5.4179183589e-01,9.9959203000e-01,1.0000000000e+00,1.0000000000e+00,1.0000000000e+00
g6486_g10199_A,4,0,6,1.4062500000e-01,7.8030146796e-01,9.9999973802e-01,1.0000000000e+00,1.0000000000e+00,1.0000000000e+00
g6945_g10379_A,100,0,59,6.2971366035e-02,4.7817050384e-01,9.9850277787e-01,1.0000000000e+00,1.0000000000e+00,1.0000000000e+00
g4899_g10435_B,100,0,70,4.5931801251e-05,4.5922308627e-04,4.5827526117e-03,4.4893910461e-02,3.6829234401e-01,9.8988044527e-01
g6945_g10568_A,100,0,61,1.0539244120e-01,6.7165860931e-01,9.9998543682e-01,1.0000000000e+00,1.0000000000e+00,1.0000000000e+00
g5196_g10588_B,68,0,48,2.1968969805e-03,2.1753051251e-02,1.9742612319e-01,8.8912077120e-01,9.9999999972e-01,1.0000000000e+00
g3774_g10589_A,4,0,6,1.4062500000e-01,7.8030146796e-01,9.9999973802e-01,1.0000000000e+00,1.0000000000e+00,1.0000000000e+00
g5338_g10689_B,4,0,6,1.4062500000e-01,7.8030146796e-01,9.9999973802e-01,1.0000000000e+00,1.0000000000e+00,1.0000000000e+00
g7849_g11851_A,1,0,2,2.5000000000e-01,9.4368648529e-01,1.0000000000e+00,1.0000000000e+00,1.0000000000e+00,1.0000000000e+00
g7964_g12069_A,1,0,2,2.5000000000e-01,9.4368648529e-01,1.0000000000e+00,1.0000000000e+00,1.0000000000e+00,1.0000000000e+00
g7815_g13739_A,1,0,2,2.5000000000e-01,9.4368648529e-01,1.0000000000e+00,1.0000000000e+00,1.0000000000e+00,1.0000000000e+00
g7919_g13833_A,1,0,2,2.5000000000e-01,9.4368648529e-01,1.0000000000e+00,1.0000000000e+00,1.0000000000e+00,1.0000000000e+00
g7646_g13953_A,1,0,2,2.5000000000e-01,9.4368648529e-01,1.0000000000e+00,1.0000000000e+00,1.0000000000e+00,1.0000000000e+00
g7748_g14229_A,1,0,2,2.5000000000e-01,9.4368648529e-01,1.0000000000e+00,1.0000000000e+00,1.0000000000e+00,1.0000000000e+00
g7912_g16990_A,1,0,2,2.5000000000e-01,9.4368648529e-01,1.0000000000e+00,1.0000000000e+00,1.0000000000e+00,1.0000000000e+00
g7845_g17048_A,1,0,2,2.5000000000e-01,9.4368648529e-01,1.0000000000e+00,1.0000000000e+00,1.0000000000e+00,1.0000000000e+00
g8156_g17079_A,1,0,2,2.5000000000e-01,9.4368648529e-01,1.0000000000e+00,1.0000000000e+00,1.0000000000e+00,1.0000000000e+00
g7865_g17082_A,1,0,2,2.5000000000e-01,9.4368648529e-01,1.0000000000e+00,1.0000000000e+00,1.0000000000e+00,1.0000000000e+00
g7629_g17084_A,2,0,3,3.7500000000e-01,9.9090505298e-01,1.0000000000e+00,1.0000000000e+00,1.0000000000e+00,1.0000000000e+00
g8079_g17129_A,1,0,2,2.5000000000e-01,9.4368648529e-01,1.0000000000e+00,1.0000000000e+00,1.0000000000e+00,1.0000000000e+00
g4354_g17578_A,4,0,5,4.6875000000e-01,9.9820943772e-01,1.0000000000e+00,1.0000000000e+00,1.0000000000e+00,1.0000000000e+00
g4578_g17714_A,4,0,5,4.6875000000e-01,9.9820943772e-01,1.0000000000e+00,1.0000000000e+00,1.0000000000e+00,1.0000000000e+00
g2888_g18333_A,2,0,4,1.8750000000e-01,8.7461843207e-01,9.9999999904e-01,1.0000000000e+00,1.0000000000e+00,1.0000000000e+00
g8068_g19561_A,2,0,3,3.7500000000e-01,9.9090505298e-01,1.0000000000e+00,1.0000000000e+00,1.0000000000e+00,1.0000000000e+00
g8076_g19562_A,2,0,3,3.7500000000e-01,9.9090505298e-01,1.0000000000e+00,1.0000000000e+00,1.0000000000e+00,1.0000000000e+00
g3948_g19604_A,2,0,3,3.7500000000e-01,9.9090505298e-01,1.0000000000e+00,1.0000000000e+00,1.0000000000e+00,1.0000000000e+00
g4058_g19638_A,2,0,3,3.7500000000e-01,9.9090505298e-01,1.0000000000e+00,1.0000000000e+00,1.0000000000e+00,1.0000000000e+00
g4329_g19727_A,2,0,3,3.7500000000e-01,9.9090505298e-01,1.0000000000e+00,1.0000000000e+00,1.0000000000e+00,1.0000000000e+00
g6901_g19837_A,1,0,5,3.1250000000e-02,2.7202384333e-01,9.5820045528e-01,1.0000000000e+00,1.0000000000e+00,1.0000000000e+00
g5327_g19971_A,4,0,6,3.5937500000e-01,9.8835769889e-01,1.0000000000e+00,1.0000000000e+00,1.0000000000e+00,1.0000000000e+00
g9427_g21379_A,1,0,3,1.2500000000e-01,7.3692442384e-01,9.9999841217e-01,1.0000000000e+00,1.0000000000e+00,1.0000000000e+00
g3398_g21639_A,1,0,5,3.1250000000e-02,2.7202384333e-01,9.5820045528e-01,1.0000000000e+00,1.0000000000e+00,1.0000000000e+00
g3398_g21666_A,1,0,5,3.1250000000e-02,2.7202384333e-01,9.5820045528e-01,1.0000000000e+00,1.0000000000e+00,1.0000000000e+00
g3975_g23582_A,12,0,13,4.9987792969e-01,9.9902105069e-01,1.0000000000e+00,1.0000000000e+00,1.0000000000e+00,1.0000000000e+00
g9644_g23825_B,11,0,21,1.2994146347e-01,7.5140938755e-01,9.9999909875e-01,1.0000000000e+00,1.0000000000e+00,1.0000000000e+00
g9734_g23843_B,11,0,21,1.2994146347e-01,7.5140938755e-01,9.9999909875e-01,1.0000000000e+00,1.0000000000e+00,1.0000000000e+00
g9965_g23900_B,11,0,21,1.2994146347e-01,7.5140938755e-01,9.9999909875e-01,1.0000000000e+00,1.0000000000e+00,1.0000000000e+00
g9857_g24810_A,1,0,13,1.2207031250e-04,1.2200327910e-03,1.2133563764e-02,1.1492046122e-01,7.0499932570e-01,9.9999500851e-01
g9941_g24825_A,1,0,13,1.2207031250e-04,1.2200327910e-03,1.2133563764e-02,1.1492046122e-01,7.0499932570e-01,9.9999500851e-01
g2046_g24899_A,16,0,11,3.7353515625e-01,9.9068962785e-01,1.0000000000e+00,1.0000000000e+00,1.0000000000e+00,1.0000000000e+00
g8714_g25277_B,10,0,9,2.0117187500e-01,8.9418835400e-01,9.9999999982e-01,1.0000000000e+00,1.0000000000e+00,1.0000000000e+00
g4948_g26380_A,28,0,18,2.8789520264e-01,9.6646957056e-01,1.0000000000e+00,1.0000000000e+00,1.0000000000e+00,1.0000000000e+00
g5179_g26446_A,18,0,19,3.8670349121e-01,9.9247156119e-01,1.0000000000e+00,1.0000000000e+00,1.0000000000e+00,1.0000000000e+00
g8278_g26119_A,100,0,82,3.0580903086e-04,3.0538853762e-03,3.0122573592e-02,2.6350718592e-01,9.5304464394e-01,1.0000000000e+00
g5680_g27772_A,5,0,14,1.8920898438e-03,1.8760608416e-02,1.7253478650e-01,8.4951353116e-01,9.9999999404e-01,1.0000000000e+00
g4283_g27936_A,100,0,34,4.4570690487e-01,9.9726224434e-01,1.0000000000e+00,1.0000000000e+00,1.0000000000e+00,1.0000000000e+00
g4721_g27984_A,100,0,34,4.4569952815e-01,9.9726187997e-01,1.0000000000e+00,1.0000000000e+00,1.0000000000e+00,1.0000000000e+00
g9916_g28035_B,100,0,51,1.2498065848e-01,7.3686626626e-01,9.9999840865e-01,1.0000000000e+00,1.0000000000e+00,1.0000000000e+00
g9242_g28439_B,100,0,32,1.4665533882e-01,7.9524017139e-01,9.9999987045e-01,1.0000000000e+00,1.0000000000e+00,1.0000000000e+00
g9273_g28444_B,100,0,32,1.4793191059e-01,7.9828276358e-01,9.9999988846e-01,1.0000000000e+00,1.0000000000e+00,1.0000000000e+00
g9351_g28456_B,100,0,32,1.3092905795e-01,7.5421674442e-01,9.9999919551e-01,1.0000000000e+00,1.0000000000e+00,1.0000000000e+00
g8901_g29257_B,100,0,78,2.0166307489e-01,8.9483719304e-01,9.9999999983e-01,1.0000000000e+00,1.0000000000e+00,1.0000000000e+00
g8934_g29260_B,100,0,79,2.0394615745e-01,8.9780622779e-01,9.9999999988e-01,1.0000000000e+00,1.0000000000e+00,1.0000000000e+00
g9187_g29026_A,100,0,60,1.5319880677e-02,1.4305747253e-01,7.8644145126e-01,9.9999980268e-01,1.0000000000e+00,1.0000000000e+00
g8330_g29981_B,100,0,77,8.4835627533e-02,5.8791097711e-01,9.9985877537e-01,1.0000000000e+00,1.0000000000e+00,1.0000000000e+00
g9038_g30398_B,100,0,79,1.6702296120e-01,8.3918361273e-01,9.9999998843e-01,1.0000000000e+00,1.0000000000e+00,1.0000000000e+00
g7880_g13375_D,8,0,21,1.1520385742e-03,1.1460845171e-02,1.0887473135e-01,6.8421784333e-01,9.9999014002e-01,1.0000000000e+00
g27565_II36289_A,100,0,77,2.6525218945e-01,9.5414538979e-01,1.0000000000e+00,1.0000000000e+00,1.0000000000e+00,1.0000000000e+00
g27827_II37296_A,100,0,48,3.7996895230e-07,3.7996830261e-06,3.7996180576e-05,3.7989684540e-04,3.7924805563e-03,3.7284077052e-02
g7488_g13139_B,2,0,6,3.1250000000e-02,2.7202384333e-01,9.5820045528e-01,1.0000000000e+00,1.0000000000e+00,1.0000000000e+00
g2714_g19687_A,1,0,5,3.1250000000e-02,2.7202384333e-01,9.5820045528e-01,1.0000000000e+00,1.0000000000e+00,1.0000000000e+00
g2766_g19761_A,1,0,5,3.1250000000e-02,2.7202384333e-01,9.5820045528e-01,1.0000000000e+00,1.0000000000e+00,1.0000000000e+00
g1358_g19846_A,1,0,5,3.1250000000e-02,2.7202384333e-01,9.5820045528e-01,1.0000000000e+00,1.0000000000e+00,1.0000000000e+00
g1365_g19848_A,1,0,5,3.1250000000e-02,2.7202384333e-01,9.5820045528e-01,1.0000000000e+00,1.0000000000e+00,1.0000000000e+00
g2746_g19862_A,1,0,5,3.1250000000e-02,2.7202384333e-01,9.5820045528e-01,1.0000000000e+00,1.0000000000e+00,1.0000000000e+00
g2740_g19886_A,1,0,5,3.1250000000e-02,2.7202384333e-01,9.5820045528e-01,1.0000000000e+00,1.0000000000e+00,1.0000000000e+00
g18679_II26564_A,100,0,46,6.1962782638e-07,6.1962609866e-06,6.1960882180e-05,6.1943608855e-04,6.1771228280e-03,6.0082150640e-02
g18789_II26624_B,100,0,55,1.7605680114e-07,1.7605666166e-06,1.7605526684e-05,1.7604131954e-04,1.7590192753e-03,1.7451607171e-02
g3866_g21757_A,1,0,5,3.1250000000e-02,2.7202384333e-01,9.5820045528e-01,1.0000000000e+00,1.0000000000e+00,1.0000000000e+00
g6305_g26968_A,2,0,13,3.6621093750e-04,3.6560802945e-03,3.5965118512e-02,3.0668997208e-01,9.7433892665e-01,1.0000000000e+00
g17887_II26429_B,100,0,97,5.3927156215e-09,5.3927154906e-08,5.3927141820e-07,5.3927010954e-06,5.3925702317e-05,5.3912618283e-04
g7880_g13286_D,3,0,16,5.6457519531e-04,5.6314299947e-03,5.4908435744e-02,4.3148900630e-01,9.9647313632e-01,1.0000000000e+00
g14966_II36666_B,100,0,34,5.4670730606e-05,5.4657282567e-04,5.4523044486e-03,5.3204567127e-02,4.2115599032e-01,9.9577705493e-01
g6678_g13058_B,2,0,6,3.1250000000e-02,2.7202384333e-01,9.5820045528e-01,1.0000000000e+00,1.0000000000e+00,1.0000000000e+00
g9968_g13054_A,10,0,6,2.1875000000e-01,9.1529670527e-01,9.9999999998e-01,1.0000000000e+00,1.0000000000e+00,1.0000000000e+00
g3678_g11693_B,2,0,6,3.1250000000e-02,2.7202384333e-01,9.5820045528e-01,1.0000000000e+00,1.0000000000e+00,1.0000000000e+00
g9968_g13081_A,10,0,6,2.1875000000e-01,9.1529670527e-01,9.9999999998e-01,1.0000000000e+00,1.0000000000e+00,1.0000000000e+00
g9968_g13108_A,10,0,6,2.1875000000e-01,9.1529670527e-01,9.9999999998e-01,1.0000000000e+00,1.0000000000e+00,1.0000000000e+00
g9676_g11717_A,10,0,6,2.1875000000e-01,9.1529670527e-01,9.9999999998e-01,1.0000000000e+00,1.0000000000e+00,1.0000000000e+00
g9968_g13144_A,10,0,6,2.1875000000e-01,9.1529670527e-01,9.9999999998e-01,1.0000000000e+00,1.0000000000e+00,1.0000000000e+00
g9676_g11726_A,10,0,6,2.1875000000e-01,9.1529670527e-01,9.9999999998e-01,1.0000000000e+00,1.0000000000e+00,1.0000000000e+00
g9968_g11731_A,10,0,6,2.1875000000e-01,9.1529670527e-01,9.9999999998e-01,1.0000000000e+00,1.0000000000e+00,1.0000000000e+00
g3566_g13497_B,2,0,4,1.2500000000e-01,7.3692442384e-01,9.9999841217e-01,1.0000000000e+00,1.0000000000e+00,1.0000000000e+00
g6838_g15850_B,2,0,4,1.2500000000e-01,7.3692442384e-01,9.9999841217e-01,1.0000000000e+00,1.0000000000e+00,1.0000000000e+00
g6838_g15931_B,20,0,7,1.2500000000e-01,7.3692442384e-01,9.9999841217e-01,1.0000000000e+00,1.0000000000e+00,1.0000000000e+00
g3919_g20877_A,1,0,2,2.5000000000e-01,9.4368648529e-01,1.0000000000e+00,1.0000000000e+00,1.0000000000e+00,1.0000000000e+00
g5659_g23528_B,10,0,10,3.0273437500e-02,2.6465199493e-01,9.5376943666e-01,1.0000000000e+00,1.0000000000e+00,1.0000000000e+00
g3494_g24459_B,100,0,28,1.0719619691e-02,1.0217031356e-01,6.5963914101e-01,9.9997913607e-01,1.0000000000e+00,1.0000000000e+00
g3774_g24467_B,100,0,28,3.1711675227e-02,2.7548571390e-01,9.6014621864e-01,1.0000000000e+00,1.0000000000e+00,1.0000000000e+00
g6713_g25929_B,100,0,25,3.0109137297e-02,2.6340514878e-01,9.5297954923e-01,1.0000000000e+00,1.0000000000e+00,1.0000000000e+00
g948_g8506_B,100,0,114,1.8155934466e-02,1.6742149370e-01,8.3995137396e-01,9.9999998897e-01,1.0000000000e+00,1.0000000000e+00
g891_g8536_B,100,0,113,2.1720209711e-02,1.9715664374e-01,8.8874791006e-01,9.9999999971e-01,1.0000000000e+00,1.0000000000e+00
g7358_g10399_A,73,0,41,4.3902397156e-03,4.3045134543e-02,3.5595746810e-01,9.8772149513e-01,1.0000000000e+00,1.0000000000e+00
g4959_g10457_B,4,0,6,1.4062500000e-01,7.8030146796e-01,9.9999973802e-01,1.0000000000e+00,1.0000000000e+00,1.0000000000e+00
g4994_g10467_B,4,0,6,1.4062500000e-01,7.8030146796e-01,9.9999973802e-01,1.0000000000e+00,1.0000000000e+00,1.0000000000e+00
g7488_g10476_A,100,0,58,6.1544345166e-05,6.1527303284e-04,6.1357230078e-03,5.9690534326e-02,4.5960903437e-01,9.9787636048e-01
g8632_g11788_B,1,0,3,1.2500000000e-01,7.3692442384e-01,9.9999841217e-01,1.0000000000e+00,1.0000000000e+00,1.0000000000e+00
g7834_g11885_A,1,0,2,2.5000000000e-01,9.4368648529e-01,1.0000000000e+00,1.0000000000e+00,1.0000000000e+00,1.0000000000e+00
g7709_g14098_A,1,0,2,2.5000000000e-01,9.4368648529e-01,1.0000000000e+00,1.0000000000e+00,1.0000000000e+00,1.0000000000e+00
g7996_g17015_A,1,0,2,2.5000000000e-01,9.4368648529e-01,1.0000000000e+00,1.0000000000e+00,1.0000000000e+00,1.0000000000e+00
g4179_g17475_A,4,0,5,4.6875000000e-01,9.9820943772e-01,1.0000000000e+00,1.0000000000e+00,1.0000000000e+00,1.0000000000e+00
g4348_g17576_A,4,0,5,4.6875000000e-01,9.9820943772e-01,1.0000000000e+00,1.0000000000e+00,1.0000000000e+00,1.0000000000e+00
g4380_g17598_A,4,0,5,4.6875000000e-01,9.9820943772e-01,1.0000000000e+00,1.0000000000e+00,1.0000000000e+00,1.0000000000e+00
g4486_g17654_A,4,0,5,4.6875000000e-01,9.9820943772e-01,1.0000000000e+00,1.0000000000e+00,1.0000000000e+00,1.0000000000e+00
g4552_g17696_A,4,0,5,4.6875000000e-01,9.9820943772e-01,1.0000000000e+00,1.0000000000e+00,1.0000000000e+00,1.0000000000e+00
g4766_g17824_A,4,0,5,4.6875000000e-01,9.9820943772e-01,1.0000000000e+00,1.0000000000e+00,1.0000000000e+00,1.0000000000e+00
g4942_g17936_A,4,0,5,4.6875000000e-01,9.9820943772e-01,1.0000000000e+00,1.0000000000e+00,1.0000000000e+00,1.0000000000e+00
g8191_g19574_A,2,0,3,3.7500000000e-01,9.9090505298e-01,1.0000000000e+00,1.0000000000e+00,1.0000000000e+00,1.0000000000e+00
g8236_g19592_A,2,0,3,3.7500000000e-01,9.9090505298e-01,1.0000000000e+00,1.0000000000e+00,1.0000000000e+00,1.0000000000e+00
g4182_g19677_A,2,0,3,3.7500000000e-01,9.9090505298e-01,1.0000000000e+00,1.0000000000e+00,1.0000000000e+00,1.0000000000e+00
g4392_g19746_A,2,0,3,3.7500000000e-01,9.9090505298e-01,1.0000000000e+00,1.0000000000e+00,1.0000000000e+00,1.0000000000e+00
g4564_g19790_A,2,0,3,3.7500000000e-01,9.9090505298e-01,1.0000000000e+00,1.0000000000e+00,1.0000000000e+00,1.0000000000e+00
g4629_g19806_A,2,0,3,3.7500000000e-01,9.9090505298e-01,1.0000000000e+00,1.0000000000e+00,1.0000000000e+00,1.0000000000e+00
g5352_g19983_A,4,0,6,3.5937500000e-01,9.8835769889e-01,1.0000000000e+00,1.0000000000e+00,1.0000000000e+00,1.0000000000e+00
g4985_g20665_A,100,0,97,1.3142098180e-02,1.2391503173e-01,7.3364412011e-01,9.9999820269e-01,1.0000000000e+00,1.0000000000e+00
g9356_g21298_A,1,0,3,1.2500000000e-01,7.3692442384e-01,9.9999841217e-01,1.0000000000e+00,1.0000000000e+00,1.0000000000e+00
g9488_g21373_A,1,0,3,1.2500000000e-01,7.3692442384e-01,9.9999841217e-01,1.0000000000e+00,1.0000000000e+00,1.0000000000e+00
g9795_g21480_A,1,0,3,1.2500000000e-01,7.3692442384e-01,9.9999841217e-01,1.0000000000e+00,1.0000000000e+00,1.0000000000e+00
g9941_g21487_A,1,0,3,1.2500000000e-01,7.3692442384e-01,9.9999841217e-01,1.0000000000e+00,1.0000000000e+00,1.0000000000e+00
g9857_g21553_A,1,0,3,1.2500000000e-01,7.3692442384e-01,9.9999841217e-01,1.0000000000e+00,1.0000000000e+00,1.0000000000e+00
g3990_g23586_A,12,0,13,4.9987792969e-01,9.9902105069e-01,1.0000000000e+00,1.0000000000e+00,1.0000000000e+00,1.0000000000e+00
g9790_g23860_B,11,0,21,1.2994146347e-01,7.5140938755e-01,9.9999909875e-01,1.0000000000e+00,1.0000000000e+00,1.0000000000e+00
g79_g24559_A,18,0,11,4.6582031250e-01,9.9810820664e-01,1.0000000000e+00,1.0000000000e+00,1.0000000000e+00,1.0000000000e+00
g2746_g24794_A,14,0,10,3.7207031250e-01,9.9046962120e-01,1.0000000000e+00,1.0000000000e+00,1.0000000000e+00,1.0000000000e+00
g7466_g24907_A,1,0,8,3.9062500000e-03,3.8382958384e-02,3.2388353489e-01,9.8003749113e-01,1.0000000000e+00,1.0000000000e+00
g7259_g25618_A,2,0,11,1.4648437500e-03,1.4552254196e-02,1.3635352663e-01,7.6913396748e-01,9.9999956987e-01,1.0000000000e+00
g9368_g26235_B,100,0,21,1.9503021240e-01,8.8576588911e-01,9.9999999962e-01,1.0000000000e+00,1.0000000000e+00,1.0000000000e+00
g4468_g26258_A,28,0,18,2.8789520264e-01,9.6646957056e-01,1.0000000000e+00,1.0000000000e+00,1.0000000000e+00,1.0000000000e+00
g4598_g26290_A,28,0,18,2.8789520264e-01,9.6646957056e-01,1.0000000000e+00,1.0000000000e+00,1.0000000000e+00,1.0000000000e+00
g9588_g26303_B,100,0,25,1.4794340730e-01,7.9830997906e-01,9.9999988861e-01,1.0000000000e+00,1.0000000000e+00,1.0000000000e+00
g4882_g26357_A,28,0,18,2.8789520264e-01,9.6646957056e-01,1.0000000000e+00,1.0000000000e+00,1.0000000000e+00,1.0000000000e+00
g4894_g26363_A,18,0,19,3.8670349121e-01,9.9247156119e-01,1.0000000000e+00,1.0000000000e+00,1.0000000000e+00,1.0000000000e+00
g6068_g26099_A,100,0,50,5.6377080635e-03,5.4968103572e-02,4.3184783059e-01,9.9649533353e-01,1.0000000000e+00,1.0000000000e+00
g8287_g26129_A,100,0,79,2.9910250088e-03,2.9510863972e-02,2.5884885962e-01,9.4998873824e-01,1.0000000000e+00,1.0000000000e+00
g4406_g27949_A,100,0,34,4.4568937650e-01,9.9726137846e-01,1.0000000000e+00,1.0000000000e+00,1.0000000000e+00,1.0000000000e+00
g4545_g27963_A,100,0,34,4.4570664578e-01,9.9726223154e-01,1.0000000000e+00,1.0000000000e+00,1.0000000000e+00,1.0000000000e+00
g9404_g28944_B,100,0,32,1.2346123159e-01,7.3226121234e-01,9.9999810716e-01,1.0000000000e+00,1.0000000000e+00,1.0000000000e+00
g9737_g29242_A,100,0,57,7.3259292022e-08,7.3259267870e-07,7.3259026360e-06,7.3256611308e-05,7.3232466636e-04,7.2991602589e-03
g9326_g29068_A,100,0,63,7.3242687613e-03,7.0875216651e-02,5.2055317671e-01,9.9935819299e-01,1.0000000000e+00,1.0000000000e+00
g9795_g29103_A,100,0,65,1.8798905048e-02,1.7285767984e-01,8.5009972910e-01,9.9999999427e-01,1.0000000000e+00,1.0000000000e+00
g8424_g29465_B,6,0,15,6.1523437500e-02,4.7005071532e-01,9.9825279806e-01,1.0000000000e+00,1.0000000000e+00,1.0000000000e+00
g9534_g12886_A,3,0,10,3.6132812500e-02,3.0789504214e-01,9.7478147957e-01,1.0000000000e+00,1.0000000000e+00,1.0000000000e+00
g4809_g23983_A,100,0,27,1.1005045474e-01,6.8835952701e-01,9.9999135951e-01,1.0000000000e+00,1.0000000000e+00,1.0000000000e+00
g8580_g13893_A,100,0,46,1.2249975779e-01,7.2930985163e-01,9.9999788785e-01,1.0000000000e+00,1.0000000000e+00,1.0000000000e+00
g17993_II25809_B,100,0,48,8.1442522060e-08,8.1442492212e-07,8.1442193733e-06,8.1439209024e-05,8.1409369953e-04,8.1111779630e-03
g8296_g22916_A,93,0,21,2.8874492645e-01,9.6686753305e-01,1.0000000000e+00,1.0000000000e+00,1.0000000000e+00,1.0000000000e+00
g4985_g23913_C,100,0,27,4.3318554759e-02,3.5779525603e-01,9.8806739969e-01,1.0000000000e+00,1.0000000000e+00,1.0000000000e+00
g28842_II38378_B,100,0,48,9.7823888296e-06,9.7819582128e-05,9.7776534340e-04,9.7347442865e-03,9.3191844591e-02,6.2402915096e-01
g29718_II39384_A,100,0,48,3.1569696004e-04,3.1524884683e-03,3.1081405361e-02,2.7075593066e-01,9.5746670203e-01,1.0000000000e+00
g29913_II39539_B,100,0,54,3.5192149284e-07,3.5192093552e-06,3.5191536239e-05,3.5185963763e-04,3.5130303664e-03,3.4580112285e-02
g7488_g13068_B,2,0,6,3.1250000000e-02,2.7202384333e-01,9.5820045528e-01,1.0000000000e+00,1.0000000000e+00,1.0000000000e+00
g6838_g21791_B,2,0,14,1.2207031250e-04,1.2200327910e-03,1.2133563764e-02,1.1492046122e-01,7.0499932570e-01,9.9999500851e-01
g1339_g19668_A,1,0,5,3.1250000000e-02,2.7202384333e-01,9.5820045528e-01,1.0000000000e+00,1.0000000000e+00,1.0000000000e+00
g2734_g19884_A,1,0,5,3.1250000000e-02,2.7202384333e-01,9.5820045528e-01,1.0000000000e+00,1.0000000000e+00,1.0000000000e+00
g18758_II26593_B,100,0,56,1.8851164896e-07,1.8851148904e-06,1.8850988990e-05,1.8849389952e-04,1.8833409508e-03,1.8674594700e-02
g18708_II26599_A,100,0,49,2.2281456040e-06,2.2281232633e-05,2.2278998726e-04,2.2256676070e-03,2.2035082105e-02,1.9973696262e-01
g18699_II26661_B,100,0,53,4.0656090050e-07,4.0656015669e-06,4.0655271867e-05,4.0647834843e-04,4.0573564286e-03,3.9840726432e-02
g18765_II26667_B,100,0,55,6.8405591946e-07,6.8405381377e-06,6.8403275732e-05,6.8382224036e-04,6.8172181509e-03,6.6118399962e-02
g18692_II26695_B,100,0,56,3.3488966267e-08,3.3488961220e-07,3.3488910752e-06,3.3488406078e-05,3.3483359899e-04,3.3432953827e-03
g9427_g24747_A,1,0,13,1.2207031250e-04,1.2200327910e-03,1.2133563764e-02,1.1492046122e-01,7.0499932570e-01,9.9999500851e-01
g6157_g26955_A,2,0,13,3.6621093750e-04,3.6560802945e-03,3.5965118512e-02,3.0668997208e-01,9.7433892665e-01,1.0000000000e+00
g17979_II26429_A,100,0,99,3.2989219412e-09,3.2989218922e-08,3.2989214025e-07,3.2989165052e-06,3.2988675328e-05,3.2983778621e-04
g9342_g12898_B,3,0,18,2.6702880859e-05,2.6699672391e-04,2.6667615957e-03,2.6349858386e-02,2.3435171594e-01,9.3077019069e-01
g7488_g10728_B,30,0,9,1.2500000000e-01,7.3692442384e-01,9.9999841217e-01,1.0000000000e+00,1.0000000000e+00,1.0000000000e+00
g8278_g12486_A,100,0,58,1.2500001333e-01,7.3692446393e-01,9.9999841217e-01,1.0000000000e+00,1.0000000000e+00,1.0000000000e+00
g9676_g11673_A,10,0,6,2.1875000000e-01,9.1529670527e-01,9.9999999998e-01,1.0000000000e+00,1.0000000000e+00,1.0000000000e+00
g3678_g11685_B,2,0,6,3.1250000000e-02,2.7202384333e-01,9.5820045528e-01,1.0000000000e+00,1.0000000000e+00,1.0000000000e+00
g9968_g11705_A,10,0,6,2.1875000000e-01,9.1529670527e-01,9.9999999998e-01,1.0000000000e+00,1.0000000000e+00,1.0000000000e+00
g9676_g11709_A,10,0,6,2.1875000000e-01,9.1529670527e-01,9.9999999998e-01,1.0000000000e+00,1.0000000000e+00,1.0000000000e+00
g9968_g13109_A,10,0,6,2.1875000000e-01,9.1529670527e-01,9.9999999998e-01,1.0000000000e+00,1.0000000000e+00,1.0000000000e+00
g9676_g11718_A,100,0,53,1.9616699371e-01,8.8736889408e-01,9.9999999967e-01,1.0000000000e+00,1.0000000000e+00,1.0000000000e+00
g9968_g13145_A,10,0,6,2.1875000000e-01,9.1529670527e-01,9.9999999998e-01,1.0000000000e+00,1.0000000000e+00,1.0000000000e+00
g6369_g15807_B,2,0,4,1.2500000000e-01,7.3692442384e-01,9.9999841217e-01,1.0000000000e+00,1.0000000000e+00,1.0000000000e+00
g6574_g15809_B,2,0,4,1.2500000000e-01,7.3692442384e-01,9.9999841217e-01,1.0000000000e+00,1.0000000000e+00,1.0000000000e+00
g6369_g15834_B,2,0,4,1.2500000000e-01,7.3692442384e-01,9.9999841217e-01,1.0000000000e+00,1.0000000000e+00,1.0000000000e+00
g6574_g15836_B,2,0,4,1.2500000000e-01,7.3692442384e-01,9.9999841217e-01,1.0000000000e+00,1.0000000000e+00,1.0000000000e+00
g6783_g15825_B,2,0,4,1.2500000000e-01,7.3692442384e-01,9.9999841217e-01,1.0000000000e+00,1.0000000000e+00,1.0000000000e+00
g6783_g15870_B,20,0,7,1.2500000000e-01,7.3692442384e-01,9.9999841217e-01,1.0000000000e+00,1.0000000000e+00,1.0000000000e+00
g3366_g13599_B,2,0,6,1.4062500000e-01,7.8030146796e-01,9.9999973802e-01,1.0000000000e+00,1.0000000000e+00,1.0000000000e+00
g7230_g15999_B,2,0,6,1.4062500000e-01,7.8030146796e-01,9.9999973802e-01,1.0000000000e+00,1.0000000000e+00,1.0000000000e+00
g6574_g21776_B,2,0,14,1.2207031250e-04,1.2200327910e-03,1.2133563764e-02,1.1492046122e-01,7.0499932570e-01,9.9999500851e-01
g6783_g21765_B,2,0,14,1.2207031250e-04,1.2200327910e-03,1.2133563764e-02,1.1492046122e-01,7.0499932570e-01,9.9999500851e-01
g7009_g23979_B,4,0,11,1.4648437500e-03,1.4552254196e-02,1.3635352663e-01,7.6913396748e-01,9.9999956987e-01,1.0000000000e+00
g3494_g24469_B,100,0,29,2.4432502687e-04,2.4405657558e-03,2.4139358302e-02,2.1679035979e-01,9.1314791598e-01,9.9999999998e-01
g5556_g27447_B,100,0,95,2.2419843759e-11,2.2419843757e-10,2.2419843734e-09,2.2419843508e-08,2.2419841246e-07,2.2419818627e-06
g6678_g10369_A,100,0,58,5.3598713925e-05,5.3585788073e-04,5.3456757891e-03,5.2188987390e-02,4.1491696630e-01,9.9529916459e-01
g4839_g10398_B,100,0,70,9.9082098966e-08,9.9082054789e-07,9.9081613014e-06,9.9077195406e-05,9.9033033766e-04,9.8592857894e-03
g4979_g10465_B,68,0,48,2.1968969805e-03,2.1753051251e-02,1.9742612319e-01,8.8912077120e-01,9.9999999972e-01,1.0000000000e+00
g3678_g10588_A,42,0,36,2.1969953814e-03,2.1754015974e-02,1.9743403794e-01,8.8913170530e-01,9.9999999972e-01,1.0000000000e+00
g7488_g10675_A,100,0,83,2.2844324121e-07,2.2844300637e-06,2.2844065801e-05,2.2841717613e-04,2.2818253425e-03,2.2585370739e-02
g7688_g14039_A,1,0,2,2.5000000000e-01,9.4368648529e-01,1.0000000000e+00,1.0000000000e+00,1.0000000000e+00,1.0000000000e+00
g8246_g15389_A,1,0,2,2.5000000000e-01,9.4368648529e-01,1.0000000000e+00,1.0000000000e+00,1.0000000000e+00,1.0000000000e+00
g7479_g17128_A,1,0,2,2.5000000000e-01,9.4368648529e-01,1.0000000000e+00,1.0000000000e+00,1.0000000000e+00,1.0000000000e+00
g7676_g17138_A,2,0,3,3.7500000000e-01,9.9090505298e-01,1.0000000000e+00,1.0000000000e+00,1.0000000000e+00,1.0000000000e+00
g7958_g17144_A,1,0,2,2.5000000000e-01,9.4368648529e-01,1.0000000000e+00,1.0000000000e+00,1.0000000000e+00,1.0000000000e+00
g6177_g17395_A,2,0,6,4.6875000000e-02,3.8127365236e-01,9.9177783661e-01,1.0000000000e+00,1.0000000000e+00,1.0000000000e+00
g4731_g17797_A,4,0,5,4.6875000000e-01,9.9820943772e-01,1.0000000000e+00,1.0000000000e+00,1.0000000000e+00,1.0000000000e+00
g4791_g17836_A,4,0,5,4.6875000000e-01,9.9820943772e-01,1.0000000000e+00,1.0000000000e+00,1.0000000000e+00,1.0000000000e+00
g4836_g17854_A,4,0,5,4.6875000000e-01,9.9820943772e-01,1.0000000000e+00,1.0000000000e+00,1.0000000000e+00,1.0000000000e+00
g4870_g17874_A,4,0,5,4.6875000000e-01,9.9820943772e-01,1.0000000000e+00,1.0000000000e+00,1.0000000000e+00,1.0000000000e+00
g5289_g18256_A,4,0,5,4.6875000000e-01,9.9820943772e-01,1.0000000000e+00,1.0000000000e+00,1.0000000000e+00,1.0000000000e+00
g3972_g19618_A,2,0,3,3.7500000000e-01,9.9090505298e-01,1.0000000000e+00,1.0000000000e+00,1.0000000000e+00,1.0000000000e+00
g3987_g19621_A,2,0,3,3.7500000000e-01,9.9090505298e-01,1.0000000000e+00,1.0000000000e+00,1.0000000000e+00,1.0000000000e+00
g4098_g19654_A,2,0,3,3.7500000000e-01,9.9090505298e-01,1.0000000000e+00,1.0000000000e+00,1.0000000000e+00,1.0000000000e+00
g4295_g19718_A,2,0,3,3.7500000000e-01,9.9090505298e-01,1.0000000000e+00,1.0000000000e+00,1.0000000000e+00,1.0000000000e+00
g4427_g19757_A,2,0,3,3.7500000000e-01,9.9090505298e-01,1.0000000000e+00,1.0000000000e+00,1.0000000000e+00,1.0000000000e+00
g4677_g19813_A,2,0,3,3.7500000000e-01,9.9090505298e-01,1.0000000000e+00,1.0000000000e+00,1.0000000000e+00,1.0000000000e+00
g7562_g19943_A,1,0,4,6.2500000000e-02,4.7553952495e-01,9.9842555447e-01,1.0000000000e+00,1.0000000000e+00,1.0000000000e+00
g9293_g21299_A,1,0,3,1.2500000000e-01,7.3692442384e-01,9.9999841217e-01,1.0000000000e+00,1.0000000000e+00,1.0000000000e+00
g9488_g21356_A,1,0,3,1.2500000000e-01,7.3692442384e-01,9.9999841217e-01,1.0000000000e+00,1.0000000000e+00,1.0000000000e+00
g9649_g21438_A,1,0,3,1.2500000000e-01,7.3692442384e-01,9.9999841217e-01,1.0000000000e+00,1.0000000000e+00,1.0000000000e+00
g9795_g21445_A,1,0,3,1.2500000000e-01,7.3692442384e-01,9.9999841217e-01,1.0000000000e+00,1.0000000000e+00,1.0000000000e+00
g6777_g23743_A,2,0,9,5.8593750000e-03,5.7072691692e-02,4.4437454227e-01,9.9719572009e-01,1.0000000000e+00,1.0000000000e+00
g9531_g23778_B,11,0,21,1.2994146347e-01,7.5140938755e-01,9.9999909875e-01,1.0000000000e+00,1.0000000000e+00,1.0000000000e+00
g8752_g25286_B,10,0,9,2.0117187500e-01,8.9418835400e-01,9.9999999982e-01,1.0000000000e+00,1.0000000000e+00,1.0000000000e+00
g5697_g25309_A,5,0,10,3.0273437500e-02,2.6465199493e-01,9.5376943666e-01,1.0000000000e+00,1.0000000000e+00,1.0000000000e+00
g9387_g26244_B,100,0,21,1.9503021240e-01,8.8576588911e-01,9.9999999962e-01,1.0000000000e+00,1.0000000000e+00,1.0000000000e+00
g9468_g26271_B,100,0,25,1.4605733752e-01,7.9380073544e-01,9.9999986105e-01,1.0000000000e+00,1.0000000000e+00,1.0000000000e+00
g4592_g26288_A,28,0,18,2.8789520264e-01,9.6646957056e-01,1.0000000000e+00,1.0000000000e+00,1.0000000000e+00,1.0000000000e+00
g4644_g26299_A,28,0,18,2.8789520264e-01,9.6646957056e-01,1.0000000000e+00,1.0000000000e+00,1.0000000000e+00,1.0000000000e+00
g4829_g26348_A,18,0,19,3.8670349121e-01,9.9247156119e-01,1.0000000000e+00,1.0000000000e+00,1.0000000000e+00,1.0000000000e+00
g4888_g26361_A,18,0,19,3.8670349121e-01,9.9247156119e-01,1.0000000000e+00,1.0000000000e+00,1.0000000000e+00,1.0000000000e+00
g4956_g26383_A,18,0,19,3.8670349121e-01,9.9247156119e-01,1.0000000000e+00,1.0000000000e+00,1.0000000000e+00,1.0000000000e+00
g2766_g27448_A,22,0,14,3.7481689453e-01,9.9087837247e-01,1.0000000000e+00,1.0000000000e+00,1.0000000000e+00,1.0000000000e+00
g9416_g28465_B,100,0,32,1.3933825702e-01,7.7698966660e-01,9.9999969574e-01,1.0000000000e+00,1.0000000000e+00,1.0000000000e+00
g6087_g27827_A,100,0,22,1.2857437134e-02,1.2138466514e-01,7.2585029098e-01,9.9999760184e-01,1.0000000000e+00,1.0000000000e+00
g8863_g29252_B,100,0,80,2.0105123885e-01,8.9402845242e-01,9.9999999982e-01,1.0000000000e+00,1.0000000000e+00,1.0000000000e+00
g9391_g29076_A,100,0,60,1.2939508645e-02,1.2211487695e-01,7.2812023005e-01,9.9999779317e-01,1.0000000000e+00,1.0000000000e+00
g8324_g29980_B,100,0,77,2.2821677372e-02,2.0615037904e-01,9.0060090791e-01,9.9999999991e-01,1.0000000000e+00,1.0000000000e+00
g8403_g29991_B,100,0,77,2.1465227728e-02,1.9506163100e-01,8.8581046774e-01,9.9999999962e-01,1.0000000000e+00,1.0000000000e+00
g8990_g30394_B,100,0,89,1.6128670727e-01,8.2775950622e-01,9.9999997702e-01,1.0000000000e+00,1.0000000000e+00,1.0000000000e+00
g7928_g13375_C,7,0,19,1.2359619141e-03,1.2291103135e-02,1.1633092369e-01,7.0966688562e-01,9.9999574435e-01,1.0000000000e+00
g8287_g22881_A,98,0,21,2.8874492645e-01,9.6686753305e-01,1.0000000000e+00,1.0000000000e+00,1.0000000000e+00,1.0000000000e+00
g4809_g23892_C,100,0,27,4.7737181187e-02,3.8684782106e-01,9.9248925946e-01,1.0000000000e+00,1.0000000000e+00,1.0000000000e+00
g14966_II36668_A,100,0,34,2.7944612596e-01,9.6227193124e-01,1.0000000000e+00,1.0000000000e+00,1.0000000000e+00,1.0000000000e+00
g29728_II39347_B,100,0,48,1.6885344394e-06,1.6885216093e-05,1.6883933153e-04,1.6871110903e-03,1.6743599985e-02,1.5536744005e-01
g29718_II39385_A,100,0,52,4.3889445332e-01,9.9690653207e-01,1.0000000000e+00,1.0000000000e+00,1.0000000000e+00,1.0000000000e+00
g6519_g21688_B,5,0,17,1.2207031250e-04,1.2200327910e-03,1.2133563764e-02,1.1492046122e-01,7.0499932570e-01,9.9999500851e-01
g6369_g21775_B,100,0,21,4.7683715820e-05,4.7673485306e-04,4.7571340964e-03,4.6565788070e-02,3.7926345315e-01,9.9150676464e-01
g6783_g21748_B,2,0,14,1.2207031250e-04,1.2200327910e-03,1.2133563764e-02,1.1492046122e-01,7.0499932570e-01,9.9999500851e-01
g7488_g10478_A,71,0,41,4.3902397156e-03,4.3045134543e-02,3.5595746810e-01,9.8772149513e-01,1.0000000000e+00,1.0000000000e+00
g7488_g10748_A,100,0,43,5.5238740515e-07,5.5238603206e-06,5.5237230140e-05,5.5223501980e-04,5.5086470296e-03,5.3740803864e-02
g2707_g19759_A,1,0,5,3.1250000000e-02,2.7202384333e-01,9.5820045528e-01,1.0000000000e+00,1.0000000000e+00,1.0000000000e+00
g1358_g19776_A,1,0,5,3.1250000000e-02,2.7202384333e-01,9.5820045528e-01,1.0000000000e+00,1.0000000000e+00,1.0000000000e+00
g2707_g19795_A,1,0,5,3.1250000000e-02,2.7202384333e-01,9.5820045528e-01,1.0000000000e+00,1.0000000000e+00,1.0000000000e+00
g2753_g19929_A,1,0,5,3.1250000000e-02,2.7202384333e-01,9.5820045528e-01,1.0000000000e+00,1.0000000000e+00,1.0000000000e+00
g18699_II26590_B,100,0,49,8.2729002315e-08,8.2728971517e-07,8.2728663534e-06,8.2725583788e-05,8.2694794730e-04,8.2387743044e-03
g14991_II26599_B,100,0,56,4.8100400818e-07,4.8100296704e-06,4.8099255580e-05,4.8088845992e-04,4.7984915159e-03,4.6961914556e-02
g18796_II26627_C,100,0,56,2.2582480597e-07,2.2582457648e-06,2.2582228164e-05,2.2579933496e-04,2.2557003902e-03,2.2329407479e-02
g18796_II26682_B,100,0,54,6.9689758675e-07,6.9689540126e-06,6.9687354682e-05,6.9665505269e-04,6.9447512784e-03,6.7316890773e-02
g18699_II26708_A,100,0,53,6.7016060257e-08,6.7016040047e-07,6.7015837945e-06,6.7013816976e-05,6.6993611755e-04,6.6792005664e-03
g18796_II26745_B,100,0,56,3.9889748393e-08,3.9889741233e-07,3.9889669629e-06,3.9888953603e-05,3.9881794286e-04,3.9810295266e-03
g9507_g24776_A,1,0,13,1.2207031250e-04,1.2200327910e-03,1.2133563764e-02,1.1492046122e-01,7.0499932570e-01,9.9999500851e-01
g9795_g24803_A,1,0,13,1.2207031250e-04,1.2200327910e-03,1.2133563764e-02,1.1492046122e-01,7.0499932570e-01,9.9999500851e-01
g9795_g24821_A,1,0,13,1.2207031250e-04,1.2200327910e-03,1.2133563764e-02,1.1492046122e-01,7.0499932570e-01,9.9999500851e-01
g9676_g12926_A,3,0,10,3.6132812500e-02,3.0789504214e-01,9.7478147957e-01,1.0000000000e+00,1.0000000000e+00,1.0000000000e+00
g9407_g12898_A,3,0,18,2.6702880859e-05,2.6699672391e-04,2.6667615957e-03,2.6349858386e-02,2.3435171594e-01,9.3077019069e-01
g7488_g10747_B,30,0,9,1.2500000000e-01,7.3692442384e-01,9.9999841217e-01,1.0000000000e+00,1.0000000000e+00,1.0000000000e+00
g9676_g11674_A,10,0,6,2.1875000000e-01,9.1529670527e-01,9.9999999998e-01,1.0000000000e+00,1.0000000000e+00,1.0000000000e+00
g3678_g11686_B,2,0,6,3.1250000000e-02,2.7202384333e-01,9.5820045528e-01,1.0000000000e+00,1.0000000000e+00,1.0000000000e+00
g6678_g13087_B,2,0,6,3.1250000000e-02,2.7202384333e-01,9.5820045528e-01,1.0000000000e+00,1.0000000000e+00,1.0000000000e+00
g9676_g11692_A,10,0,6,2.1875000000e-01,9.1529670527e-01,9.9999999998e-01,1.0000000000e+00,1.0000000000e+00,1.0000000000e+00
g9822_g11699_A,10,0,6,2.1875000000e-01,9.1529670527e-01,9.9999999998e-01,1.0000000000e+00,1.0000000000e+00,1.0000000000e+00
g9968_g13146_A,10,0,6,2.1875000000e-01,9.1529670527e-01,9.9999999998e-01,1.0000000000e+00,1.0000000000e+00,1.0000000000e+00
g9968_g11733_A,10,0,6,2.1875000000e-01,9.1529670527e-01,9.9999999998e-01,1.0000000000e+00,1.0000000000e+00,1.0000000000e+00
g6783_g15763_B,2,0,4,1.2500000000e-01,7.3692442384e-01,9.9999841217e-01,1.0000000000e+00,1.0000000000e+00,1.0000000000e+00
g7085_g15839_B,2,0,4,1.2500000000e-01,7.3692442384e-01,9.9999841217e-01,1.0000000000e+00,1.0000000000e+00,1.0000000000e+00
g6519_g15847_B,20,0,7,1.2500000000e-01,7.3692442384e-01,9.9999841217e-01,1.0000000000e+00,1.0000000000e+00,1.0000000000e+00
g6838_g15951_B,20,0,7,1.2500000000e-01,7.3692442384e-01,9.9999841217e-01,1.0000000000e+00,1.0000000000e+00,1.0000000000e+00
g2896_g16536_B,2,0,5,3.1250000000e-02,2.7202384333e-01,9.5820045528e-01,1.0000000000e+00,1.0000000000e+00,1.0000000000e+00
g7079_g21696_B,4,0,9,5.8593750000e-03,5.7072691692e-02,4.4437454227e-01,9.9719572009e-01,1.0000000000e+00,1.0000000000e+00
g7595_g22953_B,2,0,8,3.9062500000e-03,3.8382958384e-02,3.2388353489e-01,9.8003749113e-01,1.0000000000e+00,1.0000000000e+00
g5689_g25372_B,10,0,12,7.5683593750e-03,7.3157330027e-02,5.3220002288e-01,9.9949811760e-01,1.0000000000e+00,1.0000000000e+00
g5438_g25928_B,100,0,25,3.2210111618e-02,2.7920659856e-01,9.6214632736e-01,1.0000000000e+00,1.0000000000e+00,1.0000000000e+00
g5556_g25936_B,100,0,25,3.1998544931e-02,2.7762933498e-01,9.6130979662e-01,1.0000000000e+00,1.0000000000e+00,1.0000000000e+00
g1439_g26498_B,10,0,13,3.7841796875e-03,3.7203856033e-02,3.1554732931e-01,9.7743505786e-01,1.0000000000e+00,1.0000000000e+00
g3462_g26779_B,100,0,31,2.6989374310e-02,2.3936583279e-01,9.3517264574e-01,1.0000000000e+00,1.0000000000e+00,1.0000000000e+00
g3618_g26785_B,100,0,32,2.6534700766e-02,2.3580401798e-01,9.3207220780e-01,1.0000000000e+00,1.0000000000e+00,1.0000000000e+00
g5438_g27395_B,100,0,95,7.7195801834e-12,7.7195801832e-11,7.7195801805e-10,7.7195801537e-09,7.7195798855e-08,7.7195772039e-07
g927_g8439_B,100,0,114,2.7348325155e-02,2.4216721504e-01,9.3752102507e-01,1.0000000000e+00,1.0000000000e+00,1.0000000000e+00
g267_g8487_B,100,0,107,2.5827956905e-02,2.3023773085e-01,9.2695908619e-01,1.0000000000e+00,1.0000000000e+00,1.0000000000e+00
g885_g8535_B,100,0,114,1.2790396379e-02,1.2078778034e-01,7.2398215891e-01,9.9999743332e-01,1.0000000000e+00,1.0000000000e+00
g7869_g11816_A,1,0,2,2.5000000000e-01,9.4368648529e-01,1.0000000000e+00,1.0000000000e+00,1.0000000000e+00,1.0000000000e+00
g8708_g11966_B,1,0,3,1.2500000000e-01,7.3692442384e-01,9.9999841217e-01,1.0000000000e+00,1.0000000000e+00,1.0000000000e+00
g8788_g12129_B,1,0,3,1.2500000000e-01,7.3692442384e-01,9.9999841217e-01,1.0000000000e+00,1.0000000000e+00,1.0000000000e+00
g7834_g15388_A,1,0,2,2.5000000000e-01,9.4368648529e-01,1.0000000000e+00,1.0000000000e+00,1.0000000000e+00,1.0000000000e+00
g4939_g15556_A,2,0,3,3.7500000000e-01,9.9090505298e-01,1.0000000000e+00,1.0000000000e+00,1.0000000000e+00,1.0000000000e+00
g4976_g15573_A,2,0,3,3.7500000000e-01,9.9090505298e-01,1.0000000000e+00,1.0000000000e+00,1.0000000000e+00,1.0000000000e+00
g7766_g17193_A,2,0,3,3.7500000000e-01,9.9090505298e-01,1.0000000000e+00,1.0000000000e+00,1.0000000000e+00,1.0000000000e+00
g4587_g17717_A,4,0,5,4.6875000000e-01,9.9820943772e-01,1.0000000000e+00,1.0000000000e+00,1.0000000000e+00,1.0000000000e+00
g4659_g17753_A,4,0,5,4.6875000000e-01,9.9820943772e-01,1.0000000000e+00,1.0000000000e+00,1.0000000000e+00,1.0000000000e+00
g4693_g17773_A,4,0,5,4.6875000000e-01,9.9820943772e-01,1.0000000000e+00,1.0000000000e+00,1.0000000000e+00,1.0000000000e+00
g4725_g17795_A,4,0,5,4.6875000000e-01,9.9820943772e-01,1.0000000000e+00,1.0000000000e+00,1.0000000000e+00,1.0000000000e+00
g4899_g17900_A,4,0,5,4.6875000000e-01,9.9820943772e-01,1.0000000000e+00,1.0000000000e+00,1.0000000000e+00,1.0000000000e+00
g4936_g17926_A,4,0,5,4.6875000000e-01,9.9820943772e-01,1.0000000000e+00,1.0000000000e+00,1.0000000000e+00,1.0000000000e+00
g5035_g17989_A,4,0,5,4.6875000000e-01,9.9820943772e-01,1.0000000000e+00,1.0000000000e+00,1.0000000000e+00,1.0000000000e+00
g8056_g19558_A,2,0,3,3.7500000000e-01,9.9090505298e-01,1.0000000000e+00,1.0000000000e+00,1.0000000000e+00,1.0000000000e+00
g8129_g19566_A,2,0,3,3.7500000000e-01,9.9090505298e-01,1.0000000000e+00,1.0000000000e+00,1.0000000000e+00,1.0000000000e+00
g8144_g19569_A,2,0,3,3.7500000000e-01,9.9090505298e-01,1.0000000000e+00,1.0000000000e+00,1.0000000000e+00,1.0000000000e+00
g8215_g19588_A,2,0,3,3.7500000000e-01,9.9090505298e-01,1.0000000000e+00,1.0000000000e+00,1.0000000000e+00,1.0000000000e+00
g3922_g19597_A,2,0,3,3.7500000000e-01,9.9090505298e-01,1.0000000000e+00,1.0000000000e+00,1.0000000000e+00,1.0000000000e+00
g3966_g19616_A,2,0,3,3.7500000000e-01,9.9090505298e-01,1.0000000000e+00,1.0000000000e+00,1.0000000000e+00,1.0000000000e+00
g3981_g19619_A,2,0,3,3.7500000000e-01,9.9090505298e-01,1.0000000000e+00,1.0000000000e+00,1.0000000000e+00,1.0000000000e+00
g4366_g19738_A,2,0,3,3.7500000000e-01,9.9090505298e-01,1.0000000000e+00,1.0000000000e+00,1.0000000000e+00,1.0000000000e+00
g4538_g19782_A,2,0,3,3.7500000000e-01,9.9090505298e-01,1.0000000000e+00,1.0000000000e+00,1.0000000000e+00,1.0000000000e+00
g4851_g19856_A,2,0,3,3.7500000000e-01,9.9090505298e-01,1.0000000000e+00,1.0000000000e+00,1.0000000000e+00,1.0000000000e+00
g9795_g21419_A,1,0,3,1.2500000000e-01,7.3692442384e-01,9.9999841217e-01,1.0000000000e+00,1.0000000000e+00,1.0000000000e+00
g2896_g21658_A,7,0,9,2.1679687500e-01,9.1315514059e-01,9.9999999998e-01,1.0000000000e+00,1.0000000000e+00,1.0000000000e+00
g3398_g21687_A,1,0,5,3.1250000000e-02,2.7202384333e-01,9.5820045528e-01,1.0000000000e+00,1.0000000000e+00,1.0000000000e+00
g3963_g23579_A,12,0,13,4.9987792969e-01,9.9902105069e-01,1.0000000000e+00,1.0000000000e+00,1.0000000000e+00,1.0000000000e+00
g9592_g23790_B,11,0,21,1.2994146347e-01,7.5140938755e-01,9.9999909875e-01,1.0000000000e+00,1.0000000000e+00,1.0000000000e+00
g8748_g25282_B,10,0,9,2.0117187500e-01,8.9418835400e-01,9.9999999982e-01,1.0000000000e+00,1.0000000000e+00,1.0000000000e+00
g8780_g25295_B,10,0,9,2.0117187500e-01,8.9418835400e-01,9.9999999982e-01,1.0000000000e+00,1.0000000000e+00,1.0000000000e+00
g8798_g25304_B,10,0,9,2.0117187500e-01,8.9418835400e-01,9.9999999982e-01,1.0000000000e+00,1.0000000000e+00,1.0000000000e+00
g9666_g26335_B,100,0,25,1.4602267742e-01,7.9371702733e-01,9.9999986048e-01,1.0000000000e+00,1.0000000000e+00,1.0000000000e+00
g9727_g26346_B,100,0,21,1.9503021240e-01,8.8576588911e-01,9.9999999962e-01,1.0000000000e+00,1.0000000000e+00,1.0000000000e+00
g5249_g26469_A,18,0,19,3.8670349121e-01,9.9247156119e-01,1.0000000000e+00,1.0000000000e+00,1.0000000000e+00,1.0000000000e+00
g5275_g26479_A,18,0,19,3.8670349121e-01,9.9247156119e-01,1.0000000000e+00,1.0000000000e+00,1.0000000000e+00,1.0000000000e+00
g8874_g27370_B,4,0,11,5.8593750000e-02,4.5327268444e-01,9.9761379514e-01,1.0000000000e+00,1.0000000000e+00,1.0000000000e+00
g4376_g27945_A,100,0,34,4.4570245116e-01,9.9726202435e-01,1.0000000000e+00,1.0000000000e+00,1.0000000000e+00,1.0000000000e+00
g6087_g27855_A,100,0,22,1.5542984009e-02,1.4499710669e-01,7.9122627325e-01,9.9999984269e-01,1.0000000000e+00,1.0000000000e+00
g9293_g29229_A,100,0,59,9.7656968862e-03,9.3475244640e-02,6.2520250205e-01,9.9994530258e-01,1.0000000000e+00,1.0000000000e+00
g8856_g29251_B,100,0,84,2.0205809248e-01,8.9535638217e-01,9.9999999984e-01,1.0000000000e+00,1.0000000000e+00,1.0000000000e+00
g9248_g29049_A,100,0,59,1.1718789482e-02,1.1119725926e-01,6.9235217335e-01,9.9999240481e-01,1.0000000000e+00,1.0000000000e+00
g8411_g29993_B,100,0,76,2.7838774314e-02,2.4597984630e-01,9.4059410546e-01,1.0000000000e+00,1.0000000000e+00,1.0000000000e+00
g8958_g30391_B,100,0,70,1.6283961343e-01,8.3092215706e-01,9.9999998091e-01,1.0000000000e+00,1.0000000000e+00,1.0000000000e+00
g3866_g12984_B,21,0,10,2.5292968750e-01,9.4584796458e-01,1.0000000000e+00,1.0000000000e+00,1.0000000000e+00,1.0000000000e+00
g8278_g22846_A,90,0,21,2.8874492645e-01,9.6686753305e-01,1.0000000000e+00,1.0000000000e+00,1.0000000000e+00,1.0000000000e+00
g14985_II35974_B,100,0,31,7.8195698559e-02,5.5701675157e-01,9.9970901337e-01,1.0000000000e+00,1.0000000000e+00,1.0000000000e+00
g4809_g27567_A,100,0,34,8.6144918110e-02,5.9376876546e-01,9.9987761361e-01,1.0000000000e+00,1.0000000000e+00,1.0000000000e+00
g28845_II38378_A,100,0,48,8.5498481894e-06,8.5495192474e-05,8.5462307546e-04,8.5134384196e-03,8.1945798793e-02,5.7471190706e-01
g29728_II39349_A,100,0,48,4.7708908824e-07,4.7708806397e-06,4.7707782152e-05,4.7697541309e-04,4.7595293922e-03,4.6588734552e-02
g7488_g13097_B,2,0,6,3.1250000000e-02,2.7202384333e-01,9.5820045528e-01,1.0000000000e+00,1.0000000000e+00,1.0000000000e+00
g7549_g18626_B,2,0,13,3.6621093750e-04,3.6560802945e-03,3.5965118512e-02,3.0668997208e-01,9.7433892665e-01,1.0000000000e+00
g8637_g19166_B,1,0,13,1.2207031250e-04,1.2200327910e-03,1.2133563764e-02,1.1492046122e-01,7.0499932570e-01,9.9999500851e-01
g18699_II26564_B,100,0,55,7.6666401583e-07,7.6666137085e-06,7.6663492176e-05,7.6637049772e-04,7.6373293495e-03,7.3801246698e-02
g18679_II26567_A,100,0,50,2.3998181859e-06,2.3997922700e-05,2.3995331315e-04,2.3969437970e-03,2.3712543329e-02,2.1335806332e-01
g18765_II26596_C,100,0,56,2.3735034915e-07,2.3735009564e-06,2.3734756058e-05,2.3732221195e-04,2.3706892403e-03,2.3455577093e-02
g9711_g24789_A,1,0,13,1.2207031250e-04,1.2200327910e-03,1.2133563764e-02,1.1492046122e-01,7.0499932570e-01,9.9999500851e-01
g6678_g10676_B,30,0,9,1.2500000000e-01,7.3692442384e-01,9.9999841217e-01,1.0000000000e+00,1.0000000000e+00,1.0000000000e+00
g9676_g11684_A,10,0,6,2.1875000000e-01,9.1529670527e-01,9.9999999998e-01,1.0000000000e+00,1.0000000000e+00,1.0000000000e+00
g9968_g13138_A,10,0,6,2.1875000000e-01,9.1529670527e-01,9.9999999998e-01,1.0000000000e+00,1.0000000000e+00,1.0000000000e+00
g9968_g11725_A,10,0,6,2.1875000000e-01,9.1529670527e-01,9.9999999998e-01,1.0000000000e+00,1.0000000000e+00,1.0000000000e+00
g6838_g15826_B,2,0,4,1.2500000000e-01,7.3692442384e-01,9.9999841217e-01,1.0000000000e+00,1.0000000000e+00,1.0000000000e+00
g6838_g15871_B,2,0,4,1.2500000000e-01,7.3692442384e-01,9.9999841217e-01,1.0000000000e+00,1.0000000000e+00,1.0000000000e+00
g6519_g15866_B,2,0,4,1.2500000000e-01,7.3692442384e-01,9.9999841217e-01,1.0000000000e+00,1.0000000000e+00,1.0000000000e+00
g6838_g15970_B,2,0,4,1.2500000000e-01,7.3692442384e-01,9.9999841217e-01,1.0000000000e+00,1.0000000000e+00,1.0000000000e+00
g6448_g25927_B,100,0,25,3.7012845278e-02,3.1418821917e-01,9.7698296324e-01,1.0000000000e+00,1.0000000000e+00,1.0000000000e+00
g5642_g26869_B,10,0,14,1.8920898438e-03,1.8760608416e-02,1.7253478650e-01,8.4951353116e-01,9.9999999404e-01,1.0000000000e+00
g5732_g26887_B,10,0,14,1.8920898438e-03,1.8760608416e-02,1.7253478650e-01,8.4951353116e-01,9.9999999404e-01,1.0000000000e+00
g3774_g26792_B,100,0,32,2.7387263253e-02,2.4247054308e-01,9.3777065173e-01,1.0000000000e+00,1.0000000000e+00,1.0000000000e+00
g1939_g29348_B,100,0,72,5.2435260382e-02,4.1643543134e-01,9.9541975028e-01,1.0000000000e+00,1.0000000000e+00,1.0000000000e+00
g933_g8488_B,100,0,115,1.5185901754e-02,1.4189077324e-01,7.8351604318e-01,9.9999977392e-01,1.0000000000e+00,1.0000000000e+00
g8678_g11880_B,1,0,3,1.2500000000e-01,7.3692442384e-01,9.9999841217e-01,1.0000000000e+00,1.0000000000e+00,1.0000000000e+00
g7652_g13969_A,1,0,2,2.5000000000e-01,9.4368648529e-01,1.0000000000e+00,1.0000000000e+00,1.0000000000e+00,1.0000000000e+00
g7697_g14059_A,1,0,2,2.5000000000e-01,9.4368648529e-01,1.0000000000e+00,1.0000000000e+00,1.0000000000e+00,1.0000000000e+00
g7869_g15093_A,1,0,2,2.5000000000e-01,9.4368648529e-01,1.0000000000e+00,1.0000000000e+00,1.0000000000e+00,1.0000000000e+00
g6908_g16909_A,1,0,2,2.5000000000e-01,9.4368648529e-01,1.0000000000e+00,1.0000000000e+00,1.0000000000e+00,1.0000000000e+00
g7694_g17149_A,2,0,3,3.7500000000e-01,9.9090505298e-01,1.0000000000e+00,1.0000000000e+00,1.0000000000e+00,1.0000000000e+00
g2993_g17719_A,1,0,3,1.2500000000e-01,7.3692442384e-01,9.9999841217e-01,1.0000000000e+00,1.0000000000e+00,1.0000000000e+00
g7990_g19553_A,2,0,3,3.7500000000e-01,9.9090505298e-01,1.0000000000e+00,1.0000000000e+00,1.0000000000e+00,1.0000000000e+00
g8138_g19567_A,2,0,3,3.7500000000e-01,9.9090505298e-01,1.0000000000e+00,1.0000000000e+00,1.0000000000e+00,1.0000000000e+00
g8209_g19586_A,2,0,3,3.7500000000e-01,9.9090505298e-01,1.0000000000e+00,1.0000000000e+00,1.0000000000e+00,1.0000000000e+00
g8224_g19589_A,2,0,3,3.7500000000e-01,9.9090505298e-01,1.0000000000e+00,1.0000000000e+00,1.0000000000e+00,1.0000000000e+00
g9277_g21398_A,1,0,3,1.2500000000e-01,7.3692442384e-01,9.9999841217e-01,1.0000000000e+00,1.0000000000e+00,1.0000000000e+00
g9569_g21439_A,1,0,3,1.2500000000e-01,7.3692442384e-01,9.9999841217e-01,1.0000000000e+00,1.0000000000e+00,1.0000000000e+00
g8587_g19306_B,12,0,15,2.7770996094e-03,2.7426501077e-02,2.4277609544e-01,9.3802120104e-01,1.0000000000e+00,1.0000000000e+00
g8847_g23483_B,2,0,7,4.6875000000e-02,3.8127365236e-01,9.9177783661e-01,1.0000000000e+00,1.0000000000e+00,1.0000000000e+00
g3957_g23577_A,12,0,13,4.9987792969e-01,9.9902105069e-01,1.0000000000e+00,1.0000000000e+00,1.0000000000e+00,1.0000000000e+00
g3978_g23583_A,12,0,13,4.9987792969e-01,9.9902105069e-01,1.0000000000e+00,1.0000000000e+00,1.0000000000e+00,1.0000000000e+00
g9749_g26352_B,100,0,21,1.9503021240e-01,8.8576588911e-01,9.9999999962e-01,1.0000000000e+00,1.0000000000e+00,1.0000000000e+00
g9873_g26390_B,100,0,21,1.9503021240e-01,8.8576588911e-01,9.9999999962e-01,1.0000000000e+00,1.0000000000e+00,1.0000000000e+00
g5269_g26477_A,18,0,19,3.8670349121e-01,9.9247156119e-01,1.0000000000e+00,1.0000000000e+00,1.0000000000e+00,1.0000000000e+00
g6087_g27865_A,100,0,22,1.3687133789e-02,1.2874158795e-01,7.4795978430e-01,9.9999896558e-01,1.0000000000e+00,1.0000000000e+00
g6087_g27883_A,100,0,22,1.4661788940e-02,1.3731300919e-01,7.7168602781e-01,9.9999961512e-01,1.0000000000e+00,1.0000000000e+00
g7796_g28405_A,100,0,65,3.7578965994e-01,9.9101931249e-01,1.0000000000e+00,1.0000000000e+00,1.0000000000e+00,1.0000000000e+00
g9338_g28923_B,100,0,32,1.2635364383e-01,7.4096604364e-01,9.9999863991e-01,1.0000000000e+00,1.0000000000e+00,1.0000000000e+00
g9507_g29088_A,100,0,60,2.5878992567e-02,2.3064090467e-01,9.2734074784e-01,1.0000000000e+00,1.0000000000e+00,1.0000000000e+00
g8984_g30393_B,100,0,78,1.6628264830e-01,8.3774861852e-01,9.9999998736e-01,1.0000000000e+00,1.0000000000e+00,1.0000000000e+00
g3398_g12886_B,21,0,10,2.5292968750e-01,9.4584796458e-01,1.0000000000e+00,1.0000000000e+00,1.0000000000e+00,1.0000000000e+00
g4809_g25885_A,100,0,34,3.7247944216e-02,3.1586068804e-01,9.7753815297e-01,1.0000000000e+00,1.0000000000e+00,1.0000000000e+00
II20031_II20032_B,100,0,9,1.9531250000e-01,8.8616585483e-01,9.9999999963e-01,1.0000000000e+00,1.0000000000e+00,1.0000000000e+00
g8587_g13934_A,100,0,46,1.2248902554e-01,7.2927674310e-01,9.9999788527e-01,1.0000000000e+00,1.0000000000e+00,1.0000000000e+00
g8594_g13990_A,100,0,53,1.2257992001e-01,7.2955703338e-01,9.9999790706e-01,1.0000000000e+00,1.0000000000e+00,1.0000000000e+00
g23998_II32659_B,100,0,48,5.2238507778e-03,5.1027470811e-02,4.0770726354e-01,9.9468670331e-01,1.0000000000e+00,1.0000000000e+00
g14985_II35976_A,100,0,31,1.6945494339e-01,8.4381764156e-01,9.9999999136e-01,1.0000000000e+00,1.0000000000e+00,1.0000000000e+00
g28845_II38379_A,100,0,48,2.5277884561e-05,2.5275009383e-04,2.5246281576e-03,2.4961385401e-02,2.2336286119e-01,9.2016716597e-01
g29748_II39339_A,100,0,48,2.0472934921e-06,2.0472746308e-05,2.0470860311e-04,2.0452013076e-03,2.0264807805e-02,1.8513233958e-01
II41010_II41011_B,100,0,51,5.5998202697e-07,5.5998061586e-06,5.5996650505e-05,5.5982542300e-04,5.5841720609e-03,5.4459179513e-02
g6783_g21777_B,100,0,21,4.7683715820e-05,4.7673485306e-04,4.7571340964e-03,4.6565788070e-02,3.7926345315e-01,9.9150676464e-01
g9857_g24824_A,1,0,13,1.2207031250e-04,1.2200327910e-03,1.2133563764e-02,1.1492046122e-01,7.0499932570e-01,9.9999500851e-01
g6184_g26958_A,2,0,13,3.6621093750e-04,3.6560802945e-03,3.5965118512e-02,3.0668997208e-01,9.7433892665e-01,1.0000000000e+00
g9968_g13067_A,10,0,6,2.1875000000e-01,9.1529670527e-01,9.9999999998e-01,1.0000000000e+00,1.0000000000e+00,1.0000000000e+00
g6678_g13098_B,2,0,6,3.1250000000e-02,2.7202384333e-01,9.5820045528e-01,1.0000000000e+00,1.0000000000e+00,1.0000000000e+00
g9968_g13139_A,10,0,6,2.1875000000e-01,9.1529670527e-01,9.9999999998e-01,1.0000000000e+00,1.0000000000e+00,1.0000000000e+00
g6369_g15846_B,2,0,4,1.2500000000e-01,7.3692442384e-01,9.9999841217e-01,1.0000000000e+00,1.0000000000e+00,1.0000000000e+00
g6574_g15848_B,2,0,4,1.2500000000e-01,7.3692442384e-01,9.9999841217e-01,1.0000000000e+00,1.0000000000e+00,1.0000000000e+00
g6783_g15837_B,2,0,4,1.2500000000e-01,7.3692442384e-01,9.9999841217e-01,1.0000000000e+00,1.0000000000e+00,1.0000000000e+00
g9928_g18218_B,100,0,21,2.0100021362e-01,8.9396075375e-01,9.9999999982e-01,1.0000000000e+00,1.0000000000e+00,1.0000000000e+00
g6777_g21667_B,4,0,9,5.8593750000e-03,5.7072691692e-02,4.4437454227e-01,9.9719572009e-01,1.0000000000e+00,1.0000000000e+00
g5697_g23539_B,10,0,10,3.0273437500e-02,2.6465199493e-01,9.5376943666e-01,1.0000000000e+00,1.0000000000e+00,1.0000000000e+00
g1448_g24997_B,10,0,11,1.5136718750e-02,1.4146212507e-01,7.8243221471e-01,9.9999976235e-01,1.0000000000e+00,1.0000000000e+00
g918_g8396_B,100,0,114,4.2522513652e-02,3.5243150781e-01,9.8703247489e-01,1.0000000000e+00,1.0000000000e+00,1.0000000000e+00
g936_g8468_B,100,0,115,4.0230321895e-02,3.3676070045e-01,9.8352966170e-01,1.0000000000e+00,1.0000000000e+00,1.0000000000e+00
g876_g8519_B,100,0,101,3.0074072066e-02,2.6313879849e-01,9.5280924789e-01,1.0000000000e+00,1.0000000000e+00,1.0000000000e+00
g879_g8534_B,100,0,113,3.7442585989e-02,3.1724257039e-01,9.7798775452e-01,1.0000000000e+00,1.0000000000e+00,1.0000000000e+00
g4997_g10468_B,4,0,6,1.4062500000e-01,7.8030146796e-01,9.9999973802e-01,1.0000000000e+00,1.0000000000e+00,1.0000000000e+00
g7488_g10597_A,100,0,58,2.8018120801e-07,2.8018085476e-06,2.8017732222e-05,2.8014200016e-04,2.7978910593e-03,2.7629257312e-02
g8667_g11847_B,1,0,3,1.2500000000e-01,7.3692442384e-01,9.9999841217e-01,1.0000000000e+00,1.0000000000e+00,1.0000000000e+00
g8696_g11926_B,1,0,3,1.2500000000e-01,7.3692442384e-01,9.9999841217e-01,1.0000000000e+00,1.0000000000e+00,1.0000000000e+00
g7788_g13672_A,1,0,2,2.5000000000e-01,9.4368648529e-01,1.0000000000e+00,1.0000000000e+00,1.0000000000e+00,1.0000000000e+00
g7757_g14297_A,1,0,2,2.5000000000e-01,9.4368648529e-01,1.0000000000e+00,1.0000000000e+00,1.0000000000e+00,1.0000000000e+00
g7779_g14419_A,1,0,2,2.5000000000e-01,9.4368648529e-01,1.0000000000e+00,1.0000000000e+00,1.0000000000e+00,1.0000000000e+00
g8169_g14884_A,1,0,2,2.5000000000e-01,9.4368648529e-01,1.0000000000e+00,1.0000000000e+00,1.0000000000e+00,1.0000000000e+00
g6898_g15453_A,1,0,3,1.2500000000e-01,7.3692442384e-01,9.9999841217e-01,1.0000000000e+00,1.0000000000e+00,1.0000000000e+00
g4879_g15519_A,2,0,3,3.7500000000e-01,9.9090505298e-01,1.0000000000e+00,1.0000000000e+00,1.0000000000e+00,1.0000000000e+00
g8681_g16864_B,5,0,7,2.4218750000e-01,9.3753774684e-01,1.0000000000e+00,1.0000000000e+00,1.0000000000e+00,1.0000000000e+00
g7158_g16939_A,1,0,2,2.5000000000e-01,9.4368648529e-01,1.0000000000e+00,1.0000000000e+00,1.0000000000e+00,1.0000000000e+00
g7484_g16991_A,1,0,2,2.5000000000e-01,9.4368648529e-01,1.0000000000e+00,1.0000000000e+00,1.0000000000e+00,1.0000000000e+00
g7224_g16999_A,1,0,2,2.5000000000e-01,9.4368648529e-01,1.0000000000e+00,1.0000000000e+00,1.0000000000e+00,1.0000000000e+00
g4383_g17599_A,4,0,5,4.6875000000e-01,9.9820943772e-01,1.0000000000e+00,1.0000000000e+00,1.0000000000e+00,1.0000000000e+00
g4555_g17697_A,4,0,5,4.6875000000e-01,9.9820943772e-01,1.0000000000e+00,1.0000000000e+00,1.0000000000e+00,1.0000000000e+00
g8817_g19248_B,100,0,12,3.7353515625e-02,3.1661051684e-01,9.7778312812e-01,1.0000000000e+00,1.0000000000e+00,1.0000000000e+00
g8587_g19307_B,7,0,10,5.9570312500e-02,4.5891772814e-01,9.9784903646e-01,1.0000000000e+00,1.0000000000e+00,1.0000000000e+00
g7950_g19549_A,2,0,3,3.7500000000e-01,9.9090505298e-01,1.0000000000e+00,1.0000000000e+00,1.0000000000e+00,1.0000000000e+00
g8194_g19575_A,2,0,3,3.7500000000e-01,9.9090505298e-01,1.0000000000e+00,1.0000000000e+00,1.0000000000e+00,1.0000000000e+00
g8239_g19593_A,2,0,3,3.7500000000e-01,9.9090505298e-01,1.0000000000e+00,1.0000000000e+00,1.0000000000e+00,1.0000000000e+00
g4185_g19678_A,2,0,3,3.7500000000e-01,9.9090505298e-01,1.0000000000e+00,1.0000000000e+00,1.0000000000e+00,1.0000000000e+00
g4395_g19747_A,2,0,3,3.7500000000e-01,9.9090505298e-01,1.0000000000e+00,1.0000000000e+00,1.0000000000e+00,1.0000000000e+00
g4498_g19770_A,2,0,3,3.7500000000e-01,9.9090505298e-01,1.0000000000e+00,1.0000000000e+00,1.0000000000e+00,1.0000000000e+00
g4567_g19791_A,2,0,3,3.7500000000e-01,9.9090505298e-01,1.0000000000e+00,1.0000000000e+00,1.0000000000e+00,1.0000000000e+00
g2912_g19889_A,8,0,10,2.4902343750e-01,9.4294892507e-01,1.0000000000e+00,1.0000000000e+00,1.0000000000e+00,1.0000000000e+00
g9569_g21476_A,1,0,3,1.2500000000e-01,7.3692442384e-01,9.9999841217e-01,1.0000000000e+00,1.0000000000e+00,1.0000000000e+00
g8594_g19327_B,12,0,15,2.7770996094e-03,2.7426501077e-02,2.4277609544e-01,9.3802120104e-01,1.0000000000e+00,1.0000000000e+00
g7338_g22699_A,1,0,6,1.5625000000e-02,1.4570915024e-01,7.9295843252e-01,9.9999985526e-01,1.0000000000e+00,1.0000000000e+00
g9816_g23865_B,11,0,21,1.2994146347e-01,7.5140938755e-01,9.9999909875e-01,1.0000000000e+00,1.0000000000e+00,1.0000000000e+00
g9649_g24780_A,1,0,13,1.2207031250e-04,1.2200327910e-03,1.2133563764e-02,1.1492046122e-01,7.0499932570e-01,9.9999500851e-01
g4945_g26379_A,28,0,18,2.8789520264e-01,9.6646957056e-01,1.0000000000e+00,1.0000000000e+00,1.0000000000e+00,1.0000000000e+00
g5790_g27775_A,5,0,14,1.8920898438e-03,1.8760608416e-02,1.7253478650e-01,8.4951353116e-01,9.9999999404e-01,1.0000000000e+00
g9857_g29243_A,100,0,57,7.5780673181e-08,7.5780647339e-07,7.5780388918e-06,7.5777804769e-05,7.5751969750e-04,7.5494264448e-03
g9150_g28978_A,100,0,58,3.9063174250e-03,3.8383609296e-02,3.2388811147e-01,9.8003884234e-01,1.0000000000e+00,1.0000000000e+00
g8375_g29464_B,6,0,15,6.1523437500e-02,4.7005071532e-01,9.9825279806e-01,1.0000000000e+00,1.0000000000e+00,1.0000000000e+00
g8918_g30388_B,100,0,75,1.6410671659e-01,8.3346391306e-01,9.9999998359e-01,1.0000000000e+00,1.0000000000e+00,1.0000000000e+00
g8968_g30392_B,100,0,80,1.6650133675e-01,8.3817371044e-01,9.9999998768e-01,1.0000000000e+00,1.0000000000e+00,1.0000000000e+00
g4985_g25890_A,100,0,34,3.9744198788e-02,3.3339372798e-01,9.8267417372e-01,1.0000000000e+00,1.0000000000e+00,1.0000000000e+00
II20031_II20033_B,100,0,9,1.9531250000e-01,8.8616585483e-01,9.9999999963e-01,1.0000000000e+00,1.0000000000e+00,1.0000000000e+00
g23999_II32668_B,100,0,51,4.2562642675e-03,4.1756616428e-02,3.4723284749e-01,9.8595302129e-01,1.0000000000e+00,1.0000000000e+00
g29769_II39391_A,100,0,77,1.7141160981e-01,8.4745835038e-01,9.9999999318e-01,1.0000000000e+00,1.0000000000e+00,1.0000000000e+00
II41010_II41012_B,100,0,51,4.2112480969e-07,4.2112401163e-06,4.2111603118e-05,4.2103623772e-04,4.2023941090e-03,4.1238076466e-02
g1378_g19669_A,1,0,5,3.1250000000e-02,2.7202384333e-01,9.5820045528e-01,1.0000000000e+00,1.0000000000e+00,1.0000000000e+00
g2727_g19796_A,1,0,5,3.1250000000e-02,2.7202384333e-01,9.5820045528e-01,1.0000000000e+00,1.0000000000e+00,1.0000000000e+00
g2746_g19885_A,1,0,5,3.1250000000e-02,2.7202384333e-01,9.5820045528e-01,1.0000000000e+00,1.0000000000e+00,1.0000000000e+00
g7455_g25697_A,2,0,11,1.4648437500e-03,1.4552254196e-02,1.3635352663e-01,7.6913396748e-01,9.9999956987e-01,1.0000000000e+00
g9968_g13068_A,10,0,6,2.1875000000e-01,9.1529670527e-01,9.9999999998e-01,1.0000000000e+00,1.0000000000e+00,1.0000000000e+00
g6519_g15787_B,2,0,4,1.2500000000e-01,7.3692442384e-01,9.9999841217e-01,1.0000000000e+00,1.0000000000e+00,1.0000000000e+00
g6519_g15868_B,20,0,7,1.2500000000e-01,7.3692442384e-01,9.9999841217e-01,1.0000000000e+00,1.0000000000e+00,1.0000000000e+00
g4809_g25887_A,100,0,34,4.1862318292e-02,3.4795254424e-01,9.8610712761e-01,1.0000000000e+00,1.0000000000e+00,1.0000000000e+00
g5680_g26878_B,10,0,14,1.8920898438e-03,1.8760608416e-02,1.7253478650e-01,8.4951353116e-01,9.9999999404e-01,1.0000000000e+00
g8659_g11838_B,1,0,3,1.2500000000e-01,7.3692442384e-01,9.9999841217e-01,1.0000000000e+00,1.0000000000e+00,1.0000000000e+00
g8684_g11885_B,1,0,3,1.2500000000e-01,7.3692442384e-01,9.9999841217e-01,1.0000000000e+00,1.0000000000e+00,1.0000000000e+00
g8949_g12376_B,1,0,3,1.2500000000e-01,7.3692442384e-01,9.9999841217e-01,1.0000000000e+00,1.0000000000e+00,1.0000000000e+00
g7661_g13989_A,1,0,2,2.5000000000e-01,9.4368648529e-01,1.0000000000e+00,1.0000000000e+00,1.0000000000e+00,1.0000000000e+00
g8646_g16855_B,5,0,7,2.4218750000e-01,9.3753774684e-01,1.0000000000e+00,1.0000000000e+00,1.0000000000e+00,1.0000000000e+00
g7838_g16908_A,1,0,2,2.5000000000e-01,9.4368648529e-01,1.0000000000e+00,1.0000000000e+00,1.0000000000e+00,1.0000000000e+00
g4549_g17695_A,4,0,5,4.6875000000e-01,9.9820943772e-01,1.0000000000e+00,1.0000000000e+00,1.0000000000e+00,1.0000000000e+00
g4794_g17837_A,4,0,5,4.6875000000e-01,9.9820943772e-01,1.0000000000e+00,1.0000000000e+00,1.0000000000e+00,1.0000000000e+00
g4839_g17855_A,4,0,5,4.6875000000e-01,9.9820943772e-01,1.0000000000e+00,1.0000000000e+00,1.0000000000e+00,1.0000000000e+00
g4873_g17875_A,4,0,5,4.6875000000e-01,9.9820943772e-01,1.0000000000e+00,1.0000000000e+00,1.0000000000e+00,1.0000000000e+00
g4970_g17949_A,4,0,5,4.6875000000e-01,9.9820943772e-01,1.0000000000e+00,1.0000000000e+00,1.0000000000e+00,1.0000000000e+00
g8594_g19328_B,7,0,10,5.9570312500e-02,4.5891772814e-01,9.9784903646e-01,1.0000000000e+00,1.0000000000e+00,1.0000000000e+00
g4298_g19719_A,2,0,3,3.7500000000e-01,9.9090505298e-01,1.0000000000e+00,1.0000000000e+00,1.0000000000e+00,1.0000000000e+00
g4389_g19745_A,2,0,3,3.7500000000e-01,9.9090505298e-01,1.0000000000e+00,1.0000000000e+00,1.0000000000e+00,1.0000000000e+00
g4561_g19789_A,2,0,3,3.7500000000e-01,9.9090505298e-01,1.0000000000e+00,1.0000000000e+00,1.0000000000e+00,1.0000000000e+00
g2727_g19859_A,8,0,7,3.5156250000e-01,9.8685740190e-01,1.0000000000e+00,1.0000000000e+00,1.0000000000e+00,1.0000000000e+00
g8580_g19288_B,12,0,15,2.7770996094e-03,2.7426501077e-02,2.4277609544e-01,9.3802120104e-01,1.0000000000e+00,1.0000000000e+00
g7587_g22874_A,1,0,7,7.8125000000e-03,7.5434863403e-02,5.4356900259e-01,9.9960757984e-01,1.0000000000e+00,1.0000000000e+00
g9933_g23893_B,11,0,21,1.2994146347e-01,7.5140938755e-01,9.9999909875e-01,1.0000000000e+00,1.0000000000e+00,1.0000000000e+00
g8719_g25278_B,10,0,9,2.0117187500e-01,8.9418835400e-01,9.9999999982e-01,1.0000000000e+00,1.0000000000e+00,1.0000000000e+00
g8775_g25294_B,10,0,9,2.0117187500e-01,8.9418835400e-01,9.9999999982e-01,1.0000000000e+00,1.0000000000e+00,1.0000000000e+00
g4595_g26289_A,28,0,18,2.8789520264e-01,9.6646957056e-01,1.0000000000e+00,1.0000000000e+00,1.0000000000e+00,1.0000000000e+00
g4959_g26384_A,18,0,19,3.8670349121e-01,9.9247156119e-01,1.0000000000e+00,1.0000000000e+00,1.0000000000e+00,1.0000000000e+00
g5689_g26842_A,5,0,12,7.5683593750e-03,7.3157330027e-02,5.3220002288e-01,9.9949811760e-01,1.0000000000e+00,1.0000000000e+00
g8965_g29262_B,100,0,79,1.9835117821e-01,8.9039216840e-01,9.9999999975e-01,1.0000000000e+00,1.0000000000e+00,1.0000000000e+00
g8351_g29984_B,100,0,75,1.5722820852e-02,1.4655770997e-01,7.9500579059e-01,9.9999986896e-01,1.0000000000e+00,1.0000000000e+00
g29766_II39359_A,100,0,81,2.0207076668e-01,8.9537300216e-01,9.9999999984e-01,1.0000000000e+00,1.0000000000e+00,1.0000000000e+00
g29767_II39367_A,100,0,70,1.6477531248e-01,8.3479118087e-01,9.9999998485e-01,1.0000000000e+00,1.0000000000e+00,1.0000000000e+00
g29768_II39375_A,100,0,67,1.6017680633e-01,8.2546656135e-01,9.9999997377e-01,1.0000000000e+00,1.0000000000e+00,1.0000000000e+00
g29769_II39392_A,100,0,76,9.4480749812e-02,6.2933901717e-01,9.9995104819e-01,1.0000000000e+00,1.0000000000e+00,1.0000000000e+00
g9277_g15694_B,3,0,18,2.6702880859e-05,2.6699672391e-04,2.6667615957e-03,2.6349858386e-02,2.3435171594e-01,9.3077019069e-01
g10010,100,0,98,3.4081229507e-10,3.4081229454e-09,3.4081228932e-08,3.4081223705e-07,3.4081171436e-06,3.4080648754e-05
g9968_g13069_A,10,0,6,2.1875000000e-01,9.1529670527e-01,9.9999999998e-01,1.0000000000e+00,1.0000000000e+00,1.0000000000e+00
g9968_g13096_A,10,0,6,2.1875000000e-01,9.1529670527e-01,9.9999999998e-01,1.0000000000e+00,1.0000000000e+00,1.0000000000e+00
g3678_g11699_B,2,0,6,3.1250000000e-02,2.7202384333e-01,9.5820045528e-01,1.0000000000e+00,1.0000000000e+00,1.0000000000e+00
g9968_g11728_A,10,0,6,2.1875000000e-01,9.1529670527e-01,9.9999999998e-01,1.0000000000e+00,1.0000000000e+00,1.0000000000e+00
g6838_g15838_B,2,0,4,1.2500000000e-01,7.3692442384e-01,9.9999841217e-01,1.0000000000e+00,1.0000000000e+00,1.0000000000e+00
g9928_g19921_B,100,0,34,1.5248984098e-02,1.4244027736e-01,7.8489834524e-01,9.9999978795e-01,1.0000000000e+00,1.0000000000e+00
g4985_g25892_A,100,0,34,3.8994209841e-02,3.2816899377e-01,9.8126729756e-01,1.0000000000e+00,1.0000000000e+00,1.0000000000e+00
g496_g8892_B,58,0,18,1.0070419312e-01,6.5404016247e-01,9.9997543839e-01,1.0000000000e+00,1.0000000000e+00,1.0000000000e+00
g6887_g13738_A,1,0,2,2.5000000000e-01,9.4368648529e-01,1.0000000000e+00,1.0000000000e+00,1.0000000000e+00,1.0000000000e+00
g4797_g15486_A,2,0,3,3.7500000000e-01,9.9090505298e-01,1.0000000000e+00,1.0000000000e+00,1.0000000000e+00,1.0000000000e+00
g6672_g16968_A,1,0,2,2.5000000000e-01,9.4368648529e-01,1.0000000000e+00,1.0000000000e+00,1.0000000000e+00,1.0000000000e+00
g4696_g17774_A,4,0,5,4.6875000000e-01,9.9820943772e-01,1.0000000000e+00,1.0000000000e+00,1.0000000000e+00,1.0000000000e+00
g4728_g17796_A,4,0,5,4.6875000000e-01,9.9820943772e-01,1.0000000000e+00,1.0000000000e+00,1.0000000000e+00,1.0000000000e+00
g4788_g17835_A,4,0,5,4.6875000000e-01,9.9820943772e-01,1.0000000000e+00,1.0000000000e+00,1.0000000000e+00,1.0000000000e+00
g4964_g17947_A,4,0,5,4.6875000000e-01,9.9820943772e-01,1.0000000000e+00,1.0000000000e+00,1.0000000000e+00,1.0000000000e+00
g4979_g17950_A,4,0,5,4.6875000000e-01,9.9820943772e-01,1.0000000000e+00,1.0000000000e+00,1.0000000000e+00,1.0000000000e+00
g8580_g19289_B,7,0,10,5.9570312500e-02,4.5891772814e-01,9.9784903646e-01,1.0000000000e+00,1.0000000000e+00,1.0000000000e+00
g8059_g19559_A,2,0,3,3.7500000000e-01,9.9090505298e-01,1.0000000000e+00,1.0000000000e+00,1.0000000000e+00,1.0000000000e+00
g3925_g19598_A,2,0,3,3.7500000000e-01,9.9090505298e-01,1.0000000000e+00,1.0000000000e+00,1.0000000000e+00,1.0000000000e+00
g3969_g19617_A,2,0,3,3.7500000000e-01,9.9090505298e-01,1.0000000000e+00,1.0000000000e+00,1.0000000000e+00,1.0000000000e+00
g4369_g19739_A,2,0,3,3.7500000000e-01,9.9090505298e-01,1.0000000000e+00,1.0000000000e+00,1.0000000000e+00,1.0000000000e+00
g4854_g19857_A,2,0,3,3.7500000000e-01,9.9090505298e-01,1.0000000000e+00,1.0000000000e+00,1.0000000000e+00,1.0000000000e+00
g5293_g19949_A,4,0,6,3.5937500000e-01,9.8835769889e-01,1.0000000000e+00,1.0000000000e+00,1.0000000000e+00,1.0000000000e+00
g7566_g19953_A,1,0,5,3.1250000000e-02,2.7202384333e-01,9.5820045528e-01,1.0000000000e+00,1.0000000000e+00,1.0000000000e+00
g9649_g21389_A,1,0,3,1.2500000000e-01,7.3692442384e-01,9.9999841217e-01,1.0000000000e+00,1.0000000000e+00,1.0000000000e+00
g9528_g23777_B,11,0,21,1.2994146347e-01,7.5140938755e-01,9.9999909875e-01,1.0000000000e+00,1.0000000000e+00,1.0000000000e+00
g7595_g24964_A,1,0,8,3.9062500000e-03,3.8382958384e-02,3.2388353489e-01,9.8003749113e-01,1.0000000000e+00,1.0000000000e+00
g4994_g26386_A,28,0,18,2.8789520264e-01,9.6646957056e-01,1.0000000000e+00,1.0000000000e+00,1.0000000000e+00,1.0000000000e+00
g9958_g26425_B,100,0,25,1.4679843187e-01,7.9558326383e-01,9.9999987260e-01,1.0000000000e+00,1.0000000000e+00,1.0000000000e+00
g9895_g28027_B,100,0,51,1.2482915844e-01,7.3641032381e-01,9.9999838086e-01,1.0000000000e+00,1.0000000000e+00,1.0000000000e+00
g7754_g28396_A,100,0,65,3.7278751333e-01,9.9057791630e-01,1.0000000000e+00,1.0000000000e+00,1.0000000000e+00,1.0000000000e+00
g9245_g28893_B,100,0,29,1.3676621020e-01,7.7023476527e-01,9.9999958994e-01,1.0000000000e+00,1.0000000000e+00,1.0000000000e+00
g8836_g29248_B,100,0,85,2.0208940226e-01,8.9539743515e-01,9.9999999984e-01,1.0000000000e+00,1.0000000000e+00,1.0000000000e+00
g8974_g29263_B,100,0,69,2.0085191584e-01,8.9376377591e-01,9.9999999982e-01,1.0000000000e+00,1.0000000000e+00,1.0000000000e+00
g8336_g29982_B,100,0,76,1.9223384734e-02,1.7642904137e-01,8.5644767261e-01,9.9999999628e-01,1.0000000000e+00,1.0000000000e+00
g8344_g29983_B,100,0,77,1.9144672561e-02,1.7576784619e-01,8.5529100541e-01,9.9999999597e-01,1.0000000000e+00,1.0000000000e+00
g8928_g30389_B,100,0,86,1.6176585477e-01,8.2874097105e-01,9.9999997830e-01,1.0000000000e+00,1.0000000000e+00,1.0000000000e+00
g27577_II36779_A,57,0,30,4.3394168001e-01,9.9662237227e-01,1.0000000000e+00,1.0000000000e+00,1.0000000000e+00,1.0000000000e+00
g29767_II39368_A,100,0,76,8.0927516765e-02,5.6997110669e-01,9.9978373992e-01,1.0000000000e+00,1.0000000000e+00,1.0000000000e+00
g29768_II39376_A,100,0,79,6.1301440345e-02,4.6879578205e-01,9.9821098020e-01,1.0000000000e+00,1.0000000000e+00,1.0000000000e+00
g9569_g24755_A,1,0,13,1.2207031250e-04,1.2200327910e-03,1.2133563764e-02,1.1492046122e-01,7.0499932570e-01,9.9999500851e-01
g9795_g24790_A,1,0,13,1.2207031250e-04,1.2200327910e-03,1.2133563764e-02,1.1492046122e-01,7.0499932570e-01,9.9999500851e-01
g6438_g26986_A,2,0,14,1.8310546875e-04,1.8295466814e-03,1.8145573491e-02,1.6733363113e-01,8.3978239332e-01,9.9999998885e-01
g10101,100,0,100,1.5948609378e-09,1.5948609263e-08,1.5948608119e-07,1.5948596672e-06,1.5948482212e-05,1.5947337667e-04
g20000,100,0,52,1.6654491127e-05,1.6653243008e-04,1.6640768676e-03,1.6516708206e-02,1.5341637922e-01,8.1089691350e-01
g9968_g13097_A,10,0,6,2.1875000000e-01,9.1529670527e-01,9.9999999998e-01,1.0000000000e+00,1.0000000000e+00,1.0000000000e+00
g9968_g11729_A,100,0,53,1.9616699271e-01,8.8736889268e-01,9.9999999967e-01,1.0000000000e+00,1.0000000000e+00,1.0000000000e+00
g6369_g15786_B,2,0,4,1.2500000000e-01,7.3692442384e-01,9.9999841217e-01,1.0000000000e+00,1.0000000000e+00,1.0000000000e+00
g6574_g15788_B,2,0,4,1.2500000000e-01,7.3692442384e-01,9.9999841217e-01,1.0000000000e+00,1.0000000000e+00,1.0000000000e+00
g6369_g15867_B,20,0,7,1.2500000000e-01,7.3692442384e-01,9.9999841217e-01,1.0000000000e+00,1.0000000000e+00,1.0000000000e+00
g6574_g15869_B,2,0,4,1.2500000000e-01,7.3692442384e-01,9.9999841217e-01,1.0000000000e+00,1.0000000000e+00,1.0000000000e+00
g6783_g15849_B,2,0,4,1.2500000000e-01,7.3692442384e-01,9.9999841217e-01,1.0000000000e+00,1.0000000000e+00,1.0000000000e+00
g6519_g15888_B,2,0,4,1.2500000000e-01,7.3692442384e-01,9.9999841217e-01,1.0000000000e+00,1.0000000000e+00,1.0000000000e+00
g894_g8549_B,100,0,114,2.4571044643e-02,2.2024811436e-01,9.1690701959e-01,9.9999999998e-01,1.0000000000e+00,1.0000000000e+00
g7664_g13997_A,1,0,2,2.5000000000e-01,9.4368648529e-01,1.0000000000e+00,1.0000000000e+00,1.0000000000e+00,1.0000000000e+00
g8662_g16859_B,5,0,7,2.4218750000e-01,9.3753774684e-01,1.0000000000e+00,1.0000000000e+00,1.0000000000e+00,1.0000000000e+00
g7993_g19554_A,2,0,3,3.7500000000e-01,9.9090505298e-01,1.0000000000e+00,1.0000000000e+00,1.0000000000e+00,1.0000000000e+00
g4982_g19883_A,2,0,3,3.7500000000e-01,9.9090505298e-01,1.0000000000e+00,1.0000000000e+00,1.0000000000e+00,1.0000000000e+00
g9857_g21488_A,1,0,3,1.2500000000e-01,7.3692442384e-01,9.9999841217e-01,1.0000000000e+00,1.0000000000e+00,1.0000000000e+00
g7079_g23798_A,2,0,9,5.8593750000e-03,5.7072691692e-02,4.4437454227e-01,9.9719572009e-01,1.0000000000e+00,1.0000000000e+00
g8757_g25287_B,10,0,9,2.0117187500e-01,8.9418835400e-01,9.9999999982e-01,1.0000000000e+00,1.0000000000e+00,1.0000000000e+00
g5659_g25299_A,5,0,10,3.0273437500e-02,2.6465199493e-01,9.5376943666e-01,1.0000000000e+00,1.0000000000e+00,1.0000000000e+00
g9484_g26279_B,100,0,21,1.9503021240e-01,8.8576588911e-01,9.9999999962e-01,1.0000000000e+00,1.0000000000e+00,1.0000000000e+00
g9876_g26391_B,100,0,25,1.4703062177e-01,7.9613888186e-01,9.9999987602e-01,1.0000000000e+00,1.0000000000e+00,1.0000000000e+00
g8925_g29259_B,100,0,70,2.0196635320e-01,8.9523601127e-01,9.9999999984e-01,1.0000000000e+00,1.0000000000e+00,1.0000000000e+00
II24110_II24111_B,100,0,99,7.1706944258e-08,7.1706921119e-07,7.1706689735e-06,7.1704375947e-05,7.1681243541e-04,7.1450465932e-03
g10011,4,0,6,1.4062500000e-01,7.8030146796e-01,9.9999973802e-01,1.0000000000e+00,1.0000000000e+00,1.0000000000e+00
g10200,100,0,59,8.6922615306e-02,5.9721261334e-01,9.9988760199e-01,1.0000000000e+00,1.0000000000e+00,1.0000000000e+00
g20001,4,0,6,3.5937500000e-01,9.8835769889e-01,1.0000000000e+00,1.0000000000e+00,1.0000000000e+00,1.0000000000e+00
g30000,100,0,52,6.7913704333e-04,6.7706527565e-03,6.5680456999e-02,4.9306260352e-01,9.9887916083e-01,1.0000000000e+00
g2766_g19688_A,1,0,5,3.1250000000e-02,2.7202384333e-01,9.5820045528e-01,1.0000000000e+00,1.0000000000e+00,1.0000000000e+00
g10102,100,0,98,5.4463647489e-10,5.4463647355e-09,5.4463646021e-08,5.4463632672e-07,5.4463499190e-06,5.4462164386e-05
g9968_g11694_A,10,0,6,2.1875000000e-01,9.1529670527e-01,9.9999999998e-01,1.0000000000e+00,1.0000000000e+00,1.0000000000e+00
g9676_g11698_A,10,0,6,2.1875000000e-01,9.1529670527e-01,9.9999999998e-01,1.0000000000e+00,1.0000000000e+00,1.0000000000e+00
g6980_g15995_B,2,0,6,1.4062500000e-01,7.8030146796e-01,9.9999973802e-01,1.0000000000e+00,1.0000000000e+00,1.0000000000e+00
g5790_g26897_B,10,0,14,1.8920898438e-03,1.8760608416e-02,1.7253478650e-01,8.4951353116e-01,9.9999999404e-01,1.0000000000e+00
g7967_g11967_A,1,0,2,2.5000000000e-01,9.4368648529e-01,1.0000000000e+00,1.0000000000e+00,1.0000000000e+00,1.0000000000e+00
g7827_g16967_A,1,0,2,2.5000000000e-01,9.4368648529e-01,1.0000000000e+00,1.0000000000e+00,1.0000000000e+00,1.0000000000e+00
g7842_g16988_A,1,0,2,2.5000000000e-01,9.4368648529e-01,1.0000000000e+00,1.0000000000e+00,1.0000000000e+00,1.0000000000e+00
g8197_g19576_A,2,0,3,3.7500000000e-01,9.9090505298e-01,1.0000000000e+00,1.0000000000e+00,1.0000000000e+00,1.0000000000e+00
g4188_g19679_A,2,0,3,3.7500000000e-01,9.9090505298e-01,1.0000000000e+00,1.0000000000e+00,1.0000000000e+00,1.0000000000e+00
g4398_g19748_A,2,0,3,3.7500000000e-01,9.9090505298e-01,1.0000000000e+00,1.0000000000e+00,1.0000000000e+00,1.0000000000e+00
g4529_g19779_A,2,0,3,3.7500000000e-01,9.9090505298e-01,1.0000000000e+00,1.0000000000e+00,1.0000000000e+00,1.0000000000e+00
g9767_g23855_B,11,0,21,1.2994146347e-01,7.5140938755e-01,9.9999909875e-01,1.0000000000e+00,1.0000000000e+00,1.0000000000e+00
g9819_g23866_B,11,0,21,1.2994146347e-01,7.5140938755e-01,9.9999909875e-01,1.0000000000e+00,1.0000000000e+00,1.0000000000e+00
g9913_g23889_B,11,0,21,1.2994146347e-01,7.5140938755e-01,9.9999909875e-01,1.0000000000e+00,1.0000000000e+00,1.0000000000e+00
g4575_g27968_A,100,0,34,4.4561681960e-01,9.9725779160e-01,1.0000000000e+00,1.0000000000e+00,1.0000000000e+00,1.0000000000e+00
g7799_g28407_A,100,0,65,3.4424020781e-01,9.8529558184e-01,1.0000000000e+00,1.0000000000e+00,1.0000000000e+00,1.0000000000e+00
g6087_g27897_A,100,0,22,1.3416290283e-02,1.2634613616e-01,7.4094378271e-01,9.9999863874e-01,1.0000000000e+00,1.0000000000e+00
g9260_g28898_B,100,0,31,1.1977001280e-01,7.2077030760e-01,9.9999711852e-01,1.0000000000e+00,1.0000000000e+00,1.0000000000e+00
g9384_g28936_B,100,0,32,1.1823720485e-01,7.1586959931e-01,9.9999657092e-01,1.0000000000e+00,1.0000000000e+00,1.0000000000e+00
g9569_g29238_A,100,0,59,1.0742254996e-02,1.0237572101e-01,6.6041702489e-01,9.9997960803e-01,1.0000000000e+00,1.0000000000e+00
g9595_g29239_A,100,0,65,1.5380946284e-02,1.4358876298e-01,7.8776179175e-01,9.9999981455e-01,1.0000000000e+00,1.0000000000e+00
g8885_g29255_B,100,0,69,1.8555029194e-01,8.7157702700e-01,9.9999999878e-01,1.0000000000e+00,1.0000000000e+00,1.0000000000e+00
II24110_II24112_B,100,0,100,7.6934734753e-08,7.6934708118e-07,7.6934441766e-06,7.6931778312e-05,7.6905150532e-04,7.6639547517e-03
g4985_g27577_A,100,0,34,8.8437218685e-02,6.0384435544e-01,9.9990479528e-01,1.0000000000e+00,1.0000000000e+00,1.0000000000e+00
g20002,72,0,15,9.7625732422e-02,6.4201319179e-01,9.9996543232e-01,1.0000000000e+00,1.0000000000e+00,1.0000000000e+00
g10012,4,0,6,1.4062500000e-01,7.8030146796e-01,9.9999973802e-01,1.0000000000e+00,1.0000000000e+00,1.0000000000e+00
g10120,4,0,6,1.4062500000e-01,7.8030146796e-01,9.9999973802e-01,1.0000000000e+00,1.0000000000e+00,1.0000000000e+00
g10201,100,0,70,2.2502146003e-04,2.2479374074e-03,2.2253336829e-02,2.0152113588e-01,8.9465007088e-01,9.9999999983e-01
g10210,4,0,6,1.4062500000e-01,7.8030146796e-01,9.9999973802e-01,1.0000000000e+00,1.0000000000e+00,1.0000000000e+00
g10300,4,0,6,1.4062500000e-01,7.8030146796e-01,9.9999973802e-01,1.0000000000e+00,1.0000000000e+00,1.0000000000e+00
g13000,1,0,2,2.5000000000e-01,9.4368648529e-01,1.0000000000e+00,1.0000000000e+00,1.0000000000e+00,1.0000000000e+00
g20011,1,0,11,4.8828125000e-04,4.8720976218e-03,4.7666556569e-02,3.8639292465e-01,9.9243335102e-01,1.0000000000e+00
g20110,1,0,11,4.8828125000e-04,4.8720976218e-03,4.7666556569e-02,3.8639292465e-01,9.9243335102e-01,1.0000000000e+00
g10021,100,0,59,5.8593932732e-02,4.5327374567e-01,9.9761384145e-01,1.0000000000e+00,1.0000000000e+00,1.0000000000e+00
g30001,100,0,99,4.4157243719e-02,3.6340308065e-01,9.8906936666e-01,1.0000000000e+00,1.0000000000e+00,1.0000000000e+00
g30100,100,0,99,1.8446228962e-02,1.6987984378e-01,8.4461482140e-01,9.9999999179e-01,1.0000000000e+00,1.0000000000e+00
g11011,100,0,18,1.1598205566e-01,7.0851862686e-01,9.9999557301e-01,1.0000000000e+00,1.0000000000e+00,1.0000000000e+00
g10003,100,0,9,1.9531250000e-01,8.8616585483e-01,9.9999999963e-01,1.0000000000e+00,1.0000000000e+00,1.0000000000e+00
II23008_II23010_B,100,0,100,4.1447625193e-10,4.1447625116e-09,4.1447624343e-08,4.1447616612e-07,4.1447539307e-06,4.1446766261e-05
II23103_II23104_B,100,0,100,6.2685603965e-10,6.2685603788e-09,6.2685602020e-08,6.2685584337e-07,6.2685407511e-06,6.2683639283e-05
II24102_II24103_B,100,0,52,3.4158893492e-08,3.4158888241e-07,3.4158835734e-06,3.4158310667e-05,3.4153060589e-04,3.4100618945e-03
g10103,100,0,88,9.3681801205e-10,9.3681800810e-09,9.3681796861e-08,9.3681757368e-07,9.3681362437e-06,9.3677413246e-05
g10220,100,0,52,5.1999565203e-03,5.0799505503e-02,4.0628289934e-01,9.9455753582e-01,1.0000000000e+00,1.0000000000e+00
g10310,100,0,97,4.2500670003e-10,4.2500669921e-09,4.2500669109e-08,4.2500660980e-07,4.2500579696e-06,4.2499766871e-05
g20020,100,0,52,1.4701197123e-05,1.4700224598e-04,1.4690504061e-03,1.4593768620e-02,1.3671729011e-01,7.7010452242e-01
g9968_g11695_A,10,0,6,2.1875000000e-01,9.1529670527e-01,9.9999999998e-01,1.0000000000e+00,1.0000000000e+00,1.0000000000e+00
g6369_g15887_B,2,0,4,1.2500000000e-01,7.3692442384e-01,9.9999841217e-01,1.0000000000e+00,1.0000000000e+00,1.0000000000e+00
g6574_g15898_B,20,0,7,1.2500000000e-01,7.3692442384e-01,9.9999841217e-01,1.0000000000e+00,1.0000000000e+00,1.0000000000e+00
g6838_g15949_B,2,0,4,1.2500000000e-01,7.3692442384e-01,9.9999841217e-01,1.0000000000e+00,1.0000000000e+00,1.0000000000e+00
g6678_g15992_B,2,0,6,1.4062500000e-01,7.8030146796e-01,9.9999973802e-01,1.0000000000e+00,1.0000000000e+00,1.0000000000e+00
g7358_g15996_B,2,0,6,1.4062500000e-01,7.8030146796e-01,9.9999973802e-01,1.0000000000e+00,1.0000000000e+00,1.0000000000e+00
g9636_g19865_B,100,0,34,1.1628414504e-02,1.1038414463e-01,6.8952606493e-01,9.9999167754e-01,1.0000000000e+00,1.0000000000e+00
g888_g8548_B,100,0,115,1.8785163577e-02,1.7274183336e-01,8.4988965200e-01,9.9999999419e-01,1.0000000000e+00,1.0000000000e+00
g7819_g16994_A,1,0,2,2.5000000000e-01,9.4368648529e-01,1.0000000000e+00,1.0000000000e+00,1.0000000000e+00,1.0000000000e+00
g4876_g17876_A,4,0,5,4.6875000000e-01,9.9820943772e-01,1.0000000000e+00,1.0000000000e+00,1.0000000000e+00,1.0000000000e+00
g9880_g23878_B,11,0,21,1.2994146347e-01,7.5140938755e-01,9.9999909875e-01,1.0000000000e+00,1.0000000000e+00,1.0000000000e+00
g9936_g23894_B,11,0,21,1.2994146347e-01,7.5140938755e-01,9.9999909875e-01,1.0000000000e+00,1.0000000000e+00,1.0000000000e+00
g9488_g15694_A,3,0,18,2.6702880859e-05,2.6699672391e-04,2.6667615957e-03,2.6349858386e-02,2.3435171594e-01,9.3077019069e-01
g9857_g24793_A,1,0,13,1.2207031250e-04,1.2200327910e-03,1.2133563764e-02,1.1492046122e-01,7.0499932570e-01,9.9999500851e-01
g9481_g28966_B,100,0,31,1.3031947985e-01,7.5248733584e-01,9.9999913707e-01,1.0000000000e+00,1.0000000000e+00,1.0000000000e+00
g8894_g29256_B,100,0,79,2.0086208648e-01,8.9377729566e-01,9.9999999982e-01,1.0000000000e+00,1.0000000000e+00,1.0000000000e+00
g9649_g29096_A,100,0,73,2.5390710641e-02,2.2677575203e-01,9.2360680947e-01,9.9999999999e-01,1.0000000000e+00,1.0000000000e+00
g8363_g29985_B,100,0,77,2.3790183898e-02,2.1398342704e-01,9.0998455533e-01,9.9999999997e-01,1.0000000000e+00,1.0000000000e+00
g8434_g29995_B,100,0,76,2.2302586714e-02,2.0192324494e-01,8.9517940600e-01,9.9999999984e-01,1.0000000000e+00,1.0000000000e+00
g8888_g30387_B,100,0,79,1.6674070839e-01,8.3863785757e-01,9.9999998803e-01,1.0000000000e+00,1.0000000000e+00,1.0000000000e+00
II32400_II32401_B,100,0,48,3.8116717719e-03,3.7469521218e-02,3.1743360223e-01,9.7804926611e-01,1.0000000000e+00,1.0000000000e+00
g20002,100,0,62,6.2890625150e-01,9.9995047364e-01,1.0000000000e+00,1.0000000000e+00,1.0000000000e+00,1.0000000000e+00
g10013,100,0,34,1.7943595303e-02,1.6561915891e-01,8.3645275474e-01,9.9999998631e-01,1.0000000000e+00,1.0000000000e+00
g10112,100,0,70,6.8829459986e-05,6.8808145173e-04,6.8595480396e-03,6.6516348095e-02,4.9757971499e-01,9.9897512322e-01
g10121,4,0,6,1.4062500000e-01,7.8030146796e-01,9.9999973802e-01,1.0000000000e+00,1.0000000000e+00,1.0000000000e+00
g10202,100,0,73,2.5868011985e-07,2.5867981873e-06,2.5867680757e-05,2.5864669849e-04,2.5834586451e-03,2.5536304610e-02
g10211,100,0,27,1.0182530433e-01,6.5832897153e-01,9.9997831889e-01,1.0000000000e+00,1.0000000000e+00,1.0000000000e+00
g10301,4,0,6,1.4062500000e-01,7.8030146796e-01,9.9999973802e-01,1.0000000000e+00,1.0000000000e+00,1.0000000000e+00
g10400,100,0,69,3.1889607223e-03,3.1435851021e-02,2.7341923296e-01,9.5899479600e-01,1.0000000000e+00,1.0000000000e+00
g10004,2,0,3,2.5000000000e-01,9.4368648529e-01,1.0000000000e+00,1.0000000000e+00,1.0000000000e+00,1.0000000000e+00
g13010,1,0,2,2.5000000000e-01,9.4368648529e-01,1.0000000000e+00,1.0000000000e+00,1.0000000000e+00,1.0000000000e+00
g11102,32,0,8,2.5000000000e-01,9.4368648529e-01,1.0000000000e+00,1.0000000000e+00,1.0000000000e+00,1.0000000000e+00
g11210,3,0,4,2.5000000000e-01,9.4368648529e-01,1.0000000000e+00,1.0000000000e+00,1.0000000000e+00,1.0000000000e+00
g12001,100,0,88,1.5565833547e-02,1.4519553466e-01,7.9171028693e-01,9.9999984630e-01,1.0000000000e+00,1.0000000000e+00
g20021,4,0,6,3.5937500000e-01,9.8835769889e-01,1.0000000000e+00,1.0000000000e+00,1.0000000000e+00,1.0000000000e+00
g20120,100,0,30,1.8069259822e-02,1.6668622299e-01,8.3853231457e-01,9.9999998795e-01,1.0000000000e+00,1.0000000000e+00
g20012,1,0,11,4.8828125000e-04,4.8720976218e-03,4.7666556569e-02,3.8639292465e-01,9.9243335102e-01,1.0000000000e+00
g20111,1,0,11,4.8828125000e-04,4.8720976218e-03,4.7666556569e-02,3.8639292465e-01,9.9243335102e-01,1.0000000000e+00
g10021,100,0,59,7.8073054698e-02,5.5642701994e-01,9.9970511625e-01,1.0000000000e+00,1.0000000000e+00,1.0000000000e+00
g10130,100,0,59,5.8594554052e-02,4.5327735400e-01,9.9761399893e-01,1.0000000000e+00,1.0000000000e+00,1.0000000000e+00
g30002,100,0,99,4.5573234430e-02,3.7277104278e-01,9.9057544178e-01,1.0000000000e+00,1.0000000000e+00,1.0000000000e+00
g11120,100,0,99,3.5089439398e-02,3.0036650003e-01,9.7190002311e-01,1.0000000000e+00,1.0000000000e+00,1.0000000000e+00
g30101,100,0,99,4.0121344806e-02,3.3600724021e-01,9.8334159416e-01,1.0000000000e+00,1.0000000000e+00,1.0000000000e+00
g30110,100,0,99,3.4695304446e-02,2.9750346343e-01,9.7072870919e-01,1.0000000000e+00,1.0000000000e+00,1.0000000000e+00
g11111,100,0,99,3.6190990101e-02,3.0831267303e-01,9.7493324095e-01,1.0000000000e+00,1.0000000000e+00,1.0000000000e+00
g11300,100,0,99,3.7728313732e-02,3.1926657802e-01,9.7863166238e-01,1.0000000000e+00,1.0000000000e+00,1.0000000000e+00
g11011,100,0,18,1.2583541870e-01,7.3942541118e-01,9.9999855682e-01,1.0000000000e+00,1.0000000000e+00,1.0000000000e+00
g20102,100,0,97,2.1490489814e-06,2.1490281987e-05,2.1488203861e-04,2.1467437332e-03,2.1261237189e-02,1.9338203885e-01
g10003,100,0,9,1.9531250000e-01,8.8616585483e-01,9.9999999963e-01,1.0000000000e+00,1.0000000000e+00,1.0000000000e+00
g14000,100,0,98,1.3404558620e-09,1.3404558539e-08,1.3404557730e-07,1.3404549645e-06,1.3404468788e-05,1.3403660258e-04
g22000,100,0,31,7.6475858688e-02,5.4868213432e-01,9.9964938923e-01,1.0000000000e+00,1.0000000000e+00,1.0000000000e+00
g9968_g12984_A,3,0,10,3.6132812500e-02,3.0789504214e-01,9.7478147957e-01,1.0000000000e+00,1.0000000000e+00,1.0000000000e+00
II23103_II23105_B,100,0,100,1.7949402801e-09,1.7949402656e-08,1.7949401206e-07,1.7949386708e-06,1.7949241727e-05,1.7947792008e-04
II24102_II24104_B,100,0,52,3.1137331158e-08,3.1137326795e-07,3.1137283166e-06,3.1136846881e-05,3.1132484479e-04,3.1088905247e-03
g10041,100,0,98,1.3870282701e-09,1.3870282614e-08,1.3870281748e-07,1.3870273091e-06,1.3870186518e-05,1.3869320831e-04
g10203,100,0,70,8.0173549407e-08,8.0173520482e-07,8.0173231232e-06,8.0170338808e-05,8.0141422215e-04,7.9853019874e-03
g10221,100,0,97,5.8116075841e-10,5.8116075689e-09,5.8116074169e-08,5.8116058970e-07,5.8115906984e-06,5.8114387151e-05
g10401,100,0,100,2.4692944633e-09,2.4692944359e-08,2.4692941615e-07,2.4692914177e-06,2.4692639796e-05,2.4689896207e-04
g20013,2,0,12,7.3242187500e-04,7.3001259567e-03,7.0649220058e-02,5.1938571216e-01,9.9934239247e-01,1.0000000000e+00
g20220,1,0,11,4.8828125000e-04,4.8720976218e-03,4.7666556569e-02,3.8639292465e-01,9.9243335102e-01,1.0000000000e+00
g20112,1,0,11,4.8828125000e-04,4.8720976218e-03,4.7666556569e-02,3.8639292465e-01,9.9243335102e-01,1.0000000000e+00
g21012,100,0,80,1.4641503885e-06,1.4641407417e-05,1.4640442786e-04,1.4630801135e-03,1.4534848846e-02,1.3620097400e-01
g23100,100,0,56,3.7043538086e-06,3.7042920591e-05,3.7036746400e-04,3.6975079899e-03,3.6365886468e-02,3.0956681013e-01
g20211,100,0,52,1.2805794540e-06,1.2805720746e-05,1.2804982832e-04,1.2797606809e-03,1.2724157331e-02,1.2019767498e-01
g14000,100,0,98,1.2225456221e-09,1.2225456153e-08,1.2225455481e-07,1.2225448755e-06,1.2225381497e-05,1.2224708950e-04
g6783_g15789_B,2,0,4,1.2500000000e-01,7.3692442384e-01,9.9999841217e-01,1.0000000000e+00,1.0000000000e+00,1.0000000000e+00
g6783_g15897_B,2,0,4,1.2500000000e-01,7.3692442384e-01,9.9999841217e-01,1.0000000000e+00,1.0000000000e+00,1.0000000000e+00
g9636_g17985_B,100,0,21,2.0221376419e-01,8.9556035387e-01,9.9999999985e-01,1.0000000000e+00,1.0000000000e+00,1.0000000000e+00
g939_g8489_B,100,0,115,2.9609719300e-02,2.5960346018e-01,9.5049559963e-01,1.0000000000e+00,1.0000000000e+00,1.0000000000e+00
g7967_g13787_A,1,0,2,2.5000000000e-01,9.4368648529e-01,1.0000000000e+00,1.0000000000e+00,1.0000000000e+00,1.0000000000e+00
g7858_g16938_A,1,0,2,2.5000000000e-01,9.4368648529e-01,1.0000000000e+00,1.0000000000e+00,1.0000000000e+00,1.0000000000e+00
g4699_g17775_A,4,0,5,4.6875000000e-01,9.9820943772e-01,1.0000000000e+00,1.0000000000e+00,1.0000000000e+00,1.0000000000e+00
g4967_g17948_A,4,0,5,4.6875000000e-01,9.9820943772e-01,1.0000000000e+00,1.0000000000e+00,1.0000000000e+00,1.0000000000e+00
g3928_g19599_A,2,0,3,3.7500000000e-01,9.9090505298e-01,1.0000000000e+00,1.0000000000e+00,1.0000000000e+00,1.0000000000e+00
g4558_g19788_A,2,0,3,3.7500000000e-01,9.9090505298e-01,1.0000000000e+00,1.0000000000e+00,1.0000000000e+00,1.0000000000e+00
g4857_g19858_A,2,0,3,3.7500000000e-01,9.9090505298e-01,1.0000000000e+00,1.0000000000e+00,1.0000000000e+00,1.0000000000e+00
g4997_g26387_A,28,0,18,2.8789520264e-01,9.6646957056e-01,1.0000000000e+00,1.0000000000e+00,1.0000000000e+00,1.0000000000e+00
g9898_g28028_B,100,0,48,1.3278855422e-01,7.5942526718e-01,9.9999935062e-01,1.0000000000e+00,1.0000000000e+00,1.0000000000e+00
g9488_g29087_A,100,0,58,5.8594345566e-03,5.7073256577e-02,4.4437787087e-01,9.9719588808e-01,1.0000000000e+00,1.0000000000e+00
g8587_g29466_A,100,0,52,3.1638592191e-07,3.1638547146e-06,3.1638096700e-05,3.1633592719e-04,3.1588599896e-03,3.1143333669e-02
g8418_g29994_B,100,0,77,2.4497528372e-02,2.1966023047e-01,9.1627842106e-01,9.9999999998e-01,1.0000000000e+00,1.0000000000e+00
g8443_g29996_B,100,0,77,2.7933878562e-02,2.4671716186e-01,9.4117245412e-01,1.0000000000e+00,1.0000000000e+00,1.0000000000e+00
II32400_II32402_B,100,0,48,4.0555046414e-03,3.9822873741e-02,3.3393968548e-01,9.8281555220e-01,1.0000000000e+00,1.0000000000e+00
g30120,12,0,14,4.9609375000e-01,9.9894440470e-01,1.0000000000e+00,1.0000000000e+00,1.0000000000e+00,1.0000000000e+00
g101,1,0,1,5.0000000000e-01,9.9902343750e-01,1.0000000000e+00,1.0000000000e+00,1.0000000000e+00,1.0000000000e+00
g10500,100,0,24,2.4700522423e-01,9.4139702940e-01,1.0000000000e+00,1.0000000000e+00,1.0000000000e+00,1.0000000000e+00
g20040,72,0,15,9.7625732422e-02,6.4201319179e-01,9.9996543232e-01,1.0000000000e+00,1.0000000000e+00,1.0000000000e+00
g20022,14,0,8,7.5000000000e-01,9.9999904633e-01,1.0000000000e+00,1.0000000000e+00,1.0000000000e+00,1.0000000000e+00
g10014,100,0,27,1.0397297144e-01,6.6641147500e-01,9.9998293481e-01,1.0000000000e+00,1.0000000000e+00,1.0000000000e+00
g10104,4,0,6,1.4062500000e-01,7.8030146796e-01,9.9999973802e-01,1.0000000000e+00,1.0000000000e+00,1.0000000000e+00
g10113,100,0,70,8.6169601098e-05,8.6136195374e-04,8.5803086132e-03,8.2564786845e-02,5.7757068126e-01,9.9981905752e-01
g10122,100,0,34,1.9313750905e-02,1.7718754339e-01,8.5776431166e-01,9.9999999661e-01,1.0000000000e+00,1.0000000000e+00
g10212,100,0,30,1.3778559025e-01,7.7293365612e-01,9.9999963564e-01,1.0000000000e+00,1.0000000000e+00,1.0000000000e+00
g10302,100,0,59,1.0183828538e-01,6.5837834903e-01,9.9997835020e-01,1.0000000000e+00,1.0000000000e+00,1.0000000000e+00
g10311,4,0,6,1.4062500000e-01,7.8030146796e-01,9.9999973802e-01,1.0000000000e+00,1.0000000000e+00,1.0000000000e+00
g10320,100,0,69,1.2822638172e-04,1.2815241799e-03,1.2741590102e-02,1.2035301326e-01,7.2261422002e-01,9.9999730324e-01
g12012,1,0,2,2.5000000000e-01,9.4368648529e-01,1.0000000000e+00,1.0000000000e+00,1.0000000000e+00,1.0000000000e+00
g10004,2,0,3,2.5000000000e-01,9.4368648529e-01,1.0000000000e+00,1.0000000000e+00,1.0000000000e+00,1.0000000000e+00
g11102,39,0,8,2.5000000000e-01,9.4368648529e-01,1.0000000000e+00,1.0000000000e+00,1.0000000000e+00,1.0000000000e+00
g11210,4,0,4,2.5000000000e-01,9.4368648529e-01,1.0000000000e+00,1.0000000000e+00,1.0000000000e+00,1.0000000000e+00
g12002,100,0,99,5.6743685978e-02,4.4243280992e-01,9.9709616391e-01,1.0000000000e+00,1.0000000000e+00,1.0000000000e+00
g12020,100,0,79,5.4853585286e-02,4.3115897231e-01,9.9645260848e-01,1.0000000000e+00,1.0000000000e+00,1.0000000000e+00
g12101,100,0,85,5.3502274843e-02,4.2297351806e-01,9.9590779435e-01,1.0000000000e+00,1.0000000000e+00,1.0000000000e+00
g12030,45,0,8,2.5000000000e-01,9.4368648529e-01,1.0000000000e+00,1.0000000000e+00,1.0000000000e+00,1.0000000000e+00
g20120,100,0,30,1.6317585111e-01,8.3160001642e-01,9.9999998166e-01,1.0000000000e+00,1.0000000000e+00,1.0000000000e+00
g21210,8,0,7,2.1093750000e-01,9.0643486655e-01,9.9999999995e-01,1.0000000000e+00,1.0000000000e+00,1.0000000000e+00
g21300,1,0,3,1.2500000000e-01,7.3692442384e-01,9.9999841217e-01,1.0000000000e+00,1.0000000000e+00,1.0000000000e+00
g13011,100,0,61,3.1049868712e-02,2.7051853937e-01,9.5732804011e-01,1.0000000000e+00,1.0000000000e+00,1.0000000000e+00
g22020,1,0,2,2.5000000000e-01,9.4368648529e-01,1.0000000000e+00,1.0000000000e+00,1.0000000000e+00,1.0000000000e+00
g12201,100,0,14,1.9714355469e-02,1.8054251207e-01,8.6345862239e-01,9.9999999775e-01,1.0000000000e+00,1.0000000000e+00
g11004,100,0,12,8.9599609375e-02,6.0886709466e-01,9.9991620009e-01,1.0000000000e+00,1.0000000000e+00,1.0000000000e+00
g10130,100,0,59,6.2501502398e-02,4.7554792968e-01,9.9842580677e-01,1.0000000000e+00,1.0000000000e+00,1.0000000000e+00
g30003,100,0,99,5.2980203520e-02,4.1978283088e-01,9.9567580014e-01,1.0000000000e+00,1.0000000000e+00,1.0000000000e+00
g11022,100,0,99,3.7374406847e-02,3.1675881060e-01,9.7783129111e-01,1.0000000000e+00,1.0000000000e+00,1.0000000000e+00
g11120,100,0,99,1.9125477790e-02,1.7560653453e-01,8.5500754378e-01,9.9999999589e-01,1.0000000000e+00,1.0000000000e+00
g11202,100,0,99,1.9477324725e-02,1.7855892594e-01,8.6011725425e-01,9.9999999713e-01,1.0000000000e+00,1.0000000000e+00
g30102,100,0,99,2.0675885826e-02,1.8854491908e-01,8.7622160720e-01,9.9999999916e-01,1.0000000000e+00,1.0000000000e+00
g30111,100,0,99,3.9301592310e-02,3.3031478821e-01,9.8185708407e-01,1.0000000000e+00,1.0000000000e+00,1.0000000000e+00
g11111,100,0,99,6.5497654141e-03,6.3600514214e-02,4.8166365100e-01,9.9860003669e-01,1.0000000000e+00,1.0000000000e+00
g11300,100,0,99,2.7620331854e-02,2.4428386566e-01,9.3924431190e-01,1.0000000000e+00,1.0000000000e+00,1.0000000000e+00
g14001,100,0,114,8.8985398761e-02,6.0622025209e-01,9.9991035341e-01,1.0000000000e+00,1.0000000000e+00,1.0000000000e+00
g21111,100,0,24,5.3867459297e-02,4.2519598107e-01,9.9606270496e-01,1.0000000000e+00,1.0000000000e+00,1.0000000000e+00
g22001,100,0,31,3.1048297882e-02,2.7050671317e-01,9.5732112172e-01,1.0000000000e+00,1.0000000000e+00,1.0000000000e+00
g9569_g24768_A,1,0,13,1.2207031250e-04,1.2200327910e-03,1.2133563764e-02,1.1492046122e-01,7.0499932570e-01,9.9999500851e-01
g9649_g24769_A,1,0,13,1.2207031250e-04,1.2200327910e-03,1.2133563764e-02,1.1492046122e-01,7.0499932570e-01,9.9999500851e-01
g9199_g28881_B,100,0,32,1.2121729553e-01,7.2532760850e-01,9.9999755572e-01,1.0000000000e+00,1.0000000000e+00,1.0000000000e+00
II23018_II23020_B,100,0,100,3.8043529459e-10,3.8043529394e-09,3.8043528743e-08,3.8043522230e-07,3.8043457101e-06,3.8042805821e-05
II23131_II23132_B,100,0,100,2.3718496694e-09,2.3718496440e-08,2.3718493909e-07,2.3718468593e-06,2.3718215440e-05,2.3715684109e-04
g10042,100,0,96,1.3560902254e-09,1.3560902171e-08,1.3560901343e-07,1.3560893068e-06,1.3560810314e-05,1.3559982814e-04
g10060,100,0,97,4.1002529150e-10,4.1002529074e-09,4.1002528318e-08,4.1002520752e-07,4.1002445098e-06,4.1001688566e-05
g10150,100,0,100,2.5074094472e-09,2.5074094189e-08,2.5074091360e-07,2.5074063068e-06,2.5073780151e-05,2.5070951215e-04
g10222,100,0,93,1.9880562756e-09,1.9880562578e-08,1.9880560800e-07,1.9880543014e-06,1.9880365159e-05,1.9878586723e-04
g10303,100,0,70,4.9967767403e-05,4.9956533400e-04,4.9844378393e-03,4.8741101992e-02,3.9328138270e-01,9.9324114366e-01
g10402,100,0,92,1.0595999911e-09,1.0595999860e-08,1.0595999355e-07,1.0595994303e-06,1.0595943779e-05,1.0595438560e-04
g13101,1,0,3,1.2500000000e-01,7.3692442384e-01,9.9999841217e-01,1.0000000000e+00,1.0000000000e+00,1.0000000000e+00
g20103,100,0,50,1.6594067290e-05,1.6592828211e-04,1.6580444204e-03,1.6457279589e-02,1.5290467783e-01,8.0975080192e-01
g20131,1,0,11,4.8828125000e-04,4.8720976218e-03,4.7666556569e-02,3.8639292465e-01,9.9243335102e-01,1.0000000000e+00
g23100,100,0,56,9.3480616670e-07,9.3480223433e-06,9.3476291182e-05,9.3436980805e-04,9.3045086983e-03,8.9244369061e-02
g21130,100,0,59,5.2503310286e-08,5.2503297882e-07,5.2503173835e-06,5.2501933390e-05,5.2489531088e-04,5.2365722679e-03
g6369_g15889_B,20,0,7,1.2500000000e-01,7.3692442384e-01,9.9999841217e-01,1.0000000000e+00,1.0000000000e+00,1.0000000000e+00
g897_g8559_B,100,0,114,2.3806083789e-02,2.1411143909e-01,9.1013104868e-01,9.9999999997e-01,1.0000000000e+00,1.0000000000e+00
g5469_g15998_A,1,0,2,2.5000000000e-01,9.4368648529e-01,1.0000000000e+00,1.0000000000e+00,1.0000000000e+00,1.0000000000e+00
g7862_g16998_A,1,0,2,2.5000000000e-01,9.4368648529e-01,1.0000000000e+00,1.0000000000e+00,1.0000000000e+00,1.0000000000e+00
g9419_g28949_B,100,0,32,1.2839208543e-01,7.4694690598e-01,9.9999892325e-01,1.0000000000e+00,1.0000000000e+00,1.0000000000e+00
g9623_g28997_B,100,0,32,1.2148140371e-01,7.2615198971e-01,9.9999762810e-01,1.0000000000e+00,1.0000000000e+00,1.0000000000e+00
II15211_II15212_B,100,0,9,1.9531250000e-01,8.8616585483e-01,9.9999999963e-01,1.0000000000e+00,1.0000000000e+00,1.0000000000e+00
II20048_II20050_B,100,0,9,1.9531250000e-01,8.8616585483e-01,9.9999999963e-01,1.0000000000e+00,1.0000000000e+00,1.0000000000e+00
II23113_II23114_B,100,0,99,1.3717522153e-09,1.3717522069e-08,1.3717521222e-07,1.3717512754e-06,1.3717428078e-05,1.3716581354e-04
II25030_II25031_B,100,0,9,1.9531250000e-01,8.8616585483e-01,9.9999999963e-01,1.0000000000e+00,1.0000000000e+00,1.0000000000e+00
II35020_II35021_B,100,0,48,5.0355123449e-07,5.0355009345e-06,5.0353868328e-05,5.0342460056e-04,5.0228566677e-03,4.9108331455e-02
g30120,8,0,14,5.0390625000e-01,9.9909710436e-01,1.0000000000e+00,1.0000000000e+00,1.0000000000e+00,1.0000000000e+00
g30121,7,0,14,4.9609375000e-01,9.9894440470e-01,1.0000000000e+00,1.0000000000e+00,1.0000000000e+00,1.0000000000e+00
g11500,1,0,1,5.0000000000e-01,9.9902343750e-01,1.0000000000e+00,1.0000000000e+00,1.0000000000e+00,1.0000000000e+00
g23200,6,0,6,5.0000000000e-01,9.9902343750e-01,1.0000000000e+00,1.0000000000e+00,1.0000000000e+00,1.0000000000e+00
g101,1,0,1,5.0000000000e-01,9.9902343750e-01,1.0000000000e+00,1.0000000000e+00,1.0000000000e+00,1.0000000000e+00
g10500,100,0,24,4.6246170998e-01,9.9798583959e-01,1.0000000000e+00,1.0000000000e+00,1.0000000000e+00,1.0000000000e+00
g20040,100,0,63,5.4077150591e-01,9.9958285382e-01,1.0000000000e+00,1.0000000000e+00,1.0000000000e+00,1.0000000000e+00
g20022,10,0,7,2.4218750000e-01,9.3753774684e-01,1.0000000000e+00,1.0000000000e+00,1.0000000000e+00,1.0000000000e+00
g201,100,0,115,2.8997567564e-01,9.6743641042e-01,1.0000000000e+00,1.0000000000e+00,1.0000000000e+00,1.0000000000e+00
g210,100,0,114,2.8038992638e-01,9.6276320080e-01,1.0000000000e+00,1.0000000000e+00,1.0000000000e+00,1.0000000000e+00
g10024,21,0,14,2.4975585938e-01,9.4350290431e-01,1.0000000000e+00,1.0000000000e+00,1.0000000000e+00,1.0000000000e+00
g10105,4,0,6,1.4062500000e-01,7.8030146796e-01,9.9999973802e-01,1.0000000000e+00,1.0000000000e+00,1.0000000000e+00
g10114,100,0,70,1.4958247951e-07,1.4958237883e-06,1.4958137196e-05,1.4957130380e-04,1.4947067185e-03,1.4846930199e-02
g10123,100,0,27,1.0085266083e-01,6.5461089487e-01,9.9997584059e-01,1.0000000000e+00,1.0000000000e+00,1.0000000000e+00
g10204,100,0,52,5.6832302762e-03,5.5400652975e-02,4.3444296333e-01,9.9665216456e-01,1.0000000000e+00,1.0000000000e+00
g10213,4,0,6,1.4062500000e-01,7.8030146796e-01,9.9999973802e-01,1.0000000000e+00,1.0000000000e+00,1.0000000000e+00
g10312,4,0,6,1.4062500000e-01,7.8030146796e-01,9.9999973802e-01,1.0000000000e+00,1.0000000000e+00,1.0000000000e+00
g10321,100,0,81,2.4417500670e-04,2.4390688487e-03,2.4124714737e-02,2.1667282502e-01,9.1301749067e-01,9.9999999998e-01
g10330,100,0,27,1.0408056527e-01,6.6681182766e-01,9.9998313852e-01,1.0000000000e+00,1.0000000000e+00,1.0000000000e+00
g10510,100,0,68,1.4061174488e-01,7.8026757900e-01,9.9999973761e-01,1.0000000000e+00,1.0000000000e+00,1.0000000000e+00
g10600,68,0,48,2.1968969805e-03,2.1753051251e-02,1.9742612319e-01,8.8912077120e-01,9.9999999972e-01,1.0000000000e+00
g11032,3,0,4,2.5000000000e-01,9.4368648529e-01,1.0000000000e+00,1.0000000000e+00,1.0000000000e+00,1.0000000000e+00
g12210,100,0,96,2.4470295805e-02,2.1944235994e-01,9.1604437686e-01,9.9999999998e-01,1.0000000000e+00,1.0000000000e+00
g13200,55,0,22,1.3225960732e-01,7.5795387172e-01,9.9999930979e-01,1.0000000000e+00,1.0000000000e+00,1.0000000000e+00
g12013,3,0,4,4.3750000000e-01,9.9682878806e-01,1.0000000000e+00,1.0000000000e+00,1.0000000000e+00,1.0000000000e+00
g12130,3,0,4,4.3750000000e-01,9.9682878806e-01,1.0000000000e+00,1.0000000000e+00,1.0000000000e+00,1.0000000000e+00
g11014,2,0,3,2.5000000000e-01,9.4368648529e-01,1.0000000000e+00,1.0000000000e+00,1.0000000000e+00,1.0000000000e+00
g13300,100,0,16,1.2738037109e-01,7.4399421526e-01,9.9999879080e-01,1.0000000000e+00,1.0000000000e+00,1.0000000000e+00
g12003,100,0,96,2.8257122346e-04,2.8221218484e-03,2.7865505652e-02,2.4618715218e-01,9.4075723063e-01,1.0000000000e+00
g12021,100,0,99,1.1102254877e-02,1.0563691325e-01,6.7255477493e-01,9.9998582945e-01,1.0000000000e+00,1.0000000000e+00
g12102,100,0,81,2.5960723388e-02,2.3128616963e-01,9.2794784944e-01,1.0000000000e+00,1.0000000000e+00,1.0000000000e+00
g20104,4,0,6,3.5937500000e-01,9.8835769889e-01,1.0000000000e+00,1.0000000000e+00,1.0000000000e+00,1.0000000000e+00
g12030,30,0,8,2.5000000000e-01,9.4368648529e-01,1.0000000000e+00,1.0000000000e+00,1.0000000000e+00,1.0000000000e+00
g21103,3,0,7,2.8906250000e-01,9.6701517178e-01,1.0000000000e+00,1.0000000000e+00,1.0000000000e+00,1.0000000000e+00
g21112,3,0,7,2.8906250000e-01,9.6701517178e-01,1.0000000000e+00,1.0000000000e+00,1.0000000000e+00,1.0000000000e+00
g20140,24,0,9,3.6914062500e-01,9.9001551627e-01,1.0000000000e+00,1.0000000000e+00,1.0000000000e+00,1.0000000000e+00
g20212,24,0,9,3.6914062500e-01,9.9001551627e-01,1.0000000000e+00,1.0000000000e+00,1.0000000000e+00,1.0000000000e+00
g21301,1,0,3,1.2500000000e-01,7.3692442384e-01,9.9999841217e-01,1.0000000000e+00,1.0000000000e+00,1.0000000000e+00
g21310,1,0,3,1.2500000000e-01,7.3692442384e-01,9.9999841217e-01,1.0000000000e+00,1.0000000000e+00,1.0000000000e+00
g13011,100,0,34,9.3461645581e-01,1.0000000000e+00,1.0000000000e+00,1.0000000000e+00,1.0000000000e+00,1.0000000000e+00
g20050,1,0,11,4.8828125000e-04,4.8720976218e-03,4.7666556569e-02,3.8639292465e-01,9.9243335102e-01,1.0000000000e+00
g20221,1,0,11,4.8828125000e-04,4.8720976218e-03,4.7666556569e-02,3.8639292465e-01,9.9243335102e-01,1.0000000000e+00
g20113,1,0,11,4.8828125000e-04,4.8720976218e-03,4.7666556569e-02,3.8639292465e-01,9.9243335102e-01,1.0000000000e+00
g21012,100,0,57,5.5463845149e-06,5.5462460863e-05,5.5448620529e-04,5.5310470178e-03,5.3953918302e-02,4.2572102962e-01
g12201,100,0,14,2.2711181641e-01,9.2393818651e-01,9.9999999999e-01,1.0000000000e+00,1.0000000000e+00,1.0000000000e+00
g22300,10,0,8,1.2109375000e-01,7.2494121011e-01,9.9999752112e-01,1.0000000000e+00,1.0000000000e+00,1.0000000000e+00
g23001,12,0,9,3.6914062500e-01,9.9001551627e-01,1.0000000000e+00,1.0000000000e+00,1.0000000000e+00,1.0000000000e+00
g20400,100,0,34,3.1090053730e-02,2.7082101887e-01,9.5750464961e-01,1.0000000000e+00,1.0000000000e+00,1.0000000000e+00
g21102,100,0,97,7.1754457636e-03,6.9481322803e-02,5.1331165472e-01,9.9925439388e-01,1.0000000000e+00,1.0000000000e+00
g22021,100,0,27,2.9185198247e-02,2.5635802980e-01,9.4828233268e-01,1.0000000000e+00,1.0000000000e+00,1.0000000000e+00
g11004,100,0,12,8.2031250000e-02,5.7510759353e-01,9.9980822601e-01,1.0000000000e+00,1.0000000000e+00,1.0000000000e+00
g30004,100,0,51,2.3955052745e-01,9.3532988548e-01,1.0000000000e+00,1.0000000000e+00,1.0000000000e+00,1.0000000000e+00
g11022,100,0,99,2.4932150641e-02,2.2312996924e-01,9.1992744613e-01,9.9999999999e-01,1.0000000000e+00,1.0000000000e+00
g11202,100,0,99,2.4002997354e-02,2.1569526091e-01,9.1192586388e-01,9.9999999997e-01,1.0000000000e+00,1.0000000000e+00
g30103,100,0,99,6.4374471702e-02,4.8593193063e-01,9.9871113838e-01,1.0000000000e+00,1.0000000000e+00,1.0000000000e+00
g11401,100,0,99,2.7399959188e-02,2.4256942087e-01,9.3785182992e-01,1.0000000000e+00,1.0000000000e+00,1.0000000000e+00
g30112,100,0,98,3.9215467505e-02,3.2971418576e-01,9.8169371236e-01,1.0000000000e+00,1.0000000000e+00,1.0000000000e+00
g30220,100,0,89,1.3661278508e-01,7.6982606989e-01,9.9999958259e-01,1.0000000000e+00,1.0000000000e+00,1.0000000000e+00
g30040,100,0,87,2.6364179274e-01,9.5313039244e-01,1.0000000000e+00,1.0000000000e+00,1.0000000000e+00,1.0000000000e+00
g30211,100,0,99,8.0213230677e-03,7.7378929147e-02,5.5307598857e-01,9.9968206607e-01,1.0000000000e+00,1.0000000000e+00
g21120,100,0,24,5.4432094097e-02,4.2861711001e-01,9.9629086779e-01,1.0000000000e+00,1.0000000000e+00,1.0000000000e+00
g25000,100,0,27,7.8911781311e-02,5.6044596175e-01,9.9973077044e-01,1.0000000000e+00,1.0000000000e+00,1.0000000000e+00
g11410,100,0,9,1.9531250000e-01,8.8616585483e-01,9.9999999963e-01,1.0000000000e+00,1.0000000000e+00,1.0000000000e+00
g14001,100,0,112,6.9066946137e-02,5.1113999588e-01,9.9922044803e-01,1.0000000000e+00,1.0000000000e+00,1.0000000000e+00
g21211,100,0,97,1.2219150968e-09,1.2219150901e-08,1.2219150229e-07,1.2219143510e-06,1.2219076322e-05,1.2218404467e-04
g21121,100,0,30,1.4992166311e-02,1.4020118107e-01,7.7921557052e-01,9.9999972478e-01,1.0000000000e+00,1.0000000000e+00
g14011,100,0,69,1.2102190294e-07,1.2102183704e-06,1.2102117795e-05,1.2101458741e-04,1.2094870829e-03,1.2029254042e-02
g22210,10,0,11,2.5000000000e-01,9.4368648529e-01,1.0000000000e+00,1.0000000000e+00,1.0000000000e+00,1.0000000000e+00
g22201,100,0,30,5.3008370101e-02,4.1995537793e-01,9.9568864241e-01,1.0000000000e+00,1.0000000000e+00,1.0000000000e+00
II23131_II23133_B,100,0,99,2.9930609952e-09,2.9930609549e-08,2.9930605518e-07,2.9930565205e-06,2.9930162081e-05,2.9926131237e-04
g10007,100,0,97,2.3237513025e-09,2.3237512782e-08,2.3237510352e-07,2.3237486053e-06,2.3237243063e-05,2.3234813351e-04
g10043,100,0,97,7.8012914272e-10,7.8012913998e-09,7.8012911260e-08,7.8012883873e-07,7.8012610003e-06,7.8009871374e-05
g10061,100,0,98,3.2543314572e-10,3.2543314524e-09,3.2543314047e-08,3.2543309282e-07,3.2543261624e-06,3.2542785049e-05
g10151,100,0,100,1.8491347339e-09,1.8491347185e-08,1.8491345646e-07,1.8491330260e-06,1.8491176392e-05,1.8489637812e-04
g10223,100,0,100,4.3367398561e-10,4.3367398477e-09,4.3367397630e-08,4.3367389167e-07,4.3367304534e-06,4.3366458219e-05
g10403,100,0,98,1.8099430428e-09,1.8099430280e-08,1.8099428806e-07,1.8099414065e-06,1.8099266650e-05,1.8097792596e-04
g13004,1,0,9,1.9531250000e-03,1.9360479644e-02,1.7757952141e-01,8.5844045473e-01,9.9999999677e-01,1.0000000000e+00
g20132,1,0,11,4.8828125000e-04,4.8720976218e-03,4.7666556569e-02,3.8639292465e-01,9.9243335102e-01,1.0000000000e+00
g20051,1,0,11,4.8828125000e-04,4.8720976218e-03,4.7666556569e-02,3.8639292465e-01,9.9243335102e-01,1.0000000000e+00
g20114,1,0,11,4.8828125000e-04,4.8720976218e-03,4.7666556569e-02,3.8639292465e-01,9.9243335102e-01,1.0000000000e+00
g23120,100,0,56,1.4114441456e-06,1.4114351808e-05,1.4113455375e-04,1.4104495214e-03,1.4015309540e-02,1.3163618824e-01
g20005,100,0,56,5.2696577768e-07,5.2696452806e-06,5.2695203212e-05,5.2682709437e-04,5.2557988684e-03,5.1332197449e-02
g24100,100,0,34,6.7756744102e-05,6.7736088440e-04,6.7529992945e-03,6.5514379608e-02,4.9216078984e-01,9.9885906134e-01
g21113,100,0,59,1.1329507299e-07,1.1329501523e-06,1.1329443762e-05,1.1328866176e-04,1.1323092476e-03,1.1265570752e-02
g17000,100,0,97,1.0226406112e-09,1.0226406065e-08,1.0226405594e-07,1.0226400888e-06,1.0226353828e-05,1.0225883238e-04
g20222,100,0,56,1.2481738310e-07,1.2481731299e-06,1.2481661192e-05,1.2480960152e-04,1.2473952638e-03,1.2404165271e-02
g22202,100,0,82,4.2193190666e-06,4.2192389555e-05,4.2184379567e-04,4.2104391097e-03,4.1315531562e-02,3.4422189170e-01
g6783_g15899_B,20,0,7,1.2500000000e-01,7.3692442384e-01,9.9999841217e-01,1.0000000000e+00,1.0000000000e+00,1.0000000000e+00
g9498_g28475_B,100,0,32,1.3253529603e-01,7.5872177493e-01,9.9999933138e-01,1.0000000000e+00,1.0000000000e+00,1.0000000000e+00
g8997_g29264_B,100,0,69,1.9867183267e-01,8.9082980448e-01,9.9999999976e-01,1.0000000000e+00,1.0000000000e+00,1.0000000000e+00
g8397_g29990_B,100,0,74,1.1659825697e-02,1.1066683082e-01,6.9051122384e-01,9.9999193788e-01,1.0000000000e+00,1.0000000000e+00
II15211_II15213_B,100,0,9,1.9531250000e-01,8.8616585483e-01,9.9999999963e-01,1.0000000000e+00,1.0000000000e+00,1.0000000000e+00
II23113_II23115_B,100,0,100,1.4750873093e-09,1.4750872995e-08,1.4750872016e-07,1.4750862224e-06,1.4750764310e-05,1.4749785216e-04
II25030_II25032_B,100,0,9,1.9531250000e-01,8.8616585483e-01,9.9999999963e-01,1.0000000000e+00,1.0000000000e+00,1.0000000000e+00
II35020_II35022_B,100,0,48,4.0558643377e-07,4.0558569352e-06,4.0557829111e-05,4.0550427693e-04,4.0476512477e-03,3.9747157508e-02
g30121,8,0,14,5.0390625000e-01,9.9909710436e-01,1.0000000000e+00,1.0000000000e+00,1.0000000000e+00,1.0000000000e+00
g30122,13,0,14,4.9609375000e-01,9.9894440470e-01,1.0000000000e+00,1.0000000000e+00,1.0000000000e+00,1.0000000000e+00
g11510,1,0,1,5.0000000000e-01,9.9902343750e-01,1.0000000000e+00,1.0000000000e+00,1.0000000000e+00,1.0000000000e+00
g11500,1,0,1,5.0000000000e-01,9.9902343750e-01,1.0000000000e+00,1.0000000000e+00,1.0000000000e+00,1.0000000000e+00
g11501,1,0,1,5.0000000000e-01,9.9902343750e-01,1.0000000000e+00,1.0000000000e+00,1.0000000000e+00,1.0000000000e+00
g26000,12,0,8,3.7500000000e-01,9.9090505298e-01,1.0000000000e+00,1.0000000000e+00,1.0000000000e+00,1.0000000000e+00
g23200,5,0,6,5.0000000000e-01,9.9902343750e-01,1.0000000000e+00,1.0000000000e+00,1.0000000000e+00,1.0000000000e+00
g23201,6,0,6,5.0000000000e-01,9.9902343750e-01,1.0000000000e+00,1.0000000000e+00,1.0000000000e+00,1.0000000000e+00
g23210,6,0,6,5.0000000000e-01,9.9902343750e-01,1.0000000000e+00,1.0000000000e+00,1.0000000000e+00,1.0000000000e+00
g30320,15,0,16,5.0195312500e-01,9.9906092086e-01,1.0000000000e+00,1.0000000000e+00,1.0000000000e+00,1.0000000000e+00
g23300,5,0,6,5.0000000000e-01,9.9902343750e-01,1.0000000000e+00,1.0000000000e+00,1.0000000000e+00,1.0000000000e+00
g20600,2,0,3,5.0000000000e-01,9.9902343750e-01,1.0000000000e+00,1.0000000000e+00,1.0000000000e+00,1.0000000000e+00
g121,1,0,1,5.0000000000e-01,9.9902343750e-01,1.0000000000e+00,1.0000000000e+00,1.0000000000e+00,1.0000000000e+00
g11213,2,0,3,1.2500000000e-01,7.3692442384e-01,9.9999841217e-01,1.0000000000e+00,1.0000000000e+00,1.0000000000e+00
g11600,100,0,108,1.1379623413e-01,7.0123073955e-01,9.9999433292e-01,1.0000000000e+00,1.0000000000e+00,1.0000000000e+00
g23003,32,0,10,7.4707031250e-01,9.9999892849e-01,1.0000000000e+00,1.0000000000e+00,1.0000000000e+00,1.0000000000e+00
g201,100,0,113,2.9042924201e-01,9.6764383097e-01,1.0000000000e+00,1.0000000000e+00,1.0000000000e+00,1.0000000000e+00
g210,100,0,114,2.9152966790e-01,9.6814213376e-01,1.0000000000e+00,1.0000000000e+00,1.0000000000e+00,1.0000000000e+00
g10024,42,0,14,7.4926757813e-01,9.9999901801e-01,1.0000000000e+00,1.0000000000e+00,1.0000000000e+00,1.0000000000e+00
g10106,100,0,27,1.0502927750e-01,6.7032327813e-01,9.9998483359e-01,1.0000000000e+00,1.0000000000e+00,1.0000000000e+00
g10115,100,0,52,5.8227479913e-03,5.6725232466e-02,4.4232371997e-01,9.9709047745e-01,1.0000000000e+00,1.0000000000e+00
g10133,21,0,14,2.4975585938e-01,9.4350290431e-01,1.0000000000e+00,1.0000000000e+00,1.0000000000e+00,1.0000000000e+00
g10205,100,0,70,4.9548086366e-03,4.8457801701e-02,3.9147205300e-01,9.9303685751e-01,1.0000000000e+00,1.0000000000e+00
g10250,100,0,70,6.8118311776e-05,6.8097435099e-04,6.7889136860e-03,6.5852221273e-02,4.9399378104e-01,9.9889957982e-01
g10304,100,0,70,2.4429217717e-04,2.4402379804e-03,2.4136151840e-02,2.1676462487e-01,9.1311937366e-01,9.9999999998e-01
g10313,100,0,27,1.0501755774e-01,6.7028010397e-01,9.9998481372e-01,1.0000000000e+00,1.0000000000e+00,1.0000000000e+00
g10322,100,0,52,5.8206886279e-03,5.6705693057e-02,4.4220818968e-01,9.9708444435e-01,1.0000000000e+00,1.0000000000e+00
g10340,21,0,14,2.4975585938e-01,9.4350290431e-01,1.0000000000e+00,1.0000000000e+00,1.0000000000e+00,1.0000000000e+00
g10412,100,0,70,2.7336522067e-08,2.7336518704e-07,2.7336485076e-06,2.7336148801e-05,2.7332786354e-04,2.7299192191e-03
g10430,4,0,6,1.4062500000e-01,7.8030146796e-01,9.9999973802e-01,1.0000000000e+00,1.0000000000e+00,1.0000000000e+00
g10511,100,0,69,7.1132293597e-08,7.1132270828e-07,7.1132043137e-06,7.1129766285e-05,7.1107003107e-04,7.0879904743e-03
g10520,100,0,59,9.9391650050e-02,6.4895750559e-01,9.9997158178e-01,1.0000000000e+00,1.0000000000e+00,1.0000000000e+00
g11420,100,0,114,3.0334752687e-02,2.6511681848e-01,9.5406083653e-01,1.0000000000e+00,1.0000000000e+00,1.0000000000e+00
g13031,1,0,2,2.5000000000e-01,9.4368648529e-01,1.0000000000e+00,1.0000000000e+00,1.0000000000e+00,1.0000000000e+00
g10601,2,0,3,2.5000000000e-01,9.4368648529e-01,1.0000000000e+00,1.0000000000e+00,1.0000000000e+00,1.0000000000e+00
g11032,4,0,4,2.5000000000e-01,9.4368648529e-01,1.0000000000e+00,1.0000000000e+00,1.0000000000e+00,1.0000000000e+00
g11141,3,0,4,2.5000000000e-01,9.4368648529e-01,1.0000000000e+00,1.0000000000e+00,1.0000000000e+00,1.0000000000e+00
g11240,100,0,12,1.5185546875e-01,8.0738120509e-01,9.9999992969e-01,1.0000000000e+00,1.0000000000e+00,1.0000000000e+00
g12211,100,0,84,4.4820144360e-02,3.6780428504e-01,9.8980198894e-01,1.0000000000e+00,1.0000000000e+00,1.0000000000e+00
g12220,100,0,88,2.5576071530e-02,2.2824508884e-01,9.2504613736e-01,9.9999999999e-01,1.0000000000e+00,1.0000000000e+00
g13003,100,0,77,2.4547432119e-04,2.4520333923e-03,2.4251534437e-02,2.1769020136e-01,9.1414062963e-01,9.9999999998e-01
g15020,1,0,2,2.5000000000e-01,9.4368648529e-01,1.0000000000e+00,1.0000000000e+00,1.0000000000e+00,1.0000000000e+00
g13201,20,0,21,5.4969787598e-02,4.3185795485e-01,9.9649595800e-01,1.0000000000e+00,1.0000000000e+00,1.0000000000e+00
g13210,20,0,21,5.4969787598e-02,4.3185795485e-01,9.9649595800e-01,1.0000000000e+00,1.0000000000e+00,1.0000000000e+00
g16010,1,0,2,2.5000000000e-01,9.4368648529e-01,1.0000000000e+00,1.0000000000e+00,1.0000000000e+00,1.0000000000e+00
g12013,3,0,4,4.3750000000e-01,9.9682878806e-01,1.0000000000e+00,1.0000000000e+00,1.0000000000e+00,1.0000000000e+00
g16100,1,0,2,2.5000000000e-01,9.4368648529e-01,1.0000000000e+00,1.0000000000e+00,1.0000000000e+00,1.0000000000e+00
g12130,3,0,4,4.3750000000e-01,9.9682878806e-01,1.0000000000e+00,1.0000000000e+00,1.0000000000e+00,1.0000000000e+00
g11014,2,0,3,2.5000000000e-01,9.4368648529e-01,1.0000000000e+00,1.0000000000e+00,1.0000000000e+00,1.0000000000e+00
g13300,100,0,16,1.2539672852e-01,7.3811478833e-01,9.9999848257e-01,1.0000000000e+00,1.0000000000e+00,1.0000000000e+00
g12022,100,0,94,2.8319772441e-02,2.4970223138e-01,9.4346250678e-01,1.0000000000e+00,1.0000000000e+00,1.0000000000e+00
g12040,100,0,98,4.9438835290e-03,4.8353321878e-02,3.9080355594e-01,9.9295998481e-01,1.0000000000e+00,1.0000000000e+00
g12103,100,0,83,2.1419589819e-02,1.9468613678e-01,8.8527666750e-01,9.9999999961e-01,1.0000000000e+00,1.0000000000e+00
g20006,4,0,6,3.5937500000e-01,9.8835769889e-01,1.0000000000e+00,1.0000000000e+00,1.0000000000e+00,1.0000000000e+00
g21122,8,0,7,2.1093750000e-01,9.0643486655e-01,9.9999999995e-01,1.0000000000e+00,1.0000000000e+00,1.0000000000e+00
g12302,45,0,8,2.5000000000e-01,9.4368648529e-01,1.0000000000e+00,1.0000000000e+00,1.0000000000e+00,1.0000000000e+00
g20140,9,0,9,5.0585937500e-01,9.9913202823e-01,1.0000000000e+00,1.0000000000e+00,1.0000000000e+00,1.0000000000e+00
g21203,8,0,7,2.1093750000e-01,9.0643486655e-01,9.9999999995e-01,1.0000000000e+00,1.0000000000e+00,1.0000000000e+00
g20150,100,0,30,2.0180042833e-02,1.8442705581e-01,8.6979486846e-01,9.9999999860e-01,1.0000000000e+00,1.0000000000e+00
g20212,9,0,9,5.0585937500e-01,9.9913202823e-01,1.0000000000e+00,1.0000000000e+00,1.0000000000e+00,1.0000000000e+00
g21302,1,0,3,1.2500000000e-01,7.3692442384e-01,9.9999841217e-01,1.0000000000e+00,1.0000000000e+00,1.0000000000e+00
g20302,2,0,4,1.8750000000e-01,8.7461843207e-01,9.9999999904e-01,1.0000000000e+00,1.0000000000e+00,1.0000000000e+00
g21311,1,0,3,1.2500000000e-01,7.3692442384e-01,9.9999841217e-01,1.0000000000e+00,1.0000000000e+00,1.0000000000e+00
g20311,2,0,4,1.8750000000e-01,8.7461843207e-01,9.9999999904e-01,1.0000000000e+00,1.0000000000e+00,1.0000000000e+00
g21320,1,0,3,1.2500000000e-01,7.3692442384e-01,9.9999841217e-01,1.0000000000e+00,1.0000000000e+00,1.0000000000e+00
g21401,1,0,3,1.2500000000e-01,7.3692442384e-01,9.9999841217e-01,1.0000000000e+00,1.0000000000e+00,1.0000000000e+00
g20410,2,0,4,1.8750000000e-01,8.7461843207e-01,9.9999999904e-01,1.0000000000e+00,1.0000000000e+00,1.0000000000e+00
g20500,1,0,3,1.2500000000e-01,7.3692442384e-01,9.9999841217e-01,1.0000000000e+00,1.0000000000e+00,1.0000000000e+00
g22004,1,0,2,2.5000000000e-01,9.4368648529e-01,1.0000000000e+00,1.0000000000e+00,1.0000000000e+00,1.0000000000e+00
g21202,1,0,3,1.2500000000e-01,7.3692442384e-01,9.9999841217e-01,1.0000000000e+00,1.0000000000e+00,1.0000000000e+00
g22211,18,0,13,4.4421386719e-01,9.9718760015e-01,1.0000000000e+00,1.0000000000e+00,1.0000000000e+00,1.0000000000e+00
g22220,18,0,13,4.4421386719e-01,9.9718760015e-01,1.0000000000e+00,1.0000000000e+00,1.0000000000e+00,1.0000000000e+00
g20014,9,0,11,2.4951171875e-01,9.4331878488e-01,1.0000000000e+00,1.0000000000e+00,1.0000000000e+00,1.0000000000e+00
g21400,4,0,16,5.9509277344e-04,5.9350169039e-03,5.7789898079e-02,4.4858628708e-01,9.9740118346e-01,1.0000000000e+00
g22300,25,0,9,8.7109375000e-01,9.9999999873e-01,1.0000000000e+00,1.0000000000e+00,1.0000000000e+00,1.0000000000e+00
g23002,100,0,55,3.0015573884e-04,2.9975064257e-03,2.9573952277e-02,2.5933051668e-01,9.5031280107e-01,1.0000000000e+00
g23020,100,0,63,5.6825592765e-06,5.6824139670e-05,5.6809611449e-04,5.6664601305e-03,5.5241324765e-02,4.3348829809e-01
g11042,15,0,7,1.2500000000e-01,7.3692442384e-01,9.9999841217e-01,1.0000000000e+00,1.0000000000e+00,1.0000000000e+00
g11105,15,0,7,1.2500000000e-01,7.3692442384e-01,9.9999841217e-01,1.0000000000e+00,1.0000000000e+00,1.0000000000e+00
g22003,3,0,6,1.5625000000e-01,8.1713193967e-01,9.9999995818e-01,1.0000000000e+00,1.0000000000e+00,1.0000000000e+00
g20401,100,0,30,1.1455813237e-01,7.0378944146e-01,9.9999479998e-01,1.0000000000e+00,1.0000000000e+00,1.0000000000e+00
g21130,100,0,59,4.2703578561e-02,3.5365505827e-01,9.8727541744e-01,1.0000000000e+00,1.0000000000e+00,1.0000000000e+00
g22021,100,0,27,5.5666232109e-01,9.9970667679e-01,1.0000000000e+00,1.0000000000e+00,1.0000000000e+00,1.0000000000e+00
g11051,100,0,12,8.9599609375e-02,6.0886709466e-01,9.9991620009e-01,1.0000000000e+00,1.0000000000e+00,1.0000000000e+00
g11114,100,0,12,8.9599609375e-02,6.0886709466e-01,9.9991620009e-01,1.0000000000e+00,1.0000000000e+00,1.0000000000e+00
g11312,100,0,12,8.9599609375e-02,6.0886709466e-01,9.9991620009e-01,1.0000000000e+00,1.0000000000e+00,1.0000000000e+00
g10052,100,0,59,4.6883297144e-02,3.8132751161e-01,9.9178499109e-01,1.0000000000e+00,1.0000000000e+00,1.0000000000e+00
g10070,100,0,59,3.1250004977e-02,2.7202388073e-01,9.5820047676e-01,1.0000000000e+00,1.0000000000e+00,1.0000000000e+00
g10214,100,0,59,8.3466994171e-06,8.3463859208e-05,8.3432518213e-04,8.3119969794e-03,8.0078871504e-02,5.6598380291e-01
g10232,100,0,59,4.6875000931e-02,3.8127365840e-01,9.9177783742e-01,1.0000000000e+00,1.0000000000e+00,1.0000000000e+00
g11123,100,0,16,6.4895629883e-02,4.8878820412e-01,9.9878098608e-01,1.0000000000e+00,1.0000000000e+00,1.0000000000e+00
g12004,8,0,16,1.2597656250e-01,7.3984583288e-01,9.9999857994e-01,1.0000000000e+00,1.0000000000e+00,1.0000000000e+00
g30005,100,0,99,1.2278374600e-02,1.1621703927e-01,7.0929249660e-01,9.9999568915e-01,1.0000000000e+00,1.0000000000e+00
g11222,100,0,99,2.7331039459e-02,2.4203252433e-01,9.3740989143e-01,1.0000000000e+00,1.0000000000e+00,1.0000000000e+00
g30104,100,0,99,2.6328543380e-02,2.3418408483e-01,9.3061846946e-01,1.0000000000e+00,1.0000000000e+00,1.0000000000e+00
g11401,100,0,99,2.7231052554e-02,2.4125300023e-01,9.3676320247e-01,1.0000000000e+00,1.0000000000e+00,1.0000000000e+00
g11411,100,0,99,5.6999207071e-02,4.4394137793e-01,9.9717378113e-01,1.0000000000e+00,1.0000000000e+00,1.0000000000e+00
g30113,100,0,99,3.3052003245e-02,2.8545237506e-01,9.6530141216e-01,1.0000000000e+00,1.0000000000e+00,1.0000000000e+00
g30131,61,0,29,3.5906219482e-01,9.8830072665e-01,1.0000000000e+00,1.0000000000e+00,1.0000000000e+00,1.0000000000e+00
g30221,100,0,85,2.4814643747e-01,9.4227916315e-01,1.0000000000e+00,1.0000000000e+00,1.0000000000e+00,1.0000000000e+00
g30040,100,0,92,4.5992432971e-02,3.7552048781e-01,9.9098051072e-01,1.0000000000e+00,1.0000000000e+00,1.0000000000e+00
g30203,100,0,99,1.1493989291e-02,1.0917346618e-01,6.8527485462e-01,9.9999046514e-01,1.0000000000e+00,1.0000000000e+00
g30211,100,0,99,1.4009231117e-01,7.7893584837e-01,9.9999972127e-01,1.0000000000e+00,1.0000000000e+00,1.0000000000e+00
g30410,100,0,99,2.2792738663e-02,2.0591525261e-01,9.0030610990e-01,9.9999999990e-01,1.0000000000e+00,1.0000000000e+00
g11132,100,0,99,3.6331177239e-02,3.0931808202e-01,9.7529522724e-01,1.0000000000e+00,1.0000000000e+00,1.0000000000e+00
g11231,100,0,99,1.9906254990e-02,1.8214525966e-01,8.6610580385e-01,9.9999999815e-01,1.0000000000e+00,1.0000000000e+00
g11303,100,0,99,1.3647321943e-02,1.2838984656e-01,7.4694040580e-01,9.9999892297e-01,1.0000000000e+00,1.0000000000e+00
g11321,100,0,99,1.0765131185e-02,1.0258327144e-01,6.6120139872e-01,9.9998007419e-01,1.0000000000e+00,1.0000000000e+00
g20015,100,0,97,3.6930389311e-06,3.6929775583e-05,3.6923639050e-04,3.6862348438e-03,3.6256845877e-02,3.0878514840e-01
g20123,100,0,97,3.1495606758e-06,3.1495160374e-05,3.1490696996e-04,3.1446109569e-03,3.1004834586e-02,2.7017942562e-01
g25000,100,0,27,4.0340872109e-01,9.9428825244e-01,1.0000000000e+00,1.0000000000e+00,1.0000000000e+00,1.0000000000e+00
g11410,100,0,9,1.9531250000e-01,8.8616585483e-01,9.9999999963e-01,1.0000000000e+00,1.0000000000e+00,1.0000000000e+00
g11330,100,0,9,1.9531250000e-01,8.8616585483e-01,9.9999999963e-01,1.0000000000e+00,1.0000000000e+00,1.0000000000e+00
g13310,4,0,13,1.8310546875e-03,1.8160406953e-02,1.6745941847e-01,8.4002426273e-01,9.9999998902e-01,1.0000000000e+00
g21211,100,0,100,1.5127027377e-02,1.4137763843e-01,7.8221801666e-01,9.9999976000e-01,1.0000000000e+00,1.0000000000e+00
g21230,100,0,97,1.2951683068e-09,1.2951682993e-08,1.2951682238e-07,1.2951674690e-06,1.2951599204e-05,1.2950844383e-04
g21140,100,0,30,1.4136753976e-02,1.3270516550e-01,7.5919383687e-01,9.9999934434e-01,1.0000000000e+00,1.0000000000e+00
g14011,100,0,72,4.7583570972e-09,4.7583569953e-08,4.7583559765e-07,4.7583457876e-06,4.7582439005e-05,4.7572251900e-04
g14201,100,0,66,1.3851688539e-07,1.3851679905e-06,1.3851593564e-05,1.3850730196e-04,1.3842100462e-03,1.3756196270e-02
g14102,100,0,65,2.5483481806e-07,2.5483452583e-06,2.5483160352e-05,2.5480238289e-04,2.5451042217e-03,2.5161521761e-02
g24002,100,0,48,4.2752735508e-03,4.1939534528e-02,3.4847783821e-01,9.8621864468e-01,1.0000000000e+00,1.0000000000e+00
g21410,2,0,7,2.3437500000e-02,2.1113909478e-01,9.0667363815e-01,9.9999999995e-01,1.0000000000e+00,1.0000000000e+00
g9569_g24779_A,1,0,13,1.2207031250e-04,1.2200327910e-03,1.2133563764e-02,1.1492046122e-01,7.0499932570e-01,9.9999500851e-01
II23123_II23124_B,100,0,100,1.3316354165e-09,1.3316354085e-08,1.3316353287e-07,1.3316345308e-06,1.3316265512e-05,1.3315467587e-04
II24500_II24501_B,100,0,52,2.3022577400e-08,2.3022575015e-07,2.3022551163e-06,2.3022312648e-05,2.3019927673e-04,2.2996096037e-03
g21204,100,0,100,1.6690889650e-09,1.6690889524e-08,1.6690888271e-07,1.6690875734e-06,1.6690750371e-05,1.6689496812e-04
g10044,100,0,97,1.4280261384e-09,1.4280261292e-08,1.4280260374e-07,1.4280251198e-06,1.4280159431e-05,1.4279241813e-04
g10116,100,0,97,2.4333398699e-09,2.4333398433e-08,2.4333395768e-07,2.4333369123e-06,2.4333102674e-05,2.4330438398e-04
g10152,100,0,97,6.7912287599e-10,6.7912287392e-09,6.7912285316e-08,6.7912264562e-07,6.7912057019e-06,6.7909981635e-05
g10170,100,0,100,1.3374835687e-09,1.3374835606e-08,1.3374834801e-07,1.3374826751e-06,1.3374746253e-05,1.3373941304e-04
g10206,100,0,100,1.3635758078e-09,1.3635757994e-08,1.3635757157e-07,1.3635748790e-06,1.3635665121e-05,1.3634828460e-04
g10251,100,0,69,7.1928209239e-05,7.1904932201e-04,7.1672713399e-03,6.9404705683e-02,5.1291077638e-01,9.9924822961e-01
g10323,100,0,100,2.0341806092e-09,2.0341805906e-08,2.0341804044e-07,2.0341785424e-06,2.0341599220e-05,2.0339737308e-04
g21123,100,0,52,7.6237843816e-08,7.6237817661e-07,7.6237556112e-06,7.6234940691e-05,7.6208793059e-04,7.5947973370e-03
g20133,1,0,11,4.8828125000e-04,4.8720976218e-03,4.7666556569e-02,3.8639292465e-01,9.9243335102e-01,1.0000000000e+00
g20160,1,0,11,4.8828125000e-04,4.8720976218e-03,4.7666556569e-02,3.8639292465e-01,9.9243335102e-01,1.0000000000e+00
g23120,100,0,56,1.1978499970e-06,1.1978435402e-05,1.1977789749e-04,1.1971335776e-03,1.1907050427e-02,1.1288891826e-01
g20241,100,0,53,1.1658921721e-06,1.1658860553e-05,1.1658248891e-04,1.1652134628e-03,1.1591226577e-02,1.1004936597e-01
g14201,100,0,77,4.9247647941e-09,4.9247646850e-08,4.9247635936e-07,4.9247526796e-06,4.9246435417e-05,4.9235523399e-04
g8693_g16879_B,5,0,7,2.4218750000e-01,9.3753774684e-01,1.0000000000e+00,1.0000000000e+00,1.0000000000e+00,1.0000000000e+00
g2998_g17877_A,2,0,4,1.8750000000e-01,8.7461843207e-01,9.9999999904e-01,1.0000000000e+00,1.0000000000e+00,1.0000000000e+00
g9962_g23899_B,11,0,21,1.2994146347e-01,7.5140938755e-01,9.9999909875e-01,1.0000000000e+00,1.0000000000e+00,1.0000000000e+00
g9649_g24798_A,1,0,13,1.2207031250e-04,1.2200327910e-03,1.2133563764e-02,1.1492046122e-01,7.0499932570e-01,9.9999500851e-01
g7776_g28399_A,100,0,65,3.6199953577e-01,9.8882596706e-01,1.0000000000e+00,1.0000000000e+00,1.0000000000e+00,1.0000000000e+00
g8366_g29986_B,100,0,76,3.2684823377e-02,2.8273437690e-01,9.6395872336e-01,1.0000000000e+00,1.0000000000e+00,1.0000000000e+00
g8382_g29988_B,100,0,77,2.3926250019e-02,2.1507830612e-01,9.1123059192e-01,9.9999999997e-01,1.0000000000e+00,1.0000000000e+00
II20504_II20505_B,100,0,9,1.9531250000e-01,8.8616585483e-01,9.9999999963e-01,1.0000000000e+00,1.0000000000e+00,1.0000000000e+00
II24005_II24006_B,100,0,9,1.9531250000e-01,8.8616585483e-01,9.9999999963e-01,1.0000000000e+00,1.0000000000e+00,1.0000000000e+00
II24131_II24132_B,100,0,98,8.1104592818e-08,8.1104563217e-07,8.1104267210e-06,8.1101307218e-05,8.1071715220e-04,8.0776585702e-03
g20610,3,0,3,5.0000000000e-01,9.9902343750e-01,1.0000000000e+00,1.0000000000e+00,1.0000000000e+00,1.0000000000e+00
g30122,8,0,14,5.0390625000e-01,9.9909710436e-01,1.0000000000e+00,1.0000000000e+00,1.0000000000e+00,1.0000000000e+00
g30510,100,0,85,3.3480570889e-01,9.8303768464e-01,1.0000000000e+00,1.0000000000e+00,1.0000000000e+00,1.0000000000e+00
g11510,1,0,1,5.0000000000e-01,9.9902343750e-01,1.0000000000e+00,1.0000000000e+00,1.0000000000e+00,1.0000000000e+00
g11511,1,0,1,5.0000000000e-01,9.9902343750e-01,1.0000000000e+00,1.0000000000e+00,1.0000000000e+00,1.0000000000e+00
g11501,1,0,1,5.0000000000e-01,9.9902343750e-01,1.0000000000e+00,1.0000000000e+00,1.0000000000e+00,1.0000000000e+00
g11502,1,0,1,5.0000000000e-01,9.9902343750e-01,1.0000000000e+00,1.0000000000e+00,1.0000000000e+00,1.0000000000e+00
g13410,1,0,1,5.0000000000e-01,9.9902343750e-01,1.0000000000e+00,1.0000000000e+00,1.0000000000e+00,1.0000000000e+00
g24300,4,0,4,5.0000000000e-01,9.9902343750e-01,1.0000000000e+00,1.0000000000e+00,1.0000000000e+00,1.0000000000e+00
g11520,1,0,1,5.0000000000e-01,9.9902343750e-01,1.0000000000e+00,1.0000000000e+00,1.0000000000e+00,1.0000000000e+00
g26000,7,0,8,6.2500000000e-01,9.9994500633e-01,1.0000000000e+00,1.0000000000e+00,1.0000000000e+00,1.0000000000e+00
g23201,5,0,6,5.0000000000e-01,9.9902343750e-01,1.0000000000e+00,1.0000000000e+00,1.0000000000e+00,1.0000000000e+00
g23202,6,0,6,5.0000000000e-01,9.9902343750e-01,1.0000000000e+00,1.0000000000e+00,1.0000000000e+00,1.0000000000e+00
g23210,5,0,6,5.0000000000e-01,9.9902343750e-01,1.0000000000e+00,1.0000000000e+00,1.0000000000e+00,1.0000000000e+00
g23211,6,0,6,5.0000000000e-01,9.9902343750e-01,1.0000000000e+00,1.0000000000e+00,1.0000000000e+00,1.0000000000e+00
g23220,6,0,6,5.0000000000e-01,9.9902343750e-01,1.0000000000e+00,1.0000000000e+00,1.0000000000e+00,1.0000000000e+00
g26001,7,0,8,4.9609375000e-01,9.9894440470e-01,1.0000000000e+00,1.0000000000e+00,1.0000000000e+00,1.0000000000e+00
g26010,7,0,8,4.9609375000e-01,9.9894440470e-01,1.0000000000e+00,1.0000000000e+00,1.0000000000e+00,1.0000000000e+00
g30321,13,0,16,4.9804687500e-01,9.9898461294e-01,1.0000000000e+00,1.0000000000e+00,1.0000000000e+00,1.0000000000e+00
g30320,8,0,16,4.9804687500e-01,9.9898461294e-01,1.0000000000e+00,1.0000000000e+00,1.0000000000e+00,1.0000000000e+00
g23300,5,0,6,5.0000000000e-01,9.9902343750e-01,1.0000000000e+00,1.0000000000e+00,1.0000000000e+00,1.0000000000e+00
g23301,6,0,6,5.0000000000e-01,9.9902343750e-01,1.0000000000e+00,1.0000000000e+00,1.0000000000e+00,1.0000000000e+00
g23310,18,0,9,4.8046875000e-01,9.9856742702e-01,1.0000000000e+00,1.0000000000e+00,1.0000000000e+00,1.0000000000e+00
g20600,2,0,3,5.0000000000e-01,9.9902343750e-01,1.0000000000e+00,1.0000000000e+00,1.0000000000e+00,1.0000000000e+00
g20601,2,0,3,5.0000000000e-01,9.9902343750e-01,1.0000000000e+00,1.0000000000e+00,1.0000000000e+00,1.0000000000e+00
g121,1,0,1,5.0000000000e-01,9.9902343750e-01,1.0000000000e+00,1.0000000000e+00,1.0000000000e+00,1.0000000000e+00
g113,1,0,1,5.0000000000e-01,9.9902343750e-01,1.0000000000e+00,1.0000000000e+00,1.0000000000e+00,1.0000000000e+00
g11213,1,0,3,1.2500000000e-01,7.3692442384e-01,9.9999841217e-01,1.0000000000e+00,1.0000000000e+00,1.0000000000e+00
g11600,100,0,108,1.8403626932e-01,8.6916963610e-01,9.9999999853e-01,1.0000000000e+00,1.0000000000e+00,1.0000000000e+00
g20025,100,0,72,2.3758212631e-03,2.3505811505e-02,2.1169073705e-01,9.0732420990e-01,9.9999999995e-01,1.0000000000e+00
g20700,13,0,9,4.9023437500e-01,9.9881503516e-01,1.0000000000e+00,1.0000000000e+00,1.0000000000e+00,1.0000000000e+00
g23003,4,0,10,2.9296875000e-03,2.8913638971e-02,2.5427527147e-01,9.4681545513e-01,1.0000000000e+00,1.0000000000e+00
g10008,100,0,97,1.0247840358e-09,1.0247840311e-08,1.0247839839e-07,1.0247835113e-06,1.0247787855e-05,1.0247315290e-04
g10035,100,0,70,1.5359966717e-05,1.5358905082e-04,1.5348294110e-03,1.5242720260e-02,1.4238572784e-01,7.8476147954e-01
g10062,100,0,31,7.0334807038e-02,5.1775724576e-01,9.9931976792e-01,1.0000000000e+00,1.0000000000e+00,1.0000000000e+00
g10080,100,0,31,7.0337937213e-02,5.1777348259e-01,9.9931999691e-01,1.0000000000e+00,1.0000000000e+00,1.0000000000e+00
g10107,100,0,30,1.3713652454e-01,7.7121852309e-01,9.9999960717e-01,1.0000000000e+00,1.0000000000e+00,1.0000000000e+00
g10133,42,0,14,7.4926757813e-01,9.9999901801e-01,1.0000000000e+00,1.0000000000e+00,1.0000000000e+00,1.0000000000e+00
g10224,100,0,98,8.9915603478e-10,8.9915603115e-09,8.9915599476e-08,8.9915563095e-07,8.9915199279e-06,8.9911561232e-05
g10260,100,0,34,8.9398125827e-02,6.0800060364e-01,9.9991432503e-01,1.0000000000e+00,1.0000000000e+00,1.0000000000e+00
g10305,100,0,70,7.8537062853e-08,7.8537035097e-07,7.8536757534e-06,7.8533981983e-05,7.8506233656e-04,7.8229468188e-03
g10314,100,0,30,1.3726493809e-01,7.7155877361e-01,9.9999961297e-01,1.0000000000e+00,1.0000000000e+00,1.0000000000e+00
g10340,42,0,14,7.4926757813e-01,9.9999901801e-01,1.0000000000e+00,1.0000000000e+00,1.0000000000e+00,1.0000000000e+00
g10404,4,0,6,1.4062500000e-01,7.8030146796e-01,9.9999973802e-01,1.0000000000e+00,1.0000000000e+00,1.0000000000e+00
g10413,100,0,70,7.3993462993e-05,7.3968830207e-04,7.3723102780e-03,7.1324777797e-02,5.2286795688e-01,9.9938851496e-01
g10422,4,0,6,1.4062500000e-01,7.8030146796e-01,9.9999973802e-01,1.0000000000e+00,1.0000000000e+00,1.0000000000e+00
g10431,4,0,6,1.4062500000e-01,7.8030146796e-01,9.9999973802e-01,1.0000000000e+00,1.0000000000e+00,1.0000000000e+00
g10440,4,0,6,1.4062500000e-01,7.8030146796e-01,9.9999973802e-01,1.0000000000e+00,1.0000000000e+00,1.0000000000e+00
g10512,100,0,70,1.2209146840e-04,1.2202441177e-03,1.2135653937e-02,1.1493918796e-01,7.0506173676e-01,9.9999501906e-01
g10521,100,0,59,1.0827611500e-01,6.8209014235e-01,9.9998945516e-01,1.0000000000e+00,1.0000000000e+00,1.0000000000e+00
g10530,100,0,30,1.3700488955e-01,7.7086926353e-01,9.9999960113e-01,1.0000000000e+00,1.0000000000e+00,1.0000000000e+00
g10710,100,0,63,1.4059355169e-01,7.8022105737e-01,9.9999973706e-01,1.0000000000e+00,1.0000000000e+00,1.0000000000e+00
g11421,100,0,115,3.9260957079e-02,3.3003147356e-01,9.8178018301e-01,1.0000000000e+00,1.0000000000e+00,1.0000000000e+00
g12330,1,0,2,2.5000000000e-01,9.4368648529e-01,1.0000000000e+00,1.0000000000e+00,1.0000000000e+00,1.0000000000e+00
g13023,1,0,2,2.5000000000e-01,9.4368648529e-01,1.0000000000e+00,1.0000000000e+00,1.0000000000e+00,1.0000000000e+00
g13032,1,0,2,2.5000000000e-01,9.4368648529e-01,1.0000000000e+00,1.0000000000e+00,1.0000000000e+00,1.0000000000e+00
g10601,2,0,3,2.5000000000e-01,9.4368648529e-01,1.0000000000e+00,1.0000000000e+00,1.0000000000e+00,1.0000000000e+00
g11141,4,0,4,2.5000000000e-01,9.4368648529e-01,1.0000000000e+00,1.0000000000e+00,1.0000000000e+00,1.0000000000e+00
g13320,1,0,2,2.5000000000e-01,9.4368648529e-01,1.0000000000e+00,1.0000000000e+00,1.0000000000e+00,1.0000000000e+00
g11240,100,0,12,1.4428710938e-01,7.8948611636e-01,9.9999982907e-01,1.0000000000e+00,1.0000000000e+00,1.0000000000e+00
g12212,100,0,97,1.2364395974e-03,1.2295827084e-02,1.1637318632e-01,7.0980571136e-01,9.9999576466e-01,1.0000000000e+00
g12221,100,0,96,1.7089885912e-03,1.6959054196e-02,1.5721640137e-01,8.1921568320e-01,9.9999996271e-01,1.0000000000e+00
g13500,1,0,2,2.5000000000e-01,9.4368648529e-01,1.0000000000e+00,1.0000000000e+00,1.0000000000e+00,1.0000000000e+00
g14022,1,0,2,2.5000000000e-01,9.4368648529e-01,1.0000000000e+00,1.0000000000e+00,1.0000000000e+00,1.0000000000e+00
g14040,1,0,2,2.5000000000e-01,9.4368648529e-01,1.0000000000e+00,1.0000000000e+00,1.0000000000e+00,1.0000000000e+00
g14130,1,0,2,2.5000000000e-01,9.4368648529e-01,1.0000000000e+00,1.0000000000e+00,1.0000000000e+00,1.0000000000e+00
g13130,1,0,3,1.2500000000e-01,7.3692442384e-01,9.9999841217e-01,1.0000000000e+00,1.0000000000e+00,1.0000000000e+00
g15030,1,0,2,2.5000000000e-01,9.4368648529e-01,1.0000000000e+00,1.0000000000e+00,1.0000000000e+00,1.0000000000e+00
g13202,72,0,27,1.0104201734e-01,6.5533758032e-01,9.9997634411e-01,1.0000000000e+00,1.0000000000e+00,1.0000000000e+00
g13211,72,0,27,1.0104201734e-01,6.5533758032e-01,9.9997634411e-01,1.0000000000e+00,1.0000000000e+00,1.0000000000e+00
g13220,55,0,22,1.3225960732e-01,7.5795387172e-01,9.9999930979e-01,1.0000000000e+00,1.0000000000e+00,1.0000000000e+00
g13004,29,0,9,4.9804687500e-01,9.9898461294e-01,1.0000000000e+00,1.0000000000e+00,1.0000000000e+00,1.0000000000e+00
g13400,1,0,3,1.2500000000e-01,7.3692442384e-01,9.9999841217e-01,1.0000000000e+00,1.0000000000e+00,1.0000000000e+00
g16101,1,0,2,2.5000000000e-01,9.4368648529e-01,1.0000000000e+00,1.0000000000e+00,1.0000000000e+00,1.0000000000e+00
g16200,1,0,2,2.5000000000e-01,9.4368648529e-01,1.0000000000e+00,1.0000000000e+00,1.0000000000e+00,1.0000000000e+00
g12023,100,0,98,6.1829569617e-03,6.0137326081e-02,4.6217124011e-01,9.9797492916e-01,1.0000000000e+00,1.0000000000e+00
g12041,3,0,7,7.8125000000e-02,5.5667688454e-01,9.9970677313e-01,1.0000000000e+00,1.0000000000e+00,1.0000000000e+00
g12104,100,0,96,1.9536095766e-03,1.9365240882e-02,1.7761945101e-01,8.5850916875e-01,9.9999999678e-01,1.0000000000e+00
g12122,6,0,15,6.1523437500e-02,4.7005071532e-01,9.9825279806e-01,1.0000000000e+00,1.0000000000e+00,1.0000000000e+00
g17001,10,0,17,7.8048706055e-03,7.5363766798e-02,5.4321789779e-01,9.9960455072e-01,1.0000000000e+00,1.0000000000e+00
g17100,10,0,17,7.8048706055e-03,7.5363766798e-02,5.4321789779e-01,9.9960455072e-01,1.0000000000e+00,1.0000000000e+00
g16001,1,0,3,1.2500000000e-01,7.3692442384e-01,9.9999841217e-01,1.0000000000e+00,1.0000000000e+00,1.0000000000e+00
g15201,19,0,6,4.6875000000e-01,9.9820943772e-01,1.0000000000e+00,1.0000000000e+00,1.0000000000e+00,1.0000000000e+00
g15021,1,0,3,1.2500000000e-01,7.3692442384e-01,9.9999841217e-01,1.0000000000e+00,1.0000000000e+00,1.0000000000e+00
g20502,2,0,3,3.7500000000e-01,9.9090505298e-01,1.0000000000e+00,1.0000000000e+00,1.0000000000e+00,1.0000000000e+00
g12204,45,0,8,2.5000000000e-01,9.4368648529e-01,1.0000000000e+00,1.0000000000e+00,1.0000000000e+00,1.0000000000e+00
g12302,30,0,8,2.5000000000e-01,9.4368648529e-01,1.0000000000e+00,1.0000000000e+00,1.0000000000e+00,1.0000000000e+00
g21141,8,0,7,2.1093750000e-01,9.0643486655e-01,9.9999999995e-01,1.0000000000e+00,1.0000000000e+00,1.0000000000e+00
g20223,9,0,9,5.0585937500e-01,9.9913202823e-01,1.0000000000e+00,1.0000000000e+00,1.0000000000e+00,1.0000000000e+00
g20250,9,0,9,5.0585937500e-01,9.9913202823e-01,1.0000000000e+00,1.0000000000e+00,1.0000000000e+00,1.0000000000e+00
g20150,100,0,30,1.6054825485e-01,8.2623697717e-01,9.9999997491e-01,1.0000000000e+00,1.0000000000e+00,1.0000000000e+00
g15003,3,0,6,5.7812500000e-01,9.9982141791e-01,1.0000000000e+00,1.0000000000e+00,1.0000000000e+00,1.0000000000e+00
g21303,1,0,3,1.2500000000e-01,7.3692442384e-01,9.9999841217e-01,1.0000000000e+00,1.0000000000e+00,1.0000000000e+00
g20303,2,0,4,1.8750000000e-01,8.7461843207e-01,9.9999999904e-01,1.0000000000e+00,1.0000000000e+00,1.0000000000e+00
g21312,1,0,3,1.2500000000e-01,7.3692442384e-01,9.9999841217e-01,1.0000000000e+00,1.0000000000e+00,1.0000000000e+00
g20312,2,0,4,1.8750000000e-01,8.7461843207e-01,9.9999999904e-01,1.0000000000e+00,1.0000000000e+00,1.0000000000e+00
g21321,1,0,3,1.2500000000e-01,7.3692442384e-01,9.9999841217e-01,1.0000000000e+00,1.0000000000e+00,1.0000000000e+00
g20321,2,0,4,1.8750000000e-01,8.7461843207e-01,9.9999999904e-01,1.0000000000e+00,1.0000000000e+00,1.0000000000e+00
g21330,1,0,3,1.2500000000e-01,7.3692442384e-01,9.9999841217e-01,1.0000000000e+00,1.0000000000e+00,1.0000000000e+00
g20330,2,0,4,1.8750000000e-01,8.7461843207e-01,9.9999999904e-01,1.0000000000e+00,1.0000000000e+00,1.0000000000e+00
g21402,1,0,3,1.2500000000e-01,7.3692442384e-01,9.9999841217e-01,1.0000000000e+00,1.0000000000e+00,1.0000000000e+00
g20402,8,0,7,3.5156250000e-01,9.8685740190e-01,1.0000000000e+00,1.0000000000e+00,1.0000000000e+00,1.0000000000e+00
g21411,1,0,3,1.2500000000e-01,7.3692442384e-01,9.9999841217e-01,1.0000000000e+00,1.0000000000e+00,1.0000000000e+00
g21420,1,0,3,1.2500000000e-01,7.3692442384e-01,9.9999841217e-01,1.0000000000e+00,1.0000000000e+00,1.0000000000e+00
g20411,5,0,8,1.9921875000e-01,8.9157262158e-01,9.9999999978e-01,1.0000000000e+00,1.0000000000e+00,1.0000000000e+00
g20420,2,0,4,1.8750000000e-01,8.7461843207e-01,9.9999999904e-01,1.0000000000e+00,1.0000000000e+00,1.0000000000e+00
g20501,1,0,5,3.1250000000e-02,2.7202384333e-01,9.5820045528e-01,1.0000000000e+00,1.0000000000e+00,1.0000000000e+00
g21104,3,0,13,1.4648437500e-03,1.4552254196e-02,1.3635352663e-01,7.6913396748e-01,9.9999956987e-01,1.0000000000e+00
g20106,1,0,11,4.8828125000e-04,4.8720976218e-03,4.7666556569e-02,3.8639292465e-01,9.9243335102e-01,1.0000000000e+00
g20052,1,0,11,4.8828125000e-04,4.8720976218e-03,4.7666556569e-02,3.8639292465e-01,9.9243335102e-01,1.0000000000e+00
g12312,100,0,14,8.1787109375e-03,7.8841719999e-02,5.6011150654e-01,9.9972871485e-01,1.0000000000e+00,1.0000000000e+00
g12321,100,0,14,1.9714355469e-02,1.8054251207e-01,8.6345862239e-01,9.9999999775e-01,1.0000000000e+00,1.0000000000e+00
g22311,9,0,13,4.1101074219e-01,9.9497572109e-01,1.0000000000e+00,1.0000000000e+00,1.0000000000e+00,1.0000000000e+00
g21222,14,0,8,7.5000000000e-01,9.9999904633e-01,1.0000000000e+00,1.0000000000e+00,1.0000000000e+00,1.0000000000e+00
g21050,2,0,12,1.4648437500e-03,1.4552254196e-02,1.3635352663e-01,7.6913396748e-01,9.9999956987e-01,1.0000000000e+00
g22500,100,0,14,2.5531005859e-01,9.4754886646e-01,1.0000000000e+00,1.0000000000e+00,1.0000000000e+00,1.0000000000e+00
g23012,100,0,59,6.7729647299e-05,6.7709008153e-04,6.7503077267e-03,6.5489055977e-02,4.9202315368e-01,9.9885596536e-01
g23021,100,0,64,9.7993392956e-06,9.7989071851e-05,9.7945874778e-04,9.7515297660e-03,9.3345541277e-02,6.2466590549e-01
g11042,22,0,7,1.2500000000e-01,7.3692442384e-01,9.9999841217e-01,1.0000000000e+00,1.0000000000e+00,1.0000000000e+00
g11105,22,0,7,1.2500000000e-01,7.3692442384e-01,9.9999841217e-01,1.0000000000e+00,1.0000000000e+00,1.0000000000e+00
g20115,1,0,11,4.8828125000e-04,4.8720976218e-03,4.7666556569e-02,3.8639292465e-01,9.9243335102e-01,1.0000000000e+00
g24101,2,0,10,2.9296875000e-03,2.8913638971e-02,2.5427527147e-01,9.4681545513e-01,1.0000000000e+00,1.0000000000e+00
g24110,2,0,10,2.9296875000e-03,2.8913638971e-02,2.5427527147e-01,9.4681545513e-01,1.0000000000e+00,1.0000000000e+00
g24030,2,0,8,3.9062500000e-03,3.8382958384e-02,3.2388353489e-01,9.8003749113e-01,1.0000000000e+00,1.0000000000e+00
g21113,100,0,59,4.1266574313e-02,3.4388692778e-01,9.8521617183e-01,1.0000000000e+00,1.0000000000e+00,1.0000000000e+00
g27000,100,0,27,4.0838241577e-02,3.4094971516e-01,9.8454085322e-01,1.0000000000e+00,1.0000000000e+00,1.0000000000e+00
g22050,100,0,28,1.2655282021e-01,7.4155599110e-01,9.9999867057e-01,1.0000000000e+00,1.0000000000e+00,1.0000000000e+00
g22005,100,0,27,2.5860451162e-02,2.3049445243e-01,9.2720231794e-01,1.0000000000e+00,1.0000000000e+00,1.0000000000e+00
g11051,100,0,12,8.2031250000e-02,5.7510759353e-01,9.9980822601e-01,1.0000000000e+00,1.0000000000e+00,1.0000000000e+00
g11114,100,0,12,8.2031250000e-02,5.7510759353e-01,9.9980822601e-01,1.0000000000e+00,1.0000000000e+00,1.0000000000e+00
g11312,100,0,12,8.2031250000e-02,5.7510759353e-01,9.9980822601e-01,1.0000000000e+00,1.0000000000e+00,1.0000000000e+00
g10052,100,0,59,6.2469660169e-02,4.7536977178e-01,9.9842045100e-01,1.0000000000e+00,1.0000000000e+00,1.0000000000e+00
g10070,100,0,59,7.8071803106e-02,5.5642099803e-01,9.9970507622e-01,1.0000000000e+00,1.0000000000e+00,1.0000000000e+00
g10161,100,0,59,3.1250104425e-02,2.7202462804e-01,9.5820090585e-01,1.0000000000e+00,1.0000000000e+00,1.0000000000e+00
g10214,100,0,59,5.4692309182e-02,4.3018757847e-01,9.9639156303e-01,1.0000000000e+00,1.0000000000e+00,1.0000000000e+00
g10232,100,0,59,5.4704140523e-02,4.3025889139e-01,9.9639607651e-01,1.0000000000e+00,1.0000000000e+00,1.0000000000e+00
g11123,100,0,16,6.2957763672e-02,4.7809474758e-01,9.9850060287e-01,1.0000000000e+00,1.0000000000e+00,1.0000000000e+00
g30006,13,0,16,2.1826171875e-01,9.1476581827e-01,9.9999999998e-01,1.0000000000e+00,1.0000000000e+00,1.0000000000e+00
g11160,100,0,99,3.2019638020e-02,2.7778672662e-01,9.6139401305e-01,1.0000000000e+00,1.0000000000e+00,1.0000000000e+00
g11205,100,0,99,4.2826581337e-02,3.5448506523e-01,9.8743787975e-01,1.0000000000e+00,1.0000000000e+00,1.0000000000e+00
g11222,100,0,99,2.5072092251e-02,2.2424421229e-01,9.2106852033e-01,9.9999999999e-01,1.0000000000e+00,1.0000000000e+00
g30105,100,0,95,5.3909199572e-02,4.2544951548e-01,9.9608003714e-01,1.0000000000e+00,1.0000000000e+00,1.0000000000e+00
g11411,100,0,99,2.6941541456e-02,2.3899182503e-01,9.3485318005e-01,1.0000000000e+00,1.0000000000e+00,1.0000000000e+00
g30114,100,0,99,4.5883334370e-02,3.7480597658e-01,9.9087677938e-01,1.0000000000e+00,1.0000000000e+00,1.0000000000e+00
g30123,61,0,29,3.5906219482e-01,9.8830072665e-01,1.0000000000e+00,1.0000000000e+00,1.0000000000e+00,1.0000000000e+00
g30132,100,0,62,3.5635789870e-01,9.8779762296e-01,1.0000000000e+00,1.0000000000e+00,1.0000000000e+00,1.0000000000e+00
g30222,100,0,91,1.3346928063e-01,7.6130702637e-01,9.9999939966e-01,1.0000000000e+00,1.0000000000e+00,1.0000000000e+00
g30330,100,0,97,2.3039946705e-02,2.0792179538e-01,9.0279678465e-01,9.9999999992e-01,1.0000000000e+00,1.0000000000e+00
g30203,100,0,99,1.1052868491e-01,6.9003013860e-01,9.9999181168e-01,1.0000000000e+00,1.0000000000e+00,1.0000000000e+00
g11025,100,0,99,3.8173675908e-02,3.2241062020e-01,9.7959832126e-01,1.0000000000e+00,1.0000000000e+00,1.0000000000e+00
g30411,100,0,99,1.6106008860e-02,1.4987442333e-01,8.0283454536e-01,9.9999991122e-01,1.0000000000e+00,1.0000000000e+00
g11132,100,0,99,2.2424717143e-02,2.0291961338e-01,8.9648072355e-01,9.9999999986e-01,1.0000000000e+00,1.0000000000e+00
g11151,100,0,99,2.3275778714e-02,2.0983174668e-01,9.0511539151e-01,9.9999999994e-01,1.0000000000e+00,1.0000000000e+00
g11231,100,0,99,1.6101997137e-02,1.4983975972e-01,8.0275413701e-01,9.9999991086e-01,1.0000000000e+00,1.0000000000e+00
g11303,100,0,99,2.6514551297e-02,2.3564582458e-01,9.3193146192e-01,1.0000000000e+00,1.0000000000e+00,1.0000000000e+00
g11321,100,0,99,1.9357222049e-02,1.7755220094e-01,8.5839342221e-01,9.9999999676e-01,1.0000000000e+00,1.0000000000e+00
g20061,100,0,100,4.1987898222e-06,4.1987104888e-05,4.1979172650e-04,4.1899960066e-03,4.1118699853e-02,3.4287424028e-01
g14301,3,0,6,5.7812500000e-01,9.9982141791e-01,1.0000000000e+00,1.0000000000e+00,1.0000000000e+00,1.0000000000e+00
g22401,100,0,60,3.6295278984e-03,3.5708174043e-02,3.0483987315e-01,9.7364587886e-01,1.0000000000e+00,1.0000000000e+00
g11331,100,0,9,1.9531250000e-01,8.8616585483e-01,9.9999999963e-01,1.0000000000e+00,1.0000000000e+00,1.0000000000e+00
g11330,100,0,9,1.9531250000e-01,8.8616585483e-01,9.9999999963e-01,1.0000000000e+00,1.0000000000e+00,1.0000000000e+00
g12510,100,0,78,3.7333840077e-01,9.9066034516e-01,1.0000000000e+00,1.0000000000e+00,1.0000000000e+00,1.0000000000e+00
g13401,9,0,19,1.8157958984e-03,1.8010304969e-02,1.6618576848e-01,8.3755998018e-01,9.9999998721e-01,1.0000000000e+00
g13310,65,0,59,2.3582458496e-02,2.1230927833e-01,9.0804882171e-01,9.9999999996e-01,1.0000000000e+00,1.0000000000e+00
g15210,100,0,31,2.8915634751e-01,9.6705868764e-01,1.0000000000e+00,1.0000000000e+00,1.0000000000e+00,1.0000000000e+00
g21230,100,0,90,1.4158027680e-02,1.3289229878e-01,7.5971291201e-01,9.9999935834e-01,1.0000000000e+00,1.0000000000e+00
g22013,100,0,31,8.2881927490e-02,5.7902867305e-01,9.9982520655e-01,1.0000000000e+00,1.0000000000e+00,1.0000000000e+00
g14102,100,0,77,2.0199060868e-08,2.0199059032e-07,2.0199040672e-06,2.0198857073e-05,2.0197021199e-04,2.0178674698e-03
g24002,100,0,48,8.4639495619e-03,8.1487460156e-02,5.7258387939e-01,9.9979652597e-01,1.0000000000e+00,1.0000000000e+00
g24003,100,0,48,5.5916612556e-03,5.4530388147e-02,4.2921079844e-01,9.9632922738e-01,1.0000000000e+00,1.0000000000e+00
g24012,100,0,50,5.2100792475e-03,5.0896088307e-02,4.0688674029e-01,9.9461263584e-01,1.0000000000e+00,1.0000000000e+00
g16020,100,0,59,4.2116688376e-02,3.4968155833e-01,9.8647115570e-01,1.0000000000e+00,1.0000000000e+00,1.0000000000e+00
g20016,100,0,27,9.9119573832e-02,6.4789555384e-01,9.9997071029e-01,1.0000000000e+00,1.0000000000e+00,1.0000000000e+00
g20124,100,0,27,1.0232786834e-01,6.6023594855e-01,9.9997949904e-01,1.0000000000e+00,1.0000000000e+00,1.0000000000e+00
II23123_II23125_B,100,0,100,1.1675369646e-09,1.1675369585e-08,1.1675368971e-07,1.1675362837e-06,1.1675301496e-05,1.1674688108e-04
II24500_II24502_B,100,0,52,3.3811253131e-08,3.3811247986e-07,3.3811196542e-06,3.3810682108e-05,3.3805538342e-04,3.3754158026e-03
g10810,100,0,59,1.2141282470e-07,1.2141275836e-06,1.2141209502e-05,1.2140546183e-04,1.2133915651e-03,1.2067875217e-02
g10801,100,0,62,3.8639348079e-07,3.8639280894e-06,3.8638609054e-05,3.8631891507e-04,3.8564801609e-03,3.7902378240e-02
g10009,100,0,98,1.1257124712e-09,1.1257124655e-08,1.1257124085e-07,1.1257118382e-06,1.1257061357e-05,1.1256491128e-04
g10045,56,0,18,2.4032592773e-04,2.4006618975e-03,2.3748929283e-02,2.1365119336e-01,9.0960335331e-01,9.9999999996e-01
g10063,56,0,18,2.4032592773e-04,2.4006618975e-03,2.3748929283e-02,2.1365119336e-01,9.0960335331e-01,9.9999999996e-01
g10081,60,0,18,2.4032592773e-04,2.4006618975e-03,2.3748929283e-02,2.1365119336e-01,9.0960335331e-01,9.9999999996e-01
g10153,100,0,98,1.1873301199e-09,1.1873301135e-08,1.1873300501e-07,1.1873294157e-06,1.1873230718e-05,1.1872596357e-04
g10207,100,0,100,1.5374548861e-09,1.5374548754e-08,1.5374547691e-07,1.5374537054e-06,1.5374430685e-05,1.5373367049e-04
g10306,100,0,52,5.8283505059e-03,5.6778387743e-02,4.4263790118e-01,9.9710682749e-01,1.0000000000e+00,1.0000000000e+00
g10324,100,0,90,1.7669464785e-09,1.7669464644e-08,1.7669463239e-07,1.7669449190e-06,1.7669308696e-05,1.7667903842e-04
g10450,68,0,48,2.1968969805e-03,2.1753051251e-02,1.9742612319e-01,8.8912077120e-01,9.9999999972e-01,1.0000000000e+00
g10540,100,0,68,3.6031113839e-03,3.5452483323e-02,3.0299439207e-01,9.7293782343e-01,1.0000000000e+00,1.0000000000e+00
g15201,2,0,6,3.1250000000e-02,2.7202384333e-01,9.5820045528e-01,1.0000000000e+00,1.0000000000e+00,1.0000000000e+00
g16201,100,0,56,8.6144950728e-08,8.6144917334e-07,8.6144583392e-06,8.6141244069e-05,8.6107860325e-04,8.5774969952e-03
g21142,100,0,52,7.5829328150e-08,7.5829302275e-07,7.5829043521e-06,7.5826456054e-05,7.5800587854e-04,7.5542551986e-03
g20134,1,0,11,4.8828125000e-04,4.8720976218e-03,4.7666556569e-02,3.8639292465e-01,9.9243335102e-01,1.0000000000e+00
g20161,1,0,11,4.8828125000e-04,4.8720976218e-03,4.7666556569e-02,3.8639292465e-01,9.9243335102e-01,1.0000000000e+00
g22500,2,0,14,1.2207031250e-04,1.2200327910e-03,1.2133563764e-02,1.1492046122e-01,7.0499932570e-01,9.9999500851e-01
g23410,100,0,56,2.0418738131e-06,2.0418550516e-05,2.0416674491e-04,2.0397926873e-03,2.0211707756e-02,1.8469058687e-01
g20007,100,0,56,3.8560579085e-07,3.8560512174e-06,3.8559843070e-05,3.8553152881e-04,3.8486336047e-03,3.7826591765e-02
g20043,100,0,56,4.1633225578e-07,4.1633147579e-06,4.1632367594e-05,4.1624568816e-04,4.1546688083e-03,4.0778474328e-02
g24103,100,0,73,3.6971602446e-09,3.6971601831e-08,3.6971595680e-07,3.6971534170e-06,3.6970919073e-05,3.6964768860e-04
g17020,100,0,90,1.0819498908e-09,1.0819498855e-08,1.0819498329e-07,1.0819493061e-06,1.0819440383e-05,1.0818913627e-04
g20116,100,0,49,9.6804797067e-08,9.6804754897e-07,9.6804333196e-06,9.6800116319e-05,9.6757961021e-04,9.6337751576e-03
g14032,100,0,94,2.3890655153e-09,2.3890654896e-08,2.3890652328e-07,2.3890626643e-06,2.3890369802e-05,2.3887801592e-04
g14221,100,0,100,3.5650457586e-09,3.5650457014e-08,3.5650451295e-07,3.5650394102e-06,3.5649822180e-05,3.5644103629e-04
g14320,100,0,97,1.1183135675e-09,1.1183135619e-08,1.1183135056e-07,1.1183129428e-06,1.1183073150e-05,1.1182510392e-04
g20124,100,0,27,3.9664655924e-04,3.9593932935e-03,3.8895874254e-02,3.2748122138e-01,9.8107463973e-01,1.0000000000e+00
g21610,2,0,13,3.6621093750e-04,3.6560802945e-03,3.5965118512e-02,3.0668997208e-01,9.7433892665e-01,1.0000000000e+00
g3018_II20100_B,100,0,172,4.8775641068e-04,4.8668722355e-03,4.7616548648e-02,3.8607063768e-01,9.9239351439e-01,1.0000000000e+00
g6974_g16989_A,1,0,2,2.5000000000e-01,9.4368648529e-01,1.0000000000e+00,1.0000000000e+00,1.0000000000e+00,1.0000000000e+00
g9787_g23859_B,11,0,21,1.2994146347e-01,7.5140938755e-01,9.9999909875e-01,1.0000000000e+00,1.0000000000e+00,1.0000000000e+00
g7769_g28398_A,100,0,65,3.5482600269e-01,9.8750407082e-01,1.0000000000e+00,1.0000000000e+00,1.0000000000e+00,1.0000000000e+00
g8391_g29989_B,100,0,77,2.0300518990e-02,1.8542930877e-01,8.7138613236e-01,9.9999999876e-01,1.0000000000e+00,1.0000000000e+00
II20504_II20506_B,100,0,9,1.9531250000e-01,8.8616585483e-01,9.9999999963e-01,1.0000000000e+00,1.0000000000e+00,1.0000000000e+00
II24005_II24007_B,100,0,9,1.9531250000e-01,8.8616585483e-01,9.9999999963e-01,1.0000000000e+00,1.0000000000e+00,1.0000000000e+00
II24131_II24133_B,100,0,100,3.1257138559e-08,3.1257134162e-07,3.1257090197e-06,3.1256650548e-05,3.1252254513e-04,3.1208339468e-03
g26020,11,0,12,2.5000000000e-01,9.4368648529e-01,1.0000000000e+00,1.0000000000e+00,1.0000000000e+00,1.0000000000e+00
g20610,2,0,3,5.0000000000e-01,9.9902343750e-01,1.0000000000e+00,1.0000000000e+00,1.0000000000e+00,1.0000000000e+00
g20611,2,0,3,5.0000000000e-01,9.9902343750e-01,1.0000000000e+00,1.0000000000e+00,1.0000000000e+00,1.0000000000e+00
g20620,3,0,3,5.0000000000e-01,9.9902343750e-01,1.0000000000e+00,1.0000000000e+00,1.0000000000e+00,1.0000000000e+00
g30510,100,0,99,2.6825098220e-01,9.5598289439e-01,1.0000000000e+00,1.0000000000e+00,1.0000000000e+00,1.0000000000e+00
g30511,100,0,84,3.2060223118e-01,9.7904724365e-01,1.0000000000e+00,1.0000000000e+00,1.0000000000e+00,1.0000000000e+00
g30520,100,0,93,2.8025116228e-01,9.6269133387e-01,1.0000000000e+00,1.0000000000e+00,1.0000000000e+00,1.0000000000e+00
g11511,1,0,1,5.0000000000e-01,9.9902343750e-01,1.0000000000e+00,1.0000000000e+00,1.0000000000e+00,1.0000000000e+00
g11502,1,0,1,5.0000000000e-01,9.9902343750e-01,1.0000000000e+00,1.0000000000e+00,1.0000000000e+00,1.0000000000e+00
g11503,1,0,1,5.0000000000e-01,9.9902343750e-01,1.0000000000e+00,1.0000000000e+00,1.0000000000e+00,1.0000000000e+00
g11512,1,0,1,5.0000000000e-01,9.9902343750e-01,1.0000000000e+00,1.0000000000e+00,1.0000000000e+00,1.0000000000e+00
g13410,1,0,1,5.0000000000e-01,9.9902343750e-01,1.0000000000e+00,1.0000000000e+00,1.0000000000e+00,1.0000000000e+00
g13411,1,0,1,5.0000000000e-01,9.9902343750e-01,1.0000000000e+00,1.0000000000e+00,1.0000000000e+00,1.0000000000e+00
g13420,1,0,1,5.0000000000e-01,9.9902343750e-01,1.0000000000e+00,1.0000000000e+00,1.0000000000e+00,1.0000000000e+00
g24300,3,0,4,5.0000000000e-01,9.9902343750e-01,1.0000000000e+00,1.0000000000e+00,1.0000000000e+00,1.0000000000e+00
g24301,4,0,4,5.0000000000e-01,9.9902343750e-01,1.0000000000e+00,1.0000000000e+00,1.0000000000e+00,1.0000000000e+00
g24310,4,0,4,5.0000000000e-01,9.9902343750e-01,1.0000000000e+00,1.0000000000e+00,1.0000000000e+00,1.0000000000e+00
g11520,1,0,1,5.0000000000e-01,9.9902343750e-01,1.0000000000e+00,1.0000000000e+00,1.0000000000e+00,1.0000000000e+00
g11521,1,0,1,5.0000000000e-01,9.9902343750e-01,1.0000000000e+00,1.0000000000e+00,1.0000000000e+00,1.0000000000e+00
g11530,1,0,1,5.0000000000e-01,9.9902343750e-01,1.0000000000e+00,1.0000000000e+00,1.0000000000e+00,1.0000000000e+00
g23202,5,0,6,5.0000000000e-01,9.9902343750e-01,1.0000000000e+00,1.0000000000e+00,1.0000000000e+00,1.0000000000e+00
g23203,6,0,6,5.0000000000e-01,9.9902343750e-01,1.0000000000e+00,1.0000000000e+00,1.0000000000e+00,1.0000000000e+00
g23211,5,0,6,5.0000000000e-01,9.9902343750e-01,1.0000000000e+00,1.0000000000e+00,1.0000000000e+00,1.0000000000e+00
g23212,6,0,6,5.0000000000e-01,9.9902343750e-01,1.0000000000e+00,1.0000000000e+00,1.0000000000e+00,1.0000000000e+00
g23220,5,0,6,5.0000000000e-01,9.9902343750e-01,1.0000000000e+00,1.0000000000e+00,1.0000000000e+00,1.0000000000e+00
g23221,6,0,6,5.0000000000e-01,9.9902343750e-01,1.0000000000e+00,1.0000000000e+00,1.0000000000e+00,1.0000000000e+00
g23230,17,0,9,4.8046875000e-01,9.9856742702e-01,1.0000000000e+00,1.0000000000e+00,1.0000000000e+00,1.0000000000e+00
g26001,8,0,8,5.0390625000e-01,9.9909710436e-01,1.0000000000e+00,1.0000000000e+00,1.0000000000e+00,1.0000000000e+00
g26002,3,0,3,5.0000000000e-01,9.9902343750e-01,1.0000000000e+00,1.0000000000e+00,1.0000000000e+00,1.0000000000e+00
g24400,4,0,4,5.0000000000e-01,9.9902343750e-01,1.0000000000e+00,1.0000000000e+00,1.0000000000e+00,1.0000000000e+00
g26010,8,0,8,5.0390625000e-01,9.9909710436e-01,1.0000000000e+00,1.0000000000e+00,1.0000000000e+00,1.0000000000e+00
g30322,14,0,16,4.9804687500e-01,9.9898461294e-01,1.0000000000e+00,1.0000000000e+00,1.0000000000e+00,1.0000000000e+00
g30321,9,0,16,5.0195312500e-01,9.9906092086e-01,1.0000000000e+00,1.0000000000e+00,1.0000000000e+00,1.0000000000e+00
g26011,2,0,3,5.0000000000e-01,9.9902343750e-01,1.0000000000e+00,1.0000000000e+00,1.0000000000e+00,1.0000000000e+00
g23301,5,0,6,5.0000000000e-01,9.9902343750e-01,1.0000000000e+00,1.0000000000e+00,1.0000000000e+00,1.0000000000e+00
g23302,6,0,6,5.0000000000e-01,9.9902343750e-01,1.0000000000e+00,1.0000000000e+00,1.0000000000e+00,1.0000000000e+00
g23310,5,0,9,5.1953125000e-01,9.9934438111e-01,1.0000000000e+00,1.0000000000e+00,1.0000000000e+00,1.0000000000e+00
g23311,18,0,9,4.8046875000e-01,9.9856742702e-01,1.0000000000e+00,1.0000000000e+00,1.0000000000e+00,1.0000000000e+00
g20601,2,0,3,5.0000000000e-01,9.9902343750e-01,1.0000000000e+00,1.0000000000e+00,1.0000000000e+00,1.0000000000e+00
g20602,2,0,3,5.0000000000e-01,9.9902343750e-01,1.0000000000e+00,1.0000000000e+00,1.0000000000e+00,1.0000000000e+00
g105,1,0,1,5.0000000000e-01,9.9902343750e-01,1.0000000000e+00,1.0000000000e+00,1.0000000000e+00,1.0000000000e+00
g113,1,0,1,5.0000000000e-01,9.9902343750e-01,1.0000000000e+00,1.0000000000e+00,1.0000000000e+00,1.0000000000e+00
g2,1,0,1,5.0000000000e-01,9.9902343750e-01,1.0000000000e+00,1.0000000000e+00,1.0000000000e+00,1.0000000000e+00
g510,100,0,66,4.4214925915e-01,9.9708136261e-01,1.0000000000e+00,1.0000000000e+00,1.0000000000e+00,1.0000000000e+00
g10711,100,0,109,3.1194354231e-02,2.7160557994e-01,9.5795967142e-01,1.0000000000e+00,1.0000000000e+00,1.0000000000e+00
g10252,8,0,4,5.6250000000e-01,9.9974309026e-01,1.0000000000e+00,1.0000000000e+00,1.0000000000e+00,1.0000000000e+00
g12024,1,0,3,1.2500000000e-01,7.3692442384e-01,9.9999841217e-01,1.0000000000e+00,1.0000000000e+00,1.0000000000e+00
g20008,2,0,6,1.5625000000e-02,1.4570915024e-01,7.9295843252e-01,9.9999985526e-01,1.0000000000e+00,1.0000000000e+00
g20025,100,0,99,1.2710861590e-01,7.4319583210e-01,9.9999875256e-01,1.0000000000e+00,1.0000000000e+00,1.0000000000e+00
g21502,3,0,4,3.7500000000e-01,9.9090505298e-01,1.0000000000e+00,1.0000000000e+00,1.0000000000e+00,1.0000000000e+00
g21331,3,0,4,3.7500000000e-01,9.9090505298e-01,1.0000000000e+00,1.0000000000e+00,1.0000000000e+00,1.0000000000e+00
g20700,2,0,7,7.8125000000e-03,7.5434863403e-02,5.4356900259e-01,9.9960757984e-01,1.0000000000e+00,1.0000000000e+00
g21204,100,0,98,2.4763834246e-02,2.2178789256e-01,9.1853335472e-01,9.9999999999e-01,1.0000000000e+00,1.0000000000e+00
g23140,2,0,2,7.5000000000e-01,9.9999904633e-01,1.0000000000e+00,1.0000000000e+00,1.0000000000e+00,1.0000000000e+00
g231,100,0,115,2.9779387428e-01,9.7084949134e-01,1.0000000000e+00,1.0000000000e+00,1.0000000000e+00,1.0000000000e+00
g240,100,0,115,2.9397711303e-01,9.6922572736e-01,1.0000000000e+00,1.0000000000e+00,1.0000000000e+00,1.0000000000e+00
g204,100,0,93,2.7807174302e-01,9.6154609858e-01,1.0000000000e+00,1.0000000000e+00,1.0000000000e+00,1.0000000000e+00
g411,100,0,34,3.2665478619e-01,9.8084078219e-01,1.0000000000e+00,1.0000000000e+00,1.0000000000e+00,1.0000000000e+00
g420,5,0,6,3.9062500000e-01,9.9293932323e-01,1.0000000000e+00,1.0000000000e+00,1.0000000000e+00,1.0000000000e+00
g10036,100,0,70,3.0590494417e-05,3.0586283758e-04,3.0544219642e-03,3.0127793767e-02,2.6354682524e-01,9.5306991001e-01
g10108,4,0,6,1.4062500000e-01,7.8030146796e-01,9.9999973802e-01,1.0000000000e+00,1.0000000000e+00,1.0000000000e+00
g10117,100,0,97,1.3404042461e-09,1.3404042381e-08,1.3404041572e-07,1.3404033487e-06,1.3403952637e-05,1.3403144169e-04
g10144,100,0,70,6.8753814948e-05,6.8732546956e-04,6.8520348797e-03,6.6445727159e-02,4.9719948902e-01,9.9896734060e-01
g10171,100,0,31,7.0336245466e-02,5.1776470723e-01,9.9931987316e-01,1.0000000000e+00,1.0000000000e+00,1.0000000000e+00
g10225,4,0,6,1.4062500000e-01,7.8030146796e-01,9.9999973802e-01,1.0000000000e+00,1.0000000000e+00,1.0000000000e+00
g10261,4,0,6,1.4062500000e-01,7.8030146796e-01,9.9999973802e-01,1.0000000000e+00,1.0000000000e+00,1.0000000000e+00
g10270,100,0,70,1.0012372862e-07,1.0012368351e-06,1.0012323240e-05,1.0011872142e-04,1.0007362655e-03,9.9624164214e-03
g10315,4,0,6,1.4062500000e-01,7.8030146796e-01,9.9999973802e-01,1.0000000000e+00,1.0000000000e+00,1.0000000000e+00
g10351,100,0,70,4.5910581677e-05,4.5901097822e-04,4.5806402795e-03,4.4873642371e-02,3.6815827796e-01,9.8985894822e-01
g10360,4,0,6,1.4062500000e-01,7.8030146796e-01,9.9999973802e-01,1.0000000000e+00,1.0000000000e+00,1.0000000000e+00
g10405,4,0,6,1.4062500000e-01,7.8030146796e-01,9.9999973802e-01,1.0000000000e+00,1.0000000000e+00,1.0000000000e+00
g10414,100,0,70,8.4749354864e-08,8.4749322543e-07,8.4748999333e-06,8.4745767330e-05,8.4713456329e-04,8.4391248135e-03
g10423,100,0,27,1.3910643756e-02,1.3071394870e-01,7.5360771267e-01,9.9999917535e-01,1.0000000000e+00,1.0000000000e+00
g10432,4,0,6,1.4062500000e-01,7.8030146796e-01,9.9999973802e-01,1.0000000000e+00,1.0000000000e+00,1.0000000000e+00
g10441,4,0,6,1.4062500000e-01,7.8030146796e-01,9.9999973802e-01,1.0000000000e+00,1.0000000000e+00,1.0000000000e+00
g10513,100,0,70,2.9227878485e-04,2.9189466332e-03,2.8809024334e-02,2.5347151646e-01,9.4623943463e-01,1.0000000000e+00
g10522,100,0,81,8.6990120834e-08,8.6990086781e-07,8.6989746255e-06,8.6986341087e-05,8.6952299178e-04,8.6612855278e-03
g10531,4,0,6,1.4062500000e-01,7.8030146796e-01,9.9999973802e-01,1.0000000000e+00,1.0000000000e+00,1.0000000000e+00
g10612,4,0,6,1.4062500000e-01,7.8030146796e-01,9.9999973802e-01,1.0000000000e+00,1.0000000000e+00,1.0000000000e+00
g10630,100,0,27,1.3847060502e-02,1.3015326850e-01,7.5201388827e-01,9.9999912042e-01,1.0000000000e+00,1.0000000000e+00
g213,100,0,114,2.8433580423e-01,9.6475537430e-01,1.0000000000e+00,1.0000000000e+00,1.0000000000e+00,1.0000000000e+00
g222,100,0,115,2.9367628131e-01,9.6909434850e-01,1.0000000000e+00,1.0000000000e+00,1.0000000000e+00,1.0000000000e+00
g11431,100,0,114,3.4056712711e-02,2.9284227895e-01,9.6872748025e-01,1.0000000000e+00,1.0000000000e+00,1.0000000000e+00
g12070,1,0,2,2.5000000000e-01,9.4368648529e-01,1.0000000000e+00,1.0000000000e+00,1.0000000000e+00,1.0000000000e+00
g12331,1,0,2,2.5000000000e-01,9.4368648529e-01,1.0000000000e+00,1.0000000000e+00,1.0000000000e+00,1.0000000000e+00
g13042,1,0,2,2.5000000000e-01,9.4368648529e-01,1.0000000000e+00,1.0000000000e+00,1.0000000000e+00,1.0000000000e+00
g11170,100,0,12,1.5185546875e-01,8.0738120509e-01,9.9999992969e-01,1.0000000000e+00,1.0000000000e+00,1.0000000000e+00
g11404,100,0,16,1.2738037109e-01,7.4399421526e-01,9.9999879080e-01,1.0000000000e+00,1.0000000000e+00,1.0000000000e+00
g12222,7,0,15,6.3476562500e-02,4.8097711748e-01,9.9858138335e-01,1.0000000000e+00,1.0000000000e+00,1.0000000000e+00
g12600,1,0,3,1.2500000000e-01,7.3692442384e-01,9.9999841217e-01,1.0000000000e+00,1.0000000000e+00,1.0000000000e+00
g14023,1,0,2,2.5000000000e-01,9.4368648529e-01,1.0000000000e+00,1.0000000000e+00,1.0000000000e+00,1.0000000000e+00
g14113,1,0,2,2.5000000000e-01,9.4368648529e-01,1.0000000000e+00,1.0000000000e+00,1.0000000000e+00,1.0000000000e+00
g14131,1,0,2,2.5000000000e-01,9.4368648529e-01,1.0000000000e+00,1.0000000000e+00,1.0000000000e+00,1.0000000000e+00
g14212,1,0,2,2.5000000000e-01,9.4368648529e-01,1.0000000000e+00,1.0000000000e+00,1.0000000000e+00,1.0000000000e+00
g15031,1,0,2,2.5000000000e-01,9.4368648529e-01,1.0000000000e+00,1.0000000000e+00,1.0000000000e+00,1.0000000000e+00
g12601,2,0,3,2.5000000000e-01,9.4368648529e-01,1.0000000000e+00,1.0000000000e+00,1.0000000000e+00,1.0000000000e+00
g13203,100,0,34,7.3942212155e-02,5.3614645114e-01,9.9953888544e-01,1.0000000000e+00,1.0000000000e+00,1.0000000000e+00
g13212,55,0,22,1.3225960732e-01,7.5795387172e-01,9.9999930979e-01,1.0000000000e+00,1.0000000000e+00,1.0000000000e+00
g13221,55,0,22,1.3225960732e-01,7.5795387172e-01,9.9999930979e-01,1.0000000000e+00,1.0000000000e+00,1.0000000000e+00
g16003,1,0,2,2.5000000000e-01,9.4368648529e-01,1.0000000000e+00,1.0000000000e+00,1.0000000000e+00,1.0000000000e+00
g16030,1,0,2,2.5000000000e-01,9.4368648529e-01,1.0000000000e+00,1.0000000000e+00,1.0000000000e+00,1.0000000000e+00
g16102,1,0,2,2.5000000000e-01,9.4368648529e-01,1.0000000000e+00,1.0000000000e+00,1.0000000000e+00,1.0000000000e+00
g16111,1,0,2,2.5000000000e-01,9.4368648529e-01,1.0000000000e+00,1.0000000000e+00,1.0000000000e+00,1.0000000000e+00
g11017,2,0,3,2.5000000000e-01,9.4368648529e-01,1.0000000000e+00,1.0000000000e+00,1.0000000000e+00,1.0000000000e+00
g16300,1,0,2,2.5000000000e-01,9.4368648529e-01,1.0000000000e+00,1.0000000000e+00,1.0000000000e+00,1.0000000000e+00
g12051,100,0,99,1.8933344346e-02,1.7399029063e-01,8.5213972048e-01,9.9999999501e-01,1.0000000000e+00,1.0000000000e+00
g12105,5,0,11,6.6406250000e-02,4.9698682958e-01,9.9896296464e-01,1.0000000000e+00,1.0000000000e+00,1.0000000000e+00
g12150,100,0,98,9.9182437519e-04,9.8740934281e-03,9.4467088268e-02,6.2928309185e-01,9.9995097428e-01,1.0000000000e+00
g17001,70,0,17,9.9121856689e-01,1.0000000000e+00,1.0000000000e+00,1.0000000000e+00,1.0000000000e+00,1.0000000000e+00
g17100,70,0,17,9.9121856689e-01,1.0000000000e+00,1.0000000000e+00,1.0000000000e+00,1.0000000000e+00,1.0000000000e+00
g14230,100,0,58,3.4694469520e-16,3.4694469520e-15,3.4694469520e-14,3.4694469520e-13,3.4694469519e-12,3.4694469519e-11
g16002,1,0,3,1.2500000000e-01,7.3692442384e-01,9.9999841217e-01,1.0000000000e+00,1.0000000000e+00,1.0000000000e+00
g15040,19,0,6,4.6875000000e-01,9.9820943772e-01,1.0000000000e+00,1.0000000000e+00,1.0000000000e+00,1.0000000000e+00
g16011,4,0,5,2.8125000000e-01,9.6320586674e-01,1.0000000000e+00,1.0000000000e+00,1.0000000000e+00,1.0000000000e+00
g15112,19,0,6,4.6875000000e-01,9.9820943772e-01,1.0000000000e+00,1.0000000000e+00,1.0000000000e+00,1.0000000000e+00
g15130,4,0,5,9.3750000000e-02,6.2633691437e-01,9.9994693576e-01,1.0000000000e+00,1.0000000000e+00,1.0000000000e+00
g20044,4,0,6,3.5937500000e-01,9.8835769889e-01,1.0000000000e+00,1.0000000000e+00,1.0000000000e+00,1.0000000000e+00
g20503,1,0,3,1.2500000000e-01,7.3692442384e-01,9.9999841217e-01,1.0000000000e+00,1.0000000000e+00,1.0000000000e+00
g20512,2,0,3,3.7500000000e-01,9.9090505298e-01,1.0000000000e+00,1.0000000000e+00,1.0000000000e+00,1.0000000000e+00
g12142,45,0,8,2.5000000000e-01,9.4368648529e-01,1.0000000000e+00,1.0000000000e+00,1.0000000000e+00,1.0000000000e+00
g12204,30,0,8,2.5000000000e-01,9.4368648529e-01,1.0000000000e+00,1.0000000000e+00,1.0000000000e+00,1.0000000000e+00
g20223,24,0,9,3.6914062500e-01,9.9001551627e-01,1.0000000000e+00,1.0000000000e+00,1.0000000000e+00,1.0000000000e+00
g20250,24,0,9,3.6914062500e-01,9.9001551627e-01,1.0000000000e+00,1.0000000000e+00,1.0000000000e+00,1.0000000000e+00
g12412,45,0,8,2.5000000000e-01,9.4368648529e-01,1.0000000000e+00,1.0000000000e+00,1.0000000000e+00,1.0000000000e+00
g12421,30,0,8,2.5000000000e-01,9.4368648529e-01,1.0000000000e+00,1.0000000000e+00,1.0000000000e+00,1.0000000000e+00
g20242,24,0,9,3.6914062500e-01,9.9001551627e-01,1.0000000000e+00,1.0000000000e+00,1.0000000000e+00,1.0000000000e+00
g15003,8,0,6,4.2187500000e-01,9.9582921790e-01,1.0000000000e+00,1.0000000000e+00,1.0000000000e+00,1.0000000000e+00
g21304,1,0,3,1.2500000000e-01,7.3692442384e-01,9.9999841217e-01,1.0000000000e+00,1.0000000000e+00,1.0000000000e+00
g20304,2,0,4,1.8750000000e-01,8.7461843207e-01,9.9999999904e-01,1.0000000000e+00,1.0000000000e+00,1.0000000000e+00
g21313,1,0,3,1.2500000000e-01,7.3692442384e-01,9.9999841217e-01,1.0000000000e+00,1.0000000000e+00,1.0000000000e+00
g20313,2,0,4,1.8750000000e-01,8.7461843207e-01,9.9999999904e-01,1.0000000000e+00,1.0000000000e+00,1.0000000000e+00
g21322,1,0,3,1.2500000000e-01,7.3692442384e-01,9.9999841217e-01,1.0000000000e+00,1.0000000000e+00,1.0000000000e+00
g20322,2,0,4,1.8750000000e-01,8.7461843207e-01,9.9999999904e-01,1.0000000000e+00,1.0000000000e+00,1.0000000000e+00
g20331,2,0,4,1.8750000000e-01,8.7461843207e-01,9.9999999904e-01,1.0000000000e+00,1.0000000000e+00,1.0000000000e+00
g21340,1,0,3,1.2500000000e-01,7.3692442384e-01,9.9999841217e-01,1.0000000000e+00,1.0000000000e+00,1.0000000000e+00
g20340,2,0,4,1.8750000000e-01,8.7461843207e-01,9.9999999904e-01,1.0000000000e+00,1.0000000000e+00,1.0000000000e+00
g21403,3,0,7,1.7968750000e-01,8.6202725835e-01,9.9999999750e-01,1.0000000000e+00,1.0000000000e+00,1.0000000000e+00
g20403,2,0,4,1.8750000000e-01,8.7461843207e-01,9.9999999904e-01,1.0000000000e+00,1.0000000000e+00,1.0000000000e+00
g21412,1,0,3,1.2500000000e-01,7.3692442384e-01,9.9999841217e-01,1.0000000000e+00,1.0000000000e+00,1.0000000000e+00
g21421,3,0,7,1.7968750000e-01,8.6202725835e-01,9.9999999750e-01,1.0000000000e+00,1.0000000000e+00,1.0000000000e+00
g20412,5,0,8,1.9921875000e-01,8.9157262158e-01,9.9999999978e-01,1.0000000000e+00,1.0000000000e+00,1.0000000000e+00
g20430,5,0,8,1.9921875000e-01,8.9157262158e-01,9.9999999978e-01,1.0000000000e+00,1.0000000000e+00,1.0000000000e+00
g22015,1,0,2,2.5000000000e-01,9.4368648529e-01,1.0000000000e+00,1.0000000000e+00,1.0000000000e+00,1.0000000000e+00
g20107,1,0,11,4.8828125000e-04,4.8720976218e-03,4.7666556569e-02,3.8639292465e-01,9.9243335102e-01,1.0000000000e+00
g21105,3,0,13,1.4648437500e-03,1.4552254196e-02,1.3635352663e-01,7.6913396748e-01,9.9999956987e-01,1.0000000000e+00
g20053,2,0,12,7.3242187500e-04,7.3001259567e-03,7.0649220058e-02,5.1938571216e-01,9.9934239247e-01,1.0000000000e+00
g12312,100,0,14,2.1105957031e-01,9.0657951386e-01,9.9999999995e-01,1.0000000000e+00,1.0000000000e+00,1.0000000000e+00
g12321,100,0,14,2.2711181641e-01,9.2393818651e-01,9.9999999999e-01,1.0000000000e+00,1.0000000000e+00,1.0000000000e+00
g12340,100,0,14,4.7180175781e-02,3.8325186582e-01,9.9203696833e-01,1.0000000000e+00,1.0000000000e+00,1.0000000000e+00
g22312,18,0,13,4.4421386719e-01,9.9718760015e-01,1.0000000000e+00,1.0000000000e+00,1.0000000000e+00,1.0000000000e+00
g21214,14,0,8,7.5000000000e-01,9.9999904633e-01,1.0000000000e+00,1.0000000000e+00,1.0000000000e+00,1.0000000000e+00
g21222,10,0,7,2.4218750000e-01,9.3753774684e-01,1.0000000000e+00,1.0000000000e+00,1.0000000000e+00,1.0000000000e+00
g21700,100,0,54,7.6504395111e-05,7.6478062332e-04,7.6215398158e-03,7.3653868184e-02,5.3470013823e-01,9.9952430429e-01
g22600,100,0,14,2.5531005859e-01,9.4754886646e-01,1.0000000000e+00,1.0000000000e+00,1.0000000000e+00,1.0000000000e+00
g23031,12,0,9,3.6914062500e-01,9.9001551627e-01,1.0000000000e+00,1.0000000000e+00,1.0000000000e+00,1.0000000000e+00
g10090,100,0,22,1.2628960609e-01,7.4077611070e-01,9.9999862991e-01,1.0000000000e+00,1.0000000000e+00,1.0000000000e+00
g23103,11,0,13,2.4987792969e-01,9.4359476202e-01,1.0000000000e+00,1.0000000000e+00,1.0000000000e+00,1.0000000000e+00
g23112,100,0,56,7.6736658684e-05,7.6710165789e-04,7.6445906510e-03,7.3869016145e-02,5.3577968885e-01,9.9953522647e-01
g22014,3,0,6,1.5625000000e-01,8.1713193967e-01,9.9999995818e-01,1.0000000000e+00,1.0000000000e+00,1.0000000000e+00
g24102,48,0,17,4.6863555908e-01,9.9820557679e-01,1.0000000000e+00,1.0000000000e+00,1.0000000000e+00,1.0000000000e+00
g24111,48,0,17,4.6863555908e-01,9.9820557679e-01,1.0000000000e+00,1.0000000000e+00,1.0000000000e+00,1.0000000000e+00
g24030,15,0,9,4.9414062500e-01,9.9890276910e-01,1.0000000000e+00,1.0000000000e+00,1.0000000000e+00,1.0000000000e+00
g25102,3,0,5,3.1250000000e-01,9.7641004975e-01,1.0000000000e+00,1.0000000000e+00,1.0000000000e+00,1.0000000000e+00
g25300,15,0,10,4.7558593750e-01,9.9842694723e-01,1.0000000000e+00,1.0000000000e+00,1.0000000000e+00,1.0000000000e+00
g25110,16,0,11,3.7353515625e-01,9.9068962785e-01,1.0000000000e+00,1.0000000000e+00,1.0000000000e+00,1.0000000000e+00
g24211,3,0,6,9.3750000000e-02,6.2633691437e-01,9.9994693576e-01,1.0000000000e+00,1.0000000000e+00,1.0000000000e+00
g12042,4,0,8,1.4062500000e-01,7.8030146796e-01,9.9999973802e-01,1.0000000000e+00,1.0000000000e+00,1.0000000000e+00
g23320,100,0,30,2.2437512875e-01,9.2120162389e-01,9.9999999999e-01,1.0000000000e+00,1.0000000000e+00,1.0000000000e+00
g27001,100,0,31,4.9538138323e-02,3.9834580368e-01,9.9378459402e-01,1.0000000000e+00,1.0000000000e+00,1.0000000000e+00
g22050,100,0,28,1.2849986553e-01,7.4725964885e-01,9.9999893648e-01,1.0000000000e+00,1.0000000000e+00,1.0000000000e+00
g22005,100,0,27,5.3675331175e-01,9.9954488282e-01,1.0000000000e+00,1.0000000000e+00,1.0000000000e+00,1.0000000000e+00
g27100,100,0,28,3.3548742533e-02,2.8911466576e-01,9.6703936674e-01,1.0000000000e+00,1.0000000000e+00,1.0000000000e+00
g22230,73,0,20,2.0008087158e-03,1.9828899368e-02,1.8149952411e-01,8.6504488098e-01,9.9999999800e-01,1.0000000000e+00
g10018,100,0,59,3.1491067604e-06,3.1490621348e-05,3.1486159257e-04,3.1441584673e-03,3.1000436144e-02,2.7014629708e-01
g10161,100,0,59,8.5946794323e-02,5.9288719640e-01,9.9987493160e-01,1.0000000000e+00,1.0000000000e+00,1.0000000000e+00
g11008,100,0,10,2.1093750000e-01,9.0643486655e-01,9.9999999995e-01,1.0000000000e+00,1.0000000000e+00,1.0000000000e+00
g30007,100,0,99,4.2658774317e-02,3.5335248640e-01,9.8721572453e-01,1.0000000000e+00,1.0000000000e+00,1.0000000000e+00
g11160,100,0,99,2.5501357100e-02,2.2765313778e-01,9.2446923821e-01,9.9999999999e-01,1.0000000000e+00,1.0000000000e+00
g11205,100,0,99,2.9951992910e-02,2.6221082701e-01,9.5221156844e-01,1.0000000000e+00,1.0000000000e+00,1.0000000000e+00
g11341,100,0,99,5.4586082996e-02,4.2954694455e-01,9.9635078790e-01,1.0000000000e+00,1.0000000000e+00,1.0000000000e+00
g30106,100,0,99,4.3313290837e-02,3.5775991929e-01,9.8806083226e-01,1.0000000000e+00,1.0000000000e+00,1.0000000000e+00
g30115,100,0,99,3.6002263147e-02,3.0695706079e-01,9.7443761141e-01,1.0000000000e+00,1.0000000000e+00,1.0000000000e+00
g30133,61,0,29,3.5906219482e-01,9.8830072665e-01,1.0000000000e+00,1.0000000000e+00,1.0000000000e+00,1.0000000000e+00
g30223,100,0,89,1.2124653945e-01,7.2541899962e-01,9.9999756385e-01,1.0000000000e+00,1.0000000000e+00,1.0000000000e+00
g30340,100,0,96,2.1222396896e-05,2.1220370255e-04,2.1200118032e-03,2.0999006943e-02,1.9121828649e-01,8.8023960126e-01
g30241,100,0,90,4.1193832403e-01,9.9505428857e-01,1.0000000000e+00,1.0000000000e+00,1.0000000000e+00,1.0000000000e+00
g11025,100,0,99,1.5880188905e-02,1.4792122797e-01,7.9825747229e-01,9.9999988832e-01,1.0000000000e+00,1.0000000000e+00
g11151,100,0,99,1.8788861082e-02,1.7277300635e-01,8.4994620742e-01,9.9999999421e-01,1.0000000000e+00,1.0000000000e+00
g30151,100,0,98,4.5565989048e-03,4.4642935119e-02,3.6663042759e-01,9.8961104281e-01,1.0000000000e+00,1.0000000000e+00
g11422,100,0,99,1.4955402342e-02,1.3988021990e-01,7.7839000082e-01,9.9999971431e-01,1.0000000000e+00,1.0000000000e+00
g30502,100,0,95,6.4241694900e-03,6.2416007077e-02,4.7506945847e-01,9.9841138589e-01,1.0000000000e+00,1.0000000000e+00
g21501,100,0,27,1.8367901444e-02,1.6921717397e-01,8.4336994441e-01,9.9999999111e-01,1.0000000000e+00,1.0000000000e+00
g14301,8,0,6,4.2187500000e-01,9.9582921790e-01,1.0000000000e+00,1.0000000000e+00,1.0000000000e+00,1.0000000000e+00
g22402,100,0,60,3.0820126309e-03,3.0396174399e-02,2.6558218443e-01,9.5435091943e-01,1.0000000000e+00,1.0000000000e+00
g24004,100,0,27,2.7734003961e-02,2.4516684041e-01,9.3995045745e-01,1.0000000000e+00,1.0000000000e+00,1.0000000000e+00
g24013,100,0,27,1.1648657173e-01,7.1017786852e-01,9.9999581866e-01,1.0000000000e+00,1.0000000000e+00,1.0000000000e+00
g11331,100,0,9,1.9531250000e-01,8.8616585483e-01,9.9999999963e-01,1.0000000000e+00,1.0000000000e+00,1.0000000000e+00
g14041,100,0,73,3.2331826910e-01,9.7986996568e-01,1.0000000000e+00,1.0000000000e+00,1.0000000000e+00,1.0000000000e+00
g12510,100,0,71,2.4457586846e-01,9.3947865937e-01,1.0000000000e+00,1.0000000000e+00,1.0000000000e+00,1.0000000000e+00
g13401,75,0,67,2.3802518845e-02,2.1408273890e-01,9.1009822367e-01,9.9999999997e-01,1.0000000000e+00,1.0000000000e+00
g11332,36,0,65,8.4304809570e-03,8.1177375584e-02,5.7113875301e-01,9.9978954074e-01,1.0000000000e+00,1.0000000000e+00
g15022,100,0,31,2.8917702194e-01,9.6706826715e-01,1.0000000000e+00,1.0000000000e+00,1.0000000000e+00,1.0000000000e+00
g15210,100,0,31,1.4847573638e-01,7.9956651669e-01,9.9999989536e-01,1.0000000000e+00,1.0000000000e+00,1.0000000000e+00
g21160,100,0,30,1.5237092972e-02,1.4233671915e-01,7.8463844904e-01,9.9999978537e-01,1.0000000000e+00,1.0000000000e+00
g23013,100,0,24,1.4505326748e-01,7.9136336556e-01,9.9999984372e-01,1.0000000000e+00,1.0000000000e+00,1.0000000000e+00
g24003,100,0,48,8.7840289225e-03,8.4448221880e-02,5.8616320284e-01,9.9985267005e-01,1.0000000000e+00,1.0000000000e+00
g24012,100,0,51,3.2107320952e-03,3.1647374550e-02,2.7500444524e-01,9.5988069163e-01,1.0000000000e+00,1.0000000000e+00
g26110,100,0,50,7.8317447802e-03,7.5614179308e-02,5.4445346102e-01,9.9961511808e-01,1.0000000000e+00,1.0000000000e+00
g23104,100,0,99,2.8173344141e-02,2.4857079578e-01,9.4260412268e-01,1.0000000000e+00,1.0000000000e+00,1.0000000000e+00
g30034,100,0,48,7.4068884715e-07,7.4068637836e-06,7.4066169111e-05,7.4041487898e-04,7.3795277968e-03,7.1392300713e-02
g30610,100,0,48,7.5665083004e-03,7.3140042496e-02,5.3211276119e-01,9.9949718063e-01,1.0000000000e+00,1.0000000000e+00
g16020,100,0,59,2.1281389193e-01,9.0863618780e-01,9.9999999996e-01,1.0000000000e+00,1.0000000000e+00,1.0000000000e+00
g16120,100,0,59,4.0725020604e-02,3.4017134840e-01,9.8435730063e-01,1.0000000000e+00,1.0000000000e+00,1.0000000000e+00
g20016,100,0,27,3.9802491665e-04,3.9731276555e-03,3.9028392275e-02,3.2840792202e-01,9.8133381155e-01,1.0000000000e+00
g21124,100,0,27,1.9975006580e-04,1.9957061101e-03,1.9778783678e-02,1.8108093235e-01,8.6435311248e-01,9.9999999789e-01
g23401,12,0,8,3.7500000000e-01,9.9090505298e-01,1.0000000000e+00,1.0000000000e+00,1.0000000000e+00,1.0000000000e+00
g30412,100,0,75,3.3613398849e-01,9.8337336577e-01,1.0000000000e+00,1.0000000000e+00,1.0000000000e+00,1.0000000000e+00
II23034_II23035_B,100,0,100,1.7550194909e-09,1.7550194770e-08,1.7550193384e-07,1.7550179524e-06,1.7550040920e-05,1.7548654967e-04
II23142_II23143_B,100,0,100,2.4295822732e-09,2.4295822467e-08,2.4295819810e-07,2.4295793247e-06,2.4295527621e-05,2.4292871566e-04
II24028_II24030_B,100,0,52,3.0475192148e-08,3.0475187968e-07,3.0475146175e-06,3.0474728248e-05,3.0470549397e-04,3.0428802880e-03
II24123_II24124_B,100,0,52,2.3952923867e-08,2.3952921285e-07,2.3952895466e-06,2.3952637284e-05,2.3950055670e-04,2.3924259916e-03
g10810,100,0,62,4.4688592028e-07,4.4688502160e-06,4.4687603493e-05,4.4678618145e-04,4.4588897034e-03,4.3704776120e-02
g10801,100,0,59,1.0184276107e-06,1.0184229434e-05,1.0183762713e-04,1.0179097074e-03,1.0132597105e-02,9.6828492607e-02
g10118,100,0,90,1.4841873841e-09,1.4841873742e-08,1.4841872751e-07,1.4841862838e-06,1.4841763712e-05,1.4840772500e-04
g10208,100,0,97,2.0548947006e-09,2.0548946816e-08,2.0548944916e-07,2.0548925914e-06,2.0548735899e-05,2.0546835875e-04
g10307,100,0,70,4.6377074768e-03,4.5421073202e-02,3.7177035387e-01,9.9042399710e-01,1.0000000000e+00,1.0000000000e+00
g10325,100,0,100,2.1131932870e-09,2.1131932669e-08,2.1131930660e-07,2.1131910565e-06,2.1131709615e-05,2.1129700257e-04
g10415,100,0,52,5.5238346613e-03,5.3885304352e-02,4.2530438595e-01,9.9607012418e-01,1.0000000000e+00,1.0000000000e+00
g16201,100,0,62,3.8499638327e-07,3.8499571627e-06,3.8498904636e-05,3.8492235575e-04,3.8425629619e-03,3.7767954378e-02
g20062,100,0,52,1.7469940098e-05,1.7468566767e-04,1.7454841375e-03,1.7318375420e-02,1.6029188275e-01,8.2570556766e-01
g20080,100,0,50,1.7945389295e-05,1.7943940198e-04,1.7929457805e-03,1.7785487828e-02,1.6427486276e-01,8.3379860974e-01
g20135,1,0,11,4.8828125000e-04,4.8720976218e-03,4.7666556569e-02,3.8639292465e-01,9.9243335102e-01,1.0000000000e+00
g20162,1,0,11,4.8828125000e-04,4.8720976218e-03,4.7666556569e-02,3.8639292465e-01,9.9243335102e-01,1.0000000000e+00
g20090,1,0,11,4.8828125000e-04,4.8720976218e-03,4.7666556569e-02,3.8639292465e-01,9.9243335102e-01,1.0000000000e+00
g22600,2,0,14,1.2207031250e-04,1.2200327910e-03,1.2133563764e-02,1.1492046122e-01,7.0499932570e-01,9.9999500851e-01
g23420,100,0,56,2.6190264180e-06,2.6189955513e-05,2.6186869117e-04,2.6156031811e-03,2.5850307233e-02,2.3041431838e-01
g23410,100,0,56,2.0026855054e-06,2.0026674572e-05,2.0024869863e-04,2.0006834702e-03,1.9827669285e-02,1.8148925213e-01
g24130,12,0,21,1.9526481628e-03,1.9355794429e-02,1.7754022767e-01,8.5837280564e-01,9.9999999675e-01,1.0000000000e+00
g21125,100,0,59,6.7149812906e-08,6.7149792615e-07,6.7149589706e-06,6.7147560662e-05,6.7127274718e-04,6.6924864073e-03
g17201,100,0,97,2.2145511683e-10,2.2145511661e-09,2.2145511440e-08,2.2145509233e-07,2.2145487164e-06,2.2145266476e-05
g20117,100,0,56,1.9635331228e-07,1.9635313878e-06,1.9635140383e-05,1.9633405550e-04,1.9616068451e-03,1.9443815554e-02
g21800,100,0,56,2.1405735851e-07,2.1405715231e-06,2.1405509040e-05,2.1403447277e-04,2.1382844199e-03,2.1178261323e-02
g20270,100,0,55,1.9365339199e-07,1.9365322323e-06,1.9365153567e-05,1.9363466113e-04,1.9346602350e-03,1.9179037406e-02
g14015,100,0,100,1.1164308368e-09,1.1164308312e-08,1.1164307751e-07,1.1164302142e-06,1.1164246053e-05,1.1163685188e-04
g14321,100,0,98,2.2034756797e-09,2.2034756579e-08,2.2034754394e-07,2.2034732545e-06,2.2034514058e-05,2.2032329347e-04
g14221,100,0,100,1.0834329545e-09,1.0834329492e-08,1.0834328964e-07,1.0834323682e-06,1.0834270860e-05,1.0833742659e-04
g14123,100,0,100,2.1034328706e-09,2.1034328507e-08,2.1034326516e-07,2.1034306606e-06,2.1034107508e-05,2.1032116668e-04
g14320,100,0,95,9.7658988521e-11,9.7658988478e-10,9.7658988049e-09,9.7658983757e-08,9.7658940840e-07,9.7658511664e-06
g21107,100,0,27,1.9959360361e-04,1.9941442976e-03,1.9763443739e-02,1.8095276686e-01,8.6414066781e-01,9.9999999786e-01
g21611,1,0,12,2.4414062500e-04,2.4387257865e-03,2.4121358687e-02,2.1664588586e-01,9.1298757216e-01,9.9999999998e-01
g9782_g19896_B,100,0,34,9.8215993494e-03,9.3986882083e-02,6.2731247353e-01,9.9994830500e-01,1.0000000000e+00,1.0000000000e+00
II15204_II15205_B,100,0,9,1.9531250000e-01,8.8616585483e-01,9.9999999963e-01,1.0000000000e+00,1.0000000000e+00,1.0000000000e+00
II22062_II22063_B,100,0,9,1.9531250000e-01,8.8616585483e-01,9.9999999963e-01,1.0000000000e+00,1.0000000000e+00,1.0000000000e+00
II24015_II24016_B,100,0,100,8.9606941860e-08,8.9606905728e-07,8.9606544406e-06,8.9602931292e-05,8.9566810840e-04,8.9206672107e-03
II24213_II24214_B,100,0,99,1.5093490441e-07,1.5093480189e-06,1.5093377673e-05,1.5092352569e-04,1.5082106634e-03,1.4980155763e-02
II31035_II31036_B,14,0,21,2.8971529007e-01,9.6731679345e-01,1.0000000000e+00,1.0000000000e+00,1.0000000000e+00,1.0000000000e+00
II32308_II32310_B,100,0,48,4.3458246605e-03,4.2618142580e-02,3.5307798208e-01,9.8716135100e-01,1.0000000000e+00,1.0000000000e+00
II32430_II32431_B,100,0,48,4.5941371955e-03,4.5003140291e-02,3.6901441898e-01,9.8999552391e-01,1.0000000000e+00,1.0000000000e+00
II36300_II36301_B,100,0,48,2.9869088394e-06,2.9868686924e-05,2.9864672621e-04,2.9824569127e-03,2.9427458847e-02,2.5821165811e-01
g26020,12,0,12,7.5000000000e-01,9.9999904633e-01,1.0000000000e+00,1.0000000000e+00,1.0000000000e+00,1.0000000000e+00
g23312,100,0,12,2.8564453125e-01,9.6539461079e-01,1.0000000000e+00,1.0000000000e+00,1.0000000000e+00,1.0000000000e+00
g20630,3,0,3,5.0000000000e-01,9.9902343750e-01,1.0000000000e+00,1.0000000000e+00,1.0000000000e+00,1.0000000000e+00
g20611,2,0,3,5.0000000000e-01,9.9902343750e-01,1.0000000000e+00,1.0000000000e+00,1.0000000000e+00,1.0000000000e+00
g20612,3,0,3,5.0000000000e-01,9.9902343750e-01,1.0000000000e+00,1.0000000000e+00,1.0000000000e+00,1.0000000000e+00
g20620,2,0,3,5.0000000000e-01,9.9902343750e-01,1.0000000000e+00,1.0000000000e+00,1.0000000000e+00,1.0000000000e+00
g20621,3,0,3,5.0000000000e-01,9.9902343750e-01,1.0000000000e+00,1.0000000000e+00,1.0000000000e+00,1.0000000000e+00
g30511,100,0,99,2.8082074398e-01,9.6298553119e-01,1.0000000000e+00,1.0000000000e+00,1.0000000000e+00,1.0000000000e+00
g30512,100,0,90,3.8826732535e-01,9.9266133975e-01,1.0000000000e+00,1.0000000000e+00,1.0000000000e+00,1.0000000000e+00
g30520,100,0,99,2.7017131002e-01,9.5712448820e-01,1.0000000000e+00,1.0000000000e+00,1.0000000000e+00,1.0000000000e+00
g30710,100,0,92,2.8437639587e-01,9.6477535953e-01,1.0000000000e+00,1.0000000000e+00,1.0000000000e+00,1.0000000000e+00
g23150,2,0,4,3.7500000000e-01,9.9090505298e-01,1.0000000000e+00,1.0000000000e+00,1.0000000000e+00,1.0000000000e+00
g25130,93,0,17,8.6622619629e-01,9.9999999816e-01,1.0000000000e+00,1.0000000000e+00,1.0000000000e+00,1.0000000000e+00
g11503,1,0,1,5.0000000000e-01,9.9902343750e-01,1.0000000000e+00,1.0000000000e+00,1.0000000000e+00,1.0000000000e+00
g11504,1,0,1,5.0000000000e-01,9.9902343750e-01,1.0000000000e+00,1.0000000000e+00,1.0000000000e+00,1.0000000000e+00
g11512,1,0,1,5.0000000000e-01,9.9902343750e-01,1.0000000000e+00,1.0000000000e+00,1.0000000000e+00,1.0000000000e+00
g11513,1,0,1,5.0000000000e-01,9.9902343750e-01,1.0000000000e+00,1.0000000000e+00,1.0000000000e+00,1.0000000000e+00
g13411,1,0,1,5.0000000000e-01,9.9902343750e-01,1.0000000000e+00,1.0000000000e+00,1.0000000000e+00,1.0000000000e+00
g13412,1,0,1,5.0000000000e-01,9.9902343750e-01,1.0000000000e+00,1.0000000000e+00,1.0000000000e+00,1.0000000000e+00
g13420,1,0,1,5.0000000000e-01,9.9902343750e-01,1.0000000000e+00,1.0000000000e+00,1.0000000000e+00,1.0000000000e+00
g13421,1,0,1,5.0000000000e-01,9.9902343750e-01,1.0000000000e+00,1.0000000000e+00,1.0000000000e+00,1.0000000000e+00
g24301,3,0,4,5.0000000000e-01,9.9902343750e-01,1.0000000000e+00,1.0000000000e+00,1.0000000000e+00,1.0000000000e+00
g24302,4,0,4,5.0000000000e-01,9.9902343750e-01,1.0000000000e+00,1.0000000000e+00,1.0000000000e+00,1.0000000000e+00
g24310,3,0,4,5.0000000000e-01,9.9902343750e-01,1.0000000000e+00,1.0000000000e+00,1.0000000000e+00,1.0000000000e+00
g24311,3,0,4,5.0000000000e-01,9.9902343750e-01,1.0000000000e+00,1.0000000000e+00,1.0000000000e+00,1.0000000000e+00
g24320,3,0,4,5.0000000000e-01,9.9902343750e-01,1.0000000000e+00,1.0000000000e+00,1.0000000000e+00,1.0000000000e+00
g30521,100,0,91,4.3930935889e-01,9.9692933054e-01,1.0000000000e+00,1.0000000000e+00,1.0000000000e+00,1.0000000000e+00
g30530,100,0,88,3.0812775710e-01,9.7486614671e-01,1.0000000000e+00,1.0000000000e+00,1.0000000000e+00,1.0000000000e+00
g11521,1,0,1,5.0000000000e-01,9.9902343750e-01,1.0000000000e+00,1.0000000000e+00,1.0000000000e+00,1.0000000000e+00
g11522,1,0,1,5.0000000000e-01,9.9902343750e-01,1.0000000000e+00,1.0000000000e+00,1.0000000000e+00,1.0000000000e+00
g27200,4,0,8,4.6875000000e-01,9.9820943772e-01,1.0000000000e+00,1.0000000000e+00,1.0000000000e+00,1.0000000000e+00
g11530,1,0,1,5.0000000000e-01,9.9902343750e-01,1.0000000000e+00,1.0000000000e+00,1.0000000000e+00,1.0000000000e+00
g11531,1,0,1,5.0000000000e-01,9.9902343750e-01,1.0000000000e+00,1.0000000000e+00,1.0000000000e+00,1.0000000000e+00
g11540,1,0,1,5.0000000000e-01,9.9902343750e-01,1.0000000000e+00,1.0000000000e+00,1.0000000000e+00,1.0000000000e+00
g13430,1,0,1,5.0000000000e-01,9.9902343750e-01,1.0000000000e+00,1.0000000000e+00,1.0000000000e+00,1.0000000000e+00
g23203,5,0,6,5.0000000000e-01,9.9902343750e-01,1.0000000000e+00,1.0000000000e+00,1.0000000000e+00,1.0000000000e+00
g23204,6,0,6,5.0000000000e-01,9.9902343750e-01,1.0000000000e+00,1.0000000000e+00,1.0000000000e+00,1.0000000000e+00
g23212,5,0,6,5.0000000000e-01,9.9902343750e-01,1.0000000000e+00,1.0000000000e+00,1.0000000000e+00,1.0000000000e+00
g23213,6,0,6,5.0000000000e-01,9.9902343750e-01,1.0000000000e+00,1.0000000000e+00,1.0000000000e+00,1.0000000000e+00
g23221,5,0,6,5.0000000000e-01,9.9902343750e-01,1.0000000000e+00,1.0000000000e+00,1.0000000000e+00,1.0000000000e+00
g23222,6,0,6,5.0000000000e-01,9.9902343750e-01,1.0000000000e+00,1.0000000000e+00,1.0000000000e+00,1.0000000000e+00
g23230,5,0,9,5.1953125000e-01,9.9934438111e-01,1.0000000000e+00,1.0000000000e+00,1.0000000000e+00,1.0000000000e+00
g23231,17,0,9,4.8046875000e-01,9.9856742702e-01,1.0000000000e+00,1.0000000000e+00,1.0000000000e+00,1.0000000000e+00
g26003,78,0,22,6.3213753700e-01,9.9995462102e-01,1.0000000000e+00,1.0000000000e+00,1.0000000000e+00,1.0000000000e+00
g26002,2,0,3,5.0000000000e-01,9.9902343750e-01,1.0000000000e+00,1.0000000000e+00,1.0000000000e+00,1.0000000000e+00
g23240,6,0,6,5.0000000000e-01,9.9902343750e-01,1.0000000000e+00,1.0000000000e+00,1.0000000000e+00,1.0000000000e+00
g24400,3,0,4,5.0000000000e-01,9.9902343750e-01,1.0000000000e+00,1.0000000000e+00,1.0000000000e+00,1.0000000000e+00
g24401,4,0,4,5.0000000000e-01,9.9902343750e-01,1.0000000000e+00,1.0000000000e+00,1.0000000000e+00,1.0000000000e+00
g24410,13,0,8,4.4531250000e-01,9.9724270146e-01,1.0000000000e+00,1.0000000000e+00,1.0000000000e+00,1.0000000000e+00
g30314,8,0,16,4.9804687500e-01,9.9898461294e-01,1.0000000000e+00,1.0000000000e+00,1.0000000000e+00,1.0000000000e+00
g26012,76,0,22,6.3213753700e-01,9.9995462102e-01,1.0000000000e+00,1.0000000000e+00,1.0000000000e+00,1.0000000000e+00
g30323,14,0,16,4.9804687500e-01,9.9898461294e-01,1.0000000000e+00,1.0000000000e+00,1.0000000000e+00,1.0000000000e+00
g30322,9,0,16,5.0195312500e-01,9.9906092086e-01,1.0000000000e+00,1.0000000000e+00,1.0000000000e+00,1.0000000000e+00
g26011,2,0,3,5.0000000000e-01,9.9902343750e-01,1.0000000000e+00,1.0000000000e+00,1.0000000000e+00,1.0000000000e+00
g23302,5,0,6,5.0000000000e-01,9.9902343750e-01,1.0000000000e+00,1.0000000000e+00,1.0000000000e+00,1.0000000000e+00
g23303,6,0,6,5.0000000000e-01,9.9902343750e-01,1.0000000000e+00,1.0000000000e+00,1.0000000000e+00,1.0000000000e+00
g23311,5,0,9,5.1953125000e-01,9.9934438111e-01,1.0000000000e+00,1.0000000000e+00,1.0000000000e+00,1.0000000000e+00
g26021,9,0,9,2.4804687500e-01,9.4220268210e-01,1.0000000000e+00,1.0000000000e+00,1.0000000000e+00,1.0000000000e+00
g20602,2,0,3,5.0000000000e-01,9.9902343750e-01,1.0000000000e+00,1.0000000000e+00,1.0000000000e+00,1.0000000000e+00
g20603,2,0,3,5.0000000000e-01,9.9902343750e-01,1.0000000000e+00,1.0000000000e+00,1.0000000000e+00,1.0000000000e+00
g105,1,0,1,5.0000000000e-01,9.9902343750e-01,1.0000000000e+00,1.0000000000e+00,1.0000000000e+00,1.0000000000e+00
g2,1,0,1,5.0000000000e-01,9.9902343750e-01,1.0000000000e+00,1.0000000000e+00,1.0000000000e+00,1.0000000000e+00
g510,100,0,70,4.5186884015e-01,9.9755181117e-01,1.0000000000e+00,1.0000000000e+00,1.0000000000e+00,1.0000000000e+00
g10424,100,0,24,2.9825103283e-01,9.7103871542e-01,1.0000000000e+00,1.0000000000e+00,1.0000000000e+00,1.0000000000e+00
g10631,100,0,24,2.9617375135e-01,9.7016990787e-01,1.0000000000e+00,1.0000000000e+00,1.0000000000e+00,1.0000000000e+00
g10711,100,0,28,7.6417236403e-01,9.9999946796e-01,1.0000000000e+00,1.0000000000e+00,1.0000000000e+00,1.0000000000e+00
g10252,4,0,4,1.8750000000e-01,8.7461843207e-01,9.9999999904e-01,1.0000000000e+00,1.0000000000e+00,1.0000000000e+00
g11630,100,0,108,4.9384355545e-02,3.9737163047e-01,9.9368322034e-01,1.0000000000e+00,1.0000000000e+00,1.0000000000e+00
g12611,100,0,48,4.3714350167e-01,9.9680863230e-01,1.0000000000e+00,1.0000000000e+00,1.0000000000e+00,1.0000000000e+00
g20008,12,0,9,4.8242187500e-01,9.9862038112e-01,1.0000000000e+00,1.0000000000e+00,1.0000000000e+00,1.0000000000e+00
g20153,3,0,6,1.5625000000e-02,1.4570915024e-01,7.9295843252e-01,9.9999985526e-01,1.0000000000e+00,1.0000000000e+00
g21502,3,0,4,6.2500000000e-01,9.9994500633e-01,1.0000000000e+00,1.0000000000e+00,1.0000000000e+00,1.0000000000e+00
g21331,3,0,4,6.2500000000e-01,9.9994500633e-01,1.0000000000e+00,1.0000000000e+00,1.0000000000e+00,1.0000000000e+00
g17012,100,0,20,1.0525512695e-01,6.7115428643e-01,9.9998521158e-01,1.0000000000e+00,1.0000000000e+00,1.0000000000e+00
g17111,100,0,20,1.0616493225e-01,6.7448283617e-01,9.9998664208e-01,1.0000000000e+00,1.0000000000e+00,1.0000000000e+00
g23033,32,0,10,7.4707031250e-01,9.9999892849e-01,1.0000000000e+00,1.0000000000e+00,1.0000000000e+00,1.0000000000e+00
g23141,2,0,2,7.5000000000e-01,9.9999904633e-01,1.0000000000e+00,1.0000000000e+00,1.0000000000e+00,1.0000000000e+00
g24014,100,0,31,4.1126803495e-02,3.4292977280e-01,9.8499908013e-01,1.0000000000e+00,1.0000000000e+00,1.0000000000e+00
g25112,40,0,12,7.4926757813e-01,9.9999901801e-01,1.0000000000e+00,1.0000000000e+00,1.0000000000e+00,1.0000000000e+00
g331,1,0,1,5.0000000000e-01,9.9902343750e-01,1.0000000000e+00,1.0000000000e+00,1.0000000000e+00,1.0000000000e+00
g231,100,0,115,2.9147621825e-01,9.6811809083e-01,1.0000000000e+00,1.0000000000e+00,1.0000000000e+00,1.0000000000e+00
g240,100,0,115,3.0215373448e-01,9.7260964965e-01,1.0000000000e+00,1.0000000000e+00,1.0000000000e+00,1.0000000000e+00
g204,100,0,111,2.8979726391e-01,9.6735449350e-01,1.0000000000e+00,1.0000000000e+00,1.0000000000e+00,1.0000000000e+00
g411,100,0,34,3.3177060331e-01,9.8224765327e-01,1.0000000000e+00,1.0000000000e+00,1.0000000000e+00,1.0000000000e+00
g420,5,0,6,3.9062500000e-01,9.9293932323e-01,1.0000000000e+00,1.0000000000e+00,1.0000000000e+00,1.0000000000e+00
g10037,100,0,70,1.5294987653e-04,1.5284464796e-03,1.5179765444e-02,1.4183730353e-01,7.8338111189e-01,9.9999977251e-01
g10046,100,0,34,8.1152512634e-02,5.7102269084e-01,9.9978897048e-01,1.0000000000e+00,1.0000000000e+00,1.0000000000e+00
g10055,100,0,77,2.4422388489e-04,2.4395565574e-03,2.4129485793e-02,2.1671112105e-01,9.1306000614e-01,9.9999999998e-01
g10064,100,0,34,8.9885494031e-02,6.1009359917e-01,9.9991879110e-01,1.0000000000e+00,1.0000000000e+00,1.0000000000e+00
g10073,100,0,81,7.6741101911e-08,7.6741075410e-07,7.6740810397e-06,7.6738160333e-05,7.6711666401e-04,7.6447396793e-03
g10082,100,0,40,9.5985330699e-04,9.5571796849e-03,9.1564532979e-02,6.1722742349e-01,9.9993248377e-01,1.0000000000e+00
g10145,100,0,70,7.6485770636e-05,7.6459450676e-04,7.6196914200e-03,7.3636613994e-02,5.3461346388e-01,9.9952341744e-01
g10154,61,0,18,2.4032592773e-04,2.4006618975e-03,2.3748929283e-02,2.1365119336e-01,9.0960335331e-01,9.9999999996e-01
g10172,55,0,18,2.4032592773e-04,2.4006618975e-03,2.3748929283e-02,2.1365119336e-01,9.0960335331e-01,9.9999999996e-01
g10217,100,0,69,3.0620572860e-05,3.0616353917e-04,3.0574207086e-03,3.0156966467e-02,2.6376831236e-01,9.5321086064e-01
g10226,4,0,6,1.4062500000e-01,7.8030146796e-01,9.9999973802e-01,1.0000000000e+00,1.0000000000e+00,1.0000000000e+00
g10262,100,0,34,2.0315563423e-02,1.8555438699e-01,8.7158348396e-01,9.9999999878e-01,1.0000000000e+00,1.0000000000e+00
g10271,100,0,70,4.5840436611e-05,4.5830981711e-04,4.5736575589e-03,4.4806639545e-02,3.6771489633e-01,9.8978756038e-01
g10280,4,0,6,1.4062500000e-01,7.8030146796e-01,9.9999973802e-01,1.0000000000e+00,1.0000000000e+00,1.0000000000e+00
g10352,100,0,69,7.6397725813e-05,7.6371466407e-04,7.6109533187e-03,7.3555042667e-02,5.3420350334e-01,9.9951920253e-01
g10361,4,0,6,1.4062500000e-01,7.8030146796e-01,9.9999973802e-01,1.0000000000e+00,1.0000000000e+00,1.0000000000e+00
g10370,100,0,67,4.6702940415e-03,4.5733540992e-02,3.7382374748e-01,9.9073242880e-01,1.0000000000e+00,1.0000000000e+00
g10406,100,0,27,9.9728122354e-02,6.5026681718e-01,9.9997262410e-01,1.0000000000e+00,1.0000000000e+00,1.0000000000e+00
g10433,100,0,59,1.0040330779e-01,6.5288090984e-01,9.9997460285e-01,1.0000000000e+00,1.0000000000e+00,1.0000000000e+00
g10442,4,0,6,1.4062500000e-01,7.8030146796e-01,9.9999973802e-01,1.0000000000e+00,1.0000000000e+00,1.0000000000e+00
g10451,4,0,6,1.4062500000e-01,7.8030146796e-01,9.9999973802e-01,1.0000000000e+00,1.0000000000e+00,1.0000000000e+00
g10460,100,0,70,2.4415912112e-04,2.4389103417e-03,2.4123164124e-02,2.1666037828e-01,9.1300366852e-01,9.9999999998e-01
g10514,68,0,48,2.1968969805e-03,2.1753051251e-02,1.9742612319e-01,8.8912077120e-01,9.9999999972e-01,1.0000000000e+00
g10523,100,0,70,7.9352895538e-04,7.9070134626e-03,7.6315205114e-02,5.4789642001e-01,9.9964323729e-01,1.0000000000e+00
g10532,4,0,6,1.4062500000e-01,7.8030146796e-01,9.9999973802e-01,1.0000000000e+00,1.0000000000e+00,1.0000000000e+00
g10541,68,0,48,2.1968969805e-03,2.1753051251e-02,1.9742612319e-01,8.8912077120e-01,9.9999999972e-01,1.0000000000e+00
g10604,100,0,61,1.4044970152e-01,7.7985290719e-01,9.9999973262e-01,1.0000000000e+00,1.0000000000e+00,1.0000000000e+00
g10613,100,0,50,1.4025538761e-01,7.7935472593e-01,9.9999972651e-01,1.0000000000e+00,1.0000000000e+00,1.0000000000e+00
g10640,100,0,59,9.8351865644e-02,6.4488347352e-01,9.9996810601e-01,1.0000000000e+00,1.0000000000e+00,1.0000000000e+00
g213,100,0,114,2.8672638551e-01,9.6591513420e-01,1.0000000000e+00,1.0000000000e+00,1.0000000000e+00,1.0000000000e+00
g222,100,0,115,2.9147357479e-01,9.6811690132e-01,1.0000000000e+00,1.0000000000e+00,1.0000000000e+00,1.0000000000e+00
g11612,1,0,2,2.5000000000e-01,9.4368648529e-01,1.0000000000e+00,1.0000000000e+00,1.0000000000e+00,1.0000000000e+00
g11170,100,0,12,1.4428710938e-01,7.8948611636e-01,9.9999982907e-01,1.0000000000e+00,1.0000000000e+00,1.0000000000e+00
g11225,32,0,8,2.5000000000e-01,9.4368648529e-01,1.0000000000e+00,1.0000000000e+00,1.0000000000e+00,1.0000000000e+00
g13322,1,0,2,2.5000000000e-01,9.4368648529e-01,1.0000000000e+00,1.0000000000e+00,1.0000000000e+00,1.0000000000e+00
g13340,1,0,2,2.5000000000e-01,9.4368648529e-01,1.0000000000e+00,1.0000000000e+00,1.0000000000e+00,1.0000000000e+00
g11324,100,0,16,1.2738037109e-01,7.4399421526e-01,9.9999879080e-01,1.0000000000e+00,1.0000000000e+00,1.0000000000e+00
g11404,100,0,16,1.2443542480e-01,7.3522204741e-01,9.9999830637e-01,1.0000000000e+00,1.0000000000e+00,1.0000000000e+00
g11441,32,0,8,2.5000000000e-01,9.4368648529e-01,1.0000000000e+00,1.0000000000e+00,1.0000000000e+00,1.0000000000e+00
g11603,32,0,8,2.5000000000e-01,9.4368648529e-01,1.0000000000e+00,1.0000000000e+00,1.0000000000e+00,1.0000000000e+00
g13502,1,0,2,2.5000000000e-01,9.4368648529e-01,1.0000000000e+00,1.0000000000e+00,1.0000000000e+00,1.0000000000e+00
g12502,1,0,3,1.2500000000e-01,7.3692442384e-01,9.9999841217e-01,1.0000000000e+00,1.0000000000e+00,1.0000000000e+00
g14006,1,0,2,2.5000000000e-01,9.4368648529e-01,1.0000000000e+00,1.0000000000e+00,1.0000000000e+00,1.0000000000e+00
g14114,1,0,2,2.5000000000e-01,9.4368648529e-01,1.0000000000e+00,1.0000000000e+00,1.0000000000e+00,1.0000000000e+00
g14213,1,0,2,2.5000000000e-01,9.4368648529e-01,1.0000000000e+00,1.0000000000e+00,1.0000000000e+00,1.0000000000e+00
g13141,1,0,3,1.2500000000e-01,7.3692442384e-01,9.9999841217e-01,1.0000000000e+00,1.0000000000e+00,1.0000000000e+00
g12601,2,0,3,2.5000000000e-01,9.4368648529e-01,1.0000000000e+00,1.0000000000e+00,1.0000000000e+00,1.0000000000e+00
g15104,1,0,2,2.5000000000e-01,9.4368648529e-01,1.0000000000e+00,1.0000000000e+00,1.0000000000e+00,1.0000000000e+00
g15320,1,0,2,2.5000000000e-01,9.4368648529e-01,1.0000000000e+00,1.0000000000e+00,1.0000000000e+00,1.0000000000e+00
g13204,20,0,21,5.4969787598e-02,4.3185795485e-01,9.9649595800e-01,1.0000000000e+00,1.0000000000e+00,1.0000000000e+00
g15410,1,0,2,2.5000000000e-01,9.4368648529e-01,1.0000000000e+00,1.0000000000e+00,1.0000000000e+00,1.0000000000e+00
g13213,20,0,21,5.4969787598e-02,4.3185795485e-01,9.9649595800e-01,1.0000000000e+00,1.0000000000e+00,1.0000000000e+00
g13222,72,0,27,1.0104201734e-01,6.5533758032e-01,9.9997634411e-01,1.0000000000e+00,1.0000000000e+00,1.0000000000e+00
g13240,55,0,22,1.3225960732e-01,7.5795387172e-01,9.9999930979e-01,1.0000000000e+00,1.0000000000e+00,1.0000000000e+00
g13303,100,0,59,1.0932162097e-01,6.8579788748e-01,9.9999062242e-01,1.0000000000e+00,1.0000000000e+00,1.0000000000e+00
g13330,1,0,3,1.2500000000e-01,7.3692442384e-01,9.9999841217e-01,1.0000000000e+00,1.0000000000e+00,1.0000000000e+00
g11620,1,0,3,1.2500000000e-01,7.3692442384e-01,9.9999841217e-01,1.0000000000e+00,1.0000000000e+00,1.0000000000e+00
g16004,1,0,2,2.5000000000e-01,9.4368648529e-01,1.0000000000e+00,1.0000000000e+00,1.0000000000e+00,1.0000000000e+00
g16031,1,0,2,2.5000000000e-01,9.4368648529e-01,1.0000000000e+00,1.0000000000e+00,1.0000000000e+00,1.0000000000e+00
g10901,2,0,3,2.5000000000e-01,9.4368648529e-01,1.0000000000e+00,1.0000000000e+00,1.0000000000e+00,1.0000000000e+00
g12071,3,0,4,4.3750000000e-01,9.9682878806e-01,1.0000000000e+00,1.0000000000e+00,1.0000000000e+00,1.0000000000e+00
g16103,1,0,2,2.5000000000e-01,9.4368648529e-01,1.0000000000e+00,1.0000000000e+00,1.0000000000e+00,1.0000000000e+00
g16112,1,0,2,2.5000000000e-01,9.4368648529e-01,1.0000000000e+00,1.0000000000e+00,1.0000000000e+00,1.0000000000e+00
g11017,2,0,3,2.5000000000e-01,9.4368648529e-01,1.0000000000e+00,1.0000000000e+00,1.0000000000e+00,1.0000000000e+00
g520,1,0,1,5.0000000000e-01,9.9902343750e-01,1.0000000000e+00,1.0000000000e+00,1.0000000000e+00,1.0000000000e+00
g16301,1,0,2,2.5000000000e-01,9.4368648529e-01,1.0000000000e+00,1.0000000000e+00,1.0000000000e+00,1.0000000000e+00
g16310,1,0,2,2.5000000000e-01,9.4368648529e-01,1.0000000000e+00,1.0000000000e+00,1.0000000000e+00,1.0000000000e+00
g12007,7,0,15,6.3476562500e-02,4.8097711748e-01,9.9858138335e-01,1.0000000000e+00,1.0000000000e+00,1.0000000000e+00
g12052,100,0,88,2.5285464787e-02,2.2594035877e-01,9.2277743138e-01,9.9999999999e-01,1.0000000000e+00,1.0000000000e+00
g12115,100,0,99,2.9682378153e-03,2.9289030478e-02,2.5715299968e-01,9.4883255401e-01,1.0000000000e+00,1.0000000000e+00
g12160,5,0,11,6.6406250000e-02,4.9698682958e-01,9.9896296464e-01,1.0000000000e+00,1.0000000000e+00,1.0000000000e+00
g15220,24,0,14,2.7893066406e-02,2.4640083661e-01,9.4092495291e-01,1.0000000000e+00,1.0000000000e+00,1.0000000000e+00
g17021,1,0,2,2.5000000000e-01,9.4368648529e-01,1.0000000000e+00,1.0000000000e+00,1.0000000000e+00,1.0000000000e+00
g14024,100,0,58,3.4694469520e-16,3.4694469520e-15,3.4694469520e-14,3.4694469520e-13,3.4694469519e-12,3.4694469519e-11
g14230,100,0,58,1.2500003453e-01,7.3692452767e-01,9.9999841217e-01,1.0000000000e+00,1.0000000000e+00,1.0000000000e+00
g14420,100,0,58,3.4694469520e-16,3.4694469520e-15,3.4694469520e-14,3.4694469520e-13,3.4694469519e-12,3.4694469519e-11
g15040,2,0,6,3.1250000000e-02,2.7202384333e-01,9.5820045528e-01,1.0000000000e+00,1.0000000000e+00,1.0000000000e+00
g15112,2,0,6,3.1250000000e-02,2.7202384333e-01,9.5820045528e-01,1.0000000000e+00,1.0000000000e+00,1.0000000000e+00
g16012,24,0,14,2.7893066406e-02,2.4640083661e-01,9.4092495291e-01,1.0000000000e+00,1.0000000000e+00,1.0000000000e+00
g15130,12,0,5,6.5625000000e-01,9.9997696294e-01,1.0000000000e+00,1.0000000000e+00,1.0000000000e+00,1.0000000000e+00
g15311,19,0,6,4.6875000000e-01,9.9820943772e-01,1.0000000000e+00,1.0000000000e+00,1.0000000000e+00,1.0000000000e+00
g18011,4,0,5,4.6875000000e-01,9.9820943772e-01,1.0000000000e+00,1.0000000000e+00,1.0000000000e+00,1.0000000000e+00
g19010,45,0,14,3.8787841797e-01,9.9261455072e-01,1.0000000000e+00,1.0000000000e+00,1.0000000000e+00,1.0000000000e+00
g17200,11,0,12,4.9975585938e-01,9.9901865864e-01,1.0000000000e+00,1.0000000000e+00,1.0000000000e+00,1.0000000000e+00
g12125,100,0,12,2.4902343750e-02,2.2289245484e-01,9.1968230124e-01,9.9999999999e-01,1.0000000000e+00,1.0000000000e+00
g20063,4,0,6,3.5937500000e-01,9.8835769889e-01,1.0000000000e+00,1.0000000000e+00,1.0000000000e+00,1.0000000000e+00
g20081,4,0,6,3.5937500000e-01,9.8835769889e-01,1.0000000000e+00,1.0000000000e+00,1.0000000000e+00,1.0000000000e+00
g12025,2,0,4,1.8750000000e-01,8.7461843207e-01,9.9999999904e-01,1.0000000000e+00,1.0000000000e+00,1.0000000000e+00
g12142,30,0,8,2.5000000000e-01,9.4368648529e-01,1.0000000000e+00,1.0000000000e+00,1.0000000000e+00,1.0000000000e+00
g20054,100,0,30,2.4766802788e-02,2.2181158040e-01,9.1855814879e-01,9.9999999999e-01,1.0000000000e+00,1.0000000000e+00
g21161,8,0,7,2.1093750000e-01,9.0643486655e-01,9.9999999995e-01,1.0000000000e+00,1.0000000000e+00,1.0000000000e+00
g12412,30,0,8,2.5000000000e-01,9.4368648529e-01,1.0000000000e+00,1.0000000000e+00,1.0000000000e+00,1.0000000000e+00
g12421,45,0,8,2.5000000000e-01,9.4368648529e-01,1.0000000000e+00,1.0000000000e+00,1.0000000000e+00,1.0000000000e+00
g20242,9,0,9,5.0585937500e-01,9.9913202823e-01,1.0000000000e+00,1.0000000000e+00,1.0000000000e+00,1.0000000000e+00
g21305,1,0,3,1.2500000000e-01,7.3692442384e-01,9.9999841217e-01,1.0000000000e+00,1.0000000000e+00,1.0000000000e+00
g20305,2,0,4,1.8750000000e-01,8.7461843207e-01,9.9999999904e-01,1.0000000000e+00,1.0000000000e+00,1.0000000000e+00
g21314,1,0,3,1.2500000000e-01,7.3692442384e-01,9.9999841217e-01,1.0000000000e+00,1.0000000000e+00,1.0000000000e+00
g21323,1,0,3,1.2500000000e-01,7.3692442384e-01,9.9999841217e-01,1.0000000000e+00,1.0000000000e+00,1.0000000000e+00
g20323,2,0,4,1.8750000000e-01,8.7461843207e-01,9.9999999904e-01,1.0000000000e+00,1.0000000000e+00,1.0000000000e+00
g20332,2,0,4,1.8750000000e-01,8.7461843207e-01,9.9999999904e-01,1.0000000000e+00,1.0000000000e+00,1.0000000000e+00
g21341,1,0,3,1.2500000000e-01,7.3692442384e-01,9.9999841217e-01,1.0000000000e+00,1.0000000000e+00,1.0000000000e+00
g20341,2,0,4,1.8750000000e-01,8.7461843207e-01,9.9999999904e-01,1.0000000000e+00,1.0000000000e+00,1.0000000000e+00
g21350,1,0,3,1.2500000000e-01,7.3692442384e-01,9.9999841217e-01,1.0000000000e+00,1.0000000000e+00,1.0000000000e+00
g20350,2,0,4,1.8750000000e-01,8.7461843207e-01,9.9999999904e-01,1.0000000000e+00,1.0000000000e+00,1.0000000000e+00
g20404,2,0,4,1.8750000000e-01,8.7461843207e-01,9.9999999904e-01,1.0000000000e+00,1.0000000000e+00,1.0000000000e+00
g21413,3,0,7,1.7968750000e-01,8.6202725835e-01,9.9999999750e-01,1.0000000000e+00,1.0000000000e+00,1.0000000000e+00
g21422,3,0,7,1.7968750000e-01,8.6202725835e-01,9.9999999750e-01,1.0000000000e+00,1.0000000000e+00,1.0000000000e+00
g20422,2,0,4,1.8750000000e-01,8.7461843207e-01,9.9999999904e-01,1.0000000000e+00,1.0000000000e+00,1.0000000000e+00
g21440,3,0,7,1.7968750000e-01,8.6202725835e-01,9.9999999750e-01,1.0000000000e+00,1.0000000000e+00,1.0000000000e+00
g20431,5,0,8,1.9921875000e-01,8.9157262158e-01,9.9999999978e-01,1.0000000000e+00,1.0000000000e+00,1.0000000000e+00
g21521,1,0,3,1.2500000000e-01,7.3692442384e-01,9.9999841217e-01,1.0000000000e+00,1.0000000000e+00,1.0000000000e+00
g20045,2,0,11,4.8828125000e-04,4.8720976218e-03,4.7666556569e-02,3.8639292465e-01,9.9243335102e-01,1.0000000000e+00
g20513,100,0,59,1.4648437500e-03,1.4552254196e-02,1.3635352663e-01,7.6913396748e-01,9.9999956987e-01,1.0000000000e+00
g20531,100,0,63,2.0751953125e-03,2.0559232042e-02,1.8757782289e-01,8.7473847332e-01,9.9999999905e-01,1.0000000000e+00
g20108,1,0,11,4.8828125000e-04,4.8720976218e-03,4.7666556569e-02,3.8639292465e-01,9.9243335102e-01,1.0000000000e+00
g21133,3,0,13,1.4648437500e-03,1.4552254196e-02,1.3635352663e-01,7.6913396748e-01,9.9999956987e-01,1.0000000000e+00
g21106,4,0,14,1.7089843750e-03,1.6959012677e-02,1.5721604543e-01,8.1921491967e-01,9.9999996271e-01,1.0000000000e+00
g22214,18,0,13,4.4421386719e-01,9.9718760015e-01,1.0000000000e+00,1.0000000000e+00,1.0000000000e+00,1.0000000000e+00
g22223,18,0,13,4.4421386719e-01,9.9718760015e-01,1.0000000000e+00,1.0000000000e+00,1.0000000000e+00,1.0000000000e+00
g22250,18,0,13,4.4421386719e-01,9.9718760015e-01,1.0000000000e+00,1.0000000000e+00,1.0000000000e+00,1.0000000000e+00
g12242,100,0,14,1.6113281250e-02,1.4993725773e-01,8.0298022565e-01,9.9999991188e-01,1.0000000000e+00,1.0000000000e+00
g12340,100,0,14,2.1105957031e-01,9.0657951386e-01,9.9999999995e-01,1.0000000000e+00,1.0000000000e+00,1.0000000000e+00
g21214,10,0,7,2.4218750000e-01,9.3753774684e-01,1.0000000000e+00,1.0000000000e+00,1.0000000000e+00,1.0000000000e+00
g21404,100,0,62,8.2562435235e-06,8.2559367853e-05,8.2528702383e-04,8.2222881530e-03,7.9246365247e-02,5.6204002789e-01
g21530,100,0,66,1.2551348167e-05,1.2550639277e-04,1.2543553314e-03,1.2472986300e-02,1.1795682185e-01,7.1496482737e-01
g21700,100,0,62,5.2697667707e-04,5.2572876169e-03,5.1346395252e-02,4.0969479432e-01,9.9486233088e-01,1.0000000000e+00
g21602,100,0,60,7.6323852801e-06,7.6321231455e-05,7.6295024603e-04,7.6033614936e-03,7.3484166732e-02,5.3384703176e-01
g22412,100,0,14,2.5531005859e-01,9.4754886646e-01,1.0000000000e+00,1.0000000000e+00,1.0000000000e+00,1.0000000000e+00
g23600,12,0,13,4.9987792969e-01,9.9902105069e-01,1.0000000000e+00,1.0000000000e+00,1.0000000000e+00,1.0000000000e+00
g22520,100,0,14,2.5531005859e-01,9.4754886646e-01,1.0000000000e+00,1.0000000000e+00,1.0000000000e+00,1.0000000000e+00
g20413,100,0,27,8.3633571863e-02,5.8246613985e-01,9.9983896621e-01,1.0000000000e+00,1.0000000000e+00,1.0000000000e+00
g23032,100,0,38,3.1410390511e-04,3.1366030110e-03,3.0926990383e-02,2.6959291244e-01,9.5678348049e-01,1.0000000000e+00
g23041,100,0,70,2.4538147145e-05,2.4535437780e-04,2.4508366049e-03,2.4239828036e-02,2.1759633980e-01,9.1403755989e-01
g10090,100,0,22,1.2996268272e-01,7.5147000794e-01,9.9999910094e-01,1.0000000000e+00,1.0000000000e+00,1.0000000000e+00
g11045,15,0,7,1.2500000000e-01,7.3692442384e-01,9.9999841217e-01,1.0000000000e+00,1.0000000000e+00,1.0000000000e+00
g24112,12,0,14,2.4993896484e-01,9.4364064045e-01,1.0000000000e+00,1.0000000000e+00,1.0000000000e+00,1.0000000000e+00
g24121,48,0,17,4.6863555908e-01,9.9820557679e-01,1.0000000000e+00,1.0000000000e+00,1.0000000000e+00,1.0000000000e+00
g12017,6,0,8,6.2500000000e-01,9.9994500633e-01,1.0000000000e+00,1.0000000000e+00,1.0000000000e+00,1.0000000000e+00
g24220,7,0,9,2.4414062500e-01,9.3912905551e-01,1.0000000000e+00,1.0000000000e+00,1.0000000000e+00,1.0000000000e+00
g25310,15,0,10,4.7558593750e-01,9.9842694723e-01,1.0000000000e+00,1.0000000000e+00,1.0000000000e+00,1.0000000000e+00
g25111,100,0,43,7.8315918363e-03,7.5612754355e-02,5.4444643866e-01,9.9961505874e-01,1.0000000000e+00,1.0000000000e+00
g25120,16,0,11,3.7353515625e-01,9.9068962785e-01,1.0000000000e+00,1.0000000000e+00,1.0000000000e+00,1.0000000000e+00
g16211,1,0,3,1.2500000000e-01,7.3692442384e-01,9.9999841217e-01,1.0000000000e+00,1.0000000000e+00,1.0000000000e+00
g24221,2,0,6,9.3750000000e-02,6.2633691437e-01,9.9994693576e-01,1.0000000000e+00,1.0000000000e+00,1.0000000000e+00
g26030,5,0,8,2.2656250000e-01,9.2339585856e-01,9.9999999999e-01,1.0000000000e+00,1.0000000000e+00,1.0000000000e+00
g26300,28,0,18,2.8789520264e-01,9.6646957056e-01,1.0000000000e+00,1.0000000000e+00,1.0000000000e+00,1.0000000000e+00
g22303,73,0,20,2.0008087158e-03,1.9828899368e-02,1.8149952411e-01,8.6504488098e-01,9.9999999800e-01,1.0000000000e+00
g25301,100,0,99,2.3947143804e-01,9.3526259480e-01,1.0000000000e+00,1.0000000000e+00,1.0000000000e+00,1.0000000000e+00
g23320,100,0,30,7.3248811066e-02,5.3266154485e-01,9.9950304715e-01,1.0000000000e+00,1.0000000000e+00,1.0000000000e+00
g27002,100,0,30,1.1734576523e-01,7.1298401035e-01,9.9999620632e-01,1.0000000000e+00,1.0000000000e+00,1.0000000000e+00
g27020,100,0,28,4.1747093201e-02,3.4716797120e-01,9.8593905423e-01,1.0000000000e+00,1.0000000000e+00,1.0000000000e+00
g22016,100,0,27,2.8405852616e-02,2.5036664772e-01,9.4396117675e-01,1.0000000000e+00,1.0000000000e+00,1.0000000000e+00
g27101,100,0,28,8.5389614105e-03,8.2182098263e-02,5.7580529600e-01,9.9981135191e-01,1.0000000000e+00,1.0000000000e+00
g27110,91,0,25,4.3322896957e-01,9.9657960361e-01,1.0000000000e+00,1.0000000000e+00,1.0000000000e+00,1.0000000000e+00
g22213,73,0,20,2.0008087158e-03,1.9828899368e-02,1.8149952411e-01,8.6504488098e-01,9.9999999800e-01,1.0000000000e+00
g27010,5,0,13,3.7841796875e-03,3.7203856033e-02,3.1554732931e-01,9.7743505786e-01,1.0000000000e+00,1.0000000000e+00
g11117,100,0,12,8.9599609375e-02,6.0886709466e-01,9.9991620009e-01,1.0000000000e+00,1.0000000000e+00,1.0000000000e+00
g11243,100,0,12,8.9599609375e-02,6.0886709466e-01,9.9991620009e-01,1.0000000000e+00,1.0000000000e+00,1.0000000000e+00
g10018,100,0,59,5.4689482582e-02,4.3017054007e-01,9.9639048390e-01,1.0000000000e+00,1.0000000000e+00,1.0000000000e+00
g10109,100,0,59,5.8593754998e-02,4.5327271347e-01,9.9761379640e-01,1.0000000000e+00,1.0000000000e+00,1.0000000000e+00
g10127,100,0,59,4.6875139931e-02,3.8127456073e-01,9.9177795732e-01,1.0000000000e+00,1.0000000000e+00,1.0000000000e+00
g10235,100,0,59,5.8593788650e-02,4.5327290890e-01,9.9761380493e-01,1.0000000000e+00,1.0000000000e+00,1.0000000000e+00
g10316,100,0,59,5.4688406162e-02,4.3016405141e-01,9.9639007286e-01,1.0000000000e+00,1.0000000000e+00,1.0000000000e+00
g10334,100,0,59,5.4687509313e-02,4.3015864517e-01,9.9638973036e-01,1.0000000000e+00,1.0000000000e+00,1.0000000000e+00
g11008,100,0,10,2.2558593750e-01,9.2242312041e-01,9.9999999999e-01,1.0000000000e+00,1.0000000000e+00,1.0000000000e+00
g20711,100,0,58,5.1925240890e-03,5.0728585677e-02,4.0583915249e-01,9.9451672151e-01,1.0000000000e+00,1.0000000000e+00
g20810,100,0,58,5.2638100906e-03,5.1408596116e-02,4.1008172863e-01,9.9489590820e-01,1.0000000000e+00,1.0000000000e+00
g16220,1,0,3,1.2500000000e-01,7.3692442384e-01,9.9999841217e-01,1.0000000000e+00,1.0000000000e+00,1.0000000000e+00
g22222,73,0,20,2.0008087158e-03,1.9828899368e-02,1.8149952411e-01,8.6504488098e-01,9.9999999800e-01,1.0000000000e+00
g12106,6,0,12,1.2890625000e-01,7.4843571864e-01,9.9999898494e-01,1.0000000000e+00,1.0000000000e+00,1.0000000000e+00
g16400,1,0,3,1.2500000000e-01,7.3692442384e-01,9.9999841217e-01,1.0000000000e+00,1.0000000000e+00,1.0000000000e+00
g11063,100,0,14,9.4116210938e-02,6.2784412479e-01,9.9994903773e-01,1.0000000000e+00,1.0000000000e+00,1.0000000000e+00
g12223,8,0,16,1.2597656250e-01,7.3984583288e-01,9.9999857994e-01,1.0000000000e+00,1.0000000000e+00,1.0000000000e+00
g30008,100,0,58,2.2729521686e-01,9.2411848277e-01,9.9999999999e-01,1.0000000000e+00,1.0000000000e+00,1.0000000000e+00
g30080,100,0,99,3.4398981006e-02,2.9534400036e-01,9.6981636504e-01,1.0000000000e+00,1.0000000000e+00,1.0000000000e+00
g11036,100,0,99,3.4317315424e-02,2.9474781159e-01,9.6956001567e-01,1.0000000000e+00,1.0000000000e+00,1.0000000000e+00
g11108,100,0,99,4.1098358005e-02,3.4273482335e-01,9.8495451368e-01,1.0000000000e+00,1.0000000000e+00,1.0000000000e+00
g11306,100,0,99,2.4067061486e-02,2.1620992399e-01,9.1250210533e-01,9.9999999997e-01,1.0000000000e+00,1.0000000000e+00
g11341,100,0,99,2.6660931726e-02,2.3679438633e-01,9.3294740948e-01,1.0000000000e+00,1.0000000000e+00,1.0000000000e+00
g30107,100,0,99,3.4761613309e-02,2.9798587432e-01,9.7092909785e-01,1.0000000000e+00,1.0000000000e+00,1.0000000000e+00
g11432,100,0,99,2.7514383205e-02,2.4346004781e-01,9.3857874633e-01,1.0000000000e+00,1.0000000000e+00,1.0000000000e+00
g11450,100,0,99,3.1780146655e-02,2.7599788309e-01,9.6042705602e-01,1.0000000000e+00,1.0000000000e+00,1.0000000000e+00
g30116,100,0,58,2.2729492614e-01,9.2411819727e-01,9.9999999999e-01,1.0000000000e+00,1.0000000000e+00,1.0000000000e+00
g30070,80,0,29,1.5937805176e-02,1.4841995453e-01,7.9943517755e-01,9.9999989467e-01,1.0000000000e+00,1.0000000000e+00
g30224,100,0,83,1.6828939700e-01,8.4161196134e-01,9.9999999006e-01,1.0000000000e+00,1.0000000000e+00,1.0000000000e+00
g30044,100,0,87,2.9738659887e-01,9.7067997816e-01,1.0000000000e+00,1.0000000000e+00,1.0000000000e+00,1.0000000000e+00
g30233,100,0,78,4.2196287875e-01,9.9583555343e-01,1.0000000000e+00,1.0000000000e+00,1.0000000000e+00,1.0000000000e+00
g30241,100,0,72,1.2911876058e-01,7.4904875736e-01,9.9999900941e-01,1.0000000000e+00,1.0000000000e+00,1.0000000000e+00
g30134,100,0,97,7.8217948790e-03,7.5521473633e-02,5.4399639199e-01,9.9961123891e-01,1.0000000000e+00,1.0000000000e+00
g30440,100,0,97,5.5749392503e-03,5.4371385616e-02,4.2825015793e-01,9.9626697814e-01,1.0000000000e+00,1.0000000000e+00
g11135,100,0,99,9.3250577018e-03,8.9433260341e-02,6.0815182579e-01,9.9991465496e-01,1.0000000000e+00,1.0000000000e+00
g30143,100,0,97,5.3635947318e-06,5.3634652770e-05,5.3621709580e-04,5.3492506471e-03,5.2223051837e-02,4.1512721188e-01
g11216,100,0,99,4.2346954724e-02,3.5124317409e-01,9.8679253698e-01,1.0000000000e+00,1.0000000000e+00,1.0000000000e+00
g30151,100,0,99,2.4134411533e-01,9.3683910016e-01,1.0000000000e+00,1.0000000000e+00,1.0000000000e+00,1.0000000000e+00
g11234,100,0,99,4.1208744475e-02,3.4349105951e-01,9.8512673048e-01,1.0000000000e+00,1.0000000000e+00,1.0000000000e+00
g11252,100,0,99,4.2084226079e-02,3.4946113430e-01,9.8642522997e-01,1.0000000000e+00,1.0000000000e+00,1.0000000000e+00
g11315,100,0,99,2.1116432519e-02,1.9218785051e-01,8.8166756354e-01,9.9999999946e-01,1.0000000000e+00,1.0000000000e+00
g11351,100,0,99,5.2528421739e-03,5.1303999663e-02,4.0943093225e-01,9.9483931963e-01,1.0000000000e+00,1.0000000000e+00
g11414,100,0,99,2.9793799695e-02,2.6100677393e-01,9.5142592100e-01,1.0000000000e+00,1.0000000000e+00,1.0000000000e+00
g11422,100,0,99,6.7990379184e-03,6.5947438649e-02,4.9450931501e-01,9.9891073996e-01,1.0000000000e+00,1.0000000000e+00
g11126,100,0,18,1.0425567627e-01,6.6746248463e-01,9.9998346491e-01,1.0000000000e+00,1.0000000000e+00,1.0000000000e+00
g30601,11,0,22,1.1715698242e-01,7.1236954703e-01,9.9999612431e-01,1.0000000000e+00,1.0000000000e+00,1.0000000000e+00
g17030,100,0,97,1.7029352928e-10,1.7029352915e-09,1.7029352784e-08,1.7029351479e-07,1.7029338429e-06,1.7029207931e-05
g19001,100,0,30,4.6787843108e-02,3.8070763572e-01,9.9170230909e-01,1.0000000000e+00,1.0000000000e+00,1.0000000000e+00
g20522,100,0,27,1.8427564204e-01,8.6955293634e-01,9.9999999857e-01,1.0000000000e+00,1.0000000000e+00,1.0000000000e+00
g22403,100,0,60,3.1391777968e-03,3.0952020155e-02,2.6978154424e-01,9.5689496000e-01,1.0000000000e+00,1.0000000000e+00
g24004,100,0,27,5.0851246715e-01,9.9917752054e-01,1.0000000000e+00,1.0000000000e+00,1.0000000000e+00,1.0000000000e+00
g11621,100,0,9,1.9531250000e-01,8.8616585483e-01,9.9999999963e-01,1.0000000000e+00,1.0000000000e+00,1.0000000000e+00
g10730,100,0,56,2.4253880978e-01,9.3782670855e-01,1.0000000000e+00,1.0000000000e+00,1.0000000000e+00,1.0000000000e+00
g14041,35,0,28,1.2496900558e-01,7.3683122185e-01,9.9999840653e-01,1.0000000000e+00,1.0000000000e+00,1.0000000000e+00
g14132,100,0,79,8.3693581611e-02,5.8273948814e-01,9.9984001736e-01,1.0000000000e+00,1.0000000000e+00,1.0000000000e+00
g13313,4,0,13,1.8310546875e-03,1.8160406953e-02,1.6745941847e-01,8.4002426273e-01,9.9999998902e-01,1.0000000000e+00
g13024,23,0,25,1.1215209961e-02,1.0665795863e-01,6.7627389120e-01,9.9998735912e-01,1.0000000000e+00,1.0000000000e+00
g11332,36,0,43,1.0803222656e-02,1.0292877079e-01,6.6250349292e-01,9.9998082688e-01,1.0000000000e+00,1.0000000000e+00
g14032,100,0,98,4.8699554545e-10,4.8699554439e-09,4.8699553371e-08,4.8699542699e-07,4.8699435975e-06,4.8698368753e-05
g14033,100,0,75,1.4404376095e-01,7.8888668832e-01,9.9999982414e-01,1.0000000000e+00,1.0000000000e+00,1.0000000000e+00
g14222,100,0,84,1.7489688846e-01,8.5375458850e-01,9.9999999552e-01,1.0000000000e+00,1.0000000000e+00,1.0000000000e+00
g15022,100,0,31,1.4846774563e-01,7.9954770712e-01,9.9999989526e-01,1.0000000000e+00,1.0000000000e+00,1.0000000000e+00
g18110,100,0,60,4.3254791313e-06,4.3253949383e-05,4.3245531285e-04,4.3161470345e-03,4.2332735932e-02,3.5114684322e-01
g23113,100,0,30,8.0414205790e-02,5.6756330793e-01,9.9977132148e-01,1.0000000000e+00,1.0000000000e+00,1.0000000000e+00
g22204,100,0,27,2.6832759380e-02,2.3814063560e-01,9.3412083279e-01,1.0000000000e+00,1.0000000000e+00,1.0000000000e+00
g21260,100,0,28,6.1565637589e-02,4.7028896721e-01,9.9826063717e-01,1.0000000000e+00,1.0000000000e+00,1.0000000000e+00
g20144,82,0,28,1.8398553133e-02,1.6947655138e-01,8.4385827020e-01,9.9999999139e-01,1.0000000000e+00,1.0000000000e+00
g20216,82,0,28,1.8398553133e-02,1.6947655138e-01,8.4385827020e-01,9.9999999139e-01,1.0000000000e+00,1.0000000000e+00
g21251,100,0,25,4.4394254684e-02,3.6497982751e-01,9.8933710295e-01,1.0000000000e+00,1.0000000000e+00,1.0000000000e+00
g26110,100,0,48,4.7664299923e-01,9.9845836920e-01,1.0000000000e+00,1.0000000000e+00,1.0000000000e+00,1.0000000000e+00
g19100,100,0,60,2.2383310261e-02,2.0258193192e-01,8.9604132925e-01,9.9999999985e-01,1.0000000000e+00,1.0000000000e+00
g30035,100,0,54,2.1568994413e-07,2.1568973478e-06,2.1568764130e-05,2.1566670798e-04,2.1545752373e-03,2.1338049343e-02
g30034,100,0,48,4.9733701530e-06,4.9732588497e-05,4.9721459986e-04,4.9610357304e-03,4.8517348500e-02,3.9185275802e-01
g30610,100,0,48,4.7610363072e-01,9.9844240736e-01,1.0000000000e+00,1.0000000000e+00,1.0000000000e+00,1.0000000000e+00
g30602,100,0,48,3.8656949691e-03,3.7991373208e-02,3.2112523445e-01,9.7920798125e-01,1.0000000000e+00,1.0000000000e+00
g16120,100,0,59,2.2146999793e-01,9.1819995632e-01,9.9999999999e-01,1.0000000000e+00,1.0000000000e+00,1.0000000000e+00
g14402,100,0,30,5.5946617573e-01,9.9972470863e-01,1.0000000000e+00,1.0000000000e+00,1.0000000000e+00,1.0000000000e+00
g23042,100,0,27,2.4655301869e-01,9.4104414091e-01,1.0000000000e+00,1.0000000000e+00,1.0000000000e+00,1.0000000000e+00
g21143,100,0,27,1.9992887974e-04,1.9974910360e-03,1.9796314746e-02,1.8122738266e-01,8.6459549968e-01,9.9999999793e-01
g22610,12,0,9,3.6914062500e-01,9.9001551627e-01,1.0000000000e+00,1.0000000000e+00,1.0000000000e+00,1.0000000000e+00
g24500,100,0,66,2.7907275752e-05,2.7903771341e-04,2.7868759479e-03,2.7521843736e-02,2.4351808461e-01,9.3862584843e-01
g22700,1,0,7,7.8125000000e-03,7.5434863403e-02,5.4356900259e-01,9.9960757984e-01,1.0000000000e+00,1.0000000000e+00
g22340,7,0,9,3.7500000000e-01,9.9090505298e-01,1.0000000000e+00,1.0000000000e+00,1.0000000000e+00,1.0000000000e+00
g23510,5,0,8,1.2109375000e-01,7.2494121011e-01,9.9999752112e-01,1.0000000000e+00,1.0000000000e+00,1.0000000000e+00
g30412,100,0,75,4.8684623279e-02,3.9292106183e-01,9.9320089640e-01,1.0000000000e+00,1.0000000000e+00,1.0000000000e+00
g3028_II20100_C,100,0,175,4.8775767064e-04,4.8668847799e-03,4.7616668703e-02,3.8607141158e-01,9.9239361027e-01,1.0000000000e+00
II23034_II23036_B,100,0,100,9.3641441824e-10,9.3641441429e-09,9.3641437483e-08,9.3641398024e-07,9.3641003433e-06,9.3637057644e-05
II23142_II23144_B,100,0,100,3.3941443911e-09,3.3941443393e-08,3.3941438209e-07,3.3941386368e-06,3.3940867964e-05,3.3935684512e-04
II24123_II24125_B,100,0,52,2.2957692858e-08,2.2957690486e-07,2.2957666769e-06,2.2957429596e-05,2.2955058045e-04,2.2931360493e-03
g23033,4,0,10,2.9296875000e-03,2.8913638971e-02,2.5427527147e-01,9.4681545513e-01,1.0000000000e+00,1.0000000000e+00
g25112,4,0,12,7.3242187500e-04,7.3001259567e-03,7.0649220058e-02,5.1938571216e-01,9.9934239247e-01,1.0000000000e+00
g10074,100,0,70,7.5453940119e-05,7.5428325437e-04,7.5172815278e-03,7.2680197979e-02,5.2978623527e-01,9.9947161147e-01
g10119,100,0,100,1.7382702639e-09,1.7382702503e-08,1.7382701143e-07,1.7382687546e-06,1.7382551575e-05,1.7381191950e-04
g10146,100,0,70,7.5965554461e-05,7.5939591276e-04,7.5680609126e-03,7.3154542650e-02,5.3218595413e-01,9.9949796665e-01
g10308,100,0,99,6.2758723912e-10,6.2758723735e-09,6.2758721963e-08,6.2758704239e-07,6.2758526999e-06,6.2756754644e-05
g10326,100,0,100,1.5388019747e-09,1.5388019641e-08,1.5388018575e-07,1.5388007920e-06,1.5387901364e-05,1.5386835864e-04
g10524,100,0,81,3.6634929353e-04,3.6574593005e-03,3.5978461311e-02,3.0678592421e-01,9.7437441873e-01,1.0000000000e+00
g10650,100,0,54,4.7956305593e-09,4.7956304558e-08,4.7956294209e-07,4.7956190718e-06,4.7955155823e-05,4.7944808510e-04
g10704,100,0,54,6.4834176194e-07,6.4833987039e-06,6.4832095521e-05,6.4813184388e-04,6.4624477035e-03,6.2777155343e-02
g15311,2,0,6,3.1250000000e-02,2.7202384333e-01,9.5820045528e-01,1.0000000000e+00,1.0000000000e+00,1.0000000000e+00
g16302,100,0,62,7.9590734021e-08,7.9590705515e-07,7.9590420455e-06,7.9587569929e-05,7.9559072162e-04,7.9274841550e-03
g21162,100,0,52,7.8918626745e-08,7.8918598718e-07,7.8918318452e-06,7.8915515866e-05,7.8887497298e-04,7.8608039933e-03
g20190,1,0,11,4.8828125000e-04,4.8720976218e-03,4.7666556569e-02,3.8639292465e-01,9.9243335102e-01,1.0000000000e+00
g21036,100,0,79,7.4457682820e-07,7.4457433343e-06,7.4454938634e-05,7.4429997665e-04,7.4181199712e-03,7.1753271718e-02
g22421,100,0,89,1.0710604090e-06,1.0710552467e-05,1.0710036260e-04,1.0704876015e-03,1.0653455479e-02,1.0156965396e-01
g22412,2,0,14,1.2207031250e-04,1.2200327910e-03,1.2133563764e-02,1.1492046122e-01,7.0499932570e-01,9.9999500851e-01
g22520,2,0,14,1.2207031250e-04,1.2200327910e-03,1.2133563764e-02,1.1492046122e-01,7.0499932570e-01,9.9999500851e-01
g23006,100,0,57,5.9926605900e-06,5.9924989887e-05,5.9908832949e-04,5.9747582627e-03,5.8166513035e-02,4.5078640687e-01
g20432,100,0,34,4.4737360440e-05,4.4728355073e-04,4.4638434212e-03,4.3752359395e-02,3.6070138130e-01,9.8859651329e-01
g23403,100,0,56,1.9348499336e-06,1.9348330873e-05,1.9346646349e-04,1.9329811863e-03,1.9162536897e-02,1.7591795145e-01
g23052,100,0,56,1.5736495129e-06,1.5736383693e-05,1.5735269388e-04,1.5724132120e-03,1.5613335622e-02,1.4560791541e-01
g23420,100,0,56,1.5788464225e-06,1.5788352051e-05,1.5787230374e-04,1.5776019446e-03,1.5664492058e-02,1.4605182059e-01
g24060,100,0,52,9.4482602507e-02,6.2934660083e-01,9.9995105821e-01,1.0000000000e+00,1.0000000000e+00,1.0000000000e+00
g18101,100,0,58,5.3234870734e-08,5.3234857981e-07,5.3234730453e-06,5.3233455200e-05,5.3220704907e-04,5.3093425678e-03
g18200,100,0,58,6.2107232135e-08,6.2107214777e-07,6.2107041199e-06,6.2105305449e-05,6.2087951513e-04,6.1914767296e-03
g21108,100,0,59,1.3617682286e-07,1.3617673941e-06,1.3617590493e-05,1.3616756048e-04,1.3608415355e-03,1.3525382016e-02
g21144,100,0,59,3.8929283629e-07,3.8929215432e-06,3.8928533471e-05,3.8921714741e-04,3.8853614953e-03,3.8181284217e-02
g26202,4,0,13,3.6621093750e-04,3.6560802945e-03,3.5965118512e-02,3.0668997208e-01,9.7433892665e-01,1.0000000000e+00
g17121,100,0,97,2.1369932351e-09,2.1369932146e-08,2.1369930091e-07,2.1369909541e-06,2.1369704039e-05,2.1367649167e-04
g20145,100,0,56,1.4274587556e-07,1.4274578387e-06,1.4274486694e-05,1.4273569804e-04,1.4264405227e-03,1.4173189685e-02
g20271,100,0,56,1.0617394253e-07,1.0617389180e-06,1.0617338452e-05,1.0616831191e-04,1.0611760357e-03,1.0561229233e-02
g20217,100,0,56,2.3143519456e-07,2.3143495353e-06,2.3143254325e-05,2.3140844228e-04,2.3116761652e-03,2.2877764960e-02
g21810,100,0,56,3.3542919198e-07,3.3542868567e-06,3.3542362266e-05,3.3537299813e-04,3.3486731281e-03,3.2986598539e-02
g20118,100,0,49,3.5494991835e-07,3.5494935139e-06,3.5494368194e-05,3.5488699405e-04,3.5432077857e-03,3.4872438343e-02
g19101,100,0,56,1.3991825654e-07,1.3991816844e-06,1.3991728747e-05,1.3990847822e-04,1.3982042636e-03,1.3894395967e-02
g20280,100,0,56,7.2536082918e-08,7.2536059241e-07,7.2535822475e-06,7.2533454870e-05,7.2509784490e-04,7.2273646291e-03
g20307,100,0,56,6.3554824514e-08,6.3554806338e-07,6.3554624573e-06,6.3552806969e-05,6.3534634732e-04,6.3353292909e-03
g22205,100,0,34,3.1633302569e-05,3.1628799953e-04,3.1583820757e-03,3.1138688685e-02,2.7118695152e-01,9.5771742817e-01
g25400,100,0,99,1.6782997660e-10,1.6782997647e-09,1.6782997521e-08,1.6782996253e-07,1.6782983578e-06,1.6782856828e-05
g14015,100,0,98,1.1197577311e-09,1.1197577255e-08,1.1197576690e-07,1.1197571048e-06,1.1197514625e-05,1.1196950412e-04
g14106,100,0,97,2.3712150093e-09,2.3712149840e-08,2.3712147310e-07,2.3712122008e-06,2.3711868990e-05,2.3709339013e-04
g14321,100,0,100,1.0966792198e-09,1.0966792144e-08,1.0966791603e-07,1.0966786191e-06,1.0966732069e-05,1.0966190874e-04
g14123,100,0,100,1.3582652170e-10,1.3582652162e-09,1.3582652079e-08,1.3582651249e-07,1.3582642947e-06,1.3582559927e-05
g14052,100,0,97,2.9884815878e-09,2.9884815476e-08,2.9884811457e-07,2.9884771268e-06,2.9884369376e-05,2.9880350857e-04
g14205,100,0,97,1.1254819302e-09,1.1254819245e-08,1.1254818675e-07,1.1254812975e-06,1.1254755973e-05,1.1254185977e-04
II15204_II15206_B,100,0,9,1.9531250000e-01,8.8616585483e-01,9.9999999963e-01,1.0000000000e+00,1.0000000000e+00,1.0000000000e+00
II20429_II20430_B,100,0,9,1.9531250000e-01,8.8616585483e-01,9.9999999963e-01,1.0000000000e+00,1.0000000000e+00,1.0000000000e+00
II22062_II22064_B,100,0,9,1.9531250000e-01,8.8616585483e-01,9.9999999963e-01,1.0000000000e+00,1.0000000000e+00,1.0000000000e+00
II24015_II24017_B,100,0,100,1.6068557294e-07,1.6068545675e-06,1.6068429486e-05,1.6067267661e-04,1.6055655568e-03,1.5940148008e-02
II24213_II24215_B,100,0,99,1.8307587799e-07,1.8307572716e-06,1.8307421892e-05,1.8305913738e-04,1.8290841305e-03,1.8141023581e-02
II31035_II31037_B,14,0,21,2.8971529007e-01,9.6731679345e-01,1.0000000000e+00,1.0000000000e+00,1.0000000000e+00,1.0000000000e+00
II32430_II32432_B,100,0,48,4.5567294160e-03,4.4644187674e-02,3.6663873155e-01,9.8961240480e-01,1.0000000000e+00,1.0000000000e+00
II36300_II36302_B,100,0,48,3.6824703784e-06,3.6824093564e-05,3.6817992100e-04,3.6757051548e-03,3.6154986416e-02,3.0805424549e-01
g23313,100,0,12,2.8588867188e-01,9.6551269765e-01,1.0000000000e+00,1.0000000000e+00,1.0000000000e+00,1.0000000000e+00
g23312,100,0,12,3.2128906250e-01,9.7925810270e-01,1.0000000000e+00,1.0000000000e+00,1.0000000000e+00,1.0000000000e+00
g20630,2,0,3,5.0000000000e-01,9.9902343750e-01,1.0000000000e+00,1.0000000000e+00,1.0000000000e+00,1.0000000000e+00
g20631,3,0,3,5.0000000000e-01,9.9902343750e-01,1.0000000000e+00,1.0000000000e+00,1.0000000000e+00,1.0000000000e+00
g20612,2,0,3,5.0000000000e-01,9.9902343750e-01,1.0000000000e+00,1.0000000000e+00,1.0000000000e+00,1.0000000000e+00
g20613,3,0,3,5.0000000000e-01,9.9902343750e-01,1.0000000000e+00,1.0000000000e+00,1.0000000000e+00,1.0000000000e+00
g20621,2,0,3,5.0000000000e-01,9.9902343750e-01,1.0000000000e+00,1.0000000000e+00,1.0000000000e+00,1.0000000000e+00
g20622,3,0,3,5.0000000000e-01,9.9902343750e-01,1.0000000000e+00,1.0000000000e+00,1.0000000000e+00,1.0000000000e+00
g30512,100,0,99,2.8738077641e-01,9.6622655698e-01,1.0000000000e+00,1.0000000000e+00,1.0000000000e+00,1.0000000000e+00
g30513,100,0,87,3.3717843154e-01,9.8363310407e-01,1.0000000000e+00,1.0000000000e+00,1.0000000000e+00,1.0000000000e+00
g30710,100,0,77,4.4732673406e-01,9.9734120672e-01,1.0000000000e+00,1.0000000000e+00,1.0000000000e+00,1.0000000000e+00
g30711,100,0,92,2.8145761174e-01,9.6331200896e-01,1.0000000000e+00,1.0000000000e+00,1.0000000000e+00,1.0000000000e+00
g23150,3,0,4,6.2500000000e-01,9.9994500633e-01,1.0000000000e+00,1.0000000000e+00,1.0000000000e+00,1.0000000000e+00
g23151,2,0,4,3.7500000000e-01,9.9090505298e-01,1.0000000000e+00,1.0000000000e+00,1.0000000000e+00,1.0000000000e+00
g25130,33,0,17,1.3377380371e-01,7.6214453480e-01,9.9999942040e-01,1.0000000000e+00,1.0000000000e+00,1.0000000000e+00
g11504,1,0,1,5.0000000000e-01,9.9902343750e-01,1.0000000000e+00,1.0000000000e+00,1.0000000000e+00,1.0000000000e+00
g11505,1,0,1,5.0000000000e-01,9.9902343750e-01,1.0000000000e+00,1.0000000000e+00,1.0000000000e+00,1.0000000000e+00
g23160,22,0,13,7.4975585938e-01,9.9999903697e-01,1.0000000000e+00,1.0000000000e+00,1.0000000000e+00,1.0000000000e+00
g11513,1,0,1,5.0000000000e-01,9.9902343750e-01,1.0000000000e+00,1.0000000000e+00,1.0000000000e+00,1.0000000000e+00
g11514,1,0,1,5.0000000000e-01,9.9902343750e-01,1.0000000000e+00,1.0000000000e+00,1.0000000000e+00,1.0000000000e+00
g25131,45,0,14,3.0578613281e-01,9.7400242461e-01,1.0000000000e+00,1.0000000000e+00,1.0000000000e+00,1.0000000000e+00
g19020,3,0,6,5.7812500000e-01,9.9982141791e-01,1.0000000000e+00,1.0000000000e+00,1.0000000000e+00,1.0000000000e+00
g13412,1,0,1,5.0000000000e-01,9.9902343750e-01,1.0000000000e+00,1.0000000000e+00,1.0000000000e+00,1.0000000000e+00
g13413,1,0,1,5.0000000000e-01,9.9902343750e-01,1.0000000000e+00,1.0000000000e+00,1.0000000000e+00,1.0000000000e+00
g25140,10,0,7,3.7500000000e-01,9.9090505298e-01,1.0000000000e+00,1.0000000000e+00,1.0000000000e+00,1.0000000000e+00
g13421,1,0,1,5.0000000000e-01,9.9902343750e-01,1.0000000000e+00,1.0000000000e+00,1.0000000000e+00,1.0000000000e+00
g24302,3,0,4,5.0000000000e-01,9.9902343750e-01,1.0000000000e+00,1.0000000000e+00,1.0000000000e+00,1.0000000000e+00
g24303,4,0,4,5.0000000000e-01,9.9902343750e-01,1.0000000000e+00,1.0000000000e+00,1.0000000000e+00,1.0000000000e+00
g24311,3,0,4,5.0000000000e-01,9.9902343750e-01,1.0000000000e+00,1.0000000000e+00,1.0000000000e+00,1.0000000000e+00
g24312,4,0,4,5.0000000000e-01,9.9902343750e-01,1.0000000000e+00,1.0000000000e+00,1.0000000000e+00,1.0000000000e+00
g24320,3,0,4,5.0000000000e-01,9.9902343750e-01,1.0000000000e+00,1.0000000000e+00,1.0000000000e+00,1.0000000000e+00
g24321,3,0,4,5.0000000000e-01,9.9902343750e-01,1.0000000000e+00,1.0000000000e+00,1.0000000000e+00,1.0000000000e+00
g30521,100,0,99,2.8040588174e-01,9.6277145620e-01,1.0000000000e+00,1.0000000000e+00,1.0000000000e+00,1.0000000000e+00
g30522,100,0,88,4.2914215899e-01,9.9632481076e-01,1.0000000000e+00,1.0000000000e+00,1.0000000000e+00,1.0000000000e+00
g30530,100,0,99,2.7295282710e-01,9.5873081423e-01,1.0000000000e+00,1.0000000000e+00,1.0000000000e+00,1.0000000000e+00
g30531,100,0,85,3.0945925725e-01,9.7534567732e-01,1.0000000000e+00,1.0000000000e+00,1.0000000000e+00,1.0000000000e+00
g13422,1,0,1,5.0000000000e-01,9.9902343750e-01,1.0000000000e+00,1.0000000000e+00,1.0000000000e+00,1.0000000000e+00
g11523,1,0,1,5.0000000000e-01,9.9902343750e-01,1.0000000000e+00,1.0000000000e+00,1.0000000000e+00,1.0000000000e+00
g11522,1,0,1,5.0000000000e-01,9.9902343750e-01,1.0000000000e+00,1.0000000000e+00,1.0000000000e+00,1.0000000000e+00
g27200,5,0,8,5.3125000000e-01,9.9948783157e-01,1.0000000000e+00,1.0000000000e+00,1.0000000000e+00,1.0000000000e+00
g27201,6,0,8,4.6875000000e-01,9.9820943772e-01,1.0000000000e+00,1.0000000000e+00,1.0000000000e+00,1.0000000000e+00
g11531,1,0,1,5.0000000000e-01,9.9902343750e-01,1.0000000000e+00,1.0000000000e+00,1.0000000000e+00,1.0000000000e+00
g11532,1,0,1,5.0000000000e-01,9.9902343750e-01,1.0000000000e+00,1.0000000000e+00,1.0000000000e+00,1.0000000000e+00
g11540,1,0,1,5.0000000000e-01,9.9902343750e-01,1.0000000000e+00,1.0000000000e+00,1.0000000000e+00,1.0000000000e+00
g11541,1,0,1,5.0000000000e-01,9.9902343750e-01,1.0000000000e+00,1.0000000000e+00,1.0000000000e+00,1.0000000000e+00
g24330,15,0,8,4.6093750000e-01,9.9792799304e-01,1.0000000000e+00,1.0000000000e+00,1.0000000000e+00,1.0000000000e+00
g27210,5,0,10,2.7441406250e-01,9.5955278988e-01,1.0000000000e+00,1.0000000000e+00,1.0000000000e+00,1.0000000000e+00
g13430,1,0,1,5.0000000000e-01,9.9902343750e-01,1.0000000000e+00,1.0000000000e+00,1.0000000000e+00,1.0000000000e+00
g13431,1,0,1,5.0000000000e-01,9.9902343750e-01,1.0000000000e+00,1.0000000000e+00,1.0000000000e+00,1.0000000000e+00
g23204,5,0,6,5.0000000000e-01,9.9902343750e-01,1.0000000000e+00,1.0000000000e+00,1.0000000000e+00,1.0000000000e+00
g23205,6,0,6,5.0000000000e-01,9.9902343750e-01,1.0000000000e+00,1.0000000000e+00,1.0000000000e+00,1.0000000000e+00
g23213,5,0,6,5.0000000000e-01,9.9902343750e-01,1.0000000000e+00,1.0000000000e+00,1.0000000000e+00,1.0000000000e+00
g23214,6,0,6,5.0000000000e-01,9.9902343750e-01,1.0000000000e+00,1.0000000000e+00,1.0000000000e+00,1.0000000000e+00
g23222,5,0,6,5.0000000000e-01,9.9902343750e-01,1.0000000000e+00,1.0000000000e+00,1.0000000000e+00,1.0000000000e+00
g23223,6,0,6,5.0000000000e-01,9.9902343750e-01,1.0000000000e+00,1.0000000000e+00,1.0000000000e+00,1.0000000000e+00
g23231,5,0,9,5.1953125000e-01,9.9934438111e-01,1.0000000000e+00,1.0000000000e+00,1.0000000000e+00,1.0000000000e+00
g23232,18,0,9,4.8046875000e-01,9.9856742702e-01,1.0000000000e+00,1.0000000000e+00,1.0000000000e+00,1.0000000000e+00
g30540,100,0,84,3.6644573090e-01,9.8958070782e-01,1.0000000000e+00,1.0000000000e+00,1.0000000000e+00,1.0000000000e+00
g11550,1,0,1,5.0000000000e-01,9.9902343750e-01,1.0000000000e+00,1.0000000000e+00,1.0000000000e+00,1.0000000000e+00
g13440,1,0,1,5.0000000000e-01,9.9902343750e-01,1.0000000000e+00,1.0000000000e+00,1.0000000000e+00,1.0000000000e+00
g26003,14,0,22,3.6786246300e-01,9.8981136980e-01,1.0000000000e+00,1.0000000000e+00,1.0000000000e+00,1.0000000000e+00
g26004,89,0,22,6.3213753700e-01,9.9995462102e-01,1.0000000000e+00,1.0000000000e+00,1.0000000000e+00,1.0000000000e+00
g23240,5,0,6,5.0000000000e-01,9.9902343750e-01,1.0000000000e+00,1.0000000000e+00,1.0000000000e+00,1.0000000000e+00
g23241,6,0,6,5.0000000000e-01,9.9902343750e-01,1.0000000000e+00,1.0000000000e+00,1.0000000000e+00,1.0000000000e+00
g23250,6,0,6,5.0000000000e-01,9.9902343750e-01,1.0000000000e+00,1.0000000000e+00,1.0000000000e+00,1.0000000000e+00
g24401,3,0,4,5.0000000000e-01,9.9902343750e-01,1.0000000000e+00,1.0000000000e+00,1.0000000000e+00,1.0000000000e+00
g24402,3,0,4,5.0000000000e-01,9.9902343750e-01,1.0000000000e+00,1.0000000000e+00,1.0000000000e+00,1.0000000000e+00
g24410,5,0,8,5.5468750000e-01,9.9969334584e-01,1.0000000000e+00,1.0000000000e+00,1.0000000000e+00,1.0000000000e+00
g24411,7,0,8,4.4531250000e-01,9.9724270146e-01,1.0000000000e+00,1.0000000000e+00,1.0000000000e+00,1.0000000000e+00
g30900,100,0,99,2.5618318009e-01,9.4816060215e-01,1.0000000000e+00,1.0000000000e+00,1.0000000000e+00,1.0000000000e+00
g30720,100,0,77,2.7857384030e-01,9.6181270795e-01,1.0000000000e+00,1.0000000000e+00,1.0000000000e+00,1.0000000000e+00
g30314,10,0,16,5.0195312500e-01,9.9906092086e-01,1.0000000000e+00,1.0000000000e+00,1.0000000000e+00,1.0000000000e+00
g30315,13,0,16,4.9804687500e-01,9.9898461294e-01,1.0000000000e+00,1.0000000000e+00,1.0000000000e+00,1.0000000000e+00
g26012,14,0,22,3.6786246300e-01,9.8981136980e-01,1.0000000000e+00,1.0000000000e+00,1.0000000000e+00,1.0000000000e+00
g26013,89,0,22,6.3213753700e-01,9.9995462102e-01,1.0000000000e+00,1.0000000000e+00,1.0000000000e+00,1.0000000000e+00
g30324,15,0,16,4.9804687500e-01,9.9898461294e-01,1.0000000000e+00,1.0000000000e+00,1.0000000000e+00,1.0000000000e+00
g30323,9,0,16,5.0195312500e-01,9.9906092086e-01,1.0000000000e+00,1.0000000000e+00,1.0000000000e+00,1.0000000000e+00
g23303,5,0,6,5.0000000000e-01,9.9902343750e-01,1.0000000000e+00,1.0000000000e+00,1.0000000000e+00,1.0000000000e+00
g23304,6,0,6,5.0000000000e-01,9.9902343750e-01,1.0000000000e+00,1.0000000000e+00,1.0000000000e+00,1.0000000000e+00
g24420,3,0,6,3.9062500000e-01,9.9293932323e-01,1.0000000000e+00,1.0000000000e+00,1.0000000000e+00,1.0000000000e+00
g26021,7,0,9,7.5195312500e-01,9.9999911827e-01,1.0000000000e+00,1.0000000000e+00,1.0000000000e+00,1.0000000000e+00
g26022,11,0,12,2.5000000000e-01,9.4368648529e-01,1.0000000000e+00,1.0000000000e+00,1.0000000000e+00,1.0000000000e+00
g20603,2,0,3,5.0000000000e-01,9.9902343750e-01,1.0000000000e+00,1.0000000000e+00,1.0000000000e+00,1.0000000000e+00
g20604,100,0,10,1.3671875000e-01,7.7010841014e-01,9.9999958768e-01,1.0000000000e+00,1.0000000000e+00,1.0000000000e+00
g305,2,0,4,3.1250000000e-01,9.7641004975e-01,1.0000000000e+00,1.0000000000e+00,1.0000000000e+00,1.0000000000e+00
g125,1,0,1,5.0000000000e-01,9.9902343750e-01,1.0000000000e+00,1.0000000000e+00,1.0000000000e+00,1.0000000000e+00
g10424,100,0,24,4.6127414703e-01,9.9794089651e-01,1.0000000000e+00,1.0000000000e+00,1.0000000000e+00,1.0000000000e+00
g10560,100,0,24,3.4350061417e-01,9.8512889496e-01,1.0000000000e+00,1.0000000000e+00,1.0000000000e+00,1.0000000000e+00
g10631,100,0,24,4.5020842552e-01,9.9747663079e-01,1.0000000000e+00,1.0000000000e+00,1.0000000000e+00,1.0000000000e+00
g10038,8,0,4,5.6250000000e-01,9.9974309026e-01,1.0000000000e+00,1.0000000000e+00,1.0000000000e+00,1.0000000000e+00
g11630,100,0,108,2.0302486420e-01,8.9661733482e-01,9.9999999986e-01,1.0000000000e+00,1.0000000000e+00,1.0000000000e+00
g12611,100,0,48,4.3728222689e-01,9.9681648923e-01,1.0000000000e+00,1.0000000000e+00,1.0000000000e+00,1.0000000000e+00
g13305,9,0,9,3.7304687500e-01,9.9061680560e-01,1.0000000000e+00,1.0000000000e+00,1.0000000000e+00,1.0000000000e+00
g12711,100,0,48,4.3724778744e-01,9.9681454032e-01,1.0000000000e+00,1.0000000000e+00,1.0000000000e+00,1.0000000000e+00
g18102,100,0,21,3.9596748352e-01,9.9353448411e-01,1.0000000000e+00,1.0000000000e+00,1.0000000000e+00,1.0000000000e+00
g18201,4,0,7,2.3437500000e-02,2.1113909478e-01,9.0667363815e-01,9.9999999995e-01,1.0000000000e+00,1.0000000000e+00
g20064,14,0,8,7.5000000000e-01,9.9999904633e-01,1.0000000000e+00,1.0000000000e+00,1.0000000000e+00,1.0000000000e+00
g20153,16,0,9,4.8242187500e-01,9.9862038112e-01,1.0000000000e+00,1.0000000000e+00,1.0000000000e+00,1.0000000000e+00
g21432,2,0,4,3.7500000000e-01,9.9090505298e-01,1.0000000000e+00,1.0000000000e+00,1.0000000000e+00,1.0000000000e+00
g17012,100,0,20,8.8092613220e-01,9.9999999943e-01,1.0000000000e+00,1.0000000000e+00,1.0000000000e+00,1.0000000000e+00
g17111,100,0,20,8.8134574890e-01,9.9999999945e-01,1.0000000000e+00,1.0000000000e+00,1.0000000000e+00,1.0000000000e+00
g21711,40,0,13,4.6862792969e-01,9.9820531912e-01,1.0000000000e+00,1.0000000000e+00,1.0000000000e+00,1.0000000000e+00
g14412,100,0,49,1.8358640785e-02,1.6913879508e-01,8.4322211151e-01,9.9999999103e-01,1.0000000000e+00,1.0000000000e+00
g23142,2,0,2,7.5000000000e-01,9.9999904633e-01,1.0000000000e+00,1.0000000000e+00,1.0000000000e+00,1.0000000000e+00
g24014,100,0,31,4.9931913614e-02,4.0083380830e-01,9.9403688753e-01,1.0000000000e+00,1.0000000000e+00,1.0000000000e+00
g25005,55,0,12,9.7705078125e-01,1.0000000000e+00,1.0000000000e+00,1.0000000000e+00,1.0000000000e+00,1.0000000000e+00
g20127,24,0,13,4.3762207031e-01,9.9683566331e-01,1.0000000000e+00,1.0000000000e+00,1.0000000000e+00,1.0000000000e+00
g28200,20,0,28,7.5854492188e-01,9.9999932646e-01,1.0000000000e+00,1.0000000000e+00,1.0000000000e+00,1.0000000000e+00
g30072,15,0,16,4.9804687500e-01,9.9898461294e-01,1.0000000000e+00,1.0000000000e+00,1.0000000000e+00,1.0000000000e+00
g331,1,0,1,5.0000000000e-01,9.9902343750e-01,1.0000000000e+00,1.0000000000e+00,1.0000000000e+00,1.0000000000e+00
g10047,4,0,6,1.4062500000e-01,7.8030146796e-01,9.9999973802e-01,1.0000000000e+00,1.0000000000e+00,1.0000000000e+00
g10056,100,0,70,4.5842963117e-05,4.5833507175e-04,4.5739090655e-03,4.4809052955e-02,3.6773087159e-01,9.8979014036e-01
g10065,4,0,6,1.4062500000e-01,7.8030146796e-01,9.9999973802e-01,1.0000000000e+00,1.0000000000e+00,1.0000000000e+00
g10082,100,0,40,1.3830254832e-01,7.7429141092e-01,9.9999965685e-01,1.0000000000e+00,1.0000000000e+00,1.0000000000e+00
g10155,100,0,34,8.3969678613e-02,5.8399505387e-01,9.9984476668e-01,1.0000000000e+00,1.0000000000e+00,1.0000000000e+00
g10164,100,0,70,1.5582101165e-08,1.5582100072e-07,1.5582089146e-06,1.5581979886e-05,1.5580887340e-04,1.5569967495e-03
g10173,100,0,34,9.5568344404e-02,6.3376694073e-01,9.9995659143e-01,1.0000000000e+00,1.0000000000e+00,1.0000000000e+00
g10182,100,0,70,1.2225131330e-04,1.2218408100e-03,1.2151446249e-02,1.1508066640e-01,7.0553286147e-01,9.9999509806e-01
g10209,4,0,6,1.4062500000e-01,7.8030146796e-01,9.9999973802e-01,1.0000000000e+00,1.0000000000e+00,1.0000000000e+00
g10218,100,0,70,1.4336232368e-04,1.4326987163e-03,1.4234971022e-02,1.3356882441e-01,7.6158108617e-01,9.9999940652e-01
g10227,100,0,34,1.5269367606e-02,1.4261776839e-01,7.8534313147e-01,9.9999979229e-01,1.0000000000e+00,1.0000000000e+00
g10272,100,0,70,1.6459179942e-04,1.6446994584e-03,1.6325800293e-02,1.5177160534e-01,8.0719066142e-01,9.9999992900e-01
g10281,4,0,6,1.4062500000e-01,7.8030146796e-01,9.9999973802e-01,1.0000000000e+00,1.0000000000e+00,1.0000000000e+00
g10290,100,0,73,1.2208808532e-04,1.2202103240e-03,1.2135319694e-02,1.1493619336e-01,7.0505175738e-01,9.9999501738e-01
g10353,100,0,70,8.4144219188e-05,8.4112365213e-04,8.3794708217e-03,8.0704588582e-02,5.6892689889e-01,9.9977843088e-01
g10362,4,0,6,1.4062500000e-01,7.8030146796e-01,9.9999973802e-01,1.0000000000e+00,1.0000000000e+00,1.0000000000e+00
g10371,68,0,48,2.1968969805e-03,2.1753051251e-02,1.9742612319e-01,8.8912077120e-01,9.9999999972e-01,1.0000000000e+00
g10380,100,0,59,1.1287707623e-01,6.9811744423e-01,9.9999371392e-01,1.0000000000e+00,1.0000000000e+00,1.0000000000e+00
g10407,100,0,30,1.3643247914e-01,7.6934493292e-01,9.9999957378e-01,1.0000000000e+00,1.0000000000e+00,1.0000000000e+00
g602,100,0,59,3.5199660089e-01,9.8694512134e-01,1.0000000000e+00,1.0000000000e+00,1.0000000000e+00,1.0000000000e+00
g10434,100,0,59,1.3922944013e-01,7.7670754528e-01,9.9999969187e-01,1.0000000000e+00,1.0000000000e+00,1.0000000000e+00
g10443,4,0,6,1.4062500000e-01,7.8030146796e-01,9.9999973802e-01,1.0000000000e+00,1.0000000000e+00,1.0000000000e+00
g10452,4,0,6,1.4062500000e-01,7.8030146796e-01,9.9999973802e-01,1.0000000000e+00,1.0000000000e+00,1.0000000000e+00
g10461,100,0,81,1.4402603553e-07,1.4402594218e-06,1.4402500873e-05,1.4401567465e-04,1.4392237817e-03,1.4299383227e-02
g10470,100,0,27,1.0190547258e-01,6.5863381388e-01,9.9997851155e-01,1.0000000000e+00,1.0000000000e+00,1.0000000000e+00
g10506,4,0,6,1.4062500000e-01,7.8030146796e-01,9.9999973802e-01,1.0000000000e+00,1.0000000000e+00,1.0000000000e+00
g10515,4,0,6,1.4062500000e-01,7.8030146796e-01,9.9999973802e-01,1.0000000000e+00,1.0000000000e+00,1.0000000000e+00
g10533,4,0,6,1.4062500000e-01,7.8030146796e-01,9.9999973802e-01,1.0000000000e+00,1.0000000000e+00,1.0000000000e+00
g611,100,0,52,3.9045183674e-01,9.9291923356e-01,1.0000000000e+00,1.0000000000e+00,1.0000000000e+00,1.0000000000e+00
g620,100,0,67,3.9012150410e-01,9.9288076702e-01,1.0000000000e+00,1.0000000000e+00,1.0000000000e+00,1.0000000000e+00
g10605,100,0,27,1.3721160591e-02,1.2904211668e-01,7.4882781449e-01,9.9999900065e-01,1.0000000000e+00,1.0000000000e+00
g10614,100,0,69,1.4044890875e-01,7.7985087675e-01,9.9999973259e-01,1.0000000000e+00,1.0000000000e+00,1.0000000000e+00
g10623,4,0,6,1.4062500000e-01,7.8030146796e-01,9.9999973802e-01,1.0000000000e+00,1.0000000000e+00,1.0000000000e+00
g10641,100,0,61,1.4061177582e-01,7.8026765812e-01,9.9999973761e-01,1.0000000000e+00,1.0000000000e+00,1.0000000000e+00
g12531,1,0,2,2.5000000000e-01,9.4368648529e-01,1.0000000000e+00,1.0000000000e+00,1.0000000000e+00,1.0000000000e+00
g10416,2,0,3,2.5000000000e-01,9.4368648529e-01,1.0000000000e+00,1.0000000000e+00,1.0000000000e+00,1.0000000000e+00
g10542,2,0,3,2.5000000000e-01,9.4368648529e-01,1.0000000000e+00,1.0000000000e+00,1.0000000000e+00,1.0000000000e+00
g11154,32,0,8,2.5000000000e-01,9.4368648529e-01,1.0000000000e+00,1.0000000000e+00,1.0000000000e+00,1.0000000000e+00
g11225,39,0,8,2.5000000000e-01,9.4368648529e-01,1.0000000000e+00,1.0000000000e+00,1.0000000000e+00,1.0000000000e+00
g11324,100,0,16,1.1663818359e-01,7.1067482258e-01,9.9999588981e-01,1.0000000000e+00,1.0000000000e+00,1.0000000000e+00
g11441,39,0,8,2.5000000000e-01,9.4368648529e-01,1.0000000000e+00,1.0000000000e+00,1.0000000000e+00,1.0000000000e+00
g11603,39,0,8,2.5000000000e-01,9.4368648529e-01,1.0000000000e+00,1.0000000000e+00,1.0000000000e+00,1.0000000000e+00
g11613,100,0,16,1.2544250488e-01,7.3825182567e-01,9.9999849049e-01,1.0000000000e+00,1.0000000000e+00,1.0000000000e+00
g12251,100,0,96,2.7111852183e-02,2.4032274015e-01,9.3598359753e-01,1.0000000000e+00,1.0000000000e+00,1.0000000000e+00
g13503,1,0,2,2.5000000000e-01,9.4368648529e-01,1.0000000000e+00,1.0000000000e+00,1.0000000000e+00,1.0000000000e+00
g12521,1,0,3,1.2500000000e-01,7.3692442384e-01,9.9999841217e-01,1.0000000000e+00,1.0000000000e+00,1.0000000000e+00
g12530,1,0,3,1.2500000000e-01,7.3692442384e-01,9.9999841217e-01,1.0000000000e+00,1.0000000000e+00,1.0000000000e+00
g13701,1,0,2,2.5000000000e-01,9.4368648529e-01,1.0000000000e+00,1.0000000000e+00,1.0000000000e+00,1.0000000000e+00
g12009,2,0,3,2.5000000000e-01,9.4368648529e-01,1.0000000000e+00,1.0000000000e+00,1.0000000000e+00,1.0000000000e+00
g14007,1,0,2,2.5000000000e-01,9.4368648529e-01,1.0000000000e+00,1.0000000000e+00,1.0000000000e+00,1.0000000000e+00
g15105,1,0,2,2.5000000000e-01,9.4368648529e-01,1.0000000000e+00,1.0000000000e+00,1.0000000000e+00,1.0000000000e+00
g12702,87,0,9,3.7500000000e-01,9.9090505298e-01,1.0000000000e+00,1.0000000000e+00,1.0000000000e+00,1.0000000000e+00
g15321,1,0,2,2.5000000000e-01,9.4368648529e-01,1.0000000000e+00,1.0000000000e+00,1.0000000000e+00,1.0000000000e+00
g13205,55,0,22,1.3225960732e-01,7.5795387172e-01,9.9999930979e-01,1.0000000000e+00,1.0000000000e+00,1.0000000000e+00
g15402,2,0,3,3.7500000000e-01,9.9090505298e-01,1.0000000000e+00,1.0000000000e+00,1.0000000000e+00,1.0000000000e+00
g15411,1,0,2,2.5000000000e-01,9.4368648529e-01,1.0000000000e+00,1.0000000000e+00,1.0000000000e+00,1.0000000000e+00
g12801,87,0,9,3.7500000000e-01,9.9090505298e-01,1.0000000000e+00,1.0000000000e+00,1.0000000000e+00,1.0000000000e+00
g13214,72,0,27,1.0104201734e-01,6.5533758032e-01,9.9997634411e-01,1.0000000000e+00,1.0000000000e+00,1.0000000000e+00
g13223,55,0,22,1.3225960732e-01,7.5795387172e-01,9.9999930979e-01,1.0000000000e+00,1.0000000000e+00,1.0000000000e+00
g13232,100,0,59,1.0932169673e-01,6.8579815473e-01,9.9999062249e-01,1.0000000000e+00,1.0000000000e+00,1.0000000000e+00
g13241,72,0,27,1.0104201734e-01,6.5533758032e-01,9.9997634411e-01,1.0000000000e+00,1.0000000000e+00,1.0000000000e+00
g13250,100,0,59,1.0932166707e-01,6.8579805013e-01,9.9999062246e-01,1.0000000000e+00,1.0000000000e+00,1.0000000000e+00
g13304,100,0,59,1.0932169100e-01,6.8579813452e-01,9.9999062249e-01,1.0000000000e+00,1.0000000000e+00,1.0000000000e+00
g16032,1,0,2,2.5000000000e-01,9.4368648529e-01,1.0000000000e+00,1.0000000000e+00,1.0000000000e+00,1.0000000000e+00
g16050,1,0,2,2.5000000000e-01,9.4368648529e-01,1.0000000000e+00,1.0000000000e+00,1.0000000000e+00,1.0000000000e+00
g10901,2,0,3,2.5000000000e-01,9.4368648529e-01,1.0000000000e+00,1.0000000000e+00,1.0000000000e+00,1.0000000000e+00
g12071,3,0,4,4.3750000000e-01,9.9682878806e-01,1.0000000000e+00,1.0000000000e+00,1.0000000000e+00,1.0000000000e+00
g16104,1,0,2,2.5000000000e-01,9.4368648529e-01,1.0000000000e+00,1.0000000000e+00,1.0000000000e+00,1.0000000000e+00
g11801,100,0,94,4.2549286808e-02,3.5261255928e-01,9.8706868478e-01,1.0000000000e+00,1.0000000000e+00,1.0000000000e+00
g13215,3,0,4,2.5000000000e-01,9.4368648529e-01,1.0000000000e+00,1.0000000000e+00,1.0000000000e+00,1.0000000000e+00
g16140,1,0,2,2.5000000000e-01,9.4368648529e-01,1.0000000000e+00,1.0000000000e+00,1.0000000000e+00,1.0000000000e+00
g16212,1,0,2,2.5000000000e-01,9.4368648529e-01,1.0000000000e+00,1.0000000000e+00,1.0000000000e+00,1.0000000000e+00
g16221,1,0,2,2.5000000000e-01,9.4368648529e-01,1.0000000000e+00,1.0000000000e+00,1.0000000000e+00,1.0000000000e+00
g11900,100,0,99,8.4343027963e-03,8.1212789455e-02,5.7130401889e-01,9.9979035036e-01,1.0000000000e+00,1.0000000000e+00
g520,1,0,1,5.0000000000e-01,9.9902343750e-01,1.0000000000e+00,1.0000000000e+00,1.0000000000e+00,1.0000000000e+00
g16311,1,0,2,2.5000000000e-01,9.4368648529e-01,1.0000000000e+00,1.0000000000e+00,1.0000000000e+00,1.0000000000e+00
g12053,100,0,81,1.4011190596e-02,1.3159991173e-01,7.5610741921e-01,9.9999925529e-01,1.0000000000e+00,1.0000000000e+00
g16401,1,0,2,2.5000000000e-01,9.4368648529e-01,1.0000000000e+00,1.0000000000e+00,1.0000000000e+00,1.0000000000e+00
g12116,100,0,81,3.9169961492e-02,3.2939664800e-01,9.8160680399e-01,1.0000000000e+00,1.0000000000e+00,1.0000000000e+00
g12134,100,0,99,4.0281203618e-02,3.3711222968e-01,9.8361674966e-01,1.0000000000e+00,1.0000000000e+00,1.0000000000e+00
g15032,24,0,14,2.7893066406e-02,2.4640083661e-01,9.4092495291e-01,1.0000000000e+00,1.0000000000e+00,1.0000000000e+00
g15221,8,0,8,1.0546875000e-01,6.7193857253e-01,9.9998556052e-01,1.0000000000e+00,1.0000000000e+00,1.0000000000e+00
g17022,1,0,2,2.5000000000e-01,9.4368648529e-01,1.0000000000e+00,1.0000000000e+00,1.0000000000e+00,1.0000000000e+00
g17031,10,0,17,7.8048706055e-03,7.5363766798e-02,5.4321789779e-01,9.9960455072e-01,1.0000000000e+00,1.0000000000e+00
g14024,100,0,58,1.2500001670e-01,7.3692447406e-01,9.9999841217e-01,1.0000000000e+00,1.0000000000e+00,1.0000000000e+00
g14115,100,0,58,3.4694469520e-16,3.4694469520e-15,3.4694469520e-14,3.4694469520e-13,3.4694469519e-12,3.4694469519e-11
g14214,100,0,58,3.4694469520e-16,3.4694469520e-15,3.4694469520e-14,3.4694469520e-13,3.4694469519e-12,3.4694469519e-11
g14420,100,0,57,1.2500001602e-01,7.3692447199e-01,9.9999841217e-01,1.0000000000e+00,1.0000000000e+00,1.0000000000e+00
g17301,1,0,2,2.5000000000e-01,9.4368648529e-01,1.0000000000e+00,1.0000000000e+00,1.0000000000e+00,1.0000000000e+00
g16013,1,0,3,1.2500000000e-01,7.3692442384e-01,9.9999841217e-01,1.0000000000e+00,1.0000000000e+00,1.0000000000e+00
g15204,19,0,6,4.6875000000e-01,9.9820943772e-01,1.0000000000e+00,1.0000000000e+00,1.0000000000e+00,1.0000000000e+00
g15222,4,0,5,9.3750000000e-02,6.2633691437e-01,9.9994693576e-01,1.0000000000e+00,1.0000000000e+00,1.0000000000e+00
g15231,19,0,6,4.6875000000e-01,9.9820943772e-01,1.0000000000e+00,1.0000000000e+00,1.0000000000e+00,1.0000000000e+00
g15240,19,0,6,4.6875000000e-01,9.9820943772e-01,1.0000000000e+00,1.0000000000e+00,1.0000000000e+00,1.0000000000e+00
g15510,19,0,6,4.6875000000e-01,9.9820943772e-01,1.0000000000e+00,1.0000000000e+00,1.0000000000e+00,1.0000000000e+00
g18012,4,0,5,4.6875000000e-01,9.9820943772e-01,1.0000000000e+00,1.0000000000e+00,1.0000000000e+00,1.0000000000e+00
g12125,100,0,12,2.8076171875e-02,2.4781910883e-01,9.4202737554e-01,1.0000000000e+00,1.0000000000e+00,1.0000000000e+00
g17310,5,0,4,3.7500000000e-01,9.9090505298e-01,1.0000000000e+00,1.0000000000e+00,1.0000000000e+00,1.0000000000e+00
g16040,6,0,9,2.1679687500e-01,9.1315514059e-01,9.9999999998e-01,1.0000000000e+00,1.0000000000e+00,1.0000000000e+00
g16130,6,0,9,2.1679687500e-01,9.1315514059e-01,9.9999999998e-01,1.0000000000e+00,1.0000000000e+00,1.0000000000e+00
g20460,2,0,3,3.7500000000e-01,9.9090505298e-01,1.0000000000e+00,1.0000000000e+00,1.0000000000e+00,1.0000000000e+00
g12315,30,0,8,2.5000000000e-01,9.4368648529e-01,1.0000000000e+00,1.0000000000e+00,1.0000000000e+00,1.0000000000e+00
g20054,100,0,30,1.6443432868e-01,8.3411546884e-01,9.9999998422e-01,1.0000000000e+00,1.0000000000e+00,1.0000000000e+00
g12333,45,0,8,2.5000000000e-01,9.4368648529e-01,1.0000000000e+00,1.0000000000e+00,1.0000000000e+00,1.0000000000e+00
g14601,3,0,6,5.7812500000e-01,9.9982141791e-01,1.0000000000e+00,1.0000000000e+00,1.0000000000e+00,1.0000000000e+00
g21306,1,0,3,1.2500000000e-01,7.3692442384e-01,9.9999841217e-01,1.0000000000e+00,1.0000000000e+00,1.0000000000e+00
g20306,2,0,4,1.8750000000e-01,8.7461843207e-01,9.9999999904e-01,1.0000000000e+00,1.0000000000e+00,1.0000000000e+00
g21315,1,0,3,1.2500000000e-01,7.3692442384e-01,9.9999841217e-01,1.0000000000e+00,1.0000000000e+00,1.0000000000e+00
g20315,2,0,4,1.8750000000e-01,8.7461843207e-01,9.9999999904e-01,1.0000000000e+00,1.0000000000e+00,1.0000000000e+00
g21324,1,0,3,1.2500000000e-01,7.3692442384e-01,9.9999841217e-01,1.0000000000e+00,1.0000000000e+00,1.0000000000e+00
g20324,2,0,4,1.8750000000e-01,8.7461843207e-01,9.9999999904e-01,1.0000000000e+00,1.0000000000e+00,1.0000000000e+00
g21342,1,0,3,1.2500000000e-01,7.3692442384e-01,9.9999841217e-01,1.0000000000e+00,1.0000000000e+00,1.0000000000e+00
g20342,2,0,4,1.8750000000e-01,8.7461843207e-01,9.9999999904e-01,1.0000000000e+00,1.0000000000e+00,1.0000000000e+00
g21351,1,0,3,1.2500000000e-01,7.3692442384e-01,9.9999841217e-01,1.0000000000e+00,1.0000000000e+00,1.0000000000e+00
g20351,2,0,4,1.8750000000e-01,8.7461843207e-01,9.9999999904e-01,1.0000000000e+00,1.0000000000e+00,1.0000000000e+00
g21360,1,0,3,1.2500000000e-01,7.3692442384e-01,9.9999841217e-01,1.0000000000e+00,1.0000000000e+00,1.0000000000e+00
g20405,5,0,8,1.9921875000e-01,8.9157262158e-01,9.9999999978e-01,1.0000000000e+00,1.0000000000e+00,1.0000000000e+00
g21414,3,0,7,1.7968750000e-01,8.6202725835e-01,9.9999999750e-01,1.0000000000e+00,1.0000000000e+00,1.0000000000e+00
g21423,1,0,3,1.2500000000e-01,7.3692442384e-01,9.9999841217e-01,1.0000000000e+00,1.0000000000e+00,1.0000000000e+00
g20414,2,0,4,1.8750000000e-01,8.7461843207e-01,9.9999999904e-01,1.0000000000e+00,1.0000000000e+00,1.0000000000e+00
g20423,2,0,4,1.8750000000e-01,8.7461843207e-01,9.9999999904e-01,1.0000000000e+00,1.0000000000e+00,1.0000000000e+00
g20450,2,0,4,1.8750000000e-01,8.7461843207e-01,9.9999999904e-01,1.0000000000e+00,1.0000000000e+00,1.0000000000e+00
g21522,1,0,3,1.2500000000e-01,7.3692442384e-01,9.9999841217e-01,1.0000000000e+00,1.0000000000e+00,1.0000000000e+00
g20504,1,0,3,1.2500000000e-01,7.3692442384e-01,9.9999841217e-01,1.0000000000e+00,1.0000000000e+00,1.0000000000e+00
g20045,20,0,13,4.9938964844e-01,9.9901145087e-01,1.0000000000e+00,1.0000000000e+00,1.0000000000e+00,1.0000000000e+00
g21900,35,0,18,1.5960693359e-02,1.4861800178e-01,7.9990113218e-01,9.9999989709e-01,1.0000000000e+00,1.0000000000e+00
g20513,100,0,59,1.4648437500e-03,1.4552254196e-02,1.3635352663e-01,7.6913396748e-01,9.9999956987e-01,1.0000000000e+00
g20531,100,0,63,2.0751953125e-03,2.0559232042e-02,1.8757782289e-01,8.7473847332e-01,9.9999999905e-01,1.0000000000e+00
g20550,100,0,67,1.9836425781e-03,1.9660291470e-02,1.8009045868e-01,8.6270351985e-01,9.9999999762e-01,1.0000000000e+00
g21116,3,0,13,1.4648437500e-03,1.4552254196e-02,1.3635352663e-01,7.6913396748e-01,9.9999956987e-01,1.0000000000e+00
g21134,3,0,13,1.4648437500e-03,1.4552254196e-02,1.3635352663e-01,7.6913396748e-01,9.9999956987e-01,1.0000000000e+00
g20109,1,0,11,4.8828125000e-04,4.8720976218e-03,4.7666556569e-02,3.8639292465e-01,9.9243335102e-01,1.0000000000e+00
g20136,1,0,11,4.8828125000e-04,4.8720976218e-03,4.7666556569e-02,3.8639292465e-01,9.9243335102e-01,1.0000000000e+00
g20091,1,0,11,4.8828125000e-04,4.8720976218e-03,4.7666556569e-02,3.8639292465e-01,9.9243335102e-01,1.0000000000e+00
g22206,18,0,13,4.4421386719e-01,9.9718760015e-01,1.0000000000e+00,1.0000000000e+00,1.0000000000e+00,1.0000000000e+00
g12027,100,0,14,1.7822265625e-02,1.6458773689e-01,8.3441977807e-01,9.9999998451e-01,1.0000000000e+00,1.0000000000e+00
g12045,100,0,14,1.2817382813e-02,1.2102809286e-01,7.2473566322e-01,9.9999750253e-01,1.0000000000e+00,1.0000000000e+00
g12225,100,0,14,2.3559570313e-02,2.1212461643e-01,9.0783302885e-01,9.9999999996e-01,1.0000000000e+00,1.0000000000e+00
g12242,100,0,14,2.2711181641e-01,9.2393818651e-01,9.9999999999e-01,1.0000000000e+00,1.0000000000e+00,1.0000000000e+00
g22305,9,0,13,4.1101074219e-01,9.9497572109e-01,1.0000000000e+00,1.0000000000e+00,1.0000000000e+00,1.0000000000e+00
g21404,100,0,61,1.0277530767e-05,1.0277055456e-04,1.0272303954e-03,1.0224949690e-02,9.7670779289e-02,6.4219186003e-01
g21441,100,0,61,9.1802156472e-06,9.1798364129e-05,9.1760452182e-04,9.1382478714e-03,8.7714762925e-02,6.0069341695e-01
g21530,100,0,68,1.6274014615e-04,1.6262101826e-03,1.6143611253e-02,1.5019926787e-01,8.0358664721e-01,9.9999991455e-01
g21612,100,0,58,9.0264866685e-05,9.0228210652e-04,8.9862739883e-03,8.6314575067e-02,5.9452230294e-01,9.9987986496e-01
g21602,100,0,66,9.5233287534e-03,9.1254004031e-02,6.1591698402e-01,9.9993013639e-01,1.0000000000e+00,1.0000000000e+00
g22422,100,0,17,4.6903228760e-01,9.9821892942e-01,1.0000000000e+00,1.0000000000e+00,1.0000000000e+00,1.0000000000e+00
g22431,100,0,17,4.6903228760e-01,9.9821892942e-01,1.0000000000e+00,1.0000000000e+00,1.0000000000e+00,1.0000000000e+00
g22440,100,0,17,4.6903228760e-01,9.9821892942e-01,1.0000000000e+00,1.0000000000e+00,1.0000000000e+00,1.0000000000e+00
g22503,100,0,17,4.6903228760e-01,9.9821892942e-01,1.0000000000e+00,1.0000000000e+00,1.0000000000e+00,1.0000000000e+00
g23610,12,0,13,4.9987792969e-01,9.9902105069e-01,1.0000000000e+00,1.0000000000e+00,1.0000000000e+00,1.0000000000e+00
g22512,100,0,21,1.9946098328e-03,1.9768016193e-02,1.8099097169e-01,8.6420402671e-01,9.9999999787e-01,1.0000000000e+00
g22530,100,0,14,2.5531005859e-01,9.4754886646e-01,1.0000000000e+00,1.0000000000e+00,1.0000000000e+00,1.0000000000e+00
g23015,12,0,9,3.6914062500e-01,9.9001551627e-01,1.0000000000e+00,1.0000000000e+00,1.0000000000e+00,1.0000000000e+00
g23024,100,0,63,1.3951210125e-05,1.3950334294e-04,1.3941580019e-03,1.3854438958e-02,1.3021834878e-01,7.5219936430e-01
g23060,100,0,80,2.2626221382e-05,2.2623917764e-04,2.2600898780e-03,2.2372418381e-02,2.0249308506e-01,8.9592544231e-01
g11045,22,0,7,1.2500000000e-01,7.3692442384e-01,9.9999841217e-01,1.0000000000e+00,1.0000000000e+00,1.0000000000e+00
g22232,3,0,6,1.5625000000e-01,8.1713193967e-01,9.9999995818e-01,1.0000000000e+00,1.0000000000e+00,1.0000000000e+00
g11370,15,0,7,1.2500000000e-01,7.3692442384e-01,9.9999841217e-01,1.0000000000e+00,1.0000000000e+00,1.0000000000e+00
g23502,100,0,95,2.2139160730e-01,9.1811755407e-01,9.9999999999e-01,1.0000000000e+00,1.0000000000e+00,1.0000000000e+00
g24104,48,0,17,4.6863555908e-01,9.9820557679e-01,1.0000000000e+00,1.0000000000e+00,1.0000000000e+00,1.0000000000e+00
g24113,12,0,14,2.4993896484e-01,9.4364064045e-01,1.0000000000e+00,1.0000000000e+00,1.0000000000e+00,1.0000000000e+00
g24122,12,0,14,2.4993896484e-01,9.4364064045e-01,1.0000000000e+00,1.0000000000e+00,1.0000000000e+00,1.0000000000e+00
g24131,12,0,14,2.4993896484e-01,9.4364064045e-01,1.0000000000e+00,1.0000000000e+00,1.0000000000e+00,1.0000000000e+00
g24140,48,0,17,4.6863555908e-01,9.9820557679e-01,1.0000000000e+00,1.0000000000e+00,1.0000000000e+00,1.0000000000e+00
g530,2,0,10,5.8593750000e-03,5.7072691692e-02,4.4437454227e-01,9.9719572009e-01,1.0000000000e+00,1.0000000000e+00
g24600,10,0,10,3.0273437500e-02,2.6465199493e-01,9.5376943666e-01,1.0000000000e+00,1.0000000000e+00,1.0000000000e+00
g21008,7,0,9,2.4804687500e-01,9.4220268210e-01,1.0000000000e+00,1.0000000000e+00,1.0000000000e+00,1.0000000000e+00
g21125,100,0,59,1.3311440322e-01,7.6032768404e-01,9.9999937457e-01,1.0000000000e+00,1.0000000000e+00,1.0000000000e+00
g26310,28,0,18,2.8789520264e-01,9.6646957056e-01,1.0000000000e+00,1.0000000000e+00,1.0000000000e+00,1.0000000000e+00
g26400,28,0,18,2.8789520264e-01,9.6646957056e-01,1.0000000000e+00,1.0000000000e+00,1.0000000000e+00,1.0000000000e+00
g25301,100,0,98,1.7520508351e-02,1.6201752446e-01,8.2925446148e-01,9.9999997894e-01,1.0000000000e+00,1.0000000000e+00
g27003,100,0,27,9.2768430710e-02,6.2226994555e-01,9.9994086897e-01,1.0000000000e+00,1.0000000000e+00,1.0000000000e+00
g23331,100,0,27,1.5359592438e-01,8.1129758460e-01,9.9999994275e-01,1.0000000000e+00,1.0000000000e+00,1.0000000000e+00
g27021,100,0,30,1.4023777656e-01,7.7930952469e-01,9.9999972595e-01,1.0000000000e+00,1.0000000000e+00,1.0000000000e+00
g27030,100,0,28,6.5194964409e-03,6.3315167888e-02,4.8008197183e-01,9.9855672606e-01,1.0000000000e+00,1.0000000000e+00
g23340,100,0,27,1.5967631340e-01,8.2442363487e-01,9.9999997216e-01,1.0000000000e+00,1.0000000000e+00,1.0000000000e+00
g22016,100,0,27,5.3913854063e-01,9.9956778095e-01,1.0000000000e+00,1.0000000000e+00,1.0000000000e+00,1.0000000000e+00
g22134,100,0,28,2.4447888136e-02,2.1926304929e-01,9.1585131350e-01,9.9999999998e-01,1.0000000000e+00,1.0000000000e+00
g27111,100,0,26,4.3321216106e-01,9.9657858910e-01,1.0000000000e+00,1.0000000000e+00,1.0000000000e+00,1.0000000000e+00
g27011,100,0,67,2.6787190458e-05,2.6783961697e-04,2.6751702616e-03,2.6431945173e-02,2.3499697614e-01,9.3135142635e-01
g13602,100,0,27,3.0753277242e-02,2.6828254979e-01,9.5600187964e-01,1.0000000000e+00,1.0000000000e+00,1.0000000000e+00
g11117,100,0,12,8.2031250000e-02,5.7510759353e-01,9.9980822601e-01,1.0000000000e+00,1.0000000000e+00,1.0000000000e+00
g11243,100,0,12,8.1542968750e-02,5.7284211012e-01,9.9979775196e-01,1.0000000000e+00,1.0000000000e+00,1.0000000000e+00
g10109,100,0,59,6.2042991971e-02,4.7297729446e-01,9.9834692232e-01,1.0000000000e+00,1.0000000000e+00,1.0000000000e+00
g10127,100,0,59,8.5921258142e-02,5.9277344577e-01,9.9987458170e-01,1.0000000000e+00,1.0000000000e+00,1.0000000000e+00
g10235,100,0,59,6.0572716993e-02,4.6465754174e-01,9.9806662148e-01,1.0000000000e+00,1.0000000000e+00,1.0000000000e+00
g10263,100,0,59,5.4687518812e-02,4.3015870243e-01,9.9638973399e-01,1.0000000000e+00,1.0000000000e+00,1.0000000000e+00
g10316,100,0,59,6.1524302466e-02,4.7005559968e-01,9.9825295909e-01,1.0000000000e+00,1.0000000000e+00,1.0000000000e+00
g10334,100,0,59,6.2387736530e-02,4.7491115706e-01,9.9840658865e-01,1.0000000000e+00,1.0000000000e+00,1.0000000000e+00
g20711,100,0,58,8.8195800781e-03,8.4776542567e-02,5.8764484633e-01,9.9985786067e-01,1.0000000000e+00,1.0000000000e+00
g22331,73,0,20,2.0008087158e-03,1.9828899368e-02,1.8149952411e-01,8.6504488098e-01,9.9999999800e-01,1.0000000000e+00
g20810,100,0,58,9.2468261719e-03,8.8713949241e-02,6.0504535587e-01,9.9990764248e-01,1.0000000000e+00,1.0000000000e+00
g26121,100,0,33,1.9024718553e-02,1.7475929400e-01,8.5351052609e-01,9.9999999545e-01,1.0000000000e+00,1.0000000000e+00
g13700,6,0,12,1.2890625000e-01,7.4843571864e-01,9.9999898494e-01,1.0000000000e+00,1.0000000000e+00,1.0000000000e+00
g12161,6,0,12,1.2890625000e-01,7.4843571864e-01,9.9999898494e-01,1.0000000000e+00,1.0000000000e+00,1.0000000000e+00
g26040,100,0,47,5.1321449965e-02,4.0953955246e-01,9.9484880354e-01,1.0000000000e+00,1.0000000000e+00,1.0000000000e+00
g29010,100,0,99,1.1062787049e-09,1.1062786994e-08,1.1062786443e-07,1.1062780936e-06,1.1062725863e-05,1.1062175152e-04
g11063,100,0,14,1.3262939453e-01,7.5898337452e-01,9.9999933859e-01,1.0000000000e+00,1.0000000000e+00,1.0000000000e+00
g25401,100,0,48,6.6879782344e-03,6.4902455805e-02,4.8882551950e-01,9.9878187560e-01,1.0000000000e+00,1.0000000000e+00
g20802,100,0,62,5.0613570176e-03,4.9476212146e-02,3.9795368832e-01,9.9374396743e-01,1.0000000000e+00,1.0000000000e+00
g30009,13,0,16,2.1826171875e-01,9.1476581827e-01,9.9999999998e-01,1.0000000000e+00,1.0000000000e+00,1.0000000000e+00
g30081,100,0,99,5.4199399968e-02,4.2720943979e-01,9.9619846914e-01,1.0000000000e+00,1.0000000000e+00,1.0000000000e+00
g11036,100,0,99,3.0223261450e-02,2.6427141909e-01,9.5352961458e-01,1.0000000000e+00,1.0000000000e+00,1.0000000000e+00
g11108,100,0,99,2.7868067186e-02,2.4620701460e-01,9.4077283881e-01,1.0000000000e+00,1.0000000000e+00,1.0000000000e+00
g30090,100,0,99,2.3876894113e-02,2.1468131421e-01,9.1078059732e-01,9.9999999997e-01,1.0000000000e+00,1.0000000000e+00
g11271,100,0,99,2.5022512604e-02,2.2384961386e-01,9.2066610468e-01,9.9999999999e-01,1.0000000000e+00,1.0000000000e+00
g11306,100,0,99,1.9291372298e-02,1.7699976379e-01,8.5743937240e-01,9.9999999653e-01,1.0000000000e+00,1.0000000000e+00
g11361,100,0,99,4.7465622490e-02,3.8509703713e-01,9.9227202236e-01,1.0000000000e+00,1.0000000000e+00,1.0000000000e+00
g30108,100,0,99,2.5209639960e-02,2.2533799278e-01,9.2217438378e-01,9.9999999999e-01,1.0000000000e+00,1.0000000000e+00
g11432,100,0,99,2.3133716796e-02,2.0868171564e-01,9.0372533694e-01,9.9999999993e-01,1.0000000000e+00,1.0000000000e+00
g11450,100,0,99,1.6133256314e-02,1.5010982340e-01,8.0337981741e-01,9.9999991365e-01,1.0000000000e+00,1.0000000000e+00
g30117,100,0,99,3.7279374083e-02,3.1608399838e-01,9.7761136322e-01,1.0000000000e+00,1.0000000000e+00,1.0000000000e+00
g30062,80,0,29,1.5937805176e-02,1.4841995453e-01,7.9943517755e-01,9.9999989467e-01,1.0000000000e+00,1.0000000000e+00
g30071,100,0,62,1.1681502084e-02,1.1086186111e-01,6.9118926169e-01,9.9999211278e-01,1.0000000000e+00,1.0000000000e+00
g30216,100,0,95,1.9544998689e-01,8.8636019953e-01,9.9999999964e-01,1.0000000000e+00,1.0000000000e+00,1.0000000000e+00
g30036,100,0,94,2.2003968856e-01,9.1668464672e-01,9.9999999998e-01,1.0000000000e+00,1.0000000000e+00,1.0000000000e+00
g30225,100,0,86,1.6458143230e-01,8.3440728184e-01,9.9999998450e-01,1.0000000000e+00,1.0000000000e+00,1.0000000000e+00
g30044,100,0,83,4.1685316624e-02,3.4674698182e-01,9.8584811635e-01,1.0000000000e+00,1.0000000000e+00,1.0000000000e+00
g30333,100,0,97,2.2863487815e-03,2.2629683705e-02,2.0458926247e-01,8.9862882187e-01,9.9999999989e-01,1.0000000000e+00
g30351,100,0,97,5.4789545924e-04,5.4654657856e-03,5.3329853745e-02,4.2192150140e-01,9.9583257145e-01,1.0000000000e+00
g30207,100,0,99,1.5093971045e-02,1.4108940640e-01,7.8148583622e-01,9.9999975180e-01,1.0000000000e+00,1.0000000000e+00
g30233,100,0,76,1.3653894873e-01,7.6962915079e-01,9.9999957901e-01,1.0000000000e+00,1.0000000000e+00,1.0000000000e+00
g11028,100,0,99,3.6519219404e-02,3.1066463735e-01,9.7577266848e-01,1.0000000000e+00,1.0000000000e+00,1.0000000000e+00
g30134,100,0,99,1.2389450984e-01,7.3358172088e-01,9.9999819848e-01,1.0000000000e+00,1.0000000000e+00,1.0000000000e+00
g11082,100,0,99,4.3761969049e-02,3.6076562366e-01,9.8860796734e-01,1.0000000000e+00,1.0000000000e+00,1.0000000000e+00
g30441,100,0,95,1.6389627235e-02,1.5232182837e-01,8.0843771938e-01,9.9999993346e-01,1.0000000000e+00,1.0000000000e+00
g11135,100,0,99,2.5087317270e-02,2.2436535013e-01,9.2119168890e-01,9.9999999999e-01,1.0000000000e+00,1.0000000000e+00
g11145,100,0,99,2.3752287852e-02,2.1367824547e-01,9.0963444691e-01,9.9999999996e-01,1.0000000000e+00,1.0000000000e+00
g30143,100,0,96,1.6805916796e-01,8.4117297472e-01,9.9999998978e-01,1.0000000000e+00,1.0000000000e+00,1.0000000000e+00
g11163,100,0,99,2.7369518054e-02,2.4233232142e-01,9.3765701245e-01,1.0000000000e+00,1.0000000000e+00,1.0000000000e+00
g11216,100,0,99,2.2377509682e-02,2.0253461675e-01,8.9597962843e-01,9.9999999985e-01,1.0000000000e+00,1.0000000000e+00
g11234,100,0,99,2.7740988648e-02,2.4522106531e-01,9.3999358126e-01,1.0000000000e+00,1.0000000000e+00,1.0000000000e+00
g11252,100,0,99,3.0223865064e-02,2.6427599844e-01,9.5353250693e-01,1.0000000000e+00,1.0000000000e+00,1.0000000000e+00
g11315,100,0,99,1.9015519094e-02,1.7468190073e-01,8.5337308638e-01,9.9999999541e-01,1.0000000000e+00,1.0000000000e+00
g11351,100,0,99,4.7049725545e-03,4.6065967058e-02,3.7600166435e-01,9.9104976758e-01,1.0000000000e+00,1.0000000000e+00
g30171,100,0,97,1.7722201560e-02,1.6373623028e-01,8.3272431453e-01,9.9999998285e-01,1.0000000000e+00,1.0000000000e+00
g11414,100,0,99,2.3100402148e-02,2.0841180627e-01,9.0339645088e-01,9.9999999993e-01,1.0000000000e+00,1.0000000000e+00
g30504,100,0,97,8.4104965254e-03,8.0992176130e-02,5.7027354850e-01,9.9978525608e-01,1.0000000000e+00,1.0000000000e+00
g11126,100,0,18,1.2583541870e-01,7.3942541118e-01,9.9999855682e-01,1.0000000000e+00,1.0000000000e+00,1.0000000000e+00
g22313,73,0,20,2.0008087158e-03,1.9828899368e-02,1.8149952411e-01,8.6504488098e-01,9.9999999800e-01,1.0000000000e+00
g20019,100,0,100,1.4786497520e-06,1.4786399132e-05,1.4785415301e-04,1.4775581796e-03,1.4677724872e-02,1.3745252190e-01
g19001,100,0,30,1.2428128719e-01,7.3475555312e-01,9.9999827629e-01,1.0000000000e+00,1.0000000000e+00,1.0000000000e+00
g20522,100,0,27,3.2280243933e-02,2.7972876178e-01,9.6241965790e-01,1.0000000000e+00,1.0000000000e+00,1.0000000000e+00
g16113,100,0,34,1.0764902859e-01,6.7984741889e-01,9.9998868720e-01,1.0000000000e+00,1.0000000000e+00,1.0000000000e+00
g23106,2,0,11,2.9296875000e-03,2.8913638971e-02,2.5427527147e-01,9.4681545513e-01,1.0000000000e+00,1.0000000000e+00
g21152,100,0,58,1.9019229114e-05,1.9017601407e-04,1.9001334546e-03,1.8839682246e-02,1.7320136310e-01,8.5072141163e-01
g22404,100,0,60,3.3879511957e-03,3.3367631318e-02,2.8778135554e-01,9.6641592551e-01,1.0000000000e+00,1.0000000000e+00
g11262,100,0,9,1.9531250000e-01,8.8616585483e-01,9.9999999963e-01,1.0000000000e+00,1.0000000000e+00,1.0000000000e+00
g11621,100,0,9,1.9531250000e-01,8.8616585483e-01,9.9999999963e-01,1.0000000000e+00,1.0000000000e+00,1.0000000000e+00
g10730,100,0,61,3.5834403130e-01,9.8816897466e-01,1.0000000000e+00,1.0000000000e+00,1.0000000000e+00,1.0000000000e+00
g14060,100,0,43,2.4572507429e-01,9.4039307645e-01,1.0000000000e+00,1.0000000000e+00,1.0000000000e+00,1.0000000000e+00
g14132,44,0,32,1.2496936321e-01,7.3683229743e-01,9.9999840660e-01,1.0000000000e+00,1.0000000000e+00,1.0000000000e+00
g13313,44,0,49,2.0858764648e-02,1.9005895622e-01,8.7851180655e-01,9.9999999930e-01,1.0000000000e+00,1.0000000000e+00
g13332,11,0,21,1.8272399902e-03,1.8122883393e-02,1.6714118665e-01,8.3941171569e-01,9.9999998859e-01,1.0000000000e+00
g13331,36,0,46,9.6282958984e-03,9.2216601114e-02,6.1996607852e-01,9.9993716182e-01,1.0000000000e+00,1.0000000000e+00
g11190,35,0,58,9.0813636780e-03,8.7190895511e-02,5.9839451885e-01,9.9989085689e-01,1.0000000000e+00,1.0000000000e+00
g14061,100,0,98,5.1348932051e-10,5.1348931932e-09,5.1348930746e-08,5.1348918880e-07,5.1348800229e-06,5.1347613730e-05
g14016,100,0,84,1.7102113333e-01,8.4673796374e-01,9.9999999285e-01,1.0000000000e+00,1.0000000000e+00,1.0000000000e+00
g14322,100,0,64,1.2855434202e-01,7.4741758956e-01,9.9999894311e-01,1.0000000000e+00,1.0000000000e+00,1.0000000000e+00
g14033,100,0,115,5.6045232005e-02,4.3829040215e-01,9.9687306793e-01,1.0000000000e+00,1.0000000000e+00,1.0000000000e+00
g14222,100,0,115,7.5443782073e-02,5.4361302956e-01,9.9960795820e-01,1.0000000000e+00,1.0000000000e+00,1.0000000000e+00
g14124,100,0,77,1.5820386319e-01,8.2132274023e-01,9.9999996683e-01,1.0000000000e+00,1.0000000000e+00,1.0000000000e+00
g14502,100,0,81,1.7102117266e-01,8.4673803647e-01,9.9999999285e-01,1.0000000000e+00,1.0000000000e+00,1.0000000000e+00
g18110,100,0,60,4.7227797495e-07,4.7227697124e-06,4.7226693432e-05,4.7216658073e-04,4.7116460711e-03,4.6129927014e-02
g18030,100,0,100,8.0124144680e-08,8.0124115791e-07,8.0123826897e-06,8.0120938037e-05,8.0092057066e-04,7.9804009534e-03
g13530,100,0,18,3.0940246582e-01,9.7532539362e-01,1.0000000000e+00,1.0000000000e+00,1.0000000000e+00,1.0000000000e+00
g23051,100,0,30,3.6068622954e-02,3.0743399087e-01,9.7461297987e-01,1.0000000000e+00,1.0000000000e+00,1.0000000000e+00
g21153,100,0,30,1.0467957705e-02,9.9883717790e-02,6.5087079678e-01,9.9997309322e-01,1.0000000000e+00,1.0000000000e+00
g21180,100,0,30,1.3768911362e-02,1.2946369980e-01,7.5004095697e-01,9.9999904789e-01,1.0000000000e+00,1.0000000000e+00
g21252,100,0,28,6.0884475708e-02,4.6643148061e-01,9.9812974001e-01,1.0000000000e+00,1.0000000000e+00,1.0000000000e+00
g21234,100,0,25,4.5482397079e-02,3.7217382331e-01,9.9048531986e-01,1.0000000000e+00,1.0000000000e+00,1.0000000000e+00
g21270,100,0,31,1.3368129730e-02,1.2591956418e-01,7.3967612686e-01,9.9999857065e-01,1.0000000000e+00,1.0000000000e+00
g21243,100,0,25,4.5745134354e-02,3.7389981733e-01,9.9074368118e-01,1.0000000000e+00,1.0000000000e+00,1.0000000000e+00
g23402,100,0,48,6.5856398715e-03,6.3938602263e-02,4.8353207232e-01,9.9864968972e-01,1.0000000000e+00,1.0000000000e+00
g14520,100,0,68,1.1487994818e-06,1.1487935430e-05,1.1487341572e-04,1.1481405234e-03,1.1422266291e-02,1.0852689837e-01
g22701,100,0,63,8.2553186840e-04,8.2247184699e-03,7.9268927748e-02,5.6214733544e-01,9.9974101180e-01,1.0000000000e+00
g27012,100,0,97,2.2013462167e-02,1.9956003032e-01,8.9203383672e-01,9.9999999978e-01,1.0000000000e+00,1.0000000000e+00
g20640,100,0,97,4.1335129763e-11,4.1335129756e-10,4.1335129679e-09,4.1335128910e-08,4.1335121221e-07,4.1335044335e-06
g30035,100,0,48,1.3389558262e-06,1.3389477586e-05,1.3388670864e-04,1.3380607200e-03,1.3300325717e-02,1.2531868663e-01
g30602,100,0,50,2.7712368518e-02,2.4499885361e-01,9.3981668433e-01,1.0000000000e+00,1.0000000000e+00,1.0000000000e+00
g16230,100,0,59,3.9715572109e-02,3.3319497590e-01,9.8262244651e-01,1.0000000000e+00,1.0000000000e+00,1.0000000000e+00
g14402,100,0,30,3.9541715756e-01,9.9347533556e-01,1.0000000000e+00,1.0000000000e+00,1.0000000000e+00,1.0000000000e+00
g23025,100,0,27,2.2165611386e-01,9.1839529785e-01,9.9999999999e-01,1.0000000000e+00,1.0000000000e+00,1.0000000000e+00
g23042,100,0,27,2.7524538338e-02,2.4353904541e-01,9.3864285203e-01,1.0000000000e+00,1.0000000000e+00,1.0000000000e+00
g23061,100,0,27,2.0914945006e-01,9.0429288841e-01,9.9999999994e-01,1.0000000000e+00,1.0000000000e+00,1.0000000000e+00
g22215,100,0,30,6.0150310397e-02,4.6224553719e-01,9.9797772491e-01,1.0000000000e+00,1.0000000000e+00,1.0000000000e+00
g22224,100,0,30,6.7613195628e-02,5.0345205910e-01,9.9908880390e-01,1.0000000000e+00,1.0000000000e+00,1.0000000000e+00
g25311,8,0,9,2.4804687500e-01,9.4220268210e-01,1.0000000000e+00,1.0000000000e+00,1.0000000000e+00,1.0000000000e+00
g26103,100,0,34,4.3017956428e-02,3.5577453263e-01,9.8768657435e-01,1.0000000000e+00,1.0000000000e+00,1.0000000000e+00
g26301,100,0,34,7.2504331823e-02,5.2889371366e-01,9.9946149593e-01,1.0000000000e+00,1.0000000000e+00,1.0000000000e+00
II23008_II23009_B,100,0,100,1.0917381864e-09,1.0917381810e-08,1.0917381274e-07,1.0917375910e-06,1.0917322276e-05,1.0916785946e-04
II23161_II23162_B,100,0,100,1.3521982059e-09,1.3521981977e-08,1.3521981154e-07,1.3521972926e-06,1.3521890646e-05,1.3521067889e-04
II23242_II23243_B,100,0,100,4.6327139369e-10,4.6327139272e-09,4.6327138306e-08,4.6327128648e-07,4.6327032069e-06,4.6326066294e-05
II24205_II24206_B,100,0,52,2.3289913775e-08,2.3289911334e-07,2.3289886926e-06,2.3289642839e-05,2.3287202157e-04,2.3262814084e-03
II24520_II24521_B,100,0,52,3.1111177634e-08,3.1111173279e-07,3.1111129723e-06,3.1110694170e-05,3.1106339093e-04,3.1062832997e-03
II24601_II24602_B,100,0,52,2.1159558106e-08,2.1159556091e-07,2.1159535943e-06,2.1159334468e-05,2.1157319853e-04,2.1137187765e-03
g10831,100,0,62,9.0935714089e-08,9.0935676877e-07,9.0935304760e-06,9.0931583697e-05,9.0894384229e-04,9.0523503429e-03
g10822,100,0,62,1.1786433700e-07,1.1786427448e-06,1.1786364935e-05,1.1785739821e-04,1.1779491121e-03,1.1717246470e-02
g22341,100,0,97,1.0561877618e-08,1.0561877116e-07,1.0561872097e-06,1.0561821898e-05,1.0561319928e-04,1.0556301974e-03
g24043,4,0,11,1.4648437500e-03,1.4552254196e-02,1.3635352663e-01,7.6913396748e-01,9.9999956987e-01,1.0000000000e+00
g10192,100,0,97,1.9505568829e-09,1.9505568658e-08,1.9505566946e-07,1.9505549825e-06,1.9505378616e-05,1.9503666636e-04
g10255,100,0,97,2.3414826567e-09,2.3414826320e-08,2.3414823853e-07,2.3414799181e-06,2.3414552469e-05,2.3412085537e-04
g10390,4,0,6,1.4062500000e-01,7.8030146796e-01,9.9999973802e-01,1.0000000000e+00,1.0000000000e+00,1.0000000000e+00
g15204,2,0,6,3.1250000000e-02,2.7202384333e-01,9.5820045528e-01,1.0000000000e+00,1.0000000000e+00,1.0000000000e+00
g15240,2,0,6,3.1250000000e-02,2.7202384333e-01,9.5820045528e-01,1.0000000000e+00,1.0000000000e+00,1.0000000000e+00
g15510,2,0,6,3.1250000000e-02,2.7202384333e-01,9.5820045528e-01,1.0000000000e+00,1.0000000000e+00,1.0000000000e+00
g16302,100,0,56,1.9237972992e-07,1.9237956338e-06,1.9237789794e-05,1.9236124463e-04,1.9219481720e-03,1.9054105981e-02
g17130,24,0,18,1.7433166504e-03,1.7297038471e-02,1.6010953926e-01,8.2532671542e-01,9.9999997356e-01,1.0000000000e+00
g22422,16,0,17,1.2207031250e-04,1.2200327910e-03,1.2133563764e-02,1.1492046122e-01,7.0499932570e-01,9.9999500851e-01
g22431,16,0,17,1.2207031250e-04,1.2200327910e-03,1.2133563764e-02,1.1492046122e-01,7.0499932570e-01,9.9999500851e-01
g22440,16,0,17,1.2207031250e-04,1.2200327910e-03,1.2133563764e-02,1.1492046122e-01,7.0499932570e-01,9.9999500851e-01
g22503,16,0,17,1.2207031250e-04,1.2200327910e-03,1.2133563764e-02,1.1492046122e-01,7.0499932570e-01,9.9999500851e-01
g22512,9,0,21,1.2207031250e-04,1.2200327910e-03,1.2133563764e-02,1.1492046122e-01,7.0499932570e-01,9.9999500851e-01
g22530,2,0,14,1.2207031250e-04,1.2200327910e-03,1.2133563764e-02,1.1492046122e-01,7.0499932570e-01,9.9999500851e-01
g20092,1,0,11,4.8828125000e-04,4.8720976218e-03,4.7666556569e-02,3.8639292465e-01,9.9243335102e-01,1.0000000000e+00
g23403,100,0,56,3.0060773497e-06,3.0060366858e-05,3.0056300868e-04,3.0015681279e-03,2.9613485873e-02,2.5963219820e-01
g23052,100,0,56,9.7684642242e-07,9.7684212840e-06,9.7679918959e-05,9.7636993992e-04,9.7209124795e-03,9.3065175663e-02
g23107,100,0,56,1.4210502286e-06,1.4210411414e-05,1.4209502737e-04,1.4200420231e-03,1.4110019633e-02,1.3246994639e-01
g23071,100,0,56,1.8733869638e-06,1.8733711708e-05,1.8732132503e-04,1.8716350212e-03,1.8559498611e-02,1.7083729114e-01
g24060,100,0,52,1.1063055794e-02,1.0528233193e-01,6.7125425923e-01,9.9998525647e-01,1.0000000000e+00,1.0000000000e+00
g18003,100,0,58,4.6669287546e-08,4.6669277744e-07,4.6669179734e-06,4.6668199640e-05,4.6658400216e-04,4.6560556723e-03
g18120,100,0,58,4.6560863609e-08,4.6560853853e-07,4.6560756298e-06,4.6559780753e-05,4.6550026805e-04,4.6452637025e-03
g24700,100,0,58,3.7155189730e-08,3.7155183518e-07,3.7155121395e-06,3.7154500175e-05,3.7148288735e-04,3.7086250421e-03
g22233,73,0,20,2.0008087158e-03,1.9828899368e-02,1.8149952411e-01,8.6504488098e-01,9.9999999800e-01,1.0000000000e+00
g17050,100,0,91,9.7632696372e-10,9.7632695943e-09,9.7632691654e-08,9.7632648759e-07,9.7632219814e-06,9.7627930503e-05
g17131,100,0,97,1.6310408599e-09,1.6310408479e-08,1.6310407282e-07,1.6310395311e-06,1.6310275598e-05,1.6309078537e-04
g20227,100,0,53,3.5678226595e-07,3.5678169313e-06,3.5677596499e-05,3.5671869035e-04,3.5614661771e-03,3.5049267123e-02
g21802,100,0,56,4.1896663561e-07,4.1896584571e-06,4.1895794684e-05,4.1887896907e-04,4.1809028222e-03,4.1031136535e-02
g20119,100,0,52,1.1445954442e-06,1.1445895488e-05,1.1445305967e-04,1.1439412990e-03,1.1380705190e-02,1.0815204050e-01
g20254,100,0,52,3.9525116335e-07,3.9525046035e-06,3.9524343039e-05,3.9517313998e-04,3.9447115186e-03,3.8754196793e-02
g20146,100,0,49,9.2682967079e-08,9.2682928423e-07,9.2682541869e-06,9.2678676440e-05,9.2640033974e-04,9.2254788578e-03
g19102,100,0,56,1.1086916629e-07,1.1086911098e-06,1.1086855784e-05,1.1086302668e-04,1.1080773528e-03,1.1025683882e-02
g19111,100,0,56,2.9727573292e-07,2.9727533524e-06,2.9727135850e-05,2.9723159504e-04,2.9683435019e-03,2.9290059444e-02
g21820,100,0,55,7.9064591318e-07,7.9064310015e-06,7.9061497050e-05,7.9033374738e-04,7.8752883972e-03,7.6019787464e-02
g20218,100,0,49,8.2103269960e-08,8.2103239626e-07,8.2102936285e-06,8.2099902949e-05,8.2069577816e-04,8.1767146489e-03
g20272,100,0,56,1.5287795918e-07,1.5287785401e-06,1.5287680229e-05,1.5286628563e-04,1.5276117202e-03,1.5171531950e-02
g20326,100,0,56,4.3840973518e-08,4.3840964869e-07,4.3840878378e-06,4.3840013478e-05,4.3831365728e-04,4.3745013213e-03
g25410,100,0,99,3.9251934233e-10,3.9251934163e-09,3.9251933470e-08,3.9251926537e-07,3.9251857205e-06,3.9251163893e-05
g14052,100,0,100,9.6417511482e-10,9.6417511064e-09,9.6417506880e-08,9.6417465047e-07,9.6417046713e-06,9.6412863509e-05
g14413,100,0,100,2.5499558320e-09,2.5499558027e-08,2.5499555101e-07,2.5499525841e-06,2.5499233241e-05,2.5496307491e-04
g21235,