name,cube,rel,var,den,n=10,n=100,n=1000,n=10000,n=100000
G159,1,0,3,1.2500000000e-01,7.3692442384e-01,9.9999841217e-01,1.0000000000e+00,1.0000000000e+00,1.0000000000e+00
G168,1,0,1,5.0000000000e-01,9.9902343750e-01,1.0000000000e+00,1.0000000000e+00,1.0000000000e+00,1.0000000000e+00
IIII200_IIII201_B,2,0,5,9.3750000000e-02,6.2633691437e-01,9.9994693576e-01,1.0000000000e+00,1.0000000000e+00,1.0000000000e+00
IIII200_IIII202_B,1,0,5,3.1250000000e-02,2.7202384333e-01,9.5820045528e-01,1.0000000000e+00,1.0000000000e+00,1.0000000000e+00
IIII200_IIII201_B,1,0,5,3.1250000000e-02,2.7202384333e-01,9.5820045528e-01,1.0000000000e+00,1.0000000000e+00,1.0000000000e+00
IIII210_IIII211_B,1,0,5,3.1250000000e-02,2.7202384333e-01,9.5820045528e-01,1.0000000000e+00,1.0000000000e+00,1.0000000000e+00
IIII200_IIII202_B,1,0,5,3.1250000000e-02,2.7202384333e-01,9.5820045528e-01,1.0000000000e+00,1.0000000000e+00,1.0000000000e+00
IIII210_IIII212_B,1,0,5,3.1250000000e-02,2.7202384333e-01,9.5820045528e-01,1.0000000000e+00,1.0000000000e+00,1.0000000000e+00
IIII200,3,0,5,1.2500000000e-01,7.3692442384e-01,9.9999841217e-01,1.0000000000e+00,1.0000000000e+00,1.0000000000e+00
IIII302_IIII303_B,5,0,14,1.8121337891e-01,8.6457233919e-01,9.9999999792e-01,1.0000000000e+00,1.0000000000e+00,1.0000000000e+00
IIII201,4,0,5,1.5625000000e-01,8.1713193967e-01,9.9999995818e-01,1.0000000000e+00,1.0000000000e+00,1.0000000000e+00
IIII210,2,0,5,6.2500000000e-02,4.7553952495e-01,9.9842555447e-01,1.0000000000e+00,1.0000000000e+00,1.0000000000e+00
IIII200,1,0,5,3.1250000000e-02,2.7202384333e-01,9.5820045528e-01,1.0000000000e+00,1.0000000000e+00,1.0000000000e+00
IIII302_IIII304_B,12,0,14,9.8266601563e-03,9.4033187395e-02,6.2750290613e-01,9.9994856854e-01,1.0000000000e+00,1.0000000000e+00
IIII201,2,0,5,9.3750000000e-02,6.2633691437e-01,9.9994693576e-01,1.0000000000e+00,1.0000000000e+00,1.0000000000e+00
IIII202,4,0,5,1.5625000000e-01,8.1713193967e-01,9.9999995818e-01,1.0000000000e+00,1.0000000000e+00,1.0000000000e+00
IIII211,3,0,5,2.1875000000e-01,9.1529670527e-01,9.9999999998e-01,1.0000000000e+00,1.0000000000e+00,1.0000000000e+00
IIII302,17,0,14,1.9104003906e-01,8.7997539936e-01,9.9999999938e-01,1.0000000000e+00,1.0000000000e+00,1.0000000000e+00
IIII202,1,0,5,3.1250000000e-02,2.7202384333e-01,9.5820045528e-01,1.0000000000e+00,1.0000000000e+00,1.0000000000e+00
IIII212,3,0,5,2.1875000000e-01,9.1529670527e-01,9.9999999998e-01,1.0000000000e+00,1.0000000000e+00,1.0000000000e+00
IIII211,1,0,5,3.1250000000e-02,2.7202384333e-01,9.5820045528e-01,1.0000000000e+00,1.0000000000e+00,1.0000000000e+00
IIII303,7,0,14,2.4017333984e-01,9.3585758956e-01,1.0000000000e+00,1.0000000000e+00,1.0000000000e+00,1.0000000000e+00
IIII105,6,0,7,7.4218750000e-01,9.9999870270e-01,1.0000000000e+00,1.0000000000e+00,1.0000000000e+00,1.0000000000e+00
IIII212,1,0,5,3.1250000000e-02,2.7202384333e-01,9.5820045528e-01,1.0000000000e+00,1.0000000000e+00,1.0000000000e+00
IIII321,1,0,1,5.0000000000e-01,9.9902343750e-01,1.0000000000e+00,1.0000000000e+00,1.0000000000e+00,1.0000000000e+00
IIII303,5,0,14,1.8121337891e-01,8.6457233919e-01,9.9999999792e-01,1.0000000000e+00,1.0000000000e+00,1.0000000000e+00
IIII304,7,0,14,2.4017333984e-01,9.3585758956e-01,1.0000000000e+00,1.0000000000e+00,1.0000000000e+00,1.0000000000e+00
IIII105,6,0,7,2.5781250000e-01,9.4928500857e-01,1.0000000000e+00,1.0000000000e+00,1.0000000000e+00,1.0000000000e+00
IIII321,1,0,1,5.0000000000e-01,9.9902343750e-01,1.0000000000e+00,1.0000000000e+00,1.0000000000e+00,1.0000000000e+00
IIII304,12,0,14,9.8266601563e-03,9.4033187395e-02,6.2750290613e-01,9.9994856854e-01,1.0000000000e+00,1.0000000000e+00
IIII225,10,0,10,1.8261718750e-01,8.6687641226e-01,9.9999999825e-01,1.0000000000e+00,1.0000000000e+00,1.0000000000e+00
IIII180,2,0,5,1.5625000000e-01,8.1713193967e-01,9.9999995818e-01,1.0000000000e+00,1.0000000000e+00,1.0000000000e+00
IIII324,1,0,1,5.0000000000e-01,9.9902343750e-01,1.0000000000e+00,1.0000000000e+00,1.0000000000e+00,1.0000000000e+00
G23_G102_A,1,0,3,1.2500000000e-01,7.3692442384e-01,9.9999841217e-01,1.0000000000e+00,1.0000000000e+00,1.0000000000e+00
IIII271,28,0,14,2.2052001953e-01,9.1719631663e-01,9.9999999998e-01,1.0000000000e+00,1.0000000000e+00,1.0000000000e+00
IIII226,6,0,8,1.6015625000e-01,8.2542383615e-01,9.9999997371e-01,1.0000000000e+00,1.0000000000e+00,1.0000000000e+00
IIII235,7,0,9,1.6015625000e-01,8.2542383615e-01,9.9999997371e-01,1.0000000000e+00,1.0000000000e+00,1.0000000000e+00
IIII225,4,0,8,8.9843750000e-02,6.0991472470e-01,9.9991841777e-01,1.0000000000e+00,1.0000000000e+00,1.0000000000e+00
IIII190,2,0,4,1.2500000000e-01,7.3692442384e-01,9.9999841217e-01,1.0000000000e+00,1.0000000000e+00,1.0000000000e+00
IIII181,1,0,3,1.2500000000e-01,7.3692442384e-01,9.9999841217e-01,1.0000000000e+00,1.0000000000e+00,1.0000000000e+00
IIII180,1,0,3,1.2500000000e-01,7.3692442384e-01,9.9999841217e-01,1.0000000000e+00,1.0000000000e+00,1.0000000000e+00
G21_G140_B,1,0,5,3.1250000000e-02,2.7202384333e-01,9.5820045528e-01,1.0000000000e+00,1.0000000000e+00,1.0000000000e+00
G20_G140_C,1,0,6,1.5625000000e-02,1.4570915024e-01,7.9295843252e-01,9.9999985526e-01,1.0000000000e+00,1.0000000000e+00
G20_G151_A,1,0,5,3.1250000000e-02,2.7202384333e-01,9.5820045528e-01,1.0000000000e+00,1.0000000000e+00,1.0000000000e+00
IIII324,1,0,1,5.0000000000e-01,9.9902343750e-01,1.0000000000e+00,1.0000000000e+00,1.0000000000e+00,1.0000000000e+00
G23_G102_A,1,0,3,1.2500000000e-01,7.3692442384e-01,9.9999841217e-01,1.0000000000e+00,1.0000000000e+00,1.0000000000e+00
IIII272,16,0,12,2.1069335938e-01,9.0614496706e-01,9.9999999995e-01,1.0000000000e+00,1.0000000000e+00,1.0000000000e+00
IIII271,12,0,12,3.9306640625e-02,3.3034997826e-01,9.8186661540e-01,1.0000000000e+00,1.0000000000e+00,1.0000000000e+00
IIII281,17,0,13,2.1069335938e-01,9.0614496706e-01,9.9999999995e-01,1.0000000000e+00,1.0000000000e+00,1.0000000000e+00
IIII226,2,0,7,7.0312500000e-02,5.1764152056e-01,9.9931813378e-01,1.0000000000e+00,1.0000000000e+00,1.0000000000e+00
IIII227,6,0,8,1.6015625000e-01,8.2542383615e-01,9.9999997371e-01,1.0000000000e+00,1.0000000000e+00,1.0000000000e+00
IIII236,8,0,10,1.8261718750e-01,8.6687641226e-01,9.9999999825e-01,1.0000000000e+00,1.0000000000e+00,1.0000000000e+00
IIII225_IIII226_B,2,0,7,7.0312500000e-02,5.1764152056e-01,9.9931813378e-01,1.0000000000e+00,1.0000000000e+00,1.0000000000e+00
IIII245,8,0,10,1.6015625000e-01,8.2542383615e-01,9.9999997371e-01,1.0000000000e+00,1.0000000000e+00,1.0000000000e+00
IIII235,4,0,9,4.4921875000e-02,3.6847727725e-01,9.8991003140e-01,1.0000000000e+00,1.0000000000e+00,1.0000000000e+00
IIII191,3,0,5,1.5625000000e-01,8.1713193967e-01,9.9999995818e-01,1.0000000000e+00,1.0000000000e+00,1.0000000000e+00
IIII190,1,0,4,6.2500000000e-02,4.7553952495e-01,9.9842555447e-01,1.0000000000e+00,1.0000000000e+00,1.0000000000e+00
IIII182,1,0,3,1.2500000000e-01,7.3692442384e-01,9.9999841217e-01,1.0000000000e+00,1.0000000000e+00,1.0000000000e+00
IIII180_IIII182_A,2,0,5,1.5625000000e-01,8.1713193967e-01,9.9999995818e-01,1.0000000000e+00,1.0000000000e+00,1.0000000000e+00
G21_G140_B,1,0,6,1.5625000000e-02,1.4570915024e-01,7.9295843252e-01,9.9999985526e-01,1.0000000000e+00,1.0000000000e+00
G20_G140_C,1,0,6,1.5625000000e-02,1.4570915024e-01,7.9295843252e-01,9.9999985526e-01,1.0000000000e+00,1.0000000000e+00
G22_G131_B,1,0,7,7.8125000000e-03,7.5434863403e-02,5.4356900259e-01,9.9960757984e-01,1.0000000000e+00,1.0000000000e+00
G20_G151_A,1,0,5,3.1250000000e-02,2.7202384333e-01,9.5820045528e-01,1.0000000000e+00,1.0000000000e+00,1.0000000000e+00
G23_G104_A,1,0,3,1.2500000000e-01,7.3692442384e-01,9.9999841217e-01,1.0000000000e+00,1.0000000000e+00,1.0000000000e+00
IIII272,4,0,11,1.7138671875e-01,8.4741252018e-01,9.9999999316e-01,1.0000000000e+00,1.0000000000e+00,1.0000000000e+00
IIII273,16,0,12,2.1069335938e-01,9.0614496706e-01,9.9999999995e-01,1.0000000000e+00,1.0000000000e+00,1.0000000000e+00
IIII282,18,0,14,2.2052001953e-01,9.1719631663e-01,9.9999999998e-01,1.0000000000e+00,1.0000000000e+00,1.0000000000e+00
IIII291,18,0,14,2.1069335938e-01,9.0614496706e-01,9.9999999995e-01,1.0000000000e+00,1.0000000000e+00,1.0000000000e+00
IIII281,12,0,13,1.9653320313e-02,1.8003215336e-01,8.6260585447e-01,9.9999999760e-01,1.0000000000e+00,1.0000000000e+00
IIII227,8,0,10,1.1230468750e-01,6.9616397490e-01,9.9999329509e-01,1.0000000000e+00,1.0000000000e+00,1.0000000000e+00
IIII236,3,0,9,1.1523437500e-01,7.0604394499e-01,9.9999518247e-01,1.0000000000e+00,1.0000000000e+00,1.0000000000e+00
IIII237,8,0,10,1.8261718750e-01,8.6687641226e-01,9.9999999825e-01,1.0000000000e+00,1.0000000000e+00,1.0000000000e+00
IIII246,9,0,10,1.8261718750e-01,8.6687641226e-01,9.9999999825e-01,1.0000000000e+00,1.0000000000e+00,1.0000000000e+00
IIII225_IIII227_B,8,0,10,1.1230468750e-01,6.9616397490e-01,9.9999329509e-01,1.0000000000e+00,1.0000000000e+00,1.0000000000e+00
IIII225_IIII226_B,4,0,8,8.9843750000e-02,6.0991472470e-01,9.9991841777e-01,1.0000000000e+00,1.0000000000e+00,1.0000000000e+00
IIII255,7,0,10,1.1523437500e-01,7.0604394499e-01,9.9999518247e-01,1.0000000000e+00,1.0000000000e+00,1.0000000000e+00
IIII245,4,0,10,2.2460937500e-02,2.0321489216e-01,8.9686357251e-01,9.9999999986e-01,1.0000000000e+00,1.0000000000e+00
IIII192,3,0,5,1.5625000000e-01,8.1713193967e-01,9.9999995818e-01,1.0000000000e+00,1.0000000000e+00,1.0000000000e+00
IIII191,1,0,4,6.2500000000e-02,4.7553952495e-01,9.9842555447e-01,1.0000000000e+00,1.0000000000e+00,1.0000000000e+00
IIII182,2,0,5,1.5625000000e-01,8.1713193967e-01,9.9999995818e-01,1.0000000000e+00,1.0000000000e+00,1.0000000000e+00
IIII180_IIII181_B,1,0,3,1.2500000000e-01,7.3692442384e-01,9.9999841217e-01,1.0000000000e+00,1.0000000000e+00,1.0000000000e+00
IIII180_IIII182_A,1,0,3,1.2500000000e-01,7.3692442384e-01,9.9999841217e-01,1.0000000000e+00,1.0000000000e+00,1.0000000000e+00
G24_G140_A,1,0,5,3.1250000000e-02,2.7202384333e-01,9.5820045528e-01,1.0000000000e+00,1.0000000000e+00,1.0000000000e+00
G22_G131_B,1,0,7,7.8125000000e-03,7.5434863403e-02,5.4356900259e-01,9.9960757984e-01,1.0000000000e+00,1.0000000000e+00
G21_G123_C,4,0,7,9.3750000000e-02,6.2633691437e-01,9.9994693576e-01,1.0000000000e+00,1.0000000000e+00,1.0000000000e+00
G22_G141_B,2,0,6,4.6875000000e-02,3.8127365236e-01,9.9177783661e-01,1.0000000000e+00,1.0000000000e+00,1.0000000000e+00
G21_G141_C,1,0,4,6.2500000000e-02,4.7553952495e-01,9.9842555447e-01,1.0000000000e+00,1.0000000000e+00,1.0000000000e+00
G23_G104_A,1,0,3,1.2500000000e-01,7.3692442384e-01,9.9999841217e-01,1.0000000000e+00,1.0000000000e+00,1.0000000000e+00
IIII318,2,0,2,2.5000000000e-01,9.4368648529e-01,1.0000000000e+00,1.0000000000e+00,1.0000000000e+00,1.0000000000e+00
G20_G125_B,1,0,5,3.1250000000e-02,2.7202384333e-01,9.5820045528e-01,1.0000000000e+00,1.0000000000e+00,1.0000000000e+00
IIII372,58,0,18,4.9925231934e-01,9.9900873570e-01,1.0000000000e+00,1.0000000000e+00,1.0000000000e+00,1.0000000000e+00
G24_G122_A,4,0,7,7.8125000000e-02,5.5667688454e-01,9.9970677313e-01,1.0000000000e+00,1.0000000000e+00,1.0000000000e+00
IIII336,1,0,1,5.0000000000e-01,9.9902343750e-01,1.0000000000e+00,1.0000000000e+00,1.0000000000e+00,1.0000000000e+00
G22_G142_A,4,0,7,4.6875000000e-02,3.8127365236e-01,9.9177783661e-01,1.0000000000e+00,1.0000000000e+00,1.0000000000e+00
G20_G135_A,3,0,7,3.1250000000e-02,2.7202384333e-01,9.5820045528e-01,1.0000000000e+00,1.0000000000e+00,1.0000000000e+00
IIII292,19,0,14,2.2052001953e-01,9.1719631663e-01,9.9999999998e-01,1.0000000000e+00,1.0000000000e+00,1.0000000000e+00
IIII273,24,0,14,4.9133300781e-02,3.9577821411e-01,9.9351419627e-01,1.0000000000e+00,1.0000000000e+00,1.0000000000e+00
IIII282,5,0,13,1.9104003906e-01,8.7997539936e-01,9.9999999938e-01,1.0000000000e+00,1.0000000000e+00,1.0000000000e+00
IIII283,18,0,14,2.2052001953e-01,9.1719631663e-01,9.9999999998e-01,1.0000000000e+00,1.0000000000e+00,1.0000000000e+00
IIII271_IIII272_B,4,0,11,1.7138671875e-01,8.4741252018e-01,9.9999999316e-01,1.0000000000e+00,1.0000000000e+00,1.0000000000e+00
IIII291,12,0,14,9.8266601563e-03,9.4033187395e-02,6.2750290613e-01,9.9994856854e-01,1.0000000000e+00,1.0000000000e+00
IIII237,4,0,9,4.4921875000e-02,3.6847727725e-01,9.8991003140e-01,1.0000000000e+00,1.0000000000e+00,1.0000000000e+00
IIII246,4,0,10,1.3769531250e-01,7.7269579533e-01,9.9999963181e-01,1.0000000000e+00,1.0000000000e+00,1.0000000000e+00
IIII247,9,0,10,1.8261718750e-01,8.6687641226e-01,9.9999999825e-01,1.0000000000e+00,1.0000000000e+00,1.0000000000e+00
IIII256,5,0,10,2.2753906250e-01,9.2435760544e-01,9.9999999999e-01,1.0000000000e+00,1.0000000000e+00,1.0000000000e+00
IIII225_IIII227_B,4,0,8,8.9843750000e-02,6.0991472470e-01,9.9991841777e-01,1.0000000000e+00,1.0000000000e+00,1.0000000000e+00
IIII235_IIII236_B,3,0,9,1.1523437500e-01,7.0604394499e-01,9.9999518247e-01,1.0000000000e+00,1.0000000000e+00,1.0000000000e+00
IIII192,1,0,4,6.2500000000e-02,4.7553952495e-01,9.9842555447e-01,1.0000000000e+00,1.0000000000e+00,1.0000000000e+00
IIII190_IIII191_B,1,0,4,6.2500000000e-02,4.7553952495e-01,9.9842555447e-01,1.0000000000e+00,1.0000000000e+00,1.0000000000e+00
G24_G140_A,1,0,6,1.5625000000e-02,1.4570915024e-01,7.9295843252e-01,9.9999985526e-01,1.0000000000e+00,1.0000000000e+00
G23_G131_C,1,0,7,7.8125000000e-03,7.5434863403e-02,5.4356900259e-01,9.9960757984e-01,1.0000000000e+00,1.0000000000e+00
G21_G123_C,5,0,7,9.3750000000e-02,6.2633691437e-01,9.9994693576e-01,1.0000000000e+00,1.0000000000e+00,1.0000000000e+00
G24_G141_A,1,0,4,6.2500000000e-02,4.7553952495e-01,9.9842555447e-01,1.0000000000e+00,1.0000000000e+00,1.0000000000e+00
G22_G141_B,2,0,6,4.6875000000e-02,3.8127365236e-01,9.9177783661e-01,1.0000000000e+00,1.0000000000e+00,1.0000000000e+00
G21_G141_C,2,0,6,4.6875000000e-02,3.8127365236e-01,9.9177783661e-01,1.0000000000e+00,1.0000000000e+00,1.0000000000e+00
IIII318,2,0,2,2.5000000000e-01,9.4368648529e-01,1.0000000000e+00,1.0000000000e+00,1.0000000000e+00,1.0000000000e+00
IIII382,2,0,2,2.5000000000e-01,9.4368648529e-01,1.0000000000e+00,1.0000000000e+00,1.0000000000e+00,1.0000000000e+00
G20_G125_B,1,0,5,3.1250000000e-02,2.7202384333e-01,9.5820045528e-01,1.0000000000e+00,1.0000000000e+00,1.0000000000e+00
G22_G124_B,1,0,5,3.1250000000e-02,2.7202384333e-01,9.5820045528e-01,1.0000000000e+00,1.0000000000e+00,1.0000000000e+00
IIII372,58,0,18,4.9925231934e-01,9.9900873570e-01,1.0000000000e+00,1.0000000000e+00,1.0000000000e+00,1.0000000000e+00
G24_G122_A,5,0,7,7.8125000000e-02,5.5667688454e-01,9.9970677313e-01,1.0000000000e+00,1.0000000000e+00,1.0000000000e+00
IIII336,1,0,1,5.0000000000e-01,9.9902343750e-01,1.0000000000e+00,1.0000000000e+00,1.0000000000e+00,1.0000000000e+00
G22_G142_A,4,0,7,4.6875000000e-02,3.8127365236e-01,9.9177783661e-01,1.0000000000e+00,1.0000000000e+00,1.0000000000e+00
G21_G144_A,5,0,7,1.2500000000e-01,7.3692442384e-01,9.9999841217e-01,1.0000000000e+00,1.0000000000e+00,1.0000000000e+00
G20_G135_A,3,0,8,2.7343750000e-02,2.4213156738e-01,9.3749162939e-01,1.0000000000e+00,1.0000000000e+00,1.0000000000e+00
IIII292,6,0,14,2.0086669922e-01,8.9378342683e-01,9.9999999982e-01,1.0000000000e+00,1.0000000000e+00,1.0000000000e+00
IIII293,19,0,14,2.2052001953e-01,9.1719631663e-01,9.9999999998e-01,1.0000000000e+00,1.0000000000e+00,1.0000000000e+00
IIII283,12,0,13,1.9653320313e-02,1.8003215336e-01,8.6260585447e-01,9.9999999760e-01,1.0000000000e+00,1.0000000000e+00
IIII271_IIII273_B,24,0,14,4.9133300781e-02,3.9577821411e-01,9.9351419627e-01,1.0000000000e+00,1.0000000000e+00,1.0000000000e+00
IIII271_IIII272_B,12,0,12,3.9306640625e-02,3.3034997826e-01,9.8186661540e-01,1.0000000000e+00,1.0000000000e+00,1.0000000000e+00
IIII247,4,0,10,2.2460937500e-02,2.0321489216e-01,8.9686357251e-01,9.9999999986e-01,1.0000000000e+00,1.0000000000e+00
IIII256,3,0,10,9.2773437500e-02,6.2229079103e-01,9.9994090160e-01,1.0000000000e+00,1.0000000000e+00,1.0000000000e+00
IIII257,5,0,10,2.2753906250e-01,9.2435760544e-01,9.9999999999e-01,1.0000000000e+00,1.0000000000e+00,1.0000000000e+00
IIII235_IIII236_B,4,0,9,4.4921875000e-02,3.6847727725e-01,9.8991003140e-01,1.0000000000e+00,1.0000000000e+00,1.0000000000e+00
IIII235_IIII237_B,4,0,9,4.4921875000e-02,3.6847727725e-01,9.8991003140e-01,1.0000000000e+00,1.0000000000e+00,1.0000000000e+00
IIII190_IIII191_B,1,0,4,6.2500000000e-02,4.7553952495e-01,9.9842555447e-01,1.0000000000e+00,1.0000000000e+00,1.0000000000e+00
IIII190_IIII192_B,1,0,4,6.2500000000e-02,4.7553952495e-01,9.9842555447e-01,1.0000000000e+00,1.0000000000e+00,1.0000000000e+00
G21_G134_C,2,0,8,1.1718750000e-02,1.1119690418e-01,6.9235094430e-01,9.9999240451e-01,1.0000000000e+00,1.0000000000e+00
G22_G133_C,1,0,8,3.9062500000e-03,3.8382958384e-02,3.2388353489e-01,9.8003749113e-01,1.0000000000e+00,1.0000000000e+00
G23_G131_C,1,0,7,7.8125000000e-03,7.5434863403e-02,5.4356900259e-01,9.9960757984e-01,1.0000000000e+00,1.0000000000e+00
G20_G128_A,1,0,6,1.5625000000e-02,1.4570915024e-01,7.9295843252e-01,9.9999985526e-01,1.0000000000e+00,1.0000000000e+00
G24_G141_A,2,0,6,4.6875000000e-02,3.8127365236e-01,9.9177783661e-01,1.0000000000e+00,1.0000000000e+00,1.0000000000e+00
IIII382,2,0,2,2.5000000000e-01,9.4368648529e-01,1.0000000000e+00,1.0000000000e+00,1.0000000000e+00,1.0000000000e+00
G21_G126_B,2,0,6,6.2500000000e-02,4.7553952495e-01,9.9842555447e-01,1.0000000000e+00,1.0000000000e+00,1.0000000000e+00
G22_G124_B,1,0,5,3.1250000000e-02,2.7202384333e-01,9.5820045528e-01,1.0000000000e+00,1.0000000000e+00,1.0000000000e+00
IIII392,1,0,1,5.0000000000e-01,9.9902343750e-01,1.0000000000e+00,1.0000000000e+00,1.0000000000e+00,1.0000000000e+00
G21_G144_A,7,0,7,1.2500000000e-01,7.3692442384e-01,9.9999841217e-01,1.0000000000e+00,1.0000000000e+00,1.0000000000e+00
IIII293,12,0,14,9.8266601563e-03,9.4033187395e-02,6.2750290613e-01,9.9994856854e-01,1.0000000000e+00,1.0000000000e+00
IIII281_IIII282_B,5,0,13,1.9104003906e-01,8.7997539936e-01,9.9999999938e-01,1.0000000000e+00,1.0000000000e+00,1.0000000000e+00
IIII271_IIII273_B,12,0,12,3.9306640625e-02,3.3034997826e-01,9.8186661540e-01,1.0000000000e+00,1.0000000000e+00,1.0000000000e+00
IIII257,4,0,10,2.2460937500e-02,2.0321489216e-01,8.9686357251e-01,9.9999999986e-01,1.0000000000e+00,1.0000000000e+00
IIII235_IIII237_B,4,0,9,4.4921875000e-02,3.6847727725e-01,9.8991003140e-01,1.0000000000e+00,1.0000000000e+00,1.0000000000e+00
IIII245_IIII246_B,4,0,10,1.3769531250e-01,7.7269579533e-01,9.9999963181e-01,1.0000000000e+00,1.0000000000e+00,1.0000000000e+00
IIII190_IIII192_B,1,0,4,6.2500000000e-02,4.7553952495e-01,9.9842555447e-01,1.0000000000e+00,1.0000000000e+00,1.0000000000e+00
G21_G134_C,1,0,6,1.5625000000e-02,1.4570915024e-01,7.9295843252e-01,9.9999985526e-01,1.0000000000e+00,1.0000000000e+00
G20_G145_C,1,0,6,1.5625000000e-02,1.4570915024e-01,7.9295843252e-01,9.9999985526e-01,1.0000000000e+00,1.0000000000e+00
G22_G133_C,1,0,8,3.9062500000e-03,3.8382958384e-02,3.2388353489e-01,9.8003749113e-01,1.0000000000e+00,1.0000000000e+00
G20_G137_B,1,0,7,7.8125000000e-03,7.5434863403e-02,5.4356900259e-01,9.9960757984e-01,1.0000000000e+00,1.0000000000e+00
G20_G128_A,1,0,6,1.5625000000e-02,1.4570915024e-01,7.9295843252e-01,9.9999985526e-01,1.0000000000e+00,1.0000000000e+00
G21_G126_B,2,0,6,6.2500000000e-02,4.7553952495e-01,9.9842555447e-01,1.0000000000e+00,1.0000000000e+00,1.0000000000e+00
G19_G121_A,1,0,7,7.8125000000e-03,7.5434863403e-02,5.4356900259e-01,9.9960757984e-01,1.0000000000e+00,1.0000000000e+00
IIII392,1,0,1,5.0000000000e-01,9.9902343750e-01,1.0000000000e+00,1.0000000000e+00,1.0000000000e+00,1.0000000000e+00
G24_G143_A,6,0,8,2.3046875000e-01,9.2717799896e-01,1.0000000000e+00,1.0000000000e+00,1.0000000000e+00,1.0000000000e+00
IIII281_IIII282_B,12,0,13,1.9653320313e-02,1.8003215336e-01,8.6260585447e-01,9.9999999760e-01,1.0000000000e+00,1.0000000000e+00
IIII281_IIII283_B,12,0,13,1.9653320313e-02,1.8003215336e-01,8.6260585447e-01,9.9999999760e-01,1.0000000000e+00,1.0000000000e+00
IIII245_IIII247_B,4,0,10,2.2460937500e-02,2.0321489216e-01,8.9686357251e-01,9.9999999986e-01,1.0000000000e+00,1.0000000000e+00
IIII245_IIII246_B,4,0,10,2.2460937500e-02,2.0321489216e-01,8.9686357251e-01,9.9999999986e-01,1.0000000000e+00,1.0000000000e+00
G152_G41_C,2,0,4,1.2500000000e-01,7.3692442384e-01,9.9999841217e-01,1.0000000000e+00,1.0000000000e+00,1.0000000000e+00
G20_G145_C,1,0,6,1.5625000000e-02,1.4570915024e-01,7.9295843252e-01,9.9999985526e-01,1.0000000000e+00,1.0000000000e+00
G20_G137_B,1,0,7,7.8125000000e-03,7.5434863403e-02,5.4356900259e-01,9.9960757984e-01,1.0000000000e+00,1.0000000000e+00
G19_G121_A,1,0,7,7.8125000000e-03,7.5434863403e-02,5.4356900259e-01,9.9960757984e-01,1.0000000000e+00,1.0000000000e+00
G24_G143_A,8,0,8,2.3046875000e-01,9.2717799896e-01,1.0000000000e+00,1.0000000000e+00,1.0000000000e+00,1.0000000000e+00
G23_G136_A,4,0,7,4.6875000000e-02,3.8127365236e-01,9.9177783661e-01,1.0000000000e+00,1.0000000000e+00,1.0000000000e+00
IIII291_IIII292_B,6,0,14,2.0086669922e-01,8.9378342683e-01,9.9999999982e-01,1.0000000000e+00,1.0000000000e+00,1.0000000000e+00
IIII281_IIII283_B,12,0,13,1.9653320313e-02,1.8003215336e-01,8.6260585447e-01,9.9999999760e-01,1.0000000000e+00,1.0000000000e+00
IIII255_IIII256_B,3,0,10,9.2773437500e-02,6.2229079103e-01,9.9994090160e-01,1.0000000000e+00,1.0000000000e+00,1.0000000000e+00
IIII245_IIII247_B,4,0,10,2.2460937500e-02,2.0321489216e-01,8.9686357251e-01,9.9999999986e-01,1.0000000000e+00,1.0000000000e+00
G152_G41_C,2,0,4,1.2500000000e-01,7.3692442384e-01,9.9999841217e-01,1.0000000000e+00,1.0000000000e+00,1.0000000000e+00
G19_G150_A,3,0,7,6.2500000000e-02,4.7553952495e-01,9.9842555447e-01,1.0000000000e+00,1.0000000000e+00,1.0000000000e+00
G17_G161_A,10,0,16,1.3978576660e-01,7.7814652145e-01,9.9999971116e-01,1.0000000000e+00,1.0000000000e+00,1.0000000000e+00
G31_G156_A,1,0,3,1.2500000000e-01,7.3692442384e-01,9.9999841217e-01,1.0000000000e+00,1.0000000000e+00,1.0000000000e+00
G23_G136_A,3,0,7,4.6875000000e-02,3.8127365236e-01,9.9177783661e-01,1.0000000000e+00,1.0000000000e+00,1.0000000000e+00
IIII291_IIII292_B,12,0,14,9.8266601563e-03,9.4033187395e-02,6.2750290613e-01,9.9994856854e-01,1.0000000000e+00,1.0000000000e+00
IIII291_IIII293_B,12,0,14,9.8266601563e-03,9.4033187395e-02,6.2750290613e-01,9.9994856854e-01,1.0000000000e+00,1.0000000000e+00
IIII255_IIII257_B,4,0,10,2.2460937500e-02,2.0321489216e-01,8.9686357251e-01,9.9999999986e-01,1.0000000000e+00,1.0000000000e+00
G152_G70_C,7,0,10,1.1523437500e-01,7.0604394499e-01,9.9999518247e-01,1.0000000000e+00,1.0000000000e+00,1.0000000000e+00
G24_G127_B,3,0,6,6.2500000000e-02,4.7553952495e-01,9.9842555447e-01,1.0000000000e+00,1.0000000000e+00,1.0000000000e+00
G19_G150_A,3,0,7,6.2500000000e-02,4.7553952495e-01,9.9842555447e-01,1.0000000000e+00,1.0000000000e+00,1.0000000000e+00
G17_G161_A,10,0,16,1.3978576660e-01,7.7814652145e-01,9.9999971116e-01,1.0000000000e+00,1.0000000000e+00,1.0000000000e+00
G31_G156_A,1,0,3,1.2500000000e-01,7.3692442384e-01,9.9999841217e-01,1.0000000000e+00,1.0000000000e+00,1.0000000000e+00
IIII291_IIII293_B,12,0,14,9.8266601563e-03,9.4033187395e-02,6.2750290613e-01,9.9994856854e-01,1.0000000000e+00,1.0000000000e+00
G152_G62_C,7,0,9,1.6015625000e-01,8.2542383615e-01,9.9999997371e-01,1.0000000000e+00,1.0000000000e+00,1.0000000000e+00
G152_G70_C,7,0,10,1.1523437500e-01,7.0604394499e-01,9.9999518247e-01,1.0000000000e+00,1.0000000000e+00,1.0000000000e+00
G152_G80_C,28,0,14,2.2052001953e-01,9.1719631663e-01,9.9999999998e-01,1.0000000000e+00,1.0000000000e+00,1.0000000000e+00
G31_G158_A,1,0,3,1.2500000000e-01,7.3692442384e-01,9.9999841217e-01,1.0000000000e+00,1.0000000000e+00,1.0000000000e+00
G24_G127_B,2,0,6,6.2500000000e-02,4.7553952495e-01,9.9842555447e-01,1.0000000000e+00,1.0000000000e+00,1.0000000000e+00
G152_G45_C,3,0,5,1.2500000000e-01,7.3692442384e-01,9.9999841217e-01,1.0000000000e+00,1.0000000000e+00,1.0000000000e+00
G152_G62_C,7,0,9,1.6015625000e-01,8.2542383615e-01,9.9999997371e-01,1.0000000000e+00,1.0000000000e+00,1.0000000000e+00
G152_G80_C,28,0,14,2.2052001953e-01,9.1719631663e-01,9.9999999998e-01,1.0000000000e+00,1.0000000000e+00,1.0000000000e+00
G161_G72_C,4,0,10,2.2460937500e-02,2.0321489216e-01,8.9686357251e-01,9.9999999986e-01,1.0000000000e+00,1.0000000000e+00
G31_G158_A,1,0,3,1.2500000000e-01,7.3692442384e-01,9.9999841217e-01,1.0000000000e+00,1.0000000000e+00,1.0000000000e+00
G152_G37_C,2,0,5,1.5625000000e-01,8.1713193967e-01,9.9999995818e-01,1.0000000000e+00,1.0000000000e+00,1.0000000000e+00
G152_G45_C,3,0,5,1.2500000000e-01,7.3692442384e-01,9.9999841217e-01,1.0000000000e+00,1.0000000000e+00,1.0000000000e+00
G161_G72_C,4,0,10,2.2460937500e-02,2.0321489216e-01,8.9686357251e-01,9.9999999986e-01,1.0000000000e+00,1.0000000000e+00
G19_G125_C,1,0,5,3.1250000000e-02,2.7202384333e-01,9.5820045528e-01,1.0000000000e+00,1.0000000000e+00,1.0000000000e+00
G152_G37_C,2,0,5,1.5625000000e-01,8.1713193967e-01,9.9999995818e-01,1.0000000000e+00,1.0000000000e+00,1.0000000000e+00
G152_G92_C,17,0,14,1.9104003906e-01,8.7997539936e-01,9.9999999938e-01,1.0000000000e+00,1.0000000000e+00,1.0000000000e+00
G19_G125_C,1,0,6,1.5625000000e-02,1.4570915024e-01,7.9295843252e-01,9.9999985526e-01,1.0000000000e+00,1.0000000000e+00
G152_G66_C,8,0,10,1.6015625000e-01,8.2542383615e-01,9.9999997371e-01,1.0000000000e+00,1.0000000000e+00,1.0000000000e+00
G152_G84_C,17,0,13,2.1069335938e-01,9.0614496706e-01,9.9999999995e-01,1.0000000000e+00,1.0000000000e+00,1.0000000000e+00
G152_G92_C,17,0,14,1.9104003906e-01,8.7997539936e-01,9.9999999938e-01,1.0000000000e+00,1.0000000000e+00,1.0000000000e+00
G19_G129_A,1,0,7,7.8125000000e-03,7.5434863403e-02,5.4356900259e-01,9.9960757984e-01,1.0000000000e+00,1.0000000000e+00
G162BF,6,0,7,2.5781250000e-01,9.4928500857e-01,1.0000000000e+00,1.0000000000e+00,1.0000000000e+00,1.0000000000e+00
G152_G49_C,2,0,5,6.2500000000e-02,4.7553952495e-01,9.9842555447e-01,1.0000000000e+00,1.0000000000e+00,1.0000000000e+00
G152_G58_C,10,0,10,1.8261718750e-01,8.6687641226e-01,9.9999999825e-01,1.0000000000e+00,1.0000000000e+00,1.0000000000e+00
G152_G66_C,8,0,10,1.6015625000e-01,8.2542383615e-01,9.9999997371e-01,1.0000000000e+00,1.0000000000e+00,1.0000000000e+00
G152_G84_C,17,0,13,2.1069335938e-01,9.0614496706e-01,9.9999999995e-01,1.0000000000e+00,1.0000000000e+00,1.0000000000e+00
G19_G145_D,1,0,6,1.5625000000e-02,1.4570915024e-01,7.9295843252e-01,9.9999985526e-01,1.0000000000e+00,1.0000000000e+00
G19_G129_A,1,0,7,7.8125000000e-03,7.5434863403e-02,5.4356900259e-01,9.9960757984e-01,1.0000000000e+00,1.0000000000e+00
G19_G137_C,1,0,7,7.8125000000e-03,7.5434863403e-02,5.4356900259e-01,9.9960757984e-01,1.0000000000e+00,1.0000000000e+00
G162BF,6,0,7,7.4218750000e-01,9.9999870270e-01,1.0000000000e+00,1.0000000000e+00,1.0000000000e+00,1.0000000000e+00
G152_G49_C,2,0,5,6.2500000000e-02,4.7553952495e-01,9.9842555447e-01,1.0000000000e+00,1.0000000000e+00,1.0000000000e+00
G152_G58_C,10,0,10,1.8261718750e-01,8.6687641226e-01,9.9999999825e-01,1.0000000000e+00,1.0000000000e+00,1.0000000000e+00
G19_G145_D,1,0,6,1.5625000000e-02,1.4570915024e-01,7.9295843252e-01,9.9999985526e-01,1.0000000000e+00,1.0000000000e+00
G19_G137_C,1,0,7,7.8125000000e-03,7.5434863403e-02,5.4356900259e-01,9.9960757984e-01,1.0000000000e+00,1.0000000000e+00
G152_G88_C,18,0,14,2.1069335938e-01,9.0614496706e-01,9.9999999995e-01,1.0000000000e+00,1.0000000000e+00,1.0000000000e+00
G152_G99_A,2,0,3,2.5000000000e-01,9.4368648529e-01,1.0000000000e+00,1.0000000000e+00,1.0000000000e+00,1.0000000000e+00
G152_G88_C,18,0,14,2.1069335938e-01,9.0614496706e-01,9.9999999995e-01,1.0000000000e+00,1.0000000000e+00,1.0000000000e+00
G152_G99_A,2,0,3,2.5000000000e-01,9.4368648529e-01,1.0000000000e+00,1.0000000000e+00,1.0000000000e+00,1.0000000000e+00
G13_IIII200_A,1,0,5,3.1250000000e-02,2.7202384333e-01,9.5820045528e-01,1.0000000000e+00,1.0000000000e+00,1.0000000000e+00
G13_IIII200_A,1,0,5,3.1250000000e-02,2.7202384333e-01,9.5820045528e-01,1.0000000000e+00,1.0000000000e+00,1.0000000000e+00
G13_IIII201_A,2,0,5,9.3750000000e-02,6.2633691437e-01,9.9994693576e-01,1.0000000000e+00,1.0000000000e+00,1.0000000000e+00
G13_IIII201_A,3,0,5,1.2500000000e-01,7.3692442384e-01,9.9999841217e-01,1.0000000000e+00,1.0000000000e+00,1.0000000000e+00
G14_IIII210_A,1,0,5,3.1250000000e-02,2.7202384333e-01,9.5820045528e-01,1.0000000000e+00,1.0000000000e+00,1.0000000000e+00
G14_IIII211_A,1,0,5,3.1250000000e-02,2.7202384333e-01,9.5820045528e-01,1.0000000000e+00,1.0000000000e+00,1.0000000000e+00
G22_IIII303_A,5,0,14,1.8121337891e-01,8.6457233919e-01,9.9999999792e-01,1.0000000000e+00,1.0000000000e+00,1.0000000000e+00
G14_IIII211_A,3,0,5,2.1875000000e-01,9.1529670527e-01,9.9999999998e-01,1.0000000000e+00,1.0000000000e+00,1.0000000000e+00
G22_IIII302_A,12,0,14,9.8266601563e-03,9.4033187395e-02,6.2750290613e-01,9.9994856854e-01,1.0000000000e+00,1.0000000000e+00
G51_IIII210_B,1,0,5,3.1250000000e-02,2.7202384333e-01,9.5820045528e-01,1.0000000000e+00,1.0000000000e+00,1.0000000000e+00
G51_IIII212_A,1,0,5,3.1250000000e-02,2.7202384333e-01,9.5820045528e-01,1.0000000000e+00,1.0000000000e+00,1.0000000000e+00
G22_IIII303_A,7,0,14,2.4017333984e-01,9.3585758956e-01,1.0000000000e+00,1.0000000000e+00,1.0000000000e+00,1.0000000000e+00
G11_IIII180_A,1,0,3,1.2500000000e-01,7.3692442384e-01,9.9999841217e-01,1.0000000000e+00,1.0000000000e+00,1.0000000000e+00
G11,4,0,5,1.5625000000e-01,8.1713193967e-01,9.9999995818e-01,1.0000000000e+00,1.0000000000e+00,1.0000000000e+00
G20,32,0,16,2.2789001465e-01,9.2470056973e-01,9.9999999999e-01,1.0000000000e+00,1.0000000000e+00,1.0000000000e+00
G51_IIII212_A,3,0,5,2.1875000000e-01,9.1529670527e-01,9.9999999998e-01,1.0000000000e+00,1.0000000000e+00,1.0000000000e+00
G11_IIII180_A,2,0,5,1.5625000000e-01,8.1713193967e-01,9.9999995818e-01,1.0000000000e+00,1.0000000000e+00,1.0000000000e+00
G12,4,0,5,1.5625000000e-01,8.1713193967e-01,9.9999995818e-01,1.0000000000e+00,1.0000000000e+00,1.0000000000e+00
G11,4,0,5,1.5625000000e-01,8.1713193967e-01,9.9999995818e-01,1.0000000000e+00,1.0000000000e+00,1.0000000000e+00
G21,36,0,15,2.3526000977e-01,9.3158709823e-01,1.0000000000e+00,1.0000000000e+00,1.0000000000e+00,1.0000000000e+00
G20,32,0,16,2.2789001465e-01,9.2470056973e-01,9.9999999999e-01,1.0000000000e+00,1.0000000000e+00,1.0000000000e+00
G30,1,0,1,5.0000000000e-01,9.9902343750e-01,1.0000000000e+00,1.0000000000e+00,1.0000000000e+00,1.0000000000e+00
G40,2,0,5,1.5625000000e-01,8.1713193967e-01,9.9999995818e-01,1.0000000000e+00,1.0000000000e+00,1.0000000000e+00
G12_IIII190_A,1,0,4,6.2500000000e-02,4.7553952495e-01,9.9842555447e-01,1.0000000000e+00,1.0000000000e+00,1.0000000000e+00
G20_IIII281_A,12,0,13,1.9653320313e-02,1.8003215336e-01,8.6260585447e-01,9.9999999760e-01,1.0000000000e+00,1.0000000000e+00
G22,69,0,2,2.5000000000e-01,9.4368648529e-01,1.0000000000e+00,1.0000000000e+00,1.0000000000e+00,1.0000000000e+00
G13,4,0,5,1.5625000000e-01,8.1713193967e-01,9.9999995818e-01,1.0000000000e+00,1.0000000000e+00,1.0000000000e+00
G12,4,0,5,1.5625000000e-01,8.1713193967e-01,9.9999995818e-01,1.0000000000e+00,1.0000000000e+00,1.0000000000e+00
G21,37,0,15,2.3526000977e-01,9.3158709823e-01,1.0000000000e+00,1.0000000000e+00,1.0000000000e+00,1.0000000000e+00
G30,1,0,1,5.0000000000e-01,9.9902343750e-01,1.0000000000e+00,1.0000000000e+00,1.0000000000e+00,1.0000000000e+00
G31,2,0,2,2.5000000000e-01,9.4368648529e-01,1.0000000000e+00,1.0000000000e+00,1.0000000000e+00,1.0000000000e+00
G41,2,0,4,1.2500000000e-01,7.3692442384e-01,9.9999841217e-01,1.0000000000e+00,1.0000000000e+00,1.0000000000e+00
G50,3,0,5,2.1875000000e-01,9.1529670527e-01,9.9999999998e-01,1.0000000000e+00,1.0000000000e+00,1.0000000000e+00
G47_IIII200_B,1,0,5,3.1250000000e-02,2.7202384333e-01,9.5820045528e-01,1.0000000000e+00,1.0000000000e+00,1.0000000000e+00
G40,1,0,3,1.2500000000e-01,7.3692442384e-01,9.9999841217e-01,1.0000000000e+00,1.0000000000e+00,1.0000000000e+00
G32,6,0,5,2.1875000000e-01,9.1529670527e-01,9.9999999998e-01,1.0000000000e+00,1.0000000000e+00,1.0000000000e+00
G12_IIII190_A,1,0,4,6.2500000000e-02,4.7553952495e-01,9.9842555447e-01,1.0000000000e+00,1.0000000000e+00,1.0000000000e+00
G12_IIII191_A,1,0,4,6.2500000000e-02,4.7553952495e-01,9.9842555447e-01,1.0000000000e+00,1.0000000000e+00,1.0000000000e+00
G20_IIII282_A,5,0,13,1.9104003906e-01,8.7997539936e-01,9.9999999938e-01,1.0000000000e+00,1.0000000000e+00,1.0000000000e+00
G20_IIII281_A,12,0,13,1.9653320313e-02,1.8003215336e-01,8.6260585447e-01,9.9999999760e-01,1.0000000000e+00,1.0000000000e+00
G22,520,0,2,2.5000000000e-01,9.4368648529e-01,1.0000000000e+00,1.0000000000e+00,1.0000000000e+00,1.0000000000e+00
G13,4,0,5,1.5625000000e-01,8.1713193967e-01,9.9999995818e-01,1.0000000000e+00,1.0000000000e+00,1.0000000000e+00
G14,7,0,2,2.5000000000e-01,9.4368648529e-01,1.0000000000e+00,1.0000000000e+00,1.0000000000e+00,1.0000000000e+00
G23,2,0,2,2.5000000000e-01,9.4368648529e-01,1.0000000000e+00,1.0000000000e+00,1.0000000000e+00,1.0000000000e+00
G31,2,0,2,2.5000000000e-01,9.4368648529e-01,1.0000000000e+00,1.0000000000e+00,1.0000000000e+00,1.0000000000e+00
G41,6,0,4,8.7500000000e-01,9.9999999907e-01,1.0000000000e+00,1.0000000000e+00,1.0000000000e+00,1.0000000000e+00
G50,2,0,5,6.2500000000e-02,4.7553952495e-01,9.9842555447e-01,1.0000000000e+00,1.0000000000e+00,1.0000000000e+00
G42,3,0,5,1.5625000000e-01,8.1713193967e-01,9.9999995818e-01,1.0000000000e+00,1.0000000000e+00,1.0000000000e+00
G60,12,0,10,2.0214843750e-01,8.9547480199e-01,9.9999999984e-01,1.0000000000e+00,1.0000000000e+00,1.0000000000e+00
G47_IIII202_A,1,0,5,3.1250000000e-02,2.7202384333e-01,9.5820045528e-01,1.0000000000e+00,1.0000000000e+00,1.0000000000e+00
G47_IIII200_B,2,0,5,9.3750000000e-02,6.2633691437e-01,9.9994693576e-01,1.0000000000e+00,1.0000000000e+00,1.0000000000e+00
G51,1,0,5,3.1250000000e-02,2.7202384333e-01,9.5820045528e-01,1.0000000000e+00,1.0000000000e+00,1.0000000000e+00
G33,1,0,5,3.1250000000e-02,2.7202384333e-01,9.5820045528e-01,1.0000000000e+00,1.0000000000e+00,1.0000000000e+00
G32,15,0,6,2.0312500000e-01,8.9674715637e-01,9.9999999986e-01,1.0000000000e+00,1.0000000000e+00,1.0000000000e+00
G12_IIII191_A,2,0,5,9.3750000000e-02,6.2633691437e-01,9.9994693576e-01,1.0000000000e+00,1.0000000000e+00,1.0000000000e+00
G15_IIII225_A,4,0,8,8.9843750000e-02,6.0991472470e-01,9.9991841777e-01,1.0000000000e+00,1.0000000000e+00,1.0000000000e+00
G20_IIII282_A,6,0,14,2.0086669922e-01,8.9378342683e-01,9.9999999982e-01,1.0000000000e+00,1.0000000000e+00,1.0000000000e+00
G21_IIII291_A,12,0,14,9.8266601563e-03,9.4033187395e-02,6.2750290613e-01,9.9994856854e-01,1.0000000000e+00,1.0000000000e+00
G24,7,0,8,2.3046875000e-01,9.2717799896e-01,1.0000000000e+00,1.0000000000e+00,1.0000000000e+00,1.0000000000e+00
G15,18,0,10,1.8261718750e-01,8.6687641226e-01,9.9999999825e-01,1.0000000000e+00,1.0000000000e+00,1.0000000000e+00
G14,7,0,2,2.5000000000e-01,9.4368648529e-01,1.0000000000e+00,1.0000000000e+00,1.0000000000e+00,1.0000000000e+00
G23,2,0,2,2.5000000000e-01,9.4368648529e-01,1.0000000000e+00,1.0000000000e+00,1.0000000000e+00,1.0000000000e+00
G70,7,0,10,1.1523437500e-01,7.0604394499e-01,9.9999518247e-01,1.0000000000e+00,1.0000000000e+00,1.0000000000e+00
G61,10,0,10,1.8261718750e-01,8.6687641226e-01,9.9999999825e-01,1.0000000000e+00,1.0000000000e+00,1.0000000000e+00
G42,2,0,4,1.2500000000e-01,7.3692442384e-01,9.9999841217e-01,1.0000000000e+00,1.0000000000e+00,1.0000000000e+00
G52,2,0,5,6.2500000000e-02,4.7553952495e-01,9.9842555447e-01,1.0000000000e+00,1.0000000000e+00,1.0000000000e+00
G60_IIII225_B,4,0,8,8.9843750000e-02,6.0991472470e-01,9.9991841777e-01,1.0000000000e+00,1.0000000000e+00,1.0000000000e+00
G60,4,0,6,1.4062500000e-01,7.8030146796e-01,9.9999973802e-01,1.0000000000e+00,1.0000000000e+00,1.0000000000e+00
G47_IIII202_A,3,0,5,1.2500000000e-01,7.3692442384e-01,9.9999841217e-01,1.0000000000e+00,1.0000000000e+00,1.0000000000e+00
G43,2,0,3,1.2500000000e-01,7.3692442384e-01,9.9999841217e-01,1.0000000000e+00,1.0000000000e+00,1.0000000000e+00
G51,4,0,5,2.5000000000e-01,9.4368648529e-01,1.0000000000e+00,1.0000000000e+00,1.0000000000e+00,1.0000000000e+00
G34,4,0,5,1.5625000000e-01,8.1713193967e-01,9.9999995818e-01,1.0000000000e+00,1.0000000000e+00,1.0000000000e+00
G33,14,0,6,2.0312500000e-01,8.9674715637e-01,9.9999999986e-01,1.0000000000e+00,1.0000000000e+00,1.0000000000e+00
G21_IIII292_A,6,0,14,2.0086669922e-01,8.9378342683e-01,9.9999999982e-01,1.0000000000e+00,1.0000000000e+00,1.0000000000e+00
G15_IIII225_A,8,0,10,1.1230468750e-01,6.9616397490e-01,9.9999329509e-01,1.0000000000e+00,1.0000000000e+00,1.0000000000e+00
G15_IIII226_A,2,0,7,7.0312500000e-02,5.1764152056e-01,9.9931813378e-01,1.0000000000e+00,1.0000000000e+00,1.0000000000e+00
G21_IIII291_A,12,0,14,9.8266601563e-03,9.4033187395e-02,6.2750290613e-01,9.9994856854e-01,1.0000000000e+00,1.0000000000e+00
G24,6,0,8,2.3046875000e-01,9.2717799896e-01,1.0000000000e+00,1.0000000000e+00,1.0000000000e+00,1.0000000000e+00
G16,15,0,10,1.8261718750e-01,8.6687641226e-01,9.9999999825e-01,1.0000000000e+00,1.0000000000e+00,1.0000000000e+00
G15,18,0,10,1.8261718750e-01,8.6687641226e-01,9.9999999825e-01,1.0000000000e+00,1.0000000000e+00,1.0000000000e+00
G25,1,0,1,5.0000000000e-01,9.9902343750e-01,1.0000000000e+00,1.0000000000e+00,1.0000000000e+00,1.0000000000e+00
G80,28,0,14,2.2052001953e-01,9.1719631663e-01,9.9999999998e-01,1.0000000000e+00,1.0000000000e+00,1.0000000000e+00
G70,18,0,10,8.8476562500e-01,9.9999999959e-01,1.0000000000e+00,1.0000000000e+00,1.0000000000e+00,1.0000000000e+00
G62,7,0,9,1.6015625000e-01,8.2542383615e-01,9.9999997371e-01,1.0000000000e+00,1.0000000000e+00,1.0000000000e+00
G71,5,0,10,2.2753906250e-01,9.2435760544e-01,9.9999999999e-01,1.0000000000e+00,1.0000000000e+00,1.0000000000e+00
G61,6,0,8,1.6015625000e-01,8.2542383615e-01,9.9999997371e-01,1.0000000000e+00,1.0000000000e+00,1.0000000000e+00
G52,3,0,5,2.1875000000e-01,9.1529670527e-01,9.9999999998e-01,1.0000000000e+00,1.0000000000e+00,1.0000000000e+00
G44,2,0,4,1.2500000000e-01,7.3692442384e-01,9.9999841217e-01,1.0000000000e+00,1.0000000000e+00,1.0000000000e+00
G60_IIII225_B,2,0,7,7.0312500000e-02,5.1764152056e-01,9.9931813378e-01,1.0000000000e+00,1.0000000000e+00,1.0000000000e+00
G60_IIII227_A,8,0,10,1.1230468750e-01,6.9616397490e-01,9.9999329509e-01,1.0000000000e+00,1.0000000000e+00,1.0000000000e+00
G43,3,0,5,1.5625000000e-01,8.1713193967e-01,9.9999995818e-01,1.0000000000e+00,1.0000000000e+00,1.0000000000e+00
G35,2,0,4,6.2500000000e-02,4.7553952495e-01,9.9842555447e-01,1.0000000000e+00,1.0000000000e+00,1.0000000000e+00
G34,3,0,3,1.2500000000e-01,7.3692442384e-01,9.9999841217e-01,1.0000000000e+00,1.0000000000e+00,1.0000000000e+00
G53,20,0,10,1.5722656250e-01,8.1923747851e-01,9.9999996275e-01,1.0000000000e+00,1.0000000000e+00,1.0000000000e+00
G21_IIII292_A,7,0,14,2.1069335938e-01,9.0614496706e-01,9.9999999995e-01,1.0000000000e+00,1.0000000000e+00,1.0000000000e+00
G16_IIII235_A,4,0,9,4.4921875000e-02,3.6847727725e-01,9.8991003140e-01,1.0000000000e+00,1.0000000000e+00,1.0000000000e+00
G15_IIII226_A,2,0,7,7.0312500000e-02,5.1764152056e-01,9.9931813378e-01,1.0000000000e+00,1.0000000000e+00,1.0000000000e+00
G17,18,0,16,2.1736145020e-01,9.1377913850e-01,9.9999999998e-01,1.0000000000e+00,1.0000000000e+00,1.0000000000e+00
G16,15,0,10,1.8261718750e-01,8.6687641226e-01,9.9999999825e-01,1.0000000000e+00,1.0000000000e+00,1.0000000000e+00
G25,1,0,1,5.0000000000e-01,9.9902343750e-01,1.0000000000e+00,1.0000000000e+00,1.0000000000e+00,1.0000000000e+00
G26,1,0,1,5.0000000000e-01,9.9902343750e-01,1.0000000000e+00,1.0000000000e+00,1.0000000000e+00,1.0000000000e+00
G80,53,0,14,7.7947998047e-01,9.9999972806e-01,1.0000000000e+00,1.0000000000e+00,1.0000000000e+00,1.0000000000e+00
G81,16,0,12,2.1069335938e-01,9.0614496706e-01,9.9999999995e-01,1.0000000000e+00,1.0000000000e+00,1.0000000000e+00
G62,18,0,9,8.3984375000e-01,9.9999998890e-01,1.0000000000e+00,1.0000000000e+00,1.0000000000e+00,1.0000000000e+00
G71,7,0,10,1.1523437500e-01,7.0604394499e-01,9.9999518247e-01,1.0000000000e+00,1.0000000000e+00,1.0000000000e+00
G63,8,0,10,1.8261718750e-01,8.6687641226e-01,9.9999999825e-01,1.0000000000e+00,1.0000000000e+00,1.0000000000e+00
G90,24,0,13,1.9653320313e-02,1.8003215336e-01,8.6260585447e-01,9.9999999760e-01,1.0000000000e+00,1.0000000000e+00
G45,3,0,5,1.2500000000e-01,7.3692442384e-01,9.9999841217e-01,1.0000000000e+00,1.0000000000e+00,1.0000000000e+00
G44,3,0,5,1.5625000000e-01,8.1713193967e-01,9.9999995818e-01,1.0000000000e+00,1.0000000000e+00,1.0000000000e+00
G60_IIII227_A,2,0,7,7.0312500000e-02,5.1764152056e-01,9.9931813378e-01,1.0000000000e+00,1.0000000000e+00,1.0000000000e+00
G72,4,0,10,2.2460937500e-02,2.0321489216e-01,8.9686357251e-01,9.9999999986e-01,1.0000000000e+00,1.0000000000e+00
G43_IIII190_B,1,0,4,6.2500000000e-02,4.7553952495e-01,9.9842555447e-01,1.0000000000e+00,1.0000000000e+00,1.0000000000e+00
G36,1,0,5,3.1250000000e-02,2.7202384333e-01,9.5820045528e-01,1.0000000000e+00,1.0000000000e+00,1.0000000000e+00
G35,2,0,4,6.2500000000e-02,4.7553952495e-01,9.9842555447e-01,1.0000000000e+00,1.0000000000e+00,1.0000000000e+00
G53,43,0,10,1.5722656250e-01,8.1923747851e-01,9.9999996275e-01,1.0000000000e+00,1.0000000000e+00,1.0000000000e+00
G54,4,0,10,2.2460937500e-02,2.0321489216e-01,8.9686357251e-01,9.9999999986e-01,1.0000000000e+00,1.0000000000e+00
G16_IIII235_A,4,0,9,4.4921875000e-02,3.6847727725e-01,9.8991003140e-01,1.0000000000e+00,1.0000000000e+00,1.0000000000e+00
G16_IIII236_A,3,0,9,1.1523437500e-01,7.0604394499e-01,9.9999518247e-01,1.0000000000e+00,1.0000000000e+00,1.0000000000e+00
G18,27,0,2,2.5000000000e-01,9.4368648529e-01,1.0000000000e+00,1.0000000000e+00,1.0000000000e+00,1.0000000000e+00
G17,18,0,16,2.1736145020e-01,9.1377913850e-01,9.9999999998e-01,1.0000000000e+00,1.0000000000e+00,1.0000000000e+00
G26,1,0,1,5.0000000000e-01,9.9902343750e-01,1.0000000000e+00,1.0000000000e+00,1.0000000000e+00,1.0000000000e+00
G27,1,0,1,5.0000000000e-01,9.9902343750e-01,1.0000000000e+00,1.0000000000e+00,1.0000000000e+00,1.0000000000e+00
G81,28,0,14,2.2052001953e-01,9.1719631663e-01,9.9999999998e-01,1.0000000000e+00,1.0000000000e+00,1.0000000000e+00
G91,18,0,14,2.1069335938e-01,9.0614496706e-01,9.9999999995e-01,1.0000000000e+00,1.0000000000e+00,1.0000000000e+00
G63,7,0,9,1.6015625000e-01,8.2542383615e-01,9.9999997371e-01,1.0000000000e+00,1.0000000000e+00,1.0000000000e+00
G73,7,0,10,1.1523437500e-01,7.0604394499e-01,9.9999518247e-01,1.0000000000e+00,1.0000000000e+00,1.0000000000e+00
G90,13,0,14,4.1156005859e-01,9.9502238347e-01,1.0000000000e+00,1.0000000000e+00,1.0000000000e+00,1.0000000000e+00
G82,36,0,14,8.8439941406e-02,6.0385618794e-01,9.9990482371e-01,1.0000000000e+00,1.0000000000e+00,1.0000000000e+00
G45,7,0,5,8.7500000000e-01,9.9999999907e-01,1.0000000000e+00,1.0000000000e+00,1.0000000000e+00,1.0000000000e+00
G46,4,0,5,1.5625000000e-01,8.1713193967e-01,9.9999995818e-01,1.0000000000e+00,1.0000000000e+00,1.0000000000e+00
G64,8,0,8,8.9843750000e-02,6.0991472470e-01,9.9991841777e-01,1.0000000000e+00,1.0000000000e+00,1.0000000000e+00
G72,8,0,10,3.2031250000e-01,9.7895771833e-01,1.0000000000e+00,1.0000000000e+00,1.0000000000e+00,1.0000000000e+00
G37,2,0,5,1.5625000000e-01,8.1713193967e-01,9.9999995818e-01,1.0000000000e+00,1.0000000000e+00,1.0000000000e+00
G43_IIII192_A,1,0,4,6.2500000000e-02,4.7553952495e-01,9.9842555447e-01,1.0000000000e+00,1.0000000000e+00,1.0000000000e+00
G43_IIII190_B,1,0,4,6.2500000000e-02,4.7553952495e-01,9.9842555447e-01,1.0000000000e+00,1.0000000000e+00,1.0000000000e+00
G36,1,0,5,3.1250000000e-02,2.7202384333e-01,9.5820045528e-01,1.0000000000e+00,1.0000000000e+00,1.0000000000e+00
G55,16,0,10,1.1230468750e-01,6.9616397490e-01,9.9999329509e-01,1.0000000000e+00,1.0000000000e+00,1.0000000000e+00
G54,44,0,10,1.5722656250e-01,8.1923747851e-01,9.9999996275e-01,1.0000000000e+00,1.0000000000e+00,1.0000000000e+00
G17_IIII245_A,4,0,10,2.2460937500e-02,2.0321489216e-01,8.9686357251e-01,9.9999999986e-01,1.0000000000e+00,1.0000000000e+00
G16_IIII236_A,4,0,10,1.3769531250e-01,7.7269579533e-01,9.9999963181e-01,1.0000000000e+00,1.0000000000e+00,1.0000000000e+00
G28,1,0,1,5.0000000000e-01,9.9902343750e-01,1.0000000000e+00,1.0000000000e+00,1.0000000000e+00,1.0000000000e+00
G18,49,0,2,2.5000000000e-01,9.4368648529e-01,1.0000000000e+00,1.0000000000e+00,1.0000000000e+00,1.0000000000e+00
G19,31,0,16,2.2789001465e-01,9.2470056973e-01,9.9999999999e-01,1.0000000000e+00,1.0000000000e+00,1.0000000000e+00
G27,1,0,1,5.0000000000e-01,9.9902343750e-01,1.0000000000e+00,1.0000000000e+00,1.0000000000e+00,1.0000000000e+00
G92,17,0,14,1.9104003906e-01,8.7997539936e-01,9.9999999938e-01,1.0000000000e+00,1.0000000000e+00,1.0000000000e+00
G83,28,0,14,2.2052001953e-01,9.1719631663e-01,9.9999999998e-01,1.0000000000e+00,1.0000000000e+00,1.0000000000e+00
G91,19,0,14,2.2052001953e-01,9.1719631663e-01,9.9999999998e-01,1.0000000000e+00,1.0000000000e+00,1.0000000000e+00
G65,7,0,9,1.6015625000e-01,8.2542383615e-01,9.9999997371e-01,1.0000000000e+00,1.0000000000e+00,1.0000000000e+00
G73,5,0,10,2.2753906250e-01,9.2435760544e-01,9.9999999999e-01,1.0000000000e+00,1.0000000000e+00,1.0000000000e+00
G82,8,0,10,3.4277343750e-01,9.8496335053e-01,1.0000000000e+00,1.0000000000e+00,1.0000000000e+00,1.0000000000e+00
G46,3,0,5,1.2500000000e-01,7.3692442384e-01,9.9999841217e-01,1.0000000000e+00,1.0000000000e+00,1.0000000000e+00
G64,7,0,10,2.5292968750e-01,9.4584796458e-01,1.0000000000e+00,1.0000000000e+00,1.0000000000e+00,1.0000000000e+00
G37,5,0,5,8.4375000000e-01,9.9999999133e-01,1.0000000000e+00,1.0000000000e+00,1.0000000000e+00,1.0000000000e+00
G38,1,0,3,1.2500000000e-01,7.3692442384e-01,9.9999841217e-01,1.0000000000e+00,1.0000000000e+00,1.0000000000e+00
G43_IIII192_A,2,0,5,9.3750000000e-02,6.2633691437e-01,9.9994693576e-01,1.0000000000e+00,1.0000000000e+00,1.0000000000e+00
G47,2,0,4,6.2500000000e-02,4.7553952495e-01,9.9842555447e-01,1.0000000000e+00,1.0000000000e+00,1.0000000000e+00
G74,60,0,14,6.8786621094e-02,5.0966593127e-01,9.9919662060e-01,1.0000000000e+00,1.0000000000e+00,1.0000000000e+00
G56,8,0,9,4.4921875000e-02,3.6847727725e-01,9.8991003140e-01,1.0000000000e+00,1.0000000000e+00,1.0000000000e+00
G55,12,0,8,8.9843750000e-02,6.0991472470e-01,9.9991841777e-01,1.0000000000e+00,1.0000000000e+00,1.0000000000e+00
G17_IIII245_A,4,0,10,2.2460937500e-02,2.0321489216e-01,8.9686357251e-01,9.9999999986e-01,1.0000000000e+00,1.0000000000e+00
G17_IIII246_A,4,0,10,1.3769531250e-01,7.7269579533e-01,9.9999963181e-01,1.0000000000e+00,1.0000000000e+00,1.0000000000e+00
G19_IIII271_A,12,0,12,3.9306640625e-02,3.3034997826e-01,9.8186661540e-01,1.0000000000e+00,1.0000000000e+00,1.0000000000e+00
G29,1,0,1,5.0000000000e-01,9.9902343750e-01,1.0000000000e+00,1.0000000000e+00,1.0000000000e+00,1.0000000000e+00
G28,1,0,1,5.0000000000e-01,9.9902343750e-01,1.0000000000e+00,1.0000000000e+00,1.0000000000e+00,1.0000000000e+00
G19,31,0,16,2.2789001465e-01,9.2470056973e-01,9.9999999999e-01,1.0000000000e+00,1.0000000000e+00,1.0000000000e+00
G92,44,0,14,8.0895996094e-01,9.9999993525e-01,1.0000000000e+00,1.0000000000e+00,1.0000000000e+00,1.0000000000e+00
G84,17,0,13,2.1069335938e-01,9.0614496706e-01,9.9999999995e-01,1.0000000000e+00,1.0000000000e+00,1.0000000000e+00
G83,16,0,12,2.1069335938e-01,9.0614496706e-01,9.9999999995e-01,1.0000000000e+00,1.0000000000e+00,1.0000000000e+00
G66,8,0,10,1.6015625000e-01,8.2542383615e-01,9.9999997371e-01,1.0000000000e+00,1.0000000000e+00,1.0000000000e+00
G82_IIII271_B,12,0,12,3.9306640625e-02,3.3034997826e-01,9.8186661540e-01,1.0000000000e+00,1.0000000000e+00,1.0000000000e+00
G65,8,0,10,1.8261718750e-01,8.6687641226e-01,9.9999999825e-01,1.0000000000e+00,1.0000000000e+00,1.0000000000e+00
G95_IIII302_B,5,0,14,1.8121337891e-01,8.6457233919e-01,9.9999999792e-01,1.0000000000e+00,1.0000000000e+00,1.0000000000e+00
G95_IIII304_A,12,0,14,9.8266601563e-03,9.4033187395e-02,6.2750290613e-01,9.9994856854e-01,1.0000000000e+00,1.0000000000e+00
G93,48,0,14,5.8959960938e-02,4.5539575725e-01,9.9770485460e-01,1.0000000000e+00,1.0000000000e+00,1.0000000000e+00
G48,3,0,5,1.2500000000e-01,7.3692442384e-01,9.9999841217e-01,1.0000000000e+00,1.0000000000e+00,1.0000000000e+00
G64_IIII235_B,4,0,9,4.4921875000e-02,3.6847727725e-01,9.8991003140e-01,1.0000000000e+00,1.0000000000e+00,1.0000000000e+00
G38,2,0,5,1.5625000000e-01,8.1713193967e-01,9.9999995818e-01,1.0000000000e+00,1.0000000000e+00,1.0000000000e+00
G57,57,0,6,1.4062500000e-01,7.8030146796e-01,9.9999973802e-01,1.0000000000e+00,1.0000000000e+00,1.0000000000e+00
G47,5,0,5,2.1875000000e-01,9.1529670527e-01,9.9999999998e-01,1.0000000000e+00,1.0000000000e+00,1.0000000000e+00
G74,48,0,14,5.8959960938e-02,4.5539575725e-01,9.9770485460e-01,1.0000000000e+00,1.0000000000e+00,1.0000000000e+00
G56,8,0,9,4.4921875000e-02,3.6847727725e-01,9.8991003140e-01,1.0000000000e+00,1.0000000000e+00,1.0000000000e+00
G75,12,0,14,9.8266601563e-03,9.4033187395e-02,6.2750290613e-01,9.9994856854e-01,1.0000000000e+00,1.0000000000e+00
G17_IIII246_A,5,0,10,1.6015625000e-01,8.2542383615e-01,9.9999997371e-01,1.0000000000e+00,1.0000000000e+00,1.0000000000e+00
G19_IIII271_A,24,0,14,4.9133300781e-02,3.9577821411e-01,9.9351419627e-01,1.0000000000e+00,1.0000000000e+00,1.0000000000e+00
G19_IIII272_A,4,0,11,1.7138671875e-01,8.4741252018e-01,9.9999999316e-01,1.0000000000e+00,1.0000000000e+00,1.0000000000e+00
G29,1,0,1,5.0000000000e-01,9.9902343750e-01,1.0000000000e+00,1.0000000000e+00,1.0000000000e+00,1.0000000000e+00
G84,42,0,13,7.8930664063e-01,9.9999982761e-01,1.0000000000e+00,1.0000000000e+00,1.0000000000e+00,1.0000000000e+00
G85,18,0,14,2.2052001953e-01,9.1719631663e-01,9.9999999998e-01,1.0000000000e+00,1.0000000000e+00,1.0000000000e+00
G94,7,0,14,2.4017333984e-01,9.3585758956e-01,1.0000000000e+00,1.0000000000e+00,1.0000000000e+00,1.0000000000e+00
G58,10,0,10,1.8261718750e-01,8.6687641226e-01,9.9999999825e-01,1.0000000000e+00,1.0000000000e+00,1.0000000000e+00
G66,21,0,10,8.3984375000e-01,9.9999998890e-01,1.0000000000e+00,1.0000000000e+00,1.0000000000e+00,1.0000000000e+00
G67,9,0,10,1.8261718750e-01,8.6687641226e-01,9.9999999825e-01,1.0000000000e+00,1.0000000000e+00,1.0000000000e+00
G82_IIII271_B,4,0,11,1.7138671875e-01,8.4741252018e-01,9.9999999316e-01,1.0000000000e+00,1.0000000000e+00,1.0000000000e+00
G90_IIII291_B,12,0,14,9.8266601563e-03,9.4033187395e-02,6.2750290613e-01,9.9994856854e-01,1.0000000000e+00,1.0000000000e+00
G95_IIII304_A,7,0,14,2.4017333984e-01,9.3585758956e-01,1.0000000000e+00,1.0000000000e+00,1.0000000000e+00,1.0000000000e+00
G82_IIII273_A,24,0,14,4.9133300781e-02,3.9577821411e-01,9.9351419627e-01,1.0000000000e+00,1.0000000000e+00,1.0000000000e+00
G93,68,0,14,4.0979003906e-01,9.9487061440e-01,1.0000000000e+00,1.0000000000e+00,1.0000000000e+00,1.0000000000e+00
G49,2,0,5,6.2500000000e-02,4.7553952495e-01,9.9842555447e-01,1.0000000000e+00,1.0000000000e+00,1.0000000000e+00
G48,4,0,5,1.5625000000e-01,8.1713193967e-01,9.9999995818e-01,1.0000000000e+00,1.0000000000e+00,1.0000000000e+00
G64_IIII237_A,4,0,9,4.4921875000e-02,3.6847727725e-01,9.8991003140e-01,1.0000000000e+00,1.0000000000e+00,1.0000000000e+00
G64_IIII235_B,3,0,9,1.1523437500e-01,7.0604394499e-01,9.9999518247e-01,1.0000000000e+00,1.0000000000e+00,1.0000000000e+00
G57,32,0,6,3.5937500000e-01,9.8835769889e-01,1.0000000000e+00,1.0000000000e+00,1.0000000000e+00,1.0000000000e+00
G76,36,0,14,4.9133300781e-02,3.9577821411e-01,9.9351419627e-01,1.0000000000e+00,1.0000000000e+00,1.0000000000e+00
G75,48,0,14,5.8959960938e-02,4.5539575725e-01,9.9770485460e-01,1.0000000000e+00,1.0000000000e+00,1.0000000000e+00
G18_IIII255_A,4,0,10,2.2460937500e-02,2.0321489216e-01,8.9686357251e-01,9.9999999986e-01,1.0000000000e+00,1.0000000000e+00
G18_IIII256_A,3,0,10,9.2773437500e-02,6.2229079103e-01,9.9994090160e-01,1.0000000000e+00,1.0000000000e+00,1.0000000000e+00
G19_IIII272_A,4,0,11,1.7138671875e-01,8.4741252018e-01,9.9999999316e-01,1.0000000000e+00,1.0000000000e+00,1.0000000000e+00
G85,17,0,13,2.1069335938e-01,9.0614496706e-01,9.9999999995e-01,1.0000000000e+00,1.0000000000e+00,1.0000000000e+00
G94,17,0,14,1.9104003906e-01,8.7997539936e-01,9.9999999938e-01,1.0000000000e+00,1.0000000000e+00,1.0000000000e+00
G58,18,0,10,8.1738281250e-01,9.9999995875e-01,1.0000000000e+00,1.0000000000e+00,1.0000000000e+00,1.0000000000e+00
G59,6,0,8,1.6015625000e-01,8.2542383615e-01,9.9999997371e-01,1.0000000000e+00,1.0000000000e+00,1.0000000000e+00
G67,8,0,10,1.6015625000e-01,8.2542383615e-01,9.9999997371e-01,1.0000000000e+00,1.0000000000e+00,1.0000000000e+00
G90_IIII291_B,6,0,14,2.0086669922e-01,8.9378342683e-01,9.9999999982e-01,1.0000000000e+00,1.0000000000e+00,1.0000000000e+00
G90_IIII293_A,12,0,14,9.8266601563e-03,9.4033187395e-02,6.2750290613e-01,9.9994856854e-01,1.0000000000e+00,1.0000000000e+00
G82_IIII273_A,4,0,11,1.7138671875e-01,8.4741252018e-01,9.9999999316e-01,1.0000000000e+00,1.0000000000e+00,1.0000000000e+00
G95,12,0,14,9.8266601563e-03,9.4033187395e-02,6.2750290613e-01,9.9994856854e-01,1.0000000000e+00,1.0000000000e+00
G86,24,0,12,3.9306640625e-02,3.3034997826e-01,9.8186661540e-01,1.0000000000e+00,1.0000000000e+00,1.0000000000e+00
G49,7,0,5,9.3750000000e-01,1.0000000000e+00,1.0000000000e+00,1.0000000000e+00,1.0000000000e+00,1.0000000000e+00
G64_IIII237_A,4,0,10,1.3769531250e-01,7.7269579533e-01,9.9999963181e-01,1.0000000000e+00,1.0000000000e+00,1.0000000000e+00
G72_IIII255_B,3,0,10,9.2773437500e-02,6.2229079103e-01,9.9994090160e-01,1.0000000000e+00,1.0000000000e+00,1.0000000000e+00
G72_IIII257_A,4,0,10,2.2460937500e-02,2.0321489216e-01,8.9686357251e-01,9.9999999986e-01,1.0000000000e+00,1.0000000000e+00
G68,8,0,9,4.4921875000e-02,3.6847727725e-01,9.8991003140e-01,1.0000000000e+00,1.0000000000e+00,1.0000000000e+00
G77,24,0,13,1.9653320313e-02,1.8003215336e-01,8.6260585447e-01,9.9999999760e-01,1.0000000000e+00,1.0000000000e+00
G76,24,0,12,3.9306640625e-02,3.3034997826e-01,9.8186661540e-01,1.0000000000e+00,1.0000000000e+00,1.0000000000e+00
G18_IIII256_A,5,0,10,2.2753906250e-01,9.2435760544e-01,9.9999999999e-01,1.0000000000e+00,1.0000000000e+00,1.0000000000e+00
G87,17,0,13,2.1069335938e-01,9.0614496706e-01,9.9999999995e-01,1.0000000000e+00,1.0000000000e+00,1.0000000000e+00
G96,17,0,14,1.9104003906e-01,8.7997539936e-01,9.9999999938e-01,1.0000000000e+00,1.0000000000e+00,1.0000000000e+00
G59,10,0,10,1.8261718750e-01,8.6687641226e-01,9.9999999825e-01,1.0000000000e+00,1.0000000000e+00,1.0000000000e+00
G69,8,0,10,1.6015625000e-01,8.2542383615e-01,9.9999997371e-01,1.0000000000e+00,1.0000000000e+00,1.0000000000e+00
G90_IIII293_A,7,0,14,2.1069335938e-01,9.0614496706e-01,9.9999999995e-01,1.0000000000e+00,1.0000000000e+00,1.0000000000e+00
G95,12,0,14,4.2138671875e-01,9.9579385752e-01,1.0000000000e+00,1.0000000000e+00,1.0000000000e+00,1.0000000000e+00
G86,11,0,14,3.9190673828e-01,9.9308643723e-01,1.0000000000e+00,1.0000000000e+00,1.0000000000e+00,1.0000000000e+00
G72_IIII257_A,5,0,10,2.2753906250e-01,9.2435760544e-01,9.9999999999e-01,1.0000000000e+00,1.0000000000e+00,1.0000000000e+00
G68,9,0,10,2.9785156250e-01,9.7087343046e-01,1.0000000000e+00,1.0000000000e+00,1.0000000000e+00,1.0000000000e+00
G78,12,0,14,9.8266601563e-03,9.4033187395e-02,6.2750290613e-01,9.9994856854e-01,1.0000000000e+00,1.0000000000e+00
G77,24,0,13,1.9653320313e-02,1.8003215336e-01,8.6260585447e-01,9.9999999760e-01,1.0000000000e+00,1.0000000000e+00
G88,18,0,14,2.1069335938e-01,9.0614496706e-01,9.9999999995e-01,1.0000000000e+00,1.0000000000e+00,1.0000000000e+00
G87,18,0,14,2.2052001953e-01,9.1719631663e-01,9.9999999998e-01,1.0000000000e+00,1.0000000000e+00,1.0000000000e+00
G96,7,0,14,2.4017333984e-01,9.3585758956e-01,1.0000000000e+00,1.0000000000e+00,1.0000000000e+00,1.0000000000e+00
G69,9,0,10,1.8261718750e-01,8.6687641226e-01,9.9999999825e-01,1.0000000000e+00,1.0000000000e+00,1.0000000000e+00
G79,1770,0,10,3.4277343750e-01,9.8496335053e-01,1.0000000000e+00,1.0000000000e+00,1.0000000000e+00,1.0000000000e+00
G97,37,0,10,1.5722656250e-01,8.1923747851e-01,9.9999996275e-01,1.0000000000e+00,1.0000000000e+00,1.0000000000e+00
G78,12,0,14,9.8266601563e-03,9.4033187395e-02,6.2750290613e-01,9.9994856854e-01,1.0000000000e+00,1.0000000000e+00
G88,55,0,14,7.8930664063e-01,9.9999982761e-01,1.0000000000e+00,1.0000000000e+00,1.0000000000e+00,1.0000000000e+00
G89,19,0,14,2.2052001953e-01,9.1719631663e-01,9.9999999998e-01,1.0000000000e+00,1.0000000000e+00,1.0000000000e+00
G86_IIII281_B,12,0,13,1.9653320313e-02,1.8003215336e-01,8.6260585447e-01,9.9999999760e-01,1.0000000000e+00,1.0000000000e+00
G79,72,0,10,1.5722656250e-01,8.1923747851e-01,9.9999996275e-01,1.0000000000e+00,1.0000000000e+00,1.0000000000e+00
G68_IIII245_B,4,0,10,2.2460937500e-02,2.0321489216e-01,8.9686357251e-01,9.9999999986e-01,1.0000000000e+00,1.0000000000e+00
G97,75,0,10,3.4277343750e-01,9.8496335053e-01,1.0000000000e+00,1.0000000000e+00,1.0000000000e+00,1.0000000000e+00
G98,13,0,6,2.0312500000e-01,8.9674715637e-01,9.9999999986e-01,1.0000000000e+00,1.0000000000e+00,1.0000000000e+00
G89,18,0,14,2.1069335938e-01,9.0614496706e-01,9.9999999995e-01,1.0000000000e+00,1.0000000000e+00,1.0000000000e+00
G86_IIII281_B,5,0,13,1.9104003906e-01,8.7997539936e-01,9.9999999938e-01,1.0000000000e+00,1.0000000000e+00,1.0000000000e+00
G86_IIII283_A,12,0,13,1.9653320313e-02,1.8003215336e-01,8.6260585447e-01,9.9999999760e-01,1.0000000000e+00,1.0000000000e+00
G68_IIII247_A,4,0,10,2.2460937500e-02,2.0321489216e-01,8.9686357251e-01,9.9999999986e-01,1.0000000000e+00,1.0000000000e+00
G68_IIII245_B,4,0,10,1.3769531250e-01,7.7269579533e-01,9.9999963181e-01,1.0000000000e+00,1.0000000000e+00,1.0000000000e+00
G99,2,0,3,2.5000000000e-01,9.4368648529e-01,1.0000000000e+00,1.0000000000e+00,1.0000000000e+00,1.0000000000e+00
G98,7,0,5,2.8125000000e-01,9.6320586674e-01,1.0000000000e+00,1.0000000000e+00,1.0000000000e+00,1.0000000000e+00
G86_IIII283_A,6,0,14,2.0086669922e-01,8.9378342683e-01,9.9999999982e-01,1.0000000000e+00,1.0000000000e+00,1.0000000000e+00
G68_IIII247_A,5,0,10,1.6015625000e-01,8.2542383615e-01,9.9999997371e-01,1.0000000000e+00,1.0000000000e+00,1.0000000000e+00
G99,2,0,3,2.5000000000e-01,9.4368648529e-01,1.0000000000e+00,1.0000000000e+00,1.0000000000e+00,1.0000000000e+00
G150_G120_A,1,0,6,1.5625000000e-02,1.4570915024e-01,7.9295843252e-01,9.9999985526e-01,1.0000000000e+00,1.0000000000e+00
G150_G120_A,1,0,6,1.5625000000e-02,1.4570915024e-01,7.9295843252e-01,9.9999985526e-01,1.0000000000e+00,1.0000000000e+00
G106_G103_A,1,0,3,1.2500000000e-01,7.3692442384e-01,9.9999841217e-01,1.0000000000e+00,1.0000000000e+00,1.0000000000e+00
G150_G114_A,1,0,5,3.1250000000e-02,2.7202384333e-01,9.5820045528e-01,1.0000000000e+00,1.0000000000e+00,1.0000000000e+00
G106_G103_A,1,0,3,1.2500000000e-01,7.3692442384e-01,9.9999841217e-01,1.0000000000e+00,1.0000000000e+00,1.0000000000e+00
G143_G130_A,7,0,8,2.3046875000e-01,9.2717799896e-01,1.0000000000e+00,1.0000000000e+00,1.0000000000e+00,1.0000000000e+00
G11_G33_A,1,0,5,3.1250000000e-02,2.7202384333e-01,9.5820045528e-01,1.0000000000e+00,1.0000000000e+00,1.0000000000e+00
G150_G114_A,1,0,5,3.1250000000e-02,2.7202384333e-01,9.5820045528e-01,1.0000000000e+00,1.0000000000e+00,1.0000000000e+00
G142_G121_C,1,0,7,7.8125000000e-03,7.5434863403e-02,5.4356900259e-01,9.9960757984e-01,1.0000000000e+00,1.0000000000e+00
G106_G104_B,1,0,3,1.2500000000e-01,7.3692442384e-01,9.9999841217e-01,1.0000000000e+00,1.0000000000e+00,1.0000000000e+00
G143_G130_A,7,0,8,2.3046875000e-01,9.2717799896e-01,1.0000000000e+00,1.0000000000e+00,1.0000000000e+00,1.0000000000e+00
G152_G130_B,5,0,7,2.4218750000e-01,9.3753774684e-01,1.0000000000e+00,1.0000000000e+00,1.0000000000e+00,1.0000000000e+00
G11_G33_A,1,0,5,3.1250000000e-02,2.7202384333e-01,9.5820045528e-01,1.0000000000e+00,1.0000000000e+00,1.0000000000e+00
G11_G34_A,3,0,3,1.2500000000e-01,7.3692442384e-01,9.9999841217e-01,1.0000000000e+00,1.0000000000e+00,1.0000000000e+00
G150_G140_D,1,0,6,1.5625000000e-02,1.4570915024e-01,7.9295843252e-01,9.9999985526e-01,1.0000000000e+00,1.0000000000e+00
G144_G131_A,1,0,7,7.8125000000e-03,7.5434863403e-02,5.4356900259e-01,9.9960757984e-01,1.0000000000e+00,1.0000000000e+00
G142_G121_C,1,0,7,7.8125000000e-03,7.5434863403e-02,5.4356900259e-01,9.9960757984e-01,1.0000000000e+00,1.0000000000e+00
G135_G121_B,1,0,7,7.8125000000e-03,7.5434863403e-02,5.4356900259e-01,9.9960757984e-01,1.0000000000e+00,1.0000000000e+00
G106_G104_B,1,0,3,1.2500000000e-01,7.3692442384e-01,9.9999841217e-01,1.0000000000e+00,1.0000000000e+00,1.0000000000e+00
G152_G130_B,7,0,8,2.3046875000e-01,9.2717799896e-01,1.0000000000e+00,1.0000000000e+00,1.0000000000e+00,1.0000000000e+00
G12_G33_B,1,0,5,3.1250000000e-02,2.7202384333e-01,9.5820045528e-01,1.0000000000e+00,1.0000000000e+00,1.0000000000e+00
G14_G32_A,16,0,6,2.0312500000e-01,8.9674715637e-01,9.9999999986e-01,1.0000000000e+00,1.0000000000e+00,1.0000000000e+00
G11_G34_A,4,0,5,1.5625000000e-01,8.1713193967e-01,9.9999995818e-01,1.0000000000e+00,1.0000000000e+00,1.0000000000e+00
G152_G133_A,1,0,6,1.5625000000e-02,1.4570915024e-01,7.9295843252e-01,9.9999985526e-01,1.0000000000e+00,1.0000000000e+00
G150_G140_D,1,0,6,1.5625000000e-02,1.4570915024e-01,7.9295843252e-01,9.9999985526e-01,1.0000000000e+00,1.0000000000e+00
G144_G131_A,1,0,7,7.8125000000e-03,7.5434863403e-02,5.4356900259e-01,9.9960757984e-01,1.0000000000e+00,1.0000000000e+00
G135_G121_B,1,0,7,7.8125000000e-03,7.5434863403e-02,5.4356900259e-01,9.9960757984e-01,1.0000000000e+00,1.0000000000e+00
G150_G124_C,1,0,5,3.1250000000e-02,2.7202384333e-01,9.5820045528e-01,1.0000000000e+00,1.0000000000e+00,1.0000000000e+00
G161_G115_A,6,0,8,1.2890625000e-01,7.4843571864e-01,9.9999898494e-01,1.0000000000e+00,1.0000000000e+00,1.0000000000e+00
G12_G33_B,1,0,5,3.1250000000e-02,2.7202384333e-01,9.5820045528e-01,1.0000000000e+00,1.0000000000e+00,1.0000000000e+00
G14_G32_A,5,0,5,2.1875000000e-01,9.1529670527e-01,9.9999999998e-01,1.0000000000e+00,1.0000000000e+00,1.0000000000e+00
G12_G35_A,2,0,4,6.2500000000e-02,4.7553952495e-01,9.9842555447e-01,1.0000000000e+00,1.0000000000e+00,1.0000000000e+00
G152_G134_A,1,0,5,3.1250000000e-02,2.7202384333e-01,9.5820045528e-01,1.0000000000e+00,1.0000000000e+00,1.0000000000e+00
G142_G134_B,1,0,6,1.5625000000e-02,1.4570915024e-01,7.9295843252e-01,9.9999985526e-01,1.0000000000e+00,1.0000000000e+00
G152_G133_A,1,0,8,3.9062500000e-03,3.8382958384e-02,3.2388353489e-01,9.8003749113e-01,1.0000000000e+00,1.0000000000e+00
G150_G124_C,1,0,6,1.5625000000e-02,1.4570915024e-01,7.9295843252e-01,9.9999985526e-01,1.0000000000e+00,1.0000000000e+00
G161_G115_A,6,0,8,1.2890625000e-01,7.4843571864e-01,9.9999898494e-01,1.0000000000e+00,1.0000000000e+00,1.0000000000e+00
G13_G33_C,1,0,5,3.1250000000e-02,2.7202384333e-01,9.5820045528e-01,1.0000000000e+00,1.0000000000e+00,1.0000000000e+00
G12_G35_A,2,0,4,6.2500000000e-02,4.7553952495e-01,9.9842555447e-01,1.0000000000e+00,1.0000000000e+00,1.0000000000e+00
G117_G115_B,6,0,8,1.2890625000e-01,7.4843571864e-01,9.9999898494e-01,1.0000000000e+00,1.0000000000e+00,1.0000000000e+00
G117_G116_A,5,0,7,1.3281250000e-01,7.5949168737e-01,9.9999935241e-01,1.0000000000e+00,1.0000000000e+00,1.0000000000e+00
G152_G134_A,1,0,6,1.5625000000e-02,1.4570915024e-01,7.9295843252e-01,9.9999985526e-01,1.0000000000e+00,1.0000000000e+00
G142_G134_B,1,0,6,1.5625000000e-02,1.4570915024e-01,7.9295843252e-01,9.9999985526e-01,1.0000000000e+00,1.0000000000e+00
G152_G153_A,2,0,3,2.5000000000e-01,9.4368648529e-01,1.0000000000e+00,1.0000000000e+00,1.0000000000e+00,1.0000000000e+00
G136_G121_D,1,0,7,7.8125000000e-03,7.5434863403e-02,5.4356900259e-01,9.9960757984e-01,1.0000000000e+00,1.0000000000e+00
G34_G51_A,1,0,5,3.1250000000e-02,2.7202384333e-01,9.5820045528e-01,1.0000000000e+00,1.0000000000e+00,1.0000000000e+00
G144_G151_B,1,0,5,3.1250000000e-02,2.7202384333e-01,9.5820045528e-01,1.0000000000e+00,1.0000000000e+00,1.0000000000e+00
G143_G151_C,1,0,5,3.1250000000e-02,2.7202384333e-01,9.5820045528e-01,1.0000000000e+00,1.0000000000e+00,1.0000000000e+00
G13_G33_C,1,0,5,3.1250000000e-02,2.7202384333e-01,9.5820045528e-01,1.0000000000e+00,1.0000000000e+00,1.0000000000e+00
G13_G36_A,1,0,5,3.1250000000e-02,2.7202384333e-01,9.5820045528e-01,1.0000000000e+00,1.0000000000e+00,1.0000000000e+00
G162_G115_C,6,0,8,1.2890625000e-01,7.4843571864e-01,9.9999898494e-01,1.0000000000e+00,1.0000000000e+00,1.0000000000e+00
G117_G116_A,4,0,6,6.0937500000e-01,9.9991728194e-01,1.0000000000e+00,1.0000000000e+00,1.0000000000e+00,1.0000000000e+00
G139_G111_C,4,0,6,4.2187500000e-01,9.9582921790e-01,1.0000000000e+00,1.0000000000e+00,1.0000000000e+00,1.0000000000e+00
G142_G145_B,1,0,6,1.5625000000e-02,1.4570915024e-01,7.9295843252e-01,9.9999985526e-01,1.0000000000e+00,1.0000000000e+00
G152_G145_A,1,0,4,6.2500000000e-02,4.7553952495e-01,9.9842555447e-01,1.0000000000e+00,1.0000000000e+00,1.0000000000e+00
G136_G133_B,1,0,7,7.8125000000e-03,7.5434863403e-02,5.4356900259e-01,9.9960757984e-01,1.0000000000e+00,1.0000000000e+00
G34_G43_A,3,0,5,1.5625000000e-01,8.1713193967e-01,9.9999995818e-01,1.0000000000e+00,1.0000000000e+00,1.0000000000e+00
G152_G153_A,2,0,3,2.5000000000e-01,9.4368648529e-01,1.0000000000e+00,1.0000000000e+00,1.0000000000e+00,1.0000000000e+00
G136_G121_D,1,0,7,7.8125000000e-03,7.5434863403e-02,5.4356900259e-01,9.9960757984e-01,1.0000000000e+00,1.0000000000e+00
G34_G51_A,1,0,5,3.1250000000e-02,2.7202384333e-01,9.5820045528e-01,1.0000000000e+00,1.0000000000e+00,1.0000000000e+00
G161_G163_A,6,0,8,1.2500000000e-01,7.3692442384e-01,9.9999841217e-01,1.0000000000e+00,1.0000000000e+00,1.0000000000e+00
G144_G151_B,1,0,5,3.1250000000e-02,2.7202384333e-01,9.5820045528e-01,1.0000000000e+00,1.0000000000e+00,1.0000000000e+00
G143_G151_C,1,0,5,3.1250000000e-02,2.7202384333e-01,9.5820045528e-01,1.0000000000e+00,1.0000000000e+00,1.0000000000e+00
G13_G36_A,1,0,5,3.1250000000e-02,2.7202384333e-01,9.5820045528e-01,1.0000000000e+00,1.0000000000e+00,1.0000000000e+00
G139_G111_C,4,0,6,4.2187500000e-01,9.9582921790e-01,1.0000000000e+00,1.0000000000e+00,1.0000000000e+00,1.0000000000e+00
G142_G145_B,1,0,6,1.5625000000e-02,1.4570915024e-01,7.9295843252e-01,9.9999985526e-01,1.0000000000e+00,1.0000000000e+00
G152_G145_A,1,0,6,1.5625000000e-02,1.4570915024e-01,7.9295843252e-01,9.9999985526e-01,1.0000000000e+00,1.0000000000e+00
G152_G146_A,1,0,2,2.5000000000e-01,9.4368648529e-01,1.0000000000e+00,1.0000000000e+00,1.0000000000e+00,1.0000000000e+00
G136_G133_B,1,0,8,3.9062500000e-03,3.8382958384e-02,3.2388353489e-01,9.8003749113e-01,1.0000000000e+00,1.0000000000e+00
G144_G133_D,1,0,7,7.8125000000e-03,7.5434863403e-02,5.4356900259e-01,9.9960757984e-01,1.0000000000e+00,1.0000000000e+00
G34_G43_A,2,0,3,1.2500000000e-01,7.3692442384e-01,9.9999841217e-01,1.0000000000e+00,1.0000000000e+00,1.0000000000e+00
G35_G51_B,1,0,5,3.1250000000e-02,2.7202384333e-01,9.5820045528e-01,1.0000000000e+00,1.0000000000e+00,1.0000000000e+00
G150_G148_A,2,0,8,1.9531250000e-02,1.7901057765e-01,8.6088446928e-01,9.9999999729e-01,1.0000000000e+00,1.0000000000e+00
G161_G163_A,6,0,8,1.2500000000e-01,7.3692442384e-01,9.9999841217e-01,1.0000000000e+00,1.0000000000e+00,1.0000000000e+00
G15_G54_A,4,0,10,2.2460937500e-02,2.0321489216e-01,8.9686357251e-01,9.9999999986e-01,1.0000000000e+00,1.0000000000e+00
G20_G75_B,12,0,14,9.8266601563e-03,9.4033187395e-02,6.2750290613e-01,9.9994856854e-01,1.0000000000e+00,1.0000000000e+00
G22_G74_A,48,0,14,5.8959960938e-02,4.5539575725e-01,9.9770485460e-01,1.0000000000e+00,1.0000000000e+00,1.0000000000e+00
G139_G124_A,1,0,5,3.1250000000e-02,2.7202384333e-01,9.5820045528e-01,1.0000000000e+00,1.0000000000e+00,1.0000000000e+00
G143_G146_B,3,0,6,1.0937500000e-01,6.8598614042e-01,9.9999067845e-01,1.0000000000e+00,1.0000000000e+00,1.0000000000e+00
G152_G146_A,3,0,7,5.4687500000e-02,4.3015858903e-01,9.9638972681e-01,1.0000000000e+00,1.0000000000e+00,1.0000000000e+00
G152_G147_A,1,0,2,2.5000000000e-01,9.4368648529e-01,1.0000000000e+00,1.0000000000e+00,1.0000000000e+00,1.0000000000e+00
G144_G133_D,1,0,8,3.9062500000e-03,3.8382958384e-02,3.2388353489e-01,9.8003749113e-01,1.0000000000e+00,1.0000000000e+00
G160_G157_A,1,0,3,1.2500000000e-01,7.3692442384e-01,9.9999841217e-01,1.0000000000e+00,1.0000000000e+00,1.0000000000e+00
G142_G138_B,2,0,7,2.3437500000e-02,2.1113909478e-01,9.0667363815e-01,9.9999999995e-01,1.0000000000e+00,1.0000000000e+00
G35_G51_B,1,0,5,3.1250000000e-02,2.7202384333e-01,9.5820045528e-01,1.0000000000e+00,1.0000000000e+00,1.0000000000e+00
G150_G148_A,2,0,7,2.3437500000e-02,2.1113909478e-01,9.0667363815e-01,9.9999999995e-01,1.0000000000e+00,1.0000000000e+00
G31_G57_A,16,0,6,1.4062500000e-01,7.8030146796e-01,9.9999973802e-01,1.0000000000e+00,1.0000000000e+00,1.0000000000e+00
G15_G54_A,4,0,10,2.2460937500e-02,2.0321489216e-01,8.9686357251e-01,9.9999999986e-01,1.0000000000e+00,1.0000000000e+00
G20_G75_B,12,0,14,9.8266601563e-03,9.4033187395e-02,6.2750290613e-01,9.9994856854e-01,1.0000000000e+00,1.0000000000e+00
G15_G55_A,12,0,8,8.9843750000e-02,6.0991472470e-01,9.9991841777e-01,1.0000000000e+00,1.0000000000e+00,1.0000000000e+00
G22_G74_A,60,0,14,6.8786621094e-02,5.0966593127e-01,9.9919662060e-01,1.0000000000e+00,1.0000000000e+00,1.0000000000e+00
G20_G77_A,24,0,13,1.9653320313e-02,1.8003215336e-01,8.6260585447e-01,9.9999999760e-01,1.0000000000e+00,1.0000000000e+00
G162_G163_C,6,0,8,1.2500000000e-01,7.3692442384e-01,9.9999841217e-01,1.0000000000e+00,1.0000000000e+00,1.0000000000e+00
G139_G124_A,1,0,3,1.2500000000e-01,7.3692442384e-01,9.9999841217e-01,1.0000000000e+00,1.0000000000e+00,1.0000000000e+00
G139_G125_A,1,0,5,3.1250000000e-02,2.7202384333e-01,9.5820045528e-01,1.0000000000e+00,1.0000000000e+00,1.0000000000e+00
G143_G146_B,3,0,7,5.4687500000e-02,4.3015858903e-01,9.9638972681e-01,1.0000000000e+00,1.0000000000e+00,1.0000000000e+00
G152_G147_A,4,0,8,1.0546875000e-01,6.7193857253e-01,9.9998556052e-01,1.0000000000e+00,1.0000000000e+00,1.0000000000e+00
G152_G139_A,5,0,6,4.3750000000e-01,9.9682878806e-01,1.0000000000e+00,1.0000000000e+00,1.0000000000e+00,1.0000000000e+00
G160_G157_A,1,0,3,1.2500000000e-01,7.3692442384e-01,9.9999841217e-01,1.0000000000e+00,1.0000000000e+00,1.0000000000e+00
G142_G138_B,2,0,7,2.3437500000e-02,2.1113909478e-01,9.0667363815e-01,9.9999999995e-01,1.0000000000e+00,1.0000000000e+00
G136_G137_A,1,0,6,1.5625000000e-02,1.4570915024e-01,7.9295843252e-01,9.9999985526e-01,1.0000000000e+00,1.0000000000e+00
G144_G128_B,1,0,6,1.5625000000e-02,1.4570915024e-01,7.9295843252e-01,9.9999985526e-01,1.0000000000e+00,1.0000000000e+00
G31_G57_A,55,0,6,1.4062500000e-01,7.8030146796e-01,9.9999973802e-01,1.0000000000e+00,1.0000000000e+00,1.0000000000e+00
G16_G54_B,4,0,10,2.2460937500e-02,2.0321489216e-01,8.9686357251e-01,9.9999999986e-01,1.0000000000e+00,1.0000000000e+00
G21_G75_C,12,0,14,9.8266601563e-03,9.4033187395e-02,6.2750290613e-01,9.9994856854e-01,1.0000000000e+00,1.0000000000e+00
G18_G53_A,44,0,10,1.5722656250e-01,8.1923747851e-01,9.9999996275e-01,1.0000000000e+00,1.0000000000e+00,1.0000000000e+00
G15_G55_A,16,0,10,1.1230468750e-01,6.9616397490e-01,9.9999329509e-01,1.0000000000e+00,1.0000000000e+00,1.0000000000e+00
G20_G77_A,24,0,13,1.9653320313e-02,1.8003215336e-01,8.6260585447e-01,9.9999999760e-01,1.0000000000e+00,1.0000000000e+00
G166_G116_B,5,0,7,1.3281250000e-01,7.5949168737e-01,9.9999935241e-01,1.0000000000e+00,1.0000000000e+00,1.0000000000e+00
G162_G166_A,7,0,8,1.2890625000e-01,7.4843571864e-01,9.9999898494e-01,1.0000000000e+00,1.0000000000e+00,1.0000000000e+00
G57_G60_A,4,0,6,1.4062500000e-01,7.8030146796e-01,9.9999973802e-01,1.0000000000e+00,1.0000000000e+00,1.0000000000e+00
G139_G123_D,4,0,7,9.3750000000e-02,6.2633691437e-01,9.9994693576e-01,1.0000000000e+00,1.0000000000e+00,1.0000000000e+00
G139_G125_A,1,0,3,1.2500000000e-01,7.3692442384e-01,9.9999841217e-01,1.0000000000e+00,1.0000000000e+00,1.0000000000e+00
G139_G126_A,2,0,6,6.2500000000e-02,4.7553952495e-01,9.9842555447e-01,1.0000000000e+00,1.0000000000e+00,1.0000000000e+00
G144_G147_B,3,0,6,1.0937500000e-01,6.8598614042e-01,9.9999067845e-01,1.0000000000e+00,1.0000000000e+00,1.0000000000e+00
G135_G129_B,1,0,7,7.8125000000e-03,7.5434863403e-02,5.4356900259e-01,9.9960757984e-01,1.0000000000e+00,1.0000000000e+00
G136_G138_A,1,0,5,3.1250000000e-02,2.7202384333e-01,9.5820045528e-01,1.0000000000e+00,1.0000000000e+00,1.0000000000e+00
G152_G139_A,5,0,6,4.3750000000e-01,9.9682878806e-01,1.0000000000e+00,1.0000000000e+00,1.0000000000e+00,1.0000000000e+00
G34_G47_A,2,0,4,6.2500000000e-02,4.7553952495e-01,9.9842555447e-01,1.0000000000e+00,1.0000000000e+00,1.0000000000e+00
G160_G158_B,1,0,3,1.2500000000e-01,7.3692442384e-01,9.9999841217e-01,1.0000000000e+00,1.0000000000e+00,1.0000000000e+00
G136_G137_A,1,0,7,7.8125000000e-03,7.5434863403e-02,5.4356900259e-01,9.9960757984e-01,1.0000000000e+00,1.0000000000e+00
G152_G128_D,1,0,5,3.1250000000e-02,2.7202384333e-01,9.5820045528e-01,1.0000000000e+00,1.0000000000e+00,1.0000000000e+00
G144_G128_B,1,0,6,1.5625000000e-02,1.4570915024e-01,7.9295843252e-01,9.9999985526e-01,1.0000000000e+00,1.0000000000e+00
G16_G54_B,4,0,10,2.2460937500e-02,2.0321489216e-01,8.9686357251e-01,9.9999999986e-01,1.0000000000e+00,1.0000000000e+00
G21_G75_C,12,0,14,9.8266601563e-03,9.4033187395e-02,6.2750290613e-01,9.9994856854e-01,1.0000000000e+00,1.0000000000e+00
G18_G53_A,20,0,10,1.5722656250e-01,8.1923747851e-01,9.9999996275e-01,1.0000000000e+00,1.0000000000e+00,1.0000000000e+00
G16_G56_A,8,0,9,4.4921875000e-02,3.6847727725e-01,9.8991003140e-01,1.0000000000e+00,1.0000000000e+00,1.0000000000e+00
G21_G78_A,12,0,14,9.8266601563e-03,9.4033187395e-02,6.2750290613e-01,9.9994856854e-01,1.0000000000e+00,1.0000000000e+00
G166_G116_B,6,0,8,1.2890625000e-01,7.4843571864e-01,9.9999898494e-01,1.0000000000e+00,1.0000000000e+00,1.0000000000e+00
G162_G166_A,6,0,7,1.3281250000e-01,7.5949168737e-01,9.9999935241e-01,1.0000000000e+00,1.0000000000e+00,1.0000000000e+00
G165_G164_A,1,0,6,1.5625000000e-02,1.4570915024e-01,7.9295843252e-01,9.9999985526e-01,1.0000000000e+00,1.0000000000e+00
G165_G163_B,6,0,8,1.2500000000e-01,7.3692442384e-01,9.9999841217e-01,1.0000000000e+00,1.0000000000e+00,1.0000000000e+00
G57_G60_A,12,0,10,2.0214843750e-01,8.9547480199e-01,9.9999999984e-01,1.0000000000e+00,1.0000000000e+00,1.0000000000e+00
G139_G151_D,1,0,5,3.1250000000e-02,2.7202384333e-01,9.5820045528e-01,1.0000000000e+00,1.0000000000e+00,1.0000000000e+00
G139_G123_D,4,0,7,9.3750000000e-02,6.2633691437e-01,9.9994693576e-01,1.0000000000e+00,1.0000000000e+00,1.0000000000e+00
G139_G126_A,1,0,2,2.5000000000e-01,9.4368648529e-01,1.0000000000e+00,1.0000000000e+00,1.0000000000e+00,1.0000000000e+00
G139_G127_A,2,0,6,6.2500000000e-02,4.7553952495e-01,9.9842555447e-01,1.0000000000e+00,1.0000000000e+00,1.0000000000e+00
G144_G147_B,4,0,8,1.0546875000e-01,6.7193857253e-01,9.9998556052e-01,1.0000000000e+00,1.0000000000e+00,1.0000000000e+00
G135_G129_B,1,0,7,7.8125000000e-03,7.5434863403e-02,5.4356900259e-01,9.9960757984e-01,1.0000000000e+00,1.0000000000e+00
G55_G72_A,4,0,10,2.2460937500e-02,2.0321489216e-01,8.9686357251e-01,9.9999999986e-01,1.0000000000e+00,1.0000000000e+00
G136_G138_A,2,0,7,2.3437500000e-02,2.1113909478e-01,9.0667363815e-01,9.9999999995e-01,1.0000000000e+00,1.0000000000e+00
G34_G47_A,2,0,4,6.2500000000e-02,4.7553952495e-01,9.9842555447e-01,1.0000000000e+00,1.0000000000e+00,1.0000000000e+00
G160_G158_B,1,0,3,1.2500000000e-01,7.3692442384e-01,9.9999841217e-01,1.0000000000e+00,1.0000000000e+00,1.0000000000e+00
G135_G148_B,2,0,8,1.9531250000e-02,1.7901057765e-01,8.6088446928e-01,9.9999999729e-01,1.0000000000e+00,1.0000000000e+00
G152_G128_D,1,0,6,1.5625000000e-02,1.4570915024e-01,7.9295843252e-01,9.9999985526e-01,1.0000000000e+00,1.0000000000e+00
G136_G128_C,1,0,6,1.5625000000e-02,1.4570915024e-01,7.9295843252e-01,9.9999985526e-01,1.0000000000e+00,1.0000000000e+00
G17_G54_C,4,0,10,2.2460937500e-02,2.0321489216e-01,8.9686357251e-01,9.9999999986e-01,1.0000000000e+00,1.0000000000e+00
G16_G56_A,8,0,9,4.4921875000e-02,3.6847727725e-01,9.8991003140e-01,1.0000000000e+00,1.0000000000e+00,1.0000000000e+00
G21_G78_A,12,0,14,9.8266601563e-03,9.4033187395e-02,6.2750290613e-01,9.9994856854e-01,1.0000000000e+00,1.0000000000e+00
G93_G80_A,24,0,14,2.9479980469e-02,2.5861297216e-01,9.4982933836e-01,1.0000000000e+00,1.0000000000e+00,1.0000000000e+00
G165_G164_A,6,0,7,7.2656250000e-01,9.9999766342e-01,1.0000000000e+00,1.0000000000e+00,1.0000000000e+00,1.0000000000e+00
G165_G163_B,1,0,8,3.9062500000e-03,3.8382958384e-02,3.2388353489e-01,9.8003749113e-01,1.0000000000e+00,1.0000000000e+00
G149_G162_B,6,0,7,7.4218750000e-01,9.9999870270e-01,1.0000000000e+00,1.0000000000e+00,1.0000000000e+00,1.0000000000e+00
G139_G151_D,1,0,5,3.1250000000e-02,2.7202384333e-01,9.5820045528e-01,1.0000000000e+00,1.0000000000e+00,1.0000000000e+00
G139_G127_A,1,0,2,2.5000000000e-01,9.4368648529e-01,1.0000000000e+00,1.0000000000e+00,1.0000000000e+00,1.0000000000e+00
G55_G72_A,4,0,10,2.2460937500e-02,2.0321489216e-01,8.9686357251e-01,9.9999999986e-01,1.0000000000e+00,1.0000000000e+00
G35_G47_B,2,0,4,6.2500000000e-02,4.7553952495e-01,9.9842555447e-01,1.0000000000e+00,1.0000000000e+00,1.0000000000e+00
G55_G64_A,12,0,10,1.1230468750e-01,6.9616397490e-01,9.9999329509e-01,1.0000000000e+00,1.0000000000e+00,1.0000000000e+00
G135_G148_B,2,0,7,2.3437500000e-02,2.1113909478e-01,9.0667363815e-01,9.9999999995e-01,1.0000000000e+00,1.0000000000e+00
G136_G128_C,1,0,6,1.5625000000e-02,1.4570915024e-01,7.9295843252e-01,9.9999985526e-01,1.0000000000e+00,1.0000000000e+00
G17_G54_C,4,0,10,2.2460937500e-02,2.0321489216e-01,8.9686357251e-01,9.9999999986e-01,1.0000000000e+00,1.0000000000e+00
G93_G80_A,28,0,14,2.2052001953e-01,9.1719631663e-01,9.9999999998e-01,1.0000000000e+00,1.0000000000e+00,1.0000000000e+00
G166_G164_B,1,0,6,1.5625000000e-02,1.4570915024e-01,7.9295843252e-01,9.9999985526e-01,1.0000000000e+00,1.0000000000e+00
G149_G162_B,5,0,7,2.2656250000e-01,9.2339585856e-01,9.9999999999e-01,1.0000000000e+00,1.0000000000e+00,1.0000000000e+00
G56_G72_B,4,0,10,2.2460937500e-02,2.0321489216e-01,8.9686357251e-01,9.9999999986e-01,1.0000000000e+00,1.0000000000e+00
G35_G47_B,2,0,4,6.2500000000e-02,4.7553952495e-01,9.9842555447e-01,1.0000000000e+00,1.0000000000e+00,1.0000000000e+00
G55_G64_A,8,0,8,8.9843750000e-02,6.0991472470e-01,9.9991841777e-01,1.0000000000e+00,1.0000000000e+00,1.0000000000e+00
G166_G164_B,6,0,8,1.2500000000e-01,7.3692442384e-01,9.9999841217e-01,1.0000000000e+00,1.0000000000e+00,1.0000000000e+00
G98_G41_A,2,0,4,1.2500000000e-01,7.3692442384e-01,9.9999841217e-01,1.0000000000e+00,1.0000000000e+00,1.0000000000e+00
G76_G90_A,24,0,13,1.9653320313e-02,1.8003215336e-01,8.6260585447e-01,9.9999999760e-01,1.0000000000e+00,1.0000000000e+00
G56_G72_B,4,0,10,2.2460937500e-02,2.0321489216e-01,8.9686357251e-01,9.9999999986e-01,1.0000000000e+00,1.0000000000e+00
G19_G75_A,12,0,14,9.8266601563e-03,9.4033187395e-02,6.2750290613e-01,9.9994856854e-01,1.0000000000e+00,1.0000000000e+00
G93_G92_A,51,0,14,5.8959960938e-02,4.5539575725e-01,9.9770485460e-01,1.0000000000e+00,1.0000000000e+00,1.0000000000e+00
G97_G70_A,16,0,10,1.3476562500e-01,7.6485396915e-01,9.9999948314e-01,1.0000000000e+00,1.0000000000e+00,1.0000000000e+00
G149_G165_B,7,0,8,7.3046875000e-01,9.9999797656e-01,1.0000000000e+00,1.0000000000e+00,1.0000000000e+00,1.0000000000e+00
G57_G64_B,4,0,7,7.0312500000e-02,5.1764152056e-01,9.9931813378e-01,1.0000000000e+00,1.0000000000e+00,1.0000000000e+00
G98_G41_A,2,0,4,1.2500000000e-01,7.3692442384e-01,9.9999841217e-01,1.0000000000e+00,1.0000000000e+00,1.0000000000e+00
G76_G90_A,24,0,13,1.9653320313e-02,1.8003215336e-01,8.6260585447e-01,9.9999999760e-01,1.0000000000e+00,1.0000000000e+00
G19_G76_A,24,0,12,3.9306640625e-02,3.3034997826e-01,9.8186661540e-01,1.0000000000e+00,1.0000000000e+00,1.0000000000e+00
G19_G75_A,12,0,14,9.8266601563e-03,9.4033187395e-02,6.2750290613e-01,9.9994856854e-01,1.0000000000e+00,1.0000000000e+00
G93_G84_A,24,0,13,3.9306640625e-02,3.3034997826e-01,9.8186661540e-01,1.0000000000e+00,1.0000000000e+00,1.0000000000e+00
G93_G92_A,17,0,14,1.9104003906e-01,8.7997539936e-01,9.9999999938e-01,1.0000000000e+00,1.0000000000e+00,1.0000000000e+00
G97_G70_A,7,0,10,1.1523437500e-01,7.0604394499e-01,9.9999518247e-01,1.0000000000e+00,1.0000000000e+00,1.0000000000e+00
G97_G62_A,8,0,9,8.9843750000e-02,6.0991472470e-01,9.9991841777e-01,1.0000000000e+00,1.0000000000e+00,1.0000000000e+00
G149_G165_B,7,0,8,1.0937500000e-01,6.8598614042e-01,9.9999067845e-01,1.0000000000e+00,1.0000000000e+00,1.0000000000e+00
G57_G72_D,4,0,9,1.7578125000e-02,1.6250882227e-01,8.3025288257e-01,9.9999998014e-01,1.0000000000e+00,1.0000000000e+00
G57_G64_B,8,0,8,8.9843750000e-02,6.0991472470e-01,9.9991841777e-01,1.0000000000e+00,1.0000000000e+00,1.0000000000e+00
G77_G90_B,24,0,13,1.9653320313e-02,1.8003215336e-01,8.6260585447e-01,9.9999999760e-01,1.0000000000e+00,1.0000000000e+00
G55_G68_A,8,0,9,4.4921875000e-02,3.6847727725e-01,9.8991003140e-01,1.0000000000e+00,1.0000000000e+00,1.0000000000e+00
G19_G76_A,36,0,14,4.9133300781e-02,3.9577821411e-01,9.9351419627e-01,1.0000000000e+00,1.0000000000e+00,1.0000000000e+00
G93_G84_A,17,0,13,2.1069335938e-01,9.0614496706e-01,9.9999999995e-01,1.0000000000e+00,1.0000000000e+00,1.0000000000e+00
G97_G62_A,7,0,9,1.6015625000e-01,8.2542383615e-01,9.9999997371e-01,1.0000000000e+00,1.0000000000e+00,1.0000000000e+00
G57_G72_D,4,0,10,2.2460937500e-02,2.0321489216e-01,8.9686357251e-01,9.9999999986e-01,1.0000000000e+00,1.0000000000e+00
G77_G90_B,24,0,13,1.9653320313e-02,1.8003215336e-01,8.6260585447e-01,9.9999999760e-01,1.0000000000e+00,1.0000000000e+00
G55_G68_A,8,0,9,4.4921875000e-02,3.6847727725e-01,9.8991003140e-01,1.0000000000e+00,1.0000000000e+00,1.0000000000e+00
G79_G82_A,8,0,10,3.4277343750e-01,9.8496335053e-01,1.0000000000e+00,1.0000000000e+00,1.0000000000e+00,1.0000000000e+00
G98_G45_A,3,0,5,1.2500000000e-01,7.3692442384e-01,9.9999841217e-01,1.0000000000e+00,1.0000000000e+00,1.0000000000e+00
G56_G68_B,8,0,9,4.4921875000e-02,3.6847727725e-01,9.8991003140e-01,1.0000000000e+00,1.0000000000e+00,1.0000000000e+00
G79_G82_A,36,0,14,8.8439941406e-02,6.0385618794e-01,9.9990482371e-01,1.0000000000e+00,1.0000000000e+00,1.0000000000e+00
G79_G90_C,8,0,12,8.5693359375e-02,5.9175700573e-01,9.9987141586e-01,1.0000000000e+00,1.0000000000e+00,1.0000000000e+00
G100,2,0,3,2.5000000000e-01,9.4368648529e-01,1.0000000000e+00,1.0000000000e+00,1.0000000000e+00,1.0000000000e+00
G98_G37_A,2,0,5,9.3750000000e-02,6.2633691437e-01,9.9994693576e-01,1.0000000000e+00,1.0000000000e+00,1.0000000000e+00
G98_G45_A,3,0,5,1.2500000000e-01,7.3692442384e-01,9.9999841217e-01,1.0000000000e+00,1.0000000000e+00,1.0000000000e+00
G76_G95_A,12,0,14,9.8266601563e-03,9.4033187395e-02,6.2750290613e-01,9.9994856854e-01,1.0000000000e+00,1.0000000000e+00
G76_G86_A,36,0,14,4.9133300781e-02,3.9577821411e-01,9.9351419627e-01,1.0000000000e+00,1.0000000000e+00,1.0000000000e+00
G56_G68_B,8,0,9,4.4921875000e-02,3.6847727725e-01,9.8991003140e-01,1.0000000000e+00,1.0000000000e+00,1.0000000000e+00
G93_G88_A,36,0,14,3.9306640625e-02,3.3034997826e-01,9.8186661540e-01,1.0000000000e+00,1.0000000000e+00,1.0000000000e+00
G79_G90_C,24,0,13,1.9653320313e-02,1.8003215336e-01,8.6260585447e-01,9.9999999760e-01,1.0000000000e+00,1.0000000000e+00
G97_G66_A,12,0,10,8.9843750000e-02,6.0991472470e-01,9.9991841777e-01,1.0000000000e+00,1.0000000000e+00,1.0000000000e+00
G101,2,0,3,2.5000000000e-01,9.4368648529e-01,1.0000000000e+00,1.0000000000e+00,1.0000000000e+00,1.0000000000e+00
G110,4,0,6,5.6250000000e-01,9.9974309026e-01,1.0000000000e+00,1.0000000000e+00,1.0000000000e+00,1.0000000000e+00
G100,2,0,3,2.5000000000e-01,9.4368648529e-01,1.0000000000e+00,1.0000000000e+00,1.0000000000e+00,1.0000000000e+00
G57_G68_C,4,0,8,3.5156250000e-02,3.0085077677e-01,9.7209392258e-01,1.0000000000e+00,1.0000000000e+00,1.0000000000e+00
G98_G37_A,2,0,5,1.5625000000e-01,8.1713193967e-01,9.9999995818e-01,1.0000000000e+00,1.0000000000e+00,1.0000000000e+00
G76_G95_A,12,0,14,9.8266601563e-03,9.4033187395e-02,6.2750290613e-01,9.9994856854e-01,1.0000000000e+00,1.0000000000e+00
G76_G86_A,24,0,12,3.9306640625e-02,3.3034997826e-01,9.8186661540e-01,1.0000000000e+00,1.0000000000e+00,1.0000000000e+00
G93_G88_A,18,0,14,2.1069335938e-01,9.0614496706e-01,9.9999999995e-01,1.0000000000e+00,1.0000000000e+00,1.0000000000e+00
G79_G93_B,12,0,14,1.4996337891e-01,8.0304075855e-01,9.9999991215e-01,1.0000000000e+00,1.0000000000e+00,1.0000000000e+00
G97_G66_A,8,0,10,1.6015625000e-01,8.2542383615e-01,9.9999997371e-01,1.0000000000e+00,1.0000000000e+00,1.0000000000e+00
G97_G58_A,8,0,10,6.7382812500e-02,5.0222377542e-01,9.9906601157e-01,1.0000000000e+00,1.0000000000e+00,1.0000000000e+00
G101,3,0,3,7.5000000000e-01,9.9999904633e-01,1.0000000000e+00,1.0000000000e+00,1.0000000000e+00,1.0000000000e+00
G110,4,0,6,4.3750000000e-01,9.9682878806e-01,1.0000000000e+00,1.0000000000e+00,1.0000000000e+00,1.0000000000e+00
G57_G97_B,6,0,10,6.1523437500e-02,4.7005071532e-01,9.9825279806e-01,1.0000000000e+00,1.0000000000e+00,1.0000000000e+00
G111,3,0,6,5.7812500000e-01,9.9982141791e-01,1.0000000000e+00,1.0000000000e+00,1.0000000000e+00,1.0000000000e+00
G57_G68_C,8,0,9,4.4921875000e-02,3.6847727725e-01,9.8991003140e-01,1.0000000000e+00,1.0000000000e+00,1.0000000000e+00
G120,6,0,7,7.4218750000e-01,9.9999870270e-01,1.0000000000e+00,1.0000000000e+00,1.0000000000e+00,1.0000000000e+00
G77_G95_B,12,0,14,9.8266601563e-03,9.4033187395e-02,6.2750290613e-01,9.9994856854e-01,1.0000000000e+00,1.0000000000e+00
G102,1,0,3,1.2500000000e-01,7.3692442384e-01,9.9999841217e-01,1.0000000000e+00,1.0000000000e+00,1.0000000000e+00
G112,12,0,8,7.3828125000e-01,9.9999849218e-01,1.0000000000e+00,1.0000000000e+00,1.0000000000e+00,1.0000000000e+00
G79_G93_B,48,0,14,5.8959960938e-02,4.5539575725e-01,9.9770485460e-01,1.0000000000e+00,1.0000000000e+00,1.0000000000e+00
G97_G58_A,10,0,10,1.8261718750e-01,8.6687641226e-01,9.9999999825e-01,1.0000000000e+00,1.0000000000e+00,1.0000000000e+00
G57_G97_B,44,0,10,1.5722656250e-01,8.1923747851e-01,9.9999996275e-01,1.0000000000e+00,1.0000000000e+00,1.0000000000e+00
G111,4,0,6,4.2187500000e-01,9.9582921790e-01,1.0000000000e+00,1.0000000000e+00,1.0000000000e+00,1.0000000000e+00
G120,1,0,6,1.5625000000e-02,1.4570915024e-01,7.9295843252e-01,9.9999985526e-01,1.0000000000e+00,1.0000000000e+00
G121,5,0,7,7.8125000000e-02,5.5667688454e-01,9.9970677313e-01,1.0000000000e+00,1.0000000000e+00,1.0000000000e+00
G98_G49_A,3,0,5,1.8750000000e-01,8.7461843207e-01,9.9999999904e-01,1.0000000000e+00,1.0000000000e+00,1.0000000000e+00
G130,7,0,8,2.3046875000e-01,9.2717799896e-01,1.0000000000e+00,1.0000000000e+00,1.0000000000e+00,1.0000000000e+00
G98_G57_B,24,0,6,1.0937500000e-01,6.8598614042e-01,9.9999067845e-01,1.0000000000e+00,1.0000000000e+00,1.0000000000e+00
G103,1,0,3,1.2500000000e-01,7.3692442384e-01,9.9999841217e-01,1.0000000000e+00,1.0000000000e+00,1.0000000000e+00
G77_G95_B,12,0,14,9.8266601563e-03,9.4033187395e-02,6.2750290613e-01,9.9994856854e-01,1.0000000000e+00,1.0000000000e+00
G102,1,0,3,1.2500000000e-01,7.3692442384e-01,9.9999841217e-01,1.0000000000e+00,1.0000000000e+00,1.0000000000e+00
G0,57,0,18,4.9925231934e-01,9.9900873570e-01,1.0000000000e+00,1.0000000000e+00,1.0000000000e+00,1.0000000000e+00
G112,11,0,8,2.6171875000e-01,9.5189187967e-01,1.0000000000e+00,1.0000000000e+00,1.0000000000e+00,1.0000000000e+00
G113,13,0,8,8.5937500000e-01,9.9999999698e-01,1.0000000000e+00,1.0000000000e+00,1.0000000000e+00,1.0000000000e+00
G79_G86_B,8,0,11,1.7138671875e-01,8.4741252018e-01,9.9999999316e-01,1.0000000000e+00,1.0000000000e+00,1.0000000000e+00
G131,6,0,8,2.3046875000e-01,9.2717799896e-01,1.0000000000e+00,1.0000000000e+00,1.0000000000e+00,1.0000000000e+00
G122,4,0,7,7.8125000000e-02,5.5667688454e-01,9.9970677313e-01,1.0000000000e+00,1.0000000000e+00,1.0000000000e+00
G121,1,0,7,7.8125000000e-03,7.5434863403e-02,5.4356900259e-01,9.9960757984e-01,1.0000000000e+00,1.0000000000e+00
G98_G49_A,2,0,5,6.2500000000e-02,4.7553952495e-01,9.9842555447e-01,1.0000000000e+00,1.0000000000e+00,1.0000000000e+00
G130,12,0,8,7.1484375000e-01,9.9999644509e-01,1.0000000000e+00,1.0000000000e+00,1.0000000000e+00,1.0000000000e+00
G140,4,0,6,4.2187500000e-01,9.9582921790e-01,1.0000000000e+00,1.0000000000e+00,1.0000000000e+00,1.0000000000e+00
G104,2,0,3,2.5000000000e-01,9.4368648529e-01,1.0000000000e+00,1.0000000000e+00,1.0000000000e+00,1.0000000000e+00
G98_G57_B,55,0,6,1.4062500000e-01,7.8030146796e-01,9.9999973802e-01,1.0000000000e+00,1.0000000000e+00,1.0000000000e+00
G103,1,0,3,1.2500000000e-01,7.3692442384e-01,9.9999841217e-01,1.0000000000e+00,1.0000000000e+00,1.0000000000e+00
G0,59,0,18,4.9925231934e-01,9.9900873570e-01,1.0000000000e+00,1.0000000000e+00,1.0000000000e+00,1.0000000000e+00
G1,2,0,2,2.5000000000e-01,9.4368648529e-01,1.0000000000e+00,1.0000000000e+00,1.0000000000e+00,1.0000000000e+00
G113,7,0,8,1.4062500000e-01,7.8030146796e-01,9.9999973802e-01,1.0000000000e+00,1.0000000000e+00,1.0000000000e+00
G79_G86_B,24,0,12,3.9306640625e-02,3.3034997826e-01,9.8186661540e-01,1.0000000000e+00,1.0000000000e+00,1.0000000000e+00
G162_IIII105_A,6,0,7,2.5781250000e-01,9.4928500857e-01,1.0000000000e+00,1.0000000000e+00,1.0000000000e+00,1.0000000000e+00
G97_G79_A,72,0,10,1.5722656250e-01,8.1923747851e-01,9.9999996275e-01,1.0000000000e+00,1.0000000000e+00,1.0000000000e+00
G114,1,0,5,3.1250000000e-02,2.7202384333e-01,9.5820045528e-01,1.0000000000e+00,1.0000000000e+00,1.0000000000e+00
G123,6,0,7,4.3750000000e-01,9.9682878806e-01,1.0000000000e+00,1.0000000000e+00,1.0000000000e+00,1.0000000000e+00
G132,2,0,8,1.9531250000e-02,1.7901057765e-01,8.6088446928e-01,9.9999999729e-01,1.0000000000e+00,1.0000000000e+00
G105,2,0,3,2.5000000000e-01,9.4368648529e-01,1.0000000000e+00,1.0000000000e+00,1.0000000000e+00,1.0000000000e+00
G131,1,0,7,7.8125000000e-03,7.5434863403e-02,5.4356900259e-01,9.9960757984e-01,1.0000000000e+00,1.0000000000e+00
G122,4,0,7,9.3750000000e-02,6.2633691437e-01,9.9994693576e-01,1.0000000000e+00,1.0000000000e+00,1.0000000000e+00
G140,1,0,6,1.5625000000e-02,1.4570915024e-01,7.9295843252e-01,9.9999985526e-01,1.0000000000e+00,1.0000000000e+00
G104,1,0,3,1.2500000000e-01,7.3692442384e-01,9.9999841217e-01,1.0000000000e+00,1.0000000000e+00,1.0000000000e+00
G150,3,0,7,6.2500000000e-02,4.7553952495e-01,9.9842555447e-01,1.0000000000e+00,1.0000000000e+00,1.0000000000e+00
G141,4,0,6,4.2187500000e-01,9.9582921790e-01,1.0000000000e+00,1.0000000000e+00,1.0000000000e+00,1.0000000000e+00
G1,2,0,2,2.5000000000e-01,9.4368648529e-01,1.0000000000e+00,1.0000000000e+00,1.0000000000e+00,1.0000000000e+00
G2,2,0,2,2.5000000000e-01,9.4368648529e-01,1.0000000000e+00,1.0000000000e+00,1.0000000000e+00,1.0000000000e+00
G115,6,0,8,1.2890625000e-01,7.4843571864e-01,9.9999898494e-01,1.0000000000e+00,1.0000000000e+00,1.0000000000e+00
G79_G95_D,8,0,13,4.2846679688e-02,3.5462059511e-01,9.8746422979e-01,1.0000000000e+00,1.0000000000e+00,1.0000000000e+00
G162_IIII105_A,6,0,7,7.4218750000e-01,9.9999870270e-01,1.0000000000e+00,1.0000000000e+00,1.0000000000e+00,1.0000000000e+00
G97_G79_A,1768,0,10,3.4277343750e-01,9.8496335053e-01,1.0000000000e+00,1.0000000000e+00,1.0000000000e+00,1.0000000000e+00
G114,5,0,5,9.6875000000e-01,1.0000000000e+00,1.0000000000e+00,1.0000000000e+00,1.0000000000e+00,1.0000000000e+00
G151,4,0,5,4.6875000000e-01,9.9820943772e-01,1.0000000000e+00,1.0000000000e+00,1.0000000000e+00,1.0000000000e+00
G123,5,0,7,9.3750000000e-02,6.2633691437e-01,9.9994693576e-01,1.0000000000e+00,1.0000000000e+00,1.0000000000e+00
G124,1,0,5,3.1250000000e-02,2.7202384333e-01,9.5820045528e-01,1.0000000000e+00,1.0000000000e+00,1.0000000000e+00
G132,4,0,8,1.6015625000e-01,8.2542383615e-01,9.9999997371e-01,1.0000000000e+00,1.0000000000e+00,1.0000000000e+00
G105,1,0,3,1.2500000000e-01,7.3692442384e-01,9.9999841217e-01,1.0000000000e+00,1.0000000000e+00,1.0000000000e+00
G133,4,0,8,1.6015625000e-01,8.2542383615e-01,9.9999997371e-01,1.0000000000e+00,1.0000000000e+00,1.0000000000e+00
G142,4,0,7,4.6875000000e-02,3.8127365236e-01,9.9177783661e-01,1.0000000000e+00,1.0000000000e+00,1.0000000000e+00
G150,3,0,7,6.2500000000e-02,4.7553952495e-01,9.9842555447e-01,1.0000000000e+00,1.0000000000e+00,1.0000000000e+00
G141,2,0,6,4.6875000000e-02,3.8127365236e-01,9.9177783661e-01,1.0000000000e+00,1.0000000000e+00,1.0000000000e+00
G160,2,0,2,2.5000000000e-01,9.4368648529e-01,1.0000000000e+00,1.0000000000e+00,1.0000000000e+00,1.0000000000e+00
G106,2,0,2,2.5000000000e-01,9.4368648529e-01,1.0000000000e+00,1.0000000000e+00,1.0000000000e+00,1.0000000000e+00
G2,2,0,2,2.5000000000e-01,9.4368648529e-01,1.0000000000e+00,1.0000000000e+00,1.0000000000e+00,1.0000000000e+00
G116,5,0,7,1.3281250000e-01,7.5949168737e-01,9.9999935241e-01,1.0000000000e+00,1.0000000000e+00,1.0000000000e+00
G115,12,0,8,7.3828125000e-01,9.9999849218e-01,1.0000000000e+00,1.0000000000e+00,1.0000000000e+00,1.0000000000e+00
G79_G95_D,12,0,14,9.8266601563e-03,9.4033187395e-02,6.2750290613e-01,9.9994856854e-01,1.0000000000e+00,1.0000000000e+00
G151,1,0,5,3.1250000000e-02,2.7202384333e-01,9.5820045528e-01,1.0000000000e+00,1.0000000000e+00,1.0000000000e+00
G124,4,0,6,5.6250000000e-01,9.9974309026e-01,1.0000000000e+00,1.0000000000e+00,1.0000000000e+00,1.0000000000e+00
G125,1,0,5,3.1250000000e-02,2.7202384333e-01,9.5820045528e-01,1.0000000000e+00,1.0000000000e+00,1.0000000000e+00
G133,1,0,8,3.9062500000e-03,3.8382958384e-02,3.2388353489e-01,9.8003749113e-01,1.0000000000e+00,1.0000000000e+00
G134,4,0,8,1.6015625000e-01,8.2542383615e-01,9.9999997371e-01,1.0000000000e+00,1.0000000000e+00,1.0000000000e+00
G152,58,0,18,4.9925231934e-01,9.9900873570e-01,1.0000000000e+00,1.0000000000e+00,1.0000000000e+00,1.0000000000e+00
G142,4,0,7,4.6875000000e-02,3.8127365236e-01,9.9177783661e-01,1.0000000000e+00,1.0000000000e+00,1.0000000000e+00
G161,10,0,16,1.3978576660e-01,7.7814652145e-01,9.9999971116e-01,1.0000000000e+00,1.0000000000e+00,1.0000000000e+00
G160,2,0,2,2.5000000000e-01,9.4368648529e-01,1.0000000000e+00,1.0000000000e+00,1.0000000000e+00,1.0000000000e+00
G107,1,0,1,5.0000000000e-01,9.9902343750e-01,1.0000000000e+00,1.0000000000e+00,1.0000000000e+00,1.0000000000e+00
G106,2,0,2,2.5000000000e-01,9.4368648529e-01,1.0000000000e+00,1.0000000000e+00,1.0000000000e+00,1.0000000000e+00
G143,6,0,8,2.3046875000e-01,9.2717799896e-01,1.0000000000e+00,1.0000000000e+00,1.0000000000e+00,1.0000000000e+00
G116,12,0,8,7.3828125000e-01,9.9999849218e-01,1.0000000000e+00,1.0000000000e+00,1.0000000000e+00,1.0000000000e+00
G162,6,0,7,2.5781250000e-01,9.4928500857e-01,1.0000000000e+00,1.0000000000e+00,1.0000000000e+00,1.0000000000e+00
G125,4,0,6,5.6250000000e-01,9.9974309026e-01,1.0000000000e+00,1.0000000000e+00,1.0000000000e+00,1.0000000000e+00
G126,3,0,6,6.2500000000e-02,4.7553952495e-01,9.9842555447e-01,1.0000000000e+00,1.0000000000e+00,1.0000000000e+00
G117,11,0,8,2.6171875000e-01,9.5189187967e-01,1.0000000000e+00,1.0000000000e+00,1.0000000000e+00,1.0000000000e+00
G134,1,0,6,1.5625000000e-02,1.4570915024e-01,7.9295843252e-01,9.9999985526e-01,1.0000000000e+00,1.0000000000e+00
G153,2,0,3,2.5000000000e-01,9.4368648529e-01,1.0000000000e+00,1.0000000000e+00,1.0000000000e+00,1.0000000000e+00
G144,7,0,7,1.2500000000e-01,7.3692442384e-01,9.9999841217e-01,1.0000000000e+00,1.0000000000e+00,1.0000000000e+00
G152,58,0,18,4.9925231934e-01,9.9900873570e-01,1.0000000000e+00,1.0000000000e+00,1.0000000000e+00,1.0000000000e+00
G135,3,0,8,2.7343750000e-02,2.4213156738e-01,9.3749162939e-01,1.0000000000e+00,1.0000000000e+00,1.0000000000e+00
G161,10,0,16,1.3978576660e-01,7.7814652145e-01,9.9999971116e-01,1.0000000000e+00,1.0000000000e+00,1.0000000000e+00
G108,1,0,1,5.0000000000e-01,9.9902343750e-01,1.0000000000e+00,1.0000000000e+00,1.0000000000e+00,1.0000000000e+00
G107,1,0,1,5.0000000000e-01,9.9902343750e-01,1.0000000000e+00,1.0000000000e+00,1.0000000000e+00,1.0000000000e+00
G143,7,0,8,2.3046875000e-01,9.2717799896e-01,1.0000000000e+00,1.0000000000e+00,1.0000000000e+00,1.0000000000e+00
G163,6,0,8,1.2500000000e-01,7.3692442384e-01,9.9999841217e-01,1.0000000000e+00,1.0000000000e+00,1.0000000000e+00
G162,6,0,7,7.4218750000e-01,9.9999870270e-01,1.0000000000e+00,1.0000000000e+00,1.0000000000e+00,1.0000000000e+00
G109,4,0,7,9.3750000000e-02,6.2633691437e-01,9.9994693576e-01,1.0000000000e+00,1.0000000000e+00,1.0000000000e+00
G154,2,0,3,2.5000000000e-01,9.4368648529e-01,1.0000000000e+00,1.0000000000e+00,1.0000000000e+00,1.0000000000e+00
G127,3,0,6,6.2500000000e-02,4.7553952495e-01,9.9842555447e-01,1.0000000000e+00,1.0000000000e+00,1.0000000000e+00
G126,3,0,6,5.6250000000e-01,9.9974309026e-01,1.0000000000e+00,1.0000000000e+00,1.0000000000e+00,1.0000000000e+00
G117,4,0,6,6.0937500000e-01,9.9991728194e-01,1.0000000000e+00,1.0000000000e+00,1.0000000000e+00,1.0000000000e+00
G145,5,0,6,6.0937500000e-01,9.9991728194e-01,1.0000000000e+00,1.0000000000e+00,1.0000000000e+00,1.0000000000e+00
G153,2,0,3,2.5000000000e-01,9.4368648529e-01,1.0000000000e+00,1.0000000000e+00,1.0000000000e+00,1.0000000000e+00
G136,3,0,7,4.6875000000e-02,3.8127365236e-01,9.9177783661e-01,1.0000000000e+00,1.0000000000e+00,1.0000000000e+00
G144,6,0,7,1.2500000000e-01,7.3692442384e-01,9.9999841217e-01,1.0000000000e+00,1.0000000000e+00,1.0000000000e+00
G135,3,0,7,3.1250000000e-02,2.7202384333e-01,9.5820045528e-01,1.0000000000e+00,1.0000000000e+00,1.0000000000e+00
G108,1,0,1,5.0000000000e-01,9.9902343750e-01,1.0000000000e+00,1.0000000000e+00,1.0000000000e+00,1.0000000000e+00
G118,1,0,1,5.0000000000e-01,9.9902343750e-01,1.0000000000e+00,1.0000000000e+00,1.0000000000e+00,1.0000000000e+00
G164,1,0,6,1.5625000000e-02,1.4570915024e-01,7.9295843252e-01,9.9999985526e-01,1.0000000000e+00,1.0000000000e+00
G163,13,0,8,8.5937500000e-01,9.9999999698e-01,1.0000000000e+00,1.0000000000e+00,1.0000000000e+00,1.0000000000e+00
G109,8,0,7,9.0625000000e-01,9.9999999995e-01,1.0000000000e+00,1.0000000000e+00,1.0000000000e+00,1.0000000000e+00
G155,2,0,3,2.5000000000e-01,9.4368648529e-01,1.0000000000e+00,1.0000000000e+00,1.0000000000e+00,1.0000000000e+00
G154,2,0,3,2.5000000000e-01,9.4368648529e-01,1.0000000000e+00,1.0000000000e+00,1.0000000000e+00,1.0000000000e+00
G127,3,0,6,5.6250000000e-01,9.9974309026e-01,1.0000000000e+00,1.0000000000e+00,1.0000000000e+00,1.0000000000e+00
G137,4,0,7,9.3750000000e-02,6.2633691437e-01,9.9994693576e-01,1.0000000000e+00,1.0000000000e+00,1.0000000000e+00
G128,1,0,6,1.5625000000e-02,1.4570915024e-01,7.9295843252e-01,9.9999985526e-01,1.0000000000e+00,1.0000000000e+00
G146,4,0,6,6.0937500000e-01,9.9991728194e-01,1.0000000000e+00,1.0000000000e+00,1.0000000000e+00,1.0000000000e+00
G145,1,0,6,1.5625000000e-02,1.4570915024e-01,7.9295843252e-01,9.9999985526e-01,1.0000000000e+00,1.0000000000e+00
G136,4,0,7,4.6875000000e-02,3.8127365236e-01,9.9177783661e-01,1.0000000000e+00,1.0000000000e+00,1.0000000000e+00
G118,1,0,1,5.0000000000e-01,9.9902343750e-01,1.0000000000e+00,1.0000000000e+00,1.0000000000e+00,1.0000000000e+00
G119,1,0,1,5.0000000000e-01,9.9902343750e-01,1.0000000000e+00,1.0000000000e+00,1.0000000000e+00,1.0000000000e+00
G164,13,0,8,8.5937500000e-01,9.9999999698e-01,1.0000000000e+00,1.0000000000e+00,1.0000000000e+00,1.0000000000e+00
G165,7,0,8,1.4062500000e-01,7.8030146796e-01,9.9999973802e-01,1.0000000000e+00,1.0000000000e+00,1.0000000000e+00
G155,3,0,3,7.5000000000e-01,9.9999904633e-01,1.0000000000e+00,1.0000000000e+00,1.0000000000e+00,1.0000000000e+00
G138,5,0,7,9.3750000000e-02,6.2633691437e-01,9.9994693576e-01,1.0000000000e+00,1.0000000000e+00,1.0000000000e+00
G137,1,0,7,7.8125000000e-03,7.5434863403e-02,5.4356900259e-01,9.9960757984e-01,1.0000000000e+00,1.0000000000e+00
G128,4,0,6,3.5937500000e-01,9.8835769889e-01,1.0000000000e+00,1.0000000000e+00,1.0000000000e+00,1.0000000000e+00
G129,2,0,7,2.3437500000e-02,2.1113909478e-01,9.0667363815e-01,9.9999999995e-01,1.0000000000e+00,1.0000000000e+00
G146,3,0,7,5.4687500000e-02,4.3015858903e-01,9.9638972681e-01,1.0000000000e+00,1.0000000000e+00,1.0000000000e+00
G147,6,0,6,6.0937500000e-01,9.9991728194e-01,1.0000000000e+00,1.0000000000e+00,1.0000000000e+00,1.0000000000e+00
G156,1,0,3,1.2500000000e-01,7.3692442384e-01,9.9999841217e-01,1.0000000000e+00,1.0000000000e+00,1.0000000000e+00
G119,1,0,1,5.0000000000e-01,9.9902343750e-01,1.0000000000e+00,1.0000000000e+00,1.0000000000e+00,1.0000000000e+00
G166,5,0,7,1.3281250000e-01,7.5949168737e-01,9.9999935241e-01,1.0000000000e+00,1.0000000000e+00,1.0000000000e+00
G165,7,0,8,7.3046875000e-01,9.9999797656e-01,1.0000000000e+00,1.0000000000e+00,1.0000000000e+00,1.0000000000e+00
G148,7,0,8,7.3046875000e-01,9.9999797656e-01,1.0000000000e+00,1.0000000000e+00,1.0000000000e+00,1.0000000000e+00
G138,2,0,7,2.3437500000e-02,2.1113909478e-01,9.0667363815e-01,9.9999999995e-01,1.0000000000e+00,1.0000000000e+00
G139,5,0,6,4.3750000000e-01,9.9682878806e-01,1.0000000000e+00,1.0000000000e+00,1.0000000000e+00,1.0000000000e+00
G129,1,0,7,7.8125000000e-03,7.5434863403e-02,5.4356900259e-01,9.9960757984e-01,1.0000000000e+00,1.0000000000e+00
G157,1,0,3,1.2500000000e-01,7.3692442384e-01,9.9999841217e-01,1.0000000000e+00,1.0000000000e+00,1.0000000000e+00
G147,4,0,8,1.0546875000e-01,6.7193857253e-01,9.9998556052e-01,1.0000000000e+00,1.0000000000e+00,1.0000000000e+00
G156,1,0,3,1.2500000000e-01,7.3692442384e-01,9.9999841217e-01,1.0000000000e+00,1.0000000000e+00,1.0000000000e+00
G166,6,0,8,1.2890625000e-01,7.4843571864e-01,9.9999898494e-01,1.0000000000e+00,1.0000000000e+00,1.0000000000e+00
G148,2,0,8,1.9531250000e-02,1.7901057765e-01,8.6088446928e-01,9.9999999729e-01,1.0000000000e+00,1.0000000000e+00
G149,7,0,8,7.4609375000e-01,9.9999888639e-01,1.0000000000e+00,1.0000000000e+00,1.0000000000e+00,1.0000000000e+00
G139,5,0,6,4.3750000000e-01,9.9682878806e-01,1.0000000000e+00,1.0000000000e+00,1.0000000000e+00,1.0000000000e+00
G158,2,0,3,2.5000000000e-01,9.4368648529e-01,1.0000000000e+00,1.0000000000e+00,1.0000000000e+00,1.0000000000e+00
G157,1,0,3,1.2500000000e-01,7.3692442384e-01,9.9999841217e-01,1.0000000000e+00,1.0000000000e+00,1.0000000000e+00
G167,1,0,1,5.0000000000e-01,9.9902343750e-01,1.0000000000e+00,1.0000000000e+00,1.0000000000e+00,1.0000000000e+00
G149,6,0,8,2.3046875000e-01,9.2717799896e-01,1.0000000000e+00,1.0000000000e+00,1.0000000000e+00,1.0000000000e+00
G159,2,0,3,2.5000000000e-01,9.4368648529e-01,1.0000000000e+00,1.0000000000e+00,1.0000000000e+00,1.0000000000e+00
G158,1,0,3,1.2500000000e-01,7.3692442384e-01,9.9999841217e-01,1.0000000000e+00,1.0000000000e+00,1.0000000000e+00
G168,1,0,1,5.0000000000e-01,9.9902343750e-01,1.0000000000e+00,1.0000000000e+00,1.0000000000e+00,1.0000000000e+00
G167,1,0,1,5.0000000000e-01,9.9902343750e-01,1.0000000000e+00,1.0000000000e+00,1.0000000000e+00,1.0000000000e+00

circuit fault coverage,,,,,6.1659264102e-01,9.4495050370e-01,9.9982370223e-01,1.0000000000e+00,1.0000000000e+00
