name,cube,rel,var,den,n=10,n=100,n=1000,n=10000,n=100000
G187,7,0,8,3.1250000000e-01,9.7641004975e-01,1.0000000000e+00,1.0000000000e+00,1.0000000000e+00,1.0000000000e+00
G178,5,0,6,4.0625000000e-01,9.9455451926e-01,1.0000000000e+00,1.0000000000e+00,1.0000000000e+00,1.0000000000e+00
G186,18,0,8,5.0000000000e-01,9.9902343750e-01,1.0000000000e+00,1.0000000000e+00,1.0000000000e+00,1.0000000000e+00
G159,6,0,7,2.5000000000e-01,9.4368648529e-01,1.0000000000e+00,1.0000000000e+00,1.0000000000e+00,1.0000000000e+00
G196,2,0,5,9.3750000000e-02,6.2633691437e-01,9.9994693576e-01,1.0000000000e+00,1.0000000000e+00,1.0000000000e+00
G169,2,0,5,9.3750000000e-02,6.2633691437e-01,9.9994693576e-01,1.0000000000e+00,1.0000000000e+00,1.0000000000e+00
G168,2,0,5,9.3750000000e-02,6.2633691437e-01,9.9994693576e-01,1.0000000000e+00,1.0000000000e+00,1.0000000000e+00
G195,2,0,5,9.3750000000e-02,6.2633691437e-01,9.9994693576e-01,1.0000000000e+00,1.0000000000e+00,1.0000000000e+00
G177,5,0,8,1.7187500000e-01,8.4830929975e-01,9.9999999355e-01,1.0000000000e+00,1.0000000000e+00,1.0000000000e+00
G26_II343_A,1,0,1,5.0000000000e-01,9.9902343750e-01,1.0000000000e+00,1.0000000000e+00,1.0000000000e+00,1.0000000000e+00
G188,10,0,8,3.7500000000e-01,9.9090505298e-01,1.0000000000e+00,1.0000000000e+00,1.0000000000e+00,1.0000000000e+00
G187,17,0,8,5.0000000000e-01,9.9902343750e-01,1.0000000000e+00,1.0000000000e+00,1.0000000000e+00,1.0000000000e+00
G179,5,0,6,2.5000000000e-01,9.4368648529e-01,1.0000000000e+00,1.0000000000e+00,1.0000000000e+00,1.0000000000e+00
G178,6,0,6,2.1875000000e-01,9.1529670527e-01,9.9999999998e-01,1.0000000000e+00,1.0000000000e+00,1.0000000000e+00
G197,6,0,6,6.2500000000e-01,9.9994500633e-01,1.0000000000e+00,1.0000000000e+00,1.0000000000e+00,1.0000000000e+00
G196,3,0,6,1.2500000000e-01,7.3692442384e-01,9.9999841217e-01,1.0000000000e+00,1.0000000000e+00,1.0000000000e+00
G169,7,0,7,2.1875000000e-01,9.1529670527e-01,9.9999999998e-01,1.0000000000e+00,1.0000000000e+00,1.0000000000e+00
G23_II285_A,1,0,1,5.0000000000e-01,9.9902343750e-01,1.0000000000e+00,1.0000000000e+00,1.0000000000e+00,1.0000000000e+00
G188,16,0,8,6.2500000000e-01,9.9994500633e-01,1.0000000000e+00,1.0000000000e+00,1.0000000000e+00,1.0000000000e+00
G179,8,0,6,7.5000000000e-01,9.9999904633e-01,1.0000000000e+00,1.0000000000e+00,1.0000000000e+00,1.0000000000e+00
G197,3,0,6,1.2500000000e-01,7.3692442384e-01,9.9999841217e-01,1.0000000000e+00,1.0000000000e+00,1.0000000000e+00
G189,31,0,12,4.7656250000e-01,9.9845599632e-01,1.0000000000e+00,1.0000000000e+00,1.0000000000e+00,1.0000000000e+00
G198,1,0,1,5.0000000000e-01,9.9902343750e-01,1.0000000000e+00,1.0000000000e+00,1.0000000000e+00,1.0000000000e+00
G23_II285_A,1,0,1,5.0000000000e-01,9.9902343750e-01,1.0000000000e+00,1.0000000000e+00,1.0000000000e+00,1.0000000000e+00
G189,58,0,12,4.7753906250e-01,9.9848456172e-01,1.0000000000e+00,1.0000000000e+00,1.0000000000e+00,1.0000000000e+00
G198,1,0,1,5.0000000000e-01,9.9902343750e-01,1.0000000000e+00,1.0000000000e+00,1.0000000000e+00,1.0000000000e+00
G199,1,0,1,5.0000000000e-01,9.9902343750e-01,1.0000000000e+00,1.0000000000e+00,1.0000000000e+00,1.0000000000e+00
G199,1,0,1,5.0000000000e-01,9.9902343750e-01,1.0000000000e+00,1.0000000000e+00,1.0000000000e+00,1.0000000000e+00
G27_II365_A,1,0,1,5.0000000000e-01,9.9902343750e-01,1.0000000000e+00,1.0000000000e+00,1.0000000000e+00,1.0000000000e+00
G27_II365_A,1,0,1,5.0000000000e-01,9.9902343750e-01,1.0000000000e+00,1.0000000000e+00,1.0000000000e+00,1.0000000000e+00
G24_II288_A,1,0,1,5.0000000000e-01,9.9902343750e-01,1.0000000000e+00,1.0000000000e+00,1.0000000000e+00,1.0000000000e+00
G24_II288_A,1,0,1,5.0000000000e-01,9.9902343750e-01,1.0000000000e+00,1.0000000000e+00,1.0000000000e+00,1.0000000000e+00
G28_II368_A,1,0,1,5.0000000000e-01,9.9902343750e-01,1.0000000000e+00,1.0000000000e+00,1.0000000000e+00,1.0000000000e+00
G28_II368_A,1,0,1,5.0000000000e-01,9.9902343750e-01,1.0000000000e+00,1.0000000000e+00,1.0000000000e+00,1.0000000000e+00
G30_G111_B,8,0,10,2.9296875000e-02,2.5721302854e-01,9.4887388698e-01,1.0000000000e+00,1.0000000000e+00,1.0000000000e+00
G30_G210_B,1,0,3,1.2500000000e-01,7.3692442384e-01,9.9999841217e-01,1.0000000000e+00,1.0000000000e+00,1.0000000000e+00
G30_G111_B,8,0,10,2.9296875000e-02,2.5721302854e-01,9.4887388698e-01,1.0000000000e+00,1.0000000000e+00,1.0000000000e+00
G30_G122_A,8,0,6,2.3437500000e-01,9.3079124123e-01,1.0000000000e+00,1.0000000000e+00,1.0000000000e+00,1.0000000000e+00
G21_G131_A,13,0,14,2.4896240234e-01,9.4290254020e-01,1.0000000000e+00,1.0000000000e+00,1.0000000000e+00,1.0000000000e+00
G30_G210_B,1,0,3,1.2500000000e-01,7.3692442384e-01,9.9999841217e-01,1.0000000000e+00,1.0000000000e+00,1.0000000000e+00
G21_G140_A,4,0,6,3.1250000000e-02,2.7202384333e-01,9.5820045528e-01,1.0000000000e+00,1.0000000000e+00,1.0000000000e+00
G30_G122_A,8,0,6,2.3437500000e-01,9.3079124123e-01,1.0000000000e+00,1.0000000000e+00,1.0000000000e+00,1.0000000000e+00
G20_G124_A,10,0,2,2.5000000000e-01,9.4368648529e-01,1.0000000000e+00,1.0000000000e+00,1.0000000000e+00,1.0000000000e+00
G21_G131_A,14,0,14,2.4896240234e-01,9.4290254020e-01,1.0000000000e+00,1.0000000000e+00,1.0000000000e+00,1.0000000000e+00
G21_G140_A,4,0,6,3.1250000000e-02,2.7202384333e-01,9.5820045528e-01,1.0000000000e+00,1.0000000000e+00,1.0000000000e+00
G131_G40_B,2,0,14,1.0375976563e-03,1.0327662969e-02,9.8606728574e-02,6.4588598214e-01,9.9996899504e-01,1.0000000000e+00
G104_G41_A,4,0,14,2.0751953125e-03,2.0559232042e-02,1.8757782289e-01,8.7473847332e-01,9.9999999905e-01,1.0000000000e+00
G16_G111_A,8,0,10,2.9296875000e-02,2.5721302854e-01,9.4887388698e-01,1.0000000000e+00,1.0000000000e+00,1.0000000000e+00
G20_G161_A,1,0,5,3.1250000000e-02,2.7202384333e-01,9.5820045528e-01,1.0000000000e+00,1.0000000000e+00,1.0000000000e+00
G10_G123_D,9,0,14,1.4465332031e-02,1.3559143827e-01,7.6708867931e-01,9.9999953021e-01,1.0000000000e+00,1.0000000000e+00
G11_G107_A,3,0,5,2.1875000000e-01,9.1529670527e-01,9.9999999998e-01,1.0000000000e+00,1.0000000000e+00,1.0000000000e+00
G20_G124_A,30,0,2,2.5000000000e-01,9.4368648529e-01,1.0000000000e+00,1.0000000000e+00,1.0000000000e+00,1.0000000000e+00
G131_G40_B,2,0,14,1.0375976563e-03,1.0327662969e-02,9.8606728574e-02,6.4588598214e-01,9.9996899504e-01,1.0000000000e+00
G211_G60_B,1,0,2,2.5000000000e-01,9.4368648529e-01,1.0000000000e+00,1.0000000000e+00,1.0000000000e+00,1.0000000000e+00
G104_G41_A,4,0,14,2.0751953125e-03,2.0559232042e-02,1.8757782289e-01,8.7473847332e-01,9.9999999905e-01,1.0000000000e+00
G16_G111_A,2,0,6,3.1250000000e-02,2.7202384333e-01,9.5820045528e-01,1.0000000000e+00,1.0000000000e+00,1.0000000000e+00
G13_G142_A,18,0,14,3.1005859375e-02,2.7018714401e-01,9.5713378934e-01,1.0000000000e+00,1.0000000000e+00,1.0000000000e+00
G20_G161_A,1,0,5,3.1250000000e-02,2.7202384333e-01,9.5820045528e-01,1.0000000000e+00,1.0000000000e+00,1.0000000000e+00
G20_G143_B,1,0,6,1.5625000000e-02,1.4570915024e-01,7.9295843252e-01,9.9999985526e-01,1.0000000000e+00,1.0000000000e+00
G10_G123_D,4,0,10,1.4648437500e-02,1.3719610703e-01,7.7137645229e-01,9.9999960987e-01,1.0000000000e+00,1.0000000000e+00
G11_G107_A,3,0,5,2.1875000000e-01,9.1529670527e-01,9.9999999998e-01,1.0000000000e+00,1.0000000000e+00,1.0000000000e+00
G20_G135_A,2,0,6,1.5625000000e-02,1.4570915024e-01,7.9295843252e-01,9.9999985526e-01,1.0000000000e+00,1.0000000000e+00
G122_G34_A,4,0,12,3.6621093750e-03,3.6023452643e-02,3.0710938250e-01,9.7449373864e-01,1.0000000000e+00,1.0000000000e+00
G211_G60_B,1,0,2,2.5000000000e-01,9.4368648529e-01,1.0000000000e+00,1.0000000000e+00,1.0000000000e+00,1.0000000000e+00
G16_G102_C,2,0,9,3.3203125000e-02,2.8656833764e-01,9.6583953327e-01,1.0000000000e+00,1.0000000000e+00,1.0000000000e+00
G17_G102_B,2,0,9,3.3203125000e-02,2.8656833764e-01,9.6583953327e-01,1.0000000000e+00,1.0000000000e+00,1.0000000000e+00
G18_G102_A,2,0,9,3.3203125000e-02,2.8656833764e-01,9.6583953327e-01,1.0000000000e+00,1.0000000000e+00,1.0000000000e+00
G10_G109_B,2,0,10,1.9531250000e-03,1.9360479644e-02,1.7757952141e-01,8.5844045473e-01,9.9999999677e-01,1.0000000000e+00
G13_G142_A,4,0,6,3.1250000000e-02,2.7202384333e-01,9.5820045528e-01,1.0000000000e+00,1.0000000000e+00,1.0000000000e+00
G21_G162_A,3,0,6,6.2500000000e-02,4.7553952495e-01,9.9842555447e-01,1.0000000000e+00,1.0000000000e+00,1.0000000000e+00
G13_G160_B,1,0,4,6.2500000000e-02,4.7553952495e-01,9.9842555447e-01,1.0000000000e+00,1.0000000000e+00,1.0000000000e+00
G21_G152_B,1,0,6,1.5625000000e-02,1.4570915024e-01,7.9295843252e-01,9.9999985526e-01,1.0000000000e+00,1.0000000000e+00
G13_G151_B,1,0,4,6.2500000000e-02,4.7553952495e-01,9.9842555447e-01,1.0000000000e+00,1.0000000000e+00,1.0000000000e+00
G20_G143_B,1,0,6,1.5625000000e-02,1.4570915024e-01,7.9295843252e-01,9.9999985526e-01,1.0000000000e+00,1.0000000000e+00
G15_G123_A,9,0,14,1.4465332031e-02,1.3559143827e-01,7.6708867931e-01,9.9999953021e-01,1.0000000000e+00,1.0000000000e+00
G20_G135_A,2,0,6,1.5625000000e-02,1.4570915024e-01,7.9295843252e-01,9.9999985526e-01,1.0000000000e+00,1.0000000000e+00
G20_G163_A,2,0,5,6.2500000000e-02,4.7553952495e-01,9.9842555447e-01,1.0000000000e+00,1.0000000000e+00,1.0000000000e+00
G122_G34_A,4,0,12,3.6621093750e-03,3.6023452643e-02,3.0710938250e-01,9.7449373864e-01,1.0000000000e+00,1.0000000000e+00
G16_G102_C,2,0,9,3.3203125000e-02,2.8656833764e-01,9.6583953327e-01,1.0000000000e+00,1.0000000000e+00,1.0000000000e+00
G17_G102_B,2,0,9,3.3203125000e-02,2.8656833764e-01,9.6583953327e-01,1.0000000000e+00,1.0000000000e+00,1.0000000000e+00
G18_G102_A,2,0,9,3.3203125000e-02,2.8656833764e-01,9.6583953327e-01,1.0000000000e+00,1.0000000000e+00,1.0000000000e+00
G10_G109_B,2,0,10,1.9531250000e-03,1.9360479644e-02,1.7757952141e-01,8.5844045473e-01,9.9999999677e-01,1.0000000000e+00
G20_G164_A,1,0,5,3.1250000000e-02,2.7202384333e-01,9.5820045528e-01,1.0000000000e+00,1.0000000000e+00,1.0000000000e+00
G21_G162_A,2,0,6,6.2500000000e-02,4.7553952495e-01,9.9842555447e-01,1.0000000000e+00,1.0000000000e+00,1.0000000000e+00
G12_G162_B,1,0,5,3.1250000000e-02,2.7202384333e-01,9.5820045528e-01,1.0000000000e+00,1.0000000000e+00,1.0000000000e+00
G13_G161_B,2,0,6,4.6875000000e-02,3.8127365236e-01,9.9177783661e-01,1.0000000000e+00,1.0000000000e+00,1.0000000000e+00
G13_G160_B,2,0,6,7.8125000000e-02,5.5667688454e-01,9.9970677313e-01,1.0000000000e+00,1.0000000000e+00,1.0000000000e+00
G21_G152_B,1,0,5,3.1250000000e-02,2.7202384333e-01,9.5820045528e-01,1.0000000000e+00,1.0000000000e+00,1.0000000000e+00
G12_G152_C,1,0,6,1.5625000000e-02,1.4570915024e-01,7.9295843252e-01,9.9999985526e-01,1.0000000000e+00,1.0000000000e+00
G13_G151_B,4,0,7,6.2500000000e-02,4.7553952495e-01,9.9842555447e-01,1.0000000000e+00,1.0000000000e+00,1.0000000000e+00
G15_G123_A,4,0,10,1.4648437500e-02,1.3719610703e-01,7.7137645229e-01,9.9999960987e-01,1.0000000000e+00,1.0000000000e+00
G30_G208_A,1,0,3,1.2500000000e-01,7.3692442384e-01,9.9999841217e-01,1.0000000000e+00,1.0000000000e+00,1.0000000000e+00
G21_G172_A,5,0,9,8.7890625000e-02,6.0146249658e-01,9.9989891378e-01,1.0000000000e+00,1.0000000000e+00,1.0000000000e+00
G20_G163_A,2,0,5,6.2500000000e-02,4.7553952495e-01,9.9842555447e-01,1.0000000000e+00,1.0000000000e+00,1.0000000000e+00
G12_G136_A,3,0,6,3.1250000000e-02,2.7202384333e-01,9.5820045528e-01,1.0000000000e+00,1.0000000000e+00,1.0000000000e+00
G123_G34_B,4,0,12,3.6621093750e-03,3.6023452643e-02,3.0710938250e-01,9.7449373864e-01,1.0000000000e+00,1.0000000000e+00
G211_G61_D,3,0,5,2.1875000000e-01,9.1529670527e-01,9.9999999998e-01,1.0000000000e+00,1.0000000000e+00,1.0000000000e+00
G104_G63_A,2,0,13,2.0751953125e-03,2.0559232042e-02,1.8757782289e-01,8.7473847332e-01,9.9999999905e-01,1.0000000000e+00
G122_G36_A,4,0,13,1.8310546875e-03,1.8160406953e-02,1.6745941847e-01,8.4002426273e-01,9.9999998902e-01,1.0000000000e+00
G122_G45_A,4,0,7,1.1718750000e-01,7.1246895791e-01,9.9999613769e-01,1.0000000000e+00,1.0000000000e+00,1.0000000000e+00
G116_G41_B,4,0,14,2.0751953125e-03,2.0559232042e-02,1.8757782289e-01,8.7473847332e-01,9.9999999905e-01,1.0000000000e+00
G20_G164_A,1,0,5,3.1250000000e-02,2.7202384333e-01,9.5820045528e-01,1.0000000000e+00,1.0000000000e+00,1.0000000000e+00
G12_G162_B,3,0,6,6.2500000000e-02,4.7553952495e-01,9.9842555447e-01,1.0000000000e+00,1.0000000000e+00,1.0000000000e+00
G13_G161_B,1,0,5,3.1250000000e-02,2.7202384333e-01,9.5820045528e-01,1.0000000000e+00,1.0000000000e+00,1.0000000000e+00
G12_G152_C,1,0,5,3.1250000000e-02,2.7202384333e-01,9.5820045528e-01,1.0000000000e+00,1.0000000000e+00,1.0000000000e+00
G25_G150_B,1,0,4,6.2500000000e-02,4.7553952495e-01,9.9842555447e-01,1.0000000000e+00,1.0000000000e+00,1.0000000000e+00
G21_G155_A,1,0,5,3.1250000000e-02,2.7202384333e-01,9.5820045528e-01,1.0000000000e+00,1.0000000000e+00,1.0000000000e+00
G30_G208_A,1,0,3,1.2500000000e-01,7.3692442384e-01,9.9999841217e-01,1.0000000000e+00,1.0000000000e+00,1.0000000000e+00
G18_G104_A,27,0,9,1.5039062500e-01,8.0402848060e-01,9.9999991645e-01,1.0000000000e+00,1.0000000000e+00,1.0000000000e+00
G19_G112_A,16,0,10,1.5039062500e-01,8.0402848060e-01,9.9999991645e-01,1.0000000000e+00,1.0000000000e+00,1.0000000000e+00
G21_G172_A,4,0,7,8.5937500000e-02,5.9284579825e-01,9.9987480436e-01,1.0000000000e+00,1.0000000000e+00,1.0000000000e+00
G12_G136_A,4,0,6,3.1250000000e-02,2.7202384333e-01,9.5820045528e-01,1.0000000000e+00,1.0000000000e+00,1.0000000000e+00
G123_G34_B,1,0,12,2.4414062500e-04,2.4387257865e-03,2.4121358687e-02,2.1664588586e-01,9.1298757216e-01,9.9999999998e-01
G211_G61_D,3,0,5,2.1875000000e-01,9.1529670527e-01,9.9999999998e-01,1.0000000000e+00,1.0000000000e+00,1.0000000000e+00
G107_G42_B,1,0,5,3.1250000000e-02,2.7202384333e-01,9.5820045528e-01,1.0000000000e+00,1.0000000000e+00,1.0000000000e+00
G104_G63_A,2,0,13,2.0751953125e-03,2.0559232042e-02,1.8757782289e-01,8.7473847332e-01,9.9999999905e-01,1.0000000000e+00
G122_G36_A,4,0,13,1.8310546875e-03,1.8160406953e-02,1.6745941847e-01,8.4002426273e-01,9.9999998902e-01,1.0000000000e+00
G211_G74_A,2,0,14,1.0375976563e-03,1.0327662969e-02,9.8606728574e-02,6.4588598214e-01,9.9996899504e-01,1.0000000000e+00
G122_G45_A,4,0,7,1.1718750000e-01,7.1246895791e-01,9.9999613769e-01,1.0000000000e+00,1.0000000000e+00,1.0000000000e+00
G112_G46_B,1,0,9,1.9531250000e-03,1.9360479644e-02,1.7757952141e-01,8.5844045473e-01,9.9999999677e-01,1.0000000000e+00
G104_G54_B,2,0,10,1.6601562500e-02,1.5414652249e-01,8.1252153399e-01,9.9999994636e-01,1.0000000000e+00,1.0000000000e+00
G112_G37_B,4,0,14,2.0751953125e-03,2.0559232042e-02,1.8757782289e-01,8.7473847332e-01,9.9999999905e-01,1.0000000000e+00
G116_G41_B,4,0,14,2.0751953125e-03,2.0559232042e-02,1.8757782289e-01,8.7473847332e-01,9.9999999905e-01,1.0000000000e+00
G21_G181_C,1,0,5,3.1250000000e-02,2.7202384333e-01,9.5820045528e-01,1.0000000000e+00,1.0000000000e+00,1.0000000000e+00
G13_G181_B,1,0,5,3.1250000000e-02,2.7202384333e-01,9.5820045528e-01,1.0000000000e+00,1.0000000000e+00,1.0000000000e+00
G20_G138_B,1,0,7,7.8125000000e-03,7.5434863403e-02,5.4356900259e-01,9.9960757984e-01,1.0000000000e+00,1.0000000000e+00
G21_G164_B,1,0,6,1.5625000000e-02,1.4570915024e-01,7.9295843252e-01,9.9999985526e-01,1.0000000000e+00,1.0000000000e+00
G25_G150_B,1,0,5,3.1250000000e-02,2.7202384333e-01,9.5820045528e-01,1.0000000000e+00,1.0000000000e+00,1.0000000000e+00
G21_G155_A,1,0,6,1.5625000000e-02,1.4570915024e-01,7.9295843252e-01,9.9999985526e-01,1.0000000000e+00,1.0000000000e+00
G20_G129_B,4,0,14,3.1127929688e-03,3.0695502803e-02,2.6784627381e-01,9.5573884222e-01,1.0000000000e+00,1.0000000000e+00
G29_G202_A,1,0,3,1.2500000000e-01,7.3692442384e-01,9.9999841217e-01,1.0000000000e+00,1.0000000000e+00,1.0000000000e+00
G18_G104_A,18,0,10,6.2500000000e-02,4.7553952495e-01,9.9842555447e-01,1.0000000000e+00,1.0000000000e+00,1.0000000000e+00
G19_G112_A,8,0,10,4.7851562500e-02,3.8758391254e-01,9.9257894063e-01,1.0000000000e+00,1.0000000000e+00,1.0000000000e+00
G123_G36_B,4,0,13,1.8310546875e-03,1.8160406953e-02,1.6745941847e-01,8.4002426273e-01,9.9999998902e-01,1.0000000000e+00
G107_G42_B,1,0,5,3.1250000000e-02,2.7202384333e-01,9.5820045528e-01,1.0000000000e+00,1.0000000000e+00,1.0000000000e+00
G90_G123_B,8,0,14,1.4465332031e-02,1.3559143827e-01,7.6708867931e-01,9.9999953021e-01,1.0000000000e+00,1.0000000000e+00
G122_G38_A,8,0,14,1.8310546875e-03,1.8160406953e-02,1.6745941847e-01,8.4002426273e-01,9.9999998902e-01,1.0000000000e+00
G211_G74_A,2,0,14,1.0375976563e-03,1.0327662969e-02,9.8606728574e-02,6.4588598214e-01,9.9996899504e-01,1.0000000000e+00
G112_G46_B,1,0,10,9.7656250000e-04,9.7228212237e-03,9.3082656509e-02,6.2357620194e-01,9.9994288230e-01,1.0000000000e+00
G104_G54_B,6,0,10,1.6601562500e-02,1.5414652249e-01,8.1252153399e-01,9.9999994636e-01,1.0000000000e+00,1.0000000000e+00
G112_G56_B,2,0,10,1.6601562500e-02,1.5414652249e-01,8.1252153399e-01,9.9999994636e-01,1.0000000000e+00,1.0000000000e+00
G112_G37_B,4,0,14,2.0751953125e-03,2.0559232042e-02,1.8757782289e-01,8.7473847332e-01,9.9999999905e-01,1.0000000000e+00
G14_G108_C,2,0,10,4.8828125000e-03,4.7769092558e-02,3.8705326409e-01,9.9251438707e-01,1.0000000000e+00,1.0000000000e+00
G21_G181_C,1,0,6,1.5625000000e-02,1.4570915024e-01,7.9295843252e-01,9.9999985526e-01,1.0000000000e+00,1.0000000000e+00
G13_G181_B,1,0,5,3.1250000000e-02,2.7202384333e-01,9.5820045528e-01,1.0000000000e+00,1.0000000000e+00,1.0000000000e+00
G20_G138_B,1,0,7,7.8125000000e-03,7.5434863403e-02,5.4356900259e-01,9.9960757984e-01,1.0000000000e+00,1.0000000000e+00
G21_G164_B,1,0,5,3.1250000000e-02,2.7202384333e-01,9.5820045528e-01,1.0000000000e+00,1.0000000000e+00,1.0000000000e+00
G12_G164_C,1,0,6,1.5625000000e-02,1.4570915024e-01,7.9295843252e-01,9.9999985526e-01,1.0000000000e+00,1.0000000000e+00
G20_G149_A,1,0,5,3.1250000000e-02,2.7202384333e-01,9.5820045528e-01,1.0000000000e+00,1.0000000000e+00,1.0000000000e+00
G13_G155_B,1,0,5,3.1250000000e-02,2.7202384333e-01,9.5820045528e-01,1.0000000000e+00,1.0000000000e+00,1.0000000000e+00
G20_G129_B,4,0,14,3.1127929688e-03,3.0695502803e-02,2.6784627381e-01,9.5573884222e-01,1.0000000000e+00,1.0000000000e+00
G29_G202_A,1,0,3,1.2500000000e-01,7.3692442384e-01,9.9999841217e-01,1.0000000000e+00,1.0000000000e+00,1.0000000000e+00
G12_G184_A,14,0,10,1.8359375000e-01,8.6845837337e-01,9.9999999845e-01,1.0000000000e+00,1.0000000000e+00,1.0000000000e+00
G25_G180_A,1,0,4,6.2500000000e-02,4.7553952495e-01,9.9842555447e-01,1.0000000000e+00,1.0000000000e+00,1.0000000000e+00
G17_G116_A,20,0,8,1.8359375000e-01,8.6845837337e-01,9.9999999845e-01,1.0000000000e+00,1.0000000000e+00,1.0000000000e+00
G123_G36_B,1,0,13,1.2207031250e-04,1.2200327910e-03,1.2133563764e-02,1.1492046122e-01,7.0499932570e-01,9.9999500851e-01
G122_G48_A,4,0,10,1.4648437500e-02,1.3719610703e-01,7.7137645229e-01,9.9999960987e-01,1.0000000000e+00,1.0000000000e+00
G90_G123_B,4,0,10,1.4648437500e-02,1.3719610703e-01,7.7137645229e-01,9.9999960987e-01,1.0000000000e+00,1.0000000000e+00
G107_G35_B,2,0,14,1.8310546875e-04,1.8295466814e-03,1.8145573491e-02,1.6733363113e-01,8.3978239332e-01,9.9999998885e-01
G211_G67_A,2,0,13,2.0751953125e-03,2.0559232042e-02,1.8757782289e-01,8.7473847332e-01,9.9999999905e-01,1.0000000000e+00
G122_G38_A,8,0,14,1.8310546875e-03,1.8160406953e-02,1.6745941847e-01,8.4002426273e-01,9.9999998902e-01,1.0000000000e+00
G211_G75_B,11,0,14,2.4792480469e-01,9.4210878671e-01,1.0000000000e+00,1.0000000000e+00,1.0000000000e+00,1.0000000000e+00
G112_G56_B,6,0,10,1.6601562500e-02,1.5414652249e-01,8.1252153399e-01,9.9999994636e-01,1.0000000000e+00,1.0000000000e+00
G124_G37_A,4,0,14,2.0751953125e-03,2.0559232042e-02,1.8757782289e-01,8.7473847332e-01,9.9999999905e-01,1.0000000000e+00
G14_G108_C,2,0,10,4.8828125000e-03,4.7769092558e-02,3.8705326409e-01,9.9251438707e-01,1.0000000000e+00,1.0000000000e+00
G12_G175_B,1,0,5,3.1250000000e-02,2.7202384333e-01,9.5820045528e-01,1.0000000000e+00,1.0000000000e+00,1.0000000000e+00
G12_G164_C,1,0,5,3.1250000000e-02,2.7202384333e-01,9.5820045528e-01,1.0000000000e+00,1.0000000000e+00,1.0000000000e+00
G13_G190_D,4,0,6,1.2500000000e-01,7.3692442384e-01,9.9999841217e-01,1.0000000000e+00,1.0000000000e+00,1.0000000000e+00
G20_G149_A,1,0,5,3.1250000000e-02,2.7202384333e-01,9.5820045528e-01,1.0000000000e+00,1.0000000000e+00,1.0000000000e+00
G13_G155_B,1,0,5,3.1250000000e-02,2.7202384333e-01,9.5820045528e-01,1.0000000000e+00,1.0000000000e+00,1.0000000000e+00
G12_G184_A,11,0,9,1.7968750000e-01,8.6202725835e-01,9.9999999750e-01,1.0000000000e+00,1.0000000000e+00,1.0000000000e+00
G25_G180_A,1,0,5,3.1250000000e-02,2.7202384333e-01,9.5820045528e-01,1.0000000000e+00,1.0000000000e+00,1.0000000000e+00
G17_G116_A,13,0,3,1.2500000000e-01,7.3692442384e-01,9.9999841217e-01,1.0000000000e+00,1.0000000000e+00,1.0000000000e+00
G29_G141_A,2,0,6,1.5625000000e-02,1.4570915024e-01,7.9295843252e-01,9.9999985526e-01,1.0000000000e+00,1.0000000000e+00
G59_G100_D,10,0,10,2.3339843750e-01,9.2990339228e-01,1.0000000000e+00,1.0000000000e+00,1.0000000000e+00,1.0000000000e+00
G123_G38_B,8,0,14,1.8310546875e-03,1.8160406953e-02,1.6745941847e-01,8.4002426273e-01,9.9999998902e-01,1.0000000000e+00
G211_G59_A,26,0,11,4.8632812500e-01,9.9872103731e-01,1.0000000000e+00,1.0000000000e+00,1.0000000000e+00,1.0000000000e+00
G122_G93_B,4,0,7,1.1718750000e-01,7.1246895791e-01,9.9999613769e-01,1.0000000000e+00,1.0000000000e+00,1.0000000000e+00
G122_G48_A,4,0,10,1.4648437500e-02,1.3719610703e-01,7.7137645229e-01,9.9999960987e-01,1.0000000000e+00,1.0000000000e+00
G122_G49_A,4,0,8,5.8593750000e-02,4.5327268444e-01,9.9761379514e-01,1.0000000000e+00,1.0000000000e+00,1.0000000000e+00
G107_G82_A,1,0,4,6.2500000000e-02,4.7553952495e-01,9.9842555447e-01,1.0000000000e+00,1.0000000000e+00,1.0000000000e+00
G116_G63_B,2,0,13,2.0751953125e-03,2.0559232042e-02,1.8757782289e-01,8.7473847332e-01,9.9999999905e-01,1.0000000000e+00
G107_G35_B,2,0,14,1.8310546875e-04,1.8295466814e-03,1.8145573491e-02,1.6733363113e-01,8.3978239332e-01,9.9999998885e-01
G211_G67_A,2,0,13,2.0751953125e-03,2.0559232042e-02,1.8757782289e-01,8.7473847332e-01,9.9999999905e-01,1.0000000000e+00
G131_G66_B,2,0,13,2.0751953125e-03,2.0559232042e-02,1.8757782289e-01,8.7473847332e-01,9.9999999905e-01,1.0000000000e+00
G211_G75_B,11,0,14,2.4792480469e-01,9.4210878671e-01,1.0000000000e+00,1.0000000000e+00,1.0000000000e+00,1.0000000000e+00
G116_G46_A,1,0,9,1.9531250000e-03,1.9360479644e-02,1.7757952141e-01,8.5844045473e-01,9.9999999677e-01,1.0000000000e+00
G116_G55_A,2,0,10,1.6601562500e-02,1.5414652249e-01,8.1252153399e-01,9.9999994636e-01,1.0000000000e+00,1.0000000000e+00
G124_G37_A,4,0,14,2.0751953125e-03,2.0559232042e-02,1.8757782289e-01,8.7473847332e-01,9.9999999905e-01,1.0000000000e+00
G12_G175_B,2,0,6,6.2500000000e-02,4.7553952495e-01,9.9842555447e-01,1.0000000000e+00,1.0000000000e+00,1.0000000000e+00
G12_G176_B,4,0,7,4.6875000000e-02,3.8127365236e-01,9.9177783661e-01,1.0000000000e+00,1.0000000000e+00,1.0000000000e+00
G13_G156_C,1,0,5,3.1250000000e-02,2.7202384333e-01,9.5820045528e-01,1.0000000000e+00,1.0000000000e+00,1.0000000000e+00
G16_G125_D,6,0,12,1.2451171875e-02,1.1776195956e-01,7.1433449703e-01,9.9999638109e-01,1.0000000000e+00,1.0000000000e+00
G19_G125_A,6,0,12,1.2451171875e-02,1.1776195956e-01,7.1433449703e-01,9.9999638109e-01,1.0000000000e+00,1.0000000000e+00
G13_G165_C,1,0,5,3.1250000000e-02,2.7202384333e-01,9.5820045528e-01,1.0000000000e+00,1.0000000000e+00,1.0000000000e+00
G13_G190_D,8,0,7,1.2500000000e-01,7.3692442384e-01,9.9999841217e-01,1.0000000000e+00,1.0000000000e+00,1.0000000000e+00
G21_G149_B,1,0,6,1.5625000000e-02,1.4570915024e-01,7.9295843252e-01,9.9999985526e-01,1.0000000000e+00,1.0000000000e+00
G24_G174_A,1,0,4,6.2500000000e-02,4.7553952495e-01,9.9842555447e-01,1.0000000000e+00,1.0000000000e+00,1.0000000000e+00
G29_G204_B,1,0,3,1.2500000000e-01,7.3692442384e-01,9.9999841217e-01,1.0000000000e+00,1.0000000000e+00,1.0000000000e+00
G29_G141_A,2,0,6,1.5625000000e-02,1.4570915024e-01,7.9295843252e-01,9.9999985526e-01,1.0000000000e+00,1.0000000000e+00
G59_G100_D,10,0,10,2.3339843750e-01,9.2990339228e-01,1.0000000000e+00,1.0000000000e+00,1.0000000000e+00,1.0000000000e+00
G123_G38_B,2,0,14,1.2207031250e-04,1.2200327910e-03,1.2133563764e-02,1.1492046122e-01,7.0499932570e-01,9.9999500851e-01
G211_G59_A,26,0,11,4.8632812500e-01,9.9872103731e-01,1.0000000000e+00,1.0000000000e+00,1.0000000000e+00,1.0000000000e+00
G122_G93_B,4,0,7,1.1718750000e-01,7.1246895791e-01,9.9999613769e-01,1.0000000000e+00,1.0000000000e+00,1.0000000000e+00
G112_G48_D,1,0,6,1.5625000000e-02,1.4570915024e-01,7.9295843252e-01,9.9999985526e-01,1.0000000000e+00,1.0000000000e+00
G122_G49_A,8,0,10,4.3945312500e-02,3.6199019709e-01,9.8882433136e-01,1.0000000000e+00,1.0000000000e+00,1.0000000000e+00
G107_G82_A,1,0,4,6.2500000000e-02,4.7553952495e-01,9.9842555447e-01,1.0000000000e+00,1.0000000000e+00,1.0000000000e+00
G116_G63_B,2,0,13,2.0751953125e-03,2.0559232042e-02,1.8757782289e-01,8.7473847332e-01,9.9999999905e-01,1.0000000000e+00
G131_G66_B,2,0,13,2.0751953125e-03,2.0559232042e-02,1.8757782289e-01,8.7473847332e-01,9.9999999905e-01,1.0000000000e+00
G211_G68_B,10,0,13,2.4792480469e-01,9.4210878671e-01,1.0000000000e+00,1.0000000000e+00,1.0000000000e+00,1.0000000000e+00
G116_G46_A,1,0,9,1.9531250000e-03,1.9360479644e-02,1.7757952141e-01,8.5844045473e-01,9.9999999677e-01,1.0000000000e+00
G116_G47_A,1,0,9,1.9531250000e-03,1.9360479644e-02,1.7757952141e-01,8.5844045473e-01,9.9999999677e-01,1.0000000000e+00
G116_G55_A,6,0,10,1.6601562500e-02,1.5414652249e-01,8.1252153399e-01,9.9999994636e-01,1.0000000000e+00,1.0000000000e+00
G12_G176_B,2,0,5,9.3750000000e-02,6.2633691437e-01,9.9994693576e-01,1.0000000000e+00,1.0000000000e+00,1.0000000000e+00
G13_G156_C,1,0,5,3.1250000000e-02,2.7202384333e-01,9.5820045528e-01,1.0000000000e+00,1.0000000000e+00,1.0000000000e+00
G16_G119_B,2,0,11,8.3007812500e-03,7.9974825559e-02,5.6549266715e-01,9.9976013267e-01,1.0000000000e+00,1.0000000000e+00
G16_G125_D,6,0,12,1.2451171875e-02,1.1776195956e-01,7.1433449703e-01,9.9999638109e-01,1.0000000000e+00,1.0000000000e+00
G19_G125_A,6,0,12,1.2451171875e-02,1.1776195956e-01,7.1433449703e-01,9.9999638109e-01,1.0000000000e+00,1.0000000000e+00
G13_G165_C,1,0,5,3.1250000000e-02,2.7202384333e-01,9.5820045528e-01,1.0000000000e+00,1.0000000000e+00,1.0000000000e+00
G27_G153_B,1,0,4,6.2500000000e-02,4.7553952495e-01,9.9842555447e-01,1.0000000000e+00,1.0000000000e+00,1.0000000000e+00
G21_G149_B,1,0,5,3.1250000000e-02,2.7202384333e-01,9.5820045528e-01,1.0000000000e+00,1.0000000000e+00,1.0000000000e+00
G12_G149_C,1,0,6,1.5625000000e-02,1.4570915024e-01,7.9295843252e-01,9.9999985526e-01,1.0000000000e+00,1.0000000000e+00
G16_G128_B,4,0,14,3.1127929688e-03,3.0695502803e-02,2.6784627381e-01,9.5573884222e-01,1.0000000000e+00,1.0000000000e+00
G13_G177_A,5,0,8,1.7187500000e-01,8.4830929975e-01,9.9999999355e-01,1.0000000000e+00,1.0000000000e+00,1.0000000000e+00
G24_G174_A,1,0,5,3.1250000000e-02,2.7202384333e-01,9.5820045528e-01,1.0000000000e+00,1.0000000000e+00,1.0000000000e+00
G29_G204_B,1,0,3,1.2500000000e-01,7.3692442384e-01,9.9999841217e-01,1.0000000000e+00,1.0000000000e+00,1.0000000000e+00
G125_G74_B,8,0,14,1.5563964844e-02,1.4517930819e-01,7.9167074460e-01,9.9999984601e-01,1.0000000000e+00,1.0000000000e+00
G123_G93_C,4,0,7,1.1718750000e-01,7.1246895791e-01,9.9999613769e-01,1.0000000000e+00,1.0000000000e+00,1.0000000000e+00
G107_G92_B,1,0,7,7.8125000000e-03,7.5434863403e-02,5.4356900259e-01,9.9960757984e-01,1.0000000000e+00,1.0000000000e+00
G112_G48_D,4,0,10,1.4648437500e-02,1.3719610703e-01,7.7137645229e-01,9.9999960987e-01,1.0000000000e+00,1.0000000000e+00
G211_G68_B,10,0,13,2.4792480469e-01,9.4210878671e-01,1.0000000000e+00,1.0000000000e+00,1.0000000000e+00,1.0000000000e+00
G116_G47_A,1,0,9,1.9531250000e-03,1.9360479644e-02,1.7757952141e-01,8.5844045473e-01,9.9999999677e-01,1.0000000000e+00
G13_G169_A,2,0,5,9.3750000000e-02,6.2633691437e-01,9.9994693576e-01,1.0000000000e+00,1.0000000000e+00,1.0000000000e+00
G18_G117_C,2,0,11,8.3007812500e-03,7.9974825559e-02,5.6549266715e-01,9.9976013267e-01,1.0000000000e+00,1.0000000000e+00
G16_G119_B,2,0,11,8.3007812500e-03,7.9974825559e-02,5.6549266715e-01,9.9976013267e-01,1.0000000000e+00,1.0000000000e+00
G27_G154_B,1,0,4,6.2500000000e-02,4.7553952495e-01,9.9842555447e-01,1.0000000000e+00,1.0000000000e+00,1.0000000000e+00
G27_G153_B,1,0,5,3.1250000000e-02,2.7202384333e-01,9.5820045528e-01,1.0000000000e+00,1.0000000000e+00,1.0000000000e+00
G12_G149_C,1,0,5,3.1250000000e-02,2.7202384333e-01,9.5820045528e-01,1.0000000000e+00,1.0000000000e+00,1.0000000000e+00
G16_G128_B,4,0,14,3.1127929688e-03,3.0695502803e-02,2.6784627381e-01,9.5573884222e-01,1.0000000000e+00,1.0000000000e+00
G13_G177_A,10,0,8,1.7968750000e-01,8.6202725835e-01,9.9999999750e-01,1.0000000000e+00,1.0000000000e+00,1.0000000000e+00
G23_G168_A,2,0,5,9.3750000000e-02,6.2633691437e-01,9.9994693576e-01,1.0000000000e+00,1.0000000000e+00,1.0000000000e+00
G125_G74_B,2,0,14,1.0375976563e-03,1.0327662969e-02,9.8606728574e-02,6.4588598214e-01,9.9996899504e-01,1.0000000000e+00
G123_G93_C,1,0,7,7.8125000000e-03,7.5434863403e-02,5.4356900259e-01,9.9960757984e-01,1.0000000000e+00,1.0000000000e+00
G107_G92_B,1,0,7,7.8125000000e-03,7.5434863403e-02,5.4356900259e-01,9.9960757984e-01,1.0000000000e+00,1.0000000000e+00
G124_G66_C,2,0,13,2.0751953125e-03,2.0559232042e-02,1.8757782289e-01,8.7473847332e-01,9.9999999905e-01,1.0000000000e+00
G13_G169_A,4,0,7,6.2500000000e-02,4.7553952495e-01,9.9842555447e-01,1.0000000000e+00,1.0000000000e+00,1.0000000000e+00
G18_G117_C,2,0,11,8.3007812500e-03,7.9974825559e-02,5.6549266715e-01,9.9976013267e-01,1.0000000000e+00,1.0000000000e+00
G24_G166_C,1,0,4,6.2500000000e-02,4.7553952495e-01,9.9842555447e-01,1.0000000000e+00,1.0000000000e+00,1.0000000000e+00
G27_G154_B,1,0,5,3.1250000000e-02,2.7202384333e-01,9.5820045528e-01,1.0000000000e+00,1.0000000000e+00,1.0000000000e+00
G26_G155_C,1,0,5,3.1250000000e-02,2.7202384333e-01,9.5820045528e-01,1.0000000000e+00,1.0000000000e+00,1.0000000000e+00
G13_G196_B,2,0,5,9.3750000000e-02,6.2633691437e-01,9.9994693576e-01,1.0000000000e+00,1.0000000000e+00,1.0000000000e+00
G23_G168_A,2,0,5,9.3750000000e-02,6.2633691437e-01,9.9994693576e-01,1.0000000000e+00,1.0000000000e+00,1.0000000000e+00
G18_G192_A,6,0,7,2.5000000000e-01,9.4368648529e-01,1.0000000000e+00,1.0000000000e+00,1.0000000000e+00,1.0000000000e+00
G94_G108_A,2,0,9,9.7656250000e-03,9.3474586547e-02,6.2519978120e-01,9.9994529861e-01,1.0000000000e+00,1.0000000000e+00
G124_G66_C,2,0,13,2.0751953125e-03,2.0559232042e-02,1.8757782289e-01,8.7473847332e-01,9.9999999905e-01,1.0000000000e+00
G24_G166_C,1,0,5,3.1250000000e-02,2.7202384333e-01,9.5820045528e-01,1.0000000000e+00,1.0000000000e+00,1.0000000000e+00
G26_G155_C,1,0,5,3.1250000000e-02,2.7202384333e-01,9.5820045528e-01,1.0000000000e+00,1.0000000000e+00,1.0000000000e+00
G13_G196_B,1,0,6,1.5625000000e-02,1.4570915024e-01,7.9295843252e-01,9.9999985526e-01,1.0000000000e+00,1.0000000000e+00
G18_G157_A,6,0,7,2.5000000000e-01,9.4368648529e-01,1.0000000000e+00,1.0000000000e+00,1.0000000000e+00,1.0000000000e+00
G18_G192_A,6,0,7,2.5000000000e-01,9.4368648529e-01,1.0000000000e+00,1.0000000000e+00,1.0000000000e+00,1.0000000000e+00
G59_G126_A,10,0,11,2.5000000000e-01,9.4368648529e-01,1.0000000000e+00,1.0000000000e+00,1.0000000000e+00,1.0000000000e+00
G125_G66_D,8,0,13,3.1127929688e-02,2.7110601434e-01,9.5767044846e-01,1.0000000000e+00,1.0000000000e+00,1.0000000000e+00
G211_G79_D,3,0,4,2.5000000000e-01,9.4368648529e-01,1.0000000000e+00,1.0000000000e+00,1.0000000000e+00,1.0000000000e+00
G94_G108_A,2,0,10,4.8828125000e-03,4.7769092558e-02,3.8705326409e-01,9.9251438707e-01,1.0000000000e+00,1.0000000000e+00
G85_G108_B,2,0,10,4.8828125000e-03,4.7769092558e-02,3.8705326409e-01,9.9251438707e-01,1.0000000000e+00,1.0000000000e+00
G116_G49_C,4,0,6,4.6875000000e-02,3.8127365236e-01,9.9177783661e-01,1.0000000000e+00,1.0000000000e+00,1.0000000000e+00
G18_G157_A,6,0,7,2.5000000000e-01,9.4368648529e-01,1.0000000000e+00,1.0000000000e+00,1.0000000000e+00,1.0000000000e+00
G59_G126_A,10,0,11,2.5000000000e-01,9.4368648529e-01,1.0000000000e+00,1.0000000000e+00,1.0000000000e+00,1.0000000000e+00
G125_G66_D,2,0,13,2.0751953125e-03,2.0559232042e-02,1.8757782289e-01,8.7473847332e-01,9.9999999905e-01,1.0000000000e+00
G211_G79_D,3,0,4,2.5000000000e-01,9.4368648529e-01,1.0000000000e+00,1.0000000000e+00,1.0000000000e+00,1.0000000000e+00
G122_G99_B,4,0,8,5.8593750000e-02,4.5327268444e-01,9.9761379514e-01,1.0000000000e+00,1.0000000000e+00,1.0000000000e+00
G85_G108_B,2,0,10,4.8828125000e-03,4.7769092558e-02,3.8705326409e-01,9.9251438707e-01,1.0000000000e+00,1.0000000000e+00
G116_G49_C,8,0,10,4.3945312500e-02,3.6199019709e-01,9.8882433136e-01,1.0000000000e+00,1.0000000000e+00,1.0000000000e+00
G107_G78_B,1,0,3,1.2500000000e-01,7.3692442384e-01,9.9999841217e-01,1.0000000000e+00,1.0000000000e+00,1.0000000000e+00
G29_G146_C,2,0,6,1.5625000000e-02,1.4570915024e-01,7.9295843252e-01,9.9999985526e-01,1.0000000000e+00,1.0000000000e+00
G19_G129_C,4,0,14,3.1127929688e-03,3.0695502803e-02,2.6784627381e-01,9.5573884222e-01,1.0000000000e+00,1.0000000000e+00
G107_G98_A,2,0,10,4.8828125000e-03,4.7769092558e-02,3.8705326409e-01,9.9251438707e-01,1.0000000000e+00,1.0000000000e+00
G122_G99_B,8,0,10,4.3945312500e-02,3.6199019709e-01,9.8882433136e-01,1.0000000000e+00,1.0000000000e+00,1.0000000000e+00
G107_G78_B,1,0,3,1.2500000000e-01,7.3692442384e-01,9.9999841217e-01,1.0000000000e+00,1.0000000000e+00,1.0000000000e+00
G29_G146_C,1,0,6,1.5625000000e-02,1.4570915024e-01,7.9295843252e-01,9.9999985526e-01,1.0000000000e+00,1.0000000000e+00
G26_G158_D,1,0,4,6.2500000000e-02,4.7553952495e-01,9.9842555447e-01,1.0000000000e+00,1.0000000000e+00,1.0000000000e+00
G19_G129_C,4,0,14,3.1127929688e-03,3.0695502803e-02,2.6784627381e-01,9.5573884222e-01,1.0000000000e+00,1.0000000000e+00
G28_G195_A,2,0,5,9.3750000000e-02,6.2633691437e-01,9.9994693576e-01,1.0000000000e+00,1.0000000000e+00,1.0000000000e+00
G123_G99_C,4,0,8,5.8593750000e-02,4.5327268444e-01,9.9761379514e-01,1.0000000000e+00,1.0000000000e+00,1.0000000000e+00
G107_G98_A,1,0,8,3.9062500000e-03,3.8382958384e-02,3.2388353489e-01,9.8003749113e-01,1.0000000000e+00,1.0000000000e+00
G116_G99_A,4,0,8,5.8593750000e-02,4.5327268444e-01,9.9761379514e-01,1.0000000000e+00,1.0000000000e+00,1.0000000000e+00
G26_G158_D,1,0,4,6.2500000000e-02,4.7553952495e-01,9.9842555447e-01,1.0000000000e+00,1.0000000000e+00,1.0000000000e+00
G28_G195_A,2,0,5,9.3750000000e-02,6.2633691437e-01,9.9994693576e-01,1.0000000000e+00,1.0000000000e+00,1.0000000000e+00
G123_G99_C,2,0,10,2.9296875000e-03,2.8913638971e-02,2.5427527147e-01,9.4681545513e-01,1.0000000000e+00,1.0000000000e+00
G116_G99_A,4,0,7,1.1718750000e-01,7.1246895791e-01,9.9999613769e-01,1.0000000000e+00,1.0000000000e+00,1.0000000000e+00
G108_G98_C,2,0,10,4.8828125000e-03,4.7769092558e-02,3.8705326409e-01,9.9251438707e-01,1.0000000000e+00,1.0000000000e+00
G108_G98_C,6,0,8,4.2968750000e-02,3.5544320593e-01,9.8762309934e-01,1.0000000000e+00,1.0000000000e+00,1.0000000000e+00
G10,1,0,2,2.5000000000e-01,9.4368648529e-01,1.0000000000e+00,1.0000000000e+00,1.0000000000e+00,1.0000000000e+00
G20,14,0,7,2.9687500000e-01,9.7046578732e-01,1.0000000000e+00,1.0000000000e+00,1.0000000000e+00,1.0000000000e+00
G11,3,0,2,2.5000000000e-01,9.4368648529e-01,1.0000000000e+00,1.0000000000e+00,1.0000000000e+00,1.0000000000e+00
G10,1,0,2,2.5000000000e-01,9.4368648529e-01,1.0000000000e+00,1.0000000000e+00,1.0000000000e+00,1.0000000000e+00
G20,34,0,7,2.9687500000e-01,9.7046578732e-01,1.0000000000e+00,1.0000000000e+00,1.0000000000e+00,1.0000000000e+00
G21,34,0,13,3.1201171875e-01,9.7624197100e-01,1.0000000000e+00,1.0000000000e+00,1.0000000000e+00,1.0000000000e+00
G12,36,0,13,3.5107421875e-01,9.8675810053e-01,1.0000000000e+00,1.0000000000e+00,1.0000000000e+00,1.0000000000e+00
G30,2,0,2,2.5000000000e-01,9.4368648529e-01,1.0000000000e+00,1.0000000000e+00,1.0000000000e+00,1.0000000000e+00
G11,3,0,2,2.5000000000e-01,9.4368648529e-01,1.0000000000e+00,1.0000000000e+00,1.0000000000e+00,1.0000000000e+00
G31,2,0,14,1.8310546875e-04,1.8295466814e-03,1.8145573491e-02,1.6733363113e-01,8.3978239332e-01,9.9999998885e-01
G40,2,0,14,1.0375976563e-03,1.0327662969e-02,9.8606728574e-02,6.4588598214e-01,9.9996899504e-01,1.0000000000e+00
G13,64,0,14,3.6572265625e-01,9.8946117998e-01,1.0000000000e+00,1.0000000000e+00,1.0000000000e+00,1.0000000000e+00
G21,35,0,13,3.1201171875e-01,9.7624197100e-01,1.0000000000e+00,1.0000000000e+00,1.0000000000e+00,1.0000000000e+00
G12,36,0,13,3.5107421875e-01,9.8675810053e-01,1.0000000000e+00,1.0000000000e+00,1.0000000000e+00,1.0000000000e+00
G30,2,0,2,2.5000000000e-01,9.4368648529e-01,1.0000000000e+00,1.0000000000e+00,1.0000000000e+00,1.0000000000e+00
G22,53,0,14,4.5947265625e-01,9.9787099498e-01,1.0000000000e+00,1.0000000000e+00,1.0000000000e+00,1.0000000000e+00
G32,4,0,14,3.1127929688e-03,3.0695502803e-02,2.6784627381e-01,9.5573884222e-01,1.0000000000e+00,1.0000000000e+00
G41,20,0,14,6.4331054688e-02,4.8569333130e-01,9.9870514375e-01,1.0000000000e+00,1.0000000000e+00,1.0000000000e+00
G31,8,0,14,2.7465820313e-03,2.7128827654e-02,2.4045528228e-01,9.3609520034e-01,1.0000000000e+00,1.0000000000e+00
G40,4,0,14,2.0751953125e-03,2.0559232042e-02,1.8757782289e-01,8.7473847332e-01,9.9999999905e-01,1.0000000000e+00
G50,14,0,10,2.3339843750e-01,9.2990339228e-01,1.0000000000e+00,1.0000000000e+00,1.0000000000e+00,1.0000000000e+00
G13,69,0,14,3.6572265625e-01,9.8946117998e-01,1.0000000000e+00,1.0000000000e+00,1.0000000000e+00,1.0000000000e+00
G14,3,0,2,2.5000000000e-01,9.4368648529e-01,1.0000000000e+00,1.0000000000e+00,1.0000000000e+00,1.0000000000e+00
G22,50,0,14,4.5947265625e-01,9.9787099498e-01,1.0000000000e+00,1.0000000000e+00,1.0000000000e+00,1.0000000000e+00
G23,1,0,1,5.0000000000e-01,9.9902343750e-01,1.0000000000e+00,1.0000000000e+00,1.0000000000e+00,1.0000000000e+00
G51,2,0,9,3.3203125000e-02,2.8656833764e-01,9.6583953327e-01,1.0000000000e+00,1.0000000000e+00,1.0000000000e+00
G32,8,0,14,2.7465820313e-03,2.7128827654e-02,2.4045528228e-01,9.3609520034e-01,1.0000000000e+00,1.0000000000e+00
G41,4,0,14,2.0751953125e-03,2.0559232042e-02,1.8757782289e-01,8.7473847332e-01,9.9999999905e-01,1.0000000000e+00
G42,4,0,5,2.1875000000e-01,9.1529670527e-01,9.9999999998e-01,1.0000000000e+00,1.0000000000e+00,1.0000000000e+00
G60,1,0,2,2.5000000000e-01,9.4368648529e-01,1.0000000000e+00,1.0000000000e+00,1.0000000000e+00,1.0000000000e+00
G33,4,0,14,3.1127929688e-03,3.0695502803e-02,2.6784627381e-01,9.5573884222e-01,1.0000000000e+00,1.0000000000e+00
G50,2,0,8,6.6406250000e-02,4.9698682958e-01,9.9896296464e-01,1.0000000000e+00,1.0000000000e+00,1.0000000000e+00
G24,1,0,1,5.0000000000e-01,9.9902343750e-01,1.0000000000e+00,1.0000000000e+00,1.0000000000e+00,1.0000000000e+00
G14,4,0,2,2.5000000000e-01,9.4368648529e-01,1.0000000000e+00,1.0000000000e+00,1.0000000000e+00,1.0000000000e+00
G23,1,0,1,5.0000000000e-01,9.9902343750e-01,1.0000000000e+00,1.0000000000e+00,1.0000000000e+00,1.0000000000e+00
G15,5,0,2,2.5000000000e-01,9.4368648529e-01,1.0000000000e+00,1.0000000000e+00,1.0000000000e+00,1.0000000000e+00
G51,12,0,9,4.4921875000e-01,9.9743083810e-01,1.0000000000e+00,1.0000000000e+00,1.0000000000e+00,1.0000000000e+00
G52,2,0,4,1.8750000000e-01,8.7461843207e-01,9.9999999904e-01,1.0000000000e+00,1.0000000000e+00,1.0000000000e+00
G34,4,0,12,3.6621093750e-03,3.6023452643e-02,3.0710938250e-01,9.7449373864e-01,1.0000000000e+00,1.0000000000e+00
G61,3,0,5,2.1875000000e-01,9.1529670527e-01,9.9999999998e-01,1.0000000000e+00,1.0000000000e+00,1.0000000000e+00
G70,10,0,14,9.3383789063e-03,8.9555693151e-02,6.0867837759e-01,9.9991579489e-01,1.0000000000e+00,1.0000000000e+00
G43,4,0,5,2.1875000000e-01,9.1529670527e-01,9.9999999998e-01,1.0000000000e+00,1.0000000000e+00,1.0000000000e+00
G42,1,0,5,3.1250000000e-02,2.7202384333e-01,9.5820045528e-01,1.0000000000e+00,1.0000000000e+00,1.0000000000e+00
G60,2,0,2,7.5000000000e-01,9.9999904633e-01,1.0000000000e+00,1.0000000000e+00,1.0000000000e+00,1.0000000000e+00
G33,2,0,14,1.0375976563e-03,1.0327662969e-02,9.8606728574e-02,6.4588598214e-01,9.9996899504e-01,1.0000000000e+00
G16,10,0,2,2.5000000000e-01,9.4368648529e-01,1.0000000000e+00,1.0000000000e+00,1.0000000000e+00,1.0000000000e+00
G24,1,0,1,5.0000000000e-01,9.9902343750e-01,1.0000000000e+00,1.0000000000e+00,1.0000000000e+00,1.0000000000e+00
G25,1,0,1,5.0000000000e-01,9.9902343750e-01,1.0000000000e+00,1.0000000000e+00,1.0000000000e+00,1.0000000000e+00
G15,5,0,2,2.5000000000e-01,9.4368648529e-01,1.0000000000e+00,1.0000000000e+00,1.0000000000e+00,1.0000000000e+00
G62,12,0,13,2.5000000000e-01,9.4368648529e-01,1.0000000000e+00,1.0000000000e+00,1.0000000000e+00,1.0000000000e+00
G52,12,0,9,4.4921875000e-01,9.9743083810e-01,1.0000000000e+00,1.0000000000e+00,1.0000000000e+00,1.0000000000e+00
G44,1,0,3,1.2500000000e-01,7.3692442384e-01,9.9999841217e-01,1.0000000000e+00,1.0000000000e+00,1.0000000000e+00
G34,2,0,12,4.1503906250e-03,4.0737265069e-02,3.4025556601e-01,9.8437725481e-01,1.0000000000e+00,1.0000000000e+00
G61,4,0,5,7.8125000000e-01,9.9999974911e-01,1.0000000000e+00,1.0000000000e+00,1.0000000000e+00,1.0000000000e+00
G71,8,0,14,2.7465820313e-03,2.7128827654e-02,2.4045528228e-01,9.3609520034e-01,1.0000000000e+00,1.0000000000e+00
G70,2,0,14,1.0375976563e-03,1.0327662969e-02,9.8606728574e-02,6.4588598214e-01,9.9996899504e-01,1.0000000000e+00
G43,1,0,5,3.1250000000e-02,2.7202384333e-01,9.5820045528e-01,1.0000000000e+00,1.0000000000e+00,1.0000000000e+00
G53,8,0,11,3.6621093750e-02,3.1139316443e-01,9.7602750179e-01,1.0000000000e+00,1.0000000000e+00,1.0000000000e+00
G35,2,0,14,1.8310546875e-04,1.8295466814e-03,1.8145573491e-02,1.6733363113e-01,8.3978239332e-01,9.9999998885e-01
G80,1,0,4,6.2500000000e-02,4.7553952495e-01,9.9842555447e-01,1.0000000000e+00,1.0000000000e+00,1.0000000000e+00
G16,6,0,2,2.5000000000e-01,9.4368648529e-01,1.0000000000e+00,1.0000000000e+00,1.0000000000e+00,1.0000000000e+00
G26,1,0,1,5.0000000000e-01,9.9902343750e-01,1.0000000000e+00,1.0000000000e+00,1.0000000000e+00,1.0000000000e+00
G25,1,0,1,5.0000000000e-01,9.9902343750e-01,1.0000000000e+00,1.0000000000e+00,1.0000000000e+00,1.0000000000e+00
G17,9,0,2,2.5000000000e-01,9.4368648529e-01,1.0000000000e+00,1.0000000000e+00,1.0000000000e+00,1.0000000000e+00
G62,13,0,13,7.5000000000e-01,9.9999904633e-01,1.0000000000e+00,1.0000000000e+00,1.0000000000e+00,1.0000000000e+00
G36,4,0,13,1.8310546875e-03,1.8160406953e-02,1.6745941847e-01,8.4002426273e-01,9.9999998902e-01,1.0000000000e+00
G44,10,0,7,4.8437500000e-01,9.9867156699e-01,1.0000000000e+00,1.0000000000e+00,1.0000000000e+00,1.0000000000e+00
G45,4,0,7,1.1718750000e-01,7.1246895791e-01,9.9999613769e-01,1.0000000000e+00,1.0000000000e+00,1.0000000000e+00
G71,4,0,14,3.1127929688e-03,3.0695502803e-02,2.6784627381e-01,9.5573884222e-01,1.0000000000e+00,1.0000000000e+00
G81,1,0,4,6.2500000000e-02,4.7553952495e-01,9.9842555447e-01,1.0000000000e+00,1.0000000000e+00,1.0000000000e+00
G54,2,0,10,1.6601562500e-02,1.5414652249e-01,8.1252153399e-01,9.9999994636e-01,1.0000000000e+00,1.0000000000e+00
G53,2,0,11,2.4414062500e-03,2.4147580389e-02,2.1685634640e-01,9.1322106246e-01,9.9999999998e-01,1.0000000000e+00
G35,8,0,14,2.7465820313e-03,2.7128827654e-02,2.4045528228e-01,9.3609520034e-01,1.0000000000e+00,1.0000000000e+00
G63,6,0,13,1.4526367188e-02,1.3612662605e-01,7.6852670962e-01,9.9999955842e-01,1.0000000000e+00,1.0000000000e+00
G90,4,0,5,2.1875000000e-01,9.1529670527e-01,9.9999999998e-01,1.0000000000e+00,1.0000000000e+00,1.0000000000e+00
G72,17,0,2,2.5000000000e-01,9.4368648529e-01,1.0000000000e+00,1.0000000000e+00,1.0000000000e+00,1.0000000000e+00
G80,3,0,4,2.5000000000e-01,9.4368648529e-01,1.0000000000e+00,1.0000000000e+00,1.0000000000e+00,1.0000000000e+00
G26,1,0,1,5.0000000000e-01,9.9902343750e-01,1.0000000000e+00,1.0000000000e+00,1.0000000000e+00,1.0000000000e+00
G27,1,0,1,5.0000000000e-01,9.9902343750e-01,1.0000000000e+00,1.0000000000e+00,1.0000000000e+00,1.0000000000e+00
G17,14,0,2,2.5000000000e-01,9.4368648529e-01,1.0000000000e+00,1.0000000000e+00,1.0000000000e+00,1.0000000000e+00
G18,15,0,8,3.7500000000e-01,9.9090505298e-01,1.0000000000e+00,1.0000000000e+00,1.0000000000e+00,1.0000000000e+00
G73,4,0,14,2.0751953125e-03,2.0559232042e-02,1.8757782289e-01,8.7473847332e-01,9.9999999905e-01,1.0000000000e+00
G36,2,0,13,2.0751953125e-03,2.0559232042e-02,1.8757782289e-01,8.7473847332e-01,9.9999999905e-01,1.0000000000e+00
G45,10,0,7,4.8437500000e-01,9.9867156699e-01,1.0000000000e+00,1.0000000000e+00,1.0000000000e+00,1.0000000000e+00
G81,3,0,4,2.5000000000e-01,9.4368648529e-01,1.0000000000e+00,1.0000000000e+00,1.0000000000e+00,1.0000000000e+00
G82,1,0,4,6.2500000000e-02,4.7553952495e-01,9.9842555447e-01,1.0000000000e+00,1.0000000000e+00,1.0000000000e+00
G91,1,0,7,7.8125000000e-03,7.5434863403e-02,5.4356900259e-01,9.9960757984e-01,1.0000000000e+00,1.0000000000e+00
G46,1,0,9,1.9531250000e-03,1.9360479644e-02,1.7757952141e-01,8.5844045473e-01,9.9999999677e-01,1.0000000000e+00
G37,4,0,14,2.0751953125e-03,2.0559232042e-02,1.8757782289e-01,8.7473847332e-01,9.9999999905e-01,1.0000000000e+00
G55,2,0,10,1.6601562500e-02,1.5414652249e-01,8.1252153399e-01,9.9999994636e-01,1.0000000000e+00,1.0000000000e+00
G54,12,0,10,3.3203125000e-02,2.8656833764e-01,9.6583953327e-01,1.0000000000e+00,1.0000000000e+00,1.0000000000e+00
G64,8,0,13,1.6601562500e-02,1.5414652249e-01,8.1252153399e-01,9.9999994636e-01,1.0000000000e+00,1.0000000000e+00
G63,2,0,13,2.0751953125e-03,2.0559232042e-02,1.8757782289e-01,8.7473847332e-01,9.9999999905e-01,1.0000000000e+00
G90,3,0,5,2.1875000000e-01,9.1529670527e-01,9.9999999998e-01,1.0000000000e+00,1.0000000000e+00,1.0000000000e+00
G72,15,0,2,2.5000000000e-01,9.4368648529e-01,1.0000000000e+00,1.0000000000e+00,1.0000000000e+00,1.0000000000e+00
G27,1,0,1,5.0000000000e-01,9.9902343750e-01,1.0000000000e+00,1.0000000000e+00,1.0000000000e+00,1.0000000000e+00
G19,20,0,2,2.5000000000e-01,9.4368648529e-01,1.0000000000e+00,1.0000000000e+00,1.0000000000e+00,1.0000000000e+00
G28,1,0,1,5.0000000000e-01,9.9902343750e-01,1.0000000000e+00,1.0000000000e+00,1.0000000000e+00,1.0000000000e+00
G18,24,0,8,3.7500000000e-01,9.9090505298e-01,1.0000000000e+00,1.0000000000e+00,1.0000000000e+00,1.0000000000e+00
G73,11,0,14,2.4792480469e-01,9.4210878671e-01,1.0000000000e+00,1.0000000000e+00,1.0000000000e+00,1.0000000000e+00
G74,16,0,14,7.5103759766e-01,9.9999908518e-01,1.0000000000e+00,1.0000000000e+00,1.0000000000e+00,1.0000000000e+00
G38,8,0,14,1.8310546875e-03,1.8160406953e-02,1.6745941847e-01,8.4002426273e-01,9.9999998902e-01,1.0000000000e+00
G92,1,0,7,7.8125000000e-03,7.5434863403e-02,5.4356900259e-01,9.9960757984e-01,1.0000000000e+00,1.0000000000e+00
G82,3,0,4,2.5000000000e-01,9.4368648529e-01,1.0000000000e+00,1.0000000000e+00,1.0000000000e+00,1.0000000000e+00
G91,3,0,7,3.1250000000e-02,2.7202384333e-01,9.5820045528e-01,1.0000000000e+00,1.0000000000e+00,1.0000000000e+00
G47,1,0,9,1.9531250000e-03,1.9360479644e-02,1.7757952141e-01,8.5844045473e-01,9.9999999677e-01,1.0000000000e+00
G46,2,0,10,4.8828125000e-03,4.7769092558e-02,3.8705326409e-01,9.9251438707e-01,1.0000000000e+00,1.0000000000e+00
G56,2,0,10,1.6601562500e-02,1.5414652249e-01,8.1252153399e-01,9.9999994636e-01,1.0000000000e+00,1.0000000000e+00
G37,8,0,14,6.2255859375e-03,6.0540394742e-02,4.6447332149e-01,9.9805995809e-01,1.0000000000e+00,1.0000000000e+00
G55,12,0,10,3.3203125000e-02,2.8656833764e-01,9.6583953327e-01,1.0000000000e+00,1.0000000000e+00,1.0000000000e+00
G64,2,0,13,2.0751953125e-03,2.0559232042e-02,1.8757782289e-01,8.7473847332e-01,9.9999999905e-01,1.0000000000e+00
G83,3,0,5,2.1875000000e-01,9.1529670527e-01,9.9999999998e-01,1.0000000000e+00,1.0000000000e+00,1.0000000000e+00
G65,12,0,2,2.5000000000e-01,9.4368648529e-01,1.0000000000e+00,1.0000000000e+00,1.0000000000e+00,1.0000000000e+00
G19,28,0,2,2.5000000000e-01,9.4368648529e-01,1.0000000000e+00,1.0000000000e+00,1.0000000000e+00,1.0000000000e+00
G28,1,0,1,5.0000000000e-01,9.9902343750e-01,1.0000000000e+00,1.0000000000e+00,1.0000000000e+00,1.0000000000e+00
G29,4,0,7,2.6562500000e-01,9.5437752525e-01,1.0000000000e+00,1.0000000000e+00,1.0000000000e+00,1.0000000000e+00
G75,16,0,14,7.5103759766e-01,9.9999908518e-01,1.0000000000e+00,1.0000000000e+00,1.0000000000e+00,1.0000000000e+00
G84,4,0,5,2.1875000000e-01,9.1529670527e-01,9.9999999998e-01,1.0000000000e+00,1.0000000000e+00,1.0000000000e+00
G66,2,0,13,2.0751953125e-03,2.0559232042e-02,1.8757782289e-01,8.7473847332e-01,9.9999999905e-01,1.0000000000e+00
G74,2,0,14,1.0375976563e-03,1.0327662969e-02,9.8606728574e-02,6.4588598214e-01,9.9996899504e-01,1.0000000000e+00
G93,4,0,7,1.1718750000e-01,7.1246895791e-01,9.9999613769e-01,1.0000000000e+00,1.0000000000e+00,1.0000000000e+00
G38,4,0,14,2.0751953125e-03,2.0559232042e-02,1.8757782289e-01,8.7473847332e-01,9.9999999905e-01,1.0000000000e+00
G57,2,0,10,1.6601562500e-02,1.5414652249e-01,8.1252153399e-01,9.9999994636e-01,1.0000000000e+00,1.0000000000e+00
G92,6,0,7,2.5000000000e-01,9.4368648529e-01,1.0000000000e+00,1.0000000000e+00,1.0000000000e+00,1.0000000000e+00
G47,2,0,10,4.8828125000e-03,4.7769092558e-02,3.8705326409e-01,9.9251438707e-01,1.0000000000e+00,1.0000000000e+00
G56,12,0,10,3.3203125000e-02,2.8656833764e-01,9.6583953327e-01,1.0000000000e+00,1.0000000000e+00,1.0000000000e+00
G48,11,0,10,2.3339843750e-01,9.2990339228e-01,1.0000000000e+00,1.0000000000e+00,1.0000000000e+00,1.0000000000e+00
G39,2,0,14,1.0375976563e-03,1.0327662969e-02,9.8606728574e-02,6.4588598214e-01,9.9996899504e-01,1.0000000000e+00
G83,5,0,5,2.1875000000e-01,9.1529670527e-01,9.9999999998e-01,1.0000000000e+00,1.0000000000e+00,1.0000000000e+00
G65,12,0,2,2.5000000000e-01,9.4368648529e-01,1.0000000000e+00,1.0000000000e+00,1.0000000000e+00,1.0000000000e+00
G29,4,0,7,2.6562500000e-01,9.5437752525e-01,1.0000000000e+00,1.0000000000e+00,1.0000000000e+00,1.0000000000e+00
G75,11,0,14,2.4792480469e-01,9.4210878671e-01,1.0000000000e+00,1.0000000000e+00,1.0000000000e+00,1.0000000000e+00
G67,13,0,13,7.5000000000e-01,9.9999904633e-01,1.0000000000e+00,1.0000000000e+00,1.0000000000e+00,1.0000000000e+00
G84,6,0,5,7.8125000000e-01,9.9999974911e-01,1.0000000000e+00,1.0000000000e+00,1.0000000000e+00,1.0000000000e+00
G66,10,0,13,2.4792480469e-01,9.4210878671e-01,1.0000000000e+00,1.0000000000e+00,1.0000000000e+00,1.0000000000e+00
G58,7,0,10,2.0214843750e-01,8.9547480199e-01,9.9999999984e-01,1.0000000000e+00,1.0000000000e+00,1.0000000000e+00
G93,6,0,7,2.5000000000e-01,9.4368648529e-01,1.0000000000e+00,1.0000000000e+00,1.0000000000e+00,1.0000000000e+00
G57,15,0,10,4.3261718750e-01,9.9654250343e-01,1.0000000000e+00,1.0000000000e+00,1.0000000000e+00,1.0000000000e+00
G76,1,0,5,3.1250000000e-02,2.7202384333e-01,9.5820045528e-01,1.0000000000e+00,1.0000000000e+00,1.0000000000e+00
G49,12,0,10,2.3339843750e-01,9.2990339228e-01,1.0000000000e+00,1.0000000000e+00,1.0000000000e+00,1.0000000000e+00
G48,4,0,10,1.4648437500e-02,1.3719610703e-01,7.7137645229e-01,9.9999960987e-01,1.0000000000e+00,1.0000000000e+00
G39,4,0,14,2.0751953125e-03,2.0559232042e-02,1.8757782289e-01,8.7473847332e-01,9.9999999905e-01,1.0000000000e+00
G94,6,0,2,2.5000000000e-01,9.4368648529e-01,1.0000000000e+00,1.0000000000e+00,1.0000000000e+00,1.0000000000e+00
G85,5,0,7,2.2656250000e-01,9.2339585856e-01,9.9999999999e-01,1.0000000000e+00,1.0000000000e+00,1.0000000000e+00
G68,13,0,13,7.5000000000e-01,9.9999904633e-01,1.0000000000e+00,1.0000000000e+00,1.0000000000e+00,1.0000000000e+00
G95,10,0,7,4.8437500000e-01,9.9867156699e-01,1.0000000000e+00,1.0000000000e+00,1.0000000000e+00,1.0000000000e+00
G67,2,0,13,2.0751953125e-03,2.0559232042e-02,1.8757782289e-01,8.7473847332e-01,9.9999999905e-01,1.0000000000e+00
G58,15,0,10,4.3261718750e-01,9.9654250343e-01,1.0000000000e+00,1.0000000000e+00,1.0000000000e+00,1.0000000000e+00
G76,3,0,5,2.1875000000e-01,9.1529670527e-01,9.9999999998e-01,1.0000000000e+00,1.0000000000e+00,1.0000000000e+00
G59,27,0,11,4.8632812500e-01,9.9872103731e-01,1.0000000000e+00,1.0000000000e+00,1.0000000000e+00,1.0000000000e+00
G49,8,0,10,4.3945312500e-02,3.6199019709e-01,9.8882433136e-01,1.0000000000e+00,1.0000000000e+00,1.0000000000e+00
G94,10,0,2,2.5000000000e-01,9.4368648529e-01,1.0000000000e+00,1.0000000000e+00,1.0000000000e+00,1.0000000000e+00
G85,5,0,7,2.2656250000e-01,9.2339585856e-01,9.9999999999e-01,1.0000000000e+00,1.0000000000e+00,1.0000000000e+00
G77,2,0,5,9.3750000000e-02,6.2633691437e-01,9.9994693576e-01,1.0000000000e+00,1.0000000000e+00,1.0000000000e+00
G86,3,0,5,1.8750000000e-01,8.7461843207e-01,9.9999999904e-01,1.0000000000e+00,1.0000000000e+00,1.0000000000e+00
G69,13,0,14,2.4896240234e-01,9.4290254020e-01,1.0000000000e+00,1.0000000000e+00,1.0000000000e+00,1.0000000000e+00
G68,10,0,13,2.4792480469e-01,9.4210878671e-01,1.0000000000e+00,1.0000000000e+00,1.0000000000e+00,1.0000000000e+00
G96,10,0,10,2.3339843750e-01,9.2990339228e-01,1.0000000000e+00,1.0000000000e+00,1.0000000000e+00,1.0000000000e+00
G95,6,0,7,2.5000000000e-01,9.4368648529e-01,1.0000000000e+00,1.0000000000e+00,1.0000000000e+00,1.0000000000e+00
G78,1,0,3,1.2500000000e-01,7.3692442384e-01,9.9999841217e-01,1.0000000000e+00,1.0000000000e+00,1.0000000000e+00
G87,3,0,5,1.8750000000e-01,8.7461843207e-01,9.9999999904e-01,1.0000000000e+00,1.0000000000e+00,1.0000000000e+00
G59,27,0,11,4.8632812500e-01,9.9872103731e-01,1.0000000000e+00,1.0000000000e+00,1.0000000000e+00,1.0000000000e+00
G77,3,0,5,2.1875000000e-01,9.1529670527e-01,9.9999999998e-01,1.0000000000e+00,1.0000000000e+00,1.0000000000e+00
G86,1,0,5,3.1250000000e-02,2.7202384333e-01,9.5820045528e-01,1.0000000000e+00,1.0000000000e+00,1.0000000000e+00
G69,16,0,14,7.5103759766e-01,9.9999908518e-01,1.0000000000e+00,1.0000000000e+00,1.0000000000e+00,1.0000000000e+00
G96,10,0,10,7.6660156250e-01,9.9999952029e-01,1.0000000000e+00,1.0000000000e+00,1.0000000000e+00,1.0000000000e+00
G88,4,0,5,3.4375000000e-01,9.8518528967e-01,1.0000000000e+00,1.0000000000e+00,1.0000000000e+00,1.0000000000e+00
G79,3,0,4,2.5000000000e-01,9.4368648529e-01,1.0000000000e+00,1.0000000000e+00,1.0000000000e+00,1.0000000000e+00
G97,2,0,10,4.8828125000e-03,4.7769092558e-02,3.8705326409e-01,9.9251438707e-01,1.0000000000e+00,1.0000000000e+00
G78,3,0,5,2.1875000000e-01,9.1529670527e-01,9.9999999998e-01,1.0000000000e+00,1.0000000000e+00,1.0000000000e+00
G87,4,0,5,2.1875000000e-01,9.1529670527e-01,9.9999999998e-01,1.0000000000e+00,1.0000000000e+00,1.0000000000e+00
G89,6,0,7,2.5000000000e-01,9.4368648529e-01,1.0000000000e+00,1.0000000000e+00,1.0000000000e+00,1.0000000000e+00
G98,2,0,10,4.8828125000e-03,4.7769092558e-02,3.8705326409e-01,9.9251438707e-01,1.0000000000e+00,1.0000000000e+00
G88,4,0,5,2.1875000000e-01,9.1529670527e-01,9.9999999998e-01,1.0000000000e+00,1.0000000000e+00,1.0000000000e+00
G79,4,0,4,7.5000000000e-01,9.9999904633e-01,1.0000000000e+00,1.0000000000e+00,1.0000000000e+00,1.0000000000e+00
G97,2,0,9,5.8593750000e-03,5.7072691692e-02,4.4437454227e-01,9.9719572009e-01,1.0000000000e+00,1.0000000000e+00
G89,7,0,7,7.5000000000e-01,9.9999904633e-01,1.0000000000e+00,1.0000000000e+00,1.0000000000e+00,1.0000000000e+00
G98,11,0,10,2.3339843750e-01,9.2990339228e-01,1.0000000000e+00,1.0000000000e+00,1.0000000000e+00,1.0000000000e+00
G99,4,0,8,5.8593750000e-02,4.5327268444e-01,9.9761379514e-01,1.0000000000e+00,1.0000000000e+00,1.0000000000e+00
G99,11,0,10,2.3339843750e-01,9.2990339228e-01,1.0000000000e+00,1.0000000000e+00,1.0000000000e+00,1.0000000000e+00
G112_G110_A,4,0,10,1.4648437500e-02,1.3719610703e-01,7.7137645229e-01,9.9999960987e-01,1.0000000000e+00,1.0000000000e+00
G112_G110_A,5,0,7,1.1718750000e-01,7.1246895791e-01,9.9999613769e-01,1.0000000000e+00,1.0000000000e+00,1.0000000000e+00
G211_G200_C,2,0,3,2.5000000000e-01,9.4368648529e-01,1.0000000000e+00,1.0000000000e+00,1.0000000000e+00,1.0000000000e+00
G212_G210_A,1,0,3,1.2500000000e-01,7.3692442384e-01,9.9999841217e-01,1.0000000000e+00,1.0000000000e+00,1.0000000000e+00
G122_G110_B,4,0,10,1.4648437500e-02,1.3719610703e-01,7.7137645229e-01,9.9999960987e-01,1.0000000000e+00,1.0000000000e+00
G211_G200_C,2,0,3,2.5000000000e-01,9.4368648529e-01,1.0000000000e+00,1.0000000000e+00,1.0000000000e+00,1.0000000000e+00
G212_G210_A,1,0,3,1.2500000000e-01,7.3692442384e-01,9.9999841217e-01,1.0000000000e+00,1.0000000000e+00,1.0000000000e+00
G104_G103_A,4,0,9,2.9296875000e-02,2.5721302854e-01,9.4887388698e-01,1.0000000000e+00,1.0000000000e+00,1.0000000000e+00
G122_G110_B,4,0,10,1.4648437500e-02,1.3719610703e-01,7.7137645229e-01,9.9999960987e-01,1.0000000000e+00,1.0000000000e+00
G122_G120_B,4,0,11,7.3242187500e-03,7.0874748554e-02,5.2055076123e-01,9.9935816066e-01,1.0000000000e+00,1.0000000000e+00
G113_G111_C,8,0,10,2.9296875000e-02,2.5721302854e-01,9.4887388698e-01,1.0000000000e+00,1.0000000000e+00,1.0000000000e+00
G123_G110_C,4,0,10,1.4648437500e-02,1.3719610703e-01,7.7137645229e-01,9.9999960987e-01,1.0000000000e+00,1.0000000000e+00
G205_G201_A,1,0,3,1.2500000000e-01,7.3692442384e-01,9.9999841217e-01,1.0000000000e+00,1.0000000000e+00,1.0000000000e+00
G122_G103_B,4,0,9,2.9296875000e-02,2.5721302854e-01,9.4887388698e-01,1.0000000000e+00,1.0000000000e+00,1.0000000000e+00
G104_G103_A,9,0,7,1.1718750000e-01,7.1246895791e-01,9.9999613769e-01,1.0000000000e+00,1.0000000000e+00,1.0000000000e+00
G122_G120_B,4,0,11,7.3242187500e-03,7.0874748554e-02,5.2055076123e-01,9.9935816066e-01,1.0000000000e+00,1.0000000000e+00
G124_G120_A,4,0,11,7.3242187500e-03,7.0874748554e-02,5.2055076123e-01,9.9935816066e-01,1.0000000000e+00,1.0000000000e+00
G113_G111_C,3,0,6,4.6875000000e-02,3.8127365236e-01,9.9177783661e-01,1.0000000000e+00,1.0000000000e+00,1.0000000000e+00
G123_G120_C,4,0,11,7.3242187500e-03,7.0874748554e-02,5.2055076123e-01,9.9935816066e-01,1.0000000000e+00,1.0000000000e+00
G123_G110_C,1,0,10,9.7656250000e-04,9.7228212237e-03,9.3082656509e-02,6.2357620194e-01,9.9994288230e-01,1.0000000000e+00
G205_G201_A,1,0,3,1.2500000000e-01,7.3692442384e-01,9.9999841217e-01,1.0000000000e+00,1.0000000000e+00,1.0000000000e+00
G211_G133_A,4,0,14,3.1127929688e-03,3.0695502803e-02,2.6784627381e-01,9.5573884222e-01,1.0000000000e+00,1.0000000000e+00
G122_G103_B,4,0,9,2.9296875000e-02,2.5721302854e-01,9.4887388698e-01,1.0000000000e+00,1.0000000000e+00,1.0000000000e+00
G124_G120_A,4,0,7,1.1718750000e-01,7.1246895791e-01,9.9999613769e-01,1.0000000000e+00,1.0000000000e+00,1.0000000000e+00
G124_G121_A,8,0,11,1.2451171875e-01,7.3545267615e-01,9.9999832107e-01,1.0000000000e+00,1.0000000000e+00,1.0000000000e+00
G10_G60_A,1,0,2,2.5000000000e-01,9.4368648529e-01,1.0000000000e+00,1.0000000000e+00,1.0000000000e+00,1.0000000000e+00
G12_G40_A,2,0,14,1.0375976563e-03,1.0327662969e-02,9.8606728574e-02,6.4588598214e-01,9.9996899504e-01,1.0000000000e+00
G123_G120_C,1,0,11,4.8828125000e-04,4.8720976218e-03,4.7666556569e-02,3.8639292465e-01,9.9243335102e-01,1.0000000000e+00
G123_G103_C,4,0,9,2.9296875000e-02,2.5721302854e-01,9.4887388698e-01,1.0000000000e+00,1.0000000000e+00,1.0000000000e+00
G211_G133_A,4,0,14,3.1127929688e-03,3.0695502803e-02,2.6784627381e-01,9.5573884222e-01,1.0000000000e+00,1.0000000000e+00
G124_G121_A,4,0,6,2.3437500000e-01,9.3079124123e-01,1.0000000000e+00,1.0000000000e+00,1.0000000000e+00,1.0000000000e+00
II340,1,0,1,5.0000000000e-01,9.9902343750e-01,1.0000000000e+00,1.0000000000e+00,1.0000000000e+00,1.0000000000e+00
G10_G60_A,1,0,2,2.5000000000e-01,9.4368648529e-01,1.0000000000e+00,1.0000000000e+00,1.0000000000e+00,1.0000000000e+00
G12_G40_A,2,0,14,1.0375976563e-03,1.0327662969e-02,9.8606728574e-02,6.4588598214e-01,9.9996899504e-01,1.0000000000e+00
G30_G32_A,8,0,14,2.7465820313e-03,2.7128827654e-02,2.4045528228e-01,9.3609520034e-01,1.0000000000e+00,1.0000000000e+00
G11_G31_C,2,0,14,1.8310546875e-04,1.8295466814e-03,1.8145573491e-02,1.6733363113e-01,8.3978239332e-01,9.9999998885e-01
G125_G121_B,8,0,11,1.2451171875e-01,7.3545267615e-01,9.9999832107e-01,1.0000000000e+00,1.0000000000e+00,1.0000000000e+00
G123_G103_C,1,0,9,1.9531250000e-03,1.9360479644e-02,1.7757952141e-01,8.5844045473e-01,9.9999999677e-01,1.0000000000e+00
G131_G134_A,9,0,12,2.4584960938e-01,9.4049141779e-01,1.0000000000e+00,1.0000000000e+00,1.0000000000e+00,1.0000000000e+00
G205_G204_A,1,0,3,1.2500000000e-01,7.3692442384e-01,9.9999841217e-01,1.0000000000e+00,1.0000000000e+00,1.0000000000e+00
G140_G143_A,1,0,6,1.5625000000e-02,1.4570915024e-01,7.9295843252e-01,9.9999985526e-01,1.0000000000e+00,1.0000000000e+00
G211_G134_B,9,0,12,2.4584960938e-01,9.4049141779e-01,1.0000000000e+00,1.0000000000e+00,1.0000000000e+00,1.0000000000e+00
II340,1,0,1,5.0000000000e-01,9.9902343750e-01,1.0000000000e+00,1.0000000000e+00,1.0000000000e+00,1.0000000000e+00
G10_G80_A,1,0,4,6.2500000000e-02,4.7553952495e-01,9.9842555447e-01,1.0000000000e+00,1.0000000000e+00,1.0000000000e+00
G10_G35_A,2,0,14,1.8310546875e-04,1.8295466814e-03,1.8145573491e-02,1.6733363113e-01,8.3978239332e-01,9.9999998885e-01
G30_G32_A,8,0,14,2.7465820313e-03,2.7128827654e-02,2.4045528228e-01,9.3609520034e-01,1.0000000000e+00,1.0000000000e+00
G11_G31_C,2,0,14,1.8310546875e-04,1.8295466814e-03,1.8145573491e-02,1.6733363113e-01,8.3978239332e-01,9.9999998885e-01
G125_G121_B,2,0,11,8.3007812500e-03,7.9974825559e-02,5.6549266715e-01,9.9976013267e-01,1.0000000000e+00,1.0000000000e+00
G131_G134_A,9,0,12,2.4584960938e-01,9.4049141779e-01,1.0000000000e+00,1.0000000000e+00,1.0000000000e+00,1.0000000000e+00
G211_G206_C,2,0,3,2.5000000000e-01,9.4368648529e-01,1.0000000000e+00,1.0000000000e+00,1.0000000000e+00,1.0000000000e+00
G205_G204_A,1,0,3,1.2500000000e-01,7.3692442384e-01,9.9999841217e-01,1.0000000000e+00,1.0000000000e+00,1.0000000000e+00
G212_G207_A,1,0,3,1.2500000000e-01,7.3692442384e-01,9.9999841217e-01,1.0000000000e+00,1.0000000000e+00,1.0000000000e+00
G140_G143_A,1,0,6,1.5625000000e-02,1.4570915024e-01,7.9295843252e-01,9.9999985526e-01,1.0000000000e+00,1.0000000000e+00
G124_G132_B,2,0,12,4.1503906250e-03,4.0737265069e-02,3.4025556601e-01,9.8437725481e-01,1.0000000000e+00,1.0000000000e+00
G211_G134_B,9,0,12,2.4584960938e-01,9.4049141779e-01,1.0000000000e+00,1.0000000000e+00,1.0000000000e+00,1.0000000000e+00
G112_G117_B,2,0,11,8.3007812500e-03,7.9974825559e-02,5.6549266715e-01,9.9976013267e-01,1.0000000000e+00,1.0000000000e+00
G104_G125_B,5,0,12,1.2451171875e-02,1.1776195956e-01,7.1433449703e-01,9.9999638109e-01,1.0000000000e+00,1.0000000000e+00
II351,2,0,2,2.5000000000e-01,9.4368648529e-01,1.0000000000e+00,1.0000000000e+00,1.0000000000e+00,1.0000000000e+00
G10_G80_A,1,0,4,6.2500000000e-02,4.7553952495e-01,9.9842555447e-01,1.0000000000e+00,1.0000000000e+00,1.0000000000e+00
G10_G35_A,2,0,14,1.8310546875e-04,1.8295466814e-03,1.8145573491e-02,1.6733363113e-01,8.3978239332e-01,9.9999998885e-01
G11_G43_B,1,0,5,3.1250000000e-02,2.7202384333e-01,9.5820045528e-01,1.0000000000e+00,1.0000000000e+00,1.0000000000e+00
G12_G33_B,2,0,14,1.0375976563e-03,1.0327662969e-02,9.8606728574e-02,6.4588598214e-01,9.9996899504e-01,1.0000000000e+00
G14_G31_B,2,0,14,1.8310546875e-04,1.8295466814e-03,1.8145573491e-02,1.6733363113e-01,8.3978239332e-01,9.9999998885e-01
G211_G206_C,2,0,3,2.5000000000e-01,9.4368648529e-01,1.0000000000e+00,1.0000000000e+00,1.0000000000e+00,1.0000000000e+00
G212_G207_A,1,0,3,1.2500000000e-01,7.3692442384e-01,9.9999841217e-01,1.0000000000e+00,1.0000000000e+00,1.0000000000e+00
G124_G132_B,2,0,12,4.1503906250e-03,4.0737265069e-02,3.4025556601e-01,9.8437725481e-01,1.0000000000e+00,1.0000000000e+00
G112_G117_B,2,0,11,8.3007812500e-03,7.9974825559e-02,5.6549266715e-01,9.9976013267e-01,1.0000000000e+00,1.0000000000e+00
G104_G125_B,6,0,12,1.2451171875e-02,1.1776195956e-01,7.1433449703e-01,9.9999638109e-01,1.0000000000e+00,1.0000000000e+00
II343,1,0,1,5.0000000000e-01,9.9902343750e-01,1.0000000000e+00,1.0000000000e+00,1.0000000000e+00,1.0000000000e+00
II351,2,0,2,2.5000000000e-01,9.4368648529e-01,1.0000000000e+00,1.0000000000e+00,1.0000000000e+00,1.0000000000e+00
G11_G80_B,1,0,4,6.2500000000e-02,4.7553952495e-01,9.9842555447e-01,1.0000000000e+00,1.0000000000e+00,1.0000000000e+00
G12_G70_B,2,0,14,1.0375976563e-03,1.0327662969e-02,9.8606728574e-02,6.4588598214e-01,9.9996899504e-01,1.0000000000e+00
G11_G53_B,2,0,11,2.4414062500e-03,2.4147580389e-02,2.1685634640e-01,9.1322106246e-01,9.9999999998e-01,1.0000000000e+00
G11_G43_B,1,0,5,3.1250000000e-02,2.7202384333e-01,9.5820045528e-01,1.0000000000e+00,1.0000000000e+00,1.0000000000e+00
G12_G33_B,2,0,14,1.0375976563e-03,1.0327662969e-02,9.8606728574e-02,6.4588598214e-01,9.9996899504e-01,1.0000000000e+00
G14_G31_B,2,0,14,1.8310546875e-04,1.8295466814e-03,1.8145573491e-02,1.6733363113e-01,8.3978239332e-01,9.9999998885e-01
G118_G102_D,2,0,9,3.3203125000e-02,2.8656833764e-01,9.6583953327e-01,1.0000000000e+00,1.0000000000e+00,1.0000000000e+00
G125_G132_C,8,0,12,6.2255859375e-02,4.7417214083e-01,9.9838402023e-01,1.0000000000e+00,1.0000000000e+00,1.0000000000e+00
G122_G118_B,8,0,11,3.6621093750e-02,3.1139316443e-01,9.7602750179e-01,1.0000000000e+00,1.0000000000e+00,1.0000000000e+00
G107_G123_C,8,0,14,1.4465332031e-02,1.3559143827e-01,7.6708867931e-01,9.9999953021e-01,1.0000000000e+00,1.0000000000e+00
G141_G143_C,1,0,6,1.5625000000e-02,1.4570915024e-01,7.9295843252e-01,9.9999985526e-01,1.0000000000e+00,1.0000000000e+00
G140_G146_A,1,0,6,1.5625000000e-02,1.4570915024e-01,7.9295843252e-01,9.9999985526e-01,1.0000000000e+00,1.0000000000e+00
G124_G117_A,2,0,11,8.3007812500e-03,7.9974825559e-02,5.6549266715e-01,9.9976013267e-01,1.0000000000e+00,1.0000000000e+00
II343,1,0,1,5.0000000000e-01,9.9902343750e-01,1.0000000000e+00,1.0000000000e+00,1.0000000000e+00,1.0000000000e+00
G21_G70_C,2,0,14,1.0375976563e-03,1.0327662969e-02,9.8606728574e-02,6.4588598214e-01,9.9996899504e-01,1.0000000000e+00
II362,2,0,2,2.5000000000e-01,9.4368648529e-01,1.0000000000e+00,1.0000000000e+00,1.0000000000e+00,1.0000000000e+00
G11_G80_B,1,0,4,6.2500000000e-02,4.7553952495e-01,9.9842555447e-01,1.0000000000e+00,1.0000000000e+00,1.0000000000e+00
G10_G83_A,5,0,5,2.1875000000e-01,9.1529670527e-01,9.9999999998e-01,1.0000000000e+00,1.0000000000e+00,1.0000000000e+00
G12_G70_B,2,0,14,1.0375976563e-03,1.0327662969e-02,9.8606728574e-02,6.4588598214e-01,9.9996899504e-01,1.0000000000e+00
G20_G70_D,2,0,14,1.0375976563e-03,1.0327662969e-02,9.8606728574e-02,6.4588598214e-01,9.9996899504e-01,1.0000000000e+00
G30_G71_B,8,0,14,2.7465820313e-03,2.7128827654e-02,2.4045528228e-01,9.3609520034e-01,1.0000000000e+00,1.0000000000e+00
G11_G53_B,2,0,11,2.4414062500e-03,2.4147580389e-02,2.1685634640e-01,9.1322106246e-01,9.9999999998e-01,1.0000000000e+00
G16_G50_A,5,0,10,4.9804687500e-02,4.0003096542e-01,9.9395650228e-01,1.0000000000e+00,1.0000000000e+00,1.0000000000e+00
G118_G102_D,4,0,9,2.9296875000e-02,2.5721302854e-01,9.4887388698e-01,1.0000000000e+00,1.0000000000e+00,1.0000000000e+00
G125_G132_C,2,0,12,4.1503906250e-03,4.0737265069e-02,3.4025556601e-01,9.8437725481e-01,1.0000000000e+00,1.0000000000e+00
G211_G137_C,6,0,7,2.5000000000e-01,9.4368648529e-01,1.0000000000e+00,1.0000000000e+00,1.0000000000e+00,1.0000000000e+00
G122_G118_B,8,0,11,3.6621093750e-02,3.1139316443e-01,9.7602750179e-01,1.0000000000e+00,1.0000000000e+00,1.0000000000e+00
G107_G123_C,4,0,10,1.4648437500e-02,1.3719610703e-01,7.7137645229e-01,9.9999960987e-01,1.0000000000e+00,1.0000000000e+00
G131_G129_A,4,0,14,3.1127929688e-03,3.0695502803e-02,2.6784627381e-01,9.5573884222e-01,1.0000000000e+00,1.0000000000e+00
G141_G143_C,1,0,6,1.5625000000e-02,1.4570915024e-01,7.9295843252e-01,9.9999985526e-01,1.0000000000e+00,1.0000000000e+00
G140_G146_A,2,0,6,1.5625000000e-02,1.4570915024e-01,7.9295843252e-01,9.9999985526e-01,1.0000000000e+00,1.0000000000e+00
G124_G117_A,2,0,11,8.3007812500e-03,7.9974825559e-02,5.6549266715e-01,9.9976013267e-01,1.0000000000e+00,1.0000000000e+00
G140_G138_A,1,0,7,7.8125000000e-03,7.5434863403e-02,5.4356900259e-01,9.9960757984e-01,1.0000000000e+00,1.0000000000e+00
G21_G70_C,2,0,14,1.0375976563e-03,1.0327662969e-02,9.8606728574e-02,6.4588598214e-01,9.9996899504e-01,1.0000000000e+00
II362,2,0,2,2.5000000000e-01,9.4368648529e-01,1.0000000000e+00,1.0000000000e+00,1.0000000000e+00,1.0000000000e+00
G13_G72_A,15,0,2,2.5000000000e-01,9.4368648529e-01,1.0000000000e+00,1.0000000000e+00,1.0000000000e+00,1.0000000000e+00
G10_G83_A,4,0,5,2.1875000000e-01,9.1529670527e-01,9.9999999998e-01,1.0000000000e+00,1.0000000000e+00,1.0000000000e+00
G20_G70_D,2,0,14,1.0375976563e-03,1.0327662969e-02,9.8606728574e-02,6.4588598214e-01,9.9996899504e-01,1.0000000000e+00
G30_G71_B,8,0,14,2.7465820313e-03,2.7128827654e-02,2.4045528228e-01,9.3609520034e-01,1.0000000000e+00,1.0000000000e+00
G16_G50_A,2,0,8,6.6406250000e-02,4.9698682958e-01,9.9896296464e-01,1.0000000000e+00,1.0000000000e+00,1.0000000000e+00
G113_G109_D,2,0,10,1.9531250000e-03,1.9360479644e-02,1.7757952141e-01,8.5844045473e-01,9.9999999677e-01,1.0000000000e+00
G142_G143_D,1,0,6,1.5625000000e-02,1.4570915024e-01,7.9295843252e-01,9.9999985526e-01,1.0000000000e+00,1.0000000000e+00
G211_G137_C,6,0,7,2.5000000000e-01,9.4368648529e-01,1.0000000000e+00,1.0000000000e+00,1.0000000000e+00,1.0000000000e+00
G131_G129_A,4,0,14,3.1127929688e-03,3.0695502803e-02,2.6784627381e-01,9.5573884222e-01,1.0000000000e+00,1.0000000000e+00
G107_G109_A,2,0,10,1.9531250000e-03,1.9360479644e-02,1.7757952141e-01,8.5844045473e-01,9.9999999677e-01,1.0000000000e+00
G163_G152_A,1,0,5,3.1250000000e-02,2.7202384333e-01,9.5820045528e-01,1.0000000000e+00,1.0000000000e+00,1.0000000000e+00
G116_G125_C,6,0,12,1.2451171875e-02,1.1776195956e-01,7.1433449703e-01,9.9999638109e-01,1.0000000000e+00,1.0000000000e+00
G140_G138_A,1,0,7,7.8125000000e-03,7.5434863403e-02,5.4356900259e-01,9.9960757984e-01,1.0000000000e+00,1.0000000000e+00
G10_G92_C,1,0,7,7.8125000000e-03,7.5434863403e-02,5.4356900259e-01,9.9960757984e-01,1.0000000000e+00,1.0000000000e+00
G10_G76_A,1,0,5,3.1250000000e-02,2.7202384333e-01,9.5820045528e-01,1.0000000000e+00,1.0000000000e+00,1.0000000000e+00
G16_G41_C,4,0,14,2.0751953125e-03,2.0559232042e-02,1.8757782289e-01,8.7473847332e-01,9.9999999905e-01,1.0000000000e+00
G16_G51_B,2,0,9,3.3203125000e-02,2.8656833764e-01,9.6583953327e-01,1.0000000000e+00,1.0000000000e+00,1.0000000000e+00
G12_G65_A,12,0,2,2.5000000000e-01,9.4368648529e-01,1.0000000000e+00,1.0000000000e+00,1.0000000000e+00,1.0000000000e+00
G13_G72_A,20,0,2,2.5000000000e-01,9.4368648529e-01,1.0000000000e+00,1.0000000000e+00,1.0000000000e+00,1.0000000000e+00
G21_G64_B,2,0,13,2.0751953125e-03,2.0559232042e-02,1.8757782289e-01,8.7473847332e-01,9.9999999905e-01,1.0000000000e+00
G20_G64_C,2,0,13,2.0751953125e-03,2.0559232042e-02,1.8757782289e-01,8.7473847332e-01,9.9999999905e-01,1.0000000000e+00
G14_G90_A,3,0,5,2.1875000000e-01,9.1529670527e-01,9.9999999998e-01,1.0000000000e+00,1.0000000000e+00,1.0000000000e+00
G17_G50_B,1,0,3,1.2500000000e-01,7.3692442384e-01,9.9999841217e-01,1.0000000000e+00,1.0000000000e+00,1.0000000000e+00
G14_G43_C,1,0,5,3.1250000000e-02,2.7202384333e-01,9.5820045528e-01,1.0000000000e+00,1.0000000000e+00,1.0000000000e+00
G113_G109_D,3,0,9,5.8593750000e-03,5.7072691692e-02,4.4437454227e-01,9.9719572009e-01,1.0000000000e+00,1.0000000000e+00
G142_G143_D,9,0,13,4.6630859375e-02,3.7968697198e-01,9.9156453506e-01,1.0000000000e+00,1.0000000000e+00,1.0000000000e+00
G172_G171_A,1,0,5,3.1250000000e-02,2.7202384333e-01,9.5820045528e-01,1.0000000000e+00,1.0000000000e+00,1.0000000000e+00
G72_G33_A,2,0,14,1.0375976563e-03,1.0327662969e-02,9.8606728574e-02,6.4588598214e-01,9.9996899504e-01,1.0000000000e+00
G116_G128_A,4,0,14,3.1127929688e-03,3.0695502803e-02,2.6784627381e-01,9.5573884222e-01,1.0000000000e+00,1.0000000000e+00
G184_G150_A,2,0,6,7.8125000000e-02,5.5667688454e-01,9.9970677313e-01,1.0000000000e+00,1.0000000000e+00,1.0000000000e+00
G107_G109_A,2,0,10,1.9531250000e-03,1.9360479644e-02,1.7757952141e-01,8.5844045473e-01,9.9999999677e-01,1.0000000000e+00
G163_G152_A,1,0,5,3.1250000000e-02,2.7202384333e-01,9.5820045528e-01,1.0000000000e+00,1.0000000000e+00,1.0000000000e+00
G172_G153_A,1,0,6,1.5625000000e-02,1.4570915024e-01,7.9295843252e-01,9.9999985526e-01,1.0000000000e+00,1.0000000000e+00
G116_G119_A,2,0,11,8.3007812500e-03,7.9974825559e-02,5.6549266715e-01,9.9976013267e-01,1.0000000000e+00,1.0000000000e+00
G116_G125_C,5,0,12,1.2451171875e-02,1.1776195956e-01,7.1433449703e-01,9.9999638109e-01,1.0000000000e+00,1.0000000000e+00
G145_G144_A,45,0,13,4.5019531250e-01,9.9747602888e-01,1.0000000000e+00,1.0000000000e+00,1.0000000000e+00,1.0000000000e+00
II365,1,0,1,5.0000000000e-01,9.9902343750e-01,1.0000000000e+00,1.0000000000e+00,1.0000000000e+00,1.0000000000e+00
G10_G92_C,1,0,7,7.8125000000e-03,7.5434863403e-02,5.4356900259e-01,9.9960757984e-01,1.0000000000e+00,1.0000000000e+00
G14_G80_C,1,0,4,6.2500000000e-02,4.7553952495e-01,9.9842555447e-01,1.0000000000e+00,1.0000000000e+00,1.0000000000e+00
G10_G77_A,2,0,5,9.3750000000e-02,6.2633691437e-01,9.9994693576e-01,1.0000000000e+00,1.0000000000e+00,1.0000000000e+00
G10_G76_A,1,0,5,3.1250000000e-02,2.7202384333e-01,9.5820045528e-01,1.0000000000e+00,1.0000000000e+00,1.0000000000e+00
G16_G41_C,4,0,14,2.0751953125e-03,2.0559232042e-02,1.8757782289e-01,8.7473847332e-01,9.9999999905e-01,1.0000000000e+00
G16_G51_B,2,0,9,3.3203125000e-02,2.8656833764e-01,9.6583953327e-01,1.0000000000e+00,1.0000000000e+00,1.0000000000e+00
G12_G65_A,12,0,2,2.5000000000e-01,9.4368648529e-01,1.0000000000e+00,1.0000000000e+00,1.0000000000e+00,1.0000000000e+00
G21_G64_B,2,0,13,2.0751953125e-03,2.0559232042e-02,1.8757782289e-01,8.7473847332e-01,9.9999999905e-01,1.0000000000e+00
G20_G64_C,2,0,13,2.0751953125e-03,2.0559232042e-02,1.8757782289e-01,8.7473847332e-01,9.9999999905e-01,1.0000000000e+00
G14_G90_A,4,0,5,2.1875000000e-01,9.1529670527e-01,9.9999999998e-01,1.0000000000e+00,1.0000000000e+00,1.0000000000e+00
G14_G53_C,2,0,11,2.4414062500e-03,2.4147580389e-02,2.1685634640e-01,9.1322106246e-01,9.9999999998e-01,1.0000000000e+00
G17_G50_B,2,0,8,6.6406250000e-02,4.9698682958e-01,9.9896296464e-01,1.0000000000e+00,1.0000000000e+00,1.0000000000e+00
G14_G43_C,1,0,5,3.1250000000e-02,2.7202384333e-01,9.5820045528e-01,1.0000000000e+00,1.0000000000e+00,1.0000000000e+00
G172_G171_A,1,0,5,3.1250000000e-02,2.7202384333e-01,9.5820045528e-01,1.0000000000e+00,1.0000000000e+00,1.0000000000e+00
G72_G33_A,2,0,14,1.0375976563e-03,1.0327662969e-02,9.8606728574e-02,6.4588598214e-01,9.9996899504e-01,1.0000000000e+00
G72_G70_A,2,0,14,1.0375976563e-03,1.0327662969e-02,9.8606728574e-02,6.4588598214e-01,9.9996899504e-01,1.0000000000e+00
G116_G128_A,4,0,14,3.1127929688e-03,3.0695502803e-02,2.6784627381e-01,9.5573884222e-01,1.0000000000e+00,1.0000000000e+00
G104_G129_D,4,0,14,3.1127929688e-03,3.0695502803e-02,2.6784627381e-01,9.5573884222e-01,1.0000000000e+00,1.0000000000e+00
G184_G150_A,1,0,5,3.1250000000e-02,2.7202384333e-01,9.5820045528e-01,1.0000000000e+00,1.0000000000e+00,1.0000000000e+00
G184_G151_A,1,0,3,1.2500000000e-01,7.3692442384e-01,9.9999841217e-01,1.0000000000e+00,1.0000000000e+00,1.0000000000e+00
G172_G153_A,1,0,5,3.1250000000e-02,2.7202384333e-01,9.5820045528e-01,1.0000000000e+00,1.0000000000e+00,1.0000000000e+00
G184_G160_A,1,0,5,3.1250000000e-02,2.7202384333e-01,9.5820045528e-01,1.0000000000e+00,1.0000000000e+00,1.0000000000e+00
G116_G119_A,2,0,11,8.3007812500e-03,7.9974825559e-02,5.6549266715e-01,9.9976013267e-01,1.0000000000e+00,1.0000000000e+00
G141_G138_C,1,0,7,7.8125000000e-03,7.5434863403e-02,5.4356900259e-01,9.9960757984e-01,1.0000000000e+00,1.0000000000e+00
II285,1,0,1,5.0000000000e-01,9.9902343750e-01,1.0000000000e+00,1.0000000000e+00,1.0000000000e+00,1.0000000000e+00
G145_G144_A,48,0,13,4.5019531250e-01,9.9747602888e-01,1.0000000000e+00,1.0000000000e+00,1.0000000000e+00,1.0000000000e+00
II365,1,0,1,5.0000000000e-01,9.9902343750e-01,1.0000000000e+00,1.0000000000e+00,1.0000000000e+00,1.0000000000e+00
G14_G80_C,1,0,4,6.2500000000e-02,4.7553952495e-01,9.9842555447e-01,1.0000000000e+00,1.0000000000e+00,1.0000000000e+00
G10_G77_A,1,0,3,1.2500000000e-01,7.3692442384e-01,9.9999841217e-01,1.0000000000e+00,1.0000000000e+00,1.0000000000e+00
G17_G51_C,2,0,9,3.3203125000e-02,2.8656833764e-01,9.6583953327e-01,1.0000000000e+00,1.0000000000e+00,1.0000000000e+00
G21_G39_B,2,0,14,1.0375976563e-03,1.0327662969e-02,9.8606728574e-02,6.4588598214e-01,9.9996899504e-01,1.0000000000e+00
G14_G53_C,2,0,11,2.4414062500e-03,2.4147580389e-02,2.1685634640e-01,9.1322106246e-01,9.9999999998e-01,1.0000000000e+00
G146_G144_B,46,0,13,4.5019531250e-01,9.9747602888e-01,1.0000000000e+00,1.0000000000e+00,1.0000000000e+00,1.0000000000e+00
G108_G109_C,2,0,10,1.9531250000e-03,1.9360479644e-02,1.7757952141e-01,8.5844045473e-01,9.9999999677e-01,1.0000000000e+00
G142_G146_D,2,0,6,1.5625000000e-02,1.4570915024e-01,7.9295843252e-01,9.9999985526e-01,1.0000000000e+00,1.0000000000e+00
G184_G170_A,1,0,4,6.2500000000e-02,4.7553952495e-01,9.9842555447e-01,1.0000000000e+00,1.0000000000e+00,1.0000000000e+00
G85_G31_A,2,0,14,1.8310546875e-04,1.8295466814e-03,1.8145573491e-02,1.6733363113e-01,8.3978239332e-01,9.9999998885e-01
G90_G42_C,1,0,5,3.1250000000e-02,2.7202384333e-01,9.5820045528e-01,1.0000000000e+00,1.0000000000e+00,1.0000000000e+00
G83_G42_A,1,0,5,3.1250000000e-02,2.7202384333e-01,9.5820045528e-01,1.0000000000e+00,1.0000000000e+00,1.0000000000e+00
G72_G70_A,2,0,14,1.0375976563e-03,1.0327662969e-02,9.8606728574e-02,6.4588598214e-01,9.9996899504e-01,1.0000000000e+00
G104_G129_D,4,0,14,3.1127929688e-03,3.0695502803e-02,2.6784627381e-01,9.5573884222e-01,1.0000000000e+00,1.0000000000e+00
G184_G151_A,4,0,7,6.2500000000e-02,4.7553952495e-01,9.9842555447e-01,1.0000000000e+00,1.0000000000e+00,1.0000000000e+00
G184_G160_A,2,0,6,7.8125000000e-02,5.5667688454e-01,9.9970677313e-01,1.0000000000e+00,1.0000000000e+00,1.0000000000e+00
G141_G138_C,1,0,7,7.8125000000e-03,7.5434863403e-02,5.4356900259e-01,9.9960757984e-01,1.0000000000e+00,1.0000000000e+00
II285,1,0,1,5.0000000000e-01,9.9902343750e-01,1.0000000000e+00,1.0000000000e+00,1.0000000000e+00,1.0000000000e+00
G11_G86_B,1,0,5,3.1250000000e-02,2.7202384333e-01,9.5820045528e-01,1.0000000000e+00,1.0000000000e+00,1.0000000000e+00
G10_G86_C,1,0,5,3.1250000000e-02,2.7202384333e-01,9.5820045528e-01,1.0000000000e+00,1.0000000000e+00,1.0000000000e+00
G11_G77_B,2,0,5,9.3750000000e-02,6.2633691437e-01,9.9994693576e-01,1.0000000000e+00,1.0000000000e+00,1.0000000000e+00
G17_G54_A,2,0,10,1.6601562500e-02,1.5414652249e-01,8.1252153399e-01,9.9999994636e-01,1.0000000000e+00,1.0000000000e+00
G18_G52_B,2,0,4,1.8750000000e-01,8.7461843207e-01,9.9999999904e-01,1.0000000000e+00,1.0000000000e+00,1.0000000000e+00
G17_G51_C,2,0,9,3.3203125000e-02,2.8656833764e-01,9.6583953327e-01,1.0000000000e+00,1.0000000000e+00,1.0000000000e+00
G21_G39_B,2,0,14,1.0375976563e-03,1.0327662969e-02,9.8606728574e-02,6.4588598214e-01,9.9996899504e-01,1.0000000000e+00
G15_G35_D,2,0,14,1.8310546875e-04,1.8295466814e-03,1.8145573491e-02,1.6733363113e-01,8.3978239332e-01,9.9999998885e-01
G146_G144_B,1,0,6,1.5625000000e-02,1.4570915024e-01,7.9295843252e-01,9.9999985526e-01,1.0000000000e+00,1.0000000000e+00
G108_G109_C,6,0,10,2.1484375000e-02,1.9521912175e-01,8.8603368942e-01,9.9999999963e-01,1.0000000000e+00,1.0000000000e+00
G142_G138_D,1,0,7,7.8125000000e-03,7.5434863403e-02,5.4356900259e-01,9.9960757984e-01,1.0000000000e+00,1.0000000000e+00
G142_G146_D,12,0,14,4.2846679688e-02,3.5462059511e-01,9.8746422979e-01,1.0000000000e+00,1.0000000000e+00,1.0000000000e+00
G163_G156_A,1,0,5,3.1250000000e-02,2.7202384333e-01,9.5820045528e-01,1.0000000000e+00,1.0000000000e+00,1.0000000000e+00
G184_G170_A,4,0,6,1.2500000000e-01,7.3692442384e-01,9.9999841217e-01,1.0000000000e+00,1.0000000000e+00,1.0000000000e+00
G83_G31_D,2,0,14,1.8310546875e-04,1.8295466814e-03,1.8145573491e-02,1.6733363113e-01,8.3978239332e-01,9.9999998885e-01
G85_G31_A,2,0,14,1.8310546875e-04,1.8295466814e-03,1.8145573491e-02,1.6733363113e-01,8.3978239332e-01,9.9999998885e-01
G90_G42_C,1,0,5,3.1250000000e-02,2.7202384333e-01,9.5820045528e-01,1.0000000000e+00,1.0000000000e+00,1.0000000000e+00
G83_G42_A,1,0,5,3.1250000000e-02,2.7202384333e-01,9.5820045528e-01,1.0000000000e+00,1.0000000000e+00,1.0000000000e+00
G83_G43_A,1,0,5,3.1250000000e-02,2.7202384333e-01,9.5820045528e-01,1.0000000000e+00,1.0000000000e+00,1.0000000000e+00
G163_G165_A,1,0,5,3.1250000000e-02,2.7202384333e-01,9.5820045528e-01,1.0000000000e+00,1.0000000000e+00,1.0000000000e+00
II368,1,0,1,5.0000000000e-01,9.9902343750e-01,1.0000000000e+00,1.0000000000e+00,1.0000000000e+00,1.0000000000e+00
II359,39,0,18,4.9992370605e-01,9.9902194636e-01,1.0000000000e+00,1.0000000000e+00,1.0000000000e+00,1.0000000000e+00
G11_G86_B,1,0,5,3.1250000000e-02,2.7202384333e-01,9.5820045528e-01,1.0000000000e+00,1.0000000000e+00,1.0000000000e+00
G10_G86_C,1,0,5,3.1250000000e-02,2.7202384333e-01,9.5820045528e-01,1.0000000000e+00,1.0000000000e+00,1.0000000000e+00
G11_G77_B,2,0,5,9.3750000000e-02,6.2633691437e-01,9.9994693576e-01,1.0000000000e+00,1.0000000000e+00,1.0000000000e+00
G17_G54_A,6,0,10,1.6601562500e-02,1.5414652249e-01,8.1252153399e-01,9.9999994636e-01,1.0000000000e+00,1.0000000000e+00
G18_G52_B,4,0,9,9.9609375000e-02,6.4980523941e-01,9.9997226064e-01,1.0000000000e+00,1.0000000000e+00,1.0000000000e+00
G15_G35_D,2,0,14,1.8310546875e-04,1.8295466814e-03,1.8145573491e-02,1.6733363113e-01,8.3978239332e-01,9.9999998885e-01
G16_G63_C,2,0,13,2.0751953125e-03,2.0559232042e-02,1.8757782289e-01,8.7473847332e-01,9.9999999905e-01,1.0000000000e+00
G142_G138_D,2,0,7,2.3437500000e-02,2.1113909478e-01,9.0667363815e-01,9.9999999995e-01,1.0000000000e+00,1.0000000000e+00
G172_G156_B,1,0,5,3.1250000000e-02,2.7202384333e-01,9.5820045528e-01,1.0000000000e+00,1.0000000000e+00,1.0000000000e+00
G163_G156_A,1,0,5,3.1250000000e-02,2.7202384333e-01,9.5820045528e-01,1.0000000000e+00,1.0000000000e+00,1.0000000000e+00
G184_G171_B,1,0,5,3.1250000000e-02,2.7202384333e-01,9.5820045528e-01,1.0000000000e+00,1.0000000000e+00,1.0000000000e+00
G184_G154_A,1,0,6,1.5625000000e-02,1.4570915024e-01,7.9295843252e-01,9.9999985526e-01,1.0000000000e+00,1.0000000000e+00
G83_G31_D,2,0,14,1.8310546875e-04,1.8295466814e-03,1.8145573491e-02,1.6733363113e-01,8.3978239332e-01,9.9999998885e-01
G83_G43_A,1,0,5,3.1250000000e-02,2.7202384333e-01,9.5820045528e-01,1.0000000000e+00,1.0000000000e+00,1.0000000000e+00
G83_G53_A,2,0,11,2.4414062500e-03,2.4147580389e-02,2.1685634640e-01,9.1322106246e-01,9.9999999998e-01,1.0000000000e+00
G90_G35_C,2,0,14,1.8310546875e-04,1.8295466814e-03,1.8145573491e-02,1.6733363113e-01,8.3978239332e-01,9.9999998885e-01
G90_G81_B,1,0,4,6.2500000000e-02,4.7553952495e-01,9.9842555447e-01,1.0000000000e+00,1.0000000000e+00,1.0000000000e+00
G172_G165_B,1,0,5,3.1250000000e-02,2.7202384333e-01,9.5820045528e-01,1.0000000000e+00,1.0000000000e+00,1.0000000000e+00
G163_G165_A,1,0,5,3.1250000000e-02,2.7202384333e-01,9.5820045528e-01,1.0000000000e+00,1.0000000000e+00,1.0000000000e+00
G172_G166_A,1,0,6,1.5625000000e-02,1.4570915024e-01,7.9295843252e-01,9.9999985526e-01,1.0000000000e+00,1.0000000000e+00
G145_G139_A,5,0,7,2.3437500000e-01,9.3079124123e-01,1.0000000000e+00,1.0000000000e+00,1.0000000000e+00,1.0000000000e+00
II288,1,0,1,5.0000000000e-01,9.9902343750e-01,1.0000000000e+00,1.0000000000e+00,1.0000000000e+00,1.0000000000e+00
II368,1,0,1,5.0000000000e-01,9.9902343750e-01,1.0000000000e+00,1.0000000000e+00,1.0000000000e+00,1.0000000000e+00
G10_G98_B,2,0,10,4.8828125000e-03,4.7769092558e-02,3.8705326409e-01,9.9251438707e-01,1.0000000000e+00,1.0000000000e+00
II359,41,0,18,4.9992370605e-01,9.9902194636e-01,1.0000000000e+00,1.0000000000e+00,1.0000000000e+00,1.0000000000e+00
G14_G86_A,1,0,5,3.1250000000e-02,2.7202384333e-01,9.5820045528e-01,1.0000000000e+00,1.0000000000e+00,1.0000000000e+00
G17_G56_A,2,0,10,1.6601562500e-02,1.5414652249e-01,8.1252153399e-01,9.9999994636e-01,1.0000000000e+00,1.0000000000e+00
G15_G85_A,5,0,7,2.2656250000e-01,9.2339585856e-01,9.9999999999e-01,1.0000000000e+00,1.0000000000e+00,1.0000000000e+00
G16_G63_C,2,0,13,2.0751953125e-03,2.0559232042e-02,1.8757782289e-01,8.7473847332e-01,9.9999999905e-01,1.0000000000e+00
G118_G119_D,2,0,11,8.3007812500e-03,7.9974825559e-02,5.6549266715e-01,9.9976013267e-01,1.0000000000e+00,1.0000000000e+00
G59_G51_A,2,0,9,3.3203125000e-02,2.8656833764e-01,9.6583953327e-01,1.0000000000e+00,1.0000000000e+00,1.0000000000e+00
G172_G156_B,1,0,6,1.5625000000e-02,1.4570915024e-01,7.9295843252e-01,9.9999985526e-01,1.0000000000e+00,1.0000000000e+00
G177_G170_B,1,0,4,6.2500000000e-02,4.7553952495e-01,9.9842555447e-01,1.0000000000e+00,1.0000000000e+00,1.0000000000e+00
G184_G171_B,4,0,7,9.3750000000e-02,6.2633691437e-01,9.9994693576e-01,1.0000000000e+00,1.0000000000e+00,1.0000000000e+00
G184_G154_A,1,0,5,3.1250000000e-02,2.7202384333e-01,9.5820045528e-01,1.0000000000e+00,1.0000000000e+00,1.0000000000e+00
G90_G92_A,1,0,7,7.8125000000e-03,7.5434863403e-02,5.4356900259e-01,9.9960757984e-01,1.0000000000e+00,1.0000000000e+00
G83_G53_A,2,0,11,2.4414062500e-03,2.4147580389e-02,2.1685634640e-01,9.1322106246e-01,9.9999999998e-01,1.0000000000e+00
G90_G35_C,2,0,14,1.8310546875e-04,1.8295466814e-03,1.8145573491e-02,1.6733363113e-01,8.3978239332e-01,9.9999998885e-01
G90_G82_B,1,0,4,6.2500000000e-02,4.7553952495e-01,9.9842555447e-01,1.0000000000e+00,1.0000000000e+00,1.0000000000e+00
G83_G81_A,1,0,4,6.2500000000e-02,4.7553952495e-01,9.9842555447e-01,1.0000000000e+00,1.0000000000e+00,1.0000000000e+00
G90_G81_B,1,0,3,1.2500000000e-01,7.3692442384e-01,9.9999841217e-01,1.0000000000e+00,1.0000000000e+00,1.0000000000e+00
G172_G165_B,1,0,5,3.1250000000e-02,2.7202384333e-01,9.5820045528e-01,1.0000000000e+00,1.0000000000e+00,1.0000000000e+00
G172_G166_A,1,0,5,3.1250000000e-02,2.7202384333e-01,9.5820045528e-01,1.0000000000e+00,1.0000000000e+00,1.0000000000e+00
G145_G139_A,5,0,7,2.3437500000e-01,9.3079124123e-01,1.0000000000e+00,1.0000000000e+00,1.0000000000e+00,1.0000000000e+00
II288,1,0,1,5.0000000000e-01,9.9902343750e-01,1.0000000000e+00,1.0000000000e+00,1.0000000000e+00,1.0000000000e+00
G10_G98_B,1,0,8,3.9062500000e-03,3.8382958384e-02,3.2388353489e-01,9.8003749113e-01,1.0000000000e+00,1.0000000000e+00
G14_G86_A,1,0,5,3.1250000000e-02,2.7202384333e-01,9.5820045528e-01,1.0000000000e+00,1.0000000000e+00,1.0000000000e+00
G16_G57_B,2,0,10,1.6601562500e-02,1.5414652249e-01,8.1252153399e-01,9.9999994636e-01,1.0000000000e+00,1.0000000000e+00
G18_G55_B,2,0,10,1.6601562500e-02,1.5414652249e-01,8.1252153399e-01,9.9999994636e-01,1.0000000000e+00,1.0000000000e+00
G15_G85_A,5,0,7,2.2656250000e-01,9.2339585856e-01,9.9999999999e-01,1.0000000000e+00,1.0000000000e+00,1.0000000000e+00
G16_G94_A,10,0,2,2.5000000000e-01,9.4368648529e-01,1.0000000000e+00,1.0000000000e+00,1.0000000000e+00,1.0000000000e+00
G146_G139_B,5,0,7,2.3437500000e-01,9.3079124123e-01,1.0000000000e+00,1.0000000000e+00,1.0000000000e+00,1.0000000000e+00
G118_G119_D,4,0,11,7.3242187500e-03,7.0874748554e-02,5.2055076123e-01,9.9935816066e-01,1.0000000000e+00,1.0000000000e+00
G59_G52_A,2,0,4,1.8750000000e-01,8.7461843207e-01,9.9999999904e-01,1.0000000000e+00,1.0000000000e+00,1.0000000000e+00
G59_G51_A,6,0,9,6.2500000000e-02,4.7553952495e-01,9.9842555447e-01,1.0000000000e+00,1.0000000000e+00,1.0000000000e+00
G177_G170_B,1,0,5,3.1250000000e-02,2.7202384333e-01,9.5820045528e-01,1.0000000000e+00,1.0000000000e+00,1.0000000000e+00
G90_G92_A,1,0,7,7.8125000000e-03,7.5434863403e-02,5.4356900259e-01,9.9960757984e-01,1.0000000000e+00,1.0000000000e+00
G65_G64_A,2,0,13,2.0751953125e-03,2.0559232042e-02,1.8757782289e-01,8.7473847332e-01,9.9999999905e-01,1.0000000000e+00
G90_G82_B,1,0,3,1.2500000000e-01,7.3692442384e-01,9.9999841217e-01,1.0000000000e+00,1.0000000000e+00,1.0000000000e+00
G83_G81_A,1,0,4,6.2500000000e-02,4.7553952495e-01,9.9842555447e-01,1.0000000000e+00,1.0000000000e+00,1.0000000000e+00
G72_G75_A,11,0,14,2.4792480469e-01,9.4210878671e-01,1.0000000000e+00,1.0000000000e+00,1.0000000000e+00,1.0000000000e+00
G15_G76_C,1,0,5,3.1250000000e-02,2.7202384333e-01,9.5820045528e-01,1.0000000000e+00,1.0000000000e+00,1.0000000000e+00
G16_G57_B,2,0,10,1.6601562500e-02,1.5414652249e-01,8.1252153399e-01,9.9999994636e-01,1.0000000000e+00,1.0000000000e+00
G18_G55_B,6,0,10,1.6601562500e-02,1.5414652249e-01,8.1252153399e-01,9.9999994636e-01,1.0000000000e+00,1.0000000000e+00
G18_G47_B,1,0,9,1.9531250000e-03,1.9360479644e-02,1.7757952141e-01,8.5844045473e-01,9.9999999677e-01,1.0000000000e+00
G16_G94_A,6,0,2,2.5000000000e-01,9.4368648529e-01,1.0000000000e+00,1.0000000000e+00,1.0000000000e+00,1.0000000000e+00
G193_G192_B,6,0,7,2.5000000000e-01,9.4368648529e-01,1.0000000000e+00,1.0000000000e+00,1.0000000000e+00,1.0000000000e+00
G71_G74_D,4,0,14,9.1552734375e-04,9.1176468122e-03,8.7525071471e-02,5.9986236153e-01,9.9989478103e-01,1.0000000000e+00
G146_G139_B,1,0,7,7.8125000000e-03,7.5434863403e-02,5.4356900259e-01,9.9960757984e-01,1.0000000000e+00,1.0000000000e+00
G59_G52_A,6,0,9,2.1679687500e-01,9.1315514059e-01,9.9999999998e-01,1.0000000000e+00,1.0000000000e+00,1.0000000000e+00
G59_G44_A,1,0,3,1.2500000000e-01,7.3692442384e-01,9.9999841217e-01,1.0000000000e+00,1.0000000000e+00,1.0000000000e+00
G85_G42_D,1,0,5,3.1250000000e-02,2.7202384333e-01,9.5820045528e-01,1.0000000000e+00,1.0000000000e+00,1.0000000000e+00
G65_G64_A,2,0,13,2.0751953125e-03,2.0559232042e-02,1.8757782289e-01,8.7473847332e-01,9.9999999905e-01,1.0000000000e+00
G72_G75_A,11,0,14,2.4792480469e-01,9.4210878671e-01,1.0000000000e+00,1.0000000000e+00,1.0000000000e+00,1.0000000000e+00
G94_G44_B,1,0,3,1.2500000000e-01,7.3692442384e-01,9.9999841217e-01,1.0000000000e+00,1.0000000000e+00,1.0000000000e+00
G15_G76_C,1,0,5,3.1250000000e-02,2.7202384333e-01,9.5820045528e-01,1.0000000000e+00,1.0000000000e+00,1.0000000000e+00
G17_G57_C,2,0,10,1.6601562500e-02,1.5414652249e-01,8.1252153399e-01,9.9999994636e-01,1.0000000000e+00,1.0000000000e+00
G18_G47_B,1,0,10,9.7656250000e-04,9.7228212237e-03,9.3082656509e-02,6.2357620194e-01,9.9994288230e-01,1.0000000000e+00
G193_G158_A,1,0,5,3.1250000000e-02,2.7202384333e-01,9.5820045528e-01,1.0000000000e+00,1.0000000000e+00,1.0000000000e+00
G193_G192_B,4,0,7,6.2500000000e-02,4.7553952495e-01,9.9842555447e-01,1.0000000000e+00,1.0000000000e+00,1.0000000000e+00
G71_G74_D,2,0,14,1.0375976563e-03,1.0327662969e-02,9.8606728574e-02,6.4588598214e-01,9.9996899504e-01,1.0000000000e+00
G59_G44_A,2,0,7,1.3281250000e-01,7.5949168737e-01,9.9999935241e-01,1.0000000000e+00,1.0000000000e+00,1.0000000000e+00
G85_G42_D,1,0,5,3.1250000000e-02,2.7202384333e-01,9.5820045528e-01,1.0000000000e+00,1.0000000000e+00,1.0000000000e+00
G94_G91_A,1,0,6,1.5625000000e-02,1.4570915024e-01,7.9295843252e-01,9.9999985526e-01,1.0000000000e+00,1.0000000000e+00
G65_G39_A,2,0,14,1.0375976563e-03,1.0327662969e-02,9.8606728574e-02,6.4588598214e-01,9.9996899504e-01,1.0000000000e+00
G94_G44_B,4,0,7,1.1718750000e-01,7.1246895791e-01,9.9999613769e-01,1.0000000000e+00,1.0000000000e+00,1.0000000000e+00
G90_G76_B,1,0,5,3.1250000000e-02,2.7202384333e-01,9.5820045528e-01,1.0000000000e+00,1.0000000000e+00,1.0000000000e+00
G17_G57_C,2,0,10,1.6601562500e-02,1.5414652249e-01,8.1252153399e-01,9.9999994636e-01,1.0000000000e+00,1.0000000000e+00
G19_G64_D,2,0,13,2.0751953125e-03,2.0559232042e-02,1.8757782289e-01,8.7473847332e-01,9.9999999905e-01,1.0000000000e+00
G18_G48_C,1,0,6,1.5625000000e-02,1.4570915024e-01,7.9295843252e-01,9.9999985526e-01,1.0000000000e+00,1.0000000000e+00
G193_G158_A,1,0,4,6.2500000000e-02,4.7553952495e-01,9.9842555447e-01,1.0000000000e+00,1.0000000000e+00,1.0000000000e+00
G71_G67_D,4,0,13,1.8310546875e-03,1.8160406953e-02,1.6745941847e-01,8.4002426273e-01,9.9999998902e-01,1.0000000000e+00
G59_G45_B,4,0,7,1.1718750000e-01,7.1246895791e-01,9.9999613769e-01,1.0000000000e+00,1.0000000000e+00,1.0000000000e+00
G184_G186_A,3,0,6,1.8750000000e-01,8.7461843207e-01,9.9999999904e-01,1.0000000000e+00,1.0000000000e+00,1.0000000000e+00
G94_G91_A,1,0,7,7.8125000000e-03,7.5434863403e-02,5.4356900259e-01,9.9960757984e-01,1.0000000000e+00,1.0000000000e+00
G85_G91_B,1,0,7,7.8125000000e-03,7.5434863403e-02,5.4356900259e-01,9.9960757984e-01,1.0000000000e+00,1.0000000000e+00
G85_G53_D,2,0,11,2.4414062500e-03,2.4147580389e-02,2.1685634640e-01,9.1322106246e-01,9.9999999998e-01,1.0000000000e+00
G65_G39_A,2,0,14,1.0375976563e-03,1.0327662969e-02,9.8606728574e-02,6.4588598214e-01,9.9996899504e-01,1.0000000000e+00
G184_G158_B,1,0,6,1.5625000000e-02,1.4570915024e-01,7.9295843252e-01,9.9999985526e-01,1.0000000000e+00,1.0000000000e+00
G90_G76_B,1,0,5,3.1250000000e-02,2.7202384333e-01,9.5820045528e-01,1.0000000000e+00,1.0000000000e+00,1.0000000000e+00
G19_G58_B,7,0,10,2.0214843750e-01,8.9547480199e-01,9.9999999984e-01,1.0000000000e+00,1.0000000000e+00,1.0000000000e+00
G18_G57_D,2,0,10,1.6601562500e-02,1.5414652249e-01,8.1252153399e-01,9.9999994636e-01,1.0000000000e+00,1.0000000000e+00
G19_G64_D,2,0,13,2.0751953125e-03,2.0559232042e-02,1.8757782289e-01,8.7473847332e-01,9.9999999905e-01,1.0000000000e+00
G18_G48_C,4,0,10,1.4648437500e-02,1.3719610703e-01,7.7137645229e-01,9.9999960987e-01,1.0000000000e+00,1.0000000000e+00
G189_G191_A,10,0,7,3.7500000000e-01,9.9090505298e-01,1.0000000000e+00,1.0000000000e+00,1.0000000000e+00,1.0000000000e+00
G71_G67_D,2,0,13,2.0751953125e-03,2.0559232042e-02,1.8757782289e-01,8.7473847332e-01,9.9999999905e-01,1.0000000000e+00
G59_G45_B,5,0,7,1.2500000000e-01,7.3692442384e-01,9.9999841217e-01,1.0000000000e+00,1.0000000000e+00,1.0000000000e+00
G177_G176_A,4,0,7,4.6875000000e-02,3.8127365236e-01,9.9177783661e-01,1.0000000000e+00,1.0000000000e+00,1.0000000000e+00
G184_G186_A,5,0,7,1.4062500000e-01,7.8030146796e-01,9.9999973802e-01,1.0000000000e+00,1.0000000000e+00,1.0000000000e+00
G94_G93_A,4,0,7,1.1718750000e-01,7.1246895791e-01,9.9999613769e-01,1.0000000000e+00,1.0000000000e+00,1.0000000000e+00
G85_G91_B,1,0,7,7.8125000000e-03,7.5434863403e-02,5.4356900259e-01,9.9960757984e-01,1.0000000000e+00,1.0000000000e+00
G85_G53_D,2,0,11,2.4414062500e-03,2.4147580389e-02,2.1685634640e-01,9.1322106246e-01,9.9999999998e-01,1.0000000000e+00
G65_G68_A,10,0,13,2.4792480469e-01,9.4210878671e-01,1.0000000000e+00,1.0000000000e+00,1.0000000000e+00,1.0000000000e+00
G184_G158_B,1,0,4,6.2500000000e-02,4.7553952495e-01,9.9842555447e-01,1.0000000000e+00,1.0000000000e+00,1.0000000000e+00
G177_G164_D,1,0,5,3.1250000000e-02,2.7202384333e-01,9.5820045528e-01,1.0000000000e+00,1.0000000000e+00,1.0000000000e+00
G177_G166_B,1,0,6,1.5625000000e-02,1.4570915024e-01,7.9295843252e-01,9.9999985526e-01,1.0000000000e+00,1.0000000000e+00
G19_G58_B,6,0,10,9.9609375000e-02,6.4980523941e-01,9.9997226064e-01,1.0000000000e+00,1.0000000000e+00,1.0000000000e+00
G18_G57_D,2,0,10,1.6601562500e-02,1.5414652249e-01,8.1252153399e-01,9.9999994636e-01,1.0000000000e+00,1.0000000000e+00
G189_G191_A,8,0,8,1.8750000000e-01,8.7461843207e-01,9.9999999904e-01,1.0000000000e+00,1.0000000000e+00,1.0000000000e+00
G193_G167_D,8,0,7,2.1875000000e-01,9.1529670527e-01,9.9999999998e-01,1.0000000000e+00,1.0000000000e+00,1.0000000000e+00
G59_G57_A,2,0,10,1.6601562500e-02,1.5414652249e-01,8.1252153399e-01,9.9999994636e-01,1.0000000000e+00,1.0000000000e+00
G177_G176_A,1,0,4,6.2500000000e-02,4.7553952495e-01,9.9842555447e-01,1.0000000000e+00,1.0000000000e+00,1.0000000000e+00
G94_G93_A,4,0,7,1.1718750000e-01,7.1246895791e-01,9.9999613769e-01,1.0000000000e+00,1.0000000000e+00,1.0000000000e+00
G94_G48_B,1,0,6,1.5625000000e-02,1.4570915024e-01,7.9295843252e-01,9.9999985526e-01,1.0000000000e+00,1.0000000000e+00
G65_G68_A,10,0,13,2.4792480469e-01,9.4210878671e-01,1.0000000000e+00,1.0000000000e+00,1.0000000000e+00,1.0000000000e+00
G83_G78_A,1,0,3,1.2500000000e-01,7.3692442384e-01,9.9999841217e-01,1.0000000000e+00,1.0000000000e+00,1.0000000000e+00
G177_G164_D,1,0,5,3.1250000000e-02,2.7202384333e-01,9.5820045528e-01,1.0000000000e+00,1.0000000000e+00,1.0000000000e+00
G177_G166_B,1,0,5,3.1250000000e-02,2.7202384333e-01,9.5820045528e-01,1.0000000000e+00,1.0000000000e+00,1.0000000000e+00
G193_G189_A,60,0,12,4.7753906250e-01,9.9848456172e-01,1.0000000000e+00,1.0000000000e+00,1.0000000000e+00,1.0000000000e+00
G193_G167_D,7,0,7,2.1875000000e-01,9.1529670527e-01,9.9999999998e-01,1.0000000000e+00,1.0000000000e+00,1.0000000000e+00
G100,21,0,10,5.1269531250e-01,9.9924489753e-01,1.0000000000e+00,1.0000000000e+00,1.0000000000e+00,1.0000000000e+00
G59_G57_A,6,0,10,3.1250000000e-02,2.7202384333e-01,9.5820045528e-01,1.0000000000e+00,1.0000000000e+00,1.0000000000e+00
G59_G58_A,7,0,10,2.0214843750e-01,8.9547480199e-01,9.9999999984e-01,1.0000000000e+00,1.0000000000e+00,1.0000000000e+00
G94_G48_B,4,0,10,1.4648437500e-02,1.3719610703e-01,7.7137645229e-01,9.9999960987e-01,1.0000000000e+00,1.0000000000e+00
G94_G49_B,1,0,4,6.2500000000e-02,4.7553952495e-01,9.9842555447e-01,1.0000000000e+00,1.0000000000e+00,1.0000000000e+00
G83_G78_A,2,0,5,9.3750000000e-02,6.2633691437e-01,9.9994693576e-01,1.0000000000e+00,1.0000000000e+00,1.0000000000e+00
G177_G158_C,4,0,7,6.2500000000e-02,4.7553952495e-01,9.9842555447e-01,1.0000000000e+00,1.0000000000e+00,1.0000000000e+00
G189_G182_D,5,0,6,2.5000000000e-01,9.4368648529e-01,1.0000000000e+00,1.0000000000e+00,1.0000000000e+00,1.0000000000e+00
G193_G189_A,31,0,12,4.7656250000e-01,9.9845599632e-01,1.0000000000e+00,1.0000000000e+00,1.0000000000e+00,1.0000000000e+00
G101,8,0,9,2.5000000000e-01,9.4368648529e-01,1.0000000000e+00,1.0000000000e+00,1.0000000000e+00,1.0000000000e+00
G200,2,0,3,2.5000000000e-01,9.4368648529e-01,1.0000000000e+00,1.0000000000e+00,1.0000000000e+00,1.0000000000e+00
G100,14,0,10,2.3339843750e-01,9.2990339228e-01,1.0000000000e+00,1.0000000000e+00,1.0000000000e+00,1.0000000000e+00
G110,4,0,10,1.4648437500e-02,1.3719610703e-01,7.7137645229e-01,9.9999960987e-01,1.0000000000e+00,1.0000000000e+00
G59_G58_A,7,0,10,2.1679687500e-01,9.1315514059e-01,9.9999999998e-01,1.0000000000e+00,1.0000000000e+00,1.0000000000e+00
G94_G49_B,8,0,10,4.3945312500e-02,3.6199019709e-01,9.8882433136e-01,1.0000000000e+00,1.0000000000e+00,1.0000000000e+00
G85_G87_A,3,0,5,1.8750000000e-01,8.7461843207e-01,9.9999999904e-01,1.0000000000e+00,1.0000000000e+00,1.0000000000e+00
G177_G149_D,1,0,5,3.1250000000e-02,2.7202384333e-01,9.5820045528e-01,1.0000000000e+00,1.0000000000e+00,1.0000000000e+00
G177_G158_C,1,0,4,6.2500000000e-02,4.7553952495e-01,9.9842555447e-01,1.0000000000e+00,1.0000000000e+00,1.0000000000e+00
G189_G182_D,5,0,6,2.5000000000e-01,9.4368648529e-01,1.0000000000e+00,1.0000000000e+00,1.0000000000e+00,1.0000000000e+00
G189_G159_A,11,0,8,1.2500000000e-01,7.3692442384e-01,9.9999841217e-01,1.0000000000e+00,1.0000000000e+00,1.0000000000e+00
G101,9,0,9,7.5000000000e-01,9.9999904633e-01,1.0000000000e+00,1.0000000000e+00,1.0000000000e+00,1.0000000000e+00
G111,8,0,10,2.9296875000e-02,2.5721302854e-01,9.4887388698e-01,1.0000000000e+00,1.0000000000e+00,1.0000000000e+00
G102,2,0,9,3.3203125000e-02,2.8656833764e-01,9.6583953327e-01,1.0000000000e+00,1.0000000000e+00,1.0000000000e+00
G200,3,0,3,7.5000000000e-01,9.9999904633e-01,1.0000000000e+00,1.0000000000e+00,1.0000000000e+00,1.0000000000e+00
G110,13,0,10,2.3339843750e-01,9.2990339228e-01,1.0000000000e+00,1.0000000000e+00,1.0000000000e+00,1.0000000000e+00
G120,4,0,11,7.3242187500e-03,7.0874748554e-02,5.2055076123e-01,9.9935816066e-01,1.0000000000e+00,1.0000000000e+00
G201,1,0,3,1.2500000000e-01,7.3692442384e-01,9.9999841217e-01,1.0000000000e+00,1.0000000000e+00,1.0000000000e+00
G210,1,0,3,1.2500000000e-01,7.3692442384e-01,9.9999841217e-01,1.0000000000e+00,1.0000000000e+00,1.0000000000e+00
G85_G87_A,3,0,5,1.8750000000e-01,8.7461843207e-01,9.9999999904e-01,1.0000000000e+00,1.0000000000e+00,1.0000000000e+00
G177_G149_D,1,0,5,3.1250000000e-02,2.7202384333e-01,9.5820045528e-01,1.0000000000e+00,1.0000000000e+00,1.0000000000e+00
G189_G159_A,6,0,7,2.5000000000e-01,9.4368648529e-01,1.0000000000e+00,1.0000000000e+00,1.0000000000e+00,1.0000000000e+00
G189_G186_B,4,0,6,1.8750000000e-01,8.7461843207e-01,9.9999999904e-01,1.0000000000e+00,1.0000000000e+00,1.0000000000e+00
G111,13,0,10,2.3339843750e-01,9.2990339228e-01,1.0000000000e+00,1.0000000000e+00,1.0000000000e+00,1.0000000000e+00
G102,8,0,9,2.5000000000e-01,9.4368648529e-01,1.0000000000e+00,1.0000000000e+00,1.0000000000e+00,1.0000000000e+00
G103,4,0,9,2.9296875000e-02,2.5721302854e-01,9.4887388698e-01,1.0000000000e+00,1.0000000000e+00,1.0000000000e+00
G120,10,0,11,2.5000000000e-01,9.4368648529e-01,1.0000000000e+00,1.0000000000e+00,1.0000000000e+00,1.0000000000e+00
G121,8,0,11,1.2451171875e-01,7.3545267615e-01,9.9999832107e-01,1.0000000000e+00,1.0000000000e+00,1.0000000000e+00
G130,5,0,14,4.6997070313e-03,4.6015498793e-02,3.7567145690e-01,9.9100229179e-01,1.0000000000e+00,1.0000000000e+00
G201,1,0,3,1.2500000000e-01,7.3692442384e-01,9.9999841217e-01,1.0000000000e+00,1.0000000000e+00,1.0000000000e+00
G210,2,0,3,2.5000000000e-01,9.4368648529e-01,1.0000000000e+00,1.0000000000e+00,1.0000000000e+00,1.0000000000e+00
G202,1,0,3,1.2500000000e-01,7.3692442384e-01,9.9999841217e-01,1.0000000000e+00,1.0000000000e+00,1.0000000000e+00
G211,39,0,18,4.9992370605e-01,9.9902194636e-01,1.0000000000e+00,1.0000000000e+00,1.0000000000e+00,1.0000000000e+00
G112,8,0,10,4.7851562500e-02,3.8758391254e-01,9.9257894063e-01,1.0000000000e+00,1.0000000000e+00,1.0000000000e+00
G0,38,0,18,4.9992370605e-01,9.9902194636e-01,1.0000000000e+00,1.0000000000e+00,1.0000000000e+00,1.0000000000e+00
G189_G186_B,4,0,7,9.3750000000e-02,6.2633691437e-01,9.9994693576e-01,1.0000000000e+00,1.0000000000e+00,1.0000000000e+00
G103,8,0,9,2.5000000000e-01,9.4368648529e-01,1.0000000000e+00,1.0000000000e+00,1.0000000000e+00,1.0000000000e+00
G121,10,0,11,2.5000000000e-01,9.4368648529e-01,1.0000000000e+00,1.0000000000e+00,1.0000000000e+00,1.0000000000e+00
G130,4,0,14,3.1127929688e-03,3.0695502803e-02,2.6784627381e-01,9.5573884222e-01,1.0000000000e+00,1.0000000000e+00
G113,12,0,10,3.3203125000e-02,2.8656833764e-01,9.6583953327e-01,1.0000000000e+00,1.0000000000e+00,1.0000000000e+00
G203,1,0,3,1.2500000000e-01,7.3692442384e-01,9.9999841217e-01,1.0000000000e+00,1.0000000000e+00,1.0000000000e+00
G140,3,0,6,3.1250000000e-02,2.7202384333e-01,9.5820045528e-01,1.0000000000e+00,1.0000000000e+00,1.0000000000e+00
G202,1,0,3,1.2500000000e-01,7.3692442384e-01,9.9999841217e-01,1.0000000000e+00,1.0000000000e+00,1.0000000000e+00
G212,2,0,2,2.5000000000e-01,9.4368648529e-01,1.0000000000e+00,1.0000000000e+00,1.0000000000e+00,1.0000000000e+00
G122,8,0,6,2.3437500000e-01,9.3079124123e-01,1.0000000000e+00,1.0000000000e+00,1.0000000000e+00,1.0000000000e+00
G211,41,0,18,4.9992370605e-01,9.9902194636e-01,1.0000000000e+00,1.0000000000e+00,1.0000000000e+00,1.0000000000e+00
G131,13,0,14,2.4896240234e-01,9.4290254020e-01,1.0000000000e+00,1.0000000000e+00,1.0000000000e+00,1.0000000000e+00
G112,16,0,10,1.5039062500e-01,8.0402848060e-01,9.9999991645e-01,1.0000000000e+00,1.0000000000e+00,1.0000000000e+00
G104,18,0,10,6.2500000000e-02,4.7553952495e-01,9.9842555447e-01,1.0000000000e+00,1.0000000000e+00,1.0000000000e+00
G0,41,0,18,4.9992370605e-01,9.9902194636e-01,1.0000000000e+00,1.0000000000e+00,1.0000000000e+00,1.0000000000e+00
G1,2,0,2,2.5000000000e-01,9.4368648529e-01,1.0000000000e+00,1.0000000000e+00,1.0000000000e+00,1.0000000000e+00
G132,2,0,12,4.1503906250e-03,4.0737265069e-02,3.4025556601e-01,9.8437725481e-01,1.0000000000e+00,1.0000000000e+00
G105,12,0,9,4.4921875000e-01,9.9743083810e-01,1.0000000000e+00,1.0000000000e+00,1.0000000000e+00,1.0000000000e+00
G114,15,0,10,4.3261718750e-01,9.9654250343e-01,1.0000000000e+00,1.0000000000e+00,1.0000000000e+00,1.0000000000e+00
G59_G88_C,4,0,5,2.1875000000e-01,9.1529670527e-01,9.9999999998e-01,1.0000000000e+00,1.0000000000e+00,1.0000000000e+00
G113,6,0,10,4.9804687500e-02,4.0003096542e-01,9.9395650228e-01,1.0000000000e+00,1.0000000000e+00,1.0000000000e+00
G203,2,0,3,2.5000000000e-01,9.4368648529e-01,1.0000000000e+00,1.0000000000e+00,1.0000000000e+00,1.0000000000e+00
G123,16,0,10,2.1972656250e-01,9.1634956057e-01,9.9999999998e-01,1.0000000000e+00,1.0000000000e+00,1.0000000000e+00
G150,5,0,6,2.5000000000e-01,9.4368648529e-01,1.0000000000e+00,1.0000000000e+00,1.0000000000e+00,1.0000000000e+00
G204,1,0,3,1.2500000000e-01,7.3692442384e-01,9.9999841217e-01,1.0000000000e+00,1.0000000000e+00,1.0000000000e+00
G213,1,0,1,5.0000000000e-01,9.9902343750e-01,1.0000000000e+00,1.0000000000e+00,1.0000000000e+00,1.0000000000e+00
G140,3,0,6,3.1250000000e-02,2.7202384333e-01,9.5820045528e-01,1.0000000000e+00,1.0000000000e+00,1.0000000000e+00
G141,2,0,6,1.5625000000e-02,1.4570915024e-01,7.9295843252e-01,9.9999985526e-01,1.0000000000e+00,1.0000000000e+00
G212,2,0,2,2.5000000000e-01,9.4368648529e-01,1.0000000000e+00,1.0000000000e+00,1.0000000000e+00,1.0000000000e+00
G122,8,0,6,2.3437500000e-01,9.3079124123e-01,1.0000000000e+00,1.0000000000e+00,1.0000000000e+00,1.0000000000e+00
G131,13,0,14,2.4896240234e-01,9.4290254020e-01,1.0000000000e+00,1.0000000000e+00,1.0000000000e+00,1.0000000000e+00
G104,26,0,9,1.5039062500e-01,8.0402848060e-01,9.9999991645e-01,1.0000000000e+00,1.0000000000e+00,1.0000000000e+00
G2,2,0,2,2.5000000000e-01,9.4368648529e-01,1.0000000000e+00,1.0000000000e+00,1.0000000000e+00,1.0000000000e+00
G1,2,0,2,2.5000000000e-01,9.4368648529e-01,1.0000000000e+00,1.0000000000e+00,1.0000000000e+00,1.0000000000e+00
G189_G178_D,6,0,6,2.1875000000e-01,9.1529670527e-01,9.9999999998e-01,1.0000000000e+00,1.0000000000e+00,1.0000000000e+00
G115,10,0,11,2.5000000000e-01,9.4368648529e-01,1.0000000000e+00,1.0000000000e+00,1.0000000000e+00,1.0000000000e+00
G106,11,0,10,2.3339843750e-01,9.2990339228e-01,1.0000000000e+00,1.0000000000e+00,1.0000000000e+00,1.0000000000e+00
G132,9,0,12,2.4584960938e-01,9.4049141779e-01,1.0000000000e+00,1.0000000000e+00,1.0000000000e+00,1.0000000000e+00
G133,14,0,14,7.5103759766e-01,9.9999908518e-01,1.0000000000e+00,1.0000000000e+00,1.0000000000e+00,1.0000000000e+00
G105,8,0,9,2.5000000000e-01,9.4368648529e-01,1.0000000000e+00,1.0000000000e+00,1.0000000000e+00,1.0000000000e+00
G114,11,0,10,2.3339843750e-01,9.2990339228e-01,1.0000000000e+00,1.0000000000e+00,1.0000000000e+00,1.0000000000e+00
G59_G88_C,4,0,5,2.1875000000e-01,9.1529670527e-01,9.9999999998e-01,1.0000000000e+00,1.0000000000e+00,1.0000000000e+00
G123,8,0,14,1.4465332031e-02,1.3559143827e-01,7.6708867931e-01,9.9999953021e-01,1.0000000000e+00,1.0000000000e+00
G151,5,0,6,2.5000000000e-01,9.4368648529e-01,1.0000000000e+00,1.0000000000e+00,1.0000000000e+00,1.0000000000e+00
G150,1,0,5,3.1250000000e-02,2.7202384333e-01,9.5820045528e-01,1.0000000000e+00,1.0000000000e+00,1.0000000000e+00
G160,4,0,6,1.2500000000e-01,7.3692442384e-01,9.9999841217e-01,1.0000000000e+00,1.0000000000e+00,1.0000000000e+00
G204,2,0,3,2.5000000000e-01,9.4368648529e-01,1.0000000000e+00,1.0000000000e+00,1.0000000000e+00,1.0000000000e+00
G142,4,0,6,3.1250000000e-02,2.7202384333e-01,9.5820045528e-01,1.0000000000e+00,1.0000000000e+00,1.0000000000e+00
G213,1,0,1,5.0000000000e-01,9.9902343750e-01,1.0000000000e+00,1.0000000000e+00,1.0000000000e+00,1.0000000000e+00
G214,1,0,1,5.0000000000e-01,9.9902343750e-01,1.0000000000e+00,1.0000000000e+00,1.0000000000e+00,1.0000000000e+00
G141,2,0,6,1.5625000000e-02,1.4570915024e-01,7.9295843252e-01,9.9999985526e-01,1.0000000000e+00,1.0000000000e+00
G205,2,0,2,2.5000000000e-01,9.4368648529e-01,1.0000000000e+00,1.0000000000e+00,1.0000000000e+00,1.0000000000e+00
G124,30,0,2,2.5000000000e-01,9.4368648529e-01,1.0000000000e+00,1.0000000000e+00,1.0000000000e+00,1.0000000000e+00
G2,2,0,2,2.5000000000e-01,9.4368648529e-01,1.0000000000e+00,1.0000000000e+00,1.0000000000e+00,1.0000000000e+00
G189_G178_D,6,0,6,2.1875000000e-01,9.1529670527e-01,9.9999999998e-01,1.0000000000e+00,1.0000000000e+00,1.0000000000e+00
G189_G197_D,3,0,6,1.2500000000e-01,7.3692442384e-01,9.9999841217e-01,1.0000000000e+00,1.0000000000e+00,1.0000000000e+00
G134,13,0,14,7.5103759766e-01,9.9999908518e-01,1.0000000000e+00,1.0000000000e+00,1.0000000000e+00,1.0000000000e+00
G115,11,0,11,7.5000000000e-01,9.9999904633e-01,1.0000000000e+00,1.0000000000e+00,1.0000000000e+00,1.0000000000e+00
G106,12,0,10,7.6660156250e-01,9.9999952029e-01,1.0000000000e+00,1.0000000000e+00,1.0000000000e+00,1.0000000000e+00
G133,4,0,14,3.1127929688e-03,3.0695502803e-02,2.6784627381e-01,9.5573884222e-01,1.0000000000e+00,1.0000000000e+00
G206,2,0,3,2.5000000000e-01,9.4368648529e-01,1.0000000000e+00,1.0000000000e+00,1.0000000000e+00,1.0000000000e+00
G143,1,0,6,1.5625000000e-02,1.4570915024e-01,7.9295843252e-01,9.9999985526e-01,1.0000000000e+00,1.0000000000e+00
G152,4,0,6,1.2500000000e-01,7.3692442384e-01,9.9999841217e-01,1.0000000000e+00,1.0000000000e+00,1.0000000000e+00
G125,23,0,12,1.8676757813e-01,8.7348359371e-01,9.9999999895e-01,1.0000000000e+00,1.0000000000e+00,1.0000000000e+00
G151,4,0,7,6.2500000000e-02,4.7553952495e-01,9.9842555447e-01,1.0000000000e+00,1.0000000000e+00,1.0000000000e+00
G160,2,0,6,7.8125000000e-02,5.5667688454e-01,9.9970677313e-01,1.0000000000e+00,1.0000000000e+00,1.0000000000e+00
G170,1,0,4,6.2500000000e-02,4.7553952495e-01,9.9842555447e-01,1.0000000000e+00,1.0000000000e+00,1.0000000000e+00
G142,22,0,14,8.9599609375e-02,6.0886709466e-01,9.9991620009e-01,1.0000000000e+00,1.0000000000e+00,1.0000000000e+00
G214,1,0,1,5.0000000000e-01,9.9902343750e-01,1.0000000000e+00,1.0000000000e+00,1.0000000000e+00,1.0000000000e+00
G205,2,0,2,2.5000000000e-01,9.4368648529e-01,1.0000000000e+00,1.0000000000e+00,1.0000000000e+00,1.0000000000e+00
G107,3,0,5,2.1875000000e-01,9.1529670527e-01,9.9999999998e-01,1.0000000000e+00,1.0000000000e+00,1.0000000000e+00
G124,11,0,2,2.5000000000e-01,9.4368648529e-01,1.0000000000e+00,1.0000000000e+00,1.0000000000e+00,1.0000000000e+00
G116,14,0,3,1.2500000000e-01,7.3692442384e-01,9.9999841217e-01,1.0000000000e+00,1.0000000000e+00,1.0000000000e+00
G161,3,0,6,1.2500000000e-01,7.3692442384e-01,9.9999841217e-01,1.0000000000e+00,1.0000000000e+00,1.0000000000e+00
G189_G197_D,3,0,6,1.2500000000e-01,7.3692442384e-01,9.9999841217e-01,1.0000000000e+00,1.0000000000e+00,1.0000000000e+00
G134,9,0,12,2.4584960938e-01,9.4049141779e-01,1.0000000000e+00,1.0000000000e+00,1.0000000000e+00,1.0000000000e+00
G144,48,0,13,4.5019531250e-01,9.9747602888e-01,1.0000000000e+00,1.0000000000e+00,1.0000000000e+00,1.0000000000e+00
G126,10,0,11,2.5000000000e-01,9.4368648529e-01,1.0000000000e+00,1.0000000000e+00,1.0000000000e+00,1.0000000000e+00
G206,3,0,3,7.5000000000e-01,9.9999904633e-01,1.0000000000e+00,1.0000000000e+00,1.0000000000e+00,1.0000000000e+00
G143,53,0,13,4.8144531250e-01,9.9859412844e-01,1.0000000000e+00,1.0000000000e+00,1.0000000000e+00,1.0000000000e+00
G153,4,0,6,1.2500000000e-01,7.3692442384e-01,9.9999841217e-01,1.0000000000e+00,1.0000000000e+00,1.0000000000e+00
G152,1,0,5,3.1250000000e-02,2.7202384333e-01,9.5820045528e-01,1.0000000000e+00,1.0000000000e+00,1.0000000000e+00
G108,2,0,10,4.8828125000e-03,4.7769092558e-02,3.8705326409e-01,9.9251438707e-01,1.0000000000e+00,1.0000000000e+00
G125,6,0,12,1.2451171875e-02,1.1776195956e-01,7.1433449703e-01,9.9999638109e-01,1.0000000000e+00,1.0000000000e+00
G117,2,0,11,8.3007812500e-03,7.9974825559e-02,5.6549266715e-01,9.9976013267e-01,1.0000000000e+00,1.0000000000e+00
G171,1,0,5,3.1250000000e-02,2.7202384333e-01,9.5820045528e-01,1.0000000000e+00,1.0000000000e+00,1.0000000000e+00
G207,1,0,3,1.2500000000e-01,7.3692442384e-01,9.9999841217e-01,1.0000000000e+00,1.0000000000e+00,1.0000000000e+00
G170,8,0,7,2.1875000000e-01,9.1529670527e-01,9.9999999998e-01,1.0000000000e+00,1.0000000000e+00,1.0000000000e+00
G180,1,0,5,3.1250000000e-02,2.7202384333e-01,9.5820045528e-01,1.0000000000e+00,1.0000000000e+00,1.0000000000e+00
G135,1,0,6,1.5625000000e-02,1.4570915024e-01,7.9295843252e-01,9.9999985526e-01,1.0000000000e+00,1.0000000000e+00
G162,3,0,6,1.2500000000e-01,7.3692442384e-01,9.9999841217e-01,1.0000000000e+00,1.0000000000e+00,1.0000000000e+00
G107,3,0,5,2.1875000000e-01,9.1529670527e-01,9.9999999998e-01,1.0000000000e+00,1.0000000000e+00,1.0000000000e+00
G116,20,0,8,1.8359375000e-01,8.6845837337e-01,9.9999999845e-01,1.0000000000e+00,1.0000000000e+00,1.0000000000e+00
G161,1,0,5,3.1250000000e-02,2.7202384333e-01,9.5820045528e-01,1.0000000000e+00,1.0000000000e+00,1.0000000000e+00
G127,13,0,14,2.4896240234e-01,9.4290254020e-01,1.0000000000e+00,1.0000000000e+00,1.0000000000e+00,1.0000000000e+00
G109,2,0,10,1.9531250000e-03,1.9360479644e-02,1.7757952141e-01,8.5844045473e-01,9.9999999677e-01,1.0000000000e+00
G144,52,0,13,4.8144531250e-01,9.9859412844e-01,1.0000000000e+00,1.0000000000e+00,1.0000000000e+00,1.0000000000e+00
G126,10,0,11,2.5000000000e-01,9.4368648529e-01,1.0000000000e+00,1.0000000000e+00,1.0000000000e+00,1.0000000000e+00
G190,10,0,7,3.7500000000e-01,9.9090505298e-01,1.0000000000e+00,1.0000000000e+00,1.0000000000e+00,1.0000000000e+00
G118,4,0,11,4.1503906250e-02,3.4550931033e-01,9.8557769321e-01,1.0000000000e+00,1.0000000000e+00,1.0000000000e+00
G154,4,0,6,1.2500000000e-01,7.3692442384e-01,9.9999841217e-01,1.0000000000e+00,1.0000000000e+00,1.0000000000e+00
G153,1,0,5,3.1250000000e-02,2.7202384333e-01,9.5820045528e-01,1.0000000000e+00,1.0000000000e+00,1.0000000000e+00
G108,6,0,10,5.3710937500e-02,4.2424435578e-01,9.9599703271e-01,1.0000000000e+00,1.0000000000e+00,1.0000000000e+00
G117,6,0,11,3.3203125000e-02,2.8656833764e-01,9.6583953327e-01,1.0000000000e+00,1.0000000000e+00,1.0000000000e+00
G171,8,0,7,2.1875000000e-01,9.1529670527e-01,9.9999999998e-01,1.0000000000e+00,1.0000000000e+00,1.0000000000e+00
G207,1,0,3,1.2500000000e-01,7.3692442384e-01,9.9999841217e-01,1.0000000000e+00,1.0000000000e+00,1.0000000000e+00
G181,1,0,5,3.1250000000e-02,2.7202384333e-01,9.5820045528e-01,1.0000000000e+00,1.0000000000e+00,1.0000000000e+00
G180,1,0,4,6.2500000000e-02,4.7553952495e-01,9.9842555447e-01,1.0000000000e+00,1.0000000000e+00,1.0000000000e+00
G208,1,0,3,1.2500000000e-01,7.3692442384e-01,9.9999841217e-01,1.0000000000e+00,1.0000000000e+00,1.0000000000e+00
G135,2,0,6,1.5625000000e-02,1.4570915024e-01,7.9295843252e-01,9.9999985526e-01,1.0000000000e+00,1.0000000000e+00
G136,3,0,6,3.1250000000e-02,2.7202384333e-01,9.5820045528e-01,1.0000000000e+00,1.0000000000e+00,1.0000000000e+00
G162,2,0,6,6.2500000000e-02,4.7553952495e-01,9.9842555447e-01,1.0000000000e+00,1.0000000000e+00,1.0000000000e+00
G163,2,0,5,6.2500000000e-02,4.7553952495e-01,9.9842555447e-01,1.0000000000e+00,1.0000000000e+00,1.0000000000e+00
G172,4,0,7,8.5937500000e-02,5.9284579825e-01,9.9987480436e-01,1.0000000000e+00,1.0000000000e+00,1.0000000000e+00
G145,50,0,14,4.5947265625e-01,9.9787099498e-01,1.0000000000e+00,1.0000000000e+00,1.0000000000e+00,1.0000000000e+00
G173,6,0,6,2.1875000000e-01,9.1529670527e-01,9.9999999998e-01,1.0000000000e+00,1.0000000000e+00,1.0000000000e+00
G191,10,0,7,3.7500000000e-01,9.9090505298e-01,1.0000000000e+00,1.0000000000e+00,1.0000000000e+00,1.0000000000e+00
G182,7,0,6,6.2500000000e-01,9.9994500633e-01,1.0000000000e+00,1.0000000000e+00,1.0000000000e+00,1.0000000000e+00
G127,13,0,14,7.5103759766e-01,9.9999908518e-01,1.0000000000e+00,1.0000000000e+00,1.0000000000e+00,1.0000000000e+00
G137,6,0,7,2.5000000000e-01,9.4368648529e-01,1.0000000000e+00,1.0000000000e+00,1.0000000000e+00,1.0000000000e+00
G109,13,0,10,2.3339843750e-01,9.2990339228e-01,1.0000000000e+00,1.0000000000e+00,1.0000000000e+00,1.0000000000e+00
G119,2,0,11,8.3007812500e-03,7.9974825559e-02,5.6549266715e-01,9.9976013267e-01,1.0000000000e+00,1.0000000000e+00
G146,51,0,14,4.5947265625e-01,9.9787099498e-01,1.0000000000e+00,1.0000000000e+00,1.0000000000e+00,1.0000000000e+00
G190,4,0,6,1.2500000000e-01,7.3692442384e-01,9.9999841217e-01,1.0000000000e+00,1.0000000000e+00,1.0000000000e+00
G118,8,0,11,3.6621093750e-02,3.1139316443e-01,9.7602750179e-01,1.0000000000e+00,1.0000000000e+00,1.0000000000e+00
G209,1,0,3,1.2500000000e-01,7.3692442384e-01,9.9999841217e-01,1.0000000000e+00,1.0000000000e+00,1.0000000000e+00
G154,1,0,5,3.1250000000e-02,2.7202384333e-01,9.5820045528e-01,1.0000000000e+00,1.0000000000e+00,1.0000000000e+00
G164,6,0,6,2.1875000000e-01,9.1529670527e-01,9.9999999998e-01,1.0000000000e+00,1.0000000000e+00,1.0000000000e+00
G128,8,0,14,9.3383789063e-03,8.9555693151e-02,6.0867837759e-01,9.9991579489e-01,1.0000000000e+00,1.0000000000e+00
G181,5,0,6,2.5000000000e-01,9.4368648529e-01,1.0000000000e+00,1.0000000000e+00,1.0000000000e+00,1.0000000000e+00
G155,1,0,5,3.1250000000e-02,2.7202384333e-01,9.5820045528e-01,1.0000000000e+00,1.0000000000e+00,1.0000000000e+00
G208,1,0,3,1.2500000000e-01,7.3692442384e-01,9.9999841217e-01,1.0000000000e+00,1.0000000000e+00,1.0000000000e+00
G136,3,0,6,3.1250000000e-02,2.7202384333e-01,9.5820045528e-01,1.0000000000e+00,1.0000000000e+00,1.0000000000e+00
G163,2,0,5,6.2500000000e-02,4.7553952495e-01,9.9842555447e-01,1.0000000000e+00,1.0000000000e+00,1.0000000000e+00
G172,5,0,9,8.7890625000e-02,6.0146249658e-01,9.9989891378e-01,1.0000000000e+00,1.0000000000e+00,1.0000000000e+00
G145,54,0,14,4.5947265625e-01,9.9787099498e-01,1.0000000000e+00,1.0000000000e+00,1.0000000000e+00,1.0000000000e+00
G25_II340_A,1,0,1,5.0000000000e-01,9.9902343750e-01,1.0000000000e+00,1.0000000000e+00,1.0000000000e+00,1.0000000000e+00
G183,18,0,8,5.0000000000e-01,9.9902343750e-01,1.0000000000e+00,1.0000000000e+00,1.0000000000e+00,1.0000000000e+00
G173,9,0,6,7.8125000000e-01,9.9999974911e-01,1.0000000000e+00,1.0000000000e+00,1.0000000000e+00,1.0000000000e+00
G191,11,0,8,3.7500000000e-01,9.9090505298e-01,1.0000000000e+00,1.0000000000e+00,1.0000000000e+00,1.0000000000e+00
G182,5,0,6,2.5000000000e-01,9.4368648529e-01,1.0000000000e+00,1.0000000000e+00,1.0000000000e+00,1.0000000000e+00
G192,6,0,7,2.5000000000e-01,9.4368648529e-01,1.0000000000e+00,1.0000000000e+00,1.0000000000e+00,1.0000000000e+00
G137,7,0,7,7.5000000000e-01,9.9999904633e-01,1.0000000000e+00,1.0000000000e+00,1.0000000000e+00,1.0000000000e+00
G119,10,0,11,2.5000000000e-01,9.4368648529e-01,1.0000000000e+00,1.0000000000e+00,1.0000000000e+00,1.0000000000e+00
G146,2,0,6,1.5625000000e-02,1.4570915024e-01,7.9295843252e-01,9.9999985526e-01,1.0000000000e+00,1.0000000000e+00
G138,1,0,7,7.8125000000e-03,7.5434863403e-02,5.4356900259e-01,9.9960757984e-01,1.0000000000e+00,1.0000000000e+00
G209,2,0,3,2.5000000000e-01,9.4368648529e-01,1.0000000000e+00,1.0000000000e+00,1.0000000000e+00,1.0000000000e+00
G165,6,0,6,2.1875000000e-01,9.1529670527e-01,9.9999999998e-01,1.0000000000e+00,1.0000000000e+00,1.0000000000e+00
G164,1,0,5,3.1250000000e-02,2.7202384333e-01,9.5820045528e-01,1.0000000000e+00,1.0000000000e+00,1.0000000000e+00
G128,4,0,14,3.1127929688e-03,3.0695502803e-02,2.6784627381e-01,9.5573884222e-01,1.0000000000e+00,1.0000000000e+00
G129,16,0,14,2.4902343750e-02,2.2289245484e-01,9.1968230124e-01,9.9999999999e-01,1.0000000000e+00,1.0000000000e+00
G156,1,0,5,3.1250000000e-02,2.7202384333e-01,9.5820045528e-01,1.0000000000e+00,1.0000000000e+00,1.0000000000e+00
G147,1,0,1,5.0000000000e-01,9.9902343750e-01,1.0000000000e+00,1.0000000000e+00,1.0000000000e+00,1.0000000000e+00
G174,1,0,5,3.1250000000e-02,2.7202384333e-01,9.5820045528e-01,1.0000000000e+00,1.0000000000e+00,1.0000000000e+00
G155,4,0,6,1.8750000000e-01,8.7461843207e-01,9.9999999904e-01,1.0000000000e+00,1.0000000000e+00,1.0000000000e+00
G25_II340_A,1,0,1,5.0000000000e-01,9.9902343750e-01,1.0000000000e+00,1.0000000000e+00,1.0000000000e+00,1.0000000000e+00
G183,10,0,8,5.0000000000e-01,9.9902343750e-01,1.0000000000e+00,1.0000000000e+00,1.0000000000e+00,1.0000000000e+00
G192,10,0,8,3.7500000000e-01,9.9090505298e-01,1.0000000000e+00,1.0000000000e+00,1.0000000000e+00,1.0000000000e+00
G193,53,0,13,4.8144531250e-01,9.9859412844e-01,1.0000000000e+00,1.0000000000e+00,1.0000000000e+00,1.0000000000e+00
G139,6,0,7,2.3437500000e-01,9.3079124123e-01,1.0000000000e+00,1.0000000000e+00,1.0000000000e+00,1.0000000000e+00
G138,6,0,7,2.5000000000e-01,9.4368648529e-01,1.0000000000e+00,1.0000000000e+00,1.0000000000e+00,1.0000000000e+00
G166,6,0,6,2.1875000000e-01,9.1529670527e-01,9.9999999998e-01,1.0000000000e+00,1.0000000000e+00,1.0000000000e+00
G165,1,0,5,3.1250000000e-02,2.7202384333e-01,9.5820045528e-01,1.0000000000e+00,1.0000000000e+00,1.0000000000e+00
G129,4,0,14,3.1127929688e-03,3.0695502803e-02,2.6784627381e-01,9.5573884222e-01,1.0000000000e+00,1.0000000000e+00
G156,3,0,6,1.8750000000e-01,8.7461843207e-01,9.9999999904e-01,1.0000000000e+00,1.0000000000e+00,1.0000000000e+00
G175,1,0,5,3.1250000000e-02,2.7202384333e-01,9.5820045528e-01,1.0000000000e+00,1.0000000000e+00,1.0000000000e+00
G147,1,0,1,5.0000000000e-01,9.9902343750e-01,1.0000000000e+00,1.0000000000e+00,1.0000000000e+00,1.0000000000e+00
G148,1,0,1,5.0000000000e-01,9.9902343750e-01,1.0000000000e+00,1.0000000000e+00,1.0000000000e+00,1.0000000000e+00
G174,1,0,4,6.2500000000e-02,4.7553952495e-01,9.9842555447e-01,1.0000000000e+00,1.0000000000e+00,1.0000000000e+00
G157,6,0,7,2.5000000000e-01,9.4368648529e-01,1.0000000000e+00,1.0000000000e+00,1.0000000000e+00,1.0000000000e+00
G184,10,0,9,1.7968750000e-01,8.6202725835e-01,9.9999999750e-01,1.0000000000e+00,1.0000000000e+00,1.0000000000e+00
G194,3,0,6,1.2500000000e-01,7.3692442384e-01,9.9999841217e-01,1.0000000000e+00,1.0000000000e+00,1.0000000000e+00
G158,19,0,8,5.0000000000e-01,9.9902343750e-01,1.0000000000e+00,1.0000000000e+00,1.0000000000e+00,1.0000000000e+00
G167,8,0,7,2.1875000000e-01,9.1529670527e-01,9.9999999998e-01,1.0000000000e+00,1.0000000000e+00,1.0000000000e+00
G193,47,0,13,4.8144531250e-01,9.9859412844e-01,1.0000000000e+00,1.0000000000e+00,1.0000000000e+00,1.0000000000e+00
G139,6,0,7,2.5000000000e-01,9.4368648529e-01,1.0000000000e+00,1.0000000000e+00,1.0000000000e+00,1.0000000000e+00
G185,3,0,6,1.8750000000e-01,8.7461843207e-01,9.9999999904e-01,1.0000000000e+00,1.0000000000e+00,1.0000000000e+00
G166,1,0,5,3.1250000000e-02,2.7202384333e-01,9.5820045528e-01,1.0000000000e+00,1.0000000000e+00,1.0000000000e+00
G149,5,0,6,2.5000000000e-01,9.4368648529e-01,1.0000000000e+00,1.0000000000e+00,1.0000000000e+00,1.0000000000e+00
G176,4,0,7,4.6875000000e-02,3.8127365236e-01,9.9177783661e-01,1.0000000000e+00,1.0000000000e+00,1.0000000000e+00
G175,6,0,6,2.1875000000e-01,9.1529670527e-01,9.9999999998e-01,1.0000000000e+00,1.0000000000e+00,1.0000000000e+00
G148,1,0,1,5.0000000000e-01,9.9902343750e-01,1.0000000000e+00,1.0000000000e+00,1.0000000000e+00,1.0000000000e+00
G157,6,0,7,2.5000000000e-01,9.4368648529e-01,1.0000000000e+00,1.0000000000e+00,1.0000000000e+00,1.0000000000e+00
G184,12,0,10,1.8359375000e-01,8.6845837337e-01,9.9999999845e-01,1.0000000000e+00,1.0000000000e+00,1.0000000000e+00
G194,6,0,6,8.7500000000e-01,9.9999999907e-01,1.0000000000e+00,1.0000000000e+00,1.0000000000e+00,1.0000000000e+00
G186,3,0,6,1.8750000000e-01,8.7461843207e-01,9.9999999904e-01,1.0000000000e+00,1.0000000000e+00,1.0000000000e+00
G159,18,0,8,5.0000000000e-01,9.9902343750e-01,1.0000000000e+00,1.0000000000e+00,1.0000000000e+00,1.0000000000e+00
G158,1,0,4,6.2500000000e-02,4.7553952495e-01,9.9842555447e-01,1.0000000000e+00,1.0000000000e+00,1.0000000000e+00
G167,8,0,7,7.8125000000e-01,9.9999974911e-01,1.0000000000e+00,1.0000000000e+00,1.0000000000e+00,1.0000000000e+00
G185,2,0,6,6.2500000000e-02,4.7553952495e-01,9.9842555447e-01,1.0000000000e+00,1.0000000000e+00,1.0000000000e+00
G149,1,0,5,3.1250000000e-02,2.7202384333e-01,9.5820045528e-01,1.0000000000e+00,1.0000000000e+00,1.0000000000e+00
G176,6,0,6,2.1875000000e-01,9.1529670527e-01,9.9999999998e-01,1.0000000000e+00,1.0000000000e+00,1.0000000000e+00
G168,2,0,5,9.3750000000e-02,6.2633691437e-01,9.9994693576e-01,1.0000000000e+00,1.0000000000e+00,1.0000000000e+00
G195,2,0,5,9.3750000000e-02,6.2633691437e-01,9.9994693576e-01,1.0000000000e+00,1.0000000000e+00,1.0000000000e+00
G177,10,0,8,1.7968750000e-01,8.6202725835e-01,9.9999999750e-01,1.0000000000e+00,1.0000000000e+00,1.0000000000e+00
G26_II343_A,1,0,1,5.0000000000e-01,9.9902343750e-01,1.0000000000e+00,1.0000000000e+00,1.0000000000e+00,1.0000000000e+00

circuit fault coverage,,,,,5.0633856276e-01,8.0877325641e-01,9.6035264223e-01,9.9660354591e-01,9.9999999031e-01
