net_name,f_type,cube_cnt,complete,fdp
P1_UWORD_REG_7__SCAN_IN,sa0,30,0,7.3079107322e-02
P1_UWORD_REG_6__SCAN_IN,sa1,30,0,7.3079107322e-02
P1_REIP_REG_3__SCAN_IN,sa1,30,0,3.6167526245e-01
P1_REIP_REG_4__SCAN_IN,sa0,30,0,2.8434944898e-01
P1_CODEFETCH_REG_SCAN_IN,sa1,30,0,3.6338837445e-01
P2_UWORD_REG_5__SCAN_IN,sa1,2,1,2.5000000000e-01
P2_UWORD_REG_6__SCAN_IN,sa0,2,1,2.5000000000e-01
P2_REIP_REG_2__SCAN_IN,sa1,30,0,2.0313387644e-01
P2_REIP_REG_3__SCAN_IN,sa0,30,0,3.1266850162e-02
P2_CODEFETCH_REG_SCAN_IN,sa0,30,0,4.3313831984e-01
P2_INSTQUEUE_REG_15__7__SCAN_IN,sa1,30,0,4.7694682082e-03
P3_UWORD_REG_4__SCAN_IN,sa1,2,1,2.5000000000e-01
P3_UWORD_REG_5__SCAN_IN,sa0,2,1,2.5000000000e-01
P3_INSTADDRPOINTER_REG_29__SCAN_IN,sa1,30,0,2.5048828090e-01
P3_INSTQUEUE_REG_15__6__SCAN_IN,sa1,30,0,3.9086914063e-01
P3_INSTQUEUE_REG_15__7__SCAN_IN,sa0,30,0,4.2974853516e-01
P3_INSTQUEUE_REG_14__7__SCAN_IN,sa1,30,0,4.2858886905e-01
P3_REIP_REG_2__SCAN_IN,sa0,30,0,2.0512390137e-01
P3_REIP_REG_1__SCAN_IN,sa1,30,0,3.7422943123e-01
P1_BE_N_REG_0__SCAN_IN,sa0,30,0,3.7548828124e-01
P1_UWORD_REG_8__SCAN_IN,sa0,30,0,7.3079107322e-02
P1_UWORD_REG_7__SCAN_IN,sa1,30,0,7.3079107322e-02
P1_REIP_REG_4__SCAN_IN,sa1,30,0,2.8434944898e-01
P1_REIP_REG_5__SCAN_IN,sa0,30,0,6.2534354685e-02
P2_UWORD_REG_6__SCAN_IN,sa1,2,1,2.5000000000e-01
P2_UWORD_REG_7__SCAN_IN,sa0,2,1,2.5000000000e-01
P2_REIP_REG_3__SCAN_IN,sa1,30,0,3.1266850162e-02
P2_REIP_REG_4__SCAN_IN,sa0,30,0,2.0312536820e-01
P2_CODEFETCH_REG_SCAN_IN,sa1,30,0,4.3313831984e-01
P3_UWORD_REG_5__SCAN_IN,sa1,2,1,2.5000000000e-01
P3_UWORD_REG_6__SCAN_IN,sa0,2,1,2.5000000000e-01
P3_INSTQUEUE_REG_15__7__SCAN_IN,sa1,30,0,3.9086914063e-01
P3_REIP_REG_2__SCAN_IN,sa1,30,0,2.0512390137e-01
P3_REIP_REG_3__SCAN_IN,sa0,30,0,2.0342636108e-01
P3_CODEFETCH_REG_SCAN_IN,sa0,30,0,4.3286466051e-01
P1_BE_N_REG_0__SCAN_IN,sa1,30,0,3.7548828124e-01
P1_BE_N_REG_1__SCAN_IN,sa0,30,0,3.7548828124e-01
P2_BE_N_REG_0__SCAN_IN,sa0,30,0,3.7573242187e-01
P1_UWORD_REG_9__SCAN_IN,sa0,30,0,7.3079107322e-02
P1_UWORD_REG_8__SCAN_IN,sa1,30,0,7.3079107322e-02
P1_REIP_REG_5__SCAN_IN,sa1,30,0,6.2534354685e-02
P1_REIP_REG_6__SCAN_IN,sa0,30,0,6.2534820288e-02
P2_UWORD_REG_7__SCAN_IN,sa1,2,1,2.5000000000e-01
P2_UWORD_REG_8__SCAN_IN,sa0,2,1,2.5000000000e-01
P2_REIP_REG_4__SCAN_IN,sa1,30,0,2.0312536820e-01
P2_REIP_REG_5__SCAN_IN,sa0,30,0,2.0314410375e-01
P3_UWORD_REG_6__SCAN_IN,sa1,2,1,2.5000000000e-01
P3_UWORD_REG_7__SCAN_IN,sa0,2,1,2.5000000000e-01
P3_REIP_REG_3__SCAN_IN,sa1,30,0,2.0342636108e-01
P3_REIP_REG_4__SCAN_IN,sa0,30,0,2.0383863640e-01
P3_CODEFETCH_REG_SCAN_IN,sa1,30,0,4.3286466051e-01
P1_DATAO_REG_10__SCAN_IN,sa0,30,0,9.4261248189e-02
P1_BE_N_REG_2__SCAN_IN,sa0,30,0,3.7548828124e-01
P1_BE_N_REG_1__SCAN_IN,sa1,30,0,3.7548828124e-01
P3_BE_N_REG_0__SCAN_IN,sa0,13,1,3.7597465515e-01
P2_BE_N_REG_0__SCAN_IN,sa1,30,0,3.7573242187e-01
P2_BE_N_REG_1__SCAN_IN,sa0,30,0,3.7573242187e-01
READY11_REG_SCAN_IN,sa1,30,0,1.3720810041e-01
READY1,sa1,30,0,1.3720810041e-01
P1_UWORD_REG_9__SCAN_IN,sa1,30,0,7.3079107322e-02
P1_REIP_REG_6__SCAN_IN,sa1,30,0,6.2534820288e-02
P1_REIP_REG_7__SCAN_IN,sa0,30,0,6.2534820289e-02
P2_UWORD_REG_8__SCAN_IN,sa1,2,1,2.5000000000e-01
P2_UWORD_REG_9__SCAN_IN,sa0,2,1,2.5000000000e-01
P2_REIP_REG_5__SCAN_IN,sa1,30,0,2.0314410375e-01
P2_REIP_REG_6__SCAN_IN,sa0,30,0,2.9687501548e-01
P3_UWORD_REG_7__SCAN_IN,sa1,2,1,2.5000000000e-01
P3_UWORD_REG_8__SCAN_IN,sa0,2,1,2.5000000000e-01
P3_REIP_REG_4__SCAN_IN,sa1,30,0,2.0383863640e-01
P3_REIP_REG_5__SCAN_IN,sa0,30,0,2.0391579939e-01
P1_DATAO_REG_20__SCAN_IN,sa0,30,0,9.4261248189e-02
P1_DATAO_REG_11__SCAN_IN,sa0,30,0,9.4261248189e-02
P1_DATAO_REG_10__SCAN_IN,sa1,30,0,9.4261248189e-02
P2_DATAO_REG_10__SCAN_IN,sa0,30,0,3.4454046324e-01
P1_BE_N_REG_2__SCAN_IN,sa1,30,0,3.7548828124e-01
P1_BE_N_REG_3__SCAN_IN,sa0,30,0,3.7548828124e-01
P3_BE_N_REG_0__SCAN_IN,sa1,13,1,3.7597465515e-01
P3_BE_N_REG_1__SCAN_IN,sa0,13,1,3.7597465515e-01
P2_BE_N_REG_1__SCAN_IN,sa1,30,0,3.7573242187e-01
P2_BE_N_REG_2__SCAN_IN,sa0,30,0,3.7573242187e-01
READY21_REG_SCAN_IN,sa1,30,0,1.2109388077e-01
READY12_REG_SCAN_IN,sa1,30,0,1.2109388077e-01
READY2,sa1,30,0,1.3720742986e-01
P1_REIP_REG_7__SCAN_IN,sa1,30,0,6.2534820289e-02
P1_REIP_REG_8__SCAN_IN,sa0,30,0,6.2534347206e-02
P2_UWORD_REG_9__SCAN_IN,sa1,2,1,2.5000000000e-01
P2_REIP_REG_6__SCAN_IN,sa1,30,0,2.9687501548e-01
P2_REIP_REG_7__SCAN_IN,sa0,30,0,2.9687501519e-01
P3_UWORD_REG_8__SCAN_IN,sa1,2,1,2.5000000000e-01
P3_UWORD_REG_9__SCAN_IN,sa0,2,1,2.5000000000e-01
P3_REIP_REG_5__SCAN_IN,sa1,30,0,2.0391579939e-01
P3_REIP_REG_6__SCAN_IN,sa0,30,0,2.9693603889e-01
P1_DATAO_REG_30__SCAN_IN,sa0,30,0,9.4261248189e-02
P1_DATAO_REG_21__SCAN_IN,sa0,30,0,9.4261248189e-02
P1_DATAO_REG_20__SCAN_IN,sa1,30,0,9.4261248189e-02
P2_DATAO_REG_20__SCAN_IN,sa0,30,0,3.4375071526e-01
P1_DATAO_REG_12__SCAN_IN,sa0,30,0,9.4261248189e-02
P1_DATAO_REG_11__SCAN_IN,sa1,30,0,9.4261248189e-02
P2_DATAO_REG_11__SCAN_IN,sa0,30,0,3.4454046324e-01
P2_DATAO_REG_10__SCAN_IN,sa1,30,0,3.4454046324e-01
P1_BE_N_REG_3__SCAN_IN,sa1,30,0,3.7548828124e-01
P3_BE_N_REG_2__SCAN_IN,sa0,13,1,3.7597465515e-01
P3_BE_N_REG_1__SCAN_IN,sa1,13,1,3.7597465515e-01
P2_BE_N_REG_3__SCAN_IN,sa0,30,0,3.7573242187e-01
P2_BE_N_REG_2__SCAN_IN,sa1,30,0,3.7573242187e-01
READY22_REG_SCAN_IN,sa1,30,0,1.3720742986e-01
P3_DATAO_REG_10__SCAN_IN,sa0,1,1,5.0000000000e-01
P1_REIP_REG_8__SCAN_IN,sa1,30,0,6.2534347206e-02
P1_REIP_REG_9__SCAN_IN,sa0,30,0,6.2534820288e-02
P2_REIP_REG_7__SCAN_IN,sa1,30,0,2.9687501519e-01
P2_REIP_REG_8__SCAN_IN,sa0,30,0,2.9687500017e-01
P3_UWORD_REG_9__SCAN_IN,sa1,2,1,2.5000000000e-01
P3_REIP_REG_6__SCAN_IN,sa1,30,0,2.9693603889e-01
P3_REIP_REG_7__SCAN_IN,sa0,30,0,2.9693603703e-01
P1_DATAO_REG_31__SCAN_IN,sa0,30,0,3.7704499276e-01
P1_DATAO_REG_30__SCAN_IN,sa1,30,0,9.4261248189e-02
P2_DATAO_REG_30__SCAN_IN,sa0,30,0,3.4375071526e-01
P1_DATAO_REG_22__SCAN_IN,sa0,30,0,9.4261248189e-02
P1_DATAO_REG_21__SCAN_IN,sa1,30,0,9.4261248189e-02
P2_DATAO_REG_21__SCAN_IN,sa0,30,0,3.4375071526e-01
P2_DATAO_REG_20__SCAN_IN,sa1,30,0,3.4375071526e-01
P1_DATAO_REG_13__SCAN_IN,sa0,30,0,9.4261248189e-02
P1_DATAO_REG_12__SCAN_IN,sa1,30,0,9.4261248189e-02
P2_DATAO_REG_12__SCAN_IN,sa0,30,0,3.4454046324e-01
P2_DATAO_REG_11__SCAN_IN,sa1,30,0,3.4454046324e-01
P3_BE_N_REG_2__SCAN_IN,sa1,13,1,3.7597465515e-01
P3_BE_N_REG_3__SCAN_IN,sa0,13,1,3.7597465515e-01
P2_BE_N_REG_3__SCAN_IN,sa1,30,0,3.7573242187e-01
P3_DATAO_REG_20__SCAN_IN,sa0,1,1,5.0000000000e-01
P3_DATAO_REG_11__SCAN_IN,sa0,1,1,5.0000000000e-01
P3_DATAO_REG_10__SCAN_IN,sa1,1,1,5.0000000000e-01
P1_REIP_REG_9__SCAN_IN,sa1,30,0,6.2534820288e-02
P2_REIP_REG_8__SCAN_IN,sa1,30,0,2.9687500017e-01
P2_REIP_REG_9__SCAN_IN,sa0,30,0,2.9687523845e-01
P3_REIP_REG_7__SCAN_IN,sa1,30,0,2.9693603703e-01
P3_REIP_REG_8__SCAN_IN,sa0,30,0,2.9693603610e-01
P1_DATAO_REG_31__SCAN_IN,sa1,30,0,3.7704499276e-01
P2_DATAO_REG_31__SCAN_IN,sa0,30,0,4.2828875808e-01
P2_DATAO_REG_30__SCAN_IN,sa1,30,0,3.4375071526e-01
P1_DATAO_REG_23__SCAN_IN,sa0,30,0,9.4261248189e-02
P1_DATAO_REG_22__SCAN_IN,sa1,30,0,9.4261248189e-02
P2_DATAO_REG_22__SCAN_IN,sa0,30,0,3.4375071526e-01
P2_DATAO_REG_21__SCAN_IN,sa1,30,0,3.4375071526e-01
P1_DATAO_REG_14__SCAN_IN,sa0,30,0,9.4261248189e-02
P1_DATAO_REG_13__SCAN_IN,sa1,30,0,9.4261248189e-02
P2_DATAO_REG_13__SCAN_IN,sa0,30,0,3.4454046324e-01
P2_DATAO_REG_12__SCAN_IN,sa1,30,0,3.4454046324e-01
P3_BE_N_REG_3__SCAN_IN,sa1,13,1,3.7597465515e-01
P3_DATAO_REG_30__SCAN_IN,sa0,1,1,5.0000000000e-01
P3_DATAO_REG_21__SCAN_IN,sa0,1,1,5.0000000000e-01
P3_DATAO_REG_20__SCAN_IN,sa1,1,1,5.0000000000e-01
P3_DATAO_REG_12__SCAN_IN,sa0,1,1,5.0000000000e-01
P3_DATAO_REG_11__SCAN_IN,sa1,1,1,5.0000000000e-01
P1_DATAWIDTH_REG_10__SCAN_IN,sa0,29,1,3.1250000025e-01
P2_REIP_REG_9__SCAN_IN,sa1,30,0,2.9687523845e-01
P3_REIP_REG_8__SCAN_IN,sa1,30,0,2.9693603610e-01
P3_REIP_REG_9__SCAN_IN,sa0,30,0,2.9693603563e-01
P2_DATAO_REG_31__SCAN_IN,sa1,30,0,4.2768614260e-01
P1_DATAO_REG_24__SCAN_IN,sa0,30,0,9.4261248189e-02
P1_DATAO_REG_23__SCAN_IN,sa1,30,0,9.4261248189e-02
P2_DATAO_REG_23__SCAN_IN,sa0,30,0,3.4375071526e-01
P2_DATAO_REG_22__SCAN_IN,sa1,30,0,3.4375071526e-01
P1_DATAO_REG_15__SCAN_IN,sa0,30,0,9.4261248189e-02
P1_DATAO_REG_14__SCAN_IN,sa1,30,0,9.4261248189e-02
P2_DATAO_REG_14__SCAN_IN,sa0,30,0,3.4454046324e-01
P2_DATAO_REG_13__SCAN_IN,sa1,30,0,3.4454046324e-01
P3_DATAO_REG_31__SCAN_IN,sa0,1,1,5.0000000000e-01
P3_DATAO_REG_30__SCAN_IN,sa1,1,1,5.0000000000e-01
P3_DATAO_REG_22__SCAN_IN,sa0,1,1,5.0000000000e-01
P3_DATAO_REG_21__SCAN_IN,sa1,1,1,5.0000000000e-01
P3_DATAO_REG_13__SCAN_IN,sa0,1,1,5.0000000000e-01
P3_DATAO_REG_12__SCAN_IN,sa1,1,1,5.0000000000e-01
P1_DATAWIDTH_REG_10__SCAN_IN,sa1,29,1,3.1250000025e-01
P1_DATAWIDTH_REG_11__SCAN_IN,sa0,29,1,3.1250000025e-01
P1_DATAWIDTH_REG_20__SCAN_IN,sa0,29,1,3.1250000025e-01
P2_DATAWIDTH_REG_10__SCAN_IN,sa0,28,1,3.1250000025e-01
P3_REIP_REG_9__SCAN_IN,sa1,30,0,2.9693603563e-01
P1_DATAO_REG_25__SCAN_IN,sa0,30,0,9.4261248189e-02
P1_DATAO_REG_24__SCAN_IN,sa1,30,0,9.4261248189e-02
P2_DATAO_REG_24__SCAN_IN,sa0,30,0,3.4375071526e-01
P2_DATAO_REG_23__SCAN_IN,sa1,30,0,3.4375071526e-01
P1_DATAO_REG_16__SCAN_IN,sa0,30,0,9.4261248189e-02
P1_DATAO_REG_15__SCAN_IN,sa1,30,0,9.4261248189e-02
P2_DATAO_REG_15__SCAN_IN,sa0,30,0,3.4454046324e-01
P2_DATAO_REG_14__SCAN_IN,sa1,30,0,3.4454046324e-01
P3_DATAO_REG_31__SCAN_IN,sa1,1,1,5.0000000000e-01
P3_DATAO_REG_23__SCAN_IN,sa0,1,1,5.0000000000e-01
P3_DATAO_REG_22__SCAN_IN,sa1,1,1,5.0000000000e-01
P3_DATAO_REG_14__SCAN_IN,sa0,1,1,5.0000000000e-01
P3_DATAO_REG_13__SCAN_IN,sa1,1,1,5.0000000000e-01
P1_DATAWIDTH_REG_11__SCAN_IN,sa1,29,1,3.1250000025e-01
P1_DATAWIDTH_REG_12__SCAN_IN,sa0,29,1,3.1250000025e-01
P1_DATAWIDTH_REG_20__SCAN_IN,sa1,29,1,3.1250000025e-01
P1_DATAWIDTH_REG_21__SCAN_IN,sa0,29,1,3.1250000025e-01
P1_DATAWIDTH_REG_30__SCAN_IN,sa0,29,1,3.1250000025e-01
P2_DATAWIDTH_REG_10__SCAN_IN,sa1,28,1,3.1250000025e-01
P2_DATAWIDTH_REG_11__SCAN_IN,sa0,28,1,3.1250000025e-01
P2_DATAWIDTH_REG_20__SCAN_IN,sa0,28,1,3.1250000025e-01
P3_DATAWIDTH_REG_10__SCAN_IN,sa0,29,1,3.1250000025e-01
P1_DATAO_REG_26__SCAN_IN,sa0,30,0,9.4261248189e-02
P1_DATAO_REG_25__SCAN_IN,sa1,30,0,9.4261248189e-02
P2_DATAO_REG_25__SCAN_IN,sa0,30,0,3.4375071526e-01
P2_DATAO_REG_24__SCAN_IN,sa1,30,0,3.4375071526e-01
P1_DATAO_REG_17__SCAN_IN,sa0,30,0,9.4261248189e-02
P1_DATAO_REG_16__SCAN_IN,sa1,30,0,9.4261248189e-02
P2_DATAO_REG_16__SCAN_IN,sa0,30,0,3.4375071526e-01
P2_DATAO_REG_15__SCAN_IN,sa1,30,0,3.4454046324e-01
P3_DATAO_REG_24__SCAN_IN,sa0,1,1,5.0000000000e-01
P3_DATAO_REG_23__SCAN_IN,sa1,1,1,5.0000000000e-01
P3_DATAO_REG_15__SCAN_IN,sa0,1,1,5.0000000000e-01
P3_DATAO_REG_14__SCAN_IN,sa1,1,1,5.0000000000e-01
P1_PHYADDRPOINTER_REG_10__SCAN_IN,sa0,30,0,1.8457031250e-01
P1_DATAWIDTH_REG_12__SCAN_IN,sa1,29,1,3.1250000025e-01
P1_DATAWIDTH_REG_13__SCAN_IN,sa0,29,1,3.1250000025e-01
P1_DATAWIDTH_REG_21__SCAN_IN,sa1,29,1,3.1250000025e-01
P1_DATAWIDTH_REG_22__SCAN_IN,sa0,29,1,3.1250000025e-01
P1_DATAWIDTH_REG_30__SCAN_IN,sa1,29,1,3.1250000025e-01
P1_DATAWIDTH_REG_31__SCAN_IN,sa0,29,1,3.1250000025e-01
P2_DATAWIDTH_REG_11__SCAN_IN,sa1,28,1,3.1250000025e-01
P2_DATAWIDTH_REG_12__SCAN_IN,sa0,28,1,3.1250000025e-01
P2_DATAWIDTH_REG_20__SCAN_IN,sa1,28,1,3.1250000025e-01
P2_DATAWIDTH_REG_21__SCAN_IN,sa0,28,1,3.1250000025e-01
P2_DATAWIDTH_REG_30__SCAN_IN,sa0,28,1,3.1250000025e-01
P3_DATAWIDTH_REG_10__SCAN_IN,sa1,29,1,3.1250000025e-01
P3_DATAWIDTH_REG_11__SCAN_IN,sa0,29,1,3.1250000025e-01
P3_DATAWIDTH_REG_20__SCAN_IN,sa0,29,1,3.1250000025e-01
P1_DATAO_REG_27__SCAN_IN,sa0,30,0,9.4261248189e-02
P1_DATAO_REG_26__SCAN_IN,sa1,30,0,9.4261248189e-02
P2_DATAO_REG_26__SCAN_IN,sa0,30,0,3.4375071526e-01
P2_DATAO_REG_25__SCAN_IN,sa1,30,0,3.4375071526e-01
P1_DATAO_REG_18__SCAN_IN,sa0,30,0,9.4261248189e-02
P1_DATAO_REG_17__SCAN_IN,sa1,30,0,9.4261248189e-02
P2_DATAO_REG_17__SCAN_IN,sa0,30,0,3.4375071526e-01
P2_DATAO_REG_16__SCAN_IN,sa1,30,0,3.4375071526e-01
P1_ADDRESS_REG_0__SCAN_IN,sa0,1,1,5.0000000000e-01
P3_DATAO_REG_25__SCAN_IN,sa0,1,1,5.0000000000e-01
P3_DATAO_REG_24__SCAN_IN,sa1,1,1,5.0000000000e-01
P3_DATAO_REG_16__SCAN_IN,sa0,1,1,5.0000000000e-01
P3_DATAO_REG_15__SCAN_IN,sa1,1,1,5.0000000000e-01
P1_PHYADDRPOINTER_REG_20__SCAN_IN,sa0,30,0,6.0546517372e-02
P1_PHYADDRPOINTER_REG_11__SCAN_IN,sa0,30,0,5.2764892578e-02
P1_PHYADDRPOINTER_REG_10__SCAN_IN,sa1,30,0,1.3000202179e-01
P1_DATAWIDTH_REG_13__SCAN_IN,sa1,29,1,3.1250000025e-01
P1_DATAWIDTH_REG_14__SCAN_IN,sa0,29,1,3.1250000025e-01
P1_DATAWIDTH_REG_22__SCAN_IN,sa1,29,1,3.1250000025e-01
P1_DATAWIDTH_REG_23__SCAN_IN,sa0,29,1,3.1250000025e-01
P1_DATAWIDTH_REG_31__SCAN_IN,sa1,29,1,3.1250000025e-01
P2_PHYADDRPOINTER_REG_10__SCAN_IN,sa0,30,0,1.4355474344e-01
P2_DATAWIDTH_REG_12__SCAN_IN,sa1,28,1,3.1250000025e-01
P2_DATAWIDTH_REG_13__SCAN_IN,sa0,28,1,3.1250000025e-01
P2_DATAWIDTH_REG_21__SCAN_IN,sa1,28,1,3.1250000025e-01
P2_DATAWIDTH_REG_22__SCAN_IN,sa0,28,1,3.1250000025e-01
P2_DATAWIDTH_REG_30__SCAN_IN,sa1,28,1,3.1250000025e-01
P2_DATAWIDTH_REG_31__SCAN_IN,sa0,28,1,3.1250000025e-01
P3_DATAWIDTH_REG_11__SCAN_IN,sa1,29,1,3.1250000025e-01
P3_DATAWIDTH_REG_12__SCAN_IN,sa0,29,1,3.1250000025e-01
P3_DATAWIDTH_REG_20__SCAN_IN,sa1,29,1,3.1250000025e-01
P3_DATAWIDTH_REG_21__SCAN_IN,sa0,29,1,3.1250000025e-01
P3_DATAWIDTH_REG_30__SCAN_IN,sa0,29,1,3.1250000025e-01
P2_ADDRESS_REG_0__SCAN_IN,sa0,30,0,4.4726562500e-01
P1_DATAO_REG_28__SCAN_IN,sa0,30,0,9.4261248189e-02
P1_DATAO_REG_27__SCAN_IN,sa1,30,0,9.4261248189e-02
P2_DATAO_REG_27__SCAN_IN,sa0,30,0,3.4375071526e-01
P2_DATAO_REG_26__SCAN_IN,sa1,30,0,3.4375071526e-01
P1_DATAO_REG_19__SCAN_IN,sa0,30,0,9.4261248189e-02
P1_DATAO_REG_18__SCAN_IN,sa1,30,0,9.4261248189e-02
P2_DATAO_REG_18__SCAN_IN,sa0,30,0,3.4375071526e-01
P2_DATAO_REG_17__SCAN_IN,sa1,30,0,3.4375071526e-01
P1_ADDRESS_REG_0__SCAN_IN,sa1,1,1,5.0000000000e-01
P1_ADDRESS_REG_1__SCAN_IN,sa0,1,1,5.0000000000e-01
P3_DATAO_REG_26__SCAN_IN,sa0,1,1,5.0000000000e-01
P3_DATAO_REG_25__SCAN_IN,sa1,1,1,5.0000000000e-01
P3_DATAO_REG_17__SCAN_IN,sa0,1,1,5.0000000000e-01
P3_DATAO_REG_16__SCAN_IN,sa1,1,1,5.0000000000e-01
P1_PHYADDRPOINTER_REG_30__SCAN_IN,sa0,30,0,4.4924029295e-02
P1_PHYADDRPOINTER_REG_21__SCAN_IN,sa0,30,0,5.2734404802e-02
P1_PHYADDRPOINTER_REG_20__SCAN_IN,sa1,30,0,6.0546040535e-02
P1_PHYADDRPOINTER_REG_12__SCAN_IN,sa0,30,0,5.2726745605e-02
P1_PHYADDRPOINTER_REG_11__SCAN_IN,sa1,30,0,1.8637084961e-01
P1_DATAWIDTH_REG_14__SCAN_IN,sa1,29,1,3.1250000025e-01
P1_DATAWIDTH_REG_15__SCAN_IN,sa0,29,1,3.1250000025e-01
P1_DATAWIDTH_REG_23__SCAN_IN,sa1,29,1,3.1250000025e-01
P1_DATAWIDTH_REG_24__SCAN_IN,sa0,29,1,3.1250000025e-01
P2_PHYADDRPOINTER_REG_20__SCAN_IN,sa0,30,0,1.4357000429e-01
P2_PHYADDRPOINTER_REG_11__SCAN_IN,sa0,30,0,1.4355474344e-01
P2_PHYADDRPOINTER_REG_10__SCAN_IN,sa1,30,0,1.4355474344e-01
P2_DATAWIDTH_REG_13__SCAN_IN,sa1,28,1,3.1250000025e-01
P2_DATAWIDTH_REG_14__SCAN_IN,sa0,28,1,3.1250000025e-01
P2_DATAWIDTH_REG_22__SCAN_IN,sa1,28,1,3.1250000025e-01
P2_DATAWIDTH_REG_23__SCAN_IN,sa0,28,1,3.1250000025e-01
P2_DATAWIDTH_REG_31__SCAN_IN,sa1,28,1,3.1250000025e-01
P3_PHYADDRPOINTER_REG_10__SCAN_IN,sa0,30,0,1.5600585938e-01
P3_DATAWIDTH_REG_12__SCAN_IN,sa1,29,1,3.1250000025e-01
P3_DATAWIDTH_REG_13__SCAN_IN,sa0,29,1,3.1250000025e-01
P3_DATAWIDTH_REG_21__SCAN_IN,sa1,29,1,3.1250000025e-01
P3_DATAWIDTH_REG_22__SCAN_IN,sa0,29,1,3.1250000025e-01
P3_DATAWIDTH_REG_30__SCAN_IN,sa1,29,1,3.1250000025e-01
P3_DATAWIDTH_REG_31__SCAN_IN,sa0,29,1,3.1250000025e-01
P3_ADDRESS_REG_0__SCAN_IN,sa0,15,1,4.2773437500e-01
P2_ADDRESS_REG_0__SCAN_IN,sa1,30,0,4.4726562500e-01
P2_ADDRESS_REG_1__SCAN_IN,sa0,30,0,4.4726562500e-01
P1_DATAO_REG_29__SCAN_IN,sa0,30,0,9.4261248189e-02
P1_DATAO_REG_28__SCAN_IN,sa1,30,0,9.4261248189e-02
P2_DATAO_REG_28__SCAN_IN,sa0,30,0,3.4375071526e-01
P2_DATAO_REG_27__SCAN_IN,sa1,30,0,3.4375071526e-01
P1_DATAO_REG_19__SCAN_IN,sa1,30,0,9.4261248189e-02
P2_DATAO_REG_19__SCAN_IN,sa0,30,0,3.4375071526e-01
P2_DATAO_REG_18__SCAN_IN,sa1,30,0,3.4375071526e-01
P1_ADDRESS_REG_1__SCAN_IN,sa1,1,1,5.0000000000e-01
P1_ADDRESS_REG_2__SCAN_IN,sa0,1,1,5.0000000000e-01
P3_DATAO_REG_27__SCAN_IN,sa0,1,1,5.0000000000e-01
P3_DATAO_REG_26__SCAN_IN,sa1,1,1,5.0000000000e-01
P3_DATAO_REG_18__SCAN_IN,sa0,1,1,5.0000000000e-01
P3_DATAO_REG_17__SCAN_IN,sa1,1,1,5.0000000000e-01
P1_PHYADDRPOINTER_REG_31__SCAN_IN,sa0,30,0,1.6015625000e-01
P1_PHYADDRPOINTER_REG_30__SCAN_IN,sa1,30,0,3.7113683444e-02
P1_PHYADDRPOINTER_REG_22__SCAN_IN,sa0,30,0,5.2734382451e-02
P1_PHYADDRPOINTER_REG_21__SCAN_IN,sa1,30,0,5.2734389901e-02
P1_PHYADDRPOINTER_REG_13__SCAN_IN,sa0,30,0,1.8446350098e-01
P1_PHYADDRPOINTER_REG_12__SCAN_IN,sa1,30,0,1.8623352051e-01
P1_DATAWIDTH_REG_15__SCAN_IN,sa1,29,1,3.1250000025e-01
P1_DATAWIDTH_REG_16__SCAN_IN,sa0,29,1,3.1250000025e-01
P1_DATAWIDTH_REG_24__SCAN_IN,sa1,29,1,3.1250000025e-01
P1_DATAWIDTH_REG_25__SCAN_IN,sa0,29,1,3.1250000025e-01
P2_PHYADDRPOINTER_REG_30__SCAN_IN,sa0,30,0,1.4357000223e-01
P2_PHYADDRPOINTER_REG_21__SCAN_IN,sa0,30,0,1.4357000223e-01
P2_PHYADDRPOINTER_REG_20__SCAN_IN,sa1,30,0,1.4357000429e-01
P2_PHYADDRPOINTER_REG_12__SCAN_IN,sa0,30,0,1.4355474810e-01
P2_PHYADDRPOINTER_REG_11__SCAN_IN,sa1,30,0,1.4355474344e-01
P2_DATAWIDTH_REG_14__SCAN_IN,sa1,28,1,3.1250000025e-01
P2_DATAWIDTH_REG_15__SCAN_IN,sa0,28,1,3.1250000025e-01
P2_DATAWIDTH_REG_23__SCAN_IN,sa1,28,1,3.1250000025e-01
P2_DATAWIDTH_REG_24__SCAN_IN,sa0,28,1,3.1250000025e-01
P3_PHYADDRPOINTER_REG_20__SCAN_IN,sa0,30,0,1.5600585938e-01
P3_PHYADDRPOINTER_REG_11__SCAN_IN,sa0,30,0,1.5600585938e-01
P3_PHYADDRPOINTER_REG_10__SCAN_IN,sa1,30,0,1.5600585938e-01
P3_DATAWIDTH_REG_13__SCAN_IN,sa1,29,1,3.1250000025e-01
P3_DATAWIDTH_REG_14__SCAN_IN,sa0,29,1,3.1250000025e-01
P3_DATAWIDTH_REG_22__SCAN_IN,sa1,29,1,3.1250000025e-01
P3_DATAWIDTH_REG_23__SCAN_IN,sa0,29,1,3.1250000025e-01
P3_DATAWIDTH_REG_31__SCAN_IN,sa1,29,1,3.1250000025e-01
P3_ADDRESS_REG_0__SCAN_IN,sa1,15,1,4.2773437500e-01
P3_ADDRESS_REG_1__SCAN_IN,sa0,15,1,4.2773437500e-01
P2_ADDRESS_REG_1__SCAN_IN,sa1,30,0,4.4726562500e-01
P2_ADDRESS_REG_2__SCAN_IN,sa0,30,0,4.4726562500e-01
P1_DATAO_REG_29__SCAN_IN,sa1,30,0,9.4261248189e-02
P2_DATAO_REG_29__SCAN_IN,sa0,30,0,3.4375071526e-01
P2_DATAO_REG_28__SCAN_IN,sa1,30,0,3.4375071526e-01
P2_DATAO_REG_19__SCAN_IN,sa1,30,0,3.4375071526e-01
P1_ADDRESS_REG_2__SCAN_IN,sa1,1,1,5.0000000000e-01
P1_ADDRESS_REG_3__SCAN_IN,sa0,1,1,5.0000000000e-01
P3_DATAO_REG_28__SCAN_IN,sa0,1,1,5.0000000000e-01
P3_DATAO_REG_27__SCAN_IN,sa1,1,1,5.0000000000e-01
P3_DATAO_REG_19__SCAN_IN,sa0,1,1,5.0000000000e-01
P3_DATAO_REG_18__SCAN_IN,sa1,1,1,5.0000000000e-01
P1_EAX_REG_0__SCAN_IN,sa0,16,1,2.4414062500e-04
P1_PHYADDRPOINTER_REG_31__SCAN_IN,sa1,30,0,1.6015625000e-01
P1_PHYADDRPOINTER_REG_23__SCAN_IN,sa0,30,0,5.2734375000e-02
P1_PHYADDRPOINTER_REG_22__SCAN_IN,sa1,30,0,5.2734375000e-02
P1_PHYADDRPOINTER_REG_14__SCAN_IN,sa0,30,0,6.0549736023e-02
P1_PHYADDRPOINTER_REG_13__SCAN_IN,sa1,30,0,1.1082649231e-01
P1_DATAWIDTH_REG_16__SCAN_IN,sa1,29,1,3.1250000025e-01
P1_DATAWIDTH_REG_17__SCAN_IN,sa0,29,1,3.1250000025e-01
P1_DATAWIDTH_REG_25__SCAN_IN,sa1,29,1,3.1250000025e-01
P1_DATAWIDTH_REG_26__SCAN_IN,sa0,29,1,3.1250000025e-01
P2_PHYADDRPOINTER_REG_31__SCAN_IN,sa0,30,0,1.2890630869e-01
P2_PHYADDRPOINTER_REG_30__SCAN_IN,sa1,30,0,1.4357000223e-01
P2_PHYADDRPOINTER_REG_22__SCAN_IN,sa0,30,0,1.4357000223e-01
P2_PHYADDRPOINTER_REG_21__SCAN_IN,sa1,30,0,1.4357000223e-01
P2_PHYADDRPOINTER_REG_13__SCAN_IN,sa0,30,0,1.4355474716e-01
P2_PHYADDRPOINTER_REG_12__SCAN_IN,sa1,30,0,1.4355474810e-01
P2_DATAWIDTH_REG_15__SCAN_IN,sa1,28,1,3.1250000025e-01
P2_DATAWIDTH_REG_16__SCAN_IN,sa0,28,1,3.1250000025e-01
P2_DATAWIDTH_REG_24__SCAN_IN,sa1,28,1,3.1250000025e-01
P2_DATAWIDTH_REG_25__SCAN_IN,sa0,28,1,3.1250000025e-01
P3_PHYADDRPOINTER_REG_30__SCAN_IN,sa0,30,0,1.5600585938e-01
P3_PHYADDRPOINTER_REG_21__SCAN_IN,sa0,30,0,1.5600585938e-01
P3_PHYADDRPOINTER_REG_20__SCAN_IN,sa1,30,0,1.5600585938e-01
P3_PHYADDRPOINTER_REG_12__SCAN_IN,sa0,30,0,1.5600585938e-01
P3_PHYADDRPOINTER_REG_11__SCAN_IN,sa1,30,0,1.5600585938e-01
P3_DATAWIDTH_REG_14__SCAN_IN,sa1,29,1,3.1250000025e-01
P3_DATAWIDTH_REG_15__SCAN_IN,sa0,29,1,3.1250000025e-01
P3_DATAWIDTH_REG_23__SCAN_IN,sa1,29,1,3.1250000025e-01
P3_DATAWIDTH_REG_24__SCAN_IN,sa0,29,1,3.1250000025e-01
P3_ADDRESS_REG_1__SCAN_IN,sa1,15,1,4.2773437500e-01
P3_ADDRESS_REG_2__SCAN_IN,sa0,15,1,4.2773437500e-01
P2_ADDRESS_REG_2__SCAN_IN,sa1,30,0,4.4726562500e-01
P2_ADDRESS_REG_3__SCAN_IN,sa0,30,0,4.4726562500e-01
P2_DATAO_REG_29__SCAN_IN,sa1,30,0,3.4375071526e-01
P1_ADDRESS_REG_3__SCAN_IN,sa1,1,1,5.0000000000e-01
P1_ADDRESS_REG_4__SCAN_IN,sa0,1,1,5.0000000000e-01
P3_DATAO_REG_29__SCAN_IN,sa0,1,1,5.0000000000e-01
P3_DATAO_REG_28__SCAN_IN,sa1,1,1,5.0000000000e-01
P3_DATAO_REG_19__SCAN_IN,sa1,1,1,5.0000000000e-01
P1_EBX_REG_0__SCAN_IN,sa0,30,0,7.2145091690e-04
P1_EAX_REG_0__SCAN_IN,sa1,16,1,2.4414062500e-04
P1_EAX_REG_1__SCAN_IN,sa0,30,0,1.3732910156e-04
P1_PHYADDRPOINTER_REG_24__SCAN_IN,sa0,30,0,5.2734371275e-02
P1_PHYADDRPOINTER_REG_23__SCAN_IN,sa1,30,0,5.2734367549e-02
P1_PHYADDRPOINTER_REG_15__SCAN_IN,sa0,30,0,5.8595657349e-02
P1_PHYADDRPOINTER_REG_14__SCAN_IN,sa1,30,0,6.0549736023e-02
P1_DATAWIDTH_REG_17__SCAN_IN,sa1,29,1,3.1250000025e-01
P1_DATAWIDTH_REG_18__SCAN_IN,sa0,29,1,3.1250000025e-01
P1_DATAWIDTH_REG_26__SCAN_IN,sa1,29,1,3.1250000025e-01
P1_DATAWIDTH_REG_27__SCAN_IN,sa0,29,1,3.1250000025e-01
P2_EAX_REG_0__SCAN_IN,sa0,30,0,3.8117695102e-01
P2_PHYADDRPOINTER_REG_31__SCAN_IN,sa1,30,0,1.2890630869e-01
P2_PHYADDRPOINTER_REG_23__SCAN_IN,sa0,30,0,1.4357000316e-01
P2_PHYADDRPOINTER_REG_22__SCAN_IN,sa1,30,0,1.4357000223e-01
P2_PHYADDRPOINTER_REG_14__SCAN_IN,sa0,30,0,1.4357000316e-01
P2_PHYADDRPOINTER_REG_13__SCAN_IN,sa1,30,0,1.4355474716e-01
P2_DATAWIDTH_REG_16__SCAN_IN,sa1,28,1,3.1250000025e-01
P2_DATAWIDTH_REG_17__SCAN_IN,sa0,28,1,3.1250000025e-01
P2_DATAWIDTH_REG_25__SCAN_IN,sa1,28,1,3.1250000025e-01
P2_DATAWIDTH_REG_26__SCAN_IN,sa0,28,1,3.1250000025e-01
P3_PHYADDRPOINTER_REG_31__SCAN_IN,sa0,30,0,1.5600585938e-01
P3_PHYADDRPOINTER_REG_30__SCAN_IN,sa1,30,0,1.5600585938e-01
P3_PHYADDRPOINTER_REG_22__SCAN_IN,sa0,30,0,1.5600585938e-01
P3_PHYADDRPOINTER_REG_21__SCAN_IN,sa1,30,0,1.5600585938e-01
P3_PHYADDRPOINTER_REG_13__SCAN_IN,sa0,30,0,1.5600585938e-01
P3_PHYADDRPOINTER_REG_12__SCAN_IN,sa1,30,0,1.5600585938e-01
P3_DATAWIDTH_REG_15__SCAN_IN,sa1,29,1,3.1250000025e-01
P3_DATAWIDTH_REG_16__SCAN_IN,sa0,29,1,3.1250000025e-01
P3_DATAWIDTH_REG_24__SCAN_IN,sa1,29,1,3.1250000025e-01
P3_DATAWIDTH_REG_25__SCAN_IN,sa0,29,1,3.1250000025e-01
P3_ADDRESS_REG_2__SCAN_IN,sa1,15,1,4.2773437500e-01
P3_ADDRESS_REG_3__SCAN_IN,sa0,15,1,4.2773437500e-01
P2_ADDRESS_REG_3__SCAN_IN,sa1,30,0,4.4726562500e-01
P2_ADDRESS_REG_4__SCAN_IN,sa0,30,0,4.4726562500e-01
P1_ADDRESS_REG_4__SCAN_IN,sa1,1,1,5.0000000000e-01
P1_ADDRESS_REG_5__SCAN_IN,sa0,1,1,5.0000000000e-01
P3_DATAO_REG_29__SCAN_IN,sa1,1,1,5.0000000000e-01
P1_EBX_REG_1__SCAN_IN,sa0,30,0,3.8977778191e-01
P1_EBX_REG_0__SCAN_IN,sa1,30,0,7.2145091690e-04
P1_EAX_REG_1__SCAN_IN,sa1,30,0,1.3732910156e-04
P1_EAX_REG_2__SCAN_IN,sa0,30,0,2.0027451685e-05
P1_PHYADDRPOINTER_REG_25__SCAN_IN,sa0,30,0,5.2734371275e-02
P1_PHYADDRPOINTER_REG_24__SCAN_IN,sa1,30,0,5.2734367549e-02
P1_PHYADDRPOINTER_REG_16__SCAN_IN,sa0,30,0,5.2247524261e-02
P1_PHYADDRPOINTER_REG_15__SCAN_IN,sa1,30,0,5.8595657349e-02
P1_DATAWIDTH_REG_18__SCAN_IN,sa1,29,1,3.1250000025e-01
P1_DATAWIDTH_REG_19__SCAN_IN,sa0,29,1,3.1250000025e-01
P1_DATAWIDTH_REG_27__SCAN_IN,sa1,29,1,3.1250000025e-01
P1_DATAWIDTH_REG_28__SCAN_IN,sa0,29,1,3.1250000025e-01
P2_EBX_REG_0__SCAN_IN,sa0,30,0,4.4938745696e-01
P2_EAX_REG_0__SCAN_IN,sa1,30,0,3.8117695102e-01
P2_EAX_REG_1__SCAN_IN,sa0,30,0,3.7921441370e-01
P2_PHYADDRPOINTER_REG_24__SCAN_IN,sa0,30,0,1.4357000223e-01
P2_PHYADDRPOINTER_REG_23__SCAN_IN,sa1,30,0,1.4357000316e-01
P2_PHYADDRPOINTER_REG_15__SCAN_IN,sa0,30,0,1.4357000223e-01
P2_PHYADDRPOINTER_REG_14__SCAN_IN,sa1,30,0,1.4357000316e-01
P2_DATAWIDTH_REG_17__SCAN_IN,sa1,28,1,3.1250000025e-01
P2_DATAWIDTH_REG_18__SCAN_IN,sa0,28,1,3.1250000025e-01
P2_DATAWIDTH_REG_26__SCAN_IN,sa1,28,1,3.1250000025e-01
P2_DATAWIDTH_REG_27__SCAN_IN,sa0,28,1,3.1250000025e-01
P3_EAX_REG_0__SCAN_IN,sa0,30,0,6.2383264776e-08
P3_PHYADDRPOINTER_REG_31__SCAN_IN,sa1,30,0,1.5600585938e-01
P3_PHYADDRPOINTER_REG_23__SCAN_IN,sa0,30,0,1.5600585938e-01
P3_PHYADDRPOINTER_REG_22__SCAN_IN,sa1,30,0,1.5600585938e-01
P3_PHYADDRPOINTER_REG_14__SCAN_IN,sa0,30,0,1.5600585938e-01
P3_PHYADDRPOINTER_REG_13__SCAN_IN,sa1,30,0,1.5600585938e-01
P3_DATAWIDTH_REG_16__SCAN_IN,sa1,29,1,3.1250000025e-01
P3_DATAWIDTH_REG_17__SCAN_IN,sa0,29,1,3.1250000025e-01
P3_DATAWIDTH_REG_25__SCAN_IN,sa1,29,1,3.1250000025e-01
P3_DATAWIDTH_REG_26__SCAN_IN,sa0,29,1,3.1250000025e-01
P3_ADDRESS_REG_3__SCAN_IN,sa1,15,1,4.2773437500e-01
P3_ADDRESS_REG_4__SCAN_IN,sa0,15,1,4.2773437500e-01
P2_ADDRESS_REG_4__SCAN_IN,sa1,30,0,4.4726562500e-01
P2_ADDRESS_REG_5__SCAN_IN,sa0,30,0,4.4726562500e-01
P1_ADDRESS_REG_5__SCAN_IN,sa1,1,1,5.0000000000e-01
P1_ADDRESS_REG_6__SCAN_IN,sa0,1,1,5.0000000000e-01
P1_EBX_REG_2__SCAN_IN,sa0,30,0,1.0374375236e-04
P1_EBX_REG_1__SCAN_IN,sa1,30,0,3.8977778191e-01
P1_EAX_REG_2__SCAN_IN,sa1,30,0,1.4305405786e-05
P1_EAX_REG_3__SCAN_IN,sa0,30,0,2.8610229492e-05
P1_PHYADDRPOINTER_REG_26__SCAN_IN,sa0,30,0,5.2734369412e-02
P1_PHYADDRPOINTER_REG_25__SCAN_IN,sa1,30,0,5.2734363824e-02
P1_PHYADDRPOINTER_REG_17__SCAN_IN,sa0,30,0,4.4922232628e-02
P1_PHYADDRPOINTER_REG_16__SCAN_IN,sa1,30,0,2.6904392242e-01
P1_DATAWIDTH_REG_19__SCAN_IN,sa1,29,1,3.1250000025e-01
P1_DATAWIDTH_REG_28__SCAN_IN,sa1,29,1,3.1250000025e-01
P1_DATAWIDTH_REG_29__SCAN_IN,sa0,29,1,3.1250000025e-01
P2_EBX_REG_1__SCAN_IN,sa0,30,0,3.7899124486e-01
P2_EBX_REG_0__SCAN_IN,sa1,30,0,4.4893541533e-01
P2_EAX_REG_1__SCAN_IN,sa1,30,0,3.7921441370e-01
P2_EAX_REG_2__SCAN_IN,sa0,30,0,9.5080497300e-02
P2_PHYADDRPOINTER_REG_25__SCAN_IN,sa0,30,0,1.4357000316e-01
P2_PHYADDRPOINTER_REG_24__SCAN_IN,sa1,30,0,1.4357000223e-01
P2_PHYADDRPOINTER_REG_16__SCAN_IN,sa0,30,0,1.4357000316e-01
P2_PHYADDRPOINTER_REG_15__SCAN_IN,sa1,30,0,1.4357000223e-01
P2_DATAWIDTH_REG_18__SCAN_IN,sa1,28,1,3.1250000025e-01
P2_DATAWIDTH_REG_19__SCAN_IN,sa0,28,1,3.1250000025e-01
P2_DATAWIDTH_REG_27__SCAN_IN,sa1,28,1,3.1250000025e-01
P2_DATAWIDTH_REG_28__SCAN_IN,sa0,28,1,3.1250000025e-01
P3_EBX_REG_0__SCAN_IN,sa0,30,0,3.7930164380e-01
P3_EAX_REG_0__SCAN_IN,sa1,30,0,6.2383264776e-08
P3_EAX_REG_1__SCAN_IN,sa0,30,0,6.2383264776e-08
P3_PHYADDRPOINTER_REG_24__SCAN_IN,sa0,30,0,1.5600585938e-01
P3_PHYADDRPOINTER_REG_23__SCAN_IN,sa1,30,0,1.5600585938e-01
P3_PHYADDRPOINTER_REG_15__SCAN_IN,sa0,30,0,1.5600585938e-01
P3_PHYADDRPOINTER_REG_14__SCAN_IN,sa1,30,0,1.5600585938e-01
P3_DATAWIDTH_REG_17__SCAN_IN,sa1,29,1,3.1250000025e-01
P3_DATAWIDTH_REG_18__SCAN_IN,sa0,29,1,3.1250000025e-01
P3_DATAWIDTH_REG_26__SCAN_IN,sa1,29,1,3.1250000025e-01
P3_DATAWIDTH_REG_27__SCAN_IN,sa0,29,1,3.1250000025e-01
P3_ADDRESS_REG_4__SCAN_IN,sa1,15,1,4.2773437500e-01
P3_ADDRESS_REG_5__SCAN_IN,sa0,15,1,4.2773437500e-01
P2_ADDRESS_REG_5__SCAN_IN,sa1,30,0,4.4726562500e-01
P2_ADDRESS_REG_6__SCAN_IN,sa0,30,0,4.4726562500e-01
P1_ADDRESS_REG_6__SCAN_IN,sa1,1,1,5.0000000000e-01
P1_ADDRESS_REG_7__SCAN_IN,sa0,1,1,5.0000000000e-01
P1_EBX_REG_3__SCAN_IN,sa0,30,0,2.1389422473e-03
P1_EBX_REG_2__SCAN_IN,sa1,30,0,1.0374375236e-04
P1_EAX_REG_3__SCAN_IN,sa1,30,0,2.6702880859e-05
P1_EAX_REG_4__SCAN_IN,sa0,30,0,7.1527028931e-06
P1_PHYADDRPOINTER_REG_27__SCAN_IN,sa0,30,0,4.8828111263e-02
P1_PHYADDRPOINTER_REG_26__SCAN_IN,sa1,30,0,3.8329887576e-01
P1_PHYADDRPOINTER_REG_18__SCAN_IN,sa0,30,0,4.4922113419e-02
P1_PHYADDRPOINTER_REG_17__SCAN_IN,sa1,30,0,1.8066418171e-01
P1_DATAWIDTH_REG_29__SCAN_IN,sa1,29,1,3.1250000025e-01
P2_EBX_REG_2__SCAN_IN,sa0,30,0,2.5128103886e-01
P2_EBX_REG_1__SCAN_IN,sa1,30,0,3.7899124486e-01
P2_EAX_REG_2__SCAN_IN,sa1,30,0,9.5080497300e-02
P2_EAX_REG_3__SCAN_IN,sa0,30,0,9.5289112698e-02
P2_PHYADDRPOINTER_REG_26__SCAN_IN,sa0,30,0,1.4357000223e-01
P2_PHYADDRPOINTER_REG_25__SCAN_IN,sa1,30,0,1.4357000316e-01
P2_PHYADDRPOINTER_REG_17__SCAN_IN,sa0,30,0,1.4357000223e-01
P2_PHYADDRPOINTER_REG_16__SCAN_IN,sa1,30,0,1.4357000316e-01
P2_DATAWIDTH_REG_19__SCAN_IN,sa1,28,1,3.1250000025e-01
P2_DATAWIDTH_REG_28__SCAN_IN,sa1,28,1,3.1250000025e-01
P2_DATAWIDTH_REG_29__SCAN_IN,sa0,28,1,3.1250000025e-01
P3_EBX_REG_1__SCAN_IN,sa0,30,0,3.7530715408e-01
P3_EBX_REG_0__SCAN_IN,sa1,30,0,3.7930164380e-01
P3_EAX_REG_1__SCAN_IN,sa1,30,0,6.2383264776e-08
P3_EAX_REG_2__SCAN_IN,sa0,30,0,6.2383264776e-08
P3_PHYADDRPOINTER_REG_25__SCAN_IN,sa0,30,0,1.5600585938e-01
P3_PHYADDRPOINTER_REG_24__SCAN_IN,sa1,30,0,1.5600585938e-01
P3_PHYADDRPOINTER_REG_16__SCAN_IN,sa0,30,0,1.5600585938e-01
P3_PHYADDRPOINTER_REG_15__SCAN_IN,sa1,30,0,1.5600585938e-01
P3_DATAWIDTH_REG_18__SCAN_IN,sa1,29,1,3.1250000025e-01
P3_DATAWIDTH_REG_19__SCAN_IN,sa0,29,1,3.1250000025e-01
P3_DATAWIDTH_REG_27__SCAN_IN,sa1,29,1,3.1250000025e-01
P3_DATAWIDTH_REG_28__SCAN_IN,sa0,29,1,3.1250000025e-01
P3_ADDRESS_REG_5__SCAN_IN,sa1,15,1,4.2773437500e-01
P3_ADDRESS_REG_6__SCAN_IN,sa0,15,1,4.2773437500e-01
P2_ADDRESS_REG_6__SCAN_IN,sa1,30,0,4.4726562500e-01
P2_ADDRESS_REG_7__SCAN_IN,sa0,30,0,4.4726562500e-01
P1_ADDRESS_REG_7__SCAN_IN,sa1,1,1,5.0000000000e-01
P1_ADDRESS_REG_8__SCAN_IN,sa0,1,1,5.0000000000e-01
P1_EBX_REG_4__SCAN_IN,sa0,30,0,2.1389422473e-03
P1_EBX_REG_3__SCAN_IN,sa1,30,0,2.1389422473e-03
P1_EAX_REG_4__SCAN_IN,sa1,30,0,7.1527028931e-06
P1_EAX_REG_5__SCAN_IN,sa0,30,0,1.7166516046e-05
P1_PHYADDRPOINTER_REG_28__SCAN_IN,sa0,30,0,4.8828110681e-02
P1_PHYADDRPOINTER_REG_27__SCAN_IN,sa1,30,0,3.8329887483e-01
P1_PHYADDRPOINTER_REG_19__SCAN_IN,sa0,30,0,4.8828303814e-02
P1_PHYADDRPOINTER_REG_18__SCAN_IN,sa1,30,0,6.8359494209e-02
P2_EBX_REG_3__SCAN_IN,sa0,30,0,1.5924400650e-03
P2_EBX_REG_2__SCAN_IN,sa1,30,0,2.5128103886e-01
P2_EAX_REG_3__SCAN_IN,sa1,30,0,9.5289112698e-02
P2_EAX_REG_4__SCAN_IN,sa0,30,0,9.5289113158e-02
P2_PHYADDRPOINTER_REG_27__SCAN_IN,sa0,30,0,1.4357000223e-01
P2_PHYADDRPOINTER_REG_26__SCAN_IN,sa1,30,0,1.4357000223e-01
P2_PHYADDRPOINTER_REG_18__SCAN_IN,sa0,30,0,1.4357000316e-01
P2_PHYADDRPOINTER_REG_17__SCAN_IN,sa1,30,0,1.4357000223e-01
P2_DATAWIDTH_REG_29__SCAN_IN,sa1,28,1,3.1250000025e-01
P3_EBX_REG_2__SCAN_IN,sa0,30,0,3.7525755093e-01
P3_EBX_REG_1__SCAN_IN,sa1,30,0,3.7530715408e-01
P3_EAX_REG_2__SCAN_IN,sa1,30,0,6.2383264776e-08
P3_EAX_REG_3__SCAN_IN,sa0,30,0,6.2383264776e-08
P3_PHYADDRPOINTER_REG_26__SCAN_IN,sa0,30,0,1.5603637695e-01
P3_PHYADDRPOINTER_REG_25__SCAN_IN,sa1,30,0,1.5600585938e-01
P3_PHYADDRPOINTER_REG_17__SCAN_IN,sa0,30,0,1.5600585938e-01
P3_PHYADDRPOINTER_REG_16__SCAN_IN,sa1,30,0,1.5600585938e-01
P3_DATAWIDTH_REG_19__SCAN_IN,sa1,29,1,3.1250000025e-01
P3_DATAWIDTH_REG_28__SCAN_IN,sa1,29,1,3.1250000025e-01
P3_DATAWIDTH_REG_29__SCAN_IN,sa0,29,1,3.1250000025e-01
P3_ADDRESS_REG_6__SCAN_IN,sa1,15,1,4.2773437500e-01
P3_ADDRESS_REG_7__SCAN_IN,sa0,15,1,4.2773437500e-01
P2_ADDRESS_REG_7__SCAN_IN,sa1,30,0,4.4726562500e-01
P2_ADDRESS_REG_8__SCAN_IN,sa0,30,0,4.4726562500e-01
P1_ADDRESS_REG_8__SCAN_IN,sa1,1,1,5.0000000000e-01
P1_ADDRESS_REG_9__SCAN_IN,sa0,1,1,5.0000000000e-01
P1_EBX_REG_5__SCAN_IN,sa0,30,0,2.1389422473e-03
P1_EBX_REG_4__SCAN_IN,sa1,30,0,2.1389422473e-03
P1_EAX_REG_5__SCAN_IN,sa1,30,0,1.0013958673e-05
P1_EAX_REG_6__SCAN_IN,sa0,30,0,1.0609917810e-05
P1_PHYADDRPOINTER_REG_29__SCAN_IN,sa0,30,0,3.3207433589e-02
P1_PHYADDRPOINTER_REG_28__SCAN_IN,sa1,30,0,2.7146410989e-01
P1_PHYADDRPOINTER_REG_19__SCAN_IN,sa1,30,0,1.6992199421e-01
P2_EBX_REG_4__SCAN_IN,sa0,30,0,2.5727958418e-03
P2_EBX_REG_3__SCAN_IN,sa1,30,0,1.5924400650e-03
P2_EAX_REG_4__SCAN_IN,sa1,30,0,9.5289113158e-02
P2_EAX_REG_5__SCAN_IN,sa0,30,0,9.5288875651e-02
P2_PHYADDRPOINTER_REG_28__SCAN_IN,sa0,30,0,1.4357000316e-01
P2_PHYADDRPOINTER_REG_27__SCAN_IN,sa1,30,0,1.4357000223e-01
P2_PHYADDRPOINTER_REG_19__SCAN_IN,sa0,30,0,1.4357000223e-01
P2_PHYADDRPOINTER_REG_18__SCAN_IN,sa1,30,0,1.4357000316e-01
P3_EBX_REG_3__SCAN_IN,sa0,30,0,3.7525752346e-01
P3_EBX_REG_2__SCAN_IN,sa1,30,0,3.7525755093e-01
P3_EAX_REG_3__SCAN_IN,sa1,30,0,6.2383264776e-08
P3_EAX_REG_4__SCAN_IN,sa0,30,0,6.2383264776e-08
P3_PHYADDRPOINTER_REG_27__SCAN_IN,sa0,30,0,1.5603637695e-01
P3_PHYADDRPOINTER_REG_26__SCAN_IN,sa1,30,0,1.5603637695e-01
P3_PHYADDRPOINTER_REG_18__SCAN_IN,sa0,30,0,1.5600585938e-01
P3_PHYADDRPOINTER_REG_17__SCAN_IN,sa1,30,0,1.5600585938e-01
P3_DATAWIDTH_REG_29__SCAN_IN,sa1,29,1,3.1250000025e-01
P3_ADDRESS_REG_7__SCAN_IN,sa1,15,1,4.2773437500e-01
P3_ADDRESS_REG_8__SCAN_IN,sa0,15,1,4.2773437500e-01
P2_ADDRESS_REG_8__SCAN_IN,sa1,30,0,4.4726562500e-01
P2_ADDRESS_REG_9__SCAN_IN,sa0,30,0,4.4726562500e-01
P1_ADDRESS_REG_9__SCAN_IN,sa1,1,1,5.0000000000e-01
P1_EBX_REG_6__SCAN_IN,sa0,30,0,2.1389422473e-03
P1_EBX_REG_5__SCAN_IN,sa1,30,0,2.1389422473e-03
P1_EAX_REG_6__SCAN_IN,sa1,30,0,1.0609917810e-05
P1_EAX_REG_7__SCAN_IN,sa0,30,0,1.0609917810e-05
P1_PHYADDRPOINTER_REG_29__SCAN_IN,sa1,30,0,2.3315860541e-01
P2_EBX_REG_5__SCAN_IN,sa0,30,0,1.2525519537e-01
P2_EBX_REG_4__SCAN_IN,sa1,30,0,2.5727958418e-03
P2_EAX_REG_5__SCAN_IN,sa1,30,0,9.5288875651e-02
P2_EAX_REG_6__SCAN_IN,sa0,30,0,9.5288756447e-02
P2_PHYADDRPOINTER_REG_29__SCAN_IN,sa0,30,0,1.4357000404e-01
P2_PHYADDRPOINTER_REG_28__SCAN_IN,sa1,30,0,1.4357000316e-01
P2_PHYADDRPOINTER_REG_19__SCAN_IN,sa1,30,0,1.4357000223e-01
P3_EBX_REG_4__SCAN_IN,sa0,30,0,3.7525755869e-01
P3_EBX_REG_3__SCAN_IN,sa1,30,0,3.7525752346e-01
P3_EAX_REG_4__SCAN_IN,sa1,30,0,6.2383264776e-08
P3_EAX_REG_5__SCAN_IN,sa0,30,0,6.2219442043e-08
P3_PHYADDRPOINTER_REG_28__SCAN_IN,sa0,30,0,1.5603637695e-01
P3_PHYADDRPOINTER_REG_27__SCAN_IN,sa1,30,0,1.5603637695e-01
P3_PHYADDRPOINTER_REG_19__SCAN_IN,sa0,30,0,1.5600585938e-01
P3_PHYADDRPOINTER_REG_18__SCAN_IN,sa1,30,0,1.5600585938e-01
P3_ADDRESS_REG_8__SCAN_IN,sa1,15,1,4.2773437500e-01
P3_ADDRESS_REG_9__SCAN_IN,sa0,15,1,4.2773437500e-01
P2_ADDRESS_REG_9__SCAN_IN,sa1,30,0,4.4726562500e-01
P1_EBX_REG_7__SCAN_IN,sa0,30,0,2.1389422473e-03
P1_EBX_REG_6__SCAN_IN,sa1,30,0,2.1389422473e-03
P1_EAX_REG_7__SCAN_IN,sa1,30,0,1.0609917810e-05
P1_EAX_REG_8__SCAN_IN,sa0,30,0,4.6493514678e-06
P2_EBX_REG_6__SCAN_IN,sa0,30,0,1.2550353631e-01
P2_EBX_REG_5__SCAN_IN,sa1,30,0,1.2525519537e-01
P2_EAX_REG_6__SCAN_IN,sa1,30,0,9.5288756447e-02
P2_EAX_REG_7__SCAN_IN,sa0,30,0,9.5242922200e-02
P2_PHYADDRPOINTER_REG_29__SCAN_IN,sa1,30,0,1.4357000404e-01
P3_EBX_REG_5__SCAN_IN,sa0,30,0,3.7687101217e-01
P3_EBX_REG_4__SCAN_IN,sa1,30,0,3.7525755869e-01
P3_EAX_REG_5__SCAN_IN,sa1,30,0,6.2219442043e-08
P3_EAX_REG_6__SCAN_IN,sa0,30,0,3.4929087178e-08
P3_PHYADDRPOINTER_REG_29__SCAN_IN,sa0,30,0,1.5600585938e-01
P3_PHYADDRPOINTER_REG_28__SCAN_IN,sa1,30,0,1.5603637695e-01
P3_PHYADDRPOINTER_REG_19__SCAN_IN,sa1,30,0,1.5600585938e-01
NA,sa0,10,1,1.9116306305e-01
P3_ADDRESS_REG_9__SCAN_IN,sa1,15,1,4.2773437500e-01
DATAI_10_,sa1,30,0,3.0994415345e-06
P1_BYTEENABLE_REG_0__SCAN_IN,sa0,30,0,1.2499999988e-01
P1_EBX_REG_8__SCAN_IN,sa0,30,0,2.1389422473e-03
P1_EBX_REG_7__SCAN_IN,sa1,30,0,2.1389422473e-03
P1_EAX_REG_8__SCAN_IN,sa1,30,0,4.6493514678e-06
P1_EAX_REG_9__SCAN_IN,sa0,30,0,1.0550313165e-05
P2_EBX_REG_7__SCAN_IN,sa0,30,0,1.2504625274e-01
P2_EBX_REG_6__SCAN_IN,sa1,30,0,1.2550353631e-01
P2_EAX_REG_7__SCAN_IN,sa1,30,0,9.5242922200e-02
P2_EAX_REG_8__SCAN_IN,sa0,30,0,9.4815659631e-02
P3_EBX_REG_6__SCAN_IN,sa0,30,0,3.7689103934e-01
P3_EBX_REG_5__SCAN_IN,sa1,30,0,3.7687101217e-01
P3_EAX_REG_6__SCAN_IN,sa1,30,0,3.4929087178e-08
P3_EAX_REG_7__SCAN_IN,sa0,30,0,4.2172700887e-09
P3_PHYADDRPOINTER_REG_29__SCAN_IN,sa1,30,0,1.5600585938e-01
NA,sa1,10,1,1.9116306305e-01
DATAI_11_,sa1,30,0,3.0994415345e-06
DATAI_20_,sa1,30,0,4.8863889697e-04
P1_BYTEENABLE_REG_0__SCAN_IN,sa1,30,0,1.2499999988e-01
P1_BYTEENABLE_REG_1__SCAN_IN,sa0,30,0,4.9999999953e-01
P1_EBX_REG_9__SCAN_IN,sa0,30,0,3.8977778191e-01
P1_EBX_REG_8__SCAN_IN,sa1,30,0,2.1389422473e-03
P1_EAX_REG_9__SCAN_IN,sa1,30,0,1.0550313165e-05
P1_REQUESTPENDING_REG_SCAN_IN,sa0,30,0,2.1337232087e-01
P2_BYTEENABLE_REG_0__SCAN_IN,sa0,30,0,4.9998474121e-01
P2_EBX_REG_8__SCAN_IN,sa0,30,0,3.8699862694e-01
P2_EBX_REG_7__SCAN_IN,sa1,30,0,1.2504625274e-01
P2_EAX_REG_8__SCAN_IN,sa1,30,0,9.4815659631e-02
P2_EAX_REG_9__SCAN_IN,sa0,30,0,9.3810397734e-02
P3_EBX_REG_7__SCAN_IN,sa0,30,0,3.7791087984e-01
P3_EBX_REG_6__SCAN_IN,sa1,30,0,3.7689103934e-01
P3_EAX_REG_7__SCAN_IN,sa1,30,0,4.2172700887e-09
P3_EAX_REG_8__SCAN_IN,sa0,30,0,7.6752257883e-09
DATAI_12_,sa1,30,0,3.0994415345e-06
DATAI_21_,sa1,30,0,4.8863889697e-04
DATAI_30_,sa1,30,0,3.0875220717e-05
P1_BYTEENABLE_REG_1__SCAN_IN,sa1,30,0,4.9999999953e-01
P1_BYTEENABLE_REG_2__SCAN_IN,sa0,30,0,4.9999999953e-01
P1_EBX_REG_9__SCAN_IN,sa1,30,0,3.8977778191e-01
P1_REQUESTPENDING_REG_SCAN_IN,sa1,30,0,2.1337232087e-01
P2_BYTEENABLE_REG_0__SCAN_IN,sa1,30,0,4.9998474121e-01
P2_BYTEENABLE_REG_1__SCAN_IN,sa0,30,0,4.9999999953e-01
P2_EBX_REG_9__SCAN_IN,sa0,30,0,3.8699764369e-01
P2_EBX_REG_8__SCAN_IN,sa1,30,0,3.8699862694e-01
P2_EAX_REG_9__SCAN_IN,sa1,30,0,9.3810397734e-02
P2_REQUESTPENDING_REG_SCAN_IN,sa0,30,0,2.1227035625e-01
P3_BYTEENABLE_REG_0__SCAN_IN,sa0,30,0,4.9998474121e-01
P3_EBX_REG_8__SCAN_IN,sa0,30,0,3.7502077324e-01
P3_EBX_REG_7__SCAN_IN,sa1,30,0,3.7791087984e-01
P3_EAX_REG_8__SCAN_IN,sa1,30,0,7.6752257883e-09
P3_EAX_REG_9__SCAN_IN,sa0,30,0,7.6752257883e-09
DATAI_13_,sa1,30,0,3.0994415345e-06
DATAI_22_,sa1,30,0,4.8863889333e-04
DATAI_31_,sa1,30,0,2.9304027630e-03
P1_BYTEENABLE_REG_2__SCAN_IN,sa1,30,0,4.9999999953e-01
P1_BYTEENABLE_REG_3__SCAN_IN,sa0,30,0,4.9999999953e-01
P2_BYTEENABLE_REG_2__SCAN_IN,sa0,30,0,4.9999999953e-01
P2_BYTEENABLE_REG_1__SCAN_IN,sa1,30,0,4.9999999953e-01
P2_EBX_REG_9__SCAN_IN,sa1,30,0,3.8699764369e-01
P2_REQUESTPENDING_REG_SCAN_IN,sa1,30,0,1.6412840913e-01
P3_BYTEENABLE_REG_0__SCAN_IN,sa1,30,0,4.9998474121e-01
P3_BYTEENABLE_REG_1__SCAN_IN,sa0,30,0,4.9999999953e-01
P3_EBX_REG_9__SCAN_IN,sa0,30,0,3.7503099343e-01
P3_EBX_REG_8__SCAN_IN,sa1,30,0,3.7502077324e-01
P3_EAX_REG_9__SCAN_IN,sa1,30,0,7.6752257883e-09
P3_REQUESTPENDING_REG_SCAN_IN,sa0,30,0,1.0344045695e-01
DATAI_14_,sa1,30,0,3.0994415345e-06
DATAI_23_,sa1,30,0,4.8863889538e-04
P1_BYTEENABLE_REG_3__SCAN_IN,sa1,30,0,4.9999999953e-01
P1_INSTQUEUERD_ADDR_REG_0__SCAN_IN,sa0,30,0,1.2622077777e-01
P1_STATE2_REG_0__SCAN_IN,sa0,30,0,1.9072392301e-01
P2_BYTEENABLE_REG_2__SCAN_IN,sa1,30,0,4.9999999953e-01
P2_BYTEENABLE_REG_3__SCAN_IN,sa0,30,0,4.9999999953e-01
P3_BYTEENABLE_REG_1__SCAN_IN,sa1,30,0,4.9999999953e-01
P3_BYTEENABLE_REG_2__SCAN_IN,sa0,30,0,4.9999999953e-01
P3_EBX_REG_9__SCAN_IN,sa1,30,0,3.7503099343e-01
P3_REQUESTPENDING_REG_SCAN_IN,sa1,30,0,1.0344045695e-01
DATAI_15_,sa1,30,0,1.9371509585e-06
DATAI_24_,sa1,30,0,2.9300451351e-03
P1_INSTQUEUERD_ADDR_REG_0__SCAN_IN,sa1,30,0,1.2622077777e-01
P1_INSTQUEUERD_ADDR_REG_1__SCAN_IN,sa0,30,0,1.8750010605e-01
P1_STATE2_REG_0__SCAN_IN,sa1,30,0,3.1568910182e-01
P1_STATE2_REG_1__SCAN_IN,sa0,30,0,1.3600446940e-01
P2_BYTEENABLE_REG_3__SCAN_IN,sa1,30,0,4.9999999953e-01
P2_INSTQUEUERD_ADDR_REG_0__SCAN_IN,sa0,30,0,2.3446126287e-01
P2_STATE2_REG_0__SCAN_IN,sa0,30,0,6.2499999942e-02
P3_BYTEENABLE_REG_2__SCAN_IN,sa1,30,0,4.9999999953e-01
P3_BYTEENABLE_REG_3__SCAN_IN,sa0,30,0,4.9999999953e-01
DATAI_16_,sa1,30,0,4.8863889697e-04
DATAI_25_,sa1,30,0,2.5638341967e-03
P1_INSTQUEUERD_ADDR_REG_1__SCAN_IN,sa1,30,0,1.8750010605e-01
P1_INSTQUEUERD_ADDR_REG_2__SCAN_IN,sa0,30,0,1.2514193961e-01
P1_STATE2_REG_1__SCAN_IN,sa1,30,0,1.5318934903e-01
P1_STATE2_REG_2__SCAN_IN,sa0,30,0,1.4539585874e-01
P2_INSTQUEUERD_ADDR_REG_0__SCAN_IN,sa1,30,0,2.3446138401e-01
P2_INSTQUEUERD_ADDR_REG_1__SCAN_IN,sa0,30,0,1.8750149710e-01
P2_STATE2_REG_1__SCAN_IN,sa0,30,0,2.5174070823e-01
P2_STATE2_REG_0__SCAN_IN,sa1,30,0,6.2499999942e-02
P3_BYTEENABLE_REG_3__SCAN_IN,sa1,30,0,4.9999999953e-01
P3_INSTQUEUERD_ADDR_REG_0__SCAN_IN,sa0,30,0,2.3438357729e-01
P3_STATE2_REG_0__SCAN_IN,sa0,30,0,2.8088744761e-01
DATAI_17_,sa1,30,0,4.8863889697e-04
DATAI_26_,sa1,30,0,1.5872716954e-03
P1_INSTQUEUERD_ADDR_REG_2__SCAN_IN,sa1,30,0,2.1101216087e-01
P1_INSTQUEUERD_ADDR_REG_3__SCAN_IN,sa0,30,0,2.8716213629e-01
P1_STATE2_REG_3__SCAN_IN,sa0,30,0,1.8811905384e-01
P1_STATE2_REG_2__SCAN_IN,sa1,30,0,1.4539585874e-01
P2_INSTQUEUERD_ADDR_REG_1__SCAN_IN,sa1,30,0,1.8750149710e-01
P2_INSTQUEUERD_ADDR_REG_2__SCAN_IN,sa0,30,0,1.8750024872e-01
P2_STATE2_REG_1__SCAN_IN,sa1,30,0,2.6157580005e-01
P2_STATE2_REG_2__SCAN_IN,sa0,30,0,1.6879952756e-01
P3_INSTQUEUERD_ADDR_REG_0__SCAN_IN,sa1,30,0,2.3437506222e-01
P3_INSTQUEUERD_ADDR_REG_1__SCAN_IN,sa0,30,0,2.3445898777e-01
P3_STATE2_REG_0__SCAN_IN,sa1,30,0,4.3481445313e-01
P3_STATE2_REG_1__SCAN_IN,sa0,30,0,3.3105468750e-01
DATAI_18_,sa1,30,0,4.8863889356e-04
DATAI_27_,sa1,30,0,2.9300451351e-03
P1_INSTQUEUERD_ADDR_REG_4__SCAN_IN,sa0,30,0,1.9751051774e-01
P1_INSTQUEUERD_ADDR_REG_3__SCAN_IN,sa1,30,0,2.5686914989e-01
P1_STATE2_REG_3__SCAN_IN,sa1,30,0,1.8811905384e-01
P2_INSTQUEUERD_ADDR_REG_3__SCAN_IN,sa0,30,0,9.2830657959e-03
P2_INSTQUEUERD_ADDR_REG_2__SCAN_IN,sa1,30,0,1.8750024872e-01
P2_STATE2_REG_3__SCAN_IN,sa0,30,0,8.5453403728e-02
P2_STATE2_REG_2__SCAN_IN,sa1,30,0,1.6879952756e-01
BS16,sa0,7,1,2.8906250000e-01
P3_INSTQUEUERD_ADDR_REG_1__SCAN_IN,sa1,30,0,2.3465544468e-01
P3_INSTQUEUERD_ADDR_REG_2__SCAN_IN,sa0,30,0,2.3449812931e-01
P3_STATE2_REG_1__SCAN_IN,sa1,30,0,1.1430078758e-01
P3_STATE2_REG_2__SCAN_IN,sa0,30,0,1.5238714218e-01
DATAI_19_,sa1,30,0,4.8863889697e-04
DATAI_28_,sa1,30,0,1.5872716954e-03
P1_INSTQUEUERD_ADDR_REG_4__SCAN_IN,sa1,30,0,2.2840118408e-01
P2_INSTQUEUERD_ADDR_REG_3__SCAN_IN,sa1,30,0,9.2830657959e-03
P2_INSTQUEUERD_ADDR_REG_4__SCAN_IN,sa0,30,0,1.1873221397e-01
P2_STATE2_REG_3__SCAN_IN,sa1,30,0,8.5453403728e-02
BS16,sa1,7,1,2.8906250000e-01
P3_INSTQUEUERD_ADDR_REG_2__SCAN_IN,sa1,30,0,2.6574907181e-01
P3_INSTQUEUERD_ADDR_REG_3__SCAN_IN,sa0,30,0,2.3799158833e-01
P3_STATE2_REG_3__SCAN_IN,sa0,30,0,3.1182963401e-01
P3_STATE2_REG_2__SCAN_IN,sa1,30,0,1.7826610874e-01
DATAI_29_,sa1,30,0,2.9300451351e-03
P1_LWORD_REG_10__SCAN_IN,sa0,30,0,7.3079107322e-02
P2_INSTQUEUERD_ADDR_REG_4__SCAN_IN,sa1,30,0,1.1873221397e-01
P3_INSTQUEUERD_ADDR_REG_4__SCAN_IN,sa0,30,0,3.0618574843e-01
P3_INSTQUEUERD_ADDR_REG_3__SCAN_IN,sa1,30,0,2.3445104621e-01
P3_STATE2_REG_3__SCAN_IN,sa1,30,0,2.9663139582e-01
P1_LWORD_REG_11__SCAN_IN,sa0,30,0,7.3079107322e-02
P1_LWORD_REG_10__SCAN_IN,sa1,30,0,7.3079107322e-02
P2_LWORD_REG_10__SCAN_IN,sa0,2,1,2.5000000000e-01
P3_INSTQUEUERD_ADDR_REG_4__SCAN_IN,sa1,30,0,2.2802767118e-01
P1_LWORD_REG_12__SCAN_IN,sa0,30,0,7.3079107322e-02
P1_LWORD_REG_11__SCAN_IN,sa1,30,0,7.3079107322e-02
P2_LWORD_REG_10__SCAN_IN,sa1,2,1,2.5000000000e-01
P2_LWORD_REG_11__SCAN_IN,sa0,2,1,2.5000000000e-01
P3_LWORD_REG_10__SCAN_IN,sa0,2,1,2.5000000000e-01
P1_LWORD_REG_13__SCAN_IN,sa0,30,0,7.3079107322e-02
P1_LWORD_REG_12__SCAN_IN,sa1,30,0,7.3079107322e-02
P2_LWORD_REG_11__SCAN_IN,sa1,2,1,2.5000000000e-01
P2_LWORD_REG_12__SCAN_IN,sa0,2,1,2.5000000000e-01
P3_LWORD_REG_10__SCAN_IN,sa1,2,1,2.5000000000e-01
P3_LWORD_REG_11__SCAN_IN,sa0,2,1,2.5000000000e-01
P1_LWORD_REG_14__SCAN_IN,sa0,30,0,7.3079107322e-02
P1_LWORD_REG_13__SCAN_IN,sa1,30,0,7.3079107322e-02
P1_INSTQUEUE_REG_0__0__SCAN_IN,sa0,30,0,3.6950221658e-01
P2_LWORD_REG_12__SCAN_IN,sa1,2,1,2.5000000000e-01
P2_LWORD_REG_13__SCAN_IN,sa0,2,1,2.5000000000e-01
P3_LWORD_REG_11__SCAN_IN,sa1,2,1,2.5000000000e-01
P3_LWORD_REG_12__SCAN_IN,sa0,2,1,2.5000000000e-01
P1_LWORD_REG_15__SCAN_IN,sa0,30,0,7.3079107322e-02
P1_LWORD_REG_14__SCAN_IN,sa1,30,0,7.3079107322e-02
P1_INSTADDRPOINTER_REG_0__SCAN_IN,sa0,30,0,3.4794619679e-01
P1_INSTQUEUE_REG_1__0__SCAN_IN,sa0,30,0,4.2846679688e-01
P1_INSTQUEUE_REG_0__0__SCAN_IN,sa1,30,0,4.3991851807e-01
P1_INSTQUEUE_REG_0__1__SCAN_IN,sa0,30,0,3.8769739820e-01
P2_LWORD_REG_13__SCAN_IN,sa1,2,1,2.5000000000e-01
P2_LWORD_REG_14__SCAN_IN,sa0,2,1,2.5000000000e-01
P2_INSTQUEUE_REG_0__0__SCAN_IN,sa0,30,0,3.1571689248e-01
P3_LWORD_REG_12__SCAN_IN,sa1,2,1,2.5000000000e-01
P3_LWORD_REG_13__SCAN_IN,sa0,2,1,2.5000000000e-01
BUF1_REG_0__SCAN_IN,sa0,30,0,2.1875003884e-01
P1_LWORD_REG_15__SCAN_IN,sa1,30,0,7.3079107322e-02
P1_INSTADDRPOINTER_REG_1__SCAN_IN,sa0,30,0,6.5458036843e-03
P1_INSTADDRPOINTER_REG_0__SCAN_IN,sa1,30,0,3.9172744937e-01
P1_INSTQUEUE_REG_2__0__SCAN_IN,sa0,30,0,1.5179443360e-01
P1_INSTQUEUE_REG_1__0__SCAN_IN,sa1,30,0,4.0435409546e-01
P1_INSTQUEUE_REG_1__1__SCAN_IN,sa0,30,0,4.1122436523e-01
P1_INSTQUEUE_REG_0__1__SCAN_IN,sa1,30,0,4.2547607422e-01
P1_INSTQUEUE_REG_0__2__SCAN_IN,sa0,30,0,4.1258621216e-01
P2_LWORD_REG_14__SCAN_IN,sa1,2,1,2.5000000000e-01
P2_LWORD_REG_15__SCAN_IN,sa0,2,1,2.5000000000e-01
P2_INSTADDRPOINTER_REG_0__SCAN_IN,sa0,30,0,3.7500000000e-01
P2_INSTQUEUE_REG_0__0__SCAN_IN,sa1,30,0,3.1571689248e-01
P2_INSTQUEUE_REG_1__0__SCAN_IN,sa0,30,0,3.2094417512e-01
P2_INSTQUEUE_REG_0__1__SCAN_IN,sa0,30,0,3.1619176269e-01
P3_LWORD_REG_13__SCAN_IN,sa1,2,1,2.5000000000e-01
P3_LWORD_REG_14__SCAN_IN,sa0,2,1,2.5000000000e-01
P3_INSTQUEUE_REG_0__0__SCAN_IN,sa0,30,0,3.8891601935e-01
BUF2_REG_0__SCAN_IN,sa0,30,0,4.9902816282e-01
BUF1_REG_1__SCAN_IN,sa0,30,0,4.5605474646e-01
BUF1_REG_0__SCAN_IN,sa1,30,0,2.1875003884e-01
P1_INSTADDRPOINTER_REG_2__SCAN_IN,sa0,30,0,1.1962652206e-03
P1_INSTADDRPOINTER_REG_1__SCAN_IN,sa1,30,0,6.5458036843e-03
P1_INSTQUEUE_REG_3__0__SCAN_IN,sa0,30,0,2.9750138540e-02
P1_INSTQUEUE_REG_2__0__SCAN_IN,sa1,30,0,1.5179443360e-01
P1_INSTQUEUE_REG_2__1__SCAN_IN,sa0,30,0,1.5179443360e-01
P1_INSTQUEUE_REG_1__1__SCAN_IN,sa1,30,0,4.0614318848e-01
P1_INSTQUEUE_REG_1__2__SCAN_IN,sa0,30,0,3.9782714844e-01
P1_INSTQUEUE_REG_0__2__SCAN_IN,sa1,30,0,4.0161184967e-01
P1_INSTQUEUE_REG_0__3__SCAN_IN,sa0,30,0,3.5742187221e-01
P1_FLUSH_REG_SCAN_IN,sa0,30,0,3.8180959225e-01
P2_LWORD_REG_15__SCAN_IN,sa1,2,1,2.5000000000e-01
P2_INSTADDRPOINTER_REG_1__SCAN_IN,sa0,30,0,3.1360387057e-01
P2_INSTADDRPOINTER_REG_0__SCAN_IN,sa1,30,0,3.7500000000e-01
P2_INSTQUEUE_REG_1__0__SCAN_IN,sa1,30,0,3.2094417512e-01
P2_INSTQUEUE_REG_1__1__SCAN_IN,sa0,30,0,3.2094417512e-01
P2_INSTQUEUE_REG_2__0__SCAN_IN,sa0,30,0,2.9080510139e-01
P2_INSTQUEUE_REG_0__1__SCAN_IN,sa1,30,0,3.1619176269e-01
P2_INSTQUEUE_REG_0__2__SCAN_IN,sa0,30,0,3.1595432758e-01
P3_LWORD_REG_14__SCAN_IN,sa1,2,1,2.5000000000e-01
P3_LWORD_REG_15__SCAN_IN,sa0,2,1,2.5000000000e-01
P3_INSTADDRPOINTER_REG_0__SCAN_IN,sa0,30,0,3.7722986960e-01
P3_INSTQUEUE_REG_0__1__SCAN_IN,sa0,30,0,4.0063476935e-01
P3_INSTQUEUE_REG_1__0__SCAN_IN,sa0,30,0,4.2456054688e-01
P3_INSTQUEUE_REG_0__0__SCAN_IN,sa1,30,0,4.1577148438e-01
BUF2_REG_1__SCAN_IN,sa0,30,0,4.9902840020e-01
BUF2_REG_0__SCAN_IN,sa1,30,0,4.9902497849e-01
BUF1_REG_2__SCAN_IN,sa0,30,0,4.5605474646e-01
BUF1_REG_1__SCAN_IN,sa1,30,0,4.5605474646e-01
P1_INSTQUEUE_REG_0__4__SCAN_IN,sa0,30,0,3.5742187221e-01
P1_INSTADDRPOINTER_REG_3__SCAN_IN,sa0,30,0,3.1316352263e-01
P1_INSTADDRPOINTER_REG_2__SCAN_IN,sa1,30,0,1.1962652206e-03
P1_INSTQUEUE_REG_4__0__SCAN_IN,sa0,30,0,2.1308898926e-01
P1_INSTQUEUE_REG_3__0__SCAN_IN,sa1,30,0,2.9750138540e-02
P1_INSTQUEUE_REG_3__1__SCAN_IN,sa0,30,0,2.9750138540e-02
P1_INSTQUEUE_REG_2__1__SCAN_IN,sa1,30,0,1.5179443360e-01
P1_INSTQUEUE_REG_2__2__SCAN_IN,sa0,30,0,1.5179443360e-01
P1_INSTQUEUE_REG_1__2__SCAN_IN,sa1,30,0,4.3069458008e-01
P1_INSTQUEUE_REG_1__3__SCAN_IN,sa0,30,0,4.1027832031e-01
P1_INSTQUEUE_REG_0__3__SCAN_IN,sa1,30,0,3.5742187221e-01
P1_FLUSH_REG_SCAN_IN,sa1,30,0,3.8180959225e-01
P2_INSTADDRPOINTER_REG_2__SCAN_IN,sa0,30,0,3.1264157128e-01
P2_INSTADDRPOINTER_REG_1__SCAN_IN,sa1,30,0,3.1360387057e-01
P2_FLUSH_REG_SCAN_IN,sa0,30,0,4.1467225552e-01
P2_INSTQUEUE_REG_1__1__SCAN_IN,sa1,30,0,3.2094417512e-01
P2_INSTQUEUE_REG_1__2__SCAN_IN,sa0,30,0,3.2094417512e-01
P2_INSTQUEUE_REG_2__0__SCAN_IN,sa1,30,0,2.9080510139e-01
P2_INSTQUEUE_REG_2__1__SCAN_IN,sa0,30,0,2.9080653191e-01
P2_INSTQUEUE_REG_3__0__SCAN_IN,sa0,30,0,2.6361083984e-01
P2_INSTQUEUE_REG_0__2__SCAN_IN,sa1,30,0,3.1595432758e-01
P2_INSTQUEUE_REG_0__3__SCAN_IN,sa0,30,0,3.1583943963e-01
P3_LWORD_REG_15__SCAN_IN,sa1,2,1,2.5000000000e-01
P3_INSTADDRPOINTER_REG_1__SCAN_IN,sa0,30,0,3.1325368583e-01
P3_INSTADDRPOINTER_REG_0__SCAN_IN,sa1,30,0,3.1448051333e-01
P3_INSTQUEUE_REG_0__2__SCAN_IN,sa0,30,0,4.2187500000e-01
P3_INSTQUEUE_REG_1__1__SCAN_IN,sa0,30,0,4.2175292969e-01
P3_INSTQUEUE_REG_0__1__SCAN_IN,sa1,30,0,4.0893554688e-01
P3_INSTQUEUE_REG_2__0__SCAN_IN,sa0,30,0,3.9868545532e-01
P3_INSTQUEUE_REG_1__0__SCAN_IN,sa1,30,0,4.1564941406e-01
BUF2_REG_2__SCAN_IN,sa0,30,0,4.9902793569e-01
BUF2_REG_1__SCAN_IN,sa1,30,0,4.9903000424e-01
BUF1_REG_3__SCAN_IN,sa0,30,0,4.5605474646e-01
BUF1_REG_2__SCAN_IN,sa1,30,0,4.5605474646e-01
P1_INSTQUEUE_REG_0__4__SCAN_IN,sa1,30,0,3.6621466279e-01
P1_UWORD_REG_10__SCAN_IN,sa0,30,0,7.3079107322e-02
P1_INSTADDRPOINTER_REG_4__SCAN_IN,sa0,30,0,3.1268345285e-01
P1_INSTADDRPOINTER_REG_3__SCAN_IN,sa1,30,0,3.1263771281e-01
P1_INSTQUEUE_REG_5__0__SCAN_IN,sa0,30,0,3.8461267961e-02
P1_INSTQUEUE_REG_4__0__SCAN_IN,sa1,30,0,2.1308898926e-01
P1_INSTQUEUE_REG_4__1__SCAN_IN,sa0,30,0,2.1308898926e-01
P1_INSTQUEUE_REG_3__1__SCAN_IN,sa1,30,0,2.9750138540e-02
P1_INSTQUEUE_REG_3__2__SCAN_IN,sa0,30,0,2.9750138540e-02
P1_INSTQUEUE_REG_2__2__SCAN_IN,sa1,30,0,1.5179443360e-01
P1_INSTQUEUE_REG_0__5__SCAN_IN,sa0,30,0,4.1894531250e-01
P1_INSTQUEUE_REG_2__3__SCAN_IN,sa0,30,0,1.5179443360e-01
P1_INSTQUEUE_REG_1__3__SCAN_IN,sa1,30,0,3.9984130859e-01
P1_INSTQUEUE_REG_1__4__SCAN_IN,sa0,30,0,4.0435409546e-01
P2_INSTADDRPOINTER_REG_3__SCAN_IN,sa0,30,0,3.1260844214e-01
P2_INSTADDRPOINTER_REG_2__SCAN_IN,sa1,30,0,3.1264157128e-01
P2_FLUSH_REG_SCAN_IN,sa1,30,0,4.3750417233e-01
P2_INSTQUEUE_REG_1__2__SCAN_IN,sa1,30,0,3.2094417512e-01
P2_INSTQUEUE_REG_1__3__SCAN_IN,sa0,30,0,3.2094417512e-01
P2_INSTQUEUE_REG_2__1__SCAN_IN,sa1,30,0,2.9080653191e-01
P2_INSTQUEUE_REG_2__2__SCAN_IN,sa0,30,0,2.9080510139e-01
P2_INSTQUEUE_REG_3__0__SCAN_IN,sa1,30,0,2.6361083984e-01
P2_INSTQUEUE_REG_3__1__SCAN_IN,sa0,30,0,2.9925537109e-01
P2_INSTQUEUE_REG_4__0__SCAN_IN,sa0,30,0,2.8721976280e-01
P2_INSTQUEUE_REG_0__3__SCAN_IN,sa1,30,0,3.1583943963e-01
P2_INSTQUEUE_REG_0__4__SCAN_IN,sa0,30,0,3.1571689248e-01
P3_INSTADDRPOINTER_REG_2__SCAN_IN,sa0,30,0,2.5070557371e-01
P3_INSTADDRPOINTER_REG_1__SCAN_IN,sa1,30,0,3.7687397004e-01
P3_INSTQUEUE_REG_0__3__SCAN_IN,sa0,30,0,3.9794921875e-01
P3_INSTQUEUE_REG_1__2__SCAN_IN,sa0,30,0,4.1113281995e-01
P3_INSTQUEUE_REG_0__2__SCAN_IN,sa1,30,0,4.1406250000e-01
P3_INSTQUEUE_REG_2__1__SCAN_IN,sa0,30,0,4.3505860120e-01
P3_INSTQUEUE_REG_1__1__SCAN_IN,sa1,30,0,4.1821289063e-01
P3_INSTQUEUE_REG_3__0__SCAN_IN,sa0,30,0,4.3359375000e-01
P3_INSTQUEUE_REG_2__0__SCAN_IN,sa1,30,0,4.2333984375e-01
P3_FLUSH_REG_SCAN_IN,sa0,30,0,4.3750584134e-01
BUF2_REG_3__SCAN_IN,sa0,30,0,4.9902972429e-01
BUF2_REG_2__SCAN_IN,sa1,30,0,4.9902976728e-01
BUF1_REG_4__SCAN_IN,sa0,30,0,4.5605477305e-01
BUF1_REG_3__SCAN_IN,sa1,30,0,4.5605474646e-01
P1_UWORD_REG_11__SCAN_IN,sa0,30,0,7.3079107322e-02
P1_UWORD_REG_10__SCAN_IN,sa1,30,0,7.3079107322e-02
P1_INSTADDRPOINTER_REG_5__SCAN_IN,sa0,30,0,3.1270644814e-01
P1_INSTADDRPOINTER_REG_4__SCAN_IN,sa1,30,0,3.1256899238e-01
P1_INSTQUEUE_REG_0__6__SCAN_IN,sa0,30,0,3.6328120530e-01
P1_INSTQUEUE_REG_2__4__SCAN_IN,sa0,30,0,1.5179443360e-01
P1_INSTQUEUE_REG_6__0__SCAN_IN,sa0,30,0,1.8645570800e-01
P1_INSTQUEUE_REG_5__0__SCAN_IN,sa1,30,0,3.8461267961e-02
P1_INSTQUEUE_REG_5__1__SCAN_IN,sa0,30,0,3.8461267961e-02
P1_INSTQUEUE_REG_4__1__SCAN_IN,sa1,30,0,2.1308898926e-01
P1_INSTQUEUE_REG_4__2__SCAN_IN,sa0,30,0,2.1308898926e-01
P1_INSTQUEUE_REG_3__2__SCAN_IN,sa1,30,0,2.9750138540e-02
P1_INSTQUEUE_REG_1__5__SCAN_IN,sa0,30,0,4.0754699707e-01
P1_INSTQUEUE_REG_0__5__SCAN_IN,sa1,30,0,4.0106201172e-01
P1_INSTQUEUE_REG_3__3__SCAN_IN,sa0,30,0,2.9750138540e-02
P1_INSTQUEUE_REG_2__3__SCAN_IN,sa1,30,0,1.5179443360e-01
P1_INSTQUEUE_REG_1__4__SCAN_IN,sa1,30,0,4.0439987183e-01
P2_UWORD_REG_10__SCAN_IN,sa0,2,1,2.5000000000e-01
P2_INSTADDRPOINTER_REG_4__SCAN_IN,sa0,30,0,3.1264104931e-01
P2_INSTADDRPOINTER_REG_3__SCAN_IN,sa1,30,0,3.1260844214e-01
P2_INSTQUEUE_REG_1__3__SCAN_IN,sa1,30,0,3.2094417512e-01
P2_INSTQUEUE_REG_1__4__SCAN_IN,sa0,30,0,3.2094417512e-01
P2_INSTQUEUE_REG_2__2__SCAN_IN,sa1,30,0,2.9080510139e-01
P2_INSTQUEUE_REG_2__3__SCAN_IN,sa0,30,0,2.9080510139e-01
P2_INSTQUEUE_REG_3__1__SCAN_IN,sa1,30,0,2.9925537109e-01
P2_INSTQUEUE_REG_3__2__SCAN_IN,sa0,30,0,2.6361083984e-01
P2_INSTQUEUE_REG_4__0__SCAN_IN,sa1,30,0,2.8721976280e-01
P2_INSTQUEUE_REG_4__1__SCAN_IN,sa0,30,0,2.8721976280e-01
P2_INSTQUEUE_REG_5__0__SCAN_IN,sa0,30,0,3.1326496601e-01
P2_INSTQUEUE_REG_0__4__SCAN_IN,sa1,30,0,3.1571689248e-01
P2_INSTQUEUE_REG_0__5__SCAN_IN,sa0,30,0,3.1571689248e-01
P3_INSTADDRPOINTER_REG_3__SCAN_IN,sa0,30,0,2.5156404823e-01
P3_INSTADDRPOINTER_REG_2__SCAN_IN,sa1,30,0,2.5087048858e-01
P3_INSTQUEUE_REG_1__3__SCAN_IN,sa0,30,0,4.0905761719e-01
P3_INSTQUEUE_REG_0__3__SCAN_IN,sa1,30,0,4.0502929688e-01
P3_INSTQUEUE_REG_2__2__SCAN_IN,sa0,30,0,4.1601562500e-01
P3_INSTQUEUE_REG_1__2__SCAN_IN,sa1,30,0,4.1479492188e-01
P3_INSTQUEUE_REG_0__4__SCAN_IN,sa0,30,0,4.2089843750e-01
P3_INSTQUEUE_REG_3__1__SCAN_IN,sa0,30,0,4.4030761719e-01
P3_INSTQUEUE_REG_2__1__SCAN_IN,sa1,30,0,4.2944335938e-01
P3_INSTQUEUE_REG_4__0__SCAN_IN,sa0,30,0,3.9392092824e-01
P3_INSTQUEUE_REG_3__0__SCAN_IN,sa1,30,0,4.3359375000e-01
P3_FLUSH_REG_SCAN_IN,sa1,30,0,4.6875363596e-01
BUF2_REG_4__SCAN_IN,sa0,30,0,4.9902972429e-01
BUF2_REG_3__SCAN_IN,sa1,30,0,4.9903524372e-01
BUF1_REG_5__SCAN_IN,sa0,30,0,4.6594242342e-01
BUF1_REG_4__SCAN_IN,sa1,30,0,4.5605477305e-01
P1_ADS_N_REG_SCAN_IN,sa0,1,1,5.0000000000e-01
P1_UWORD_REG_12__SCAN_IN,sa0,30,0,7.3079107322e-02
P1_UWORD_REG_11__SCAN_IN,sa1,30,0,7.3079107322e-02
P1_INSTADDRPOINTER_REG_6__SCAN_IN,sa0,30,0,3.1251750095e-01
P1_INSTADDRPOINTER_REG_5__SCAN_IN,sa1,30,0,3.1253449991e-01
P1_INSTQUEUE_REG_0__6__SCAN_IN,sa1,30,0,3.5742187221e-01
P1_INSTQUEUE_REG_2__4__SCAN_IN,sa1,30,0,1.5179443360e-01
P1_INSTQUEUE_REG_3__4__SCAN_IN,sa0,30,0,2.9750138540e-02
P1_INSTQUEUE_REG_6__0__SCAN_IN,sa1,30,0,1.8645570800e-01
P1_INSTQUEUE_REG_7__0__SCAN_IN,sa0,30,0,2.7477383628e-02
P1_INSTQUEUE_REG_6__1__SCAN_IN,sa0,30,0,1.8645570800e-01
P1_INSTQUEUE_REG_5__1__SCAN_IN,sa1,30,0,3.8461267961e-02
P1_INSTQUEUE_REG_1__6__SCAN_IN,sa0,30,0,4.1015625000e-01
P1_INSTQUEUE_REG_0__7__SCAN_IN,sa0,30,0,3.5742187221e-01
P1_INSTQUEUE_REG_5__2__SCAN_IN,sa0,30,0,3.8461267961e-02
P1_INSTQUEUE_REG_4__2__SCAN_IN,sa1,30,0,2.1308898926e-01
P1_INSTQUEUE_REG_2__5__SCAN_IN,sa0,30,0,1.5179443360e-01
P1_INSTQUEUE_REG_1__5__SCAN_IN,sa1,30,0,4.0539550781e-01
P1_INSTQUEUE_REG_4__3__SCAN_IN,sa0,30,0,2.1308898926e-01
P1_INSTQUEUE_REG_3__3__SCAN_IN,sa1,30,0,2.9750138540e-02
P2_UWORD_REG_10__SCAN_IN,sa1,2,1,2.5000000000e-01
P2_UWORD_REG_11__SCAN_IN,sa0,2,1,2.5000000000e-01
P2_INSTADDRPOINTER_REG_5__SCAN_IN,sa0,30,0,3.1395923534e-01
P2_INSTADDRPOINTER_REG_4__SCAN_IN,sa1,30,0,3.1264104931e-01
P2_INSTQUEUE_REG_1__4__SCAN_IN,sa1,30,0,3.2094417512e-01
P2_INSTQUEUE_REG_1__5__SCAN_IN,sa0,30,0,3.2094417512e-01
P2_INSTQUEUE_REG_2__3__SCAN_IN,sa1,30,0,2.9080510139e-01
P2_INSTQUEUE_REG_2__4__SCAN_IN,sa0,30,0,2.9080510139e-01
P2_INSTQUEUE_REG_3__2__SCAN_IN,sa1,30,0,2.6361083984e-01
P2_INSTQUEUE_REG_3__3__SCAN_IN,sa0,30,0,2.6361083984e-01
P2_INSTQUEUE_REG_4__1__SCAN_IN,sa1,30,0,2.8721976280e-01
P2_INSTQUEUE_REG_4__2__SCAN_IN,sa0,30,0,2.8721976280e-01
P2_INSTQUEUE_REG_5__0__SCAN_IN,sa1,30,0,3.1366169453e-01
P2_INSTQUEUE_REG_5__1__SCAN_IN,sa0,30,0,3.1382954121e-01
P2_INSTQUEUE_REG_6__0__SCAN_IN,sa0,30,0,2.9140853882e-01
P2_INSTQUEUE_REG_0__5__SCAN_IN,sa1,30,0,3.1571689248e-01
P2_INSTQUEUE_REG_0__6__SCAN_IN,sa0,30,0,3.1571911275e-01
P3_UWORD_REG_10__SCAN_IN,sa0,2,1,2.5000000000e-01
P3_INSTADDRPOINTER_REG_4__SCAN_IN,sa0,30,0,3.1360116880e-01
P3_INSTADDRPOINTER_REG_3__SCAN_IN,sa1,30,0,2.5109906681e-01
P3_INSTQUEUE_REG_0__5__SCAN_IN,sa0,30,0,4.1235351563e-01
P3_INSTQUEUE_REG_2__3__SCAN_IN,sa0,30,0,4.3920898438e-01
P3_INSTQUEUE_REG_1__3__SCAN_IN,sa1,30,0,4.0380862355e-01
P3_INSTQUEUE_REG_3__2__SCAN_IN,sa0,30,0,4.2285156250e-01
P3_INSTQUEUE_REG_2__2__SCAN_IN,sa1,30,0,4.2065429688e-01
P3_INSTQUEUE_REG_1__4__SCAN_IN,sa0,30,0,4.0429688990e-01
P3_INSTQUEUE_REG_0__4__SCAN_IN,sa1,30,0,4.0063477308e-01
P3_INSTQUEUE_REG_4__1__SCAN_IN,sa0,30,0,4.1662598029e-01
P3_INSTQUEUE_REG_3__1__SCAN_IN,sa1,30,0,4.2724609375e-01
P3_INSTQUEUE_REG_5__0__SCAN_IN,sa0,30,0,4.3017578125e-01
P3_INSTQUEUE_REG_4__0__SCAN_IN,sa1,30,0,4.1955566406e-01
BUF2_REG_5__SCAN_IN,sa0,30,0,4.9902880185e-01
BUF2_REG_4__SCAN_IN,sa1,30,0,4.9903524372e-01
BUF1_REG_6__SCAN_IN,sa0,30,0,4.5605482543e-01
BUF1_REG_5__SCAN_IN,sa1,30,0,4.6594242342e-01
P2_ADS_N_REG_SCAN_IN,sa0,30,0,1.8963384570e-01
P1_ADS_N_REG_SCAN_IN,sa1,1,1,5.0000000000e-01
P1_UWORD_REG_13__SCAN_IN,sa0,30,0,7.3079107322e-02
P1_UWORD_REG_12__SCAN_IN,sa1,30,0,7.3079107322e-02
P1_INSTADDRPOINTER_REG_7__SCAN_IN,sa0,30,0,3.1251701573e-01
P1_INSTADDRPOINTER_REG_6__SCAN_IN,sa1,30,0,4.0665696946e-01
P1_INSTQUEUE_REG_3__4__SCAN_IN,sa1,30,0,2.9750138540e-02
P1_INSTQUEUE_REG_3__5__SCAN_IN,sa0,30,0,2.9750138540e-02
P1_INSTQUEUE_REG_8__0__SCAN_IN,sa0,30,0,1.8798065186e-01
P1_INSTQUEUE_REG_7__0__SCAN_IN,sa1,30,0,2.7477383628e-02
P1_INSTQUEUE_REG_6__1__SCAN_IN,sa1,30,0,1.8645570800e-01
P1_INSTQUEUE_REG_7__1__SCAN_IN,sa0,30,0,2.7477383628e-02
P1_INSTQUEUE_REG_2__6__SCAN_IN,sa0,30,0,1.5179443360e-01
P1_INSTQUEUE_REG_1__6__SCAN_IN,sa1,30,0,4.2520141602e-01
P1_INSTQUEUE_REG_1__7__SCAN_IN,sa0,30,0,4.2578125000e-01
P1_INSTQUEUE_REG_0__7__SCAN_IN,sa1,30,0,3.5742187221e-01
P1_INSTQUEUE_REG_6__2__SCAN_IN,sa0,30,0,1.8645570800e-01
P1_INSTQUEUE_REG_5__2__SCAN_IN,sa1,30,0,3.8461267961e-02
P1_INSTQUEUE_REG_2__5__SCAN_IN,sa1,30,0,1.5179443360e-01
P1_INSTQUEUE_REG_5__3__SCAN_IN,sa0,30,0,3.8461267961e-02
P1_INSTQUEUE_REG_4__3__SCAN_IN,sa1,30,0,2.1308898926e-01
P1_REIP_REG_10__SCAN_IN,sa0,30,0,6.2534820288e-02
P1_INSTQUEUE_REG_4__4__SCAN_IN,sa0,30,0,2.1308898926e-01
P2_UWORD_REG_11__SCAN_IN,sa1,2,1,2.5000000000e-01
P2_UWORD_REG_12__SCAN_IN,sa0,2,1,2.5000000000e-01
P2_INSTADDRPOINTER_REG_6__SCAN_IN,sa0,30,0,3.1395923534e-01
P2_INSTADDRPOINTER_REG_5__SCAN_IN,sa1,30,0,3.1395923534e-01
P2_INSTQUEUE_REG_1__5__SCAN_IN,sa1,30,0,3.2094417512e-01
P2_INSTQUEUE_REG_1__6__SCAN_IN,sa0,30,0,2.9669189453e-01
P2_INSTQUEUE_REG_2__4__SCAN_IN,sa1,30,0,2.9080510139e-01
P2_INSTQUEUE_REG_2__5__SCAN_IN,sa0,30,0,2.9080510139e-01
P2_INSTQUEUE_REG_3__3__SCAN_IN,sa1,30,0,2.6361083984e-01
P2_INSTQUEUE_REG_3__4__SCAN_IN,sa0,30,0,2.6361083984e-01
P2_INSTQUEUE_REG_4__2__SCAN_IN,sa1,30,0,2.8721976280e-01
P2_INSTQUEUE_REG_4__3__SCAN_IN,sa0,30,0,2.8721976280e-01
P2_INSTQUEUE_REG_5__1__SCAN_IN,sa1,30,0,3.1347858906e-01
P2_INSTQUEUE_REG_5__2__SCAN_IN,sa0,30,0,3.1918537617e-01
P2_INSTQUEUE_REG_6__0__SCAN_IN,sa1,30,0,2.9140853882e-01
P2_INSTQUEUE_REG_6__1__SCAN_IN,sa0,30,0,2.9140853882e-01
P2_INSTQUEUE_REG_7__0__SCAN_IN,sa0,30,0,2.5992202759e-01
P2_INSTQUEUE_REG_0__6__SCAN_IN,sa1,30,0,3.1571911275e-01
P2_INSTQUEUE_REG_0__7__SCAN_IN,sa0,30,0,3.1571689248e-01
P3_UWORD_REG_10__SCAN_IN,sa1,2,1,2.5000000000e-01
P3_UWORD_REG_11__SCAN_IN,sa0,2,1,2.5000000000e-01
P3_INSTADDRPOINTER_REG_5__SCAN_IN,sa0,30,0,4.0717470646e-01
P3_INSTADDRPOINTER_REG_4__SCAN_IN,sa1,30,0,3.4494048357e-01
P3_INSTQUEUE_REG_0__6__SCAN_IN,sa0,30,0,4.0991210938e-01
P3_INSTQUEUE_REG_1__5__SCAN_IN,sa0,30,0,4.2456054688e-01
P3_INSTQUEUE_REG_0__5__SCAN_IN,sa1,30,0,4.1723632813e-01
P3_INSTQUEUE_REG_3__3__SCAN_IN,sa0,30,0,4.3280029297e-01
P3_INSTQUEUE_REG_2__3__SCAN_IN,sa1,30,0,4.1662597656e-01
P3_INSTQUEUE_REG_4__2__SCAN_IN,sa0,30,0,4.2895507813e-01
P3_INSTQUEUE_REG_3__2__SCAN_IN,sa1,30,0,4.2163085938e-01
P3_INSTQUEUE_REG_2__4__SCAN_IN,sa0,30,0,3.9698314667e-01
P3_INSTQUEUE_REG_1__4__SCAN_IN,sa1,30,0,4.1223144531e-01
P3_INSTQUEUE_REG_5__1__SCAN_IN,sa0,30,0,4.1607666016e-01
P3_INSTQUEUE_REG_4__1__SCAN_IN,sa1,30,0,4.0283203870e-01
P3_INSTQUEUE_REG_6__0__SCAN_IN,sa0,30,0,4.3920898438e-01
P3_INSTQUEUE_REG_5__0__SCAN_IN,sa1,30,0,4.1847229004e-01
BUF2_REG_6__SCAN_IN,sa0,30,0,4.9903532861e-01
BUF2_REG_5__SCAN_IN,sa1,30,0,4.9902972348e-01
BUF1_REG_7__SCAN_IN,sa0,30,0,4.5605474646e-01
BUF1_REG_6__SCAN_IN,sa1,30,0,4.5605482543e-01
P2_ADS_N_REG_SCAN_IN,sa1,30,0,1.8963146181e-01
P3_ADS_N_REG_SCAN_IN,sa0,1,1,5.0000000000e-01
P1_UWORD_REG_14__SCAN_IN,sa0,30,0,7.3079107322e-02
P1_UWORD_REG_13__SCAN_IN,sa1,30,0,7.3079107322e-02
P1_INSTADDRPOINTER_REG_8__SCAN_IN,sa0,30,0,3.1288390886e-01
P1_INSTADDRPOINTER_REG_7__SCAN_IN,sa1,30,0,3.1258724263e-01
P1_INSTQUEUE_REG_3__5__SCAN_IN,sa1,30,0,2.9750138540e-02
P1_INSTQUEUE_REG_5__4__SCAN_IN,sa0,30,0,3.8461267961e-02
P1_INSTQUEUE_REG_9__0__SCAN_IN,sa0,30,0,2.0772552491e-01
P1_INSTQUEUE_REG_8__0__SCAN_IN,sa1,30,0,1.8798065186e-01
P1_INSTQUEUE_REG_8__1__SCAN_IN,sa0,30,0,1.8798065186e-01
P1_INSTQUEUE_REG_7__1__SCAN_IN,sa1,30,0,2.7477383628e-02
P1_INSTQUEUE_REG_2__6__SCAN_IN,sa1,30,0,1.5179443360e-01
P1_INSTQUEUE_REG_2__7__SCAN_IN,sa0,30,0,1.5179443360e-01
P1_INSTQUEUE_REG_1__7__SCAN_IN,sa1,30,0,4.1760253906e-01
P1_INSTQUEUE_REG_6__2__SCAN_IN,sa1,30,0,1.8645570800e-01
P1_INSTQUEUE_REG_7__2__SCAN_IN,sa0,30,0,2.7477383628e-02
P1_INSTQUEUE_REG_4__5__SCAN_IN,sa0,30,0,2.1308898926e-01
P1_INSTQUEUE_REG_6__3__SCAN_IN,sa0,30,0,1.8645570800e-01
P1_INSTQUEUE_REG_5__3__SCAN_IN,sa1,30,0,3.8461267961e-02
P1_REIP_REG_10__SCAN_IN,sa1,30,0,6.2534820288e-02
P1_REIP_REG_11__SCAN_IN,sa0,30,0,6.2534820288e-02
P1_REIP_REG_20__SCAN_IN,sa0,30,0,1.5640796060e-02
P1_INSTQUEUE_REG_4__4__SCAN_IN,sa1,30,0,2.1308898926e-01
P1_INSTQUEUE_REG_3__6__SCAN_IN,sa0,30,0,2.9750138540e-02
P1_INSTQUEUEWR_ADDR_REG_0__SCAN_IN,sa0,30,0,2.8573089971e-01
P2_UWORD_REG_12__SCAN_IN,sa1,2,1,2.5000000000e-01
P2_UWORD_REG_13__SCAN_IN,sa0,2,1,2.5000000000e-01
P2_INSTADDRPOINTER_REG_7__SCAN_IN,sa0,30,0,3.1395923534e-01
P2_INSTADDRPOINTER_REG_6__SCAN_IN,sa1,30,0,3.1395923534e-01
P2_REIP_REG_10__SCAN_IN,sa0,30,0,2.9687523843e-01
P2_INSTQUEUE_REG_1__6__SCAN_IN,sa1,30,0,2.9669189453e-01
P2_INSTQUEUE_REG_1__7__SCAN_IN,sa0,30,0,3.2094417512e-01
P2_INSTQUEUE_REG_2__5__SCAN_IN,sa1,30,0,2.9080510139e-01
P2_INSTQUEUE_REG_2__6__SCAN_IN,sa0,30,0,2.9080593586e-01
P2_INSTQUEUE_REG_3__4__SCAN_IN,sa1,30,0,2.6361083984e-01
P2_INSTQUEUE_REG_3__5__SCAN_IN,sa0,30,0,2.6361083984e-01
P2_INSTQUEUE_REG_4__3__SCAN_IN,sa1,30,0,2.8721976280e-01
P2_INSTQUEUE_REG_4__4__SCAN_IN,sa0,30,0,2.8721976280e-01
P2_INSTQUEUE_REG_5__2__SCAN_IN,sa1,30,0,3.4283447266e-01
P2_INSTQUEUE_REG_5__3__SCAN_IN,sa0,30,0,3.1353580952e-01
P2_INSTQUEUE_REG_6__1__SCAN_IN,sa1,30,0,2.9140853882e-01
P2_INSTQUEUE_REG_6__2__SCAN_IN,sa0,30,0,2.9140853882e-01
P2_INSTQUEUE_REG_7__0__SCAN_IN,sa1,30,0,2.5992202759e-01
P2_INSTQUEUE_REG_7__1__SCAN_IN,sa0,30,0,2.9361343384e-01
P2_INSTQUEUE_REG_8__0__SCAN_IN,sa0,30,0,2.8481650352e-01
P2_INSTQUEUE_REG_0__7__SCAN_IN,sa1,30,0,3.1571689248e-01
P3_UWORD_REG_11__SCAN_IN,sa1,2,1,2.5000000000e-01
P3_UWORD_REG_12__SCAN_IN,sa0,2,1,2.5000000000e-01
P3_INSTADDRPOINTER_REG_6__SCAN_IN,sa0,30,0,2.5149917742e-01
P3_INSTADDRPOINTER_REG_5__SCAN_IN,sa1,30,0,3.7624373473e-01
P3_INSTQUEUE_REG_1__6__SCAN_IN,sa0,30,0,4.1894721985e-01
P3_INSTQUEUE_REG_0__6__SCAN_IN,sa1,30,0,4.2675781250e-01
P3_INSTQUEUE_REG_2__5__SCAN_IN,sa0,30,0,4.1894531250e-01
P3_INSTQUEUE_REG_1__5__SCAN_IN,sa1,30,0,4.2456054688e-01
P3_INSTQUEUE_REG_0__7__SCAN_IN,sa0,30,0,4.0380859375e-01
P3_INSTQUEUE_REG_4__3__SCAN_IN,sa0,30,0,4.2724609375e-01
P3_INSTQUEUE_REG_3__3__SCAN_IN,sa1,30,0,4.4299316406e-01
P3_INSTQUEUE_REG_5__2__SCAN_IN,sa0,30,0,4.3713378906e-01
P3_INSTQUEUE_REG_4__2__SCAN_IN,sa1,30,0,4.1125488281e-01
P3_INSTQUEUE_REG_3__4__SCAN_IN,sa0,30,0,4.0310668945e-01
P3_INSTQUEUE_REG_2__4__SCAN_IN,sa1,30,0,4.1577148438e-01
P3_INSTQUEUE_REG_6__1__SCAN_IN,sa0,30,0,4.3945313245e-01
P3_INSTQUEUE_REG_5__1__SCAN_IN,sa1,30,0,4.5056152344e-01
P3_INSTQUEUE_REG_7__0__SCAN_IN,sa0,30,0,4.3835449219e-01
P3_INSTQUEUE_REG_6__0__SCAN_IN,sa1,30,0,4.5190429688e-01
BUF2_REG_7__SCAN_IN,sa0,30,0,4.9903353199e-01
BUF2_REG_6__SCAN_IN,sa1,30,0,4.9903358036e-01
BUF1_REG_8__SCAN_IN,sa0,30,0,4.7430419922e-01
BUF1_REG_7__SCAN_IN,sa1,30,0,4.5605474646e-01
P3_ADS_N_REG_SCAN_IN,sa1,1,1,5.0000000000e-01
P1_UWORD_REG_14__SCAN_IN,sa1,30,0,7.3079107322e-02
P1_INSTADDRPOINTER_REG_9__SCAN_IN,sa0,30,0,3.1349208811e-01
P1_INSTADDRPOINTER_REG_8__SCAN_IN,sa1,30,0,3.1250234321e-01
P1_INSTQUEUE_REG_5__4__SCAN_IN,sa1,30,0,3.8461267961e-02
P1_INSTQUEUE_REG_9__0__SCAN_IN,sa1,30,0,2.0772552491e-01
P1_INSTQUEUE_REG_9__1__SCAN_IN,sa0,30,0,2.0772552491e-01
P1_INSTQUEUE_REG_8__1__SCAN_IN,sa1,30,0,1.8798065186e-01
P1_INSTQUEUE_REG_4__6__SCAN_IN,sa0,30,0,2.1308898926e-01
P1_INSTQUEUE_REG_3__7__SCAN_IN,sa0,30,0,2.9750138540e-02
P1_INSTQUEUE_REG_2__7__SCAN_IN,sa1,30,0,1.5179443360e-01
P1_INSTQUEUE_REG_8__2__SCAN_IN,sa0,30,0,1.8798065186e-01
P1_INSTQUEUE_REG_7__2__SCAN_IN,sa1,30,0,2.7477383628e-02
P1_INSTQUEUE_REG_4__5__SCAN_IN,sa1,30,0,2.1308898926e-01
P1_INSTQUEUE_REG_6__3__SCAN_IN,sa1,30,0,1.8645570800e-01
P1_INSTQUEUE_REG_7__3__SCAN_IN,sa0,30,0,2.7477383628e-02
P1_REIP_REG_11__SCAN_IN,sa1,30,0,6.2534820288e-02
P1_REIP_REG_12__SCAN_IN,sa0,30,0,7.0312740281e-02
P1_REIP_REG_20__SCAN_IN,sa1,30,0,1.5640796060e-02
P1_REIP_REG_21__SCAN_IN,sa0,30,0,1.5640796060e-02
P1_REIP_REG_30__SCAN_IN,sa0,30,0,3.6919274367e-01
P1_INSTQUEUE_REG_6__4__SCAN_IN,sa0,30,0,1.8645570800e-01
P1_INSTQUEUE_REG_3__6__SCAN_IN,sa1,30,0,2.9750138540e-02
P1_INSTQUEUE_REG_5__5__SCAN_IN,sa0,30,0,3.8461267961e-02
P1_INSTQUEUEWR_ADDR_REG_0__SCAN_IN,sa1,30,0,3.0141204217e-01
P1_INSTQUEUEWR_ADDR_REG_1__SCAN_IN,sa0,30,0,2.9606446469e-01
P2_UWORD_REG_13__SCAN_IN,sa1,2,1,2.5000000000e-01
P2_UWORD_REG_14__SCAN_IN,sa0,2,1,2.5000000000e-01
P2_INSTADDRPOINTER_REG_8__SCAN_IN,sa0,30,0,3.1395923534e-01
P2_INSTADDRPOINTER_REG_7__SCAN_IN,sa1,30,0,3.1395923534e-01
P2_REIP_REG_10__SCAN_IN,sa1,30,0,2.9687523843e-01
P2_REIP_REG_11__SCAN_IN,sa0,30,0,2.9687523843e-01
P2_REIP_REG_20__SCAN_IN,sa0,30,0,2.9687500000e-01
P2_INSTQUEUE_REG_1__7__SCAN_IN,sa1,30,0,3.2094417512e-01
P2_INSTQUEUE_REG_2__6__SCAN_IN,sa1,30,0,2.9080593586e-01
P2_INSTQUEUE_REG_2__7__SCAN_IN,sa0,30,0,2.9080510139e-01
P2_INSTQUEUE_REG_3__5__SCAN_IN,sa1,30,0,2.6361083984e-01
P2_INSTQUEUE_REG_3__6__SCAN_IN,sa0,30,0,2.5189208984e-01
P2_INSTQUEUE_REG_4__4__SCAN_IN,sa1,30,0,2.8721976280e-01
P2_INSTQUEUE_REG_4__5__SCAN_IN,sa0,30,0,2.8721976280e-01
P2_INSTQUEUE_REG_5__3__SCAN_IN,sa1,30,0,3.4283447266e-01
P2_INSTQUEUE_REG_5__4__SCAN_IN,sa0,30,0,3.4283447266e-01
P2_INSTQUEUE_REG_6__2__SCAN_IN,sa1,30,0,2.9140853882e-01
P2_INSTQUEUE_REG_6__3__SCAN_IN,sa0,30,0,2.9140853882e-01
P2_INSTQUEUE_REG_7__1__SCAN_IN,sa1,30,0,2.9361343384e-01
P2_INSTQUEUE_REG_7__2__SCAN_IN,sa0,30,0,2.8921890259e-01
P2_INSTQUEUE_REG_8__0__SCAN_IN,sa1,30,0,2.8481650352e-01
P2_INSTQUEUE_REG_8__1__SCAN_IN,sa0,30,0,2.8481650352e-01
P2_INSTQUEUE_REG_9__0__SCAN_IN,sa0,30,0,1.0095544090e-01
P2_INSTQUEUEWR_ADDR_REG_0__SCAN_IN,sa0,22,1,4.7509765625e-01
P3_UWORD_REG_12__SCAN_IN,sa1,2,1,2.5000000000e-01
P3_UWORD_REG_13__SCAN_IN,sa0,2,1,2.5000000000e-01
P3_INSTADDRPOINTER_REG_7__SCAN_IN,sa0,30,0,2.5125370920e-01
P3_INSTADDRPOINTER_REG_6__SCAN_IN,sa1,30,0,2.5124174822e-01
P3_INSTQUEUE_REG_2__6__SCAN_IN,sa0,30,0,3.9868545532e-01
P3_INSTQUEUE_REG_1__6__SCAN_IN,sa1,30,0,4.1479492188e-01
P3_INSTQUEUE_REG_3__5__SCAN_IN,sa0,30,0,4.4433593750e-01
P3_INSTQUEUE_REG_2__5__SCAN_IN,sa1,30,0,4.2492675781e-01
P3_INSTQUEUE_REG_1__7__SCAN_IN,sa0,30,0,4.3225097656e-01
P3_INSTQUEUE_REG_0__7__SCAN_IN,sa1,30,0,4.2089843750e-01
P3_INSTQUEUE_REG_5__3__SCAN_IN,sa0,30,0,4.3652343750e-01
P3_INSTQUEUE_REG_4__3__SCAN_IN,sa1,30,0,4.1821289063e-01
P3_INSTQUEUE_REG_6__2__SCAN_IN,sa0,30,0,4.3762207031e-01
P3_INSTQUEUE_REG_5__2__SCAN_IN,sa1,30,0,4.1046142578e-01
P3_INSTQUEUE_REG_4__4__SCAN_IN,sa0,30,0,3.9221239090e-01
P3_INSTQUEUE_REG_3__4__SCAN_IN,sa1,30,0,4.3658447266e-01
P3_INSTQUEUE_REG_7__1__SCAN_IN,sa0,30,0,4.5410156250e-01
P3_INSTQUEUE_REG_6__1__SCAN_IN,sa1,30,0,4.3737792969e-01
P3_INSTQUEUE_REG_8__0__SCAN_IN,sa0,30,0,4.2199707031e-01
P3_INSTQUEUE_REG_7__0__SCAN_IN,sa1,30,0,4.4445800781e-01
P3_REIP_REG_10__SCAN_IN,sa0,30,0,2.9693603540e-01
BUF2_REG_8__SCAN_IN,sa0,30,0,4.9902345578e-01
BUF2_REG_7__SCAN_IN,sa1,30,0,4.9902987439e-01
BUF1_REG_9__SCAN_IN,sa0,30,0,4.7430419922e-01
BUF1_REG_8__SCAN_IN,sa1,30,0,4.7430419922e-01
P1_INSTADDRPOINTER_REG_9__SCAN_IN,sa1,30,0,3.1250540543e-01
P1_INSTQUEUE_REG_7__4__SCAN_IN,sa0,30,0,2.7477383628e-02
P1_INSTQUEUE_REG_9__1__SCAN_IN,sa1,30,0,2.0772552491e-01
P1_INSTQUEUE_REG_5__6__SCAN_IN,sa0,30,0,3.8461267961e-02
P1_INSTQUEUE_REG_4__6__SCAN_IN,sa1,30,0,2.1308898926e-01
P1_INSTQUEUE_REG_4__7__SCAN_IN,sa0,30,0,2.1308898926e-01
P1_INSTQUEUE_REG_3__7__SCAN_IN,sa1,30,0,2.9750138540e-02
P1_INSTQUEUE_REG_9__2__SCAN_IN,sa0,30,0,2.0772552491e-01
P1_INSTQUEUE_REG_8__2__SCAN_IN,sa1,30,0,1.8798065186e-01
P1_INSTQUEUE_REG_8__3__SCAN_IN,sa0,30,0,1.8798065186e-01
P1_INSTQUEUE_REG_7__3__SCAN_IN,sa1,30,0,2.7477383628e-02
P1_REIP_REG_12__SCAN_IN,sa1,30,0,7.0312740281e-02
P1_REIP_REG_13__SCAN_IN,sa0,30,0,6.2584236279e-02
P1_REIP_REG_21__SCAN_IN,sa1,30,0,1.5640796060e-02
P1_REIP_REG_22__SCAN_IN,sa0,30,0,1.5640796060e-02
P1_REIP_REG_30__SCAN_IN,sa1,30,0,3.7422379199e-01
P1_REIP_REG_31__SCAN_IN,sa0,30,0,3.6255197972e-01
P1_INSTQUEUE_REG_6__4__SCAN_IN,sa1,30,0,1.8645570800e-01
P1_INSTQUEUE_REG_6__5__SCAN_IN,sa0,30,0,1.8645570800e-01
P1_INSTQUEUE_REG_5__5__SCAN_IN,sa1,30,0,3.8461267961e-02
P1_INSTQUEUEWR_ADDR_REG_1__SCAN_IN,sa1,30,0,3.9477539063e-01
P1_INSTQUEUEWR_ADDR_REG_2__SCAN_IN,sa0,30,0,2.6053112745e-01
P2_UWORD_REG_14__SCAN_IN,sa1,2,1,2.5000000000e-01
P2_INSTADDRPOINTER_REG_9__SCAN_IN,sa0,30,0,3.1395923534e-01
P2_INSTADDRPOINTER_REG_8__SCAN_IN,sa1,30,0,3.1395923534e-01
P2_REIP_REG_11__SCAN_IN,sa1,30,0,2.9687523843e-01
P2_REIP_REG_12__SCAN_IN,sa0,30,0,2.9687523842e-01
P2_REIP_REG_20__SCAN_IN,sa1,30,0,2.9687500000e-01
P2_REIP_REG_21__SCAN_IN,sa0,30,0,2.9687500000e-01
P2_REIP_REG_30__SCAN_IN,sa0,30,0,2.9687500000e-01
P2_INSTQUEUE_REG_2__7__SCAN_IN,sa1,30,0,2.9080510139e-01
P2_INSTQUEUE_REG_3__6__SCAN_IN,sa1,30,0,2.5189208984e-01
P2_INSTQUEUE_REG_3__7__SCAN_IN,sa0,30,0,2.6361083984e-01
P2_INSTQUEUE_REG_4__5__SCAN_IN,sa1,30,0,2.8721976280e-01
P2_INSTQUEUE_REG_4__6__SCAN_IN,sa0,30,0,2.8722155094e-01
P2_INSTQUEUE_REG_5__4__SCAN_IN,sa1,30,0,3.4283447266e-01
P2_INSTQUEUE_REG_5__5__SCAN_IN,sa0,30,0,3.1323444843e-01
P2_INSTQUEUE_REG_6__3__SCAN_IN,sa1,30,0,2.9140853882e-01
P2_INSTQUEUE_REG_6__4__SCAN_IN,sa0,30,0,2.9140853882e-01
P2_INSTQUEUE_REG_7__2__SCAN_IN,sa1,30,0,2.8921890259e-01
P2_INSTQUEUE_REG_7__3__SCAN_IN,sa0,30,0,2.8335952759e-01
P2_INSTQUEUE_REG_8__1__SCAN_IN,sa1,30,0,2.8481650352e-01
P2_INSTQUEUE_REG_8__2__SCAN_IN,sa0,30,0,2.8481650352e-01
P2_INSTQUEUE_REG_9__0__SCAN_IN,sa1,30,0,1.0095544090e-01
P2_INSTQUEUE_REG_9__1__SCAN_IN,sa0,30,0,2.5337982178e-01
P2_INSTQUEUEWR_ADDR_REG_0__SCAN_IN,sa1,28,1,4.7509765625e-01
P2_INSTQUEUEWR_ADDR_REG_1__SCAN_IN,sa0,30,0,1.0572813332e-01
P3_UWORD_REG_13__SCAN_IN,sa1,2,1,2.5000000000e-01
P3_UWORD_REG_14__SCAN_IN,sa0,2,1,2.5000000000e-01
P3_INSTADDRPOINTER_REG_8__SCAN_IN,sa0,30,0,2.5125012919e-01
P3_INSTADDRPOINTER_REG_7__SCAN_IN,sa1,30,0,2.5096322902e-01
P3_INSTQUEUE_REG_3__6__SCAN_IN,sa0,30,0,4.0307617188e-01
P3_INSTQUEUE_REG_2__6__SCAN_IN,sa1,30,0,4.0040588379e-01
P3_INSTQUEUE_REG_4__5__SCAN_IN,sa0,30,0,4.1003417969e-01
P3_INSTQUEUE_REG_3__5__SCAN_IN,sa1,30,0,4.3359375000e-01
P3_INSTQUEUE_REG_2__7__SCAN_IN,sa0,30,0,4.3579101563e-01
P3_INSTQUEUE_REG_1__7__SCAN_IN,sa1,30,0,4.0954589844e-01
P3_INSTQUEUE_REG_6__3__SCAN_IN,sa0,30,0,4.2407226563e-01
P3_INSTQUEUE_REG_5__3__SCAN_IN,sa1,30,0,4.2431640625e-01
P3_INSTQUEUE_REG_7__2__SCAN_IN,sa0,30,0,4.3298339844e-01
P3_INSTQUEUE_REG_6__2__SCAN_IN,sa1,30,0,4.2114257813e-01
P3_INSTQUEUE_REG_5__4__SCAN_IN,sa0,30,0,4.3579101563e-01
P3_INSTQUEUE_REG_4__4__SCAN_IN,sa1,30,0,4.0484619141e-01
P3_INSTQUEUE_REG_8__1__SCAN_IN,sa0,30,0,4.0393830091e-01
P3_INSTQUEUE_REG_7__1__SCAN_IN,sa1,30,0,4.3273162842e-01
P3_INSTQUEUE_REG_9__0__SCAN_IN,sa0,30,0,4.3273925781e-01
P3_INSTQUEUE_REG_8__0__SCAN_IN,sa1,30,0,4.3652343750e-01
P3_REIP_REG_10__SCAN_IN,sa1,30,0,2.9693603540e-01
P3_REIP_REG_11__SCAN_IN,sa0,30,0,2.9693603528e-01
P3_REIP_REG_20__SCAN_IN,sa0,30,0,2.9687500096e-01
P3_INSTQUEUEWR_ADDR_REG_0__SCAN_IN,sa0,22,1,4.7509765625e-01
BUF2_REG_9__SCAN_IN,sa0,30,0,4.9902345578e-01
BUF2_REG_8__SCAN_IN,sa1,30,0,4.9902345578e-01
BUF1_REG_9__SCAN_IN,sa1,30,0,4.7430419922e-01
P1_INSTQUEUE_REG_7__4__SCAN_IN,sa1,30,0,2.7477383628e-02
P1_INSTQUEUE_REG_8__4__SCAN_IN,sa0,30,0,1.8798065186e-01
P1_INSTQUEUE_REG_6__6__SCAN_IN,sa0,30,0,1.8645570800e-01
P1_INSTQUEUE_REG_5__6__SCAN_IN,sa1,30,0,3.8461267961e-02
P1_INSTQUEUE_REG_5__7__SCAN_IN,sa0,30,0,3.8461267961e-02
P1_INSTQUEUE_REG_4__7__SCAN_IN,sa1,30,0,2.1308898926e-01
P1_INSTQUEUE_REG_9__2__SCAN_IN,sa1,30,0,2.0772552491e-01
P1_INSTQUEUE_REG_7__5__SCAN_IN,sa0,30,0,2.7477383628e-02
P1_INSTQUEUE_REG_9__3__SCAN_IN,sa0,30,0,2.0772552491e-01
P1_INSTQUEUE_REG_8__3__SCAN_IN,sa1,30,0,1.8798065186e-01
P1_REIP_REG_13__SCAN_IN,sa1,30,0,6.2584236279e-02
P1_REIP_REG_14__SCAN_IN,sa0,30,0,6.2584236279e-02
P1_REIP_REG_22__SCAN_IN,sa1,30,0,1.5640796060e-02
P1_REIP_REG_23__SCAN_IN,sa0,30,0,1.5640797041e-02
P1_REIP_REG_31__SCAN_IN,sa1,30,0,3.4909331054e-01
P1_INSTQUEUE_REG_6__5__SCAN_IN,sa1,30,0,1.8645570800e-01
P1_INSTQUEUEWR_ADDR_REG_2__SCAN_IN,sa1,30,0,2.6467418671e-01
P1_INSTQUEUEWR_ADDR_REG_3__SCAN_IN,sa0,30,0,2.5683784485e-01
P2_INSTADDRPOINTER_REG_9__SCAN_IN,sa1,30,0,3.1395923534e-01
P2_REIP_REG_12__SCAN_IN,sa1,30,0,2.9687523842e-01
P2_REIP_REG_13__SCAN_IN,sa0,30,0,2.9687523842e-01
P2_REIP_REG_21__SCAN_IN,sa1,30,0,2.9687500000e-01
P2_REIP_REG_22__SCAN_IN,sa0,30,0,2.9687500000e-01
P2_REIP_REG_30__SCAN_IN,sa1,30,0,2.9687500000e-01
P2_REIP_REG_31__SCAN_IN,sa0,30,0,1.7203330994e-01
P2_INSTQUEUE_REG_3__7__SCAN_IN,sa1,30,0,2.6361083984e-01
P2_INSTQUEUE_REG_4__6__SCAN_IN,sa1,30,0,2.8722155094e-01
P2_INSTQUEUE_REG_4__7__SCAN_IN,sa0,30,0,2.8721976280e-01
P2_INSTQUEUE_REG_5__5__SCAN_IN,sa1,30,0,3.1347858906e-01
P2_INSTQUEUE_REG_5__6__SCAN_IN,sa0,30,0,3.4283447266e-01
P2_INSTQUEUE_REG_6__4__SCAN_IN,sa1,30,0,2.9140853882e-01
P2_INSTQUEUE_REG_6__5__SCAN_IN,sa0,30,0,2.9140853882e-01
P2_INSTQUEUE_REG_7__3__SCAN_IN,sa1,30,0,2.8335952759e-01
P2_INSTQUEUE_REG_7__4__SCAN_IN,sa0,30,0,2.5992202759e-01
P2_INSTQUEUE_REG_8__2__SCAN_IN,sa1,30,0,2.8481650352e-01
P2_INSTQUEUE_REG_8__3__SCAN_IN,sa0,30,0,2.8481650352e-01
P2_INSTQUEUE_REG_9__1__SCAN_IN,sa1,30,0,2.5337982178e-01
P2_INSTQUEUE_REG_9__2__SCAN_IN,sa0,30,0,2.5337982178e-01
P2_INSTQUEUEWR_ADDR_REG_1__SCAN_IN,sa1,30,0,1.0644583301e-01
P2_INSTQUEUEWR_ADDR_REG_2__SCAN_IN,sa0,30,0,8.8379329327e-02
P3_UWORD_REG_14__SCAN_IN,sa1,2,1,2.5000000000e-01
P3_INSTADDRPOINTER_REG_9__SCAN_IN,sa0,30,0,2.5085961820e-01
P3_INSTADDRPOINTER_REG_8__SCAN_IN,sa1,30,0,3.7542963098e-01
P3_INSTQUEUE_REG_4__6__SCAN_IN,sa0,30,0,4.0057373233e-01
P3_INSTQUEUE_REG_3__6__SCAN_IN,sa1,30,0,4.5080566406e-01
P3_INSTQUEUE_REG_5__5__SCAN_IN,sa0,30,0,4.2041015625e-01
P3_INSTQUEUE_REG_4__5__SCAN_IN,sa1,30,0,4.3725585938e-01
P3_INSTQUEUE_REG_3__7__SCAN_IN,sa0,30,0,4.3896484375e-01
P3_INSTQUEUE_REG_2__7__SCAN_IN,sa1,30,0,4.0145874023e-01
P3_INSTQUEUE_REG_7__3__SCAN_IN,sa0,30,0,4.4360351563e-01
P3_INSTQUEUE_REG_6__3__SCAN_IN,sa1,30,0,4.1943359375e-01
P3_INSTQUEUE_REG_8__2__SCAN_IN,sa0,30,0,4.1748046875e-01
P3_INSTQUEUE_REG_7__2__SCAN_IN,sa1,30,0,4.3823242188e-01
P3_INSTQUEUE_REG_6__4__SCAN_IN,sa0,30,0,4.2041015625e-01
P3_INSTQUEUE_REG_5__4__SCAN_IN,sa1,30,0,4.2614746094e-01
P3_INSTQUEUE_REG_9__1__SCAN_IN,sa0,30,0,4.0496826172e-01
P3_INSTQUEUE_REG_8__1__SCAN_IN,sa1,30,0,4.2907714844e-01
P3_INSTQUEUE_REG_9__0__SCAN_IN,sa1,30,0,4.3542480469e-01
P3_REIP_REG_11__SCAN_IN,sa1,30,0,2.9693603528e-01
P3_REIP_REG_12__SCAN_IN,sa0,30,0,2.9693603523e-01
P3_REIP_REG_20__SCAN_IN,sa1,30,0,2.9687500096e-01
P3_REIP_REG_21__SCAN_IN,sa0,30,0,2.9687500095e-01
P3_REIP_REG_30__SCAN_IN,sa0,30,0,2.9688262939e-01
P3_INSTQUEUEWR_ADDR_REG_1__SCAN_IN,sa0,24,1,4.7509765625e-01
P3_INSTQUEUEWR_ADDR_REG_0__SCAN_IN,sa1,22,1,4.7509765625e-01
BUF2_REG_9__SCAN_IN,sa1,30,0,4.9902345578e-01
P1_INSTQUEUE_REG_8__4__SCAN_IN,sa1,30,0,1.8798065186e-01
P1_INSTQUEUE_REG_6__6__SCAN_IN,sa1,30,0,1.8645570800e-01
P1_INSTQUEUE_REG_7__6__SCAN_IN,sa0,30,0,2.7477383628e-02
P1_INSTQUEUE_REG_6__7__SCAN_IN,sa0,30,0,1.8645570800e-01
P1_INSTQUEUE_REG_5__7__SCAN_IN,sa1,30,0,3.8461267961e-02
P1_INSTQUEUE_REG_7__5__SCAN_IN,sa1,30,0,2.7477383628e-02
P1_INSTQUEUE_REG_9__3__SCAN_IN,sa1,30,0,2.0772552491e-01
P1_REIP_REG_14__SCAN_IN,sa1,30,0,6.2584236279e-02
P1_REIP_REG_15__SCAN_IN,sa0,30,0,6.2584244208e-02
P1_REIP_REG_23__SCAN_IN,sa1,30,0,1.5640797041e-02
P1_REIP_REG_24__SCAN_IN,sa0,30,0,1.5674960146e-02
P1_INSTQUEUE_REG_9__4__SCAN_IN,sa0,30,0,2.0772552491e-01
P1_INSTQUEUE_REG_8__5__SCAN_IN,sa0,30,0,1.8798065186e-01
P1_INSTQUEUEWR_ADDR_REG_4__SCAN_IN,sa0,30,0,2.7833497524e-01
P1_INSTQUEUEWR_ADDR_REG_3__SCAN_IN,sa1,30,0,1.9433708626e-01
P2_REIP_REG_13__SCAN_IN,sa1,30,0,2.9687523842e-01
P2_REIP_REG_14__SCAN_IN,sa0,30,0,2.9761169883e-01
P2_REIP_REG_22__SCAN_IN,sa1,30,0,2.9687500000e-01
P2_REIP_REG_23__SCAN_IN,sa0,30,0,2.9687500000e-01
P2_REIP_REG_31__SCAN_IN,sa1,30,0,1.7203330994e-01
P2_INSTQUEUE_REG_4__7__SCAN_IN,sa1,30,0,2.8721976280e-01
P2_INSTQUEUE_REG_5__6__SCAN_IN,sa1,30,0,3.4283447266e-01
P2_INSTQUEUE_REG_5__7__SCAN_IN,sa0,30,0,3.1537067890e-01
P2_INSTQUEUE_REG_6__5__SCAN_IN,sa1,30,0,2.9140853882e-01
P2_INSTQUEUE_REG_6__6__SCAN_IN,sa0,30,0,2.9140853882e-01
P2_INSTQUEUE_REG_7__4__SCAN_IN,sa1,30,0,2.5992202759e-01
P2_INSTQUEUE_REG_7__5__SCAN_IN,sa0,30,0,2.5992202759e-01
P2_INSTQUEUE_REG_8__3__SCAN_IN,sa1,30,0,2.8481650352e-01
P2_INSTQUEUE_REG_8__4__SCAN_IN,sa0,30,0,2.8481650352e-01
P2_INSTQUEUE_REG_9__2__SCAN_IN,sa1,30,0,2.5337982178e-01
P2_INSTQUEUE_REG_9__3__SCAN_IN,sa0,30,0,2.5337982178e-01
P2_INSTQUEUEWR_ADDR_REG_2__SCAN_IN,sa1,30,0,2.6318359375e-01
P2_INSTQUEUEWR_ADDR_REG_3__SCAN_IN,sa0,30,0,2.9821395874e-01
P3_INSTADDRPOINTER_REG_9__SCAN_IN,sa1,30,0,2.5051236170e-01
P3_INSTQUEUE_REG_5__6__SCAN_IN,sa0,30,0,4.1913604736e-01
P3_INSTQUEUE_REG_4__6__SCAN_IN,sa1,30,0,4.3066406250e-01
P3_INSTQUEUE_REG_6__5__SCAN_IN,sa0,30,0,4.2376708984e-01
P3_INSTQUEUE_REG_5__5__SCAN_IN,sa1,30,0,4.3261718750e-01
P3_INSTQUEUE_REG_4__7__SCAN_IN,sa0,30,0,4.0310668945e-01
P3_INSTQUEUE_REG_3__7__SCAN_IN,sa1,30,0,4.4897460938e-01
P3_INSTQUEUE_REG_8__3__SCAN_IN,sa0,30,0,4.3280029297e-01
P3_INSTQUEUE_REG_7__3__SCAN_IN,sa1,30,0,4.4042968750e-01
P3_INSTQUEUE_REG_9__2__SCAN_IN,sa0,30,0,4.3786621094e-01
P3_INSTQUEUE_REG_8__2__SCAN_IN,sa1,30,0,4.2163085938e-01
P3_INSTQUEUE_REG_7__4__SCAN_IN,sa0,30,0,4.4512939453e-01
P3_INSTQUEUE_REG_6__4__SCAN_IN,sa1,30,0,4.2895507813e-01
P3_INSTQUEUE_REG_9__1__SCAN_IN,sa1,30,0,4.3444824219e-01
P3_REIP_REG_12__SCAN_IN,sa1,30,0,2.9693603523e-01
P3_REIP_REG_13__SCAN_IN,sa0,30,0,2.9693603520e-01
P3_REIP_REG_21__SCAN_IN,sa1,30,0,2.9687500095e-01
P3_REIP_REG_22__SCAN_IN,sa0,30,0,2.9687500094e-01
P3_REIP_REG_30__SCAN_IN,sa1,30,0,2.9688262939e-01
P3_REIP_REG_31__SCAN_IN,sa0,30,0,2.9690551804e-01
P3_INSTQUEUEWR_ADDR_REG_1__SCAN_IN,sa1,25,1,4.7509765625e-01
P3_INSTQUEUEWR_ADDR_REG_2__SCAN_IN,sa0,30,0,4.6728515625e-01
P1_INSTQUEUE_REG_8__6__SCAN_IN,sa0,30,0,1.8798065186e-01
P1_INSTQUEUE_REG_7__6__SCAN_IN,sa1,30,0,2.7477383628e-02
P1_INSTQUEUE_REG_6__7__SCAN_IN,sa1,30,0,1.8645570800e-01
P1_INSTQUEUE_REG_7__7__SCAN_IN,sa0,30,0,2.7477383628e-02
P1_REIP_REG_15__SCAN_IN,sa1,30,0,6.2584244208e-02
P1_REIP_REG_16__SCAN_IN,sa0,30,0,6.2517591392e-02
P1_REIP_REG_24__SCAN_IN,sa1,30,0,1.5674960146e-02
P1_REIP_REG_25__SCAN_IN,sa0,30,0,1.5674904090e-02
P1_INSTQUEUE_REG_9__4__SCAN_IN,sa1,30,0,2.0772552491e-01
P1_INSTQUEUE_REG_9__5__SCAN_IN,sa0,30,0,2.0772552491e-01
P1_INSTQUEUE_REG_8__5__SCAN_IN,sa1,30,0,1.8798065186e-01
P1_INSTQUEUEWR_ADDR_REG_4__SCAN_IN,sa1,30,0,2.7541923523e-01
P2_REIP_REG_14__SCAN_IN,sa1,30,0,2.9761169883e-01
P2_REIP_REG_15__SCAN_IN,sa0,30,0,2.9761169867e-01
P2_REIP_REG_23__SCAN_IN,sa1,30,0,2.9687500000e-01
P2_REIP_REG_24__SCAN_IN,sa0,30,0,2.9687500000e-01
P2_INSTQUEUE_REG_5__7__SCAN_IN,sa1,30,0,3.1366169453e-01
P2_INSTQUEUE_REG_6__6__SCAN_IN,sa1,30,0,2.9140853882e-01
P2_INSTQUEUE_REG_6__7__SCAN_IN,sa0,30,0,2.9140853882e-01
P2_INSTQUEUE_REG_7__5__SCAN_IN,sa1,30,0,2.5992202759e-01
P2_INSTQUEUE_REG_7__6__SCAN_IN,sa0,30,0,6.2333097158e-03
P2_INSTQUEUE_REG_8__4__SCAN_IN,sa1,30,0,2.8481650352e-01
P2_INSTQUEUE_REG_8__5__SCAN_IN,sa0,30,0,2.8481650352e-01
P2_INSTQUEUE_REG_9__3__SCAN_IN,sa1,30,0,2.5337982178e-01
P2_INSTQUEUE_REG_9__4__SCAN_IN,sa0,30,0,1.0095544090e-01
P2_INSTQUEUEWR_ADDR_REG_4__SCAN_IN,sa0,30,0,2.9691803455e-01
P2_INSTQUEUEWR_ADDR_REG_3__SCAN_IN,sa1,30,0,2.5531005859e-01
P3_INSTQUEUE_REG_6__6__SCAN_IN,sa0,30,0,4.1845893860e-01
P3_INSTQUEUE_REG_5__6__SCAN_IN,sa1,30,0,4.1748046875e-01
P3_INSTQUEUE_REG_7__5__SCAN_IN,sa0,30,0,4.1424560547e-01
P3_INSTQUEUE_REG_6__5__SCAN_IN,sa1,30,0,4.0545654297e-01
P3_INSTQUEUE_REG_5__7__SCAN_IN,sa0,30,0,4.2822408676e-01
P3_INSTQUEUE_REG_4__7__SCAN_IN,sa1,30,0,4.2395019531e-01
P3_INSTQUEUE_REG_9__3__SCAN_IN,sa0,30,0,4.0844726563e-01
P3_INSTQUEUE_REG_8__3__SCAN_IN,sa1,30,0,3.8393402100e-01
P3_INSTQUEUE_REG_9__2__SCAN_IN,sa1,30,0,4.1906738281e-01
P3_INSTQUEUE_REG_8__4__SCAN_IN,sa0,30,0,4.1467285156e-01
P3_INSTQUEUE_REG_7__4__SCAN_IN,sa1,30,0,4.3310546875e-01
P3_REIP_REG_13__SCAN_IN,sa1,30,0,2.9693603520e-01
P3_REIP_REG_14__SCAN_IN,sa0,30,0,2.9693603518e-01
P3_REIP_REG_22__SCAN_IN,sa1,30,0,2.9687500094e-01
P3_REIP_REG_23__SCAN_IN,sa0,30,0,2.9688262939e-01
P3_REIP_REG_31__SCAN_IN,sa1,30,0,2.9690551804e-01
P3_INSTQUEUEWR_ADDR_REG_3__SCAN_IN,sa0,30,0,3.9434814453e-01
P3_INSTQUEUEWR_ADDR_REG_2__SCAN_IN,sa1,30,0,4.6728515625e-01
P1_M_IO_N_REG_SCAN_IN,sa0,30,0,1.8872070312e-01
P1_INSTQUEUE_REG_8__6__SCAN_IN,sa1,30,0,1.8798065186e-01
P1_INSTQUEUE_REG_9__6__SCAN_IN,sa0,30,0,2.0772552491e-01
P1_INSTQUEUE_REG_8__7__SCAN_IN,sa0,30,0,1.8798065186e-01
P1_INSTQUEUE_REG_7__7__SCAN_IN,sa1,30,0,2.7477383628e-02
P1_REIP_REG_16__SCAN_IN,sa1,30,0,6.2517591392e-02
P1_REIP_REG_17__SCAN_IN,sa0,30,0,6.2515796162e-02
P1_REIP_REG_25__SCAN_IN,sa1,30,0,1.5674904090e-02
P1_REIP_REG_26__SCAN_IN,sa0,30,0,3.1284347672e-02
P1_INSTQUEUE_REG_9__5__SCAN_IN,sa1,30,0,2.0772552491e-01
P2_REIP_REG_15__SCAN_IN,sa1,30,0,2.9761169867e-01
P2_REIP_REG_16__SCAN_IN,sa0,30,0,2.9761169859e-01
P2_REIP_REG_24__SCAN_IN,sa1,30,0,2.9687500000e-01
P2_REIP_REG_25__SCAN_IN,sa0,30,0,2.9687500000e-01
P2_INSTQUEUE_REG_6__7__SCAN_IN,sa1,30,0,2.9140853882e-01
P2_INSTQUEUE_REG_7__6__SCAN_IN,sa1,30,0,6.2333097158e-03
P2_INSTQUEUE_REG_7__7__SCAN_IN,sa0,30,0,2.5992202759e-01
P2_INSTQUEUE_REG_8__5__SCAN_IN,sa1,30,0,2.8481650352e-01
P2_INSTQUEUE_REG_8__6__SCAN_IN,sa0,30,0,2.8481829166e-01
P2_INSTQUEUE_REG_9__4__SCAN_IN,sa1,30,0,1.0095544090e-01
P2_INSTQUEUE_REG_9__5__SCAN_IN,sa0,30,0,1.0095544090e-01
P2_INSTQUEUEWR_ADDR_REG_4__SCAN_IN,sa1,30,0,3.1255620718e-01
P3_INSTQUEUE_REG_7__6__SCAN_IN,sa0,30,0,4.3896484375e-01
P3_INSTQUEUE_REG_6__6__SCAN_IN,sa1,30,0,4.1210937500e-01
P3_INSTQUEUE_REG_8__5__SCAN_IN,sa0,30,0,4.3652343750e-01
P3_INSTQUEUE_REG_7__5__SCAN_IN,sa1,30,0,4.5068359375e-01
P3_INSTQUEUE_REG_6__7__SCAN_IN,sa0,30,0,4.0966796875e-01
P3_INSTQUEUE_REG_5__7__SCAN_IN,sa1,30,0,4.3127441406e-01
P3_INSTQUEUE_REG_9__3__SCAN_IN,sa1,30,0,4.1790771484e-01
P3_INSTQUEUE_REG_9__4__SCAN_IN,sa0,30,0,4.1662597656e-01
P3_INSTQUEUE_REG_8__4__SCAN_IN,sa1,30,0,3.9965820313e-01
P3_REIP_REG_14__SCAN_IN,sa1,30,0,2.9693603518e-01
P3_REIP_REG_15__SCAN_IN,sa0,30,0,2.9693603517e-01
P3_REIP_REG_23__SCAN_IN,sa1,30,0,2.9688262939e-01
P3_REIP_REG_24__SCAN_IN,sa0,30,0,2.9688262939e-01
P3_INSTQUEUEWR_ADDR_REG_3__SCAN_IN,sa1,30,0,3.9251708984e-01
P3_INSTQUEUEWR_ADDR_REG_4__SCAN_IN,sa0,9,1,2.9394531250e-01
P1_M_IO_N_REG_SCAN_IN,sa1,30,0,1.8872070312e-01
P2_M_IO_N_REG_SCAN_IN,sa0,30,0,3.7573242187e-01
P1_INSTQUEUE_REG_9__6__SCAN_IN,sa1,30,0,2.0772552491e-01
P1_INSTQUEUE_REG_9__7__SCAN_IN,sa0,30,0,2.0772552491e-01
P1_INSTQUEUE_REG_8__7__SCAN_IN,sa1,30,0,1.8798065186e-01
P1_REIP_REG_17__SCAN_IN,sa1,30,0,6.2515796162e-02
P1_REIP_REG_18__SCAN_IN,sa0,30,0,6.2515796162e-02
P1_REIP_REG_26__SCAN_IN,sa1,30,0,3.1284347672e-02
P1_REIP_REG_27__SCAN_IN,sa0,30,0,3.1284351957e-02
P2_REIP_REG_16__SCAN_IN,sa1,30,0,2.9761169859e-01
P2_REIP_REG_17__SCAN_IN,sa0,30,0,2.9761169855e-01
P2_REIP_REG_25__SCAN_IN,sa1,30,0,2.9687500000e-01
P2_REIP_REG_26__SCAN_IN,sa0,30,0,2.9687500000e-01
P2_INSTQUEUE_REG_7__7__SCAN_IN,sa1,30,0,2.5992202759e-01
P2_INSTQUEUE_REG_8__6__SCAN_IN,sa1,30,0,2.8481829166e-01
P2_INSTQUEUE_REG_8__7__SCAN_IN,sa0,30,0,2.8481650352e-01
P2_INSTQUEUE_REG_9__5__SCAN_IN,sa1,30,0,1.0095544090e-01
P2_INSTQUEUE_REG_9__6__SCAN_IN,sa0,30,0,8.6737165693e-03
P3_INSTQUEUE_REG_8__6__SCAN_IN,sa0,30,0,4.2005157471e-01
P3_INSTQUEUE_REG_7__6__SCAN_IN,sa1,30,0,4.3188476563e-01
P3_INSTQUEUE_REG_9__5__SCAN_IN,sa0,30,0,4.2700195313e-01
P3_INSTQUEUE_REG_8__5__SCAN_IN,sa1,30,0,4.2663574219e-01
P3_INSTQUEUE_REG_7__7__SCAN_IN,sa0,30,0,4.4628906250e-01
P3_INSTQUEUE_REG_6__7__SCAN_IN,sa1,30,0,4.2871093750e-01
P3_INSTQUEUE_REG_9__4__SCAN_IN,sa1,30,0,4.0899658203e-01
P3_REIP_REG_15__SCAN_IN,sa1,30,0,2.9693603517e-01
P3_REIP_REG_16__SCAN_IN,sa0,30,0,2.9693603517e-01
P3_REIP_REG_24__SCAN_IN,sa1,30,0,2.9688262939e-01
P3_REIP_REG_25__SCAN_IN,sa0,30,0,2.9688262939e-01
P3_INSTQUEUEWR_ADDR_REG_4__SCAN_IN,sa1,9,1,2.9394531250e-01
P1_DATAO_REG_0__SCAN_IN,sa0,30,0,9.4261248189e-02
P2_M_IO_N_REG_SCAN_IN,sa1,30,0,3.7573242187e-01
P3_M_IO_N_REG_SCAN_IN,sa0,1,1,5.0000000000e-01
P1_INSTQUEUE_REG_9__7__SCAN_IN,sa1,30,0,2.0772552491e-01
P1_REIP_REG_18__SCAN_IN,sa1,30,0,6.2515796162e-02
P1_REIP_REG_19__SCAN_IN,sa0,30,0,6.2515796162e-02
P1_REIP_REG_27__SCAN_IN,sa1,30,0,3.1284351957e-02
P1_REIP_REG_28__SCAN_IN,sa0,30,0,3.6919274367e-01
P2_REIP_REG_17__SCAN_IN,sa1,30,0,2.9761169855e-01
P2_REIP_REG_18__SCAN_IN,sa0,30,0,2.9761169853e-01
P2_REIP_REG_26__SCAN_IN,sa1,30,0,2.9687500000e-01
P2_REIP_REG_27__SCAN_IN,sa0,30,0,2.9687500000e-01
P2_INSTQUEUE_REG_8__7__SCAN_IN,sa1,30,0,2.8481650352e-01
P2_INSTQUEUE_REG_9__6__SCAN_IN,sa1,30,0,8.6737165693e-03
P2_INSTQUEUE_REG_9__7__SCAN_IN,sa0,30,0,1.0095544090e-01
P3_INSTQUEUE_REG_9__6__SCAN_IN,sa0,30,0,4.1833496094e-01
P3_INSTQUEUE_REG_8__6__SCAN_IN,sa1,30,0,3.9660644531e-01
P3_INSTQUEUE_REG_9__5__SCAN_IN,sa1,30,0,4.3493652344e-01
P3_INSTQUEUE_REG_8__7__SCAN_IN,sa0,30,0,4.2529296875e-01
P3_INSTQUEUE_REG_7__7__SCAN_IN,sa1,30,0,4.4653320313e-01
P3_REIP_REG_16__SCAN_IN,sa1,30,0,2.9693603517e-01
P3_REIP_REG_17__SCAN_IN,sa0,30,0,2.9693603517e-01
P3_REIP_REG_25__SCAN_IN,sa1,30,0,2.9688262939e-01
P3_REIP_REG_26__SCAN_IN,sa0,30,0,2.9688262939e-01
P1_DATAO_REG_1__SCAN_IN,sa0,30,0,9.4261248189e-02
P1_DATAO_REG_0__SCAN_IN,sa1,30,0,9.4261248189e-02
P2_DATAO_REG_0__SCAN_IN,sa0,30,0,3.4454046324e-01
P3_M_IO_N_REG_SCAN_IN,sa1,1,1,5.0000000000e-01
P1_REIP_REG_19__SCAN_IN,sa1,30,0,6.2515796162e-02
P1_REIP_REG_28__SCAN_IN,sa1,30,0,3.9683296531e-01
P1_REIP_REG_29__SCAN_IN,sa0,30,0,3.6919274367e-01
P2_REIP_REG_18__SCAN_IN,sa1,30,0,2.9761169853e-01
P2_REIP_REG_19__SCAN_IN,sa0,30,0,2.9761169852e-01
P2_REIP_REG_27__SCAN_IN,sa1,30,0,2.9687500000e-01
P2_REIP_REG_28__SCAN_IN,sa0,30,0,2.9687500000e-01
P2_INSTQUEUE_REG_9__7__SCAN_IN,sa1,30,0,1.0095544090e-01
P3_INSTQUEUE_REG_9__6__SCAN_IN,sa1,30,0,4.4824218750e-01
P3_INSTQUEUE_REG_9__7__SCAN_IN,sa0,30,0,4.2736816406e-01
P3_INSTQUEUE_REG_8__7__SCAN_IN,sa1,30,0,4.2675805092e-01
P3_REIP_REG_17__SCAN_IN,sa1,30,0,2.9693603517e-01
P3_REIP_REG_18__SCAN_IN,sa0,30,0,2.9693603517e-01
P3_REIP_REG_26__SCAN_IN,sa1,30,0,2.9688262939e-01
P3_REIP_REG_27__SCAN_IN,sa0,30,0,2.9688262939e-01
P1_DATAO_REG_2__SCAN_IN,sa0,30,0,9.4261248189e-02
P1_DATAO_REG_1__SCAN_IN,sa1,30,0,9.4261248189e-02
P2_DATAO_REG_1__SCAN_IN,sa0,30,0,3.4454046324e-01
P2_DATAO_REG_0__SCAN_IN,sa1,30,0,3.4454046324e-01
P3_DATAO_REG_0__SCAN_IN,sa0,1,1,5.0000000000e-01
P1_REIP_REG_29__SCAN_IN,sa1,30,0,3.9683296531e-01
P2_REIP_REG_19__SCAN_IN,sa1,30,0,2.9761169852e-01
P2_REIP_REG_28__SCAN_IN,sa1,30,0,2.9687500000e-01
P2_REIP_REG_29__SCAN_IN,sa0,30,0,2.9687500000e-01
P3_INSTQUEUE_REG_9__7__SCAN_IN,sa1,30,0,4.3139648438e-01
P3_REIP_REG_18__SCAN_IN,sa1,30,0,2.9693603517e-01
P3_REIP_REG_19__SCAN_IN,sa0,30,0,2.9693603517e-01
P3_REIP_REG_27__SCAN_IN,sa1,30,0,2.9688262939e-01
P3_REIP_REG_28__SCAN_IN,sa0,30,0,2.9688262939e-01
P1_DATAO_REG_3__SCAN_IN,sa0,30,0,9.4261248189e-02
P1_DATAO_REG_2__SCAN_IN,sa1,30,0,9.4261248189e-02
P2_DATAO_REG_2__SCAN_IN,sa0,30,0,3.4454046324e-01
P2_DATAO_REG_1__SCAN_IN,sa1,30,0,3.4454046324e-01
P3_DATAO_REG_1__SCAN_IN,sa0,1,1,5.0000000000e-01
P3_DATAO_REG_0__SCAN_IN,sa1,1,1,5.0000000000e-01
P2_REIP_REG_29__SCAN_IN,sa1,30,0,2.9687500000e-01
P3_REIP_REG_19__SCAN_IN,sa1,30,0,2.9693603517e-01
P3_REIP_REG_28__SCAN_IN,sa1,30,0,2.9688262939e-01
P3_REIP_REG_29__SCAN_IN,sa0,30,0,2.9688262939e-01
P1_DATAO_REG_4__SCAN_IN,sa0,30,0,9.4261248189e-02
P1_DATAO_REG_3__SCAN_IN,sa1,30,0,9.4261248189e-02
P2_DATAO_REG_3__SCAN_IN,sa0,30,0,3.4454046324e-01
P2_DATAO_REG_2__SCAN_IN,sa1,30,0,3.4454046324e-01
P1_D_C_N_REG_SCAN_IN,sa0,30,0,3.1323242187e-01
P3_DATAO_REG_2__SCAN_IN,sa0,1,1,5.0000000000e-01
P3_DATAO_REG_1__SCAN_IN,sa1,1,1,5.0000000000e-01
P1_DATAWIDTH_REG_0__SCAN_IN,sa0,8,1,3.1250000003e-01
P3_REIP_REG_29__SCAN_IN,sa1,30,0,2.9688262939e-01
P1_DATAO_REG_5__SCAN_IN,sa0,30,0,9.4261248189e-02
P1_DATAO_REG_4__SCAN_IN,sa1,30,0,9.4261248189e-02
P2_DATAO_REG_4__SCAN_IN,sa0,30,0,3.4454046324e-01
P2_DATAO_REG_3__SCAN_IN,sa1,30,0,3.4454046324e-01
P1_D_C_N_REG_SCAN_IN,sa1,30,0,3.1323242187e-01
P2_D_C_N_REG_SCAN_IN,sa0,30,0,3.1378030637e-01
P3_DATAO_REG_3__SCAN_IN,sa0,1,1,5.0000000000e-01
P3_DATAO_REG_2__SCAN_IN,sa1,1,1,5.0000000000e-01
P1_DATAWIDTH_REG_0__SCAN_IN,sa1,8,1,3.1250000003e-01
P1_DATAWIDTH_REG_1__SCAN_IN,sa0,5,1,3.1250000001e-01
P2_DATAWIDTH_REG_0__SCAN_IN,sa0,13,1,3.1250000009e-01
P1_DATAO_REG_6__SCAN_IN,sa0,30,0,9.4261248189e-02
P1_DATAO_REG_5__SCAN_IN,sa1,30,0,9.4261248189e-02
P2_DATAO_REG_5__SCAN_IN,sa0,30,0,3.4454046324e-01
P2_DATAO_REG_4__SCAN_IN,sa1,30,0,3.4454046324e-01
P2_D_C_N_REG_SCAN_IN,sa1,30,0,3.1377887656e-01
P1_ADDRESS_REG_10__SCAN_IN,sa0,1,1,5.0000000000e-01
P3_D_C_N_REG_SCAN_IN,sa0,1,1,5.0000000000e-01
P3_DATAO_REG_4__SCAN_IN,sa0,1,1,5.0000000000e-01
P3_DATAO_REG_3__SCAN_IN,sa1,1,1,5.0000000000e-01
P1_DATAWIDTH_REG_1__SCAN_IN,sa1,5,1,3.1250000001e-01
P1_DATAWIDTH_REG_2__SCAN_IN,sa0,29,1,3.1250000025e-01
P2_DATAWIDTH_REG_0__SCAN_IN,sa1,13,1,3.1250000009e-01
P2_DATAWIDTH_REG_1__SCAN_IN,sa0,10,1,3.1250000009e-01
P3_DATAWIDTH_REG_0__SCAN_IN,sa0,13,1,3.1250000009e-01
P2_ADDRESS_REG_10__SCAN_IN,sa0,30,0,4.4726562500e-01
P1_DATAO_REG_7__SCAN_IN,sa0,30,0,9.4261248189e-02
P1_DATAO_REG_6__SCAN_IN,sa1,30,0,9.4261248189e-02
P2_DATAO_REG_6__SCAN_IN,sa0,30,0,3.4454046324e-01
P2_DATAO_REG_5__SCAN_IN,sa1,30,0,3.4454046324e-01
P1_ADDRESS_REG_10__SCAN_IN,sa1,1,1,5.0000000000e-01
P1_ADDRESS_REG_11__SCAN_IN,sa0,1,1,5.0000000000e-01
P1_ADDRESS_REG_20__SCAN_IN,sa0,1,1,5.0000000000e-01
P3_D_C_N_REG_SCAN_IN,sa1,1,1,5.0000000000e-01
P3_DATAO_REG_5__SCAN_IN,sa0,1,1,5.0000000000e-01
P3_DATAO_REG_4__SCAN_IN,sa1,1,1,5.0000000000e-01
P1_PHYADDRPOINTER_REG_0__SCAN_IN,sa0,30,0,1.0351562500e-01
P1_MORE_REG_SCAN_IN,sa0,30,0,2.0440220833e-02
P1_DATAWIDTH_REG_2__SCAN_IN,sa1,29,1,3.1250000025e-01
P1_DATAWIDTH_REG_3__SCAN_IN,sa0,29,1,3.1250000025e-01
P2_DATAWIDTH_REG_1__SCAN_IN,sa1,10,1,3.1250000009e-01
P2_DATAWIDTH_REG_2__SCAN_IN,sa0,28,1,3.1250000025e-01
P3_DATAWIDTH_REG_0__SCAN_IN,sa1,13,1,3.1250000009e-01
P3_DATAWIDTH_REG_1__SCAN_IN,sa0,10,1,3.1250000007e-01
P3_ADDRESS_REG_10__SCAN_IN,sa0,15,1,4.2773437500e-01
P2_ADDRESS_REG_10__SCAN_IN,sa1,30,0,4.4726562500e-01
P2_ADDRESS_REG_11__SCAN_IN,sa0,30,0,4.4726562500e-01
P2_ADDRESS_REG_20__SCAN_IN,sa0,30,0,4.4726562500e-01
P1_DATAO_REG_8__SCAN_IN,sa0,30,0,9.4261248189e-02
P1_DATAO_REG_7__SCAN_IN,sa1,30,0,9.4261248189e-02
P2_DATAO_REG_7__SCAN_IN,sa0,30,0,3.4454046324e-01
P2_DATAO_REG_6__SCAN_IN,sa1,30,0,3.4454046324e-01
P1_ADDRESS_REG_11__SCAN_IN,sa1,1,1,5.0000000000e-01
P1_ADDRESS_REG_12__SCAN_IN,sa0,1,1,5.0000000000e-01
P1_ADDRESS_REG_20__SCAN_IN,sa1,1,1,5.0000000000e-01
P1_ADDRESS_REG_21__SCAN_IN,sa0,1,1,5.0000000000e-01
P3_DATAO_REG_6__SCAN_IN,sa0,1,1,5.0000000000e-01
P3_DATAO_REG_5__SCAN_IN,sa1,1,1,5.0000000000e-01
P1_PHYADDRPOINTER_REG_1__SCAN_IN,sa0,30,0,3.0126661062e-01
P1_PHYADDRPOINTER_REG_0__SCAN_IN,sa1,30,0,9.7656250000e-02
P1_MORE_REG_SCAN_IN,sa1,30,0,2.0440220833e-02
P1_DATAWIDTH_REG_3__SCAN_IN,sa1,29,1,3.1250000025e-01
P1_DATAWIDTH_REG_4__SCAN_IN,sa0,29,1,3.1250000025e-01
P2_PHYADDRPOINTER_REG_0__SCAN_IN,sa0,30,0,1.7163085938e-01
P2_MORE_REG_SCAN_IN,sa0,30,0,4.3750607967e-01
P2_DATAWIDTH_REG_2__SCAN_IN,sa1,28,1,3.1250000025e-01
P2_DATAWIDTH_REG_3__SCAN_IN,sa0,28,1,3.1250000025e-01
P3_DATAWIDTH_REG_1__SCAN_IN,sa1,10,1,3.1250000007e-01
P3_DATAWIDTH_REG_2__SCAN_IN,sa0,29,1,3.1250000025e-01
P3_ADDRESS_REG_10__SCAN_IN,sa1,15,1,4.2773437500e-01
P3_ADDRESS_REG_11__SCAN_IN,sa0,15,1,4.2773437500e-01
P2_ADDRESS_REG_11__SCAN_IN,sa1,30,0,4.4726562500e-01
P2_ADDRESS_REG_12__SCAN_IN,sa0,30,0,4.4726562500e-01
P3_ADDRESS_REG_20__SCAN_IN,sa0,15,1,4.2773437500e-01
P2_ADDRESS_REG_20__SCAN_IN,sa1,30,0,4.4726562500e-01
P2_ADDRESS_REG_21__SCAN_IN,sa0,30,0,4.4726562500e-01
P1_DATAO_REG_9__SCAN_IN,sa0,30,0,9.4261248189e-02
P1_DATAO_REG_8__SCAN_IN,sa1,30,0,9.4261248189e-02
P2_DATAO_REG_8__SCAN_IN,sa0,30,0,3.4454046324e-01
P2_DATAO_REG_7__SCAN_IN,sa1,30,0,3.4454046324e-01
P1_ADDRESS_REG_12__SCAN_IN,sa1,1,1,5.0000000000e-01
P1_ADDRESS_REG_13__SCAN_IN,sa0,1,1,5.0000000000e-01
P1_ADDRESS_REG_21__SCAN_IN,sa1,1,1,5.0000000000e-01
P1_ADDRESS_REG_22__SCAN_IN,sa0,1,1,5.0000000000e-01
P3_DATAO_REG_7__SCAN_IN,sa0,1,1,5.0000000000e-01
P3_DATAO_REG_6__SCAN_IN,sa1,1,1,5.0000000000e-01
P1_EAX_REG_10__SCAN_IN,sa0,30,0,1.0498159101e-05
P1_PHYADDRPOINTER_REG_2__SCAN_IN,sa0,30,0,2.8015102446e-01
P1_PHYADDRPOINTER_REG_1__SCAN_IN,sa1,30,0,4.2036628723e-01
P1_DATAWIDTH_REG_4__SCAN_IN,sa1,29,1,3.1250000025e-01
P1_DATAWIDTH_REG_5__SCAN_IN,sa0,29,1,3.1250000025e-01
P2_PHYADDRPOINTER_REG_1__SCAN_IN,sa0,30,0,1.4452743577e-01
P2_PHYADDRPOINTER_REG_0__SCAN_IN,sa1,30,0,1.7163085938e-01
P2_MORE_REG_SCAN_IN,sa1,30,0,4.3750655651e-01
P2_DATAWIDTH_REG_3__SCAN_IN,sa1,28,1,3.1250000025e-01
P2_DATAWIDTH_REG_4__SCAN_IN,sa0,28,1,3.1250000025e-01
P3_PHYADDRPOINTER_REG_0__SCAN_IN,sa0,30,0,3.0262756348e-01
P3_MORE_REG_SCAN_IN,sa0,30,0,3.3734321594e-02
P3_DATAWIDTH_REG_2__SCAN_IN,sa1,28,1,3.1250000025e-01
P3_DATAWIDTH_REG_3__SCAN_IN,sa0,29,1,3.1250000025e-01
P3_ADDRESS_REG_11__SCAN_IN,sa1,15,1,4.2773437500e-01
P3_ADDRESS_REG_12__SCAN_IN,sa0,15,1,4.2773437500e-01
P2_ADDRESS_REG_12__SCAN_IN,sa1,30,0,4.4726562500e-01
P2_ADDRESS_REG_13__SCAN_IN,sa0,30,0,4.4726562500e-01
P3_ADDRESS_REG_20__SCAN_IN,sa1,15,1,4.2773437500e-01
P3_ADDRESS_REG_21__SCAN_IN,sa0,15,1,4.2773437500e-01
P2_ADDRESS_REG_21__SCAN_IN,sa1,30,0,4.4726562500e-01
P2_ADDRESS_REG_22__SCAN_IN,sa0,30,0,4.4726562500e-01
P1_DATAO_REG_9__SCAN_IN,sa1,30,0,9.4261248189e-02
P2_DATAO_REG_9__SCAN_IN,sa0,30,0,3.4454046324e-01
P2_DATAO_REG_8__SCAN_IN,sa1,30,0,3.4454046324e-01
P1_ADDRESS_REG_13__SCAN_IN,sa1,1,1,5.0000000000e-01
P1_ADDRESS_REG_14__SCAN_IN,sa0,1,1,5.0000000000e-01
P1_ADDRESS_REG_22__SCAN_IN,sa1,1,1,5.0000000000e-01
P1_ADDRESS_REG_23__SCAN_IN,sa0,1,1,5.0000000000e-01
P3_DATAO_REG_8__SCAN_IN,sa0,1,1,5.0000000000e-01
P3_DATAO_REG_7__SCAN_IN,sa1,1,1,5.0000000000e-01
P1_EBX_REG_10__SCAN_IN,sa0,30,0,3.8977778191e-01
P1_EAX_REG_20__SCAN_IN,sa0,30,0,8.8224987862e-06
P1_EAX_REG_10__SCAN_IN,sa1,30,0,1.0498159101e-05
P1_EAX_REG_11__SCAN_IN,sa0,30,0,1.0498159101e-05
P1_PHYADDRPOINTER_REG_3__SCAN_IN,sa0,30,0,3.6157226563e-01
P1_PHYADDRPOINTER_REG_2__SCAN_IN,sa1,30,0,1.0011321306e-01
P1_DATAWIDTH_REG_5__SCAN_IN,sa1,29,1,3.1250000025e-01
P1_DATAWIDTH_REG_6__SCAN_IN,sa0,29,1,3.1250000025e-01
P2_EAX_REG_10__SCAN_IN,sa0,30,0,9.3750487814e-02
P2_PHYADDRPOINTER_REG_2__SCAN_IN,sa0,30,0,1.3671875001e-01
P2_PHYADDRPOINTER_REG_1__SCAN_IN,sa1,30,0,1.4452743577e-01
P2_DATAWIDTH_REG_4__SCAN_IN,sa1,28,1,3.1250000025e-01
P2_DATAWIDTH_REG_5__SCAN_IN,sa0,28,1,3.1250000025e-01
P3_PHYADDRPOINTER_REG_1__SCAN_IN,sa0,30,0,3.9939928055e-01
P3_PHYADDRPOINTER_REG_0__SCAN_IN,sa1,30,0,3.0262756348e-01
P3_MORE_REG_SCAN_IN,sa1,30,0,3.3734321594e-02
P3_DATAWIDTH_REG_3__SCAN_IN,sa1,28,1,3.1250000025e-01
P3_DATAWIDTH_REG_4__SCAN_IN,sa0,29,1,3.1250000025e-01
P3_ADDRESS_REG_12__SCAN_IN,sa1,15,1,4.2773437500e-01
P3_ADDRESS_REG_13__SCAN_IN,sa0,15,1,4.2773437500e-01
P2_ADDRESS_REG_13__SCAN_IN,sa1,30,0,4.4726562500e-01
P2_ADDRESS_REG_14__SCAN_IN,sa0,30,0,4.4726562500e-01
P3_ADDRESS_REG_21__SCAN_IN,sa1,15,1,4.2773437500e-01
P3_ADDRESS_REG_22__SCAN_IN,sa0,15,1,4.2773437500e-01
P2_ADDRESS_REG_22__SCAN_IN,sa1,30,0,4.4726562500e-01
P2_ADDRESS_REG_23__SCAN_IN,sa0,30,0,4.4726562500e-01
P2_DATAO_REG_9__SCAN_IN,sa1,30,0,3.4454046324e-01
P1_ADDRESS_REG_14__SCAN_IN,sa1,1,1,5.0000000000e-01
P1_ADDRESS_REG_15__SCAN_IN,sa0,1,1,5.0000000000e-01
P1_ADDRESS_REG_23__SCAN_IN,sa1,1,1,5.0000000000e-01
P1_ADDRESS_REG_24__SCAN_IN,sa0,1,1,5.0000000000e-01
P3_DATAO_REG_9__SCAN_IN,sa0,1,1,5.0000000000e-01
P3_DATAO_REG_8__SCAN_IN,sa1,1,1,5.0000000000e-01
P1_EBX_REG_20__SCAN_IN,sa0,30,0,3.8977778191e-01
P1_EBX_REG_11__SCAN_IN,sa0,30,0,3.8977778191e-01
P1_EBX_REG_10__SCAN_IN,sa1,30,0,3.8977778191e-01
P1_EAX_REG_20__SCAN_IN,sa1,30,0,8.8224987862e-06
P1_EAX_REG_21__SCAN_IN,sa0,30,0,8.8224842343e-06
P1_EAX_REG_30__SCAN_IN,sa0,30,0,2.5015586747e-01
P1_EAX_REG_11__SCAN_IN,sa1,30,0,1.0498159101e-05
P1_EAX_REG_12__SCAN_IN,sa0,30,0,5.2528048409e-06
P1_PHYADDRPOINTER_REG_4__SCAN_IN,sa0,30,0,3.3520507813e-01
P1_PHYADDRPOINTER_REG_3__SCAN_IN,sa1,30,0,2.0478545874e-01
P1_DATAWIDTH_REG_6__SCAN_IN,sa1,29,1,3.1250000025e-01
P1_DATAWIDTH_REG_7__SCAN_IN,sa0,29,1,3.1250000025e-01
P2_EBX_REG_10__SCAN_IN,sa0,30,0,3.8699381421e-01
P2_EAX_REG_20__SCAN_IN,sa0,30,0,2.3437697376e-02
P2_EAX_REG_10__SCAN_IN,sa1,30,0,9.3750487814e-02
P2_EAX_REG_11__SCAN_IN,sa0,30,0,9.3750484255e-02
P2_PHYADDRPOINTER_REG_3__SCAN_IN,sa0,30,0,1.3671493530e-01
P2_PHYADDRPOINTER_REG_2__SCAN_IN,sa1,30,0,1.3671875001e-01
P2_DATAWIDTH_REG_5__SCAN_IN,sa1,28,1,3.1250000025e-01
P2_DATAWIDTH_REG_6__SCAN_IN,sa0,28,1,3.1250000025e-01
P3_EAX_REG_10__SCAN_IN,sa0,30,0,7.6752257883e-09
P3_PHYADDRPOINTER_REG_2__SCAN_IN,sa0,30,0,4.2884887545e-01
P3_PHYADDRPOINTER_REG_1__SCAN_IN,sa1,30,0,3.9930748940e-01
P3_DATAWIDTH_REG_4__SCAN_IN,sa1,28,1,3.1250000025e-01
P3_DATAWIDTH_REG_5__SCAN_IN,sa0,29,1,3.1250000025e-01
P3_ADDRESS_REG_13__SCAN_IN,sa1,15,1,4.2773437500e-01
P3_ADDRESS_REG_14__SCAN_IN,sa0,15,1,4.2773437500e-01
P2_ADDRESS_REG_14__SCAN_IN,sa1,30,0,4.4726562500e-01
P2_ADDRESS_REG_15__SCAN_IN,sa0,30,0,4.4726562500e-01
P3_ADDRESS_REG_22__SCAN_IN,sa1,15,1,4.2773437500e-01
P3_ADDRESS_REG_23__SCAN_IN,sa0,15,1,4.2773437500e-01
P2_ADDRESS_REG_23__SCAN_IN,sa1,30,0,4.4726562500e-01
P2_ADDRESS_REG_24__SCAN_IN,sa0,30,0,4.4726562500e-01
P1_ADDRESS_REG_15__SCAN_IN,sa1,1,1,5.0000000000e-01
P1_ADDRESS_REG_16__SCAN_IN,sa0,1,1,5.0000000000e-01
P1_ADDRESS_REG_24__SCAN_IN,sa1,1,1,5.0000000000e-01
P1_ADDRESS_REG_25__SCAN_IN,sa0,1,1,5.0000000000e-01
P3_DATAO_REG_9__SCAN_IN,sa1,1,1,5.0000000000e-01
P1_EAX_REG_31__SCAN_IN,sa0,30,0,2.5068879296e-01
P1_EBX_REG_30__SCAN_IN,sa0,30,0,3.8977778191e-01
P1_EBX_REG_21__SCAN_IN,sa0,30,0,3.8977778191e-01
P1_EBX_REG_20__SCAN_IN,sa1,30,0,3.8977778191e-01
P1_EBX_REG_12__SCAN_IN,sa0,30,0,3.8977778191e-01
P1_EBX_REG_11__SCAN_IN,sa1,30,0,3.8977778191e-01
P1_EAX_REG_21__SCAN_IN,sa1,30,0,8.8224842343e-06
P1_EAX_REG_22__SCAN_IN,sa0,30,0,8.8224769583e-06
P1_EAX_REG_30__SCAN_IN,sa1,30,0,2.5015586747e-01
P1_EAX_REG_12__SCAN_IN,sa1,30,0,5.2528048409e-06
P1_EAX_REG_13__SCAN_IN,sa0,30,0,1.0494433811e-05
P1_PHYADDRPOINTER_REG_5__SCAN_IN,sa0,30,0,2.2161865234e-01
P1_PHYADDRPOINTER_REG_4__SCAN_IN,sa1,30,0,1.9083356857e-01
P1_DATAWIDTH_REG_7__SCAN_IN,sa1,29,1,3.1250000025e-01
P1_DATAWIDTH_REG_8__SCAN_IN,sa0,29,1,3.1250000025e-01
P2_EBX_REG_20__SCAN_IN,sa0,30,0,3.7574010345e-01
P2_EBX_REG_11__SCAN_IN,sa0,30,0,3.8675156982e-01
P2_EBX_REG_10__SCAN_IN,sa1,30,0,3.8699381421e-01
P2_EAX_REG_20__SCAN_IN,sa1,30,0,2.3437697376e-02
P2_EAX_REG_21__SCAN_IN,sa0,30,0,2.3437708553e-02
P2_EAX_REG_30__SCAN_IN,sa0,30,0,2.3437751048e-02
P2_EAX_REG_11__SCAN_IN,sa1,30,0,9.3750484255e-02
P2_EAX_REG_12__SCAN_IN,sa0,30,0,9.3750482531e-02
P2_PHYADDRPOINTER_REG_4__SCAN_IN,sa0,30,0,1.3671875000e-01
P2_PHYADDRPOINTER_REG_3__SCAN_IN,sa1,30,0,1.3671493530e-01
P2_DATAWIDTH_REG_6__SCAN_IN,sa1,28,1,3.1250000025e-01
P2_DATAWIDTH_REG_7__SCAN_IN,sa0,28,1,3.1250000025e-01
P3_EBX_REG_10__SCAN_IN,sa0,30,0,3.7500119897e-01
P3_EAX_REG_20__SCAN_IN,sa0,30,0,2.3796769699e-07
P3_EAX_REG_10__SCAN_IN,sa1,30,0,7.6752257883e-09
P3_EAX_REG_11__SCAN_IN,sa0,30,0,7.6752257883e-09
P3_PHYADDRPOINTER_REG_3__SCAN_IN,sa0,30,0,3.9733886719e-01
P3_PHYADDRPOINTER_REG_2__SCAN_IN,sa1,30,0,4.2890990968e-01
P3_DATAWIDTH_REG_5__SCAN_IN,sa1,28,1,3.1250000025e-01
P3_DATAWIDTH_REG_6__SCAN_IN,sa0,29,1,3.1250000025e-01
P3_ADDRESS_REG_14__SCAN_IN,sa1,15,1,4.2773437500e-01
P3_ADDRESS_REG_15__SCAN_IN,sa0,15,1,4.2773437500e-01
P2_ADDRESS_REG_15__SCAN_IN,sa1,30,0,4.4726562500e-01
P2_ADDRESS_REG_16__SCAN_IN,sa0,30,0,4.4726562500e-01
P3_ADDRESS_REG_23__SCAN_IN,sa1,15,1,4.2773437500e-01
P3_ADDRESS_REG_24__SCAN_IN,sa0,15,1,4.2773437500e-01
P2_ADDRESS_REG_24__SCAN_IN,sa1,30,0,4.4726562500e-01
P2_ADDRESS_REG_25__SCAN_IN,sa0,30,0,4.4726562500e-01
P1_ADDRESS_REG_16__SCAN_IN,sa1,1,1,5.0000000000e-01
P1_ADDRESS_REG_17__SCAN_IN,sa0,1,1,5.0000000000e-01
P1_ADDRESS_REG_25__SCAN_IN,sa1,1,1,5.0000000000e-01
P1_ADDRESS_REG_26__SCAN_IN,sa0,1,1,5.0000000000e-01
P1_EAX_REG_31__SCAN_IN,sa1,30,0,2.5068879296e-01
P1_EBX_REG_30__SCAN_IN,sa1,30,0,3.8977778191e-01
P1_EBX_REG_22__SCAN_IN,sa0,30,0,3.8977778191e-01
P1_EBX_REG_21__SCAN_IN,sa1,30,0,3.8977778191e-01
P1_EBX_REG_13__SCAN_IN,sa0,30,0,3.8977778191e-01
P1_EBX_REG_12__SCAN_IN,sa1,30,0,3.8977778191e-01
P1_EAX_REG_22__SCAN_IN,sa1,30,0,8.8224769583e-06
P1_EAX_REG_23__SCAN_IN,sa0,30,0,8.8224733203e-06
P1_EAX_REG_13__SCAN_IN,sa1,30,0,1.0494433811e-05
P1_EAX_REG_14__SCAN_IN,sa0,30,0,1.0491639843e-05
P1_PHYADDRPOINTER_REG_6__SCAN_IN,sa0,30,0,2.4770569801e-01
P1_PHYADDRPOINTER_REG_5__SCAN_IN,sa1,30,0,2.3279380798e-01
P1_DATAWIDTH_REG_8__SCAN_IN,sa1,29,1,3.1250000025e-01
P1_DATAWIDTH_REG_9__SCAN_IN,sa0,29,1,3.1250000025e-01
P1_EBX_REG_31__SCAN_IN,sa0,30,0,3.8977778191e-01
P2_EBX_REG_30__SCAN_IN,sa0,30,0,3.7573253365e-01
P2_EBX_REG_21__SCAN_IN,sa0,30,0,3.7574010345e-01
P2_EBX_REG_20__SCAN_IN,sa1,30,0,3.7574010345e-01
P2_EBX_REG_12__SCAN_IN,sa0,30,0,3.8626709212e-01
P2_EBX_REG_11__SCAN_IN,sa1,30,0,3.8675156982e-01
P2_EAX_REG_31__SCAN_IN,sa0,30,0,9.3751004191e-02
P2_EAX_REG_21__SCAN_IN,sa1,30,0,2.3437708553e-02
P2_EAX_REG_22__SCAN_IN,sa0,30,0,2.3437717749e-02
P2_EAX_REG_30__SCAN_IN,sa1,30,0,2.3437751048e-02
P2_EAX_REG_12__SCAN_IN,sa1,30,0,9.3750482531e-02
P2_EAX_REG_13__SCAN_IN,sa0,30,0,9.3750481717e-02
P2_PHYADDRPOINTER_REG_5__SCAN_IN,sa0,30,0,1.4062500000e-01
P2_PHYADDRPOINTER_REG_4__SCAN_IN,sa1,30,0,1.3671875000e-01
P2_DATAWIDTH_REG_7__SCAN_IN,sa1,28,1,3.1250000025e-01
P2_DATAWIDTH_REG_8__SCAN_IN,sa0,28,1,3.1250000025e-01
P3_EBX_REG_20__SCAN_IN,sa0,30,0,2.6619761286e-01
P3_EBX_REG_11__SCAN_IN,sa0,30,0,3.7500119897e-01
P3_EBX_REG_10__SCAN_IN,sa1,30,0,3.7500119897e-01
P3_EAX_REG_20__SCAN_IN,sa1,30,0,2.3796769699e-07
P3_EAX_REG_21__SCAN_IN,sa0,30,0,2.3749498718e-07
P3_EAX_REG_30__SCAN_IN,sa0,30,0,1.1641532172e-10
P3_EAX_REG_11__SCAN_IN,sa1,30,0,7.6752257883e-09
P3_EAX_REG_12__SCAN_IN,sa0,30,0,7.6752257883e-09
P3_PHYADDRPOINTER_REG_4__SCAN_IN,sa0,30,0,3.6804199219e-01
P3_PHYADDRPOINTER_REG_3__SCAN_IN,sa1,30,0,3.9343261719e-01
P3_DATAWIDTH_REG_6__SCAN_IN,sa1,29,1,3.1250000025e-01
P3_DATAWIDTH_REG_7__SCAN_IN,sa0,29,1,3.1250000025e-01
P3_ADDRESS_REG_15__SCAN_IN,sa1,15,1,4.2773437500e-01
P3_ADDRESS_REG_16__SCAN_IN,sa0,15,1,4.2773437500e-01
P2_ADDRESS_REG_16__SCAN_IN,sa1,30,0,4.4726562500e-01
P2_ADDRESS_REG_17__SCAN_IN,sa0,30,0,4.4726562500e-01
P3_ADDRESS_REG_24__SCAN_IN,sa1,15,1,4.2773437500e-01
P3_ADDRESS_REG_25__SCAN_IN,sa0,15,1,4.2773437500e-01
P2_ADDRESS_REG_25__SCAN_IN,sa1,30,0,4.4726562500e-01
P2_ADDRESS_REG_26__SCAN_IN,sa0,30,0,4.4726562500e-01
P1_ADDRESS_REG_17__SCAN_IN,sa1,1,1,5.0000000000e-01
P1_ADDRESS_REG_18__SCAN_IN,sa0,1,1,5.0000000000e-01
P1_ADDRESS_REG_26__SCAN_IN,sa1,1,1,5.0000000000e-01
P1_ADDRESS_REG_27__SCAN_IN,sa0,1,1,5.0000000000e-01
P1_EBX_REG_23__SCAN_IN,sa0,30,0,3.8977778191e-01
P1_EBX_REG_22__SCAN_IN,sa1,30,0,3.8977778191e-01
P1_EBX_REG_14__SCAN_IN,sa0,30,0,3.8977778191e-01
P1_EBX_REG_13__SCAN_IN,sa1,30,0,3.8977778191e-01
P1_EAX_REG_23__SCAN_IN,sa1,30,0,8.8224733203e-06
P1_EAX_REG_24__SCAN_IN,sa0,30,0,8.8224715014e-06
P1_EAX_REG_14__SCAN_IN,sa1,30,0,1.0491639843e-05
P1_EAX_REG_15__SCAN_IN,sa0,30,0,1.0492774893e-05
P1_PHYADDRPOINTER_REG_7__SCAN_IN,sa0,30,0,2.5155639648e-01
P1_PHYADDRPOINTER_REG_6__SCAN_IN,sa1,30,0,2.4770474434e-01
P1_DATAWIDTH_REG_9__SCAN_IN,sa1,29,1,3.1250000025e-01
P1_EBX_REG_31__SCAN_IN,sa1,30,0,3.8977778191e-01
P2_EBX_REG_30__SCAN_IN,sa1,30,0,3.7573253365e-01
P2_EBX_REG_22__SCAN_IN,sa0,30,0,3.7574010344e-01
P2_EBX_REG_21__SCAN_IN,sa1,30,0,3.7574010345e-01
P2_EBX_REG_13__SCAN_IN,sa0,30,0,3.8626630395e-01
P2_EBX_REG_12__SCAN_IN,sa1,30,0,3.8626709212e-01
P2_EAX_REG_31__SCAN_IN,sa1,30,0,9.3751004191e-02
P2_EAX_REG_22__SCAN_IN,sa1,30,0,2.3437717749e-02
P2_EAX_REG_23__SCAN_IN,sa0,30,0,2.3437725357e-02
P2_EAX_REG_13__SCAN_IN,sa1,30,0,9.3750481717e-02
P2_EAX_REG_14__SCAN_IN,sa0,30,0,9.3750480883e-02
P2_PHYADDRPOINTER_REG_6__SCAN_IN,sa0,30,0,1.4257812500e-01
P2_PHYADDRPOINTER_REG_5__SCAN_IN,sa1,30,0,1.4062500000e-01
P2_DATAWIDTH_REG_8__SCAN_IN,sa1,28,1,3.1250000025e-01
P2_DATAWIDTH_REG_9__SCAN_IN,sa0,28,1,3.1250000025e-01
P2_EBX_REG_31__SCAN_IN,sa0,30,0,3.7573549471e-01
P3_EBX_REG_30__SCAN_IN,sa0,30,0,3.7500008883e-01
P3_EBX_REG_21__SCAN_IN,sa0,30,0,2.6619761284e-01
P3_EBX_REG_20__SCAN_IN,sa1,30,0,2.6618247338e-01
P3_EBX_REG_12__SCAN_IN,sa0,30,0,3.7500120367e-01
P3_EBX_REG_11__SCAN_IN,sa1,30,0,3.7500119897e-01
P3_EAX_REG_31__SCAN_IN,sa0,30,0,3.5229958594e-01
P3_EAX_REG_21__SCAN_IN,sa1,30,0,2.3749498718e-07
P3_EAX_REG_22__SCAN_IN,sa0,30,0,1.0504661585e-09
P3_EAX_REG_30__SCAN_IN,sa1,30,0,1.1641532172e-10
P3_EAX_REG_12__SCAN_IN,sa1,30,0,7.6752257883e-09
P3_EAX_REG_13__SCAN_IN,sa0,30,0,5.7912075135e-09
P3_PHYADDRPOINTER_REG_5__SCAN_IN,sa0,30,0,3.6486816406e-01
P3_PHYADDRPOINTER_REG_4__SCAN_IN,sa1,30,0,3.6999511719e-01
P3_DATAWIDTH_REG_7__SCAN_IN,sa1,29,1,3.1250000025e-01
P3_DATAWIDTH_REG_8__SCAN_IN,sa0,29,1,3.1250000025e-01
P3_ADDRESS_REG_16__SCAN_IN,sa1,15,1,4.2773437500e-01
P3_ADDRESS_REG_17__SCAN_IN,sa0,15,1,4.2773437500e-01
P2_ADDRESS_REG_17__SCAN_IN,sa1,30,0,4.4726562500e-01
P2_ADDRESS_REG_18__SCAN_IN,sa0,30,0,4.4726562500e-01
P3_ADDRESS_REG_25__SCAN_IN,sa1,15,1,4.2773437500e-01
P3_ADDRESS_REG_26__SCAN_IN,sa0,15,1,4.2773437500e-01
P2_ADDRESS_REG_26__SCAN_IN,sa1,30,0,4.4726562500e-01
P2_ADDRESS_REG_27__SCAN_IN,sa0,30,0,4.4726562500e-01
P1_ADDRESS_REG_18__SCAN_IN,sa1,1,1,5.0000000000e-01
P1_ADDRESS_REG_19__SCAN_IN,sa0,1,1,5.0000000000e-01
P1_ADDRESS_REG_27__SCAN_IN,sa1,1,1,5.0000000000e-01
P1_ADDRESS_REG_28__SCAN_IN,sa0,1,1,5.0000000000e-01
P1_EBX_REG_24__SCAN_IN,sa0,30,0,3.8977778191e-01
P1_EBX_REG_23__SCAN_IN,sa1,30,0,3.8977778191e-01
P1_EBX_REG_15__SCAN_IN,sa0,30,0,3.8977778191e-01
P1_EBX_REG_14__SCAN_IN,sa1,30,0,3.8977778191e-01
P1_EAX_REG_16__SCAN_IN,sa0,30,0,8.2264050441e-06
P1_EAX_REG_24__SCAN_IN,sa1,30,0,8.8224715014e-06
P1_EAX_REG_25__SCAN_IN,sa0,30,0,8.8224705919e-06
P1_EAX_REG_15__SCAN_IN,sa1,30,0,1.0492774893e-05
P1_PHYADDRPOINTER_REG_8__SCAN_IN,sa0,30,0,3.2543945313e-01
P1_PHYADDRPOINTER_REG_7__SCAN_IN,sa1,30,0,2.2929954529e-01
P2_EBX_REG_23__SCAN_IN,sa0,30,0,3.7574010344e-01
P2_EBX_REG_22__SCAN_IN,sa1,30,0,3.7574010344e-01
P2_EBX_REG_14__SCAN_IN,sa0,30,0,3.8602407342e-01
P2_EBX_REG_13__SCAN_IN,sa1,30,0,3.8626630395e-01
P2_EAX_REG_23__SCAN_IN,sa1,30,0,2.3437725357e-02
P2_EAX_REG_24__SCAN_IN,sa0,30,0,2.3437731685e-02
P2_EAX_REG_14__SCAN_IN,sa1,30,0,9.3750480883e-02
P2_EAX_REG_15__SCAN_IN,sa0,30,0,9.3750480957e-02
P2_PHYADDRPOINTER_REG_7__SCAN_IN,sa0,30,0,1.4355468750e-01
P2_PHYADDRPOINTER_REG_6__SCAN_IN,sa1,30,0,1.4257812500e-01
P2_DATAWIDTH_REG_9__SCAN_IN,sa1,28,1,3.1250000025e-01
P2_EBX_REG_31__SCAN_IN,sa1,30,0,3.7573549471e-01
P3_EBX_REG_30__SCAN_IN,sa1,30,0,3.7500008883e-01
P3_EBX_REG_22__SCAN_IN,sa0,30,0,2.6619761284e-01
P3_EBX_REG_21__SCAN_IN,sa1,30,0,2.6619761284e-01
P3_EBX_REG_13__SCAN_IN,sa0,30,0,3.7500003769e-01
P3_EBX_REG_12__SCAN_IN,sa1,30,0,3.7500120367e-01
P3_EAX_REG_31__SCAN_IN,sa1,30,0,3.5229958594e-01
P3_EAX_REG_22__SCAN_IN,sa1,30,0,1.0504661585e-09
P3_EAX_REG_23__SCAN_IN,sa0,30,0,1.8260393193e-12
P3_EAX_REG_13__SCAN_IN,sa1,30,0,5.7912075135e-09
P3_EAX_REG_14__SCAN_IN,sa0,30,0,6.1463651946e-08
P3_PHYADDRPOINTER_REG_6__SCAN_IN,sa0,30,0,3.4899902344e-01
P3_PHYADDRPOINTER_REG_5__SCAN_IN,sa1,30,0,3.6486816406e-01
P3_DATAWIDTH_REG_8__SCAN_IN,sa1,29,1,3.1250000025e-01
P3_DATAWIDTH_REG_9__SCAN_IN,sa0,29,1,3.1250000025e-01
P3_EBX_REG_31__SCAN_IN,sa0,30,0,3.7930164380e-01
P3_ADDRESS_REG_17__SCAN_IN,sa1,15,1,4.2773437500e-01
P3_ADDRESS_REG_18__SCAN_IN,sa0,15,1,4.2773437500e-01
P2_ADDRESS_REG_18__SCAN_IN,sa1,30,0,4.4726562500e-01
P2_ADDRESS_REG_19__SCAN_IN,sa0,30,0,4.4726562500e-01
P3_ADDRESS_REG_26__SCAN_IN,sa1,15,1,4.2773437500e-01
P3_ADDRESS_REG_27__SCAN_IN,sa0,15,1,4.2773437500e-01
P2_ADDRESS_REG_27__SCAN_IN,sa1,30,0,4.4726562500e-01
P2_ADDRESS_REG_28__SCAN_IN,sa0,30,0,4.4726562500e-01
P1_ADDRESS_REG_19__SCAN_IN,sa1,1,1,5.0000000000e-01
P1_ADDRESS_REG_28__SCAN_IN,sa1,1,1,5.0000000000e-01
P1_ADDRESS_REG_29__SCAN_IN,sa0,1,1,5.0000000000e-01
P1_EBX_REG_25__SCAN_IN,sa0,30,0,3.8977778191e-01
P1_EBX_REG_24__SCAN_IN,sa1,30,0,3.8977778191e-01
P1_EBX_REG_16__SCAN_IN,sa0,30,0,3.8977778191e-01
P1_EBX_REG_15__SCAN_IN,sa1,30,0,3.8977778191e-01
P1_EAX_REG_16__SCAN_IN,sa1,30,0,8.2264050441e-06
P1_EAX_REG_17__SCAN_IN,sa0,30,0,8.8227025130e-06
P1_EAX_REG_25__SCAN_IN,sa1,30,0,8.8224705919e-06
P1_EAX_REG_26__SCAN_IN,sa0,30,0,8.8224701371e-06
P1_PHYADDRPOINTER_REG_9__SCAN_IN,sa0,30,0,2.4865722656e-01
P1_PHYADDRPOINTER_REG_8__SCAN_IN,sa1,30,0,2.2868919373e-01
P2_EBX_REG_24__SCAN_IN,sa0,30,0,3.7574010344e-01
P2_EBX_REG_23__SCAN_IN,sa1,30,0,3.7574010344e-01
P2_EBX_REG_15__SCAN_IN,sa0,30,0,3.8553961374e-01
P2_EBX_REG_14__SCAN_IN,sa1,30,0,3.8602407342e-01
P2_EAX_REG_16__SCAN_IN,sa0,30,0,2.3437620239e-02
P2_EAX_REG_24__SCAN_IN,sa1,30,0,2.3437731685e-02
P2_EAX_REG_25__SCAN_IN,sa0,30,0,2.3437736975e-02
P2_EAX_REG_15__SCAN_IN,sa1,30,0,9.3750480957e-02
P2_PHYADDRPOINTER_REG_8__SCAN_IN,sa0,30,0,1.4355468753e-01
P2_PHYADDRPOINTER_REG_7__SCAN_IN,sa1,30,0,1.4355468750e-01
P3_EBX_REG_23__SCAN_IN,sa0,30,0,1.0030620007e-02
P3_EBX_REG_22__SCAN_IN,sa1,30,0,2.6618247328e-01
P3_EBX_REG_14__SCAN_IN,sa0,30,0,3.7500003885e-01
P3_EBX_REG_13__SCAN_IN,sa1,30,0,3.7500003769e-01
P3_EAX_REG_23__SCAN_IN,sa1,30,0,1.8260393193e-12
P3_EAX_REG_24__SCAN_IN,sa0,30,0,9.2337248937e-13
P3_EAX_REG_14__SCAN_IN,sa1,30,0,6.1463651946e-08
P3_EAX_REG_15__SCAN_IN,sa0,30,0,9.3130125833e-10
P3_PHYADDRPOINTER_REG_7__SCAN_IN,sa0,30,0,3.4375000000e-01
P3_PHYADDRPOINTER_REG_6__SCAN_IN,sa1,30,0,3.4899902344e-01
P3_DATAWIDTH_REG_9__SCAN_IN,sa1,29,1,3.1250000025e-01
P3_EBX_REG_31__SCAN_IN,sa1,30,0,3.7930164380e-01
P3_ADDRESS_REG_18__SCAN_IN,sa1,15,1,4.2773437500e-01
P3_ADDRESS_REG_19__SCAN_IN,sa0,15,1,4.2773437500e-01
P2_ADDRESS_REG_19__SCAN_IN,sa1,30,0,4.4726562500e-01
P3_ADDRESS_REG_27__SCAN_IN,sa1,15,1,4.2773437500e-01
P3_ADDRESS_REG_28__SCAN_IN,sa0,15,1,4.2773437500e-01
P2_ADDRESS_REG_28__SCAN_IN,sa1,30,0,4.4726562500e-01
P2_ADDRESS_REG_29__SCAN_IN,sa0,30,0,4.4753333556e-01
P1_ADDRESS_REG_29__SCAN_IN,sa1,1,1,5.0000000000e-01
P1_EBX_REG_26__SCAN_IN,sa0,30,0,3.8977778191e-01
P1_EBX_REG_25__SCAN_IN,sa1,30,0,3.8977778191e-01
P1_EBX_REG_17__SCAN_IN,sa0,30,0,3.8977778191e-01
P1_EBX_REG_16__SCAN_IN,sa1,30,0,3.8977778191e-01
P1_EAX_REG_17__SCAN_IN,sa1,30,0,8.8227025130e-06
P1_EAX_REG_18__SCAN_IN,sa0,30,0,8.8225860977e-06
P1_EAX_REG_26__SCAN_IN,sa1,30,0,8.8224701371e-06
P1_EAX_REG_27__SCAN_IN,sa0,30,0,8.8224699097e-06
P1_PHYADDRPOINTER_REG_9__SCAN_IN,sa1,30,0,1.3016033173e-01
P2_EBX_REG_25__SCAN_IN,sa0,30,0,3.7573253365e-01
P2_EBX_REG_24__SCAN_IN,sa1,30,0,3.7574010344e-01
P2_EBX_REG_16__SCAN_IN,sa0,30,0,3.8457069507e-01
P2_EBX_REG_15__SCAN_IN,sa1,30,0,3.8553961374e-01
P2_EAX_REG_16__SCAN_IN,sa1,30,0,2.3437620239e-02
P2_EAX_REG_17__SCAN_IN,sa0,30,0,2.3437646113e-02
P2_EAX_REG_25__SCAN_IN,sa1,30,0,2.3437736975e-02
P2_EAX_REG_26__SCAN_IN,sa0,30,0,2.3437741419e-02
P2_PHYADDRPOINTER_REG_9__SCAN_IN,sa0,30,0,1.4355474345e-01
P2_PHYADDRPOINTER_REG_8__SCAN_IN,sa1,30,0,1.4355468753e-01
P3_EBX_REG_24__SCAN_IN,sa0,30,0,2.8221280248e-04
P3_EBX_REG_23__SCAN_IN,sa1,30,0,1.0030620007e-02
P3_EBX_REG_15__SCAN_IN,sa0,30,0,3.7500000786e-01
P3_EBX_REG_14__SCAN_IN,sa1,30,0,3.7500003885e-01
P3_EAX_REG_16__SCAN_IN,sa0,30,0,2.3862231835e-07
P3_EAX_REG_24__SCAN_IN,sa1,30,0,9.2337248937e-13
P3_EAX_REG_25__SCAN_IN,sa0,30,0,4.6829207168e-13
P3_EAX_REG_15__SCAN_IN,sa1,30,0,9.3130125833e-10
P3_PHYADDRPOINTER_REG_8__SCAN_IN,sa0,30,0,1.5612792969e-01
P3_PHYADDRPOINTER_REG_7__SCAN_IN,sa1,30,0,3.4375000000e-01
P3_ADDRESS_REG_19__SCAN_IN,sa1,15,1,4.2773437500e-01
P3_ADDRESS_REG_28__SCAN_IN,sa1,15,1,4.2773437500e-01
P3_ADDRESS_REG_29__SCAN_IN,sa0,15,1,4.2773437500e-01
P2_ADDRESS_REG_29__SCAN_IN,sa1,30,0,4.4753333556e-01
P1_EBX_REG_27__SCAN_IN,sa0,30,0,3.8977778191e-01
P1_EBX_REG_26__SCAN_IN,sa1,30,0,3.8977778191e-01
P1_EBX_REG_18__SCAN_IN,sa0,30,0,3.8977778191e-01
P1_EBX_REG_17__SCAN_IN,sa1,30,0,3.8977778191e-01
P1_EAX_REG_18__SCAN_IN,sa1,30,0,8.8225860977e-06
P1_EAX_REG_19__SCAN_IN,sa0,30,0,8.8225278900e-06
P1_EAX_REG_27__SCAN_IN,sa1,30,0,8.8224699097e-06
P1_EAX_REG_28__SCAN_IN,sa0,30,0,8.8224697961e-06
P2_EBX_REG_26__SCAN_IN,sa0,30,0,3.7573253365e-01
P2_EBX_REG_25__SCAN_IN,sa1,30,0,3.7573253365e-01
P2_EBX_REG_17__SCAN_IN,sa0,30,0,3.8069496207e-01
P2_EBX_REG_16__SCAN_IN,sa1,30,0,3.8457069507e-01
P2_EAX_REG_17__SCAN_IN,sa1,30,0,2.3437646113e-02
P2_EAX_REG_18__SCAN_IN,sa0,30,0,2.3437666904e-02
P2_EAX_REG_26__SCAN_IN,sa1,30,0,2.3437741419e-02
P2_EAX_REG_27__SCAN_IN,sa0,30,0,2.3437745169e-02
P2_PHYADDRPOINTER_REG_9__SCAN_IN,sa1,30,0,1.4355474345e-01
P3_EBX_REG_25__SCAN_IN,sa0,30,0,2.8030555803e-04
P3_EBX_REG_24__SCAN_IN,sa1,30,0,2.8221280248e-04
P3_EBX_REG_16__SCAN_IN,sa0,30,0,2.6619761329e-01
P3_EBX_REG_15__SCAN_IN,sa1,30,0,3.7500000786e-01
P3_EAX_REG_16__SCAN_IN,sa1,30,0,2.3862231835e-07
P3_EAX_REG_17__SCAN_IN,sa0,30,0,2.3847681430e-07
P3_EAX_REG_25__SCAN_IN,sa1,30,0,4.6829207168e-13
P3_EAX_REG_26__SCAN_IN,sa0,30,0,2.4025226248e-13
P3_PHYADDRPOINTER_REG_9__SCAN_IN,sa0,30,0,1.5600585938e-01
P3_PHYADDRPOINTER_REG_8__SCAN_IN,sa1,30,0,1.5612792969e-01
P3_ADDRESS_REG_29__SCAN_IN,sa1,15,1,4.2773437500e-01
P1_EBX_REG_28__SCAN_IN,sa0,30,0,3.8977778191e-01
P1_EBX_REG_27__SCAN_IN,sa1,30,0,3.8977778191e-01
P1_EBX_REG_19__SCAN_IN,sa0,30,0,3.8977778191e-01
P1_EBX_REG_18__SCAN_IN,sa1,30,0,3.8977778191e-01
P1_EAX_REG_19__SCAN_IN,sa1,30,0,8.8225278900e-06
P1_EAX_REG_28__SCAN_IN,sa1,30,0,8.8224697961e-06
P1_EAX_REG_29__SCAN_IN,sa0,30,0,8.8224697392e-06
P2_EBX_REG_27__SCAN_IN,sa0,30,0,3.7573253365e-01
P2_EBX_REG_26__SCAN_IN,sa1,30,0,3.7573253365e-01
P2_EBX_REG_18__SCAN_IN,sa0,30,0,3.7920546467e-01
P2_EBX_REG_17__SCAN_IN,sa1,30,0,3.8069496207e-01
P2_EAX_REG_18__SCAN_IN,sa1,30,0,2.3437666904e-02
P2_EAX_REG_19__SCAN_IN,sa0,30,0,2.3437683710e-02
P2_EAX_REG_27__SCAN_IN,sa1,30,0,2.3437745169e-02
P2_EAX_REG_28__SCAN_IN,sa0,30,0,2.3437748346e-02
P3_EBX_REG_26__SCAN_IN,sa0,30,0,2.7839831358e-04
P3_EBX_REG_25__SCAN_IN,sa1,30,0,2.8030555803e-04
P3_EBX_REG_17__SCAN_IN,sa0,30,0,2.6619761306e-01
P3_EBX_REG_16__SCAN_IN,sa1,30,0,2.6618247534e-01
P3_EAX_REG_17__SCAN_IN,sa1,30,0,2.3847681430e-07
P3_EAX_REG_18__SCAN_IN,sa0,30,0,2.3821496575e-07
P3_EAX_REG_26__SCAN_IN,sa1,30,0,2.4025226248e-13
P3_EAX_REG_27__SCAN_IN,sa0,30,0,1.2523315715e-13
P3_PHYADDRPOINTER_REG_9__SCAN_IN,sa1,30,0,1.5600585938e-01
DATAI_0_,sa1,30,0,5.5442797020e-07
P1_EBX_REG_29__SCAN_IN,sa0,30,0,3.8977778191e-01
P1_EBX_REG_28__SCAN_IN,sa1,30,0,3.8977778191e-01
P1_EBX_REG_19__SCAN_IN,sa1,30,0,3.8977778191e-01
P1_EAX_REG_29__SCAN_IN,sa1,30,0,8.8224697392e-06
P2_EBX_REG_28__SCAN_IN,sa0,30,0,3.7573253365e-01
P2_EBX_REG_27__SCAN_IN,sa1,30,0,3.7573253365e-01
P2_EBX_REG_19__SCAN_IN,sa0,30,0,3.7756397777e-01
P2_EBX_REG_18__SCAN_IN,sa1,30,0,3.7920546467e-01
P2_EAX_REG_19__SCAN_IN,sa1,30,0,2.3437683710e-02
P2_EAX_REG_28__SCAN_IN,sa1,30,0,2.3437748346e-02
P2_EAX_REG_29__SCAN_IN,sa0,30,0,2.3437751048e-02
P3_EBX_REG_27__SCAN_IN,sa0,30,0,3.7500008883e-01
P3_EBX_REG_26__SCAN_IN,sa1,30,0,2.7839831358e-04
P3_EBX_REG_18__SCAN_IN,sa0,30,0,2.6619761295e-01
P3_EBX_REG_17__SCAN_IN,sa1,30,0,2.6619761306e-01
P3_EAX_REG_18__SCAN_IN,sa1,30,0,2.3821496575e-07
P3_EAX_REG_19__SCAN_IN,sa0,30,0,2.3821496575e-07
P3_EAX_REG_27__SCAN_IN,sa1,30,0,1.2523315715e-13
P3_EAX_REG_28__SCAN_IN,sa0,30,0,1.4959425698e-08
HOLD,sa0,30,0,3.8689422607e-01
DATAI_1_,sa1,30,0,2.9310289028e-03
P1_EBX_REG_29__SCAN_IN,sa1,30,0,3.8977778191e-01
P2_EBX_REG_29__SCAN_IN,sa0,30,0,3.7573253365e-01
P2_EBX_REG_28__SCAN_IN,sa1,30,0,3.7573253365e-01
P2_EBX_REG_19__SCAN_IN,sa1,30,0,3.7756397777e-01
P2_EAX_REG_29__SCAN_IN,sa1,30,0,2.3437751048e-02
P3_EBX_REG_28__SCAN_IN,sa0,30,0,3.7500008883e-01
P3_EBX_REG_27__SCAN_IN,sa1,30,0,3.7500008883e-01
P3_EBX_REG_19__SCAN_IN,sa0,30,0,2.6619761289e-01
P3_EBX_REG_18__SCAN_IN,sa1,30,0,2.6618247377e-01
P3_EAX_REG_19__SCAN_IN,sa1,30,0,2.3821496575e-07
P3_EAX_REG_28__SCAN_IN,sa1,30,0,1.4959425698e-08
P3_EAX_REG_29__SCAN_IN,sa0,30,0,1.1644374332e-10
HOLD,sa1,30,0,3.8952541351e-01
DATAI_2_,sa1,30,0,2.9310289010e-03
P2_EBX_REG_29__SCAN_IN,sa1,30,0,3.7573253365e-01
P3_EBX_REG_29__SCAN_IN,sa0,30,0,3.7500008883e-01
P3_EBX_REG_28__SCAN_IN,sa1,30,0,3.7500008883e-01
P3_EBX_REG_19__SCAN_IN,sa1,30,0,2.6619761289e-01
P3_EAX_REG_29__SCAN_IN,sa1,30,0,1.1644374332e-10
DATAI_3_,sa1,30,0,3.4193101537e-03
P1_STATE_REG_0__SCAN_IN,sa0,30,0,4.5312356949e-01
P3_EBX_REG_29__SCAN_IN,sa1,30,0,3.7500008883e-01
DATAI_4_,sa1,30,0,2.4433527205e-03
P1_STATE_REG_0__SCAN_IN,sa1,30,0,4.5312356949e-01
P1_STATE_REG_1__SCAN_IN,sa0,30,0,4.0624356270e-01
P2_STATE_REG_0__SCAN_IN,sa0,30,0,2.4999999802e-01
DATAI_5_,sa1,30,0,2.9308796002e-03
P1_STATE_REG_2__SCAN_IN,sa0,30,0,4.0624999162e-01
P1_STATE_REG_1__SCAN_IN,sa1,30,0,3.3591000317e-01
P2_STATE_REG_0__SCAN_IN,sa1,30,0,2.4999999802e-01
P2_STATE_REG_1__SCAN_IN,sa0,30,0,4.0624642372e-01
P3_STATE_REG_0__SCAN_IN,sa0,30,0,2.4999999802e-01
DATAI_6_,sa1,30,0,1.9601974727e-03
P1_STATE_REG_2__SCAN_IN,sa1,30,0,4.0624998882e-01
P2_STATE_REG_1__SCAN_IN,sa1,30,0,3.6718747206e-01
P2_STATE_REG_2__SCAN_IN,sa0,30,0,4.0624999162e-01
P3_STATE_REG_0__SCAN_IN,sa1,30,0,2.4999999802e-01
P3_STATE_REG_1__SCAN_IN,sa0,30,0,3.8281142712e-01
DATAI_7_,sa1,30,0,3.9075914029e-03
P2_STATE_REG_2__SCAN_IN,sa1,30,0,4.0624999162e-01
P3_STATE_REG_2__SCAN_IN,sa0,30,0,4.0624999721e-01
P3_STATE_REG_1__SCAN_IN,sa1,30,0,4.0624892712e-01
DATAI_8_,sa1,30,0,3.0994415345e-06
P3_STATE_REG_2__SCAN_IN,sa1,30,0,4.0624998324e-01
DATAI_9_,sa1,30,0,3.0994415345e-06
P1_LWORD_REG_0__SCAN_IN,sa0,30,0,7.3079107322e-02
P1_LWORD_REG_1__SCAN_IN,sa0,30,0,7.3079107322e-02
P1_LWORD_REG_0__SCAN_IN,sa1,30,0,7.3079107322e-02
P2_LWORD_REG_0__SCAN_IN,sa0,2,1,2.5000000000e-01
P1_LWORD_REG_2__SCAN_IN,sa0,30,0,7.3079107322e-02
P1_LWORD_REG_1__SCAN_IN,sa1,30,0,7.3079107322e-02
P1_INSTQUEUE_REG_10__0__SCAN_IN,sa0,30,0,9.8602294932e-02
P2_LWORD_REG_0__SCAN_IN,sa1,2,1,2.5000000000e-01
P2_LWORD_REG_1__SCAN_IN,sa0,2,1,2.5000000000e-01
P3_LWORD_REG_0__SCAN_IN,sa0,2,1,2.5000000000e-01
P1_LWORD_REG_3__SCAN_IN,sa0,30,0,7.3079107322e-02
P1_LWORD_REG_2__SCAN_IN,sa1,30,0,7.3079107322e-02
P1_INSTADDRPOINTER_REG_10__SCAN_IN,sa0,30,0,3.1275683700e-01
P1_INSTQUEUE_REG_11__0__SCAN_IN,sa0,30,0,2.7794122711e-02
P1_INSTQUEUE_REG_10__0__SCAN_IN,sa1,30,0,9.8602294932e-02
P1_INSTQUEUE_REG_10__1__SCAN_IN,sa0,30,0,9.8602294932e-02
P2_LWORD_REG_1__SCAN_IN,sa1,2,1,2.5000000000e-01
P2_LWORD_REG_2__SCAN_IN,sa0,2,1,2.5000000000e-01
P2_INSTQUEUE_REG_10__0__SCAN_IN,sa0,30,0,3.2434487343e-01
P3_LWORD_REG_0__SCAN_IN,sa1,2,1,2.5000000000e-01
P3_LWORD_REG_1__SCAN_IN,sa0,2,1,2.5000000000e-01
BUF1_REG_10__SCAN_IN,sa0,30,0,4.7430419922e-01
P1_LWORD_REG_4__SCAN_IN,sa0,30,0,7.3079107322e-02
P1_LWORD_REG_3__SCAN_IN,sa1,30,0,7.3079107322e-02
P1_INSTADDRPOINTER_REG_20__SCAN_IN,sa0,30,0,3.1353953495e-01
P1_INSTADDRPOINTER_REG_11__SCAN_IN,sa0,30,0,3.7641936541e-01
P1_INSTADDRPOINTER_REG_10__SCAN_IN,sa1,30,0,3.1286724843e-01
P1_INSTQUEUE_REG_12__0__SCAN_IN,sa0,30,0,2.0080184937e-01
P1_INSTQUEUE_REG_11__0__SCAN_IN,sa1,30,0,2.7794122711e-02
P1_INSTQUEUE_REG_11__1__SCAN_IN,sa0,30,0,2.7794122711e-02
P1_INSTQUEUE_REG_10__1__SCAN_IN,sa1,30,0,9.8602294932e-02
P1_INSTQUEUE_REG_10__2__SCAN_IN,sa0,30,0,9.8602294932e-02
P2_LWORD_REG_2__SCAN_IN,sa1,2,1,2.5000000000e-01
P2_LWORD_REG_3__SCAN_IN,sa0,2,1,2.5000000000e-01
P2_INSTADDRPOINTER_REG_10__SCAN_IN,sa0,30,0,3.1395923534e-01
P2_INSTQUEUE_REG_10__0__SCAN_IN,sa1,30,0,3.2402443886e-01
P2_INSTQUEUE_REG_10__1__SCAN_IN,sa0,30,0,3.0338454247e-01
P2_INSTQUEUE_REG_11__0__SCAN_IN,sa0,30,0,4.8377731165e-03
P3_LWORD_REG_1__SCAN_IN,sa1,2,1,2.5000000000e-01
P3_LWORD_REG_2__SCAN_IN,sa0,2,1,2.5000000000e-01
P3_INSTQUEUE_REG_10__0__SCAN_IN,sa0,30,0,4.2443847656e-01
BUF2_REG_10__SCAN_IN,sa0,30,0,4.9902345578e-01
BUF1_REG_20__SCAN_IN,sa0,30,0,4.5874156058e-01
BUF1_REG_11__SCAN_IN,sa0,30,0,4.7430419922e-01
BUF1_REG_10__SCAN_IN,sa1,30,0,4.7430419922e-01
P1_MEMORYFETCH_REG_SCAN_IN,sa0,30,0,1.7584121227e-01
P1_LWORD_REG_5__SCAN_IN,sa0,30,0,7.3079107322e-02
P1_LWORD_REG_4__SCAN_IN,sa1,30,0,7.3079107322e-02
P1_INSTADDRPOINTER_REG_30__SCAN_IN,sa0,30,0,3.7506559492e-01
P1_INSTADDRPOINTER_REG_21__SCAN_IN,sa0,30,0,3.1353953495e-01
P1_INSTADDRPOINTER_REG_20__SCAN_IN,sa1,30,0,3.1251147429e-01
P1_INSTADDRPOINTER_REG_12__SCAN_IN,sa0,30,0,3.1349020853e-01
P1_INSTADDRPOINTER_REG_11__SCAN_IN,sa1,30,0,3.1250075426e-01
P1_INSTQUEUE_REG_13__0__SCAN_IN,sa0,30,0,3.7083417190e-02
P1_INSTQUEUE_REG_12__0__SCAN_IN,sa1,30,0,2.0080184937e-01
P1_INSTQUEUE_REG_12__1__SCAN_IN,sa0,30,0,2.0080184937e-01
P1_INSTQUEUE_REG_11__1__SCAN_IN,sa1,30,0,2.7794122711e-02
P1_INSTQUEUE_REG_11__2__SCAN_IN,sa0,30,0,2.7794122711e-02
P1_INSTQUEUE_REG_10__2__SCAN_IN,sa1,30,0,9.8602294932e-02
P1_INSTQUEUE_REG_10__3__SCAN_IN,sa0,30,0,9.8602294932e-02
P2_LWORD_REG_3__SCAN_IN,sa1,2,1,2.5000000000e-01
P2_LWORD_REG_4__SCAN_IN,sa0,2,1,2.5000000000e-01
P2_INSTADDRPOINTER_REG_20__SCAN_IN,sa0,30,0,3.1811766412e-01
P2_INSTADDRPOINTER_REG_11__SCAN_IN,sa0,30,0,3.1395923534e-01
P2_INSTADDRPOINTER_REG_10__SCAN_IN,sa1,30,0,3.1395923534e-01
P2_INSTQUEUE_REG_10__1__SCAN_IN,sa1,30,0,3.2406997681e-01
P2_INSTQUEUE_REG_10__2__SCAN_IN,sa0,30,0,2.9430437088e-01
P2_INSTQUEUE_REG_11__0__SCAN_IN,sa1,30,0,4.8377731165e-03
P2_INSTQUEUE_REG_11__1__SCAN_IN,sa0,30,0,2.8323459625e-01
P2_INSTQUEUE_REG_12__0__SCAN_IN,sa0,30,0,2.8749059886e-01
P3_LWORD_REG_2__SCAN_IN,sa1,2,1,2.5000000000e-01
P3_LWORD_REG_3__SCAN_IN,sa0,2,1,2.5000000000e-01
P3_INSTADDRPOINTER_REG_10__SCAN_IN,sa0,30,0,2.5061094762e-01
P3_INSTQUEUE_REG_10__1__SCAN_IN,sa0,30,0,4.0264892578e-01
P3_INSTQUEUE_REG_11__0__SCAN_IN,sa0,30,0,4.1638183594e-01
P3_INSTQUEUE_REG_10__0__SCAN_IN,sa1,30,0,3.8366699219e-01
BUF2_REG_20__SCAN_IN,sa0,30,0,4.9903497494e-01
BUF2_REG_11__SCAN_IN,sa0,30,0,4.9902345578e-01
BUF2_REG_10__SCAN_IN,sa1,30,0,4.9902345578e-01
BUF1_REG_30__SCAN_IN,sa0,30,0,4.5874421299e-01
BUF1_REG_21__SCAN_IN,sa0,30,0,4.5874156058e-01
BUF1_REG_20__SCAN_IN,sa1,30,0,4.5874156058e-01
BUF1_REG_12__SCAN_IN,sa0,30,0,4.7430419922e-01
BUF1_REG_11__SCAN_IN,sa1,30,0,4.7430419922e-01
P1_MEMORYFETCH_REG_SCAN_IN,sa1,30,0,1.7584121227e-01
P1_LWORD_REG_6__SCAN_IN,sa0,30,0,7.3079107322e-02
P1_LWORD_REG_5__SCAN_IN,sa1,30,0,7.3079107322e-02
P1_INSTADDRPOINTER_REG_30__SCAN_IN,sa1,30,0,3.1274393201e-01
P1_INSTADDRPOINTER_REG_22__SCAN_IN,sa0,30,0,3.4485627725e-01
P1_INSTADDRPOINTER_REG_21__SCAN_IN,sa1,30,0,3.1251147429e-01
P1_INSTADDRPOINTER_REG_13__SCAN_IN,sa0,30,0,3.1300704196e-01
P1_INSTADDRPOINTER_REG_12__SCAN_IN,sa1,30,0,3.1324106548e-01
P1_INSTQUEUE_REG_10__4__SCAN_IN,sa0,30,0,9.8602294932e-02
P1_INSTQUEUE_REG_14__0__SCAN_IN,sa0,30,0,2.0605364442e-01
P1_INSTQUEUE_REG_13__0__SCAN_IN,sa1,30,0,3.7083417190e-02
P1_INSTQUEUE_REG_13__1__SCAN_IN,sa0,30,0,3.7083417190e-02
P1_INSTQUEUE_REG_12__1__SCAN_IN,sa1,30,0,2.0080184937e-01
P1_INSTQUEUE_REG_12__2__SCAN_IN,sa0,30,0,2.0080184937e-01
P1_INSTQUEUE_REG_11__2__SCAN_IN,sa1,30,0,2.7794122711e-02
P1_INSTQUEUE_REG_11__3__SCAN_IN,sa0,30,0,2.7794122711e-02
P1_INSTQUEUE_REG_10__3__SCAN_IN,sa1,30,0,9.8602294932e-02
P1_INSTADDRPOINTER_REG_31__SCAN_IN,sa0,30,0,4.0625379967e-01
P2_MEMORYFETCH_REG_SCAN_IN,sa0,30,0,4.0848315373e-01
P2_LWORD_REG_4__SCAN_IN,sa1,2,1,2.5000000000e-01
P2_LWORD_REG_5__SCAN_IN,sa0,2,1,2.5000000000e-01
P2_INSTADDRPOINTER_REG_30__SCAN_IN,sa0,30,0,3.1371421267e-01
P2_INSTADDRPOINTER_REG_21__SCAN_IN,sa0,30,0,3.1811766412e-01
P2_INSTADDRPOINTER_REG_20__SCAN_IN,sa1,30,0,3.1811766412e-01
P2_INSTADDRPOINTER_REG_12__SCAN_IN,sa0,30,0,3.1395923534e-01
P2_INSTADDRPOINTER_REG_11__SCAN_IN,sa1,30,0,3.1395923534e-01
P2_INSTQUEUE_REG_10__2__SCAN_IN,sa1,30,0,2.9433763027e-01
P2_INSTQUEUE_REG_10__3__SCAN_IN,sa0,30,0,2.9416704178e-01
P2_INSTQUEUE_REG_11__1__SCAN_IN,sa1,30,0,2.8323459625e-01
P2_INSTQUEUE_REG_11__2__SCAN_IN,sa0,30,0,4.8377731165e-03
P2_INSTQUEUE_REG_12__0__SCAN_IN,sa1,30,0,2.8749059886e-01
P2_INSTQUEUE_REG_12__1__SCAN_IN,sa0,30,0,2.9481481761e-01
P2_INSTQUEUE_REG_13__0__SCAN_IN,sa0,30,0,3.1747162342e-01
P3_LWORD_REG_3__SCAN_IN,sa1,2,1,2.5000000000e-01
P3_LWORD_REG_4__SCAN_IN,sa0,2,1,2.5000000000e-01
P3_INSTADDRPOINTER_REG_20__SCAN_IN,sa0,30,0,2.5097256975e-01
P3_INSTADDRPOINTER_REG_11__SCAN_IN,sa0,30,0,2.5130111049e-01
P3_INSTADDRPOINTER_REG_10__SCAN_IN,sa1,30,0,2.5087797659e-01
P3_INSTQUEUE_REG_10__2__SCAN_IN,sa0,30,0,4.3798828125e-01
P3_INSTQUEUE_REG_11__1__SCAN_IN,sa0,30,0,4.2138671875e-01
P3_INSTQUEUE_REG_10__1__SCAN_IN,sa1,30,0,4.3261718750e-01
P3_INSTQUEUE_REG_12__0__SCAN_IN,sa0,30,0,4.0429687500e-01
P3_INSTQUEUE_REG_11__0__SCAN_IN,sa1,30,0,3.7696838379e-01
BUF2_REG_30__SCAN_IN,sa0,30,0,4.9903946463e-01
BUF2_REG_21__SCAN_IN,sa0,30,0,4.9903877790e-01
BUF2_REG_20__SCAN_IN,sa1,30,0,4.9903689109e-01
BUF2_REG_12__SCAN_IN,sa0,30,0,4.9902345578e-01
BUF2_REG_11__SCAN_IN,sa1,30,0,4.9902345578e-01
BUF1_REG_31__SCAN_IN,sa0,30,0,4.5874421299e-01
BUF1_REG_30__SCAN_IN,sa1,30,0,4.5874421299e-01
BUF1_REG_22__SCAN_IN,sa0,30,0,4.5874156058e-01
BUF1_REG_21__SCAN_IN,sa1,30,0,4.5874156058e-01
BUF1_REG_13__SCAN_IN,sa0,30,0,4.7430419922e-01
BUF1_REG_12__SCAN_IN,sa1,30,0,4.7430419922e-01
P1_LWORD_REG_7__SCAN_IN,sa0,30,0,7.3079107322e-02
P1_LWORD_REG_6__SCAN_IN,sa1,30,0,7.3079107322e-02
P1_INSTADDRPOINTER_REG_23__SCAN_IN,sa0,30,0,3.4485627725e-01
P1_INSTADDRPOINTER_REG_22__SCAN_IN,sa1,30,0,3.7500551374e-01
P1_INSTADDRPOINTER_REG_14__SCAN_IN,sa0,30,0,3.1279294399e-01
P1_INSTADDRPOINTER_REG_13__SCAN_IN,sa1,30,0,3.1251783425e-01
P1_INSTQUEUE_REG_10__4__SCAN_IN,sa1,30,0,9.8602294932e-02
P1_INSTQUEUE_REG_11__4__SCAN_IN,sa0,30,0,2.7794122711e-02
P1_INSTQUEUE_REG_15__0__SCAN_IN,sa0,30,0,2.7477383628e-02
P1_INSTQUEUE_REG_14__0__SCAN_IN,sa1,30,0,2.0605364442e-01
P1_INSTQUEUE_REG_14__1__SCAN_IN,sa0,30,0,2.0605364442e-01
P1_INSTQUEUE_REG_13__1__SCAN_IN,sa1,30,0,3.7083417190e-02
P1_INSTQUEUE_REG_13__2__SCAN_IN,sa0,30,0,3.7083417190e-02
P1_INSTQUEUE_REG_12__2__SCAN_IN,sa1,30,0,2.0080184937e-01
P1_INSTQUEUE_REG_12__3__SCAN_IN,sa0,30,0,2.0080184937e-01
P1_INSTQUEUE_REG_11__3__SCAN_IN,sa1,30,0,2.7794122711e-02
P1_INSTADDRPOINTER_REG_31__SCAN_IN,sa1,30,0,2.6757958485e-01
P1_INSTQUEUE_REG_10__5__SCAN_IN,sa0,30,0,9.8602294932e-02
P1_READREQUEST_REG_SCAN_IN,sa0,30,0,3.1866401434e-01
P1_STATEBS16_REG_SCAN_IN,sa0,30,0,3.1323312496e-01
P2_MEMORYFETCH_REG_SCAN_IN,sa1,30,0,4.0848315373e-01
P2_LWORD_REG_5__SCAN_IN,sa1,2,1,2.5000000000e-01
P2_LWORD_REG_6__SCAN_IN,sa0,2,1,2.5000000000e-01
P2_INSTADDRPOINTER_REG_31__SCAN_IN,sa0,30,0,3.1371421267e-01
P2_INSTADDRPOINTER_REG_30__SCAN_IN,sa1,30,0,3.1371421267e-01
P2_INSTADDRPOINTER_REG_22__SCAN_IN,sa0,30,0,3.1811766412e-01
P2_INSTADDRPOINTER_REG_21__SCAN_IN,sa1,30,0,3.1811766412e-01
P2_INSTADDRPOINTER_REG_13__SCAN_IN,sa0,30,0,3.1395923534e-01
P2_INSTADDRPOINTER_REG_12__SCAN_IN,sa1,30,0,3.1395923534e-01
P2_INSTQUEUE_REG_10__3__SCAN_IN,sa1,30,0,2.9508256912e-01
P2_INSTQUEUE_REG_10__4__SCAN_IN,sa0,30,0,3.2406997681e-01
P2_INSTQUEUE_REG_11__2__SCAN_IN,sa1,30,0,4.8377731165e-03
P2_INSTQUEUE_REG_11__3__SCAN_IN,sa0,30,0,4.8377731165e-03
P2_INSTQUEUE_REG_12__1__SCAN_IN,sa1,30,0,2.8700327128e-01
P2_INSTQUEUE_REG_12__2__SCAN_IN,sa0,30,0,2.8895544261e-01
P2_INSTQUEUE_REG_13__0__SCAN_IN,sa1,30,0,3.1747162342e-01
P2_INSTQUEUE_REG_13__1__SCAN_IN,sa0,30,0,3.1435120106e-01
P2_INSTQUEUE_REG_14__0__SCAN_IN,sa0,30,0,2.5307512283e-01
P3_MEMORYFETCH_REG_SCAN_IN,sa0,30,0,3.2958922862e-01
P3_LWORD_REG_4__SCAN_IN,sa1,2,1,2.5000000000e-01
P3_LWORD_REG_5__SCAN_IN,sa0,2,1,2.5000000000e-01
P3_INSTADDRPOINTER_REG_30__SCAN_IN,sa0,30,0,2.5048828108e-01
P3_INSTADDRPOINTER_REG_21__SCAN_IN,sa0,30,0,2.5096884408e-01
P3_INSTADDRPOINTER_REG_20__SCAN_IN,sa1,30,0,2.5097256975e-01
P3_INSTADDRPOINTER_REG_12__SCAN_IN,sa0,30,0,2.5088515878e-01
P3_INSTADDRPOINTER_REG_11__SCAN_IN,sa1,30,0,2.5096923122e-01
P3_INSTQUEUE_REG_10__3__SCAN_IN,sa0,30,0,4.3872070313e-01
P3_INSTQUEUE_REG_11__2__SCAN_IN,sa0,30,0,4.2285156250e-01
P3_INSTQUEUE_REG_10__2__SCAN_IN,sa1,30,0,4.1882324219e-01
P3_INSTQUEUE_REG_12__1__SCAN_IN,sa0,30,0,3.9733886719e-01
P3_INSTQUEUE_REG_11__1__SCAN_IN,sa1,30,0,4.3542480469e-01
P3_INSTQUEUE_REG_13__0__SCAN_IN,sa0,30,0,4.1674804688e-01
P3_INSTQUEUE_REG_12__0__SCAN_IN,sa1,30,0,3.7037658691e-01
BUF2_REG_31__SCAN_IN,sa0,30,0,4.9903521287e-01
BUF2_REG_30__SCAN_IN,sa1,30,0,4.9903923186e-01
BUF2_REG_22__SCAN_IN,sa0,30,0,4.9903497181e-01
BUF2_REG_21__SCAN_IN,sa1,30,0,4.9903688879e-01
BUF2_REG_13__SCAN_IN,sa0,30,0,4.9902345578e-01
BUF2_REG_12__SCAN_IN,sa1,30,0,4.9902345578e-01
BUF1_REG_31__SCAN_IN,sa1,30,0,4.5874421299e-01
BUF1_REG_23__SCAN_IN,sa0,30,0,4.5874156058e-01
BUF1_REG_22__SCAN_IN,sa1,30,0,4.5874156058e-01
BUF1_REG_14__SCAN_IN,sa0,30,0,4.7430419922e-01
BUF1_REG_13__SCAN_IN,sa1,30,0,4.7430419922e-01
P1_W_R_N_REG_SCAN_IN,sa0,30,0,3.7548828125e-01
P1_LWORD_REG_8__SCAN_IN,sa0,30,0,7.3079107322e-02
P1_LWORD_REG_7__SCAN_IN,sa1,30,0,7.3079107322e-02
P1_INSTADDRPOINTER_REG_24__SCAN_IN,sa0,30,0,3.1371309425e-01
P1_INSTADDRPOINTER_REG_23__SCAN_IN,sa1,30,0,3.1262210030e-01
P1_INSTADDRPOINTER_REG_15__SCAN_IN,sa0,30,0,3.7503460236e-01
P1_INSTADDRPOINTER_REG_14__SCAN_IN,sa1,30,0,3.1251152192e-01
P1_INSTQUEUE_REG_10__6__SCAN_IN,sa0,30,0,9.8602294932e-02
P1_INSTQUEUE_REG_11__4__SCAN_IN,sa1,30,0,2.7794122711e-02
P1_INSTQUEUE_REG_15__0__SCAN_IN,sa1,30,0,2.7477383628e-02
P1_INSTQUEUE_REG_15__1__SCAN_IN,sa0,30,0,2.7477383628e-02
P1_INSTQUEUE_REG_14__1__SCAN_IN,sa1,30,0,2.0605364442e-01
P1_INSTQUEUE_REG_14__2__SCAN_IN,sa0,30,0,2.0605364442e-01
P1_INSTQUEUE_REG_13__2__SCAN_IN,sa1,30,0,3.7083417190e-02
P1_INSTQUEUE_REG_11__5__SCAN_IN,sa0,30,0,2.7794122711e-02
P1_INSTQUEUE_REG_13__3__SCAN_IN,sa0,30,0,3.7083417190e-02
P1_INSTQUEUE_REG_12__3__SCAN_IN,sa1,30,0,2.0080184937e-01
P1_INSTQUEUE_REG_12__4__SCAN_IN,sa0,30,0,2.0080184937e-01
P1_INSTQUEUE_REG_10__5__SCAN_IN,sa1,30,0,9.8602294932e-02
P1_READREQUEST_REG_SCAN_IN,sa1,30,0,3.1866401434e-01
P1_STATEBS16_REG_SCAN_IN,sa1,30,0,3.1323297007e-01
P2_LWORD_REG_6__SCAN_IN,sa1,2,1,2.5000000000e-01
P2_LWORD_REG_7__SCAN_IN,sa0,2,1,2.5000000000e-01
P2_INSTADDRPOINTER_REG_31__SCAN_IN,sa1,30,0,3.1371421267e-01
P2_INSTADDRPOINTER_REG_23__SCAN_IN,sa0,30,0,3.1811766412e-01
P2_INSTADDRPOINTER_REG_22__SCAN_IN,sa1,30,0,3.1811766412e-01
P2_INSTADDRPOINTER_REG_14__SCAN_IN,sa0,30,0,3.1395923534e-01
P2_INSTADDRPOINTER_REG_13__SCAN_IN,sa1,30,0,3.1395923534e-01
P2_READREQUEST_REG_SCAN_IN,sa0,30,0,4.0949947814e-01
P2_INSTQUEUE_REG_10__4__SCAN_IN,sa1,30,0,2.9398393631e-01
P2_INSTQUEUE_REG_10__5__SCAN_IN,sa0,30,0,2.9508256912e-01
P2_INSTQUEUE_REG_11__3__SCAN_IN,sa1,30,0,4.8377731165e-03
P2_INSTQUEUE_REG_11__4__SCAN_IN,sa0,30,0,4.8377731165e-03
P2_INSTQUEUE_REG_12__2__SCAN_IN,sa1,30,0,2.8707861155e-01
P2_INSTQUEUE_REG_12__3__SCAN_IN,sa0,30,0,2.8700237721e-01
P2_INSTQUEUE_REG_13__1__SCAN_IN,sa1,30,0,3.2380402088e-01
P2_INSTQUEUE_REG_13__2__SCAN_IN,sa0,30,0,3.2397949696e-01
P2_INSTQUEUE_REG_14__0__SCAN_IN,sa1,30,0,2.5307512283e-01
P2_INSTQUEUE_REG_14__1__SCAN_IN,sa0,30,0,2.5307512283e-01
P2_INSTQUEUE_REG_15__0__SCAN_IN,sa0,30,0,4.7694682082e-03
P2_STATEBS16_REG_SCAN_IN,sa0,30,0,3.2183909975e-01
P3_MEMORYFETCH_REG_SCAN_IN,sa1,30,0,3.2958922862e-01
P3_LWORD_REG_5__SCAN_IN,sa1,2,1,2.5000000000e-01
P3_LWORD_REG_6__SCAN_IN,sa0,2,1,2.5000000000e-01
P3_INSTADDRPOINTER_REG_30__SCAN_IN,sa1,30,0,2.5048828108e-01
P3_INSTADDRPOINTER_REG_22__SCAN_IN,sa0,30,0,2.5096127225e-01
P3_INSTADDRPOINTER_REG_21__SCAN_IN,sa1,30,0,2.5096884408e-01
P3_INSTADDRPOINTER_REG_13__SCAN_IN,sa0,30,0,2.5093086064e-01
P3_INSTADDRPOINTER_REG_12__SCAN_IN,sa1,30,0,2.5100722913e-01
P3_INSTQUEUE_REG_11__3__SCAN_IN,sa0,30,0,4.0060424805e-01
P3_INSTQUEUE_REG_10__3__SCAN_IN,sa1,30,0,4.2474365234e-01
P3_INSTQUEUE_REG_12__2__SCAN_IN,sa0,30,0,3.9111328125e-01
P3_INSTQUEUE_REG_11__2__SCAN_IN,sa1,30,0,4.1529846191e-01
P3_INSTQUEUE_REG_10__4__SCAN_IN,sa0,30,0,4.0118408203e-01
P3_INSTQUEUE_REG_13__1__SCAN_IN,sa0,30,0,4.0142822266e-01
P3_INSTQUEUE_REG_12__1__SCAN_IN,sa1,30,0,4.2675781250e-01
P3_INSTQUEUE_REG_14__0__SCAN_IN,sa0,30,0,4.1040039063e-01
P3_INSTQUEUE_REG_13__0__SCAN_IN,sa1,30,0,4.0649414063e-01
P3_INSTADDRPOINTER_REG_31__SCAN_IN,sa0,30,0,2.5048828116e-01
BUF2_REG_31__SCAN_IN,sa1,30,0,4.9903711068e-01
BUF2_REG_23__SCAN_IN,sa0,30,0,4.9903497262e-01
BUF2_REG_22__SCAN_IN,sa1,30,0,4.9903688879e-01
BUF2_REG_14__SCAN_IN,sa0,30,0,4.9902345578e-01
BUF2_REG_13__SCAN_IN,sa1,30,0,4.9902345578e-01
BUF1_REG_24__SCAN_IN,sa0,30,0,4.5874421299e-01
BUF1_REG_23__SCAN_IN,sa1,30,0,4.5874156058e-01
BUF1_REG_15__SCAN_IN,sa0,30,0,4.7430419922e-01
BUF1_REG_14__SCAN_IN,sa1,30,0,4.7430419922e-01
P1_W_R_N_REG_SCAN_IN,sa1,30,0,3.7548828125e-01
P2_W_R_N_REG_SCAN_IN,sa0,30,0,3.7573242187e-01
P1_UWORD_REG_0__SCAN_IN,sa0,30,0,7.3079107322e-02
P1_LWORD_REG_9__SCAN_IN,sa0,30,0,7.3079107322e-02
P1_LWORD_REG_8__SCAN_IN,sa1,30,0,7.3079107322e-02
P1_INSTADDRPOINTER_REG_25__SCAN_IN,sa0,30,0,3.4448524568e-01
P1_INSTADDRPOINTER_REG_24__SCAN_IN,sa1,30,0,3.1298068173e-01
P1_INSTADDRPOINTER_REG_16__SCAN_IN,sa0,30,0,3.4487833364e-01
P1_INSTADDRPOINTER_REG_15__SCAN_IN,sa1,30,0,3.1250008336e-01
P1_INSTQUEUE_REG_10__6__SCAN_IN,sa1,30,0,9.8602294932e-02
P1_INSTQUEUE_REG_11__6__SCAN_IN,sa0,30,0,2.7794122711e-02
P1_INSTQUEUE_REG_15__1__SCAN_IN,sa1,30,0,2.7477383628e-02
P1_INSTQUEUE_REG_10__7__SCAN_IN,sa0,30,0,9.8602294932e-02
P1_INSTQUEUE_REG_15__2__SCAN_IN,sa0,30,0,2.7477383628e-02
P1_INSTQUEUE_REG_14__2__SCAN_IN,sa1,30,0,2.0605364442e-01
P1_INSTQUEUE_REG_11__5__SCAN_IN,sa1,30,0,2.7794122711e-02
P1_INSTQUEUE_REG_14__3__SCAN_IN,sa0,30,0,2.0605364442e-01
P1_INSTQUEUE_REG_13__3__SCAN_IN,sa1,30,0,3.7083417190e-02
P1_INSTQUEUE_REG_13__4__SCAN_IN,sa0,30,0,3.7083417190e-02
P1_INSTQUEUE_REG_12__4__SCAN_IN,sa1,30,0,2.0080184937e-01
P1_INSTQUEUE_REG_12__5__SCAN_IN,sa0,30,0,2.0080184937e-01
P2_LWORD_REG_7__SCAN_IN,sa1,2,1,2.5000000000e-01
P2_LWORD_REG_8__SCAN_IN,sa0,2,1,2.5000000000e-01
P2_INSTADDRPOINTER_REG_24__SCAN_IN,sa0,30,0,3.1811766412e-01
P2_INSTADDRPOINTER_REG_23__SCAN_IN,sa1,30,0,3.1811766412e-01
P2_INSTADDRPOINTER_REG_15__SCAN_IN,sa0,30,0,3.1395923534e-01
P2_INSTADDRPOINTER_REG_14__SCAN_IN,sa1,30,0,3.1395923534e-01
P2_READREQUEST_REG_SCAN_IN,sa1,30,0,4.0949947814e-01
P2_INSTQUEUE_REG_10__5__SCAN_IN,sa1,30,0,2.9362044111e-01
P2_INSTQUEUE_REG_10__6__SCAN_IN,sa0,30,0,2.9459512234e-01
P2_INSTQUEUE_REG_11__4__SCAN_IN,sa1,30,0,4.8377731165e-03
P2_INSTQUEUE_REG_11__5__SCAN_IN,sa0,30,0,4.8377731165e-03
P2_INSTQUEUE_REG_12__3__SCAN_IN,sa1,30,0,2.9090856761e-01
P2_INSTQUEUE_REG_12__4__SCAN_IN,sa0,30,0,2.9481481761e-01
P2_INSTQUEUE_REG_13__2__SCAN_IN,sa1,30,0,3.1812012196e-01
P2_INSTQUEUE_REG_13__3__SCAN_IN,sa0,30,0,3.1440269947e-01
P2_INSTQUEUE_REG_14__1__SCAN_IN,sa1,30,0,2.5307512283e-01
P2_INSTQUEUE_REG_14__2__SCAN_IN,sa0,30,0,2.5307512283e-01
P2_INSTQUEUE_REG_15__0__SCAN_IN,sa1,30,0,4.7694682082e-03
P2_INSTQUEUE_REG_15__1__SCAN_IN,sa0,30,0,6.0531605486e-03
P2_STATEBS16_REG_SCAN_IN,sa1,30,0,3.2183855643e-01
P3_LWORD_REG_6__SCAN_IN,sa1,2,1,2.5000000000e-01
P3_LWORD_REG_7__SCAN_IN,sa0,2,1,2.5000000000e-01
P3_INSTADDRPOINTER_REG_23__SCAN_IN,sa0,30,0,2.5094602919e-01
P3_INSTADDRPOINTER_REG_22__SCAN_IN,sa1,30,0,2.5096127225e-01
P3_INSTADDRPOINTER_REG_14__SCAN_IN,sa0,30,0,2.5095966831e-01
P3_INSTADDRPOINTER_REG_13__SCAN_IN,sa1,30,0,2.5093086065e-01
P3_INSTQUEUE_REG_10__5__SCAN_IN,sa0,30,0,4.2993164063e-01
P3_INSTQUEUE_REG_12__3__SCAN_IN,sa0,30,0,3.8844299316e-01
P3_INSTQUEUE_REG_11__3__SCAN_IN,sa1,30,0,4.3408203125e-01
P3_INSTQUEUE_REG_13__2__SCAN_IN,sa0,30,0,4.1442871094e-01
P3_INSTQUEUE_REG_12__2__SCAN_IN,sa1,30,0,3.9147949219e-01
P3_INSTQUEUE_REG_11__4__SCAN_IN,sa0,30,0,4.1101074219e-01
P3_INSTQUEUE_REG_10__4__SCAN_IN,sa1,30,0,4.0518188477e-01
P3_INSTQUEUE_REG_14__1__SCAN_IN,sa0,30,0,4.2993164063e-01
P3_INSTQUEUE_REG_13__1__SCAN_IN,sa1,30,0,4.2224121094e-01
P3_INSTQUEUE_REG_15__0__SCAN_IN,sa0,30,0,3.8879394531e-01
P3_INSTQUEUE_REG_14__0__SCAN_IN,sa1,30,0,4.3615722656e-01
P3_INSTADDRPOINTER_REG_31__SCAN_IN,sa1,30,0,2.5048828116e-01
P3_READREQUEST_REG_SCAN_IN,sa0,30,0,3.5253973039e-01
P3_STATEBS16_REG_SCAN_IN,sa0,30,0,3.3593792512e-01
BUF2_REG_24__SCAN_IN,sa0,30,0,4.9903899152e-01
BUF2_REG_23__SCAN_IN,sa1,30,0,4.9903876082e-01
BUF2_REG_15__SCAN_IN,sa0,30,0,4.9902345752e-01
BUF2_REG_14__SCAN_IN,sa1,30,0,4.9902345578e-01
BUF1_REG_25__SCAN_IN,sa0,30,0,4.5874421299e-01
BUF1_REG_24__SCAN_IN,sa1,30,0,4.5874421299e-01
BUF1_REG_16__SCAN_IN,sa0,30,0,4.5874156058e-01
BUF1_REG_15__SCAN_IN,sa1,30,0,4.7430419922e-01
P2_W_R_N_REG_SCAN_IN,sa1,30,0,3.7573242187e-01
P3_W_R_N_REG_SCAN_IN,sa0,1,1,5.0000000000e-01
P1_UWORD_REG_1__SCAN_IN,sa0,30,0,7.3079107322e-02
P1_UWORD_REG_0__SCAN_IN,sa1,30,0,7.3079107322e-02
P1_LWORD_REG_9__SCAN_IN,sa1,30,0,7.3079107322e-02
P1_INSTADDRPOINTER_REG_26__SCAN_IN,sa0,30,0,3.4450163694e-01
P1_INSTADDRPOINTER_REG_25__SCAN_IN,sa1,30,0,3.1262210016e-01
P1_INSTADDRPOINTER_REG_17__SCAN_IN,sa0,30,0,3.1353953495e-01
P1_INSTADDRPOINTER_REG_16__SCAN_IN,sa1,30,0,3.7500555352e-01
P1_INSTQUEUE_REG_11__6__SCAN_IN,sa1,30,0,2.7794122711e-02
P1_INSTQUEUE_REG_12__6__SCAN_IN,sa0,30,0,2.0080184937e-01
P1_INSTQUEUE_REG_11__7__SCAN_IN,sa0,30,0,2.7794122711e-02
P1_INSTQUEUE_REG_10__7__SCAN_IN,sa1,30,0,9.8602294932e-02
P1_INSTQUEUE_REG_15__2__SCAN_IN,sa1,30,0,2.7477383628e-02
P1_INSTQUEUE_REG_13__5__SCAN_IN,sa0,30,0,3.7083417190e-02
P1_INSTQUEUE_REG_15__3__SCAN_IN,sa0,30,0,2.7477383628e-02
P1_INSTQUEUE_REG_14__3__SCAN_IN,sa1,30,0,2.0605364442e-01
P1_INSTQUEUE_REG_14__4__SCAN_IN,sa0,30,0,2.0605364442e-01
P1_INSTQUEUE_REG_13__4__SCAN_IN,sa1,30,0,3.7083417190e-02
P1_INSTQUEUE_REG_12__5__SCAN_IN,sa1,30,0,2.0080184937e-01
P2_UWORD_REG_0__SCAN_IN,sa0,2,1,2.5000000000e-01
P2_LWORD_REG_8__SCAN_IN,sa1,2,1,2.5000000000e-01
P2_LWORD_REG_9__SCAN_IN,sa0,2,1,2.5000000000e-01
P2_INSTADDRPOINTER_REG_25__SCAN_IN,sa0,30,0,3.1811766412e-01
P2_INSTADDRPOINTER_REG_24__SCAN_IN,sa1,30,0,3.1811766412e-01
P2_INSTADDRPOINTER_REG_16__SCAN_IN,sa0,30,0,3.1395923534e-01
P2_INSTADDRPOINTER_REG_15__SCAN_IN,sa1,30,0,3.1395923534e-01
P2_INSTQUEUE_REG_10__6__SCAN_IN,sa1,30,0,2.9430520535e-01
P2_INSTQUEUE_REG_10__7__SCAN_IN,sa0,30,0,2.9407548904e-01
P2_INSTQUEUE_REG_11__5__SCAN_IN,sa1,30,0,4.8377731165e-03
P2_INSTQUEUE_REG_11__6__SCAN_IN,sa0,30,0,4.8298044130e-03
P2_INSTQUEUE_REG_12__4__SCAN_IN,sa1,30,0,2.8773473948e-01
P2_INSTQUEUE_REG_12__5__SCAN_IN,sa0,30,0,3.1661987305e-01
P2_INSTQUEUE_REG_13__3__SCAN_IN,sa1,30,0,3.4393310547e-01
P2_INSTQUEUE_REG_13__4__SCAN_IN,sa0,30,0,3.2162964344e-01
P2_INSTQUEUE_REG_14__2__SCAN_IN,sa1,30,0,2.5307512283e-01
P2_INSTQUEUE_REG_14__3__SCAN_IN,sa0,30,0,2.5307512283e-01
P2_INSTQUEUE_REG_15__1__SCAN_IN,sa1,30,0,6.0531605486e-03
P2_INSTQUEUE_REG_15__2__SCAN_IN,sa0,30,0,4.7695203623e-03
P3_LWORD_REG_7__SCAN_IN,sa1,2,1,2.5000000000e-01
P3_LWORD_REG_8__SCAN_IN,sa0,2,1,2.5000000000e-01
P3_INSTADDRPOINTER_REG_24__SCAN_IN,sa0,30,0,2.5091551948e-01
P3_INSTADDRPOINTER_REG_23__SCAN_IN,sa1,30,0,2.5094602919e-01
P3_INSTADDRPOINTER_REG_15__SCAN_IN,sa0,30,0,2.5096657313e-01
P3_INSTADDRPOINTER_REG_14__SCAN_IN,sa1,30,0,2.5095966831e-01
P3_INSTQUEUE_REG_10__6__SCAN_IN,sa0,30,0,4.2065429688e-01
P3_INSTQUEUE_REG_11__5__SCAN_IN,sa0,30,0,4.2871093750e-01
P3_INSTQUEUE_REG_10__5__SCAN_IN,sa1,30,0,4.2846679688e-01
P3_INSTQUEUE_REG_13__3__SCAN_IN,sa0,30,0,4.2041015625e-01
P3_INSTQUEUE_REG_12__3__SCAN_IN,sa1,30,0,4.0905761719e-01
P3_INSTQUEUE_REG_14__2__SCAN_IN,sa0,30,0,4.1284179688e-01
P3_INSTQUEUE_REG_13__2__SCAN_IN,sa1,30,0,4.0649414063e-01
P3_INSTQUEUE_REG_12__4__SCAN_IN,sa0,30,0,4.0173340216e-01
P3_INSTQUEUE_REG_11__4__SCAN_IN,sa1,30,0,4.1668701172e-01
P3_INSTQUEUE_REG_15__1__SCAN_IN,sa0,30,0,4.2797851563e-01
P3_INSTQUEUE_REG_14__1__SCAN_IN,sa1,30,0,4.3518066406e-01
P3_INSTQUEUE_REG_15__0__SCAN_IN,sa1,30,0,4.1186523438e-01
P3_READREQUEST_REG_SCAN_IN,sa1,30,0,3.5253973039e-01
P3_STATEBS16_REG_SCAN_IN,sa1,30,0,3.3593802943e-01
BUF2_REG_25__SCAN_IN,sa0,30,0,4.9903899152e-01
BUF2_REG_24__SCAN_IN,sa1,30,0,4.9903711068e-01
BUF2_REG_16__SCAN_IN,sa0,30,0,4.9904257015e-01
BUF2_REG_15__SCAN_IN,sa1,30,0,4.9902345752e-01
BUF1_REG_26__SCAN_IN,sa0,30,0,4.5874421299e-01
BUF1_REG_25__SCAN_IN,sa1,30,0,4.5874421299e-01
BUF1_REG_17__SCAN_IN,sa0,30,0,4.5874156058e-01
BUF1_REG_16__SCAN_IN,sa1,30,0,4.5874156058e-01
P3_W_R_N_REG_SCAN_IN,sa1,1,1,5.0000000000e-01
P1_UWORD_REG_2__SCAN_IN,sa0,30,0,7.3079107322e-02
P1_UWORD_REG_1__SCAN_IN,sa1,30,0,7.3079107322e-02
P1_INSTADDRPOINTER_REG_27__SCAN_IN,sa0,30,0,3.4448470921e-01
P1_INSTADDRPOINTER_REG_26__SCAN_IN,sa1,30,0,3.1262210014e-01
P1_INSTADDRPOINTER_REG_18__SCAN_IN,sa0,30,0,3.1353953495e-01
P1_INSTADDRPOINTER_REG_17__SCAN_IN,sa1,30,0,3.1250003020e-01
P1_INSTQUEUE_REG_15__4__SCAN_IN,sa0,30,0,2.7477383628e-02
P1_INSTQUEUE_REG_13__6__SCAN_IN,sa0,30,0,3.7083417190e-02
P1_INSTQUEUE_REG_12__6__SCAN_IN,sa1,30,0,2.0080184937e-01
P1_INSTQUEUE_REG_12__7__SCAN_IN,sa0,30,0,2.0080184937e-01
P1_INSTQUEUE_REG_11__7__SCAN_IN,sa1,30,0,2.7794122711e-02
P1_INSTQUEUE_REG_14__5__SCAN_IN,sa0,30,0,2.0605364442e-01
P1_INSTQUEUE_REG_13__5__SCAN_IN,sa1,30,0,3.7083417190e-02
P1_INSTQUEUE_REG_15__3__SCAN_IN,sa1,30,0,2.7477383628e-02
P1_INSTQUEUE_REG_14__4__SCAN_IN,sa1,30,0,2.0605364442e-01
P2_UWORD_REG_0__SCAN_IN,sa1,2,1,2.5000000000e-01
P2_UWORD_REG_1__SCAN_IN,sa0,2,1,2.5000000000e-01
P2_LWORD_REG_9__SCAN_IN,sa1,2,1,2.5000000000e-01
P2_INSTADDRPOINTER_REG_26__SCAN_IN,sa0,30,0,3.1811766412e-01
P2_INSTADDRPOINTER_REG_25__SCAN_IN,sa1,30,0,3.1811766412e-01
P2_INSTADDRPOINTER_REG_17__SCAN_IN,sa0,30,0,3.1811766412e-01
P2_INSTADDRPOINTER_REG_16__SCAN_IN,sa1,30,0,3.1395923534e-01
P2_INSTQUEUE_REG_10__7__SCAN_IN,sa1,30,0,3.1195688248e-01
P2_INSTQUEUE_REG_11__6__SCAN_IN,sa1,30,0,4.8298044130e-03
P2_INSTQUEUE_REG_11__7__SCAN_IN,sa0,30,0,4.8377731165e-03
P2_INSTQUEUE_REG_12__5__SCAN_IN,sa1,30,0,3.1661987305e-01
P2_INSTQUEUE_REG_12__6__SCAN_IN,sa0,30,0,2.8718721122e-01
P2_INSTQUEUE_REG_13__4__SCAN_IN,sa1,30,0,3.2381927967e-01
P2_INSTQUEUE_REG_13__5__SCAN_IN,sa0,30,0,3.4008789063e-01
P2_INSTQUEUE_REG_14__3__SCAN_IN,sa1,30,0,2.5307512283e-01
P2_INSTQUEUE_REG_14__4__SCAN_IN,sa0,30,0,2.5307512283e-01
P2_INSTQUEUE_REG_15__2__SCAN_IN,sa1,30,0,4.7695203623e-03
P2_INSTQUEUE_REG_15__3__SCAN_IN,sa0,30,0,4.7694682082e-03
P3_UWORD_REG_0__SCAN_IN,sa0,2,1,2.5000000000e-01
P3_LWORD_REG_8__SCAN_IN,sa1,2,1,2.5000000000e-01
P3_LWORD_REG_9__SCAN_IN,sa0,2,1,2.5000000000e-01
P3_INSTADDRPOINTER_REG_25__SCAN_IN,sa0,30,0,2.5085448825e-01
P3_INSTADDRPOINTER_REG_24__SCAN_IN,sa1,30,0,2.5091551948e-01
P3_INSTADDRPOINTER_REG_16__SCAN_IN,sa0,30,0,2.5097079296e-01
P3_INSTADDRPOINTER_REG_15__SCAN_IN,sa1,30,0,2.5096657313e-01
P3_INSTQUEUE_REG_11__6__SCAN_IN,sa0,30,0,4.2114257813e-01
P3_INSTQUEUE_REG_10__6__SCAN_IN,sa1,30,0,3.9895629883e-01
P3_INSTQUEUE_REG_12__5__SCAN_IN,sa0,30,0,3.9636230469e-01
P3_INSTQUEUE_REG_11__5__SCAN_IN,sa1,30,0,4.2321777344e-01
P3_INSTQUEUE_REG_10__7__SCAN_IN,sa0,30,0,4.2077636719e-01
P3_INSTQUEUE_REG_14__3__SCAN_IN,sa0,30,0,4.0270996094e-01
P3_INSTQUEUE_REG_13__3__SCAN_IN,sa1,30,0,3.8763427734e-01
P3_INSTQUEUE_REG_15__2__SCAN_IN,sa0,30,0,3.9111328125e-01
P3_INSTQUEUE_REG_14__2__SCAN_IN,sa1,30,0,4.1894531250e-01
P3_INSTQUEUE_REG_13__4__SCAN_IN,sa0,30,0,4.1967773438e-01
P3_INSTQUEUE_REG_12__4__SCAN_IN,sa1,30,0,4.0197753906e-01
P3_INSTQUEUE_REG_15__1__SCAN_IN,sa1,30,0,4.0490722656e-01
BUF2_REG_26__SCAN_IN,sa0,30,0,4.9903521450e-01
BUF2_REG_25__SCAN_IN,sa1,30,0,4.9903711068e-01
BUF2_REG_17__SCAN_IN,sa0,30,0,4.9904064054e-01
BUF2_REG_16__SCAN_IN,sa1,30,0,4.9903688557e-01
BUF1_REG_27__SCAN_IN,sa0,30,0,4.5874421299e-01
BUF1_REG_26__SCAN_IN,sa1,30,0,4.5874421299e-01
BUF1_REG_18__SCAN_IN,sa0,30,0,4.5874156058e-01
BUF1_REG_17__SCAN_IN,sa1,30,0,4.5874156058e-01
P1_UWORD_REG_3__SCAN_IN,sa0,30,0,7.3079107322e-02
P1_UWORD_REG_2__SCAN_IN,sa1,30,0,7.3079107322e-02
P1_INSTADDRPOINTER_REG_28__SCAN_IN,sa0,30,0,3.1374360621e-01
P1_INSTADDRPOINTER_REG_27__SCAN_IN,sa1,30,0,3.1262210013e-01
P1_INSTADDRPOINTER_REG_19__SCAN_IN,sa0,30,0,3.1357768192e-01
P1_INSTADDRPOINTER_REG_18__SCAN_IN,sa1,30,0,3.7500551374e-01
P1_INSTQUEUE_REG_15__4__SCAN_IN,sa1,30,0,2.7477383628e-02
P1_INSTQUEUE_REG_14__6__SCAN_IN,sa0,30,0,2.0605364442e-01
P1_INSTQUEUE_REG_13__6__SCAN_IN,sa1,30,0,3.7083417190e-02
P1_INSTQUEUE_REG_13__7__SCAN_IN,sa0,30,0,3.7083417190e-02
P1_INSTQUEUE_REG_12__7__SCAN_IN,sa1,30,0,2.0080184937e-01
P1_INSTQUEUE_REG_15__5__SCAN_IN,sa0,30,0,2.7477383628e-02
P1_INSTQUEUE_REG_14__5__SCAN_IN,sa1,30,0,2.0605364442e-01
P1_REIP_REG_0__SCAN_IN,sa0,30,0,2.9994396872e-01
P2_UWORD_REG_1__SCAN_IN,sa1,2,1,2.5000000000e-01
P2_UWORD_REG_2__SCAN_IN,sa0,2,1,2.5000000000e-01
P2_INSTADDRPOINTER_REG_27__SCAN_IN,sa0,30,0,3.1811766412e-01
P2_INSTADDRPOINTER_REG_26__SCAN_IN,sa1,30,0,3.1811766412e-01
P2_INSTADDRPOINTER_REG_18__SCAN_IN,sa0,30,0,3.1811766412e-01
P2_INSTADDRPOINTER_REG_17__SCAN_IN,sa1,30,0,3.1811766412e-01
P2_INSTQUEUE_REG_11__7__SCAN_IN,sa1,30,0,4.8377731165e-03
P2_INSTQUEUE_REG_12__6__SCAN_IN,sa1,30,0,3.1661987305e-01
P2_INSTQUEUE_REG_12__7__SCAN_IN,sa0,30,0,2.8718542308e-01
P2_INSTQUEUE_REG_13__5__SCAN_IN,sa1,30,0,3.4008789063e-01
P2_INSTQUEUE_REG_13__6__SCAN_IN,sa0,30,0,3.1629008055e-01
P2_INSTQUEUE_REG_14__4__SCAN_IN,sa1,30,0,2.5307512283e-01
P2_INSTQUEUE_REG_14__5__SCAN_IN,sa0,30,0,2.5307512283e-01
P2_INSTQUEUE_REG_15__3__SCAN_IN,sa1,30,0,4.7694682082e-03
P2_INSTQUEUE_REG_15__4__SCAN_IN,sa0,30,0,4.7694682082e-03
P3_UWORD_REG_0__SCAN_IN,sa1,2,1,2.5000000000e-01
P3_UWORD_REG_1__SCAN_IN,sa0,2,1,2.5000000000e-01
P3_LWORD_REG_9__SCAN_IN,sa1,2,1,2.5000000000e-01
P3_INSTADDRPOINTER_REG_26__SCAN_IN,sa0,30,0,2.5073241909e-01
P3_INSTADDRPOINTER_REG_25__SCAN_IN,sa1,30,0,2.5085448825e-01
P3_INSTADDRPOINTER_REG_17__SCAN_IN,sa0,30,0,2.5097358832e-01
P3_INSTADDRPOINTER_REG_16__SCAN_IN,sa1,30,0,2.5097079296e-01
P3_INSTQUEUE_REG_12__6__SCAN_IN,sa0,30,0,3.9636230469e-01
P3_INSTQUEUE_REG_11__6__SCAN_IN,sa1,30,0,4.4384765625e-01
P3_INSTQUEUE_REG_13__5__SCAN_IN,sa0,30,0,3.8720703125e-01
P3_INSTQUEUE_REG_12__5__SCAN_IN,sa1,30,0,3.9746093750e-01
P3_INSTQUEUE_REG_11__7__SCAN_IN,sa0,30,0,4.1949462891e-01
P3_INSTQUEUE_REG_10__7__SCAN_IN,sa1,30,0,4.3640136719e-01
P3_INSTQUEUE_REG_15__3__SCAN_IN,sa0,30,0,4.1259765625e-01
P3_INSTQUEUE_REG_14__3__SCAN_IN,sa1,30,0,4.4531250373e-01
P3_INSTQUEUE_REG_15__2__SCAN_IN,sa1,30,0,3.7792968750e-01
P3_INSTQUEUE_REG_14__4__SCAN_IN,sa0,30,0,4.3957519531e-01
P3_INSTQUEUE_REG_13__4__SCAN_IN,sa1,30,0,4.0142822266e-01
BUF2_REG_27__SCAN_IN,sa0,30,0,4.9903710346e-01
BUF2_REG_26__SCAN_IN,sa1,30,0,4.9904078897e-01
BUF2_REG_18__SCAN_IN,sa0,30,0,4.9903497210e-01
BUF2_REG_17__SCAN_IN,sa1,30,0,4.9903522018e-01
BUF1_REG_28__SCAN_IN,sa0,30,0,4.5874421299e-01
BUF1_REG_27__SCAN_IN,sa1,30,0,4.5874421299e-01
BUF1_REG_19__SCAN_IN,sa0,30,0,4.5874156058e-01
BUF1_REG_18__SCAN_IN,sa1,30,0,4.5874156058e-01
P1_UWORD_REG_4__SCAN_IN,sa0,30,0,7.3079107322e-02
P1_UWORD_REG_3__SCAN_IN,sa1,30,0,7.3079107322e-02
P1_INSTADDRPOINTER_REG_29__SCAN_IN,sa0,30,0,3.1250098255e-01
P1_INSTADDRPOINTER_REG_28__SCAN_IN,sa1,30,0,3.1251148228e-01
P1_INSTADDRPOINTER_REG_19__SCAN_IN,sa1,30,0,3.7500551374e-01
P1_INSTQUEUE_REG_15__6__SCAN_IN,sa0,30,0,2.7477383628e-02
P1_INSTQUEUE_REG_14__6__SCAN_IN,sa1,30,0,2.0605364442e-01
P1_INSTQUEUE_REG_14__7__SCAN_IN,sa0,30,0,2.0605364442e-01
P1_INSTQUEUE_REG_13__7__SCAN_IN,sa1,30,0,3.7083417190e-02
P1_INSTQUEUE_REG_15__5__SCAN_IN,sa1,30,0,2.7477383628e-02
P1_REIP_REG_0__SCAN_IN,sa1,30,0,2.9994396869e-01
P1_REIP_REG_1__SCAN_IN,sa0,30,0,6.2515676698e-02
P2_UWORD_REG_2__SCAN_IN,sa1,2,1,2.5000000000e-01
P2_UWORD_REG_3__SCAN_IN,sa0,2,1,2.5000000000e-01
P2_INSTADDRPOINTER_REG_28__SCAN_IN,sa0,30,0,3.1811766412e-01
P2_INSTADDRPOINTER_REG_27__SCAN_IN,sa1,30,0,3.1811766412e-01
P2_INSTADDRPOINTER_REG_19__SCAN_IN,sa0,30,0,3.1811766412e-01
P2_INSTADDRPOINTER_REG_18__SCAN_IN,sa1,30,0,3.1811766412e-01
P2_REIP_REG_0__SCAN_IN,sa0,30,0,2.9687500249e-01
P2_INSTQUEUE_REG_12__7__SCAN_IN,sa1,30,0,2.8718542308e-01
P2_INSTQUEUE_REG_13__6__SCAN_IN,sa1,30,0,3.2227915525e-01
P2_INSTQUEUE_REG_13__7__SCAN_IN,sa0,30,0,3.2397949696e-01
P2_INSTQUEUE_REG_14__5__SCAN_IN,sa1,30,0,2.5307512283e-01
P2_INSTQUEUE_REG_14__6__SCAN_IN,sa0,30,0,2.5307512283e-01
P2_INSTQUEUE_REG_15__4__SCAN_IN,sa1,30,0,4.7694682082e-03
P2_INSTQUEUE_REG_15__5__SCAN_IN,sa0,30,0,4.7694682082e-03
P3_UWORD_REG_1__SCAN_IN,sa1,2,1,2.5000000000e-01
P3_UWORD_REG_2__SCAN_IN,sa0,2,1,2.5000000000e-01
P3_INSTADDRPOINTER_REG_27__SCAN_IN,sa0,30,0,2.5048827986e-01
P3_INSTADDRPOINTER_REG_26__SCAN_IN,sa1,30,0,2.5073241909e-01
P3_INSTADDRPOINTER_REG_18__SCAN_IN,sa0,30,0,2.5097489660e-01
P3_INSTADDRPOINTER_REG_17__SCAN_IN,sa1,30,0,2.5097358832e-01
P3_INSTQUEUE_REG_13__6__SCAN_IN,sa0,30,0,3.8720703125e-01
P3_INSTQUEUE_REG_12__6__SCAN_IN,sa1,30,0,3.8818360120e-01
P3_INSTQUEUE_REG_14__5__SCAN_IN,sa0,30,0,4.1308593750e-01
P3_INSTQUEUE_REG_13__5__SCAN_IN,sa1,30,0,4.0441894531e-01
P3_INSTQUEUE_REG_12__7__SCAN_IN,sa0,30,0,3.8842964172e-01
P3_INSTQUEUE_REG_11__7__SCAN_IN,sa1,30,0,4.3408203125e-01
P3_INSTQUEUE_REG_15__3__SCAN_IN,sa1,30,0,4.0649414063e-01
P3_INSTQUEUE_REG_15__4__SCAN_IN,sa0,30,0,4.3322753906e-01
P3_INSTQUEUE_REG_14__4__SCAN_IN,sa1,30,0,4.2749023438e-01
BUF2_REG_28__SCAN_IN,sa0,30,0,4.9903521287e-01
BUF2_REG_27__SCAN_IN,sa1,30,0,4.9903333743e-01
BUF2_REG_19__SCAN_IN,sa0,30,0,4.9903686396e-01
BUF2_REG_18__SCAN_IN,sa1,30,0,4.9903688569e-01
BUF1_REG_29__SCAN_IN,sa0,30,0,4.5874421299e-01
BUF1_REG_28__SCAN_IN,sa1,30,0,4.5874421299e-01
BUF1_REG_19__SCAN_IN,sa1,30,0,4.5874156058e-01
P1_UWORD_REG_5__SCAN_IN,sa0,30,0,7.3079107322e-02
P1_UWORD_REG_4__SCAN_IN,sa1,30,0,7.3079107322e-02
P1_INSTADDRPOINTER_REG_29__SCAN_IN,sa1,30,0,3.1274393201e-01
P1_INSTQUEUE_REG_15__6__SCAN_IN,sa1,30,0,2.7477383628e-02
P1_INSTQUEUE_REG_15__7__SCAN_IN,sa0,30,0,2.7477383628e-02
P1_INSTQUEUE_REG_14__7__SCAN_IN,sa1,30,0,2.0605364442e-01
P1_REIP_REG_2__SCAN_IN,sa0,30,0,2.5313491421e-01
P1_REIP_REG_1__SCAN_IN,sa1,30,0,6.2515676698e-02
P2_UWORD_REG_3__SCAN_IN,sa1,2,1,2.5000000000e-01
P2_UWORD_REG_4__SCAN_IN,sa0,2,1,2.5000000000e-01
P2_INSTADDRPOINTER_REG_29__SCAN_IN,sa0,30,0,3.1811766412e-01
P2_INSTADDRPOINTER_REG_28__SCAN_IN,sa1,30,0,3.1811766412e-01
P2_INSTADDRPOINTER_REG_19__SCAN_IN,sa1,30,0,3.1811766412e-01
P2_REIP_REG_0__SCAN_IN,sa1,30,0,2.9687500249e-01
P2_REIP_REG_1__SCAN_IN,sa0,30,0,3.4570312932e-01
P2_INSTQUEUE_REG_13__7__SCAN_IN,sa1,30,0,3.1038388610e-01
P2_INSTQUEUE_REG_14__6__SCAN_IN,sa1,30,0,2.5307512283e-01
P2_INSTQUEUE_REG_14__7__SCAN_IN,sa0,30,0,2.5307512283e-01
P2_INSTQUEUE_REG_15__5__SCAN_IN,sa1,30,0,4.7694682082e-03
P2_INSTQUEUE_REG_15__6__SCAN_IN,sa0,30,0,4.7704853350e-03
P3_UWORD_REG_2__SCAN_IN,sa1,2,1,2.5000000000e-01
P3_UWORD_REG_3__SCAN_IN,sa0,2,1,2.5000000000e-01
P3_INSTADDRPOINTER_REG_28__SCAN_IN,sa0,30,0,2.5048828055e-01
P3_INSTADDRPOINTER_REG_27__SCAN_IN,sa1,30,0,2.5048827986e-01
P3_INSTADDRPOINTER_REG_19__SCAN_IN,sa0,30,0,2.5097429904e-01
P3_INSTADDRPOINTER_REG_18__SCAN_IN,sa1,30,0,2.5097489660e-01
P3_INSTQUEUE_REG_14__6__SCAN_IN,sa0,30,0,4.1674804688e-01
P3_INSTQUEUE_REG_13__6__SCAN_IN,sa1,30,0,3.7939453125e-01
P3_INSTQUEUE_REG_15__5__SCAN_IN,sa0,30,0,4.4909667969e-01
P3_INSTQUEUE_REG_14__5__SCAN_IN,sa1,30,0,4.2858886719e-01
P3_INSTQUEUE_REG_13__7__SCAN_IN,sa0,30,0,4.3310546875e-01
P3_INSTQUEUE_REG_12__7__SCAN_IN,sa1,30,0,4.1381835938e-01
P3_INSTQUEUE_REG_15__4__SCAN_IN,sa1,30,0,3.9981079102e-01
P3_REIP_REG_0__SCAN_IN,sa0,30,0,2.9719691990e-01
BUF2_REG_29__SCAN_IN,sa0,30,0,4.9904111965e-01
BUF2_REG_28__SCAN_IN,sa1,30,0,4.9903711068e-01
BUF2_REG_19__SCAN_IN,sa1,30,0,4.9903688695e-01
BUF1_REG_29__SCAN_IN,sa1,30,0,4.5874421299e-01
P1_UWORD_REG_6__SCAN_IN,sa0,30,0,7.3079107322e-02
P1_UWORD_REG_5__SCAN_IN,sa1,30,0,7.3079107322e-02
P1_INSTQUEUE_REG_15__7__SCAN_IN,sa1,30,0,2.7477383628e-02
P1_REIP_REG_2__SCAN_IN,sa1,30,0,2.5313491421e-01
P1_REIP_REG_3__SCAN_IN,sa0,30,0,3.5229301453e-01
P1_CODEFETCH_REG_SCAN_IN,sa0,30,0,3.6338837445e-01
P2_UWORD_REG_4__SCAN_IN,sa1,2,1,2.5000000000e-01
P2_UWORD_REG_5__SCAN_IN,sa0,2,1,2.5000000000e-01
P2_INSTADDRPOINTER_REG_29__SCAN_IN,sa1,30,0,3.1811766412e-01
P2_REIP_REG_2__SCAN_IN,sa0,30,0,2.0313387644e-01
P2_REIP_REG_1__SCAN_IN,sa1,30,0,3.4570312932e-01
P2_INSTQUEUE_REG_14__7__SCAN_IN,sa1,30,0,2.5307512283e-01
P2_INSTQUEUE_REG_15__6__SCAN_IN,sa1,30,0,4.7704853350e-03
P2_INSTQUEUE_REG_15__7__SCAN_IN,sa0,30,0,4.7694682082e-03
P3_UWORD_REG_3__SCAN_IN,sa1,2,1,2.5000000000e-01
P3_UWORD_REG_4__SCAN_IN,sa0,2,1,2.5000000000e-01
P3_INSTADDRPOINTER_REG_29__SCAN_IN,sa0,30,0,2.5048828090e-01
P3_INSTADDRPOINTER_REG_28__SCAN_IN,sa1,30,0,2.5048828055e-01
P3_INSTADDRPOINTER_REG_19__SCAN_IN,sa1,30,0,2.5097429904e-01
P3_INSTQUEUE_REG_15__6__SCAN_IN,sa0,30,0,4.5056152344e-01
P3_INSTQUEUE_REG_14__6__SCAN_IN,sa1,30,0,4.3249511719e-01
P3_INSTQUEUE_REG_15__5__SCAN_IN,sa1,30,0,4.4519042969e-01
P3_INSTQUEUE_REG_14__7__SCAN_IN,sa0,30,0,3.9242553711e-01
P3_INSTQUEUE_REG_13__7__SCAN_IN,sa1,30,0,3.9959716797e-01
P3_REIP_REG_0__SCAN_IN,sa1,30,0,2.9719691990e-01
P3_REIP_REG_1__SCAN_IN,sa0,30,0,3.8261413581e-01
BUF2_REG_29__SCAN_IN,sa1,30,0,4.9903711068e-01
P1_INSTADDRPOINTER_REG_20__SCAN_IN_P1_ADD_405_U42_B,sa1,30,0,1.9667822926e-11
P1_INSTADDRPOINTER_REG_14__SCAN_IN_P1_ADD_405_U30_B,sa1,30,0,1.6589183360e-09
P1_INSTADDRPOINTER_REG_11__SCAN_IN_P1_ADD_405_U24_B,sa1,30,0,1.6763806343e-08
P1_INSTQUEUEWR_ADDR_REG_2__SCAN_IN_P1_SUB_450_U58_B,sa1,30,0,1.7613172531e-05
P1_INSTQUEUEWR_ADDR_REG_3__SCAN_IN_P1_R2238_U41_B,sa1,30,0,1.0177958757e-04
P1_REIP_REG_1__SCAN_IN_P1_R2096_U142_B,sa1,30,0,5.1414826885e-07
P1_REIP_REG_2__SCAN_IN_P1_R2096_U141_B,sa1,30,0,5.1414826885e-07
P1_REIP_REG_20__SCAN_IN_P1_R2096_U42_B,sa1,30,0,2.4980017525e-15
P1_REIP_REG_14__SCAN_IN_P1_R2096_U30_B,sa1,30,0,2.4980017525e-15
P1_REIP_REG_11__SCAN_IN_P1_R2096_U24_B,sa1,30,0,2.4980017525e-15
P1_INSTADDRPOINTER_REG_21__SCAN_IN_P1_R2278_U544_B,sa1,30,0,2.8883107007e-05
P1_INSTADDRPOINTER_REG_24__SCAN_IN_P1_R2278_U523_B,sa1,30,0,3.2399781048e-05
P1_INSTADDRPOINTER_REG_27__SCAN_IN_P1_R2278_U502_B,sa1,30,0,3.1505711377e-05
P1_INSTADDRPOINTER_REG_31__SCAN_IN_P1_R2278_U462_B,sa1,30,0,3.1338073313e-05
P1_INSTADDRPOINTER_REG_13__SCAN_IN_P1_R2278_U283_B,sa0,30,0,9.6957819551e-10
P1_INSTADDRPOINTER_REG_10__SCAN_IN_P1_R2278_U277_B,sa0,30,0,1.8885657482e-08
P1_INSTADDRPOINTER_REG_11__SCAN_IN_P1_R2278_U276_B,sa0,30,0,2.7758687793e-08
P1_INSTADDRPOINTER_REG_5__SCAN_IN_P1_R2027_U96_B,sa1,30,0,2.9103857345e-11
P1_INSTADDRPOINTER_REG_8__SCAN_IN_P1_R2027_U84_B,sa1,30,0,3.6379821681e-12
P2_INSTADDRPOINTER_REG_3__SCAN_IN_P2_ADD_371_1212_U260_B,sa1,30,0,1.4305114746e-06
P2_INSTADDRPOINTER_REG_4__SCAN_IN_P2_ADD_371_1212_U151_B,sa1,30,0,7.5742759842e-09
P2_INSTADDRPOINTER_REG_21__SCAN_IN_P2_ADD_371_1212_U90_A,sa1,30,0,1.6719958751e-12
P2_INSTQUEUEWR_ADDR_REG_4__SCAN_IN_P2_SUB_450_U45_B,sa1,30,0,8.3341315624e-07
P2_INSTADDRPOINTER_REG_12__SCAN_IN_P2_R2278_U542_B,sa1,30,0,4.8359652283e-08
P2_INSTADDRPOINTER_REG_15__SCAN_IN_P2_R2278_U521_B,sa1,30,0,4.4702119339e-08
P2_INSTADDRPOINTER_REG_18__SCAN_IN_P2_R2278_U500_B,sa1,30,0,4.4699731916e-08
P2_INSTADDRPOINTER_REG_15__SCAN_IN_P2_R2027_U178_B,sa1,30,0,4.2012834184e-19
P3_INSTQUEUEWR_ADDR_REG_3__SCAN_IN_P3_SUB_390_U41_B,sa1,30,0,2.0503997803e-05
P3_INSTQUEUEWR_ADDR_REG_2__SCAN_IN_P3_SUB_401_U58_B,sa1,30,0,2.3606962714e-06
P3_INSTADDRPOINTER_REG_1__SCAN_IN_P3_ADD_371_1212_U251_B,sa1,30,0,3.2186508179e-06
P3_INSTADDRPOINTER_REG_7__SCAN_IN_P3_ADD_371_1212_U200_B,sa1,30,0,1.2898817658e-07
P3_INSTADDRPOINTER_REG_4__SCAN_IN_P3_ADD_371_1212_U150_B,sa0,30,0,5.4016709328e-08
P3_INSTADDRPOINTER_REG_2__SCAN_IN_P3_ADD_371_1212_U125_B,sa0,30,0,4.2095780373e-07
P3_INSTQUEUEWR_ADDR_REG_4__SCAN_IN_P3_SUB_412_U45_B,sa1,30,0,1.3111157102e-06
P3_INSTADDRPOINTER_REG_11__SCAN_IN_P3_SUB_357_1258_U471_B,sa1,30,0,2.9103830457e-11
P3_INSTADDRPOINTER_REG_22__SCAN_IN_P3_SUB_357_1258_U406_B,sa1,30,0,1.4210854715e-14
P3_INSTADDRPOINTER_REG_27__SCAN_IN_P3_SUB_357_1258_U302_B,sa1,30,0,3.2265856653e-16
P3_INSTADDRPOINTER_REG_18__SCAN_IN_P3_SUB_357_1258_U204_B,sa0,30,0,1.3677947663e-13
P3_INSTADDRPOINTER_REG_20__SCAN_IN_P3_SUB_357_1258_U156_B,sa1,30,0,6.5658434778e-07
P3_INSTADDRPOINTER_REG_12__SCAN_IN_P3_SUB_357_1258_U155_B,sa1,30,0,5.8673322201e-07
P3_INSTQUEUEWR_ADDR_REG_1__SCAN_IN_P3_SUB_355_U33_B,sa1,30,0,6.8023800850e-06
P3_INSTADDRPOINTER_REG_2__SCAN_IN_P3_ADD_360_1242_U231_B,sa1,30,0,5.8114528656e-07
P3_INSTQUEUEWR_ADDR_REG_1__SCAN_IN_P3_SUB_370_U63_B,sa1,28,1,6.6757202148e-06
P3_INSTQUEUEWR_ADDR_REG_0__SCAN_IN_P3_SUB_370_U46_B,sa1,23,1,6.6757202148e-06
P3_INSTQUEUERD_ADDR_REG_4__SCAN_IN_P3_ADD_505_U6_B,sa1,21,1,5.3644180298e-06
P3_EBX_REG_17__SCAN_IN_P3_ADD_552_U89_A,sa1,30,0,5.8410876136e-10
P3_EBX_REG_29__SCAN_IN_P3_ADD_552_U49_B,sa1,30,0,2.9842794902e-13
P3_INSTADDRPOINTER_REG_0__SCAN_IN_P3_ADD_526_U100_A,sa1,30,0,7.2479248047e-05
P1_ADDRESS_REG_19__SCAN_IN_R165_U8_D,sa0,30,0,6.0545289671e-12
P1_PHYADDRPOINTER_REG_16__SCAN_IN_P1_U6839_B,sa1,0,1,0.0000000000e+00
P1_PHYADDRPOINTER_REG_19__SCAN_IN_P1_U6827_B,sa1,0,1,0.0000000000e+00
P1_EAX_REG_7__SCAN_IN_P1_U6753_B,sa1,30,0,1.0490999559e-05
P1_STATE2_REG_0__SCAN_IN_P1_U6612_B,sa1,1,1,3.1250000000e-02
P1_PHYADDRPOINTER_REG_26__SCAN_IN_P1_U6559_B,sa1,30,0,1.0295771062e-05
P1_PHYADDRPOINTER_REG_17__SCAN_IN_P1_U6496_B,sa1,30,0,1.8912367523e-05
P1_EBX_REG_6__SCAN_IN_P1_U6285_B,sa1,30,0,2.1389422473e-03
P1_EAX_REG_7__SCAN_IN_P1_U6177_B,sa1,30,0,2.5068879937e-01
P1_EAX_REG_7__SCAN_IN_P1_U6078_B,sa1,30,0,2.0861625671e-06
P1_EAX_REG_5__SCAN_IN_P1_U5990_B,sa1,30,0,2.2650492613e-06
P1_STATE2_REG_2__SCAN_IN_P1_U5305_B,sa1,30,0,1.7043203115e-05
P1_STATE2_REG_2__SCAN_IN_P1_U4900_B,sa1,30,0,1.4969075447e-03
P1_INSTQUEUERD_ADDR_REG_2__SCAN_IN_P1_U4412_D,sa1,30,0,1.1707097292e-04
P1_INSTQUEUERD_ADDR_REG_3__SCAN_IN_P1_U4412_C,sa1,30,0,4.0695187636e-05
P1_INSTQUEUERD_ADDR_REG_1__SCAN_IN_P1_U4404_D,sa1,30,0,1.4303499963e-05
NA_P1_U4359_A,sa1,2,1,1.1718750000e-02
P1_INSTQUEUERD_ADDR_REG_1__SCAN_IN_P1_U3552_B,sa0,30,0,5.6868419051e-05
P1_INSTQUEUERD_ADDR_REG_2__SCAN_IN_P1_U3552_A,sa0,30,0,5.0231814384e-05
P1_INSTQUEUERD_ADDR_REG_0__SCAN_IN_P1_U3544_B,sa0,30,0,5.4195523262e-05
P1_INSTQUEUERD_ADDR_REG_1__SCAN_IN_P1_U3544_A,sa0,30,0,1.0732561350e-04
P1_INSTQUEUERD_ADDR_REG_2__SCAN_IN_P1_U3525_A,sa0,30,0,9.5350400725e-07
P1_INSTQUEUERD_ADDR_REG_1__SCAN_IN_P1_U3506_B,sa1,30,0,1.0673306664e-04
P1_STATE2_REG_0__SCAN_IN_P1_U3453_B,sa1,30,0,1.8329143524e-01
P1_STATE2_REG_2__SCAN_IN_P1_U2650_B,sa1,0,1,0.0000000000e+00
P1_INSTQUEUERD_ADDR_REG_0__SCAN_IN_P1_U2526_B,sa1,30,0,4.5094639063e-06
P1_INSTQUEUERD_ADDR_REG_0__SCAN_IN_P1_U2471_C,sa1,30,0,7.8025856055e-05
P1_INSTQUEUERD_ADDR_REG_1__SCAN_IN_P1_U2470_C,sa1,30,0,9.2506407782e-05
P1_INSTQUEUERD_ADDR_REG_0__SCAN_IN_P1_U2462_C,sa1,30,0,1.4007091522e-06
P1_STATE2_REG_1__SCAN_IN_P1_U2427_B,sa0,30,0,1.5619425604e-01
P1_STATE2_REG_3__SCAN_IN_P1_U2361_B,sa1,30,0,3.9423861745e-04
P1_STATE2_REG_2__SCAN_IN_P1_U2353_B,sa1,0,1,0.0000000000e+00
P2_STATE2_REG_0__SCAN_IN_P2_U8420_A,sa1,30,0,4.8826038874e-03
P2_STATE2_REG_0__SCAN_IN_P2_U8402_A,sa1,30,0,1.5624523163e-02
P2_EBX_REG_5__SCAN_IN_P2_U8336_B,sa1,30,0,2.2530544153e-08
P2_BYTEENABLE_REG_3__SCAN_IN_P2_U8123_B,sa1,30,0,4.9999999953e-01
P2_INSTQUEUERD_ADDR_REG_3__SCAN_IN_P2_U8003_B,sa0,30,0,1.6952747227e-05
P2_INSTQUEUERD_ADDR_REG_3__SCAN_IN_P2_U8002_B,sa1,30,0,1.8118438671e-05
P2_PHYADDRPOINTER_REG_14__SCAN_IN_P2_U7694_B,sa1,30,0,6.0083081621e-08
P2_PHYADDRPOINTER_REG_17__SCAN_IN_P2_U7682_B,sa1,30,0,5.9146302078e-08
P2_EAX_REG_2__SCAN_IN_P2_U7494_B,sa1,30,0,6.1988830566e-06
P2_EBX_REG_2__SCAN_IN_P2_U6593_B,sa1,30,0,1.0118819773e-06
P2_STATE2_REG_1__SCAN_IN_P2_U6231_B,sa1,30,0,3.1246279540e-02
P2_STATE2_REG_3__SCAN_IN_P2_U5122_B,sa1,30,0,2.4823844449e-03
P2_STATE2_REG_0__SCAN_IN_P2_U3550_B,sa1,30,0,2.1224212649e-01
P2_STATE2_REG_0__SCAN_IN_P2_U2713_B,sa1,8,1,7.4218750000e-02
P2_STATE2_REG_0__SCAN_IN_P2_U2712_C,sa1,15,1,8.1054687500e-02
P2_INSTQUEUERD_ADDR_REG_0__SCAN_IN_P2_U2542_B,sa1,30,0,4.3939799070e-06
P3_EBX_REG_0__SCAN_IN_P3_U7097_B,sa1,30,0,2.1457672119e-06
P3_EAX_REG_1__SCAN_IN_P3_U6764_B,sa1,30,0,3.5166740417e-06
NA_P3_U4447_A,sa1,2,1,1.1718750000e-02
P3_STATE2_REG_1__SCAN_IN_P3_U3125_B,sa0,30,0,1.5623236226e-01
P3_STATE2_REG_2__SCAN_IN_P3_U3125_A,sa0,30,0,6.2630385687e-02
BUF1_REG_18__SCAN_IN_U658_B,sa1,30,0,1.4901161183e-07
BUF1_REG_17__SCAN_IN_U596_B,sa1,30,0,1.2359617976e-03
BUF2_REG_17__SCAN_IN_U595_B,sa1,30,0,2.9525756929e-03
BUF2_REG_24__SCAN_IN_U579_B,sa1,30,0,4.9324035790e-03
P2_DATAO_REG_22__SCAN_IN_U530_B,sa1,2,1,9.7656250000e-04
P2_DATAO_REG_13__SCAN_IN_U512_B,sa1,2,1,9.7656250000e-04
P2_DATAO_REG_10__SCAN_IN_U506_B,sa1,2,1,9.7656250000e-04
P3_BE_N_REG_2__SCAN_IN_U380_B,sa0,9,1,3.8986206055e-03
P3_BE_N_REG_3__SCAN_IN_U380_A,sa0,9,1,3.8986206055e-03
P1_INSTADDRPOINTER_REG_1__SCAN_IN_P1_ADD_405_U125_B,sa1,30,0,6.2584877014e-06
P1_INSTQUEUEWR_ADDR_REG_4__SCAN_IN_P1_SUB_450_U48_B,sa1,30,0,3.1232594635e-05
P1_INSTADDRPOINTER_REG_22__SCAN_IN_P1_R2278_U535_B,sa1,30,0,3.4232172652e-11
P1_INSTADDRPOINTER_REG_25__SCAN_IN_P1_R2278_U514_B,sa1,30,0,4.2790215815e-12
P1_INSTADDRPOINTER_REG_30__SCAN_IN_P1_R2278_U473_B,sa1,30,0,3.1505711377e-05
P1_INSTADDRPOINTER_REG_28__SCAN_IN_P1_R2278_U322_B,sa1,30,0,9.4951824181e-14
P1_INSTADDRPOINTER_REG_25__SCAN_IN_P1_R2278_U316_B,sa1,30,0,5.6599169795e-13
P1_INSTADDRPOINTER_REG_13__SCAN_IN_P1_R2278_U229_B,sa1,30,0,2.5500884249e-07
P1_INSTADDRPOINTER_REG_19__SCAN_IN_P1_R2278_U133_B,sa1,30,0,7.1320727102e-12
P1_INSTADDRPOINTER_REG_16__SCAN_IN_P1_R2027_U189_B,sa1,30,0,1.1946144340e-07
P1_INSTADDRPOINTER_REG_17__SCAN_IN_P1_R2027_U188_B,sa1,30,0,1.1946144340e-07
P1_INSTADDRPOINTER_REG_7__SCAN_IN_P1_R2027_U95_B,sa1,30,0,7.2759643363e-12
P1_INSTADDRPOINTER_REG_9__SCAN_IN_P1_R2027_U85_A,sa1,30,0,9.0949554203e-13
P2_INSTADDRPOINTER_REG_4__SCAN_IN_P2_ADD_371_1212_U233_B,sa1,30,0,5.0198286772e-07
P2_INSTADDRPOINTER_REG_3__SCAN_IN_P2_ADD_371_1212_U145_B,sa0,30,0,2.1038432496e-08
P2_INSTADDRPOINTER_REG_10__SCAN_IN_P2_R2278_U554_B,sa1,30,0,4.2546162149e-09
P2_INSTADDRPOINTER_REG_13__SCAN_IN_P2_R2278_U533_B,sa1,30,0,6.2073013396e-10
P2_INSTADDRPOINTER_REG_16__SCAN_IN_P2_R2278_U512_B,sa1,30,0,5.8540194914e-10
P2_INSTADDRPOINTER_REG_20__SCAN_IN_P2_R2278_U481_B,sa1,30,0,4.4688903245e-08
P2_INSTADDRPOINTER_REG_23__SCAN_IN_P2_R2278_U460_B,sa1,30,0,4.4587064707e-08
P2_INSTADDRPOINTER_REG_29__SCAN_IN_P2_R2278_U302_B,sa0,30,0,4.5338732768e-14
P2_INSTADDRPOINTER_REG_22__SCAN_IN_P2_R2278_U281_B,sa1,30,0,7.1206929242e-14
P2_INSTADDRPOINTER_REG_20__SCAN_IN_P2_R2278_U274_B,sa1,30,0,7.1206929242e-14
P2_INSTQUEUEWR_ADDR_REG_1__SCAN_IN_P2_R2238_U33_B,sa1,30,0,3.5375356674e-05
P3_INSTQUEUEWR_ADDR_REG_4__SCAN_IN_P3_SUB_401_U48_B,sa1,30,0,2.8432134638e-06
P3_INSTQUEUEWR_ADDR_REG_2__SCAN_IN_P3_SUB_504_U55_B,sa1,30,0,9.2944373180e-07
P3_INSTADDRPOINTER_REG_6__SCAN_IN_P3_ADD_371_1212_U220_B,sa1,30,0,3.7951394916e-08
P3_INSTADDRPOINTER_REG_6__SCAN_IN_P3_ADD_371_1212_U140_B,sa0,30,0,4.4121406972e-08
P3_INSTADDRPOINTER_REG_4__SCAN_IN_P3_ADD_371_1212_U133_B,sa0,30,0,9.5016730487e-08
P3_INSTADDRPOINTER_REG_5__SCAN_IN_P3_ADD_371_1212_U132_B,sa0,30,0,2.5093322620e-07
P3_INSTADDRPOINTER_REG_10__SCAN_IN_P3_ADD_405_U22_B,sa1,30,0,3.0286173569e-08
P3_INSTADDRPOINTER_REG_10__SCAN_IN_P3_ADD_441_U22_B,sa1,30,0,6.5847416408e-09
P3_INSTADDRPOINTER_REG_15__SCAN_IN_P3_SUB_357_1258_U450_B,sa1,30,0,1.8189894035e-12
P3_INSTADDRPOINTER_REG_31__SCAN_IN_P3_SUB_357_1258_U353_B,sa1,30,0,3.6135314846e-07
P3_INSTADDRPOINTER_REG_10__SCAN_IN_P3_SUB_357_1258_U257_B,sa1,30,0,5.7420038502e-07
P3_INSTADDRPOINTER_REG_12__SCAN_IN_P3_SUB_357_1258_U256_B,sa0,30,0,1.4551915228e-11
P3_I