net_name,f_type,complete,fdp_fraction,value_kind,seconds,time_kind
n1121gat,sa0,1,1/2,exact,0.010822326003108174,fault_total
n1121gat,sa1,1,1/2,exact,0.011361801000020932,fault_total
n2203gat,sa0,1,1/2,exact,0.0069300370014389046,fault_total
n1312gat,sa0,1,6190923/33554432,exact,0.01964811400102917,fault_total
n1241gat,sa0,1,1/2,exact,0.009946603997377679,fault_total
n2203gat,sa1,1,1/2,exact,0.002179004004574381,fault_total
n1312gat,sa1,1,6190923/33554432,exact,0.0009468259959248826,fault_total
n1340gat,sa0,1,1608355/16777216,exact,0.06902245499804849,fault_total
n1026gat,sa0,1,1/2,exact,0.009513967997918371,fault_total
n1241gat,sa1,1,1/2,exact,0.00963349400262814,fault_total
n1080gat,sa0,1,1/2,exact,0.013794785998470616,fault_total
n1035gat,sa0,1,1/2,exact,0.010211499000433832,fault_total
n2061gat,sa0,1,244159078907/549755813888,exact,0.02700277799885953,fault_total
n2403gat,sa0,1,83083297/268435456,exact,0.02328032299556071,fault_total
n1340gat,sa1,1,1608355/16777216,exact,0.0008774230009294115,fault_total
n1026gat,sa1,1,1/2,exact,0.009637235998525284,fault_total
n1080gat,sa1,1,1/2,exact,0.013587188004748896,fault_total
n1072gat,sa0,1,1/2,exact,0.00999332100036554,fault_total
n1035gat,sa1,1,1/2,exact,0.010094897996168584,fault_total
n1135gat,sa0,1,1/2,exact,0.010007049000705592,fault_total
n1045gat,sa0,1,1/2,exact,0.010009823003201745,fault_total
n2061gat,sa1,1,244159078907/549755813888,exact,0.002810562997183297,fault_total
n2403gat,sa1,1,83083297/268435456,exact,0.0022478469982161187,fault_total
n2143gat,sa0,1,137070554487/274877906944,exact,0.016047085002355743,fault_total
n2440gat,sa0,1,2649497975/8589934592,exact,0.021788833997561596,fault_total
n2125gat,sa0,1,1/2,exact,0.00014350300625665113,fault_total
n2630gat,sa0,1,1/2,exact,0.0017050959941116162,fault_total
n1072gat,sa1,1,1/2,exact,0.010263414995279163,fault_total
n1226gat,sa0,1,1/2,exact,0.009808741000597365,fault_total
n1135gat,sa1,1,1/2,exact,0.010211569002422038,fault_total
n1045gat,sa1,1,1/2,exact,0.010275305998220574,fault_total
n2207gat,sa0,1,1/2,exact,0.0021055580000393093,fault_total
n2270gat,sa0,1,1/2,exact,0.004991399000573438,fault_total
n2143gat,sa1,1,137070554487/274877906944,exact,0.0024904610036173835,fault_total
n2440gat,sa1,1,2649497975/8589934592,exact,0.0021150109969312325,fault_total
n1316gat,sa0,1,1/2,exact,0.0001225320011144504,fault_total
n2135gat,sa0,1,72437435/268435456,exact,0.007870395995269064,fault_total
n2125gat,sa1,1,1/2,exact,0.00015059699944686145,fault_total
n2450gat,sa0,1,1/2,exact,0.0002881320033338852,fault_total
n2343gat,sa0,1,1/2,exact,0.0022373530009645037,fault_total
n2630gat,sa1,1,1/2,exact,0.0015396090020658448,fault_total
n1226gat,sa1,1,1/2,exact,0.009978679001505952,fault_total
n2640gat,sa0,1,1/2,exact,0.0009031809968291782,fault_total
n2207gat,sa1,1,1/2,exact,0.0020483589978539385,fault_total
n2270gat,sa1,1,1/2,exact,0.0003701579989865422,fault_total
n2622gat,sa0,1,1/2,exact,0.0015070090012159199,fault_total
n1740gat,sa0,1,239885/134217728,exact,0.010710318005294539,fault_total
n2262gat,sa0,1,72437435/268435456,exact,0.0075765340006910264,fault_total
n2190gat,sa0,1,72437435/268435456,exact,0.006798399997933302,fault_total
n1316gat,sa1,1,1/2,exact,0.00011812099546659738,fault_total
n2135gat,sa1,1,72437435/268435456,exact,0.0006143089995021,fault_total
n2450gat,sa1,1,1/2,exact,0.000323993997881189,fault_total
n3091gat,sa0,1,10408455/2147483648,exact,0.06995864200143842,fault_total
n2343gat,sa1,1,1/2,exact,0.0022058819959056564,fault_total
n2155gat,sa0,1,1879033849/1099511627776,exact,0.047382289994857274,fault_total
n1282gat,sa0,1,1/2,exact,0.010616826999466866,fault_total
n2640gat,sa1,1,1/2,exact,0.001076444998034276,fault_total
n2622gat,sa1,1,1/2,exact,0.0016996399936033413,fault_total
n2407gat,sa0,1,146872305/536870912,exact,0.019277744999271818,fault_total
n1740gat,sa1,1,239885/134217728,exact,0.0010828390004462563,fault_total
n2262gat,sa1,1,72437435/268435456,exact,0.0008472970002912916,fault_total
n2190gat,sa1,1,72437435/268435456,exact,0.001016918002278544,fault_total
n1462gat,sa0,1,1167135/8388608,exact,0.028525816000183113,fault_total
n3092gat,sa0,1,10408455/2147483648,exact,0.003129661003185902,fault_total
n1148gat,sa0,1,1/2,exact,0.013838432998454664,fault_total
n2543gat,sa0,1,1/2,exact,0.0017637320052017458,fault_total
n2155gat,sa1,1,1879033849/1099511627776,exact,0.001727995004330296,fault_total
n1282gat,sa1,1,1/2,exact,0.009885432002192829,fault_total
n2390gat,sa0,1,1/2,exact,0.004980489000445232,fault_total
n1850gat,sa0,1,137070755267/274877906944,exact,0.024699333000171464,fault_total
n2407gat,sa1,1,146872305/536870912,exact,0.0021020069980295375,fault_total
n1462gat,sa1,1,1167135/8388608,exact,0.0007999690060387366,fault_total
n1068gat,sa0,1,1/2,exact,0.014103281995630823,fault_total
n1148gat,sa1,1,1/2,exact,0.013623772996652406,fault_total
n2490gat,sa0,1,1/2,exact,0.0017523329952382483,fault_total
n2543gat,sa1,1,1/2,exact,0.0018795180003507994,fault_total
n2562gat,sa0,1,1/2,exact,0.002464150995365344,fault_total
n2390gat,sa1,1,1/2,exact,0.00040732799971010536,fault_total
n2634gat,sa0,1,1/2,exact,0.0009684670003480278,fault_total
n2139gat,sa0,1,518143165/1073741824,exact,0.03740744900278514,fault_total
n1850gat,sa1,1,137070755267/274877906944,exact,0.002362645995162893,fault_total
n1068gat,sa1,1,1/2,exact,0.013353185000596568,fault_total
n1294gat,sa0,1,1/2,exact,0.01301295299344929,fault_total
n2490gat,sa1,1,1/2,exact,0.001735370999085717,fault_total
n2626gat,sa0,1,1/2,exact,0.0017311530027654953,fault_total
n2562gat,sa1,1,1/2,exact,0.0024089259968604892,fault_total
n2634gat,sa1,1,1/2,exact,0.0007929220009827986,fault_total
n2139gat,sa1,1,518143165/1073741824,exact,0.006219549999514129,fault_total
n2347gat,sa0,1,19782521977/68719476736,exact,0.024152822006726637,fault_total
n2266gat,sa0,1,325/8192,exact,0.0003616390022216365,fault_total
n2644gat,sa0,1,10075/262144,exact,0.005465180998726282,fault_total
n1294gat,sa1,1,1/2,exact,0.013269631999719422,fault_total
n2626gat,sa1,1,1/2,exact,0.0018042070005321875,fault_total
n2339gat,sa0,1,1/2,exact,0.0005633530017803423,fault_total
n1880gat,sa0,1,12637691388751/35184372088832,exact,0.049017484998330474,fault_total
n2347gat,sa1,1,19782521977/68719476736,exact,0.002143037003406789,fault_total
n1394gat,sa0,1,1/2,exact,0.0013645770013681613,fault_total
n2266gat,sa1,1,325/8192,exact,0.0003354799991939217,fault_total
n2644gat,sa1,1,10075/262144,exact,0.0005192519965930842,fault_total
n1871gat,sa0,1,1/2,exact,0.00276723199931439,fault_total
n1197gat,sa0,1,1/2,exact,0.0004493099986575544,fault_total
n2339gat,sa1,1,1/2,exact,0.0004080479993717745,fault_total
n1880gat,sa1,1,12637691388751/35184372088832,exact,0.005176008999114856,fault_total
n2394gat,sa0,1,2650464059/8589934592,exact,0.023839725996367633,fault_total
n2592gat,sa0,1,1/2,exact,0.0010015029984060675,fault_total
n1394gat,sa1,1,1/2,exact,0.0011657389986794442,fault_total
n2169gat,sa0,1,591521275/4294967296,exact,0.006967494002310559,fault_total
n1871gat,sa1,1,1/2,exact,0.002339941005629953,fault_total
n1197gat,sa1,1,1/2,exact,0.0006336709993775003,fault_total
n2394gat,sa1,1,2650464059/8589934592,exact,0.002025213005254045,fault_total
n2592gat,sa1,1,1/2,exact,0.0011656289934762754,fault_total
n2169gat,sa1,1,591521275/4294967296,exact,0.0010333040045225061,fault_total
n1298gat,sa0,1,1/2,exact,0.013262767002743203,fault_total
n2495gat,sa0,1,1/2,exact,0.00043452099635032937,fault_total
n1775gat,sa0,1,1/2,exact,0.0009124520001932979,fault_total
n1298gat,sa1,1,1/2,exact,0.013636739997309633,fault_total
n2495gat,sa1,1,1/2,exact,0.00041107600554823875,fault_total
n1775gat,sa1,1,1/2,exact,0.0008853309991536662,fault_total
n1596gat,sa0,1,11067/131072,exact,0.0143079499976011,fault_total
n1975gat,sa0,1,10075/262144,exact,0.006428688997402787,fault_total
n1596gat,sa1,1,11067/131072,exact,0.0009333380003226921,fault_total
n2399gat,sa0,1,1/2,exact,0.0022400429952540435,fault_total
n1975gat,sa1,1,10075/262144,exact,0.0005638880029437132,fault_total
n2399gat,sa1,1,1/2,exact,0.002222774004621897,fault_total
n1899gat,sa0,1,262347480747/549755813888,exact,0.039144750000559725,fault_total
n1899gat,sa1,1,262347480747/549755813888,exact,0.002607700000226032,fault_total
n402gat,sa0,1,1/2,exact,0.01183411899546627,fault_total
n160gat,sa0,1,1/2,exact,0.010151647999009583,fault_total
n402gat,sa1,1,1/2,exact,0.011553722993994597,fault_total
n322gat,sa0,1,1/2,exact,0.01556554000126198,fault_total
n331gat,sa0,1,1019/2048,exact,0.007133077997423243,fault_total
n160gat,sa1,1,1/2,exact,0.009489041003689636,fault_total
n341gat,sa0,1,1/2,exact,0.009894333998090588,fault_total
n314gat,sa0,1,1/2,exact,0.016116393002448604,fault_total
n322gat,sa1,1,1/2,exact,0.014731048002431635,fault_total
n152gat,sa0,1,1019/2048,exact,0.006265900003199931,fault_total
n331gat,sa1,1,1019/2048,exact,0.0008938820028561167,fault_total
n341gat,sa1,1,1/2,exact,0.009287982997193467,fault_total
n314gat,sa1,1,1/2,exact,0.014637480002420489,fault_total
n152gat,sa1,1,1019/2048,exact,0.000792494996858295,fault_total
n703gat,sa0,1,1/2,exact,0.022630681000009645,fault_total
n271gat,sa0,1,1/2,exact,0.006661056002485566,fault_total
n622gat,sa0,1,1/2,exact,0.008307875999889802,fault_total
n820gat,sa0,1,1/2,exact,0.0010357020000810735,fault_total
n722gat,sa0,1,1/2,exact,0.027102009000373073,fault_total
n703gat,sa1,1,1/2,exact,0.02131098099926021,fault_total
n271gat,sa1,1,1/2,exact,0.006900734995724633,fault_total
n622gat,sa1,1,1/2,exact,0.008390522001718637,fault_total
n830gat,sa0,1,1/2,exact,0.0007613229972776026,fault_total
n614gat,sa0,1,1/2,exact,0.0015541239990852773,fault_total
n820gat,sa1,1,1/2,exact,0.00101090799580561,fault_total
n470gat,sa0,1,1019/2048,exact,0.005433780999737792,fault_total
n722gat,sa1,1,1/2,exact,0.02317472899449058,fault_total
n165gat,sa0,1,1/2,exact,0.01299549599934835,fault_total
n830gat,sa1,1,1/2,exact,0.0007356069982051849,fault_total
n614gat,sa1,1,1/2,exact,0.0015344330022344366,fault_total
n561gat,sa0,1,1/2,exact,0.013687822996871546,fault_total
n318gat,sa0,1,1/2,exact,0.014191688002028968,fault_total
n156gat,sa0,1,1019/2048,exact,0.00634878700657282,fault_total
n327gat,sa0,1,1019/2048,exact,0.006653327000094578,fault_total
n470gat,sa1,1,1019/2048,exact,0.00044380399776855484,fault_total
n337gat,sa0,1,1/2,exact,0.008598581996920984,fault_total
n165gat,sa1,1,1/2,exact,0.013702420998015441,fault_total
n283gat,sa0,1,1/2,exact,0.013150129998393822,fault_total
n580gat,sa0,1,1/2,exact,0.013829902003635652,fault_total
n931gat,sa0,1,1/2,exact,0.010049974000139628,fault_total
n553gat,sa0,1,1/2,exact,0.014276838999649044,fault_total
n561gat,sa1,1,1/2,exact,0.013763192000624258,fault_total
n318gat,sa1,1,1/2,exact,0.014157588993839454,fault_total
n156gat,sa1,1,1019/2048,exact,0.0009334810019936413,fault_total
n463gat,sa0,1,1019/2048,exact,0.005835771000420209,fault_total
n327gat,sa1,1,1019/2048,exact,0.0007794510020175949,fault_total
n256gat,sa0,1,1019/2048,exact,0.006469291998655535,fault_total
n148gat,sa0,1,1019/2048,exact,0.00043138400360476226,fault_total
n337gat,sa1,1,1/2,exact,0.008105042004899587,fault_total
n842gat,sa0,1,1/2,exact,0.009561911996570416,fault_total
n283gat,sa1,1,1/2,exact,0.013377390001551248,fault_total
n275gat,sa0,1,1/2,exact,0.012876587999926414,fault_total
n491gat,sa0,1,1/2,exact,0.008280744994408451,fault_total
n626gat,sa0,1,1/2,exact,0.008151249996444676,fault_total
n707gat,sa0,1,1/2,exact,0.0016602600007900037,fault_total
n580gat,sa1,1,1/2,exact,0.0137315829997533,fault_total
n680gat,sa0,1,1/2,exact,0.013522390996513423,fault_total
n824gat,sa0,1,1/2,exact,0.001479519996792078,fault_total
n931gat,sa1,1,1/2,exact,0.010266265002428554,fault_total
n553gat,sa1,1,1/2,exact,0.01910453399614198,fault_total
n463gat,sa1,1,1019/2048,exact,0.0006154639995656908,fault_total
n256gat,sa1,1,1019/2048,exact,0.0007331939996220171,fault_total
n148gat,sa1,1,1019/2048,exact,0.0006842379953013733,fault_total
n842gat,sa1,1,1/2,exact,0.009942689001036342,fault_total
n726gat,sa0,1,1/2,exact,0.022092232000431977,fault_total
n275gat,sa1,1,1/2,exact,0.013205610004661139,fault_total
n861gat,sa0,1,1/2,exact,0.014038875000551343,fault_total
n618gat,sa0,1,1/2,exact,0.007984183001099154,fault_total
n491gat,sa1,1,1/2,exact,0.008497060000081547,fault_total
n626gat,sa1,1,1/2,exact,0.009274862000893336,fault_total
n834gat,sa0,1,1/2,exact,0.0016814399932627566,fault_total
n707gat,sa1,1,1/2,exact,0.001640352995309513,fault_total
n816gat,sa0,1,1/2,exact,0.0134842870029388,fault_total
n680gat,sa1,1,1/2,exact,0.013233833000413142,fault_total
n824gat,sa1,1,1/2,exact,0.0014142739964881912,fault_total
n366gat,sa0,1,1/2,exact,0.014539689997036476,fault_total
n384gat,sa0,1,1019/2048,exact,0.0004913020020467229,fault_total
n726gat,sa1,1,1/2,exact,0.02076121400023112,fault_total
n394gat,sa0,1,1/2,exact,0.02168154299579328,fault_total
n861gat,sa1,1,1/2,exact,0.013331950001884252,fault_total
n618gat,sa1,1,1/2,exact,0.007573529001092538,fault_total
n834gat,sa1,1,1/2,exact,0.001493571005994454,fault_total
n816gat,sa1,1,1/2,exact,0.013345157000003383,fault_total
n366gat,sa1,1,1/2,exact,0.014252271997975186,fault_total
n384gat,sa1,1,1019/2048,exact,0.0005636650021187961,fault_total
n673gat,sa0,1,292092239/4294967296,exact,0.20113396899978397,fault_total
n394gat,sa1,1,1/2,exact,0.027360309002688155,fault_total
n584gat,sa0,1,1/2,exact,0.013749020996328909,fault_total
n673gat,sa1,1,292092239/4294967296,exact,0.002745301004324574,fault_total
n279gat,sa0,1,1/2,exact,0.013161811002646573,fault_total
n846gat,sa0,1,1/2,exact,0.01097478999872692,fault_total
n684gat,sa0,1,1/2,exact,0.0016243930003838614,fault_total
n584gat,sa1,1,1/2,exact,0.013967254999442957,fault_total
n279gat,sa1,1,1/2,exact,0.013794958998914808,fault_total
n919gat,sa0,1,1/2,exact,0.012209592001454439,fault_total
n846gat,sa1,1,1/2,exact,0.011266467001405545,fault_total
n865gat,sa0,1,1/2,exact,0.014324092997412663,fault_total
n838gat,sa0,1,1/2,exact,0.0015486150005017407,fault_total
n883gat,sa0,1,1/2,exact,0.001837821000663098,fault_total
n684gat,sa1,1,1/2,exact,0.0018486960034351796,fault_total
n667gat,sa0,1,1/2,exact,0.0004290040014893748,fault_total
n388gat,sa0,1,1019/2048,exact,0.0083160010035499,fault_total
n919gat,sa1,1,1/2,exact,0.011201173001609277,fault_total
n398gat,sa0,1,1/2,exact,0.011189643999387044,fault_total
n865gat,sa1,1,1/2,exact,0.013854840995918494,fault_total
n838gat,sa1,1,1/2,exact,0.0015382440033135936,fault_total
n883gat,sa1,1,1/2,exact,0.0019698819960467517,fault_total
n659gat,sa0,1,1/2,exact,0.014367237003170885,fault_total
n667gat,sa1,1,1/2,exact,0.00041294800030300394,fault_total
n388gat,sa1,1,1019/2048,exact,0.001051445993653033,fault_total
n398gat,sa1,1,1/2,exact,0.010936623002635315,fault_total
n957gat,sa0,1,1/2,exact,0.0138868940048269,fault_total
n777gat,sa0,1,1/2,exact,0.014254524998250417,fault_total
n659gat,sa1,1,1/2,exact,0.014595836000808049,fault_total
n957gat,sa1,1,1/2,exact,0.0130134069986525,fault_total
n777gat,sa1,1,1/2,exact,0.015122074000828434,fault_total
n699gat,sa0,1,1/2,exact,0.0015908060013316572,fault_total
n699gat,sa1,1,1/2,exact,0.001577474999066908,fault_total
n1330gat,sa0,1,1/2,exact,9.90049957181327e-05,fault_total
n2023gat,sa0,1,1/2,exact,8.64429966895841e-05,fault_total
n2500gat,sa0,1,1/32,exact,0.008270020000054501,fault_total
n1330gat,sa1,1,1/2,exact,9.35220014071092e-05,fault_total
n2042gat,sa0,1,1/2,exact,8.25099996291101e-05,fault_total
n2023gat,sa1,1,1/2,exact,7.098099740687758e-05,fault_total
n1431gat,sa0,1,1/2,exact,7.777499558869749e-05,fault_total
n2042gat,sa1,1,1/2,exact,6.796600064262748e-05,fault_total
n2520gat,sa0,1,1/256,exact,0.00023973600036697462,fault_total
n2115gat,sa0,1,5/32,exact,0.00035647600452648476,fault_total
n1431gat,sa1,1,1/2,exact,8.841700037010014e-05,fault_total
n2512gat,sa0,1,1667/16384,exact,0.005178676001378335,fault_total
n2027gat,sa0,1,1/2,exact,9.712400060379878e-05,fault_total
n1361gat,sa0,1,1/2,exact,9.459899592911825e-05,fault_total
n2504gat,sa0,1,1/32,exact,0.0020869879954261705,fault_total
n2512gat,sa1,1,1667/16384,exact,0.00044376800360623747,fault_total
n1334gat,sa0,1,3/2048,exact,0.006362692001857795,fault_total
n2027gat,sa1,1,1/2,exact,9.194900485454127e-05,fault_total
n1361gat,sa1,1,1/2,exact,7.474899757653475e-05,fault_total
n2019gat,sa0,1,8787169612559/35184372088832,exact,0.02599501499935286,fault_total
n2082gat,sa0,1,16275/4194304,exact,0.021117451004101895,fault_total
n2119gat,sa0,1,1/2,exact,0.00010706500324886292,fault_total
n2317gat,sa0,1,1/4,exact,0.00012503300240496174,fault_total
n2452gat,sa0,1,13/32,exact,0.022634492001088802,fault_total
n2524gat,sa0,1,1/256,exact,0.00023610999778611585,fault_total
n2119gat,sa1,1,1/2,exact,8.507000165991485e-05,fault_total
n2462gat,sa0,1,1/256,exact,0.00031853900145506486,fault_total
n1832gat,sa0,1,1/8,exact,0.016673432000970934,fault_total
n2452gat,sa1,1,13/32,exact,0.005992388003505766,fault_total
n2444gat,sa0,1,1/4,exact,0.00582710700109601,fault_total
n1823gat,sa0,1,4472001/16777216,exact,0.020702493995486293,fault_total
n2508gat,sa0,1,1/32,exact,0.002081810001982376,fault_total
n2444gat,sa1,1,1/4,exact,0.00044006399548379704,fault_total
n1823gat,sa1,1,4472001/16777216,exact,0.001177949998236727,fault_total
n2456gat,sa0,1,1/2,exact,8.517099922755733e-05,fault_total
n2474gat,sa0,1,1/256,exact,0.00020434200268937275,fault_total
n2456gat,sa1,1,1/2,exact,7.847600500099361e-05,fault_total
n2466gat,sa0,1,1/256,exact,0.0003085509961238131,fault_total
n2097gat,sa0,1,195/4096,exact,0.007984531999682076,fault_total
n1819gat,sa0,1,1/4,exact,0.006278912005655002,fault_total
n2656gat,sa0,1,1/32,exact,0.002083797997329384,fault_total
n1765gat,sa0,1,1/8,exact,0.0035752170006162487,fault_total
n1387gat,sa0,1,222075/4194304,exact,0.07739131899870699,fault_total
n2586gat,sa0,1,1/32,exact,0.008847318997140974,fault_total
n2586gat,sa1,1,1/32,exact,0.002093416995194275,fault_total
n2786gat,sa0,1,31225365/2147483648,exact,0.07629023600020446,fault_total
n2597gat,sa0,1,1/256,exact,0.0002864109992515296,fault_total
n1769gat,sa0,1,45/256,exact,0.007623383004101925,fault_total
n2786gat,sa1,1,10408455/2147483648,exact,0.0030180340036167763,fault_total
n1769gat,sa1,1,45/256,exact,0.0004608980016200803,fault_total
n2031gat_stem,sa0,1,1/2,exact,0.00017397899500792846,fault_total
n2031gat_stem,sa1,1,1/2,exact,0.00013854099961463362,fault_total
n2035gat_stem,sa0,1,1/2,exact,0.000788137003837619,fault_total
n2035gat_stem,sa1,1,1/2,exact,0.0009288370056310669,fault_total
n2108gat_stem,sa0,1,1/2,exact,0.00014938700041966513,fault_total
n2307gat_stem,sa0,1,1/2,exact,0.0010800870004459284,fault_total
n2108gat_stem,sa1,1,1/2,exact,0.00014697900041937828,fault_total
n2470gat_stem,sa0,1,1/2,exact,0.0002049329996225424,fault_total
n2307gat_stem,sa1,1,1/2,exact,0.0012156730008427985,fault_total
n2470gat_stem,sa1,1,1/2,exact,0.00020643799507524818,fault_total
n2093gat_stem,sa0,1,1/2,exact,0.0008412759998464026,fault_total
n2174gat_stem,sa0,1,1/2,exact,0.00015721700037829578,fault_total
n2093gat_stem,sa1,1,1/2,exact,0.0007576940042781644,fault_total
n2174gat_stem,sa1,1,1/2,exact,0.00014695600111735985,fault_total
n2470gat_n1934gat_A,sa0,1,315/4096,exact,0.006054123005014844,fault_total
n2444gat_n2238gat_B,sa0,1,701/16384,exact,0.00569605400232831,fault_total
n2512gat_n1755gat_C,sa0,1,13/128,exact,0.005039350005972665,fault_total
n2307gat_n2663gat_C,sa0,1,728341/134217728,exact,0.018396555999061093,fault_total
n682gat_stem,sa0,1,1/2,exact,0.0005193140023038723,fault_total
n1823gat_n1817gat_B,sa0,1,1/4,exact,0.006531076003739145,fault_total
n1823gat_n1818gat_A,sa0,1,277697/8388608,exact,0.01710761299909791,fault_total
n836gat_stem,sa0,1,1/2,exact,0.00047279400314437225,fault_total
n818gat_stem,sa0,1,1/2,exact,0.0004366169960121624,fault_total
n881gat_stem,sa0,1,1/2,exact,0.00039151000237325206,fault_total
n682gat_stem,sa1,1,1/2,exact,0.0003770379989873618,fault_total
n1310gat,sa0,1,1161387/8388608,exact,0.008933020006224979,fault_total
n2031gat,sa0,1,1/2,exact,0.00010190799366682768,fault_total
n836gat_stem,sa1,1,1/2,exact,0.00040811199869494885,fault_total
n828gat_stem,sa0,1,1/2,exact,0.0004320660009398125,fault_total
n818gat_stem,sa1,1,1/2,exact,0.0004236669992678799,fault_total
n881gat_stem,sa1,1,1/2,exact,0.0003633330052252859,fault_total
n1310gat,sa1,1,1161387/8388608,exact,0.0008594540049671195,fault_total
n2031gat,sa1,1,1/2,exact,0.00011167399497935548,fault_total
n828gat_stem,sa1,1,1/2,exact,0.000378707998606842,fault_total
n1033gat,sa0,1,3/8,exact,0.01087114400434075,fault_total
n2401gat,sa0,1,46660527/536870912,exact,0.013994745000672992,fault_total
n2108gat_II4000_A,sa0,1,15/1024,exact,0.00028061999910278246,fault_total
n2123gat,sa0,1,1/2,exact,8.463800622848794e-05,fault_total
n2141gat,sa0,1,8354733/16777216,exact,0.010794585003168322,fault_total
n1133gat,sa0,1,3/8,exact,0.01046104200213449,fault_total
n1043gat,sa0,1,1/4,exact,0.010184083999774884,fault_total
n1070gat,sa0,1,3/8,exact,0.010573314997600392,fault_total
n1033gat,sa1,1,3/8,exact,0.010509107996767852,fault_total
n2401gat,sa1,1,46660527/536870912,exact,0.014456805998634081,fault_total
n2035gat_II4000_C,sa0,1,15/1024,exact,0.0002879599996958859,fault_total
n1314gat,sa0,1,1/2,exact,8.783499652054161e-05,fault_total
n2123gat,sa1,1,1/2,exact,7.997100328793749e-05,fault_total
n2141gat,sa1,1,33418607/67108864,exact,0.013492461999703664,fault_total
n1133gat,sa1,1,3/8,exact,0.010507120998227037,fault_total
n1043gat,sa1,1,1/4,exact,0.01012757100397721,fault_total
n1070gat,sa1,1,3/8,exact,0.01028936499642441,fault_total
n1224gat,sa0,1,1/4,exact,0.010535106004681438,fault_total
n2133gat,sa0,1,4421/65536,exact,0.006339343002764508,fault_total
n2035gat,sa0,1,1/2,exact,0.000137008995807264,fault_total
n1314gat,sa1,1,1/2,exact,8.115599484881386e-05,fault_total
n697gat_stem,sa0,1,1/2,exact,0.0005129019991727546,fault_total
n2620gat,sa0,1,1/4,exact,0.012242372002219781,fault_total
n1224gat,sa1,1,1/4,exact,0.009935406000295188,fault_total
n2260gat,sa0,1,325/16384,exact,0.005905797996092588,fault_total
n2586gat_n2663gat_A,sa0,1,728341/134217728,exact,0.0023325790025410242,fault_total
n2586gat_n2662gat_B,sa0,1,1/32,exact,0.0001772600007825531,fault_total
n2035gat,sa1,1,1/2,exact,0.00015467100456589833,fault_total
n2108gat,sa0,1,1/2,exact,7.923800149001181e-05,fault_total
n697gat_stem,sa1,1,1/2,exact,0.0004245770032866858,fault_total
n2090gat,sa0,1,78511/134217728,exact,0.010217358998488635,fault_total
n2620gat,sa1,1,1/4,exact,0.011937482006032951,fault_total
n1280gat,sa0,1,5/16,exact,0.010076076003315393,fault_total
n2260gat,sa1,1,4421/16384,exact,0.005848886001331266,fault_total
n2405gat,sa0,1,5694217/268435456,exact,0.012803158002498094,fault_total
n2153gat,sa0,1,1879033849/2199023255552,exact,0.04266787300002761,fault_total
n1460gat,sa0,1,7334499/67108864,exact,0.016058562003308907,fault_total
n2307gat,sa0,1,1/2,exact,0.00011311100388411433,fault_total
n2093gat_II4000_B,sa0,1,15/1024,exact,0.00026178899861406535,fault_total
n2108gat,sa1,1,1/2,exact,7.993500184966251e-05,fault_total
n1119gat,sa0,1,3/8,exact,0.010892553000303451,fault_total
n1280gat,sa1,1,5/16,exact,0.010204151003563311,fault_total
n2181gat,sa0,1,15/32768,exact,0.007713232000241987,fault_total
n2405gat,sa1,1,5694217/268435456,exact,0.012737914003082551,fault_total
n1524gat,sa0,1,1071/131072,exact,0.0100177589993109,fault_total
n2470gat,sa0,1,1/2,exact,0.00010021599882747978,fault_total
n2307gat,sa1,1,1/2,exact,7.849199755582958e-05,fault_total
n2722gat,sa0,1,8380807/1073741824,exact,0.062483215995598584,fault_total
n2137gat,sa0,1,1069884091/2147483648,exact,0.011418465997849125,fault_total
n1119gat,sa1,1,3/8,exact,0.010676436999347061,fault_total
n1507gat,sa0,1,1344470445/8589934592,exact,0.1855280000017956,fault_total
n2470gat,sa1,1,1/2,exact,0.00011450800229795277,fault_total
n2093gat,sa0,1,1/2,exact,9.408900223206729e-05,fault_total
n2174gat,sa0,1,1/2,exact,9.238100028596818e-05,fault_total
n1769gat_n1755gat_A,sa0,1,13/128,exact,0.00042265399679308757,fault_total
n2722gat,sa1,1,8380807/1073741824,exact,0.002909909002482891,fault_total
n2624gat,sa0,1,551634847737/2199023255552,exact,0.14136270300514298,fault_total
n2039gat,sa0,1,1/8,exact,0.00024572399706812575,fault_total
n2137gat,sa1,1,1032792640933/2199023255552,exact,0.030075510003371164,fault_total
n2264gat,sa0,1,975/32768,exact,0.005431812998722307,fault_total
n2345gat,sa0,1,11499273/268435456,exact,0.01618831299856538,fault_total
n2642gat,sa0,1,6955/262144,exact,0.006026212002325337,fault_total
n1507gat,sa1,1,1344470445/8589934592,exact,0.0023362259962596,fault_total
n2093gat,sa1,1,1/2,exact,0.00010086099791806191,fault_total
n2174gat,sa1,1,1/2,exact,8.464299753541127e-05,fault_total
n2733gat,sa0,1,1/2,exact,0.0007316710034501739,fault_total
n2624gat,sa1,1,551634847737/2199023255552,exact,0.13275999399775174,fault_total
n2345gat,sa1,1,1469269787/34359738368,exact,0.018009817002166528,fault_total
n1338gat,sa0,1,173/2048,exact,0.006881100001919549,fault_total
n1806gat,sa0,1,11/128,exact,0.006708316002914216,fault_total
n1455gat,sa0,1,219/1024,exact,0.006733431000611745,fault_total
n1769gat_n1756gat_B,sa0,1,1/1024,exact,0.0006901500019012019,fault_total
n2590gat,sa0,1,1/2,exact,9.739500092109665e-05,fault_total
n2671gat,sa0,1,1/2,exact,0.0006075209967093542,fault_total
n2725gat,sa0,1,1/2,exact,0.02567652099969564,fault_total
n2733gat,sa1,1,1/2,exact,0.000640611004200764,fault_total
n2059gat,sa0,1,58795339771/137438953472,exact,0.02037414999358589,fault_total
n1762gat,sa0,1,1/8,exact,0.0200417349988129,fault_total
n1195gat,sa0,1,1/4,exact,0.007064607001666445,fault_total
n2392gat,sa0,1,1434701/268435456,exact,0.015927679996821098,fault_total
n2167gat,sa0,1,15/1024,exact,0.0002864920024876483,fault_total
n1769gat_n1757gat_B,sa0,1,1/8,exact,0.00016156499623320997,fault_total
n2590gat,sa1,1,1/2,exact,7.651199848623946e-05,fault_total
n2671gat,sa1,1,1/2,exact,0.0006430239955079742,fault_total
n2861gat,sa0,1,1/2,exact,0.02561220899951877,fault_total
n2717gat,sa0,1,1/2,exact,0.02450609500374412,fault_total
n2725gat,sa1,1,1/2,exact,0.02573665900126798,fault_total
n2780gat,sa0,1,1/2,exact,0.0006778419992770068,fault_total
n2059gat,sa1,1,58769780731/137438953472,exact,0.02281222600140609,fault_total
n2438gat,sa0,1,7240521/268435456,exact,0.02169360600237269,fault_total
n2392gat,sa1,1,299221627/2147483648,exact,0.01662802599457791,fault_total
n2861gat,sa1,1,1/2,exact,0.025959753002098296,fault_total
n2717gat,sa1,1,1/2,exact,0.02536700299970107,fault_total
n2736gat,sa0,1,1/2,exact,0.0006843700030003674,fault_total
n2780gat,sa1,1,1/2,exact,0.0005520470003830269,fault_total
n2448gat,sa0,1,1/2,exact,0.0002909300019382499,fault_total
n2178gat,sa0,1,1/32768,exact,0.007803082000464201,fault_total
n2438gat,sa1,1,18131423/67108864,exact,0.016282673001114745,fault_total
n1674gat,sa0,1,13/2048,exact,0.0066699649978545494,fault_total
n2728gat,sa0,1,1/2,exact,0.025817592002567835,fault_total
n2736gat,sa1,1,1/2,exact,0.0006708590008202009,fault_total
n2674gat,sa0,1,1/2,exact,0.0006673739990219474,fault_total
n2791gat,sa0,1,1/2,exact,0.0005753639998147264,fault_total
n1738gat,sa0,1,239885/268435456,exact,0.012919367996801157,fault_total
n1495gat,sa0,1,78511/134217728,exact,0.010133292998943944,fault_total
n2448gat,sa1,1,1/2,exact,0.0003410139979678206,fault_total
n2188gat,sa0,1,0,exact,0.00485244100127602,fault_total
n1747gat,sa0,1,317/2048,exact,0.007284070998139214,fault_total
n1828gat,sa0,1,12971641/1073741824,exact,0.0129770030034706,fault_total
n1594gat,sa0,1,16065/262144,exact,0.013638891003211029,fault_total
n2864gat,sa0,1,1/2,exact,0.02294510199862998,fault_total
n2728gat,sa1,1,1/2,exact,0.025584189999790397,fault_total
n2674gat,sa1,1,1/2,exact,0.0007491440046578646,fault_total
n2791gat,sa1,1,1/2,exact,0.0005633199980366044,fault_total
n2783gat,sa0,1,1/2,exact,0.000524363000295125,fault_total
n1973gat,sa0,1,14105/524288,exact,0.00720418400305789,fault_total
n2864gat,sa1,1,1/2,exact,0.028545097004098352,fault_total
n2856gat,sa0,1,1/2,exact,0.023874398997577373,fault_total
n2783gat,sa1,1,1/2,exact,0.0006074299963074736,fault_total
n1848gat,sa0,1,128293311735/274877906944,exact,0.01660898500267649,fault_total
n1677gat,sa0,1,246791103/1073741824,exact,0.121621417994902,fault_total
n1587gat,sa0,1,11067/131072,exact,0.010294039006112143,fault_total
n2856gat,sa1,1,1/2,exact,0.024243162995844614,fault_total
n2794gat,sa0,1,1/2,exact,0.0006800280025345273,fault_total
n1848gat,sa1,1,128291980535/274877906944,exact,0.0266008500038879,fault_total
n2488gat,sa0,1,551634847737/2199023255552,exact,0.12507840499893064,fault_total
n1677gat,sa1,1,246791103/1073741824,exact,0.002199210000981111,fault_total
n2777gat,sa0,1,1/2,exact,0.0006561589980265126,fault_total
n2794gat,sa1,1,1/2,exact,0.001032669999403879,fault_total
n2488gat,sa1,1,551634847737/2199023255552,exact,0.12628876700182445,fault_total
n2777gat,sa1,1,1/2,exact,0.0007297710035345517,fault_total
n1878gat,sa0,1,21972386642477/70368744177664,exact,0.04759719199500978,fault_total
n1869gat,sa0,1,228917101868640439/576460752303423488,exact,0.8677471090049949,fault_total
n2869gat,sa0,1,1/2,exact,0.007280160003574565,fault_total
n1897gat,sa0,1,274735924987/549755813888,exact,0.014853100998152513,fault_total
n1878gat,sa1,1,10986192868111/35184372088832,exact,0.03977609499997925,fault_total
n1869gat,sa1,1,228917101868640439/576460752303423488,exact,0.004856097002630122,fault_total
n2035gat_stem_n2014gat_A,sa0,1,325/4096,exact,0.007374622997303959,fault_total
n2869gat,sa1,1,1/2,exact,0.006783500000892673,fault_total
n1897gat,sa1,1,258516868779/549755813888,exact,0.0361764229965047,fault_total
n2031gat_II3999_B,sa0,1,15/1024,exact,0.0003340089970151894,fault_total
n2093gat_stem_n2014gat_B,sa0,1,325/4096,exact,0.0014398369967238978,fault_total
n2174gat_II3999_C,sa0,1,15/1024,exact,0.0005324089943314902,fault_total
n2201gat_stem,sa0,1,1/2,exact,0.0020814000017708167,fault_total
n2201gat_stem,sa1,1,1/2,exact,0.0020542900019790977,fault_total
n2205gat_stem,sa0,1,1/2,exact,0.0020894319968647324,fault_total
n2341gat_stem,sa0,1,1/2,exact,0.0019310679999762215,fault_total
n2205gat_stem,sa1,1,1/2,exact,0.0023398570046992972,fault_total
n2341gat_stem,sa1,1,1/2,exact,0.0017813550002756529,fault_total
n2541gat_stem,sa0,1,1/2,exact,0.006528755999170244,fault_total
n2560gat_stem,sa0,1,1/2,exact,0.0018887340047513135,fault_total
n2632gat_stem,sa0,1,1/2,exact,0.0010762620004243217,fault_total
n2541gat_stem,sa1,1,1/2,exact,0.001643281000724528,fault_total
n2560gat_stem,sa1,1,1/2,exact,0.0020552460046019405,fault_total
n2632gat_stem,sa1,1,1/2,exact,0.0008552389990654774,fault_total
n2337gat_stem,sa0,1,1/2,exact,0.0003999250038759783,fault_total
n1392gat_stem,sa0,1,1/2,exact,0.0004261459980625659,fault_total
n2337gat_stem,sa1,1,1/2,exact,0.0003717049985425547,fault_total
n1392gat_stem,sa1,1,1/2,exact,0.0006248880017665215,fault_total
n2628gat_stem,sa0,1,1/2,exact,0.000863138004206121,fault_total
n2493gat_stem,sa0,1,1/2,exact,0.0004046870017191395,fault_total
n2268gat_stem,sa0,1,1/2,exact,0.00040168299892684445,fault_total
n1773gat_stem,sa0,1,1/2,exact,0.0006172339999466203,fault_total
n2638gat_stem,sa0,1,1/2,exact,0.0010480920027475804,fault_total
n2628gat_stem,sa1,1,1/2,exact,0.0008498649985995144,fault_total
n2493gat_stem,sa1,1,1/2,exact,0.00041908099956344813,fault_total
n2268gat_stem,sa1,1,1/2,exact,0.000400397002522368,fault_total
n1773gat_stem,sa1,1,1/2,exact,0.0008066399968811311,fault_total
n2638gat_stem,sa1,1,1/2,exact,0.0008614250036771409,fault_total
n2397gat_stem,sa0,1,1/2,exact,0.0011497880041133612,fault_total
n320gat,sa0,1,544217431/2147483648,exact,0.019633010000688955,fault_total
n2388gat_stem,sa0,1,1/2,exact,0.0005543340012081899,fault_total
n2397gat_stem,sa1,1,1/2,exact,0.0011475630017230287,fault_total
n312gat,sa0,1,544217431/2147483648,exact,0.02053235800121911,fault_total
n320gat,sa1,1,544217431/2147483648,exact,0.019954164999944624,fault_total
n2388gat_stem,sa1,1,1/2,exact,0.000500580994412303,fault_total
n150gat,sa0,1,1019/131072,exact,0.0053555139966192655,fault_total
n312gat,sa1,1,544217431/2147483648,exact,0.022047407997888513,fault_total
n701gat,sa0,1,11/32,exact,0.019855879996612202,fault_total
n720gat,sa0,1,21499/65536,exact,0.02804591400490608,fault_total
n701gat,sa1,1,11/32,exact,0.019377767996047623,fault_total
n720gat,sa1,1,11/32,exact,0.021154545996978413,fault_total
n316gat,sa0,1,544217431/2147483648,exact,0.018588979997730348,fault_total
n325gat,sa0,1,1019/262144,exact,0.008157420001225546,fault_total
n154gat,sa0,1,1019/65536,exact,0.007427810000081081,fault_total
n316gat,sa1,1,544217431/2147483648,exact,0.019134010006382596,fault_total
n551gat,sa0,1,544217431/2147483648,exact,0.018415270998957567,fault_total
n461gat,sa0,1,5095/524288,exact,0.005099419002362993,fault_total
n325gat,sa1,1,1019/262144,exact,0.007849818997783586,fault_total
n154gat,sa1,1,1019/65536,exact,0.007119323003280442,fault_total
n146gat,sa0,1,1019/524288,exact,0.005291745001159143,fault_total
n254gat,sa0,1,1019/262144,exact,0.007860903999244329,fault_total
n551gat,sa1,1,544217431/2147483648,exact,0.018738061997282784,fault_total
n254gat,sa1,1,1019/262144,exact,0.00724893400183646,fault_total
n724gat,sa0,1,11/32,exact,0.027792930995929055,fault_total
n364gat,sa0,1,544217431/2147483648,exact,0.019915757002308965,fault_total
n382gat,sa0,1,1019/524288,exact,0.005612857996311504,fault_total
n392gat,sa0,1,25/64,exact,0.023492510001233313,fault_total
n724gat,sa1,1,11/32,exact,0.022634758999629412,fault_total
n364gat,sa1,1,544217431/2147483648,exact,0.018678693995752838,fault_total
n329gat,sa0,1,1019/131072,exact,0.01075486800255021,fault_total
n671gat,sa0,1,3/1024,exact,0.008864163995895069,fault_total
n392gat,sa1,1,25/64,exact,0.023140143995988183,fault_total
n665gat,sa0,1,1/4,exact,0.006861756999569479,fault_total
n386gat,sa0,1,1019/65536,exact,0.00803685200662585,fault_total
n396gat,sa0,1,8199/32768,exact,0.016157685000507627,fault_total
n657gat,sa0,1,544217431/2147483648,exact,0.020200575003400445,fault_total
n386gat,sa1,1,1019/65536,exact,0.007740134999039583,fault_total
n468gat,sa0,1,5095/524288,exact,0.0052537700030370615,fault_total
n396gat,sa1,1,8199/32768,exact,0.015221977002511267,fault_total
n657gat,sa1,1,544217431/2147483648,exact,0.020127494004555047,fault_total
n775gat,sa0,1,544217431/2147483648,exact,0.020369132995256223,fault_total
n559gat,sa0,1,544217431/2147483648,exact,0.020095095002034213,fault_total
n775gat,sa1,1,544217431/2147483648,exact,0.018465068998921197,fault_total
n929gat,sa0,1,5/16,exact,0.010406992005300708,fault_total
n559gat,sa1,1,544217431/2147483648,exact,0.019244363000325393,fault_total
n929gat,sa1,1,5/16,exact,0.010205873993982095,fault_total
n612gat_stem,sa0,1,1/2,exact,0.00046188099804567173,fault_total
n612gat_stem,sa1,1,1/2,exact,0.0003974419960286468,fault_total
n2444gat_n2830gat_A,sa0,1,1/4,exact,0.00018524399638408795,fault_total
n705gat_stem,sa0,1,1/2,exact,0.0005095969972899184,fault_total
n822gat_stem,sa0,1,1/2,exact,0.0006036330014467239,fault_total
n705gat_stem,sa1,1,1/2,exact,0.000402086996473372,fault_total
n832gat_stem,sa0,1,1/2,exact,0.00037525399966398254,fault_total
n822gat_stem,sa1,1,1/2,exact,0.00035870500141754746,fault_total
n2512gat_n1756gat_A,sa0,1,1/1024,exact,0.00036744999670190737,fault_total
n832gat_stem,sa1,1,1/2,exact,0.00036046900640940294,fault_total
n254gat_n139gat_C,sa0,1,1019/262144,exact,0.005595233000349253,fault_total
n1120gat,sa0,1,517/2048,exact,0.011940998003410641,fault_total
n2201gat,sa0,1,1/2,exact,0.00010167899745283648,fault_total
n386gat_n244gat_B,sa0,1,1019/65536,exact,0.005078354995930567,fault_total
n386gat_n245gat_A,sa0,1,3057/262144,exact,0.005921759999182541,fault_total
n1392gat_n1466gat_A,sa0,1,2002581/33554432,exact,0.015345283994975034,fault_total
n1677gat_n1532gat_A,sa0,1,1212831/8388608,exact,0.012120176004827954,fault_total
n1120gat,sa1,1,517/2048,exact,0.011156268003105652,fault_total
n2488gat_n2531gat_A,sa0,1,1879033849/2199023255552,exact,0.03860002800502116,fault_total
n2201gat,sa1,1,1/2,exact,0.00010646799637470394,fault_total
n2448gat_n2238gat_A,sa0,1,701/16384,exact,0.00041988000157289207,fault_total
n1869gat_n1413gat_A,sa0,1,272775/4194304,exact,0.16363237900077365,fault_total
n2202gat,sa0,1,9025651/33554432,exact,0.04699826800060691,fault_total
n1311gat,sa0,1,1595295/16777216,exact,0.008147608998115174,fault_total
n1878gat_n2016gat_B,sa0,1,4392097873423/17592186044416,exact,0.026756775994726922,fault_total
n2202gat,sa1,1,17766227/67108864,exact,0.04186461900098948,fault_total
n1240gat,sa0,1,517/2048,exact,0.01073777599958703,fault_total
n1677gat_n1407gat_C,sa0,1,381885/8388608,exact,0.09597049899457488,fault_total
n2060gat,sa0,1,52786329/268435456,exact,0.022670852005830966,fault_total
n2402gat,sa0,1,145612661/536870912,exact,0.017732516993419267,fault_total
n1240gat,sa1,1,517/2048,exact,0.01067360800516326,fault_total
n1025gat,sa0,1,65/256,exact,0.010386982998170424,fault_total
n1034gat,sa0,1,517/2048,exact,0.010912489000475034,fault_total
n2205gat,sa0,1,1/2,exact,9.96329981717281e-05,fault_total
n2392gat_n1964gat_A,sa0,1,0,exact,0.004931578994728625,fault_total
n386gat_n249gat_A,sa0,1,1019/131072,exact,0.004979673998604994,fault_total
n2142gat,sa0,1,26412936187/137438953472,exact,0.027173303999006748,fault_total
n2060gat,sa1,1,210950901/1073741824,exact,0.027012555998226162,fault_total
n2124gat,sa0,1,5/32,exact,0.00021434100199257955,fault_total
n2402gat,sa1,1,145612661/536870912,exact,0.016821504999825265,fault_total
n1025gat,sa1,1,65/256,exact,0.010244794000755064,fault_total
n1134gat,sa0,1,517/2048,exact,0.012140676997660194,fault_total
n1044gat,sa0,1,517/2048,exact,0.011719444999471307,fault_total
n1071gat,sa0,1,517/2048,exact,0.010853999003302306,fault_total
n1034gat,sa1,1,517/2048,exact,0.010726575994340237,fault_total
n2341gat,sa0,1,1/2,exact,0.00010218600073130801,fault_total
n2205gat,sa1,1,1/2,exact,8.188899664673954e-05,fault_total
n2206gat,sa0,1,4621/16384,exact,0.049274332995992154,fault_total
n1315gat,sa0,1,1/8,exact,0.0001594299974385649,fault_total
n2142gat,sa1,1,26412936187/137438953472,exact,0.02705580599285895,fault_total
n2134gat,sa0,1,13265/65536,exact,0.008915542995964643,fault_total
n1225gat,sa0,1,517/2048,exact,0.010400936000223737,fault_total
n1134gat,sa1,1,517/2048,exact,0.010834795000846498,fault_total
n1044gat,sa1,1,517/2048,exact,0.01123338499746751,fault_total
n1071gat,sa1,1,517/2048,exact,0.010786478000227362,fault_total
n2341gat,sa1,1,1/2,exact,9.924000187311321e-05,fault_total
n2493gat_n2567gat_A,sa0,1,1/4,exact,0.006919145002029836,fault_total
n1773gat_n1757gat_A,sa0,1,1/8,exact,0.00016932099970290437,fault_total
n2621gat,sa0,1,1/2,exact,0.0017494130006525666,fault_total
n3017gat,sa0,1,1/256,exact,0.00042167500214418396,fault_total
n2342gat,sa0,1,1169200117759/4398046511104,exact,0.14075708400196163,fault_total
n2206gat,sa1,1,1180351/4194304,exact,0.1707019620007486,fault_total
n2711gat,sa0,1,769/4096,exact,0.007650700994418003,fault_total
n2261gat,sa0,1,72437435/268435456,exact,0.009117613000853453,fault_total
n2134gat,sa1,1,13265/65536,exact,0.008610234996012878,fault_total
n1225gat,sa1,1,517/2048,exact,0.010253824999381322,fault_total
n2541gat,sa0,1,1/2,exact,0.00010009399557020515,fault_total
n1878gat_n1831gat_C,sa0,1,1/8,exact,0.015687019993492868,fault_total
n2621gat,sa1,1,1/2,exact,0.0015726339988759719,fault_total
n2342gat,sa1,1,1143785256959/4398046511104,exact,0.12764933300059056,fault_total
n2711gat,sa1,1,769/4096,exact,0.0007052189976093359,fault_total
n2261gat,sa1,1,206655163/536870912,exact,0.009896032002870925,fault_total
n2406gat,sa0,1,17167173/67108864,exact,0.012849402002757415,fault_total
n1461gat,sa0,1,2002581/67108864,exact,0.014547072998539079,fault_total
n2154gat,sa0,1,1879033849/2199023255552,exact,0.0015669240019633435,fault_total
n1281gat,sa0,1,517/2048,exact,0.010626636998495087,fault_total
n2560gat,sa0,1,1/2,exact,0.00010414200369268656,fault_total
n2632gat,sa0,1,1/2,exact,8.151600195560604e-05,fault_total
n2541gat,sa1,1,1/2,exact,7.496600301237777e-05,fault_total
n2542gat,sa0,1,1103672363001/4398046511104,exact,0.07805182899755891,fault_total
n2406gat,sa1,1,17083973/67108864,exact,0.01410573299654061,fault_total
n1147gat,sa0,1,34105699/134217728,exact,0.01804141799948411,fault_total
n1281gat,sa1,1,517/2048,exact,0.010575107000477146,fault_total
n2560gat,sa1,1,1/2,exact,9.488299838267267e-05,fault_total
n2632gat,sa1,1,1/2,exact,7.644900324521586e-05,fault_total
n1869gat_n1745gat_A,sa0,1,3/8,exact,0.00017201899754581973,fault_total
n2561gat,sa0,1,38267419139518741/144115188075855872,exact,0.19373549499869114,fault_total
n2542gat,sa1,1,1103672363001/4398046511104,exact,0.08596786599810002,fault_total
n2660gat,sa0,1,15/32,exact,0.011687963000440504,fault_total
n2138gat,sa0,1,9623144747/34359738368,exact,0.021086606997414492,fault_total
n2840gat,sa0,1,769/4096,exact,0.007852905997424386,fault_total
n1147gat,sa1,1,34105699/134217728,exact,0.018902216004789807,fault_total
n1067gat,sa0,1,34105699/134217728,exact,0.018778495003061835,fault_total
n2488gat_n2538gat_C,sa0,1,17/16384,exact,0.004865042996243574,fault_total
n559gat_n874gat_A,sa0,1,1/4,exact,0.013650829998368863,fault_total
n2388gat_n2567gat_B,sa0,1,1/4,exact,0.007269323999935295,fault_total
n2337gat,sa0,1,1/2,exact,0.00010304299939889461,fault_total
n1392gat,sa0,1,1/2,exact,8.418599463766441e-05,fault_total
n2561gat,sa1,1,37371488961573141/144115188075855872,exact,0.17741682400082937,fault_total
n2660gat,sa1,1,1/32,exact,0.0020235710035194643,fault_total
n2138gat,sa1,1,1965033/16777216,exact,0.020385802003147546,fault_total
n2625gat,sa0,1,1/2,exact,0.002121511999575887,fault_total
n2265gat,sa0,1,325/32768,exact,0.005225348002568353,fault_total
n2346gat,sa0,1,18151815/67108864,exact,0.015470254998945165,fault_total
n2643gat,sa0,1,195/16384,exact,0.006476727001427207,fault_total
n2840gat,sa1,1,769/4096,exact,0.0008173059977707453,fault_total
n1293gat,sa0,1,34105699/134217728,exact,0.01865415700012818,fault_total
n1067gat,sa1,1,34105699/134217728,exact,0.018668805998458993,fault_total
n2337gat,sa1,1,1/2,exact,0.00010445799853187054,fault_total
n1392gat,sa1,1,1/2,exact,8.984400483313948e-05,fault_total
n2625gat,sa1,1,1/2,exact,0.00159665200044401,fault_total
n1339gat,sa0,1,1995321/134217728,exact,0.057636858997284435,fault_total
n2338gat,sa0,1,1/2,exact,0.00047114699555095285,fault_total
n1393gat,sa0,1,4667896891/34359738368,exact,0.25216624500171747,fault_total
n2346gat,sa1,1,144535453/536870912,exact,0.018677000000025146,fault_total
n2842gat,sa0,1,769/4096,exact,0.008468846004689112,fault_total
n1293gat,sa1,1,34105699/134217728,exact,0.018760889004624914,fault_total
n1869gat_n1586gat_A,sa0,1,1/1024,exact,0.00028463600028771907,fault_total
n2168gat,sa0,1,1063595/8388608,exact,0.0009702669995022006,fault_total
n1196gat,sa0,1,1/4,exact,0.006671002003713511,fault_total
n2338gat,sa1,1,1/2,exact,0.00045094999950379133,fault_total
n2591gat,sa0,1,272775/4194304,exact,0.0018187759997090325,fault_total
n1393gat,sa1,1,4701488305/34359738368,exact,0.23940127300011227,fault_total
n2393gat,sa0,1,329685345/1073741824,exact,0.01909781099675456,fault_total
n2852gat,sa0,1,769/4096,exact,0.007940625000628643,fault_total
n2842gat,sa1,1,769/4096,exact,0.0007911120046628639,fault_total
n1691gat,sa0,1,89/256,exact,0.014083355003094766,fault_total
n1079gat,sa0,1,34105699/134217728,exact,0.017682170000625774,fault_total
n2628gat,sa0,1,1/2,exact,0.00010032600403064862,fault_total
n2493gat,sa0,1,1/2,exact,8.159499702742323e-05,fault_total
n2268gat,sa0,1,1/2,exact,7.883200305514038e-05,fault_total
n1773gat,sa0,1,1/2,exact,7.801399624440819e-05,fault_total
n2718gat,sa0,1,769/4096,exact,0.007275983996805735,fault_total
n2439gat,sa0,1,330093539/1073741824,exact,0.019813694001641124,fault_total
n2393gat,sa1,1,742307549/2147483648,exact,0.02008907200070098,fault_total
n2844gat,sa0,1,769/4096,exact,0.0073493189993314445,fault_total
n2852gat,sa1,1,769/4096,exact,0.000778453002567403,fault_total
n1691gat,sa1,1,89/256,exact,0.019162378994224127,fault_total
n1079gat,sa1,1,34105699/134217728,exact,0.019098343000223394,fault_total
n2638gat,sa0,1,1/2,exact,0.0001073259991244413,fault_total
n2628gat,sa1,1,1/2,exact,8.14320010249503e-05,fault_total
n2493gat,sa1,1,1/2,exact,7.463600195478648e-05,fault_total
n2268gat,sa1,1,1/2,exact,7.384999480564147e-05,fault_total
n1869gat_n1686gat_B,sa0,1,1391649/33554432,exact,0.01936271299928194,fault_total
n1773gat,sa1,1,1/2,exact,9.828899783315137e-05,fault_total
n1693gat,sa0,1,3/8,exact,0.013842393003869802,fault_total
n2629gat,sa0,1,552775698425/2199023255552,exact,0.1349074620011379,fault_total
n2718gat,sa1,1,769/4096,exact,0.0007602219993714243,fault_total
n2836gat,sa0,1,769/4096,exact,0.007661538998945616,fault_total
n2494gat,sa0,1,1/4,exact,0.007647727004950866,fault_total
n2269gat,sa0,1,1/2,exact,0.0005043860001023859,fault_total
n2439gat,sa1,1,866445491/2147483648,exact,0.022176620004756842,fault_total
n2844gat,sa1,1,769/4096,exact,0.0007604939964949153,fault_total
n1774gat,sa0,1,20952163/134217728,exact,0.022235563999856822,fault_total
n1297gat,sa0,1,34105699/134217728,exact,0.019036012003198266,fault_total
n2638gat,sa1,1,1/2,exact,0.00010144900443265215,fault_total
n2629gat,sa1,1,552775698425/2199023255552,exact,0.13818370000080904,fault_total
n1739gat,sa0,1,239885/268435456,exact,0.012790373002644628,fault_total
n2836gat,sa1,1,769/4096,exact,0.0007356789938057773,fault_total
n2269gat,sa1,1,1/2,exact,0.0005376490007620305,fault_total
n2189gat,sa0,1,72437435/268435456,exact,0.007274580995726865,fault_total
n2846gat,sa0,1,769/4096,exact,0.00795239500439493,fault_total
n1774gat,sa1,1,20952163/134217728,exact,0.0008067160015343688,fault_total
n1297gat,sa1,1,34105699/134217728,exact,0.019632129995443393,fault_total
n1595gat,sa0,1,6069/262144,exact,0.00859580900578294,fault_total
n2397gat,sa0,1,1/2,exact,0.0001123569963965565,fault_total
n2388gat,sa0,1,1/2,exact,8.256900036940351e-05,fault_total
n2838gat,sa0,1,769/4096,exact,0.0007053849985823035,fault_total
n2189gat,sa1,1,175763131/536870912,exact,0.006886062998091802,fault_total
n1974gat,sa0,1,6045/524288,exact,0.007233536001876928,fault_total
n2846gat,sa1,1,769/4096,exact,0.0009989660029532388,fault_total
n2784gat,sa0,1,1519/524288,exact,0.04408551500091562,fault_total
n1595gat,sa1,1,6069/131072,exact,0.008404532003623899,fault_total
n2397gat,sa1,1,1/2,exact,9.759100066730753e-05,fault_total
n2388gat,sa1,1,1/2,exact,7.665999874006957e-05,fault_total
n2398gat,sa0,1,9025651/33554432,exact,0.06595754199952353,fault_total
n1849gat,sa0,1,103487777/536870912,exact,0.016476044998853467,fault_total
n2838gat,sa1,1,769/4096,exact,0.0007903540026745759,fault_total
n2389gat,sa0,1,1/2,exact,0.0004837100059376098,fault_total
n2784gat,sa1,1,4557/524288,exact,0.0024334269983228296,fault_total
n2857gat,sa0,1,120369/33554432,exact,0.014473919000010937,fault_total
n2489gat,sa0,1,1/2,exact,0.0017306739973719232,fault_total
n2398gat,sa1,1,17715827/67108864,exact,0.0667202399999951,fault_total
n1849gat,sa1,1,103487777/536870912,exact,0.017756310000550002,fault_total
n2389gat,sa1,1,1/2,exact,0.0005091769999125972,fault_total
n2489gat,sa1,1,1/2,exact,0.0016663869973854162,fault_total
n1699gat,sa0,1,5/32,exact,0.021003902998927515,fault_total
n1879gat,sa0,1,1/8,exact,0.020819377998122945,fault_total
n1699gat,sa1,1,5/32,exact,0.027901474000827875,fault_total
n1898gat,sa0,1,4167907/8388608,exact,0.008106795998173766,fault_total
n1898gat,sa1,1,5461/65536,exact,0.01174995399924228,fault_total
n1677gat_II4216_C,sa0,1,5355/131072,exact,0.009677720998297445,fault_total
n701gat_n1113gat_B,sa0,1,1/32,exact,0.019353426003362983,fault_total
n325gat_n40gat_A,sa0,1,1019/524288,exact,0.0056907079997472465,fault_total
n720gat_n1117gat_A,sa0,1,1/32,exact,0.015170351005508564,fault_total
n1773gat_stem_n1755gat_B,sa0,1,13/128,exact,0.00043000799632864073,fault_total
n701gat_n1318gat_B,sa0,1,5/32,exact,0.019236481995903887,fault_total
n1773gat_stem_n1756gat_C,sa0,1,1/1024,exact,0.0002947850007330999,fault_total
n2337gat_n207gat_A,sa0,1,1/4,exact,0.007896524999523535,fault_total
n1773gat_stem_n1758gat_B,sa0,1,1595295/16777216,exact,0.0009565569998812862,fault_total
n154gat_n37gat_B,sa0,1,1019/131072,exact,0.006050925003364682,fault_total
II3999,sa0,1,105/1024,exact,0.0003697459978866391,fault_total
n392gat_n1318gat_A,sa0,1,5/32,exact,0.020176746002107393,fault_total
n720gat_n1376gat_B,sa0,1,4091/32768,exact,0.02633099399827188,fault_total
n392gat_n1256gat_A,sa0,1,1/8,exact,0.014263131997722667,fault_total
n396gat_n1614gat_A,sa0,1,7/32768,exact,0.010703056999773253,fault_total
n724gat_n1376gat_A,sa0,1,1/8,exact,0.02182507500401698,fault_total
n724gat_n1377gat_A,sa0,1,1/16,exact,0.015795457002241164,fault_total
n401gat,sa0,1,532921/2097152,exact,0.01654196700110333,fault_total
n396gat_n1616gat_B,sa0,1,7/32768,exact,0.0099547639983939,fault_total
n396gat_n1605gat_D,sa0,1,7/16384,exact,0.009789540999918245,fault_total
n1392gat_stem_II4217_A,sa0,1,2499/65536,exact,0.011095196001406293,fault_total
n330gat,sa0,1,1019/2048,exact,0.007972896004503127,fault_total
n401gat,sa1,1,532921/2097152,exact,0.016307215999404434,fault_total
n330gat,sa1,1,1019/2048,exact,0.00810921800439246,fault_total
n151gat,sa0,1,1019/2048,exact,0.007464221998816356,fault_total
n340gat,sa0,1,525/2048,exact,0.010969672002829611,fault_total
n151gat,sa1,1,1019/2048,exact,0.00727842500054976,fault_total
n340gat,sa1,1,525/2048,exact,0.011701937997713685,fault_total
n612gat,sa0,1,1/2,exact,0.00011857999925268814,fault_total
n621gat,sa0,1,259/1024,exact,0.010010392004915047,fault_total
n702gat,sa0,1,2599/8192,exact,0.023564204995636828,fault_total
n270gat,sa0,1,1549/4096,exact,0.012245373996847775,fault_total
n612gat,sa1,1,1/2,exact,0.00010878800094360486,fault_total
n721gat,sa0,1,324493143/1073741824,exact,0.03726542100048391,fault_total
n621gat,sa1,1,259/1024,exact,0.009656498994445428,fault_total
n702gat,sa1,1,2599/8192,exact,0.0292036909959279,fault_total
n613gat,sa0,1,4248769/16777216,exact,0.015758861001813784,fault_total
n270gat,sa1,1,1549/4096,exact,0.01225066799815977,fault_total
n2268gat_n299gat_A,sa0,1,1/4,exact,0.008165412000380456,fault_total
n560gat,sa0,1,1/4,exact,0.01447352900140686,fault_total
n155gat,sa0,1,1019/2048,exact,0.007021569996140897,fault_total
n326gat,sa0,1,259845/524288,exact,0.011182203998032492,fault_total
n721gat,sa1,1,2599/8192,exact,0.026987001998350024,fault_total
n613gat,sa1,1,4248769/16777216,exact,0.016328949997841846,fault_total
n164gat,sa0,1,4287623/16777216,exact,0.020746895999764092,fault_total
n705gat,sa0,1,1/2,exact,0.0001258770062122494,fault_total
n822gat,sa0,1,1/2,exact,0.00011100099800387397,fault_total
n155gat,sa1,1,1019/2048,exact,0.007444077004038263,fault_total
n462gat,sa0,1,255769/524288,exact,0.0059767999991890974,fault_total
n326gat,sa1,1,259845/524288,exact,0.011925482001970522,fault_total
n255gat,sa0,1,259845/524288,exact,0.010022651003964711,fault_total
n147gat,sa0,1,259845/524288,exact,0.0051222749971202575,fault_total
n164gat,sa1,1,4287623/16777216,exact,0.017566460999660194,fault_total
n336gat,sa0,1,2599/8192,exact,0.009571437003614847,fault_total
n282gat,sa0,1,4287623/16777216,exact,0.018427148002956528,fault_total
n930gat,sa0,1,517/2048,exact,0.01101023700175574,fault_total
n705gat,sa1,1,1/2,exact,9.818700345931575e-05,fault_total
n832gat,sa0,1,1/2,exact,8.374400204047561e-05,fault_total
n822gat,sa1,1,1/2,exact,7.66140001360327e-05,fault_total
n255gat,sa1,1,259845/524288,exact,0.009102170006372035,fault_total
n147gat,sa1,1,259845/524288,exact,0.004847227995924186,fault_total
n625gat,sa0,1,259/1024,exact,0.009144170995568857,fault_total
n823gat,sa0,1,8448449/33554432,exact,0.015075823997904081,fault_total
n490gat,sa0,1,259/1024,exact,0.008839210000587627,fault_total
n274gat,sa0,1,4287623/16777216,exact,0.01807231699785916,fault_total
n706gat,sa0,1,4248769/16777216,exact,0.014625850999436807,fault_total
n336gat,sa1,1,2599/8192,exact,0.009941494994563982,fault_total
n282gat,sa1,1,4287623/16777216,exact,0.017994531997828744,fault_total
n841gat,sa0,1,525/2048,exact,0.010699571001168806,fault_total
n930gat,sa1,1,517/2048,exact,0.010875521002162714,fault_total
n396gat_n1499gat_A,sa0,1,7/32768,exact,0.009099279996007681,fault_total
n832gat,sa1,1,1/2,exact,9.773700003279373e-05,fault_total
n365gat,sa0,1,1/4,exact,0.01418282299709972,fault_total
n383gat,sa0,1,259845/524288,exact,0.0005272859998513013,fault_total
n625gat,sa1,1,259/1024,exact,0.009104516997467726,fault_total
n725gat,sa0,1,2671659149715/8796093022208,exact,0.08312415300315479,fault_total
n823gat,sa1,1,8448449/33554432,exact,0.015465921998838894,fault_total
n617gat,sa0,1,259/1024,exact,0.009063440003956202,fault_total
n490gat,sa1,1,259/1024,exact,0.00914274700335227,fault_total
n274gat,sa1,1,4287623/16777216,exact,0.017510324003524147,fault_total
n706gat,sa1,1,4248769/16777216,exact,0.014850065002974588,fault_total
n815gat,sa0,1,8448449/33554432,exact,0.015352138994785491,fault_total
n860gat,sa0,1,34105699/134217728,exact,0.0240069410065189,fault_total
n833gat,sa0,1,4248769/16777216,exact,0.01474238200171385,fault_total
n841gat,sa1,1,525/2048,exact,0.010257528003421612,fault_total
n383gat,sa1,1,259845/524288,exact,0.0005573029993684031,fault_total
n725gat,sa1,1,2599/8192,exact,0.017752568004652858,fault_total
n617gat,sa1,1,259/1024,exact,0.008346501002961304,fault_total
n393gat,sa0,1,8899/32768,exact,0.02227940599550493,fault_total
n815gat,sa1,1,8448449/33554432,exact,0.014850505998765584,fault_total
n159gat,sa0,1,525/2048,exact,0.010226229998806957,fault_total
n860gat,sa1,1,34105699/134217728,exact,0.018398918000457343,fault_total
n833gat,sa1,1,4248769/16777216,exact,0.014238832001865376,fault_total
n672gat,sa0,1,145133931/2147483648,exact,0.22322916100529255,fault_total
n682gat,sa0,1,1/2,exact,0.00012511699605965987,fault_total
n393gat,sa1,1,8899/32768,exact,0.02304192700103158,fault_total
n583gat,sa0,1,8448449/33554432,exact,0.01598071899934439,fault_total
n159gat,sa1,1,525/2048,exact,0.01089721400057897,fault_total
n672gat,sa1,1,145133931/2147483648,exact,0.00265914299961878,fault_total
n836gat,sa0,1,1/2,exact,0.000108248001197353,fault_total
n818gat,sa0,1,1/2,exact,8.409200381720439e-05,fault_total
n881gat,sa0,1,1/2,exact,7.921000360511243e-05,fault_total
n682gat,sa1,1,1/2,exact,0.0005190700030652806,fault_total
n845gat,sa0,1,532921/2097152,exact,0.014978453000367153,fault_total
n683gat,sa0,1,8448449/33554432,exact,0.016204392995859962,fault_total
n583gat,sa1,1,8448449/33554432,exact,0.016360712004825473,fault_total
n278gat,sa0,1,4287623/16777216,exact,0.01947275899874512,fault_total
n836gat,sa1,1,1/2,exact,0.0001174649951281026,fault_total
n828gat,sa0,1,1/2,exact,9.142799535766244e-05,fault_total
n818gat,sa1,1,1/2,exact,7.801099854987115e-05,fault_total
n881gat,sa1,1,1/2,exact,7.402600022032857e-05,fault_total
n666gat,sa0,1,1/4,exact,0.007167859002947807,fault_total
n387gat,sa0,1,1019/2048,exact,0.007494701996620279,fault_total
n882gat,sa0,1,8448449/33554432,exact,0.016223509999690577,fault_total
n918gat,sa0,1,532921/2097152,exact,0.014967429000535049,fault_total
n845gat,sa1,1,532921/2097152,exact,0.014371718993061222,fault_total
n683gat,sa1,1,8448449/33554432,exact,0.015120957003091462,fault_total
n864gat,sa0,1,34105699/134217728,exact,0.017801795002014842,fault_total
n837gat,sa0,1,4248769/16777216,exact,0.015792158999829553,fault_total
n278gat,sa1,1,4287623/16777216,exact,0.023535755004559178,fault_total
n819gat,sa0,1,515/2048,exact,0.010460929996042978,fault_total
n828gat,sa1,1,1/2,exact,0.00010169799497816712,fault_total
n387gat,sa1,1,1019/2048,exact,0.007059486000798643,fault_total
n469gat,sa0,1,255769/524288,exact,0.00489556400134461,fault_total
n882gat,sa1,1,8448449/33554432,exact,0.015563591005047783,fault_total
n918gat,sa1,1,532921/2097152,exact,0.014389527997991536,fault_total
n397gat,sa0,1,65/256,exact,0.009002768005302642,fault_total
n864gat,sa1,1,34105699/134217728,exact,0.01846251199458493,fault_total
n837gat,sa1,1,4248769/16777216,exact,0.014631673999247141,fault_total
n819gat,sa1,1,515/2048,exact,0.010445266001624987,fault_total
n829gat,sa0,1,259/1024,exact,0.010152234994166065,fault_total
n397gat,sa1,1,65/256,exact,0.009483000001637265,fault_total
n956gat,sa0,1,34105699/134217728,exact,0.01861114500206895,fault_total
n829gat,sa1,1,259/1024,exact,0.009895141003653407,fault_total
n956gat,sa1,1,34105699/134217728,exact,0.01942412499920465,fault_total
n579gat,sa0,1,8448449/33554432,exact,0.015997590002370998,fault_total
n697gat,sa0,1,1/2,exact,0.00011040900426451117,fault_total
n579gat,sa1,1,8448449/33554432,exact,0.01501401200221153,fault_total
n679gat,sa0,1,8448449/33554432,exact,0.015431645995704457,fault_total
n697gat,sa1,1,1/2,exact,0.00010040000051958486,fault_total
n698gat,sa0,1,8448449/33554432,exact,0.014666440001747105,fault_total
n679gat,sa1,1,8448449/33554432,exact,0.015080944998771884,fault_total
n698gat,sa1,1,8448449/33554432,exact,0.014369875003467314,fault_total
n2401gat_n2210gat_A,sa0,1,4421/65536,exact,0.0063118139951257035,fault_total
n2401gat_n2150gat_A,sa0,1,4421/131072,exact,0.006318169005680829,fault_total
n2401gat_n2331gat_B,sa0,1,325/65536,exact,0.005298042000504211,fault_total
n1310gat_n2163gat_B,sa0,1,1063595/8388608,exact,0.0009546060027787462,fault_total
n2405gat_n2350gat_A,sa0,1,4421/262144,exact,0.005383467003412079,fault_total
n1224gat_n1327gat_B,sa0,1,1/4,exact,0.0012648080009967089,fault_total
n254gat_n242gat_A,sa0,1,1019/262144,exact,0.004816097003640607,fault_total
n1507gat_n1531gat_A,sa0,1,2668833/33554432,exact,0.0257610919943545,fault_total
n1310gat_n1593gat_B,sa0,1,1/64,exact,0.00021068999922135845,fault_total
n364gat_n132gat_B,sa0,1,1/4,exact,0.013788930002192501,fault_total
n2345gat_n2213gat_C,sa0,1,4421/131072,exact,0.006377080004313029,fault_total
n154gat_n137gat_A,sa0,1,1019/65536,exact,0.0005410410012700595,fault_total
n325gat_n145gat_B,sa0,1,1019/262144,exact,0.00045387200225377455,fault_total
n154gat_n136gat_B,sa0,1,3057/262144,exact,0.0057003519978025,fault_total
n1280gat_n1383gat_A,sa0,1,1/4,exact,0.009376907000842039,fault_total
n1507gat_n1408gat_A,sa0,1,687393/8388608,exact,0.07288022400462069,fault_total
n2260gat_n2258gat_A,sa0,1,0,exact,0.004598399995302316,fault_total
n325gat_n246gat_B,sa0,1,1019/262144,exact,0.005579397999099456,fault_total
n2624gat_n2534gat_A,sa0,1,1879033849/2199023255552,exact,0.03907527300179936,fault_total
n2620gat_n2538gat_A,sa0,1,17/16384,exact,0.005087657998956274,fault_total
n2438gat_n2053gat_B,sa0,1,0,exact,0.0003247420027037151,fault_total
n254gat_n238gat_B,sa0,1,1019/524288,exact,0.005320042997482233,fault_total
n2660gat_n2662gat_A,sa0,1,15/32,exact,0.00046233700413722545,fault_total
n1774gat_n2008gat_B,sa0,1,0,exact,0.0005512280040420592,fault_total
n387gat_n250gat_B,sa0,1,1019/131072,exact,0.005562581995036453,fault_total
n1393gat_n1408gat_C,sa0,1,687393/8388608,exact,0.0783646130003035,fault_total
n387gat_n251gat_B,sa0,1,31589/65536,exact,0.005427516996860504,fault_total
n625gat_n905gat_A,sa0,1,3/512,exact,0.007465561997378245,fault_total
n702gat_n890gat_B,sa0,1,13/1024,exact,0.008033988997340202,fault_total
n490gat_n904gat_B,sa0,1,3/512,exact,0.006885623995913193,fault_total
n1021gat,sa0,1,1/4,exact,0.007185273003415205,fault_total
n2660gat_n2663gat_B,sa0,1,10925115/134217728,exact,0.01829137199820252,fault_total
n2393gat_n2193gat_A,sa0,1,89331/524288,exact,0.009386341000208631,fault_total
n2346gat_n2149gat_B,sa0,1,13263/65536,exact,0.006325803995423485,fault_total
n1067gat_n1089gat_A,sa0,1,5/1024,exact,0.007971393999469,fault_total
n1021gat,sa1,1,1/4,exact,0.0070574389974353835,fault_total
n2189gat_n2129gat_A,sa0,1,1/32768,exact,0.0005029620006098412,fault_total
n2439gat_n2193gat_B,sa0,1,89201/524288,exact,0.009044626996910665,fault_total
n2625gat_n2538gat_B,sa0,1,17/16384,exact,0.0003848510023090057,fault_total
n1060gat,sa0,1,1/4,exact,0.007132138001907151,fault_total
n1150gat,sa0,1,7346519/1073741824,exact,0.022249294001085218,fault_total
n1293gat_n1099gat_B,sa0,1,5/1024,exact,0.008246728997619357,fault_total
n841gat_n990gat_A,sa0,1,13/1024,exact,0.009041254001203924,fault_total
n1060gat,sa1,1,1/4,exact,0.0073294589965371415,fault_total
n1150gat,sa1,1,7346519/1073741824,exact,0.021106790998601355,fault_total
n387gat_n247gat_B,sa0,1,1019/131072,exact,0.00861671200254932,fault_total
n397gat_n903gat_B,sa0,1,1/128,exact,0.007327371000428684,fault_total
n340gat_n988gat_A,sa0,1,13/1024,exact,0.007889334003266413,fault_total
n2784gat_n73gat_B,sa0,1,1/2048,exact,0.009539778002363164,fault_total
n2214gat,sa0,1,7078045689/1099511627776,exact,0.7381144559985842,fault_total
n2016gat,sa0,1,8787169612559/35184372088832,exact,0.024300887002027594,fault_total
n2189gat_n2185gat_B,sa0,1,4421/32768,exact,0.005948881000222173,fault_total
n2214gat,sa1,1,8450000889/1099511627776,exact,0.55293083700235,fault_total
n2016gat,sa1,1,26355561106251/35184372088832,exact,0.037154947996896226,fault_total
n2489gat_n2534gat_B,sa0,1,1879033849/2199023255552,exact,0.001827717998821754,fault_total
n2189gat_n2258gat_B,sa0,1,4421/32768,exact,0.006415283998649102,fault_total
n815gat_n992gat_A,sa0,1,3/1024,exact,0.008899715001462027,fault_total
n2351gat,sa0,1,1167113/268435456,exact,0.012315949999901932,fault_total
n2252gat,sa0,1,325/16384,exact,0.005479485997057054,fault_total
n1631gat,sa0,1,62631085/134217728,exact,0.011720892995072063,fault_total
n2333gat,sa0,1,975/32768,exact,0.006418220000341535,fault_total
n2720gat,sa0,1,32767/8388608,exact,0.04617386800237,fault_total
n2439gat_n1964gat_B,sa0,1,4421/32768,exact,0.00679685400245944,fault_total
n1595gat_n1459gat_A,sa0,1,357/131072,exact,0.009789908006496262,fault_total
n2351gat,sa1,1,1167113/268435456,exact,0.013197048996516969,fault_total
n1236gat,sa0,1,1/4,exact,0.007781255000736564,fault_total
n2720gat,sa1,1,32767/8388608,exact,0.002216001994383987,fault_total
n2784gat_n78gat_A,sa0,1,511/524288,exact,0.0180565580012626,fault_total
n1774gat_n1686gat_A,sa0,1,79455/2097152,exact,0.011857429999508895,fault_total
n721gat_n989gat_A,sa0,1,13/1024,exact,0.009041044002515264,fault_total
n823gat_n995gat_A,sa0,1,3/1024,exact,0.00881220099836355,fault_total
n2784gat_n77gat_B,sa0,1,1/2048,exact,0.010346184993977658,fault_total
n1831gat,sa0,1,1/8,exact,0.0025603670001146384,fault_total
n1237gat,sa0,1,1/4,exact,0.008150743000442162,fault_total
n1236gat,sa1,1,1/4,exact,0.007779397004924249,fault_total
n2731gat,sa0,1,6377409/33554432,exact,0.011074219000875019,fault_total
n1633gat,sa0,1,50796833/536870912,exact,0.015177035995293409,fault_total
n1084gat,sa0,1,7346519/1073741824,exact,0.016457238998555113,fault_total
n1691gat_n1599gat_A,sa0,1,1/8,exact,0.00029431699658744037,fault_total
n1831gat,sa1,1,7/8,exact,0.0019038690006709658,fault_total
n2723gat,sa0,1,657450145147445613/2305843009213693952,exact,1.0856480859947624,fault_total
n1237gat,sa1,1,1/4,exact,0.00790288699499797,fault_total
n1238gat,sa0,1,1/4,exact,0.007268228997418191,fault_total
n1058gat,sa0,1,1/4,exact,0.007306078994588461,fault_total
n2831gat,sa0,1,1/256,exact,0.0002632730029290542,fault_total
n2354gat,sa0,1,1050260437184789/72057594037927936,exact,0.38869433299987577,fault_total
n2731gat,sa1,1,6377409/33554432,exact,0.0010578939982224256,fault_total
n1633gat,sa1,1,50796833/536870912,exact,0.014815065995207988,fault_total
n1085gat,sa0,1,7346519/1073741824,exact,0.022971803999098483,fault_total
n1084gat,sa1,1,7346519/1073741824,exact,0.015516874002059922,fault_total
n823gat_n996gat_B,sa0,1,21/32768,exact,0.011443830000644084,fault_total
n2355gat,sa0,1,1091182952722709/72057594037927936,exact,0.3351249330007704,fault_total
n2283gat,sa0,1,223919/67108864,exact,0.015499804998398758,fault_total
n2715gat,sa0,1,313264220657083/1125899906842624,exact,0.8494279919977998,fault_total
n2723gat,sa1,1,657450145147445613/2305843009213693952,exact,1.4048335490006139,fault_total
n1238gat,sa1,1,1/4,exact,0.007532839001214597,fault_total
n1059gat,sa0,1,1/4,exact,0.007131680999009404,fault_total
n1058gat,sa1,1,1/4,exact,0.007144215996959247,fault_total
n2354gat,sa1,1,1821421815181589/72057594037927936,exact,0.3307662890001666,fault_total
n1085gat,sa1,1,7346519/1073741824,exact,0.021468515005835798,fault_total
n2850gat,sa0,1,420526646979/1099511627776,exact,0.06163846499839565,fault_total
n683gat_n886gat_A,sa0,1,3/1024,exact,0.0078022900052019395,fault_total
n2784gat_n89gat_B,sa0,1,31/32768,exact,0.01628621599957114,fault_total
n2356gat,sa0,1,29579278335/2199023255552,exact,0.24927922800270608,fault_total
n2355gat,sa1,1,1916460918649109/72057594037927936,exact,0.32556243400176754,fault_total
n2283gat,sa1,1,223919/67108864,exact,0.014771207002922893,fault_total
n2715gat,sa1,1,313264216076661/1125899906842624,exact,0.8491559579997556,fault_total
n1059gat,sa1,1,1/4,exact,0.007836220000172034,fault_total
n2734gat,sa0,1,6377409/33554432,exact,0.010772393994557206,fault_total
n2850gat,sa1,1,420526646979/1099511627776,exact,0.0021606000009342097,fault_total
n725gat_n998gat_A,sa0,1,13/1024,exact,0.008452109002973884,fault_total
n159gat_n987gat_B,sa0,1,13/1024,exact,0.0078645260000485,fault_total
n2429gat,sa0,1,1879033849/2199023255552,exact,0.03840962299727835,fault_total
n2285gat,sa0,1,122325/8388608,exact,0.10206252700299956,fault_total
n2356gat,sa1,1,59306407935/2199023255552,exact,0.19913975200324785,fault_total
n1754gat,sa0,1,1/4,exact,0.0001733899989631027,fault_total
n2726gat,sa0,1,40739316441274915/144115188075855872,exact,0.6611042040021857,fault_total
n2672gat,sa0,1,6377409/33554432,exact,0.011789275005867239,fault_total
n2734gat,sa1,1,6377409/33554432,exact,0.0009520479943603277,fault_total
n683gat_n887gat_B,sa0,1,21/32768,exact,0.014595298001950141,fault_total
n882gat_n994gat_B,sa0,1,3/1024,exact,0.00827513900003396,fault_total
n393gat_n997gat_B,sa0,1,13/1024,exact,0.008019092994800303,fault_total
n2285gat,sa1,1,6825/262144,exact,0.04972022400033893,fault_total
n2726gat,sa1,1,40739316441274915/144115188075855872,exact,0.4932996980060125,fault_total
n1692gat,sa0,1,1/8,exact,0.018191295996075496,fault_total
n1845gat,sa0,1,133612093/268435456,exact,0.012273154003196396,fault_total
n2781gat,sa0,1,6340545/33554432,exact,0.010664926005119924,fault_total
n2672gat,sa1,1,6377409/33554432,exact,0.0010515840040170588,fault_total
n1755gat,sa0,1,13/128,exact,0.0003584809965104796,fault_total
n2862gat,sa0,1,19197/65536,exact,0.03828506999707315,fault_total
n2389gat_n2499gat_A,sa0,1,1/4,exact,0.007632553999428637,fault_total
n579gat_n885gat_A,sa0,1,3/1024,exact,0.0077554809977300465,fault_total
n679gat_n991gat_B,sa0,1,3/1024,exact,0.007905714999651536,fault_total
n1783gat,sa0,1,318441/16777216,exact,0.015517886997258756,fault_total
n1918gat,sa0,1,10675459/2147483648,exact,0.015042685001390055,fault_total
n1845gat,sa1,1,133613393/268435456,exact,0.009637397997721564,fault_total
n1891gat,sa0,1,13855993/33554432,exact,0.012789812004484702,fault_total
n1963gat,sa0,1,503772703/1073741824,exact,0.01822299799823668,fault_total
n2781gat,sa1,1,6340545/33554432,exact,0.0009306720021413639,fault_total
n2854gat,sa0,1,19197/65536,exact,0.03179383699898608,fault_total
n2862gat,sa1,1,19197/65536,exact,0.035772840994468424,fault_total
n2729gat,sa0,1,1/4,exact,0.00019772100495174527,fault_total
n1918gat,sa1,1,1434701/268435456,exact,0.014689447001728695,fault_total
n2765gat,sa0,1,1391649/33554432,exact,0.0007897789982962422,fault_total
n2567gat,sa0,1,1/4,exact,0.007070324005326256,fault_total
n1891gat,sa1,1,55439637/134217728,exact,0.018161628999223467,fault_total
n1963gat,sa1,1,8354669/16777216,exact,0.007905941994977184,fault_total
n2792gat,sa0,1,6340545/33554432,exact,0.01003774200216867,fault_total
n2854gat,sa1,1,19197/65536,exact,0.032738406000135,fault_total
n1757gat,sa0,1,1/8,exact,0.00019227800657972693,fault_total
n2667gat,sa0,1,278830968325585643/576460752303423488,exact,1.8694426989968633,fault_total
n1884gat,sa0,1,80123457/536870912,exact,0.02144941499864217,fault_total
n1785gat,sa0,1,67049761/536870912,exact,0.015012930001830682,fault_total
n2775gat,sa0,1,6377409/33554432,exact,0.010381873005826492,fault_total
n2792gat,sa1,1,6340545/33554432,exact,0.0008614180042059161,fault_total
n1758gat,sa0,1,1595295/16777216,exact,0.0008606590054114349,fault_total
n698gat_n993gat_B,sa0,1,3/1024,exact,0.007904305995907634,fault_total
n2667gat,sa1,1,278830968325585643/576460752303423488,exact,0.007811404997482896,fault_total
n2767gat,sa0,1,69703401861946627/144115188075855872,exact,0.9423875529973884,fault_total
n1884gat,sa1,1,80123457/536870912,exact,0.02011624500300968,fault_total
n1785gat,sa1,1,67049761/536870912,exact,0.01542251999489963,fault_total
n2775gat,sa1,1,6377409/33554432,exact,0.0010190929970121942,fault_total
n2767gat,sa1,1,69703401861946627/144115188075855872,exact,0.007964942000398878,fault_total
n1787gat,sa0,1,13/256,exact,0.010603758004435804,fault_total
n2867gat,sa0,1,1/4,exact,0.007746231000055559,fault_total
n1886gat,sa0,1,125993177/268435456,exact,0.013857254998583812,fault_total
n2669gat,sa0,1,6340545/33554432,exact,0.01024647599842865,fault_total
n1787gat,sa1,1,13/256,exact,0.009306924002885353,fault_total
n1886gat,sa1,1,536553173/1073741824,exact,0.009465536997595336,fault_total
n2778gat,sa0,1,6377409/33554432,exact,0.010411940005724318,fault_total
n2669gat,sa1,1,6340545/33554432,exact,0.0008394370015594177,fault_total
n2859gat,sa0,1,1/4,exact,0.027001607006241102,fault_total
n2778gat,sa1,1,6377409/33554432,exact,0.0010027190000982955,fault_total
n2859gat,sa1,1,1/4,exact,0.03101756800606381,fault_total
n1988gat,sa0,1,310331163/34359738368,exact,0.01536514499457553,fault_total
n2789gat,sa0,1,6340545/33554432,exact,0.010245059995213524,fault_total
n1595gat_II4216_B,sa0,1,5355/262144,exact,0.008689278998645023,fault_total
n1989gat,sa0,1,167/32768,exact,0.008591775003878865,fault_total
n1988gat,sa1,1,2445065/268435456,exact,0.013848720001988113,fault_total
n2789gat,sa1,1,6340545/33554432,exact,0.000995598005829379,fault_total
n1989gat,sa1,1,167/32768,exact,0.00823430599848507,fault_total
n401gat_n1323gat_B,sa0,1,1/128,exact,0.007719232002273202,fault_total
n721gat_n1114gat_B,sa0,1,33293/1048576,exact,0.017070818998035975,fault_total
n725gat_n1114gat_A,sa0,1,298402273/8589934592,exact,0.05472639900108334,fault_total
n393gat_n1113gat_A,sa0,1,1/32,exact,0.017812760001106653,fault_total
n151gat_n37gat_A,sa0,1,1019/4096,exact,0.005007234001823235,fault_total
n164gat_n1324gat_A,sa0,1,1/128,exact,0.006908208000822924,fault_total
n151gat_n38gat_A,sa0,1,31589/65536,exact,0.005026607999752741,fault_total
n164gat_n1325gat_B,sa0,1,441/131072,exact,0.01615431699610781,fault_total
n815gat_n1250gat_B,sa0,1,21/32768,exact,0.014681501001177821,fault_total
n383gat_n40gat_B,sa0,1,1019/4096,exact,0.004910996001854073,fault_total
n918gat_n1012gat_B,sa0,1,1/128,exact,0.007095704000676051,fault_total
n621gat_n1175gat_A,sa0,1,3/512,exact,0.006733769994752947,fault_total
n930gat_n1253gat_A,sa0,1,5/1024,exact,0.0071487470049760304,fault_total
n702gat_n1256gat_B,sa0,1,1/8,exact,0.01710510299744783,fault_total
n278gat_n1320gat_B,sa0,1,441/131072,exact,0.015631194997695275,fault_total
n833gat_n1261gat_A,sa0,1,3/512,exact,0.007674874999793246,fault_total
n725gat_n1117gat_B,sa0,1,1/16,exact,0.014324060000944883,fault_total
n2842gat_n440gat_B,sa0,1,3/16,exact,0.004927590998704545,fault_total
n282gat_n1372gat_A,sa0,1,441/131072,exact,0.014846020996628795,fault_total
n956gat_n1103gat_A,sa0,1,441/131072,exact,0.016038162997574545,fault_total
n583gat_n1161gat_A,sa0,1,21/32768,exact,0.014227050996851176,fault_total
n672gat_n1413gat_B,sa0,1,272775/4194304,exact,0.0016908940015127882,fault_total
n860gat_n1090gat_B,sa0,1,5/1024,exact,0.007615585003804881,fault_total
n282gat_n1326gat_B,sa0,1,1/128,exact,0.007009691995335743,fault_total
n706gat_n1443gat_B,sa0,1,21/32768,exact,0.014604042997234501,fault_total
n837gat_n1321gat_B,sa0,1,21/32768,exact,0.011572575000172947,fault_total
n613gat_n1267gat_A,sa0,1,3/512,exact,0.006818821995693725,fault_total
n270gat_n1097gat_A,sa0,1,13/1024,exact,0.008462639998469967,fault_total
n860gat_n1245gat_B,sa0,1,441/131072,exact,0.01440487500076415,fault_total
n278gat_n1260gat_B,sa0,1,1/128,exact,0.007000315003097057,fault_total
n1816gat_stem,sa0,1,3/4,exact,0.0006398930054274388,fault_total
n2844gat_n442gat_A,sa0,1,3/16,exact,0.000174141998286359,fault_total
n833gat_n1373gat_A,sa0,1,21/32768,exact,0.011576190001505893,fault_total
n617gat_n1264gat_B,sa0,1,3/512,exact,0.0069492940019699745,fault_total
n1816gat_stem,sa1,1,1/4,exact,0.0006904729962116107,fault_total
n401gat_n1499gat_B,sa0,1,7/16384,exact,0.01012945499678608,fault_total
n721gat_n1377gat_B,sa0,1,2043/32768,exact,0.017386537001584657,fault_total
n2711gat_n962gat_B,sa0,1,3/16,exact,0.00018888600607169792,fault_total
n2269gat_n207gat_B,sa0,1,1/4,exact,0.0075456499980646186,fault_total
n613gat_n1368gat_B,sa0,1,21/32768,exact,0.014230871995096095,fault_total
n274gat_n1258gat_A,sa0,1,441/131072,exact,0.015895406002528034,fault_total
n882gat_n1163gat_A,sa0,1,21/32768,exact,0.011390740997740068,fault_total
n274gat_n1257gat_B,sa0,1,1/128,exact,0.006754207999620121,fault_total
n837gat_n1262gat_A,sa0,1,3/512,exact,0.006866275005450007,fault_total
n845gat_n1614gat_B,sa0,1,7/16384,exact,0.009856625001702923,fault_total
n2846gat_n441gat_B,sa0,1,3/16,exact,0.00025306500174338,fault_total
n2846gat_n450gat_B,sa0,1,12267/65536,exact,0.006002734000503551,fault_total
n383gat_n39gat_A,sa0,1,129413/262144,exact,0.0053147450016695075,fault_total
n845gat_n1174gat_A,sa0,1,1/128,exact,0.007363669996266253,fault_total
n706gat_n1375gat_B,sa0,1,3/512,exact,0.006875621998915449,fault_total
n336gat_n1098gat_A,sa0,1,13/1024,exact,0.0011608839995460585,fault_total
n2840gat_n790gat_B,sa0,1,3/16,exact,0.00019034300203202292,fault_total
n2711gat_n964gat_B,sa0,1,1/1024,exact,0.004728528001578525,fault_total
n2711gat_n965gat_A,sa0,1,12267/65536,exact,0.0004980410012649372,fault_total
n864gat_n1246gat_A,sa0,1,441/131072,exact,0.022021400000085123,fault_total
n583gat_n1094gat_B,sa0,1,3/1024,exact,0.008152385998982936,fault_total
n918gat_n1616gat_A,sa0,1,7/16384,exact,0.010185326995269861,fault_total
n2718gat_n653gat_A,sa0,1,1/1024,exact,0.0003769890026887879,fault_total
n2840gat_n791gat_B,sa0,1,12267/65536,exact,0.0005041920012445189,fault_total
n2840gat_n971gat_B,sa0,1,1/1024,exact,0.005397779001214076,fault_total
n864gat_n1093gat_B,sa0,1,5/1024,exact,0.008062639994022902,fault_total
n956gat_n1091gat_B,sa0,1,5/1024,exact,0.007762665998598095,fault_total
n698gat_n1162gat_A,sa0,1,21/32768,exact,0.01453715399838984,fault_total
n2842gat_n772gat_B,sa0,1,1/1024,exact,0.005209994000324514,fault_total
n501gat,sa0,1,1/4,exact,0.007244189000630286,fault_total
n132gat,sa0,1,1/4,exact,0.013820986001519486,fault_total
n2836gat_n447gat_A,sa0,1,1/1024,exact,0.0003537419979693368,fault_total
n2844gat_n654gat_B,sa0,1,12267/65536,exact,0.0005946980018052272,fault_total
n2842gat_n774gat_A,sa0,1,12267/65536,exact,0.0004814509957213886,fault_total
n819gat_n1096gat_A,sa0,1,3/1024,exact,0.008731019996048417,fault_total
n829gat_n1176gat_A,sa0,1,3/512,exact,0.008018271000764798,fault_total
n502gat,sa0,1,1/4,exact,0.007184883004811127,fault_total
n501gat,sa1,1,1/4,exact,0.007088649996148888,fault_total
n2718gat_n655gat_B,sa0,1,3/16,exact,0.00019386100029805675,fault_total
n2852gat_n792gat_A,sa0,1,3/16,exact,0.00020305399812059477,fault_total
n579gat_n1291gat_B,sa0,1,21/32768,exact,0.011290909998933785,fault_total
n502gat,sa1,1,1/4,exact,0.007174392994784284,fault_total
n2836gat_n439gat_B,sa0,1,3/16,exact,0.00019898100435966626,fault_total
n2838gat_n771gat_A,sa0,1,1/1024,exact,0.000319072998536285,fault_total
n2852gat_n793gat_A,sa0,1,12267/65536,exact,0.0005255219948594458,fault_total
n2718gat_n656gat_B,sa0,1,12267/65536,exact,0.0005097320026834495,fault_total
n2836gat_n449gat_A,sa0,1,12267/65536,exact,0.0006613810037379153,fault_total
n351gat,sa0,1,1/4,exact,0.007343102006416302,fault_total
n2338gat_n299gat_B,sa0,1,1/4,exact,0.007602101999509614,fault_total
n2846gat_n448gat_B,sa0,1,1/1024,exact,0.00520080699789105,fault_total
n336gat_n1599gat_B,sa0,1,1/8,exact,0.00024093200045172125,fault_total
n351gat,sa1,1,1/4,exact,0.007606564999150578,fault_total
n811gat,sa0,1,1/4,exact,0.007176561004598625,fault_total
n679gat_n1249gat_A,sa0,1,21/32768,exact,0.011826956004370004,fault_total
n2844gat_n974gat_A,sa0,1,1/1024,exact,0.005242848994384985,fault_total
n353gat,sa0,1,1/4,exact,0.007307879997824784,fault_total
n812gat,sa0,1,1/4,exact,0.007000148005317897,fault_total
n811gat,sa1,1,1/4,exact,0.007118086999980733,fault_total
n2838gat_n773gat_B,sa0,1,12267/65536,exact,0.0005165359980310313,fault_total
n2852gat_n975gat_B,sa0,1,1/1024,exact,0.005663377000018954,fault_total
n353gat,sa1,1,1/4,exact,0.0075447719937074,fault_total
n812gat,sa1,1,1/4,exact,0.0071141039952635765,fault_total
n813gat,sa0,1,1/4,exact,0.007163883994508069,fault_total
n2838gat_n963gat_B,sa0,1,3/16,exact,0.0001933149978867732,fault_total
n175gat,sa0,1,1/4,exact,0.007099727998138405,fault_total
n813gat,sa1,1,1/4,exact,0.007171185003244318,fault_total
n266gat,sa0,1,1/4,exact,0.007079404000251088,fault_total
n176gat,sa0,1,1/4,exact,0.0070052320006652735,fault_total
n175gat,sa1,1,1/4,exact,0.007099677997757681,fault_total
n914gat,sa0,1,1/4,exact,0.0069465209962800145,fault_total
n267gat,sa0,1,1/4,exact,0.007182788001955487,fault_total
n266gat,sa1,1,1/4,exact,0.007465349000995047,fault_total
n176gat,sa1,1,1/4,exact,0.007667133999348152,fault_total
n177gat,sa0,1,1/4,exact,0.007265029002155643,fault_total
n915gat,sa0,1,1/4,exact,0.0072254640035680495,fault_total
n914gat,sa1,1,1/4,exact,0.006932804004463833,fault_total
n1079gat_n889gat_B,sa0,1,5/1024,exact,0.007726112999080215,fault_total
n267gat,sa1,1,1/4,exact,0.007051700995361898,fault_total
n268gat,sa0,1,1/4,exact,0.006819305999670178,fault_total
n177gat,sa1,1,1/4,exact,0.006961166000110097,fault_total
n915gat,sa1,1,1/4,exact,0.006959954000194557,fault_total
n916gat,sa0,1,1/4,exact,0.00689711699669715,fault_total
n952gat,sa0,1,1/4,exact,0.006955115000891965,fault_total
n268gat,sa1,1,1/4,exact,0.00701161000324646,fault_total
n485gat,sa0,1,1/4,exact,0.007208317001641262,fault_total
n916gat,sa1,1,1/4,exact,0.007318329997360706,fault_total
n953gat,sa0,1,1/4,exact,0.007553117000497878,fault_total
n952gat,sa1,1,1/4,exact,0.007549253998149652,fault_total
n737gat,sa0,1,1/4,exact,0.007199868006864563,fault_total
n566gat,sa0,1,7346519/1073741824,exact,0.01917952100484399,fault_total
n485gat,sa1,1,1/4,exact,0.006979960999160539,fault_total
n953gat,sa1,1,1/4,exact,0.0073501959996065125,fault_total
n954gat,sa0,1,1/4,exact,0.007132109996746294,fault_total
n737gat,sa1,1,1/4,exact,0.006959048994758632,fault_total
n738gat,sa0,1,1/4,exact,0.007316045004699845,fault_total
n566gat,sa1,1,7346519/1073741824,exact,0.019704246005858295,fault_total
n873gat,sa0,1,7346519/1073741824,exact,0.015491728001507,fault_total
n954gat,sa1,1,1/4,exact,0.007198634004453197,fault_total
n738gat,sa1,1,1/4,exact,0.006922875996679068,fault_total
n874gat,sa0,1,1/4,exact,0.012775169001542963,fault_total
n873gat,sa1,1,7346519/1073741824,exact,0.015440600996953435,fault_total
n875gat,sa0,1,7346519/1073741824,exact,0.015281944004527759,fault_total
n983gat,sa0,1,7346519/1073741824,exact,0.01539750899974024,fault_total
n696gat,sa0,1,1/4,exact,0.007498220998968463,fault_total
n875gat,sa1,1,7346519/1073741824,exact,0.01643506200343836,fault_total
n983gat,sa1,1,7346519/1073741824,exact,0.015417376002005767,fault_total
n696gat,sa1,1,1/4,exact,0.007527449997724034,fault_total
n985gat,sa0,1,7346519/1073741824,exact,0.01494082100543892,fault_total
n985gat,sa1,1,7346519/1073741824,exact,0.020789342001080513,fault_total
n1120gat_n1200gat_A,sa0,1,5/1024,exact,0.007956036002724431,fault_total
n270gat_n1606gat_stem_B,sa0,1,1/4,exact,0.00534091200097464,fault_total
n2402gat_n2211gat_B,sa0,1,52727/262144,exact,0.00842547800129978,fault_total
n1034gat_n1212gat_B,sa0,1,5/1024,exact,0.007628314997418784,fault_total
n151gat_n140gat_A,sa0,1,1019/131072,exact,0.00833086299826391,fault_total
n2134gat_n2130gat_A,sa0,1,13263/65536,exact,0.006235207998543046,fault_total
n2402gat_n2213gat_A,sa0,1,4421/131072,exact,0.007282418999238871,fault_total
n1293gat_n1101gat_B,sa0,1,441/131072,exact,0.015911176000372507,fault_total
n1071gat_n1251gat_B,sa0,1,5/1024,exact,0.007677130000956822,fault_total
n2402gat_n2215gat_C,sa0,1,4421/131072,exact,0.00786281299951952,fault_total
n155gat_n141gat_A,sa0,1,1019/131072,exact,0.005659351998474449,fault_total
n1297gat_n1100gat_A,sa0,1,5/1024,exact,0.008894154001609422,fault_total
n1025gat_n1173gat_B,sa0,1,1/128,exact,0.008715146002941765,fault_total
n1134gat_n1244gat_B,sa0,1,5/1024,exact,0.007660973999009002,fault_total
n155gat_n140gat_C,sa0,1,1019/131072,exact,0.0006549539975821972,fault_total
n1147gat_n1305gat_A,sa0,1,441/131072,exact,0.01678855199861573,fault_total
n330gat_n246gat_A,sa0,1,1019/262144,exact,0.0005661850009346381,fault_total
n255gat_n240gat_A,sa0,1,129413/262144,exact,0.005132685997523367,fault_total
n1240gat_n1095gat_A,sa0,1,5/1024,exact,0.009447548000025563,fault_total
n1281gat_n1243gat_A,sa0,1,5/1024,exact,0.007501593994675204,fault_total
n1044gat_n1254gat_B,sa0,1,5/1024,exact,0.008151393005391583,fault_total
n1067gat_n1304gat_B,sa0,1,441/131072,exact,0.015355179006292019,fault_total
n1297gat_n1102gat_A,sa0,1,441/131072,exact,0.014962961002311204,fault_total
n1079gat_n1104gat_A,sa0,1,441/131072,exact,0.014479083998594433,fault_total
n326gat_n143gat_A,sa0,1,129413/262144,exact,0.0005148700001882389,fault_total
n326gat_n142gat_B,sa0,1,1019/524288,exact,0.006020059998263605,fault_total
n2621gat_n2531gat_C,sa0,1,1879033849/2199023255552,exact,0.038979358003416564,fault_total
n1393gat_n1402gat_B,sa0,1,21643/2097152,exact,0.012463129998650402,fault_total
n2346gat_n2150gat_B,sa0,1,4421/32768,exact,0.006300619999819901,fault_total
n155gat_n234gat_A,sa0,1,31589/65536,exact,0.0004949360009049997,fault_total
n330gat_n248gat_A,sa0,1,31589/65536,exact,0.005397808999987319,fault_total
n1225gat_n1255gat_B,sa0,1,5/1024,exact,0.006993180999415927,fault_total
n2134gat_n2129gat_B,sa0,1,1/32768,exact,0.000537480998900719,fault_total
n2346gat_n2215gat_A,sa0,1,4421/131072,exact,0.006994536997808609,fault_total
n330gat_n247gat_C,sa0,1,1019/131072,exact,0.008860513997205999,fault_total
n1281gat_n1327gat_A,sa0,1,1/4,exact,0.009610822002287023,fault_total
n2261gat_n2255gat_A,sa0,1,4421/32768,exact,0.005514751006558072,fault_total
n151gat_n139gat_B,sa0,1,1019/262144,exact,0.005468677001772448,fault_total
n255gat_n324gat_A,sa0,1,1019/524288,exact,0.005661133996909484,fault_total
n1147gat_n1092gat_A,sa0,1,5/1024,exact,0.008041477994993329,fault_total
n1225gat_n1383gat_B,sa0,1,1/4,exact,0.009696176995930728,fault_total
n2406gat_n2282gat_A,sa0,1,66315/262144,exact,0.00576528500096174,fault_total
n2393gat_n2331gat_A,sa0,1,585/65536,exact,0.006235945998923853,fault_total
n330gat_n249gat_B,sa0,1,1019/4096,exact,0.00480115000391379,fault_total
n2621gat_n2534gat_C,sa0,1,1879033849/2199023255552,exact,0.0017537219973746687,fault_total
n2625gat_n2531gat_B,sa0,1,1879033849/2199023255552,exact,0.0019185189958079718,fault_total
n2261gat_n2129gat_C,sa0,1,1/32768,exact,0.0005821960003231652,fault_total
n2261gat_n2185gat_A,sa0,1,4421/32768,exact,0.00035018700145883486,fault_total
n2393gat_n2053gat_A,sa0,1,4421/32768,exact,0.0064125260032597,fault_total
n1774gat_n2015gat_B,sa0,1,1/8,exact,0.00014946999726817012,fault_total
n1393gat_n1407gat_A,sa0,1,381885/8388608,exact,0.07678746899910038,fault_total
n672gat_n801gat_A,sa0,1,3/1024,exact,0.00877638300153194,fault_total
n147gat_n238gat_A,sa0,1,1019/4096,exact,0.005175824000616558,fault_total
n147gat_n237gat_B,sa0,1,129413/262144,exact,0.0058464799949433655,fault_total
n2285gat_n2306gat_C,sa0,1,24675/4194304,exact,0.04096204399684211,fault_total
n2355gat_n2291gat_B,sa0,1,35175/8388608,exact,0.0355922879971331,fault_total
n2351gat_n1576gat_A,sa0,1,590925/268435456,exact,0.010626984003465623,fault_total
n267gat_n261gat_C,sa0,1,1/8,exact,0.007086568999511655,fault_total
n268gat_n262gat_A,sa0,1,1/8,exact,0.006937291000213008,fault_total
n916gat_n910gat_A,sa0,1,1/8,exact,0.007044442005280871,fault_total
n812gat_n805gat_C,sa0,1,1/8,exact,0.006894193997140974,fault_total
n813gat_n806gat_A,sa0,1,1/8,exact,0.0069148670008871704,fault_total
n811gat_n807gat_B,sa0,1,1/8,exact,0.006905621004989371,fault_total
n1084gat_n1159gat_B,sa0,1,525/1048576,exact,0.015020810002170037,fault_total
n1084gat_n1087gat_B,sa0,1,13/2048,exact,0.007888943997386377,fault_total
n2355gat_n2363gat_C,sa0,1,24675/4194304,exact,0.03664959800516954,fault_total
n2356gat_n2363gat_B,sa0,1,8925/2097152,exact,0.024003075996006373,fault_total
n2283gat_n1582gat_A,sa0,1,78511/67108864,exact,0.010051156001281925,fault_total
n502gat_n495gat_C,sa0,1,1/8,exact,0.007013626993284561,fault_total
n501gat_n497gat_B,sa0,1,1/8,exact,0.007037569004751276,fault_total
n812gat_n806gat_C,sa0,1,1/8,exact,0.006838745997811202,fault_total
n813gat_n807gat_A,sa0,1,1/8,exact,0.006914801997481845,fault_total
n1891gat_n2055gat_A,sa0,1,302517/1048576,exact,0.0076260970017756335,fault_total
n1085gat_n1088gat_A,sa0,1,13/2048,exact,0.007780482999805827,fault_total
n2850gat_n2239gat_A,sa0,1,2103/16384,exact,0.00041119600064121187,fault_total
n1210gat,sa0,1,1/4,exact,0.001197611003590282,fault_total
n1918gat_n1660gat_A,sa0,1,3925251/2147483648,exact,0.010803545003000181,fault_total
n2351gat_n1577gat_B,sa0,1,78511/67108864,exact,0.009893556001770776,fault_total
n502gat_n496gat_C,sa0,1,1/8,exact,0.007076417998177931,fault_total
n1022gat,sa0,1,1/4,exact,0.006868928001495078,fault_total
n1210gat,sa1,1,1/4,exact,0.0011653350011329167,fault_total
n1211gat,sa0,1,1/4,exact,0.00986711499717785,fault_total
n2355gat_n2357gat_B,sa0,1,4725/2097152,exact,0.022052715998142958,fault_total
n2356gat_n2364gat_C,sa0,1,2625/1048576,exact,0.018718885999987833,fault_total
n2351gat_n1578gat_B,sa0,1,1/1024,exact,0.0002669550012797117,fault_total
n737gat_n730gat_C,sa0,1,1/8,exact,0.007119909998436924,fault_total
n738gat_n731gat_A,sa0,1,1/8,exact,0.006970693000766914,fault_total
n2775gat_n1074gat_A,sa0,1,5/2048,exact,0.005688015000487212,fault_total
n2672gat_n1077gat_B,sa0,1,5/2048,exact,0.005197654994844925,fault_total
n2850gat_n2664gat_A,sa0,1,45885483/134217728,exact,0.001995794998947531,fault_total
n3030gat,sa0,1,9167239/1073741824,exact,0.0622555609952542,fault_total
n1032gat,sa0,1,1/4,exact,0.005182977998629212,fault_total
n1022gat,sa1,1,1/4,exact,0.007386031000351068,fault_total
n1023gat,sa0,1,1/4,exact,0.007201418004115112,fault_total
n1211gat,sa1,1,1/4,exact,0.009705307995318435,fault_total
n2285gat_n2292gat_C,sa0,1,35175/8388608,exact,0.04126732200529659,fault_total
n2285gat_n2357gat_A,sa0,1,4725/2097152,exact,0.021442985998874065,fault_total
n2283gat_n1575gat_B,sa0,1,7/65536,exact,0.010150709000299685,fault_total
n2283gat_n1863gat_B,sa0,1,1/512,exact,0.0049154810039908625,fault_total
n175gat_n169gat_B,sa0,1,1/8,exact,0.01242594999348512,fault_total
n737gat_n731gat_C,sa0,1,1/8,exact,0.007300473997020163,fault_total
n738gat_n732gat_A,sa0,1,1/8,exact,0.006955458004085813,fault_total
n1816gat_n1935gat_A,sa0,1,55178401/1073741824,exact,0.01913038600469008,fault_total
n2212gat,sa0,1,1453833/268435456,exact,0.016607285004283767,fault_total
n1023gat,sa1,1,1/4,exact,0.0070637150056427345,fault_total
n2355gat_n2358gat_C,sa0,1,4725/2097152,exact,0.020029972001793794,fault_total
n2356gat_n2358gat_B,sa0,1,4725/2097152,exact,0.019020475003344472,fault_total
n2285gat_n2358gat_A,sa0,1,4725/2097152,exact,0.02057201199932024,fault_total
n2015gat,sa0,1,1/8,exact,0.00015808700118213892,fault_total
n2212gat,sa1,1,1453833/268435456,exact,0.016090343000541907,fault_total
n2150gat,sa0,1,4421/131072,exact,0.0061665719986194745,fault_total
n40gat,sa0,1,1019/524288,exact,0.005024310994485859,fault_total
n1918gat_n1663gat_B,sa0,1,7/65536,exact,0.009554046002449468,fault_total
n176gat_n169gat_C,sa0,1,1/8,exact,0.0075111400001333095,fault_total
n914gat_n908gat_B,sa0,1,1/8,exact,0.007061832002364099,fault_total
n2775gat_n1076gat_B,sa0,1,20445/8388608,exact,0.007341780001297593,fault_total
n2015gat,sa1,1,7/8,exact,0.00015704800171079114,fault_total
n2052gat,sa0,1,4421/32768,exact,0.006045810994692147,fault_total
n1413gat,sa0,1,272775/4194304,exact,0.14739415800431743,fault_total
n2331gat,sa0,1,325/32768,exact,0.005686887998308521,fault_total
n1918gat_n1575gat_A,sa0,1,7/65536,exact,0.009827861002122518,fault_total
n1845gat_n1846gat_A,sa0,1,66806209/268435456,exact,0.0095707219952601,fault_total
n1963gat_n1962gat_A,sa0,1,2405/262144,exact,0.006931081996299326,fault_total
n2152gat,sa0,1,361155/268435456,exact,0.009325227001681924,fault_total
n2053gat,sa0,1,0,exact,0.00514456800010521,fault_total
n1989gat_n1801gat_B,sa0,1,7/32768,exact,0.010458065997227095,fault_total
n915gat_n908gat_C,sa0,1,1/8,exact,0.007042088000162039,fault_total
n916gat_n909gat_A,sa0,1,1/8,exact,0.007021028002782259,fault_total
n566gat_n880gat_B,sa0,1,13/2048,exact,0.008668996997585054,fault_total
n2152gat,sa1,1,23/16384,exact,0.009716268999909516,fault_total
n2216gat,sa0,1,101/16384,exact,0.012778224998328369,fault_total
n1451gat,sa0,1,1/8,exact,0.004675522999605164,fault_total
n915gat_n909gat_C,sa0,1,1/8,exact,0.0069974289945093915,fault_total
n1845gat_n1847gat_B,sa0,1,25052369/67108864,exact,0.01051098199968692,fault_total
n1614gat,sa0,1,7/16384,exact,0.010048755997559056,fault_total
n2217gat,sa0,1,216825/4194304,exact,0.27802343999792356,fault_total
n2253gat,sa0,1,325/16384,exact,0.0006864189999760129,fault_total
n2216gat,sa1,1,101/16384,exact,0.015776070998981595,fault_total
n1209gat,sa0,1,1/4,exact,0.012404036002408247,fault_total
n1918gat_n1865gat_B,sa0,1,3/1024,exact,0.006235023000044748,fault_total
n485gat_n478gat_A,sa0,1,1/8,exact,0.008573601000534836,fault_total
n952gat_n946gat_B,sa0,1,1/8,exact,0.008702790000825189,fault_total
n696gat_n690gat_A,sa0,1,1/8,exact,0.008540611997887027,fault_total
n2214gat_II4023_C,sa0,1,1/1024,exact,0.00041969699668698013,fault_total
n1614gat,sa1,1,7/8192,exact,0.012469641995267011,fault_total
n2217gat,sa1,1,222075/4194304,exact,0.07752154499758035,fault_total
n1381gat,sa0,1,0,exact,0.00022706099844072014,fault_total
n2353gat,sa0,1,1562017601663253/72057594037927936,exact,0.40301770500082057,fault_total
n1192gat,sa0,1,1/4,exact,0.011789502001192886,fault_total
n1327gat,sa0,1,1/4,exact,0.010636416001943871,fault_total
n1209gat,sa1,1,1/4,exact,0.010364089997892734,fault_total
n2551gat,sa0,1,1/4,exact,0.011157352004374843,fault_total
n2290gat,sa0,1,1556011/67108864,exact,0.09156411299773026,fault_total
n2443gat,sa0,1,1345886324535573/72057594037927936,exact,0.31259410500206286,fault_total
n1988gat_n1734gat_A,sa0,1,105/131072,exact,0.01037731500400696,fault_total
n1845gat_n1895gat_A,sa0,1,16700821/268435456,exact,0.011383550001482945,fault_total
n1988gat_n1860gat_A,sa0,1,1/512,exact,0.00033092899684561417,fault_total
n485gat_n479gat_A,sa0,1,1/8,exact,0.007667875004699454,fault_total
n873gat_n982gat_A,sa0,1,525/1048576,exact,0.01569001000461867,fault_total
n875gat_n980gat_A,sa0,1,13/2048,exact,0.009664511002483778,fault_total
n873gat_n981gat_B,sa0,1,13/2048,exact,0.00808834800409386,fault_total
n2732gat,sa0,1,1/2,exact,0.00015559599705738947,fault_total
n1616gat,sa0,1,7/16384,exact,0.009939466996002011,fault_total
n3029gat,sa0,1,32536085/2147483648,exact,0.06411650800146163,fault_total
n2353gat,sa1,1,2386731853132053/72057594037927936,exact,0.3438757070034626,fault_total
n1193gat,sa0,1,1/4,exact,0.01028169699566206,fault_total
n1192gat,sa1,1,1/4,exact,0.009682801995950285,fault_total
n2417gat,sa0,1,1/4,exact,0.01104835500154877,fault_total
n2551gat,sa1,1,1/4,exact,0.010822520998772234,fault_total
n2255gat,sa0,1,4421/32768,exact,0.0055226799959200434,fault_total
n37gat,sa0,1,1019/131072,exact,0.005006031999073457,fault_total
n2290gat,sa1,1,1136843/33554432,exact,0.06546294700092403,fault_total
n2443gat,sa1,1,2319421192810773/72057594037927936,exact,0.3624944340044749,fault_total
n1963gat_n1958gat_A,sa0,1,237267999/1073741824,exact,0.01456679400143912,fault_total
n953gat_n946gat_C,sa0,1,1/8,exact,0.007306338993657846,fault_total
n954gat_n947gat_A,sa0,1,1/8,exact,0.007065149002301041,fault_total
n952gat_n948gat_B,sa0,1,1/8,exact,0.007604065001942217,fault_total
n1891gat_n1894gat_B,sa0,1,4175449/67108864,exact,0.008835483000439126,fault_total
n2670gat,sa0,1,1/2,exact,0.00010272800136590376,fault_total
n2732gat,sa1,1,1/2,exact,8.278599852928892e-05,fault_total
n1616gat,sa1,1,7/8192,exact,0.010548811995249707,fault_total
n1446gat,sa0,1,15/32,exact,0.01748044200212462,fault_total
n2724gat,sa0,1,515/2048,exact,0.012006223994831089,fault_total
n1193gat,sa1,1,1/4,exact,0.01035086699994281,fault_total
n1194gat,sa0,1,1/4,exact,0.009755247992870864,fault_total
n1383gat,sa0,1,1/4,exact,0.009429768004338257,fault_total
n2418gat,sa0,1,1/4,exact,0.013750063997576945,fault_total
n2417gat,sa1,1,1/4,exact,0.010910548000538256,fault_total
n2553gat,sa0,1,1/4,exact,0.010775244001706596,fault_total
n2193gat,sa0,1,89591/524288,exact,0.007735713996225968,fault_total
n92gat,sa0,1,4186631/2147483648,exact,0.012576783999975305,fault_total
n1891gat_n1895gat_B,sa0,1,4175449/67108864,exact,0.009892729998682626,fault_total
n953gat_n947gat_C,sa0,1,1/8,exact,0.007269308996910695,fault_total
n954gat_n948gat_A,sa0,1,1/8,exact,0.007022468002105597,fault_total
n1816gat,sa0,1,3/4,exact,0.00013981200027046725,fault_total
n2670gat,sa1,1,1/2,exact,8.424999396083876e-05,fault_total
n1446gat,sa1,1,5/32,exact,0.01724698400357738,fault_total
n2257gat,sa0,1,4421/32768,exact,0.005663660995196551,fault_total
n2482gat,sa0,1,4160735225/2199023255552,exact,0.05723259099613642,fault_total
n2716gat,sa0,1,265213/1048576,exact,0.026547034998657182,fault_total
n2724gat,sa1,1,515/2048,exact,0.012155603006249294,fault_total
n2860gat,sa0,1,279273897/1073741824,exact,0.19387026700132992,fault_total
n2284gat,sa0,1,46435497983/2199023255552,exact,0.28430967700114707,fault_total
n1194gat,sa1,1,1/4,exact,0.010524986006203108,fault_total
n2418gat,sa1,1,1/4,exact,0.011203974005184136,fault_total
n2419gat,sa0,1,1/4,exact,0.010798862000228837,fault_total
n2554gat,sa0,1,1/4,exact,0.010935705999145284,fault_total
n2553gat,sa1,1,1/4,exact,0.010724068997660652,fault_total
n2185gat,sa0,1,4421/32768,exact,0.00043594699673121795,fault_total
n2193gat,sa1,1,268123/524288,exact,0.008378254002309404,fault_total
n92gat,sa1,1,12559893/2147483648,exact,0.0010334809994674288,fault_total
n1988gat_n1861gat_C,sa0,1,3/1024,exact,0.00036493099469225854,fault_total
n2214gat_II1723_C,sa0,1,15039/33554432,exact,0.024757361999945715,fault_total
n1963gat_n1959gat_B,sa0,1,520517/2097152,exact,0.007947942001919728,fault_total
n1816gat,sa1,1,1/4,exact,0.00013921799836680293,fault_total
n2735gat,sa0,1,1/2,exact,8.590600191382691e-05,fault_total
n1448gat,sa0,1,12283/32768,exact,0.023068169997713994,fault_total
n2482gat,sa1,1,4160735225/2199023255552,exact,0.04639340999710839,fault_total
n2716gat,sa1,1,265213/1048576,exact,0.023917264996271115,fault_total
n2860gat,sa1,1,279273897/1073741824,exact,0.19985313900542678,fault_total
n2284gat,sa1,1,71603779583/2199023255552,exact,0.24047863300074823,fault_total
n2419gat,sa1,1,1/4,exact,0.011844881999422796,fault_total
n2554gat,sa1,1,1/4,exact,0.011012863003998064,fault_total
n2555gat,sa0,1,1/4,exact,0.010882499998842832,fault_total
n2258gat,sa0,1,0,exact,0.00678963000245858,fault_total
n2185gat,sa1,1,13263/32768,exact,0.0006903710018377751,fault_total
n1709gat,sa0,1,4175449/134217728,exact,0.0071747269976185635,fault_total
n2214gat_II1734_B,sa0,1,268433407/137438953472,exact,0.02634456899977522,fault_total
n1886gat_n1957gat_A,sa0,1,520517/2097152,exact,0.008147141001245473,fault_total
n2790gat,sa0,1,1/2,exact,0.00010449000546941534,fault_total
n2735gat,sa1,1,1/2,exact,8.025300485314801e-05,fault_total
n2673gat,sa0,1,1/2,exact,7.696499960729852e-05,fault_total
n1827gat,sa0,1,1/4,exact,0.00012686100671999156,fault_total
n1448gat,sa1,1,1/8,exact,0.020070756996574346,fault_total
n2727gat,sa0,1,515/2048,exact,0.014631006997660734,fault_total
n2574gat,sa0,1,1/4,exact,0.011782948997279163,fault_total
n2555gat,sa1,1,1/4,exact,0.011128042002383154,fault_total
n1683gat,sa0,1,7/1024,exact,0.00029786000231979415,fault_total
n1988gat_n1576gat_B,sa0,1,74836251/34359738368,exact,0.011452632999862544,fault_total
n875gat_n877gat_A,sa0,1,525/1048576,exact,0.016277236005407758,fault_total
n1633gat_II4144_A,sa0,1,1/32,exact,0.0002462740012560971,fault_total
n983gat_n984gat_B,sa0,1,13/2048,exact,0.008680220002133865,fault_total
n2782gat,sa0,1,1/2,exact,0.00012373000208754092,fault_total
n2790gat,sa1,1,1/2,exact,9.028599743032828e-05,fault_total
n2673gat,sa1,1,1/2,exact,7.834099960746244e-05,fault_total
n1827gat,sa1,1,3/4,exact,0.00011630199878709391,fault_total
n2727gat,sa1,1,515/2048,exact,0.015212366000923794,fault_total
n2863gat,sa0,1,279273897/1073741824,exact,0.19486211000184994,fault_total
n2574gat,sa1,1,1/4,exact,0.01205179600219708,fault_total
n1989gat_n1865gat_A,sa0,1,3/1024,exact,0.0004030010022688657,fault_total
n1886gat_n1958gat_B,sa0,1,59367001/268435456,exact,0.01166220100276405,fault_total
n1989gat_n1863gat_C,sa0,1,1/512,exact,0.00029827199614373967,fault_total
n2354gat_II1723_A,sa0,1,40419203756309/72057594037927936,exact,0.04465303400502307,fault_total
n2782gat,sa1,1,1/2,exact,0.00011422600073274225,fault_total
n2486gat,sa0,1,3019884537/1099511627776,exact,0.10859924800024601,fault_total
n1991gat,sa0,1,341435/67108864,exact,0.01874134199897526,fault_total
n2863gat,sa1,1,279273897/1073741824,exact,0.19778989200131036,fault_total
n2855gat,sa0,1,279273897/1073741824,exact,0.17995680799504044,fault_total
n2576gat,sa0,1,1/4,exact,0.011500624001200777,fault_total
n1784gat,sa0,1,103487777/536870912,exact,0.016274752000754233,fault_total
n1964gat,sa0,1,17619/131072,exact,0.0069539390024147,fault_total
n1838gat,sa0,1,1/16,exact,0.005174735997570679,fault_total
n1988gat_n1577gat_C,sa0,1,78511/67108864,exact,0.010394838005595375,fault_total
n696gat_n689gat_A,sa0,1,1/8,exact,0.007303555001271889,fault_total
n2793gat,sa0,1,1/2,exact,0.00010248900071019307,fault_total
n2595gat,sa0,1,7/256,exact,0.00022568400163436309,fault_total
n2486gat,sa1,1,3019884537/1099511627776,exact,0.0016895430017029867,fault_total
n1991gat,sa1,1,346799/67108864,exact,0.015586352994432673,fault_total
n2855gat,sa1,1,279273897/1073741824,exact,0.16526703999988968,fault_total
n2577gat,sa0,1,1/4,exact,0.011796314000093844,fault_total
n2576gat,sa1,1,1/4,exact,0.011195594001037534,fault_total
n1784gat,sa1,1,103487777/536870912,exact,0.022264427003392484,fault_total
n1839gat,sa0,1,1965033/16777216,exact,0.017236746003618464,fault_total
n1956gat,sa0,1,6045/262144,exact,0.010802985998452641,fault_total
n1893gat,sa0,1,118495637/1073741824,exact,0.012171624999609776,fault_total
n1838gat,sa1,1,1/16,exact,0.00028471099358284846,fault_total
n2214gat_II1585_B,sa0,1,1/16384,exact,0.009751587000209838,fault_total
n2355gat_II1724_A,sa0,1,40419203756309/72057594037927936,exact,0.04755066700454336,fault_total
n985gat_n986gat_A,sa0,1,13/2048,exact,0.008263069998065475,fault_total
n2793gat,sa1,1,1/2,exact,0.00010263700096402317,fault_total
n2776gat,sa0,1,1/2,exact,8.277899905806407e-05,fault_total
n2577gat,sa1,1,1/4,exact,0.011185940995346755,fault_total
n2578gat,sa0,1,1/4,exact,0.012558581998746376,fault_total
n1839gat,sa1,1,1965033/16777216,exact,0.017912575000082143,fault_total
n1956gat,sa1,1,520517/1048576,exact,0.007214999001007527,fault_total
n1893gat,sa1,1,29674073/268435456,exact,0.010810452004079707,fault_total
n1786gat,sa0,1,1457129/16777216,exact,0.018566933998954482,fault_total
n2776gat,sa1,1,1/2,exact,0.0001091029989765957,fault_total
n1499gat,sa0,1,7/16384,exact,0.011123865006084088,fault_total
n2876gat,sa0,1,1/2,exact,0.013609393005026504,fault_total
n2578gat,sa1,1,1/4,exact,0.011340493998432066,fault_total
n1786gat,sa1,1,1457129/16777216,exact,0.018210447000456043,fault_total
n1499gat,sa1,1,7/8192,exact,0.01111971000500489,fault_total
n2876gat,sa1,1,1/2,exact,0.013452721999783535,fault_total
n1986gat,sa0,1,1926221/268435456,exact,0.016397529005189426,fault_total
n2868gat,sa0,1,1/4,exact,0.007176998995419126,fault_total
n2499gat,sa0,1,1/4,exact,0.007288336004421581,fault_total
n1788gat,sa0,1,86414913/536870912,exact,0.021693487993616145,fault_total
n1887gat,sa0,1,0,exact,0.005836783995619044,fault_total
n1599gat,sa0,1,1/8,exact,0.000242247995629441,fault_total
n1633gat_II2735_C,sa0,1,16718113/536870912,exact,0.014220512995962054,fault_total
n2779gat,sa0,1,1/2,exact,0.00013818699517287314,fault_total
n1986gat,sa1,1,1926221/268435456,exact,0.015557056001853198,fault_total
n1788gat,sa1,1,86414913/536870912,exact,0.021305734000634402,fault_total
n1969gat,sa0,1,16700821/268435456,exact,0.00948032100131968,fault_total
n1884gat_II2721_A,sa0,1,318441/16777216,exact,0.014512682995700743,fault_total
n1633gat_II2925_C,sa0,1,1/32,exact,0.00934658099868102,fault_total
n2779gat,sa1,1,1/2,exact,0.00011924299906240776,fault_total
n2354gat_II1584_C,sa0,1,402651135/2199023255552,exact,0.026862439000979066,fault_total
n2356gat_II1585_A,sa0,1,402651135/2199023255552,exact,0.024472655000863597,fault_total
n2989gat,sa0,1,5/8,exact,0.0031869520025793463,fault_total
n1884gat_II2832_A,sa0,1,33/2048,exact,0.0049046560015995055,fault_total
n2989gat,sa1,1,3/8,exact,0.002717204006330576,fault_total
n1884gat_II3148_B,sa0,1,5/256,exact,0.00024350499734282494,fault_total
n1785gat_II2736_A,sa0,1,16718113/536870912,exact,0.014348853997944389,fault_total
n1884gat_II2735_B,sa0,1,16718113/536870912,exact,0.01449153100111289,fault_total
II1515,sa0,1,7/256,exact,0.0002687699961825274,fault_total
n1884gat_II2926_A,sa0,1,1/32,exact,0.00916565900115529,fault_total
n1785gat_II2935_A,sa0,1,1/32,exact,0.009386500001710374,fault_total
n1785gat_II2925_B,sa0,1,1/32,exact,0.009414871004992165,fault_total
n1884gat_II2935_B,sa0,1,1/32,exact,0.009318689000792801,fault_total
n1787gat_II3149_B,sa0,1,5/256,exact,0.00030907500331522897,fault_total
n1633gat_II2889_B,sa0,1,1/1024,exact,0.00023968999448698014,fault_total
n1785gat_II3178_B,sa0,1,1/32,exact,0.005204871005844325,fault_total
n1787gat_II2926_B,sa0,1,1/32,exact,0.009341121003672015,fault_total
n1884gat_II2889_C,sa0,1,1/1024,exact,0.00028600299992831424,fault_total
n2723gat_n421gat_B,sa0,1,93/32768,exact,0.015770405996590853,fault_total
n2715gat_n421gat_A,sa0,1,93/32768,exact,0.014226003993826453,fault_total
n2720gat_n182gat_B,sa0,1,16383/8388608,exact,0.043972050996671896,fault_total
n2532gat_stem,sa0,1,1/2,exact,0.001134095000452362,fault_total
n2726gat_n411gat_B,sa0,1,3120925/67108864,exact,0.12110680600017076,fault_total
n2723gat_n415gat_A,sa0,1,134080641/4294967296,exact,0.4912703879963374,fault_total
n2715gat_n521gat_B,sa0,1,51497697951/2199023255552,exact,0.6119504229936865,fault_total
n2532gat_stem,sa1,1,1/2,exact,0.001110113997128792,fault_total
n2723gat_n362gat_A,sa0,1,1/4,exact,0.008628096999018453,fault_total
n2862gat_n520gat_B,sa0,1,1042503/16777216,exact,0.04359786600252846,fault_total
n2862gat_n530gat_A,sa0,1,90962479/2147483648,exact,0.2579083210002864,fault_total
n2726gat_n423gat_B,sa0,1,1/4,exact,0.009081338001124095,fault_total
n2726gat_n361gat_B,sa0,1,12559893/2147483648,exact,0.013950767999631353,fault_total
n2723gat_n418gat_B,sa0,1,77186974623/2199023255552,exact,0.38378650600498077,fault_total
n2715gat_n516gat_B,sa0,1,780231/16777216,exact,0.06345249800506281,fault_total
n566gat_n1153gat_B,sa0,1,525/1048576,exact,0.01694117499573622,fault_total
n2854gat_n531gat_B,sa0,1,90962479/2147483648,exact,0.26681228000234114,fault_total
n2557gat_stem,sa0,1,1/2,exact,0.0011116640016552992,fault_total
n2723gat_n286gat_B,sa0,1,12050951/2147483648,exact,0.030249857998569496,fault_total
n2726gat_n356gat_A,sa0,1,234860245/8589934592,exact,0.2907753600011347,fault_total
n2781gat_n444gat_B,sa0,1,3/16,exact,0.00029709000227740034,fault_total
n2734gat_n960gat_A,sa0,1,12267/65536,exact,0.0005629420047625899,fault_total
n2557gat_stem,sa1,1,1/2,exact,0.001013593006064184,fault_total
n2715gat_n529gat_B,sa0,1,13870613/2147483648,exact,0.018426759001158644,fault_total
n2723gat_n746gat_B,sa0,1,3069/524288,exact,0.01889872500032652,fault_total
n2726gat_n357gat_A,sa0,1,17/8192,exact,0.00624684699869249,fault_total
n2715gat_n638gat_A,sa0,1,1/4,exact,0.007990498997969553,fault_total
n2487gat_stem,sa0,1,1/2,exact,0.001066234995960258,fault_total
n230gat,sa0,1,1/4,exact,0.014592995001294184,fault_total
n2859gat_n360gat_A,sa0,1,3789/524288,exact,0.047119596994889434,fault_total
n2715gat_n287gat_B,sa0,1,94207/16777216,exact,0.04596017600124469,fault_total
n2734gat_n961gat_B,sa0,1,3/2048,exact,0.005012066998460796,fault_total
n2672gat_n763gat_A,sa0,1,20445/8388608,exact,0.0006591319979634136,fault_total
n2672gat_n556gat_A,sa0,1,12267/65536,exact,0.000670360001095105,fault_total
n2781gat_n446gat_B,sa0,1,3/2048,exact,0.006063943001208827,fault_total
n2487gat_stem,sa1,1,1/2,exact,0.0010542549935053103,fault_total
n230gat,sa1,1,1/4,exact,0.013980490002722945,fault_total
n231gat,sa0,1,1/4,exact,0.013636343996040523,fault_total
n2859gat_n361gat_A,sa0,1,12559893/2147483648,exact,0.013951765999081545,fault_total
n2859gat_n522gat_B,sa0,1,368631251/8589934592,exact,0.3094230869974126,fault_total
n2731gat_n767gat_B,sa0,1,3/2048,exact,0.00041104800038738176,fault_total
n2731gat_n795gat_A,sa0,1,12267/65536,exact,0.0005322459983290173,fault_total
n2854gat_n519gat_A,sa0,1,1042503/16777216,exact,0.04618652199860662,fault_total
n231gat,sa1,1,1/4,exact,0.013875677999749314,fault_total
n2731gat_n768gat_B,sa0,1,3/16,exact,0.00020267700165277347,fault_total
n2778gat_n443gat_A,sa0,1,3/16,exact,0.00016615999629721045,fault_total
n2792gat_n645gat_A,sa0,1,20445/8388608,exact,0.0006548630044562742,fault_total
n983gat_n1158gat_A,sa0,1,525/1048576,exact,0.015165073993557598,fault_total
n985gat_n1156gat_A,sa0,1,525/1048576,exact,0.015142534997721668,fault_total
n2731gat_n796gat_A,sa0,1,5/2048,exact,0.005797421996248886,fault_total
n503gat,sa0,1,1/4,exact,0.00730490600108169,fault_total
n2726gat_n288gat_B,sa0,1,62890517/8589934592,exact,0.07565266400342807,fault_total
n2731gat_n769gat_B,sa0,1,20445/8388608,exact,0.0006360879997373559,fault_total
n2734gat_n766gat_B,sa0,1,20445/8388608,exact,0.0005501619962160476,fault_total
n2781gat_n765gat_A,sa0,1,20445/8388608,exact,0.0005420590023277327,fault_total
n2792gat_n555gat_B,sa0,1,12267/65536,exact,0.0006957439982215874,fault_total
n2781gat_n764gat_B,sa0,1,12267/65536,exact,0.0004739139985758811,fault_total
n503gat,sa1,1,1/4,exact,0.007236085999466013,fault_total
n207gat,sa0,1,1/4,exact,0.00722577900160104,fault_total
n2792gat_n647gat_A,sa0,1,3/16,exact,0.00018723199900705367,fault_total
n2778gat_n445gat_A,sa0,1,3/2048,exact,0.00031876000139163807,fault_total
n2778gat_n651gat_B,sa0,1,20445/8388608,exact,0.0006991699992795475,fault_total
n2859gat_n526gat_A,sa0,1,90962479/2147483648,exact,0.23590775499906158,fault_total
n352gat,sa0,1,1/4,exact,0.00873615200544009,fault_total
n226gat,sa0,1,1/4,exact,0.014665008005977143,fault_total
n2789gat_n650gat_B,sa0,1,12267/65536,exact,0.000626738001301419,fault_total
n2669gat_n870gat_A,sa0,1,3/2048,exact,0.006305432005319744,fault_total
n352gat,sa1,1,1/4,exact,0.007246353001391981,fault_total
n226gat,sa1,1,1/4,exact,0.014201860001776367,fault_total
n227gat,sa0,1,1/4,exact,0.014032883998879697,fault_total
n2789gat_n652gat_A,sa0,1,20445/8388608,exact,0.0006460770018748008,fault_total
n921gat,sa0,1,0,exact,0.00017929099703906104,fault_total
n227gat,sa1,1,1/4,exact,0.013933676003944129,fault_total
n228gat,sa0,1,1/4,exact,0.01367608299915446,fault_total
n2734gat_n959gat_B,sa0,1,3/16,exact,0.0001979160006158054,fault_total
n2672gat_n967gat_B,sa0,1,3/16,exact,0.00016235699877142906,fault_total
n2669gat_n646gat_B,sa0,1,20445/8388608,exact,0.0006306560026132502,fault_total
n2669gat_n557gat_A,sa0,1,12267/65536,exact,0.0004427029998623766,fault_total
n2734gat_n797gat_B,sa0,1,5/2048,exact,0.00531806700018933,fault_total
n228gat,sa1,1,1/4,exact,0.014237775998481084,fault_total
n229gat,sa0,1,1/4,exact,0.013864403001207393,fault_total
n238gat,sa0,1,1019/524288,exact,0.004904984001768753,fault_total
n229gat,sa1,1,1/4,exact,0.014267913000367116,fault_total
n2669gat_n648gat_B,sa0,1,3/16,exact,0.00020058600057382137,fault_total
n2775gat_n794gat_B,sa0,1,12267/65536,exact,0.0004729120046249591,fault_total
n2778gat_n377gat_B,sa0,1,5/2048,exact,0.005203777000133414,fault_total
n2672gat_n969gat_B,sa0,1,3/2048,exact,0.006100856000557542,fault_total
n483gat,sa0,1,1/4,exact,0.007137517000955995,fault_total
n717gat,sa0,1,1/4,exact,0.0070029889975558035,fault_total
n249gat,sa0,1,1019/131072,exact,0.004860768000071403,fault_total
n2775gat_n868gat_A,sa0,1,3/16,exact,0.0001960099980351515,fault_total
n2775gat_n867gat_B,sa0,1,3/2048,exact,0.00032063199614640325,fault_total
n2778gat_n649gat_A,sa0,1,12267/65536,exact,0.0007083960008458234,fault_total
n925gat,sa0,1,1/4,exact,0.004726810002466664,fault_total
n484gat,sa0,1,1/4,exact,0.007044514000881463,fault_total
n483gat,sa1,1,1/4,exact,0.007187593000708148,fault_total
n718gat,sa0,1,1/4,exact,0.007050585001707077,fault_total
n717gat,sa1,1,1/4,exact,0.00689889800560195,fault_total
n736gat,sa0,1,1/4,exact,0.007118925001122989,fault_total
n2792gat_n869gat_B,sa0,1,3/2048,exact,0.0059035070007666945,fault_total
n484gat,sa1,1,1/4,exact,0.007072744003380649,fault_total
n718gat,sa1,1,1/4,exact,0.007220984000014141,fault_total
n719gat,sa0,1,1/4,exact,0.007542428997112438,fault_total
n736gat,sa1,1,1/4,exact,0.007329972002480645,fault_total
n719gat,sa1,1,1/4,exact,0.007074449997162446,fault_total
n594gat,sa0,1,1/4,exact,0.007405794000078458,fault_total
n739gat,sa0,1,1/8,exact,0.00021531100355787203,fault_total
n595gat,sa0,1,1/4,exact,0.006994802002736833,fault_total
n594gat,sa1,1,1/4,exact,0.007063419005135074,fault_total
n694gat,sa0,1,1/4,exact,0.007005797000601888,fault_total
n784gat,sa0,1,1/4,exact,0.014373202000570018,fault_total
n2789gat_n966gat_A,sa0,1,3/16,exact,0.00020806999964406714,fault_total
n848gat,sa0,1,1/4,exact,0.00019428000086918473,fault_total
n595gat,sa1,1,1/4,exact,0.007141465997847263,fault_total
n596gat,sa0,1,1/4,exact,0.007113047999155242,fault_total
n695gat,sa0,1,1/4,exact,0.007381074006843846,fault_total
n694gat,sa1,1,1/4,exact,0.007102567004039884,fault_total
n784gat,sa1,1,1/4,exact,0.01366411700291792,fault_total
n785gat,sa0,1,1/4,exact,0.014625233001424931,fault_total
n299gat,sa0,1,1/4,exact,0.0070756560016889125,fault_total
n849gat,sa0,1,1/4,exact,0.004831270001886878,fault_total
n596gat,sa1,1,1/4,exact,0.007071131003613118,fault_total
n695gat,sa1,1,1/4,exact,0.00700213299569441,fault_total
n785gat,sa1,1,1/4,exact,0.014383907000592444,fault_total
n786gat,sa0,1,1/4,exact,0.020063233998371288,fault_total
n2789gat_n968gat_A,sa0,1,3/2048,exact,0.00626707699848339,fault_total
n786gat,sa1,1,1/4,exact,0.013784964001388289,fault_total
n787gat,sa0,1,1/4,exact,0.014350890996865928,fault_total
n788gat,sa0,1,1/4,exact,0.014282249001553282,fault_total
n787gat,sa1,1,1/4,exact,0.013932035995821934,fault_total
n788gat,sa1,1,1/4,exact,0.01411906600696966,fault_total
n789gat,sa0,1,1/4,exact,0.01366226100071799,fault_total
n789gat,sa1,1,1/4,exact,0.014138262995402329,fault_total
n1021gat_n1015gat_B,sa0,1,1/8,exact,0.007260749000124633,fault_total
n1021gat_n1017gat_B,sa0,1,1/8,exact,0.0072029029979603365,fault_total
n1060gat_n1053gat_A,sa0,1,1/8,exact,0.0070253019948722795,fault_total
n1150gat_n1151gat_B,sa0,1,525/1048576,exact,0.0177548149949871,fault_total
n1060gat_n1054gat_A,sa0,1,1/8,exact,0.007321803001104854,fault_total
n1150gat_n1152gat_B,sa0,1,13/2048,exact,0.008045855996897444,fault_total
n1236gat_n1230gat_B,sa0,1,1/8,exact,0.006994667004619259,fault_total
n2720gat_n13gat_A,sa0,1,1/1024,exact,0.004879071006143931,fault_total
n2016gat_n2009gat_A,sa0,1,1595685/16777216,exact,0.008183498001017142,fault_total
n2016gat_n2017gat_B,sa0,1,8183/32768,exact,0.0006750629981979728,fault_total
n2016gat_n2018gat_A,sa0,1,65/4096,exact,0.010636776998580899,fault_total
n1237gat_n1230gat_C,sa0,1,1/8,exact,0.007382632997178007,fault_total
n1238gat_n1231gat_A,sa0,1,1/8,exact,0.007146941003156826,fault_total
n1236gat_n1232gat_B,sa0,1,1/8,exact,0.006958648002182599,fault_total
n2214gat_n2218gat_A,sa0,1,12075/4194304,exact,0.08551229700242402,fault_total
n1237gat_n1231gat_C,sa0,1,1/8,exact,0.007363245000306051,fault_total
n1238gat_n1232gat_A,sa0,1,1/8,exact,0.007236016004753765,fault_total
n2354gat_n2223gat_A,sa0,1,113925/8388608,exact,0.07256905699614435,fault_total
n1058gat_n1052gat_B,sa0,1,1/8,exact,0.007495824000216089,fault_total
n2720gat_n70gat_B,sa0,1,1/1024,exact,0.004946205001033377,fault_total
n2214gat_n2219gat_B,sa0,1,1575/4194304,exact,0.019301633998111356,fault_total
n2283gat_n1521gat_A,sa0,1,7/65536,exact,0.009247800000593998,fault_total
n1059gat_n1052gat_C,sa0,1,1/8,exact,0.007156715000746772,fault_total
n1058gat_n1054gat_B,sa0,1,1/8,exact,0.006979095000133384,fault_total
n351gat_n345gat_B,sa0,1,1/8,exact,0.007452647005266044,fault_total
n1059gat_n1053gat_C,sa0,1,1/8,exact,0.007595089002279565,fault_total
n1085gat_n1155gat_A,sa0,1,525/1048576,exact,0.017786962998798117,fault_total
n2356gat_n2306gat_A,sa0,1,8925/2097152,exact,0.025186799000948668,fault_total
n266gat_n260gat_B,sa0,1,1/8,exact,0.008777219001785852,fault_total
n177gat_n170gat_A,sa0,1,1/8,exact,0.007902737001131754,fault_total
n175gat_n171gat_B,sa0,1,1/8,exact,0.0076677809993270785,fault_total
n2354gat_n2219gat_A,sa0,1,525/2097152,exact,0.01705424200190464,fault_total
n176gat_n170gat_C,sa0,1,1/8,exact,0.008019896995392628,fault_total
n177gat_n171gat_A,sa0,1,1/8,exact,0.00827756199578289,fault_total
n353gat_n346gat_A,sa0,1,1/8,exact,0.007830966002075002,fault_total
n351gat_n347gat_B,sa0,1,1/8,exact,0.007711971993558109,fault_total
n811gat_n805gat_B,sa0,1,1/8,exact,0.007477368999389,fault_total
n267gat_n260gat_C,sa0,1,1/8,exact,0.0075205910034128465,fault_total
n268gat_n261gat_A,sa0,1,1/8,exact,0.00751950000267243,fault_total
n266gat_n262gat_B,sa0,1,1/8,exact,0.007430464000208303,fault_total
n914gat_n910gat_B,sa0,1,1/8,exact,0.007361333999142516,fault_total
n353gat_n347gat_A,sa0,1,1/8,exact,0.00725600500300061,fault_total
n501gat_n495gat_B,sa0,1,1/8,exact,0.007441294001182541,fault_total
n1616gat_n1555gat_A,sa0,1,7/131072,exact,0.00978218099771766,fault_total
n2486gat_n2430gat_B,sa0,1,1879033849/2199023255552,exact,0.040099491001456045,fault_total
n1991gat_n1521gat_B,sa0,1,7/65536,exact,0.010160012003325392,fault_total
n1192gat_n1186gat_B,sa0,1,1/8,exact,0.010323586997401435,fault_total
n1020gat,sa0,1,1/4,exact,0.008016735002456699,fault_total
n1614gat_n1558gat_A,sa0,1,7/131072,exact,0.00931112200487405,fault_total
n2482gat_n2480gat_B,sa0,1,1879033849/2199023255552,exact,0.0016943480004556477,fault_total
n2443gat_n2293gat_C,sa0,1,26775/4194304,exact,0.027876075997482985,fault_total
n2152gat_n1578gat_A,sa0,1,1/1024,exact,0.00031103599758353084,fault_total
n718gat_n711gat_C,sa0,1,1/8,exact,0.007660916002350859,fault_total
n719gat_n712gat_A,sa0,1,1/8,exact,0.007833422998373862,fault_total
n717gat_n713gat_B,sa0,1,1/8,exact,0.008342991000972688,fault_total
n736gat_n730gat_B,sa0,1,1/8,exact,0.008464048005407676,fault_total
n503gat_n496gat_A,sa0,1,1/8,exact,0.009775409998837858,fault_total
n2551gat_n2546gat_B,sa0,1,1/8,exact,0.012786639003024902,fault_total
n2193gat_n2149gat_A,sa0,1,4421/131072,exact,0.007474686004570685,fault_total
n1020gat,sa1,1,1/4,exact,0.008600674002082087,fault_total
n1614gat_n1557gat_C,sa0,1,7/131072,exact,0.010043848000350408,fault_total
n2284gat_n2292gat_B,sa0,1,13125/2097152,exact,0.0326954720003414,fault_total
n2443gat_n2357gat_C,sa0,1,4725/2097152,exact,0.01627839499997208,fault_total
n2284gat_n2364gat_B,sa0,1,11025/4194304,exact,0.026308055996196344,fault_total
n718gat_n712gat_C,sa0,1,1/8,exact,0.007860675003030337,fault_total
n719gat_n713gat_A,sa0,1,1/8,exact,0.007380524999462068,fault_total
n503gat_n497gat_A,sa0,1,1/8,exact,0.007224647000839468,fault_total
n1193gat_n1186gat_C,sa0,1,1/8,exact,0.010146925000299234,fault_total
n1194gat_n1187gat_A,sa0,1,1/8,exact,0.01023341700056335,fault_total
n1192gat_n1188gat_B,sa0,1,1/8,exact,0.011108197999419644,fault_total
n3020gat,sa0,1,1/4,exact,0.005210326002270449,fault_total
n2012gat,sa0,1,356361/33554432,exact,0.012306919001275674,fault_total
n3011gat,sa0,1,6305/131072,exact,0.006685210006253328,fault_total
n1616gat_n1556gat_C,sa0,1,7/131072,exact,0.009259370999643579,fault_total
n1446gat_n1619gat_B,sa0,1,3/32,exact,0.014626841999415774,fault_total
n1448gat_n1617gat_B,sa0,1,3067/32768,exact,0.018876495996664744,fault_total
n2284gat_n2293gat_B,sa0,1,40425/8388608,exact,0.030327017993840855,fault_total
n736gat_n732gat_B,sa0,1,1/8,exact,0.008932519995141774,fault_total
n1193gat_n1187gat_C,sa0,1,1/8,exact,0.010856848995899782,fault_total
n1194gat_n1188gat_A,sa0,1,1/8,exact,0.010751936999440659,fault_total
n2551gat_n2548gat_B,sa0,1,1/8,exact,0.011929903004784137,fault_total
n1500gat,sa0,1,3/32,exact,0.019238111999584362,fault_total
n3021gat,sa0,1,1/32,exact,0.005900271004065871,fault_total
n2482gat_n2483gat_B,sa0,1,17/16384,exact,0.0004433010035427287,fault_total
n2574gat_n2571gat_B,sa0,1,1/8,exact,0.011836655998195056,fault_total
n2553gat_n2547gat_B,sa0,1,1/8,exact,0.011938502997509204,fault_total
n3022gat,sa0,1,1/32,exact,0.0057737969982554205,fault_total
n2576gat_n2570gat_B,sa0,1,1/8,exact,0.01181031599844573,fault_total
n3023gat,sa0,1,1/32,exact,0.017970280001463834,fault_total
n2486gat_n2480gat_C,sa0,1,1879033849/2199023255552,exact,0.0015678080017096363,fault_total
n2554gat_n2547gat_C,sa0,1,1/8,exact,0.011770511002396233,fault_total
n2555gat_n2548gat_A,sa0,1,1/8,exact,0.010917305000475608,fault_total
n2553gat_n2549gat_B,sa0,1,1/8,exact,0.010954714001854882,fault_total
n3024gat,sa0,1,1/32,exact,0.014626124997448642,fault_total
n1233gat,sa0,1,1/4,exact,0.007712765000178479,fault_total
n1206gat,sa0,1,1/4,exact,0.009998863999499008,fault_total
n3006gat,sa0,1,975/16384,exact,0.0005168739953660406,fault_total
n1499gat_n1605gat_C,sa0,1,7/131072,exact,0.00971609399857698,fault_total
n1991gat_n1582gat_B,sa0,1,78511/67108864,exact,0.01055721599550452,fault_total
n594gat_n590gat_B,sa0,1,1/8,exact,0.007409937999909744,fault_total
n2577gat_n2570gat_C,sa0,1,1/8,exact,0.011568163004994858,fault_total
n2578gat_n2571gat_A,sa0,1,1/8,exact,0.011145068005134817,fault_total
n2576gat_n2572gat_B,sa0,1,1/8,exact,0.01108528899931116,fault_total
n2554gat_n2548gat_C,sa0,1,1/8,exact,0.010984355001710355,fault_total
n2555gat_n2549gat_A,sa0,1,1/8,exact,0.011043628001061734,fault_total
n2530gat,sa0,1,13153236943/2199023255552,exact,0.043511998002941255,fault_total
n2251gat,sa0,1,4421/16384,exact,0.0066179909990751185,fault_total
n2332gat,sa0,1,70541/262144,exact,0.0072205169999506325,fault_total
n1018gat,sa0,1,1/4,exact,0.007673904001421761,fault_total
n1233gat,sa1,1,1/4,exact,0.007630606000020634,fault_total
n1234gat,sa0,1,1/4,exact,0.007713949999015313,fault_total
n1206gat,sa1,1,1/4,exact,0.010555257998930756,fault_total
n1207gat,sa0,1,1/4,exact,0.01068947599560488,fault_total
n3025gat,sa0,1,1/32,exact,0.01878770499752136,fault_total
n3006gat,sa1,1,325/16384,exact,0.0004330929950810969,fault_total
n1986gat_n1660gat_B,sa0,1,590925/268435456,exact,0.011379076000594068,fault_total
n1991gat_n1863gat_A,sa0,1,1/512,exact,0.0003150269985781051,fault_total
n483gat_n477gat_B,sa0,1,1/8,exact,0.007825818996934686,fault_total
n596gat_n590gat_A,sa0,1,1/8,exact,0.007885225997597445,fault_total
n784gat_n780gat_A,sa0,1,1/8,exact,0.019884678004018497,fault_total
n2577gat_n2571gat_C,sa0,1,1/8,exact,0.011467700001958292,fault_total
n2578gat_n2572gat_A,sa0,1,1/8,exact,0.011693402993842028,fault_total
n1018gat,sa1,1,1/4,exact,0.007866031002777163,fault_total
n1019gat,sa0,1,1/4,exact,0.008277127999463119,fault_total
n1234gat,sa1,1,1/4,exact,0.008250589002273045,fault_total
n1235gat,sa0,1,1/4,exact,0.008401986000535544,fault_total
n1055gat,sa0,1,1/4,exact,0.008400607999647036,fault_total
n1190gat,sa0,1,1/4,exact,0.011000981001416221,fault_total
n1207gat,sa1,1,1/4,exact,0.010796129994560033,fault_total
n1208gat,sa0,1,1/4,exact,0.010653584002284333,fault_total
n2414gat,sa0,1,1/4,exact,0.012313646999245975,fault_total
n1442gat,sa0,1,987861/67108864,exact,0.05936480200034566,fault_total
n3026gat,sa0,1,1/32,exact,0.010616321000270545,fault_total
n2018gat,sa0,1,195/4096,exact,0.007591677000164054,fault_total
n2532gat,sa0,1,1/2,exact,0.00012025600153720006,fault_total
n2486gat_n2483gat_C,sa0,1,17/16384,exact,0.0003832660004263744,fault_total
n694gat_n690gat_B,sa0,1,1/8,exact,0.007812759002263192,fault_total
n784gat_n781gat_A,sa0,1,1/8,exact,0.014632048005296383,fault_total
n2989gat_n1602gat_C,sa0,1,12003039/134217728,exact,0.019991857996501494,fault_total
n1380gat,sa0,1,1108009441/8589934592,exact,0.06638554199889768,fault_total
n3027gat,sa0,1,1/32,exact,0.015941047000524122,fault_total
n1019gat,sa1,1,1/4,exact,0.008180339995305985,fault_total
n1235gat,sa1,1,1/4,exact,0.008618241001386195,fault_total
n1055gat,sa1,1,1/4,exact,0.007980002999829594,fault_total
n1056gat,sa0,1,1/4,exact,0.007521099003497511,fault_total
n1190gat,sa1,1,1/4,exact,0.011322378006298095,fault_total
n1191gat,sa0,1,1/4,exact,0.010965763998683542,fault_total
n1208gat,sa1,1,1/4,exact,0.010734362003859133,fault_total
n2414gat,sa1,1,1/4,exact,0.011431226004788186,fault_total
n2415gat,sa0,1,1/4,exact,0.011243444998399355,fault_total
n2550gat,sa0,1,1/4,exact,0.010824345001310576,fault_total
n1442gat,sa1,1,46017/16777216,exact,0.022227658999327105,fault_total
n2532gat,sa1,1,1/2,exact,0.00011395700130378827,fault_total
n1986gat_n1663gat_A,sa0,1,7/65536,exact,0.009963790995243471,fault_total
n1991gat_n1667gat_A,sa0,1,14787/16777216,exact,0.011683033000736032,fault_total
n484gat_n477gat_C,sa0,1,1/8,exact,0.007836596996639855,fault_total
n483gat_n479gat_B,sa0,1,1/8,exact,0.007394430002023,fault_total
n785gat_n780gat_B,sa0,1,1/8,exact,0.014237581999623217,fault_total
n1893gat_n1962gat_B,sa0,1,1105/262144,exact,0.007976219007105101,fault_total
n1380gat,sa1,1,1/16,exact,0.013741147995460778,fault_total
n2533gat,sa0,1,13153236943/2199023255552,exact,0.0016067479955381714,fault_total
n1056gat,sa1,1,1/4,exact,0.0072434200046700425,fault_total
n1057gat,sa0,1,1/4,exact,0.0076417349991970696,fault_total
n1191gat,sa1,1,1/4,exact,0.010304754003300332,fault_total
n2415gat,sa1,1,1/4,exact,0.011963662997004576,fault_total
n2416gat,sa0,1,1/4,exact,0.014357321000716183,fault_total
n2550gat,sa1,1,1/4,exact,0.011216778999369126,fault_total
n3028gat,sa0,1,1/32,exact,0.013710621999052819,fault_total
n2128gat,sa0,1,7/32768,exact,0.006865207004011609,fault_total
n3019gat,sa0,1,701/16384,exact,0.006844570001703687,fault_total
n1499gat_n1555gat_C,sa0,1,7/131072,exact,0.009141365000687074,fault_total
n1991gat_n1666gat_C,sa0,1,1/1024,exact,0.0002907149973907508,fault_total
n484gat_n478gat_C,sa0,1,1/8,exact,0.007229069000459276,fault_total
n2574gat_n2569gat_B,sa0,1,1/8,exact,0.011219330001040362,fault_total
n1893gat_n1846gat_B,sa0,1,16700821/268435456,exact,0.009221818996593356,fault_total
n1319gat,sa0,1,3/8,exact,0.017212844999448862,fault_total
n1057gat,sa1,1,1/4,exact,0.007726003001153003,fault_total
n2416gat,sa1,1,1/4,exact,0.011115654000604991,fault_total
n2606gat,sa0,1,1/4,exact,0.010076323000248522,fault_total
n2552gat,sa0,1,1/4,exact,0.011908336004125886,fault_total
n1499gat_n1639gat_A,sa0,1,7/131072,exact,0.011803970002802089,fault_total
n786gat_n780gat_C,sa0,1,1/8,exact,0.02493465199950151,fault_total
n785gat_n782gat_B,sa0,1,1/8,exact,0.016472121998958755,fault_total
n2443gat_II4023_A,sa0,1,1/1024,exact,0.0003122650014120154,fault_total
n2661gat,sa0,1,31/32,exact,0.00018319499940844253,fault_total
n1319gat,sa1,1,1/8,exact,0.017208003002451733,fault_total
n2606gat,sa1,1,1/4,exact,0.0092110240002512,fault_total
n2552gat,sa1,1,1/4,exact,0.011121633004222531,fault_total
n1986gat_n1666gat_A,sa0,1,1/1024,exact,0.00028859300073236227,fault_total
n2353gat_II4024_A,sa0,1,1/1024,exact,0.0002459349998389371,fault_total
n787gat_n781gat_B,sa0,1,1/8,exact,0.014605324999138247,fault_total
n2290gat_II4023_B,sa0,1,1/1024,exact,0.0002892010015784763,fault_total
n2661gat,sa1,1,1/32,exact,0.0001713539968477562,fault_total
n1447gat,sa0,1,1103708641/8589934592,exact,0.06359445999987656,fault_total
n2608gat,sa0,1,1/4,exact,0.012285420998523477,fault_total
n1499gat_n1558gat_C,sa0,1,7/131072,exact,0.009596481999324169,fault_total
n594gat_n588gat_B,sa0,1,1/8,exact,0.0073982989997603,fault_total
n1893gat_n1967gat_A,sa0,1,50257/524288,exact,0.008843039002385922,fault_total
n1447gat,sa1,1,1/16,exact,0.014825872996880207,fault_total
n2537gat,sa0,1,119/16384,exact,0.005503628002770711,fault_total
n2573gat,sa0,1,1/4,exact,0.011334845999954268,fault_total
n2608gat,sa1,1,1/4,exact,0.014397847997315694,fault_total
n2609gat,sa0,1,1/4,exact,0.00819825399958063,fault_total
n1986gat_n1667gat_B,sa0,1,63/65536,exact,0.010262463001708966,fault_total
n788gat_n781gat_C,sa0,1,1/8,exact,0.01407941600336926,fault_total
n789gat_n782gat_A,sa0,1,1/8,exact,0.014414302000659518,fault_total
n786gat_n783gat_C,sa0,1,1/8,exact,0.013846219000697602,fault_total
n787gat_n783gat_B,sa0,1,1/8,exact,0.014066200994420797,fault_total
n1956gat_n1959gat_A,sa0,1,0,exact,0.0004693600058089942,fault_total
n2970gat,sa0,1,1/2,exact,0.008850091995554976,fault_total
n1791gat,sa0,1,945/1024,exact,0.00027780300297308713,fault_total
n2573gat,sa1,1,1/4,exact,0.010956024001643527,fault_total
n2609gat,sa1,1,1/4,exact,0.007722419002675451,fault_total
n1935gat,sa0,1,12971641/1073741824,exact,0.011749208999390248,fault_total
n2557gat,sa0,1,1/2,exact,0.00010736799595179036,fault_total
n1986gat_n1865gat_C,sa0,1,3/1024,exact,0.0004131230016355403,fault_total
n595gat_n588gat_C,sa0,1,1/8,exact,0.007509907001804095,fault_total
n596gat_n589gat_A,sa0,1,1/8,exact,0.00715354600106366,fault_total
n694gat_n688gat_B,sa0,1,1/8,exact,0.007409476995235309,fault_total
n788gat_n782gat_C,sa0,1,1/8,exact,0.014157156998408027,fault_total
n789gat_n783gat_A,sa0,1,1/8,exact,0.01391349299956346,fault_total
n2970gat,sa1,1,1/2,exact,0.0011442879986134358,fault_total
n1189gat,sa0,1,1/4,exact,0.010409173999505583,fault_total
n2575gat,sa0,1,1/4,exact,0.011584473002585582,fault_total
n1935gat,sa1,1,123328443/1073741824,exact,0.0200864759972319,fault_total
n2557gat,sa1,1,1/2,exact,0.0001111940000555478,fault_total
n2284gat_II4024_B,sa0,1,1/1024,exact,0.0002581100052339025,fault_total
n595gat_n589gat_C,sa0,1,1/8,exact,0.007500599000195507,fault_total
n2353gat_II1723_B,sa0,1,40419203756309/72057594037927936,exact,0.04692217399860965,fault_total
n1379gat,sa0,1,6139/32768,exact,0.01769733599940082,fault_total
n1189gat,sa1,1,1/4,exact,0.0099510799991549,fault_total
n2575gat,sa1,1,1/4,exact,0.011021323000022676,fault_total
n1586gat,sa0,1,1/1024,exact,0.0002644560008775443,fault_total
n2443gat_II1724_B,sa0,1,40419203756309/72057594037927936,exact,0.04716632200143067,fault_total
n2487gat,sa0,1,1/2,exact,0.00012839899864047766,fault_total
n695gat_n688gat_C,sa0,1,1/8,exact,0.013166782002372202,fault_total
n1379gat,sa1,1,1/16,exact,0.015907583001535386,fault_total
n2487gat,sa1,1,1/2,exact,0.0001222749997396022,fault_total
n695gat_n689gat_C,sa0,1,1/8,exact,0.007362463999015745,fault_total
n1957gat,sa0,1,2082003/8388608,exact,0.010119776001374703,fault_total
n1958gat,sa0,1,237467029/1073741824,exact,0.012580217997310683,fault_total
n2353gat_II1584_A,sa0,1,402651135/2199023255552,exact,0.02573680800560396,fault_total
n1958gat,sa1,1,712204007/1073741824,exact,0.0138805609967676,fault_total
n2860gat_II1277_A,sa0,1,9167239/1073741824,exact,0.08041828999557765,fault_total
n1839gat_II2720_C,sa0,1,318441/16777216,exact,0.016628980003588367,fault_total
n1786gat_II2720_B,sa0,1,318441/16777216,exact,0.016581423005845863,fault_total
n1838gat_II4144_B,sa0,1,1/32,exact,0.00021487200137926266,fault_total
n1784gat_II4145_B,sa0,1,1/32,exact,0.00018148899835068733,fault_total
n2284gat_II1584_B,sa0,1,402651135/2199023255552,exact,0.02417240299837431,fault_total
n1788gat_II2720_A,sa0,1,318441/16777216,exact,0.015406888000143226,fault_total
n1839gat_II2831_A,sa0,1,33/2048,exact,0.00027425400185165927,fault_total
n1784gat_II2832_B,sa0,1,33/2048,exact,0.0002167229977203533,fault_total
n1786gat_II2831_B,sa0,1,33/2048,exact,0.0002472970008966513,fault_total
n1839gat_II3148_A,sa0,1,5/256,exact,0.00022618199727730826,fault_total
n1786gat_II4144_C,sa0,1,1/32,exact,0.0003610679996199906,fault_total
n1788gat_II4145_A,sa0,1,1/32,exact,0.00016501299978699535,fault_total
n2863gat_II1277_C,sa0,1,9167239/1073741824,exact,0.07069796300493181,fault_total
n2855gat_II1277_B,sa0,1,9167239/1073741824,exact,0.07065326700103469,fault_total
n1784gat_II2925_A,sa0,1,1/32,exact,0.009532096999464557,fault_total
n1784gat_II2934_A,sa0,1,1/32,exact,0.00930679799785139,fault_total
n1784gat_II3148_C,sa0,1,5/256,exact,0.00025902500055963174,fault_total
n1784gat_II2736_B,sa0,1,16718113/536870912,exact,0.015432512998813763,fault_total
n1786gat_II3149_A,sa0,1,5/256,exact,0.00028255299548618495,fault_total
n1838gat_II3178_A,sa0,1,1/32,exact,0.00024213099823100492,fault_total
n1788gat_II2831_C,sa0,1,33/2048,exact,0.00024199399922508746,fault_total
n1839gat_II2934_B,sa0,1,1/32,exact,0.00989379700331483,fault_total
n1784gat_II3179_B,sa0,1,1/32,exact,0.0002824379989760928,fault_total
n1839gat_II3179_A,sa0,1,1/32,exact,0.0002273520003654994,fault_total
n1788gat_II2735_A,sa0,1,16718113/536870912,exact,0.014306823002698366,fault_total
n1786gat_II2890_B,sa0,1,1/1024,exact,0.0002679570025065914,fault_total
n1788gat_II2890_A,sa0,1,1/1024,exact,0.00022060199989937246,fault_total
n2989gat_II4217_B,sa0,1,1252653/67108864,exact,0.012874080006440636,fault_total
n1788gat_II2934_C,sa0,1,1/32,exact,0.009387879996211268,fault_total
n1788gat_II3178_C,sa0,1,1/32,exact,0.0002594420002424158,fault_total
n1784gat_II2889_A,sa0,1,1/1024,exact,0.0002462519987602718,fault_total
n92gat_n200gat_B,sa0,1,1/1024,exact,0.005198979997658171,fault_total
n1603gat_stem,sa0,1,7/8,exact,0.0016220920006162487,fault_total
n1603gat_stem,sa1,1,1/8,exact,0.001529416003904771,fault_total
n2724gat_n423gat_A,sa0,1,1/4,exact,0.0074671069960459135,fault_total
n2727gat_n360gat_B,sa0,1,3789/524288,exact,0.041192433003743645,fault_total
n2727gat_n362gat_B,sa0,1,1/4,exact,0.007687245997658465,fault_total
n2724gat_n529gat_A,sa0,1,13870613/2147483648,exact,0.019415057999140117,fault_total
n2860gat_n357gat_B,sa0,1,17/8192,exact,0.006281044996285345,fault_total
n2716gat_n745gat_A,sa0,1,1/4,exact,0.007420782996632624,fault_total
n500gat,sa0,1,1/4,exact,0.006931002004421316,fault_total
n2716gat_n746gat_A,sa0,1,3069/524288,exact,0.019467006997729186,fault_total
n500gat,sa1,1,1/4,exact,0.007129644000087865,fault_total
n2863gat_n564gat_B,sa0,1,32536085/2147483648,exact,0.06341885100118816,fault_total
n350gat,sa0,1,1/4,exact,0.007588185006170534,fault_total
n350gat,sa1,1,1/4,exact,0.007734683000307996,fault_total
n810gat,sa0,1,1/4,exact,0.0071285430021816865,fault_total
n2855gat_n564gat_C,sa0,1,32536085/2147483648,exact,0.06246169500082033,fault_total
n172gat,sa0,1,1/4,exact,0.00743790999695193,fault_total
n810gat,sa1,1,1/4,exact,0.007673735999560449,fault_total
n263gat,sa0,1,1/4,exact,0.007165071998315398,fault_total
n172gat,sa1,1,1/4,exact,0.007710977006354369,fault_total
n173gat,sa0,1,1/4,exact,0.007457531995896716,fault_total
n911gat,sa0,1,1/4,exact,0.0074929430047632195,fault_total
n740gat,sa0,1,142547209394330474169/295147905179352825856,exact,3.4306271500026924,fault_total
n263gat,sa1,1,1/4,exact,0.008127002001856454,fault_total
n264gat,sa0,1,1/4,exact,0.0077832399983890355,fault_total
n480gat,sa0,1,1/4,exact,0.007252930001413915,fault_total
n173gat,sa1,1,1/4,exact,0.007284257000719663,fault_total
n174gat,sa0,1,1/4,exact,0.007219699997222051,fault_total
n911gat,sa1,1,1/4,exact,0.007313451998925302,fault_total
n912gat,sa0,1,1/4,exact,0.007725725998170674,fault_total
n714gat,sa0,1,1/4,exact,0.007295718001842033,fault_total
n740gat,sa1,1,142547209394330474169/295147905179352825856,exact,0.008092933996522333,fault_total
n264gat,sa1,1,1/4,exact,0.007576850002806168,fault_total
n265gat,sa0,1,1/4,exact,0.007603466001455672,fault_total
n480gat,sa1,1,1/4,exact,0.007586644002003595,fault_total
n481gat,sa0,1,1/4,exact,0.0074671290058176965,fault_total
n174gat,sa1,1,1/4,exact,0.007329888998356182,fault_total
n912gat,sa1,1,1/4,exact,0.007335770002100617,fault_total
n913gat,sa0,1,1/4,exact,0.007313913003599737,fault_total
n373gat,sa0,1,504093/1048576,exact,0.006265933996473905,fault_total
n714gat,sa1,1,1/4,exact,0.00896682399616111,fault_total
n715gat,sa0,1,1/4,exact,0.007512893003877252,fault_total
n733gat,sa0,1,1/4,exact,0.007345153993810527,fault_total
n265gat,sa1,1,1/4,exact,0.007486565002182033,fault_total
n481gat,sa1,1,1/4,exact,0.007472769000742119,fault_total
n482gat,sa0,1,1/4,exact,0.0077667770019616,fault_total
n913gat,sa1,1,1/4,exact,0.007554202995379455,fault_total
n950gat,sa0,1,1/4,exact,0.007814899996446911,fault_total
n373gat,sa1,1,504093/1048576,exact,0.0005057649977970868,fault_total
n715gat,sa1,1,1/4,exact,0.00721743799658725,fault_total
n716gat,sa0,1,1/4,exact,0.007463227004336659,fault_total
n733gat,sa1,1,1/4,exact,0.00741497000126401,fault_total
n734gat,sa0,1,1/4,exact,0.0073940790025517344,fault_total
n374gat,sa0,1,285091433428664214763/590295810358705651712,exact,1.8757034060035949,fault_total
n482gat,sa1,1,1/4,exact,0.008110791000945028,fault_total
n348gat,sa0,1,1/4,exact,0.007720181994955055,fault_total
n950gat,sa1,1,1/4,exact,0.007365659999777563,fault_total
n951gat,sa0,1,1/4,exact,0.007731127006991301,fault_total
n716gat,sa1,1,1/4,exact,0.007377394998911768,fault_total
n734gat,sa1,1,1/4,exact,0.007321675002458505,fault_total
n735gat,sa0,1,1/4,exact,0.007407416000205558,fault_total
n591gat,sa0,1,1/4,exact,0.0073757790014497004,fault_total
n374gat,sa1,1,285091433428664214763/590295810358705651712,exact,0.008024423994356766,fault_total
n348gat,sa1,1,1/4,exact,0.007517065001593437,fault_total
n349gat,sa0,1,1/4,exact,0.007445000999723561,fault_total
n951gat,sa1,1,1/4,exact,0.007546909000666346,fault_total
n735gat,sa1,1,1/4,exact,0.007223675005661789,fault_total
n808gat,sa0,1,1/4,exact,0.007378310001513455,fault_total
n591gat,sa1,1,1/4,exact,0.0075979649991495535,fault_total
n592gat,sa0,1,1/4,exact,0.0074537199980113655,fault_total
n691gat,sa0,1,1/4,exact,0.0072980950062628835,fault_total
n638gat,sa0,1,1/4,exact,0.00689136800065171,fault_total
n349gat,sa1,1,1/4,exact,0.007415652995405253,fault_total
n808gat,sa1,1,1/4,exact,0.007657738999114372,fault_total
n809gat,sa0,1,1/4,exact,0.007986225995409768,fault_total
n592gat,sa1,1,1/4,exact,0.008055910002440214,fault_total
n593gat,sa0,1,1/4,exact,0.008106813998892903,fault_total
n691gat,sa1,1,1/4,exact,0.007641751006303821,fault_total
n692gat,sa0,1,1/4,exact,0.0076278639971860684,fault_total
n809gat,sa1,1,1/4,exact,0.00731744500080822,fault_total
n593gat,sa1,1,1/4,exact,0.007203956003650092,fault_total
n692gat,sa1,1,1/4,exact,0.007459908003511373,fault_total
n693gat,sa0,1,1/4,exact,0.007242998995934613,fault_total
n297gat,sa0,1,4186631/1073741824,exact,0.013577097000961658,fault_total
n856gat,sa0,1,504093/1048576,exact,0.0005446819995995611,fault_total
n693gat,sa1,1,1/4,exact,0.007378610003797803,fault_total
n297gat,sa1,1,4186631/1073741824,exact,0.0010041749992524274,fault_total
n856gat,sa1,1,504093/1048576,exact,0.0004599089952534996,fault_total
n498gat,sa0,1,1/4,exact,0.007392624000203796,fault_total
n949gat,sa0,1,1/4,exact,0.007455250000930391,fault_total
n498gat,sa1,1,1/4,exact,0.007221596999443136,fault_total
n499gat,sa0,1,1/4,exact,0.007275099000253249,fault_total
n949gat,sa1,1,1/4,exact,0.007396008004434407,fault_total
n499gat,sa1,1,1/4,exact,0.007295499002793804,fault_total
n1210gat_n1203gat_C,sa0,1,1/8,exact,0.009903988997393753,fault_total
n1211gat_n1204gat_A,sa0,1,1/8,exact,0.010112261996255256,fault_total
n1210gat_n1204gat_C,sa0,1,1/8,exact,0.01001598899892997,fault_total
n1211gat_n1205gat_A,sa0,1,1/8,exact,0.00995922499714652,fault_total
n1022gat_n1015gat_C,sa0,1,1/8,exact,0.007314492999284994,fault_total
n1023gat_n1016gat_A,sa0,1,1/8,exact,0.007283828999788966,fault_total
n1022gat_n1016gat_C,sa0,1,1/8,exact,0.007317069001146592,fault_total
n1023gat_n1017gat_A,sa0,1,1/8,exact,0.0073497740013408475,fault_total
n230gat_n223gat_C,sa0,1,1/8,exact,0.021280854001815896,fault_total
n231gat_n224gat_A,sa0,1,1/8,exact,0.014617840999562759,fault_total
n2217gat_n2220gat_B,sa0,1,58275/2097152,exact,0.19030279100115877,fault_total
n2290gat_n2220gat_A,sa0,1,154875/8388608,exact,0.05223734999890439,fault_total
n1209gat_n1203gat_B,sa0,1,1/8,exact,0.010527578000619542,fault_total
n230gat_n224gat_C,sa0,1,1/8,exact,0.015394608999486081,fault_total
n231gat_n225gat_A,sa0,1,1/8,exact,0.014689650997752324,fault_total
n2152gat_n1801gat_A,sa0,1,7/32768,exact,0.010594785999273881,fault_total
n226gat_n222gat_A,sa0,1,1/8,exact,0.014631473997724243,fault_total
n1209gat_n1205gat_B,sa0,1,1/8,exact,0.010198176998528652,fault_total
n226gat_n223gat_A,sa0,1,1/8,exact,0.01603156599594513,fault_total
n2193gat_n2211gat_A,sa0,1,4421/65536,exact,0.007509958995797206,fault_total
n2217gat_n2223gat_B,sa0,1,100275/4194304,exact,0.05922034000104759,fault_total
n2212gat_n1660gat_C,sa0,1,590925/268435456,exact,0.01271412299684016,fault_total
n227gat_n222gat_B,sa0,1,1/8,exact,0.014429669005039614,fault_total
n2212gat_n1734gat_B,sa0,1,7/8192,exact,0.009148424003797118,fault_total
n2417gat_n2411gat_B,sa0,1,1/8,exact,0.014459830003033858,fault_total
n2185gat_n2130gat_B,sa0,1,4421/65536,exact,0.006013298996549565,fault_total
n92gat_n22gat_A,sa0,1,2089479/2147483648,exact,0.01330858399887802,fault_total
n1614gat_n1605gat_A,sa0,1,7/131072,exact,0.009307246000389569,fault_total
n1448gat_n1501gat_A,sa0,1,3/32,exact,0.021888014998694416,fault_total
n228gat_n222gat_C,sa0,1,1/8,exact,0.014371284996741451,fault_total
n227gat_n224gat_B,sa0,1,1/8,exact,0.014618106004490983,fault_total
n1446gat_n1620gat_B,sa0,1,3/16,exact,0.00020701999892480671,fault_total
n2212gat_n1582gat_C,sa0,1,78511/67108864,exact,0.01011634900351055,fault_total
n2212gat_n1737gat_A,sa0,1,7/32768,exact,0.010888401993724983,fault_total
n229gat_n223gat_B,sa0,1,1/8,exact,0.01473461400019005,fault_total
n2418gat_n2411gat_C,sa0,1,1/8,exact,0.011848013004055247,fault_total
n2419gat_n2412gat_A,sa0,1,1/8,exact,0.014268210994487163,fault_total
n2417gat_n2413gat_B,sa0,1,1/8,exact,0.012256094996700995,fault_total
n1448gat_n1620gat_A,sa0,1,3/16,exact,0.00023513899941463023,fault_total
n2418gat_n2412gat_C,sa0,1,1/8,exact,0.01138695500412723,fault_total
n2419gat_n2413gat_A,sa0,1,1/8,exact,0.011342808000335936,fault_total
n1616gat_n1605gat_B,sa0,1,7/131072,exact,0.009818721002375241,fault_total
n1446gat_n1622gat_B,sa0,1,3/32,exact,0.014350924000609666,fault_total
n2290gat_n2218gat_B,sa0,1,7875/2097152,exact,0.03898353999829851,fault_total
n2353gat_n2363gat_A,sa0,1,13125/2097152,exact,0.020228403998771682,fault_total
n2353gat_n2291gat_A,sa0,1,13125/2097152,exact,0.026656221998564433,fault_total
n2212gat_n1666gat_B,sa0,1,1/1024,exact,0.00036743100645253435,fault_total
n2216gat_n1860gat_B,sa0,1,1/512,exact,0.0003244059989810921,fault_total
n228gat_n225gat_C,sa0,1,1/8,exact,0.014886690994899254,fault_total
n229gat_n225gat_B,sa0,1,1/8,exact,0.014292437001131475,fault_total
n1616gat_n1642gat_B,sa0,1,7/131072,exact,0.00968515199929243,fault_total
n1446gat_n1623gat_B,sa0,1,3/32,exact,0.019613621996541042,fault_total
n2443gat_n2292gat_A,sa0,1,8925/2097152,exact,0.025046896997082513,fault_total
n2284gat_n2306gat_B,sa0,1,13125/2097152,exact,0.022351586994773243,fault_total
n2353gat_n2364gat_A,sa0,1,11025/4194304,exact,0.02606934300274588,fault_total
n2216gat_n1861gat_B,sa0,1,3/1024,exact,0.0004157549992669374,fault_total
n352gat_n345gat_C,sa0,1,1/8,exact,0.007677308996790089,fault_total
n1614gat_n1556gat_A,sa0,1,7/131072,exact,0.009240045998012647,fault_total
n2353gat_n2293gat_A,sa0,1,40425/8388608,exact,0.03325042800133815,fault_total
n2443gat_n2291gat_C,sa0,1,8925/2097152,exact,0.024883417005185038,fault_total
n2152gat_n1737gat_B,sa0,1,41667/268435456,exact,0.011470432000351138,fault_total
n352gat_n346gat_C,sa0,1,1/8,exact,0.007702308001171332,fault_total
n717gat_n711gat_B,sa0,1,1/8,exact,0.0073255470051663,fault_total
n1319gat_n1618gat_A,sa0,1,3/32,exact,0.006275044004723895,fault_total
n374gat_n516gat_A,sa0,1,0,exact,0.013181456000893377,fault_total
n740gat_n356gat_B,sa0,1,1572745171/8589934592,exact,0.2565160049998667,fault_total
n172gat_n169gat_A,sa0,1,1/8,exact,0.007992600003490224,fault_total
n348gat_n344gat_A,sa0,1,1/8,exact,0.007506478999857791,fault_total
n734gat_n731gat_B,sa0,1,1/8,exact,0.007010608998825774,fault_total
n810gat_n807gat_C,sa0,1,1/8,exact,0.007417831999191549,fault_total
n2550gat_n2547gat_A,sa0,1,1/8,exact,0.011280791004537605,fault_total
n740gat_n853gat_A,sa0,1,2061236277/4294967296,exact,0.022186430003785063,fault_total
n374gat_n418gat_A,sa0,1,4194099/536870912,exact,0.03692193500319263,fault_total
n263gat_n259gat_A,sa0,1,1/8,exact,0.007602556994243059,fault_total
n173gat_n168gat_B,sa0,1,1/8,exact,0.0073397929954808205,fault_total
n911gat_n907gat_A,sa0,1,1/8,exact,0.007446096999046858,fault_total
n348gat_n345gat_A,sa0,1,1/8,exact,0.00728028200683184,fault_total
n856gat_n440gat_A,sa0,1,3/16,exact,0.00020111299818381667,fault_total
n716gat_n713gat_C,sa0,1,1/8,exact,0.007378458998573478,fault_total
n500gat_n497gat_C,sa0,1,1/8,exact,0.007971411003381945,fault_total
n2573gat_n2570gat_A,sa0,1,1/8,exact,0.011880695994477719,fault_total
n2608gat_n2605gat_C,sa0,1,1/8,exact,0.011155598993354943,fault_total
n2609gat_n2605gat_B,sa0,1,1/8,exact,0.007874194998294115,fault_total
n1379gat_n1623gat_A,sa0,1,3/32,exact,0.013645637998706661,fault_total
n911gat_n908gat_A,sa0,1,1/8,exact,0.007862712001951877,fault_total
n349gat_n344gat_B,sa0,1,1/8,exact,0.007344432000536472,fault_total
n856gat_n441gat_A,sa0,1,3/16,exact,0.00019860099564539269,fault_total
n808gat_n804gat_A,sa0,1,1/8,exact,0.00730149000446545,fault_total
n1191gat_n1188gat_C,sa0,1,1/8,exact,0.010628140000335407,fault_total
n1220gat,sa0,1,1/4,exact,0.007915504000266083,fault_total
n1447gat_n1618gat_B,sa0,1,3/32,exact,0.006286523996095639,fault_total
n1447gat_n1619gat_A,sa0,1,298402273/8589934592,exact,0.06282747299701441,fault_total
n264gat_n259gat_B,sa0,1,1/8,exact,0.007919588999357074,fault_total
n480gat_n476gat_A,sa0,1,1/8,exact,0.0077860960009275,fault_total
n174gat_n168gat_C,sa0,1,1/8,exact,0.007453069003531709,fault_total
n912gat_n907gat_B,sa0,1,1/8,exact,0.007211412004835438,fault_total
n735gat_n732gat_C,sa0,1,1/8,exact,0.0073593060005805455,fault_total
n808gat_n805gat_A,sa0,1,1/8,exact,0.007359730996540748,fault_total
n2552gat_n2546gat_C,sa0,1,1/8,exact,0.01092996900115395,fault_total
n1220gat,sa1,1,1/4,exact,0.00782928600528976,fault_total
n2130gat,sa0,1,13263/65536,exact,0.005781211002613418,fault_total
n2211gat,sa0,1,13263/65536,exact,0.006614998004806694,fault_total
n1379gat_n1624gat_B,sa0,1,3067/32768,exact,0.01816866299486719,fault_total
n856gat_n442gat_B,sa0,1,3/16,exact,0.00019896100275218487,fault_total
n480gat_n477gat_A,sa0,1,1/8,exact,0.00772144399525132,fault_total
n349gat_n346gat_B,sa0,1,1/8,exact,0.007514463999541476,fault_total
n809gat_n804gat_B,sa0,1,1/8,exact,0.007374058004643302,fault_total
n1189gat_n1185gat_A,sa0,1,1/8,exact,0.010180098994169384,fault_total
n374gat_n519gat_B,sa0,1,0,exact,0.009929593994456809,fault_total
n2131gat,sa0,1,13263/65536,exact,0.005704224997316487,fault_total
n373gat_n648gat_A,sa0,1,3/16,exact,0.00019560600048862398,fault_total
n265gat_n259gat_C,sa0,1,1/8,exact,0.008121648999804165,fault_total
n481gat_n476gat_B,sa0,1,1/8,exact,0.007662948002689518,fault_total
n913gat_n907gat_C,sa0,1,1/8,exact,0.007654647000890691,fault_total
n912gat_n909gat_B,sa0,1,1/8,exact,0.0072802190043148585,fault_total
n373gat_n647gat_B,sa0,1,3/16,exact,0.00019920599879696965,fault_total
n733gat_n729gat_A,sa0,1,1/8,exact,0.007102750998456031,fault_total
n1189gat_n1186gat_A,sa0,1,1/8,exact,0.010033718994236551,fault_total
n374gat_n564gat_D,sa0,1,32536085/2147483648,exact,0.07336364799994044,fault_total
n1935gat_n1934gat_B,sa0,1,45/4096,exact,0.005768237999291159,fault_total
n374gat_n854gat_B,sa0,1,2061236277/4294967296,exact,0.0008900929969968274,fault_total
n809gat_n806gat_B,sa0,1,1/8,exact,0.007280329999048263,fault_total
n2552gat_n2549gat_C,sa0,1,1/8,exact,0.0110253000020748,fault_total
n1958gat_n2055gat_B,sa0,1,50257/524288,exact,0.008273522995295934,fault_total
n1620gat,sa0,1,1/16,exact,0.0001806660002330318,fault_total
n2151gat,sa0,1,105779/262144,exact,0.00963681500434177,fault_total
n1602gat,sa0,1,11067/131072,exact,0.00983942199673038,fault_total
n482gat_n476gat_C,sa0,1,1/8,exact,0.0073071589940809645,fault_total
n481gat_n478gat_B,sa0,1,1/8,exact,0.007436899999447633,fault_total
n950gat_n945gat_B,sa0,1,1/8,exact,0.007512071999371983,fault_total
n734gat_n729gat_B,sa0,1,1/8,exact,0.007219215003715362,fault_total
n593gat_n590gat_C,sa0,1,1/8,exact,0.007364758996118326,fault_total
n2575gat_n2572gat_C,sa0,1,1/8,exact,0.011126167999464087,fault_total
n1603gat,sa0,1,7/8,exact,0.00017785600357456133,fault_total
n1620gat,sa1,1,15/16,exact,0.00015955900016706437,fault_total
n2151gat,sa1,1,4421/32768,exact,0.008296348998555914,fault_total
n1602gat,sa1,1,18948831/33554432,exact,0.04601085300237173,fault_total
n373gat_n768gat_A,sa0,1,3/16,exact,0.0002237290027551353,fault_total
n1603gat,sa1,1,1/8,exact,0.00014480800018645823,fault_total
n297gat_n196gat_A,sa0,1,1/512,exact,0.005280646997562144,fault_total
n1523gat,sa0,1,525/524288,exact,0.03047705000062706,fault_total
n856gat_n655gat_A,sa0,1,3/16,exact,0.0002093379953294061,fault_total
n951gat_n945gat_C,sa0,1,1/8,exact,0.007655100998817943,fault_total
n950gat_n947gat_B,sa0,1,1/8,exact,0.007420168003591243,fault_total
n373gat_n967gat_A,sa0,1,3/16,exact,0.00020137799583608285,fault_total
n856gat_n439gat_A,sa0,1,3/16,exact,0.00015944399638101459,fault_total
n373gat_n966gat_B,sa0,1,3/16,exact,0.00015286699635908008,fault_total
n856gat_n790gat_A,sa0,1,3/16,exact,0.00024042899894993752,fault_total
n735gat_n729gat_C,sa0,1,1/8,exact,0.007367145997704938,fault_total
n591gat_n587gat_A,sa0,1,1/8,exact,0.0071993140008999035,fault_total
n693gat_n690gat_C,sa0,1,1/8,exact,0.007349214996793307,fault_total
n2573gat_n2569gat_A,sa0,1,1/8,exact,0.011121611001726706,fault_total
n1218gat,sa0,1,1/4,exact,0.007676669003558345,fault_total
n3018gat,sa0,1,728341/134217728,exact,0.0191233799996553,fault_total
n482gat_n479gat_C,sa0,1,1/8,exact,0.00823232200491475,fault_total
n373gat_n868gat_B,sa0,1,3/16,exact,0.000202773000637535,fault_total
n856gat_n962gat_A,sa0,1,3/16,exact,0.00016396599676227197,fault_total
n373gat_n959gat_A,sa0,1,3/16,exact,0.00014875300257699564,fault_total
n591gat_n588gat_A,sa0,1,1/8,exact,0.0075384330048109405,fault_total
n297gat_n197gat_B,sa0,1,2089479/1073741824,exact,0.013826326998241711,fault_total
n1218gat,sa1,1,1/4,exact,0.007710863996180706,fault_total
n1219gat,sa0,1,1/4,exact,0.007540306003647856,fault_total
n1935gat_n1759gat_B,sa0,1,40123/33554432,exact,0.010294135005096905,fault_total
n856gat_n963gat_A,sa0,1,3/16,exact,0.00020269000378903002,fault_total
n592gat_n587gat_B,sa0,1,1/8,exact,0.007386198005406186,fault_total
n691gat_n687gat_A,sa0,1,1/8,exact,0.007608649997564498,fault_total
n1553gat,sa0,1,21/32768,exact,0.010472392998053692,fault_total
n1742gat,sa0,1,7/8192,exact,0.009683338001195807,fault_total
n1219gat,sa1,1,1/4,exact,0.0078069169976515695,fault_total
n951gat_n948gat_C,sa0,1,1/8,exact,0.0075017220005975105,fault_total
n856gat_n792gat_B,sa0,1,3/16,exact,0.0002011299948208034,fault_total
n498gat_n494gat_A,sa0,1,1/8,exact,0.007854044997657184,fault_total
n691gat_n688gat_A,sa0,1,1/8,exact,0.0075784020009450614,fault_total
n1553gat,sa1,1,7/32768,exact,0.010150595997401979,fault_total
n2256gat,sa0,1,4421/16384,exact,0.00032819799525896087,fault_total
n2058gat,sa0,1,4421/32768,exact,0.006147739994048607,fault_total
n2571gat,sa0,1,1/8,exact,0.01119357800052967,fault_total
n498gat_n495gat_A,sa0,1,1/8,exact,0.007352672997512855,fault_total
n593gat_n587gat_C,sa0,1,1/8,exact,0.007432247999531683,fault_total
n592gat_n589gat_B,sa0,1,1/8,exact,0.007917471004475374,fault_total
n692gat_n687gat_B,sa0,1,1/8,exact,0.007633275003172457,fault_total
n2575gat_n2569gat_C,sa0,1,1/8,exact,0.011296600998321082,fault_total
n1958gat_n1847gat_A,sa0,1,16700821/268435456,exact,0.00890163000440225,fault_total
n1645gat,sa0,1,21/32768,exact,0.010734038994996808,fault_total
n2058gat,sa1,1,105779/262144,exact,0.006277902000874747,fault_total
n2149gat,sa0,1,13263/131072,exact,0.006411427995772101,fault_total
n2239gat,sa0,1,2103/16384,exact,0.0051037419980275445,fault_total
n949gat_n945gat_A,sa0,1,1/8,exact,0.007750741999188904,fault_total
n499gat_n494gat_B,sa0,1,1/8,exact,0.007121719994756859,fault_total
n1645gat,sa1,1,7/32768,exact,0.010341306995542254,fault_total
n2239gat,sa1,1,3505/16384,exact,0.0004257200052961707,fault_total
n1673gat,sa0,1,3/8,exact,0.0028376469999784604,fault_total
n949gat_n946gat_A,sa0,1,1/8,exact,0.007615063004777767,fault_total
n693gat_n687gat_C,sa0,1,1/8,exact,0.0073339840018888935,fault_total
n692gat_n689gat_B,sa0,1,1/8,exact,0.007305522995011415,fault_total
n2259gat,sa0,1,35303/131072,exact,0.006536662003782112,fault_total
n2187gat,sa0,1,4421/32768,exact,0.0005736489983974025,fault_total
n1962gat,sa0,1,325/32768,exact,0.005376111999794375,fault_total
n1673gat,sa1,1,5/8,exact,0.002956070995423943,fault_total
n1584gat,sa0,1,51425349819877/281474976710656,exact,0.4339547350027715,fault_total
n499gat_n496gat_B,sa0,1,1/8,exact,0.007687099998292979,fault_total
n2359gat,sa0,1,145425/8388608,exact,0.12308111599850236,fault_total
n2187gat,sa1,1,13263/32768,exact,0.0005485910005518235,fault_total
n2548gat,sa0,1,1/8,exact,0.011776495004596654,fault_total
n1846gat,sa0,1,4175449/67108864,exact,0.009022127000207547,fault_total
n1584gat,sa1,1,34531141215997/70368744177664,exact,0.186444909995771,fault_total
n1559gat,sa0,1,21/32768,exact,0.011510809003084432,fault_total
n2359gat,sa1,1,4725/1048576,exact,0.017994927999097854,fault_total
n1568gat,sa0,1,21/65536,exact,0.010085643996717408,fault_total
n1658gat,sa0,1,7/16384,exact,0.011655192000034731,fault_total
n1955gat,sa0,1,975/32768,exact,0.005712840000342112,fault_total
n1559gat,sa1,1,7/32768,exact,0.01081168900418561,fault_total
n1568gat,sa1,1,7/65536,exact,0.009566442000505049,fault_total
n1658gat,sa1,1,7/16384,exact,0.011643411999102682,fault_total
n1959gat,sa0,1,0,exact,0.0059335920013836585,fault_total
n1603gat_stem_n1250gat_A,sa0,1,441/262144,exact,0.016859057002875488,fault_total
n1603gat_stem_n1161gat_B,sa0,1,441/262144,exact,0.017336752003757283,fault_total
II4023,sa0,1,7/1024,exact,0.00032613900111755356,fault_total
n1603gat_stem_n1163gat_B,sa0,1,441/262144,exact,0.015937012998620048,fault_total
II2720,sa0,1,2229087/16777216,exact,0.02125417399656726,fault_total
n1603gat_stem_n1291gat_A,sa0,1,441/262144,exact,0.01709279699571198,fault_total
II1723,sa0,1,250441637598015/72057594037927936,exact,0.06260703299631132,fault_total
II4144,sa0,1,7/32,exact,0.00029983599961269647,fault_total
II2831,sa0,1,231/2048,exact,0.005831212998600677,fault_total
n1603gat_stem_n1249gat_B,sa0,1,441/262144,exact,0.017209429999638814,fault_total
II3148,sa0,1,35/256,exact,0.00031392500386573374,fault_total
II1277,sa0,1,64170673/1073741824,exact,0.08456048399966676,fault_total
II2735,sa0,1,117026791/536870912,exact,0.017249962002097163,fault_total
II1584,sa0,1,2818557945/2199023255552,exact,0.03721639900322771,fault_total
II2925,sa0,1,7/32,exact,0.010239611998258624,fault_total
II2934,sa0,1,7/32,exact,0.009440936999453697,fault_total
II3178,sa0,1,7/32,exact,0.00490655199973844,fault_total
II2889,sa0,1,7/1024,exact,0.0002796519984258339,fault_total
n1606gat_stem,sa0,1,1/4,exact,0.00034535600570961833,fault_total
n1606gat_stem,sa1,1,3/4,exact,0.00017767200188245624,fault_total
n222gat,sa0,1,1/8,exact,0.013753571001871023,fault_total
n223gat,sa0,1,1/8,exact,0.013643621998198796,fault_total
n224gat,sa0,1,1/8,exact,0.013401740005065221,fault_total
n423gat,sa0,1,1/4,exact,0.006823459996667225,fault_total
n225gat,sa0,1,1/8,exact,0.01396081499842694,fault_total
n362gat,sa0,1,1/4,exact,0.006821996001235675,fault_total
n293gat,sa0,1,37679679/2147483648,exact,0.015558956998575013,fault_total
n293gat,sa1,1,12559893/2147483648,exact,0.012675097997998819,fault_total
n780gat,sa0,1,1/8,exact,0.013499157001206186,fault_total
n745gat,sa0,1,1/4,exact,0.00699616500060074,fault_total
n781gat,sa0,1,1/8,exact,0.013976768001157325,fault_total
n296gat,sa0,1,279/32768,exact,0.018086133000906557,fault_total
n782gat,sa0,1,1/8,exact,0.013814060999720823,fault_total
n783gat,sa0,1,1/8,exact,0.01378408099844819,fault_total
n740gat_II1278_A,sa0,1,9167239/1073741824,exact,0.07804684299480869,fault_total
n1020gat_n1014gat_C,sa0,1,1/8,exact,0.007617524002853315,fault_total
n1020gat_n1017gat_C,sa0,1,1/8,exact,0.00746652799716685,fault_total
n1206gat_n1202gat_A,sa0,1,1/8,exact,0.01016276799782645,fault_total
n1233gat_n1230gat_A,sa0,1,1/8,exact,0.00821724900015397,fault_total
n1206gat_n1203gat_A,sa0,1,1/8,exact,0.0101690139999846,fault_total
n1018gat_n1014gat_A,sa0,1,1/8,exact,0.007482647000870202,fault_total
n1207gat_n1202gat_B,sa0,1,1/8,exact,0.010780787997646257,fault_total
n1018gat_n1015gat_A,sa0,1,1/8,exact,0.00753929100028472,fault_total
n1019gat_n1014gat_B,sa0,1,1/8,exact,0.007465627997589763,fault_total
n1234gat_n1231gat_B,sa0,1,1/8,exact,0.007461359004082624,fault_total
n1055gat_n1051gat_A,sa0,1,1/8,exact,0.007502988999476656,fault_total
n1208gat_n1202gat_C,sa0,1,1/8,exact,0.010015039995778352,fault_total
n1207gat_n1204gat_B,sa0,1,1/8,exact,0.010071227996377274,fault_total
n2414gat_n2410gat_A,sa0,1,1/8,exact,0.014503184997010976,fault_total
n1442gat_n1321gat_A,sa0,1,441/262144,exact,0.016339676003553905,fault_total
n1055gat_n1052gat_A,sa0,1,1/8,exact,0.007463957997970283,fault_total
n2414gat_n2411gat_A,sa0,1,1/8,exact,0.011183682996488642,fault_total
n1019gat_n1016gat_B,sa0,1,1/8,exact,0.007283486003871076,fault_total
n1056gat_n1051gat_B,sa0,1,1/8,exact,0.007116667002264876,fault_total
n2415gat_n2410gat_B,sa0,1,1/8,exact,0.014619939000112936,fault_total
n1235gat_n1232gat_C,sa0,1,1/8,exact,0.007440807996317744,fault_total
n1208gat_n1205gat_C,sa0,1,1/8,exact,0.010623629001202062,fault_total
n1603gat_stem_n887gat_A,sa0,1,441/262144,exact,0.01549430500017479,fault_total
n1603gat_n1162gat_B,sa0,1,441/262144,exact,0.01645729500160087,fault_total
n1057gat_n1051gat_C,sa0,1,1/8,exact,0.007596071998705156,fault_total
n1056gat_n1053gat_B,sa0,1,1/8,exact,0.007550977003120352,fault_total
n2416gat_n2410gat_C,sa0,1,1/8,exact,0.011388031001843046,fault_total
n2415gat_n2412gat_B,sa0,1,1/8,exact,0.011280546998023055,fault_total
n1603gat_stem_n996gat_A,sa0,1,441/262144,exact,0.016309544000250753,fault_total
n1380gat_n1621gat_B,sa0,1,3/32,exact,0.006188888997712638,fault_total
n1380gat_n1622gat_A,sa0,1,302703073/8589934592,exact,0.07025663700187579,fault_total
n740gat_n521gat_A,sa0,1,767/65536,exact,0.03126262400473934,fault_total
n263gat_n260gat_A,sa0,1,1/8,exact,0.007549526002549101,fault_total
n1233gat_n1229gat_A,sa0,1,1/8,exact,0.007465501003025565,fault_total
n1442gat_n1443gat_A,sa0,1,441/262144,exact,0.017308381000475492,fault_total
n1319gat_n1621gat_A,sa0,1,3/32,exact,0.006844342002295889,fault_total
n374gat_n411gat_A,sa0,1,527621673/2147483648,exact,0.24040009199961787,fault_total
n173gat_n170gat_B,sa0,1,1/8,exact,0.007823669002391398,fault_total
n714gat_n710gat_A,sa0,1,1/8,exact,0.0072498419976909645,fault_total
n2606gat_n2602gat_A,sa0,1,1/8,exact,0.00812589400447905,fault_total
n740gat_n531gat_A,sa0,1,0,exact,0.012158657998952549,fault_total
n740gat_n530gat_B,sa0,1,0,exact,0.0118173390001175,fault_total
n350gat_n344gat_C,sa0,1,1/8,exact,0.007680463997530751,fault_total
n1234gat_n1229gat_B,sa0,1,1/8,exact,0.007844749998184852,fault_total
n1057gat_n1054gat_C,sa0,1,1/8,exact,0.00794303799921181,fault_total
n714gat_n711gat_A,sa0,1,1/8,exact,0.007575271003588568,fault_total
n2416gat_n2413gat_C,sa0,1,1/8,exact,0.011242232998483814,fault_total
n2606gat_n2603gat_A,sa0,1,1/8,exact,0.008461162004095968,fault_total
n374gat_n520gat_A,sa0,1,0,exact,0.00947751499916194,fault_total
n740gat_n415gat_B,sa0,1,1572699237/8589934592,exact,0.20618120199651457,fault_total
n264gat_n261gat_B,sa0,1,1/8,exact,0.007687630997679662,fault_total
n715gat_n710gat_B,sa0,1,1/8,exact,0.007457703002728522,fault_total
n1442gat_n1373gat_B,sa0,1,441/262144,exact,0.016744781998568214,fault_total
n1319gat_n1624gat_A,sa0,1,3/32,exact,0.017316131001280155,fault_total
n374gat_n522gat_A,sa0,1,2047/8192,exact,0.024136485997587442,fault_total
n174gat_n171gat_C,sa0,1,1/8,exact,0.007677175999560859,fault_total
n1235gat_n1229gat_C,sa0,1,1/8,exact,0.007843377999961376,fault_total
n733gat_n730gat_A,sa0,1,1/8,exact,0.007432325997797307,fault_total
n810gat_n804gat_C,sa0,1,1/8,exact,0.0074211120008840226,fault_total
n1190gat_n1185gat_B,sa0,1,1/8,exact,0.010148585999559145,fault_total
n3006gat_n2249gat_B,sa0,1,975/32768,exact,0.005109486002766062,fault_total
n350gat_n347gat_C,sa0,1,1/8,exact,0.007428318000165746,fault_total
n716gat_n710gat_C,sa0,1,1/8,exact,0.007404477000818588,fault_total
n715gat_n712gat_B,sa0,1,1/8,exact,0.007564419000118505,fault_total
n500gat_n494gat_C,sa0,1,1/8,exact,0.007160788998589851,fault_total
n2608gat_n2602gat_C,sa0,1,1/8,exact,0.01118410199705977,fault_total
n1319gat_n1617gat_A,sa0,1,3/32,exact,0.015661302997614257,fault_total
n265gat_n262gat_C,sa0,1,1/8,exact,0.007814778000465594,fault_total
n172gat_n168gat_A,sa0,1,1/8,exact,0.0074451660038903356,fault_total
n913gat_n910gat_C,sa0,1,1/8,exact,0.007497656006307807,fault_total
n373gat_n443gat_B,sa0,1,3/16,exact,0.0002035450015682727,fault_total
n373gat_n444gat_A,sa0,1,3/16,exact,0.00018141799955628812,fault_total
n1191gat_n1185gat_C,sa0,1,1/8,exact,0.010039868000603747,fault_total
n1190gat_n1187gat_B,sa0,1,1/8,exact,0.01066897399869049,fault_total
n2609gat_n2603gat_B,sa0,1,1/8,exact,0.015152476000366732,fault_total
n2550gat_n2546gat_A,sa0,1,1/8,exact,0.01106375599920284,fault_total
n1442gat_n1368gat_A,sa0,1,441/262144,exact,0.016537286996026523,fault_total
n740gat_n526gat_B,sa0,1,0,exact,0.012489159002143424,fault_total
n1645gat_n1642gat_C,sa0,1,7/131072,exact,0.009365479003463406,fault_total
n2359gat_n1415gat_B,sa0,1,3675/2097152,exact,0.048509724001633,fault_total
n1673gat_n1921gat_B,sa0,1,549577/536870912,exact,0.011520978005137295,fault_total
n1673gat_n1733gat_A,sa0,1,78511/67108864,exact,0.010085043002618477,fault_total
n2011gat,sa0,1,296625/8388608,exact,0.1483399329954409,fault_total
n2002gat,sa0,1,356361/33554432,exact,0.012119667997467332,fault_total
n1553gat_n1557gat_A,sa0,1,7/131072,exact,0.00924850199953653,fault_total
n1658gat_n1731gat_A,sa0,1,7/131072,exact,0.009055141999851912,fault_total
n2011gat,sa1,1,8925/1048576,exact,0.01853272299922537,fault_total
n1202gat,sa0,1,1/8,exact,0.010240427000098862,fault_total
n1559gat_n1642gat_A,sa0,1,7/131072,exact,0.009101765994273592,fault_total
n1410gat,sa0,1,145425/8388608,exact,0.0986278120035422,fault_total
n1221gat,sa0,1,1/4,exact,0.008093529999314342,fault_total
n1014gat,sa0,1,1/8,exact,0.007477416998881381,fault_total
n1230gat,sa0,1,1/8,exact,0.007142836999264546,fault_total
n1203gat,sa0,1,1/8,exact,0.0099618489985005,fault_total
n1584gat_n1636gat_A,sa0,1,3/256,exact,0.00026315699506085366,fault_total
n1584gat_n1564gat_A,sa0,1,93/8192,exact,0.008494481000525411,fault_total
n1559gat_n1641gat_C,sa0,1,7/131072,exact,0.010230990999843925,fault_total
n1645gat_n1556gat_B,sa0,1,63/131072,exact,0.010611785000946838,fault_total
n1553gat_n1558gat_B,sa0,1,63/131072,exact,0.0102529370051343,fault_total
n1658gat_n1570gat_B,sa0,1,7/131072,exact,0.010028616998170037,fault_total
n2187gat_n2194gat_A,sa0,1,325/16384,exact,0.0003995649967691861,fault_total
n1584gat_n1519gat_A,sa0,1,14285703/1073741824,exact,0.07100530399475247,fault_total
n1410gat,sa1,1,4725/1048576,exact,0.017127551000157837,fault_total
n1222gat,sa0,1,1/4,exact,0.008625870003015734,fault_total
n1221gat,sa1,1,1/4,exact,0.00948579800024163,fault_total
n1015gat,sa0,1,1/8,exact,0.007789262002916075,fault_total
n1231gat,sa0,1,1/8,exact,0.007401358001516201,fault_total
n1051gat,sa0,1,1/8,exact,0.0073445969974272884,fault_total
n1204gat,sa0,1,1/8,exact,0.010078519000671804,fault_total
n2410gat,sa0,1,1/8,exact,0.011537651997059584,fault_total
n1321gat,sa0,1,21/32768,exact,0.012214647002110723,fault_total
n1645gat_n1557gat_B,sa0,1,7/131072,exact,0.010303098999429494,fault_total
n1553gat_n1639gat_C,sa0,1,7/131072,exact,0.009556826997140888,fault_total
n2239gat_n1934gat_C,sa0,1,189/4096,exact,0.00038910699367988855,fault_total
n1658gat_n1732gat_C,sa0,1,7/131072,exact,0.009289886998885777,fault_total
n1658gat_n1571gat_B,sa0,1,7/131072,exact,0.009692911997262854,fault_total
n1673gat_n1574gat_B,sa0,1,11337/33554432,exact,0.01332530199579196,fault_total
n1520gat,sa0,1,549577/67108864,exact,0.010837505004019476,fault_total
n1222gat,sa1,1,1/4,exact,0.008339133004483301,fault_total
n1223gat,sa0,1,1/4,exact,0.008021342000574805,fault_total
n1016gat,sa0,1,1/8,exact,0.007373056003416423,fault_total
n1232gat,sa0,1,1/8,exact,0.007401419999951031,fault_total
n1052gat,sa0,1,1/8,exact,0.007358367001870647,fault_total
n1205gat,sa0,1,1/8,exact,0.010346783994464204,fault_total
n2411gat,sa0,1,1/8,exact,0.011300763006147463,fault_total
n1250gat,sa0,1,21/32768,exact,0.015035030999570154,fault_total
n2132gat,sa0,1,4421/65536,exact,0.006535119995533023,fault_total
n2058gat_n2198gat_B,sa0,1,325/16384,exact,0.006666285000392236,fault_total
n1530gat,sa0,1,46725/2097152,exact,0.13597494200075744,fault_total
n1223gat,sa1,1,1/4,exact,0.00846364299650304,fault_total
n1017gat,sa0,1,1/8,exact,0.007290879002539441,fault_total
n1053gat,sa0,1,1/8,exact,0.007320716998947319,fault_total
n2412gat,sa0,1,1/8,exact,0.011645828002656344,fault_total
n2610gat,sa0,1,1/4,exact,0.012305308002396487,fault_total
n1161gat,sa0,1,21/32768,exact,0.015666321996832266,fault_total
n1503gat,sa0,1,1836583/4194304,exact,0.02079173600213835,fault_total
n1559gat_n1555gat_B,sa0,1,63/131072,exact,0.010499880998395383,fault_total
n2239gat_n1882gat_C,sa0,1,3/32,exact,0.0002664220010046847,fault_total
n1530gat,sa1,1,11025/2097152,exact,0.01885208900057478,fault_total
n1054gat,sa0,1,1/8,exact,0.007399878995784093,fault_total
n2413gat,sa0,1,1/8,exact,0.011027914995793253,fault_total
n2610gat,sa1,1,1/4,exact,0.013983651006128639,fault_total
n2611gat,sa0,1,1/4,exact,0.008557613000448328,fault_total
n1162gat,sa0,1,21/32768,exact,0.022347161997458898,fault_total
n1568gat_n1728gat_A,sa0,1,21/131072,exact,0.010521285999857355,fault_total
n1673gat_n1794gat_A,sa0,1,3/8192,exact,0.005762120999861509,fault_total
n2081gat,sa0,1,41475/4194304,exact,0.21415829799661878,fault_total
n2162gat,sa0,1,629475/8388608,exact,0.3275814180015004,fault_total
n2611gat,sa1,1,1/4,exact,0.009020632998726796,fault_total
n1163gat,sa0,1,21/32768,exact,0.012398385995766148,fault_total
n2432gat,sa0,1,58250049319/2199023255552,exact,0.18110066000372171,fault_total
n1658gat_n1655gat_C,sa0,1,7/131072,exact,0.009744943999976385,fault_total
n1658gat_n1729gat_A,sa0,1,7/131072,exact,0.00921896900399588,fault_total
n2081gat,sa1,1,525/131072,exact,0.031119157996727154,fault_total
n2162gat,sa1,1,121275/4194304,exact,0.036844297996140085,fault_total
n1515gat,sa0,1,21/65536,exact,0.010006290998717304,fault_total
n2442gat,sa0,1,527/16384,exact,0.005052175998571329,fault_total
n1443gat,sa0,1,21/32768,exact,0.014611282000259962,fault_total
n2055gat,sa0,1,302647/1048576,exact,0.007955255001434125,fault_total
n1559gat_n1639gat_B,sa0,1,7/131072,exact,0.009331802997621708,fault_total
n1606gat,sa0,1,1/4,exact,0.00015356399671873078,fault_total
n1658gat_n1728gat_C,sa0,1,7/131072,exact,0.009220979001838714,fault_total
n1480gat,sa0,1,296625/8388608,exact,0.19478597499983152,fault_total
n1515gat,sa1,1,7/65536,exact,0.010281872004270554,fault_total
n2442gat,sa1,1,17/16384,exact,0.00040517400339012966,fault_total
n1291gat,sa0,1,21/32768,exact,0.012380631000269204,fault_total
n1444gat,sa0,1,49089/33554432,exact,0.02177257600123994,fault_total
n1606gat,sa1,1,3/4,exact,0.00015385500591946766,fault_total
n1658gat_n1657gat_C,sa0,1,7/131072,exact,0.009236779995262623,fault_total
n1568gat_n1729gat_C,sa0,1,21/131072,exact,0.009416223998414353,fault_total
n1480gat,sa1,1,8925/1048576,exact,0.022692343998642173,fault_total
n1661gat,sa0,1,32289651/2147483648,exact,0.011636752999038436,fault_total
n1670gat,sa0,1,47043/16777216,exact,0.010802759999933187,fault_total
n1229gat,sa0,1,1/8,exact,0.007679374000872485,fault_total
n2570gat,sa0,1,1/8,exact,0.01077169099880848,fault_total
n1373gat,sa0,1,21/32768,exact,0.011482519999844953,fault_total
n1444gat,sa1,1,987861/67108864,exact,0.04007070599618601,fault_total
n2426gat,sa0,1,58250049319/2199023255552,exact,0.0019792640014202334,fault_total
n1584gat_n1399gat_C,sa0,1,427/8192,exact,0.007283320002898108,fault_total
n1482gat,sa0,1,296625/8388608,exact,0.1429768489979324,fault_total
n1670gat,sa1,1,63/65536,exact,0.011001331004081294,fault_total
n1662gat,sa0,1,21/65536,exact,0.011187153999344446,fault_total
n1185gat,sa0,1,1/8,exact,0.010530667997954879,fault_total
n2607gat,sa0,1,1/4,exact,0.008277820998046082,fault_total
n1590gat,sa0,1,68703863/1073741824,exact,0.14089102300204104,fault_total
n2652gat,sa0,1,1/2,exact,0.0005925500008743256,fault_total
n1673gat_n1798gat_B,sa0,1,549577/536870912,exact,0.011678454000502825,fault_total
n1482gat,sa1,1,8925/1048576,exact,0.019085065003309865,fault_total
n1528gat,sa0,1,82425/2097152,exact,0.14686781899945345,fault_total
n1591gat,sa0,1,509775/8388608,exact,0.3035946919990238,fault_total
n1662gat,sa1,1,7/65536,exact,0.010179196993703954,fault_total
n1960gat,sa0,1,4163941/16777216,exact,0.009069353000086267,fault_total
n1186gat,sa0,1,1/8,exact,0.009780722000868991,fault_total
n2572gat,sa0,1,1/8,exact,0.010898601001827046,fault_total
n2607gat,sa1,1,1/4,exact,0.008340146996488329,fault_total
n1249gat,sa0,1,21/32768,exact,0.01137821299926145,fault_total
n1590gat,sa1,1,246522533/536870912,exact,0.29956764400412794,fault_total
n2248gat,sa0,1,325/32768,exact,0.005647803998726886,fault_total
n2652gat,sa1,1,1/2,exact,0.000488526995468419,fault_total
n2906gat,sa0,1,1/2,exact,0.012996314995689318,fault_total
n1528gat,sa1,1,38325/4194304,exact,0.021685416002583224,fault_total
n1591gat,sa1,1,1575/65536,exact,0.03289725200011162,fault_total
n1736gat,sa0,1,156355/268435456,exact,0.010873825005546678,fault_total
n1862gat,sa0,1,7/512,exact,0.005006962004699744,fault_total
n1187gat,sa0,1,1/8,exact,0.010185638995608315,fault_total
n2546gat,sa0,1,1/8,exact,0.011175330000696704,fault_total
n2249gat,sa0,1,325/32768,exact,0.00500030299735954,fault_total
n2906gat,sa1,1,1/2,exact,0.006775251997169107,fault_total
n1665gat,sa0,1,7/1024,exact,0.0004100720034330152,fault_total
n1736gat,sa1,1,7/32768,exact,0.010088269998959731,fault_total
n1188gat,sa0,1,1/8,exact,0.010248769998725038,fault_total
n2547gat,sa0,1,1/8,exact,0.010848540005099494,fault_total
n1368gat,sa0,1,21/32768,exact,0.014383019995875657,fault_total
n1566gat,sa0,1,105/131072,exact,0.0099334130063653,fault_total
n2664gat,sa0,1,45885483/134217728,exact,0.018256065995956305,fault_total
n2664gat,sa1,1,47342165/134217728,exact,0.0019389540029806085,fault_total
n2549gat,sa0,1,1/8,exact,0.011154997002449818,fault_total
n1847gat,sa0,1,12526347/67108864,exact,0.00874875300360145,fault_total
n1479gat,sa0,1,296625/8388608,exact,0.1937501720021828,fault_total
n1866gat,sa0,1,21/1024,exact,0.0055688559950795025,fault_total
n1668gat,sa0,1,161/65536,exact,0.010824755998328328,fault_total
n2649gat,sa0,1,1/2,exact,0.00048518599942326546,fault_total
n2596gat,sa0,1,31/256,exact,0.00022161499509820715,fault_total
n1479gat,sa1,1,8925/1048576,exact,0.022464980000222567,fault_total
n2569gat,sa0,1,1/8,exact,0.010779938995256089,fault_total
n2649gat,sa1,1,1/2,exact,0.0005299499971442856,fault_total
n1797gat,sa0,1,156355/268435456,exact,0.011266376001003664,fault_total
n1968gat,sa0,1,177654803/268435456,exact,0.015192525002930779,fault_total
n1797gat,sa1,1,7/32768,exact,0.010345606999180745,fault_total
n1888gat,sa0,1,8327947/16777216,exact,0.009977285000786651,fault_total
n1968gat,sa1,1,29616533/134217728,exact,0.013934551003330853,fault_total
n2995gat,sa0,1,1625/32768,exact,0.006903080000483897,fault_total
n2889gat,sa0,1,1/2,exact,0.007040453994704876,fault_total
n2889gat,sa1,1,1/2,exact,0.006496354006230831,fault_total
n293gat_n15gat_C,sa0,1,18805311/2147483648,exact,0.013982183001644444,fault_total
n221gat,sa0,1,1/2,exact,0.013698464994376991,fault_total
n221gat,sa1,1,1/2,exact,0.013481600006343797,fault_total
n411gat,sa0,1,401994543/8589934592,exact,0.14500363700062735,fault_total
n520gat,sa0,1,8183/131072,exact,0.025235688000975642,fault_total
n411gat,sa1,1,1163486569/2147483648,exact,0.5780353759982972,fault_total
n293gat_n87gat_C,sa0,1,9/1024,exact,0.006120501995610539,fault_total
n521gat,sa0,1,234736831/8589934592,exact,0.27845279299799586,fault_total
n260gat,sa0,1,1/8,exact,0.007350453000981361,fault_total
n170gat,sa0,1,1/8,exact,0.007293814000149723,fault_total
n440gat,sa0,1,3/16,exact,0.00022552599693881348,fault_total
n710gat,sa0,1,1/8,exact,0.007178518004366197,fault_total
n530gat,sa0,1,90978863/2147483648,exact,0.15299001400126144,fault_total
n521gat,sa1,1,102953419423/2199023255552,exact,0.6810453729995061,fault_total
n261gat,sa0,1,1/8,exact,0.00755859499622602,fault_total
n171gat,sa0,1,1/8,exact,0.00698545799968997,fault_total
n441gat,sa0,1,3/16,exact,0.00022330399951897562,fault_total
n711gat,sa0,1,1/8,exact,0.013316302000021096,fault_total
n126gat,sa0,1,1/4,exact,0.013855821998731699,fault_total
n522gat,sa0,1,639/16384,exact,0.10701840299589094,fault_total
n531gat,sa0,1,90978863/2147483648,exact,0.18466059399361257,fault_total
n442gat,sa0,1,3/16,exact,0.0003722280016518198,fault_total
n262gat,sa0,1,1/8,exact,0.007881007994001266,fault_total
n910gat,sa0,1,1/8,exact,0.008200586002203636,fault_total
n712gat,sa0,1,1/8,exact,0.007380551003734581,fault_total
n730gat,sa0,1,1/8,exact,0.007131377002224326,fault_total
n126gat,sa1,1,1/4,exact,0.013859785001841374,fault_total
n522gat,sa1,1,4623099127/8589934592,exact,0.5481411639993894,fault_total
n415gat,sa0,1,285000753/8589934592,exact,0.5099558169968077,fault_total
n344gat,sa0,1,1/8,exact,0.007587403000798076,fault_total
n443gat,sa0,1,3/16,exact,0.00020728599338326603,fault_total
n713gat,sa0,1,1/8,exact,0.0072626100009074435,fault_total
n731gat,sa0,1,1/8,exact,0.007449747994542122,fault_total
n415gat,sa1,1,3180452711/8589934592,exact,0.81237470900669,fault_total
n345gat,sa0,1,1/8,exact,0.007679719994484913,fault_total
n444gat,sa0,1,3/16,exact,0.00021108699729666114,fault_total
n732gat,sa0,1,1/8,exact,0.007129773999622557,fault_total
n804gat,sa0,1,1/8,exact,0.006921949003299233,fault_total
n516gat,sa0,1,2811/65536,exact,0.052716531994519755,fault_total
n418gat,sa0,1,85776069535/2199023255552,exact,0.42923288099700585,fault_total
n346gat,sa0,1,1/8,exact,0.008165394996467512,fault_total
n805gat,sa0,1,1/8,exact,0.007724486000370234,fault_total
n516gat,sa1,1,780231/16777216,exact,0.05297192400030326,fault_total
n526gat,sa0,1,179408687/4294967296,exact,0.208481371999369,fault_total
n743gat,sa0,1,9207/524288,exact,0.021622549000312574,fault_total
n418gat,sa1,1,102955099039/2199023255552,exact,0.483852424993529,fault_total
n347gat,sa0,1,1/8,exact,0.0075057530048070475,fault_total
n806gat,sa0,1,1/8,exact,0.00710750299913343,fault_total
n590gat,sa0,1,1/8,exact,0.007176224004069809,fault_total
n356gat,sa0,1,64414909447/2199023255552,exact,0.5707079760031775,fault_total
n743gat,sa1,1,3069/524288,exact,0.016733882002881728,fault_total
n564gat,sa0,1,32536085/2147483648,exact,0.07183840299694566,fault_total
n294gat,sa0,1,11367/524288,exact,0.045691137995163444,fault_total
n168gat,sa0,1,1/8,exact,0.008087338996119797,fault_total
n807gat,sa0,1,1/8,exact,0.007090259998221882,fault_total
n690gat,sa0,1,1/8,exact,0.007250749993545469,fault_total
n519gat,sa0,1,8183/131072,exact,0.02711537599680014,fault_total
n356gat,sa1,1,1573575837/4294967296,exact,0.977686177000578,fault_total
n564gat,sa1,1,488041275/2147483648,exact,0.2424383420002414,fault_total
n294gat,sa1,1,3789/524288,exact,0.0398967770015588,fault_total
n637gat,sa0,1,41611839/2147483648,exact,0.021748053004557732,fault_total
n295gat,sa0,1,51/8192,exact,0.0064203619986074045,fault_total
n259gat,sa0,1,1/8,exact,0.00737780200142879,fault_total
n169gat,sa0,1,1/8,exact,0.0074794500033021905,fault_total
n907gat,sa0,1,1/8,exact,0.007343673998548184,fault_total
n655gat,sa0,1,3/16,exact,0.00020832700101891533,fault_total
n439gat,sa0,1,3/16,exact,0.00017126100283348933,fault_total
n790gat,sa0,1,3/16,exact,0.0001548349973745644,fault_total
n637gat,sa1,1,13870613/2147483648,exact,0.01902487800543895,fault_total
n476gat,sa0,1,1/8,exact,0.007269298999744933,fault_total
n908gat,sa0,1,1/8,exact,0.0072820179993868805,fault_total
n962gat,sa0,1,3/16,exact,0.0001939389985636808,fault_total
n647gat,sa0,1,3/16,exact,0.00020474600023590028,fault_total
n494gat,sa0,1,1/8,exact,0.007016955998551566,fault_total
n648gat,sa0,1,3/16,exact,0.00018258100317325443,fault_total
n477gat,sa0,1,1/8,exact,0.0070494180035893805,fault_total
n909gat,sa0,1,1/8,exact,0.006907144001161214,fault_total
n963gat,sa0,1,3/16,exact,0.00019685499864863232,fault_total
n945gat,sa0,1,1/8,exact,0.007434245002514217,fault_total
n792gat,sa0,1,3/16,exact,0.00020395300089148805,fault_total
n729gat,sa0,1,1/8,exact,0.006964165004319511,fault_total
n495gat,sa0,1,1/8,exact,0.006820602997322567,fault_total
n478gat,sa0,1,1/8,exact,0.006948739996005315,fault_total
n946gat,sa0,1,1/8,exact,0.006966205000935588,fault_total
n496gat,sa0,1,1/8,exact,0.006854161998489872,fault_total
n479gat,sa0,1,1/8,exact,0.0067131190007785335,fault_total
n947gat,sa0,1,1/8,exact,0.006906779999553692,fault_total
n497gat,sa0,1,1/8,exact,0.007004715997027233,fault_total
n587gat,sa0,1,1/8,exact,0.006889514996146318,fault_total
n768gat,sa0,1,3/16,exact,0.00020824600505875424,fault_total
n948gat,sa0,1,1/8,exact,0.0072126900049624965,fault_total
n966gat,sa0,1,3/16,exact,0.00022000600438332185,fault_total
n588gat,sa0,1,1/8,exact,0.007233418000396341,fault_total
n687gat,sa0,1,1/8,exact,0.007379265000054147,fault_total
n868gat,sa0,1,3/16,exact,0.0002016930011450313,fault_total
n967gat,sa0,1,3/16,exact,0.0001624689975869842,fault_total
n589gat,sa0,1,1/8,exact,0.006952663999982178,fault_total
n688gat,sa0,1,1/8,exact,0.006854549996205606,fault_total
n779gat,sa0,1,1/2,exact,0.013472765000187792,fault_total
n959gat,sa0,1,3/16,exact,0.00020026399579364806,fault_total
n689gat,sa0,1,1/8,exact,0.006932873999176081,fault_total
n887gat,sa0,1,21/32768,exact,0.011526046000653878,fault_total
n779gat,sa1,1,1/2,exact,0.01367071099957684,fault_total
n996gat,sa0,1,21/32768,exact,0.011350724998919759,fault_total
n1220gat_n1214gat_C,sa0,1,1/8,exact,0.007505595000111498,fault_total
n2151gat_n2210gat_B,sa0,1,52727/262144,exact,0.007178765001299325,fault_total
n1220gat_n1217gat_C,sa0,1,1/8,exact,0.007596330004162155,fault_total
n2151gat_n2213gat_B,sa0,1,13263/131072,exact,0.006595013001060579,fault_total
n2151gat_n2215gat_B,sa0,1,13263/131072,exact,0.008375395998882595,fault_total
n1218gat_n1214gat_A,sa0,1,1/8,exact,0.008685195003636181,fault_total
n1218gat_n1215gat_A,sa0,1,1/8,exact,0.008189281004888471,fault_total
n1219gat_n1214gat_B,sa0,1,1/8,exact,0.007875294002587907,fault_total
n1584gat_n1401gat_A,sa0,1,14326751/134217728,exact,0.11748199100111378,fault_total
n1602gat_n1760gat_B,sa0,1,11067/131072,exact,0.011168604003614746,fault_total
n1219gat_n1216gat_B,sa0,1,1/8,exact,0.008996684999146964,fault_total
n1602gat_n1761gat_B,sa0,1,11067/131072,exact,0.0007918729970697314,fault_total
n1584gat_n1510gat_A,sa0,1,21063/524288,exact,0.014345925999805331,fault_total
n1553gat_n1641gat_B,sa0,1,7/131072,exact,0.008981887993286364,fault_total
n1645gat_n1641gat_A,sa0,1,7/131072,exact,0.009915926995745394,fault_total
n2359gat_n1421gat_B,sa0,1,130725/8388608,exact,0.08039085600466933,fault_total
n2664gat_n2009gat_B,sa0,1,4638627/16777216,exact,0.0009166419986286201,fault_total
n1480gat_n1438gat_B,sa0,1,4725/262144,exact,0.03555522999522509,fault_total
n1591gat_n1426gat_B,sa0,1,41475/4194304,exact,0.03587705399695551,fault_total
n2162gat_n1494gat_B,sa0,1,84525/8388608,exact,0.03492540599836502,fault_total
n2162gat_n1485gat_B,sa0,1,41475/4194304,exact,0.03317823399993358,fault_total
n1528gat_n1435gat_B,sa0,1,4725/262144,exact,0.033916599000804126,fault_total
n1736gat_n1570gat_A,sa0,1,7/65536,exact,0.009452015001443215,fault_total
n418gat_n634gat_A,sa0,1,77186134943/2199023255552,exact,0.42748085699713556,fault_total
n1444gat_n1258gat_B,sa0,1,21/65536,exact,0.015174448999459855,fault_total
n1736gat_n1732gat_B,sa0,1,21/131072,exact,0.00951924500259338,fault_total
n1201gat,sa0,1,1/2,exact,0.009219145998940803,fault_total
n2664gat_n2163gat_C,sa0,1,1030869/8388608,exact,0.0008913279962143861,fault_total
n1482gat_n1483gat_B,sa0,1,3675/2097152,exact,0.03164355300395982,fault_total
n1591gat_n1438gat_A,sa0,1,41475/4194304,exact,0.04393010800413322,fault_total
n1591gat_n1365gat_B,sa0,1,41475/4194304,exact,0.052799764001974836,fault_total
n1444gat_n1574gat_C,sa0,1,3/32768,exact,0.009811389005335514,fault_total
n356gat_n292gat_B,sa0,1,114852143/8589934592,exact,0.10439537599449977,fault_total
n1013gat,sa0,1,1/2,exact,0.006844465002359357,fault_total
n1201gat,sa1,1,1/2,exact,0.0014915900028427131,fault_total
n2210gat,sa0,1,4421/65536,exact,0.0065001309994840994,fault_total
n1528gat_n1529gat_A,sa0,1,3675/1048576,exact,0.020662995004386175,fault_total
n1482gat_n1485gat_A,sa0,1,130725/8388608,exact,0.07360542099922895,fault_total
n1662gat_n1655gat_B,sa0,1,21/131072,exact,0.009437443004571833,fault_total
n1013gat,sa1,1,1/2,exact,0.0006816559980507009,fault_total
n1050gat,sa0,1,1/2,exact,0.0066616469994187355,fault_total
n1528gat_n1484gat_B,sa0,1,3675/2097152,exact,0.030453459999989718,fault_total
n1482gat_n1486gat_A,sa0,1,4725/262144,exact,0.03386653200141154,fault_total
n1528gat_n1494gat_A,sa0,1,525/32768,exact,0.07022377399698598,fault_total
n1736gat_n1655gat_A,sa0,1,41667/268435456,exact,0.010076649996335618,fault_total
n1662gat_n1657gat_A,sa0,1,21/131072,exact,0.009192514997266699,fault_total
n1590gat_n1476gat_B,sa0,1,2152499/67108864,exact,0.04373936800402589,fault_total
n2649gat_n2650gat_A,sa0,1,1/4,exact,0.00727076199837029,fault_total
n1050gat,sa1,1,1/2,exact,0.0006598239997401834,fault_total
n2005gat,sa0,1,120369/33554432,exact,0.0009663829987403005,fault_total
n1510gat,sa0,1,1167135/8388608,exact,0.011340569995809346,fault_total
n1214gat,sa0,1,1/8,exact,0.0079249880000134,fault_total
n2213gat,sa0,1,4421/131072,exact,0.006756811999366619,fault_total
n1591gat_n1486gat_B,sa0,1,41475/4194304,exact,0.03305744400131516,fault_total
n1479gat_n1365gat_A,sa0,1,4725/262144,exact,0.03468704399710987,fault_total
n1736gat_n1728gat_B,sa0,1,21/131072,exact,0.00991066699498333,fault_total
n2652gat_n2648gat_B,sa0,1,1/4,exact,0.007384320997516625,fault_total
n1701gat,sa0,1,15355/32768,exact,0.01917783100361703,fault_total
n2250gat,sa0,1,975/32768,exact,0.005672418003086932,fault_total
n1479gat_n1419gat_B,sa0,1,130725/8388608,exact,0.07098249599948758,fault_total
n3016gat,sa0,1,255/256,exact,0.0002537749969633296,fault_total
n2215gat,sa0,1,4421/131072,exact,0.007406762000755407,fault_total
n1479gat_n1349gat_A,sa0,1,3675/2097152,exact,0.07383923399902415,fault_total
n1797gat_n1731gat_C,sa0,1,21/131072,exact,0.009744759001478087,fault_total
n1670gat_n1669gat_C,sa0,1,41667/16777216,exact,0.009985437005525455,fault_total
n3016gat,sa1,1,1/256,exact,0.0002208340010838583,fault_total
n2215gat,sa1,1,132305/262144,exact,0.006513153995911125,fault_total
n1632gat,sa0,1,1/32,exact,0.00019485100347083062,fault_total
n2433gat,sa0,1,1879033849/2199023255552,exact,0.040255182000692,fault_total
n1797gat_n1571gat_C,sa0,1,7/65536,exact,0.010010914003942162,fault_total
n2649gat_n2647gat_A,sa0,1,1/4,exact,0.007705377000092994,fault_total
n1632gat,sa1,1,31/32,exact,0.0002044849970843643,fault_total
n1228gat,sa0,1,1/2,exact,0.0006517349975183606,fault_total
n1543gat,sa0,1,105/512,exact,0.0003053290056413971,fault_total
n1921gat,sa0,1,239885/134217728,exact,0.009928521001711488,fault_total
n1615gat,sa0,1,15355/32768,exact,0.018029681996267755,fault_total
n1453gat,sa0,1,3/8,exact,0.0002284420042997226,fault_total
n1705gat,sa0,1,6558099543/17179869184,exact,0.052619690002757125,fault_total
n2921gat,sa0,1,7/16,exact,0.00021464699966600165,fault_total
n1228gat,sa1,1,1/2,exact,0.0006481230011559092,fault_total
n1184gat,sa0,1,1/2,exact,0.001727770002617035,fault_total
n1706gat,sa0,1,6566701143/17179869184,exact,0.05648973500501597,fault_total
n1921gat,sa1,1,394731/134217728,exact,0.012002363997453358,fault_total
n1841gat,sa0,1,3/8,exact,0.0005999610002618283,fault_total
n3147gat,sa0,1,3/4,exact,0.0001498260025982745,fault_total
n2922gat,sa0,1,7/16,exact,0.00018126899522030726,fault_total
n2921gat,sa1,1,9/16,exact,0.00015734200133010745,fault_total
n1184gat,sa1,1,1/2,exact,0.001234226998349186,fault_total
n2184gat,sa0,1,0,exact,0.00024253500305349007,fault_total
n2328gat,sa0,1,0,exact,0.0002798169953166507,fault_total
n1275gat,sa0,1,1/4,exact,0.010045214999991003,fault_total
n2427gat,sa0,1,1879033849/2199023255552,exact,0.0016471279959660023,fault_total
n3147gat,sa1,1,1/4,exact,0.00020069900347152725,fault_total
n3148gat,sa0,1,1/2,exact,9.945400233846158e-05,fault_total
n2914gat,sa0,1,7/16,exact,0.0004759920047945343,fault_total
n2922gat,sa1,1,9/16,exact,0.00018782699771691114,fault_total
n1627gat,sa0,1,15/32,exact,0.006049388000974432,fault_total
n2184gat,sa1,1,4421/8192,exact,0.0004030070049338974,fault_total
n2328gat,sa1,1,141147/262144,exact,0.0006453509995480999,fault_total
n1275gat,sa1,1,1/4,exact,0.016998418999719433,fault_total
n1609gat,sa0,1,1/32,exact,0.012709802002063952,fault_total
n1797gat_n1657gat_B,sa0,1,41667/268435456,exact,0.009938183000485878,fault_total
n1797gat_n1729gat_B,sa0,1,21/131072,exact,0.00937213200086262,fault_total
n3148gat,sa1,1,1/2,exact,0.00010611900506773964,fault_total
n2914gat,sa1,1,9/16,exact,0.00017631900118431076,fault_total
n1628gat,sa0,1,15/32,exact,0.005539147998206317,fault_total
n1609gat,sa1,1,3933735/4194304,exact,0.020038047994603403,fault_total
n2286gat,sa0,1,402651135/2199023255552,exact,0.026075954003317747,fault_total
n1968gat_n1894gat_A,sa0,1,50105063/268435456,exact,0.009913385998515878,fault_total
n1576gat,sa0,1,590925/268435456,exact,0.010962148997350596,fault_total
n1954gat,sa0,1,520517/1048576,exact,0.006341211003018543,fault_total
n2286gat,sa1,1,3959408633/1099511627776,exact,0.07731564999994589,fault_total
n2927gat,sa0,1,7/16,exact,0.00021728499996243045,fault_total
n1576gat,sa1,1,290692353/4294967296,exact,0.015127662998565938,fault_total
n1968gat_n1967gat_B,sa0,1,302517/1048576,exact,0.00867672500316985,fault_total
n2928gat,sa0,1,7/16,exact,0.00021052199736004695,fault_total
n2927gat,sa1,1,9/16,exact,0.000164949000463821,fault_total
n2289gat,sa0,1,40419203756309/72057594037927936,exact,0.04699378499935847,fault_total
n1968gat_n1895gat_C,sa0,1,12526347/67108864,exact,0.010745219995442312,fault_total
n2928gat,sa1,1,9/16,exact,0.0002485229997546412,fault_total
n1399gat,sa0,1,11/128,exact,0.0006903630055603571,fault_total
n2289gat,sa1,1,557450482243475/36028797018963968,exact,0.2296419589983998,fault_total
n2894gat,sa0,1,7/16,exact,0.0002750630010268651,fault_total
n2894gat,sa1,1,9/16,exact,0.00016599700029473752,fault_total
n2895gat,sa0,1,7/16,exact,0.00017259400192415342,fault_total
n1779gat,sa0,1,7/16,exact,0.010886551994190086,fault_total
n2896gat,sa0,1,7/16,exact,0.00028953899891348556,fault_total
n2895gat,sa1,1,9/16,exact,0.00029456799529725686,fault_total
n1798gat,sa0,1,239885/134217728,exact,0.011371186999895144,fault_total
n2897gat,sa0,1,7/16,exact,0.00023750599939376116,fault_total
n2896gat,sa1,1,9/16,exact,0.00018417800310999155,fault_total
n1798gat,sa1,1,394731/134217728,exact,0.012575429995195009,fault_total
n2897gat,sa1,1,9/16,exact,0.00019243499991716817,fault_total
n1712gat_stem,sa0,1,1/32,exact,0.00021500699949683622,fault_total
n1713gat_stem,sa0,1,1/32,exact,0.0006770830004825257,fault_total
n1712gat_stem,sa1,1,31/32,exact,0.00033573600376257673,fault_total
n1713gat_stem,sa1,1,31/32,exact,0.0006224680037121288,fault_total
n637gat_n15gat_A,sa0,1,18805311/2147483648,exact,0.01464002799912123,fault_total
n1717gat_stem,sa0,1,1/32,exact,0.0006988570021349005,fault_total
n1717gat_stem,sa1,1,31/32,exact,0.0006396630051312968,fault_total
n743gat_n86gat_A,sa0,1,4599/524288,exact,0.02089449000050081,fault_total
n637gat_n82gat_C,sa0,1,51/8192,exact,0.006571855999936815,fault_total
n743gat_n87gat_A,sa0,1,9/1024,exact,0.0055940379970707,fault_total
n294gat_n84gat_C,sa0,1,279/32768,exact,0.018728686998656485,fault_total
n294gat_n85gat_B,sa0,1,9/2048,exact,0.005293222995533142,fault_total
n1858gat_stem,sa0,1,5/8,exact,0.002982286001497414,fault_total
n294gat_n86gat_B,sa0,1,4599/524288,exact,0.020278112002415583,fault_total
n1858gat_stem,sa1,1,3/8,exact,0.002670625995961018,fault_total
n637gat_n85gat_C,sa0,1,9/2048,exact,0.005712051999580581,fault_total
n343gat,sa0,1,1/2,exact,0.006489661995146889,fault_total
n343gat,sa1,1,1/2,exact,0.0005822270031785592,fault_total
n803gat,sa0,1,1/2,exact,0.006559247005498037,fault_total
n128gat,sa0,1,1/4,exact,0.01367646899598185,fault_total
n803gat,sa1,1,1/2,exact,0.0006388670008163899,fault_total
n128gat,sa1,1,1/4,exact,0.013801673005218618,fault_total
n167gat,sa0,1,1/2,exact,0.006397447003109846,fault_total
n258gat,sa0,1,1/2,exact,0.006633566001255531,fault_total
n906gat,sa0,1,1/2,exact,0.0006692360038869083,fault_total
n167gat,sa1,1,1/2,exact,0.0006065209963708185,fault_total
n475gat,sa0,1,1/2,exact,0.000590898998780176,fault_total
n258gat,sa1,1,1/2,exact,0.0007609139938722365,fault_total
n906gat,sa1,1,1/2,exact,0.000522991998877842,fault_total
n493gat,sa0,1,1/2,exact,0.006671716000710148,fault_total
n709gat,sa0,1,1/2,exact,0.0005614959954982623,fault_total
n475gat,sa1,1,1/2,exact,0.0005568710039369762,fault_total
n944gat,sa0,1,1/2,exact,0.006851824000477791,fault_total
n728gat,sa0,1,1/2,exact,0.0006170650012791157,fault_total
n493gat,sa1,1,1/2,exact,0.0005278280004858971,fault_total
n709gat,sa1,1,1/2,exact,0.0005027970037190244,fault_total
n944gat,sa1,1,1/2,exact,0.0008368650014745072,fault_total
n728gat,sa1,1,1/2,exact,0.0005248649977147579,fault_total
n586gat,sa0,1,1/2,exact,0.0062391329993261024,fault_total
n586gat,sa1,1,1/2,exact,0.000603260996285826,fault_total
n686gat,sa0,1,1/2,exact,0.000559817002795171,fault_total
n686gat,sa1,1,1/2,exact,0.0005684169955202378,fault_total
n2011gat_n1422gat_A,sa0,1,130725/8388608,exact,0.0729011579969665,fault_total
n1410gat_n1420gat_A,sa0,1,130725/8388608,exact,0.07472188300016569,fault_total
n1221gat_n1215gat_B,sa0,1,1/8,exact,0.007960253999044653,fault_total
n2011gat_n1426gat_A,sa0,1,4725/262144,exact,0.034599782004079316,fault_total
n1222gat_n1215gat_C,sa0,1,1/8,exact,0.00793550399976084,fault_total
n1223gat_n1216gat_A,sa0,1,1/8,exact,0.008181010001862887,fault_total
n1221gat_n1217gat_B,sa0,1,1/8,exact,0.007695399996009655,fault_total
n126gat_n121gat_B,sa0,1,1/8,exact,0.01363418599794386,fault_total
n1590gat_n1101gat_A,sa0,1,21/65536,exact,0.014685417001601309,fault_total
n2011gat_n1481gat_B,sa0,1,3675/2097152,exact,0.03221445999952266,fault_total
n2162gat_n1421gat_A,sa0,1,49875/4194304,exact,0.04138268899987452,fault_total
n2162gat_n1420gat_B,sa0,1,49875/4194304,exact,0.03306610099389218,fault_total
n411gat_n414gat_A,sa0,1,335016239/8589934592,exact,0.16149296700314153,fault_total
n1222gat_n1216gat_C,sa0,1,1/8,exact,0.008319504995597526,fault_total
n1223gat_n1217gat_A,sa0,1,1/8,exact,0.007779031999234576,fault_total
n1444gat_n1320gat_A,sa0,1,21/65536,exact,0.01527109799644677,fault_total
n1530gat_n1423gat_B,sa0,1,2625/1048576,exact,0.06295494300138671,fault_total
n126gat_n123gat_B,sa0,1,1/8,exact,0.015186839998932555,fault_total
n1590gat_n1102gat_B,sa0,1,21/65536,exact,0.015317208999476861,fault_total
n2162gat_n1423gat_A,sa0,1,6825/4194304,exact,0.024076901005173568,fault_total
n2162gat_n1422gat_B,sa0,1,41475/4194304,exact,0.03824749100022018,fault_total
n1590gat_n1103gat_B,sa0,1,21/65536,exact,0.015471500002604444,fault_total
n2081gat_n1415gat_A,sa0,1,5775/4194304,exact,0.0277249050050159,fault_total
n1410gat_n1347gat_B,sa0,1,3675/2097152,exact,0.03175806700164685,fault_total
n1530gat_n1308gat_B,sa0,1,3675/2097152,exact,0.03044903300178703,fault_total
n1590gat_n1401gat_B,sa0,1,2067345/67108864,exact,0.0705722299971967,fault_total
n2610gat_n2603gat_C,sa0,1,1/8,exact,0.011463736002042424,fault_total
n2611gat_n2604gat_A,sa0,1,1/8,exact,0.008319881999341305,fault_total
n1590gat_n1104gat_B,sa0,1,21/65536,exact,0.015438740003446583,fault_total
n411gat_n354gat_A,sa0,1,322375/16777216,exact,0.0315605619980488,fault_total
n2081gat_n1416gat_A,sa0,1,2625/2097152,exact,0.05574578599771485,fault_total
n2081gat_n1308gat_A,sa0,1,4725/4194304,exact,0.019429683998168912,fault_total
n1530gat_n1354gat_B,sa0,1,4725/262144,exact,0.033637590997386724,fault_total
n2442gat_n1721gat_A,sa0,1,31/16384,exact,0.005365270997572225,fault_total
n522gat_n523gat_A,sa0,1,639/16384,exact,0.10374394899554318,fault_total
n2610gat_n2604gat_C,sa0,1,1/8,exact,0.011801013999502175,fault_total
n2611gat_n2605gat_A,sa0,1,1/8,exact,0.00861928299855208,fault_total
n1590gat_n1304gat_A,sa0,1,21/65536,exact,0.014903119001246523,fault_total
n2162gat_n1417gat_A,sa0,1,41475/4194304,exact,0.04390467399935005,fault_total
n415gat_n414gat_B,sa0,1,64383380231/2199023255552,exact,0.5985239399960847,fault_total
n1444gat_n1325gat_A,sa0,1,21/65536,exact,0.015146675999858417,fault_total
n2081gat_n1481gat_A,sa0,1,2625/2097152,exact,0.023143776001234073,fault_total
n1515gat_n1732gat_A,sa0,1,21/131072,exact,0.00929034699947806,fault_total
n1515gat_n1731gat_B,sa0,1,21/131072,exact,0.009891204004816245,fault_total
n1590gat_n1305gat_B,sa0,1,21/65536,exact,0.014390747004654258,fault_total
n1480gat_n1416gat_B,sa0,1,3675/2097152,exact,0.06764287300029537,fault_total
n2081gat_n1347gat_A,sa0,1,5775/4194304,exact,0.018902982003055513,fault_total
n2162gat_n1419gat_A,sa0,1,41475/4194304,exact,0.048571327002719045,fault_total
n521gat_n634gat_B,sa0,1,51516154783/2199023255552,exact,0.39605183900130214,fault_total
n2607gat_n2602gat_B,sa0,1,1/8,exact,0.008442657999694347,fault_total
n522gat_n354gat_B,sa0,1,767/32768,exact,0.019984411002951674,fault_total
n2442gat_n1391gat_B,sa0,1,31/1024,exact,0.00031617600325262174,fault_total
n2081gat_n1483gat_A,sa0,1,2625/2097152,exact,0.02180756400048267,fault_total
n1480gat_n1417gat_B,sa0,1,130725/8388608,exact,0.07827860899851657,fault_total
n1444gat_n1372gat_B,sa0,1,21/65536,exact,0.014907058997778222,fault_total
n1590gat_n1245gat_A,sa0,1,21/65536,exact,0.014461908998782746,fault_total
n415gat_n292gat_A,sa0,1,117430669/8589934592,exact,0.049028884001018014,fault_total
n2081gat_n1484gat_A,sa0,1,525/524288,exact,0.023607081006048247,fault_total
n1670gat_n1571gat_A,sa0,1,21/131072,exact,0.009148240002105013,fault_total
n2664gat_n2014gat_D,sa0,1,315/4096,exact,0.007592478999868035,fault_total
n2607gat_n2604gat_B,sa0,1,1/8,exact,0.008144350998918526,fault_total
n516gat_n408gat_A,sa0,1,2279027/67108864,exact,0.036474562002695166,fault_total
n2081gat_n1349gat_B,sa0,1,2625/2097152,exact,0.06037228900095215,fault_total
n1591gat_n1354gat_A,sa0,1,12075/1048576,exact,0.049634217997663654,fault_total
n1591gat_n1435gat_A,sa0,1,81375/8388608,exact,0.06046250499639427,fault_total
n1670gat_n1570gat_C,sa0,1,21/131072,exact,0.010545176002779044,fault_total
n356gat_n523gat_B,sa0,1,64407533589/2199023255552,exact,0.4854281730004004,fault_total
n1590gat_n1246gat_B,sa0,1,21/65536,exact,0.015309203001379501,fault_total
n1444gat_n1573gat_A,sa0,1,3/32768,exact,0.00975544400716899,fault_total
n2652gat_n2650gat_B,sa0,1,1/4,exact,0.006933417003892828,fault_total
n1101gat,sa0,1,441/131072,exact,0.015355603994976263,fault_total
n1609gat_n1607gat_B,sa0,1,525/4194304,exact,0.0156949660013197,fault_total
n1102gat,sa0,1,441/131072,exact,0.014770631001738366,fault_total
n1103gat,sa0,1,441/131072,exact,0.016775894997408614,fault_total
n1320gat,sa0,1,441/131072,exact,0.014925105999282096,fault_total
n1104gat,sa0,1,441/131072,exact,0.014358243999595288,fault_total
n1401gat,sa0,1,18627525/67108864,exact,0.14328990500507643,fault_total
n1401gat,sa1,1,11614057/67108864,exact,0.146923070999037,fault_total
n1700gat,sa0,1,1/32,exact,0.01144117100193398,fault_total
n1304gat,sa0,1,441/131072,exact,0.014824903999397065,fault_total
n1858gat_n1471gat_B,sa0,1,31/4096,exact,0.006833936997281853,fault_total
n1700gat,sa1,1,31739/32768,exact,0.012740944999677595,fault_total
n1215gat,sa0,1,1/8,exact,0.007518581005570013,fault_total
n1305gat,sa0,1,441/131072,exact,0.016472784001962282,fault_total
n1609gat_n1695gat_A,sa0,1,1/32,exact,0.004990592999092769,fault_total
n3106gat,sa0,1,1/2,exact,0.00010886299423873425,fault_total
n1702gat,sa0,1,1/32,exact,0.010588201999780722,fault_total
n1513gat,sa0,1,31/1024,exact,0.0002985399987665005,fault_total
n1216gat,sa0,1,1/8,exact,0.007416068001475651,fault_total
n2602gat,sa0,1,1/8,exact,0.00876014099776512,fault_total
n3007gat,sa0,1,325/8192,exact,0.0054311950007104315,fault_total
n1576gat_n1564gat_D,sa0,1,5/8192,exact,0.015058975994179491,fault_total
n1712gat,sa0,1,1/32,exact,0.00020042899996042252,fault_total
n1609gat_n1498gat_A,sa0,1,525/2097152,exact,0.016165856999577954,fault_total
n3106gat,sa1,1,1/2,exact,0.0001138299994636327,fault_total
n1702gat,sa1,1,31739/32768,exact,0.012754566996591166,fault_total
n16gat,sa0,1,255/8192,exact,0.0076960349979344755,fault_total
n1217gat,sa0,1,1/8,exact,0.007893428999523167,fault_total
n2603gat,sa0,1,1/8,exact,0.008657852005853783,fault_total
n1325gat,sa0,1,441/131072,exact,0.01731844300229568,fault_total
n1703gat,sa0,1,1/32,exact,0.010268420999636874,fault_total
n1640gat,sa0,1,105/131072,exact,0.010235021996777505,fault_total
n1798gat_n1920gat_C,sa0,1,239885/268435456,exact,0.009980652001104318,fault_total
n1713gat,sa0,1,1/32,exact,0.00019691699708346277,fault_total
n2328gat_n2498gat_B,sa0,1,0,exact,0.0003051409948966466,fault_total
n1712gat,sa1,1,31/32,exact,0.00019131999579258263,fault_total
n2289gat_n1467gat_A,sa0,1,15039/33554432,exact,0.014196964999428019,fault_total
n1551gat,sa0,1,1023/2048,exact,0.0003561650009942241,fault_total
n17gat,sa0,1,421194555/2147483648,exact,0.2399198749990319,fault_total
n2604gat,sa0,1,1/8,exact,0.009606121995602734,fault_total
n1245gat,sa0,1,441/131072,exact,0.017384917999152094,fault_total
n1704gat,sa0,1,1/32,exact,0.015421538999362383,fault_total
n1703gat,sa1,1,15148034135/17179869184,exact,0.055051982002623845,fault_total
n1722gat,sa0,1,105/131072,exact,0.010235638997983187,fault_total
n1560gat,sa0,1,105/131072,exact,0.010357649000070523,fault_total
n1713gat,sa1,1,31/32,exact,0.00021947699860902503,fault_total
n1551gat,sa1,1,33/2048,exact,0.0002893920027418062,fault_total
n1552gat,sa0,1,31/1024,exact,0.0007434329963871278,fault_total
n17gat,sa1,1,28079637/2147483648,exact,0.07165682400227524,fault_total
n2605gat,sa0,1,1/8,exact,0.009301944999606349,fault_total
n1372gat,sa0,1,441/131072,exact,0.01471039500029292,fault_total
n1246gat,sa0,1,441/131072,exact,0.016170610004337505,fault_total
n1704gat,sa1,1,15156635735/17179869184,exact,0.059813758001837414,fault_total
n1651gat,sa0,1,105/131072,exact,0.010787393002829049,fault_total
n2650gat,sa0,1,1/4,exact,0.0074954660012735985,fault_total
n3146gat,sa0,1,15/1024,exact,0.00027898300322704017,fault_total
n1517gat,sa0,1,31/1024,exact,0.00025332599761895835,fault_total
n1580gat,sa0,1,2433841/67108864,exact,0.013118366994604003,fault_total
n1562gat,sa0,1,105/131072,exact,0.010723465005867183,fault_total
n1643gat,sa0,1,105/131072,exact,0.01011067999934312,fault_total
n2650gat,sa1,1,1/2,exact,0.006937954000022728,fault_total
n3146gat,sa1,1,1009/1024,exact,0.0002843890033545904,fault_total
n2049gat,sa0,1,4421/16384,exact,0.0006022160014254041,fault_total
n1554gat,sa0,1,105/131072,exact,0.010093634002259932,fault_total
n1635gat,sa0,1,517819135/536870912,exact,0.01894414800335653,fault_total
n1717gat,sa0,1,1/32,exact,0.00022355400142259896,fault_total
n1735gat,sa0,1,93/1024,exact,0.005163403999176808,fault_total
n2049gat,sa1,1,4421/16384,exact,0.0006340580002870411,fault_total
n2428gat,sa0,1,58250049319/1099511627776,exact,0.041986657000961713,fault_total
n1258gat,sa0,1,441/131072,exact,0.017051700000592973,fault_total
n1635gat,sa1,1,16718113/536870912,exact,0.013358527998207137,fault_total
n1717gat,sa1,1,31/32,exact,0.0002072019997285679,fault_total
n1735gat,sa1,1,3/1024,exact,0.0003724080015672371,fault_total
n1718gat,sa0,1,155/256,exact,0.00024176499573513865,fault_total
n1961gat,sa0,1,520517/2097152,exact,0.00825245700252708,fault_total
n1277gat,sa0,1,1/4,exact,0.0011294889991404489,fault_total
n1961gat,sa1,1,12492083/16777216,exact,0.011230361997149885,fault_total
n1277gat,sa1,1,1/4,exact,0.001231709000421688,fault_total
n1719gat,sa0,1,157977165/268435456,exact,0.025393486001121346,fault_total
n1818gat,sa0,1,833091/33554432,exact,0.01847663600347005,fault_total
n1719gat,sa1,1,318441/16777216,exact,0.01491119500133209,fault_total
n1919gat,sa0,1,31/512,exact,0.00502751900057774,fault_total
n1919gat,sa1,1,1/512,exact,0.0003365860029589385,fault_total
n1858gat,sa0,1,5/8,exact,0.0002783010058919899,fault_total
n1894gat,sa0,1,16700821/268435456,exact,0.009319978998973966,fault_total
n1609gat_II2813_A,sa0,1,1/32,exact,0.005381237999245059,fault_total
n1858gat,sa1,1,3/8,exact,0.0001944780015037395,fault_total
n1778gat,sa0,1,1/32,exact,0.009747215000970755,fault_total
n1895gat,sa0,1,16700821/268435456,exact,0.009989076999772806,fault_total
n1967gat,sa0,1,12613/131072,exact,0.0072499249945394695,fault_total
n1698gat,sa0,1,837/4096,exact,0.005994157996610738,fault_total
n1778gat,sa1,1,15/16,exact,0.010290760998032056,fault_total
n1895gat,sa1,1,250524665/268435456,exact,0.012271197003428824,fault_total
n2286gat_II1733_A,sa0,1,268433407/2199023255552,exact,0.03154575799999293,fault_total
n1698gat,sa1,1,315/4096,exact,0.0005738049949286506,fault_total
n2289gat_II1733_C,sa0,1,268433407/2199023255552,exact,0.024814689997583628,fault_total
n1858gat_stem_n1402gat_A,sa0,1,1080709/67108864,exact,0.017508045995782595,fault_total
n1858gat_stem_n1581gat_A,sa0,1,239885/134217728,exact,0.010190077999141067,fault_total
n1858gat_stem_n1573gat_B,sa0,1,27/32768,exact,0.011171477999596391,fault_total
n1858gat_stem_n1476gat_A,sa0,1,37247661/268435456,exact,0.08672308599489043,fault_total
n1858gat_stem_n1864gat_A,sa0,1,239885/536870912,exact,0.010240796997095458,fault_total
n1625gat_stem,sa0,1,1/32,exact,0.00038026900438126177,fault_total
n1858gat_stem_n1469gat_A,sa0,1,5343347/536870912,exact,0.011406892001105007,fault_total
n1626gat_stem,sa0,1,1/32,exact,0.0003861619989038445,fault_total
n1625gat_stem,sa1,1,31/32,exact,0.00032141600240720436,fault_total
n1626gat_stem,sa1,1,31/32,exact,0.00031675799982622266,fault_total
n1858gat_stem_n1796gat_A,sa0,1,5/8192,exact,0.005753889003244694,fault_total
n412gat,sa0,1,511/131072,exact,0.018869194005674217,fault_total
n413gat,sa0,1,511/131072,exact,0.018282962999364827,fault_total
n414gat,sa0,1,267973423/8589934592,exact,0.1350966430036351,fault_total
n414gat,sa1,1,175890454037/2199023255552,exact,1.3533996799960732,fault_total
n523gat,sa0,1,268163469/8589934592,exact,0.180266584000492,fault_total
n406gat,sa0,1,746553/33554432,exact,0.03892106599960243,fault_total
n416gat,sa0,1,504093/67108864,exact,0.015725208002550062,fault_total
n523gat,sa1,1,175875356693/2199023255552,exact,0.8543255219992716,fault_total
n290gat,sa0,1,631803115/2147483648,exact,0.5114143139944645,fault_total
n406gat,sa1,1,2045/131072,exact,0.0184579560009297,fault_total
n417gat,sa0,1,1/256,exact,0.022696890999213792,fault_total
n354gat,sa0,1,12493427/67108864,exact,0.05262018700159388,fault_total
n290gat,sa1,1,90962479/2147483648,exact,0.26363854699593503,fault_total
n517gat,sa0,1,24549/131072,exact,0.027602032001595944,fault_total
n634gat,sa0,1,102955099039/2199023255552,exact,0.5434096140015754,fault_total
n292gat,sa0,1,328556621/2147483648,exact,0.4344856819952838,fault_total
n527gat,sa0,1,242461/33554432,exact,0.02005217899568379,fault_total
n634gat,sa1,1,154466257629/2199023255552,exact,1.1200050240004202,fault_total
n528gat,sa0,1,60615/16777216,exact,0.020682218004367314,fault_total
n289gat,sa0,1,284184409/1073741824,exact,0.33319477799523156,fault_total
n289gat,sa1,1,9167239/1073741824,exact,0.07081198100058828,fault_total
n128gat_n122gat_B,sa0,1,1/8,exact,0.014611573998990934,fault_total
n2215gat_n2352gat_B,sa0,1,325/65536,exact,0.006570420999196358,fault_total
n128gat_n124gat_B,sa0,1,1/8,exact,0.013677437003934756,fault_total
n2215gat_n2282gat_B,sa0,1,4421/262144,exact,0.005522740000742488,fault_total
n1921gat_n1920gat_B,sa0,1,239885/268435456,exact,0.009714036001241766,fault_total
n1275gat_n1270gat_B,sa0,1,1/8,exact,0.01016943399736192,fault_total
n1609gat_n1604gat_B,sa0,1,1/32,exact,0.009272082003008109,fault_total
n1275gat_n1272gat_B,sa0,1,1/8,exact,0.009812636999413371,fault_total
n2184gat_n2192gat_A,sa0,1,0,exact,0.00020169200433883816,fault_total
n1919gat_n1800gat_B,sa0,1,31/1024,exact,0.00026519100356381387,fault_total
n1551gat_n1593gat_A,sa0,1,31/64,exact,0.00019216799410060048,fault_total
n414gat_n629gat_A,sa0,1,27250519/4294967296,exact,0.06093146399507532,fault_total
n1277gat_n1273gat_B,sa0,1,1/8,exact,0.009730656995088793,fault_total
n1698gat_n1610gat_A,sa0,1,93/512,exact,0.00031178999779513106,fault_total
n17gat_n86gat_C,sa0,1,22995/524288,exact,0.04850194499886129,fault_total
n17gat_n87gat_B,sa0,1,45/1024,exact,0.005141524001373909,fault_total
n634gat_n635gat_B,sa0,1,50231157/4294967296,exact,0.04621422899799654,fault_total
n290gat_n359gat_A,sa0,1,3577/65536,exact,0.015468559999135323,fault_total
n1301gat,sa0,1,48825/4194304,exact,0.4738058149960125,fault_total
n1735gat_n1565gat_A,sa0,1,31/1024,exact,0.000385339000786189,fault_total
n523gat_n629gat_C,sa0,1,50716549/4294967296,exact,0.078671094001038,fault_total
n2650gat_n2647gat_B,sa0,1,1/4,exact,0.0074134120004600845,fault_total
n2650gat_n2648gat_A,sa0,1,1/4,exact,0.007597741001518443,fault_total
n1635gat_n1573gat_C,sa0,1,351447/33554432,exact,0.030938501004129648,fault_total
n1895gat_n1630gat_A,sa0,1,4175449/134217728,exact,0.007244122003612574,fault_total
n1778gat_n1604gat_A,sa0,1,1/32,exact,0.009912278001138475,fault_total
n1635gat_n1926gat_B,sa0,1,7301523/268435456,exact,0.013463877003232483,fault_total
n1213gat,sa0,1,1/2,exact,0.007088252998073585,fault_total
n1635gat_n1927gat_B,sa0,1,31717/32768,exact,0.007115447006071918,fault_total
n1719gat_n1564gat_B,sa0,1,4805/8192,exact,0.008269967998785432,fault_total
n1703gat_n1695gat_D,sa0,1,1/32,exact,0.004902012995444238,fault_total
n1704gat_n1695gat_C,sa0,1,1/32,exact,0.0051383269965299405,fault_total
n634gat_n629gat_B,sa0,1,14580765975/1099511627776,exact,0.21613323600467993,fault_total
n1719gat_n1574gat_A,sa0,1,368199/16777216,exact,0.035382992005907,fault_total
n1213gat,sa1,1,1/2,exact,0.007259910998982377,fault_total
n1160gat,sa0,1,48825/4194304,exact,0.14152567199926125,fault_total
n1698gat_n1613gat_B,sa0,1,93/4096,exact,0.00039408099837601185,fault_total
n1735gat_n1567gat_B,sa0,1,31/1024,exact,0.0002931850031018257,fault_total
n1735gat_n1793gat_B,sa0,1,31/1024,exact,0.0066760389963747,fault_total
n1919gat_n1915gat_B,sa0,1,31/1024,exact,0.0003095119973295368,fault_total
n3052gat,sa0,1,5/32,exact,0.00029234500107122585,fault_total
n1414gat,sa0,1,48825/4194304,exact,0.2658965189984883,fault_total
n1450gat,sa0,1,525/32768,exact,0.20733468500111485,fault_total
n3107gat,sa0,1,3/8,exact,0.00020375400345074013,fault_total
n3052gat,sa1,1,27/32,exact,0.00028164499963168055,fault_total
n1307gat,sa0,1,48825/4194304,exact,0.14155041799676837,fault_total
n1370gat,sa0,1,826875/8388608,exact,0.2831162789952941,fault_total
n1424gat,sa0,1,826875/8388608,exact,0.2858147220031242,fault_total
n1730gat,sa0,1,428739/268435456,exact,0.012012895000225399,fault_total
n289gat_n286gat_A,sa0,1,217/1024,exact,0.013465338997775689,fault_total
n1635gat_n1796gat_B,sa0,1,93/8192,exact,0.0059390149981481954,fault_total
n3107gat,sa1,1,5/8,exact,0.00020088800374651328,fault_total
n3126gat,sa0,1,1/2,exact,9.72279958659783e-05,fault_total
n1353gat,sa0,1,826875/8388608,exact,0.27422314099385403,fault_total
n1425gat,sa0,1,826875/8388608,exact,0.2943686099970364,fault_total
n2352gat,sa0,1,195/8192,exact,0.005915406996791717,fault_total
n289gat_n287gat_A,sa0,1,0,exact,0.014354642997204792,fault_total
n1719gat_n1794gat_B,sa0,1,155/8192,exact,0.005666482000378892,fault_total
n3126gat,sa1,1,1/2,exact,0.00013254000077722594,fault_total
n3127gat,sa0,1,1/2,exact,9.543200576445088e-05,fault_total
n2209gat,sa0,1,70411/262144,exact,0.007483750996470917,fault_total
n2146gat,sa0,1,4421/16384,exact,0.007105126998794731,fault_total
n1561gat,sa0,1,428739/268435456,exact,0.011239813997235615,fault_total
n2352gat,sa1,1,6955/131072,exact,0.006557738997798879,fault_total
n289gat_n288gat_A,sa0,1,31/256,exact,0.01544612799625611,fault_total
n1625gat,sa0,1,1/32,exact,0.00020839399803662673,fault_total
n1719gat_n1994gat_A,sa0,1,7436435/268435456,exact,0.013848324997525197,fault_total
n3127gat,sa1,1,1/2,exact,0.00011168899800395593,fault_total
n3128gat,sa0,1,1/2,exact,8.777299808571115e-05,fault_total
n1391gat,sa0,1,1/1024,exact,0.00025745300081325695,fault_total
n2048gat,sa0,1,0,exact,0.0004454790032468736,fault_total
n1634gat,sa0,1,31/1024,exact,0.00038705600309185684,fault_total
n2209gat,sa1,1,4421/16384,exact,0.006643818996963091,fault_total
n2146gat,sa1,1,70411/262144,exact,0.00753637999878265,fault_total
n82gat,sa0,1,17/8192,exact,0.006324864996713586,fault_total
n1157gat,sa0,1,48825/4194304,exact,0.11996631100191735,fault_total
n1418gat,sa0,1,826875/8388608,exact,0.26455182600329863,fault_total
n1355gat,sa0,1,826875/8388608,exact,0.24643003499659244,fault_total
n1436gat,sa0,1,826875/8388608,exact,0.24089729800471105,fault_total
n1724gat,sa0,1,428739/268435456,exact,0.011237259001063649,fault_total
n1652gat,sa0,1,428739/268435456,exact,0.011087041995779146,fault_total
n2282gat,sa0,1,32995/131072,exact,0.006700133999402169,fault_total
n1607gat,sa0,1,16275/4194304,exact,0.018527985994296614,fault_total
n1922gat,sa0,1,553929/268435456,exact,0.010414882002805825,fault_total
n1626gat,sa0,1,1/32,exact,0.0001939610010595061,fault_total
n1625gat,sa1,1,31/32,exact,0.0001614949942450039,fault_total
n3128gat,sa1,1,1/2,exact,0.00010550799925113097,fault_total
n1391gat,sa1,1,1023/1024,exact,0.00036485199962044135,fault_total
n2048gat,sa1,1,16656219/16777216,exact,0.005443308000394609,fault_total
n82gat,sa1,1,1081/2048,exact,0.008451620997220743,fault_total
n1437gat,sa0,1,826875/8388608,exact,0.3079688139987411,fault_total
n1356gat,sa0,1,826875/8388608,exact,0.2938715179989231,fault_total
n1572gat,sa0,1,7436435/134217728,exact,0.011373731002095155,fault_total
n1581gat,sa0,1,78511/67108864,exact,0.009577092998370063,fault_total
n1671gat,sa0,1,435907/16777216,exact,0.015577411999402102,fault_total
n1743gat,sa0,1,2433841/268435456,exact,0.010661831998731941,fault_total
n1626gat,sa1,1,31/32,exact,0.00019595399498939514,fault_total
n1636gat,sa0,1,5/256,exact,0.00021126499632373452,fault_total
n1384gat,sa0,1,1/2,exact,0.00011400399671401829,fault_total
n1348gat,sa0,1,48825/4194304,exact,0.4506414939969545,fault_total
n1366gat,sa0,1,826875/8388608,exact,0.23430435200134525,fault_total
n1700gat_II2813_C,sa0,1,1/32,exact,0.005970528000034392,fault_total
n1703gat_II2812_A,sa0,1,1/32,exact,0.005080273003841285,fault_total
n1636gat,sa1,1,251/256,exact,0.0004813369960174896,fault_total
n1439gat,sa0,1,826875/8388608,exact,0.3060700700007146,fault_total
n1727gat,sa0,1,428739/268435456,exact,0.011316470001474954,fault_total
n2582gat,sa0,1,1/2,exact,0.0011040030003641732,fault_total
n1592gat,sa0,1,48825/4194304,exact,0.250505799005623,fault_total
n1702gat_II2813_B,sa0,1,1/32,exact,0.00517852100165328,fault_total
n1778gat_n1695gat_B,sa0,1,1/32,exact,0.004732829998829402,fault_total
n1890gat,sa0,1,1/2,exact,0.00015380499826278538,fault_total
n1449gat,sa0,1,106575/1048576,exact,0.23627349700109335,fault_total
n1656gat,sa0,1,428739/268435456,exact,0.011200868000742048,fault_total
n2349gat,sa0,1,66315/262144,exact,0.006256526998186018,fault_total
n2582gat,sa1,1,1/2,exact,0.0010406289948150516,fault_total
n2619gat,sa0,1,1/2,exact,0.0011971440035267733,fault_total
n1917gat,sa0,1,553929/268435456,exact,0.010806357997353189,fault_total
n1476gat,sa0,1,10762495/67108864,exact,0.10024831199552864,fault_total
n1704gat_II2812_B,sa0,1,1/32,exact,0.005027518003771547,fault_total
n1864gat,sa0,1,78511/134217728,exact,0.00991892199817812,fault_total
n1855gat,sa0,1,3771/4096,exact,0.0009071880049305037,fault_total
n1648gat,sa0,1,428739/268435456,exact,0.011250713003391866,fault_total
n2619gat,sa1,1,1/2,exact,0.0009449220015085302,fault_total
n1476gat,sa1,1,53337785/268435456,exact,0.10629039900231874,fault_total
n1698gat_n1696gat_B,sa0,1,93/4096,exact,0.00038682900049025193,fault_total
n1864gat,sa1,1,237709/67108864,exact,0.011784763999457937,fault_total
n1855gat,sa1,1,325/4096,exact,0.0009236010009772144,fault_total
n1478gat,sa0,1,48825/4194304,exact,0.12213442700158339,fault_total
n1487gat,sa0,1,826875/8388608,exact,0.2458892909999122,fault_total
n2585gat,sa0,1,1/2,exact,0.0011565620006876998,fault_total
n1895gat_n1896gat_B,sa0,1,1105/262144,exact,0.007419814995955676,fault_total
n1569gat,sa0,1,428739/268435456,exact,0.01035090100049274,fault_total
n2585gat,sa1,1,1/2,exact,0.0009368920000270009,fault_total
n1859gat,sa0,1,15369459/268435456,exact,0.01142505699681351,fault_total
n1859gat,sa1,1,495789/268435456,exact,0.009621383993362542,fault_total
n1978gat,sa0,1,31/16384,exact,0.00039377100620185956,fault_total
n1778gat_II2812_C,sa0,1,1/32,exact,0.005160158994840458,fault_total
II1733,sa0,1,66839918343/1099511627776,exact,0.0901155600004131,fault_total
n1625gat_stem_n1780gat_B,sa0,1,1/32,exact,0.004936110999551602,fault_total
n1626gat_stem_n1780gat_C,sa0,1,1/32,exact,0.004983781996998005,fault_total
n130gat,sa0,1,1/4,exact,0.013491109995811712,fault_total
n130gat,sa1,1,1/4,exact,0.013694668996322434,fault_total
n129gat,sa0,1,1/4,exact,0.013983815995743498,fault_total
n129gat,sa1,1,1/4,exact,0.013563871994847432,fault_total
n754gat,sa0,1,1/4,exact,0.00660317199799465,fault_total
n754gat,sa1,1,1/4,exact,0.006830528000136837,fault_total
n757gat,sa0,1,1/4,exact,0.006519057998957578,fault_total
n757gat,sa1,1,1/4,exact,0.006929850998858456,fault_total
n876gat,sa0,1,48825/4194304,exact,0.13929254799586488,fault_total
n1700gat_n1604gat_D,sa0,1,1/32,exact,0.009390725004777778,fault_total
n1704gat_n2421gat_B,sa0,1,525/2097152,exact,0.01585597299708752,fault_total
n406gat_n410gat_D,sa0,1,511/65536,exact,0.014028534002136439,fault_total
n17gat_n15gat_B,sa0,1,94026555/2147483648,exact,0.03418142200098373,fault_total
n1702gat_n1604gat_C,sa0,1,1/32,exact,0.008794200002739672,fault_total
n1635gat_n1800gat_A,sa0,1,31/1024,exact,0.0002825500050676055,fault_total
n1700gat_n1690gat_A,sa0,1,1/32,exact,0.004831211997952778,fault_total
n523gat_n630gat_B,sa0,1,0,exact,0.015357295997091569,fault_total
n414gat_n632gat_A,sa0,1,511/32768,exact,0.023305390001041815,fault_total
n523gat_n631gat_A,sa0,1,0,exact,0.006013447004079353,fault_total
n1551gat_n1516gat_A,sa0,1,31/1024,exact,0.0002962529979413375,fault_total
n1961gat_n2330gat_B,sa0,1,325/16384,exact,0.006323850997432601,fault_total
n634gat_n630gat_A,sa0,1,66942837/4294967296,exact,0.03920536700024968,fault_total
n523gat_n632gat_B,sa0,1,767/65536,exact,0.024680771995917894,fault_total
n1703gat_n1608gat_B,sa0,1,1915533/268435456,exact,0.10013937099574832,fault_total
n1704gat_n1608gat_A,sa0,1,1915533/268435456,exact,0.10266962799505563,fault_total
n1702gat_n1690gat_B,sa0,1,1/32,exact,0.00035188299807487056,fault_total
n290gat_n291gat_A,sa0,1,623214059/2147483648,exact,0.47546635400067316,fault_total
n1401gat_n1397gat_B,sa0,1,189/1024,exact,0.008132799994200468,fault_total
n406gat_n409gat_A,sa0,1,484921/33554432,exact,0.03261512399330968,fault_total
n414gat_n636gat_A,sa0,1,0,exact,0.008066492999205366,fault_total
n2049gat_n2057gat_A,sa0,1,325/8192,exact,0.0004295940016163513,fault_total
n17gat_n84gat_B,sa0,1,1395/32768,exact,0.039484789995185565,fault_total
n414gat_n635gat_C,sa0,1,0,exact,0.01729576899379026,fault_total
n17gat_n85gat_A,sa0,1,45/2048,exact,0.005405443000199739,fault_total
n1277gat_n1271gat_B,sa0,1,1/8,exact,0.009977406996767968,fault_total
n2352gat_n2565gat_A,sa0,1,195/16384,exact,0.005652132000250276,fault_total
n1864gat_n1920gat_A,sa0,1,78511/268435456,exact,0.010209741994913202,fault_total
n1300gat,sa0,1,525/131072,exact,0.01603101000364404,fault_total
n2146gat_n2196gat_B,sa0,1,325/8192,exact,0.006360015999234747,fault_total
n2582gat_n2580gat_A,sa0,1,1/4,exact,0.011536775004060473,fault_total
n1476gat_n1472gat_A,sa0,1,275/2048,exact,0.007505989997298457,fault_total
n2048gat_n2539gat_A,sa0,1,0,exact,0.00036250000266591087,fault_total
n2619gat_n2615gat_B,sa0,1,1/4,exact,0.011956105001445394,fault_total
n1855gat_n2192gat_B,sa0,1,3771/4096,exact,0.0004375970020191744,fault_total
n1855gat_n2057gat_B,sa0,1,3771/8192,exact,0.0005431690005934797,fault_total
n1855gat_n2147gat_B,sa0,1,116901/131072,exact,0.00986732100136578,fault_total
n2209gat_n2396gat_B,sa0,1,4875/131072,exact,0.006356714002322406,fault_total
n754gat_n751gat_B,sa0,1,1/8,exact,0.006859740999061614,fault_total
n1105gat,sa0,1,525/131072,exact,0.014577879002899863,fault_total
n1855gat_n2329gat_A,sa0,1,3771/8192,exact,0.000407457999244798,fault_total
n2582gat_n2583gat_A,sa0,1,1/4,exact,0.010914765996858478,fault_total
n2619gat_n2617gat_B,sa0,1,1/4,exact,0.010623828995449003,fault_total
n1610gat,sa0,1,35/512,exact,0.0002778180059976876,fault_total
n1151gat,sa0,1,525/1048576,exact,0.015168031997745857,fault_total
n1322gat,sa0,1,525/131072,exact,0.015005396002379712,fault_total
n1502gat,sa0,1,17325/4194304,exact,0.013594074996944983,fault_total
n1106gat,sa0,1,525/131072,exact,0.014662935005617328,fault_total
n1855gat_n2194gat_B,sa0,1,11313/16384,exact,0.00040271400212077424,fault_total
n1610gat,sa1,1,477/512,exact,0.00024917600239859894,fault_total
n1800gat,sa0,1,1/1024,exact,0.0004373559931991622,fault_total
n1855gat_n2195gat_B,sa0,1,116901/131072,exact,0.01609617000212893,fault_total
n757gat_n750gat_C,sa0,1,1/8,exact,0.006484550001914613,fault_total
n2585gat_n2581gat_B,sa0,1,1/4,exact,0.01058864500373602,fault_total
n1800gat,sa1,1,1023/1024,exact,0.00026264600455760956,fault_total
n1153gat,sa0,1,525/1048576,exact,0.01319412999873748,fault_total
n1306gat,sa0,1,525/131072,exact,0.01474542600044515,fault_total
n1630gat,sa0,1,125262495/268435456,exact,0.010556728004303295,fault_total
n2350gat,sa0,1,4421/262144,exact,0.005209692993958015,fault_total
n757gat_n751gat_C,sa0,1,1/8,exact,0.0066609639980015345,fault_total
n52gat,sa0,1,1/4,exact,0.006349889001285192,fault_total
n61gat,sa0,1,1/4,exact,0.006556024003657512,fault_total
n1604gat,sa0,1,7/8,exact,0.005845486004545819,fault_total
n1859gat_n1915gat_A,sa0,1,31/1024,exact,0.0004889030024060048,fault_total
n2585gat_n2583gat_B,sa0,1,1/4,exact,0.011165557996719144,fault_total
n1452gat,sa0,1,1/4,exact,0.00023699700250290334,fault_total
n52gat,sa1,1,1/4,exact,0.006621323002036661,fault_total
n53gat,sa0,1,1/4,exact,0.0064843690051930025,fault_total
n61gat,sa1,1,1/4,exact,0.006438467004045378,fault_total
n1155gat,sa0,1,525/1048576,exact,0.015118324998184107,fault_total
n1164gat,sa0,1,525/131072,exact,0.014869669001200236,fault_total
n1604gat,sa1,1,1/8,exact,0.0012626980023924261,fault_total
n1516gat,sa0,1,1/1024,exact,0.0002539220004109666,fault_total
n2056gat,sa0,1,403031/1048576,exact,0.00924186499469215,fault_total
n53gat,sa1,1,1/4,exact,0.006751962995622307,fault_total
n1156gat,sa0,1,525/1048576,exact,0.012644001995795406,fault_total
n1309gat,sa0,1,525/131072,exact,0.016869156999746338,fault_total
n754gat_n749gat_B,sa0,1,1/8,exact,0.006504662997031119,fault_total
n1859gat_n1916gat_B,sa0,1,7436435/268435456,exact,0.010957936996419448,fault_total
n1516gat,sa1,1,1023/1024,exact,0.00031372700323117897,fault_total
n2056gat,sa1,1,403551/1048576,exact,0.00827776400547009,fault_total
n1544gat,sa0,1,1085/4096,exact,0.00037675999919883907,fault_total
n64gat,sa0,1,1/4,exact,0.007111892999091651,fault_total
n1247gat,sa0,1,525/131072,exact,0.01744051599962404,fault_total
n1733gat,sa0,1,239885/134217728,exact,0.009598456003004685,fault_total
n1707gat,sa0,1,1085/4096,exact,0.0003432469966355711,fault_total
n64gat,sa1,1,1/4,exact,0.006706965999910608,fault_total
n65gat,sa0,1,1/4,exact,0.006299740001850296,fault_total
n1158gat,sa0,1,525/1048576,exact,0.012300579001021106,fault_total
n1374gat,sa0,1,525/131072,exact,0.014675811005872674,fault_total
n1248gat,sa0,1,525/131072,exact,0.017614280004636385,fault_total
n1608gat,sa0,1,3422962779/17179869184,exact,0.42140114799985895,fault_total
n1690gat,sa0,1,15/16,exact,0.00038179699913598597,fault_total
n65gat,sa1,1,1/4,exact,0.006599377004022244,fault_total
n1159gat,sa0,1,525/1048576,exact,0.012635256003704853,fault_total
n1573gat,sa0,1,15/32768,exact,0.010263767006108537,fault_total
n1608gat,sa1,1,1915533/134217728,exact,0.11500856899510836,fault_total
n3149gat,sa0,1,7/8,exact,0.00021872999786864966,fault_total
n1565gat,sa0,1,1/1024,exact,0.00026950600295094773,fault_total
n1690gat,sa1,1,1/16,exact,0.00026819700724445283,fault_total
n85gat,sa0,1,3/2048,exact,0.0005921769989072345,fault_total
n49gat,sa0,1,1/4,exact,0.006662362997303717,fault_total
n1574gat,sa0,1,27/32768,exact,0.010639884996635374,fault_total
n3149gat,sa1,1,1/8,exact,0.0001543969992781058,fault_total
n1565gat,sa1,1,1023/1024,exact,0.00023293699632631615,fault_total
n1593gat,sa0,1,1/64,exact,0.00016215199866564944,fault_total
n85gat,sa1,1,1527/4096,exact,0.005954086998826824,fault_total
n49gat,sa1,1,1/4,exact,0.006859510001959279,fault_total
n1278gat,sa0,1,1/4,exact,0.0098766480004997,fault_total
n1629gat,sa0,1,62631085/134217728,exact,0.011001653998391703,fault_total
n1567gat,sa0,1,1/1024,exact,0.0002866360009647906,fault_total
n1593gat,sa1,1,63/64,exact,0.00019391700334381312,fault_total
n1278gat,sa1,1,1/4,exact,0.009763728005054872,fault_total
n1279gat,sa0,1,1/4,exact,0.009525489003863186,fault_total
n2647gat,sa0,1,1/4,exact,0.00670071599597577,fault_total
n1378gat,sa0,1,525/131072,exact,0.01737106499786023,fault_total
n1369gat,sa0,1,525/131072,exact,0.01733786200202303,fault_total
n1396gat,sa0,1,2326569/33554432,exact,0.12107057500543306,fault_total
n1684gat,sa0,1,3693471/33554432,exact,0.04102443799638422,fault_total
n1567gat,sa1,1,1023/1024,exact,0.00031299900001613423,fault_total
n1892gat,sa0,1,133612093/268435456,exact,0.013575358003436122,fault_total
n1279gat,sa1,1,1/4,exact,0.009637502997065894,fault_total
n2648gat,sa0,1,1/4,exact,0.006787259000702761,fault_total
n2666gat,sa0,1,525/2097152,exact,0.01567916000203695,fault_total
n1396gat,sa1,1,4752153/33554432,exact,0.12258216600457672,fault_total
n1892gat,sa1,1,133613393/268435456,exact,0.011618254000495654,fault_total
n1794gat,sa0,1,5/8192,exact,0.005552073998842388,fault_total
n1796gat,sa0,1,3/8192,exact,0.005518663005204871,fault_total
n1994gat,sa0,1,239885/268435456,exact,0.009532709002087358,fault_total
n1896gat,sa0,1,6045/262144,exact,0.007274773997778539,fault_total
n1896gat,sa1,1,14105/262144,exact,0.006862088994239457,fault_total
n1889gat,sa0,1,381/512,exact,0.009513331999187358,fault_total
II2812,sa0,1,3/32,exact,0.004990938003174961,fault_total
n410gat,sa0,1,0,exact,0.009820495004532859,fault_total
n510gat,sa0,1,1/4,exact,0.006407774999388494,fault_total
n510gat,sa1,1,1/4,exact,0.006520234004710801,fault_total
n125gat,sa0,1,1/4,exact,0.01361472000280628,fault_total
n513gat,sa0,1,1/4,exact,0.00665827499324223,fault_total
n125gat,sa1,1,1/4,exact,0.01365900199743919,fault_total
n513gat,sa1,1,1/4,exact,0.006434795999666676,fault_total
n514gat,sa0,1,1/4,exact,0.00647694400686305,fault_total
n127gat,sa0,1,1/4,exact,0.013369503998546861,fault_total
n334gat,sa0,1,31589/32768,exact,0.01285308800288476,fault_total
n253gat,sa0,1,31589/32768,exact,0.010160755999095272,fault_total
n524gat,sa0,1,88920259375/2199023255552,exact,0.24088670300261583,fault_total
n514gat,sa1,1,1/4,exact,0.00711581500218017,fault_total
n127gat,sa1,1,1/4,exact,0.013862831998267211,fault_total
n334gat,sa1,1,1019/32768,exact,0.007428094002534635,fault_total
n253gat,sa1,1,1019/32768,exact,0.006265012001676951,fault_total
n524gat,sa1,1,217903919/8589934592,exact,0.04630613699555397,fault_total
n633gat,sa0,1,360076021/8589934592,exact,0.2274961369985249,fault_total
n291gat,sa0,1,89735471/2147483648,exact,0.20390557700011414,fault_total
n633gat,sa1,1,9/256,exact,0.01878606899845181,fault_total
n291gat,sa1,1,4005879917/8589934592,exact,1.031873481006187,fault_total
n942gat,sa0,1,1/4,exact,0.006764035999367479,fault_total
n573gat,sa0,1,1/4,exact,0.006600266999157611,fault_total
n286gat,sa0,1,12050951/2147483648,exact,0.033363365997502115,fault_total
n942gat,sa1,1,1/4,exact,0.006502717995317653,fault_total
n943gat,sa0,1,1/4,exact,0.006585379996977281,fault_total
n573gat,sa1,1,1/4,exact,0.006237835994397756,fault_total
n358gat,sa0,1,6469747/33554432,exact,0.058449742005905136,fault_total
n286gat,sa1,1,920642055/2147483648,exact,0.039521124002931174,fault_total
n287gat,sa0,1,94207/16777216,exact,0.04590613199979998,fault_total
n755gat,sa0,1,1/4,exact,0.006854151004517917,fault_total
n943gat,sa1,1,1/4,exact,0.006593043995962944,fault_total
n639gat,sa0,1,88920259375/2199023255552,exact,0.29229200600093463,fault_total
n288gat,sa0,1,62890517/8589934592,exact,0.06483223699615337,fault_total
n287gat,sa1,1,94207/16777216,exact,0.054898016998777166,fault_total
n755gat,sa1,1,1/4,exact,0.006531879000249319,fault_total
n756gat,sa0,1,1/4,exact,0.006812724001065362,fault_total
n576gat,sa0,1,1/4,exact,0.006405905995052308,fault_total
n639gat,sa1,1,217962893/8589934592,exact,0.05718755500129191,fault_total
n288gat,sa1,1,2136973845/8589934592,exact,0.08659308699861867,fault_total
n756gat,sa1,1,1/4,exact,0.006596259998332243,fault_total
n576gat,sa1,1,1/4,exact,0.006371634000970516,fault_total
n577gat,sa0,1,1/4,exact,0.006369392001943197,fault_total
n982gat,sa0,1,525/1048576,exact,0.012486031002481468,fault_total
n577gat,sa1,1,1/4,exact,0.006251138998777606,fault_total
n939gat,sa0,1,1/4,exact,0.006656339995970484,fault_total
n939gat,sa1,1,1/4,exact,0.006795776003855281,fault_total
n877gat,sa0,1,525/1048576,exact,0.012255289002496284,fault_total
n130gat_n123gat_A,sa0,1,1/8,exact,0.013508907999494113,fault_total
n130gat_n124gat_A,sa0,1,1/8,exact,0.013466444994264748,fault_total
n82gat_n12gat_B,sa0,1,1/1024,exact,0.004799537004146259,fault_total
n129gat_n122gat_C,sa0,1,1/8,exact,0.013207060997956432,fault_total
n129gat_n123gat_C,sa0,1,1/8,exact,0.013538331993913744,fault_total
n286gat_n181gat_A,sa0,1,16383/8388608,exact,0.03370649400312686,fault_total
n49gat_n44gat_B,sa0,1,1/8,exact,0.006360334999044426,fault_total
n1278gat_n1271gat_C,sa0,1,1/8,exact,0.009521255000436213,fault_total
n1279gat_n1272gat_A,sa0,1,1/8,exact,0.009427737000805791,fault_total
n291gat_n419gat_B,sa0,1,387783/16777216,exact,0.025964809996366967,fault_total
n633gat_n636gat_B,sa0,1,5/1024,exact,0.010031743993749842,fault_total
n287gat_n180gat_C,sa0,1,1/1024,exact,0.004957983997883275,fault_total
n49gat_n46gat_B,sa0,1,1/8,exact,0.006504826000309549,fault_total
n64gat_n57gat_C,sa0,1,1/8,exact,0.0063240489980671555,fault_total
n65gat_n58gat_A,sa0,1,1/8,exact,0.006546043994603679,fault_total
n573gat_n570gat_B,sa0,1,1/8,exact,0.0062743900052737445,fault_total
n1278gat_n1272gat_C,sa0,1,1/8,exact,0.009610159999283496,fault_total
n1279gat_n1273gat_A,sa0,1,1/8,exact,0.009456724998017307,fault_total
n2056gat_n2387gat_A,sa0,1,9815/262144,exact,0.007204974994238,fault_total
n64gat_n58gat_C,sa0,1,1/8,exact,0.006377852994774003,fault_total
n65gat_n59gat_A,sa0,1,1/8,exact,0.006384107997291721,fault_total
n1396gat_n1408gat_B,sa0,1,687393/16777216,exact,0.08872988400253234,fault_total
n1302gat,sa0,1,525/131072,exact,0.013740034999500494,fault_total
n2050gat,sa0,1,1/4,exact,0.00024554700212320313,fault_total
n1303gat,sa0,1,525/131072,exact,0.013573331001680344,fault_total
n21gat,sa0,1,3190634433/4294967296,exact,0.2946945420044358,fault_total
n85gat_n68gat_A,sa0,1,0,exact,0.00037462799809873104,fault_total
n756gat_n750gat_B,sa0,1,1/8,exact,0.007198304003395606,fault_total
n577gat_n570gat_A,sa0,1,1/8,exact,0.006634202996792737,fault_total
n1892gat_n2436gat_B,sa0,1,9945/262144,exact,0.007389230995613616,fault_total
n1608gat_n1469gat_B,sa0,1,260015/4194304,exact,0.012026673997752368,fault_total
n639gat_n635gat_A,sa0,1,74961615663/2199023255552,exact,0.26404905899835285,fault_total
n576gat_n570gat_C,sa0,1,1/8,exact,0.006911805998242926,fault_total
n577gat_n571gat_A,sa0,1,1/8,exact,0.006359085004078224,fault_total
n50gat,sa0,1,1/4,exact,0.0007122039969544858,fault_total
n1440gat,sa0,1,525/131072,exact,0.013653918998898007,fault_total
n1710gat,sa0,1,8349923/268435456,exact,0.006963845000427682,fault_total
n287gat_n186gat_B,sa0,1,7/4096,exact,0.00637658299820032,fault_total
n755gat_n752gat_C,sa0,1,1/8,exact,0.006581394001841545,fault_total
n756gat_n752gat_B,sa0,1,1/8,exact,0.006426820997148752,fault_total
n50gat,sa1,1,1/4,exact,0.0005639099981635809,fault_total
n51gat,sa0,1,1/4,exact,0.0008235440036514774,fault_total
n60gat,sa0,1,1/4,exact,0.0005449550008052029,fault_total
n1441gat,sa0,1,525/131072,exact,0.013530522999644745,fault_total
n1351gat,sa0,1,525/131072,exact,0.014177037002809811,fault_total
n1360gat,sa0,1,525/131072,exact,0.014232143003027886,fault_total
n287gat_n187gat_B,sa0,1,2089479/1073741824,exact,0.012745613006700296,fault_total
n942gat_n935gat_C,sa0,1,1/8,exact,0.006562756003404502,fault_total
n943gat_n936gat_A,sa0,1,1/8,exact,0.006573272003151942,fault_total
n1396gat_n1466gat_C,sa0,1,951783/33554432,exact,0.012676762999035418,fault_total
n1613gat,sa0,1,35/4096,exact,0.0003136040031677112,fault_total
n51gat,sa1,1,1/4,exact,0.0005403160030255094,fault_total
n60gat,sa1,1,1/4,exact,0.000628526002401486,fault_total
n1352gat,sa0,1,525/131072,exact,0.013655397000547964,fault_total
n639gat_n636gat_C,sa0,1,13/2048,exact,0.011667037004372105,fault_total
n288gat_n186gat_C,sa0,1,7/4096,exact,0.006383336003636941,fault_total
n942gat_n936gat_C,sa0,1,1/8,exact,0.006569907003722619,fault_total
n943gat_n937gat_A,sa0,1,1/8,exact,0.006776385998819023,fault_total
n573gat_n568gat_B,sa0,1,1/8,exact,0.006531733000883833,fault_total
n1613gat,sa1,1,4061/4096,exact,0.00045341199438553303,fault_total
n62gat,sa0,1,1/4,exact,0.0005469140014611185,fault_total
n1371gat,sa0,1,525/131072,exact,0.013611181995656807,fault_total
n2047gat,sa0,1,1/4,exact,0.00021909100178163499,fault_total
n62gat,sa1,1,1/4,exact,0.000569468000321649,fault_total
n63gat,sa0,1,1/4,exact,0.0005370210055843927,fault_total
n63gat,sa1,1,1/4,exact,0.0005663210031343624,fault_total
n1274gat,sa0,1,1/4,exact,0.0014281260009738617,fault_total
n1409gat,sa0,1,992901/16777216,exact,0.08561704100429779,fault_total
n1490gat,sa0,1,1019/65536,exact,0.006317438994301483,fault_total
n2930gat,sa0,1,525/262144,exact,0.024739861000853125,fault_total
n939gat_n934gat_B,sa0,1,1/8,exact,0.006892318000609521,fault_total
n1896gat_n1971gat_A,sa0,1,6045/524288,exact,0.008050112002820242,fault_total
n1274gat,sa1,1,1/4,exact,0.0012502679965109564,fault_total
n1490gat,sa1,1,31589/65536,exact,0.009072890999959782,fault_total
n2616gat,sa0,1,1/2,exact,0.000988201005384326,fault_total
n1923gat,sa0,1,715303/268435456,exact,0.011004079999111127,fault_total
n755gat_n749gat_C,sa0,1,1/8,exact,0.006638728998950683,fault_total
n1915gat,sa0,1,1/1024,exact,0.00045671299449168146,fault_total
n48gat,sa0,1,1/4,exact,0.0005556789983529598,fault_total
n1276gat,sa0,1,1/4,exact,0.0010687329995562322,fault_total
n1357gat,sa0,1,525/131072,exact,0.013614658993901685,fault_total
n2616gat,sa1,1,1/2,exact,0.0008963370055425912,fault_total
n939gat_n936gat_B,sa0,1,1/8,exact,0.006518561996927019,fault_total
n576gat_n569gat_C,sa0,1,1/8,exact,0.00632019999466138,fault_total
n1915gat,sa1,1,1023/1024,exact,0.00028343799931462854,fault_total
n48gat,sa1,1,1/4,exact,0.0007879830009187572,fault_total
n1276gat,sa1,1,1/4,exact,0.001190638002299238,fault_total
n1367gat,sa0,1,525/131072,exact,0.013350526001886465,fault_total
n1358gat,sa0,1,525/131072,exact,0.013942568002676126,fault_total
n2564gat,sa0,1,6955/262144,exact,0.006101091996242758,fault_total
n76gat,sa0,1,1527/4096,exact,0.005438349995529279,fault_total
n1916gat,sa0,1,239885/268435456,exact,0.009397964997333474,fault_total
n1836gat,sa0,1,1/8,exact,0.004747700004372746,fault_total
n1359gat,sa0,1,525/131072,exact,0.01398385100037558,fault_total
n2565gat,sa0,1,6955/262144,exact,0.006084156993892975,fault_total
n2583gat,sa0,1,1/4,exact,0.0106745899975067,fault_total
n1604gat_II1734_A,sa0,1,13153236943/1099511627776,exact,0.024889264997909777,fault_total
n1836gat,sa1,1,7/8,exact,0.0002550650024204515,fault_total
n2583gat,sa1,1,1/2,exact,0.010513310997339431,fault_total
n1792gat,sa0,1,31/1024,exact,0.00033308600541204214,fault_total
n79gat,sa0,1,400239447/536870912,exact,0.18404097799793817,fault_total
n88gat,sa0,1,47337/65536,exact,0.24657314099749783,fault_total
n1686gat,sa0,1,1391649/33554432,exact,0.000880261002748739,fault_total
n1696gat,sa0,1,35/4096,exact,0.00032577999809291214,fault_total
n1885gat,sa0,1,127/128,exact,0.0003074830019613728,fault_total
n1696gat,sa1,1,4061/4096,exact,0.00048005799908423796,fault_total
n2957gat,sa0,1,525/262144,exact,0.022382671995728742,fault_total
n2988gat,sa0,1,396907/134217728,exact,0.010005766001995653,fault_total
n2988gat,sa1,1,12304117/134217728,exact,0.012843359996622894,fault_total
n2646gat_stem,sa0,1,1/2,exact,0.0004410680048749782,fault_total
n2646gat_stem,sa1,1,1/2,exact,0.0004187540034763515,fault_total
n123gat,sa0,1,1/8,exact,0.013187074000597931,fault_total
n511gat,sa0,1,1/4,exact,0.0006117589946370572,fault_total
n511gat,sa1,1,1/4,exact,0.0004894119992968626,fault_total
n512gat,sa0,1,1/4,exact,0.0005400980007834733,fault_total
n233gat,sa0,1,1019/65536,exact,0.006108050001785159,fault_total
n512gat,sa1,1,1/4,exact,0.000543581998499576,fault_total
n233gat,sa1,1,31589/65536,exact,0.007924265002657194,fault_total
n741gat,sa0,1,55104876823/1099511627776,exact,0.36126300600153627,fault_total
n940gat,sa0,1,1/4,exact,0.0006629159979638644,fault_total
n741gat,sa1,1,453063/16777216,exact,0.04598779099615058,fault_total
n940gat,sa1,1,1/4,exact,0.0006789350009057671,fault_total
n941gat,sa0,1,1/4,exact,0.000537628002348356,fault_total
n509gat,sa0,1,1/4,exact,0.0005457389997900464,fault_total
n572gat,sa0,1,1/4,exact,0.0005510480041266419,fault_total
n941gat,sa1,1,1/4,exact,0.0007624409990967251,fault_total
n509gat,sa1,1,1/4,exact,0.0005077429959783331,fault_total
n572gat,sa1,1,1/4,exact,0.0004986179992556572,fault_total
n574gat,sa0,1,1/4,exact,0.0005297649986459874,fault_total
n574gat,sa1,1,1/4,exact,0.0007391039980575442,fault_total
n575gat,sa0,1,1/4,exact,0.0005504969958565198,fault_total
n359gat,sa0,1,511/65536,exact,0.021742131000792142,fault_total
n575gat,sa1,1,1/4,exact,0.000618231002590619,fault_total
n199gat,sa0,1,1527/2048,exact,0.005549487999815028,fault_total
n938gat,sa0,1,1/4,exact,0.0005988409975543618,fault_total
n938gat,sa1,1,1/4,exact,0.0007025679951766506,fault_total
n125gat_n121gat_A,sa0,1,1/8,exact,0.013979084003949538,fault_total
n125gat_n122gat_A,sa0,1,1/8,exact,0.013386621998506598,fault_total
n253gat_n140gat_B,sa0,1,31589/131072,exact,0.007298199998331256,fault_total
n1604gat_n1402gat_C,sa0,1,365057/4194304,exact,0.016788552995421924,fault_total
n127gat_n121gat_C,sa0,1,1/8,exact,0.014359694003360346,fault_total
n510gat_n505gat_B,sa0,1,1/8,exact,0.0068837549988529645,fault_total
n253gat_n141gat_B,sa0,1,31589/131072,exact,0.005523235995497089,fault_total
n510gat_n507gat_B,sa0,1,1/8,exact,0.006901137996464968,fault_total
n127gat_n124gat_C,sa0,1,1/8,exact,0.013683623998076655,fault_total
n334gat_n250gat_C,sa0,1,31589/131072,exact,0.0055844340022304095,fault_total
n1608gat_n1411gat_B,sa0,1,70875/1048576,exact,0.11168150400044397,fault_total
n334gat_n244gat_A,sa0,1,31589/65536,exact,0.006015667000610847,fault_total
n253gat_n136gat_A,sa0,1,31589/65536,exact,0.00647893800487509,fault_total
n524gat_n630gat_C,sa0,1,74961615663/2199023255552,exact,0.2690844600001583,fault_total
n52gat_n45gat_C,sa0,1,1/8,exact,0.007201255997642875,fault_total
n53gat_n46gat_A,sa0,1,1/8,exact,0.006790662999264896,fault_total
n513gat_n506gat_C,sa0,1,1/8,exact,0.0077511210038210265,fault_total
n514gat_n507gat_A,sa0,1,1/8,exact,0.007149493998440448,fault_total
n253gat_n137gat_B,sa0,1,31589/65536,exact,0.0005302520003169775,fault_total
n334gat_n245gat_B,sa0,1,31589/65536,exact,0.005675902997609228,fault_total
n1604gat_n1471gat_C,sa0,1,13/1024,exact,0.007514445998822339,fault_total
n334gat_n247gat_A,sa0,1,31589/131072,exact,0.008276363005279563,fault_total
n524gat_n631gat_C,sa0,1,13/2048,exact,0.009680333998403512,fault_total
n633gat_n631gat_B,sa0,1,3/1024,exact,0.00927238300209865,fault_total
n52gat_n46gat_C,sa0,1,1/8,exact,0.006910848002007697,fault_total
n53gat_n47gat_A,sa0,1,1/8,exact,0.007157993997680023,fault_total
n61gat_n56gat_B,sa0,1,1/8,exact,0.007067993996315636,fault_total
n513gat_n507gat_C,sa0,1,1/8,exact,0.007243883999763057,fault_total
n514gat_n508gat_A,sa0,1,1/8,exact,0.006893990997923538,fault_total
n253gat_n139gat_A,sa0,1,31589/131072,exact,0.006399631005479023,fault_total
n1690gat_n1721gat_B,sa0,1,15/16384,exact,0.00040918600279837847,fault_total
n334gat_n246gat_C,sa0,1,31589/131072,exact,0.006197914000949822,fault_total
n633gat_n632gat_C,sa0,1,292967157/8589934592,exact,0.18786659100442193,fault_total
n286gat_n180gat_A,sa0,1,1/1024,exact,0.0057160639989888296,fault_total
n61gat_n58gat_B,sa0,1,1/8,exact,0.007030227992800064,fault_total
n63gat_n57gat_B,sa0,1,1/8,exact,0.006769195002561901,fault_total
n1276gat_n1273gat_C,sa0,1,1/8,exact,0.009831757000938524,fault_total
n2616gat_n2617gat_A,sa0,1,1/4,exact,0.011555951001355425,fault_total
n62gat_n59gat_C,sa0,1,1/8,exact,0.006902524000906851,fault_total
n63gat_n59gat_B,sa0,1,1/8,exact,0.007013086004008073,fault_total
n741gat_n890gat_A,sa0,1,61/4096,exact,0.009224316003383137,fault_total
n3111gat,sa0,1,7/8,exact,0.0002872559998650104,fault_total
n2583gat_n2580gat_B,sa0,1,1/4,exact,0.011140178998175543,fault_total
n2583gat_n2581gat_A,sa0,1,1/4,exact,0.010923374000412878,fault_total
n3111gat,sa1,1,1/8,exact,0.0002648390000103973,fault_total
n940gat_n934gat_C,sa0,1,1/8,exact,0.007600828997965436,fault_total
n574gat_n571gat_C,sa0,1,1/8,exact,0.007252985000377521,fault_total
n575gat_n571gat_B,sa0,1,1/8,exact,0.007444952003424987,fault_total
n741gat_n990gat_B,sa0,1,35/4096,exact,0.010071156997582875,fault_total
n2051gat,sa0,1,3/8,exact,0.0002756199974101037,fault_total
n22gat,sa0,1,6268437/2147483648,exact,0.012777466996340081,fault_total
n941gat_n935gat_B,sa0,1,1/8,exact,0.006747233004716691,fault_total
n3114gat,sa0,1,7/8,exact,0.00021544999617617577,fault_total
n572gat_n568gat_A,sa0,1,1/8,exact,0.0071081889982451685,fault_total
n3114gat,sa1,1,1/8,exact,0.00020205700275255367,fault_total
n940gat_n937gat_C,sa0,1,1/8,exact,0.006643599997914862,fault_total
n941gat_n937gat_B,sa0,1,1/8,exact,0.006851883001218084,fault_total
n572gat_n569gat_A,sa0,1,1/8,exact,0.006875867002236191,fault_total
n1272gat,sa0,1,1/8,exact,0.00977231899742037,fault_total
n1407gat,sa0,1,381885/8388608,exact,0.07630788200185634,fault_total
n938gat_n934gat_A,sa0,1,1/8,exact,0.007426356998621486,fault_total
n741gat_n987gat_A,sa0,1,61/4096,exact,0.00911894800083246,fault_total
n2281gat,sa0,1,4421/16384,exact,0.006496633002825547,fault_total
n1840gat,sa0,1,1019/2048,exact,0.0060681219983962364,fault_total
n1408gat,sa0,1,687393/8388608,exact,0.07510220399854006,fault_total
n1471gat,sa0,1,3/2048,exact,0.007331109998631291,fault_total
n2988gat_n2147gat_A,sa0,1,325/131072,exact,0.008065191999776289,fault_total
n938gat_n935gat_A,sa0,1,1/8,exact,0.0069795270028407685,fault_total
n574gat_n568gat_C,sa0,1,1/8,exact,0.00673121399449883,fault_total
n741gat_n997gat_A,sa0,1,61/4096,exact,0.009255575998395216,fault_total
n2281gat,sa1,1,70411/262144,exact,0.0073320149967912585,fault_total
n46gat,sa0,1,1/8,exact,0.006736307004757691,fault_total
n1427gat,sa0,1,6180481/1073741824,exact,0.04023191199667053,fault_total
n575gat_n569gat_B,sa0,1,1/8,exact,0.007136830005038064,fault_total
n741gat_n988gat_B,sa0,1,61/4096,exact,0.009692877996712923,fault_total
n1427gat,sa1,1,124581289/1073741824,exact,0.20469013300316874,fault_total
n741gat_n989gat_B,sa0,1,55/4096,exact,0.010965020999719854,fault_total
n741gat_n998gat_B,sa0,1,61/4096,exact,0.010763749996840488,fault_total
n1924gat,sa0,1,78511/268435456,exact,0.010030059005657677,fault_total
n58gat,sa0,1,1/8,exact,0.006737805000739172,fault_total
n1970gat,sa0,1,14105/524288,exact,0.007283252001798246,fault_total
n1466gat,sa0,1,2002581/33554432,exact,0.015549074996670242,fault_total
n67gat,sa0,1,1527/4096,exact,0.0005913080021855421,fault_total
n1925gat,sa0,1,558281/268435456,exact,0.011000705002516042,fault_total
n2646gat,sa0,1,1/2,exact,0.0002041730040218681,fault_total
n1971gat,sa0,1,14105/524288,exact,0.007192088000010699,fault_total
n77gat,sa0,1,3/2048,exact,0.0006793879947508685,fault_total
n2646gat,sa1,1,1/2,exact,0.000127779996546451,fault_total
n1945gat,sa0,1,1/16,exact,0.0001990529999602586,fault_total
n78gat,sa0,1,1533/524288,exact,0.014303395000752062,fault_total
n2566gat,sa0,1,195/16384,exact,0.005818687001010403,fault_total
n1793gat,sa0,1,1/1024,exact,0.0005494150027516298,fault_total
n1945gat,sa1,1,15/16,exact,0.0001982690009754151,fault_total
n78gat,sa1,1,133543965/134217728,exact,0.20188571300241165,fault_total
n1694gat,sa0,1,13/16,exact,0.00041591899935156107,fault_total
n1469gat,sa0,1,3643/524288,exact,0.016049158002715558,fault_total
n1793gat,sa1,1,1023/1024,exact,0.0004102079983567819,fault_total
n1694gat,sa1,1,3/16,exact,0.00038873000448802486,fault_total
n1659gat,sa0,1,300663/8388608,exact,0.040415289004158694,fault_total
n2973gat,sa0,1,525/32768,exact,0.02509364599973196,fault_total
n89gat,sa0,1,93/32768,exact,0.013366570994548965,fault_total
n1469gat,sa1,1,124962601/536870912,exact,0.025030399003298953,fault_total
n1659gat,sa1,1,21/16384,exact,0.012416323996149004,fault_total
n2977gat,sa0,1,525/32768,exact,0.024631653999676928,fault_total
n2978gat,sa0,1,525/32768,exact,0.02458032899448881,fault_total
n1490gat_n251gat_A,sa0,1,1019/65536,exact,0.005536679003853351,fault_total
n233gat_n38gat_B,sa0,1,1019/131072,exact,0.005838197001139633,fault_total
n1490gat_n248gat_B,sa0,1,1019/131072,exact,0.005511400006071199,fault_total
n200gat,sa0,1,3/1024,exact,0.0050104719994124025,fault_total
n741gat_n1097gat_B,sa0,1,61/4096,exact,0.009369774998049252,fault_total
n741gat_n1098gat_B,sa0,1,61/4096,exact,0.0008782619988778606,fault_total
n121gat,sa0,1,1/8,exact,0.014232568995794281,fault_total
n1685gat_stem,sa0,1,1/8,exact,0.0008162469966919161,fault_total
n122gat,sa0,1,1/8,exact,0.013717971000005491,fault_total
n140gat,sa0,1,1019/131072,exact,0.0065223979981965385,fault_total
n1685gat_stem,sa1,1,7/8,exact,0.0007460740016540512,fault_total
n141gat,sa0,1,1019/131072,exact,0.005516681005246937,fault_total
n140gat,sa1,1,129413/131072,exact,0.0009655929970904253,fault_total
n124gat,sa0,1,1/8,exact,0.014060852998227347,fault_total
n250gat,sa0,1,1019/131072,exact,0.005572941998252645,fault_total
n630gat,sa0,1,134017839/8589934592,exact,0.0389974429999711,fault_total
n630gat,sa1,1,55349351831719/562949953421312,exact,1.5032081570025184,fault_total
n244gat,sa0,1,1019/65536,exact,0.005929880004259758,fault_total
n136gat,sa0,1,3057/262144,exact,0.005535030002647545,fault_total
n632gat,sa0,1,5/256,exact,0.017508427001303062,fault_total
n137gat,sa0,1,1019/65536,exact,0.0053369419983937405,fault_total
n245gat,sa0,1,3057/262144,exact,0.005198251994443126,fault_total
n407gat,sa0,1,26632307/67108864,exact,0.10732127499795752,fault_total
n632gat,sa1,1,13333603045511/140737488355328,exact,0.7439219690058962,fault_total
n507gat,sa0,1,1/8,exact,0.0070566600043093786,fault_total
n570gat,sa0,1,1/8,exact,0.006611946999328211,fault_total
n246gat,sa0,1,1019/262144,exact,0.005296231996908318,fault_total
n407gat,sa1,1,1042503/16777216,exact,0.04482183000072837,fault_total
n247gat,sa0,1,1019/131072,exact,0.006645797999226488,fault_total
n139gat,sa0,1,1019/262144,exact,0.005345122997823637,fault_total
n635gat,sa0,1,167631245/8589934592,exact,0.056501416001992766,fault_total
n247gat,sa1,1,129413/131072,exact,0.0007510209979955107,fault_total
n455gat,sa0,1,7539313/16777216,exact,0.5802777940043597,fault_total
n635gat,sa1,1,53084500716129/562949953421312,exact,1.2516688619944034,fault_total
n455gat,sa1,1,671687/16777216,exact,0.1409046029948513,fault_total
n179gat,sa0,1,32767/8388608,exact,0.044186664003063925,fault_total
n188gat,sa0,1,266592647/1073741824,exact,0.0997643859955133,fault_total
n179gat,sa1,1,32767/8388608,exact,0.03839635899930727,fault_total
n188gat,sa1,1,7332231/1073741824,exact,0.06631934500182979,fault_total
n189gat,sa0,1,460317191/1073741824,exact,0.028501168002549093,fault_total
n936gat,sa0,1,1/8,exact,0.006744876998709515,fault_total
n189gat,sa1,1,6021639/1073741824,exact,0.019546957999409642,fault_total
n758gat,sa0,1,1/4,exact,0.00685186599730514,fault_total
n758gat,sa1,1,1/4,exact,0.006794348002586048,fault_total
n233gat_n234gat_B,sa0,1,1019/65536,exact,0.00531667400355218,fault_total
n50gat_n44gat_C,sa0,1,1/8,exact,0.00688082400301937,fault_total
n511gat_n505gat_C,sa0,1,1/8,exact,0.006876489998830948,fault_total
n51gat_n45gat_B,sa0,1,1/8,exact,0.006514822998724412,fault_total
n512gat_n506gat_B,sa0,1,1/8,exact,0.006944551001652144,fault_total
n1274gat_n1270gat_A,sa0,1,1/8,exact,0.009797398000955582,fault_total
n60gat_n56gat_A,sa0,1,1/8,exact,0.006630891002714634,fault_total
n1274gat_n1271gat_A,sa0,1,1/8,exact,0.010022500006016344,fault_total
n50gat_n47gat_C,sa0,1,1/8,exact,0.006721413999912329,fault_total
n51gat_n47gat_B,sa0,1,1/8,exact,0.006489689993031789,fault_total
n60gat_n57gat_A,sa0,1,1/8,exact,0.007067503000143915,fault_total
n511gat_n508gat_C,sa0,1,1/8,exact,0.006578533997526392,fault_total
n512gat_n508gat_B,sa0,1,1/8,exact,0.006683292995148804,fault_total
n48gat_n44gat_A,sa0,1,1/8,exact,0.006866253002954181,fault_total
n509gat_n505gat_A,sa0,1,1/8,exact,0.006874996004626155,fault_total
n1276gat_n1270gat_C,sa0,1,1/8,exact,0.009925307000230532,fault_total
n2616gat_n2614gat_A,sa0,1,1/4,exact,0.010664629997336306,fault_total
n48gat_n45gat_A,sa0,1,1/8,exact,0.007091131999914069,fault_total
n62gat_n56gat_C,sa0,1,1/8,exact,0.006951868999749422,fault_total
n509gat_n506gat_A,sa0,1,1/8,exact,0.006731562003551517,fault_total
n188gat_n180gat_B,sa0,1,993/4096,exact,0.005376157998398412,fault_total
n179gat_n181gat_B,sa0,1,16383/8388608,exact,0.04548236999835353,fault_total
n188gat_n181gat_C,sa0,1,16383/8388608,exact,0.048090367003169376,fault_total
n2281gat_n2197gat_B,sa0,1,325/8192,exact,0.005608635998214595,fault_total
n1659gat_n1723gat_A,sa0,1,100221/67108864,exact,0.011651070999505464,fault_total
n1659gat_n1650gat_B,sa0,1,100221/67108864,exact,0.01204221100488212,fault_total
n3031gat,sa0,1,975/16384,exact,0.0003948239973396994,fault_total
n188gat_n184gat_B,sa0,1,1/512,exact,0.005357453002943657,fault_total
n189gat_n184gat_A,sa0,1,1/512,exact,0.005112595004902687,fault_total
n3031gat,sa1,1,15409/16384,exact,0.00038507499994011596,fault_total
n1403gat,sa0,1,118511133/268435456,exact,0.052287651000369806,fault_total
n179gat_n184gat_C,sa0,1,1/512,exact,0.005467567993036937,fault_total
n1469gat_n1472gat_C,sa0,1,1/512,exact,0.007793658995069563,fault_total
n3015gat,sa0,1,10075/262144,exact,0.006122167003923096,fault_total
n1403gat,sa1,1,51617/4194304,exact,0.010895983999944292,fault_total
n189gat_n186gat_A,sa0,1,435/1024,exact,0.00788917500176467,fault_total
n758gat_n751gat_A,sa0,1,1/8,exact,0.006905492002260871,fault_total
n1427gat_n1498gat_B,sa0,1,525/1048576,exact,0.013363186000788119,fault_total
n3034gat,sa0,1,325/4096,exact,0.0003722020046552643,fault_total
n1711gat,sa0,1,33403267/67108864,exact,0.011059726995881647,fault_total
n1270gat,sa0,1,1/8,exact,0.009355172995128669,fault_total
n189gat_n187gat_A,sa0,1,2089479/1073741824,exact,0.013497274994733743,fault_total
n758gat_n752gat_A,sa0,1,1/8,exact,0.00697352499992121,fault_total
n1659gat_n1563gat_C,sa0,1,100221/67108864,exact,0.01184599100088235,fault_total
n1659gat_n1654gat_B,sa0,1,100221/4194304,exact,0.009471200995903928,fault_total
n1659gat_n1653gat_C,sa0,1,100221/67108864,exact,0.011508572999446187,fault_total
n1659gat_n1644gat_C,sa0,1,100221/67108864,exact,0.011372225002560299,fault_total
n3034gat,sa1,1,3771/4096,exact,0.00035008999839192256,fault_total
n3035gat,sa0,1,325/8192,exact,0.0004778829970746301,fault_total
n1711gat,sa1,1,66806209/134217728,exact,0.012261761003173888,fault_total
n1271gat,sa0,1,1/8,exact,0.00944094900478376,fault_total
n188gat_n187gat_C,sa0,1,2089479/1073741824,exact,0.013529429998015985,fault_total
n1659gat_n1646gat_B,sa0,1,100221/67108864,exact,0.011592959999688901,fault_total
n3035gat,sa1,1,7867/8192,exact,0.0004072199953952804,fault_total
n44gat,sa0,1,1/8,exact,0.006782999997085426,fault_total
n1659gat_n1647gat_B,sa0,1,100221/67108864,exact,0.01192534099391196,fault_total
n45gat,sa0,1,1/8,exact,0.0066603919985936955,fault_total
n1273gat,sa0,1,1/8,exact,0.00982482700055698,fault_total
n2237gat,sa0,1,499/1024,exact,0.007255502998305019,fault_total
n73gat,sa0,1,3/2048,exact,0.0005106109965709038,fault_total
n1659gat_n1649gat_B,sa0,1,100221/67108864,exact,0.011660605996439699,fault_total
n2148gat,sa0,1,1879033849/1099511627776,exact,0.012359603002551012,fault_total
n47gat,sa0,1,1/8,exact,0.00666941800591303,fault_total
n56gat,sa0,1,1/8,exact,0.0066234869955223985,fault_total
n2580gat,sa0,1,1/4,exact,0.010529537001275457,fault_total
n38gat,sa0,1,31589/131072,exact,0.0054419869993580505,fault_total
n2148gat,sa1,1,1097624201223/1099511627776,exact,0.001335872002528049,fault_total
n57gat,sa0,1,1/8,exact,0.008232820000557695,fault_total
n2581gat,sa0,1,1/4,exact,0.011257033002038952,fault_total
n2617gat,sa0,1,1/4,exact,0.01135561599949142,fault_total
n1097gat,sa0,1,13/1024,exact,0.008701967002707534,fault_total
n2617gat,sa1,1,1/2,exact,0.010550980994594283,fault_total
n59gat,sa0,1,1/8,exact,0.006565146999491844,fault_total
n1098gat,sa0,1,13/1024,exact,0.008439812998403795,fault_total
n1926gat,sa0,1,235533/268435456,exact,0.010150164998776745,fault_total
n1990gat,sa0,1,527/32768,exact,0.008824985998217016,fault_total
n1972gat,sa0,1,6045/524288,exact,0.007718985005340073,fault_total
n1427gat_II4216_A,sa0,1,0,exact,0.007399988993711304,fault_total
n1685gat,sa0,1,1/8,exact,0.0002731670028879307,fault_total
n1990gat,sa1,1,17/32768,exact,0.007661786999960896,fault_total
n2981gat,sa0,1,883791/4194304,exact,0.2224040149958455,fault_total
n1685gat,sa1,1,7/8,exact,0.0002874100027838722,fault_total
n2884gat,sa0,1,5095/262144,exact,0.005538493001949973,fault_total
n2884gat,sa1,1,255769/262144,exact,0.0005491690026246943,fault_total
n2877gat,sa0,1,5095/262144,exact,0.0056301930017070845,fault_total
n2877gat,sa1,1,255769/262144,exact,0.0005059039976913482,fault_total
n455gat_n1011gat_A,sa0,1,53/512,exact,0.009140283000306226,fault_total
n455gat_n1010gat_B,sa0,1,53/512,exact,0.008829108999634627,fault_total
n455gat_n1030gat_A,sa0,1,53/512,exact,0.008934808996855281,fault_total
n455gat_n1031gat_B,sa0,1,53/512,exact,0.01183658200170612,fault_total
n455gat_n1005gat_B,sa0,1,53/512,exact,0.00938190799934091,fault_total
n78gat_n212gat_B,sa0,1,2343/1048576,exact,0.009878147000563331,fault_total
n455gat_n1028gat_A,sa0,1,121/1024,exact,0.014067301999602932,fault_total
n455gat_n1181gat_A,sa0,1,53/512,exact,0.008952399999543559,fault_total
n455gat_n1029gat_B,sa0,1,159/1024,exact,0.010338899999624118,fault_total
n455gat_n1182gat_B,sa0,1,53/512,exact,0.009506365000561345,fault_total
n247gat_n39gat_B,sa0,1,1019/524288,exact,0.0056984440016094595,fault_total
n120gat,sa0,1,1/2,exact,0.006819438000093214,fault_total
n120gat,sa1,1,1/2,exact,0.0016102320005302317,fault_total
n251gat,sa0,1,31589/65536,exact,0.005211323994444683,fault_total
n234gat,sa0,1,31589/65536,exact,0.005648097998346202,fault_total
n505gat,sa0,1,1/8,exact,0.006895655002153944,fault_total
n506gat,sa0,1,1/8,exact,0.007212042997707613,fault_total
n508gat,sa0,1,1/8,exact,0.006763902005332056,fault_total
n571gat,sa0,1,1/8,exact,0.007270170004630927,fault_total
n670gat,sa0,1,65/2048,exact,0.01681567200284917,fault_total
n248gat,sa0,1,31589/131072,exact,0.0057233830011682585,fault_total
n670gat,sa1,1,3/512,exact,0.010428736000903882,fault_total
n753gat,sa0,1,1/4,exact,0.007512891999795102,fault_total
n753gat,sa1,1,1/4,exact,0.006800648006901611,fault_total
n934gat,sa0,1,1/8,exact,0.007192783996288199,fault_total
n935gat,sa0,1,1/8,exact,0.007126604003133252,fault_total
n890gat,sa0,1,13/1024,exact,0.009214803998474963,fault_total
n990gat,sa0,1,13/1024,exact,0.009500362000835594,fault_total
n937gat,sa0,1,1/8,exact,0.007001468002272304,fault_total
n568gat,sa0,1,1/8,exact,0.007119369998690672,fault_total
n569gat,sa0,1,1/8,exact,0.006983929997659288,fault_total
n987gat,sa0,1,13/1024,exact,0.0010611309990053996,fault_total
n997gat,sa0,1,13/1024,exact,0.008186685998225585,fault_total
n988gat,sa0,1,13/1024,exact,0.008346296002855524,fault_total
n989gat,sa0,1,13/1024,exact,0.008506313999532722,fault_total
n998gat,sa0,1,13/1024,exact,0.008954322001955006,fault_total
n140gat_n240gat_B,sa0,1,1019/262144,exact,0.0054234120034379885,fault_total
n140gat_n237gat_A,sa0,1,1019/524288,exact,0.005493176002346445,fault_total
n1427gat_n1600gat_B,sa0,1,354301/67108864,exact,0.01631139800156234,fault_total
n247gat_n143gat_B,sa0,1,1019/262144,exact,0.005321971002558712,fault_total
n1685gat_n1600gat_A,sa0,1,354301/33554432,exact,0.0369786759983981,fault_total
n407gat_n408gat_B,sa0,1,22706291/67108864,exact,0.07829164000577293,fault_total
n407gat_n409gat_B,sa0,1,1917/32768,exact,0.019245516996306833,fault_total
n2617gat_n2614gat_B,sa0,1,1/4,exact,0.011149372003274038,fault_total
n2617gat_n2615gat_A,sa0,1,1/4,exact,0.0111898420000216,fault_total
n933gat_stem,sa0,1,1/2,exact,0.005843393002578523,fault_total
n753gat_n750gat_A,sa0,1,1/8,exact,0.0071744470042176545,fault_total
n933gat_stem,sa1,1,1/2,exact,0.00045502099965233356,fault_total
n1111gat,sa0,1,68959978263/1099511627776,exact,0.40185159699467476,fault_total
n1990gat_n2073gat_B,sa0,1,31/2048,exact,0.008338567000464536,fault_total
n1112gat,sa0,1,74967281943/1099511627776,exact,0.3879000070010079,fault_total
n1111gat,sa1,1,247253/16777216,exact,0.0437269309986732,fault_total
n567gat_stem,sa0,1,1/2,exact,0.0004976790005457588,fault_total
n1112gat,sa1,1,126023/16777216,exact,0.031779067001480144,fault_total
n3112gat,sa0,1,1,exact,0.00014268899394664913,fault_total
n567gat_stem,sa1,1,1/2,exact,0.00048366700502811,fault_total
n1006gat,sa0,1,268601559/4294967296,exact,0.06253531199763529,fault_total
n1600gat,sa0,1,4605913/67108864,exact,0.10445035900193034,fault_total
n1123gat,sa0,1,1064907/16777216,exact,0.04042825500073377,fault_total
n3112gat,sa1,1,0,exact,0.00013122300151735544,fault_total
n1006gat,sa1,1,1533/131072,exact,0.014976833001128398,fault_total
n1007gat,sa0,1,253084055/4294967296,exact,0.0592932900035521,fault_total
n1123gat,sa1,1,191687/16777216,exact,0.018431545002385974,fault_total
n1007gat,sa1,1,511/32768,exact,0.014450242000748403,fault_total
n3115gat,sa0,1,1,exact,0.00012625499948626384,fault_total
n3115gat,sa1,1,0,exact,0.00012176099698990583,fault_total
n2054gat,sa0,1,1/4,exact,0.00025887299852911383,fault_total
n753gat_n749gat_A,sa0,1,1/8,exact,0.0072909859954961576,fault_total
n1990gat_n2079gat_C,sa0,1,31/16384,exact,0.007650914994883351,fault_total
n3036gat,sa0,1,7867/8192,exact,0.0005774509991169907,fault_total
n1650gat,sa0,1,7/131072,exact,0.009100577000936028,fault_total
n670gat_n977gat_A,sa0,1,55/4096,exact,0.010143579995201435,fault_total
n3036gat,sa1,1,325/8192,exact,0.0003904309996869415,fault_total
n1723gat,sa0,1,7/131072,exact,0.009032556998135988,fault_total
n1472gat,sa0,1,79/512,exact,0.007534235002822243,fault_total
n1454gat,sa0,1,12452451/134217728,exact,0.017943625003681518,fault_total
n1518gat,sa0,1,21/128,exact,0.0005260820034891367,fault_total
n1563gat,sa0,1,7/131072,exact,0.010014416999183595,fault_total
n1644gat,sa0,1,7/131072,exact,0.009852561001025606,fault_total
n1653gat,sa0,1,7/131072,exact,0.00946678000036627,fault_total
n1654gat,sa0,1,7/8192,exact,0.009638932002417278,fault_total
n39gat,sa0,1,129413/524288,exact,0.005770665004092734,fault_total
n2078gat,sa0,1,12304117/134217728,exact,0.016648172000714112,fault_total
n1646gat,sa0,1,7/131072,exact,0.009100326999032404,fault_total
n1269gat,sa0,1,1/2,exact,0.005653984997479711,fault_total
n2078gat,sa1,1,396907/134217728,exact,0.011274816999502946,fault_total
n1647gat,sa0,1,7/131072,exact,0.009042912999575492,fault_total
n1269gat,sa1,1,1/2,exact,0.0007257000033860095,fault_total
n1649gat,sa0,1,7/131072,exact,0.00914629700127989,fault_total
n2199gat,sa0,1,120997/131072,exact,0.0005832189999637194,fault_total
n2199gat,sa1,1,10075/131072,exact,0.000664790000882931,fault_total
n1498gat,sa0,1,15225/2097152,exact,0.020221455000864808,fault_total
n2999gat,sa0,1,10075/262144,exact,0.007683338000788353,fault_total
II4216,sa0,1,357/4096,exact,0.008424029001616873,fault_total
n120gat_n2460gat_B,sa0,1,1/4,exact,0.006766282996977679,fault_total
n120gat_n2461gat_A,sa0,1,525/2097152,exact,0.015674192996812053,fault_total
n43gat_stem,sa0,1,1/2,exact,0.00046076699800323695,fault_total
n43gat_stem,sa1,1,1/2,exact,0.00036020799598190933,fault_total
n55gat_stem,sa0,1,1/2,exact,0.0003821050049737096,fault_total
n55gat_stem,sa1,1,1/2,exact,0.0004333100005169399,fault_total
n2148gat_n853gat_B,sa0,1,0,exact,0.0060630430016317405,fault_total
n2148gat_n854gat_A,sa0,1,0,exact,0.0007586359934066422,fault_total
n2884gat_n460gat_B,sa0,1,5095/524288,exact,0.005994765000650659,fault_total
n1777gat_stem,sa0,1,3/16,exact,0.00046904399641789496,fault_total
n240gat,sa0,1,129413/262144,exact,0.005385761003708467,fault_total
n1777gat_stem,sa1,1,13/16,exact,0.00031758200202602893,fault_total
n2579gat_stem,sa0,1,1/2,exact,0.0011069739994127303,fault_total
n241gat,sa0,1,388239/524288,exact,0.009164414994302206,fault_total
n2579gat_stem,sa1,1,1/2,exact,0.0009209679992636666,fault_total
n143gat,sa0,1,129413/262144,exact,0.005220589999225922,fault_total
n241gat,sa1,1,3057/524288,exact,0.005973892999463715,fault_total
n180gat,sa0,1,1/1024,exact,0.005749415002355818,fault_total
n144gat,sa0,1,388239/524288,exact,0.009881678997771814,fault_total
n2877gat_n390gat_B,sa0,1,5095/524288,exact,0.005630213003314566,fault_total
n180gat,sa1,1,1017/4096,exact,0.005775318997621071,fault_total
n144gat,sa1,1,3057/524288,exact,0.006919721003214363,fault_total
n219gat,sa0,1,131823893/134217728,exact,0.11037800300255185,fault_total
n237gat,sa0,1,129413/524288,exact,0.005865610000910237,fault_total
n408gat,sa0,1,780743/16777216,exact,0.028195347003929783,fault_total
n751gat,sa0,1,1/8,exact,0.0069380239947349764,fault_total
n219gat,sa1,1,1533/524288,exact,0.007306362997042015,fault_total
n409gat,sa0,1,2045/131072,exact,0.014688133000163361,fault_total
n752gat,sa0,1,1/8,exact,0.006972549999773037,fault_total
n186gat,sa0,1,7/4096,exact,0.006142457001260482,fault_total
n186gat,sa1,1,1779/4096,exact,0.008354240002518054,fault_total
n926gat,sa0,1,526271723/8589934592,exact,0.3790912349941209,fault_total
n926gat,sa1,1,131215071/8589934592,exact,0.05851794900081586,fault_total
n976gat,sa0,1,5/512,exact,0.00961434099735925,fault_total
n1403gat_n1400gat_B,sa0,1,117/512,exact,0.008336543003679253,fault_total
n1403gat_n1533gat_B,sa0,1,18674655/67108864,exact,0.044460527002229355,fault_total
n504gat_stem,sa0,1,1/2,exact,0.006545171003381256,fault_total
n504gat_stem,sa1,1,1/2,exact,0.00043443500180728734,fault_total
n670gat_n801gat_B,sa0,1,75/4096,exact,0.011195719001989346,fault_total
n1711gat_n2556gat_A,sa0,1,2535/65536,exact,0.006280404995777644,fault_total
n219gat_n445gat_B,sa0,1,255/512,exact,0.005544471998291556,fault_total
n219gat_n446gat_A,sa0,1,1021/4096,exact,0.011221352004213259,fault_total
n219gat_n961gat_A,sa0,1,255/512,exact,0.000355183998181019,fault_total
n219gat_n870gat_B,sa0,1,1021/4096,exact,0.008837825000227895,fault_total
n1400gat,sa0,1,13/2048,exact,0.0006144070066511631,fault_total
n1269gat_n1285gat_B,sa0,1,1/4,exact,0.006923504995938856,fault_total
n2078gat_n2079gat_A,sa0,1,31/16384,exact,0.007236317003844306,fault_total
n3113gat,sa0,1,3/4,exact,0.00021760100207757205,fault_total
n1601gat,sa0,1,1087904087/4294967296,exact,0.017442275006033015,fault_total
n219gat_n767gat_A,sa0,1,255/512,exact,0.0003493799958960153,fault_total
n3113gat,sa1,1,1/4,exact,0.0002577380000730045,fault_total
n1601gat,sa1,1,1087904087/4294967296,exact,0.01696841899683932,fault_total
n219gat_n867gat_A,sa0,1,255/512,exact,0.0003460630032350309,fault_total
n926gat_n880gat_A,sa0,1,17/1024,exact,0.010277816996676847,fault_total
n1504gat,sa0,1,1575/2097152,exact,0.015066824002133217,fault_total
n1777gat_n1780gat_A,sa0,1,3/16,exact,0.00527960999897914,fault_total
n43gat,sa0,1,1/2,exact,0.000320715997077059,fault_total
n2199gat_n2196gat_A,sa0,1,60661/131072,exact,0.008091000003332738,fault_total
n43gat,sa1,1,1/2,exact,0.0002882699991459958,fault_total
n219gat_n869gat_A,sa0,1,1021/4096,exact,0.010386615998868365,fault_total
n926gat_n980gat_B,sa0,1,37/2048,exact,0.010377931001130491,fault_total
n926gat_n981gat_A,sa0,1,37/2048,exact,0.009172060003038496,fault_total
n2460gat,sa0,1,1/4,exact,0.006944658001884818,fault_total
n1470gat,sa0,1,317/2048,exact,0.000608595997618977,fault_total
n1533gat,sa0,1,1071/131072,exact,0.009826384004554711,fault_total
n2199gat_n2197gat_A,sa0,1,60661/131072,exact,0.006904121997649781,fault_total
n2199gat_n2637gat_B,sa0,1,120997/262144,exact,0.00802669800032163,fault_total
n219gat_n969gat_A,sa0,1,1021/4096,exact,0.01248302600288298,fault_total
n219gat_n968gat_B,sa0,1,1021/4096,exact,0.010786136001115665,fault_total
n72gat,sa0,1,8555752791/17179869184,exact,0.5004989900044166,fault_total
n2614gat,sa0,1,1/4,exact,0.011241742999118287,fault_total
n2461gat,sa0,1,525/2097152,exact,0.016202175000216812,fault_total
n2199gat_n2396gat_A,sa0,1,3771/8192,exact,0.006912826000188943,fault_total
n2199gat_n2198gat_A,sa0,1,90829/131072,exact,0.006015036000462715,fault_total
n55gat,sa0,1,1/2,exact,0.000377755997760687,fault_total
n2615gat,sa0,1,1/4,exact,0.011297637000097893,fault_total
n55gat,sa1,1,1/2,exact,0.0003172739961883053,fault_total
n926gat_n984gat_A,sa0,1,37/2048,exact,0.010110171002452262,fault_total
n1725gat,sa0,1,4202956341/4294967296,exact,0.03381929400347872,fault_total
n1842gat,sa0,1,1019/2048,exact,0.0006559500034200028,fault_total
n1725gat,sa1,1,7/4096,exact,0.007632027998624835,fault_total
n1519gat,sa0,1,1062903/67108864,exact,0.0471282020007493,fault_total
n2199gat_n2498gat_A,sa0,1,120997/131072,exact,0.0005012469991925173,fault_total
n1519gat,sa1,1,174028883/536870912,exact,0.2943098320029094,fault_total
n926gat_n986gat_B,sa0,1,37/2048,exact,0.00909605100605404,fault_total
n1459gat,sa0,1,357/65536,exact,0.008281955000711605,fault_total
n926gat_n979gat_B,sa0,1,3/256,exact,0.009847731002082583,fault_total
n2991gat,sa0,1,63/65536,exact,0.009888637003314216,fault_total
n1777gat,sa0,1,3/16,exact,0.0003099729947280139,fault_total
n2992gat,sa0,1,21/131072,exact,0.009904616999847349,fault_total
n1777gat,sa1,1,13/16,exact,0.00029732500115642324,fault_total
n2579gat,sa0,1,1/2,exact,0.000248684998950921,fault_total
n2579gat,sa1,1,1/2,exact,0.00012300900561967865,fault_total
n2986gat,sa0,1,21/131072,exact,0.010833045998879243,fault_total
n1006gat_n904gat_A,sa0,1,47/2048,exact,0.009003536004456691,fault_total
n1007gat_n903gat_A,sa0,1,45/2048,exact,0.0085138620052021,fault_total
n186gat_n12gat_A,sa0,1,1/1024,exact,0.005182024004170671,fault_total
n1006gat_n905gat_B,sa0,1,47/2048,exact,0.00840540899662301,fault_total
n1112gat_n991gat_A,sa0,1,81/4096,exact,0.010071848002553452,fault_total
n926gat_n1152gat_A,sa0,1,37/2048,exact,0.009104570999625139,fault_total
n1112gat_n993gat_A,sa0,1,81/4096,exact,0.00899256499542389,fault_total
n1112gat_n992gat_B,sa0,1,81/4096,exact,0.00916363100259332,fault_total
n1112gat_n994gat_A,sa0,1,75/4096,exact,0.010694561002310365,fault_total
n1112gat_n885gat_B,sa0,1,81/4096,exact,0.00951259900466539,fault_total
n180gat_n68gat_B,sa0,1,0,exact,0.0002525610034354031,fault_total
n1112gat_n886gat_B,sa0,1,81/4096,exact,0.008987118999357335,fault_total
n1112gat_n995gat_B,sa0,1,81/4096,exact,0.009872447997622658,fault_total
n1111gat_n889gat_A,sa0,1,77/4096,exact,0.008953486998507287,fault_total
n926gat_n1087gat_A,sa0,1,37/2048,exact,0.009944773999450263,fault_total
n420gat,sa0,1,35959299/67108864,exact,0.10497892199782655,fault_total
n420gat,sa1,1,911559/16777216,exact,0.03253249199769925,fault_total
n926gat_n1088gat_B,sa0,1,37/2048,exact,0.009506606998911593,fault_total
n800gat,sa0,1,1019/2048,exact,0.010933436002233066,fault_total
n504gat,sa0,1,1/2,exact,0.00029868900310248137,fault_total
n333gat,sa0,1,1019/2048,exact,0.005205713001487311,fault_total
n252gat,sa0,1,255769/524288,exact,0.005289954999170732,fault_total
n801gat,sa0,1,3/1024,exact,0.008595122999395244,fault_total
n504gat,sa1,1,1/2,exact,0.00025627099967096,fault_total
n235gat,sa0,1,1019/2048,exact,0.0052619409980252385,fault_total
n460gat,sa0,1,255769/524288,exact,0.005525229003978893,fault_total
n452gat,sa0,1,1019/2048,exact,0.006117254997661803,fault_total
n750gat,sa0,1,1/8,exact,0.006536109001899604,fault_total
n390gat,sa0,1,255769/524288,exact,0.0050675169986789115,fault_total
n194gat,sa0,1,2125000143/4294967296,exact,0.12442737400124315,fault_total
n419gat,sa0,1,7553849/33554432,exact,0.059730656997999176,fault_total
n933gat,sa0,1,1/2,exact,0.00029582400020444766,fault_total
n195gat,sa0,1,1017/2048,exact,0.00554118199943332,fault_total
n419gat,sa1,1,649543/16777216,exact,0.03241366300062509,fault_total
n933gat,sa1,1,1/2,exact,0.0003087009972659871,fault_total
n457gat,sa0,1,255769/524288,exact,0.005326402002538089,fault_total
n567gat,sa0,1,1/2,exact,0.00025380200531799346,fault_total
n855gat,sa0,1,2143793187/2147483648,exact,0.006600123997486662,fault_total
n567gat,sa1,1,1/2,exact,0.00035159499384462833,fault_total
n855gat,sa1,1,3669981/2147483648,exact,0.0010170669993385673,fault_total
n749gat,sa0,1,1/8,exact,0.006662052997853607,fault_total
n977gat,sa0,1,3/1024,exact,0.008766674996877555,fault_total
n1111gat_n1100gat_B,sa0,1,71/4096,exact,0.01036994800233515,fault_total
n1123gat_n1200gat_B,sa0,1,3/128,exact,0.007695534004596993,fault_total
n1007gat_n1012gat_A,sa0,1,45/2048,exact,0.00801761400362011,fault_total
n1123gat_n1212gat_A,sa0,1,3/128,exact,0.007740282999293413,fault_total
n1111gat_n1090gat_A,sa0,1,77/4096,exact,0.008854038002027664,fault_total
n1111gat_n1091gat_A,sa0,1,77/4096,exact,0.008976408003945835,fault_total
n1123gat_n1251gat_A,sa0,1,3/128,exact,0.007860373996663839,fault_total
n1007gat_n1323gat_A,sa0,1,45/2048,exact,0.014633940998464823,fault_total
n1111gat_n1092gat_B,sa0,1,77/4096,exact,0.00958687299862504,fault_total
n1111gat_n1093gat_A,sa0,1,77/4096,exact,0.00931147400115151,fault_total
n1007gat_n1260gat_A,sa0,1,45/2048,exact,0.008067237999057397,fault_total
n1006gat_n1261gat_B,sa0,1,47/2048,exact,0.007968402998812962,fault_total
n1123gat_n1243gat_B,sa0,1,3/128,exact,0.007799402003001887,fault_total
n1123gat_n1244gat_A,sa0,1,3/128,exact,0.00814866200380493,fault_total
n1112gat_n1094gat_A,sa0,1,81/4096,exact,0.010019010995165445,fault_total
n1007gat_n1324gat_B,sa0,1,45/2048,exact,0.0080164769969997,fault_total
n1006gat_n1262gat_B,sa0,1,47/2048,exact,0.008055204998527188,fault_total
n1123gat_n1254gat_A,sa0,1,3/128,exact,0.007927636994281784,fault_total
n1123gat_n1253gat_B,sa0,1,3/128,exact,0.008477978000883013,fault_total
n241gat_n242gat_B,sa0,1,129413/262144,exact,0.0056239760015159845,fault_total
n1006gat_n1264gat_A,sa0,1,47/2048,exact,0.008677566998812836,fault_total
n1007gat_n1326gat_A,sa0,1,45/2048,exact,0.00805676599702565,fault_total
n1111gat_n1095gat_B,sa0,1,51/4096,exact,0.010348397001507692,fault_total
n1007gat_n1173gat_A,sa0,1,45/2048,exact,0.009426065000297967,fault_total
n1123gat_n1255gat_A,sa0,1,3/128,exact,0.008296821994008496,fault_total
n144gat_n142gat_C,sa0,1,129413/524288,exact,0.005857894997461699,fault_total
n241gat_n324gat_C,sa0,1,129413/524288,exact,0.005364759999793023,fault_total
n1006gat_n1175gat_B,sa0,1,47/2048,exact,0.007992667000507936,fault_total
n1007gat_n1174gat_B,sa0,1,45/2048,exact,0.007962978001160081,fault_total
n1112gat_n1096gat_B,sa0,1,55/4096,exact,0.010032254001998808,fault_total
n144gat_n145gat_A,sa0,1,129413/262144,exact,0.0005693810016964562,fault_total
n1111gat_n1099gat_A,sa0,1,77/4096,exact,0.011713100000633858,fault_total
n1007gat_n1257gat_A,sa0,1,45/2048,exact,0.008339610998518765,fault_total
n1006gat_n1375gat_A,sa0,1,47/2048,exact,0.007895403003203683,fault_total
n1111gat_n1089gat_B,sa0,1,77/4096,exact,0.010932512996078003,fault_total
n1006gat_n1176gat_B,sa0,1,47/2048,exact,0.00943215000006603,fault_total
n1006gat_n1267gat_B,sa0,1,47/2048,exact,0.008228303995565511,fault_total
n1123gat_n1199gat_A,sa0,1,3/128,exact,0.008945970999775454,fault_total
n2078gat_n2073gat_A,sa0,1,31/2048,exact,0.007544597996457014,fault_total
n419gat_n902gat_B,sa0,1,7/64,exact,0.008642573004181031,fault_total
n1200gat,sa0,1,5/1024,exact,0.007211330004793126,fault_total
n420gat_n893gat_B,sa0,1,201/1024,exact,0.010198172996751964,fault_total
n2200gat,sa0,1,325/131072,exact,0.00932361699960893,fault_total
n1012gat,sa0,1,1/128,exact,0.007399100999464281,fault_total
n420gat_n895gat_A,sa0,1,201/1024,exact,0.010892869999224786,fault_total
n3110gat,sa0,1,3/4,exact,0.00024725100229261443,fault_total
n3110gat,sa1,1,1/4,exact,0.00016773799870861694,fault_total
n1212gat,sa0,1,5/1024,exact,0.007527857000241056,fault_total
n420gat_n896gat_B,sa0,1,201/1024,exact,0.010281025999574922,fault_total
n748gat_stem,sa0,1,1/2,exact,0.00036065399763174355,fault_total
n748gat_stem,sa1,1,1/2,exact,0.00027492600202094764,fault_total
n1519gat_n1397gat_A,sa0,1,3/1024,exact,0.00744288300484186,fault_total
n1323gat,sa0,1,1/128,exact,0.007272173999808729,fault_total
n1152gat,sa0,1,13/2048,exact,0.008346456997969653,fault_total
n1260gat,sa0,1,1/128,exact,0.007564612002170179,fault_total
n14gat,sa0,1,1017/4096,exact,0.005654637003317475,fault_total
n1251gat,sa0,1,5/1024,exact,0.007540627004345879,fault_total
n419gat_n892gat_A,sa0,1,7/64,exact,0.008620853004686069,fault_total
n1324gat,sa0,1,1/128,exact,0.007293426999240182,fault_total
n1090gat,sa0,1,5/1024,exact,0.008045071001106407,fault_total
n1261gat,sa0,1,3/512,exact,0.007487480994313955,fault_total
n1243gat,sa0,1,5/1024,exact,0.007366894002188928,fault_total
n2243gat,sa0,1,251/512,exact,0.006463728001108393,fault_total
n1091gat,sa0,1,5/1024,exact,0.007936119996884372,fault_total
n1262gat,sa0,1,3/512,exact,0.007314472000871319,fault_total
n1244gat,sa0,1,5/1024,exact,0.0072211229999084026,fault_total
n1253gat,sa0,1,5/1024,exact,0.00739178599906154,fault_total
n2244gat,sa0,1,251/512,exact,0.0067120219973730855,fault_total
n2073gat,sa0,1,15/32768,exact,0.007481888998881914,fault_total
n1092gat,sa0,1,5/1024,exact,0.008166143998096231,fault_total
n1326gat,sa0,1,1/128,exact,0.007283277001988608,fault_total
n1173gat,sa0,1,1/128,exact,0.008382991996768396,fault_total
n71gat,sa0,1,1017/4096,exact,0.0004824799980269745,fault_total
n1254gat,sa0,1,5/1024,exact,0.007260473998030648,fault_total
n3109gat,sa0,1,3/4,exact,0.00024699799541849643,fault_total
n2245gat,sa0,1,251/512,exact,0.006743321995600127,fault_total
n1174gat,sa0,1,1/128,exact,0.007365954996203072,fault_total
n1264gat,sa0,1,3/512,exact,0.00718221599527169,fault_total
n1093gat,sa0,1,5/1024,exact,0.007918354000139516,fault_total
n1255gat,sa0,1,5/1024,exact,0.0075215850010863505,fault_total
n3109gat,sa1,1,1/4,exact,0.00022825499763712287,fault_total
n2246gat,sa0,1,251/512,exact,0.0068609480003942735,fault_total
n1175gat,sa0,1,3/512,exact,0.007159241002227645,fault_total
n1094gat,sa0,1,3/1024,exact,0.008422785998845939,fault_total
n1257gat,sa0,1,1/128,exact,0.0073466070025460795,fault_total
n1095gat,sa0,1,5/1024,exact,0.008771049993811175,fault_total
n1176gat,sa0,1,3/512,exact,0.008204534999094903,fault_total
n1284gat,sa0,1,517/2048,exact,0.00950220700178761,fault_total
n1681gat,sa0,1,5355/131072,exact,0.009275406002416275,fault_total
n1285gat,sa0,1,1/4,exact,0.0068481019989121705,fault_total
n1267gat,sa0,1,3/512,exact,0.007571135000034701,fault_total
n1375gat,sa0,1,3/512,exact,0.00759899900003802,fault_total
n1087gat,sa0,1,13/2048,exact,0.008257744993898086,fault_total
n1096gat,sa0,1,3/1024,exact,0.008557360000850167,fault_total
n1284gat,sa1,1,517/2048,exact,0.009587339001882356,fault_total
n419gat_n899gat_A,sa0,1,7/64,exact,0.00865359900490148,fault_total
n1681gat,sa1,1,18948831/33554432,exact,0.0475794749945635,fault_total
n2384gat,sa0,1,251/512,exact,0.006998296004894655,fault_total
n1088gat,sa0,1,13/2048,exact,0.008505235004122369,fault_total
n419gat_n999gat_A,sa0,1,7/64,exact,0.008562488001189195,fault_total
n2079gat,sa0,1,1/32768,exact,0.007027551000646781,fault_total
n1089gat,sa0,1,5/1024,exact,0.008084595996479038,fault_total
n1458gat,sa0,1,12726627/67108864,exact,0.023322798995650373,fault_total
n1099gat,sa0,1,5/1024,exact,0.008166583997081034,fault_total
n2944gat,sa0,1,13/1024,exact,0.009111279003263917,fault_total
n2478gat,sa0,1,636475/2097152,exact,0.0910522789999959,fault_total
n2982gat,sa0,1,20475/4194304,exact,0.018393600003037136,fault_total
n420gat_n1001gat_A,sa0,1,201/1024,exact,0.01135814499866683,fault_total
n420gat_n1003gat_A,sa0,1,231/1024,exact,0.011390391002350952,fault_total
n420gat_n1004gat_B,sa0,1,303/1024,exact,0.01456747499469202,fault_total
n419gat_n1000gat_A,sa0,1,7/64,exact,0.012472466994950082,fault_total
n420gat_n1178gat_A,sa0,1,201/1024,exact,0.01129117100208532,fault_total
n419gat_n1116gat_A,sa0,1,7/64,exact,0.009567467001033947,fault_total
n420gat_n1177gat_B,sa0,1,201/1024,exact,0.011298745004751254,fault_total
n419gat_n1115gat_B,sa0,1,7/64,exact,0.009553957999742124,fault_total
n2613gat_stem,sa0,1,1/2,exact,0.001003384000796359,fault_total
n2613gat_stem,sa1,1,1/2,exact,0.0008734189977985807,fault_total
n1601gat_n979gat_A,sa0,1,13/2048,exact,0.008728296001208946,fault_total
n142gat,sa0,1,1019/524288,exact,0.00562122499832185,fault_total
n242gat,sa0,1,1019/262144,exact,0.005149188997165766,fault_total
n324gat,sa0,1,1019/524288,exact,0.006019280001055449,fault_total
n145gat,sa0,1,1019/262144,exact,0.005196703001274727,fault_total
n182gat,sa0,1,16383/8388608,exact,0.03089765400363831,fault_total
n182gat,sa1,1,8572528983/8589934592,exact,0.5553669439977966,fault_total
n903gat,sa0,1,1/128,exact,0.007909881001978647,fault_total
n445gat,sa0,1,3/2048,exact,0.005447709001600742,fault_total
n391gat,sa0,1,5095/524288,exact,0.0054490089969476685,fault_total
n904gat,sa0,1,3/512,exact,0.007719593995716423,fault_total
n851gat,sa0,1,2061236277/4294967296,exact,0.02324504499847535,fault_total
n446gat,sa0,1,3/2048,exact,0.006560301000718027,fault_total
n905gat,sa0,1,3/512,exact,0.007638230999873485,fault_total
n851gat,sa1,1,2061236277/4294967296,exact,0.022693680999509525,fault_total
n852gat,sa0,1,2061236277/4294967296,exact,0.000829006006824784,fault_total
n870gat,sa0,1,3/2048,exact,0.006578571003046818,fault_total
n961gat,sa0,1,3/2048,exact,0.00039774199831299484,fault_total
n852gat,sa1,1,2061236277/4294967296,exact,0.0007944730023154989,fault_total
n880gat,sa0,1,13/2048,exact,0.008853412000462413,fault_total
n196gat,sa0,1,1/512,exact,0.005079741997178644,fault_total
n980gat,sa0,1,13/2048,exact,0.00900099200225668,fault_total
n197gat,sa0,1,2089479/1073741824,exact,0.012390752999635879,fault_total
n459gat,sa0,1,5095/524288,exact,0.005619522002234589,fault_total
n981gat,sa0,1,13/2048,exact,0.008828508005535696,fault_total
n991gat,sa0,1,3/1024,exact,0.008508762999554165,fault_total
n767gat,sa0,1,3/2048,exact,0.0004186229998595081,fault_total
n992gat,sa0,1,3/1024,exact,0.008243150994530879,fault_total
n867gat,sa0,1,3/2048,exact,0.00039767300040693954,fault_total
n993gat,sa0,1,3/1024,exact,0.008050452001043595,fault_total
n984gat,sa0,1,13/2048,exact,0.009017632000904996,fault_total
n885gat,sa0,1,3/1024,exact,0.008322661997226533,fault_total
n994gat,sa0,1,3/1024,exact,0.008661280997330323,fault_total
n886gat,sa0,1,3/1024,exact,0.008457691001240164,fault_total
n869gat,sa0,1,3/2048,exact,0.0005195880003157072,fault_total
n968gat,sa0,1,3/2048,exact,0.006505805999040604,fault_total
n995gat,sa0,1,3/1024,exact,0.008397498000704218,fault_total
n986gat,sa0,1,13/2048,exact,0.008434497998678125,fault_total
n969gat,sa0,1,3/2048,exact,0.0063803279990679584,fault_total
n889gat,sa0,1,5/1024,exact,0.008092833995760884,fault_total
n1601gat_n2421gat_A,sa0,1,525/2097152,exact,0.023845667004934512,fault_total
n1601gat_n2423gat_B,sa0,1,1/4,exact,0.007145219002268277,fault_total
n419gat_n900gat_A,sa0,1,7/64,exact,0.009196006998536177,fault_total
n420gat_n891gat_A,sa0,1,201/1024,exact,0.011040065000997856,fault_total
n419gat_n901gat_A,sa0,1,7/64,exact,0.00929675500083249,fault_total
n1100gat,sa0,1,5/1024,exact,0.008835070999339223,fault_total
n1681gat_n1760gat_A,sa0,1,5355/131072,exact,0.009518083999864757,fault_total
n852gat_n650gat_A,sa0,1,12267/65536,exact,0.006845953001175076,fault_total
n1681gat_n1761gat_C,sa0,1,5355/131072,exact,0.000963578000664711,fault_total
n1284gat_n1287gat_A,sa0,1,1/4,exact,0.007262136998178903,fault_total
n851gat_n654gat_A,sa0,1,12267/65536,exact,0.000529124001332093,fault_total
n11gat,sa0,1,1/512,exact,0.00038757699803682044,fault_total
n852gat_n555gat_A,sa0,1,12267/65536,exact,0.0006754109999747016,fault_total
n851gat_n656gat_A,sa0,1,12267/65536,exact,0.0004993559996364638,fault_total
n851gat_n773gat_A,sa0,1,12267/65536,exact,0.00045982700248714536,fault_total
n852gat_n960gat_B,sa0,1,12267/65536,exact,0.0004577110012178309,fault_total
n851gat_n791gat_A,sa0,1,12267/65536,exact,0.0008587729971623048,fault_total
n13gat,sa0,1,1/1024,exact,0.0054266570004983805,fault_total
n852gat_n556gat_B,sa0,1,12267/65536,exact,0.0005783480009995401,fault_total
n851gat_n449gat_B,sa0,1,12267/65536,exact,0.0006932100004632957,fault_total
n852gat_n764gat_A,sa0,1,12267/65536,exact,0.000474911998026073,fault_total
n1284gat_n1199gat_B,sa0,1,5/1024,exact,0.008127224995405413,fault_total
n3150gat,sa0,1,5/8,exact,0.00026861300284508616,fault_total
n2421gat,sa0,1,525/2097152,exact,0.01647936800145544,fault_total
n852gat_n557gat_B,sa0,1,12267/65536,exact,0.0005572649970417842,fault_total
n851gat_n774gat_B,sa0,1,12267/65536,exact,0.0005964809970464557,fault_total
n3150gat,sa1,1,3/8,exact,0.0003285849961685017,fault_total
n851gat_n793gat_B,sa0,1,12267/65536,exact,0.0004985709965694696,fault_total
n2423gat,sa0,1,1/4,exact,0.007182747001934331,fault_total
n1532gat,sa0,1,1212831/8388608,exact,0.012356546998489648,fault_total
n70gat,sa0,1,1/1024,exact,0.0004931570001645014,fault_total
n2613gat,sa0,1,1/2,exact,0.00021111699606990442,fault_total
n852gat_n794gat_A,sa0,1,12267/65536,exact,0.0005079440015833825,fault_total
n851gat_n965gat_B,sa0,1,12267/65536,exact,0.00045035500079393387,fault_total
n852gat_n649gat_B,sa0,1,12267/65536,exact,0.0006473330067819916,fault_total
n2613gat,sa1,1,1/2,exact,0.00013352899986784905,fault_total
n1075gat,sa0,1,14301/8388608,exact,0.0006576960004167631,fault_total
n852gat_n795gat_B,sa0,1,12267/65536,exact,0.00047954500041669235,fault_total
n1428gat,sa0,1,843675/4194304,exact,0.14773557899752632,fault_total
n2931gat,sa0,1,55/2048,exact,0.011268311995081604,fault_total
n93gat,sa0,1,2129179101/2147483648,exact,0.011503598994750064,fault_total
n1781gat,sa0,1,1/4,exact,0.005502630003320519,fault_total
n1790gat,sa0,1,21/16384,exact,0.011994452994258609,fault_total
n93gat,sa1,1,10447395/2147483648,exact,0.000995608999801334,fault_total
n2960gat,sa0,1,7/512,exact,0.008001613001397345,fault_total
n2942gat,sa0,1,7/512,exact,0.007746139002847485,fault_total
n1781gat,sa1,1,3/4,exact,0.00038882299850229174,fault_total
n1790gat,sa1,1,3315937/4194304,exact,0.014282819000072777,fault_total
n2943gat,sa0,1,7/512,exact,0.008126979002554435,fault_total
n2961gat,sa0,1,7/512,exact,0.0077526890017907135,fault_total
n69gat,sa0,1,0,exact,0.00026476100174477324,fault_total
n1468gat,sa0,1,7871055/33554432,exact,0.18199952400027541,fault_total
n2962gat,sa0,1,7/512,exact,0.009409630001755431,fault_total
n1397gat,sa0,1,511/4096,exact,0.008203803998185322,fault_total
n2983gat,sa0,1,17/32768,exact,0.0075413029990158975,fault_total
n2965gat,sa0,1,7/512,exact,0.008199998002965003,fault_total
n2983gat,sa1,1,32751/32768,exact,0.0005008959997212514,fault_total
n2967gat,sa0,1,7/512,exact,0.007731635996606201,fault_total
n2968gat,sa0,1,7/512,exact,0.0076434889997472055,fault_total
n2969gat,sa0,1,7/512,exact,0.007643242002814077,fault_total
n370gat,sa0,1,7/4096,exact,0.006178645002364647,fault_total
n641gat,sa0,1,14301/8388608,exact,0.0008789610001258552,fault_total
n371gat,sa0,1,7/4096,exact,0.0005871859975741245,fault_total
n642gat,sa0,1,14301/8388608,exact,0.0007485559981432743,fault_total
n760gat,sa0,1,14301/8388608,exact,0.0008375939942197874,fault_total
n643gat,sa0,1,14301/8388608,exact,0.0007012009955360554,fault_total
n661gat,sa0,1,7/4096,exact,0.00041648399928817526,fault_total
n644gat,sa0,1,14301/8388608,exact,0.0008509760009474121,fault_total
n761gat,sa0,1,14301/8388608,exact,0.0006029469950590283,fault_total
n662gat,sa0,1,7/4096,exact,0.0005317039976944216,fault_total
n762gat,sa0,1,14301/8388608,exact,0.0006703230028506368,fault_total
n663gat,sa0,1,7/4096,exact,0.000933924995479174,fault_total
n664gat,sa0,1,7/4096,exact,0.0004521139999269508,fault_total
n368gat,sa0,1,7/4096,exact,0.0004267780022928491,fault_total
n558gat,sa0,1,7/4096,exact,0.0004348229995230213,fault_total
n369gat,sa0,1,7/4096,exact,0.00048779799544718117,fault_total
n748gat,sa0,1,1/2,exact,0.00016299500566674396,fault_total
n748gat,sa1,1,1/2,exact,0.00036929100315319374,fault_total
n759gat,sa0,1,14301/8388608,exact,0.0006481560048996471,fault_total
n979gat,sa0,1,13/2048,exact,0.008996655000373721,fault_total
n182gat_n110gat_A,sa0,1,31/16384,exact,0.012860373004514258,fault_total
n182gat_n212gat_A,sa0,1,781/524288,exact,0.009390984996571206,fault_total
n851gat_n450gat_A,sa0,1,12267/65536,exact,0.0005412390019046143,fault_total
n93gat_n1076gat_A,sa0,1,4166691/8388608,exact,0.006314402002317365,fault_total
n1002gat,sa0,1,87/2048,exact,0.010053967002022546,fault_total
n1002gat,sa1,1,55/2048,exact,0.010922270004812162,fault_total
n1790gat_n1564gat_C,sa0,1,27/32768,exact,0.008682827996381093,fault_total
n3050gat,sa0,1,4875/131072,exact,0.006556125998031348,fault_total
n1790gat_n1927gat_A,sa0,1,15/32768,exact,0.00868634299695259,fault_total
n3051gat,sa0,1,4875/131072,exact,0.006819034002546687,fault_total
n3050gat,sa1,1,126197/131072,exact,0.0005074919972685166,fault_total
n1008gat,sa0,1,53/1024,exact,0.008530730003258213,fault_total
n3051gat,sa1,1,126197/131072,exact,0.0008932299970183522,fault_total
n1180gat,sa0,1,87/2048,exact,0.010126312998181675,fault_total
n1009gat,sa0,1,53/1024,exact,0.00878463700064458,fault_total
n1171gat,sa0,1,53/1024,exact,0.008167565996700432,fault_total
n1180gat,sa1,1,55/2048,exact,0.009823498003243003,fault_total
n1406gat,sa0,1,222075/4194304,exact,0.06665740700555034,fault_total
n1172gat,sa0,1,53/1024,exact,0.009291312999266665,fault_total
n1790gat_n1929gat_B,sa0,1,6435/16777216,exact,0.010229683000943623,fault_total
n1263gat,sa0,1,53/1024,exact,0.008508713995979633,fault_total
n3145gat,sa0,1,91/128,exact,0.00041568199958419427,fault_total
n3145gat,sa1,1,37/128,exact,0.00034000699815806,fault_total
n3047gat,sa0,1,10075/131072,exact,0.0009438480046810582,fault_total
n1265gat,sa0,1,53/1024,exact,0.008419950005190913,fault_total
n3138gat,sa0,1,1/16384,exact,0.0005377540001063608,fault_total
n3048gat,sa0,1,325/8192,exact,0.006080110993934795,fault_total
n3047gat,sa1,1,120997/131072,exact,0.0005805719993077219,fault_total
n1266gat,sa0,1,53/1024,exact,0.008926419999625068,fault_total
n3138gat,sa1,1,16383/16384,exact,0.0004590250027831644,fault_total
n3048gat,sa1,1,7867/8192,exact,0.000522836999152787,fault_total
n3049gat,sa0,1,7475/131072,exact,0.006000929999572691,fault_total
n2437gat,sa0,1,120997/131072,exact,0.0008617330022389069,fault_total
n3049gat,sa1,1,123597/131072,exact,0.00042438200034666806,fault_total
n2437gat,sa1,1,10075/131072,exact,0.0007629880055901594,fault_total
n2186gat,sa0,1,636475/2097152,exact,0.07184336799400626,fault_total
n1259gat,sa0,1,53/1024,exact,0.009105372002522927,fault_total
n2385gat,sa0,1,251/512,exact,0.007435448998876382,fault_total
n1287gat,sa0,1,1/4,exact,0.007193471996288281,fault_total
n1467gat,sa0,1,466209/33554432,exact,0.01355829500243999,fault_total
n1179gat,sa0,1,87/2048,exact,0.010348761999921408,fault_total
n1179gat,sa1,1,55/2048,exact,0.009882216996629722,fault_total
n2945gat,sa0,1,55/2048,exact,0.010847406003449578,fault_total
n1199gat,sa0,1,5/1024,exact,0.008358667000720743,fault_total
n1398gat,sa0,1,219/1024,exact,0.007145023002522066,fault_total
n3010gat_stem,sa0,1,1/2,exact,0.005767549002484884,fault_total
n3010gat_stem,sa1,1,1/2,exact,0.0004624239954864606,fault_total
n93gat_n651gat_A,sa0,1,4166691/8388608,exact,0.000632344999758061,fault_total
n110gat,sa0,1,31589/32768,exact,0.016020076000131667,fault_total
n93gat_n652gat_B,sa0,1,4166691/8388608,exact,0.000671385001624003,fault_total
n111gat,sa0,1,263890247/268435456,exact,0.09535804799816106,fault_total
n110gat,sa1,1,155/32768,exact,0.000846290000481531,fault_total
n111gat,sa1,1,511/262144,exact,0.007751664001261815,fault_total
n93gat_n645gat_B,sa0,1,4166691/8388608,exact,0.0007469089978258125,fault_total
n93gat_n646gat_A,sa0,1,4166691/8388608,exact,0.0007058490009512752,fault_total
n93gat_n763gat_B,sa0,1,4166691/8388608,exact,0.0006325909998849966,fault_total
n93gat_n766gat_A,sa0,1,4166691/8388608,exact,0.0009609010012354702,fault_total
n93gat_n765gat_B,sa0,1,4166691/8388608,exact,0.0006044140027370304,fault_total
n134gat,sa0,1,1019/2048,exact,0.00611617600225145,fault_total
n450gat,sa0,1,12267/65536,exact,0.000507170996570494,fault_total
n802gat,sa0,1,1019/2048,exact,0.005774648998340126,fault_total
n93gat_n769gat_A,sa0,1,4166691/8388608,exact,0.0006751730034011416,fault_total
n650gat,sa0,1,12267/65536,exact,0.0005535359960049391,fault_total
n380gat,sa0,1,1019/2048,exact,0.006195030000526458,fault_total
n381gat,sa0,1,1019/2048,exact,0.005899777999729849,fault_total
n960gat,sa0,1,12267/65536,exact,0.000553881996893324,fault_total
n555gat,sa0,1,12267/65536,exact,0.0006443689999287017,fault_total
n654gat,sa0,1,12267/65536,exact,0.00045054299698676914,fault_total
n556gat,sa0,1,12267/65536,exact,0.0004843990027438849,fault_total
n827gat,sa0,1,5/1024,exact,0.005214609998802189,fault_total
n656gat,sa0,1,12267/65536,exact,0.0005025650025345385,fault_total
n773gat,sa0,1,12267/65536,exact,0.0004353519980213605,fault_total
n557gat,sa0,1,12267/65536,exact,0.0004551349993562326,fault_total
n449gat,sa0,1,12267/65536,exact,0.0006675420008832589,fault_total
n791gat,sa0,1,12267/65536,exact,0.0005465430003823712,fault_total
n764gat,sa0,1,12267/65536,exact,0.000433193999924697,fault_total
n458gat,sa0,1,1019/2048,exact,0.005784314998891205,fault_total
n827gat,sa1,1,1019/1024,exact,0.00029637099942192435,fault_total
n774gat,sa0,1,12267/65536,exact,0.0005471089971251786,fault_total
n793gat,sa0,1,12267/65536,exact,0.00045387000136543065,fault_total
n649gat,sa0,1,12267/65536,exact,0.0004630469993571751,fault_total
n794gat,sa0,1,12267/65536,exact,0.0006433000016841106,fault_total
n965gat,sa0,1,12267/65536,exact,0.0005012819965486415,fault_total
n795gat,sa0,1,12267/65536,exact,0.00047485899995081127,fault_total
n894gat,sa0,1,87/2048,exact,0.009884613995382097,fault_total
n894gat,sa1,1,55/2048,exact,0.008967508001660462,fault_total
n878gat,sa0,1,1019/2048,exact,0.005976391003059689,fault_total
n888gat,sa0,1,87/2048,exact,0.01035587300430052,fault_total
n897gat,sa0,1,87/2048,exact,0.01005048600200098,fault_total
n879gat,sa0,1,81/2048,exact,0.012988384994969238,fault_total
n888gat,sa1,1,55/2048,exact,0.009492760000284761,fault_total
n898gat,sa0,1,87/2048,exact,0.009551934002956841,fault_total
n897gat,sa1,1,55/2048,exact,0.009640903001127299,fault_total
n879gat,sa1,1,61/2048,exact,0.011946560996875633,fault_total
n898gat,sa1,1,55/2048,exact,0.009375622001243755,fault_total
n1790gat_n2017gat_A,sa0,1,33/32768,exact,0.000706851998984348,fault_total
n1790gat_n2163gat_A,sa0,1,1365/8388608,exact,0.0009395890010637231,fault_total
n1179gat_n1181gat_B,sa0,1,7/512,exact,0.00757513699500123,fault_total
n2437gat_n2436gat_A,sa0,1,120867/262144,exact,0.008510436993674375,fault_total
n3010gat,sa0,1,1/2,exact,0.0003144349975627847,fault_total
n3010gat,sa1,1,1/2,exact,0.00023172199871623889,fault_total
n2437gat_n2556gat_B,sa0,1,60531/131072,exact,0.007446055002219509,fault_total
n1115gat,sa0,1,19/1024,exact,0.007789395000145305,fault_total
n2437gat_n2539gat_B,sa0,1,120997/131072,exact,0.0008266479999292642,fault_total
n1179gat_n1178gat_B,sa0,1,33/1024,exact,0.008074463999946602,fault_total
n1116gat,sa0,1,19/1024,exact,0.008092467003734782,fault_total
n2437gat_n2387gat_B,sa0,1,120737/262144,exact,0.007647614998859353,fault_total
n2017gat,sa0,1,24543/32768,exact,0.008128294997732155,fault_total
n2422gat,sa0,1,525/1048576,exact,0.017145122001238633,fault_total
n1252gat,sa0,1,53/1024,exact,0.010047433999716304,fault_total
n2437gat_n2559gat_B,sa0,1,120997/262144,exact,0.009214360994519666,fault_total
n2017gat,sa1,1,8225/32768,exact,0.000692629000695888,fault_total
n3108gat,sa0,1,3/4,exact,0.00021792299958178774,fault_total
n2901gat,sa0,1,28735/65536,exact,0.00654150900663808,fault_total
n3054gat,sa0,1,252069/262144,exact,0.005808554997202009,fault_total
n2163gat,sa0,1,1063595/8388608,exact,0.0010148159999516793,fault_total
n3108gat,sa1,1,1/4,exact,0.00021538500004680827,fault_total
n2901gat,sa1,1,36801/65536,exact,0.00044937799975741655,fault_total
n3054gat,sa1,1,10075/262144,exact,0.0006360039988067001,fault_total
n2163gat,sa1,1,7325013/8388608,exact,0.0007460229971911758,fault_total
n2903gat,sa0,1,28735/65536,exact,0.0004521390001173131,fault_total
n1076gat,sa0,1,20445/8388608,exact,0.00099739200231852,fault_total
n2904gat,sa0,1,28735/65536,exact,0.000418772004195489,fault_total
n2903gat,sa1,1,36801/65536,exact,0.00040427200292469934,fault_total
n2904gat,sa1,1,36801/65536,exact,0.00046910299715818837,fault_total
n1564gat,sa0,1,593/32768,exact,0.009226729998772498,fault_total
n2915gat,sa0,1,28735/65536,exact,0.000596342004428152,fault_total
n1564gat,sa1,1,32175/32768,exact,0.0007012210044194944,fault_total
n894gat_n893gat_A,sa0,1,33/1024,exact,0.008188223997422028,fault_total
n2915gat,sa1,1,36801/65536,exact,0.0004932200026814826,fault_total
n2890gat,sa0,1,28735/65536,exact,0.00041389000398339704,fault_total
n1927gat,sa0,1,1009/32768,exact,0.006885666000016499,fault_total
n2980gat,sa0,1,1099/2048,exact,0.0069166969988145865,fault_total
n888gat_n891gat_B,sa0,1,33/1024,exact,0.008280189998913556,fault_total
n2891gat,sa0,1,28735/65536,exact,0.0004972219976480119,fault_total
n2890gat,sa1,1,36801/65536,exact,0.0004063079977640882,fault_total
n1927gat,sa1,1,31759/32768,exact,0.0007574749979539774,fault_total
n2980gat,sa1,1,949/2048,exact,0.0005105089949211106,fault_total
n2891gat,sa1,1,36801/65536,exact,0.0008246150027844124,fault_total
n897gat_n896gat_A,sa0,1,33/1024,exact,0.00805470600607805,fault_total
n2886gat,sa0,1,28735/65536,exact,0.00048806700215209275,fault_total
n898gat_n895gat_B,sa0,1,33/1024,exact,0.008192548004444689,fault_total
n2887gat,sa0,1,28735/65536,exact,0.000488596000650432,fault_total
n2886gat,sa1,1,36801/65536,exact,0.0004405759973451495,fault_total
n2888gat,sa0,1,28735/65536,exact,0.0004146130013396032,fault_total
n2887gat,sa1,1,36801/65536,exact,0.0006486760030384175,fault_total
n2888gat,sa1,1,36801/65536,exact,0.0004963419996784069,fault_total
n110gat_n1074gat_B,sa0,1,1019/4096,exact,0.00954224199813325,fault_total
n110gat_n1077gat_A,sa0,1,1019/4096,exact,0.010667991002264898,fault_total
n897gat_n1010gat_A,sa0,1,7/512,exact,0.0071564689933438785,fault_total
n894gat_n1005gat_A,sa0,1,7/512,exact,0.007679092996113468,fault_total
n879gat_n1003gat_B,sa0,1,31/1024,exact,0.008385339002416003,fault_total
n888gat_n1030gat_B,sa0,1,7/512,exact,0.007665254997846205,fault_total
n898gat_n1011gat_B,sa0,1,7/512,exact,0.0077456020007957704,fault_total
n2971gat_stem,sa0,1,1/2,exact,0.006037887003913056,fault_total
n2971gat_stem,sa1,1,1/2,exact,0.0005049590035923757,fault_total
n879gat_n1028gat_B,sa0,1,13/1024,exact,0.01666761500382563,fault_total
n900gat,sa0,1,19/1024,exact,0.007895326998550445,fault_total
n901gat,sa0,1,19/1024,exact,0.007747114999801852,fault_total
n902gat,sa0,1,19/1024,exact,0.007906810998974834,fault_total
n651gat,sa0,1,20445/8388608,exact,0.0007306070037884638,fault_total
n372gat,sa0,1,3905/1048576,exact,0.012474835995817557,fault_total
n652gat,sa0,1,20445/8388608,exact,0.0007771210002829321,fault_total
n372gat,sa1,1,31589/32768,exact,0.018801671998517122,fault_total
n645gat,sa0,1,20445/8388608,exact,0.0007624620047863573,fault_total
n646gat,sa0,1,20445/8388608,exact,0.0007123329996829852,fault_total
n763gat,sa0,1,20445/8388608,exact,0.0007986709970282391,fault_total
n765gat,sa0,1,20445/8388608,exact,0.0006806760065956041,fault_total
n766gat,sa0,1,20445/8388608,exact,0.0009732050020829774,fault_total
n892gat,sa0,1,19/1024,exact,0.007860427002015058,fault_total
n769gat,sa0,1,20445/8388608,exact,0.0007706530013820156,fault_total
n978gat,sa0,1,61/2048,exact,0.010902109999733511,fault_total
n978gat,sa1,1,81/2048,exact,0.010799154995766003,fault_total
n899gat,sa0,1,19/1024,exact,0.008191758999601007,fault_total
n1002gat_n1001gat_B,sa0,1,33/1024,exact,0.00842627399833873,fault_total
n999gat,sa0,1,19/1024,exact,0.007974369997100439,fault_total
n1002gat_n1031gat_A,sa0,1,7/512,exact,0.00840347300254507,fault_total
n111gat_n653gat_B,sa0,1,2041/4096,exact,0.006014187994878739,fault_total
n1180gat_n1182gat_A,sa0,1,7/512,exact,0.0075306950020603836,fault_total
n111gat_n771gat_B,sa0,1,2041/4096,exact,0.0003605050005717203,fault_total
n111gat_n447gat_B,sa0,1,2041/4096,exact,0.0003028209976037033,fault_total
n110gat_n377gat_A,sa0,1,1019/4096,exact,0.009737472006236203,fault_total
n111gat_n448gat_A,sa0,1,511/2048,exact,0.010698586993385106,fault_total
n111gat_n772gat_A,sa0,1,511/2048,exact,0.011812889999418985,fault_total
n2437gat_n2330gat_A,sa0,1,90829/131072,exact,0.006687626002531033,fault_total
n111gat_n971gat_A,sa0,1,511/2048,exact,0.010641379994922318,fault_total
n111gat_n964gat_A,sa0,1,2041/4096,exact,0.00039739200292387977,fault_total
n1180gat_n1177gat_A,sa0,1,33/1024,exact,0.008390099006646778,fault_total
n111gat_n974gat_B,sa0,1,511/2048,exact,0.00925506299972767,fault_total
n111gat_n975gat_A,sa0,1,511/2048,exact,0.011235142999794334,fault_total
n110gat_n797gat_A,sa0,1,1019/4096,exact,0.00950006799394032,fault_total
n110gat_n796gat_B,sa0,1,1019/4096,exact,0.010823503995197825,fault_total
n1011gat,sa0,1,5/512,exact,0.000619925995124504,fault_total
n1003gat,sa0,1,23/1024,exact,0.008299804998387117,fault_total
n1030gat,sa0,1,5/512,exact,0.0006153249996714294,fault_total
n372gat_n970gat_A,sa0,1,5/4096,exact,0.005946466000750661,fault_total
n1031gat,sa0,1,5/512,exact,0.007028897001873702,fault_total
n2004gat,sa0,1,1603875/16777216,exact,0.010871152000618167,fault_total
n1005gat,sa0,1,5/512,exact,0.0007522569940192625,fault_total
n372gat_n972gat_A,sa0,1,5/4096,exact,0.0007163539994508028,fault_total
n372gat_n973gat_A,sa0,1,5/4096,exact,0.000445238001702819,fault_total
n1028gat,sa0,1,11/1024,exact,0.007474964004359208,fault_total
n1181gat,sa0,1,5/512,exact,0.000595899997279048,fault_total
n2910gat,sa0,1,34781/8388608,exact,0.000678489996062126,fault_total
n2325gat,sa0,1,251/512,exact,0.0007380140013992786,fault_total
n1074gat,sa0,1,5/2048,exact,0.006464949001383502,fault_total
n1182gat,sa0,1,5/512,exact,0.007922237004095223,fault_total
n2910gat,sa1,1,8353827/8388608,exact,0.0007898340045358054,fault_total
n2911gat,sa0,1,34781/8388608,exact,0.000767819001339376,fault_total
n2911gat,sa1,1,8353827/8388608,exact,0.0009078430011868477,fault_total
n2912gat,sa0,1,34781/8388608,exact,0.0006252580060390756,fault_total
n2912gat,sa1,1,8353827/8388608,exact,0.0005907550003030337,fault_total
n1077gat,sa0,1,5/2048,exact,0.006784986995626241,fault_total
n1177gat,sa0,1,21/1024,exact,0.008333565994689707,fault_total
n1178gat,sa0,1,21/1024,exact,0.008131546994263772,fault_total
n2952gat,sa0,1,34781/8388608,exact,0.0007710409990977496,fault_total
n2907gat,sa0,1,34781/8388608,exact,0.0008982619983726181,fault_total
n2971gat,sa0,1,1/2,exact,0.0003338750029797666,fault_total
n2952gat,sa1,1,8353827/8388608,exact,0.0006969489986659028,fault_total
n2907gat,sa1,1,8353827/8388608,exact,0.0008236150024458766,fault_total
n2908gat,sa0,1,34781/8388608,exact,0.0005988740012980998,fault_total
n1477gat,sa0,1,8139999/33554432,exact,0.052096344996243715,fault_total
n2971gat,sa1,1,1/2,exact,0.0003311600012239069,fault_total
n2918gat,sa0,1,34781/8388608,exact,0.0008750639972276986,fault_total
n2909gat,sa0,1,34781/8388608,exact,0.0008625150003354065,fault_total
n2908gat,sa1,1,8353827/8388608,exact,0.0010072989971376956,fault_total
n2918gat,sa1,1,8353827/8388608,exact,0.0007600250028190203,fault_total
n2919gat,sa0,1,34781/8388608,exact,0.0006306400027824566,fault_total
n2909gat,sa1,1,8353827/8388608,exact,0.0008051289987633936,fault_total
n2919gat,sa1,1,8353827/8388608,exact,0.0006511200044769794,fault_total
n1598gat,sa0,1,525/1048576,exact,0.014206758001819253,fault_total
n978gat_n1004gat_A,sa0,1,23/1024,exact,0.009671913001511712,fault_total
n978gat_n1029gat_A,sa0,1,11/1024,exact,0.00748810399818467,fault_total
n653gat,sa0,1,1/1024,exact,0.005724196002120152,fault_total
n771gat,sa0,1,1/1024,exact,0.0003781630002777092,fault_total
n447gat,sa0,1,1/1024,exact,0.0003543639977579005,fault_total
n375gat,sa0,1,3905/1048576,exact,0.011407883997890167,fault_total
n448gat,sa0,1,1/1024,exact,0.00595505500677973,fault_total
n772gat,sa0,1,1/1024,exact,0.0005877479998162016,fault_total
n375gat,sa1,1,31589/32768,exact,0.01451443800033303,fault_total
n377gat,sa0,1,5/2048,exact,0.00648874699982116,fault_total
n971gat,sa0,1,1/1024,exact,0.0005270710025797598,fault_total
n891gat,sa0,1,21/1024,exact,0.008147088003170211,fault_total
n964gat,sa0,1,1/1024,exact,0.0003713890037033707,fault_total
n974gat,sa0,1,1/1024,exact,0.000489041005494073,fault_total
n893gat,sa0,1,21/1024,exact,0.007909609994385391,fault_total
n975gat,sa0,1,1/1024,exact,0.0006253589963307604,fault_total
n796gat,sa0,1,5/2048,exact,0.006560305999300908,fault_total
n895gat,sa0,1,21/1024,exact,0.008290402998682112,fault_total
n797gat,sa0,1,5/2048,exact,0.006269760997383855,fault_total
n896gat,sa0,1,21/1024,exact,0.00811946700559929,fault_total
n372gat_n451gat_B,sa0,1,5/4096,exact,0.0005785090033896267,fault_total
n372gat_n453gat_A,sa0,1,5/4096,exact,0.0061761039978591725,fault_total
n1000gat,sa0,1,19/1024,exact,0.009488316994975321,fault_total
n1001gat,sa0,1,21/1024,exact,0.008563789000618272,fault_total
n1010gat,sa0,1,5/512,exact,0.0006431820002035238,fault_total
n1004gat,sa0,1,31/1024,exact,0.009819005004828796,fault_total
n375gat_n872gat_A,sa0,1,5/4096,exact,0.007443791997502558,fault_total
n375gat_n871gat_B,sa0,1,5/4096,exact,0.006675449003523681,fault_total
n375gat_n378gat_A,sa0,1,5/4096,exact,0.006392215000232682,fault_total
n1531gat,sa0,1,2668833/33554432,exact,0.02776338999683503,fault_total
n3116gat,sa0,1,1/2,exact,0.0002957969991257414,fault_total
n2009gat,sa0,1,4785885/16777216,exact,0.0009293080001953058,fault_total
n1154gat,sa0,1,49875/2097152,exact,0.1512658039937378,fault_total
n3116gat,sa1,1,1/2,exact,0.0003355490043759346,fault_total
n2009gat,sa1,1,11991331/16777216,exact,0.0010149149966309778,fault_total
n1029gat,sa0,1,13/1024,exact,0.001062878996890504,fault_total
n2920gat,sa0,1,5/2048,exact,0.005818516998260748,fault_total
n2920gat,sa1,1,2043/2048,exact,0.00036850100150331855,fault_total
n2913gat,sa0,1,5/2048,exact,0.0002994150054291822,fault_total
n2913gat,sa1,1,2043/2048,exact,0.00027216699527343735,fault_total
n2905gat,sa0,1,5/2048,exact,0.005737740997574292,fault_total
n2905gat,sa1,1,2043/2048,exact,0.00035407499672146514,fault_total
n1782gat,sa0,1,501/1024,exact,0.0006816039967816323,fault_total
n2898gat,sa0,1,5/2048,exact,0.0003424030001042411,fault_total
n2898gat,sa1,1,2043/2048,exact,0.0002779669957817532,fault_total
n375gat_n1082gat_A,sa0,1,5/4096,exact,0.007890497996413615,fault_total
n375gat_n1083gat_B,sa0,1,5/4096,exact,0.006704536994220689,fault_total
n451gat,sa0,1,1019/2048,exact,0.006987812004808802,fault_total
n453gat,sa0,1,1019/2048,exact,0.006522745999973267,fault_total
n970gat,sa0,1,1019/2048,exact,0.0006479259973275475,fault_total
n972gat,sa0,1,1019/2048,exact,0.0005846620042575523,fault_total
n973gat,sa0,1,1019/2048,exact,0.0007055059977574274,fault_total
n3040gat,sa0,1,10075/131072,exact,0.0006656830009887926,fault_total
n1411gat,sa0,1,4725/1048576,exact,0.03658675800397759,fault_total
n3104gat,sa0,1,1029/2048,exact,0.0004981339952792041,fault_total
n3040gat,sa1,1,120997/131072,exact,0.0005635900015477091,fault_total
n3041gat,sa0,1,10205/262144,exact,0.007904541998868808,fault_total
n3104gat,sa1,1,1019/2048,exact,0.00044939800136489794,fault_total
n3105gat,sa0,1,1029/2048,exact,0.0003915109991794452,fault_total
n3042gat,sa0,1,10335/262144,exact,0.007942264004668687,fault_total
n3041gat,sa1,1,251939/262144,exact,0.0006281669993768446,fault_total
n3105gat,sa1,1,1019/2048,exact,0.0006349169998429716,fault_total
n3151gat,sa0,1,385/512,exact,0.0003371359998709522,fault_total
n3042gat,sa1,1,251809/262144,exact,0.0006679270009044558,fault_total
n3151gat,sa1,1,127/512,exact,0.000728817998606246,fault_total
n3152gat,sa0,1,1,exact,0.00014674799604108557,fault_total
n3044gat,sa0,1,7475/131072,exact,0.007532693998655304,fault_total
n1082gat,sa0,1,1019/2048,exact,0.0007963209936860949,fault_total
n3152gat,sa1,1,0,exact,0.00017061700054910034,fault_total
n3044gat,sa1,1,123597/131072,exact,0.0006933210024726577,fault_total
n1083gat,sa0,1,1019/2048,exact,0.0004899780033156276,fault_total
n3037gat,sa0,1,5005/131072,exact,0.007054016001347918,fault_total
n3037gat,sa1,1,126067/131072,exact,0.000782121998781804,fault_total
n2985gat,sa0,1,9985313/33554432,exact,0.011858953002956696,fault_total
n2985gat,sa1,1,18948831/33554432,exact,0.04457375800120644,fault_total
n871gat,sa0,1,1019/2048,exact,0.0005249290043138899,fault_total
n872gat,sa0,1,1019/2048,exact,0.00047296800039475784,fault_total
n378gat,sa0,1,1019/2048,exact,0.0004160230018896982,fault_total
n1412gat,sa0,1,1909425/4194304,exact,0.15273777200491168,fault_total
n1412gat,sa1,1,1236303/4194304,exact,0.039360665999993216,fault_total
n3053gat,sa0,1,252069/262144,exact,0.007696961001784075,fault_total
n2985gat_n1761gat_A,sa0,1,9985313/33554432,exact,0.0010115559998666868,fault_total
n3053gat,sa1,1,10075/262144,exact,0.0006062239990569651,fault_total
n2985gat_n1760gat_C,sa0,1,9985313/33554432,exact,0.011971365995123051,fault_total
n3060gat,sa0,1,1/2,exact,0.011396779998904094,fault_total
n3060gat,sa1,1,1/2,exact,0.0005203730033827014,fault_total
n3061gat,sa0,1,1/2,exact,0.013597187004052103,fault_total
n3061gat,sa1,1,1/2,exact,0.0005362660012906417,fault_total
n3057gat,sa0,1,1/2,exact,0.011891319001733791,fault_total
n3057gat,sa1,1,1/2,exact,0.00048196800344157964,fault_total
n3058gat,sa0,1,1/2,exact,0.010681881998607423,fault_total
n3059gat,sa0,1,1/2,exact,0.013222208996012341,fault_total
n3058gat,sa1,1,1/2,exact,0.0004758889990625903,fault_total
n3059gat,sa1,1,1/2,exact,0.0004154999987804331,fault_total
n3120gat,sa0,1,261/512,exact,0.0007768840005155653,fault_total
n3120gat,sa1,1,251/512,exact,0.0005000649980502203,fault_total
n3121gat,sa0,1,261/512,exact,0.0005245339998509735,fault_total
n3121gat,sa1,1,251/512,exact,0.00047091399756027386,fault_total
n3122gat,sa0,1,261/512,exact,0.0007121779999579303,fault_total
n3122gat,sa1,1,251/512,exact,0.00047553500189678743,fault_total
n3123gat,sa0,1,261/512,exact,0.000504347997775767,fault_total
n3123gat,sa1,1,251/512,exact,0.0005528170004254207,fault_total
n3062gat,sa0,1,1/2,exact,0.0117219230014598,fault_total
n3117gat,sa0,1,261/512,exact,0.007567238004412502,fault_total
n3063gat,sa0,1,1/2,exact,0.010416463999717962,fault_total
n3062gat,sa1,1,1/2,exact,0.0004881749991909601,fault_total
n3117gat,sa1,1,251/512,exact,0.0004967810018570162,fault_total
n3118gat,sa0,1,261/512,exact,0.0006600820051971823,fault_total
n3064gat,sa0,1,1/2,exact,0.012513792004028801,fault_total
n3055gat,sa0,1,1/2,exact,0.01036646500142524,fault_total
n3063gat,sa1,1,1/2,exact,0.0004754229958052747,fault_total
n3118gat,sa1,1,251/512,exact,0.0006585839946637861,fault_total
n3119gat,sa0,1,261/512,exact,0.0005812749950564466,fault_total
n3064gat,sa1,1,1/2,exact,0.00048074699589051306,fault_total
n3055gat,sa1,1,1/2,exact,0.0006171730055939406,fault_total
n3056gat,sa0,1,1/2,exact,0.00940708599955542,fault_total
n3119gat,sa1,1,251/512,exact,0.0007979439978953451,fault_total
n3056gat,sa1,1,1/2,exact,0.00046754199865972623,fault_total
n2158gat,sa0,1,412101/2097152,exact,0.001883645003545098,fault_total
n2159gat,sa0,1,412101/2097152,exact,0.02431868099665735,fault_total
n2000gat,sa0,1,412101/1048576,exact,0.0020734370045829564,fault_total
n3141gat,sa0,1,1099/2048,exact,0.000523403003171552,fault_total
n3124gat,sa0,1,523/1024,exact,0.0006120769976405427,fault_total
n3141gat,sa1,1,949/2048,exact,0.0007985909978742711,fault_total
n3142gat,sa0,1,1099/2048,exact,0.0004954300020472147,fault_total
n3124gat,sa1,1,501/1024,exact,0.0006313839985523373,fault_total
n3125gat,sa0,1,525/1024,exact,0.00060710000252584,fault_total
n3142gat,sa1,1,949/2048,exact,0.0008473760026390664,fault_total
n3125gat,sa1,1,499/1024,exact,0.0006007189949741587,fault_total
n1999gat,sa0,1,636475/1048576,exact,0.0019263769936515018,fault_total
n3000gat,sa0,1,1,exact,0.00828621300024679,fault_total
n3000gat,sa1,1,0,exact,0.0014565630044671707,fault_total
n3130gat,sa0,1,41/1024,exact,0.009212746001139749,fault_total
n3130gat,sa1,1,983/1024,exact,0.0005895739959669299,fault_total
n3131gat,sa0,1,41/1024,exact,0.009049612999660894,fault_total
n3131gat,sa1,1,983/1024,exact,0.0005948069956502877,fault_total
n3132gat,sa0,1,41/1024,exact,0.00895151800068561,fault_total
n3132gat,sa1,1,983/1024,exact,0.0006541830007336102,fault_total
n3133gat,sa0,1,41/1024,exact,0.009514908997516613,fault_total
n3133gat,sa1,1,983/1024,exact,0.0007320410004467703,fault_total
n3134gat,sa0,1,41/1024,exact,0.009626217004552018,fault_total
n3134gat,sa1,1,983/1024,exact,0.0006142789934528992,fault_total
n3135gat,sa0,1,41/1024,exact,0.009410783000930678,fault_total
n3135gat,sa1,1,983/1024,exact,0.000598489998083096,fault_total
n3136gat,sa0,1,41/1024,exact,0.009459161999984644,fault_total
n3136gat,sa1,1,983/1024,exact,0.0006220380018930882,fault_total
n3137gat,sa0,1,43/1024,exact,0.009744126997247804,fault_total
n3137gat,sa1,1,981/1024,exact,0.0007573210023110732,fault_total
n3129gat,sa0,1,51/1024,exact,0.011621620004007127,fault_total
n3129gat,sa1,1,973/1024,exact,0.0009157090025837533,fault_total
n3140gat,sa0,1,14605601/33554432,exact,0.0007468630064977333,fault_total
n3140gat,sa1,1,18948831/33554432,exact,0.0010683840009733103,fault_total
n3139gat,sa0,1,14605601/33554432,exact,0.009624919999623671,fault_total
n3139gat,sa1,1,18948831/33554432,exact,0.0008268199962913059,fault_total
n3143gat,sa0,1,1460677/2097152,exact,0.0018366219956078567,fault_total
n3143gat,sa1,1,636475/2097152,exact,0.0015931460002320819,fault_total
n3144gat,sa0,1,1460677/2097152,exact,0.021700334997149184,fault_total
n3144gat,sa1,1,636475/2097152,exact,0.001939583002240397,fault_total
