net_name,f_type,complete,fdp_fraction,value_kind,seconds,time_kind
n1121gat,sa0,1,1/2,exact,0.010704476000682916,fault_total
n1121gat,sa1,1,1/2,exact,0.011460685003839899,fault_total
n2203gat,sa0,1,1/2,exact,0.00658434399520047,fault_total
n1312gat,sa0,1,6190923/33554432,exact,0.019667143998958636,fault_total
n1241gat,sa0,1,1/2,exact,0.010160956000618171,fault_total
n2203gat,sa1,1,1/2,exact,0.0067362650006543845,fault_total
n1312gat,sa1,1,6190923/33554432,exact,0.0009488369978498667,fault_total
n1340gat,sa0,1,1608355/16777216,exact,0.06946521400095662,fault_total
n1026gat,sa0,1,1/2,exact,0.009823966996918898,fault_total
n1241gat,sa1,1,1/2,exact,0.00948863200028427,fault_total
n1080gat,sa0,1,1/2,exact,0.01364733200171031,fault_total
n1035gat,sa0,1,1/2,exact,0.010269399994285777,fault_total
n2061gat,sa0,1,244159078907/549755813888,exact,0.02795104999677278,fault_total
n2403gat,sa0,1,83083297/268435456,exact,0.01962497700151289,fault_total
n1340gat,sa1,1,1608355/16777216,exact,0.000895101999049075,fault_total
n1026gat,sa1,1,1/2,exact,0.012980063998838887,fault_total
n1080gat,sa1,1,1/2,exact,0.013162227005523164,fault_total
n1072gat,sa0,1,1/2,exact,0.010019690998888109,fault_total
n1035gat,sa1,1,1/2,exact,0.010075391001009848,fault_total
n1135gat,sa0,1,1/2,exact,0.00987144199461909,fault_total
n1045gat,sa0,1,1/2,exact,0.010055242004455067,fault_total
n2061gat,sa1,1,244159078907/549755813888,exact,0.0025735149974934757,fault_total
n2403gat,sa1,1,83083297/268435456,exact,0.0019109759959974326,fault_total
n2143gat,sa0,1,137070554487/274877906944,exact,0.016017109002859797,fault_total
n2440gat,sa0,1,2649497975/8589934592,exact,0.022288580003078096,fault_total
n2125gat,sa0,1,1/2,exact,0.00015044499741634354,fault_total
n2630gat,sa0,1,1/2,exact,0.0017513159982627258,fault_total
n1072gat,sa1,1,1/2,exact,0.01017797899839934,fault_total
n1226gat,sa0,1,1/2,exact,0.009499071995378472,fault_total
n1135gat,sa1,1,1/2,exact,0.00986467199982144,fault_total
n1045gat,sa1,1,1/2,exact,0.010391472002083901,fault_total
n2207gat,sa0,1,1/2,exact,0.002341400999284815,fault_total
n2270gat,sa0,1,1/2,exact,0.005345675999706145,fault_total
n2143gat,sa1,1,137070554487/274877906944,exact,0.002654896001331508,fault_total
n2440gat,sa1,1,2649497975/8589934592,exact,0.0020945709984516725,fault_total
n1316gat,sa0,1,1/2,exact,0.00011171399819431826,fault_total
n2135gat,sa0,1,72437435/268435456,exact,0.008184310994693078,fault_total
n2125gat,sa1,1,1/2,exact,0.00013688400213140994,fault_total
n2450gat,sa0,1,1/2,exact,0.0002830760058714077,fault_total
n2343gat,sa0,1,1/2,exact,0.0022819449950475246,fault_total
n2630gat,sa1,1,1/2,exact,0.0014982069988036528,fault_total
n1226gat,sa1,1,1/2,exact,0.00985757199669024,fault_total
n2640gat,sa0,1,1/2,exact,0.0010406649962533265,fault_total
n2207gat,sa1,1,1/2,exact,0.0023001570007181726,fault_total
n2270gat,sa1,1,1/2,exact,0.004934692995448131,fault_total
n2622gat,sa0,1,1/2,exact,0.001670502002525609,fault_total
n1740gat,sa0,1,239885/134217728,exact,0.010289839003235102,fault_total
n2262gat,sa0,1,72437435/268435456,exact,0.0075091580001753755,fault_total
n2190gat,sa0,1,72437435/268435456,exact,0.006594305996259209,fault_total
n1316gat,sa1,1,1/2,exact,0.00021115999697940424,fault_total
n2135gat,sa1,1,72437435/268435456,exact,0.0006399600024451502,fault_total
n2450gat,sa1,1,1/2,exact,0.0002718420000746846,fault_total
n3091gat,sa0,1,10408455/2147483648,exact,0.06983853699784959,fault_total
n2343gat,sa1,1,1/2,exact,0.0021502250019693747,fault_total
n2155gat,sa0,1,1879033849/1099511627776,exact,0.04824857899802737,fault_total
n1282gat,sa0,1,1/2,exact,0.010074509998958092,fault_total
n2640gat,sa1,1,1/2,exact,0.0010192589979851618,fault_total
n2622gat,sa1,1,1/2,exact,0.00160812700050883,fault_total
n2407gat,sa0,1,146872305/536870912,exact,0.01892043300176738,fault_total
n1740gat,sa1,1,239885/134217728,exact,0.0010483130026841536,fault_total
n2262gat,sa1,1,72437435/268435456,exact,0.0007623939964105375,fault_total
n2190gat,sa1,1,72437435/268435456,exact,0.0009766419971128926,fault_total
n1462gat,sa0,1,1167135/8388608,exact,0.027704362997610588,fault_total
n3092gat,sa0,1,10408455/2147483648,exact,0.002801659000397194,fault_total
n1148gat,sa0,1,1/2,exact,0.013351866000448354,fault_total
n2543gat,sa0,1,1/2,exact,0.001687673997366801,fault_total
n2155gat,sa1,1,1879033849/1099511627776,exact,0.001560010998218786,fault_total
n1282gat,sa1,1,1/2,exact,0.010356401005992666,fault_total
n2390gat,sa0,1,1/2,exact,0.004858406995481346,fault_total
n1850gat,sa0,1,137070755267/274877906944,exact,0.02467307999904733,fault_total
n2407gat,sa1,1,146872305/536870912,exact,0.0019689019973156974,fault_total
n1462gat,sa1,1,1167135/8388608,exact,0.0007134160041459836,fault_total
n1068gat,sa0,1,1/2,exact,0.014209248998668045,fault_total
n1148gat,sa1,1,1/2,exact,0.013889933994505554,fault_total
n2490gat,sa0,1,1/2,exact,0.0019060819977312349,fault_total
n2543gat,sa1,1,1/2,exact,0.0018458460035617463,fault_total
n2562gat,sa0,1,1/2,exact,0.0020102279959246516,fault_total
n2390gat,sa1,1,1/2,exact,0.005082310002762824,fault_total
n2634gat,sa0,1,1/2,exact,0.0009499110019532964,fault_total
n2139gat,sa0,1,518143165/1073741824,exact,0.03743768799904501,fault_total
n1850gat,sa1,1,137070755267/274877906944,exact,0.00229401899559889,fault_total
n1068gat,sa1,1,1/2,exact,0.013460176000080537,fault_total
n1294gat,sa0,1,1/2,exact,0.012988718997803517,fault_total
n2490gat,sa1,1,1/2,exact,0.0015924239996820688,fault_total
n2626gat,sa0,1,1/2,exact,0.001804872001230251,fault_total
n2562gat,sa1,1,1/2,exact,0.00208308499713894,fault_total
n2634gat,sa1,1,1/2,exact,0.0011320010016788729,fault_total
n2139gat,sa1,1,518143165/1073741824,exact,0.0024605940052424558,fault_total
n2347gat,sa0,1,19782521977/68719476736,exact,0.023914616998808924,fault_total
n2266gat,sa0,1,325/8192,exact,0.000410019994887989,fault_total
n2644gat,sa0,1,10075/262144,exact,0.005727420997573063,fault_total
n1294gat,sa1,1,1/2,exact,0.013246412003354635,fault_total
n2626gat,sa1,1,1/2,exact,0.002102323000144679,fault_total
n2339gat,sa0,1,1/2,exact,0.0005762740038335323,fault_total
n1880gat,sa0,1,12637691388751/35184372088832,exact,0.04918188900046516,fault_total
n2347gat,sa1,1,19782521977/68719476736,exact,0.0020274319977033883,fault_total
n1394gat,sa0,1,1/2,exact,0.0013424450007732958,fault_total
n2266gat,sa1,1,325/8192,exact,0.00041330500243930146,fault_total
n2644gat,sa1,1,10075/262144,exact,0.00046749399916734546,fault_total
n1871gat,sa0,1,1/2,exact,0.0027719420031644404,fault_total
n1197gat,sa0,1,1/2,exact,0.0004030999989481643,fault_total
n2339gat,sa1,1,1/2,exact,0.0003396050014998764,fault_total
n1880gat,sa1,1,12637691388751/35184372088832,exact,0.004768815997522324,fault_total
n2394gat,sa0,1,2650464059/8589934592,exact,0.024667495003086515,fault_total
n2592gat,sa0,1,1/2,exact,0.0010422739942441694,fault_total
n1394gat,sa1,1,1/2,exact,0.00115090400504414,fault_total
n2169gat,sa0,1,591521275/4294967296,exact,0.006851313999504782,fault_total
n1871gat,sa1,1,1/2,exact,0.0025472640045336448,fault_total
n1197gat,sa1,1,1/2,exact,0.00040354700468014926,fault_total
n2394gat,sa1,1,2650464059/8589934592,exact,0.0021139349992154166,fault_total
n2592gat,sa1,1,1/2,exact,0.0009933719993568957,fault_total
n2169gat,sa1,1,591521275/4294967296,exact,0.0008973720032372512,fault_total
n1298gat,sa0,1,1/2,exact,0.017860558000393212,fault_total
n2495gat,sa0,1,1/2,exact,0.00046672600001329556,fault_total
n1775gat,sa0,1,1/2,exact,0.0009842389990808442,fault_total
n1298gat,sa1,1,1/2,exact,0.013211446996137965,fault_total
n2495gat,sa1,1,1/2,exact,0.0003819150006165728,fault_total
n1775gat,sa1,1,1/2,exact,0.0009297299984609708,fault_total
n1596gat,sa0,1,11067/131072,exact,0.014633560997026507,fault_total
n1975gat,sa0,1,10075/262144,exact,0.006753439003659878,fault_total
n1596gat,sa1,1,11067/131072,exact,0.000733765002223663,fault_total
n2399gat,sa0,1,1/2,exact,0.002214876003563404,fault_total
n1975gat,sa1,1,10075/262144,exact,0.0005667130026267841,fault_total
n2399gat,sa1,1,1/2,exact,0.0020688309959950857,fault_total
n1899gat,sa0,1,262347480747/549755813888,exact,0.038659563004330266,fault_total
n1899gat,sa1,1,262347480747/549755813888,exact,0.002925132001109887,fault_total
n402gat,sa0,1,1/2,exact,0.010716862001572736,fault_total
n160gat,sa0,1,1/2,exact,0.009145769996393938,fault_total
n402gat,sa1,1,1/2,exact,0.010212114000751171,fault_total
n322gat,sa0,1,1/2,exact,0.01417254599800799,fault_total
n331gat,sa0,1,1019/2048,exact,0.007261788996402174,fault_total
n160gat,sa1,1,1/2,exact,0.0092583840014413,fault_total
n341gat,sa0,1,1/2,exact,0.009205510999890976,fault_total
n314gat,sa0,1,1/2,exact,0.014131866999377962,fault_total
n322gat,sa1,1,1/2,exact,0.01426842600631062,fault_total
n152gat,sa0,1,1019/2048,exact,0.006151112997031305,fault_total
n331gat,sa1,1,1019/2048,exact,0.0009003179948194884,fault_total
n341gat,sa1,1,1/2,exact,0.009187507996102795,fault_total
n314gat,sa1,1,1/2,exact,0.014204628998413682,fault_total
n152gat,sa1,1,1019/2048,exact,0.0007996139975148253,fault_total
n703gat,sa0,1,1/2,exact,0.02202427500014892,fault_total
n271gat,sa0,1,1/2,exact,0.006620672000281047,fault_total
n622gat,sa0,1,1/2,exact,0.008935093996115029,fault_total
n820gat,sa0,1,1/2,exact,0.0008937720049289055,fault_total
n722gat,sa0,1,1/2,exact,0.022343536002153996,fault_total
n703gat,sa1,1,1/2,exact,0.021026132999395486,fault_total
n271gat,sa1,1,1/2,exact,0.00654953299817862,fault_total
n622gat,sa1,1,1/2,exact,0.008359956998901907,fault_total
n830gat,sa0,1,1/2,exact,0.0007789330047671683,fault_total
n614gat,sa0,1,1/2,exact,0.0016537909978069365,fault_total
n820gat,sa1,1,1/2,exact,0.0007169059972511604,fault_total
n470gat,sa0,1,1019/2048,exact,0.00566631000401685,fault_total
n722gat,sa1,1,1/2,exact,0.02197998900373932,fault_total
n165gat,sa0,1,1/2,exact,0.01351397400139831,fault_total
n830gat,sa1,1,1/2,exact,0.0007575980052934028,fault_total
n614gat,sa1,1,1/2,exact,0.0013325639956747182,fault_total
n561gat,sa0,1,1/2,exact,0.013563835003878921,fault_total
n318gat,sa0,1,1/2,exact,0.014075062004849315,fault_total
n156gat,sa0,1,1019/2048,exact,0.006925344001501799,fault_total
n327gat,sa0,1,1019/2048,exact,0.011173774000781123,fault_total
n470gat,sa1,1,1019/2048,exact,0.00045606400090036914,fault_total
n337gat,sa0,1,1/2,exact,0.008590159006416798,fault_total
n165gat,sa1,1,1/2,exact,0.013287421003042255,fault_total
n283gat,sa0,1,1/2,exact,0.013257009006338194,fault_total
n580gat,sa0,1,1/2,exact,0.013796122999337967,fault_total
n931gat,sa0,1,1/2,exact,0.009953820997907314,fault_total
n553gat,sa0,1,1/2,exact,0.014679261999845039,fault_total
n561gat,sa1,1,1/2,exact,0.013377378993027378,fault_total
n318gat,sa1,1,1/2,exact,0.01432693999959156,fault_total
n156gat,sa1,1,1019/2048,exact,0.0008427560023847036,fault_total
n463gat,sa0,1,1019/2048,exact,0.005568198001128621,fault_total
n327gat,sa1,1,1019/2048,exact,0.0008661210013087839,fault_total
n256gat,sa0,1,1019/2048,exact,0.006137566000688821,fault_total
n148gat,sa0,1,1019/2048,exact,0.0004167829974903725,fault_total
n337gat,sa1,1,1/2,exact,0.008299790002638474,fault_total
n842gat,sa0,1,1/2,exact,0.009619031996408012,fault_total
n283gat,sa1,1,1/2,exact,0.012776050003594719,fault_total
n275gat,sa0,1,1/2,exact,0.013254896002763417,fault_total
n491gat,sa0,1,1/2,exact,0.008647622998978477,fault_total
n626gat,sa0,1,1/2,exact,0.008419758996751625,fault_total
n707gat,sa0,1,1/2,exact,0.001527335996797774,fault_total
n580gat,sa1,1,1/2,exact,0.013622267004393507,fault_total
n680gat,sa0,1,1/2,exact,0.013228465999418404,fault_total
n824gat,sa0,1,1/2,exact,0.0015407809987664223,fault_total
n931gat,sa1,1,1/2,exact,0.01010023999697296,fault_total
n553gat,sa1,1,1/2,exact,0.014100135005719494,fault_total
n463gat,sa1,1,1019/2048,exact,0.00048408799921162426,fault_total
n256gat,sa1,1,1019/2048,exact,0.0006338849998428486,fault_total
n148gat,sa1,1,1019/2048,exact,0.00040271400212077424,fault_total
n842gat,sa1,1,1/2,exact,0.00954488600109471,fault_total
n726gat,sa0,1,1/2,exact,0.021276776999002323,fault_total
n275gat,sa1,1,1/2,exact,0.012960305997694377,fault_total
n861gat,sa0,1,1/2,exact,0.013931185007095337,fault_total
n618gat,sa0,1,1/2,exact,0.007634668996615801,fault_total
n491gat,sa1,1,1/2,exact,0.008222308999393135,fault_total
n626gat,sa1,1,1/2,exact,0.009047891006048303,fault_total
n834gat,sa0,1,1/2,exact,0.00171527099882951,fault_total
n707gat,sa1,1,1/2,exact,0.0016726850008126348,fault_total
n816gat,sa0,1,1/2,exact,0.016052566999860574,fault_total
n680gat,sa1,1,1/2,exact,0.013604881998617202,fault_total
n824gat,sa1,1,1/2,exact,0.001593902001332026,fault_total
n366gat,sa0,1,1/2,exact,0.01429667099728249,fault_total
n384gat,sa0,1,1019/2048,exact,0.0005742569992435165,fault_total
n726gat,sa1,1,1/2,exact,0.02526442900125403,fault_total
n394gat,sa0,1,1/2,exact,0.02122492499620421,fault_total
n861gat,sa1,1,1/2,exact,0.013345239996851888,fault_total
n618gat,sa1,1,1/2,exact,0.007983815994521137,fault_total
n834gat,sa1,1,1/2,exact,0.001464947999920696,fault_total
n816gat,sa1,1,1/2,exact,0.013054928000201471,fault_total
n366gat,sa1,1,1/2,exact,0.013666020000528079,fault_total
n384gat,sa1,1,1019/2048,exact,0.0004705890023615211,fault_total
n673gat,sa0,1,292092239/4294967296,exact,0.20223885900486493,fault_total
n394gat,sa1,1,1/2,exact,0.02165994399547344,fault_total
n584gat,sa0,1,1/2,exact,0.013473496997903567,fault_total
n673gat,sa1,1,292092239/4294967296,exact,0.0025844900010270067,fault_total
n279gat,sa0,1,1/2,exact,0.012959011997736525,fault_total
n846gat,sa0,1,1/2,exact,0.010831517000042368,fault_total
n684gat,sa0,1,1/2,exact,0.0017016769998008385,fault_total
n584gat,sa1,1,1/2,exact,0.013426548001007177,fault_total
n279gat,sa1,1,1/2,exact,0.013083375000860542,fault_total
n919gat,sa0,1,1/2,exact,0.010734554001828656,fault_total
n846gat,sa1,1,1/2,exact,0.010432898998260498,fault_total
n865gat,sa0,1,1/2,exact,0.01396545299940044,fault_total
n838gat,sa0,1,1/2,exact,0.0015306019995477982,fault_total
n883gat,sa0,1,1/2,exact,0.001871945001767017,fault_total
n684gat,sa1,1,1/2,exact,0.001383851995342411,fault_total
n667gat,sa0,1,1/2,exact,0.0003847440020763315,fault_total
n388gat,sa0,1,1019/2048,exact,0.007443588001478929,fault_total
n919gat,sa1,1,1/2,exact,0.010786080005345866,fault_total
n398gat,sa0,1,1/2,exact,0.010302187001798302,fault_total
n865gat,sa1,1,1/2,exact,0.013488208998751361,fault_total
n838gat,sa1,1,1/2,exact,0.0013682770004379563,fault_total
n883gat,sa1,1,1/2,exact,0.0015082350000739098,fault_total
n659gat,sa0,1,1/2,exact,0.01387487799365772,fault_total
n667gat,sa1,1,1/2,exact,0.0003537899974617176,fault_total
n388gat,sa1,1,1019/2048,exact,0.0010145990017917939,fault_total
n398gat,sa1,1,1/2,exact,0.010782443998323288,fault_total
n957gat,sa0,1,1/2,exact,0.013112774999171961,fault_total
n777gat,sa0,1,1/2,exact,0.01414341700001387,fault_total
n659gat,sa1,1,1/2,exact,0.014469290996203199,fault_total
n957gat,sa1,1,1/2,exact,0.013024129999394063,fault_total
n777gat,sa1,1,1/2,exact,0.014174523996189237,fault_total
n699gat,sa0,1,1/2,exact,0.0015577890007989481,fault_total
n699gat,sa1,1,1/2,exact,0.00584239000454545,fault_total
n1330gat,sa0,1,1/2,exact,9.23000043258071e-05,fault_total
n2023gat,sa0,1,1/2,exact,8.906600123737007e-05,fault_total
n2500gat,sa0,1,1/32,exact,0.008388217000174336,fault_total
n1330gat,sa1,1,1/2,exact,9.354299982078373e-05,fault_total
n2042gat,sa0,1,1/2,exact,8.53649980854243e-05,fault_total
n2023gat,sa1,1,1/2,exact,7.262199505930766e-05,fault_total
n1431gat,sa0,1,1/2,exact,6.93280017003417e-05,fault_total
n2042gat,sa1,1,1/2,exact,6.413800292648375e-05,fault_total
n2520gat,sa0,1,1/256,exact,0.00017737000598572195,fault_total
n2115gat,sa0,1,5/32,exact,0.00024172600387828425,fault_total
n1431gat,sa1,1,1/2,exact,7.393800478894264e-05,fault_total
n2512gat,sa0,1,1667/16384,exact,0.005206457004533149,fault_total
n2027gat,sa0,1,1/2,exact,9.1200003225822e-05,fault_total
n1361gat,sa0,1,1/2,exact,7.975400512805209e-05,fault_total
n2504gat,sa0,1,1/32,exact,0.0020491579998633824,fault_total
n2512gat,sa1,1,1667/16384,exact,0.0006699350051349029,fault_total
n1334gat,sa0,1,3/2048,exact,0.006327171002340037,fault_total
n2027gat,sa1,1,1/2,exact,8.316999446833506e-05,fault_total
n1361gat,sa1,1,1/2,exact,0.00011487399751786143,fault_total
n2019gat,sa0,1,8787169612559/35184372088832,exact,0.02522198299993761,fault_total
n2082gat,sa0,1,16275/4194304,exact,0.020402854999701958,fault_total
n2119gat,sa0,1,1/2,exact,0.00011068100138800219,fault_total
n2317gat,sa0,1,1/4,exact,0.00012263699318282306,fault_total
n2452gat,sa0,1,13/32,exact,0.022172040997247677,fault_total
n2524gat,sa0,1,1/256,exact,0.00022697200620314106,fault_total
n2119gat,sa1,1,1/2,exact,7.46609948691912e-05,fault_total
n2462gat,sa0,1,1/256,exact,0.00016503899678355083,fault_total
n1832gat,sa0,1,1/8,exact,0.016092561003461014,fault_total
n2452gat,sa1,1,13/32,exact,0.005327578001015354,fault_total
n2444gat,sa0,1,1/4,exact,0.00502515300468076,fault_total
n1823gat,sa0,1,4472001/16777216,exact,0.019348358000570443,fault_total
n2508gat,sa0,1,1/32,exact,0.0019419720047153533,fault_total
n2444gat,sa1,1,1/4,exact,0.00037405300099635497,fault_total
n1823gat,sa1,1,4472001/16777216,exact,0.0010691569987102412,fault_total
n2456gat,sa0,1,1/2,exact,8.530099876224995e-05,fault_total
n2474gat,sa0,1,1/256,exact,0.00018197600002167746,fault_total
n2456gat,sa1,1,1/2,exact,7.256100070662796e-05,fault_total
n2466gat,sa0,1,1/256,exact,0.0001660189955146052,fault_total
n2097gat,sa0,1,195/4096,exact,0.00724389999959385,fault_total
n1819gat,sa0,1,1/4,exact,0.006203570999787189,fault_total
n2656gat,sa0,1,1/32,exact,0.001976152001589071,fault_total
n1765gat,sa0,1,1/8,exact,0.0036846209986833856,fault_total
n1387gat,sa0,1,222075/4194304,exact,0.07067665999784367,fault_total
n2586gat,sa0,1,1/32,exact,0.0077399880028679036,fault_total
n2586gat,sa1,1,1/32,exact,0.0017370659988955595,fault_total
n2786gat,sa0,1,31225365/2147483648,exact,0.07056903800548753,fault_total
n2597gat,sa0,1,1/256,exact,0.0002655969947227277,fault_total
n1769gat,sa0,1,45/256,exact,0.00586966700211633,fault_total
n2786gat,sa1,1,10408455/2147483648,exact,0.0029985509972902946,fault_total
n1769gat,sa1,1,45/256,exact,0.0004250069978297688,fault_total
n2031gat_stem,sa0,1,1/2,exact,0.0001697770057944581,fault_total
n2031gat_stem,sa1,1,1/2,exact,0.00013505400420399383,fault_total
n2035gat_stem,sa0,1,1/2,exact,0.0008201800010283478,fault_total
n2035gat_stem,sa1,1,1/2,exact,0.0007439309993060306,fault_total
n2108gat_stem,sa0,1,1/2,exact,0.0001373170016449876,fault_total
n2307gat_stem,sa0,1,1/2,exact,0.0012817969982279465,fault_total
n2108gat_stem,sa1,1,1/2,exact,0.00013917799515184015,fault_total
n2470gat_stem,sa0,1,1/2,exact,0.0001987149953492917,fault_total
n2307gat_stem,sa1,1,1/2,exact,0.0011689579987432808,fault_total
n2470gat_stem,sa1,1,1/2,exact,0.0005210379968048073,fault_total
n2093gat_stem,sa0,1,1/2,exact,0.0007322430028580129,fault_total
n2174gat_stem,sa0,1,1/2,exact,0.0001485960019635968,fault_total
n2093gat_stem,sa1,1,1/2,exact,0.0006916959973750636,fault_total
n2174gat_stem,sa1,1,1/2,exact,0.00013176899665268138,fault_total
n2470gat_n1934gat_A,sa0,1,315/4096,exact,0.005776179001259152,fault_total
n2444gat_n2238gat_B,sa0,1,701/16384,exact,0.005583546997513622,fault_total
n2512gat_n1755gat_C,sa0,1,13/128,exact,0.004892729004495777,fault_total
n2307gat_n2663gat_C,sa0,1,728341/134217728,exact,0.017851241005701013,fault_total
n682gat_stem,sa0,1,1/2,exact,0.0005242789993644692,fault_total
n1823gat_n1817gat_B,sa0,1,1/4,exact,0.005984832001558971,fault_total
n1823gat_n1818gat_A,sa0,1,277697/8388608,exact,0.016603137999481987,fault_total
n836gat_stem,sa0,1,1/2,exact,0.0005482069973368198,fault_total
n818gat_stem,sa0,1,1/2,exact,0.00041721700108610094,fault_total
n881gat_stem,sa0,1,1/2,exact,0.0003805900050792843,fault_total
n682gat_stem,sa1,1,1/2,exact,0.0003430399956414476,fault_total
n1310gat,sa0,1,1161387/8388608,exact,0.008815950001007877,fault_total
n2031gat,sa0,1,1/2,exact,9.166599920718e-05,fault_total
n836gat_stem,sa1,1,1/2,exact,0.00041426700045121834,fault_total
n828gat_stem,sa0,1,1/2,exact,0.0003718309963005595,fault_total
n818gat_stem,sa1,1,1/2,exact,0.00043837999692186713,fault_total
n881gat_stem,sa1,1,1/2,exact,0.0005736919993069023,fault_total
n1310gat,sa1,1,1161387/8388608,exact,0.0008403329993598163,fault_total
n2031gat,sa1,1,1/2,exact,8.74739998835139e-05,fault_total
n828gat_stem,sa1,1,1/2,exact,0.00042545999895082787,fault_total
n1033gat,sa0,1,3/8,exact,0.010817577996931504,fault_total
n2401gat,sa0,1,46660527/536870912,exact,0.013606637003249489,fault_total
n2108gat_II4000_A,sa0,1,15/1024,exact,0.0002608819995657541,fault_total
n2123gat,sa0,1,1/2,exact,7.821399776730686e-05,fault_total
n2141gat,sa0,1,8354733/16777216,exact,0.01043454700266011,fault_total
n1133gat,sa0,1,3/8,exact,0.010935434998827986,fault_total
n1043gat,sa0,1,1/4,exact,0.009950216001016088,fault_total
n1070gat,sa0,1,3/8,exact,0.010294272993633058,fault_total
n1033gat,sa1,1,3/8,exact,0.010529753999435343,fault_total
n2401gat,sa1,1,46660527/536870912,exact,0.013846041001670528,fault_total
n2035gat_II4000_C,sa0,1,15/1024,exact,0.0002688230015337467,fault_total
n1314gat,sa0,1,1/2,exact,8.194700058083981e-05,fault_total
n2123gat,sa1,1,1/2,exact,7.176399958552793e-05,fault_total
n2141gat,sa1,1,33418607/67108864,exact,0.013139766997483093,fault_total
n1133gat,sa1,1,3/8,exact,0.01029142599873012,fault_total
n1043gat,sa1,1,1/4,exact,0.009616146999178454,fault_total
n1070gat,sa1,1,3/8,exact,0.010380872001405805,fault_total
n1224gat,sa0,1,1/4,exact,0.010756278999906499,fault_total
n2133gat,sa0,1,4421/65536,exact,0.005912754000746645,fault_total
n2035gat,sa0,1,1/2,exact,0.00011353900481481105,fault_total
n1314gat,sa1,1,1/2,exact,8.796199836069718e-05,fault_total
n697gat_stem,sa0,1,1/2,exact,0.00043212999298702925,fault_total
n2620gat,sa0,1,1/4,exact,0.011721641996700782,fault_total
n1224gat,sa1,1,1/4,exact,0.009614277994842269,fault_total
n2260gat,sa0,1,325/16384,exact,0.005687908997060731,fault_total
n2586gat_n2663gat_A,sa0,1,728341/134217728,exact,0.002040286002738867,fault_total
n2586gat_n2662gat_B,sa0,1,1/32,exact,0.0001959790024557151,fault_total
n2035gat,sa1,1,1/2,exact,0.00014691100659547374,fault_total
n2108gat,sa0,1,1/2,exact,7.921799988253042e-05,fault_total
n697gat_stem,sa1,1,1/2,exact,0.0004495719986152835,fault_total
n2090gat,sa0,1,78511/134217728,exact,0.00982468399888603,fault_total
n2620gat,sa1,1,1/4,exact,0.011541220999788493,fault_total
n1280gat,sa0,1,5/16,exact,0.009731391997775063,fault_total
n2260gat,sa1,1,4421/16384,exact,0.00582164000661578,fault_total
n2405gat,sa0,1,5694217/268435456,exact,0.012289434002013877,fault_total
n2153gat,sa0,1,1879033849/2199023255552,exact,0.041858429001877084,fault_total
n1460gat,sa0,1,7334499/67108864,exact,0.015934802002448123,fault_total
n2307gat,sa0,1,1/2,exact,0.00011117899703094736,fault_total
n2093gat_II4000_B,sa0,1,15/1024,exact,0.0002474630018696189,fault_total
n2108gat,sa1,1,1/2,exact,7.662199641345069e-05,fault_total
n1119gat,sa0,1,3/8,exact,0.010326596995582804,fault_total
n1280gat,sa1,1,5/16,exact,0.011424618001910858,fault_total
n2181gat,sa0,1,15/32768,exact,0.007653806998860091,fault_total
n2405gat,sa1,1,5694217/268435456,exact,0.0121670799999265,fault_total
n1524gat,sa0,1,1071/131072,exact,0.008991937000246253,fault_total
n2470gat,sa0,1,1/2,exact,8.899399836082011e-05,fault_total
n2307gat,sa1,1,1/2,exact,7.602300320286304e-05,fault_total
n2722gat,sa0,1,8380807/1073741824,exact,0.06269390999659663,fault_total
n2137gat,sa0,1,1069884091/2147483648,exact,0.012226432998431846,fault_total
n1119gat,sa1,1,3/8,exact,0.010799456998938695,fault_total
n1507gat,sa0,1,1344470445/8589934592,exact,0.18576760099676903,fault_total
n2470gat,sa1,1,1/2,exact,0.00011188599455635995,fault_total
n2093gat,sa0,1,1/2,exact,8.220900053856894e-05,fault_total
n2174gat,sa0,1,1/2,exact,7.858000026317313e-05,fault_total
n1769gat_n1755gat_A,sa0,1,13/128,exact,0.0004470349958864972,fault_total
n2722gat,sa1,1,8380807/1073741824,exact,0.0027192089983145706,fault_total
n2624gat,sa0,1,551634847737/2199023255552,exact,0.14536960099940188,fault_total
n2039gat,sa0,1,1/8,exact,0.00018847999308491126,fault_total
n2137gat,sa1,1,1032792640933/2199023255552,exact,0.02931994399841642,fault_total
n2264gat,sa0,1,975/32768,exact,0.005004564001865219,fault_total
n2345gat,sa0,1,11499273/268435456,exact,0.01645846000610618,fault_total
n2642gat,sa0,1,6955/262144,exact,0.0060446149946074,fault_total
n1507gat,sa1,1,1344470445/8589934592,exact,0.002151672000763938,fault_total
n2093gat,sa1,1,1/2,exact,0.00010578900401014835,fault_total
n2174gat,sa1,1,1/2,exact,7.45169963920489e-05,fault_total
n2733gat,sa0,1,1/2,exact,0.0006839649940957315,fault_total
n2624gat,sa1,1,551634847737/2199023255552,exact,0.12433097799657844,fault_total
n2345gat,sa1,1,1469269787/34359738368,exact,0.0174983870019787,fault_total
n1338gat,sa0,1,173/2048,exact,0.006659765000222251,fault_total
n1806gat,sa0,1,11/128,exact,0.006734911003150046,fault_total
n1455gat,sa0,1,219/1024,exact,0.006458018993726,fault_total
n1769gat_n1756gat_B,sa0,1,1/1024,exact,0.0002520589987398125,fault_total
n2590gat,sa0,1,1/2,exact,7.720300345681608e-05,fault_total
n2671gat,sa0,1,1/2,exact,0.0008333199948538095,fault_total
n2725gat,sa0,1,1/2,exact,0.02525944799708668,fault_total
n2733gat,sa1,1,1/2,exact,0.0006775770016247407,fault_total
n2059gat,sa0,1,58795339771/137438953472,exact,0.021478440998180304,fault_total
n1762gat,sa0,1,1/8,exact,0.018890282000938896,fault_total
n1195gat,sa0,1,1/4,exact,0.006858521002868656,fault_total
n2392gat,sa0,1,1434701/268435456,exact,0.01574515600077575,fault_total
n2167gat,sa0,1,15/1024,exact,0.0002771110011963174,fault_total
n1769gat_n1757gat_B,sa0,1,1/8,exact,0.00014305199874797836,fault_total
n2590gat,sa1,1,1/2,exact,7.332300447160378e-05,fault_total
n2671gat,sa1,1,1/2,exact,0.000572893004573416,fault_total
n2861gat,sa0,1,1/2,exact,0.024340294003195595,fault_total
n2717gat,sa0,1,1/2,exact,0.023940672996104695,fault_total
n2725gat,sa1,1,1/2,exact,0.024288827000418678,fault_total
n2780gat,sa0,1,1/2,exact,0.000620370999968145,fault_total
n2059gat,sa1,1,58769780731/137438953472,exact,0.022192418997292407,fault_total
n2438gat,sa0,1,7240521/268435456,exact,0.02051426999969408,fault_total
n2392gat,sa1,1,299221627/2147483648,exact,0.016132670003571548,fault_total
n2861gat,sa1,1,1/2,exact,0.02548036000371212,fault_total
n2717gat,sa1,1,1/2,exact,0.023763642006088048,fault_total
n2736gat,sa0,1,1/2,exact,0.0006452890011132695,fault_total
n2780gat,sa1,1,1/2,exact,0.0005049910032539628,fault_total
n2448gat,sa0,1,1/2,exact,0.00028413899417500943,fault_total
n2178gat,sa0,1,1/32768,exact,0.007637050002813339,fault_total
n2438gat,sa1,1,18131423/67108864,exact,0.01589408199652098,fault_total
n1674gat,sa0,1,13/2048,exact,0.006294402999628801,fault_total
n2728gat,sa0,1,1/2,exact,0.024919285999203566,fault_total
n2736gat,sa1,1,1/2,exact,0.0006216510009835474,fault_total
n2674gat,sa0,1,1/2,exact,0.0005784300010418519,fault_total
n2791gat,sa0,1,1/2,exact,0.0005171380034880713,fault_total
n1738gat,sa0,1,239885/268435456,exact,0.013093241999740712,fault_total
n1495gat,sa0,1,78511/134217728,exact,0.010135092001291923,fault_total
n2448gat,sa1,1,1/2,exact,0.00031196399504551664,fault_total
n2188gat,sa0,1,0,exact,0.005163990004803054,fault_total
n1747gat,sa0,1,317/2048,exact,0.007172687001002487,fault_total
n1828gat,sa0,1,12971641/1073741824,exact,0.012261374002264347,fault_total
n1594gat,sa0,1,16065/262144,exact,0.012788262996764388,fault_total
n2864gat,sa0,1,1/2,exact,0.02262101599626476,fault_total
n2728gat,sa1,1,1/2,exact,0.02502992000518134,fault_total
n2674gat,sa1,1,1/2,exact,0.0007955989931360818,fault_total
n2791gat,sa1,1,1/2,exact,0.0005249669993645512,fault_total
n2783gat,sa0,1,1/2,exact,0.0005262639970169403,fault_total
n1973gat,sa0,1,14105/524288,exact,0.006801149000239093,fault_total
n2864gat,sa1,1,1/2,exact,0.02235831000143662,fault_total
n2856gat,sa0,1,1/2,exact,0.02837605699460255,fault_total
n2783gat,sa1,1,1/2,exact,0.0006695089978165925,fault_total
n1848gat,sa0,1,128293311735/274877906944,exact,0.01606289899791591,fault_total
n1677gat,sa0,1,246791103/1073741824,exact,0.11841305099369492,fault_total
n1587gat,sa0,1,11067/131072,exact,0.009959940995031502,fault_total
n2856gat,sa1,1,1/2,exact,0.024559437995776534,fault_total
n2794gat,sa0,1,1/2,exact,0.0006143989958218299,fault_total
n1848gat,sa1,1,128291980535/274877906944,exact,0.02521535599953495,fault_total
n2488gat,sa0,1,551634847737/2199023255552,exact,0.12213373899430735,fault_total
n1677gat,sa1,1,246791103/1073741824,exact,0.0020208200003253296,fault_total
n2777gat,sa0,1,1/2,exact,0.0007346749989665113,fault_total
n2794gat,sa1,1,1/2,exact,0.0008864170013112016,fault_total
n2488gat,sa1,1,551634847737/2199023255552,exact,0.12016535099974135,fault_total
n2777gat,sa1,1,1/2,exact,0.0012154830037616193,fault_total
n1878gat,sa0,1,21972386642477/70368744177664,exact,0.0452055770001607,fault_total
n1869gat,sa0,1,228917101868640439/576460752303423488,exact,0.8599355940023088,fault_total
n2869gat,sa0,1,1/2,exact,0.00817429199378239,fault_total
n1897gat,sa0,1,274735924987/549755813888,exact,0.013681716998689808,fault_total
n1878gat,sa1,1,10986192868111/35184372088832,exact,0.03895356300199637,fault_total
n1869gat,sa1,1,228917101868640439/576460752303423488,exact,0.00463898300222354,fault_total
n2035gat_stem_n2014gat_A,sa0,1,325/4096,exact,0.00738546500360826,fault_total
n2869gat,sa1,1,1/2,exact,0.006653102005657274,fault_total
n1897gat,sa1,1,258516868779/549755813888,exact,0.03503751500102226,fault_total
n2031gat_II3999_B,sa0,1,15/1024,exact,0.0002725590020418167,fault_total
n2093gat_stem_n2014gat_B,sa0,1,325/4096,exact,0.0012514859990915284,fault_total
n2174gat_II3999_C,sa0,1,15/1024,exact,0.0004599410021910444,fault_total
n2201gat_stem,sa0,1,1/2,exact,0.0020934900021529756,fault_total
n2201gat_stem,sa1,1,1/2,exact,0.0022850530003779568,fault_total
n2205gat_stem,sa0,1,1/2,exact,0.0019050699993385933,fault_total
n2341gat_stem,sa0,1,1/2,exact,0.002106337997247465,fault_total
n2205gat_stem,sa1,1,1/2,exact,0.001874574001703877,fault_total
n2341gat_stem,sa1,1,1/2,exact,0.00232427500304766,fault_total
n2541gat_stem,sa0,1,1/2,exact,0.0016876829977263696,fault_total
n2560gat_stem,sa0,1,1/2,exact,0.0018796959993778728,fault_total
n2632gat_stem,sa0,1,1/2,exact,0.0009328230007668026,fault_total
n2541gat_stem,sa1,1,1/2,exact,0.0016936800020630471,fault_total
n2560gat_stem,sa1,1,1/2,exact,0.0018988070005434565,fault_total
n2632gat_stem,sa1,1,1/2,exact,0.0009191999997710809,fault_total
n2337gat_stem,sa0,1,1/2,exact,0.0007791399984853342,fault_total
n1392gat_stem,sa0,1,1/2,exact,0.00048233499546768144,fault_total
n2337gat_stem,sa1,1,1/2,exact,0.0003725770002347417,fault_total
n1392gat_stem,sa1,1,1/2,exact,0.0004025109956273809,fault_total
n2628gat_stem,sa0,1,1/2,exact,0.000833213998703286,fault_total
n2493gat_stem,sa0,1,1/2,exact,0.005275415001960937,fault_total
n2268gat_stem,sa0,1,1/2,exact,0.00046787899918854237,fault_total
n1773gat_stem,sa0,1,1/2,exact,0.0007809469971107319,fault_total
n2638gat_stem,sa0,1,1/2,exact,0.0009334280039183795,fault_total
n2628gat_stem,sa1,1,1/2,exact,0.0009272289971704595,fault_total
n2493gat_stem,sa1,1,1/2,exact,0.0003992609999841079,fault_total
n2268gat_stem,sa1,1,1/2,exact,0.0004201910051051527,fault_total
n1773gat_stem,sa1,1,1/2,exact,0.0007420990004902706,fault_total
n2638gat_stem,sa1,1,1/2,exact,0.0009443659946555272,fault_total
n2397gat_stem,sa0,1,1/2,exact,0.0010828519953065552,fault_total
n320gat,sa0,1,544217431/2147483648,exact,0.0201099929981865,fault_total
n2388gat_stem,sa0,1,1/2,exact,0.0005069070030003786,fault_total
n2397gat_stem,sa1,1,1/2,exact,0.0011124919983558357,fault_total
n312gat,sa0,1,544217431/2147483648,exact,0.020442954999452922,fault_total
n320gat,sa1,1,544217431/2147483648,exact,0.020367830999020953,fault_total
n2388gat_stem,sa1,1,1/2,exact,0.0005235039934632368,fault_total
n150gat,sa0,1,1019/131072,exact,0.00552459300524788,fault_total
n312gat,sa1,1,544217431/2147483648,exact,0.020906439996906556,fault_total
n701gat,sa0,1,11/32,exact,0.02042949799943017,fault_total
n720gat,sa0,1,21499/65536,exact,0.02936725600011414,fault_total
n701gat,sa1,1,11/32,exact,0.01990730500256177,fault_total
n720gat,sa1,1,11/32,exact,0.022088492994953413,fault_total
n316gat,sa0,1,544217431/2147483648,exact,0.018591883999761194,fault_total
n325gat,sa0,1,1019/262144,exact,0.00817162600287702,fault_total
n154gat,sa0,1,1019/65536,exact,0.00750640199839836,fault_total
n316gat,sa1,1,544217431/2147483648,exact,0.018725802001426928,fault_total
n551gat,sa0,1,544217431/2147483648,exact,0.01890757399814902,fault_total
n461gat,sa0,1,5095/524288,exact,0.005281520003336482,fault_total
n325gat,sa1,1,1019/262144,exact,0.008474280999507755,fault_total
n154gat,sa1,1,1019/65536,exact,0.007392161001916975,fault_total
n146gat,sa0,1,1019/524288,exact,0.005640873001539148,fault_total
n254gat,sa0,1,1019/262144,exact,0.008064316003583372,fault_total
n551gat,sa1,1,544217431/2147483648,exact,0.019004927002242766,fault_total
n254gat,sa1,1,1019/262144,exact,0.007170123994001187,fault_total
n724gat,sa0,1,11/32,exact,0.022922673997527454,fault_total
n364gat,sa0,1,544217431/2147483648,exact,0.01920891600457253,fault_total
n382gat,sa0,1,1019/524288,exact,0.005570614994212519,fault_total
n392gat,sa0,1,25/64,exact,0.029197151998232584,fault_total
n724gat,sa1,1,11/32,exact,0.028907902997161727,fault_total
n364gat,sa1,1,544217431/2147483648,exact,0.02080413999647135,fault_total
n329gat,sa0,1,1019/131072,exact,0.012377063998428639,fault_total
n671gat,sa0,1,3/1024,exact,0.009116057997744065,fault_total
n392gat,sa1,1,25/64,exact,0.02439399599825265,fault_total
n665gat,sa0,1,1/4,exact,0.007002846003160812,fault_total
n386gat,sa0,1,1019/65536,exact,0.008241794006607961,fault_total
n396gat,sa0,1,8199/32768,exact,0.015108594998309854,fault_total
n657gat,sa0,1,544217431/2147483648,exact,0.019844068003294524,fault_total
n386gat,sa1,1,1019/65536,exact,0.007568929002445657,fault_total
n468gat,sa0,1,5095/524288,exact,0.005087284996989183,fault_total
n396gat,sa1,1,8199/32768,exact,0.014633038997999392,fault_total
n657gat,sa1,1,544217431/2147483648,exact,0.019434607005678117,fault_total
n775gat,sa0,1,544217431/2147483648,exact,0.018263669997395482,fault_total
n559gat,sa0,1,544217431/2147483648,exact,0.01954438599932473,fault_total
n775gat,sa1,1,544217431/2147483648,exact,0.017750808998243883,fault_total
n929gat,sa0,1,5/16,exact,0.009984714000893291,fault_total
n559gat,sa1,1,544217431/2147483648,exact,0.01833679900300922,fault_total
n929gat,sa1,1,5/16,exact,0.009772440003871452,fault_total
n612gat_stem,sa0,1,1/2,exact,0.000531147001311183,fault_total
n612gat_stem,sa1,1,1/2,exact,0.0003605130041250959,fault_total
n2444gat_n2830gat_A,sa0,1,1/4,exact,0.00013996200141264126,fault_total
n705gat_stem,sa0,1,1/2,exact,0.00041930400038836524,fault_total
n822gat_stem,sa0,1,1/2,exact,0.0008616800041636452,fault_total
n705gat_stem,sa1,1,1/2,exact,0.00039085499884095043,fault_total
n832gat_stem,sa0,1,1/2,exact,0.0003563149948604405,fault_total
n822gat_stem,sa1,1,1/2,exact,0.0003536600052029826,fault_total
n2512gat_n1756gat_A,sa0,1,1/1024,exact,0.00022296999668469653,fault_total
n832gat_stem,sa1,1,1/2,exact,0.0003620290008257143,fault_total
n254gat_n139gat_C,sa0,1,1019/262144,exact,0.005697344000509474,fault_total
n1120gat,sa0,1,517/2048,exact,0.0110360539983958,fault_total
n2201gat,sa0,1,1/2,exact,9.492399840382859e-05,fault_total
n386gat_n244gat_B,sa0,1,1019/65536,exact,0.004871851997449994,fault_total
n386gat_n245gat_A,sa0,1,3057/262144,exact,0.005654264998156577,fault_total
n1392gat_n1466gat_A,sa0,1,2002581/33554432,exact,0.015047002001665533,fault_total
n1677gat_n1532gat_A,sa0,1,1212831/8388608,exact,0.0124020430012024,fault_total
n1120gat,sa1,1,517/2048,exact,0.01128478099417407,fault_total
n2488gat_n2531gat_A,sa0,1,1879033849/2199023255552,exact,0.03997395300393691,fault_total
n2201gat,sa1,1,1/2,exact,9.648300328990445e-05,fault_total
n2448gat_n2238gat_A,sa0,1,701/16384,exact,0.0004092329982086085,fault_total
n1869gat_n1413gat_A,sa0,1,272775/4194304,exact,0.1623374379996676,fault_total
n2202gat,sa0,1,9025651/33554432,exact,0.04215508999914164,fault_total
n1311gat,sa0,1,1595295/16777216,exact,0.008180156997696031,fault_total
n1878gat_n2016gat_B,sa0,1,4392097873423/17592186044416,exact,0.02726626500225393,fault_total
n2202gat,sa1,1,17766227/67108864,exact,0.042085405002580956,fault_total
n1240gat,sa0,1,517/2048,exact,0.010453453003719915,fault_total
n1677gat_n1407gat_C,sa0,1,381885/8388608,exact,0.09755306100123562,fault_total
n2060gat,sa0,1,52786329/268435456,exact,0.02276293399336282,fault_total
n2402gat,sa0,1,145612661/536870912,exact,0.02310184000089066,fault_total
n1240gat,sa1,1,517/2048,exact,0.010973680997267365,fault_total
n1025gat,sa0,1,65/256,exact,0.010430142996483482,fault_total
n1034gat,sa0,1,517/2048,exact,0.011240617001021747,fault_total
n2205gat,sa0,1,1/2,exact,0.00010283500159857795,fault_total
n2392gat_n1964gat_A,sa0,1,0,exact,0.005254513002000749,fault_total
n386gat_n249gat_A,sa0,1,1019/131072,exact,0.005280525001580827,fault_total
n2142gat,sa0,1,26412936187/137438953472,exact,0.02875319099985063,fault_total
n2060gat,sa1,1,210950901/1073741824,exact,0.028847141002188437,fault_total
n2124gat,sa0,1,5/32,exact,0.00022827499924460426,fault_total
n2402gat,sa1,1,145612661/536870912,exact,0.01806874800240621,fault_total
n1025gat,sa1,1,65/256,exact,0.010089032002724707,fault_total
n1134gat,sa0,1,517/2048,exact,0.011820988002000377,fault_total
n1044gat,sa0,1,517/2048,exact,0.011302555998554453,fault_total
n1071gat,sa0,1,517/2048,exact,0.01130580400058534,fault_total
n1034gat,sa1,1,517/2048,exact,0.010831351006345358,fault_total
n2341gat,sa0,1,1/2,exact,9.266699635190889e-05,fault_total
n2205gat,sa1,1,1/2,exact,8.54740064824e-05,fault_total
n2206gat,sa0,1,4621/16384,exact,0.049189056997420266,fault_total
n1315gat,sa0,1,1/8,exact,0.00017076700169127434,fault_total
n2142gat,sa1,1,26412936187/137438953472,exact,0.0271528599987505,fault_total
n2134gat,sa0,1,13265/65536,exact,0.008338394996826537,fault_total
n1225gat,sa0,1,517/2048,exact,0.010946036003588233,fault_total
n1134gat,sa1,1,517/2048,exact,0.010738291995949112,fault_total
n1044gat,sa1,1,517/2048,exact,0.011165534997417126,fault_total
n1071gat,sa1,1,517/2048,exact,0.010497567003767472,fault_total
n2341gat,sa1,1,1/2,exact,9.315500210504979e-05,fault_total
n2493gat_n2567gat_A,sa0,1,1/4,exact,0.00731093200010946,fault_total
n1773gat_n1757gat_A,sa0,1,1/8,exact,0.00016960599896265194,fault_total
n2621gat,sa0,1,1/2,exact,0.0016431940020993352,fault_total
n3017gat,sa0,1,1/256,exact,0.0002123019949067384,fault_total
n2342gat,sa0,1,1169200117759/4398046511104,exact,0.14025589800439775,fault_total
n2206gat,sa1,1,1180351/4194304,exact,0.17079501300031552,fault_total
n2711gat,sa0,1,769/4096,exact,0.0076355649944162,fault_total
n2261gat,sa0,1,72437435/268435456,exact,0.008899938002286945,fault_total
n2134gat,sa1,1,13265/65536,exact,0.008609189004346263,fault_total
n1225gat,sa1,1,517/2048,exact,0.0100860320017091,fault_total
n2541gat,sa0,1,1/2,exact,9.233599848812446e-05,fault_total
n1878gat_n1831gat_C,sa0,1,1/8,exact,0.015376961004221812,fault_total
n2621gat,sa1,1,1/2,exact,0.0017353319999529049,fault_total
n2342gat,sa1,1,1143785256959/4398046511104,exact,0.12850372200045967,fault_total
n2711gat,sa1,1,769/4096,exact,0.000832489000458736,fault_total
n2261gat,sa1,1,206655163/536870912,exact,0.009791169999516569,fault_total
n2406gat,sa0,1,17167173/67108864,exact,0.012619840999832377,fault_total
n1461gat,sa0,1,2002581/67108864,exact,0.014560832001734525,fault_total
n2154gat,sa0,1,1879033849/2199023255552,exact,0.0014774700030102395,fault_total
n1281gat,sa0,1,517/2048,exact,0.010944293993816245,fault_total
n2560gat,sa0,1,1/2,exact,9.656399925006554e-05,fault_total
n2632gat,sa0,1,1/2,exact,6.475600093835965e-05,fault_total
n2541gat,sa1,1,1/2,exact,7.520300277974457e-05,fault_total
n2542gat,sa0,1,1103672363001/4398046511104,exact,0.08095277500251541,fault_total
n2406gat,sa1,1,17083973/67108864,exact,0.014818071002082434,fault_total
n1147gat,sa0,1,34105699/134217728,exact,0.01843129100598162,fault_total
n1281gat,sa1,1,517/2048,exact,0.010391415002231952,fault_total
n2560gat,sa1,1,1/2,exact,0.00010139900405192748,fault_total
n2632gat,sa1,1,1/2,exact,7.836300210328773e-05,fault_total
n1869gat_n1745gat_A,sa0,1,3/8,exact,0.00016901399794733152,fault_total
n2561gat,sa0,1,38267419139518741/144115188075855872,exact,0.1858162339995033,fault_total
n2542gat,sa1,1,1103672363001/4398046511104,exact,0.08591816200350877,fault_total
n2660gat,sa0,1,15/32,exact,0.011444225005107,fault_total
n2138gat,sa0,1,9623144747/34359738368,exact,0.0207389549977961,fault_total
n2840gat,sa0,1,769/4096,exact,0.00792044099944178,fault_total
n1147gat,sa1,1,34105699/134217728,exact,0.018507309003325645,fault_total
n1067gat,sa0,1,34105699/134217728,exact,0.01868901099805953,fault_total
n2488gat_n2538gat_C,sa0,1,17/16384,exact,0.005192951997742057,fault_total
n559gat_n874gat_A,sa0,1,1/4,exact,0.014108695002505556,fault_total
n2388gat_n2567gat_B,sa0,1,1/4,exact,0.01234242499776883,fault_total
n2337gat,sa0,1,1/2,exact,0.00010448200191603974,fault_total
n1392gat,sa0,1,1/2,exact,7.584300328744575e-05,fault_total
n2561gat,sa1,1,37371488961573141/144115188075855872,exact,0.17901298299693735,fault_total
n2660gat,sa1,1,1/32,exact,0.002164947996789124,fault_total
n2138gat,sa1,1,1965033/16777216,exact,0.02031828000326641,fault_total
n2625gat,sa0,1,1/2,exact,0.00195743799849879,fault_total
n2265gat,sa0,1,325/32768,exact,0.005129357996338513,fault_total
n2346gat,sa0,1,18151815/67108864,exact,0.014861579998978414,fault_total
n2643gat,sa0,1,195/16384,exact,0.005906322003284004,fault_total
n2840gat,sa1,1,769/4096,exact,0.0008466360013699159,fault_total
n1293gat,sa0,1,34105699/134217728,exact,0.018801869002345484,fault_total
n1067gat,sa1,1,34105699/134217728,exact,0.01937233300122898,fault_total
n2337gat,sa1,1,1/2,exact,9.607300307834521e-05,fault_total
n1392gat,sa1,1,1/2,exact,7.473900041077286e-05,fault_total
n2625gat,sa1,1,1/2,exact,0.00189134700485738,fault_total
n1339gat,sa0,1,1995321/134217728,exact,0.05787312799657229,fault_total
n2338gat,sa0,1,1/2,exact,0.0005775749959866516,fault_total
n1393gat,sa0,1,4667896891/34359738368,exact,0.24970052499702433,fault_total
n2346gat,sa1,1,144535453/536870912,exact,0.017957013995328452,fault_total
n2842gat,sa0,1,769/4096,exact,0.008015275998332072,fault_total
n1293gat,sa1,1,34105699/134217728,exact,0.01888753099774476,fault_total
n1869gat_n1586gat_A,sa0,1,1/1024,exact,0.0002663990017026663,fault_total
n2168gat,sa0,1,1063595/8388608,exact,0.0007180219981819391,fault_total
n1196gat,sa0,1,1/4,exact,0.006768052000552416,fault_total
n2338gat,sa1,1,1/2,exact,0.0004300840009818785,fault_total
n2591gat,sa0,1,272775/4194304,exact,0.0018590740000945516,fault_total
n1393gat,sa1,1,4701488305/34359738368,exact,0.23794441299833125,fault_total
n2393gat,sa0,1,329685345/1073741824,exact,0.019111711000732612,fault_total
n2852gat,sa0,1,769/4096,exact,0.00800239199452335,fault_total
n2842gat,sa1,1,769/4096,exact,0.0007692920044064522,fault_total
n1691gat,sa0,1,89/256,exact,0.014179662997776177,fault_total
n1079gat,sa0,1,34105699/134217728,exact,0.01796137900237227,fault_total
n2628gat,sa0,1,1/2,exact,0.00010115800250787288,fault_total
n2493gat,sa0,1,1/2,exact,7.654799992451444e-05,fault_total
n2268gat,sa0,1,1/2,exact,6.486799975391477e-05,fault_total
n1773gat,sa0,1,1/2,exact,6.635799945797771e-05,fault_total
n2718gat,sa0,1,769/4096,exact,0.007172486999479588,fault_total
n2439gat,sa0,1,330093539/1073741824,exact,0.0195244080023258,fault_total
n2393gat,sa1,1,742307549/2147483648,exact,0.020343395000963937,fault_total
n2844gat,sa0,1,769/4096,exact,0.007652079002582468,fault_total
n2852gat,sa1,1,769/4096,exact,0.0007610239990754053,fault_total
n1691gat,sa1,1,89/256,exact,0.014391343000170309,fault_total
n1079gat,sa1,1,34105699/134217728,exact,0.018722136999713257,fault_total
n2638gat,sa0,1,1/2,exact,9.957199654309079e-05,fault_total
n2628gat,sa1,1,1/2,exact,8.341699867742136e-05,fault_total
n2493gat,sa1,1,1/2,exact,7.038399780867621e-05,fault_total
n2268gat,sa1,1,1/2,exact,6.999100151006132e-05,fault_total
n1869gat_n1686gat_B,sa0,1,1391649/33554432,exact,0.01862726700346684,fault_total
n1773gat,sa1,1,1/2,exact,9.01140010682866e-05,fault_total
n1693gat,sa0,1,3/8,exact,0.014234240996302105,fault_total
n2629gat,sa0,1,552775698425/2199023255552,exact,0.13284015400131466,fault_total
n2718gat,sa1,1,769/4096,exact,0.0007671420025872067,fault_total
n2836gat,sa0,1,769/4096,exact,0.00805083999875933,fault_total
n2494gat,sa0,1,1/4,exact,0.007463842004653998,fault_total
n2269gat,sa0,1,1/2,exact,0.0004714719980256632,fault_total
n2439gat,sa1,1,866445491/2147483648,exact,0.02230191700073192,fault_total
n2844gat,sa1,1,769/4096,exact,0.0007630479958606884,fault_total
n1774gat,sa0,1,20952163/134217728,exact,0.021531111000513192,fault_total
n1297gat,sa0,1,34105699/134217728,exact,0.018567940998764243,fault_total
n2638gat,sa1,1,1/2,exact,9.93389985524118e-05,fault_total
n2629gat,sa1,1,552775698425/2199023255552,exact,0.14401479300431674,fault_total
n1739gat,sa0,1,239885/268435456,exact,0.013001936000364367,fault_total
n2836gat,sa1,1,769/4096,exact,0.0007274180024978705,fault_total
n2269gat,sa1,1,1/2,exact,0.00045908300671726465,fault_total
n2189gat,sa0,1,72437435/268435456,exact,0.007339632997172885,fault_total
n2846gat,sa0,1,769/4096,exact,0.008087564994639251,fault_total
n1774gat,sa1,1,20952163/134217728,exact,0.0007927429978735745,fault_total
n1297gat,sa1,1,34105699/134217728,exact,0.019366699998499826,fault_total
n1595gat,sa0,1,6069/262144,exact,0.00842119799926877,fault_total
n2397gat,sa0,1,1/2,exact,9.550899994792417e-05,fault_total
n2388gat,sa0,1,1/2,exact,7.955600449349731e-05,fault_total
n2838gat,sa0,1,769/4096,exact,0.0006795809968025424,fault_total
n2189gat,sa1,1,175763131/536870912,exact,0.006929056005901657,fault_total
n1974gat,sa0,1,6045/524288,exact,0.0072768069949233904,fault_total
n2846gat,sa1,1,769/4096,exact,0.0007654459986952133,fault_total
n2784gat,sa0,1,1519/524288,exact,0.04508668099879287,fault_total
n1595gat,sa1,1,6069/131072,exact,0.011880498997925315,fault_total
n2397gat,sa1,1,1/2,exact,0.00013080400094622746,fault_total
n2388gat,sa1,1,1/2,exact,8.064499706961215e-05,fault_total
n2398gat,sa0,1,9025651/33554432,exact,0.06601509999745758,fault_total
n1849gat,sa0,1,103487777/536870912,exact,0.01699129399639787,fault_total
n2838gat,sa1,1,769/4096,exact,0.0007242240026243962,fault_total
n2389gat,sa0,1,1/2,exact,0.0004633650023606606,fault_total
n2784gat,sa1,1,4557/524288,exact,0.002097053002216853,fault_total
n2857gat,sa0,1,120369/33554432,exact,0.014098457002546638,fault_total
n2489gat,sa0,1,1/2,exact,0.0018621569979586639,fault_total
n2398gat,sa1,1,17715827/67108864,exact,0.06676502800110029,fault_total
n1849gat,sa1,1,103487777/536870912,exact,0.01675568200153066,fault_total
n2389gat,sa1,1,1/2,exact,0.00046860199654474854,fault_total
n2489gat,sa1,1,1/2,exact,0.001531602996692527,fault_total
n1699gat,sa0,1,5/32,exact,0.025254899002902675,fault_total
n1879gat,sa0,1,1/8,exact,0.02083419100381434,fault_total
n1699gat,sa1,1,5/32,exact,0.020998674997827038,fault_total
n1898gat,sa0,1,4167907/8388608,exact,0.007282033002411481,fault_total
n1898gat,sa1,1,5461/65536,exact,0.010605061004753225,fault_total
n1677gat_II4216_C,sa0,1,5355/131072,exact,0.008836515997245442,fault_total
n701gat_n1113gat_B,sa0,1,1/32,exact,0.017443860000639688,fault_total
n325gat_n40gat_A,sa0,1,1019/524288,exact,0.005170859003555961,fault_total
n720gat_n1117gat_A,sa0,1,1/32,exact,0.01410746100009419,fault_total
n1773gat_stem_n1755gat_B,sa0,1,13/128,exact,0.0004652110001188703,fault_total
n701gat_n1318gat_B,sa0,1,5/32,exact,0.01739835699845571,fault_total
n1773gat_stem_n1756gat_C,sa0,1,1/1024,exact,0.00025636299687903374,fault_total
n2337gat_n207gat_A,sa0,1,1/4,exact,0.007593512003950309,fault_total
n1773gat_stem_n1758gat_B,sa0,1,1595295/16777216,exact,0.0008131430004141293,fault_total
n154gat_n37gat_B,sa0,1,1019/131072,exact,0.0050529790023574606,fault_total
II3999,sa0,1,105/1024,exact,0.0004430560002219863,fault_total
n392gat_n1318gat_A,sa0,1,5/32,exact,0.01768555599846877,fault_total
n720gat_n1376gat_B,sa0,1,4091/32768,exact,0.023871203004091512,fault_total
n392gat_n1256gat_A,sa0,1,1/8,exact,0.012573431995406281,fault_total
n396gat_n1614gat_A,sa0,1,7/32768,exact,0.014685396999993827,fault_total
n724gat_n1376gat_A,sa0,1,1/8,exact,0.019543230002454948,fault_total
n724gat_n1377gat_A,sa0,1,1/16,exact,0.01427781499660341,fault_total
n401gat,sa0,1,532921/2097152,exact,0.015387179002573248,fault_total
n396gat_n1616gat_B,sa0,1,7/32768,exact,0.009378692004247569,fault_total
n396gat_n1605gat_D,sa0,1,7/16384,exact,0.009418310000910424,fault_total
n1392gat_stem_II4217_A,sa0,1,2499/65536,exact,0.010076444996229839,fault_total
n330gat,sa0,1,1019/2048,exact,0.007477858001948334,fault_total
n401gat,sa1,1,532921/2097152,exact,0.014864538999972865,fault_total
n330gat,sa1,1,1019/2048,exact,0.007094767002854496,fault_total
n151gat,sa0,1,1019/2048,exact,0.006446986000810284,fault_total
n340gat,sa0,1,525/2048,exact,0.010157399003219325,fault_total
n151gat,sa1,1,1019/2048,exact,0.007158607993915211,fault_total
n340gat,sa1,1,525/2048,exact,0.010493452995433472,fault_total
n612gat,sa0,1,1/2,exact,9.66769948718138e-05,fault_total
n621gat,sa0,1,259/1024,exact,0.009128920995863155,fault_total
n702gat,sa0,1,2599/8192,exact,0.021646595996571705,fault_total
n270gat,sa0,1,1549/4096,exact,0.011217062005016487,fault_total
n612gat,sa1,1,1/2,exact,9.51510010054335e-05,fault_total
n721gat,sa0,1,324493143/1073741824,exact,0.03436025400151266,fault_total
n621gat,sa1,1,259/1024,exact,0.00920340399898123,fault_total
n702gat,sa1,1,2599/8192,exact,0.02086245099781081,fault_total
n613gat,sa0,1,4248769/16777216,exact,0.016027361998567358,fault_total
n270gat,sa1,1,1549/4096,exact,0.011887770000612363,fault_total
n2268gat_n299gat_A,sa0,1,1/4,exact,0.007749994001642335,fault_total
n560gat,sa0,1,1/4,exact,0.013449940997816157,fault_total
n155gat,sa0,1,1019/2048,exact,0.00637228899722686,fault_total
n326gat,sa0,1,259845/524288,exact,0.010313062004570384,fault_total
n721gat,sa1,1,2599/8192,exact,0.024127622993546538,fault_total
n613gat,sa1,1,4248769/16777216,exact,0.014361501001985744,fault_total
n164gat,sa0,1,4287623/16777216,exact,0.018902989002526738,fault_total
n705gat,sa0,1,1/2,exact,0.0001061670045601204,fault_total
n822gat,sa0,1,1/2,exact,8.134199742926285e-05,fault_total
n155gat,sa1,1,1019/2048,exact,0.006396171003871132,fault_total
n462gat,sa0,1,255769/524288,exact,0.005010573993786238,fault_total
n326gat,sa1,1,259845/524288,exact,0.011001409002346918,fault_total
n255gat,sa0,1,259845/524288,exact,0.009192022000206634,fault_total
n147gat,sa0,1,259845/524288,exact,0.004950118003762327,fault_total
n164gat,sa1,1,4287623/16777216,exact,0.017187854005896952,fault_total
n336gat,sa0,1,2599/8192,exact,0.00975229399773525,fault_total
n282gat,sa0,1,4287623/16777216,exact,0.019356832999619655,fault_total
n930gat,sa0,1,517/2048,exact,0.011277786994469352,fault_total
n705gat,sa1,1,1/2,exact,0.00011373800225555897,fault_total
n832gat,sa0,1,1/2,exact,8.54519967106171e-05,fault_total
n822gat,sa1,1,1/2,exact,6.85259947204031e-05,fault_total
n255gat,sa1,1,259845/524288,exact,0.00926935400639195,fault_total
n147gat,sa1,1,259845/524288,exact,0.005039513001975138,fault_total
n625gat,sa0,1,259/1024,exact,0.009267004003049806,fault_total
n823gat,sa0,1,8448449/33554432,exact,0.020456573998671956,fault_total
n490gat,sa0,1,259/1024,exact,0.009288271998229902,fault_total
n274gat,sa0,1,4287623/16777216,exact,0.018134848003683146,fault_total
n706gat,sa0,1,4248769/16777216,exact,0.015285681998648215,fault_total
n336gat,sa1,1,2599/8192,exact,0.009838131001743022,fault_total
n282gat,sa1,1,4287623/16777216,exact,0.017883301006804686,fault_total
n841gat,sa0,1,525/2048,exact,0.010751722002169117,fault_total
n930gat,sa1,1,517/2048,exact,0.010631007004121784,fault_total
n396gat_n1499gat_A,sa0,1,7/32768,exact,0.009763526999449823,fault_total
n832gat,sa1,1,1/2,exact,9.790300100576133e-05,fault_total
n365gat,sa0,1,1/4,exact,0.013685589998203795,fault_total
n383gat,sa0,1,259845/524288,exact,0.0005541270002140664,fault_total
n625gat,sa1,1,259/1024,exact,0.00919372900534654,fault_total
n725gat,sa0,1,2671659149715/8796093022208,exact,0.08337402900360757,fault_total
n823gat,sa1,1,8448449/33554432,exact,0.015259193001838867,fault_total
n617gat,sa0,1,259/1024,exact,0.008585526993556414,fault_total
n490gat,sa1,1,259/1024,exact,0.009347829996841028,fault_total
n274gat,sa1,1,4287623/16777216,exact,0.017274215002544224,fault_total
n706gat,sa1,1,4248769/16777216,exact,0.015306544999475591,fault_total
n815gat,sa0,1,8448449/33554432,exact,0.016706158996385057,fault_total
n860gat,sa0,1,34105699/134217728,exact,0.018760097002086695,fault_total
n833gat,sa0,1,4248769/16777216,exact,0.01681291400018381,fault_total
n841gat,sa1,1,525/2048,exact,0.011386140002286993,fault_total
n383gat,sa1,1,259845/524288,exact,0.0006401209975592792,fault_total
n725gat,sa1,1,2599/8192,exact,0.018245950996060856,fault_total
n617gat,sa1,1,259/1024,exact,0.009690388003946282,fault_total
n393gat,sa0,1,8899/32768,exact,0.022327350001432933,fault_total
n815gat,sa1,1,8448449/33554432,exact,0.015224359995045234,fault_total
n159gat,sa0,1,525/2048,exact,0.010376228005043231,fault_total
n860gat,sa1,1,34105699/134217728,exact,0.017776472996047232,fault_total
n833gat,sa1,1,4248769/16777216,exact,0.014059424000151921,fault_total
n672gat,sa0,1,145133931/2147483648,exact,0.2141829240063089,fault_total
n682gat,sa0,1,1/2,exact,0.00011407899728510529,fault_total
n393gat,sa1,1,8899/32768,exact,0.021188111997616943,fault_total
n583gat,sa0,1,8448449/33554432,exact,0.015021065999462735,fault_total
n159gat,sa1,1,525/2048,exact,0.010535196997807361,fault_total
n672gat,sa1,1,145133931/2147483648,exact,0.002373396993789356,fault_total
n836gat,sa0,1,1/2,exact,9.743199916556478e-05,fault_total
n818gat,sa0,1,1/2,exact,0.0005165539987501688,fault_total
n881gat,sa0,1,1/2,exact,8.113399962894619e-05,fault_total
n682gat,sa1,1,1/2,exact,7.502899825340137e-05,fault_total
n845gat,sa0,1,532921/2097152,exact,0.02051353600108996,fault_total
n683gat,sa0,1,8448449/33554432,exact,0.01527233899832936,fault_total
n583gat,sa1,1,8448449/33554432,exact,0.015500405999773648,fault_total
n278gat,sa0,1,4287623/16777216,exact,0.01895025900012115,fault_total
n836gat,sa1,1,1/2,exact,9.513399709248915e-05,fault_total
n828gat,sa0,1,1/2,exact,0.00011438400542829186,fault_total
n818gat,sa1,1,1/2,exact,7.709300552960485e-05,fault_total
n881gat,sa1,1,1/2,exact,6.842699804110453e-05,fault_total
n666gat,sa0,1,1/4,exact,0.006449057000281755,fault_total
n387gat,sa0,1,1019/2048,exact,0.0071765149987186305,fault_total
n882gat,sa0,1,8448449/33554432,exact,0.015514589998929296,fault_total
n918gat,sa0,1,532921/2097152,exact,0.014897041997755878,fault_total
n845gat,sa1,1,532921/2097152,exact,0.014437100995564833,fault_total
n683gat,sa1,1,8448449/33554432,exact,0.015457223002158571,fault_total
n864gat,sa0,1,34105699/134217728,exact,0.01765128799888771,fault_total
n837gat,sa0,1,4248769/16777216,exact,0.014066629999433644,fault_total
n278gat,sa1,1,4287623/16777216,exact,0.018102928006555885,fault_total
n819gat,sa0,1,515/2048,exact,0.011266838999290485,fault_total
n828gat,sa1,1,1/2,exact,0.00010254799417452887,fault_total
n387gat,sa1,1,1019/2048,exact,0.007764737005345523,fault_total
n469gat,sa0,1,255769/524288,exact,0.005280662000586744,fault_total
n882gat,sa1,1,8448449/33554432,exact,0.01642201600043336,fault_total
n918gat,sa1,1,532921/2097152,exact,0.015158885005803313,fault_total
n397gat,sa0,1,65/256,exact,0.008930914002121426,fault_total
n864gat,sa1,1,34105699/134217728,exact,0.01763969899911899,fault_total
n837gat,sa1,1,4248769/16777216,exact,0.014364574999490287,fault_total
n819gat,sa1,1,515/2048,exact,0.010468639004102442,fault_total
n829gat,sa0,1,259/1024,exact,0.010035269006039016,fault_total
n397gat,sa1,1,65/256,exact,0.00886462799826404,fault_total
n956gat,sa0,1,34105699/134217728,exact,0.018582325006718747,fault_total
n829gat,sa1,1,259/1024,exact,0.010225805999652948,fault_total
n956gat,sa1,1,34105699/134217728,exact,0.019231256999773905,fault_total
n579gat,sa0,1,8448449/33554432,exact,0.016444838998722844,fault_total
n697gat,sa0,1,1/2,exact,0.00011875700147356838,fault_total
n579gat,sa1,1,8448449/33554432,exact,0.015673100999265444,fault_total
n679gat,sa0,1,8448449/33554432,exact,0.015137825001147576,fault_total
n697gat,sa1,1,1/2,exact,9.977699664887041e-05,fault_total
n698gat,sa0,1,8448449/33554432,exact,0.014434252007049508,fault_total
n679gat,sa1,1,8448449/33554432,exact,0.015397402996313758,fault_total
n698gat,sa1,1,8448449/33554432,exact,0.014370345998031553,fault_total
n2401gat_n2210gat_A,sa0,1,4421/65536,exact,0.006250790000194684,fault_total
n2401gat_n2150gat_A,sa0,1,4421/131072,exact,0.006399899000825826,fault_total
n2401gat_n2331gat_B,sa0,1,325/65536,exact,0.0051087690007989295,fault_total
n1310gat_n2163gat_B,sa0,1,1063595/8388608,exact,0.0008841770031722263,fault_total
n2405gat_n2350gat_A,sa0,1,4421/262144,exact,0.005419599998276681,fault_total
n1224gat_n1327gat_B,sa0,1,1/4,exact,0.0012520849995780736,fault_total
n254gat_n242gat_A,sa0,1,1019/262144,exact,0.004992948997823987,fault_total
n1507gat_n1531gat_A,sa0,1,2668833/33554432,exact,0.02603365699906135,fault_total
n1310gat_n1593gat_B,sa0,1,1/64,exact,0.00018789999739965424,fault_total
n364gat_n132gat_B,sa0,1,1/4,exact,0.013528617004340049,fault_total
n2345gat_n2213gat_C,sa0,1,4421/131072,exact,0.0065253729990217835,fault_total
n154gat_n137gat_A,sa0,1,1019/65536,exact,0.00045991599472472444,fault_total
n325gat_n145gat_B,sa0,1,1019/262144,exact,0.00043838599958689883,fault_total
n154gat_n136gat_B,sa0,1,3057/262144,exact,0.005472507000376936,fault_total
n1280gat_n1383gat_A,sa0,1,1/4,exact,0.009352792003483046,fault_total
n1507gat_n1408gat_A,sa0,1,687393/8388608,exact,0.07225129700236721,fault_total
n2260gat_n2258gat_A,sa0,1,0,exact,0.004668973997468129,fault_total
n325gat_n246gat_B,sa0,1,1019/262144,exact,0.005487521993927658,fault_total
n2624gat_n2534gat_A,sa0,1,1879033849/2199023255552,exact,0.04429043699929025,fault_total
n2620gat_n2538gat_A,sa0,1,17/16384,exact,0.005068140999355819,fault_total
n2438gat_n2053gat_B,sa0,1,0,exact,0.000316048004606273,fault_total
n254gat_n238gat_B,sa0,1,1019/524288,exact,0.005573342998104636,fault_total
n2660gat_n2662gat_A,sa0,1,15/32,exact,0.00021074499818496406,fault_total
n1774gat_n2008gat_B,sa0,1,0,exact,0.0005562699952861294,fault_total
n387gat_n250gat_B,sa0,1,1019/131072,exact,0.005491622003319208,fault_total
n1393gat_n1408gat_C,sa0,1,687393/8388608,exact,0.07969818600395229,fault_total
n387gat_n251gat_B,sa0,1,31589/65536,exact,0.005055476998677477,fault_total
n625gat_n905gat_A,sa0,1,3/512,exact,0.007093473002896644,fault_total
n702gat_n890gat_B,sa0,1,13/1024,exact,0.008002760005183518,fault_total
n490gat_n904gat_B,sa0,1,3/512,exact,0.006896359998791013,fault_total
n1021gat,sa0,1,1/4,exact,0.0070279589999699965,fault_total
n2660gat_n2663gat_B,sa0,1,10925115/134217728,exact,0.018357943001319654,fault_total
n2393gat_n2193gat_A,sa0,1,89331/524288,exact,0.008993689996714238,fault_total
n2346gat_n2149gat_B,sa0,1,13263/65536,exact,0.006303670998022426,fault_total
n1067gat_n1089gat_A,sa0,1,5/1024,exact,0.007988255005329847,fault_total
n1021gat,sa1,1,1/4,exact,0.0070629160036332905,fault_total
n2189gat_n2129gat_A,sa0,1,1/32768,exact,0.0005465399954118766,fault_total
n2439gat_n2193gat_B,sa0,1,89201/524288,exact,0.008812309002678376,fault_total
n2625gat_n2538gat_B,sa0,1,17/16384,exact,0.00037539399636443704,fault_total
n1060gat,sa0,1,1/4,exact,0.007305854000151157,fault_total
n1150gat,sa0,1,7346519/1073741824,exact,0.02252248999866424,fault_total
n1293gat_n1099gat_B,sa0,1,5/1024,exact,0.008376159996259958,fault_total
n841gat_n990gat_A,sa0,1,13/1024,exact,0.008652795004309155,fault_total
n1060gat,sa1,1,1/4,exact,0.006965838998439722,fault_total
n1150gat,sa1,1,7346519/1073741824,exact,0.021204855998803396,fault_total
n387gat_n247gat_B,sa0,1,1019/131072,exact,0.008618865002063103,fault_total
n397gat_n903gat_B,sa0,1,1/128,exact,0.006822432005719747,fault_total
n340gat_n988gat_A,sa0,1,13/1024,exact,0.008078450002358295,fault_total
n2784gat_n73gat_B,sa0,1,1/2048,exact,0.009556715995131526,fault_total
n2214gat,sa0,1,7078045689/1099511627776,exact,0.7345514530024957,fault_total
n2016gat,sa0,1,8787169612559/35184372088832,exact,0.02273321900429437,fault_total
n2189gat_n2185gat_B,sa0,1,4421/32768,exact,0.005412572005297989,fault_total
n2214gat,sa1,1,8450000889/1099511627776,exact,0.5550286369980313,fault_total
n2016gat,sa1,1,26355561106251/35184372088832,exact,0.0359661709953798,fault_total
n2489gat_n2534gat_B,sa0,1,1879033849/2199023255552,exact,0.0015020369974081405,fault_total
n2189gat_n2258gat_B,sa0,1,4421/32768,exact,0.005828271998325363,fault_total
n815gat_n992gat_A,sa0,1,3/1024,exact,0.007957173998875078,fault_total
n2351gat,sa0,1,1167113/268435456,exact,0.011877060002007056,fault_total
n2252gat,sa0,1,325/16384,exact,0.00483111400535563,fault_total
n1631gat,sa0,1,62631085/134217728,exact,0.011113981003290974,fault_total
n2333gat,sa0,1,975/32768,exact,0.005874184993444942,fault_total
n2720gat,sa0,1,32767/8388608,exact,0.048364089998358395,fault_total
n2439gat_n1964gat_B,sa0,1,4421/32768,exact,0.006609233998460695,fault_total
n1595gat_n1459gat_A,sa0,1,357/131072,exact,0.00840584900288377,fault_total
n2351gat,sa1,1,1167113/268435456,exact,0.011721640003088396,fault_total
n1236gat,sa0,1,1/4,exact,0.007440827997925226,fault_total
n2720gat,sa1,1,32767/8388608,exact,0.00204809800197836,fault_total
n2784gat_n78gat_A,sa0,1,511/524288,exact,0.0169777859991882,fault_total
n1774gat_n1686gat_A,sa0,1,79455/2097152,exact,0.011396813999454025,fault_total
n721gat_n989gat_A,sa0,1,13/1024,exact,0.008505562997015659,fault_total
n823gat_n995gat_A,sa0,1,3/1024,exact,0.007964574004290625,fault_total
n2784gat_n77gat_B,sa0,1,1/2048,exact,0.008975947996077593,fault_total
n1831gat,sa0,1,1/8,exact,0.0024327059945790097,fault_total
n1237gat,sa0,1,1/4,exact,0.007443255999532994,fault_total
n1236gat,sa1,1,1/4,exact,0.006984382998780347,fault_total
n2731gat,sa0,1,6377409/33554432,exact,0.010679434999474324,fault_total
n1633gat,sa0,1,50796833/536870912,exact,0.015102910001587588,fault_total
n1084gat,sa0,1,7346519/1073741824,exact,0.016127802002301905,fault_total
n1691gat_n1599gat_A,sa0,1,1/8,exact,0.0002989819986396469,fault_total
n1831gat,sa1,1,7/8,exact,0.0019665610016090795,fault_total
n2723gat,sa0,1,657450145147445613/2305843009213693952,exact,1.079825978995359,fault_total
n1237gat,sa1,1,1/4,exact,0.008053705001657363,fault_total
n1238gat,sa0,1,1/4,exact,0.007382021998637356,fault_total
n1058gat,sa0,1,1/4,exact,0.0069782670034328476,fault_total
n2831gat,sa0,1,1/256,exact,0.00022930599516257644,fault_total
n2354gat,sa0,1,1050260437184789/72057594037927936,exact,0.3923989419999998,fault_total
n2731gat,sa1,1,6377409/33554432,exact,0.0010450909976498224,fault_total
n1633gat,sa1,1,50796833/536870912,exact,0.014661168002930935,fault_total
n1085gat,sa0,1,7346519/1073741824,exact,0.027860119997058064,fault_total
n1084gat,sa1,1,7346519/1073741824,exact,0.015488541997910943,fault_total
n823gat_n996gat_B,sa0,1,21/32768,exact,0.011527255999681074,fault_total
n2355gat,sa0,1,1091182952722709/72057594037927936,exact,0.3418287029999192,fault_total
n2283gat,sa0,1,223919/67108864,exact,0.015673560999857727,fault_total
n2715gat,sa0,1,313264220657083/1125899906842624,exact,0.8567556069974671,fault_total
n2723gat,sa1,1,657450145147445613/2305843009213693952,exact,1.4078133389994036,fault_total
n1238gat,sa1,1,1/4,exact,0.0076061279978603125,fault_total
n1059gat,sa0,1,1/4,exact,0.007045347003440838,fault_total
n1058gat,sa1,1,1/4,exact,0.006883661000756547,fault_total
n2354gat,sa1,1,1821421815181589/72057594037927936,exact,0.3323517860044376,fault_total
n1085gat,sa1,1,7346519/1073741824,exact,0.021482071999344043,fault_total
n2850gat,sa0,1,420526646979/1099511627776,exact,0.061180652999610174,fault_total
n683gat_n886gat_A,sa0,1,3/1024,exact,0.007959497001138516,fault_total
n2784gat_n89gat_B,sa0,1,31/32768,exact,0.01672418200178072,fault_total
n2356gat,sa0,1,29579278335/2199023255552,exact,0.24402368099981686,fault_total
n2355gat,sa1,1,1916460918649109/72057594037927936,exact,0.3234971019992372,fault_total
n2283gat,sa1,1,223919/67108864,exact,0.014599155998439528,fault_total
n2715gat,sa1,1,313264216076661/1125899906842624,exact,0.8521952619994408,fault_total
n1059gat,sa1,1,1/4,exact,0.007669293001526967,fault_total
n2734gat,sa0,1,6377409/33554432,exact,0.010741673002485186,fault_total
n2850gat,sa1,1,420526646979/1099511627776,exact,0.0022424350026994944,fault_total
n725gat_n998gat_A,sa0,1,13/1024,exact,0.008097728998109233,fault_total
n159gat_n987gat_B,sa0,1,13/1024,exact,0.007542239000031259,fault_total
n2429gat,sa0,1,1879033849/2199023255552,exact,0.03828724200138822,fault_total
n2285gat,sa0,1,122325/8388608,exact,0.10747742500097957,fault_total
n2356gat,sa1,1,59306407935/2199023255552,exact,0.19534994800051209,fault_total
n1754gat,sa0,1,1/4,exact,0.00019941000209655613,fault_total
n2726gat,sa0,1,40739316441274915/144115188075855872,exact,0.6716751549975015,fault_total
n2672gat,sa0,1,6377409/33554432,exact,0.011619577002420556,fault_total
n2734gat,sa1,1,6377409/33554432,exact,0.0009387649988639168,fault_total
n683gat_n887gat_B,sa0,1,21/32768,exact,0.0141613329979009,fault_total
n882gat_n994gat_B,sa0,1,3/1024,exact,0.008352272998308763,fault_total
n393gat_n997gat_B,sa0,1,13/1024,exact,0.007843415995012037,fault_total
n2285gat,sa1,1,6825/262144,exact,0.04955853900173679,fault_total
n2726gat,sa1,1,40739316441274915/144115188075855872,exact,0.49178830299933907,fault_total
n1692gat,sa0,1,1/8,exact,0.018011947999184486,fault_total
n1845gat,sa0,1,133612093/268435456,exact,0.011723206000169739,fault_total
n2781gat,sa0,1,6340545/33554432,exact,0.010517293005250394,fault_total
n2672gat,sa1,1,6377409/33554432,exact,0.0010253289947286248,fault_total
n1755gat,sa0,1,13/128,exact,0.00034652800241019577,fault_total
n2862gat,sa0,1,19197/65536,exact,0.03803741300362162,fault_total
n2389gat_n2499gat_A,sa0,1,1/4,exact,0.00721597299707355,fault_total
n579gat_n885gat_A,sa0,1,3/1024,exact,0.007754597005259711,fault_total
n679gat_n991gat_B,sa0,1,3/1024,exact,0.007683212999836542,fault_total
n1783gat,sa0,1,318441/16777216,exact,0.015051310998387635,fault_total
n1918gat,sa0,1,10675459/2147483648,exact,0.014724273998581339,fault_total
n1845gat,sa1,1,133613393/268435456,exact,0.009098080998228397,fault_total
n1891gat,sa0,1,13855993/33554432,exact,0.012322239999775775,fault_total
n1963gat,sa0,1,503772703/1073741824,exact,0.01753165799891576,fault_total
n2781gat,sa1,1,6340545/33554432,exact,0.0008672339972690679,fault_total
n2854gat,sa0,1,19197/65536,exact,0.031085110000276472,fault_total
n2862gat,sa1,1,19197/65536,exact,0.038589999996474944,fault_total
n2729gat,sa0,1,1/4,exact,0.00018244199600303546,fault_total
n1918gat,sa1,1,1434701/268435456,exact,0.014913750004780013,fault_total
n2765gat,sa0,1,1391649/33554432,exact,0.0010826249999809079,fault_total
n2567gat,sa0,1,1/4,exact,0.007630243999301456,fault_total
n1891gat,sa1,1,55439637/134217728,exact,0.017454074004490394,fault_total
n1963gat,sa1,1,8354669/16777216,exact,0.007681274997594301,fault_total
n2792gat,sa0,1,6340545/33554432,exact,0.009638305004045833,fault_total
n2854gat,sa1,1,19197/65536,exact,0.03183531000104267,fault_total
n1757gat,sa0,1,1/8,exact,0.00016869299724930897,fault_total
n2667gat,sa0,1,278830968325585643/576460752303423488,exact,1.8684299969972926,fault_total
n1884gat,sa0,1,80123457/536870912,exact,0.022033674002159387,fault_total
n1785gat,sa0,1,67049761/536870912,exact,0.016262562006886583,fault_total
n2775gat,sa0,1,6377409/33554432,exact,0.011299871002847794,fault_total
n2792gat,sa1,1,6340545/33554432,exact,0.000949966000916902,fault_total
n1758gat,sa0,1,1595295/16777216,exact,0.0009693130050436594,fault_total
n698gat_n993gat_B,sa0,1,3/1024,exact,0.008798735994787421,fault_total
n2667gat,sa1,1,278830968325585643/576460752303423488,exact,0.008563105002394877,fault_total
n2767gat,sa0,1,69703401861946627/144115188075855872,exact,0.938866500997392,fault_total
n1884gat,sa1,1,80123457/536870912,exact,0.019183199998224154,fault_total
n1785gat,sa1,1,67049761/536870912,exact,0.014636363004683517,fault_total
n2775gat,sa1,1,6377409/33554432,exact,0.0009300899982918054,fault_total
n2767gat,sa1,1,69703401861946627/144115188075855872,exact,0.007329623003897723,fault_total
n1787gat,sa0,1,13/256,exact,0.009775415004696697,fault_total
n2867gat,sa0,1,1/4,exact,0.00688041299872566,fault_total
n1886gat,sa0,1,125993177/268435456,exact,0.012903406997793354,fault_total
n2669gat,sa0,1,6340545/33554432,exact,0.009940026000549551,fault_total
n1787gat,sa1,1,13/256,exact,0.009283678002248053,fault_total
n1886gat,sa1,1,536553173/1073741824,exact,0.00948607899772469,fault_total
n2778gat,sa0,1,6377409/33554432,exact,0.010825794997799676,fault_total
n2669gat,sa1,1,6340545/33554432,exact,0.0008913489946280606,fault_total
n2859gat,sa0,1,1/4,exact,0.025654128003225196,fault_total
n2778gat,sa1,1,6377409/33554432,exact,0.000888916001713369,fault_total
n2859gat,sa1,1,1/4,exact,0.024678396999661345,fault_total
n1988gat,sa0,1,310331163/34359738368,exact,0.02262797299772501,fault_total
n2789gat,sa0,1,6340545/33554432,exact,0.010158669996599201,fault_total
n1595gat_II4216_B,sa0,1,5355/262144,exact,0.008731699999771081,fault_total
n1989gat,sa0,1,167/32768,exact,0.008613211997726467,fault_total
n1988gat,sa1,1,2445065/268435456,exact,0.014060671004699543,fault_total
n2789gat,sa1,1,6340545/33554432,exact,0.0009284590050810948,fault_total
n1989gat,sa1,1,167/32768,exact,0.008200702999602072,fault_total
n401gat_n1323gat_B,sa0,1,1/128,exact,0.007090562998200767,fault_total
n721gat_n1114gat_B,sa0,1,33293/1048576,exact,0.016842968005221337,fault_total
n725gat_n1114gat_A,sa0,1,298402273/8589934592,exact,0.05419360000087181,fault_total
n393gat_n1113gat_A,sa0,1,1/32,exact,0.01737279300141381,fault_total
n151gat_n37gat_A,sa0,1,1019/4096,exact,0.005240137004875578,fault_total
n164gat_n1324gat_A,sa0,1,1/128,exact,0.007081898998876568,fault_total
n151gat_n38gat_A,sa0,1,31589/65536,exact,0.005071189007139765,fault_total
n164gat_n1325gat_B,sa0,1,441/131072,exact,0.016182728002604563,fault_total
n815gat_n1250gat_B,sa0,1,21/32768,exact,0.014214036003977526,fault_total
n383gat_n40gat_B,sa0,1,1019/4096,exact,0.005093553998449352,fault_total
n918gat_n1012gat_B,sa0,1,1/128,exact,0.0072761499977787025,fault_total
n621gat_n1175gat_A,sa0,1,3/512,exact,0.0070132320033735596,fault_total
n930gat_n1253gat_A,sa0,1,5/1024,exact,0.006917749000422191,fault_total
n702gat_n1256gat_B,sa0,1,1/8,exact,0.01707077100581955,fault_total
n278gat_n1320gat_B,sa0,1,441/131072,exact,0.01468919200124219,fault_total
n833gat_n1261gat_A,sa0,1,3/512,exact,0.0069029270016471855,fault_total
n725gat_n1117gat_B,sa0,1,1/16,exact,0.014205542996933218,fault_total
n2842gat_n440gat_B,sa0,1,3/16,exact,0.00483864700072445,fault_total
n282gat_n1372gat_A,sa0,1,441/131072,exact,0.01502783899923088,fault_total
n956gat_n1103gat_A,sa0,1,441/131072,exact,0.016236919997027144,fault_total
n583gat_n1161gat_A,sa0,1,21/32768,exact,0.014329221994557884,fault_total
n672gat_n1413gat_B,sa0,1,272775/4194304,exact,0.0017177170011564158,fault_total
n860gat_n1090gat_B,sa0,1,5/1024,exact,0.00847052400058601,fault_total
n282gat_n1326gat_B,sa0,1,1/128,exact,0.006885629998578224,fault_total
n706gat_n1443gat_B,sa0,1,21/32768,exact,0.014607887002057396,fault_total
n837gat_n1321gat_B,sa0,1,21/32768,exact,0.01130741300585214,fault_total
n613gat_n1267gat_A,sa0,1,3/512,exact,0.007463959002052434,fault_total
n270gat_n1097gat_A,sa0,1,13/1024,exact,0.008396888995775953,fault_total
n860gat_n1245gat_B,sa0,1,441/131072,exact,0.014652839003247209,fault_total
n278gat_n1260gat_B,sa0,1,1/128,exact,0.00723790300253313,fault_total
n1816gat_stem,sa0,1,3/4,exact,0.0006531840044772252,fault_total
n2844gat_n442gat_A,sa0,1,3/16,exact,0.00017802299407776445,fault_total
n833gat_n1373gat_A,sa0,1,21/32768,exact,0.01131708799948683,fault_total
n617gat_n1264gat_B,sa0,1,3/512,exact,0.0068355559997144155,fault_total
n1816gat_stem,sa1,1,1/4,exact,0.0006962979969102889,fault_total
n401gat_n1499gat_B,sa0,1,7/16384,exact,0.010164240004087333,fault_total
n721gat_n1377gat_B,sa0,1,2043/32768,exact,0.017665585000941064,fault_total
n2711gat_n962gat_B,sa0,1,3/16,exact,0.00019247499585617334,fault_total
n2269gat_n207gat_B,sa0,1,1/4,exact,0.007138059001590591,fault_total
n613gat_n1368gat_B,sa0,1,21/32768,exact,0.014305953998700716,fault_total
n274gat_n1258gat_A,sa0,1,441/131072,exact,0.016401998997025657,fault_total
n882gat_n1163gat_A,sa0,1,21/32768,exact,0.011642598998150788,fault_total
n274gat_n1257gat_B,sa0,1,1/128,exact,0.006969109999772627,fault_total
n837gat_n1262gat_A,sa0,1,3/512,exact,0.006935119999980088,fault_total
n845gat_n1614gat_B,sa0,1,7/16384,exact,0.009844191998126917,fault_total
n2846gat_n441gat_B,sa0,1,3/16,exact,0.0001803580016712658,fault_total
n2846gat_n450gat_B,sa0,1,12267/65536,exact,0.005812835996039212,fault_total
n383gat_n39gat_A,sa0,1,129413/262144,exact,0.005336797003110405,fault_total
n845gat_n1174gat_A,sa0,1,1/128,exact,0.007364942001004238,fault_total
n706gat_n1375gat_B,sa0,1,3/512,exact,0.007089250000717584,fault_total
n336gat_n1098gat_A,sa0,1,13/1024,exact,0.000854455996886827,fault_total
n2840gat_n790gat_B,sa0,1,3/16,exact,0.0001831539993872866,fault_total
n2711gat_n964gat_B,sa0,1,1/1024,exact,0.004966647000401281,fault_total
n2711gat_n965gat_A,sa0,1,12267/65536,exact,0.0004731090011773631,fault_total
n864gat_n1246gat_A,sa0,1,441/131072,exact,0.017108097999880556,fault_total
n583gat_n1094gat_B,sa0,1,3/1024,exact,0.007845875996281393,fault_total
n918gat_n1616gat_A,sa0,1,7/16384,exact,0.009808481998334173,fault_total
n2718gat_n653gat_A,sa0,1,1/1024,exact,0.00034311800118302926,fault_total
n2840gat_n791gat_B,sa0,1,12267/65536,exact,0.00044698700367007405,fault_total
n2840gat_n971gat_B,sa0,1,1/1024,exact,0.005230437993304804,fault_total
n864gat_n1093gat_B,sa0,1,5/1024,exact,0.007696404994931072,fault_total
n956gat_n1091gat_B,sa0,1,5/1024,exact,0.007627034006873146,fault_total
n698gat_n1162gat_A,sa0,1,21/32768,exact,0.014212767993740272,fault_total
n2842gat_n772gat_B,sa0,1,1/1024,exact,0.00519680399884237,fault_total
n501gat,sa0,1,1/4,exact,0.007117175999155734,fault_total
n132gat,sa0,1,1/4,exact,0.013414346001809463,fault_total
n2836gat_n447gat_A,sa0,1,1/1024,exact,0.000406798004405573,fault_total
n2844gat_n654gat_B,sa0,1,12267/65536,exact,0.0005357070040190592,fault_total
n2842gat_n774gat_A,sa0,1,12267/65536,exact,0.0004021679997094907,fault_total
n819gat_n1096gat_A,sa0,1,3/1024,exact,0.008965349996287841,fault_total
n829gat_n1176gat_A,sa0,1,3/512,exact,0.007864163999329321,fault_total
n502gat,sa0,1,1/4,exact,0.007330134998483118,fault_total
n501gat,sa1,1,1/4,exact,0.006875669001601636,fault_total
n2718gat_n655gat_B,sa0,1,3/16,exact,0.00019608699949458241,fault_total
n2852gat_n792gat_A,sa0,1,3/16,exact,0.00014767800166737288,fault_total
n579gat_n1291gat_B,sa0,1,21/32768,exact,0.011318557000777218,fault_total
n502gat,sa1,1,1/4,exact,0.006954594995477237,fault_total
n2836gat_n439gat_B,sa0,1,3/16,exact,0.00021902599837630987,fault_total
n2838gat_n771gat_A,sa0,1,1/1024,exact,0.00031081700581125915,fault_total
n2852gat_n793gat_A,sa0,1,12267/65536,exact,0.0005499279941432178,fault_total
n2718gat_n656gat_B,sa0,1,12267/65536,exact,0.0006110980029916391,fault_total
n2836gat_n449gat_A,sa0,1,12267/65536,exact,0.00042601099994499236,fault_total
n351gat,sa0,1,1/4,exact,0.0073619429967948236,fault_total
n2338gat_n299gat_B,sa0,1,1/4,exact,0.012898212000436615,fault_total
n2846gat_n448gat_B,sa0,1,1/1024,exact,0.005689994002750609,fault_total
n336gat_n1599gat_B,sa0,1,1/8,exact,0.00024763600231381133,fault_total
n351gat,sa1,1,1/4,exact,0.007366568999714218,fault_total
n811gat,sa0,1,1/4,exact,0.00720991900016088,fault_total
n679gat_n1249gat_A,sa0,1,21/32768,exact,0.011688027996569872,fault_total
n2844gat_n974gat_A,sa0,1,1/1024,exact,0.005248099005257245,fault_total
n353gat,sa0,1,1/4,exact,0.00766771100461483,fault_total
n812gat,sa0,1,1/4,exact,0.007740818000456784,fault_total
n811gat,sa1,1,1/4,exact,0.007065300997055601,fault_total
n2838gat_n773gat_B,sa0,1,12267/65536,exact,0.0005509769980562851,fault_total
n2852gat_n975gat_B,sa0,1,1/1024,exact,0.005713551996450406,fault_total
n353gat,sa1,1,1/4,exact,0.007447320000210311,fault_total
n812gat,sa1,1,1/4,exact,0.006958209996810183,fault_total
n813gat,sa0,1,1/4,exact,0.007180298998719081,fault_total
n2838gat_n963gat_B,sa0,1,3/16,exact,0.00019142599921906367,fault_total
n175gat,sa0,1,1/4,exact,0.007005276005656924,fault_total
n813gat,sa1,1,1/4,exact,0.007500027997593861,fault_total
n266gat,sa0,1,1/4,exact,0.007566209002106916,fault_total
n176gat,sa0,1,1/4,exact,0.007062822005536873,fault_total
n175gat,sa1,1,1/4,exact,0.006944999004190322,fault_total
n914gat,sa0,1,1/4,exact,0.007023060999927111,fault_total
n267gat,sa0,1,1/4,exact,0.007094370994309429,fault_total
n266gat,sa1,1,1/4,exact,0.007256037002662197,fault_total
n176gat,sa1,1,1/4,exact,0.007358333001320716,fault_total
n177gat,sa0,1,1/4,exact,0.007317335999687202,fault_total
n915gat,sa0,1,1/4,exact,0.007926088001113385,fault_total
n914gat,sa1,1,1/4,exact,0.007562983999378048,fault_total
n1079gat_n889gat_B,sa0,1,5/1024,exact,0.008035617000132333,fault_total
n267gat,sa1,1,1/4,exact,0.007132937003916595,fault_total
n268gat,sa0,1,1/4,exact,0.007312663998163771,fault_total
n177gat,sa1,1,1/4,exact,0.0070984160047373734,fault_total
n915gat,sa1,1,1/4,exact,0.007434980994730722,fault_total
n916gat,sa0,1,1/4,exact,0.007260988997586537,fault_total
n952gat,sa0,1,1/4,exact,0.007473486999515444,fault_total
n268gat,sa1,1,1/4,exact,0.007035668000753503,fault_total
n485gat,sa0,1,1/4,exact,0.0072227319978992455,fault_total
n916gat,sa1,1,1/4,exact,0.007082310003170278,fault_total
n953gat,sa0,1,1/4,exact,0.007064616002026014,fault_total
n952gat,sa1,1,1/4,exact,0.006857424996269401,fault_total
n737gat,sa0,1,1/4,exact,0.007224118002341129,fault_total
n566gat,sa0,1,7346519/1073741824,exact,0.019741614996746648,fault_total
n485gat,sa1,1,1/4,exact,0.007444339003995992,fault_total
n953gat,sa1,1,1/4,exact,0.007112760002200957,fault_total
n954gat,sa0,1,1/4,exact,0.007109276004484855,fault_total
n737gat,sa1,1,1/4,exact,0.0072462589960196055,fault_total
n738gat,sa0,1,1/4,exact,0.007152787002269179,fault_total
n566gat,sa1,1,7346519/1073741824,exact,0.020220606005750597,fault_total
n873gat,sa0,1,7346519/1073741824,exact,0.015143245997023769,fault_total
n954gat,sa1,1,1/4,exact,0.0075546459993347526,fault_total
n738gat,sa1,1,1/4,exact,0.007048713996482547,fault_total
n874gat,sa0,1,1/4,exact,0.014206317006028257,fault_total
n873gat,sa1,1,7346519/1073741824,exact,0.01572407600178849,fault_total
n875gat,sa0,1,7346519/1073741824,exact,0.015328269997553434,fault_total
n983gat,sa0,1,7346519/1073741824,exact,0.01584829200146487,fault_total
n696gat,sa0,1,1/4,exact,0.007079050999891479,fault_total
n875gat,sa1,1,7346519/1073741824,exact,0.015261747998010833,fault_total
n983gat,sa1,1,7346519/1073741824,exact,0.015548695002507884,fault_total
n696gat,sa1,1,1/4,exact,0.007150099001592025,fault_total
n985gat,sa0,1,7346519/1073741824,exact,0.014873079002427403,fault_total
n985gat,sa1,1,7346519/1073741824,exact,0.014916205996996723,fault_total
n1120gat_n1200gat_A,sa0,1,5/1024,exact,0.00689748100558063,fault_total
n270gat_n1606gat_stem_B,sa0,1,1/4,exact,0.0052093589983996935,fault_total
n2402gat_n2211gat_B,sa0,1,52727/262144,exact,0.0076710979992640205,fault_total
n1034gat_n1212gat_B,sa0,1,5/1024,exact,0.007148427001084201,fault_total
n151gat_n140gat_A,sa0,1,1019/131072,exact,0.00882413299405016,fault_total
n2134gat_n2130gat_A,sa0,1,13263/65536,exact,0.006050141004379839,fault_total
n2402gat_n2213gat_A,sa0,1,4421/131072,exact,0.006594920996576548,fault_total
n1293gat_n1101gat_B,sa0,1,441/131072,exact,0.014626129996031523,fault_total
n1071gat_n1251gat_B,sa0,1,5/1024,exact,0.007409126999846194,fault_total
n2402gat_n2215gat_C,sa0,1,4421/131072,exact,0.0069945619979989715,fault_total
n155gat_n141gat_A,sa0,1,1019/131072,exact,0.0051015920034842566,fault_total
n1297gat_n1100gat_A,sa0,1,5/1024,exact,0.008532316998753231,fault_total
n1025gat_n1173gat_B,sa0,1,1/128,exact,0.007893098998465575,fault_total
n1134gat_n1244gat_B,sa0,1,5/1024,exact,0.007127746001060586,fault_total
n155gat_n140gat_C,sa0,1,1019/131072,exact,0.0005760799976997077,fault_total
n1147gat_n1305gat_A,sa0,1,441/131072,exact,0.016295428002194967,fault_total
n330gat_n246gat_A,sa0,1,1019/262144,exact,0.0006624800007557496,fault_total
n255gat_n240gat_A,sa0,1,129413/262144,exact,0.005022874000133015,fault_total
n1240gat_n1095gat_A,sa0,1,5/1024,exact,0.009100231000047643,fault_total
n1281gat_n1243gat_A,sa0,1,5/1024,exact,0.007522982996306382,fault_total
n1044gat_n1254gat_B,sa0,1,5/1024,exact,0.007368462000158615,fault_total
n1067gat_n1304gat_B,sa0,1,441/131072,exact,0.014861707997624762,fault_total
n1297gat_n1102gat_A,sa0,1,441/131072,exact,0.014413170996704139,fault_total
n1079gat_n1104gat_A,sa0,1,441/131072,exact,0.014094897000177298,fault_total
n326gat_n143gat_A,sa0,1,129413/262144,exact,0.0005307909959810786,fault_total
n326gat_n142gat_B,sa0,1,1019/524288,exact,0.005392480998125393,fault_total
n2621gat_n2531gat_C,sa0,1,1879033849/2199023255552,exact,0.0405323969971505,fault_total
n1393gat_n1402gat_B,sa0,1,21643/2097152,exact,0.012819814000977203,fault_total
n2346gat_n2150gat_B,sa0,1,4421/32768,exact,0.006414593997760676,fault_total
n155gat_n234gat_A,sa0,1,31589/65536,exact,0.0005041139957029372,fault_total
n330gat_n248gat_A,sa0,1,31589/65536,exact,0.005218145000981167,fault_total
n1225gat_n1255gat_B,sa0,1,5/1024,exact,0.007087432000844274,fault_total
n2134gat_n2129gat_B,sa0,1,1/32768,exact,0.0005639170049107634,fault_total
n2346gat_n2215gat_A,sa0,1,4421/131072,exact,0.007569335000880528,fault_total
n330gat_n247gat_C,sa0,1,1019/131072,exact,0.008873070997651666,fault_total
n1281gat_n1327gat_A,sa0,1,1/4,exact,0.009489837000728585,fault_total
n2261gat_n2255gat_A,sa0,1,4421/32768,exact,0.005848835004144348,fault_total
n151gat_n139gat_B,sa0,1,1019/262144,exact,0.005426941999758128,fault_total
n255gat_n324gat_A,sa0,1,1019/524288,exact,0.005267890999675728,fault_total
n1147gat_n1092gat_A,sa0,1,5/1024,exact,0.007628601997566875,fault_total
n1225gat_n1383gat_B,sa0,1,1/4,exact,0.00983986700157402,fault_total
n2406gat_n2282gat_A,sa0,1,66315/262144,exact,0.005598457995802164,fault_total
n2393gat_n2331gat_A,sa0,1,585/65536,exact,0.006183288998727221,fault_total
n330gat_n249gat_B,sa0,1,1019/4096,exact,0.004822486996999942,fault_total
n2621gat_n2534gat_C,sa0,1,1879033849/2199023255552,exact,0.0018867100006900728,fault_total
n2625gat_n2531gat_B,sa0,1,1879033849/2199023255552,exact,0.001462091000576038,fault_total
n2261gat_n2129gat_C,sa0,1,1/32768,exact,0.005273317998216953,fault_total
n2261gat_n2185gat_A,sa0,1,4421/32768,exact,0.0003557640011422336,fault_total
n2393gat_n2053gat_A,sa0,1,4421/32768,exact,0.007174900994868949,fault_total
n1774gat_n2015gat_B,sa0,1,1/8,exact,0.00015109699597815052,fault_total
n1393gat_n1407gat_A,sa0,1,381885/8388608,exact,0.07674693700391799,fault_total
n672gat_n801gat_A,sa0,1,3/1024,exact,0.008351698001206387,fault_total
n147gat_n238gat_A,sa0,1,1019/4096,exact,0.005096588996821083,fault_total
n147gat_n237gat_B,sa0,1,129413/262144,exact,0.005712295998819172,fault_total
n2285gat_n2306gat_C,sa0,1,24675/4194304,exact,0.041578212003514636,fault_total
n2355gat_n2291gat_B,sa0,1,35175/8388608,exact,0.03661326399742393,fault_total
n2351gat_n1576gat_A,sa0,1,590925/268435456,exact,0.011853130999952555,fault_total
n267gat_n261gat_C,sa0,1,1/8,exact,0.007789144998241682,fault_total
n268gat_n262gat_A,sa0,1,1/8,exact,0.007332071996643208,fault_total
n916gat_n910gat_A,sa0,1,1/8,exact,0.007637423994310666,fault_total
n812gat_n805gat_C,sa0,1,1/8,exact,0.007688090998271946,fault_total
n813gat_n806gat_A,sa0,1,1/8,exact,0.007641778000106569,fault_total
n811gat_n807gat_B,sa0,1,1/8,exact,0.007990696001797915,fault_total
n1084gat_n1159gat_B,sa0,1,525/1048576,exact,0.016305239994835574,fault_total
n1084gat_n1087gat_B,sa0,1,13/2048,exact,0.00848697000037646,fault_total
n2355gat_n2363gat_C,sa0,1,24675/4194304,exact,0.03703716199379414,fault_total
n2356gat_n2363gat_B,sa0,1,8925/2097152,exact,0.024933050000981893,fault_total
n2283gat_n1582gat_A,sa0,1,78511/67108864,exact,0.010100589002831839,fault_total
n502gat_n495gat_C,sa0,1,1/8,exact,0.00714804000017466,fault_total
n501gat_n497gat_B,sa0,1,1/8,exact,0.007042895995255094,fault_total
n812gat_n806gat_C,sa0,1,1/8,exact,0.007111585000529885,fault_total
n813gat_n807gat_A,sa0,1,1/8,exact,0.007006728003034368,fault_total
n1891gat_n2055gat_A,sa0,1,302517/1048576,exact,0.00786341500497656,fault_total
n1085gat_n1088gat_A,sa0,1,13/2048,exact,0.007973148000019137,fault_total
n2850gat_n2239gat_A,sa0,1,2103/16384,exact,0.0004306089977035299,fault_total
n1210gat,sa0,1,1/4,exact,0.0012221009965287521,fault_total
n1918gat_n1660gat_A,sa0,1,3925251/2147483648,exact,0.0111214549979195,fault_total
n2351gat_n1577gat_B,sa0,1,78511/67108864,exact,0.009766215000126977,fault_total
n502gat_n496gat_C,sa0,1,1/8,exact,0.006933732998732012,fault_total
n1022gat,sa0,1,1/4,exact,0.007036216004053131,fault_total
n1210gat,sa1,1,1/4,exact,0.001118454005336389,fault_total
n1211gat,sa0,1,1/4,exact,0.010167100001126528,fault_total
n2355gat_n2357gat_B,sa0,1,4725/2097152,exact,0.02243787099723704,fault_total
n2356gat_n2364gat_C,sa0,1,2625/1048576,exact,0.01780412199877901,fault_total
n2351gat_n1578gat_B,sa0,1,1/1024,exact,0.0002659479941939935,fault_total
n737gat_n730gat_C,sa0,1,1/8,exact,0.0072416390030412,fault_total
n738gat_n731gat_A,sa0,1,1/8,exact,0.007221387000754476,fault_total
n2775gat_n1074gat_A,sa0,1,5/2048,exact,0.005796485995233525,fault_total
n2672gat_n1077gat_B,sa0,1,5/2048,exact,0.005161686000064947,fault_total
n2850gat_n2664gat_A,sa0,1,45885483/134217728,exact,0.00213245399936568,fault_total
n3030gat,sa0,1,9167239/1073741824,exact,0.0632194419958978,fault_total
n1032gat,sa0,1,1/4,exact,0.004960254002071451,fault_total
n1022gat,sa1,1,1/4,exact,0.007297932999790646,fault_total
n1023gat,sa0,1,1/4,exact,0.00715115600178251,fault_total
n1211gat,sa1,1,1/4,exact,0.009889042004942894,fault_total
n2285gat_n2292gat_C,sa0,1,35175/8388608,exact,0.04195333599636797,fault_total
n2285gat_n2357gat_A,sa0,1,4725/2097152,exact,0.021977620002871845,fault_total
n2283gat_n1575gat_B,sa0,1,7/65536,exact,0.009576841999660246,fault_total
n2283gat_n1863gat_B,sa0,1,1/512,exact,0.004580918001011014,fault_total
n175gat_n169gat_B,sa0,1,1/8,exact,0.007291367001016624,fault_total
n737gat_n731gat_C,sa0,1,1/8,exact,0.00713891199848149,fault_total
n738gat_n732gat_A,sa0,1,1/8,exact,0.00691957600065507,fault_total
n1816gat_n1935gat_A,sa0,1,55178401/1073741824,exact,0.019551858997147065,fault_total
n2212gat,sa0,1,1453833/268435456,exact,0.01646927999536274,fault_total
n1023gat,sa1,1,1/4,exact,0.007369904997176491,fault_total
n2355gat_n2358gat_C,sa0,1,4725/2097152,exact,0.019753956999920774,fault_total
n2356gat_n2358gat_B,sa0,1,4725/2097152,exact,0.01883156900294125,fault_total
n2285gat_n2358gat_A,sa0,1,4725/2097152,exact,0.020985438000934664,fault_total
n2015gat,sa0,1,1/8,exact,0.00016185799904633313,fault_total
n2212gat,sa1,1,1453833/268435456,exact,0.015815714999916963,fault_total
n2150gat,sa0,1,4421/131072,exact,0.006326693001028616,fault_total
n40gat,sa0,1,1019/524288,exact,0.0047061679942999035,fault_total
n1918gat_n1663gat_B,sa0,1,7/65536,exact,0.00970022899855394,fault_total
n176gat_n169gat_C,sa0,1,1/8,exact,0.00806482899497496,fault_total
n914gat_n908gat_B,sa0,1,1/8,exact,0.007195377998868935,fault_total
n2775gat_n1076gat_B,sa0,1,20445/8388608,exact,0.006958651996683329,fault_total
n2015gat,sa1,1,7/8,exact,0.00018987099610967562,fault_total
n2052gat,sa0,1,4421/32768,exact,0.006105745997047052,fault_total
n1413gat,sa0,1,272775/4194304,exact,0.1496878129983088,fault_total
n2331gat,sa0,1,325/32768,exact,0.00545851000060793,fault_total
n1918gat_n1575gat_A,sa0,1,7/65536,exact,0.00954591099434765,fault_total
n1845gat_n1846gat_A,sa0,1,66806209/268435456,exact,0.009541439001623075,fault_total
n1963gat_n1962gat_A,sa0,1,2405/262144,exact,0.006713005997880828,fault_total
n2152gat,sa0,1,361155/268435456,exact,0.009246579000318889,fault_total
n2053gat,sa0,1,0,exact,0.005070856997917872,fault_total
n1989gat_n1801gat_B,sa0,1,7/32768,exact,0.010122911000507884,fault_total
n915gat_n908gat_C,sa0,1,1/8,exact,0.007043384001008235,fault_total
n916gat_n909gat_A,sa0,1,1/8,exact,0.0072279060041182674,fault_total
n566gat_n880gat_B,sa0,1,13/2048,exact,0.008478610994643532,fault_total
n2152gat,sa1,1,23/16384,exact,0.00923557199712377,fault_total
n2216gat,sa0,1,101/16384,exact,0.012849912003730424,fault_total
n1451gat,sa0,1,1/8,exact,0.004679772006056737,fault_total
n915gat_n909gat_C,sa0,1,1/8,exact,0.007198187995527405,fault_total
n1845gat_n1847gat_B,sa0,1,25052369/67108864,exact,0.010339909000322223,fault_total
n1614gat,sa0,1,7/16384,exact,0.010058883999590762,fault_total
n2217gat,sa0,1,216825/4194304,exact,0.2639197860044078,fault_total
n2253gat,sa0,1,325/16384,exact,0.0004261580033926293,fault_total
n2216gat,sa1,1,101/16384,exact,0.013095383998006582,fault_total
n1209gat,sa0,1,1/4,exact,0.009942197000782471,fault_total
n1918gat_n1865gat_B,sa0,1,3/1024,exact,0.005014057001972105,fault_total
n485gat_n478gat_A,sa0,1,1/8,exact,0.007128120996640064,fault_total
n952gat_n946gat_B,sa0,1,1/8,exact,0.006938505997823086,fault_total
n696gat_n690gat_A,sa0,1,1/8,exact,0.007064169003569987,fault_total
n2214gat_II4023_C,sa0,1,1/1024,exact,0.00025755699607543647,fault_total
n1614gat,sa1,1,7/8192,exact,0.010774716996820644,fault_total
n2217gat,sa1,1,222075/4194304,exact,0.06817459499870893,fault_total
n1381gat,sa0,1,0,exact,0.00013080800272291526,fault_total
n2353gat,sa0,1,1562017601663253/72057594037927936,exact,0.37193319800280733,fault_total
n1192gat,sa0,1,1/4,exact,0.010753112001111731,fault_total
n1327gat,sa0,1,1/4,exact,0.009464025999477599,fault_total
n1209gat,sa1,1,1/4,exact,0.010236567999527324,fault_total
n2551gat,sa0,1,1/4,exact,0.011523300003318582,fault_total
n2290gat,sa0,1,1556011/67108864,exact,0.08890787899872521,fault_total
n2443gat,sa0,1,1345886324535573/72057594037927936,exact,0.30435579500044696,fault_total
n1988gat_n1734gat_A,sa0,1,105/131072,exact,0.009822061001614202,fault_total
n1845gat_n1895gat_A,sa0,1,16700821/268435456,exact,0.010642255001585,fault_total
n1988gat_n1860gat_A,sa0,1,1/512,exact,0.0002902109990827739,fault_total
n485gat_n479gat_A,sa0,1,1/8,exact,0.007272501999977976,fault_total
n873gat_n982gat_A,sa0,1,525/1048576,exact,0.015289827999367844,fault_total
n875gat_n980gat_A,sa0,1,13/2048,exact,0.008148216002155095,fault_total
n873gat_n981gat_B,sa0,1,13/2048,exact,0.008000207999430131,fault_total
n2732gat,sa0,1,1/2,exact,9.7466996521689e-05,fault_total
n1616gat,sa0,1,7/16384,exact,0.010093484001117758,fault_total
n3029gat,sa0,1,32536085/2147483648,exact,0.06541647099948023,fault_total
n2353gat,sa1,1,2386731853132053/72057594037927936,exact,0.34544688899768516,fault_total
n1193gat,sa0,1,1/4,exact,0.01076156600174727,fault_total
n1192gat,sa1,1,1/4,exact,0.00974379599938402,fault_total
n2417gat,sa0,1,1/4,exact,0.011748386998078786,fault_total
n2551gat,sa1,1,1/4,exact,0.011227266004425474,fault_total
n2255gat,sa0,1,4421/32768,exact,0.005799730002763681,fault_total
n37gat,sa0,1,1019/131072,exact,0.00492954899527831,fault_total
n2290gat,sa1,1,1136843/33554432,exact,0.06612763299926883,fault_total
n2443gat,sa1,1,2319421192810773/72057594037927936,exact,0.3580791610002052,fault_total
n1963gat_n1958gat_A,sa0,1,237267999/1073741824,exact,0.014972110999224242,fault_total
n953gat_n946gat_C,sa0,1,1/8,exact,0.007664022006792948,fault_total
n954gat_n947gat_A,sa0,1,1/8,exact,0.0077774340024916455,fault_total
n952gat_n948gat_B,sa0,1,1/8,exact,0.007415448999381624,fault_total
n1891gat_n1894gat_B,sa0,1,4175449/67108864,exact,0.009291014001064468,fault_total
n2670gat,sa0,1,1/2,exact,0.00010522200318519026,fault_total
n2732gat,sa1,1,1/2,exact,7.937999907881021e-05,fault_total
n1616gat,sa1,1,7/8192,exact,0.010770054999738932,fault_total
n1446gat,sa0,1,15/32,exact,0.017062879000150133,fault_total
n2724gat,sa0,1,515/2048,exact,0.012260916002560407,fault_total
n1193gat,sa1,1,1/4,exact,0.009939634997863322,fault_total
n1194gat,sa0,1,1/4,exact,0.009848758003499825,fault_total
n1383gat,sa0,1,1/4,exact,0.009307973996328656,fault_total
n2418gat,sa0,1,1/4,exact,0.013828511997417081,fault_total
n2417gat,sa1,1,1/4,exact,0.010794490000989754,fault_total
n2553gat,sa0,1,1/4,exact,0.011861551996844355,fault_total
n2193gat,sa0,1,89591/524288,exact,0.007772882003337145,fault_total
n92gat,sa0,1,4186631/2147483648,exact,0.012737908997223713,fault_total
n1891gat_n1895gat_B,sa0,1,4175449/67108864,exact,0.00994174400693737,fault_total
n953gat_n947gat_C,sa0,1,1/8,exact,0.007178960993769579,fault_total
n954gat_n948gat_A,sa0,1,1/8,exact,0.007269001995155122,fault_total
n1816gat,sa0,1,3/4,exact,0.000145958001667168,fault_total
n2670gat,sa1,1,1/2,exact,7.928100239951164e-05,fault_total
n1446gat,sa1,1,5/32,exact,0.016988088995276485,fault_total
n2257gat,sa0,1,4421/32768,exact,0.0056139529988286085,fault_total
n2482gat,sa0,1,4160735225/2199023255552,exact,0.05831040799967013,fault_total
n2716gat,sa0,1,265213/1048576,exact,0.0285546710001654,fault_total
n2724gat,sa1,1,515/2048,exact,0.01879379399906611,fault_total
n2860gat,sa0,1,279273897/1073741824,exact,0.19718965900392504,fault_total
n2284gat,sa0,1,46435497983/2199023255552,exact,0.28208204800466774,fault_total
n1194gat,sa1,1,1/4,exact,0.010432067996589467,fault_total
n2418gat,sa1,1,1/4,exact,0.010832875996129587,fault_total
n2419gat,sa0,1,1/4,exact,0.01084865700249793,fault_total
n2554gat,sa0,1,1/4,exact,0.010763976999442093,fault_total
n2553gat,sa1,1,1/4,exact,0.010485917002370115,fault_total
n2185gat,sa0,1,4421/32768,exact,0.00044725499901687726,fault_total
n2193gat,sa1,1,268123/524288,exact,0.008469528002024163,fault_total
n92gat,sa1,1,12559893/2147483648,exact,0.0010582129980321042,fault_total
n1988gat_n1861gat_C,sa0,1,3/1024,exact,0.0003300579992355779,fault_total
n2214gat_II1723_C,sa0,1,15039/33554432,exact,0.024619658004667144,fault_total
n1963gat_n1959gat_B,sa0,1,520517/2097152,exact,0.007721261004917324,fault_total
n1816gat,sa1,1,1/4,exact,0.0001409840042470023,fault_total
n2735gat,sa0,1,1/2,exact,7.928100239951164e-05,fault_total
n1448gat,sa0,1,12283/32768,exact,0.023424933999194764,fault_total
n2482gat,sa1,1,4160735225/2199023255552,exact,0.04705905399896437,fault_total
n2716gat,sa1,1,265213/1048576,exact,0.024722455003939103,fault_total
n2860gat,sa1,1,279273897/1073741824,exact,0.19114128300134325,fault_total
n2284gat,sa1,1,71603779583/2199023255552,exact,0.23690243899909547,fault_total
n2419gat,sa1,1,1/4,exact,0.012202222002088092,fault_total
n2554gat,sa1,1,1/4,exact,0.01089941900136182,fault_total
n2555gat,sa0,1,1/4,exact,0.010758967997389846,fault_total
n2258gat,sa0,1,0,exact,0.005167646995687392,fault_total
n2185gat,sa1,1,13263/32768,exact,0.0004321059968788177,fault_total
n1709gat,sa0,1,4175449/134217728,exact,0.006909201001690235,fault_total
n2214gat_II1734_B,sa0,1,268433407/137438953472,exact,0.025587247000657953,fault_total
n1886gat_n1957gat_A,sa0,1,520517/2097152,exact,0.007811149000190198,fault_total
n2790gat,sa0,1,1/2,exact,9.475600381847471e-05,fault_total
n2735gat,sa1,1,1/2,exact,7.125599950086325e-05,fault_total
n2673gat,sa0,1,1/2,exact,7.147299766074866e-05,fault_total
n1827gat,sa0,1,1/4,exact,0.00011776800238294527,fault_total
n1448gat,sa1,1,1/8,exact,0.019001699998625554,fault_total
n2727gat,sa0,1,515/2048,exact,0.013540021995140705,fault_total
n2574gat,sa0,1,1/4,exact,0.010752602000138722,fault_total
n2555gat,sa1,1,1/4,exact,0.01087847199960379,fault_total
n1683gat,sa0,1,7/1024,exact,0.000275996993877925,fault_total
n1988gat_n1576gat_B,sa0,1,74836251/34359738368,exact,0.011430267994001042,fault_total
n875gat_n877gat_A,sa0,1,525/1048576,exact,0.014994445999036543,fault_total
n1633gat_II4144_A,sa0,1,1/32,exact,0.00019310499919811264,fault_total
n983gat_n984gat_B,sa0,1,13/2048,exact,0.00820353200106183,fault_total
n2782gat,sa0,1,1/2,exact,9.931900422088802e-05,fault_total
n2790gat,sa1,1,1/2,exact,7.184700370999053e-05,fault_total
n2673gat,sa1,1,1/2,exact,6.980900070630014e-05,fault_total
n1827gat,sa1,1,3/4,exact,0.00011364700185367838,fault_total
n2727gat,sa1,1,515/2048,exact,0.014163328996801283,fault_total
n2863gat,sa0,1,279273897/1073741824,exact,0.19389118399703875,fault_total
n2574gat,sa1,1,1/4,exact,0.011064942998928018,fault_total
n1989gat_n1865gat_A,sa0,1,3/1024,exact,0.00043113900028401986,fault_total
n1886gat_n1958gat_B,sa0,1,59367001/268435456,exact,0.010918813997705001,fault_total
n1989gat_n1863gat_C,sa0,1,1/512,exact,0.0002688109962036833,fault_total
n2354gat_II1723_A,sa0,1,40419203756309/72057594037927936,exact,0.0448995980041218,fault_total
n2782gat,sa1,1,1/2,exact,0.00011481899855425581,fault_total
n2486gat,sa0,1,3019884537/1099511627776,exact,0.11301905399886891,fault_total
n1991gat,sa0,1,341435/67108864,exact,0.01895040700037498,fault_total
n2863gat,sa1,1,279273897/1073741824,exact,0.20179724400077248,fault_total
n2855gat,sa0,1,279273897/1073741824,exact,0.18315971799893305,fault_total
n2576gat,sa0,1,1/4,exact,0.012549473001854494,fault_total
n1784gat,sa0,1,103487777/536870912,exact,0.017096133997256402,fault_total
n1964gat,sa0,1,17619/131072,exact,0.007229546004964504,fault_total
n1838gat,sa0,1,1/16,exact,0.005289672000799328,fault_total
n1988gat_n1577gat_C,sa0,1,78511/67108864,exact,0.010467293999681715,fault_total
n696gat_n689gat_A,sa0,1,1/8,exact,0.007616205999511294,fault_total
n2793gat,sa0,1,1/2,exact,0.00010994900367222726,fault_total
n2595gat,sa0,1,7/256,exact,0.00021988400112604722,fault_total
n2486gat,sa1,1,3019884537/1099511627776,exact,0.0017853340032161213,fault_total
n1991gat,sa1,1,346799/67108864,exact,0.017880232000607066,fault_total
n2855gat,sa1,1,279273897/1073741824,exact,0.18057371000031708,fault_total
n2577gat,sa0,1,1/4,exact,0.01206897300289711,fault_total
n2576gat,sa1,1,1/4,exact,0.012320693997025955,fault_total
n1784gat,sa1,1,103487777/536870912,exact,0.017012711003189906,fault_total
n1839gat,sa0,1,1965033/16777216,exact,0.01789230399299413,fault_total
n1956gat,sa0,1,6045/262144,exact,0.01126627399935387,fault_total
n1893gat,sa0,1,118495637/1073741824,exact,0.01297002300270833,fault_total
n1838gat,sa1,1,1/16,exact,0.0003019340001628734,fault_total
n2214gat_II1585_B,sa0,1,1/16384,exact,0.010315881998394616,fault_total
n2355gat_II1724_A,sa0,1,40419203756309/72057594037927936,exact,0.050885267002740875,fault_total
n985gat_n986gat_A,sa0,1,13/2048,exact,0.009014859002490994,fault_total
n2793gat,sa1,1,1/2,exact,0.00011129599442938343,fault_total
n2776gat,sa0,1,1/2,exact,9.179899643640965e-05,fault_total
n2577gat,sa1,1,1/4,exact,0.011782198998844251,fault_total
n2578gat,sa0,1,1/4,exact,0.01156440400518477,fault_total
n1839gat,sa1,1,1965033/16777216,exact,0.01807477299735183,fault_total
n1956gat,sa1,1,520517/1048576,exact,0.007128557001124136,fault_total
n1893gat,sa1,1,29674073/268435456,exact,0.01079595299961511,fault_total
n1786gat,sa0,1,1457129/16777216,exact,0.01951947899942752,fault_total
n2776gat,sa1,1,1/2,exact,0.00010758800635812804,fault_total
n1499gat,sa0,1,7/16384,exact,0.01091887600341579,fault_total
n2876gat,sa0,1,1/2,exact,0.014249323998228647,fault_total
n2578gat,sa1,1,1/4,exact,0.011845336994156241,fault_total
n1786gat,sa1,1,1457129/16777216,exact,0.018927138997241855,fault_total
n1499gat,sa1,1,7/8192,exact,0.01174074099981226,fault_total
n2876gat,sa1,1,1/2,exact,0.014105244998063426,fault_total
n1986gat,sa0,1,1926221/268435456,exact,0.017783277995476965,fault_total
n2868gat,sa0,1,1/4,exact,0.007514823002566118,fault_total
n2499gat,sa0,1,1/4,exact,0.007771274998958688,fault_total
n1788gat,sa0,1,86414913/536870912,exact,0.02256758799921954,fault_total
n1887gat,sa0,1,0,exact,0.006664806998742279,fault_total
n1599gat,sa0,1,1/8,exact,0.00033429399627493694,fault_total
n1633gat_II2735_C,sa0,1,16718113/536870912,exact,0.016372892998333555,fault_total
n2779gat,sa0,1,1/2,exact,0.00011571500363061205,fault_total
n1986gat,sa1,1,1926221/268435456,exact,0.017833324003731832,fault_total
n1788gat,sa1,1,86414913/536870912,exact,0.022925910998310428,fault_total
n1969gat,sa0,1,16700821/268435456,exact,0.010791611995955463,fault_total
n1884gat_II2721_A,sa0,1,318441/16777216,exact,0.016456985998956952,fault_total
n1633gat_II2925_C,sa0,1,1/32,exact,0.010519841001951136,fault_total
n2779gat,sa1,1,1/2,exact,0.00011366800026735291,fault_total
n2354gat_II1584_C,sa0,1,402651135/2199023255552,exact,0.030452805003733374,fault_total
n2356gat_II1585_A,sa0,1,402651135/2199023255552,exact,0.028488812000432517,fault_total
n2989gat,sa0,1,5/8,exact,0.0031758480035932735,fault_total
n1884gat_II2832_A,sa0,1,33/2048,exact,0.006427804000850301,fault_total
n2989gat,sa1,1,3/8,exact,0.0029900049994466826,fault_total
n1884gat_II3148_B,sa0,1,5/256,exact,0.00025442000332986936,fault_total
n1785gat_II2736_A,sa0,1,16718113/536870912,exact,0.015580452003632672,fault_total
n1884gat_II2735_B,sa0,1,16718113/536870912,exact,0.016469253998366185,fault_total
II1515,sa0,1,7/256,exact,0.000296532001812011,fault_total
n1884gat_II2926_A,sa0,1,1/32,exact,0.017489667996414937,fault_total
n1785gat_II2935_A,sa0,1,1/32,exact,0.01115848100016592,fault_total
n1785gat_II2925_B,sa0,1,1/32,exact,0.011161448004713748,fault_total
n1884gat_II2935_B,sa0,1,1/32,exact,0.010790742002427578,fault_total
n1787gat_II3149_B,sa0,1,5/256,exact,0.00031464000494452193,fault_total
n1633gat_II2889_B,sa0,1,1/1024,exact,0.00024327699793502688,fault_total
n1785gat_II3178_B,sa0,1,1/32,exact,0.005965515003481414,fault_total
n1787gat_II2926_B,sa0,1,1/32,exact,0.011120101000415161,fault_total
n1884gat_II2889_C,sa0,1,1/1024,exact,0.00031617000058759004,fault_total
n2723gat_n421gat_B,sa0,1,93/32768,exact,0.01925844699871959,fault_total
n2715gat_n421gat_A,sa0,1,93/32768,exact,0.01665861499350285,fault_total
n2720gat_n182gat_B,sa0,1,16383/8388608,exact,0.05127467699639965,fault_total
n2532gat_stem,sa0,1,1/2,exact,0.0013719029957428575,fault_total
n2726gat_n411gat_B,sa0,1,3120925/67108864,exact,0.1358471439962159,fault_total
n2723gat_n415gat_A,sa0,1,134080641/4294967296,exact,0.5285130240008584,fault_total
n2715gat_n521gat_B,sa0,1,51497697951/2199023255552,exact,0.6643467399990186,fault_total
n2532gat_stem,sa1,1,1/2,exact,0.001173336997453589,fault_total
n2723gat_n362gat_A,sa0,1,1/4,exact,0.008331467004609294,fault_total
n2862gat_n520gat_B,sa0,1,1042503/16777216,exact,0.04508878799970262,fault_total
n2862gat_n530gat_A,sa0,1,90962479/2147483648,exact,0.2809992910042638,fault_total
n2726gat_n423gat_B,sa0,1,1/4,exact,0.00854015100048855,fault_total
n2726gat_n361gat_B,sa0,1,12559893/2147483648,exact,0.014597339002648368,fault_total
n2723gat_n418gat_B,sa0,1,77186974623/2199023255552,exact,0.4097935879981378,fault_total
n2715gat_n516gat_B,sa0,1,780231/16777216,exact,0.06821884999953909,fault_total
n566gat_n1153gat_B,sa0,1,525/1048576,exact,0.018322150004678406,fault_total
n2854gat_n531gat_B,sa0,1,90962479/2147483648,exact,0.28559513700020034,fault_total
n2557gat_stem,sa0,1,1/2,exact,0.0013114590037730522,fault_total
n2723gat_n286gat_B,sa0,1,12050951/2147483648,exact,0.03157074699993245,fault_total
n2726gat_n356gat_A,sa0,1,234860245/8589934592,exact,0.3165126100066118,fault_total
n2781gat_n444gat_B,sa0,1,3/16,exact,0.00024590600514784455,fault_total
n2734gat_n960gat_A,sa0,1,12267/65536,exact,0.0005876010036445223,fault_total
n2557gat_stem,sa1,1,1/2,exact,0.0010319260036339983,fault_total
n2715gat_n529gat_B,sa0,1,13870613/2147483648,exact,0.01961617799679516,fault_total
n2723gat_n746gat_B,sa0,1,3069/524288,exact,0.019963097998697776,fault_total
n2726gat_n357gat_A,sa0,1,17/8192,exact,0.006613623001612723,fault_total
n2715gat_n638gat_A,sa0,1,1/4,exact,0.0075662650051526725,fault_total
n2487gat_stem,sa0,1,1/2,exact,0.0012160140031483024,fault_total
n230gat,sa0,1,1/4,exact,0.015697130998887587,fault_total
n2859gat_n360gat_A,sa0,1,3789/524288,exact,0.05082748900167644,fault_total
n2715gat_n287gat_B,sa0,1,94207/16777216,exact,0.05655508000199916,fault_total
n2734gat_n961gat_B,sa0,1,3/2048,exact,0.0053422099954332225,fault_total
n2672gat_n763gat_A,sa0,1,20445/8388608,exact,0.000659001998428721,fault_total
n2672gat_n556gat_A,sa0,1,12267/65536,exact,0.0006144319995655678,fault_total
n2781gat_n446gat_B,sa0,1,3/2048,exact,0.006545024996739812,fault_total
n2487gat_stem,sa1,1,1/2,exact,0.0011669599989545532,fault_total
n230gat,sa1,1,1/4,exact,0.015345279993198346,fault_total
n231gat,sa0,1,1/4,exact,0.014598212001146749,fault_total
n2859gat_n361gat_A,sa0,1,12559893/2147483648,exact,0.0154208789972472,fault_total
n2859gat_n522gat_B,sa0,1,368631251/8589934592,exact,0.33562245099892607,fault_total
n2731gat_n767gat_B,sa0,1,3/2048,exact,0.0004183630007901229,fault_total
n2731gat_n795gat_A,sa0,1,12267/65536,exact,0.0005474799982039258,fault_total
n2854gat_n519gat_A,sa0,1,1042503/16777216,exact,0.04376516600314062,fault_total
n231gat,sa1,1,1/4,exact,0.015758708999783266,fault_total
n2731gat_n768gat_B,sa0,1,3/16,exact,0.00022518500190926716,fault_total
n2778gat_n443gat_A,sa0,1,3/16,exact,0.00019011399854207411,fault_total
n2792gat_n645gat_A,sa0,1,20445/8388608,exact,0.0007183659981819801,fault_total
n983gat_n1158gat_A,sa0,1,525/1048576,exact,0.016537597999558784,fault_total
n985gat_n1156gat_A,sa0,1,525/1048576,exact,0.016555208996578585,fault_total
n2731gat_n796gat_A,sa0,1,5/2048,exact,0.006440556004235987,fault_total
n503gat,sa0,1,1/4,exact,0.007807756002875976,fault_total
n2726gat_n288gat_B,sa0,1,62890517/8589934592,exact,0.08286494799540378,fault_total
n2731gat_n769gat_B,sa0,1,20445/8388608,exact,0.0008063950008363463,fault_total
n2734gat_n766gat_B,sa0,1,20445/8388608,exact,0.0005972420040052384,fault_total
n2781gat_n765gat_A,sa0,1,20445/8388608,exact,0.0005944229997112416,fault_total
n2792gat_n555gat_B,sa0,1,12267/65536,exact,0.0007618430026923306,fault_total
n2781gat_n764gat_B,sa0,1,12267/65536,exact,0.00048063700523925945,fault_total
n503gat,sa1,1,1/4,exact,0.007986151002114639,fault_total
n207gat,sa0,1,1/4,exact,0.0077817830024287105,fault_total
n2792gat_n647gat_A,sa0,1,3/16,exact,0.00020984399452572688,fault_total
n2778gat_n445gat_A,sa0,1,3/2048,exact,0.00033778900251490995,fault_total
n2778gat_n651gat_B,sa0,1,20445/8388608,exact,0.0006153709982754663,fault_total
n2859gat_n526gat_A,sa0,1,90962479/2147483648,exact,0.25528134699561633,fault_total
n352gat,sa0,1,1/4,exact,0.00821996400190983,fault_total
n226gat,sa0,1,1/4,exact,0.014803178004513029,fault_total
n2789gat_n650gat_B,sa0,1,12267/65536,exact,0.000546171999303624,fault_total
n2669gat_n870gat_A,sa0,1,3/2048,exact,0.006344598004943691,fault_total
n352gat,sa1,1,1/4,exact,0.008332643999892753,fault_total
n226gat,sa1,1,1/4,exact,0.015078219999850262,fault_total
n227gat,sa0,1,1/4,exact,0.01489359799597878,fault_total
n2789gat_n652gat_A,sa0,1,20445/8388608,exact,0.0006968429952394217,fault_total
n921gat,sa0,1,0,exact,0.00012161199992988259,fault_total
n227gat,sa1,1,1/4,exact,0.015267021000909153,fault_total
n228gat,sa0,1,1/4,exact,0.014940668996132445,fault_total
n2734gat_n959gat_B,sa0,1,3/16,exact,0.00021189499966567382,fault_total
n2672gat_n967gat_B,sa0,1,3/16,exact,0.00018406900198897347,fault_total
n2669gat_n646gat_B,sa0,1,20445/8388608,exact,0.0005978599947411567,fault_total
n2669gat_n557gat_A,sa0,1,12267/65536,exact,0.0004563749971566722,fault_total
n2734gat_n797gat_B,sa0,1,5/2048,exact,0.005855176998011302,fault_total
n228gat,sa1,1,1/4,exact,0.01542523499665549,fault_total
n229gat,sa0,1,1/4,exact,0.014740904000063892,fault_total
n238gat,sa0,1,1019/524288,exact,0.005404285999247804,fault_total
n229gat,sa1,1,1/4,exact,0.014998714003013447,fault_total
n2669gat_n648gat_B,sa0,1,3/16,exact,0.00029082700348226354,fault_total
n2775gat_n794gat_B,sa0,1,12267/65536,exact,0.0005240809987299144,fault_total
n2778gat_n377gat_B,sa0,1,5/2048,exact,0.005679723006323911,fault_total
n2672gat_n969gat_B,sa0,1,3/2048,exact,0.006382805004250258,fault_total
n483gat,sa0,1,1/4,exact,0.0077490799958468415,fault_total
n717gat,sa0,1,1/4,exact,0.00765400700038299,fault_total
n249gat,sa0,1,1019/131072,exact,0.005135905994393397,fault_total
n2775gat_n868gat_A,sa0,1,3/16,exact,0.00041932499880203977,fault_total
n2775gat_n867gat_B,sa0,1,3/2048,exact,0.00033708399860188365,fault_total
n2778gat_n649gat_A,sa0,1,12267/65536,exact,0.0005364339958759956,fault_total
n925gat,sa0,1,1/4,exact,0.005116562999319285,fault_total
n484gat,sa0,1,1/4,exact,0.008174287002475467,fault_total
n483gat,sa1,1,1/4,exact,0.007755771999654826,fault_total
n718gat,sa0,1,1/4,exact,0.007614036003360525,fault_total
n717gat,sa1,1,1/4,exact,0.00758877500629751,fault_total
n736gat,sa0,1,1/4,exact,0.007595728995511308,fault_total
n2792gat_n869gat_B,sa0,1,3/2048,exact,0.006656151999777649,fault_total
n484gat,sa1,1,1/4,exact,0.008168476000719238,fault_total
n718gat,sa1,1,1/4,exact,0.007781492997310124,fault_total
n719gat,sa0,1,1/4,exact,0.007966748999024276,fault_total
n736gat,sa1,1,1/4,exact,0.007738986998447217,fault_total
n719gat,sa1,1,1/4,exact,0.00761543200496817,fault_total
n594gat,sa0,1,1/4,exact,0.007750231998215895,fault_total
n739gat,sa0,1,1/8,exact,0.00022051900305086747,fault_total
n595gat,sa0,1,1/4,exact,0.007613604997459333,fault_total
n594gat,sa1,1,1/4,exact,0.008181748999049887,fault_total
n694gat,sa0,1,1/4,exact,0.007660114002646878,fault_total
n784gat,sa0,1,1/4,exact,0.01549486199655803,fault_total
n2789gat_n966gat_A,sa0,1,3/16,exact,0.0002202749965363182,fault_total
n848gat,sa0,1,1/4,exact,0.0002595289988676086,fault_total
n595gat,sa1,1,1/4,exact,0.007752053999865893,fault_total
n596gat,sa0,1,1/4,exact,0.007591264999064151,fault_total
n695gat,sa0,1,1/4,exact,0.007598738004162442,fault_total
n694gat,sa1,1,1/4,exact,0.007643090000783559,fault_total
n784gat,sa1,1,1/4,exact,0.02242238199687563,fault_total
n785gat,sa0,1,1/4,exact,0.016481285994814243,fault_total
n299gat,sa0,1,1/4,exact,0.007831615999748465,fault_total
n849gat,sa0,1,1/4,exact,0.005425572999229189,fault_total
n596gat,sa1,1,1/4,exact,0.008140395999362227,fault_total
n695gat,sa1,1,1/4,exact,0.00778906299819937,fault_total
n785gat,sa1,1,1/4,exact,0.014934984996216372,fault_total
n786gat,sa0,1,1/4,exact,0.014972963006584905,fault_total
n2789gat_n968gat_A,sa0,1,3/2048,exact,0.006806525998399593,fault_total
n786gat,sa1,1,1/4,exact,0.015249675001541618,fault_total
n787gat,sa0,1,1/4,exact,0.01501634600572288,fault_total
n788gat,sa0,1,1/4,exact,0.015054925002914388,fault_total
n787gat,sa1,1,1/4,exact,0.014647747004346456,fault_total
n788gat,sa1,1,1/4,exact,0.014743625004484784,fault_total
n789gat,sa0,1,1/4,exact,0.015255584003170952,fault_total
n789gat,sa1,1,1/4,exact,0.014999694998550694,fault_total
n1021gat_n1015gat_B,sa0,1,1/8,exact,0.007626007994986139,fault_total
n1021gat_n1017gat_B,sa0,1,1/8,exact,0.008045135000429582,fault_total
n1060gat_n1053gat_A,sa0,1,1/8,exact,0.007756221006275155,fault_total
n1150gat_n1151gat_B,sa0,1,525/1048576,exact,0.0198711050034035,fault_total
n1060gat_n1054gat_A,sa0,1,1/8,exact,0.007549778005341068,fault_total
n1150gat_n1152gat_B,sa0,1,13/2048,exact,0.008827964004012756,fault_total
n1236gat_n1230gat_B,sa0,1,1/8,exact,0.007599590993777383,fault_total
n2720gat_n13gat_A,sa0,1,1/1024,exact,0.005467226998007391,fault_total
n2016gat_n2009gat_A,sa0,1,1595685/16777216,exact,0.00878402200032724,fault_total
n2016gat_n2017gat_B,sa0,1,8183/32768,exact,0.0006930450035724789,fault_total
n2016gat_n2018gat_A,sa0,1,65/4096,exact,0.010812003994942643,fault_total
n1237gat_n1230gat_C,sa0,1,1/8,exact,0.007874119000916835,fault_total
n1238gat_n1231gat_A,sa0,1,1/8,exact,0.007849790003092494,fault_total
n1236gat_n1232gat_B,sa0,1,1/8,exact,0.007694024003285449,fault_total
n2214gat_n2218gat_A,sa0,1,12075/4194304,exact,0.09320488400408067,fault_total
n1237gat_n1231gat_C,sa0,1,1/8,exact,0.008085663001111243,fault_total
n1238gat_n1232gat_A,sa0,1,1/8,exact,0.00787941300222883,fault_total
n2354gat_n2223gat_A,sa0,1,113925/8388608,exact,0.07929614599561319,fault_total
n1058gat_n1052gat_B,sa0,1,1/8,exact,0.008119153993902728,fault_total
n2720gat_n70gat_B,sa0,1,1/1024,exact,0.005852378002600744,fault_total
n2214gat_n2219gat_B,sa0,1,1575/4194304,exact,0.02243841100425925,fault_total
n2283gat_n1521gat_A,sa0,1,7/65536,exact,0.010644476999004837,fault_total
n1059gat_n1052gat_C,sa0,1,1/8,exact,0.00838083300186554,fault_total
n1058gat_n1054gat_B,sa0,1,1/8,exact,0.007822804000170436,fault_total
n351gat_n345gat_B,sa0,1,1/8,exact,0.008017030006158166,fault_total
n1059gat_n1053gat_C,sa0,1,1/8,exact,0.007654781999008264,fault_total
n1085gat_n1155gat_A,sa0,1,525/1048576,exact,0.019598327999119647,fault_total
n2356gat_n2306gat_A,sa0,1,8925/2097152,exact,0.025731310997798573,fault_total
n266gat_n260gat_B,sa0,1,1/8,exact,0.008035530998313334,fault_total
n177gat_n170gat_A,sa0,1,1/8,exact,0.007828171001165174,fault_total
n175gat_n171gat_B,sa0,1,1/8,exact,0.0077767460024915636,fault_total
n2354gat_n2219gat_A,sa0,1,525/2097152,exact,0.018009170998993795,fault_total
n176gat_n170gat_C,sa0,1,1/8,exact,0.008295690997329075,fault_total
n177gat_n171gat_A,sa0,1,1/8,exact,0.00823614800174255,fault_total
n353gat_n346gat_A,sa0,1,1/8,exact,0.008076200996583793,fault_total
n351gat_n347gat_B,sa0,1,1/8,exact,0.007548060006229207,fault_total
n811gat_n805gat_B,sa0,1,1/8,exact,0.007643015997018665,fault_total
n267gat_n260gat_C,sa0,1,1/8,exact,0.007746770002995618,fault_total
n268gat_n261gat_A,sa0,1,1/8,exact,0.007679932998144068,fault_total
n266gat_n262gat_B,sa0,1,1/8,exact,0.007627931998285931,fault_total
n914gat_n910gat_B,sa0,1,1/8,exact,0.007684240998059977,fault_total
n353gat_n347gat_A,sa0,1,1/8,exact,0.007518524995248299,fault_total
n501gat_n495gat_B,sa0,1,1/8,exact,0.0074424859994906,fault_total
n1616gat_n1555gat_A,sa0,1,7/131072,exact,0.009553719006362371,fault_total
n2486gat_n2430gat_B,sa0,1,1879033849/2199023255552,exact,0.04221063199656783,fault_total
n1991gat_n1521gat_B,sa0,1,7/65536,exact,0.011181992005731445,fault_total
n1192gat_n1186gat_B,sa0,1,1/8,exact,0.0111541770020267,fault_total
n1020gat,sa0,1,1/4,exact,0.00794986999972025,fault_total
n1614gat_n1558gat_A,sa0,1,7/131072,exact,0.009812370000872761,fault_total
n2482gat_n2480gat_B,sa0,1,1879033849/2199023255552,exact,0.0016863019991433248,fault_total
n2443gat_n2293gat_C,sa0,1,26775/4194304,exact,0.02934307100076694,fault_total
n2152gat_n1578gat_A,sa0,1,1/1024,exact,0.00035167000169167295,fault_total
n718gat_n711gat_C,sa0,1,1/8,exact,0.008146316999045666,fault_total
n719gat_n712gat_A,sa0,1,1/8,exact,0.008197484996344429,fault_total
n717gat_n713gat_B,sa0,1,1/8,exact,0.007639588999154512,fault_total
n736gat_n730gat_B,sa0,1,1/8,exact,0.0076519520007423125,fault_total
n503gat_n496gat_A,sa0,1,1/8,exact,0.007543861000158358,fault_total
n2551gat_n2546gat_B,sa0,1,1/8,exact,0.011817566002719104,fault_total
n2193gat_n2149gat_A,sa0,1,4421/131072,exact,0.006557428998348769,fault_total
n1020gat,sa1,1,1/4,exact,0.00782535000325879,fault_total
n1614gat_n1557gat_C,sa0,1,7/131072,exact,0.009723826005938463,fault_total
n2284gat_n2292gat_B,sa0,1,13125/2097152,exact,0.027096961995994207,fault_total
n2443gat_n2357gat_C,sa0,1,4725/2097152,exact,0.01736153599631507,fault_total
n2284gat_n2364gat_B,sa0,1,11025/4194304,exact,0.034117311995942146,fault_total
n718gat_n712gat_C,sa0,1,1/8,exact,0.008147936001478229,fault_total
n719gat_n713gat_A,sa0,1,1/8,exact,0.007780126004945487,fault_total
n503gat_n497gat_A,sa0,1,1/8,exact,0.007947990001412109,fault_total
n1193gat_n1186gat_C,sa0,1,1/8,exact,0.0113921410011244,fault_total
n1194gat_n1187gat_A,sa0,1,1/8,exact,0.01084156700380845,fault_total
n1192gat_n1188gat_B,sa0,1,1/8,exact,0.010990101000061259,fault_total
n3020gat,sa0,1,1/4,exact,0.005192407996219117,fault_total
n2012gat,sa0,1,356361/33554432,exact,0.012934959995618556,fault_total
n3011gat,sa0,1,6305/131072,exact,0.006808427002397366,fault_total
n1616gat_n1556gat_C,sa0,1,7/131072,exact,0.010011917998781428,fault_total
n1446gat_n1619gat_B,sa0,1,3/32,exact,0.014676714999950491,fault_total
n1448gat_n1617gat_B,sa0,1,3067/32768,exact,0.019045043998630717,fault_total
n2284gat_n2293gat_B,sa0,1,40425/8388608,exact,0.03050777800672222,fault_total
n736gat_n732gat_B,sa0,1,1/8,exact,0.007781499996781349,fault_total
n1193gat_n1187gat_C,sa0,1,1/8,exact,0.010627650997776072,fault_total
n1194gat_n1188gat_A,sa0,1,1/8,exact,0.010531593004998285,fault_total
n2551gat_n2548gat_B,sa0,1,1/8,exact,0.011488422002003063,fault_total
n1500gat,sa0,1,3/32,exact,0.018517489996156655,fault_total
n3021gat,sa0,1,1/32,exact,0.005543478997424245,fault_total
n2482gat_n2483gat_B,sa0,1,17/16384,exact,0.0004111079979338683,fault_total
n2574gat_n2571gat_B,sa0,1,1/8,exact,0.011835776997031644,fault_total
n2553gat_n2547gat_B,sa0,1,1/8,exact,0.012516943999798968,fault_total
n3022gat,sa0,1,1/32,exact,0.0057597999984864146,fault_total
n2576gat_n2570gat_B,sa0,1,1/8,exact,0.011805056004959624,fault_total
n3023gat,sa0,1,1/32,exact,0.0154917000036221,fault_total
n2486gat_n2480gat_C,sa0,1,1879033849/2199023255552,exact,0.0016230580004048534,fault_total
n2554gat_n2547gat_C,sa0,1,1/8,exact,0.011567574001674075,fault_total
n2555gat_n2548gat_A,sa0,1,1/8,exact,0.01148519100388512,fault_total
n2553gat_n2549gat_B,sa0,1,1/8,exact,0.011539740997250192,fault_total
n3024gat,sa0,1,1/32,exact,0.015166056000452954,fault_total
n1233gat,sa0,1,1/4,exact,0.007942673997604288,fault_total
n1206gat,sa0,1,1/4,exact,0.010307199001545087,fault_total
n3006gat,sa0,1,975/16384,exact,0.0004853749996982515,fault_total
n1499gat_n1605gat_C,sa0,1,7/131072,exact,0.01001980200089747,fault_total
n1991gat_n1582gat_B,sa0,1,78511/67108864,exact,0.010962172003928572,fault_total
n594gat_n590gat_B,sa0,1,1/8,exact,0.008111502997053321,fault_total
n2577gat_n2570gat_C,sa0,1,1/8,exact,0.012939993997861166,fault_total
n2578gat_n2571gat_A,sa0,1,1/8,exact,0.01179644600051688,fault_total
n2576gat_n2572gat_B,sa0,1,1/8,exact,0.011508401003084145,fault_total
n2554gat_n2548gat_C,sa0,1,1/8,exact,0.01139017399691511,fault_total
n2555gat_n2549gat_A,sa0,1,1/8,exact,0.011683365002681967,fault_total
n2530gat,sa0,1,13153236943/2199023255552,exact,0.04595599099411629,fault_total
n2251gat,sa0,1,4421/16384,exact,0.006059445004211739,fault_total
n2332gat,sa0,1,70541/262144,exact,0.007217440004751552,fault_total
n1018gat,sa0,1,1/4,exact,0.00756851500045741,fault_total
n1233gat,sa1,1,1/4,exact,0.007956638000905514,fault_total
n1234gat,sa0,1,1/4,exact,0.007736081002803985,fault_total
n1206gat,sa1,1,1/4,exact,0.010445375002746005,fault_total
n1207gat,sa0,1,1/4,exact,0.010497683004359715,fault_total
n3025gat,sa0,1,1/32,exact,0.01881161299388623,fault_total
n3006gat,sa1,1,325/16384,exact,0.0004234340012772009,fault_total
n1986gat_n1660gat_B,sa0,1,590925/268435456,exact,0.011886855005286634,fault_total
n1991gat_n1863gat_A,sa0,1,1/512,exact,0.00030775599589105695,fault_total
n483gat_n477gat_B,sa0,1,1/8,exact,0.007857215001422446,fault_total
n596gat_n590gat_A,sa0,1,1/8,exact,0.008288540004286915,fault_total
n784gat_n780gat_A,sa0,1,1/8,exact,0.014857178000966087,fault_total
n2577gat_n2571gat_C,sa0,1,1/8,exact,0.011778806998336222,fault_total
n2578gat_n2572gat_A,sa0,1,1/8,exact,0.012192097994557116,fault_total
n1018gat,sa1,1,1/4,exact,0.008376079000299796,fault_total
n1019gat,sa0,1,1/4,exact,0.007688473000598606,fault_total
n1234gat,sa1,1,1/4,exact,0.01407373300025938,fault_total
n1235gat,sa0,1,1/4,exact,0.007826864995877258,fault_total
n1055gat,sa0,1,1/4,exact,0.0077080400005797856,fault_total
n1190gat,sa0,1,1/4,exact,0.01066089599771658,fault_total
n1207gat,sa1,1,1/4,exact,0.010828464000951499,fault_total
n1208gat,sa0,1,1/4,exact,0.010879071996896528,fault_total
n2414gat,sa0,1,1/4,exact,0.012352468998869881,fault_total
n1442gat,sa0,1,987861/67108864,exact,0.062179673004720826,fault_total
n3026gat,sa0,1,1/32,exact,0.010737260003224947,fault_total
n2018gat,sa0,1,195/4096,exact,0.008176075003575534,fault_total
n2532gat,sa0,1,1/2,exact,9.843199950410053e-05,fault_total
n2486gat_n2483gat_C,sa0,1,17/16384,exact,0.0003798480029217899,fault_total
n694gat_n690gat_B,sa0,1,1/8,exact,0.0077724509974359535,fault_total
n784gat_n781gat_A,sa0,1,1/8,exact,0.01507574300194392,fault_total
n2989gat_n1602gat_C,sa0,1,12003039/134217728,exact,0.019917732999601867,fault_total
n1380gat,sa0,1,1108009441/8589934592,exact,0.06897226499859244,fault_total
n3027gat,sa0,1,1/32,exact,0.01522664399817586,fault_total
n1019gat,sa1,1,1/4,exact,0.008015041996259242,fault_total
n1235gat,sa1,1,1/4,exact,0.007565929998236243,fault_total
n1055gat,sa1,1,1/4,exact,0.0075109430035809055,fault_total
n1056gat,sa0,1,1/4,exact,0.007254118005221244,fault_total
n1190gat,sa1,1,1/4,exact,0.009538048005197197,fault_total
n1191gat,sa0,1,1/4,exact,0.01052965699636843,fault_total
n1208gat,sa1,1,1/4,exact,0.010542896001425106,fault_total
n2414gat,sa1,1,1/4,exact,0.011580229001992848,fault_total
n2415gat,sa0,1,1/4,exact,0.01113263000297593,fault_total
n2550gat,sa0,1,1/4,exact,0.010874662999412976,fault_total
n1442gat,sa1,1,46017/16777216,exact,0.021529537996684667,fault_total
n2532gat,sa1,1,1/2,exact,9.47559965425171e-05,fault_total
n1986gat_n1663gat_A,sa0,1,7/65536,exact,0.009629595995647833,fault_total
n1991gat_n1667gat_A,sa0,1,14787/16777216,exact,0.009936328999174293,fault_total
n484gat_n477gat_C,sa0,1,1/8,exact,0.00708940600452479,fault_total
n483gat_n479gat_B,sa0,1,1/8,exact,0.007207173999631777,fault_total
n785gat_n780gat_B,sa0,1,1/8,exact,0.013572759999078698,fault_total
n1893gat_n1962gat_B,sa0,1,1105/262144,exact,0.0077463500056182966,fault_total
n1380gat,sa1,1,1/16,exact,0.01390293500298867,fault_total
n2533gat,sa0,1,13153236943/2199023255552,exact,0.0014488179949694313,fault_total
n1056gat,sa1,1,1/4,exact,0.007311556000786368,fault_total
n1057gat,sa0,1,1/4,exact,0.007373254993581213,fault_total
n1191gat,sa1,1,1/4,exact,0.009831216004386079,fault_total
n2415gat,sa1,1,1/4,exact,0.010867613003938459,fault_total
n2416gat,sa0,1,1/4,exact,0.01383831300336169,fault_total
n2550gat,sa1,1,1/4,exact,0.010971697003697045,fault_total
n3028gat,sa0,1,1/32,exact,0.013207338000938762,fault_total
n2128gat,sa0,1,7/32768,exact,0.006763694000255782,fault_total
n3019gat,sa0,1,701/16384,exact,0.005825052998261526,fault_total
n1499gat_n1555gat_C,sa0,1,7/131072,exact,0.008661860003485344,fault_total
n1991gat_n1666gat_C,sa0,1,1/1024,exact,0.00028074100555386394,fault_total
n484gat_n478gat_C,sa0,1,1/8,exact,0.00710255499870982,fault_total
n2574gat_n2569gat_B,sa0,1,1/8,exact,0.010667388000001665,fault_total
n1893gat_n1846gat_B,sa0,1,16700821/268435456,exact,0.00973233499826165,fault_total
n1319gat,sa0,1,3/8,exact,0.016246034996584058,fault_total
n1057gat,sa1,1,1/4,exact,0.007310412998776883,fault_total
n2416gat,sa1,1,1/4,exact,0.011093948000052478,fault_total
n2606gat,sa0,1,1/4,exact,0.007818736004992388,fault_total
n2552gat,sa0,1,1/4,exact,0.01104609199683182,fault_total
n1499gat_n1639gat_A,sa0,1,7/131072,exact,0.009226390000549145,fault_total
n786gat_n780gat_C,sa0,1,1/8,exact,0.014771591995668132,fault_total
n785gat_n782gat_B,sa0,1,1/8,exact,0.015036279997730162,fault_total
n2443gat_II4023_A,sa0,1,1/1024,exact,0.0003094630010309629,fault_total
n2661gat,sa0,1,31/32,exact,0.00016248400061158463,fault_total
n1319gat,sa1,1,1/8,exact,0.018318303002160974,fault_total
n2606gat,sa1,1,1/4,exact,0.014637369000411127,fault_total
n2552gat,sa1,1,1/4,exact,0.011723433999577537,fault_total
n1986gat_n1666gat_A,sa0,1,1/1024,exact,0.00027928900090046227,fault_total
n2353gat_II4024_A,sa0,1,1/1024,exact,0.00024554700212320313,fault_total
n787gat_n781gat_B,sa0,1,1/8,exact,0.014710018003825098,fault_total
n2290gat_II4023_B,sa0,1,1/1024,exact,0.00031263499840861186,fault_total
n2661gat,sa1,1,1/32,exact,0.00015418599650729448,fault_total
n1447gat,sa0,1,1103708641/8589934592,exact,0.06369761699897936,fault_total
n2608gat,sa0,1,1/4,exact,0.011588948000280652,fault_total
n1499gat_n1558gat_C,sa0,1,7/131072,exact,0.009647086000768468,fault_total
n594gat_n588gat_B,sa0,1,1/8,exact,0.007619591997354291,fault_total
n1893gat_n1967gat_A,sa0,1,50257/524288,exact,0.009160786001302768,fault_total
n1447gat,sa1,1,1/16,exact,0.014360385997861158,fault_total
n2537gat,sa0,1,119/16384,exact,0.005688896002538968,fault_total
n2573gat,sa0,1,1/4,exact,0.012298421999730635,fault_total
n2608gat,sa1,1,1/4,exact,0.014661468994745519,fault_total
n2609gat,sa0,1,1/4,exact,0.008585248004237656,fault_total
n1986gat_n1667gat_B,sa0,1,63/65536,exact,0.010020743000495713,fault_total
n788gat_n781gat_C,sa0,1,1/8,exact,0.014002900999912526,fault_total
n789gat_n782gat_A,sa0,1,1/8,exact,0.014417234000575263,fault_total
n786gat_n783gat_C,sa0,1,1/8,exact,0.014926512994861696,fault_total
n787gat_n783gat_B,sa0,1,1/8,exact,0.014513970003463328,fault_total
n1956gat_n1959gat_A,sa0,1,0,exact,0.00048273999709635973,fault_total
n2970gat,sa0,1,1/2,exact,0.009496922000835184,fault_total
n1791gat,sa0,1,945/1024,exact,0.0003001020013471134,fault_total
n2573gat,sa1,1,1/4,exact,0.01116035599989118,fault_total
n2609gat,sa1,1,1/4,exact,0.00839970800006995,fault_total
n1935gat,sa0,1,12971641/1073741824,exact,0.01289302299846895,fault_total
n2557gat,sa0,1,1/2,exact,0.00010705699969548732,fault_total
n1986gat_n1865gat_C,sa0,1,3/1024,exact,0.0003801749990088865,fault_total
n595gat_n588gat_C,sa0,1,1/8,exact,0.0075764229986816645,fault_total
n596gat_n589gat_A,sa0,1,1/8,exact,0.007594542003062088,fault_total
n694gat_n688gat_B,sa0,1,1/8,exact,0.007663003998459317,fault_total
n788gat_n782gat_C,sa0,1,1/8,exact,0.015326444998208899,fault_total
n789gat_n783gat_A,sa0,1,1/8,exact,0.014614145999075845,fault_total
n2970gat,sa1,1,1/2,exact,0.001091001002350822,fault_total
n1189gat,sa0,1,1/4,exact,0.010532498999964446,fault_total
n2575gat,sa0,1,1/4,exact,0.011553310003364459,fault_total
n1935gat,sa1,1,123328443/1073741824,exact,0.021743101999163628,fault_total
n2557gat,sa1,1,1/2,exact,0.00010814300185302272,fault_total
n2284gat_II4024_B,sa0,1,1/1024,exact,0.00026720300229499117,fault_total
n595gat_n589gat_C,sa0,1,1/8,exact,0.007883651996962726,fault_total
n2353gat_II1723_B,sa0,1,40419203756309/72057594037927936,exact,0.04807250399608165,fault_total
n1379gat,sa0,1,6139/32768,exact,0.017398478994437028,fault_total
n1189gat,sa1,1,1/4,exact,0.00988537500234088,fault_total
n2575gat,sa1,1,1/4,exact,0.01123170099890558,fault_total
n1586gat,sa0,1,1/1024,exact,0.00024197099992306903,fault_total
n2443gat_II1724_B,sa0,1,40419203756309/72057594037927936,exact,0.04723794599703979,fault_total
n2487gat,sa0,1,1/2,exact,0.00010552199819358066,fault_total
n695gat_n688gat_C,sa0,1,1/8,exact,0.007303905003936961,fault_total
n1379gat,sa1,1,1/16,exact,0.014662702000350691,fault_total
n2487gat,sa1,1,1/2,exact,0.00011091299529653043,fault_total
n695gat_n689gat_C,sa0,1,1/8,exact,0.007332904999202583,fault_total
n1957gat,sa0,1,2082003/8388608,exact,0.009511026000836864,fault_total
n1958gat,sa0,1,237467029/1073741824,exact,0.012085529997420963,fault_total
n2353gat_II1584_A,sa0,1,402651135/2199023255552,exact,0.02504496900655795,fault_total
n1958gat,sa1,1,712204007/1073741824,exact,0.013307697001437191,fault_total
n2860gat_II1277_A,sa0,1,9167239/1073741824,exact,0.0816885199965327,fault_total
n1839gat_II2720_C,sa0,1,318441/16777216,exact,0.017095010000048205,fault_total
n1786gat_II2720_B,sa0,1,318441/16777216,exact,0.016307637000863906,fault_total
n1838gat_II4144_B,sa0,1,1/32,exact,0.00020699400192825124,fault_total
n1784gat_II4145_B,sa0,1,1/32,exact,0.00017006599955493584,fault_total
n2284gat_II1584_B,sa0,1,402651135/2199023255552,exact,0.0325966550008161,fault_total
n1788gat_II2720_A,sa0,1,318441/16777216,exact,0.01558933899650583,fault_total
n1839gat_II2831_A,sa0,1,33/2048,exact,0.00033046899625333026,fault_total
n1784gat_II2832_B,sa0,1,33/2048,exact,0.00020465400302782655,fault_total
n1786gat_II2831_B,sa0,1,33/2048,exact,0.00022513599833473563,fault_total
n1839gat_II3148_A,sa0,1,5/256,exact,0.00021755099442088977,fault_total
n1786gat_II4144_C,sa0,1,1/32,exact,0.000253991995123215,fault_total
n1788gat_II4145_A,sa0,1,1/32,exact,0.00015604100190103054,fault_total
n2863gat_II1277_C,sa0,1,9167239/1073741824,exact,0.06840146600006847,fault_total
n2855gat_II1277_B,sa0,1,9167239/1073741824,exact,0.06852429099672008,fault_total
n1784gat_II2925_A,sa0,1,1/32,exact,0.00926640399848111,fault_total
n1784gat_II2934_A,sa0,1,1/32,exact,0.0095336930025951,fault_total
n1784gat_II3148_C,sa0,1,5/256,exact,0.00024294399918289855,fault_total
n1784gat_II2736_B,sa0,1,16718113/536870912,exact,0.014449727997998707,fault_total
n1786gat_II3149_A,sa0,1,5/256,exact,0.0002468780003255233,fault_total
n1838gat_II3178_A,sa0,1,1/32,exact,0.00021908199414610863,fault_total
n1788gat_II2831_C,sa0,1,33/2048,exact,0.00028055700386175886,fault_total
n1839gat_II2934_B,sa0,1,1/32,exact,0.009374616005516145,fault_total
n1784gat_II3179_B,sa0,1,1/32,exact,0.00023607500042999163,fault_total
n1839gat_II3179_A,sa0,1,1/32,exact,0.0001992879988392815,fault_total
n1788gat_II2735_A,sa0,1,16718113/536870912,exact,0.014419635001104325,fault_total
n1786gat_II2890_B,sa0,1,1/1024,exact,0.00024224099615821615,fault_total
n1788gat_II2890_A,sa0,1,1/1024,exact,0.00021199800539761782,fault_total
n2989gat_II4217_B,sa0,1,1252653/67108864,exact,0.013058310003543738,fault_total
n1788gat_II2934_C,sa0,1,1/32,exact,0.009334720998595003,fault_total
n1788gat_II3178_C,sa0,1,1/32,exact,0.00024734900216571987,fault_total
n1784gat_II2889_A,sa0,1,1/1024,exact,0.00021788100275443867,fault_total
n92gat_n200gat_B,sa0,1,1/1024,exact,0.005119000998092815,fault_total
n1603gat_stem,sa0,1,7/8,exact,0.0017952400012291037,fault_total
n1603gat_stem,sa1,1,1/8,exact,0.0014777530013816431,fault_total
n2724gat_n423gat_A,sa0,1,1/4,exact,0.007719126995652914,fault_total
n2727gat_n360gat_B,sa0,1,3789/524288,exact,0.04085865299566649,fault_total
n2727gat_n362gat_B,sa0,1,1/4,exact,0.007264492996910121,fault_total
n2724gat_n529gat_A,sa0,1,13870613/2147483648,exact,0.01926198099681642,fault_total
n2860gat_n357gat_B,sa0,1,17/8192,exact,0.006107736000558361,fault_total
n2716gat_n745gat_A,sa0,1,1/4,exact,0.0072366750027867965,fault_total
n500gat,sa0,1,1/4,exact,0.007022307996521704,fault_total
n2716gat_n746gat_A,sa0,1,3069/524288,exact,0.019387831998756155,fault_total
n500gat,sa1,1,1/4,exact,0.007621261996973772,fault_total
n2863gat_n564gat_B,sa0,1,32536085/2147483648,exact,0.06232430599629879,fault_total
n350gat,sa0,1,1/4,exact,0.007217551996291149,fault_total
n350gat,sa1,1,1/4,exact,0.0069538530005957,fault_total
n810gat,sa0,1,1/4,exact,0.00695999799791025,fault_total
n2855gat_n564gat_C,sa0,1,32536085/2147483648,exact,0.062193509002099745,fault_total
n172gat,sa0,1,1/4,exact,0.007575668998470064,fault_total
n810gat,sa1,1,1/4,exact,0.006963211999391206,fault_total
n263gat,sa0,1,1/4,exact,0.007124919000489172,fault_total
n172gat,sa1,1,1/4,exact,0.007078362999891397,fault_total
n173gat,sa0,1,1/4,exact,0.007477423998352606,fault_total
n911gat,sa0,1,1/4,exact,0.007190199998149183,fault_total
n740gat,sa0,1,142547209394330474169/295147905179352825856,exact,3.3142886639980134,fault_total
n263gat,sa1,1,1/4,exact,0.008209517996874638,fault_total
n264gat,sa0,1,1/4,exact,0.007681087001401465,fault_total
n480gat,sa0,1,1/4,exact,0.007188153998868074,fault_total
n173gat,sa1,1,1/4,exact,0.007127771001250949,fault_total
n174gat,sa0,1,1/4,exact,0.007214856996142771,fault_total
n911gat,sa1,1,1/4,exact,0.0072367319953627884,fault_total
n912gat,sa0,1,1/4,exact,0.007016091003606562,fault_total
n714gat,sa0,1,1/4,exact,0.006954337004572153,fault_total
n740gat,sa1,1,142547209394330474169/295147905179352825856,exact,0.007432159000018146,fault_total
n264gat,sa1,1,1/4,exact,0.007512730997405015,fault_total
n265gat,sa0,1,1/4,exact,0.007519692000641953,fault_total
n480gat,sa1,1,1/4,exact,0.0070093840040499344,fault_total
n481gat,sa0,1,1/4,exact,0.006865414005005732,fault_total
n174gat,sa1,1,1/4,exact,0.007092770996678155,fault_total
n912gat,sa1,1,1/4,exact,0.007084137003403157,fault_total
n913gat,sa0,1,1/4,exact,0.006862059999548364,fault_total
n373gat,sa0,1,504093/1048576,exact,0.006150697001430672,fault_total
n714gat,sa1,1,1/4,exact,0.007069547995342873,fault_total
n715gat,sa0,1,1/4,exact,0.0072184160017059185,fault_total
n733gat,sa0,1,1/4,exact,0.007134861996746622,fault_total
n265gat,sa1,1,1/4,exact,0.007128772995201871,fault_total
n481gat,sa1,1,1/4,exact,0.007022507998044603,fault_total
n482gat,sa0,1,1/4,exact,0.007253477000631392,fault_total
n913gat,sa1,1,1/4,exact,0.007155162995331921,fault_total
n950gat,sa0,1,1/4,exact,0.007147724994865712,fault_total
n373gat,sa1,1,504093/1048576,exact,0.00046907599607948214,fault_total
n715gat,sa1,1,1/4,exact,0.0072499169982620515,fault_total
n716gat,sa0,1,1/4,exact,0.007185604998085182,fault_total
n733gat,sa1,1,1/4,exact,0.007114494997949805,fault_total
n734gat,sa0,1,1/4,exact,0.007306010003958363,fault_total
n374gat,sa0,1,285091433428664214763/590295810358705651712,exact,1.859750306000933,fault_total
n482gat,sa1,1,1/4,exact,0.007906892002210952,fault_total
n348gat,sa0,1,1/4,exact,0.007003778999205679,fault_total
n950gat,sa1,1,1/4,exact,0.006955996999749914,fault_total
n951gat,sa0,1,1/4,exact,0.007160398999985773,fault_total
n716gat,sa1,1,1/4,exact,0.007493181998142973,fault_total
n734gat,sa1,1,1/4,exact,0.0071062459974200465,fault_total
n735gat,sa0,1,1/4,exact,0.007112999002856668,fault_total
n591gat,sa0,1,1/4,exact,0.00712509399454575,fault_total
n374gat,sa1,1,285091433428664214763/590295810358705651712,exact,0.007682807998207863,fault_total
n348gat,sa1,1,1/4,exact,0.00784512200334575,fault_total
n349gat,sa0,1,1/4,exact,0.007215443998575211,fault_total
n951gat,sa1,1,1/4,exact,0.0073573269983171485,fault_total
n735gat,sa1,1,1/4,exact,0.007312950001505669,fault_total
n808gat,sa0,1,1/4,exact,0.0069763789942953736,fault_total
n591gat,sa1,1,1/4,exact,0.007277959004568402,fault_total
n592gat,sa0,1,1/4,exact,0.007084766999469139,fault_total
n691gat,sa0,1,1/4,exact,0.007233119002194144,fault_total
n638gat,sa0,1,1/4,exact,0.006737318995874375,fault_total
n349gat,sa1,1,1/4,exact,0.007267787994351238,fault_total
n808gat,sa1,1,1/4,exact,0.0070521290035685524,fault_total
n809gat,sa0,1,1/4,exact,0.007070872998156119,fault_total
n592gat,sa1,1,1/4,exact,0.007243579995702021,fault_total
n593gat,sa0,1,1/4,exact,0.00700983500428265,fault_total
n691gat,sa1,1,1/4,exact,0.007299580000108108,fault_total
n692gat,sa0,1,1/4,exact,0.00698262299556518,fault_total
n809gat,sa1,1,1/4,exact,0.006931677999091335,fault_total
n593gat,sa1,1,1/4,exact,0.007340178002777975,fault_total
n692gat,sa1,1,1/4,exact,0.006999706994974986,fault_total
n693gat,sa0,1,1/4,exact,0.007341847005591262,fault_total
n297gat,sa0,1,4186631/1073741824,exact,0.014385451999260113,fault_total
n856gat,sa0,1,504093/1048576,exact,0.0005419379958766513,fault_total
n693gat,sa1,1,1/4,exact,0.007098397996742278,fault_total
n297gat,sa1,1,4186631/1073741824,exact,0.0011831860028905794,fault_total
n856gat,sa1,1,504093/1048576,exact,0.0007907289982540533,fault_total
n498gat,sa0,1,1/4,exact,0.007604392005305272,fault_total
n949gat,sa0,1,1/4,exact,0.0073891610009013675,fault_total
n498gat,sa1,1,1/4,exact,0.007056102003843989,fault_total
n499gat,sa0,1,1/4,exact,0.007325376005610451,fault_total
n949gat,sa1,1,1/4,exact,0.007362319003732409,fault_total
n499gat,sa1,1,1/4,exact,0.007114285006537102,fault_total
n1210gat_n1203gat_C,sa0,1,1/8,exact,0.009861103993898723,fault_total
n1211gat_n1204gat_A,sa0,1,1/8,exact,0.010006987002270762,fault_total
n1210gat_n1204gat_C,sa0,1,1/8,exact,0.009655012996518053,fault_total
n1211gat_n1205gat_A,sa0,1,1/8,exact,0.009828613998251967,fault_total
n1022gat_n1015gat_C,sa0,1,1/8,exact,0.007133727995096706,fault_total
n1023gat_n1016gat_A,sa0,1,1/8,exact,0.00700753899582196,fault_total
n1022gat_n1016gat_C,sa0,1,1/8,exact,0.007283084996743128,fault_total
n1023gat_n1017gat_A,sa0,1,1/8,exact,0.007126577002054546,fault_total
n230gat_n223gat_C,sa0,1,1/8,exact,0.014322615003038663,fault_total
n231gat_n224gat_A,sa0,1,1/8,exact,0.01362293499551015,fault_total
n2217gat_n2220gat_B,sa0,1,58275/2097152,exact,0.19319174199335976,fault_total
n2290gat_n2220gat_A,sa0,1,154875/8388608,exact,0.05142952599999262,fault_total
n1209gat_n1203gat_B,sa0,1,1/8,exact,0.009940987001755275,fault_total
n230gat_n224gat_C,sa0,1,1/8,exact,0.013572423995356075,fault_total
n231gat_n225gat_A,sa0,1,1/8,exact,0.013691707004909404,fault_total
n2152gat_n1801gat_A,sa0,1,7/32768,exact,0.010232164997432847,fault_total
n226gat_n222gat_A,sa0,1,1/8,exact,0.013464595998812001,fault_total
n1209gat_n1205gat_B,sa0,1,1/8,exact,0.010040524000942241,fault_total
n226gat_n223gat_A,sa0,1,1/8,exact,0.013737863002461381,fault_total
n2193gat_n2211gat_A,sa0,1,4421/65536,exact,0.006428640001104213,fault_total
n2217gat_n2223gat_B,sa0,1,100275/4194304,exact,0.059678377998352516,fault_total
n2212gat_n1660gat_C,sa0,1,590925/268435456,exact,0.010767839004984125,fault_total
n227gat_n222gat_B,sa0,1,1/8,exact,0.013715740999032278,fault_total
n2212gat_n1734gat_B,sa0,1,7/8192,exact,0.008758953001233749,fault_total
n2417gat_n2411gat_B,sa0,1,1/8,exact,0.013997430003655609,fault_total
n2185gat_n2130gat_B,sa0,1,4421/65536,exact,0.005860889003088232,fault_total
n92gat_n22gat_A,sa0,1,2089479/2147483648,exact,0.012297298002522439,fault_total
n1614gat_n1605gat_A,sa0,1,7/131072,exact,0.009068130006198771,fault_total
n1448gat_n1501gat_A,sa0,1,3/32,exact,0.021594771998934448,fault_total
n228gat_n222gat_C,sa0,1,1/8,exact,0.01999723799963249,fault_total
n227gat_n224gat_B,sa0,1,1/8,exact,0.0144326869994984,fault_total
n1446gat_n1620gat_B,sa0,1,3/16,exact,0.00020816799951717257,fault_total
n2212gat_n1582gat_C,sa0,1,78511/67108864,exact,0.009923129000526387,fault_total
n2212gat_n1737gat_A,sa0,1,7/32768,exact,0.010025868003140204,fault_total
n229gat_n223gat_B,sa0,1,1/8,exact,0.013789969998470042,fault_total
n2418gat_n2411gat_C,sa0,1,1/8,exact,0.011142123999889009,fault_total
n2419gat_n2412gat_A,sa0,1,1/8,exact,0.01368404700042447,fault_total
n2417gat_n2413gat_B,sa0,1,1/8,exact,0.010814663000928704,fault_total
n1448gat_n1620gat_A,sa0,1,3/16,exact,0.00018136199651053175,fault_total
n2418gat_n2412gat_C,sa0,1,1/8,exact,0.011416562003432773,fault_total
n2419gat_n2413gat_A,sa0,1,1/8,exact,0.011275972006842494,fault_total
n1616gat_n1605gat_B,sa0,1,7/131072,exact,0.009239592996891588,fault_total
n1446gat_n1622gat_B,sa0,1,3/32,exact,0.013812634999339934,fault_total
n2290gat_n2218gat_B,sa0,1,7875/2097152,exact,0.03881144300248707,fault_total
n2353gat_n2363gat_A,sa0,1,13125/2097152,exact,0.019221823000407312,fault_total
n2353gat_n2291gat_A,sa0,1,13125/2097152,exact,0.025656794001406524,fault_total
n2212gat_n1666gat_B,sa0,1,1/1024,exact,0.00027348999719833955,fault_total
n2216gat_n1860gat_B,sa0,1,1/512,exact,0.00026649599749362096,fault_total
n228gat_n225gat_C,sa0,1,1/8,exact,0.01391779300320195,fault_total
n229gat_n225gat_B,sa0,1,1/8,exact,0.014149451999401208,fault_total
n1616gat_n1642gat_B,sa0,1,7/131072,exact,0.008792406995780766,fault_total
n1446gat_n1623gat_B,sa0,1,3/32,exact,0.013540270003431942,fault_total
n2443gat_n2292gat_A,sa0,1,8925/2097152,exact,0.02351340700261062,fault_total
n2284gat_n2306gat_B,sa0,1,13125/2097152,exact,0.020710429998871405,fault_total
n2353gat_n2364gat_A,sa0,1,11025/4194304,exact,0.025383918997249566,fault_total
n2216gat_n1861gat_B,sa0,1,3/1024,exact,0.00038945500273257494,fault_total
n352gat_n345gat_C,sa0,1,1/8,exact,0.006963893996726256,fault_total
n1614gat_n1556gat_A,sa0,1,7/131072,exact,0.008756148999964353,fault_total
n2353gat_n2293gat_A,sa0,1,40425/8388608,exact,0.031933816004311666,fault_total
n2443gat_n2291gat_C,sa0,1,8925/2097152,exact,0.024445838003885,fault_total
n2152gat_n1737gat_B,sa0,1,41667/268435456,exact,0.010883736002142541,fault_total
n352gat_n346gat_C,sa0,1,1/8,exact,0.00717713100311812,fault_total
n717gat_n711gat_B,sa0,1,1/8,exact,0.006893487996421754,fault_total
n1319gat_n1618gat_A,sa0,1,3/32,exact,0.006716720999975223,fault_total
n374gat_n516gat_A,sa0,1,0,exact,0.012869003003288526,fault_total
n740gat_n356gat_B,sa0,1,1572745171/8589934592,exact,0.2545808590002707,fault_total
n172gat_n169gat_A,sa0,1,1/8,exact,0.00755075099732494,fault_total
n348gat_n344gat_A,sa0,1,1/8,exact,0.007266585002071224,fault_total
n734gat_n731gat_B,sa0,1,1/8,exact,0.007445176997862291,fault_total
n810gat_n807gat_C,sa0,1,1/8,exact,0.007095325003319886,fault_total
n2550gat_n2547gat_A,sa0,1,1/8,exact,0.011002019004081376,fault_total
n740gat_n853gat_A,sa0,1,2061236277/4294967296,exact,0.022186945003340952,fault_total
n374gat_n418gat_A,sa0,1,4194099/536870912,exact,0.035692086996277794,fault_total
n263gat_n259gat_A,sa0,1,1/8,exact,0.0076435220034909435,fault_total
n173gat_n168gat_B,sa0,1,1/8,exact,0.006968959998630453,fault_total
n911gat_n907gat_A,sa0,1,1/8,exact,0.0072814849991118535,fault_total
n348gat_n345gat_A,sa0,1,1/8,exact,0.006934529003046919,fault_total
n856gat_n440gat_A,sa0,1,3/16,exact,0.00018812900088960305,fault_total
n716gat_n713gat_C,sa0,1,1/8,exact,0.0073038809932768345,fault_total
n500gat_n497gat_C,sa0,1,1/8,exact,0.007148998003685847,fault_total
n2573gat_n2570gat_A,sa0,1,1/8,exact,0.011430361999373417,fault_total
n2608gat_n2605gat_C,sa0,1,1/8,exact,0.010792574001243338,fault_total
n2609gat_n2605gat_B,sa0,1,1/8,exact,0.008017485997697804,fault_total
n1379gat_n1623gat_A,sa0,1,3/32,exact,0.01888787000643788,fault_total
n911gat_n908gat_A,sa0,1,1/8,exact,0.00742015599826118,fault_total
n349gat_n344gat_B,sa0,1,1/8,exact,0.007385050994344056,fault_total
n856gat_n441gat_A,sa0,1,3/16,exact,0.00020390900317579508,fault_total
n808gat_n804gat_A,sa0,1,1/8,exact,0.007131719998142216,fault_total
n1191gat_n1188gat_C,sa0,1,1/8,exact,0.010089193005114794,fault_total
n1220gat,sa0,1,1/4,exact,0.007660705996386241,fault_total
n1447gat_n1618gat_B,sa0,1,3/32,exact,0.006485525002062786,fault_total
n1447gat_n1619gat_A,sa0,1,298402273/8589934592,exact,0.06295512799988501,fault_total
n264gat_n259gat_B,sa0,1,1/8,exact,0.00754042700282298,fault_total
n480gat_n476gat_A,sa0,1,1/8,exact,0.007063081000524107,fault_total
n174gat_n168gat_C,sa0,1,1/8,exact,0.0072412180015817285,fault_total
n912gat_n907gat_B,sa0,1,1/8,exact,0.0073415829974692315,fault_total
n735gat_n732gat_C,sa0,1,1/8,exact,0.007498375001887325,fault_total
n808gat_n805gat_A,sa0,1,1/8,exact,0.007391467006527819,fault_total
n2552gat_n2546gat_C,sa0,1,1/8,exact,0.010805297002661973,fault_total
n1220gat,sa1,1,1/4,exact,0.007502879998355638,fault_total
n2130gat,sa0,1,13263/65536,exact,0.0059326039990992285,fault_total
n2211gat,sa0,1,13263/65536,exact,0.006525030999910086,fault_total
n1379gat_n1624gat_B,sa0,1,3067/32768,exact,0.01812772099947324,fault_total
n856gat_n442gat_B,sa0,1,3/16,exact,0.0002019500025198795,fault_total
n480gat_n477gat_A,sa0,1,1/8,exact,0.007246367997140624,fault_total
n349gat_n346gat_B,sa0,1,1/8,exact,0.00721905999671435,fault_total
n809gat_n804gat_B,sa0,1,1/8,exact,0.00715587900049286,fault_total
n1189gat_n1185gat_A,sa0,1,1/8,exact,0.01014246300474042,fault_total
n374gat_n519gat_B,sa0,1,0,exact,0.009636763003072701,fault_total
n2131gat,sa0,1,13263/65536,exact,0.0058551239999360405,fault_total
n373gat_n648gat_A,sa0,1,3/16,exact,0.00019104699458694085,fault_total
n265gat_n259gat_C,sa0,1,1/8,exact,0.007267240995133761,fault_total
n481gat_n476gat_B,sa0,1,1/8,exact,0.007173312995291781,fault_total
n913gat_n907gat_C,sa0,1,1/8,exact,0.006920977997651789,fault_total
n912gat_n909gat_B,sa0,1,1/8,exact,0.0076107749991933815,fault_total
n373gat_n647gat_B,sa0,1,3/16,exact,0.00018859900592360646,fault_total
n733gat_n729gat_A,sa0,1,1/8,exact,0.007113904997822829,fault_total
n1189gat_n1186gat_A,sa0,1,1/8,exact,0.009865980995527934,fault_total
n374gat_n564gat_D,sa0,1,32536085/2147483648,exact,0.06728145999659318,fault_total
n1935gat_n1934gat_B,sa0,1,45/4096,exact,0.00558420399465831,fault_total
n374gat_n854gat_B,sa0,1,2061236277/4294967296,exact,0.0008722479979041964,fault_total
n809gat_n806gat_B,sa0,1,1/8,exact,0.007858519005822018,fault_total
n2552gat_n2549gat_C,sa0,1,1/8,exact,0.011061064004024956,fault_total
n1958gat_n2055gat_B,sa0,1,50257/524288,exact,0.008081250001851004,fault_total
n1620gat,sa0,1,1/16,exact,0.00017652699898462743,fault_total
n2151gat,sa0,1,105779/262144,exact,0.009601409998140298,fault_total
n1602gat,sa0,1,11067/131072,exact,0.009797361999517307,fault_total
n482gat_n476gat_C,sa0,1,1/8,exact,0.007279213001311291,fault_total
n481gat_n478gat_B,sa0,1,1/8,exact,0.006965833003050648,fault_total
n950gat_n945gat_B,sa0,1,1/8,exact,0.00751948899414856,fault_total
n734gat_n729gat_B,sa0,1,1/8,exact,0.007308396001462825,fault_total
n593gat_n590gat_C,sa0,1,1/8,exact,0.007642235999810509,fault_total
n2575gat_n2572gat_C,sa0,1,1/8,exact,0.011064922000514343,fault_total
n1603gat,sa0,1,7/8,exact,0.0001515059993835166,fault_total
n1620gat,sa1,1,15/16,exact,0.00014969399489928037,fault_total
n2151gat,sa1,1,4421/32768,exact,0.008320622000610456,fault_total
n1602gat,sa1,1,18948831/33554432,exact,0.04442462399310898,fault_total
n373gat_n768gat_A,sa0,1,3/16,exact,0.00021896699763601646,fault_total
n1603gat,sa1,1,1/8,exact,0.00018940700101666152,fault_total
n297gat_n196gat_A,sa0,1,1/512,exact,0.005010897002648562,fault_total
n1523gat,sa0,1,525/524288,exact,0.029803974997776095,fault_total
n856gat_n655gat_A,sa0,1,3/16,exact,0.00020110500190639868,fault_total
n951gat_n945gat_C,sa0,1,1/8,exact,0.0072311559997615404,fault_total
n950gat_n947gat_B,sa0,1,1/8,exact,0.0069030489976285025,fault_total
n373gat_n967gat_A,sa0,1,3/16,exact,0.00019057000463362783,fault_total
n856gat_n439gat_A,sa0,1,3/16,exact,0.0001654640000197105,fault_total
n373gat_n966gat_B,sa0,1,3/16,exact,0.00017560699780005962,fault_total
n856gat_n790gat_A,sa0,1,3/16,exact,0.00016072600556071848,fault_total
n735gat_n729gat_C,sa0,1,1/8,exact,0.007079178998537827,fault_total
n591gat_n587gat_A,sa0,1,1/8,exact,0.0070191909981076606,fault_total
n693gat_n690gat_C,sa0,1,1/8,exact,0.006920971994986758,fault_total
n2573gat_n2569gat_A,sa0,1,1/8,exact,0.010670143004972488,fault_total
n1218gat,sa0,1,1/4,exact,0.007295620998775121,fault_total
n3018gat,sa0,1,728341/134217728,exact,0.017885146000480745,fault_total
n482gat_n479gat_C,sa0,1,1/8,exact,0.0070500729998457246,fault_total
n373gat_n868gat_B,sa0,1,3/16,exact,0.00018761899991659448,fault_total
n856gat_n962gat_A,sa0,1,3/16,exact,0.0001500850048614666,fault_total
n373gat_n959gat_A,sa0,1,3/16,exact,0.00014063200069358572,fault_total
n591gat_n588gat_A,sa0,1,1/8,exact,0.0071913060019141994,fault_total
n297gat_n197gat_B,sa0,1,2089479/1073741824,exact,0.01355387999501545,fault_total
n1218gat,sa1,1,1/4,exact,0.007574071998533327,fault_total
n1219gat,sa0,1,1/4,exact,0.007440078996296506,fault_total
n1935gat_n1759gat_B,sa0,1,40123/33554432,exact,0.010079733001475688,fault_total
n856gat_n963gat_A,sa0,1,3/16,exact,0.00018360299873165786,fault_total
n592gat_n587gat_B,sa0,1,1/8,exact,0.007189128999016248,fault_total
n691gat_n687gat_A,sa0,1,1/8,exact,0.006975525000598282,fault_total
n1553gat,sa0,1,21/32768,exact,0.01024840400350513,fault_total
n1742gat,sa0,1,7/8192,exact,0.008622863999335095,fault_total
n1219gat,sa1,1,1/4,exact,0.007582423000712879,fault_total
n951gat_n948gat_C,sa0,1,1/8,exact,0.007142834998376202,fault_total
n856gat_n792gat_B,sa0,1,3/16,exact,0.00020715199934784323,fault_total
n498gat_n494gat_A,sa0,1,1/8,exact,0.0069555919981212355,fault_total
n691gat_n688gat_A,sa0,1,1/8,exact,0.0070321259991033,fault_total
n1553gat,sa1,1,7/32768,exact,0.009971088002203032,fault_total
n2256gat,sa0,1,4421/16384,exact,0.00032196899701375514,fault_total
n2058gat,sa0,1,4421/32768,exact,0.005717059000744484,fault_total
n2571gat,sa0,1,1/8,exact,0.011056656003347598,fault_total
n498gat_n495gat_A,sa0,1,1/8,exact,0.007307227999262977,fault_total
n593gat_n587gat_C,sa0,1,1/8,exact,0.006985938998695929,fault_total
n592gat_n589gat_B,sa0,1,1/8,exact,0.007400367998343427,fault_total
n692gat_n687gat_B,sa0,1,1/8,exact,0.007984962001501117,fault_total
n2575gat_n2569gat_C,sa0,1,1/8,exact,0.01124139099556487,fault_total
n1958gat_n1847gat_A,sa0,1,16700821/268435456,exact,0.008846140997775365,fault_total
n1645gat,sa0,1,21/32768,exact,0.01069918999564834,fault_total
n2058gat,sa1,1,105779/262144,exact,0.005954512998869177,fault_total
n2149gat,sa0,1,13263/131072,exact,0.0061436840042006224,fault_total
n2239gat,sa0,1,2103/16384,exact,0.004988255997886881,fault_total
n949gat_n945gat_A,sa0,1,1/8,exact,0.007269283996720333,fault_total
n499gat_n494gat_B,sa0,1,1/8,exact,0.0074322780055808835,fault_total
n1645gat,sa1,1,7/32768,exact,0.010510444997635204,fault_total
n2239gat,sa1,1,3505/16384,exact,0.0004269519995432347,fault_total
n1673gat,sa0,1,3/8,exact,0.0030356429997482337,fault_total
n949gat_n946gat_A,sa0,1,1/8,exact,0.007436781001160853,fault_total
n693gat_n687gat_C,sa0,1,1/8,exact,0.007380615999863949,fault_total
n692gat_n689gat_B,sa0,1,1/8,exact,0.007044312995276414,fault_total
n2259gat,sa0,1,35303/131072,exact,0.006552341001224704,fault_total
n2187gat,sa0,1,4421/32768,exact,0.0003953159975935705,fault_total
n1962gat,sa0,1,325/32768,exact,0.005377171000873204,fault_total
n1673gat,sa1,1,5/8,exact,0.00264564499957487,fault_total
n1584gat,sa0,1,51425349819877/281474976710656,exact,0.42704181899898686,fault_total
n499gat_n496gat_B,sa0,1,1/8,exact,0.007793115000822581,fault_total
n2359gat,sa0,1,145425/8388608,exact,0.12045112100167898,fault_total
n2187gat,sa1,1,13263/32768,exact,0.005128655997395981,fault_total
n2548gat,sa0,1,1/8,exact,0.017553641999256797,fault_total
n1846gat,sa0,1,4175449/67108864,exact,0.008814302003884222,fault_total
n1584gat,sa1,1,34531141215997/70368744177664,exact,0.18372949100012193,fault_total
n1559gat,sa0,1,21/32768,exact,0.011855678996653296,fault_total
n2359gat,sa1,1,4725/1048576,exact,0.01739164000173332,fault_total
n1568gat,sa0,1,21/65536,exact,0.009537316997011658,fault_total
n1658gat,sa0,1,7/16384,exact,0.010956758000247646,fault_total
n1955gat,sa0,1,975/32768,exact,0.005351501000404824,fault_total
n1559gat,sa1,1,7/32768,exact,0.010091349999129307,fault_total
n1568gat,sa1,1,7/65536,exact,0.009428040000784677,fault_total
n1658gat,sa1,1,7/16384,exact,0.011315336996631231,fault_total
n1959gat,sa0,1,0,exact,0.00573381799767958,fault_total
n1603gat_stem_n1250gat_A,sa0,1,441/262144,exact,0.016454420998343267,fault_total
n1603gat_stem_n1161gat_B,sa0,1,441/262144,exact,0.016588179998507258,fault_total
II4023,sa0,1,7/1024,exact,0.00028568100242409855,fault_total
n1603gat_stem_n1163gat_B,sa0,1,441/262144,exact,0.014793913003813941,fault_total
II2720,sa0,1,2229087/16777216,exact,0.019949581001128536,fault_total
n1603gat_stem_n1291gat_A,sa0,1,441/262144,exact,0.0158461479950347,fault_total
II1723,sa0,1,250441637598015/72057594037927936,exact,0.053860719002841506,fault_total
II4144,sa0,1,7/32,exact,0.00022707099560648203,fault_total
II2831,sa0,1,231/2048,exact,0.005360556002415251,fault_total
n1603gat_stem_n1249gat_B,sa0,1,441/262144,exact,0.01623012500203913,fault_total
II3148,sa0,1,35/256,exact,0.0002605539993965067,fault_total
II1277,sa0,1,64170673/1073741824,exact,0.08194279400049709,fault_total
II2735,sa0,1,117026791/536870912,exact,0.016300991002935916,fault_total
II1584,sa0,1,2818557945/2199023255552,exact,0.03559498500544578,fault_total
II2925,sa0,1,7/32,exact,0.00946377900254447,fault_total
II2934,sa0,1,7/32,exact,0.009213944998919033,fault_total
II3178,sa0,1,7/32,exact,0.005439816995931324,fault_total
II2889,sa0,1,7/1024,exact,0.0002564050009823404,fault_total
n1606gat_stem,sa0,1,1/4,exact,0.000203575000341516,fault_total
n1606gat_stem,sa1,1,3/4,exact,0.0001777479992597364,fault_total
n222gat,sa0,1,1/8,exact,0.01357025600009365,fault_total
n223gat,sa0,1,1/8,exact,0.014176623000821564,fault_total
n224gat,sa0,1,1/8,exact,0.013030219997745007,fault_total
n423gat,sa0,1,1/4,exact,0.00692604600044433,fault_total
n225gat,sa0,1,1/8,exact,0.013569877002737485,fault_total
n362gat,sa0,1,1/4,exact,0.006773370994778816,fault_total
n293gat,sa0,1,37679679/2147483648,exact,0.015443730000697542,fault_total
n293gat,sa1,1,12559893/2147483648,exact,0.012430663999111857,fault_total
n780gat,sa0,1,1/8,exact,0.013381081000261474,fault_total
n745gat,sa0,1,1/4,exact,0.00678397999581648,fault_total
n781gat,sa0,1,1/8,exact,0.013363582002057228,fault_total
n296gat,sa0,1,279/32768,exact,0.01753263999853516,fault_total
n782gat,sa0,1,1/8,exact,0.01343276700208662,fault_total
n783gat,sa0,1,1/8,exact,0.013215086997661274,fault_total
n740gat_II1278_A,sa0,1,9167239/1073741824,exact,0.0774897930023144,fault_total
n1020gat_n1014gat_C,sa0,1,1/8,exact,0.007240576000185683,fault_total
n1020gat_n1017gat_C,sa0,1,1/8,exact,0.007051280001178384,fault_total
n1206gat_n1202gat_A,sa0,1,1/8,exact,0.00998766599514056,fault_total
n1233gat_n1230gat_A,sa0,1,1/8,exact,0.007257468998432159,fault_total
n1206gat_n1203gat_A,sa0,1,1/8,exact,0.009892497000691947,fault_total
n1018gat_n1014gat_A,sa0,1,1/8,exact,0.0073260170029243454,fault_total
n1207gat_n1202gat_B,sa0,1,1/8,exact,0.010196360999543685,fault_total
n1018gat_n1015gat_A,sa0,1,1/8,exact,0.007369124999968335,fault_total
n1019gat_n1014gat_B,sa0,1,1/8,exact,0.0070110300002852455,fault_total
n1234gat_n1231gat_B,sa0,1,1/8,exact,0.007210669995401986,fault_total
n1055gat_n1051gat_A,sa0,1,1/8,exact,0.00710984999750508,fault_total
n1208gat_n1202gat_C,sa0,1,1/8,exact,0.009699472997453995,fault_total
n1207gat_n1204gat_B,sa0,1,1/8,exact,0.009951770000043325,fault_total
n2414gat_n2410gat_A,sa0,1,1/8,exact,0.01397354000073392,fault_total
n1442gat_n1321gat_A,sa0,1,441/262144,exact,0.02237777200207347,fault_total
n1055gat_n1052gat_A,sa0,1,1/8,exact,0.007258083998749498,fault_total
n2414gat_n2411gat_A,sa0,1,1/8,exact,0.0110840239940444,fault_total
n1019gat_n1016gat_B,sa0,1,1/8,exact,0.007245551001688,fault_total
n1056gat_n1051gat_B,sa0,1,1/8,exact,0.007070364001265261,fault_total
n2415gat_n2410gat_B,sa0,1,1/8,exact,0.014175138996506575,fault_total
n1235gat_n1232gat_C,sa0,1,1/8,exact,0.007098109999787994,fault_total
n1208gat_n1205gat_C,sa0,1,1/8,exact,0.01006718600547174,fault_total
n1603gat_stem_n887gat_A,sa0,1,441/262144,exact,0.014119940002274234,fault_total
n1603gat_n1162gat_B,sa0,1,441/262144,exact,0.01575594699534122,fault_total
n1057gat_n1051gat_C,sa0,1,1/8,exact,0.007110298996849451,fault_total
n1056gat_n1053gat_B,sa0,1,1/8,exact,0.007124019997718278,fault_total
n2416gat_n2410gat_C,sa0,1,1/8,exact,0.011194957005500328,fault_total
n2415gat_n2412gat_B,sa0,1,1/8,exact,0.011127238998597022,fault_total
n1603gat_stem_n996gat_A,sa0,1,441/262144,exact,0.015974030997313093,fault_total
n1380gat_n1621gat_B,sa0,1,3/32,exact,0.006699817000480834,fault_total
n1380gat_n1622gat_A,sa0,1,302703073/8589934592,exact,0.06447405599465128,fault_total
n740gat_n521gat_A,sa0,1,767/65536,exact,0.030107940998277627,fault_total
n263gat_n260gat_A,sa0,1,1/8,exact,0.007830089998606127,fault_total
n1233gat_n1229gat_A,sa0,1,1/8,exact,0.007245591994433198,fault_total
n1442gat_n1443gat_A,sa0,1,441/262144,exact,0.016348502002074383,fault_total
n1319gat_n1621gat_A,sa0,1,3/32,exact,0.0062507550028385594,fault_total
n374gat_n411gat_A,sa0,1,527621673/2147483648,exact,0.23683191999589326,fault_total
n173gat_n170gat_B,sa0,1,1/8,exact,0.007326489001570735,fault_total
n714gat_n710gat_A,sa0,1,1/8,exact,0.00717996899766149,fault_total
n2606gat_n2602gat_A,sa0,1,1/8,exact,0.007980449001479428,fault_total
n740gat_n531gat_A,sa0,1,0,exact,0.01145055999950273,fault_total
n740gat_n530gat_B,sa0,1,0,exact,0.01119686099991668,fault_total
n350gat_n344gat_C,sa0,1,1/8,exact,0.0072642040031496435,fault_total
n1234gat_n1229gat_B,sa0,1,1/8,exact,0.006993896997300908,fault_total
n1057gat_n1054gat_C,sa0,1,1/8,exact,0.007484800000383984,fault_total
n714gat_n711gat_A,sa0,1,1/8,exact,0.00718142899859231,fault_total
n2416gat_n2413gat_C,sa0,1,1/8,exact,0.011393287000828423,fault_total
n2606gat_n2603gat_A,sa0,1,1/8,exact,0.008003798000572715,fault_total
n374gat_n520gat_A,sa0,1,0,exact,0.009130878999712877,fault_total
n740gat_n415gat_B,sa0,1,1572699237/8589934592,exact,0.2031149859976722,fault_total
n264gat_n261gat_B,sa0,1,1/8,exact,0.007851591995859053,fault_total
n715gat_n710gat_B,sa0,1,1/8,exact,0.007092177002050448,fault_total
n1442gat_n1373gat_B,sa0,1,441/262144,exact,0.01602284100226825,fault_total
n1319gat_n1624gat_A,sa0,1,3/32,exact,0.0145662729992182,fault_total
n374gat_n522gat_A,sa0,1,2047/8192,exact,0.022724960996129084,fault_total
n174gat_n171gat_C,sa0,1,1/8,exact,0.007341903001361061,fault_total
n1235gat_n1229gat_C,sa0,1,1/8,exact,0.007163681002566591,fault_total
n733gat_n730gat_A,sa0,1,1/8,exact,0.007178194995503873,fault_total
n810gat_n804gat_C,sa0,1,1/8,exact,0.007022370002232492,fault_total
n1190gat_n1185gat_B,sa0,1,1/8,exact,0.00969524399988586,fault_total
n3006gat_n2249gat_B,sa0,1,975/32768,exact,0.005213759002799634,fault_total
n350gat_n347gat_C,sa0,1,1/8,exact,0.007141398004023358,fault_total
n716gat_n710gat_C,sa0,1,1/8,exact,0.00755097100045532,fault_total
n715gat_n712gat_B,sa0,1,1/8,exact,0.012785304003045894,fault_total
n500gat_n494gat_C,sa0,1,1/8,exact,0.007607790001202375,fault_total
n2608gat_n2602gat_C,sa0,1,1/8,exact,0.010765106999315321,fault_total
n1319gat_n1617gat_A,sa0,1,3/32,exact,0.016051263999543153,fault_total
n265gat_n262gat_C,sa0,1,1/8,exact,0.007410090998746455,fault_total
n172gat_n168gat_A,sa0,1,1/8,exact,0.007091246996424161,fault_total
n913gat_n910gat_C,sa0,1,1/8,exact,0.0071449809984187596,fault_total
n373gat_n443gat_B,sa0,1,3/16,exact,0.00018778800586005673,fault_total
n373gat_n444gat_A,sa0,1,3/16,exact,0.00017353200382785872,fault_total
n1191gat_n1185gat_C,sa0,1,1/8,exact,0.009790056996280327,fault_total
n1190gat_n1187gat_B,sa0,1,1/8,exact,0.009624418999010231,fault_total
n2609gat_n2603gat_B,sa0,1,1/8,exact,0.0084028089986532,fault_total
n2550gat_n2546gat_A,sa0,1,1/8,exact,0.010484514998097438,fault_total
n1442gat_n1368gat_A,sa0,1,441/262144,exact,0.016586365003604442,fault_total
n740gat_n526gat_B,sa0,1,0,exact,0.011485264003567863,fault_total
n1645gat_n1642gat_C,sa0,1,7/131072,exact,0.009209284005919471,fault_total
n2359gat_n1415gat_B,sa0,1,3675/2097152,exact,0.04811816499568522,fault_total
n1673gat_n1921gat_B,sa0,1,549577/536870912,exact,0.01146382399747381,fault_total
n1673gat_n1733gat_A,sa0,1,78511/67108864,exact,0.009745275994646363,fault_total
n2011gat,sa0,1,296625/8388608,exact,0.14699401600228157,fault_total
n2002gat,sa0,1,356361/33554432,exact,0.01289513200026704,fault_total
n1553gat_n1557gat_A,sa0,1,7/131072,exact,0.009274677002395038,fault_total
n1658gat_n1731gat_A,sa0,1,7/131072,exact,0.009332159999758005,fault_total
n2011gat,sa1,1,8925/1048576,exact,0.018123945999832358,fault_total
n1202gat,sa0,1,1/8,exact,0.010046848001366016,fault_total
n1559gat_n1642gat_A,sa0,1,7/131072,exact,0.008880481997039169,fault_total
n1410gat,sa0,1,145425/8388608,exact,0.09585641999728978,fault_total
n1221gat,sa0,1,1/4,exact,0.0074827339994953945,fault_total
n1014gat,sa0,1,1/8,exact,0.0068085989987594076,fault_total
n1230gat,sa0,1,1/8,exact,0.0069257980067050084,fault_total
n1203gat,sa0,1,1/8,exact,0.01012487399566453,fault_total
n1584gat_n1636gat_A,sa0,1,3/256,exact,0.0002382099992246367,fault_total
n1584gat_n1564gat_A,sa0,1,93/8192,exact,0.008003044000361115,fault_total
n1559gat_n1641gat_C,sa0,1,7/131072,exact,0.00896027300041169,fault_total
n1645gat_n1556gat_B,sa0,1,63/131072,exact,0.009287679997214582,fault_total
n1553gat_n1558gat_B,sa0,1,63/131072,exact,0.009324916994955856,fault_total
n1658gat_n1570gat_B,sa0,1,7/131072,exact,0.008749022999836598,fault_total
n2187gat_n2194gat_A,sa0,1,325/16384,exact,0.00034851700183935463,fault_total
n1584gat_n1519gat_A,sa0,1,14285703/1073741824,exact,0.0674466089985799,fault_total
n1410gat,sa1,1,4725/1048576,exact,0.01552287500089733,fault_total
n1222gat,sa0,1,1/4,exact,0.00785863500641426,fault_total
n1221gat,sa1,1,1/4,exact,0.007255532000272069,fault_total
n1015gat,sa0,1,1/8,exact,0.0072770600017975084,fault_total
n1231gat,sa0,1,1/8,exact,0.0069870539955445565,fault_total
n1051gat,sa0,1,1/8,exact,0.0068929760018363595,fault_total
n1204gat,sa0,1,1/8,exact,0.009970847000658978,fault_total
n2410gat,sa0,1,1/8,exact,0.010917943000094965,fault_total
n1321gat,sa0,1,21/32768,exact,0.011799485997471493,fault_total
n1645gat_n1557gat_B,sa0,1,7/131072,exact,0.008874521998222917,fault_total
n1553gat_n1639gat_C,sa0,1,7/131072,exact,0.009054869995452464,fault_total
n2239gat_n1934gat_C,sa0,1,189/4096,exact,0.0003646650002337992,fault_total
n1658gat_n1732gat_C,sa0,1,7/131072,exact,0.0088907460012706,fault_total
n1658gat_n1571gat_B,sa0,1,7/131072,exact,0.008962984000390861,fault_total
n1673gat_n1574gat_B,sa0,1,11337/33554432,exact,0.012496890005422756,fault_total
n1520gat,sa0,1,549577/67108864,exact,0.01023719999648165,fault_total
n1222gat,sa1,1,1/4,exact,0.007435229999828152,fault_total
n1223gat,sa0,1,1/4,exact,0.007489921001251787,fault_total
n1016gat,sa0,1,1/8,exact,0.0069274490015232,fault_total
n1232gat,sa0,1,1/8,exact,0.006874054997751955,fault_total
n1052gat,sa0,1,1/8,exact,0.007128488003218081,fault_total
n1205gat,sa0,1,1/8,exact,0.0093917699996382,fault_total
n2411gat,sa0,1,1/8,exact,0.010721646998717915,fault_total
n1250gat,sa0,1,21/32768,exact,0.014420154999243096,fault_total
n2132gat,sa0,1,4421/65536,exact,0.005637874994135927,fault_total
n2058gat_n2198gat_B,sa0,1,325/16384,exact,0.005681107002601493,fault_total
n1530gat,sa0,1,46725/2097152,exact,0.13487124099629,fault_total
n1223gat,sa1,1,1/4,exact,0.007966624994878657,fault_total
n1017gat,sa0,1,1/8,exact,0.006831373000750318,fault_total
n1053gat,sa0,1,1/8,exact,0.0075628939957823604,fault_total
n2412gat,sa0,1,1/8,exact,0.011184908005816396,fault_total
n2610gat,sa0,1,1/4,exact,0.011082233002525754,fault_total
n1161gat,sa0,1,21/32768,exact,0.014704572000482585,fault_total
n1503gat,sa0,1,1836583/4194304,exact,0.018830785003956407,fault_total
n1559gat_n1555gat_B,sa0,1,63/131072,exact,0.00939091100008227,fault_total
n2239gat_n1882gat_C,sa0,1,3/32,exact,0.0002160320000257343,fault_total
n1530gat,sa1,1,11025/2097152,exact,0.018340569993597455,fault_total
n1054gat,sa0,1,1/8,exact,0.00689745200361358,fault_total
n2413gat,sa0,1,1/8,exact,0.01626571900123963,fault_total
n2610gat,sa1,1,1/4,exact,0.013913558002968784,fault_total
n2611gat,sa0,1,1/4,exact,0.008077828999375924,fault_total
n1162gat,sa0,1,21/32768,exact,0.014424487999349367,fault_total
n1568gat_n1728gat_A,sa0,1,21/131072,exact,0.009046983999724034,fault_total
n1673gat_n1794gat_A,sa0,1,3/8192,exact,0.0048113570010173135,fault_total
n2081gat,sa0,1,41475/4194304,exact,0.20862767600192456,fault_total
n2162gat,sa0,1,629475/8388608,exact,0.32111304799764184,fault_total
n2611gat,sa1,1,1/4,exact,0.008169101005478296,fault_total
n1163gat,sa0,1,21/32768,exact,0.01110956100455951,fault_total
n2432gat,sa0,1,58250049319/2199023255552,exact,0.17557482999836793,fault_total
n1658gat_n1655gat_C,sa0,1,7/131072,exact,0.009397902998898644,fault_total
n1658gat_n1729gat_A,sa0,1,7/131072,exact,0.008762958001170773,fault_total
n2081gat,sa1,1,525/131072,exact,0.031060114000865724,fault_total
n2162gat,sa1,1,121275/4194304,exact,0.03535765600099694,fault_total
n1515gat,sa0,1,21/65536,exact,0.009899808996124193,fault_total
n2442gat,sa0,1,527/16384,exact,0.004925949004245922,fault_total
n1443gat,sa0,1,21/32768,exact,0.014213851005479228,fault_total
n2055gat,sa0,1,302647/1048576,exact,0.0076972169990767725,fault_total
n1559gat_n1639gat_B,sa0,1,7/131072,exact,0.00875355699827196,fault_total
n1606gat,sa0,1,1/4,exact,0.0001409800024703145,fault_total
n1658gat_n1728gat_C,sa0,1,7/131072,exact,0.008597724001447205,fault_total
n1480gat,sa0,1,296625/8388608,exact,0.19698553899797844,fault_total
n1515gat,sa1,1,7/65536,exact,0.009469952994550113,fault_total
n2442gat,sa1,1,17/16384,exact,0.00039713599835522473,fault_total
n1291gat,sa0,1,21/32768,exact,0.011222287997952662,fault_total
n1444gat,sa0,1,49089/33554432,exact,0.02004324900190113,fault_total
n1606gat,sa1,1,3/4,exact,0.00014304100477602333,fault_total
n1658gat_n1657gat_C,sa0,1,7/131072,exact,0.008907088995329104,fault_total
n1568gat_n1729gat_C,sa0,1,21/131072,exact,0.008648645998619031,fault_total
n1480gat,sa1,1,8925/1048576,exact,0.02136894800059963,fault_total
n1661gat,sa0,1,32289651/2147483648,exact,0.011021269005141221,fault_total
n1670gat,sa0,1,47043/16777216,exact,0.01026168699900154,fault_total
n1229gat,sa0,1,1/8,exact,0.006709383997076657,fault_total
n2570gat,sa0,1,1/8,exact,0.010712142000556923,fault_total
n1373gat,sa0,1,21/32768,exact,0.011285886997939087,fault_total
n1444gat,sa1,1,987861/67108864,exact,0.04102629399858415,fault_total
n2426gat,sa0,1,58250049319/2199023255552,exact,0.0017827699994086288,fault_total
n1584gat_n1399gat_C,sa0,1,427/8192,exact,0.00834540999494493,fault_total
n1482gat,sa0,1,296625/8388608,exact,0.1415304059992195,fault_total
n1670gat,sa1,1,63/65536,exact,0.01022991899662884,fault_total
n1662gat,sa0,1,21/65536,exact,0.009635611997509841,fault_total
n1185gat,sa0,1,1/8,exact,0.009750910001457669,fault_total
n2607gat,sa0,1,1/4,exact,0.0077737760002492,fault_total
n1590gat,sa0,1,68703863/1073741824,exact,0.13705393300188007,fault_total
n2652gat,sa0,1,1/2,exact,0.0005501589985215105,fault_total
n1673gat_n1798gat_B,sa0,1,549577/536870912,exact,0.01144608600588981,fault_total
n1482gat,sa1,1,8925/1048576,exact,0.017688396001176443,fault_total
n1528gat,sa0,1,82425/2097152,exact,0.14808706800249638,fault_total
n1591gat,sa0,1,509775/8388608,exact,0.3037292719964171,fault_total
n1662gat,sa1,1,7/65536,exact,0.009361338001326658,fault_total
n1960gat,sa0,1,4163941/16777216,exact,0.008987535002233926,fault_total
n1186gat,sa0,1,1/8,exact,0.009553415002301335,fault_total
n2572gat,sa0,1,1/8,exact,0.010364390000177082,fault_total
n2607gat,sa1,1,1/4,exact,0.007822970997949596,fault_total
n1249gat,sa0,1,21/32768,exact,0.011413785003242083,fault_total
n1590gat,sa1,1,246522533/536870912,exact,0.2960346539985039,fault_total
n2248gat,sa0,1,325/32768,exact,0.005590437998762354,fault_total
n2652gat,sa1,1,1/2,exact,0.0005323529985616915,fault_total
n2906gat,sa0,1,1/2,exact,0.0067414860022836365,fault_total
n1528gat,sa1,1,38325/4194304,exact,0.020533566996164154,fault_total
n1591gat,sa1,1,1575/65536,exact,0.03875921799772186,fault_total
n1736gat,sa0,1,156355/268435456,exact,0.010859108006116003,fault_total
n1862gat,sa0,1,7/512,exact,0.004815911001060158,fault_total
n1187gat,sa0,1,1/8,exact,0.009894579998217523,fault_total
n2546gat,sa0,1,1/8,exact,0.010628691998135764,fault_total
n2249gat,sa0,1,325/32768,exact,0.005070405997685157,fault_total
n2906gat,sa1,1,1/2,exact,0.006563276998349465,fault_total
n1665gat,sa0,1,7/1024,exact,0.00030161200265865773,fault_total
n1736gat,sa1,1,7/32768,exact,0.010435856995172799,fault_total
n1188gat,sa0,1,1/8,exact,0.009854113006440457,fault_total
n2547gat,sa0,1,1/8,exact,0.010919938002189156,fault_total
n1368gat,sa0,1,21/32768,exact,0.014488307999272365,fault_total
n1566gat,sa0,1,105/131072,exact,0.009583849998307414,fault_total
n2664gat,sa0,1,45885483/134217728,exact,0.017551680000906345,fault_total
n2664gat,sa1,1,47342165/134217728,exact,0.0017228729993803427,fault_total
n2549gat,sa0,1,1/8,exact,0.010748838998551946,fault_total
n1847gat,sa0,1,12526347/67108864,exact,0.008819055998174008,fault_total
n1479gat,sa0,1,296625/8388608,exact,0.18988366200210294,fault_total
n1866gat,sa0,1,21/1024,exact,0.005587532003119122,fault_total
n1668gat,sa0,1,161/65536,exact,0.010763514001155272,fault_total
n2649gat,sa0,1,1/2,exact,0.0004668850015150383,fault_total
n2596gat,sa0,1,31/256,exact,0.00020436400518519804,fault_total
n1479gat,sa1,1,8925/1048576,exact,0.021842077003384475,fault_total
n2569gat,sa0,1,1/8,exact,0.010525073994358536,fault_total
n2649gat,sa1,1,1/2,exact,0.00041590000182623044,fault_total
n1797gat,sa0,1,156355/268435456,exact,0.011029364002752118,fault_total
n1968gat,sa0,1,177654803/268435456,exact,0.014394825004274026,fault_total
n1797gat,sa1,1,7/32768,exact,0.010195656002906617,fault_total
n1888gat,sa0,1,8327947/16777216,exact,0.012434979005774949,fault_total
n1968gat,sa1,1,29616533/134217728,exact,0.014292328000010457,fault_total
n2995gat,sa0,1,1625/32768,exact,0.006838661000074353,fault_total
n2889gat,sa0,1,1/2,exact,0.006622286993660964,fault_total
n2889gat,sa1,1,1/2,exact,0.0063697250006953254,fault_total
n293gat_n15gat_C,sa0,1,18805311/2147483648,exact,0.013771590005489998,fault_total
n221gat,sa0,1,1/2,exact,0.013538705999962986,fault_total
n221gat,sa1,1,1/2,exact,0.012863950003520586,fault_total
n411gat,sa0,1,401994543/8589934592,exact,0.14537949299847241,fault_total
n520gat,sa0,1,8183/131072,exact,0.02526015900366474,fault_total
n411gat,sa1,1,1163486569/2147483648,exact,0.6152175930037629,fault_total
n293gat_n87gat_C,sa0,1,9/1024,exact,0.0059069370036013424,fault_total
n521gat,sa0,1,234736831/8589934592,exact,0.2727911559995846,fault_total
n260gat,sa0,1,1/8,exact,0.00752400799683528,fault_total
n170gat,sa0,1,1/8,exact,0.007015764000243507,fault_total
n440gat,sa0,1,3/16,exact,0.00020010300067951903,fault_total
n710gat,sa0,1,1/8,exact,0.006822682000347413,fault_total
n530gat,sa0,1,90978863/2147483648,exact,0.15407968100043945,fault_total
n521gat,sa1,1,102953419423/2199023255552,exact,0.676953604001028,fault_total
n261gat,sa0,1,1/8,exact,0.00796310499572428,fault_total
n171gat,sa0,1,1/8,exact,0.007005949999438599,fault_total
n441gat,sa0,1,3/16,exact,0.00020622200099751353,fault_total
n711gat,sa0,1,1/8,exact,0.006717996999213938,fault_total
n126gat,sa0,1,1/4,exact,0.013255244004540145,fault_total
n522gat,sa0,1,639/16384,exact,0.10510072400211357,fault_total
n531gat,sa0,1,90978863/2147483648,exact,0.18597562300419668,fault_total
n442gat,sa0,1,3/16,exact,0.00023723000049358234,fault_total
n262gat,sa0,1,1/8,exact,0.007052752000163309,fault_total
n910gat,sa0,1,1/8,exact,0.007022343997959979,fault_total
n712gat,sa0,1,1/8,exact,0.006931336996785831,fault_total
n730gat,sa0,1,1/8,exact,0.006862997004645877,fault_total
n126gat,sa1,1,1/4,exact,0.013246754999272525,fault_total
n522gat,sa1,1,4623099127/8589934592,exact,0.5482259619966499,fault_total
n415gat,sa0,1,285000753/8589934592,exact,0.4883807500009425,fault_total
n344gat,sa0,1,1/8,exact,0.007346956001129001,fault_total
n443gat,sa0,1,3/16,exact,0.00020916799985570833,fault_total
n713gat,sa0,1,1/8,exact,0.006982284001423977,fault_total
n731gat,sa0,1,1/8,exact,0.006808994003222324,fault_total
n415gat,sa1,1,3180452711/8589934592,exact,0.7942579660011688,fault_total
n345gat,sa0,1,1/8,exact,0.00738372699561296,fault_total
n444gat,sa0,1,3/16,exact,0.00019647199951577932,fault_total
n732gat,sa0,1,1/8,exact,0.006830555001215544,fault_total
n804gat,sa0,1,1/8,exact,0.006873022000945639,fault_total
n516gat,sa0,1,2811/65536,exact,0.05069561399432132,fault_total
n418gat,sa0,1,85776069535/2199023255552,exact,0.4221595979979611,fault_total
n346gat,sa0,1,1/8,exact,0.007387935002043378,fault_total
n805gat,sa0,1,1/8,exact,0.00684809800441144,fault_total
n516gat,sa1,1,780231/16777216,exact,0.05250553999940166,fault_total
n526gat,sa0,1,179408687/4294967296,exact,0.2045829929993488,fault_total
n743gat,sa0,1,9207/524288,exact,0.0226624749993789,fault_total
n418gat,sa1,1,102955099039/2199023255552,exact,0.48892806700314395,fault_total
n347gat,sa0,1,1/8,exact,0.008341879001818597,fault_total
n806gat,sa0,1,1/8,exact,0.008690128997841384,fault_total
n590gat,sa0,1,1/8,exact,0.008198511000955477,fault_total
n356gat,sa0,1,64414909447/2199023255552,exact,0.5703308240044862,fault_total
n743gat,sa1,1,3069/524288,exact,0.01657841999985976,fault_total
n564gat,sa0,1,32536085/2147483648,exact,0.07163535700237844,fault_total
n294gat,sa0,1,11367/524288,exact,0.04527673499978846,fault_total
n168gat,sa0,1,1/8,exact,0.007409425001242198,fault_total
n807gat,sa0,1,1/8,exact,0.007726141004241072,fault_total
n690gat,sa0,1,1/8,exact,0.007469208998372778,fault_total
n519gat,sa0,1,8183/131072,exact,0.026300236997485626,fault_total
n356gat,sa1,1,1573575837/4294967296,exact,1.009428833000129,fault_total
n564gat,sa1,1,488041275/2147483648,exact,0.2475500880027539,fault_total
n294gat,sa1,1,3789/524288,exact,0.03851483700418612,fault_total
n637gat,sa0,1,41611839/2147483648,exact,0.021514145999390166,fault_total
n295gat,sa0,1,51/8192,exact,0.006578209999133833,fault_total
n259gat,sa0,1,1/8,exact,0.006975670003157575,fault_total
n169gat,sa0,1,1/8,exact,0.007507828995585442,fault_total
n907gat,sa0,1,1/8,exact,0.007416992993967142,fault_total
n655gat,sa0,1,3/16,exact,0.0002170830048271455,fault_total
n439gat,sa0,1,3/16,exact,0.00016653800412314013,fault_total
n790gat,sa0,1,3/16,exact,0.0001540629964438267,fault_total
n637gat,sa1,1,13870613/2147483648,exact,0.01933894800458802,fault_total
n476gat,sa0,1,1/8,exact,0.00710853799682809,fault_total
n908gat,sa0,1,1/8,exact,0.007076696994772647,fault_total
n962gat,sa0,1,3/16,exact,0.00019888200040441006,fault_total
n647gat,sa0,1,3/16,exact,0.00016257500101346523,fault_total
n494gat,sa0,1,1/8,exact,0.007209773000795394,fault_total
n648gat,sa0,1,3/16,exact,0.00021617900347337127,fault_total
n477gat,sa0,1,1/8,exact,0.007046270999126136,fault_total
n909gat,sa0,1,1/8,exact,0.006976482996833511,fault_total
n963gat,sa0,1,3/16,exact,0.0002537260006647557,fault_total
n945gat,sa0,1,1/8,exact,0.007055539004795719,fault_total
n792gat,sa0,1,3/16,exact,0.000250817000051029,fault_total
n729gat,sa0,1,1/8,exact,0.007444912000210024,fault_total
n495gat,sa0,1,1/8,exact,0.006976841999858152,fault_total
n478gat,sa0,1,1/8,exact,0.007087634003255516,fault_total
n946gat,sa0,1,1/8,exact,0.00721694700041553,fault_total
n496gat,sa0,1,1/8,exact,0.0074418540025362745,fault_total
n479gat,sa0,1,1/8,exact,0.0069108699972275645,fault_total
n947gat,sa0,1,1/8,exact,0.007613353998749517,fault_total
n497gat,sa0,1,1/8,exact,0.00707343099929858,fault_total
n587gat,sa0,1,1/8,exact,0.00710336599877337,fault_total
n768gat,sa0,1,3/16,exact,0.00019188100122846663,fault_total
n948gat,sa0,1,1/8,exact,0.007239697995828465,fault_total
n966gat,sa0,1,3/16,exact,0.0001869369953055866,fault_total
n588gat,sa0,1,1/8,exact,0.0067815359943779185,fault_total
n687gat,sa0,1,1/8,exact,0.007027413994364906,fault_total
n868gat,sa0,1,3/16,exact,0.00018598300084704533,fault_total
n967gat,sa0,1,3/16,exact,0.00015685399557696655,fault_total
n589gat,sa0,1,1/8,exact,0.007039828997221775,fault_total
n688gat,sa0,1,1/8,exact,0.0071546699982718565,fault_total
n779gat,sa0,1,1/2,exact,0.013705896999454126,fault_total
n959gat,sa0,1,3/16,exact,0.0002480590046616271,fault_total
n689gat,sa0,1,1/8,exact,0.00723726400610758,fault_total
n887gat,sa0,1,21/32768,exact,0.011519642997882329,fault_total
n779gat,sa1,1,1/2,exact,0.013028626002778765,fault_total
n996gat,sa0,1,21/32768,exact,0.012004825002804864,fault_total
n1220gat_n1214gat_C,sa0,1,1/8,exact,0.007491034994018264,fault_total
n2151gat_n2210gat_B,sa0,1,52727/262144,exact,0.007761217995721381,fault_total
n1220gat_n1217gat_C,sa0,1,1/8,exact,0.007483815999876242,fault_total
n2151gat_n2213gat_B,sa0,1,13263/131072,exact,0.006644057997618802,fault_total
n2151gat_n2215gat_B,sa0,1,13263/131072,exact,0.007019431002845522,fault_total
n1218gat_n1214gat_A,sa0,1,1/8,exact,0.007579231001727749,fault_total
n1218gat_n1215gat_A,sa0,1,1/8,exact,0.007518990998505615,fault_total
n1219gat_n1214gat_B,sa0,1,1/8,exact,0.0073602219999884255,fault_total
n1584gat_n1401gat_A,sa0,1,14326751/134217728,exact,0.11763815899757901,fault_total
n1602gat_n1760gat_B,sa0,1,11067/131072,exact,0.010417696001240984,fault_total
n1219gat_n1216gat_B,sa0,1,1/8,exact,0.008645162997709122,fault_total
n1602gat_n1761gat_B,sa0,1,11067/131072,exact,0.0007539139987784438,fault_total
n1584gat_n1510gat_A,sa0,1,21063/524288,exact,0.014305744996818248,fault_total
n1553gat_n1641gat_B,sa0,1,7/131072,exact,0.009050603999639861,fault_total
n1645gat_n1641gat_A,sa0,1,7/131072,exact,0.009192284996970557,fault_total
n2359gat_n1421gat_B,sa0,1,130725/8388608,exact,0.08080465799866943,fault_total
n2664gat_n2009gat_B,sa0,1,4638627/16777216,exact,0.0008583890012232587,fault_total
n1480gat_n1438gat_B,sa0,1,4725/262144,exact,0.03507984799944097,fault_total
n1591gat_n1426gat_B,sa0,1,41475/4194304,exact,0.035529129003407434,fault_total
n2162gat_n1494gat_B,sa0,1,84525/8388608,exact,0.033688008996250574,fault_total
n2162gat_n1485gat_B,sa0,1,41475/4194304,exact,0.03257992200087756,fault_total
n1528gat_n1435gat_B,sa0,1,4725/262144,exact,0.03400351500022225,fault_total
n1736gat_n1570gat_A,sa0,1,7/65536,exact,0.010067127994261682,fault_total
n418gat_n634gat_A,sa0,1,77186134943/2199023255552,exact,0.4262275509972824,fault_total
n1444gat_n1258gat_B,sa0,1,21/65536,exact,0.0149928520040703,fault_total
n1736gat_n1732gat_B,sa0,1,21/131072,exact,0.009882175996608566,fault_total
n1201gat,sa0,1,1/2,exact,0.00913849600328831,fault_total
n2664gat_n2163gat_C,sa0,1,1030869/8388608,exact,0.0007854590003262274,fault_total
n1482gat_n1483gat_B,sa0,1,3675/2097152,exact,0.031967210001312196,fault_total
n1591gat_n1438gat_A,sa0,1,41475/4194304,exact,0.044438750999688637,fault_total
n1591gat_n1365gat_B,sa0,1,41475/4194304,exact,0.05363301799661713,fault_total
n1444gat_n1574gat_C,sa0,1,3/32768,exact,0.009599503006029408,fault_total
n356gat_n292gat_B,sa0,1,114852143/8589934592,exact,0.10697318500024267,fault_total
n1013gat,sa0,1,1/2,exact,0.006685729997116141,fault_total
n1201gat,sa1,1,1/2,exact,0.0012599429974216036,fault_total
n2210gat,sa0,1,4421/65536,exact,0.006411482005205471,fault_total
n1528gat_n1529gat_A,sa0,1,3675/1048576,exact,0.02052942299633287,fault_total
n1482gat_n1485gat_A,sa0,1,130725/8388608,exact,0.07996963900222909,fault_total
n1662gat_n1655gat_B,sa0,1,21/131072,exact,0.00949118500284385,fault_total
n1013gat,sa1,1,1/2,exact,0.0006279680019360967,fault_total
n1050gat,sa0,1,1/2,exact,0.0065264620061498135,fault_total
n1528gat_n1484gat_B,sa0,1,3675/2097152,exact,0.03052330300124595,fault_total
n1482gat_n1486gat_A,sa0,1,4725/262144,exact,0.03447271000186447,fault_total
n1528gat_n1494gat_A,sa0,1,525/32768,exact,0.06867310599773191,fault_total
n1736gat_n1655gat_A,sa0,1,41667/268435456,exact,0.009949234998202883,fault_total
n1662gat_n1657gat_A,sa0,1,21/131072,exact,0.009085195997613482,fault_total
n1590gat_n1476gat_B,sa0,1,2152499/67108864,exact,0.04573489500035066,fault_total
n2649gat_n2650gat_A,sa0,1,1/4,exact,0.007613849003973883,fault_total
n1050gat,sa1,1,1/2,exact,0.0006690619993605651,fault_total
n2005gat,sa0,1,120369/33554432,exact,0.0008126389948301949,fault_total
n1510gat,sa0,1,1167135/8388608,exact,0.011163747003593016,fault_total
n1214gat,sa0,1,1/8,exact,0.007316920004086569,fault_total
n2213gat,sa0,1,4421/131072,exact,0.006458315998315811,fault_total
n1591gat_n1486gat_B,sa0,1,41475/4194304,exact,0.03217380899877753,fault_total
n1479gat_n1365gat_A,sa0,1,4725/262144,exact,0.03320320599596016,fault_total
n1736gat_n1728gat_B,sa0,1,21/131072,exact,0.009182852001686115,fault_total
n2652gat_n2648gat_B,sa0,1,1/4,exact,0.0075325630023144186,fault_total
n1701gat,sa0,1,15355/32768,exact,0.018104339003912173,fault_total
n2250gat,sa0,1,975/32768,exact,0.006197409995365888,fault_total
n1479gat_n1419gat_B,sa0,1,130725/8388608,exact,0.07212153499858687,fault_total
n3016gat,sa0,1,255/256,exact,0.00031320999551098794,fault_total
n2215gat,sa0,1,4421/131072,exact,0.007282489001227077,fault_total
n1479gat_n1349gat_A,sa0,1,3675/2097152,exact,0.07525618300132919,fault_total
n1797gat_n1731gat_C,sa0,1,21/131072,exact,0.00980006399913691,fault_total
n1670gat_n1669gat_C,sa0,1,41667/16777216,exact,0.009834689000854269,fault_total
n3016gat,sa1,1,1/256,exact,0.00020754500292241573,fault_total
n2215gat,sa1,1,132305/262144,exact,0.006433201997424476,fault_total
n1632gat,sa0,1,1/32,exact,0.0002073700015898794,fault_total
n2433gat,sa0,1,1879033849/2199023255552,exact,0.03906210399873089,fault_total
n1797gat_n1571gat_C,sa0,1,7/65536,exact,0.009559714002534747,fault_total
n2649gat_n2647gat_A,sa0,1,1/4,exact,0.007013521004409995,fault_total
n1632gat,sa1,1,31/32,exact,0.00018540600285632536,fault_total
n1228gat,sa0,1,1/2,exact,0.0006441239966079593,fault_total
n1543gat,sa0,1,105/512,exact,0.0005895600043004379,fault_total
n1921gat,sa0,1,239885/134217728,exact,0.009934793997672386,fault_total
n1615gat,sa0,1,15355/32768,exact,0.01702993700018851,fault_total
n1453gat,sa0,1,3/8,exact,0.0002451249965815805,fault_total
n1705gat,sa0,1,6558099543/17179869184,exact,0.05311658800201258,fault_total
n2921gat,sa0,1,7/16,exact,0.0002732899956754409,fault_total
n1228gat,sa1,1,1/2,exact,0.0007483270019292831,fault_total
n1184gat,sa0,1,1/2,exact,0.0010986839988618158,fault_total
n1706gat,sa0,1,6566701143/17179869184,exact,0.056329886996536516,fault_total
n1921gat,sa1,1,394731/134217728,exact,0.011478608998004347,fault_total
n1841gat,sa0,1,3/8,exact,0.0002923220017692074,fault_total
n3147gat,sa0,1,3/4,exact,0.00016901600611163303,fault_total
n2922gat,sa0,1,7/16,exact,0.0001920099966810085,fault_total
n2921gat,sa1,1,9/16,exact,0.00014954100333852693,fault_total
n1184gat,sa1,1,1/2,exact,0.0011307739987387322,fault_total
n2184gat,sa0,1,0,exact,0.00019276700186310336,fault_total
n2328gat,sa0,1,0,exact,0.00029827999969711527,fault_total
n1275gat,sa0,1,1/4,exact,0.009917907998897135,fault_total
n2427gat,sa0,1,1879033849/2199023255552,exact,0.0015126590005820617,fault_total
n3147gat,sa1,1,1/4,exact,0.00018863700097426772,fault_total
n3148gat,sa0,1,1/2,exact,9.152900020126253e-05,fault_total
n2914gat,sa0,1,7/16,exact,0.00015808599709998816,fault_total
n2922gat,sa1,1,9/16,exact,0.0001439080006093718,fault_total
n1627gat,sa0,1,15/32,exact,0.005498877995705698,fault_total
n2184gat,sa1,1,4421/8192,exact,0.00034770099591696635,fault_total
n2328gat,sa1,1,141147/262144,exact,0.000613812000665348,fault_total
n1275gat,sa1,1,1/4,exact,0.011293941002804786,fault_total
n1609gat,sa0,1,1/32,exact,0.012680731000727974,fault_total
n1797gat_n1657gat_B,sa0,1,41667/268435456,exact,0.010259627000777982,fault_total
n1797gat_n1729gat_B,sa0,1,21/131072,exact,0.008982530001958366,fault_total
n3148gat,sa1,1,1/2,exact,9.474900434724987e-05,fault_total
n2914gat,sa1,1,9/16,exact,0.00023282400070456788,fault_total
n1628gat,sa0,1,15/32,exact,0.0052490070011117496,fault_total
n1609gat,sa1,1,3933735/4194304,exact,0.018402020999928936,fault_total
n2286gat,sa0,1,402651135/2199023255552,exact,0.025676482000562828,fault_total
n1968gat_n1894gat_A,sa0,1,50105063/268435456,exact,0.009585710002284031,fault_total
n1576gat,sa0,1,590925/268435456,exact,0.010494385001948103,fault_total
n1954gat,sa0,1,520517/1048576,exact,0.006449768996390048,fault_total
n2286gat,sa1,1,3959408633/1099511627776,exact,0.0809833660023287,fault_total
n2927gat,sa0,1,7/16,exact,0.00023531199985882267,fault_total
n1576gat,sa1,1,290692353/4294967296,exact,0.014966341994295362,fault_total
n1968gat_n1967gat_B,sa0,1,302517/1048576,exact,0.009191700999508612,fault_total
n2928gat,sa0,1,7/16,exact,0.00022135300241643563,fault_total
n2927gat,sa1,1,9/16,exact,0.0001634680011193268,fault_total
n2289gat,sa0,1,40419203756309/72057594037927936,exact,0.04676233600184787,fault_total
n1968gat_n1895gat_C,sa0,1,12526347/67108864,exact,0.011872181996295694,fault_total
n2928gat,sa1,1,9/16,exact,0.00023430700093740597,fault_total
n1399gat,sa0,1,11/128,exact,0.0005880499957129359,fault_total
n2289gat,sa1,1,557450482243475/36028797018963968,exact,0.23811984400526853,fault_total
n2894gat,sa0,1,7/16,exact,0.00024092200328595936,fault_total
n2894gat,sa1,1,9/16,exact,0.0001546339990454726,fault_total
n2895gat,sa0,1,7/16,exact,0.00015568199887638912,fault_total
n1779gat,sa0,1,7/16,exact,0.017343359999358654,fault_total
n2896gat,sa0,1,7/16,exact,0.0002108670014422387,fault_total
n2895gat,sa1,1,9/16,exact,0.00016342700109817088,fault_total
n1798gat,sa0,1,239885/134217728,exact,0.010679161998268683,fault_total
n2897gat,sa0,1,7/16,exact,0.00018907599587691948,fault_total
n2896gat,sa1,1,9/16,exact,0.00019516500469762832,fault_total
n1798gat,sa1,1,394731/134217728,exact,0.012168241002655122,fault_total
n2897gat,sa1,1,9/16,exact,0.00026383100339444354,fault_total
n1712gat_stem,sa0,1,1/32,exact,0.00021040299907326698,fault_total
n1713gat_stem,sa0,1,1/32,exact,0.0006565309959114529,fault_total
n1712gat_stem,sa1,1,31/32,exact,0.00045679599861614406,fault_total
n1713gat_stem,sa1,1,31/32,exact,0.0005889770036446862,fault_total
n637gat_n15gat_A,sa0,1,18805311/2147483648,exact,0.014710123003169429,fault_total
n1717gat_stem,sa0,1,1/32,exact,0.0006961539984331466,fault_total
n1717gat_stem,sa1,1,31/32,exact,0.0006776980007998645,fault_total
n743gat_n86gat_A,sa0,1,4599/524288,exact,0.021284388996718917,fault_total
n637gat_n82gat_C,sa0,1,51/8192,exact,0.006536999993841164,fault_total
n743gat_n87gat_A,sa0,1,9/1024,exact,0.005488777998834848,fault_total
n294gat_n84gat_C,sa0,1,279/32768,exact,0.01849121800478315,fault_total
n294gat_n85gat_B,sa0,1,9/2048,exact,0.005086709999886807,fault_total
n1858gat_stem,sa0,1,5/8,exact,0.002884092005842831,fault_total
n294gat_n86gat_B,sa0,1,4599/524288,exact,0.0193745750002563,fault_total
n1858gat_stem,sa1,1,3/8,exact,0.0032343060011044145,fault_total
n637gat_n85gat_C,sa0,1,9/2048,exact,0.005347710000933148,fault_total
n343gat,sa0,1,1/2,exact,0.0067788160013151355,fault_total
n343gat,sa1,1,1/2,exact,0.0005542420040001161,fault_total
n803gat,sa0,1,1/2,exact,0.0064287529967259616,fault_total
n128gat,sa0,1,1/4,exact,0.014127895003184676,fault_total
n803gat,sa1,1,1/2,exact,0.0006139640026958659,fault_total
n128gat,sa1,1,1/4,exact,0.013911704001657199,fault_total
n167gat,sa0,1,1/2,exact,0.0064489150026929565,fault_total
n258gat,sa0,1,1/2,exact,0.006667583998932969,fault_total
n906gat,sa0,1,1/2,exact,0.0006097429941291921,fault_total
n167gat,sa1,1,1/2,exact,0.0005147869960637763,fault_total
n475gat,sa0,1,1/2,exact,0.0005897640003240667,fault_total
n258gat,sa1,1,1/2,exact,0.0007768799987388775,fault_total
n906gat,sa1,1,1/2,exact,0.0005222109975875355,fault_total
n493gat,sa0,1,1/2,exact,0.00684070099669043,fault_total
n709gat,sa0,1,1/2,exact,0.0006241459996090271,fault_total
n475gat,sa1,1,1/2,exact,0.0006057060018065386,fault_total
n944gat,sa0,1,1/2,exact,0.007293108996236697,fault_total
n728gat,sa0,1,1/2,exact,0.0006642839944106527,fault_total
n493gat,sa1,1,1/2,exact,0.000645234998955857,fault_total
n709gat,sa1,1,1/2,exact,0.0005669370002578944,fault_total
n944gat,sa1,1,1/2,exact,0.0005713430000469089,fault_total
n728gat,sa1,1,1/2,exact,0.0007424380019074306,fault_total
n586gat,sa0,1,1/2,exact,0.006602125002245884,fault_total
n586gat,sa1,1,1/2,exact,0.0005932519998168573,fault_total
n686gat,sa0,1,1/2,exact,0.001384655995934736,fault_total
n686gat,sa1,1,1/2,exact,0.0005280059995129704,fault_total
n2011gat_n1422gat_A,sa0,1,130725/8388608,exact,0.07399315499787917,fault_total
n1410gat_n1420gat_A,sa0,1,130725/8388608,exact,0.07615893999900436,fault_total
n1221gat_n1215gat_B,sa0,1,1/8,exact,0.008121087004838046,fault_total
n2011gat_n1426gat_A,sa0,1,4725/262144,exact,0.03726010299578775,fault_total
n1222gat_n1215gat_C,sa0,1,1/8,exact,0.008364217996131629,fault_total
n1223gat_n1216gat_A,sa0,1,1/8,exact,0.008229572995333001,fault_total
n1221gat_n1217gat_B,sa0,1,1/8,exact,0.008210840001993347,fault_total
n126gat_n121gat_B,sa0,1,1/8,exact,0.014749360001587775,fault_total
n1590gat_n1101gat_A,sa0,1,21/65536,exact,0.015030619004392065,fault_total
n2011gat_n1481gat_B,sa0,1,3675/2097152,exact,0.032450402999529615,fault_total
n2162gat_n1421gat_A,sa0,1,49875/4194304,exact,0.042819982998480555,fault_total
n2162gat_n1420gat_B,sa0,1,49875/4194304,exact,0.03581077299895696,fault_total
n411gat_n414gat_A,sa0,1,335016239/8589934592,exact,0.15712709200306563,fault_total
n1222gat_n1216gat_C,sa0,1,1/8,exact,0.008491524000419304,fault_total
n1223gat_n1217gat_A,sa0,1,1/8,exact,0.00876034700195305,fault_total
n1444gat_n1320gat_A,sa0,1,21/65536,exact,0.015229668002575636,fault_total
n1530gat_n1423gat_B,sa0,1,2625/1048576,exact,0.06376610299776075,fault_total
n126gat_n123gat_B,sa0,1,1/8,exact,0.015237751002132427,fault_total
n1590gat_n1102gat_B,sa0,1,21/65536,exact,0.017090249006287195,fault_total
n2162gat_n1423gat_A,sa0,1,6825/4194304,exact,0.025824105003266595,fault_total
n2162gat_n1422gat_B,sa0,1,41475/4194304,exact,0.03692972700082464,fault_total
n1590gat_n1103gat_B,sa0,1,21/65536,exact,0.01474021200556308,fault_total
n2081gat_n1415gat_A,sa0,1,5775/4194304,exact,0.02804147999995621,fault_total
n1410gat_n1347gat_B,sa0,1,3675/2097152,exact,0.03199495300214039,fault_total
n1530gat_n1308gat_B,sa0,1,3675/2097152,exact,0.03184344100009184,fault_total
n1590gat_n1401gat_B,sa0,1,2067345/67108864,exact,0.07348100699891802,fault_total
n2610gat_n2603gat_C,sa0,1,1/8,exact,0.011759856999560725,fault_total
n2611gat_n2604gat_A,sa0,1,1/8,exact,0.008440965997579042,fault_total
n1590gat_n1104gat_B,sa0,1,21/65536,exact,0.014818697003647685,fault_total
n411gat_n354gat_A,sa0,1,322375/16777216,exact,0.03225216399732744,fault_total
n2081gat_n1416gat_A,sa0,1,2625/2097152,exact,0.06208000700280536,fault_total
n2081gat_n1308gat_A,sa0,1,4725/4194304,exact,0.018722090993833262,fault_total
n1530gat_n1354gat_B,sa0,1,4725/262144,exact,0.033414995996281505,fault_total
n2442gat_n1721gat_A,sa0,1,31/16384,exact,0.005433227997855283,fault_total
n522gat_n523gat_A,sa0,1,639/16384,exact,0.10539772699848982,fault_total
n2610gat_n2604gat_C,sa0,1,1/8,exact,0.011769279000873212,fault_total
n2611gat_n2605gat_A,sa0,1,1/8,exact,0.008270359998277854,fault_total
n1590gat_n1304gat_A,sa0,1,21/65536,exact,0.014810909000516403,fault_total
n2162gat_n1417gat_A,sa0,1,41475/4194304,exact,0.04396518999419641,fault_total
n415gat_n414gat_B,sa0,1,64383380231/2199023255552,exact,0.6098065879996284,fault_total
n1444gat_n1325gat_A,sa0,1,21/65536,exact,0.014857524998660665,fault_total
n2081gat_n1481gat_A,sa0,1,2625/2097152,exact,0.022975177002081182,fault_total
n1515gat_n1732gat_A,sa0,1,21/131072,exact,0.00898723999853246,fault_total
n1515gat_n1731gat_B,sa0,1,21/131072,exact,0.00904801699653035,fault_total
n1590gat_n1305gat_B,sa0,1,21/65536,exact,0.01425576199835632,fault_total
n1480gat_n1416gat_B,sa0,1,3675/2097152,exact,0.06786273499892559,fault_total
n2081gat_n1347gat_A,sa0,1,5775/4194304,exact,0.019004544999916106,fault_total
n2162gat_n1419gat_A,sa0,1,41475/4194304,exact,0.047676975998911075,fault_total
n521gat_n634gat_B,sa0,1,51516154783/2199023255552,exact,0.3962671259941999,fault_total
n2607gat_n2602gat_B,sa0,1,1/8,exact,0.007840180995117407,fault_total
n522gat_n354gat_B,sa0,1,767/32768,exact,0.018668075994355604,fault_total
n2442gat_n1391gat_B,sa0,1,31/1024,exact,0.00029530499887187034,fault_total
n2081gat_n1483gat_A,sa0,1,2625/2097152,exact,0.02098740200017346,fault_total
n1480gat_n1417gat_B,sa0,1,130725/8388608,exact,0.07584000199858565,fault_total
n1444gat_n1372gat_B,sa0,1,21/65536,exact,0.014444984997680876,fault_total
n1590gat_n1245gat_A,sa0,1,21/65536,exact,0.014523780999297742,fault_total
n415gat_n292gat_A,sa0,1,117430669/8589934592,exact,0.04880948799836915,fault_total
n2081gat_n1484gat_A,sa0,1,525/524288,exact,0.02205230700201355,fault_total
n1670gat_n1571gat_A,sa0,1,21/131072,exact,0.008907370000088122,fault_total
n2664gat_n2014gat_D,sa0,1,315/4096,exact,0.007378639005764853,fault_total
n2607gat_n2604gat_B,sa0,1,1/8,exact,0.007669449005334172,fault_total
n516gat_n408gat_A,sa0,1,2279027/67108864,exact,0.03266749700560467,fault_total
n2081gat_n1349gat_B,sa0,1,2625/2097152,exact,0.057275116007076576,fault_total
n1591gat_n1354gat_A,sa0,1,12075/1048576,exact,0.04655331999674672,fault_total
n1591gat_n1435gat_A,sa0,1,81375/8388608,exact,0.058045144003699534,fault_total
n1670gat_n1570gat_C,sa0,1,21/131072,exact,0.009518482998828404,fault_total
n356gat_n523gat_B,sa0,1,64407533589/2199023255552,exact,0.4773051569936797,fault_total
n1590gat_n1246gat_B,sa0,1,21/65536,exact,0.014561734002199955,fault_total
n1444gat_n1573gat_A,sa0,1,3/32768,exact,0.009667919999628793,fault_total
n2652gat_n2650gat_B,sa0,1,1/4,exact,0.006557186003192328,fault_total
n1101gat,sa0,1,441/131072,exact,0.014720756997121498,fault_total
n1609gat_n1607gat_B,sa0,1,525/4194304,exact,0.01565530199877685,fault_total
n1102gat,sa0,1,441/131072,exact,0.0145848100000876,fault_total
n1103gat,sa0,1,441/131072,exact,0.01586621800379362,fault_total
n1320gat,sa0,1,441/131072,exact,0.014051104000827763,fault_total
n1104gat,sa0,1,441/131072,exact,0.013896037002268713,fault_total
n1401gat,sa0,1,18627525/67108864,exact,0.14208671099913772,fault_total
n1401gat,sa1,1,11614057/67108864,exact,0.14526257800025633,fault_total
n1700gat,sa0,1,1/32,exact,0.010994331001711544,fault_total
n1304gat,sa0,1,441/131072,exact,0.014659585998742841,fault_total
n1858gat_n1471gat_B,sa0,1,31/4096,exact,0.006988940003793687,fault_total
n1700gat,sa1,1,31739/32768,exact,0.012310646998230368,fault_total
n1215gat,sa0,1,1/8,exact,0.00706071600143332,fault_total
n1305gat,sa0,1,441/131072,exact,0.016205478998017497,fault_total
n1609gat_n1695gat_A,sa0,1,1/32,exact,0.004500405004364438,fault_total
n3106gat,sa0,1,1/2,exact,9.387099999003112e-05,fault_total
n1702gat,sa0,1,1/32,exact,0.009628353000152856,fault_total
n1513gat,sa0,1,31/1024,exact,0.00025453900161664933,fault_total
n1216gat,sa0,1,1/8,exact,0.007019543001661077,fault_total
n2602gat,sa0,1,1/8,exact,0.007782227999996394,fault_total
n3007gat,sa0,1,325/8192,exact,0.004957060002197977,fault_total
n1576gat_n1564gat_D,sa0,1,5/8192,exact,0.007241180996061303,fault_total
n1712gat,sa0,1,1/32,exact,0.00016745799803175032,fault_total
n1609gat_n1498gat_A,sa0,1,525/2097152,exact,0.015204367999103852,fault_total
n3106gat,sa1,1,1/2,exact,0.00010090199793921784,fault_total
n1702gat,sa1,1,31739/32768,exact,0.01162822000333108,fault_total
n16gat,sa0,1,255/8192,exact,0.006639744002313819,fault_total
n1217gat,sa0,1,1/8,exact,0.006996592994255479,fault_total
n2603gat,sa0,1,1/8,exact,0.007691007005632855,fault_total
n1325gat,sa0,1,441/131072,exact,0.016115695994812995,fault_total
n1703gat,sa0,1,1/32,exact,0.009044293998158537,fault_total
n1640gat,sa0,1,105/131072,exact,0.009698567999294028,fault_total
n1798gat_n1920gat_C,sa0,1,239885/268435456,exact,0.009309505003329832,fault_total
n1713gat,sa0,1,1/32,exact,0.00017885900160763413,fault_total
n2328gat_n2498gat_B,sa0,1,0,exact,0.0002460209943819791,fault_total
n1712gat,sa1,1,31/32,exact,0.00016136599879246205,fault_total
n2289gat_n1467gat_A,sa0,1,15039/33554432,exact,0.013573936004831921,fault_total
n1551gat,sa0,1,1023/2048,exact,0.0002941599959740415,fault_total
n17gat,sa0,1,421194555/2147483648,exact,0.23631304899754468,fault_total
n2604gat,sa0,1,1/8,exact,0.007873927999753505,fault_total
n1245gat,sa0,1,441/131072,exact,0.014074591999815311,fault_total
n1704gat,sa0,1,1/32,exact,0.009213502002239693,fault_total
n1703gat,sa1,1,15148034135/17179869184,exact,0.05302173599920934,fault_total
n1722gat,sa0,1,105/131072,exact,0.010034118997282349,fault_total
n1560gat,sa0,1,105/131072,exact,0.009897907999402378,fault_total
n1713gat,sa1,1,31/32,exact,0.0001813849958125502,fault_total
n1551gat,sa1,1,33/2048,exact,0.0002453820052323863,fault_total
n1552gat,sa0,1,31/1024,exact,0.00021148600353626534,fault_total
n17gat,sa1,1,28079637/2147483648,exact,0.07037986600334989,fault_total
n2605gat,sa0,1,1/8,exact,0.007580493998830207,fault_total
n1372gat,sa0,1,441/131072,exact,0.013923429003625643,fault_total
n1246gat,sa0,1,441/131072,exact,0.015899605998129118,fault_total
n1704gat,sa1,1,15156635735/17179869184,exact,0.06342461799795274,fault_total
n1651gat,sa0,1,105/131072,exact,0.01143548699474195,fault_total
n2650gat,sa0,1,1/4,exact,0.007634845998836681,fault_total
n3146gat,sa0,1,15/1024,exact,0.000329067996062804,fault_total
n1517gat,sa0,1,31/1024,exact,0.008707809000043198,fault_total
n1580gat,sa0,1,2433841/67108864,exact,0.01336752900533611,fault_total
n1562gat,sa0,1,105/131072,exact,0.011112077998404857,fault_total
n1643gat,sa0,1,105/131072,exact,0.010190674998739269,fault_total
n2650gat,sa1,1,1/2,exact,0.007738344000244979,fault_total
n3146gat,sa1,1,1009/1024,exact,0.00044291299855103716,fault_total
n2049gat,sa0,1,4421/16384,exact,0.0004286660041543655,fault_total
n1554gat,sa0,1,105/131072,exact,0.011305379994155373,fault_total
n1635gat,sa0,1,517819135/536870912,exact,0.020820120997086633,fault_total
n1717gat,sa0,1,1/32,exact,0.00023043100372888148,fault_total
n1735gat,sa0,1,93/1024,exact,0.0055914170006872155,fault_total
n2049gat,sa1,1,4421/16384,exact,0.006187680002767593,fault_total
n2428gat,sa0,1,58250049319/1099511627776,exact,0.040731859000516124,fault_total
n1258gat,sa0,1,441/131072,exact,0.015903859995887615,fault_total
n1635gat,sa1,1,16718113/536870912,exact,0.012809717001800891,fault_total
n1717gat,sa1,1,31/32,exact,0.0002272509955218993,fault_total
n1735gat,sa1,1,3/1024,exact,0.0003272760004620068,fault_total
n1718gat,sa0,1,155/256,exact,0.00021009500051150098,fault_total
n1961gat,sa0,1,520517/2097152,exact,0.00826638000580715,fault_total
n1277gat,sa0,1,1/4,exact,0.0010941860018647276,fault_total
n1961gat,sa1,1,12492083/16777216,exact,0.010333318998164032,fault_total
n1277gat,sa1,1,1/4,exact,0.0010135630000149831,fault_total
n1719gat,sa0,1,157977165/268435456,exact,0.02481093300593784,fault_total
n1818gat,sa0,1,833091/33554432,exact,0.018917733999842312,fault_total
n1719gat,sa1,1,318441/16777216,exact,0.014735600998392329,fault_total
n1919gat,sa0,1,31/512,exact,0.004802714996912982,fault_total
n1919gat,sa1,1,1/512,exact,0.00027999799931421876,fault_total
n1858gat,sa0,1,5/8,exact,0.00014636699779657647,fault_total
n1894gat,sa0,1,16700821/268435456,exact,0.009029652996105142,fault_total
n1609gat_II2813_A,sa0,1,1/32,exact,0.005280225996102672,fault_total
n1858gat,sa1,1,3/8,exact,0.00016168200090760365,fault_total
n1778gat,sa0,1,1/32,exact,0.009146051001152955,fault_total
n1895gat,sa0,1,16700821/268435456,exact,0.009703296993393451,fault_total
n1967gat,sa0,1,12613/131072,exact,0.007063172997732181,fault_total
n1698gat,sa0,1,837/4096,exact,0.005240291000518482,fault_total
n1778gat,sa1,1,15/16,exact,0.00983574500423856,fault_total
n1895gat,sa1,1,250524665/268435456,exact,0.011754113002098165,fault_total
n2286gat_II1733_A,sa0,1,268433407/2199023255552,exact,0.024809810995066073,fault_total
n1698gat,sa1,1,315/4096,exact,0.00040030499803833663,fault_total
n2289gat_II1733_C,sa0,1,268433407/2199023255552,exact,0.023929258997668512,fault_total
n1858gat_stem_n1402gat_A,sa0,1,1080709/67108864,exact,0.016808469001261983,fault_total
n1858gat_stem_n1581gat_A,sa0,1,239885/134217728,exact,0.009608508000383154,fault_total
n1858gat_stem_n1573gat_B,sa0,1,27/32768,exact,0.011362072997144423,fault_total
n1858gat_stem_n1476gat_A,sa0,1,37247661/268435456,exact,0.08510002300317865,fault_total
n1858gat_stem_n1864gat_A,sa0,1,239885/536870912,exact,0.009990785001718905,fault_total
n1625gat_stem,sa0,1,1/32,exact,0.00036917800025548786,fault_total
n1858gat_stem_n1469gat_A,sa0,1,5343347/536870912,exact,0.010424522006360348,fault_total
n1626gat_stem,sa0,1,1/32,exact,0.0003544489954947494,fault_total
n1625gat_stem,sa1,1,31/32,exact,0.0002984629973070696,fault_total
n1626gat_stem,sa1,1,31/32,exact,0.0003457429993432015,fault_total
n1858gat_stem_n1796gat_A,sa0,1,5/8192,exact,0.005249804999039043,fault_total
n412gat,sa0,1,511/131072,exact,0.017427416998543777,fault_total
n413gat,sa0,1,511/131072,exact,0.01791545399464667,fault_total
n414gat,sa0,1,267973423/8589934592,exact,0.13278745700517902,fault_total
n414gat,sa1,1,175890454037/2199023255552,exact,1.2596644160003052,fault_total
n523gat,sa0,1,268163469/8589934592,exact,0.16627709299791604,fault_total
n406gat,sa0,1,746553/33554432,exact,0.03413378100231057,fault_total
n416gat,sa0,1,504093/67108864,exact,0.014055703002668452,fault_total
n523gat,sa1,1,175875356693/2199023255552,exact,0.788911037001526,fault_total
n290gat,sa0,1,631803115/2147483648,exact,0.5168507920025149,fault_total
n406gat,sa1,1,2045/131072,exact,0.0182854459999362,fault_total
n417gat,sa0,1,1/256,exact,0.024071369000012055,fault_total
n354gat,sa0,1,12493427/67108864,exact,0.05316860600578366,fault_total
n290gat,sa1,1,90962479/2147483648,exact,0.2653088060033042,fault_total
n517gat,sa0,1,24549/131072,exact,0.02858173500135308,fault_total
n634gat,sa0,1,102955099039/2199023255552,exact,0.5454876630028593,fault_total
n292gat,sa0,1,328556621/2147483648,exact,0.4241162410035031,fault_total
n527gat,sa0,1,242461/33554432,exact,0.012846486002672464,fault_total
n634gat,sa1,1,154466257629/2199023255552,exact,1.104556409001816,fault_total
n528gat,sa0,1,60615/16777216,exact,0.01963205199717777,fault_total
n289gat,sa0,1,284184409/1073741824,exact,0.3268184780026786,fault_total
n289gat,sa1,1,9167239/1073741824,exact,0.06988359699607827,fault_total
n128gat_n122gat_B,sa0,1,1/8,exact,0.013620571000501513,fault_total
n2215gat_n2352gat_B,sa0,1,325/65536,exact,0.0060548490000655875,fault_total
n128gat_n124gat_B,sa0,1,1/8,exact,0.013410835003014654,fault_total
n2215gat_n2282gat_B,sa0,1,4421/262144,exact,0.005408808996435255,fault_total
n1921gat_n1920gat_B,sa0,1,239885/268435456,exact,0.009665411998867057,fault_total
n1275gat_n1270gat_B,sa0,1,1/8,exact,0.009485012997174636,fault_total
n1609gat_n1604gat_B,sa0,1,1/32,exact,0.00940406099834945,fault_total
n1275gat_n1272gat_B,sa0,1,1/8,exact,0.009682499003247358,fault_total
n2184gat_n2192gat_A,sa0,1,0,exact,0.00019161200179951265,fault_total
n1919gat_n1800gat_B,sa0,1,31/1024,exact,0.0002468289967509918,fault_total
n1551gat_n1593gat_A,sa0,1,31/64,exact,0.00017708400264382362,fault_total
n414gat_n629gat_A,sa0,1,27250519/4294967296,exact,0.06151503299770411,fault_total
n1277gat_n1273gat_B,sa0,1,1/8,exact,0.009899311000481248,fault_total
n1698gat_n1610gat_A,sa0,1,93/512,exact,0.00029498100047931075,fault_total
n17gat_n86gat_C,sa0,1,22995/524288,exact,0.04742801599786617,fault_total
n17gat_n87gat_B,sa0,1,45/1024,exact,0.005001072997401934,fault_total
n634gat_n635gat_B,sa0,1,50231157/4294967296,exact,0.04444675499689765,fault_total
n290gat_n359gat_A,sa0,1,3577/65536,exact,0.014634892999310978,fault_total
n1301gat,sa0,1,48825/4194304,exact,0.46341812999889953,fault_total
n1735gat_n1565gat_A,sa0,1,31/1024,exact,0.0003362740026204847,fault_total
n523gat_n629gat_C,sa0,1,50716549/4294967296,exact,0.0756409759997041,fault_total
n2650gat_n2647gat_B,sa0,1,1/4,exact,0.007134373998269439,fault_total
n2650gat_n2648gat_A,sa0,1,1/4,exact,0.00684618299419526,fault_total
n1635gat_n1573gat_C,sa0,1,351447/33554432,exact,0.029695614000956994,fault_total
n1895gat_n1630gat_A,sa0,1,4175449/134217728,exact,0.006714297000144143,fault_total
n1778gat_n1604gat_A,sa0,1,1/32,exact,0.016085610004665796,fault_total
n1635gat_n1926gat_B,sa0,1,7301523/268435456,exact,0.012036157997499686,fault_total
n1213gat,sa0,1,1/2,exact,0.0065164959960384294,fault_total
n1635gat_n1927gat_B,sa0,1,31717/32768,exact,0.006440565004595555,fault_total
n1719gat_n1564gat_B,sa0,1,4805/8192,exact,0.008207364000554662,fault_total
n1703gat_n1695gat_D,sa0,1,1/32,exact,0.004697001997556072,fault_total
n1704gat_n1695gat_C,sa0,1,1/32,exact,0.004706156003521755,fault_total
n634gat_n629gat_B,sa0,1,14580765975/1099511627776,exact,0.20984893899731105,fault_total
n1719gat_n1574gat_A,sa0,1,368199/16777216,exact,0.0336584969991236,fault_total
n1213gat,sa1,1,1/2,exact,0.008292350998090114,fault_total
n1160gat,sa0,1,48825/4194304,exact,0.1350868890003767,fault_total
n1698gat_n1613gat_B,sa0,1,93/4096,exact,0.0003629040002124384,fault_total
n1735gat_n1567gat_B,sa0,1,31/1024,exact,0.00030553899705410004,fault_total
n1735gat_n1793gat_B,sa0,1,31/1024,exact,0.006320747001154814,fault_total
n1919gat_n1915gat_B,sa0,1,31/1024,exact,0.00026488099683774635,fault_total
n3052gat,sa0,1,5/32,exact,0.00017133200162788853,fault_total
n1414gat,sa0,1,48825/4194304,exact,0.2570810929973959,fault_total
n1450gat,sa0,1,525/32768,exact,0.18962671000190312,fault_total
n3107gat,sa0,1,3/8,exact,0.00020457500068005174,fault_total
n3052gat,sa1,1,27/32,exact,0.0001878100010799244,fault_total
n1307gat,sa0,1,48825/4194304,exact,0.12585231499542715,fault_total
n1370gat,sa0,1,826875/8388608,exact,0.2799777839973103,fault_total
n1424gat,sa0,1,826875/8388608,exact,0.27621788299438776,fault_total
n1730gat,sa0,1,428739/268435456,exact,0.011288404995866586,fault_total
n289gat_n286gat_A,sa0,1,217/1024,exact,0.012096587997802999,fault_total
n1635gat_n1796gat_B,sa0,1,93/8192,exact,0.006385378997947555,fault_total
n3107gat,sa1,1,5/8,exact,0.00016346300253644586,fault_total
n3126gat,sa0,1,1/2,exact,9.32059992919676e-05,fault_total
n1353gat,sa0,1,826875/8388608,exact,0.2651632800043444,fault_total
n1425gat,sa0,1,826875/8388608,exact,0.2888884979984141,fault_total
n2352gat,sa0,1,195/8192,exact,0.005834161005623173,fault_total
n289gat_n287gat_A,sa0,1,0,exact,0.014117799000814557,fault_total
n1719gat_n1794gat_B,sa0,1,155/8192,exact,0.005758767998486292,fault_total
n3126gat,sa1,1,1/2,exact,9.606400271877646e-05,fault_total
n3127gat,sa0,1,1/2,exact,8.215900015784428e-05,fault_total
n2209gat,sa0,1,70411/262144,exact,0.007201186002930626,fault_total
n2146gat,sa0,1,4421/16384,exact,0.0068548080016626045,fault_total
n1561gat,sa0,1,428739/268435456,exact,0.010854462001589127,fault_total
n2352gat,sa1,1,6955/131072,exact,0.006147968000732362,fault_total
n289gat_n288gat_A,sa0,1,31/256,exact,0.0151122809984372,fault_total
n1625gat,sa0,1,1/32,exact,0.0001931269944179803,fault_total
n1719gat_n1994gat_A,sa0,1,7436435/268435456,exact,0.013433398999040946,fault_total
n3127gat,sa1,1,1/2,exact,9.703000250738114e-05,fault_total
n3128gat,sa0,1,1/2,exact,8.88680006028153e-05,fault_total
n1391gat,sa0,1,1/1024,exact,0.00022274599905358627,fault_total
n2048gat,sa0,1,0,exact,0.0004143959959037602,fault_total
n1634gat,sa0,1,31/1024,exact,0.00033725899993442,fault_total
n2209gat,sa1,1,4421/16384,exact,0.0063067759983823635,fault_total
n2146gat,sa1,1,70411/262144,exact,0.00704788499569986,fault_total
n82gat,sa0,1,17/8192,exact,0.006090764996770304,fault_total
n1157gat,sa0,1,48825/4194304,exact,0.11739532399951713,fault_total
n1418gat,sa0,1,826875/8388608,exact,0.26508396999997785,fault_total
n1355gat,sa0,1,826875/8388608,exact,0.24357621000672225,fault_total
n1436gat,sa0,1,826875/8388608,exact,0.23884537700359942,fault_total
n1724gat,sa0,1,428739/268435456,exact,0.010631370998453349,fault_total
n1652gat,sa0,1,428739/268435456,exact,0.01111310600390425,fault_total
n2282gat,sa0,1,32995/131072,exact,0.006245062999369111,fault_total
n1607gat,sa0,1,16275/4194304,exact,0.0183545999971102,fault_total
n1922gat,sa0,1,553929/268435456,exact,0.010116569996171165,fault_total
n1626gat,sa0,1,1/32,exact,0.00018838699907064438,fault_total
n1625gat,sa1,1,31/32,exact,0.00015453000378329307,fault_total
n3128gat,sa1,1,1/2,exact,9.946399950422347e-05,fault_total
n1391gat,sa1,1,1023/1024,exact,0.00024093400134006515,fault_total
n2048gat,sa1,1,16656219/16777216,exact,0.0060352090004016645,fault_total
n82gat,sa1,1,1081/2048,exact,0.008483899997372646,fault_total
n1437gat,sa0,1,826875/8388608,exact,0.30473385300138034,fault_total
n1356gat,sa0,1,826875/8388608,exact,0.29244650100008585,fault_total
n1572gat,sa0,1,7436435/134217728,exact,0.011107917001936585,fault_total
n1581gat,sa0,1,78511/67108864,exact,0.009303095001087058,fault_total
n1671gat,sa0,1,435907/16777216,exact,0.015520790999289602,fault_total
n1743gat,sa0,1,2433841/268435456,exact,0.010531423999054823,fault_total
n1626gat,sa1,1,31/32,exact,0.00019415899441810325,fault_total
n1636gat,sa0,1,5/256,exact,0.00020032999600516632,fault_total
n1384gat,sa0,1,1/2,exact,0.00015433500084327534,fault_total
n1348gat,sa0,1,48825/4194304,exact,0.4595069679999142,fault_total
n1366gat,sa0,1,826875/8388608,exact,0.23091504100011662,fault_total
n1700gat_II2813_C,sa0,1,1/32,exact,0.00526086799800396,fault_total
n1703gat_II2812_A,sa0,1,1/32,exact,0.005260698999336455,fault_total
n1636gat,sa1,1,251/256,exact,0.0002432570036035031,fault_total
n1439gat,sa0,1,826875/8388608,exact,0.30505398599780165,fault_total
n1727gat,sa0,1,428739/268435456,exact,0.011276376993919257,fault_total
n2582gat,sa0,1,1/2,exact,0.0012145950022386387,fault_total
n1592gat,sa0,1,48825/4194304,exact,0.24397506099921884,fault_total
n1702gat_II2813_B,sa0,1,1/32,exact,0.005286052997689694,fault_total
n1778gat_n1695gat_B,sa0,1,1/32,exact,0.004703853999671992,fault_total
n1890gat,sa0,1,1/2,exact,0.00036024499422637746,fault_total
n1449gat,sa0,1,106575/1048576,exact,0.2339898100035498,fault_total
n1656gat,sa0,1,428739/268435456,exact,0.010728627996286377,fault_total
n2349gat,sa0,1,66315/262144,exact,0.005836555996211246,fault_total
n2582gat,sa1,1,1/2,exact,0.0009710259982966818,fault_total
n2619gat,sa0,1,1/2,exact,0.0009630389977246523,fault_total
n1917gat,sa0,1,553929/268435456,exact,0.010175791998335626,fault_total
n1476gat,sa0,1,10762495/67108864,exact,0.09229640800185734,fault_total
n1704gat_II2812_B,sa0,1,1/32,exact,0.004866703995503485,fault_total
n1864gat,sa0,1,78511/134217728,exact,0.00978055399900768,fault_total
n1855gat,sa0,1,3771/4096,exact,0.0008748969994485378,fault_total
n1648gat,sa0,1,428739/268435456,exact,0.011204058995645028,fault_total
n2619gat,sa1,1,1/2,exact,0.0009833649965003133,fault_total
n1476gat,sa1,1,53337785/268435456,exact,0.10386940400348976,fault_total
n1698gat_n1696gat_B,sa0,1,93/4096,exact,0.00037607100239256397,fault_total
n1864gat,sa1,1,237709/67108864,exact,0.01189053100097226,fault_total
n1855gat,sa1,1,325/4096,exact,0.0010734530005720444,fault_total
n1478gat,sa0,1,48825/4194304,exact,0.12533070300560212,fault_total
n1487gat,sa0,1,826875/8388608,exact,0.2487637009980972,fault_total
n2585gat,sa0,1,1/2,exact,0.0012479979995987378,fault_total
n1895gat_n1896gat_B,sa0,1,1105/262144,exact,0.007910275999165606,fault_total
n1569gat,sa0,1,428739/268435456,exact,0.01061883800139185,fault_total
n2585gat,sa1,1,1/2,exact,0.0010308309938409366,fault_total
n1859gat,sa0,1,15369459/268435456,exact,0.011227499002416153,fault_total
n1859gat,sa1,1,495789/268435456,exact,0.009943436001776718,fault_total
n1978gat,sa0,1,31/16384,exact,0.0003973729981225915,fault_total
n1778gat_II2812_C,sa0,1,1/32,exact,0.005046227997809183,fault_total
II1733,sa0,1,66839918343/1099511627776,exact,0.09042695300013293,fault_total
n1625gat_stem_n1780gat_B,sa0,1,1/32,exact,0.004997135001758579,fault_total
n1626gat_stem_n1780gat_C,sa0,1,1/32,exact,0.00495967499591643,fault_total
n130gat,sa0,1,1/4,exact,0.013288255999214016,fault_total
n130gat,sa1,1,1/4,exact,0.013173534993256908,fault_total
n129gat,sa0,1,1/4,exact,0.014069340002606623,fault_total
n129gat,sa1,1,1/4,exact,0.013320019999810029,fault_total
n754gat,sa0,1,1/4,exact,0.006473907000327017,fault_total
n754gat,sa1,1,1/4,exact,0.0066046380015905015,fault_total
n757gat,sa0,1,1/4,exact,0.006493845998193137,fault_total
n757gat,sa1,1,1/4,exact,0.0066674059999058954,fault_total
n876gat,sa0,1,48825/4194304,exact,0.14140716600377345,fault_total
n1700gat_n1604gat_D,sa0,1,1/32,exact,0.009148279001237825,fault_total
n1704gat_n2421gat_B,sa0,1,525/2097152,exact,0.015907080000033602,fault_total
n406gat_n410gat_D,sa0,1,511/65536,exact,0.014557463997334708,fault_total
n17gat_n15gat_B,sa0,1,94026555/2147483648,exact,0.03459458200086374,fault_total
n1702gat_n1604gat_C,sa0,1,1/32,exact,0.009051314002135769,fault_total
n1635gat_n1800gat_A,sa0,1,31/1024,exact,0.00028501899942057207,fault_total
n1700gat_n1690gat_A,sa0,1,1/32,exact,0.004939279999234714,fault_total
n523gat_n630gat_B,sa0,1,0,exact,0.015033948002383113,fault_total
n414gat_n632gat_A,sa0,1,511/32768,exact,0.023074216005625203,fault_total
n523gat_n631gat_A,sa0,1,0,exact,0.005945236000115983,fault_total
n1551gat_n1516gat_A,sa0,1,31/1024,exact,0.0002659070014487952,fault_total
n1961gat_n2330gat_B,sa0,1,325/16384,exact,0.00627846599672921,fault_total
n634gat_n630gat_A,sa0,1,66942837/4294967296,exact,0.04493166600150289,fault_total
n523gat_n632gat_B,sa0,1,767/65536,exact,0.025489893996564206,fault_total
n1703gat_n1608gat_B,sa0,1,1915533/268435456,exact,0.0994281309976941,fault_total
n1704gat_n1608gat_A,sa0,1,1915533/268435456,exact,0.0961718969992944,fault_total
n1702gat_n1690gat_B,sa0,1,1/32,exact,0.00035306000063428655,fault_total
n290gat_n291gat_A,sa0,1,623214059/2147483648,exact,0.4706093780041556,fault_total
n1401gat_n1397gat_B,sa0,1,189/1024,exact,0.008010596997337416,fault_total
n406gat_n409gat_A,sa0,1,484921/33554432,exact,0.031318729001213796,fault_total
n414gat_n636gat_A,sa0,1,0,exact,0.007356383997830562,fault_total
n2049gat_n2057gat_A,sa0,1,325/8192,exact,0.000382397003704682,fault_total
n17gat_n84gat_B,sa0,1,1395/32768,exact,0.038770903993281536,fault_total
n414gat_n635gat_C,sa0,1,0,exact,0.015806387993507087,fault_total
n17gat_n85gat_A,sa0,1,45/2048,exact,0.005124730996612925,fault_total
n1277gat_n1271gat_B,sa0,1,1/8,exact,0.009412872001121286,fault_total
n2352gat_n2565gat_A,sa0,1,195/16384,exact,0.005220884995651431,fault_total
n1864gat_n1920gat_A,sa0,1,78511/268435456,exact,0.009951189000275917,fault_total
n1300gat,sa0,1,525/131072,exact,0.01587749099417124,fault_total
n2146gat_n2196gat_B,sa0,1,325/8192,exact,0.00615318599739112,fault_total
n2582gat_n2580gat_A,sa0,1,1/4,exact,0.010550099999818485,fault_total
n1476gat_n1472gat_A,sa0,1,275/2048,exact,0.007519099999626633,fault_total
n2048gat_n2539gat_A,sa0,1,0,exact,0.0003157739993184805,fault_total
n2619gat_n2615gat_B,sa0,1,1/4,exact,0.010558845002378803,fault_total
n1855gat_n2192gat_B,sa0,1,3771/4096,exact,0.0003321530020912178,fault_total
n1855gat_n2057gat_B,sa0,1,3771/8192,exact,0.0003259450022596866,fault_total
n1855gat_n2147gat_B,sa0,1,116901/131072,exact,0.00879809599427972,fault_total
n2209gat_n2396gat_B,sa0,1,4875/131072,exact,0.00622450299852062,fault_total
n754gat_n751gat_B,sa0,1,1/8,exact,0.006587609997950494,fault_total
n1105gat,sa0,1,525/131072,exact,0.014496859002974816,fault_total
n1855gat_n2329gat_A,sa0,1,3771/8192,exact,0.005059734998212662,fault_total
n2582gat_n2583gat_A,sa0,1,1/4,exact,0.010763970996777061,fault_total
n2619gat_n2617gat_B,sa0,1,1/4,exact,0.010655387995939236,fault_total
n1610gat,sa0,1,35/512,exact,0.0002776320034172386,fault_total
n1151gat,sa0,1,525/1048576,exact,0.01518396499886876,fault_total
n1322gat,sa0,1,525/131072,exact,0.014531102999171708,fault_total
n1502gat,sa0,1,17325/4194304,exact,0.013474579995090608,fault_total
n1106gat,sa0,1,525/131072,exact,0.01492510800017044,fault_total
n1855gat_n2194gat_B,sa0,1,11313/16384,exact,0.0003897600035998039,fault_total
n1610gat,sa1,1,477/512,exact,0.00022696000087307766,fault_total
n1800gat,sa0,1,1/1024,exact,0.00033342099777655676,fault_total
n1855gat_n2195gat_B,sa0,1,116901/131072,exact,0.01544614299928071,fault_total
n757gat_n750gat_C,sa0,1,1/8,exact,0.006486603000666946,fault_total
n2585gat_n2581gat_B,sa0,1,1/4,exact,0.010378465995017905,fault_total
n1800gat,sa1,1,1023/1024,exact,0.0003150830016238615,fault_total
n1153gat,sa0,1,525/1048576,exact,0.013359130993194412,fault_total
n1306gat,sa0,1,525/131072,exact,0.014512745998217724,fault_total
n1630gat,sa0,1,125262495/268435456,exact,0.010785164995468222,fault_total
n2350gat,sa0,1,4421/262144,exact,0.007132602004276123,fault_total
n757gat_n751gat_C,sa0,1,1/8,exact,0.0070071859954623505,fault_total
n52gat,sa0,1,1/4,exact,0.006511705003504176,fault_total
n61gat,sa0,1,1/4,exact,0.006905217996973079,fault_total
n1604gat,sa0,1,7/8,exact,0.006011553996358998,fault_total
n1859gat_n1915gat_A,sa0,1,31/1024,exact,0.0002866689974325709,fault_total
n2585gat_n2583gat_B,sa0,1,1/4,exact,0.011900329998752568,fault_total
n1452gat,sa0,1,1/4,exact,0.00022601400269195437,fault_total
n52gat,sa1,1,1/4,exact,0.006756719005352352,fault_total
n53gat,sa0,1,1/4,exact,0.006572291000338737,fault_total
n61gat,sa1,1,1/4,exact,0.006597270003112499,fault_total
n1155gat,sa0,1,525/1048576,exact,0.015543485002126545,fault_total
n1164gat,sa0,1,525/131072,exact,0.015472895996936131,fault_total
n1604gat,sa1,1,1/8,exact,0.006204129000252578,fault_total
n1516gat,sa0,1,1/1024,exact,0.0002567839983385056,fault_total
n2056gat,sa0,1,403031/1048576,exact,0.009305104002123699,fault_total
n53gat,sa1,1,1/4,exact,0.006495157998870127,fault_total
n1156gat,sa0,1,525/1048576,exact,0.013211532997956965,fault_total
n1309gat,sa0,1,525/131072,exact,0.01836812599503901,fault_total
n754gat_n749gat_B,sa0,1,1/8,exact,0.007125220996385906,fault_total
n1859gat_n1916gat_B,sa0,1,7436435/268435456,exact,0.01129858100466663,fault_total
n1516gat,sa1,1,1023/1024,exact,0.0002792129962472245,fault_total
n2056gat,sa1,1,403551/1048576,exact,0.008800114002951887,fault_total
n1544gat,sa0,1,1085/4096,exact,0.00034092799614882097,fault_total
n64gat,sa0,1,1/4,exact,0.007225040004414041,fault_total
n1247gat,sa0,1,525/131072,exact,0.01819129799696384,fault_total
n1733gat,sa0,1,239885/134217728,exact,0.010378443999798037,fault_total
n1707gat,sa0,1,1085/4096,exact,0.00033522000012453645,fault_total
n64gat,sa1,1,1/4,exact,0.006737356001394801,fault_total
n65gat,sa0,1,1/4,exact,0.0065930909986491315,fault_total
n1158gat,sa0,1,525/1048576,exact,0.013279523998789955,fault_total
n1374gat,sa0,1,525/131072,exact,0.014924053000868298,fault_total
n1248gat,sa0,1,525/131072,exact,0.025546848999510985,fault_total
n1608gat,sa0,1,3422962779/17179869184,exact,0.43689667800208554,fault_total
n1690gat,sa0,1,15/16,exact,0.004824677998840343,fault_total
n65gat,sa1,1,1/4,exact,0.006572997001057956,fault_total
n1159gat,sa0,1,525/1048576,exact,0.012396304999128915,fault_total
n1573gat,sa0,1,15/32768,exact,0.010215326001343783,fault_total
n1608gat,sa1,1,1915533/134217728,exact,0.1072453959932318,fault_total
n3149gat,sa0,1,7/8,exact,0.00020694599515991285,fault_total
n1565gat,sa0,1,1/1024,exact,0.0002572030061855912,fault_total
n1690gat,sa1,1,1/16,exact,0.0002771639992715791,fault_total
n85gat,sa0,1,3/2048,exact,0.0004916780017083511,fault_total
n49gat,sa0,1,1/4,exact,0.0068232819976401515,fault_total
n1574gat,sa0,1,27/32768,exact,0.010519675000978168,fault_total
n3149gat,sa1,1,1/8,exact,0.0001547799984109588,fault_total
n1565gat,sa1,1,1023/1024,exact,0.00022813899704487994,fault_total
n1593gat,sa0,1,1/64,exact,0.000165174002177082,fault_total
n85gat,sa1,1,1527/4096,exact,0.005394700005126651,fault_total
n49gat,sa1,1,1/4,exact,0.0063153219962259755,fault_total
n1278gat,sa0,1,1/4,exact,0.009970413993869442,fault_total
n1629gat,sa0,1,62631085/134217728,exact,0.010668823000742123,fault_total
n1567gat,sa0,1,1/1024,exact,0.000288795999949798,fault_total
n1593gat,sa1,1,63/64,exact,0.0001919190035550855,fault_total
n1278gat,sa1,1,1/4,exact,0.010128739006177057,fault_total
n1279gat,sa0,1,1/4,exact,0.0095103309940896,fault_total
n2647gat,sa0,1,1/4,exact,0.0067968490038765594,fault_total
n1378gat,sa0,1,525/131072,exact,0.017062475002603605,fault_total
n1369gat,sa0,1,525/131072,exact,0.01721407100558281,fault_total
n1396gat,sa0,1,2326569/33554432,exact,0.12310997799795587,fault_total
n1684gat,sa0,1,3693471/33554432,exact,0.0411993439993239,fault_total
n1567gat,sa1,1,1023/1024,exact,0.0002780949944281019,fault_total
n1892gat,sa0,1,133612093/268435456,exact,0.013108712999382988,fault_total
n1279gat,sa1,1,1/4,exact,0.009651370004576165,fault_total
n2648gat,sa0,1,1/4,exact,0.0068030779948458076,fault_total
n2666gat,sa0,1,525/2097152,exact,0.01565586600190727,fault_total
n1396gat,sa1,1,4752153/33554432,exact,0.1272954710002523,fault_total
n1892gat,sa1,1,133613393/268435456,exact,0.011304728002869524,fault_total
n1794gat,sa0,1,5/8192,exact,0.0054522119971807115,fault_total
n1796gat,sa0,1,3/8192,exact,0.00547003199608298,fault_total
n1994gat,sa0,1,239885/268435456,exact,0.009968767000827938,fault_total
n1896gat,sa0,1,6045/262144,exact,0.007488142997317482,fault_total
n1896gat,sa1,1,14105/262144,exact,0.007078824994096067,fault_total
n1889gat,sa0,1,381/512,exact,0.009880016004899517,fault_total
II2812,sa0,1,3/32,exact,0.005509107002581004,fault_total
n410gat,sa0,1,0,exact,0.009641606004151981,fault_total
n510gat,sa0,1,1/4,exact,0.007591666995722335,fault_total
n510gat,sa1,1,1/4,exact,0.007268000998010393,fault_total
n125gat,sa0,1,1/4,exact,0.015009171998826787,fault_total
n513gat,sa0,1,1/4,exact,0.006870651995996013,fault_total
n125gat,sa1,1,1/4,exact,0.013415772998996545,fault_total
n513gat,sa1,1,1/4,exact,0.006564559000253212,fault_total
n514gat,sa0,1,1/4,exact,0.006592454999918118,fault_total
n127gat,sa0,1,1/4,exact,0.013934350005001761,fault_total
n334gat,sa0,1,31589/32768,exact,0.013486518000718206,fault_total
n253gat,sa0,1,31589/32768,exact,0.01081495599646587,fault_total
n524gat,sa0,1,88920259375/2199023255552,exact,0.26555587500479305,fault_total
n514gat,sa1,1,1/4,exact,0.007317456002056133,fault_total
n127gat,sa1,1,1/4,exact,0.014558610004314687,fault_total
n334gat,sa1,1,1019/32768,exact,0.007884254002419766,fault_total
n253gat,sa1,1,1019/32768,exact,0.006699179000861477,fault_total
n524gat,sa1,1,217903919/8589934592,exact,0.04854829700343544,fault_total
n633gat,sa0,1,360076021/8589934592,exact,0.2462626979977358,fault_total
n291gat,sa0,1,89735471/2147483648,exact,0.22287805999803822,fault_total
n633gat,sa1,1,9/256,exact,0.02631246900273254,fault_total
n291gat,sa1,1,4005879917/8589934592,exact,1.158822188997874,fault_total
n942gat,sa0,1,1/4,exact,0.007212511001853272,fault_total
n573gat,sa0,1,1/4,exact,0.007497352999052964,fault_total
n286gat,sa0,1,12050951/2147483648,exact,0.029082118002406787,fault_total
n942gat,sa1,1,1/4,exact,0.007352649001404643,fault_total
n943gat,sa0,1,1/4,exact,0.0073730399963096716,fault_total
n573gat,sa1,1,1/4,exact,0.006822962997830473,fault_total
n358gat,sa0,1,6469747/33554432,exact,0.06325863000529353,fault_total
n286gat,sa1,1,920642055/2147483648,exact,0.04245232000539545,fault_total
n287gat,sa0,1,94207/16777216,exact,0.05063614500249969,fault_total
n755gat,sa0,1,1/4,exact,0.008268902995041572,fault_total
n943gat,sa1,1,1/4,exact,0.0077406839991454035,fault_total
n639gat,sa0,1,88920259375/2199023255552,exact,0.31724928000039654,fault_total
n288gat,sa0,1,62890517/8589934592,exact,0.06920993499807082,fault_total
n287gat,sa1,1,94207/16777216,exact,0.06010322100337362,fault_total
n755gat,sa1,1,1/4,exact,0.007407280005281791,fault_total
n756gat,sa0,1,1/4,exact,0.0072940669997478835,fault_total
n576gat,sa0,1,1/4,exact,0.007008618995314464,fault_total
n639gat,sa1,1,217962893/8589934592,exact,0.06022179799765581,fault_total
n288gat,sa1,1,2136973845/8589934592,exact,0.0915923130014562,fault_total
n756gat,sa1,1,1/4,exact,0.007163292000768706,fault_total
n576gat,sa1,1,1/4,exact,0.007054939997033216,fault_total
n577gat,sa0,1,1/4,exact,0.006768753002688754,fault_total
n982gat,sa0,1,525/1048576,exact,0.013006915003643371,fault_total
n577gat,sa1,1,1/4,exact,0.007293242000741884,fault_total
n939gat,sa0,1,1/4,exact,0.007489659998100251,fault_total
n939gat,sa1,1,1/4,exact,0.006923321998328902,fault_total
n877gat,sa0,1,525/1048576,exact,0.013153940002666786,fault_total
n130gat_n123gat_A,sa0,1,1/8,exact,0.01469887300481787,fault_total
n130gat_n124gat_A,sa0,1,1/8,exact,0.014538224997522775,fault_total
n82gat_n12gat_B,sa0,1,1/1024,exact,0.010339704000216443,fault_total
n129gat_n122gat_C,sa0,1,1/8,exact,0.01556282600358827,fault_total
n129gat_n123gat_C,sa0,1,1/8,exact,0.014520252996589988,fault_total
n286gat_n181gat_A,sa0,1,16383/8388608,exact,0.03611411999736447,fault_total
n49gat_n44gat_B,sa0,1,1/8,exact,0.007358542003203183,fault_total
n1278gat_n1271gat_C,sa0,1,1/8,exact,0.010645735004800372,fault_total
n1279gat_n1272gat_A,sa0,1,1/8,exact,0.01092372799757868,fault_total
n291gat_n419gat_B,sa0,1,387783/16777216,exact,0.027429383000708185,fault_total
n633gat_n636gat_B,sa0,1,5/1024,exact,0.011279711005045101,fault_total
n287gat_n180gat_C,sa0,1,1/1024,exact,0.005383322000852786,fault_total
n49gat_n46gat_B,sa0,1,1/8,exact,0.007147985001211055,fault_total
n64gat_n57gat_C,sa0,1,1/8,exact,0.006976239994401112,fault_total
n65gat_n58gat_A,sa0,1,1/8,exact,0.006785505996958818,fault_total
n573gat_n570gat_B,sa0,1,1/8,exact,0.0070943109967629425,fault_total
n1278gat_n1272gat_C,sa0,1,1/8,exact,0.010609724995447323,fault_total
n1279gat_n1273gat_A,sa0,1,1/8,exact,0.01042929299728712,fault_total
n2056gat_n2387gat_A,sa0,1,9815/262144,exact,0.007958775000588503,fault_total
n64gat_n58gat_C,sa0,1,1/8,exact,0.007064820994855836,fault_total
n65gat_n59gat_A,sa0,1,1/8,exact,0.007198172002972569,fault_total
n1396gat_n1408gat_B,sa0,1,687393/16777216,exact,0.09882448300049873,fault_total
n1302gat,sa0,1,525/131072,exact,0.014938612002879381,fault_total
n2050gat,sa0,1,1/4,exact,0.005408565004472621,fault_total
n1303gat,sa0,1,525/131072,exact,0.014583445998141542,fault_total
n21gat,sa0,1,3190634433/4294967296,exact,0.3114939820006839,fault_total
n85gat_n68gat_A,sa0,1,0,exact,0.0002826790005201474,fault_total
n756gat_n750gat_B,sa0,1,1/8,exact,0.007825179003702942,fault_total
n577gat_n570gat_A,sa0,1,1/8,exact,0.007304108003154397,fault_total
n1892gat_n2436gat_B,sa0,1,9945/262144,exact,0.008074470999417827,fault_total
n1608gat_n1469gat_B,sa0,1,260015/4194304,exact,0.012841354000556748,fault_total
n639gat_n635gat_A,sa0,1,74961615663/2199023255552,exact,0.2811426539992681,fault_total
n576gat_n570gat_C,sa0,1,1/8,exact,0.007299136996152811,fault_total
n577gat_n571gat_A,sa0,1,1/8,exact,0.00697126400336856,fault_total
n50gat,sa0,1,1/4,exact,0.0006252439998206683,fault_total
n1440gat,sa0,1,525/131072,exact,0.014439238999329973,fault_total
n1710gat,sa0,1,8349923/268435456,exact,0.00765638799930457,fault_total
n287gat_n186gat_B,sa0,1,7/4096,exact,0.006666629000392277,fault_total
n755gat_n752gat_C,sa0,1,1/8,exact,0.0070787869990454055,fault_total
n756gat_n752gat_B,sa0,1,1/8,exact,0.0069084359929547645,fault_total
n50gat,sa1,1,1/4,exact,0.0005792740048491396,fault_total
n51gat,sa0,1,1/4,exact,0.0009634600064600818,fault_total
n60gat,sa0,1,1/4,exact,0.0005772980002802797,fault_total
n1441gat,sa0,1,525/131072,exact,0.01421771700552199,fault_total
n1351gat,sa0,1,525/131072,exact,0.014977751001424622,fault_total
n1360gat,sa0,1,525/131072,exact,0.014620540001487825,fault_total
n287gat_n187gat_B,sa0,1,2089479/1073741824,exact,0.013502531000995077,fault_total
n942gat_n935gat_C,sa0,1,1/8,exact,0.006798588001402095,fault_total
n943gat_n936gat_A,sa0,1,1/8,exact,0.007158009997510817,fault_total
n1396gat_n1466gat_C,sa0,1,951783/33554432,exact,0.014149071997962892,fault_total
n1613gat,sa0,1,35/4096,exact,0.0003223940002499148,fault_total
n51gat,sa1,1,1/4,exact,0.0005943810028838925,fault_total
n60gat,sa1,1,1/4,exact,0.0005359400020097382,fault_total
n1352gat,sa0,1,525/131072,exact,0.014539585994498339,fault_total
n639gat_n636gat_C,sa0,1,13/2048,exact,0.012506015998951625,fault_total
n288gat_n186gat_C,sa0,1,7/4096,exact,0.006669228998362087,fault_total
n942gat_n936gat_C,sa0,1,1/8,exact,0.00702382400049828,fault_total
n943gat_n937gat_A,sa0,1,1/8,exact,0.006775421999918763,fault_total
n573gat_n568gat_B,sa0,1,1/8,exact,0.007145882002077997,fault_total
n1613gat,sa1,1,4061/4096,exact,0.0003266970015829429,fault_total
n62gat,sa0,1,1/4,exact,0.0005620720039587468,fault_total
n1371gat,sa0,1,525/131072,exact,0.015515013001277111,fault_total
n2047gat,sa0,1,1/4,exact,0.005563502003496978,fault_total
n62gat,sa1,1,1/4,exact,0.0006309860036708415,fault_total
n63gat,sa0,1,1/4,exact,0.0005078789981780574,fault_total
n63gat,sa1,1,1/4,exact,0.0005774480014224537,fault_total
n1274gat,sa0,1,1/4,exact,0.0012501999954110943,fault_total
n1409gat,sa0,1,992901/16777216,exact,0.09413026100082789,fault_total
n1490gat,sa0,1,1019/65536,exact,0.0066086639999412,fault_total
n2930gat,sa0,1,525/262144,exact,0.02409072299633408,fault_total
n939gat_n934gat_B,sa0,1,1/8,exact,0.008577009000873659,fault_total
n1896gat_n1971gat_A,sa0,1,6045/524288,exact,0.008402282001043204,fault_total
n1274gat,sa1,1,1/4,exact,0.0012216690010973252,fault_total
n1490gat,sa1,1,31589/65536,exact,0.009446115996979643,fault_total
n2616gat,sa0,1,1/2,exact,0.0010375529964221641,fault_total
n1923gat,sa0,1,715303/268435456,exact,0.01174961499782512,fault_total
n755gat_n749gat_C,sa0,1,1/8,exact,0.007373127999017015,fault_total
n1915gat,sa0,1,1/1024,exact,0.000271486998826731,fault_total
n48gat,sa0,1,1/4,exact,0.0005695200015907176,fault_total
n1276gat,sa0,1,1/4,exact,0.001386707997880876,fault_total
n1357gat,sa0,1,525/131072,exact,0.015788969001732767,fault_total
n2616gat,sa1,1,1/2,exact,0.00113748200237751,fault_total
n939gat_n936gat_B,sa0,1,1/8,exact,0.007276966993231326,fault_total
n576gat_n569gat_C,sa0,1,1/8,exact,0.006954197000595741,fault_total
n1915gat,sa1,1,1023/1024,exact,0.00029380600608419627,fault_total
n48gat,sa1,1,1/4,exact,0.0005633549953927286,fault_total
n1276gat,sa1,1,1/4,exact,0.0012933820034959354,fault_total
n1367gat,sa0,1,525/131072,exact,0.014283058997534681,fault_total
n1358gat,sa0,1,525/131072,exact,0.014840530995570589,fault_total
n2564gat,sa0,1,6955/262144,exact,0.006694937001157086,fault_total
n76gat,sa0,1,1527/4096,exact,0.0056921540017356165,fault_total
n1916gat,sa0,1,239885/268435456,exact,0.010446606000186875,fault_total
n1836gat,sa0,1,1/8,exact,0.005087012999865692,fault_total
n1359gat,sa0,1,525/131072,exact,0.01529958400351461,fault_total
n2565gat,sa0,1,6955/262144,exact,0.006621966997045092,fault_total
n2583gat,sa0,1,1/4,exact,0.011321457001031376,fault_total
n1604gat_II1734_A,sa0,1,13153236943/1099511627776,exact,0.02629822100425372,fault_total
n1836gat,sa1,1,7/8,exact,0.005082477997348178,fault_total
n2583gat,sa1,1,1/2,exact,0.01119967600243399,fault_total
n1792gat,sa0,1,31/1024,exact,0.005245285006822087,fault_total
n79gat,sa0,1,400239447/536870912,exact,0.19567827099672286,fault_total
n88gat,sa0,1,47337/65536,exact,0.25467171399941435,fault_total
n1686gat,sa0,1,1391649/33554432,exact,0.0009469439974054694,fault_total
n1696gat,sa0,1,35/4096,exact,0.00030866700399201363,fault_total
n1885gat,sa0,1,127/128,exact,0.000352091999957338,fault_total
n1696gat,sa1,1,4061/4096,exact,0.00047116499627009034,fault_total
n2957gat,sa0,1,525/262144,exact,0.02444446799927391,fault_total
n2988gat,sa0,1,396907/134217728,exact,0.010420468999654986,fault_total
n2988gat,sa1,1,12304117/134217728,exact,0.01301235800201539,fault_total
n2646gat_stem,sa0,1,1/2,exact,0.0004981009988114238,fault_total
n2646gat_stem,sa1,1,1/2,exact,0.0003325220022816211,fault_total
n123gat,sa0,1,1/8,exact,0.0137579590009409,fault_total
n511gat,sa0,1,1/4,exact,0.0006818980036769062,fault_total
n511gat,sa1,1,1/4,exact,0.00053252399811754,fault_total
n512gat,sa0,1,1/4,exact,0.0006999310062383302,fault_total
n233gat,sa0,1,1019/65536,exact,0.00628105199575657,fault_total
n512gat,sa1,1,1/4,exact,0.0005525570013560355,fault_total
n233gat,sa1,1,31589/65536,exact,0.008217563001380768,fault_total
n741gat,sa0,1,55104876823/1099511627776,exact,0.3854458659989177,fault_total
n940gat,sa0,1,1/4,exact,0.0007183249981608242,fault_total
n741gat,sa1,1,453063/16777216,exact,0.04079415399610298,fault_total
n940gat,sa1,1,1/4,exact,0.0006004460010444745,fault_total
n941gat,sa0,1,1/4,exact,0.0005127760014147498,fault_total
n509gat,sa0,1,1/4,exact,0.000534200000402052,fault_total
n572gat,sa0,1,1/4,exact,0.0009708389989100397,fault_total
n941gat,sa1,1,1/4,exact,0.001024724006128963,fault_total
n509gat,sa1,1,1/4,exact,0.0008323950023623183,fault_total
n572gat,sa1,1,1/4,exact,0.0005343520024325699,fault_total
n574gat,sa0,1,1/4,exact,0.0005534929950954393,fault_total
n574gat,sa1,1,1/4,exact,0.0004651890048990026,fault_total
n575gat,sa0,1,1/4,exact,0.0009124650023295544,fault_total
n359gat,sa0,1,511/65536,exact,0.014169669004331809,fault_total
n575gat,sa1,1,1/4,exact,0.0005452050027088262,fault_total
n199gat,sa0,1,1527/2048,exact,0.005858625001565088,fault_total
n938gat,sa0,1,1/4,exact,0.0006658150014118291,fault_total
n938gat,sa1,1,1/4,exact,0.0008108879992505535,fault_total
n125gat_n121gat_A,sa0,1,1/8,exact,0.014319285000965465,fault_total
n125gat_n122gat_A,sa0,1,1/8,exact,0.01425107700197259,fault_total
n253gat_n140gat_B,sa0,1,31589/131072,exact,0.007591474000946619,fault_total
n1604gat_n1402gat_C,sa0,1,365057/4194304,exact,0.016954766993876547,fault_total
n127gat_n121gat_C,sa0,1,1/8,exact,0.014019000002008397,fault_total
n510gat_n505gat_B,sa0,1,1/8,exact,0.006758854993677232,fault_total
n253gat_n141gat_B,sa0,1,31589/131072,exact,0.005978356995910872,fault_total
n510gat_n507gat_B,sa0,1,1/8,exact,0.006738654999935534,fault_total
n127gat_n124gat_C,sa0,1,1/8,exact,0.014546869999321643,fault_total
n334gat_n250gat_C,sa0,1,31589/131072,exact,0.005621139003778808,fault_total
n1608gat_n1411gat_B,sa0,1,70875/1048576,exact,0.11690795600588899,fault_total
n334gat_n244gat_A,sa0,1,31589/65536,exact,0.005799728001875337,fault_total
n253gat_n136gat_A,sa0,1,31589/65536,exact,0.005665106997184921,fault_total
n524gat_n630gat_C,sa0,1,74961615663/2199023255552,exact,0.29173489599634195,fault_total
n52gat_n45gat_C,sa0,1,1/8,exact,0.0072871299998951145,fault_total
n53gat_n46gat_A,sa0,1,1/8,exact,0.0068762310038437136,fault_total
n513gat_n506gat_C,sa0,1,1/8,exact,0.0069180260034045205,fault_total
n514gat_n507gat_A,sa0,1,1/8,exact,0.006769927997083869,fault_total
n253gat_n137gat_B,sa0,1,31589/65536,exact,0.0005439889937406406,fault_total
n334gat_n245gat_B,sa0,1,31589/65536,exact,0.0056790469971019775,fault_total
n1604gat_n1471gat_C,sa0,1,13/1024,exact,0.006977372999244835,fault_total
n334gat_n247gat_A,sa0,1,31589/131072,exact,0.008382970998354722,fault_total
n524gat_n631gat_C,sa0,1,13/2048,exact,0.009372605003591161,fault_total
n633gat_n631gat_B,sa0,1,3/1024,exact,0.009145035000983626,fault_total
n52gat_n46gat_C,sa0,1,1/8,exact,0.006881191999127623,fault_total
n53gat_n47gat_A,sa0,1,1/8,exact,0.007275802003277931,fault_total
n61gat_n56gat_B,sa0,1,1/8,exact,0.0068707099999301136,fault_total
n513gat_n507gat_C,sa0,1,1/8,exact,0.007233750002342276,fault_total
n514gat_n508gat_A,sa0,1,1/8,exact,0.007019302996923216,fault_total
n253gat_n139gat_A,sa0,1,31589/131072,exact,0.006328980001853779,fault_total
n1690gat_n1721gat_B,sa0,1,15/16384,exact,0.00041702900489326566,fault_total
n334gat_n246gat_C,sa0,1,31589/131072,exact,0.0061090689996490255,fault_total
n633gat_n632gat_C,sa0,1,292967157/8589934592,exact,0.19508870400022715,fault_total
n286gat_n180gat_A,sa0,1,1/1024,exact,0.006964469997910783,fault_total
n61gat_n58gat_B,sa0,1,1/8,exact,0.007300220000615809,fault_total
n63gat_n57gat_B,sa0,1,1/8,exact,0.007005745996139012,fault_total
n1276gat_n1273gat_C,sa0,1,1/8,exact,0.010537797999859322,fault_total
n2616gat_n2617gat_A,sa0,1,1/4,exact,0.01123763200303074,fault_total
n62gat_n59gat_C,sa0,1,1/8,exact,0.0070360109966713935,fault_total
n63gat_n59gat_B,sa0,1,1/8,exact,0.007170425000367686,fault_total
n741gat_n890gat_A,sa0,1,61/4096,exact,0.009584728002664633,fault_total
n3111gat,sa0,1,7/8,exact,0.0002237980006611906,fault_total
n2583gat_n2580gat_B,sa0,1,1/4,exact,0.011520967003889382,fault_total
n2583gat_n2581gat_A,sa0,1,1/4,exact,0.010998702004144434,fault_total
n3111gat,sa1,1,1/8,exact,0.00020373699953779578,fault_total
n940gat_n934gat_C,sa0,1,1/8,exact,0.006651495001278818,fault_total
n574gat_n571gat_C,sa0,1,1/8,exact,0.00718510799924843,fault_total
n575gat_n571gat_B,sa0,1,1/8,exact,0.006708059001539368,fault_total
n741gat_n990gat_B,sa0,1,35/4096,exact,0.010509911997360177,fault_total
n2051gat,sa0,1,3/8,exact,0.0002627319991006516,fault_total
n22gat,sa0,1,6268437/2147483648,exact,0.013168947996746283,fault_total
n941gat_n935gat_B,sa0,1,1/8,exact,0.006998388002102729,fault_total
n3114gat,sa0,1,7/8,exact,0.000217606000660453,fault_total
n572gat_n568gat_A,sa0,1,1/8,exact,0.0068846009962726384,fault_total
n3114gat,sa1,1,1/8,exact,0.00025145200197584927,fault_total
n940gat_n937gat_C,sa0,1,1/8,exact,0.006818679998104926,fault_total
n941gat_n937gat_B,sa0,1,1/8,exact,0.007222319996799342,fault_total
n572gat_n569gat_A,sa0,1,1/8,exact,0.006938154001545627,fault_total
n1272gat,sa0,1,1/8,exact,0.010063523994176649,fault_total
n1407gat,sa0,1,381885/8388608,exact,0.07942703300068388,fault_total
n938gat_n934gat_A,sa0,1,1/8,exact,0.0076703320009983145,fault_total
n741gat_n987gat_A,sa0,1,61/4096,exact,0.010107394002261572,fault_total
n2281gat,sa0,1,4421/16384,exact,0.006812433995946776,fault_total
n1840gat,sa0,1,1019/2048,exact,0.010835590001079254,fault_total
n1408gat,sa0,1,687393/8388608,exact,0.07739434200630058,fault_total
n1471gat,sa0,1,3/2048,exact,0.007347563005168922,fault_total
n2988gat_n2147gat_A,sa0,1,325/131072,exact,0.008065859001362696,fault_total
n938gat_n935gat_A,sa0,1,1/8,exact,0.006857622000097763,fault_total
n574gat_n568gat_C,sa0,1,1/8,exact,0.00722979599959217,fault_total
n741gat_n997gat_A,sa0,1,61/4096,exact,0.009460519002459478,fault_total
n2281gat,sa1,1,70411/262144,exact,0.0071568380008102395,fault_total
n46gat,sa0,1,1/8,exact,0.0071290790001512505,fault_total
n1427gat,sa0,1,6180481/1073741824,exact,0.04151032400113763,fault_total
n575gat_n569gat_B,sa0,1,1/8,exact,0.006936387995665427,fault_total
n741gat_n988gat_B,sa0,1,61/4096,exact,0.009829985996475443,fault_total
n1427gat,sa1,1,124581289/1073741824,exact,0.20685418200446293,fault_total
n741gat_n989gat_B,sa0,1,55/4096,exact,0.011417670000810176,fault_total
n741gat_n998gat_B,sa0,1,61/4096,exact,0.009946871003194246,fault_total
n1924gat,sa0,1,78511/268435456,exact,0.010088549999636598,fault_total
n58gat,sa0,1,1/8,exact,0.006995289004407823,fault_total
n1970gat,sa0,1,14105/524288,exact,0.007474135003576521,fault_total
n1466gat,sa0,1,2002581/33554432,exact,0.01571120299922768,fault_total
n67gat,sa0,1,1527/4096,exact,0.0005059129980509169,fault_total
n1925gat,sa0,1,558281/268435456,exact,0.011271730996668339,fault_total
n2646gat,sa0,1,1/2,exact,0.00018489699868950993,fault_total
n1971gat,sa0,1,14105/524288,exact,0.007403016003081575,fault_total
n77gat,sa0,1,3/2048,exact,0.00046018900320632383,fault_total
n2646gat,sa1,1,1/2,exact,0.00025452300178585574,fault_total
n1945gat,sa0,1,1/16,exact,0.00019272399367764592,fault_total
n78gat,sa0,1,1533/524288,exact,0.014919270994141698,fault_total
n2566gat,sa0,1,195/16384,exact,0.005743116002122406,fault_total
n1793gat,sa0,1,1/1024,exact,0.0003187750044162385,fault_total
n1945gat,sa1,1,15/16,exact,0.00030248400435084477,fault_total
n78gat,sa1,1,133543965/134217728,exact,0.2040121470054146,fault_total
n1694gat,sa0,1,13/16,exact,0.0006000930006848648,fault_total
n1469gat,sa0,1,3643/524288,exact,0.010097060003317893,fault_total
n1793gat,sa1,1,1023/1024,exact,0.000381603000278119,fault_total
n1694gat,sa1,1,3/16,exact,0.005395356005465146,fault_total
n1659gat,sa0,1,300663/8388608,exact,0.04383502600103384,fault_total
n2973gat,sa0,1,525/32768,exact,0.026651804000721313,fault_total
n89gat,sa0,1,93/32768,exact,0.01323035400127992,fault_total
n1469gat,sa1,1,124962601/536870912,exact,0.025418431003345177,fault_total
n1659gat,sa1,1,21/16384,exact,0.011977600006503053,fault_total
n2977gat,sa0,1,525/32768,exact,0.024815545002638828,fault_total
n2978gat,sa0,1,525/32768,exact,0.025202475000696722,fault_total
n1490gat_n251gat_A,sa0,1,1019/65536,exact,0.005168634001165628,fault_total
n233gat_n38gat_B,sa0,1,1019/131072,exact,0.005648894002661109,fault_total
n1490gat_n248gat_B,sa0,1,1019/131072,exact,0.005763417000707705,fault_total
n200gat,sa0,1,3/1024,exact,0.00501834799797507,fault_total
n741gat_n1097gat_B,sa0,1,61/4096,exact,0.01010025499999756,fault_total
n741gat_n1098gat_B,sa0,1,61/4096,exact,0.0008153560047503561,fault_total
n121gat,sa0,1,1/8,exact,0.01425286599987885,fault_total
n1685gat_stem,sa0,1,1/8,exact,0.0007702939983573742,fault_total
n122gat,sa0,1,1/8,exact,0.013713715998164844,fault_total
n140gat,sa0,1,1019/131072,exact,0.00645436899503693,fault_total
n1685gat_stem,sa1,1,7/8,exact,0.0006966119981370866,fault_total
n141gat,sa0,1,1019/131072,exact,0.006290764998993836,fault_total
n140gat,sa1,1,129413/131072,exact,0.0006017609994160011,fault_total
n124gat,sa0,1,1/8,exact,0.013728393998462707,fault_total
n250gat,sa0,1,1019/131072,exact,0.00571185599983437,fault_total
n630gat,sa0,1,134017839/8589934592,exact,0.04741471799934516,fault_total
n630gat,sa1,1,55349351831719/562949953421312,exact,1.528281484002946,fault_total
n244gat,sa0,1,1019/65536,exact,0.006291457997576799,fault_total
n136gat,sa0,1,3057/262144,exact,0.005644551994919311,fault_total
n632gat,sa0,1,5/256,exact,0.017625394997594412,fault_total
n137gat,sa0,1,1019/65536,exact,0.00526906499726465,fault_total
n245gat,sa0,1,3057/262144,exact,0.005590925000433344,fault_total
n407gat,sa0,1,26632307/67108864,exact,0.1132625590034877,fault_total
n632gat,sa1,1,13333603045511/140737488355328,exact,0.763812004995998,fault_total
n507gat,sa0,1,1/8,exact,0.007372792999376543,fault_total
n570gat,sa0,1,1/8,exact,0.0069897189969196916,fault_total
n246gat,sa0,1,1019/262144,exact,0.0054587659979006276,fault_total
n407gat,sa1,1,1042503/16777216,exact,0.04657132599822944,fault_total
n247gat,sa0,1,1019/131072,exact,0.006617427003220655,fault_total
n139gat,sa0,1,1019/262144,exact,0.005638686998281628,fault_total
n635gat,sa0,1,167631245/8589934592,exact,0.057997606993012596,fault_total
n247gat,sa1,1,129413/131072,exact,0.0008359240018762648,fault_total
n455gat,sa0,1,7539313/16777216,exact,0.5947013789991615,fault_total
n635gat,sa1,1,53084500716129/562949953421312,exact,1.2957555670000147,fault_total
n455gat,sa1,1,671687/16777216,exact,0.14554349199897842,fault_total
n179gat,sa0,1,32767/8388608,exact,0.044291598998825066,fault_total
n188gat,sa0,1,266592647/1073741824,exact,0.09944139599974733,fault_total
n179gat,sa1,1,32767/8388608,exact,0.0384580339959939,fault_total
n188gat,sa1,1,7332231/1073741824,exact,0.06405920500401407,fault_total
n189gat,sa0,1,460317191/1073741824,exact,0.029481010999006685,fault_total
n936gat,sa0,1,1/8,exact,0.007266173000971321,fault_total
n189gat,sa1,1,6021639/1073741824,exact,0.021077782999782357,fault_total
n758gat,sa0,1,1/4,exact,0.007440524997946341,fault_total
n758gat,sa1,1,1/4,exact,0.007041012002446223,fault_total
n233gat_n234gat_B,sa0,1,1019/65536,exact,0.005328772000211757,fault_total
n50gat_n44gat_C,sa0,1,1/8,exact,0.007033937996311579,fault_total
n511gat_n505gat_C,sa0,1,1/8,exact,0.006929354996827897,fault_total
n51gat_n45gat_B,sa0,1,1/8,exact,0.007107764002284966,fault_total
n512gat_n506gat_B,sa0,1,1/8,exact,0.007218189995910507,fault_total
n1274gat_n1270gat_A,sa0,1,1/8,exact,0.010196139999607112,fault_total
n60gat_n56gat_A,sa0,1,1/8,exact,0.006895441998494789,fault_total
n1274gat_n1271gat_A,sa0,1,1/8,exact,0.010218543997325469,fault_total
n50gat_n47gat_C,sa0,1,1/8,exact,0.006906294998771045,fault_total
n51gat_n47gat_B,sa0,1,1/8,exact,0.0071450999967055395,fault_total
n60gat_n57gat_A,sa0,1,1/8,exact,0.006757176000974141,fault_total
n511gat_n508gat_C,sa0,1,1/8,exact,0.007100365997757763,fault_total
n512gat_n508gat_B,sa0,1,1/8,exact,0.006757634000678081,fault_total
n48gat_n44gat_A,sa0,1,1/8,exact,0.006925068999407813,fault_total
n509gat_n505gat_A,sa0,1,1/8,exact,0.0070256019971566275,fault_total
n1276gat_n1270gat_C,sa0,1,1/8,exact,0.010238907998427749,fault_total
n2616gat_n2614gat_A,sa0,1,1/4,exact,0.010911930003203452,fault_total
n48gat_n45gat_A,sa0,1,1/8,exact,0.007239250000566244,fault_total
n62gat_n56gat_C,sa0,1,1/8,exact,0.006845345000328962,fault_total
n509gat_n506gat_A,sa0,1,1/8,exact,0.006856225001683924,fault_total
n188gat_n180gat_B,sa0,1,993/4096,exact,0.006048581999493763,fault_total
n179gat_n181gat_B,sa0,1,16383/8388608,exact,0.047470306999457534,fault_total
n188gat_n181gat_C,sa0,1,16383/8388608,exact,0.04953707299864618,fault_total
n2281gat_n2197gat_B,sa0,1,325/8192,exact,0.00580046799586853,fault_total
n1659gat_n1723gat_A,sa0,1,100221/67108864,exact,0.012358954998489935,fault_total
n1659gat_n1650gat_B,sa0,1,100221/67108864,exact,0.012339435001194943,fault_total
n3031gat,sa0,1,975/16384,exact,0.0003773400021600537,fault_total
n188gat_n184gat_B,sa0,1,1/512,exact,0.005111345999466721,fault_total
n189gat_n184gat_A,sa0,1,1/512,exact,0.005571317000431009,fault_total
n3031gat,sa1,1,15409/16384,exact,0.0003617940019466914,fault_total
n1403gat,sa0,1,118511133/268435456,exact,0.05418043300596764,fault_total
n179gat_n184gat_C,sa0,1,1/512,exact,0.005717517000448424,fault_total
n1469gat_n1472gat_C,sa0,1,1/512,exact,0.007481410997570492,fault_total
n3015gat,sa0,1,10075/262144,exact,0.006534977997944225,fault_total
n1403gat,sa1,1,51617/4194304,exact,0.01105688600364374,fault_total
n189gat_n186gat_A,sa0,1,435/1024,exact,0.008035245999053586,fault_total
n758gat_n751gat_A,sa0,1,1/8,exact,0.006938549995538779,fault_total
n1427gat_n1498gat_B,sa0,1,525/1048576,exact,0.013940394994278904,fault_total
n3034gat,sa0,1,325/4096,exact,0.0003504510023049079,fault_total
n1711gat,sa0,1,33403267/67108864,exact,0.011617967997153755,fault_total
n1270gat,sa0,1,1/8,exact,0.010376670004916377,fault_total
n189gat_n187gat_A,sa0,1,2089479/1073741824,exact,0.02163714199559763,fault_total
n758gat_n752gat_A,sa0,1,1/8,exact,0.007651493993762415,fault_total
n1659gat_n1563gat_C,sa0,1,100221/67108864,exact,0.012360720000287984,fault_total
n1659gat_n1654gat_B,sa0,1,100221/4194304,exact,0.009563856001477689,fault_total
n1659gat_n1653gat_C,sa0,1,100221/67108864,exact,0.012200966993987095,fault_total
n1659gat_n1644gat_C,sa0,1,100221/67108864,exact,0.012283229996683076,fault_total
n3034gat,sa1,1,3771/4096,exact,0.0003640750001068227,fault_total
n3035gat,sa0,1,325/8192,exact,0.0003346090015838854,fault_total
n1711gat,sa1,1,66806209/134217728,exact,0.012759605997416656,fault_total
n1271gat,sa0,1,1/8,exact,0.010303656999894883,fault_total
n188gat_n187gat_C,sa0,1,2089479/1073741824,exact,0.014359277003677562,fault_total
n1659gat_n1646gat_B,sa0,1,100221/67108864,exact,0.012182619000668637,fault_total
n3035gat,sa1,1,7867/8192,exact,0.0004017530009150505,fault_total
n44gat,sa0,1,1/8,exact,0.006907640003191773,fault_total
n1659gat_n1647gat_B,sa0,1,100221/67108864,exact,0.012453448005544487,fault_total
n45gat,sa0,1,1/8,exact,0.007904794998466969,fault_total
n1273gat,sa0,1,1/8,exact,0.010018551998655312,fault_total
n2237gat,sa0,1,499/1024,exact,0.007800432002113666,fault_total
n73gat,sa0,1,3/2048,exact,0.0005535919990506954,fault_total
n1659gat_n1649gat_B,sa0,1,100221/67108864,exact,0.013256842001283076,fault_total
n2148gat,sa0,1,1879033849/1099511627776,exact,0.017980281001655385,fault_total
n47gat,sa0,1,1/8,exact,0.007054137000523042,fault_total
n56gat,sa0,1,1/8,exact,0.007124805000785273,fault_total
n2580gat,sa0,1,1/4,exact,0.011255464996793307,fault_total
n38gat,sa0,1,31589/131072,exact,0.005596920003881678,fault_total
n2148gat,sa1,1,1097624201223/1099511627776,exact,0.006546541000716388,fault_total
n57gat,sa0,1,1/8,exact,0.006901063003169838,fault_total
n2581gat,sa0,1,1/4,exact,0.011556732002645731,fault_total
n2617gat,sa0,1,1/4,exact,0.010935074002190959,fault_total
n1097gat,sa0,1,13/1024,exact,0.009167238997179084,fault_total
n2617gat,sa1,1,1/2,exact,0.011637944000540301,fault_total
n59gat,sa0,1,1/8,exact,0.006843955001386348,fault_total
n1098gat,sa0,1,13/1024,exact,0.008551868006179575,fault_total
n1926gat,sa0,1,235533/268435456,exact,0.010422578001453076,fault_total
n1990gat,sa0,1,527/32768,exact,0.009074847999727353,fault_total
n1972gat,sa0,1,6045/524288,exact,0.008332905999850482,fault_total
n1427gat_II4216_A,sa0,1,0,exact,0.006672928997431882,fault_total
n1685gat,sa0,1,1/8,exact,0.0002710490007302724,fault_total
n1990gat,sa1,1,17/32768,exact,0.007847861001209822,fault_total
n2981gat,sa0,1,883791/4194304,exact,0.23266858299757587,fault_total
n1685gat,sa1,1,7/8,exact,0.00029156699747545645,fault_total
n2884gat,sa0,1,5095/262144,exact,0.005704773000616115,fault_total
n2884gat,sa1,1,255769/262144,exact,0.005898055998841301,fault_total
n2877gat,sa0,1,5095/262144,exact,0.005163718000403605,fault_total
n2877gat,sa1,1,255769/262144,exact,0.0051512370046111755,fault_total
n455gat_n1011gat_A,sa0,1,53/512,exact,0.008962113002780825,fault_total
n455gat_n1010gat_B,sa0,1,53/512,exact,0.008801517004030757,fault_total
n455gat_n1030gat_A,sa0,1,53/512,exact,0.008918765000998974,fault_total
n455gat_n1031gat_B,sa0,1,53/512,exact,0.011655017995508388,fault_total
n455gat_n1005gat_B,sa0,1,53/512,exact,0.009032545996888075,fault_total
n78gat_n212gat_B,sa0,1,2343/1048576,exact,0.009595413997885771,fault_total
n455gat_n1028gat_A,sa0,1,121/1024,exact,0.013087421000818722,fault_total
n455gat_n1181gat_A,sa0,1,53/512,exact,0.009082208998734131,fault_total
n455gat_n1029gat_B,sa0,1,159/1024,exact,0.010100778003106825,fault_total
n455gat_n1182gat_B,sa0,1,53/512,exact,0.009488980002060998,fault_total
n247gat_n39gat_B,sa0,1,1019/524288,exact,0.005965054006082937,fault_total
n120gat,sa0,1,1/2,exact,0.006961737002711743,fault_total
n120gat,sa1,1,1/2,exact,0.007128935998480301,fault_total
n251gat,sa0,1,31589/65536,exact,0.0053265120004653,fault_total
n234gat,sa0,1,31589/65536,exact,0.0052453589960350655,fault_total
n505gat,sa0,1,1/8,exact,0.007168236996221822,fault_total
n506gat,sa0,1,1/8,exact,0.006928057999175508,fault_total
n508gat,sa0,1,1/8,exact,0.006683122002868913,fault_total
n571gat,sa0,1,1/8,exact,0.007281452999450266,fault_total
n670gat,sa0,1,65/2048,exact,0.017387553001753986,fault_total
n248gat,sa0,1,31589/131072,exact,0.005659104994265363,fault_total
n670gat,sa1,1,3/512,exact,0.010548705999099184,fault_total
n753gat,sa0,1,1/4,exact,0.007465985996532254,fault_total
n753gat,sa1,1,1/4,exact,0.007607373998325784,fault_total
n934gat,sa0,1,1/8,exact,0.006858609995106235,fault_total
n935gat,sa0,1,1/8,exact,0.006625325004279148,fault_total
n890gat,sa0,1,13/1024,exact,0.008541841001715511,fault_total
n990gat,sa0,1,13/1024,exact,0.009313439994002692,fault_total
n937gat,sa0,1,1/8,exact,0.006783288998121861,fault_total
n568gat,sa0,1,1/8,exact,0.006651969997619744,fault_total
n569gat,sa0,1,1/8,exact,0.006910354997671675,fault_total
n987gat,sa0,1,13/1024,exact,0.0008131239956128411,fault_total
n997gat,sa0,1,13/1024,exact,0.008446674997685477,fault_total
n988gat,sa0,1,13/1024,exact,0.008919025000068359,fault_total
n989gat,sa0,1,13/1024,exact,0.008870094003214035,fault_total
n998gat,sa0,1,13/1024,exact,0.00867796999955317,fault_total
n140gat_n240gat_B,sa0,1,1019/262144,exact,0.005296221002936363,fault_total
n140gat_n237gat_A,sa0,1,1019/524288,exact,0.005842676000611391,fault_total
n1427gat_n1600gat_B,sa0,1,354301/67108864,exact,0.01797718599846121,fault_total
n247gat_n143gat_B,sa0,1,1019/262144,exact,0.005299420001392718,fault_total
n1685gat_n1600gat_A,sa0,1,354301/33554432,exact,0.03729597499477677,fault_total
n407gat_n408gat_B,sa0,1,22706291/67108864,exact,0.07270671900187153,fault_total
n407gat_n409gat_B,sa0,1,1917/32768,exact,0.019722971999726724,fault_total
n2617gat_n2614gat_B,sa0,1,1/4,exact,0.011118933995021507,fault_total
n2617gat_n2615gat_A,sa0,1,1/4,exact,0.010919070002273656,fault_total
n933gat_stem,sa0,1,1/2,exact,0.005470641997817438,fault_total
n753gat_n750gat_A,sa0,1,1/8,exact,0.0069089190001250245,fault_total
n933gat_stem,sa1,1,1/2,exact,0.005369751001126133,fault_total
n1111gat,sa0,1,68959978263/1099511627776,exact,0.41078050900250673,fault_total
n1990gat_n2073gat_B,sa0,1,31/2048,exact,0.009327834006398916,fault_total
n1112gat,sa0,1,74967281943/1099511627776,exact,0.3846337549985037,fault_total
n1111gat,sa1,1,247253/16777216,exact,0.04422747599892318,fault_total
n567gat_stem,sa0,1,1/2,exact,0.00046998600009828806,fault_total
n1112gat,sa1,1,126023/16777216,exact,0.0333465560033801,fault_total
n3112gat,sa0,1,1,exact,0.004788633996213321,fault_total
n567gat_stem,sa1,1,1/2,exact,0.0004494960012380034,fault_total
n1006gat,sa0,1,268601559/4294967296,exact,0.06371202399895992,fault_total
n1600gat,sa0,1,4605913/67108864,exact,0.11505081100040115,fault_total
n1123gat,sa0,1,1064907/16777216,exact,0.04199360700295074,fault_total
n3112gat,sa1,1,0,exact,0.00013592199684353545,fault_total
n1006gat,sa1,1,1533/131072,exact,0.0149220589955803,fault_total
n1007gat,sa0,1,253084055/4294967296,exact,0.06014564799988875,fault_total
n1123gat,sa1,1,191687/16777216,exact,0.019501198999932967,fault_total
n1007gat,sa1,1,511/32768,exact,0.015029285998025443,fault_total
n3115gat,sa0,1,1,exact,0.0001278669951716438,fault_total
n3115gat,sa1,1,0,exact,9.827099711401388e-05,fault_total
n2054gat,sa0,1,1/4,exact,0.004980886995326728,fault_total
n753gat_n749gat_A,sa0,1,1/8,exact,0.007229190996440593,fault_total
n1990gat_n2079gat_C,sa0,1,31/16384,exact,0.007867180996981915,fault_total
n3036gat,sa0,1,7867/8192,exact,0.00040886599890654907,fault_total
n1650gat,sa0,1,7/131072,exact,0.009845884000242222,fault_total
n670gat_n977gat_A,sa0,1,55/4096,exact,0.010765163002361078,fault_total
n3036gat,sa1,1,325/8192,exact,0.0004623589993570931,fault_total
n1723gat,sa0,1,7/131072,exact,0.010177041003771592,fault_total
n1472gat,sa0,1,79/512,exact,0.008040799002628773,fault_total
n1454gat,sa0,1,12452451/134217728,exact,0.019586437003454193,fault_total
n1518gat,sa0,1,21/128,exact,0.00043267900036880746,fault_total
n1563gat,sa0,1,7/131072,exact,0.009902464000333566,fault_total
n1644gat,sa0,1,7/131072,exact,0.009465670002100524,fault_total
n1653gat,sa0,1,7/131072,exact,0.009870668000075966,fault_total
n1654gat,sa0,1,7/8192,exact,0.00945135900110472,fault_total
n39gat,sa0,1,129413/524288,exact,0.005908990999159869,fault_total
n2078gat,sa0,1,12304117/134217728,exact,0.017419458003132604,fault_total
n1646gat,sa0,1,7/131072,exact,0.009647798004152719,fault_total
n1269gat,sa0,1,1/2,exact,0.00595935699675465,fault_total
n2078gat,sa1,1,396907/134217728,exact,0.011885355997947045,fault_total
n1647gat,sa0,1,7/131072,exact,0.009538866004731972,fault_total
n1269gat,sa1,1,1/2,exact,0.00567183399834903,fault_total
n1649gat,sa0,1,7/131072,exact,0.009669229999417439,fault_total
n2199gat,sa0,1,120997/131072,exact,0.005576484996709041,fault_total
n2199gat,sa1,1,10075/131072,exact,0.0008207659993786365,fault_total
n1498gat,sa0,1,15225/2097152,exact,0.021282997004163917,fault_total
n2999gat,sa0,1,10075/262144,exact,0.0085602960025426,fault_total
II4216,sa0,1,357/4096,exact,0.008750182001676876,fault_total
n120gat_n2460gat_B,sa0,1,1/4,exact,0.006977386998187285,fault_total
n120gat_n2461gat_A,sa0,1,525/2097152,exact,0.016174617005162872,fault_total
n43gat_stem,sa0,1,1/2,exact,0.0004431710040080361,fault_total
n43gat_stem,sa1,1,1/2,exact,0.0003340679977554828,fault_total
n55gat_stem,sa0,1,1/2,exact,0.00039856299554230645,fault_total
n55gat_stem,sa1,1,1/2,exact,0.0004216430024825968,fault_total
n2148gat_n853gat_B,sa0,1,0,exact,0.0063336609964608215,fault_total
n2148gat_n854gat_A,sa0,1,0,exact,0.0008172309971996583,fault_total
n2884gat_n460gat_B,sa0,1,5095/524288,exact,0.005717187996197026,fault_total
n1777gat_stem,sa0,1,3/16,exact,0.00032286400528391823,fault_total
n240gat,sa0,1,129413/262144,exact,0.0053162019976298325,fault_total
n1777gat_stem,sa1,1,13/16,exact,0.00034151100408053026,fault_total
n2579gat_stem,sa0,1,1/2,exact,0.001088873999833595,fault_total
n241gat,sa0,1,388239/524288,exact,0.009409313002834097,fault_total
n2579gat_stem,sa1,1,1/2,exact,0.00093968199507799,fault_total
n143gat,sa0,1,129413/262144,exact,0.005492428004799876,fault_total
n241gat,sa1,1,3057/524288,exact,0.006373675998474937,fault_total
n180gat,sa0,1,1/1024,exact,0.0054836709969094954,fault_total
n144gat,sa0,1,388239/524288,exact,0.01041150600212859,fault_total
n2877gat_n390gat_B,sa0,1,5095/524288,exact,0.005214753000473138,fault_total
n180gat,sa1,1,1017/4096,exact,0.005800897000881378,fault_total
n144gat,sa1,1,3057/524288,exact,0.007184349997260142,fault_total
n219gat,sa0,1,131823893/134217728,exact,0.11123231599776773,fault_total
n237gat,sa0,1,129413/524288,exact,0.006433504997403361,fault_total
n408gat,sa0,1,780743/16777216,exact,0.03109539200522704,fault_total
n751gat,sa0,1,1/8,exact,0.007113425999705214,fault_total
n219gat,sa1,1,1533/524288,exact,0.00741252199804876,fault_total
n409gat,sa0,1,2045/131072,exact,0.015518149004492443,fault_total
n752gat,sa0,1,1/8,exact,0.006825613003456965,fault_total
n186gat,sa0,1,7/4096,exact,0.006444552003813442,fault_total
n186gat,sa1,1,1779/4096,exact,0.008702874998562038,fault_total
n926gat,sa0,1,526271723/8589934592,exact,0.3597488439991139,fault_total
n926gat,sa1,1,131215071/8589934592,exact,0.05551963500329293,fault_total
n976gat,sa0,1,5/512,exact,0.008992578004836105,fault_total
n1403gat_n1400gat_B,sa0,1,117/512,exact,0.008124018997477833,fault_total
n1403gat_n1533gat_B,sa0,1,18674655/67108864,exact,0.04067947699513752,fault_total
n504gat_stem,sa0,1,1/2,exact,0.00524044699704973,fault_total
n504gat_stem,sa1,1,1/2,exact,0.005142494002939202,fault_total
n670gat_n801gat_B,sa0,1,75/4096,exact,0.010995727003319189,fault_total
n1711gat_n2556gat_A,sa0,1,2535/65536,exact,0.006161752993648406,fault_total
n219gat_n445gat_B,sa0,1,255/512,exact,0.005602666002232581,fault_total
n219gat_n446gat_A,sa0,1,1021/4096,exact,0.010873223000089638,fault_total
n219gat_n961gat_A,sa0,1,255/512,exact,0.00034577599581098184,fault_total
n219gat_n870gat_B,sa0,1,1021/4096,exact,0.009075828995264601,fault_total
n1400gat,sa0,1,13/2048,exact,0.0005439110027509741,fault_total
n1269gat_n1285gat_B,sa0,1,1/4,exact,0.006690292997518554,fault_total
n2078gat_n2079gat_A,sa0,1,31/16384,exact,0.007070940002449788,fault_total
n3113gat,sa0,1,3/4,exact,0.00020062000112375244,fault_total
n1601gat,sa0,1,1087904087/4294967296,exact,0.016484974999912083,fault_total
n219gat_n767gat_A,sa0,1,255/512,exact,0.0003506580032990314,fault_total
n3113gat,sa1,1,1/4,exact,0.0001837110030464828,fault_total
n1601gat,sa1,1,1087904087/4294967296,exact,0.01666291899891803,fault_total
n219gat_n867gat_A,sa0,1,255/512,exact,0.00032757299777586013,fault_total
n926gat_n880gat_A,sa0,1,17/1024,exact,0.009768675001396332,fault_total
n1504gat,sa0,1,1575/2097152,exact,0.01414516400109278,fault_total
n1777gat_n1780gat_A,sa0,1,3/16,exact,0.005384304000472184,fault_total
n43gat,sa0,1,1/2,exact,0.00026240500301355496,fault_total
n2199gat_n2196gat_A,sa0,1,60661/131072,exact,0.007605570004670881,fault_total
n43gat,sa1,1,1/2,exact,0.00023747500381432474,fault_total
n219gat_n869gat_A,sa0,1,1021/4096,exact,0.009659256997110788,fault_total
n926gat_n980gat_B,sa0,1,37/2048,exact,0.009825995002756827,fault_total
n926gat_n981gat_A,sa0,1,37/2048,exact,0.008711569003935438,fault_total
n2460gat,sa0,1,1/4,exact,0.006488959996204358,fault_total
n1470gat,sa0,1,317/2048,exact,0.0005468340023071505,fault_total
n1533gat,sa0,1,1071/131072,exact,0.009265687003789935,fault_total
n2199gat_n2197gat_A,sa0,1,60661/131072,exact,0.006895979997352697,fault_total
n2199gat_n2637gat_B,sa0,1,120997/262144,exact,0.0076864900038344786,fault_total
n219gat_n969gat_A,sa0,1,1021/4096,exact,0.012036756997986231,fault_total
n219gat_n968gat_B,sa0,1,1021/4096,exact,0.009836338002060074,fault_total
n72gat,sa0,1,8555752791/17179869184,exact,0.4690402880005422,fault_total
n2614gat,sa0,1,1/4,exact,0.010723627005063463,fault_total
n2461gat,sa0,1,525/2097152,exact,0.02258544199867174,fault_total
n2199gat_n2396gat_A,sa0,1,3771/8192,exact,0.007025551996775903,fault_total
n2199gat_n2198gat_A,sa0,1,90829/131072,exact,0.005985176998365205,fault_total
n55gat,sa0,1,1/2,exact,0.0002726969978539273,fault_total
n2615gat,sa0,1,1/4,exact,0.011053985996113624,fault_total
n55gat,sa1,1,1/2,exact,0.0002670219982974231,fault_total
n926gat_n984gat_A,sa0,1,37/2048,exact,0.0094220730024972,fault_total
n1725gat,sa0,1,4202956341/4294967296,exact,0.03492299399658805,fault_total
n1842gat,sa0,1,1019/2048,exact,0.005632444997900166,fault_total
n1725gat,sa1,1,7/4096,exact,0.007741081994026899,fault_total
n1519gat,sa0,1,1062903/67108864,exact,0.047405623001395725,fault_total
n2199gat_n2498gat_A,sa0,1,120997/131072,exact,0.0005229910020716488,fault_total
n1519gat,sa1,1,174028883/536870912,exact,0.28032730600534705,fault_total
n926gat_n986gat_B,sa0,1,37/2048,exact,0.009360276999359485,fault_total
n1459gat,sa0,1,357/65536,exact,0.007864249004342128,fault_total
n926gat_n979gat_B,sa0,1,3/256,exact,0.009558538004057482,fault_total
n2991gat,sa0,1,63/65536,exact,0.009743679998791777,fault_total
n1777gat,sa0,1,3/16,exact,0.0002827649950631894,fault_total
n2992gat,sa0,1,21/131072,exact,0.009293146002164576,fault_total
n1777gat,sa1,1,13/16,exact,0.00027386500005377457,fault_total
n2579gat,sa0,1,1/2,exact,0.00023134599905461073,fault_total
n2579gat,sa1,1,1/2,exact,0.0001211179987876676,fault_total
n2986gat,sa0,1,21/131072,exact,0.009366134996525943,fault_total
n1006gat_n904gat_A,sa0,1,47/2048,exact,0.00819749099900946,fault_total
n1007gat_n903gat_A,sa0,1,45/2048,exact,0.007724739996774588,fault_total
n186gat_n12gat_A,sa0,1,1/1024,exact,0.0051231750039733015,fault_total
n1006gat_n905gat_B,sa0,1,47/2048,exact,0.008897476996935438,fault_total
n1112gat_n991gat_A,sa0,1,81/4096,exact,0.009968173995730467,fault_total
n926gat_n1152gat_A,sa0,1,37/2048,exact,0.008966096997028217,fault_total
n1112gat_n993gat_A,sa0,1,81/4096,exact,0.008979969999927562,fault_total
n1112gat_n992gat_B,sa0,1,81/4096,exact,0.009319554999819957,fault_total
n1112gat_n994gat_A,sa0,1,75/4096,exact,0.010649293995811604,fault_total
n1112gat_n885gat_B,sa0,1,81/4096,exact,0.009730645004310645,fault_total
n180gat_n68gat_B,sa0,1,0,exact,0.0002276660015922971,fault_total
n1112gat_n886gat_B,sa0,1,81/4096,exact,0.008983321000414435,fault_total
n1112gat_n995gat_B,sa0,1,81/4096,exact,0.00967042800039053,fault_total
n1111gat_n889gat_A,sa0,1,77/4096,exact,0.008794048997515347,fault_total
n926gat_n1087gat_A,sa0,1,37/2048,exact,0.00952351500018267,fault_total
n420gat,sa0,1,35959299/67108864,exact,0.10331735299405409,fault_total
n420gat,sa1,1,911559/16777216,exact,0.03115263200015761,fault_total
n926gat_n1088gat_B,sa0,1,37/2048,exact,0.00921183999889763,fault_total
n800gat,sa0,1,1019/2048,exact,0.010487924999324605,fault_total
n504gat,sa0,1,1/2,exact,0.0002598770006443374,fault_total
n333gat,sa0,1,1019/2048,exact,0.00679756399767939,fault_total
n252gat,sa0,1,255769/524288,exact,0.0055082110047806054,fault_total
n801gat,sa0,1,3/1024,exact,0.008346968999831006,fault_total
n504gat,sa1,1,1/2,exact,0.00024600700271548703,fault_total
n235gat,sa0,1,1019/2048,exact,0.004886677998001687,fault_total
n460gat,sa0,1,255769/524288,exact,0.0053799899978912435,fault_total
n452gat,sa0,1,1019/2048,exact,0.005349261002265848,fault_total
n750gat,sa0,1,1/8,exact,0.006580625995411538,fault_total
n390gat,sa0,1,255769/524288,exact,0.005072660002042539,fault_total
n194gat,sa0,1,2125000143/4294967296,exact,0.11995562200172571,fault_total
n419gat,sa0,1,7553849/33554432,exact,0.05851977999554947,fault_total
n933gat,sa0,1,1/2,exact,0.00026731799880508333,fault_total
n195gat,sa0,1,1017/2048,exact,0.005614308000076562,fault_total
n419gat,sa1,1,649543/16777216,exact,0.03147425499628298,fault_total
n933gat,sa1,1,1/2,exact,0.000262912995822262,fault_total
n457gat,sa0,1,255769/524288,exact,0.005014089998439886,fault_total
n567gat,sa0,1,1/2,exact,0.0002695259972824715,fault_total
n855gat,sa0,1,2143793187/2147483648,exact,0.0062992210005177185,fault_total
n567gat,sa1,1,1/2,exact,0.00026444700051797554,fault_total
n855gat,sa1,1,3669981/2147483648,exact,0.0010119310027221218,fault_total
n749gat,sa0,1,1/8,exact,0.006276557003729977,fault_total
n977gat,sa0,1,3/1024,exact,0.008336528000654653,fault_total
n1111gat_n1100gat_B,sa0,1,71/4096,exact,0.010736666001321282,fault_total
n1123gat_n1200gat_B,sa0,1,3/128,exact,0.008098862002952956,fault_total
n1007gat_n1012gat_A,sa0,1,45/2048,exact,0.008080449995759409,fault_total
n1123gat_n1212gat_A,sa0,1,3/128,exact,0.00760669000010239,fault_total
n1111gat_n1090gat_A,sa0,1,77/4096,exact,0.008934436002164148,fault_total
n1111gat_n1091gat_A,sa0,1,77/4096,exact,0.008715275005670264,fault_total
n1123gat_n1251gat_A,sa0,1,3/128,exact,0.0076542780007002875,fault_total
n1007gat_n1323gat_A,sa0,1,45/2048,exact,0.0076025419984944165,fault_total
n1111gat_n1092gat_B,sa0,1,77/4096,exact,0.008999420002510305,fault_total
n1111gat_n1093gat_A,sa0,1,77/4096,exact,0.008898054999008309,fault_total
n1007gat_n1260gat_A,sa0,1,45/2048,exact,0.007586856998386793,fault_total
n1006gat_n1261gat_B,sa0,1,47/2048,exact,0.007534968004620168,fault_total
n1123gat_n1243gat_B,sa0,1,3/128,exact,0.007898884003225248,fault_total
n1123gat_n1244gat_A,sa0,1,3/128,exact,0.007596938005008269,fault_total
n1112gat_n1094gat_A,sa0,1,81/4096,exact,0.009613993999664672,fault_total
n1007gat_n1324gat_B,sa0,1,45/2048,exact,0.00800159099890152,fault_total
n1006gat_n1262gat_B,sa0,1,47/2048,exact,0.007706941003561951,fault_total
n1123gat_n1254gat_A,sa0,1,3/128,exact,0.0075040090014226735,fault_total
n1123gat_n1253gat_B,sa0,1,3/128,exact,0.00766961900080787,fault_total
n241gat_n242gat_B,sa0,1,129413/262144,exact,0.0053301939988159575,fault_total
n1006gat_n1264gat_A,sa0,1,47/2048,exact,0.007638758004759438,fault_total
n1007gat_n1326gat_A,sa0,1,45/2048,exact,0.007727610995061696,fault_total
n1111gat_n1095gat_B,sa0,1,51/4096,exact,0.009688502999779303,fault_total
n1007gat_n1173gat_A,sa0,1,45/2048,exact,0.009111549996305257,fault_total
n1123gat_n1255gat_A,sa0,1,3/128,exact,0.007765747002849821,fault_total
n144gat_n142gat_C,sa0,1,129413/524288,exact,0.006040585998562165,fault_total
n241gat_n324gat_C,sa0,1,129413/524288,exact,0.00596483100525802,fault_total
n1006gat_n1175gat_B,sa0,1,47/2048,exact,0.008052560995565727,fault_total
n1007gat_n1174gat_B,sa0,1,45/2048,exact,0.0078675420008949,fault_total
n1112gat_n1096gat_B,sa0,1,55/4096,exact,0.009621069999411702,fault_total
n144gat_n145gat_A,sa0,1,129413/262144,exact,0.0005113129955134355,fault_total
n1111gat_n1099gat_A,sa0,1,77/4096,exact,0.009436066000489518,fault_total
n1007gat_n1257gat_A,sa0,1,45/2048,exact,0.008185455000784714,fault_total
n1006gat_n1375gat_A,sa0,1,47/2048,exact,0.007690457998251077,fault_total
n1111gat_n1089gat_B,sa0,1,77/4096,exact,0.010204459002125077,fault_total
n1006gat_n1176gat_B,sa0,1,47/2048,exact,0.009056324997800402,fault_total
n1006gat_n1267gat_B,sa0,1,47/2048,exact,0.007660343006136827,fault_total
n1123gat_n1199gat_A,sa0,1,3/128,exact,0.008658486003696453,fault_total
n2078gat_n2073gat_A,sa0,1,31/2048,exact,0.007546212000306696,fault_total
n419gat_n902gat_B,sa0,1,7/64,exact,0.008429483001236804,fault_total
n1200gat,sa0,1,5/1024,exact,0.007108910001988988,fault_total
n420gat_n893gat_B,sa0,1,201/1024,exact,0.009910937005770393,fault_total
n2200gat,sa0,1,325/131072,exact,0.010765961997094564,fault_total
n1012gat,sa0,1,1/128,exact,0.007494037003198173,fault_total
n420gat_n895gat_A,sa0,1,201/1024,exact,0.010158969002077356,fault_total
n3110gat,sa0,1,3/4,exact,0.00022650800383416936,fault_total
n3110gat,sa1,1,1/4,exact,0.0001643009964027442,fault_total
n1212gat,sa0,1,5/1024,exact,0.007358452996413689,fault_total
n420gat_n896gat_B,sa0,1,201/1024,exact,0.009860844998911489,fault_total
n748gat_stem,sa0,1,1/2,exact,0.00034309500188101083,fault_total
n748gat_stem,sa1,1,1/2,exact,0.00027567399956751615,fault_total
n1519gat_n1397gat_A,sa0,1,3/1024,exact,0.007152482998208143,fault_total
n1323gat,sa0,1,1/128,exact,0.007397348999802489,fault_total
n1152gat,sa0,1,13/2048,exact,0.008217126996896695,fault_total
n1260gat,sa0,1,1/128,exact,0.007017930001893546,fault_total
n14gat,sa0,1,1017/4096,exact,0.0052037470013601705,fault_total
n1251gat,sa0,1,5/1024,exact,0.007467985997209325,fault_total
n419gat_n892gat_A,sa0,1,7/64,exact,0.008292193000670522,fault_total
n1324gat,sa0,1,1/128,exact,0.007163615999161266,fault_total
n1090gat,sa0,1,5/1024,exact,0.007719917994108982,fault_total
n1261gat,sa0,1,3/512,exact,0.007222298998385668,fault_total
n1243gat,sa0,1,5/1024,exact,0.007155290993978269,fault_total
n2243gat,sa0,1,251/512,exact,0.006299963002675213,fault_total
n1091gat,sa0,1,5/1024,exact,0.008213033994252328,fault_total
n1262gat,sa0,1,3/512,exact,0.007058148999931291,fault_total
n1244gat,sa0,1,5/1024,exact,0.007321381002839189,fault_total
n1253gat,sa0,1,5/1024,exact,0.007153595004638191,fault_total
n2244gat,sa0,1,251/512,exact,0.006553270999575034,fault_total
n2073gat,sa0,1,15/32768,exact,0.007223018001241144,fault_total
n1092gat,sa0,1,5/1024,exact,0.008366465001017787,fault_total
n1326gat,sa0,1,1/128,exact,0.007214479002868757,fault_total
n1173gat,sa0,1,1/128,exact,0.008170120003342163,fault_total
n71gat,sa0,1,1017/4096,exact,0.0004479199997149408,fault_total
n1254gat,sa0,1,5/1024,exact,0.007056198002828751,fault_total
n3109gat,sa0,1,3/4,exact,0.00023035000049276277,fault_total
n2245gat,sa0,1,251/512,exact,0.006547233999299351,fault_total
n1174gat,sa0,1,1/128,exact,0.006940633000340313,fault_total
n1264gat,sa0,1,3/512,exact,0.007078586997522507,fault_total
n1093gat,sa0,1,5/1024,exact,0.007765060996462125,fault_total
n1255gat,sa0,1,5/1024,exact,0.007407853001495823,fault_total
n3109gat,sa1,1,1/4,exact,0.000217885994061362,fault_total
n2246gat,sa0,1,251/512,exact,0.006360775005305186,fault_total
n1175gat,sa0,1,3/512,exact,0.007320619995880406,fault_total
n1094gat,sa0,1,3/1024,exact,0.01465556400216883,fault_total
n1257gat,sa0,1,1/128,exact,0.007170673001382966,fault_total
n1095gat,sa0,1,5/1024,exact,0.008672809999552555,fault_total
n1176gat,sa0,1,3/512,exact,0.008120096994389314,fault_total
n1284gat,sa0,1,517/2048,exact,0.009482732995820697,fault_total
n1681gat,sa0,1,5355/131072,exact,0.008793815002718475,fault_total
n1285gat,sa0,1,1/4,exact,0.006870245000754949,fault_total
n1267gat,sa0,1,3/512,exact,0.007200656000350136,fault_total
n1375gat,sa0,1,3/512,exact,0.007203236993518658,fault_total
n1087gat,sa0,1,13/2048,exact,0.008333635996677913,fault_total
n1096gat,sa0,1,3/1024,exact,0.008431736998318229,fault_total
n1284gat,sa1,1,517/2048,exact,0.009124756004894152,fault_total
n419gat_n899gat_A,sa0,1,7/64,exact,0.008562855997297447,fault_total
n1681gat,sa1,1,18948831/33554432,exact,0.04560436700558057,fault_total
n2384gat,sa0,1,251/512,exact,0.006380629005434457,fault_total
n1088gat,sa0,1,13/2048,exact,0.007912487999419682,fault_total
n419gat_n999gat_A,sa0,1,7/64,exact,0.008039029999054037,fault_total
n2079gat,sa0,1,1/32768,exact,0.006712394999340177,fault_total
n1089gat,sa0,1,5/1024,exact,0.00795044699771097,fault_total
n1458gat,sa0,1,12726627/67108864,exact,0.023565110997878946,fault_total
n1099gat,sa0,1,5/1024,exact,0.009163770002487581,fault_total
n2944gat,sa0,1,13/1024,exact,0.00853829499828862,fault_total
n2478gat,sa0,1,636475/2097152,exact,0.0860207250007079,fault_total
n2982gat,sa0,1,20475/4194304,exact,0.016345950003596954,fault_total
n420gat_n1001gat_A,sa0,1,201/1024,exact,0.010195809998549521,fault_total
n420gat_n1003gat_A,sa0,1,231/1024,exact,0.01026459699642146,fault_total
n420gat_n1004gat_B,sa0,1,303/1024,exact,0.012480734003474936,fault_total
n419gat_n1000gat_A,sa0,1,7/64,exact,0.010148670997295994,fault_total
n420gat_n1178gat_A,sa0,1,201/1024,exact,0.009562169994751457,fault_total
n419gat_n1116gat_A,sa0,1,7/64,exact,0.008322223999130074,fault_total
n420gat_n1177gat_B,sa0,1,201/1024,exact,0.010265887998684775,fault_total
n419gat_n1115gat_B,sa0,1,7/64,exact,0.0083943019999424,fault_total
n2613gat_stem,sa0,1,1/2,exact,0.0009459060020162724,fault_total
n2613gat_stem,sa1,1,1/2,exact,0.000789894002082292,fault_total
n1601gat_n979gat_A,sa0,1,13/2048,exact,0.008522167001501657,fault_total
n142gat,sa0,1,1019/524288,exact,0.00560082800075179,fault_total
n242gat,sa0,1,1019/262144,exact,0.005574153001361992,fault_total
n324gat,sa0,1,1019/524288,exact,0.005386759999964852,fault_total
n145gat,sa0,1,1019/262144,exact,0.005112532999191899,fault_total
n182gat,sa0,1,16383/8388608,exact,0.02889709699957166,fault_total
n182gat,sa1,1,8572528983/8589934592,exact,0.5204525459994329,fault_total
n903gat,sa0,1,1/128,exact,0.007501397005398758,fault_total
n445gat,sa0,1,3/2048,exact,0.005028614999901038,fault_total
n391gat,sa0,1,5095/524288,exact,0.005046664002293255,fault_total
n904gat,sa0,1,3/512,exact,0.006995948999247048,fault_total
n851gat,sa0,1,2061236277/4294967296,exact,0.02188431900140131,fault_total
n446gat,sa0,1,3/2048,exact,0.006126868996943813,fault_total
n905gat,sa0,1,3/512,exact,0.007294753995665815,fault_total
n851gat,sa1,1,2061236277/4294967296,exact,0.021642170002451167,fault_total
n852gat,sa0,1,2061236277/4294967296,exact,0.0007490479983971454,fault_total
n870gat,sa0,1,3/2048,exact,0.00629819599998882,fault_total
n961gat,sa0,1,3/2048,exact,0.0004105749976588413,fault_total
n852gat,sa1,1,2061236277/4294967296,exact,0.0007674349981243722,fault_total
n880gat,sa0,1,13/2048,exact,0.009279748002882116,fault_total
n196gat,sa0,1,1/512,exact,0.004845198003749829,fault_total
n980gat,sa0,1,13/2048,exact,0.0080784899982973,fault_total
n197gat,sa0,1,2089479/1073741824,exact,0.012311794998822734,fault_total
n459gat,sa0,1,5095/524288,exact,0.005059602000983432,fault_total
n981gat,sa0,1,13/2048,exact,0.008030526994843967,fault_total
n991gat,sa0,1,3/1024,exact,0.008115341996017378,fault_total
n767gat,sa0,1,3/2048,exact,0.0003459169965935871,fault_total
n992gat,sa0,1,3/1024,exact,0.007915711001260206,fault_total
n867gat,sa0,1,3/2048,exact,0.0003346900048200041,fault_total
n993gat,sa0,1,3/1024,exact,0.00770978799846489,fault_total
n984gat,sa0,1,13/2048,exact,0.008042212997679599,fault_total
n885gat,sa0,1,3/1024,exact,0.007833285999367945,fault_total
n994gat,sa0,1,3/1024,exact,0.008186633996956516,fault_total
n886gat,sa0,1,3/1024,exact,0.007849611996789463,fault_total
n869gat,sa0,1,3/2048,exact,0.0004695449970313348,fault_total
n968gat,sa0,1,3/2048,exact,0.00609619400347583,fault_total
n995gat,sa0,1,3/1024,exact,0.008127364999381825,fault_total
n986gat,sa0,1,13/2048,exact,0.00790848900214769,fault_total
n969gat,sa0,1,3/2048,exact,0.006210863997694105,fault_total
n889gat,sa0,1,5/1024,exact,0.008024196999031119,fault_total
n1601gat_n2421gat_A,sa0,1,525/2097152,exact,0.01581414000247605,fault_total
n1601gat_n2423gat_B,sa0,1,1/4,exact,0.006542586997966282,fault_total
n419gat_n900gat_A,sa0,1,7/64,exact,0.00874625200231094,fault_total
n420gat_n891gat_A,sa0,1,201/1024,exact,0.010552147003181744,fault_total
n419gat_n901gat_A,sa0,1,7/64,exact,0.008807680002064444,fault_total
n1100gat,sa0,1,5/1024,exact,0.008350735995918512,fault_total
n1681gat_n1760gat_A,sa0,1,5355/131072,exact,0.008831262995954603,fault_total
n852gat_n650gat_A,sa0,1,12267/65536,exact,0.0060006960047758184,fault_total
n1681gat_n1761gat_C,sa0,1,5355/131072,exact,0.0006610060008824803,fault_total
n1284gat_n1287gat_A,sa0,1,1/4,exact,0.007080895004037302,fault_total
n851gat_n654gat_A,sa0,1,12267/65536,exact,0.000488746001792606,fault_total
n11gat,sa0,1,1/512,exact,0.005158595995453652,fault_total
n852gat_n555gat_A,sa0,1,12267/65536,exact,0.00047812899720156565,fault_total
n851gat_n656gat_A,sa0,1,12267/65536,exact,0.0004200260009383783,fault_total
n851gat_n773gat_A,sa0,1,12267/65536,exact,0.0005461230030050501,fault_total
n852gat_n960gat_B,sa0,1,12267/65536,exact,0.0004327649949118495,fault_total
n851gat_n791gat_A,sa0,1,12267/65536,exact,0.0004287409974494949,fault_total
n13gat,sa0,1,1/1024,exact,0.005232700001215562,fault_total
n852gat_n556gat_B,sa0,1,12267/65536,exact,0.0004705110040958971,fault_total
n851gat_n449gat_B,sa0,1,12267/65536,exact,0.0004580089953378774,fault_total
n852gat_n764gat_A,sa0,1,12267/65536,exact,0.00044719599827658385,fault_total
n1284gat_n1199gat_B,sa0,1,5/1024,exact,0.007782646003761329,fault_total
n3150gat,sa0,1,5/8,exact,0.00026775000151246786,fault_total
n2421gat,sa0,1,525/2097152,exact,0.015146632002142724,fault_total
n852gat_n557gat_B,sa0,1,12267/65536,exact,0.0005103319999761879,fault_total
n851gat_n774gat_B,sa0,1,12267/65536,exact,0.0004268870034138672,fault_total
n3150gat,sa1,1,3/8,exact,0.0002002709952648729,fault_total
n851gat_n793gat_B,sa0,1,12267/65536,exact,0.00041139200038742274,fault_total
n2423gat,sa0,1,1/4,exact,0.006723101003444754,fault_total
n1532gat,sa0,1,1212831/8388608,exact,0.011789201998908538,fault_total
n70gat,sa0,1,1/1024,exact,0.0004748439969262108,fault_total
n2613gat,sa0,1,1/2,exact,0.00017995400412473828,fault_total
n852gat_n794gat_A,sa0,1,12267/65536,exact,0.00046024400216992944,fault_total
n851gat_n965gat_B,sa0,1,12267/65536,exact,0.00042615900019882247,fault_total
n852gat_n649gat_B,sa0,1,12267/65536,exact,0.00042550799844320863,fault_total
n2613gat,sa1,1,1/2,exact,0.00012198499462101609,fault_total
n1075gat,sa0,1,14301/8388608,exact,0.0007714480016147718,fault_total
n852gat_n795gat_B,sa0,1,12267/65536,exact,0.00041759799933061004,fault_total
n1428gat,sa0,1,843675/4194304,exact,0.1469272030008142,fault_total
n2931gat,sa0,1,55/2048,exact,0.010955641002510674,fault_total
n93gat,sa0,1,2129179101/2147483648,exact,0.011273743999481667,fault_total
n1781gat,sa0,1,1/4,exact,0.004969656001776457,fault_total
n1790gat,sa0,1,21/16384,exact,0.011320320998493116,fault_total
n93gat,sa1,1,10447395/2147483648,exact,0.00590398700296646,fault_total
n2960gat,sa0,1,7/512,exact,0.007451914003468119,fault_total
n2942gat,sa0,1,7/512,exact,0.007089112994435709,fault_total
n1781gat,sa1,1,3/4,exact,0.004850033998081926,fault_total
n1790gat,sa1,1,3315937/4194304,exact,0.013032825998379849,fault_total
n2943gat,sa0,1,7/512,exact,0.00729031499940902,fault_total
n2961gat,sa0,1,7/512,exact,0.007346256999881007,fault_total
n69gat,sa0,1,0,exact,0.0002397190037299879,fault_total
n1468gat,sa0,1,7871055/33554432,exact,0.17862355199758895,fault_total
n2962gat,sa0,1,7/512,exact,0.008757771000091452,fault_total
n1397gat,sa0,1,511/4096,exact,0.007588017004309222,fault_total
n2983gat,sa0,1,17/32768,exact,0.006981694001297001,fault_total
n2965gat,sa0,1,7/512,exact,0.007307560001208913,fault_total
n2983gat,sa1,1,32751/32768,exact,0.006444588994781952,fault_total
n2967gat,sa0,1,7/512,exact,0.007291724999959115,fault_total
n2968gat,sa0,1,7/512,exact,0.007514017001085449,fault_total
n2969gat,sa0,1,7/512,exact,0.00721149799937848,fault_total
n370gat,sa0,1,7/4096,exact,0.006165364000480622,fault_total
n641gat,sa0,1,14301/8388608,exact,0.0008775169990258291,fault_total
n371gat,sa0,1,7/4096,exact,0.0004146529972786084,fault_total
n642gat,sa0,1,14301/8388608,exact,0.0005416319982032292,fault_total
n760gat,sa0,1,14301/8388608,exact,0.0005659500020556152,fault_total
n643gat,sa0,1,14301/8388608,exact,0.0007356880014413036,fault_total
n661gat,sa0,1,7/4096,exact,0.0003956750006182119,fault_total
n644gat,sa0,1,14301/8388608,exact,0.0005276070005493239,fault_total
n761gat,sa0,1,14301/8388608,exact,0.000736675996449776,fault_total
n662gat,sa0,1,7/4096,exact,0.0004167260049143806,fault_total
n762gat,sa0,1,14301/8388608,exact,0.0010218150055152364,fault_total
n663gat,sa0,1,7/4096,exact,0.00041246599721489474,fault_total
n664gat,sa0,1,7/4096,exact,0.0003899279981851578,fault_total
n368gat,sa0,1,7/4096,exact,0.00037489799433387816,fault_total
n558gat,sa0,1,7/4096,exact,0.00039581999590154737,fault_total
n369gat,sa0,1,7/4096,exact,0.0006275470004766248,fault_total
n748gat,sa0,1,1/2,exact,0.00013782500172965229,fault_total
n748gat,sa1,1,1/2,exact,0.00010971700248774141,fault_total
n759gat,sa0,1,14301/8388608,exact,0.000601191000896506,fault_total
n979gat,sa0,1,13/2048,exact,0.008423965999099892,fault_total
n182gat_n110gat_A,sa0,1,31/16384,exact,0.012027281998598482,fault_total
n182gat_n212gat_A,sa0,1,781/524288,exact,0.008536415996786673,fault_total
n851gat_n450gat_A,sa0,1,12267/65536,exact,0.0004812180050066672,fault_total
n93gat_n1076gat_A,sa0,1,4166691/8388608,exact,0.005736275001254398,fault_total
n1002gat,sa0,1,87/2048,exact,0.009617824995075352,fault_total
n1002gat,sa1,1,55/2048,exact,0.010346351999032777,fault_total
n1790gat_n1564gat_C,sa0,1,27/32768,exact,0.008106328998110257,fault_total
n3050gat,sa0,1,4875/131072,exact,0.005566795000049751,fault_total
n1790gat_n1927gat_A,sa0,1,15/32768,exact,0.009136095002759248,fault_total
n3051gat,sa0,1,4875/131072,exact,0.0063717049997649156,fault_total
n3050gat,sa1,1,126197/131072,exact,0.005227758003456984,fault_total
n1008gat,sa0,1,53/1024,exact,0.007926569000119343,fault_total
n3051gat,sa1,1,126197/131072,exact,0.006306474999291822,fault_total
n1180gat,sa0,1,87/2048,exact,0.009776837003300898,fault_total
n1009gat,sa0,1,53/1024,exact,0.008568750999984331,fault_total
n1171gat,sa0,1,53/1024,exact,0.007931508000183385,fault_total
n1180gat,sa1,1,55/2048,exact,0.016029105994675774,fault_total
n1406gat,sa0,1,222075/4194304,exact,0.0652566169956117,fault_total
n1172gat,sa0,1,53/1024,exact,0.008735235001950059,fault_total
n1790gat_n1929gat_B,sa0,1,6435/16777216,exact,0.010108323003805708,fault_total
n1263gat,sa0,1,53/1024,exact,0.008104037995508406,fault_total
n3145gat,sa0,1,91/128,exact,0.0003781869963859208,fault_total
n3145gat,sa1,1,37/128,exact,0.0002985989995067939,fault_total
n3047gat,sa0,1,10075/131072,exact,0.0005082679999759421,fault_total
n1265gat,sa0,1,53/1024,exact,0.008444999999483116,fault_total
n3138gat,sa0,1,1/16384,exact,0.00034339500416535884,fault_total
n3048gat,sa0,1,325/8192,exact,0.006060180996428244,fault_total
n3047gat,sa1,1,120997/131072,exact,0.0004006829985883087,fault_total
n1266gat,sa0,1,53/1024,exact,0.008655590005218983,fault_total
n3138gat,sa1,1,16383/16384,exact,0.00034704800054896623,fault_total
n3048gat,sa1,1,7867/8192,exact,0.0058904670004267246,fault_total
n3049gat,sa0,1,7475/131072,exact,0.0053456630048458464,fault_total
n2437gat,sa0,1,120997/131072,exact,0.006756859002052806,fault_total
n3049gat,sa1,1,123597/131072,exact,0.005341932002920657,fault_total
n2437gat,sa1,1,10075/131072,exact,0.0007516379992011935,fault_total
n2186gat,sa0,1,636475/2097152,exact,0.07054852299916092,fault_total
n1259gat,sa0,1,53/1024,exact,0.008297127998957876,fault_total
n2385gat,sa0,1,251/512,exact,0.0069452219977392815,fault_total
n1287gat,sa0,1,1/4,exact,0.007023293001111597,fault_total
n1467gat,sa0,1,466209/33554432,exact,0.012974788995052222,fault_total
n1179gat,sa0,1,87/2048,exact,0.00964710600237595,fault_total
n1179gat,sa1,1,55/2048,exact,0.008926242000597995,fault_total
n2945gat,sa0,1,55/2048,exact,0.01030334499955643,fault_total
n1199gat,sa0,1,5/1024,exact,0.00846710800396977,fault_total
n1398gat,sa0,1,219/1024,exact,0.0069510589964920655,fault_total
n3010gat_stem,sa0,1,1/2,exact,0.005319417003192939,fault_total
n3010gat_stem,sa1,1,1/2,exact,0.005397771004936658,fault_total
n93gat_n651gat_A,sa0,1,4166691/8388608,exact,0.0006609569973079488,fault_total
n110gat,sa0,1,31589/32768,exact,0.01568392499757465,fault_total
n93gat_n652gat_B,sa0,1,4166691/8388608,exact,0.0006525680000777356,fault_total
n111gat,sa0,1,263890247/268435456,exact,0.09289171099953819,fault_total
n110gat,sa1,1,155/32768,exact,0.0058643030060920864,fault_total
n111gat,sa1,1,511/262144,exact,0.006787782003812026,fault_total
n93gat_n645gat_B,sa0,1,4166691/8388608,exact,0.0007605210048495792,fault_total
n93gat_n646gat_A,sa0,1,4166691/8388608,exact,0.0005482820051838644,fault_total
n93gat_n763gat_B,sa0,1,4166691/8388608,exact,0.0005801420047646388,fault_total
n93gat_n766gat_A,sa0,1,4166691/8388608,exact,0.0007564069965155795,fault_total
n93gat_n765gat_B,sa0,1,4166691/8388608,exact,0.0005353910019039176,fault_total
n134gat,sa0,1,1019/2048,exact,0.005433892998553347,fault_total
n450gat,sa0,1,12267/65536,exact,0.0004477320035221055,fault_total
n802gat,sa0,1,1019/2048,exact,0.005105962998641189,fault_total
n93gat_n769gat_A,sa0,1,4166691/8388608,exact,0.000568171999475453,fault_total
n650gat,sa0,1,12267/65536,exact,0.0004254580053384416,fault_total
n380gat,sa0,1,1019/2048,exact,0.005735688995628152,fault_total
n381gat,sa0,1,1019/2048,exact,0.006010564000462182,fault_total
n960gat,sa0,1,12267/65536,exact,0.0006849080018582754,fault_total
n555gat,sa0,1,12267/65536,exact,0.0004762579992529936,fault_total
n654gat,sa0,1,12267/65536,exact,0.00042897199455183,fault_total
n556gat,sa0,1,12267/65536,exact,0.0006289079974521883,fault_total
n827gat,sa0,1,5/1024,exact,0.005014162001316436,fault_total
n656gat,sa0,1,12267/65536,exact,0.0004697699987445958,fault_total
n773gat,sa0,1,12267/65536,exact,0.0004445590020623058,fault_total
n557gat,sa0,1,12267/65536,exact,0.0006316549988696352,fault_total
n449gat,sa0,1,12267/65536,exact,0.0004274689999874681,fault_total
n791gat,sa0,1,12267/65536,exact,0.00039343899697996676,fault_total
n764gat,sa0,1,12267/65536,exact,0.00040159600030165166,fault_total
n458gat,sa0,1,1019/2048,exact,0.0053779299996676855,fault_total
n827gat,sa1,1,1019/1024,exact,0.005523336003534496,fault_total
n774gat,sa0,1,12267/65536,exact,0.00057289899996249,fault_total
n793gat,sa0,1,12267/65536,exact,0.0004946949993609451,fault_total
n649gat,sa0,1,12267/65536,exact,0.0004058920021634549,fault_total
n794gat,sa0,1,12267/65536,exact,0.0006475190020864829,fault_total
n965gat,sa0,1,12267/65536,exact,0.00042879899410763755,fault_total
n795gat,sa0,1,12267/65536,exact,0.00040151700522983447,fault_total
n894gat,sa0,1,87/2048,exact,0.009336333998362534,fault_total
n894gat,sa1,1,55/2048,exact,0.008374167002330068,fault_total
n878gat,sa0,1,1019/2048,exact,0.0051520690030884,fault_total
n888gat,sa0,1,87/2048,exact,0.00945107699953951,fault_total
n897gat,sa0,1,87/2048,exact,0.00911581699620001,fault_total
n879gat,sa0,1,81/2048,exact,0.01179242400394287,fault_total
n888gat,sa1,1,55/2048,exact,0.00893918799556559,fault_total
n898gat,sa0,1,87/2048,exact,0.009017652002512477,fault_total
n897gat,sa1,1,55/2048,exact,0.00897489800263429,fault_total
n879gat,sa1,1,61/2048,exact,0.010834475004230626,fault_total
n898gat,sa1,1,55/2048,exact,0.008415151998633519,fault_total
n1790gat_n2017gat_A,sa0,1,33/32768,exact,0.000642836996121332,fault_total
n1790gat_n2163gat_A,sa0,1,1365/8388608,exact,0.009753113001352176,fault_total
n1179gat_n1181gat_B,sa0,1,7/512,exact,0.00699972399888793,fault_total
n2437gat_n2436gat_A,sa0,1,120867/262144,exact,0.00802139699953841,fault_total
n3010gat,sa0,1,1/2,exact,0.000254814003710635,fault_total
n3010gat,sa1,1,1/2,exact,0.00020269100059522316,fault_total
n2437gat_n2556gat_B,sa0,1,60531/131072,exact,0.006916626000020187,fault_total
n1115gat,sa0,1,19/1024,exact,0.007501001004129648,fault_total
n2437gat_n2539gat_B,sa0,1,120997/131072,exact,0.0005212550022406504,fault_total
n1179gat_n1178gat_B,sa0,1,33/1024,exact,0.007643171004019678,fault_total
n1116gat,sa0,1,19/1024,exact,0.007281849997525569,fault_total
n2437gat_n2387gat_B,sa0,1,120737/262144,exact,0.007085781995556317,fault_total
n2017gat,sa0,1,24543/32768,exact,0.007738257998425979,fault_total
n2422gat,sa0,1,525/1048576,exact,0.016644631999952253,fault_total
n1252gat,sa0,1,53/1024,exact,0.009552087998599745,fault_total
n2437gat_n2559gat_B,sa0,1,120997/262144,exact,0.00869186899944907,fault_total
n2017gat,sa1,1,8225/32768,exact,0.009683213000243995,fault_total
n3108gat,sa0,1,3/4,exact,0.00022706999880028889,fault_total
n2901gat,sa0,1,28735/65536,exact,0.0061028259951854125,fault_total
n3054gat,sa0,1,252069/262144,exact,0.005375667999032885,fault_total
n2163gat,sa0,1,1063595/8388608,exact,0.0009096680005313829,fault_total
n3108gat,sa1,1,1/4,exact,0.00021104800543980673,fault_total
n2901gat,sa1,1,36801/65536,exact,0.007271918999322224,fault_total
n3054gat,sa1,1,10075/262144,exact,0.006582652000361122,fault_total
n2163gat,sa1,1,7325013/8388608,exact,0.0008861509995767847,fault_total
n2903gat,sa0,1,28735/65536,exact,0.00043324600119376555,fault_total
n1076gat,sa0,1,20445/8388608,exact,0.0005735660015488975,fault_total
n2904gat,sa0,1,28735/65536,exact,0.0003817039978457615,fault_total
n2903gat,sa1,1,36801/65536,exact,0.0003770559997064993,fault_total
n2904gat,sa1,1,36801/65536,exact,0.0005894040004932322,fault_total
n1564gat,sa0,1,593/32768,exact,0.00855399699503323,fault_total
n2915gat,sa0,1,28735/65536,exact,0.0004757210044772364,fault_total
n1564gat,sa1,1,32175/32768,exact,0.007097173001966439,fault_total
n894gat_n893gat_A,sa0,1,33/1024,exact,0.007804495005984791,fault_total
n2915gat,sa1,1,36801/65536,exact,0.0005528449983103201,fault_total
n2890gat,sa0,1,28735/65536,exact,0.0005764989982708357,fault_total
n1927gat,sa0,1,1009/32768,exact,0.007001942998613231,fault_total
n2980gat,sa0,1,1099/2048,exact,0.006514366003102623,fault_total
n888gat_n891gat_B,sa0,1,33/1024,exact,0.007680926995817572,fault_total
n2891gat,sa0,1,28735/65536,exact,0.000444097000581678,fault_total
n2890gat,sa1,1,36801/65536,exact,0.00036785100382985547,fault_total
n1927gat,sa1,1,31759/32768,exact,0.006782401003874838,fault_total
n2980gat,sa1,1,949/2048,exact,0.007847499997296836,fault_total
n2891gat,sa1,1,36801/65536,exact,0.00045864199637435377,fault_total
n897gat_n896gat_A,sa0,1,33/1024,exact,0.007783209002809599,fault_total
n2886gat,sa0,1,28735/65536,exact,0.0004387880035210401,fault_total
n898gat_n895gat_B,sa0,1,33/1024,exact,0.007599240001582075,fault_total
n2887gat,sa0,1,28735/65536,exact,0.00043834599637193605,fault_total
n2886gat,sa1,1,36801/65536,exact,0.0003884290053974837,fault_total
n2888gat,sa0,1,28735/65536,exact,0.0003752870034077205,fault_total
n2887gat,sa1,1,36801/65536,exact,0.00035905300319427624,fault_total
n2888gat,sa1,1,36801/65536,exact,0.00035911400482291356,fault_total
n110gat_n1074gat_B,sa0,1,1019/4096,exact,0.00905644799786387,fault_total
n110gat_n1077gat_A,sa0,1,1019/4096,exact,0.009791448996111285,fault_total
n897gat_n1010gat_A,sa0,1,7/512,exact,0.006848652999906335,fault_total
n894gat_n1005gat_A,sa0,1,7/512,exact,0.00740026499988744,fault_total
n879gat_n1003gat_B,sa0,1,31/1024,exact,0.007976014006999321,fault_total
n888gat_n1030gat_B,sa0,1,7/512,exact,0.006924244997208007,fault_total
n898gat_n1011gat_B,sa0,1,7/512,exact,0.0070763000039733015,fault_total
n2971gat_stem,sa0,1,1/2,exact,0.005522070998267736,fault_total
n2971gat_stem,sa1,1,1/2,exact,0.005105092997837346,fault_total
n879gat_n1028gat_B,sa0,1,13/1024,exact,0.008733100999961607,fault_total
n900gat,sa0,1,19/1024,exact,0.007301477999135386,fault_total
n901gat,sa0,1,19/1024,exact,0.007954843000334222,fault_total
n902gat,sa0,1,19/1024,exact,0.007555451004009228,fault_total
n651gat,sa0,1,20445/8388608,exact,0.0007120500013115816,fault_total
n372gat,sa0,1,3905/1048576,exact,0.01196149899624288,fault_total
n652gat,sa0,1,20445/8388608,exact,0.0006574990038643591,fault_total
n372gat,sa1,1,31589/32768,exact,0.01809973199851811,fault_total
n645gat,sa0,1,20445/8388608,exact,0.000622859995928593,fault_total
n646gat,sa0,1,20445/8388608,exact,0.000609014998190105,fault_total
n763gat,sa0,1,20445/8388608,exact,0.0005575450049946085,fault_total
n765gat,sa0,1,20445/8388608,exact,0.0007372690015472472,fault_total
n766gat,sa0,1,20445/8388608,exact,0.0005589729989878833,fault_total
n892gat,sa0,1,19/1024,exact,0.007508419999794569,fault_total
n769gat,sa0,1,20445/8388608,exact,0.0006090570022934116,fault_total
n978gat,sa0,1,61/2048,exact,0.0115199629944982,fault_total
n978gat,sa1,1,81/2048,exact,0.010669744995539077,fault_total
n899gat,sa0,1,19/1024,exact,0.00743888000579318,fault_total
n1002gat_n1001gat_B,sa0,1,33/1024,exact,0.008466310995572712,fault_total
n999gat,sa0,1,19/1024,exact,0.00773676999961026,fault_total
n1002gat_n1031gat_A,sa0,1,7/512,exact,0.007977888999448624,fault_total
n111gat_n653gat_B,sa0,1,2041/4096,exact,0.005415738000010606,fault_total
n1180gat_n1182gat_A,sa0,1,7/512,exact,0.007069044004310854,fault_total
n111gat_n771gat_B,sa0,1,2041/4096,exact,0.0003353260035510175,fault_total
n111gat_n447gat_B,sa0,1,2041/4096,exact,0.00027739600045606494,fault_total
n110gat_n377gat_A,sa0,1,1019/4096,exact,0.007592076995933894,fault_total
n111gat_n448gat_A,sa0,1,511/2048,exact,0.009490901000390295,fault_total
n111gat_n772gat_A,sa0,1,511/2048,exact,0.011040954006602988,fault_total
n2437gat_n2330gat_A,sa0,1,90829/131072,exact,0.005830858994158916,fault_total
n111gat_n971gat_A,sa0,1,511/2048,exact,0.009768499003257602,fault_total
n111gat_n964gat_A,sa0,1,2041/4096,exact,0.0003245510015403852,fault_total
n1180gat_n1177gat_A,sa0,1,33/1024,exact,0.007576851996418554,fault_total
n111gat_n974gat_B,sa0,1,511/2048,exact,0.008546933000616264,fault_total
n111gat_n975gat_A,sa0,1,511/2048,exact,0.010592835998977534,fault_total
n110gat_n797gat_A,sa0,1,1019/4096,exact,0.008633377001387998,fault_total
n110gat_n796gat_B,sa0,1,1019/4096,exact,0.00982284199562855,fault_total
n1011gat,sa0,1,5/512,exact,0.00671591299760621,fault_total
n1003gat,sa0,1,23/1024,exact,0.0078676280027139,fault_total
n1030gat,sa0,1,5/512,exact,0.006591537996428087,fault_total
n372gat_n970gat_A,sa0,1,5/4096,exact,0.01013008500012802,fault_total
n1031gat,sa0,1,5/512,exact,0.006587290998140816,fault_total
n2004gat,sa0,1,1603875/16777216,exact,0.010299690002284478,fault_total
n1005gat,sa0,1,5/512,exact,0.006485199999588076,fault_total
n372gat_n972gat_A,sa0,1,5/4096,exact,0.005393182997067925,fault_total
n372gat_n973gat_A,sa0,1,5/4096,exact,0.004997390999051277,fault_total
n1028gat,sa0,1,11/1024,exact,0.006539397996675689,fault_total
n1181gat,sa0,1,5/512,exact,0.0065148400026373565,fault_total
n2910gat,sa0,1,34781/8388608,exact,0.0006742230034433305,fault_total
n2325gat,sa0,1,251/512,exact,0.006605397997191176,fault_total
n1074gat,sa0,1,5/2048,exact,0.006271504003962036,fault_total
n1182gat,sa0,1,5/512,exact,0.006605599002796225,fault_total
n2910gat,sa1,1,8353827/8388608,exact,0.0006890000004204921,fault_total
n2911gat,sa0,1,34781/8388608,exact,0.0008206710044760257,fault_total
n2911gat,sa1,1,8353827/8388608,exact,0.0005641840034513734,fault_total
n2912gat,sa0,1,34781/8388608,exact,0.0005556660034926608,fault_total
n2912gat,sa1,1,8353827/8388608,exact,0.0005771979995188303,fault_total
n1077gat,sa0,1,5/2048,exact,0.0065568659993004985,fault_total
n1177gat,sa0,1,21/1024,exact,0.007331915003305767,fault_total
n1178gat,sa0,1,21/1024,exact,0.007543122999777552,fault_total
n2952gat,sa0,1,34781/8388608,exact,0.0007388980011455715,fault_total
n2907gat,sa0,1,34781/8388608,exact,0.0005874220005352981,fault_total
n2971gat,sa0,1,1/2,exact,0.00024366700381506234,fault_total
n2952gat,sa1,1,8353827/8388608,exact,0.0007830989998183213,fault_total
n2907gat,sa1,1,8353827/8388608,exact,0.0005770239949924871,fault_total
n2908gat,sa0,1,34781/8388608,exact,0.0005630350060528144,fault_total
n1477gat,sa0,1,8139999/33554432,exact,0.05100794300233247,fault_total
n2971gat,sa1,1,1/2,exact,0.00027952399977948517,fault_total
n2918gat,sa0,1,34781/8388608,exact,0.0008400189981330186,fault_total
n2909gat,sa0,1,34781/8388608,exact,0.0008058860039454885,fault_total
n2908gat,sa1,1,8353827/8388608,exact,0.00073899699782487,fault_total
n2918gat,sa1,1,8353827/8388608,exact,0.00124799399782205,fault_total
n2919gat,sa0,1,34781/8388608,exact,0.0006995540024945512,fault_total
n2909gat,sa1,1,8353827/8388608,exact,0.000686290004523471,fault_total
n2919gat,sa1,1,8353827/8388608,exact,0.0007628110033692792,fault_total
n1598gat,sa0,1,525/1048576,exact,0.013747912998951506,fault_total
n978gat_n1004gat_A,sa0,1,23/1024,exact,0.009177726002235431,fault_total
n978gat_n1029gat_A,sa0,1,11/1024,exact,0.0070306760026142,fault_total
n653gat,sa0,1,1/1024,exact,0.004962594000971876,fault_total
n771gat,sa0,1,1/1024,exact,0.00055200100177899,fault_total
n447gat,sa0,1,1/1024,exact,0.0002883689958252944,fault_total
n375gat,sa0,1,3905/1048576,exact,0.0102722410010756,fault_total
n448gat,sa0,1,1/1024,exact,0.005098159999761265,fault_total
n772gat,sa0,1,1/1024,exact,0.0005024290003348142,fault_total
n375gat,sa1,1,31589/32768,exact,0.013616719996207394,fault_total
n377gat,sa0,1,5/2048,exact,0.0057331810021423735,fault_total
n971gat,sa0,1,1/1024,exact,0.0004616959995473735,fault_total
n891gat,sa0,1,21/1024,exact,0.00786965499719372,fault_total
n964gat,sa0,1,1/1024,exact,0.0003469010043772869,fault_total
n974gat,sa0,1,1/1024,exact,0.00042324099922552705,fault_total
n893gat,sa0,1,21/1024,exact,0.007533767005952541,fault_total
n975gat,sa0,1,1/1024,exact,0.0005700929978047498,fault_total
n796gat,sa0,1,5/2048,exact,0.006368864000251051,fault_total
n895gat,sa0,1,21/1024,exact,0.007485214002372231,fault_total
n797gat,sa0,1,5/2048,exact,0.006189023006299976,fault_total
n896gat,sa0,1,21/1024,exact,0.007471135999367107,fault_total
n372gat_n451gat_B,sa0,1,5/4096,exact,0.0051160110015189275,fault_total
n372gat_n453gat_A,sa0,1,5/4096,exact,0.009698613001091871,fault_total
n1000gat,sa0,1,19/1024,exact,0.008714393996342551,fault_total
n1001gat,sa0,1,21/1024,exact,0.007384761003777385,fault_total
n1010gat,sa0,1,5/512,exact,0.006543930001498666,fault_total
n1004gat,sa0,1,31/1024,exact,0.009070950000023004,fault_total
n375gat_n872gat_A,sa0,1,5/4096,exact,0.006728806001774501,fault_total
n375gat_n871gat_B,sa0,1,5/4096,exact,0.0058058540016645566,fault_total
n375gat_n378gat_A,sa0,1,5/4096,exact,0.005647923004289623,fault_total
n1531gat,sa0,1,2668833/33554432,exact,0.02492029499990167,fault_total
n3116gat,sa0,1,1/2,exact,0.0002468750026309863,fault_total
n2009gat,sa0,1,4785885/16777216,exact,0.000795920001110062,fault_total
n1154gat,sa0,1,49875/2097152,exact,0.1507069040017086,fault_total
n3116gat,sa1,1,1/2,exact,0.0003181630017934367,fault_total
n2009gat,sa1,1,11991331/16777216,exact,0.010807614999066573,fault_total
n1029gat,sa0,1,13/1024,exact,0.007376952002232429,fault_total
n2920gat,sa0,1,5/2048,exact,0.004961360995366704,fault_total
n2920gat,sa1,1,2043/2048,exact,0.005547203996684402,fault_total
n2913gat,sa0,1,5/2048,exact,0.00035812900023302063,fault_total
n2913gat,sa1,1,2043/2048,exact,0.00024189000396290794,fault_total
n2905gat,sa0,1,5/2048,exact,0.005045728998084087,fault_total
n2905gat,sa1,1,2043/2048,exact,0.005592373003310058,fault_total
n1782gat,sa0,1,501/1024,exact,0.006979254001635127,fault_total
n2898gat,sa0,1,5/2048,exact,0.00035907599522033706,fault_total
n2898gat,sa1,1,2043/2048,exact,0.0002488469981472008,fault_total
n375gat_n1082gat_A,sa0,1,5/4096,exact,0.006539093999890611,fault_total
n375gat_n1083gat_B,sa0,1,5/4096,exact,0.005900010000914335,fault_total
n451gat,sa0,1,1019/2048,exact,0.0066930289976880886,fault_total
n453gat,sa0,1,1019/2048,exact,0.0061436510004568845,fault_total
n970gat,sa0,1,1019/2048,exact,0.0005116529937367886,fault_total
n972gat,sa0,1,1019/2048,exact,0.0006554299980052747,fault_total
n973gat,sa0,1,1019/2048,exact,0.00041174700163537636,fault_total
n3040gat,sa0,1,10075/131072,exact,0.0004970809968654066,fault_total
n1411gat,sa0,1,4725/1048576,exact,0.035111101999063976,fault_total
n3104gat,sa0,1,1029/2048,exact,0.0051182590032112785,fault_total
n3040gat,sa1,1,120997/131072,exact,0.0005253190029179677,fault_total
n3041gat,sa0,1,10205/262144,exact,0.006945827997697052,fault_total
n3104gat,sa1,1,1019/2048,exact,0.00038495899934787303,fault_total
n3105gat,sa0,1,1029/2048,exact,0.005000996003218461,fault_total
n3042gat,sa0,1,10335/262144,exact,0.0067271609950694256,fault_total
n3041gat,sa1,1,251939/262144,exact,0.006985624000662938,fault_total
n3105gat,sa1,1,1019/2048,exact,0.00038773300184402615,fault_total
n3151gat,sa0,1,385/512,exact,0.00029954599449411035,fault_total
n3042gat,sa1,1,251809/262144,exact,0.006730742999934591,fault_total
n3151gat,sa1,1,127/512,exact,0.0003179909981554374,fault_total
n3152gat,sa0,1,1,exact,0.00011613999959081411,fault_total
n3044gat,sa0,1,7475/131072,exact,0.0066163149967906065,fault_total
n1082gat,sa0,1,1019/2048,exact,0.005308245999913197,fault_total
n3152gat,sa1,1,0,exact,0.00013296700490172952,fault_total
n3044gat,sa1,1,123597/131072,exact,0.006550745005370118,fault_total
n1083gat,sa0,1,1019/2048,exact,0.005270333000225946,fault_total
n3037gat,sa0,1,5005/131072,exact,0.005868027998076286,fault_total
n3037gat,sa1,1,126067/131072,exact,0.005951004997768905,fault_total
n2985gat,sa0,1,9985313/33554432,exact,0.010484630998689681,fault_total
n2985gat,sa1,1,18948831/33554432,exact,0.04241902999638114,fault_total
n871gat,sa0,1,1019/2048,exact,0.005268790999252815,fault_total
n872gat,sa0,1,1019/2048,exact,0.005382153998652939,fault_total
n378gat,sa0,1,1019/2048,exact,0.005021563003538176,fault_total
n1412gat,sa0,1,1909425/4194304,exact,0.14780042100028368,fault_total
n1412gat,sa1,1,1236303/4194304,exact,0.03837034200114431,fault_total
n3053gat,sa0,1,252069/262144,exact,0.007362424999882933,fault_total
n2985gat_n1761gat_A,sa0,1,9985313/33554432,exact,0.001022198994178325,fault_total
n3053gat,sa1,1,10075/262144,exact,0.007517808997363318,fault_total
n2985gat_n1760gat_C,sa0,1,9985313/33554432,exact,0.010356131999287754,fault_total
n3060gat,sa0,1,1/2,exact,0.010970224000629969,fault_total
n3060gat,sa1,1,1/2,exact,0.010336975996324327,fault_total
n3061gat,sa0,1,1/2,exact,0.011883820996445138,fault_total
n3061gat,sa1,1,1/2,exact,0.011583109997445717,fault_total
n3057gat,sa0,1,1/2,exact,0.01027876900479896,fault_total
n3057gat,sa1,1,1/2,exact,0.0099657329992624,fault_total
n3058gat,sa0,1,1/2,exact,0.00959747399610933,fault_total
n3059gat,sa0,1,1/2,exact,0.011840614999528043,fault_total
n3058gat,sa1,1,1/2,exact,0.009174772996630054,fault_total
n3059gat,sa1,1,1/2,exact,0.011110282997833565,fault_total
n3120gat,sa0,1,261/512,exact,0.0005500260012922809,fault_total
n3120gat,sa1,1,251/512,exact,0.00045045800652587786,fault_total
n3121gat,sa0,1,261/512,exact,0.0004888420007773675,fault_total
n3121gat,sa1,1,251/512,exact,0.0007579250013804995,fault_total
n3122gat,sa0,1,261/512,exact,0.0004923399974359199,fault_total
n3122gat,sa1,1,251/512,exact,0.0004518530040513724,fault_total
n3123gat,sa0,1,261/512,exact,0.0004738429997814819,fault_total
n3123gat,sa1,1,251/512,exact,0.00045288500405149534,fault_total
n3062gat,sa0,1,1/2,exact,0.010360035004850943,fault_total
n3117gat,sa0,1,261/512,exact,0.006512978994578589,fault_total
n3063gat,sa0,1,1/2,exact,0.009225820998835843,fault_total
n3062gat,sa1,1,1/2,exact,0.010028217002400197,fault_total
n3117gat,sa1,1,251/512,exact,0.006861191999632865,fault_total
n3118gat,sa0,1,261/512,exact,0.0005587100022239611,fault_total
n3064gat,sa0,1,1/2,exact,0.010928905998298433,fault_total
n3055gat,sa0,1,1/2,exact,0.00915106300089974,fault_total
n3063gat,sa1,1,1/2,exact,0.00862743699690327,fault_total
n3118gat,sa1,1,251/512,exact,0.0005255669966572896,fault_total
n3119gat,sa0,1,261/512,exact,0.0005420489978860132,fault_total
n3064gat,sa1,1,1/2,exact,0.011399624003388453,fault_total
n3055gat,sa1,1,1/2,exact,0.009210071999405045,fault_total
n3056gat,sa0,1,1/2,exact,0.008186708997527603,fault_total
n3119gat,sa1,1,251/512,exact,0.0005538709956454113,fault_total
n3056gat,sa1,1,1/2,exact,0.007877468997321557,fault_total
n2158gat,sa0,1,412101/2097152,exact,0.01883212999382522,fault_total
n2159gat,sa0,1,412101/2097152,exact,0.02297938799893018,fault_total
n2000gat,sa0,1,412101/1048576,exact,0.0016654450009809807,fault_total
n3141gat,sa0,1,1099/2048,exact,0.00047173399798339233,fault_total
n3124gat,sa0,1,523/1024,exact,0.0005618560026050545,fault_total
n3141gat,sa1,1,949/2048,exact,0.00040811199869494885,fault_total
n3142gat,sa0,1,1099/2048,exact,0.0005549199995584786,fault_total
n3124gat,sa1,1,501/1024,exact,0.0005096579989185557,fault_total
n3125gat,sa0,1,525/1024,exact,0.0005900600008317269,fault_total
n3142gat,sa1,1,949/2048,exact,0.0004339299994171597,fault_total
n3125gat,sa1,1,499/1024,exact,0.0006743519988958724,fault_total
n1999gat,sa0,1,636475/1048576,exact,0.001309453000430949,fault_total
n3000gat,sa0,1,1,exact,0.00789693800470559,fault_total
n3000gat,sa1,1,0,exact,0.007253605006553698,fault_total
n3130gat,sa0,1,41/1024,exact,0.007794946999638341,fault_total
n3130gat,sa1,1,983/1024,exact,0.008688139001606032,fault_total
n3131gat,sa0,1,41/1024,exact,0.008070727002632339,fault_total
n3131gat,sa1,1,983/1024,exact,0.009311331996286754,fault_total
n3132gat,sa0,1,41/1024,exact,0.00835088799794903,fault_total
n3132gat,sa1,1,983/1024,exact,0.009678531998360995,fault_total
n3133gat,sa0,1,41/1024,exact,0.009150343998044264,fault_total
n3133gat,sa1,1,983/1024,exact,0.009141253998677712,fault_total
n3134gat,sa0,1,41/1024,exact,0.008303087000967935,fault_total
n3134gat,sa1,1,983/1024,exact,0.00914119600201957,fault_total
n3135gat,sa0,1,41/1024,exact,0.008437691001745407,fault_total
n3135gat,sa1,1,983/1024,exact,0.009187706993543543,fault_total
n3136gat,sa0,1,41/1024,exact,0.00817224600177724,fault_total
n3136gat,sa1,1,983/1024,exact,0.008887983996828552,fault_total
n3137gat,sa0,1,43/1024,exact,0.008899831998860464,fault_total
n3137gat,sa1,1,981/1024,exact,0.01028400300128851,fault_total
n3129gat,sa0,1,51/1024,exact,0.00996316599776037,fault_total
n3129gat,sa1,1,973/1024,exact,0.010968718001095112,fault_total
n3140gat,sa0,1,14605601/33554432,exact,0.008114855998428538,fault_total
n3140gat,sa1,1,18948831/33554432,exact,0.0005985280004097149,fault_total
n3139gat,sa0,1,14605601/33554432,exact,0.008848200995998923,fault_total
n3139gat,sa1,1,18948831/33554432,exact,0.045497883002099115,fault_total
n3143gat,sa0,1,1460677/2097152,exact,0.0014837530034128577,fault_total
n3143gat,sa1,1,636475/2097152,exact,0.0016379809967475012,fault_total
n3144gat,sa0,1,1460677/2097152,exact,0.02052033499785466,fault_total
n3144gat,sa1,1,636475/2097152,exact,0.09600225499889348,fault_total
