net_name,f_type,cube_cnt,complete,fdp
CLR,sa0,49,1,3.6132812500e-01
CLR,sa1,49,1,3.6132812500e-01
v0,sa0,7,1,1.3671875000e-02
v0,sa1,7,1,1.3671875000e-02
v1,sa0,20,1,5.2246093750e-02
v1,sa1,18,1,5.2246093750e-02
v2,sa0,18,1,1.7089843750e-01
v3,sa0,11,1,2.4414062500e-02
v2,sa1,18,1,1.7089843750e-01
v4,sa0,6,1,1.9531250000e-02
v3,sa1,11,1,2.4414062500e-02
v5,sa0,6,1,1.9531250000e-02
v4,sa1,6,1,1.9531250000e-02
v5,sa1,6,1,1.9531250000e-02
v6,sa0,7,1,1.5136718750e-02
v6,sa1,8,1,1.5136718750e-02
v7,sa0,41,1,4.7265625000e-01
v8,sa0,37,1,4.2968750000e-01
v7,sa1,41,1,4.7265625000e-01
v8,sa1,36,1,4.2968750000e-01
v9,sa0,36,1,3.6914062500e-01
v9,sa1,35,1,3.6914062500e-01
v10,sa0,43,1,3.5888671875e-01
v11,sa0,49,1,3.5839843750e-01
v10,sa1,45,1,3.5888671875e-01
v12,sa0,38,1,3.9648437500e-01
v11,sa1,46,1,3.5839843750e-01
v12,sa1,40,1,3.9648437500e-01
v9_C191D_B,sa0,7,1,4.5898437500e-02
v9_C129D_A,sa0,12,1,1.0302734375e-01
v12_IIII435_A,sa1,1,1,1.5625000000e-02
v11_IIII354_B,sa1,2,1,4.6875000000e-02
v11_IIII291_B,sa1,2,1,2.3437500000e-02
v10_IIII256_B,sa1,1,1,1.5625000000e-02
v10_IIII229_B,sa1,1,1,7.8125000000e-03
v10_IIII166_B,sa1,6,1,2.9296875000e-02
v11_IIII109_D,sa1,4,1,1.5625000000e-02
v12_IIII516_B,sa1,1,1,9.7656250000e-04
v10_IIII492_A,sa1,7,1,3.6132812500e-02
v12_IIII461_C,sa1,1,1,3.1250000000e-02
v10_IIII427_C,sa1,1,1,7.8125000000e-03
v10_IIII357_A,sa1,2,1,5.8593750000e-03
v12_IIII346_A,sa1,2,1,1.1718750000e-02
v12_IIII336_B,sa1,2,1,3.9062500000e-02
v12_IIII282_B,sa1,6,1,2.2949218750e-02
v10_IIII149_B,sa1,3,1,3.1250000000e-02
v7_IIII41_A,sa1,2,1,1.1718750000e-02
v10_IIII547_A,sa1,2,1,1.1718750000e-02
v12_IIII471_C,sa1,5,1,3.4179687500e-03
v12_IIII453_C,sa1,5,1,6.8359375000e-03
v10_IIII438_B,sa1,2,1,7.8125000000e-03
v11_IIII167_B,sa1,1,1,1.5625000000e-02
v11_IIII546_B,sa1,2,1,5.8593750000e-03
v11_IIII528_B,sa1,1,1,1.5625000000e-02
v11_IIII464_C,sa1,1,1,1.5625000000e-02
v1_II254_A,sa1,2,1,9.7656250000e-04
v11_IIII365_C,sa1,2,1,3.9062500000e-03
v12_IIII329_B,sa1,5,1,1.2695312500e-02
v12_IIII239_B,sa1,1,1,1.5625000000e-02
v12_IIII194_B,sa1,10,1,4.2724609375e-03
v11_IIII186_B,sa1,2,1,3.9062500000e-03
v7_IIII51_B,sa1,7,1,9.5703125000e-02
v9_C195D_B,sa0,6,1,2.0507812500e-02
v11_IIII555_C,sa1,1,1,1.5625000000e-02
v10_IIII494_B,sa1,2,1,1.1718750000e-02
v10_IIII377_B,sa1,1,1,7.8125000000e-03
v9_C168D_B,sa0,4,1,1.7578125000e-02
v11_IIII196_B,sa1,5,1,6.2500000000e-02
v10_IIII179_B,sa1,1,1,1.5625000000e-02
v7_IIII80_A,sa1,2,1,7.8125000000e-03
v8_IIII43_A,sa1,4,1,2.2460937500e-02
v12_IIII439_B,sa1,2,1,7.8125000000e-03
v11_IIII287_B,sa1,2,1,2.3437500000e-02
v11_IIII188_B,sa1,4,1,5.4687500000e-02
v7_IIII35_B,sa1,6,1,2.0507812500e-02
v12_IIII537_D,sa1,4,1,3.4179687500e-03
v11_IIII495_B,sa1,2,1,2.9296875000e-03
v7_IIII73_A,sa1,3,1,3.1250000000e-02
v8_IIII63_A,sa1,12,1,4.0527343750e-02
v7_IIII46_A,sa1,17,1,4.1992187500e-02
v7_IIII27_B,sa1,12,1,9.3750000000e-02
v11_IIII559_B,sa1,2,1,2.3437500000e-02
v11_IIII297_C,sa1,4,1,1.7578125000e-02
v7_IIII92_A,sa1,2,1,2.3437500000e-02
v9_II142_B,sa1,2,1,3.9062500000e-03
v12_IIII486_C,sa1,1,1,3.9062500000e-03
v11_IIII479_B,sa1,3,1,1.3671875000e-02
v10_IIII389_C,sa1,1,1,1.5625000000e-02
v3_II329_A,sa1,2,1,5.8593750000e-03
v9_IIII35_C,sa1,1,1,3.1250000000e-02
v11_IIII489_B,sa1,4,1,2.3437500000e-02
v6_II254_B,sa1,2,1,9.7656250000e-04
v8_IIII73_C,sa1,3,1,3.9062500000e-02
v9_IIII65_A,sa1,3,1,1.9531250000e-02
v7_IIII59_A,sa1,16,1,7.1289062500e-02
v8_IIII49_A,sa1,6,1,1.5234375000e-01
v7_IIII69_A,sa1,5,1,5.4687500000e-02
v8_IIII96_A,sa1,17,1,5.3222656250e-02
v4_II548_B,sa1,3,1,9.7656250000e-03
v7_IIII89_A,sa1,10,1,3.1250000000e-02
v8_IIII79_A,sa1,8,1,1.5234375000e-01
v7_II368_A,sa1,2,1,7.8125000000e-03
v8_II368_B,sa1,2,1,7.8125000000e-03
v8_Av13_D_16B_B,sa1,2,1,1.1718750000e-02
v10_C131D_B,sa0,13,1,9.9609375000e-02
v10_C124D_A,sa0,12,1,7.7392578125e-02
v12_C122D_A,sa0,1,1,3.9062500000e-03
v12_C141D_B,sa0,8,1,5.7617187500e-02
v11_C124D_B,sa0,14,1,7.9589843750e-02
v0_C70D_A,sa0,2,1,4.3945312500e-03
v12_C142D_B,sa0,1,1,1.9531250000e-03
v10_C218D_B,sa0,1,1,3.1250000000e-02
v12_C144D_B,sa0,22,1,1.5466308594e-01
v12_C108D_B,sa0,16,1,4.7851562500e-02
v10_C129D_B,sa0,13,1,9.7656250000e-02
v12_C145D_B,sa0,1,1,1.5625000000e-02
v11_C165D_B,sa0,17,1,1.0644531250e-01
v12_C119D_B,sa0,0,1,0.0000000000e+00
v10_C179D_A,sa0,6,1,7.8125000000e-03
v3_IIII104_A,sa1,3,1,3.4179687500e-03
v1_IIII215_A,sa1,5,1,2.6367187500e-02
v10_IIII43_B,sa1,3,1,3.1250000000e-02
v3_IIII412_A,sa1,1,1,3.9062500000e-03
v12_C196D_B,sa0,6,1,1.9531250000e-02
v3_IIII250_B,sa1,3,1,3.4179687500e-03
v12_C169D_C,sa0,11,1,3.9062500000e-02
v2_IIII126_A,sa1,4,1,7.8125000000e-03
v9_C90D_A,sa0,9,1,9.3750000000e-02
v2_IIII514_A,sa1,1,1,7.8125000000e-03
v3_IIII450_A,sa1,1,1,4.8828125000e-04
v9_IIII210_A,sa1,4,1,5.8593750000e-02
v2_IIII154_A,sa1,3,1,7.8125000000e-03
v1_IIII516_A,sa1,1,1,1.9531250000e-03
v8_IIII500_A,sa1,1,1,9.7656250000e-04
v1_IIII471_A,sa1,1,1,1.9531250000e-03
v2_IIII380_A,sa1,2,1,1.1718750000e-02
v2_IIII109_B,sa1,7,1,1.2695312500e-02
v10_IIII29_B,sa1,19,1,7.9101562500e-02
v7_IIII420_B,sa1,2,1,7.8125000000e-03
v8_IIII402_A,sa1,6,1,1.5136718750e-02
v9_C56D_A,sa0,2,1,9.7656250000e-04
v9_IIII310_B,sa1,2,1,2.9296875000e-03
v9_IIII131_A,sa1,1,1,1.5625000000e-02
v8_IIII123_A,sa1,11,1,1.3574218750e-01
v8_IIII105_A,sa1,10,1,3.0273437500e-02
v11_IIII83_B,sa1,12,1,7.3242187500e-02
CLR_v13_D_0C_B,sa1,17,1,1.2060546875e-01
v0_IIII555_A,sa1,1,1,7.8125000000e-03
v0_IIII546_A,sa1,2,1,5.8593750000e-03
v9_IIII510_A,sa1,3,1,2.1484375000e-02
v0_IIII438_A,sa1,2,1,7.8125000000e-03
v6_IIII414_A,sa1,1,1,9.7656250000e-04
v7_IIII206_A,sa1,4,1,4.6875000000e-02
v9_IIII203_B,sa1,6,1,3.5156250000e-02
v8_IIII160_A,sa1,6,1,5.0781250000e-02
v8_IIII141_B,sa1,8,1,1.5820312500e-01
v9_IIII114_A,sa1,7,1,7.3242187500e-03
CLR_v13_D_1C_B,sa1,24,1,2.3437500000e-01
v2_IIII482_A,sa1,1,1,1.5625000000e-02
v7_IIII432_A,sa1,2,1,5.8593750000e-03
v9_IIII403_A,sa1,1,1,9.7656250000e-04
v3_IIII328_A,sa1,1,1,3.9062500000e-03
v9_C39D_B,sa0,1,1,3.9062500000e-03
v8_IIII152_A,sa1,3,1,1.3671875000e-02
v9_IIII151_A,sa1,6,1,1.7578125000e-02
CLR_v13_D_2C_B,sa1,27,1,1.9238281250e-01
v6_IIII524_A,sa1,1,1,1.9531250000e-03
v7_IIII505_A,sa1,1,1,3.9062500000e-03
v9_IIII430_B,sa1,1,1,7.8125000000e-03
v0_IIII386_A,sa1,2,1,1.4648437500e-03
v9_C86D_A,sa0,2,1,9.7656250000e-03
v9_IIII305_A,sa1,1,1,1.5625000000e-02
v8_IIII234_A,sa1,6,1,1.1718750000e-02
v3_IIII194_A,sa1,6,1,3.4179687500e-03
v8_IIII171_A,sa1,5,1,9.7656250000e-03
v9_IIII133_B,sa1,4,1,7.0312500000e-02
CLR_v13_D_3C_B,sa1,22,1,1.8408203125e-01
v7_IIII514_B,sa1,1,1,7.8125000000e-03
v8_IIII450_B,sa1,1,1,4.8828125000e-04
v8_IIII406_A,sa1,2,1,1.1718750000e-02
v8_IIII352_A,sa1,2,1,3.1250000000e-02
v9_IIII215_B,sa1,11,1,2.6367187500e-02
v9_IIII116_B,sa1,14,1,6.0546875000e-02
CLR_v13_D_4C_B,sa1,21,1,1.9189453125e-01
v8_IIII505_B,sa1,1,1,3.9062500000e-03
v8_IIII470_A,sa1,2,1,1.4648437500e-03
v8_IIII362_A,sa1,1,1,3.1250000000e-02
v10_II329_C,sa1,2,1,5.8593750000e-03
v3_IIII294_B,sa1,2,1,7.8125000000e-03
v8_IIII262_B,sa1,5,1,2.2949218750e-02
v9_IIII243_B,sa1,2,1,4.6875000000e-02
v7_IIII237_A,sa1,8,1,5.8593750000e-02
v8_IIII209_A,sa1,6,1,6.6406250000e-02
v8_IIII191_A,sa1,1,1,3.9062500000e-03
v8_IIII137_A,sa1,3,1,4.6875000000e-02
v8_IIII128_A,sa1,4,1,1.9042968750e-02
CLR_v13_D_5C_B,sa1,19,1,1.5136718750e-01
v9_IIII533_A,sa1,1,1,7.8125000000e-03
v0_IIII479_A,sa1,1,1,7.8125000000e-03
v8_IIII236_B,sa1,3,1,1.9531250000e-02
v8_IIII227_B,sa1,3,1,6.2500000000e-02
v8_IIII119_B,sa1,4,1,1.0937500000e-01
v8_IIII109_C,sa1,5,1,1.5136718750e-02
v9_IIII506_B,sa1,2,1,9.7656250000e-03
v9_IIII461_B,sa1,1,1,3.1250000000e-02
v7_IIII275_A,sa1,1,1,1.5625000000e-02
v8_IIII273_B,sa1,3,1,4.6875000000e-02
v7_IIII266_A,sa1,1,1,1.5625000000e-02
v8_IIII183_B,sa1,3,1,4.6875000000e-02
v12_IIII98_B,sa1,8,1,2.6367187500e-02
v6_IIII457_A,sa1,1,1,1.9531250000e-03
v6_IIII439_A,sa1,2,1,7.8125000000e-03
v9_IIII409_A,sa1,1,1,1.5625000000e-02
v9_IIII256_A,sa1,4,1,1.5625000000e-02
v9_IIII229_A,sa1,1,1,7.8125000000e-03
v9_IIII219_B,sa1,14,1,3.2226562500e-02
v9_IIII175_A,sa1,4,1,5.4687500000e-02
v8_IIII167_A,sa1,3,1,1.9531250000e-02
v9_IIII156_B,sa1,4,1,5.3710937500e-03
v9_IIII148_A,sa1,2,1,7.8125000000e-03
v8_IIII554_B,sa1,2,1,1.1718750000e-02
v9_IIII518_A,sa1,1,1,7.8125000000e-03
v6_IIII485_A,sa1,1,1,3.9062500000e-03
v9_IIII436_B,sa1,1,1,7.8125000000e-03
v9_IIII427_B,sa1,1,1,7.8125000000e-03
v8_IIII365_B,sa1,1,1,7.8125000000e-03
v9_IIII329_A,sa1,5,1,1.9531250000e-02
v8_IIII275_B,sa1,1,1,1.5625000000e-02
v9_IIII239_A,sa1,1,1,1.5625000000e-02
v8_IIII186_A,sa1,2,1,2.9296875000e-03
v8_IIII538_A,sa1,5,1,1.0742187500e-02
v9_IIII456_A,sa1,5,1,1.4648437500e-02
v7_IIII377_A,sa1,1,1,7.8125000000e-03
v10_Av13_D_16B_C,sa1,2,1,1.1718750000e-02
v8_IIII475_B,sa1,1,1,1.9531250000e-03
v9_IIII447_B,sa1,1,1,7.8125000000e-03
v9_IIII366_B,sa1,2,1,2.9296875000e-03
v7_IIII197_B,sa1,7,1,5.4687500000e-02
v7_IIII189_A,sa1,3,1,1.0156250000e-01
v9_IIII287_A,sa1,2,1,1.1718750000e-02
v9_IIII276_C,sa1,3,1,9.7656250000e-03
v9_IIII179_A,sa1,1,1,7.8125000000e-03
v8_IIII559_A,sa1,2,1,2.3437500000e-02
v9_IIII495_A,sa1,6,1,5.8593750000e-03
v9_IIII476_B,sa1,2,1,2.9296875000e-03
v9_IIII468_A,sa1,1,1,4.8828125000e-04
v8_IIII386_C,sa1,2,1,1.4648437500e-03
v9_IIII369_A,sa1,1,1,7.8125000000e-03
v8_IIII389_A,sa1,1,1,1.5625000000e-02
v8_IIII498_A,sa1,2,1,1.1718750000e-02
v8_IIII399_A,sa1,2,1,3.1250000000e-02
v9_IIII378_C,sa1,2,1,1.1718750000e-02
v9_IIII389_B,sa1,1,1,1.5625000000e-02
v1_C104D_A,sa0,1,1,1.9531250000e-03
v2_C111D_B,sa0,4,1,2.9296875000e-03
v0_C142D_A,sa0,1,1,1.9531250000e-03
v11_C50D_B,sa0,4,1,2.9296875000e-03
v10_C33D_B,sa0,1,1,4.8828125000e-04
v2_C117D_B,sa0,1,1,1.5625000000e-02
v10_IIII103_B,sa1,5,1,1.8554687500e-02
v12_C81D_B,sa0,2,1,3.9062500000e-02
v11_IIII320_A,sa1,2,1,8.3007812500e-03
v2_C155D_A,sa0,5,1,1.9531250000e-02
v0_C194D_A,sa0,2,1,7.8125000000e-03
v10_IIII510_B,sa1,1,1,3.1250000000e-02
v11_IIII500_B,sa1,1,1,1.9531250000e-03
v12_IIII220_B,sa1,10,1,2.0996093750e-02
v12_IIII112_B,sa1,1,1,3.9062500000e-03
v4_C208D_B,sa0,3,1,9.7656250000e-03
v5_C208D_A,sa0,3,1,9.7656250000e-03
v4_C127D_B,sa0,4,1,9.7656250000e-03
v10_IIII314_A,sa1,2,1,3.1250000000e-02
v2_C193D_A,sa0,2,1,7.8125000000e-03
v10_IIII170_A,sa1,2,1,7.8125000000e-03
v11_C49D_B,sa0,16,1,4.1992187500e-02
v11_IIII350_A,sa1,1,1,7.8125000000e-03
v10_IIII134_B,sa1,3,1,3.1250000000e-02
v12_IIII104_C,sa1,5,1,4.4555664063e-03
v2_IIII40_A,sa1,4,1,7.8125000000e-03
v11_IIII441_A,sa1,2,1,1.1718750000e-02
v10_IIII433_A,sa1,3,1,1.0742187500e-02
v10_IIII325_A,sa1,2,1,3.1250000000e-02
v9_C108D_A,sa0,20,1,5.2734375000e-02
v10_IIII317_A,sa1,1,1,7.8125000000e-03
v11_IIII224_C,sa1,4,1,5.8593750000e-02
v9_C143D_B,sa0,1,1,3.9062500000e-03
v2_IIII32_B,sa1,10,1,1.4453125000e-01
v10_IIII533_B,sa1,1,1,7.8125000000e-03
v11_IIII406_B,sa1,2,1,1.1718750000e-02
v7_C155D_B,sa0,5,1,1.9531250000e-02
v11_C79D_B,sa0,2,1,2.3437500000e-02
v11_IIII380_B,sa1,1,1,1.9531250000e-03
v11_IIII318_A,sa1,2,1,7.8125000000e-03
v11_IIII263_B,sa1,5,1,5.8593750000e-03
v10_IIII247_A,sa1,1,1,1.5625000000e-02
v10_IIII227_C,sa1,2,1,3.1250000000e-02
v11_IIII191_B,sa1,1,1,3.9062500000e-03
v8_C192D_A,sa0,1,1,1.5625000000e-02
v0E,sa0,4,1,9.2773437500e-03
v0_v0E_A,sa1,,,9.2773437500e-03
v1E,sa0,13,1,2.4902343750e-02
v1_v1E_A,sa1,,,2.4902343750e-02
v0E,sa1,4,1,9.2773437500e-03
v0_v0E_A,sa0,,,9.2773437500e-03
v1E,sa1,13,1,2.4902343750e-02
v1_v1E_A,sa0,,,2.4902343750e-02
v2E,sa0,16,1,7.1289062500e-02
v2_v2E_A,sa1,,,7.1289062500e-02
v3E,sa0,9,1,1.5136718750e-02
v3_v3E_A,sa1,,,1.5136718750e-02
v2E,sa1,17,1,7.1289062500e-02
v2_v2E_A,sa0,,,7.1289062500e-02
v4E,sa0,4,1,9.7656250000e-03
v4_v4E_A,sa1,,,9.7656250000e-03
v3E,sa1,10,1,1.5136718750e-02
v3_v3E_A,sa0,,,1.5136718750e-02
v5E,sa0,6,1,1.9531250000e-02
v5_v5E_A,sa1,,,1.9531250000e-02
v5E,sa1,6,1,1.9531250000e-02
v5_v5E_A,sa0,,,1.9531250000e-02
v6E,sa0,6,1,1.3183593750e-02
v6_v6E_A,sa1,,,1.3183593750e-02
IIII510,sa0,3,1,3.1250000000e-02
v9_IIII510_A,sa0,,,3.1250000000e-02
v10_IIII510_B,sa0,,,3.1250000000e-02
v6E,sa1,7,1,1.3183593750e-02
v6_v6E_A,sa0,,,1.3183593750e-02
v7E,sa0,35,1,4.6875000000e-01
v7_v7E_A,sa1,,,4.6875000000e-01
v8E,sa0,48,1,3.9355468750e-01
v8_v8E_A,sa1,,,3.9355468750e-01
v7E,sa1,35,1,4.4531250000e-01
v7_v7E_A,sa0,,,4.4531250000e-01
v9E,sa0,38,1,2.9687500000e-01
v9_v9E_A,sa1,,,2.9687500000e-01
v8E,sa1,46,1,3.6718750000e-01
v8_v8E_A,sa0,,,3.6718750000e-01
v9E,sa1,32,1,2.9687500000e-01
v9_v9E_A,sa0,,,2.9687500000e-01
IIII380,sa0,2,1,1.1718750000e-02
v2_IIII380_A,sa0,,,1.1718750000e-02
v11_IIII380_B,sa0,,,1.1718750000e-02
IIII533,sa0,1,1,7.8125000000e-03
v9_IIII533_A,sa0,,,7.8125000000e-03
v10_IIII533_B,sa0,,,7.8125000000e-03
IIII516,sa0,1,1,1.9531250000e-03
v1_IIII516_A,sa0,,,1.9531250000e-03
v12_IIII516_B,sa0,,,1.9531250000e-03
IIII546,sa0,2,1,5.8593750000e-03
v0_IIII546_A,sa0,,,5.8593750000e-03
v11_IIII546_B,sa0,,,5.8593750000e-03
IIII287,sa0,2,1,1.1718750000e-02
v9_IIII287_A,sa0,,,1.1718750000e-02
v11_IIII287_B,sa0,,,1.1718750000e-02
IIII559,sa0,1,1,7.8125000000e-03
v8_IIII559_A,sa0,,,7.8125000000e-03
v11_IIII559_B,sa0,,,7.8125000000e-03
IIII479,sa0,1,1,7.8125000000e-03
v0_IIII479_A,sa0,,,7.8125000000e-03
v11_IIII479_B,sa0,,,7.8125000000e-03
IIII389,sa0,2,1,1.1718750000e-02
v8_IIII389_A,sa0,,,1.1718750000e-02
v9_IIII389_B,sa0,,,1.1718750000e-02
v10_IIII389_C,sa0,,,1.1718750000e-02
v10E,sa0,42,1,2.9821777344e-01
v10_v10E_A,sa1,,,2.9821777344e-01
v11E,sa0,41,1,3.6328125000e-01
v11_v11E_A,sa1,,,3.6328125000e-01
v10E,sa1,37,1,3.0761718750e-01
v10_v10E_A,sa0,,,3.0761718750e-01
C124D,sa0,31,1,2.3461914063e-01
v11E,sa1,50,1,3.4082031250e-01
v11_v11E_A,sa0,,,3.4082031250e-01
v12E,sa0,47,1,3.6914062500e-01
v12_v12E_A,sa1,,,3.6914062500e-01
C142D,sa1,1,1,1.9531250000e-03
v0_C142D_A,sa1,,,1.9531250000e-03
v12_C142D_B,sa1,,,1.9531250000e-03
C124D,sa1,12,1,7.2265625000e-02
v10_C124D_A,sa1,,,7.2265625000e-02
v11_C124D_B,sa1,,,7.2265625000e-02
v12E,sa1,46,1,3.6962890625e-01
v12_v12E_A,sa0,,,3.6962890625e-01
C108D,sa0,38,1,1.6308593750e-01
C108D,sa1,11,1,3.9062500000e-02
v9_C108D_A,sa1,,,3.9062500000e-02
v12_C108D_B,sa1,,,3.9062500000e-02
C208D,sa0,6,1,2.5390625000e-02
C208D,sa1,3,1,9.7656250000e-03
v5_C208D_A,sa1,,,9.7656250000e-03
v4_C208D_B,sa1,,,9.7656250000e-03
C155D,sa1,5,1,1.9531250000e-02
v2_C155D_A,sa1,,,1.9531250000e-02
v7_C155D_B,sa1,,,1.9531250000e-02
C129D,sa0,40,1,2.8564453125e-01
C129D,sa1,16,1,9.1308593750e-02
v9_C129D_A,sa1,,,9.1308593750e-02
v10_C129D_B,sa1,,,9.1308593750e-02
v10E_C141D_A,sa0,12,1,6.5429687500e-02
v12E_C201D_B,sa0,2,1,3.1250000000e-02
v11E_C144D_A,sa0,20,1,1.3720703125e-01
v10E_C191D_A,sa0,5,1,3.7109375000e-02
v11E_C180D_B,sa0,3,1,1.1718750000e-02
v10E_C118D_B,sa0,4,1,2.3437500000e-02
v0E_IIII300_A,sa1,2,1,1.4648437500e-03
v11E_C138D_A,sa0,11,1,1.0644531250e-01
v10E_C157D_A,sa0,4,1,5.4687500000e-02
v2E_C81D_A,sa0,4,1,3.5156250000e-02
v10E_C194D_B,sa0,4,1,1.3671875000e-02
v12E_C138D_B,sa0,22,1,8.5388183594e-02
v6E_C33D_A,sa0,1,1,4.8828125000e-04
v11E_C193D_B,sa0,0,1,0.0000000000e+00
v12E_C157D_B,sa0,6,1,9.3750000000e-02
v2E_IIII113_A,sa1,3,1,8.7890625000e-03
v1E_IIII430_A,sa1,1,1,9.7656250000e-04
v2E_IIII420_A,sa1,1,1,3.9062500000e-03
v0E_C77D_B,sa0,1,1,4.8828125000e-04
v12E_IIII41_B,sa1,4,1,2.3437500000e-02
v3E_IIII520_A,sa1,1,1,1.9531250000e-03
v6E_IIII310_A,sa1,1,1,9.7656250000e-04
v1E_IIII270_A,sa1,2,1,2.9296875000e-03
v7E_IIII120_A,sa1,12,1,3.0078125000e-01
v5E_C83D_B,sa0,4,1,9.7656250000e-03
v1E_IIII280_A,sa1,3,1,1.4648437500e-03
v3E_IIII260_A,sa1,3,1,3.9062500000e-03
v1E_IIII253_A,sa1,1,1,1.9531250000e-03
v9E_IIII100_B,sa1,3,1,3.9062500000e-02
v2E_IIII460_A,sa1,2,1,1.5625000000e-02
v3E_IIII423_A,sa1,1,1,1.9531250000e-03
v3E_IIII360_A,sa1,2,1,5.8593750000e-03
v12E_IIII80_B,sa1,4,1,9.3750000000e-02
v11E_IIII64_A,sa1,10,1,2.7832031250e-02
v11E_II142_C,sa1,2,1,3.9062500000e-03
v1E_IIII363_A,sa1,9,1,1.8554687500e-02
v2E_IIII236_A,sa1,4,1,1.5625000000e-02
v9E_IIII202_A,sa1,1,1,9.7656250000e-04
v8E_IIII140_A,sa1,3,1,2.1484375000e-02
v6E_IIII520_B,sa1,1,1,1.9531250000e-03
v8E_IIII501_A,sa1,1,1,7.8125000000e-03
v0E_IIII473_A,sa1,3,1,2.9296875000e-03
v3E_IIII281_A,sa1,5,1,3.4179687500e-03
v6E_IIII251_A,sa1,2,1,1.9531250000e-03
v7E_IIII223_A,sa1,2,1,2.3437500000e-02
v9E_IIII212_A,sa1,1,1,7.8125000000e-03
v7E_IIII142_A,sa1,15,1,2.7929687500e-01
v12E_IIII55_B,sa1,5,1,2.5390625000e-02
v10E_IIII39_B,sa1,3,1,3.1250000000e-02
v12E_IIII35_D,sa1,1,1,3.1250000000e-02
v3E_IIII444_A,sa1,2,1,3.9062500000e-03
v9E_IIII311_B,sa1,5,1,1.9531250000e-02
v8E_IIII205_A,sa1,1,1,1.5625000000e-02
v7E_IIII134_A,sa1,2,1,2.3437500000e-02
v8E_IIII106_A,sa1,8,1,1.2695312500e-02
v2E_IIII554_A,sa1,3,1,1.5625000000e-02
v9E_IIII402_B,sa1,9,1,9.7656250000e-03
v9E_IIII240_B,sa1,3,1,7.8125000000e-02
v12E_IIII66_B,sa1,3,1,1.1718750000e-02
C56D,sa1,3,1,3.9062500000e-03
v9_C56D_A,sa1,,,3.9062500000e-03
IIII516,sa1,,,3.9062500000e-03
v9E_IIII503_A,sa1,1,1,7.8125000000e-03
v7E_IIII442_A,sa1,2,1,1.1718750000e-02
v5E_IIII417_A,sa1,3,1,7.8125000000e-03
v8E_IIII405_A,sa1,4,1,8.7890625000e-03
v8E_IIII233_B,sa1,3,1,1.5625000000e-02
v8E_IIII224_B,sa1,5,1,3.7109375000e-02
v8E_IIII117_A,sa1,10,1,2.2460937500e-02
v7E_IIII560_A,sa1,2,1,2.3437500000e-02
v7E_IIII506_A,sa1,2,1,1.1718750000e-02
v2E_IIII475_A,sa1,1,1,1.9531250000e-03
v8E_IIII415_A,sa1,1,1,7.8125000000e-03
v8E_IIII342_B,sa1,5,1,1.9531250000e-02
v9E_IIII332_B,sa1,2,1,3.1250000000e-02
v7E_IIII263_A,sa1,3,1,7.8125000000e-03
v8E_IIII226_A,sa1,2,1,3.1250000000e-02
v9E_IIII223_C,sa1,3,1,3.1250000000e-02
v8E_IIII153_B,sa1,10,1,3.4667968750e-02
v12E_IIII68_B,sa1,5,1,7.4218750000e-02
v8E_IIII461_A,sa1,1,1,3.1250000000e-02
v8E_IIII442_B,sa1,3,1,1.1718750000e-02
v8E_IIII425_A,sa1,1,1,7.8125000000e-03
v5E_IIII419_A,sa1,1,1,3.9062500000e-03
v9E_IIII405_B,sa1,2,1,1.1718750000e-02
v9E_IIII216_B,sa1,10,1,6.5429687500e-02
v8E_IIII182_A,sa1,1,1,1.5625000000e-02
v9E_IIII180_B,sa1,3,1,2.9296875000e-02
v11E_IIII97_B,sa1,5,1,1.0253906250e-02
v8E_IIII534_A,sa1,1,1,1.5625000000e-02
v8E_IIII453_A,sa1,0,1,0.0000000000e+00
v8E_IIII254_B,sa1,5,1,2.3437500000e-02
v8E_IIII245_B,sa1,2,1,3.1250000000e-02
v8E_IIII192_A,sa1,2,1,5.8593750000e-03
v8E_IIII174_A,sa1,7,1,5.0781250000e-02
v8E_IIII164_B,sa1,2,1,2.3437500000e-02
v8E_IIII146_B,sa1,4,1,3.9062500000e-02
v8E_IIII129_A,sa1,6,1,1.3671875000e-02
v10E_Av13_D_21B_C,sa1,2,1,1.9531250000e-02
v6E_IIII537_A,sa1,1,1,1.9531250000e-03
v9E_IIII514_C,sa1,1,1,7.8125000000e-03
v9E_IIII442_C,sa1,2,1,1.1718750000e-02
v8E_IIII436_A,sa1,3,1,1.0742187500e-02
v8E_IIII427_A,sa1,3,1,4.8828125000e-03
IIII291,sa0,2,1,5.8593750000e-03
C142D,sa0,,,5.8593750000e-03
v11_IIII291_B,sa0,,,5.8593750000e-03
v9E_IIII508_A,sa1,1,1,1.5625000000e-02
v8E_IIII464_A,sa1,2,1,1.5625000000e-02
v9E_IIII444_B,sa1,2,1,1.4648437500e-03
v7E_IIII419_B,sa1,1,1,3.9062500000e-03
v9E_IIII192_B,sa1,2,1,5.8593750000e-03
v8E_IIII185_A,sa1,3,1,4.3945312500e-03
v9E_IIII146_C,sa1,5,1,3.9062500000e-02
v7E_IIII537_B,sa1,1,1,3.9062500000e-03
v8E_IIII483_A,sa1,2,1,3.9062500000e-03
v8E_IIII447_A,sa1,2,1,1.4648437500e-03
v9E_IIII374_A,sa1,1,1,7.8125000000e-03
v8E_IIII366_A,sa1,1,1,1.9531250000e-03
v8E_IIII339_A,sa1,2,1,1.5625000000e-02
v7E_IIII276_B,sa1,2,1,9.7656250000e-03
v7E_IIII267_B,sa1,3,1,4.6875000000e-02
v9E_IIII157_B,sa1,4,1,9.7656250000e-03
v12E_Av13_D_21B_D,sa1,2,1,1.9531250000e-02
v8E_IIII555_B,sa1,2,1,1.1718750000e-02
v9E_IIII528_A,sa1,2,1,9.7656250000e-03
v6E_IIII486_A,sa1,1,1,3.9062500000e-03
v8E_IIII466_A,sa1,1,1,7.8125000000e-03
v9E_IIII429_A,sa1,1,1,7.8125000000e-03
v8E_IIII419_C,sa1,1,1,3.9062500000e-03
v5E_IIII378_B,sa1,3,1,7.8125000000e-03
v7E_IIII294_C,sa1,2,1,7.8125000000e-03
v9E_IIII257_B,sa1,2,1,1.5625000000e-02
v12E_Av13_D_15B_B,sa1,3,1,9.7656250000e-03
v9E_IIII554_C,sa1,1,1,1.5625000000e-02
v8E_IIII537_C,sa1,3,1,2.9296875000e-03
v8E_IIII494_A,sa1,4,1,8.7890625000e-03
v9E_IIII483_B,sa1,2,1,3.9062500000e-03
v8E_IIII476_A,sa1,1,1,1.9531250000e-03
v8E_IIII296_A,sa1,1,1,3.9062500000e-03
v7E_IIII288_A,sa1,2,1,1.1718750000e-02
v8E_IIII169_B,sa1,2,1,7.8125000000e-03
v8E_IIII387_A,sa1,1,1,3.9062500000e-03
v8E_IIII486_B,sa1,1,1,3.9062500000e-03
v9E_IIII395_B,sa1,2,1,3.1250000000e-02
v9E_IIII296_B,sa1,1,1,3.9062500000e-03
v8E_IIII497_A,sa1,2,1,5.8593750000e-03
v9E_IIII387_B,sa1,1,1,3.9062500000e-03
v9E_IIII199_A,sa1,4,1,2.7343750000e-02
v12E_Av13_D_18B_C,sa1,5,1,2.1484375000e-02
v8E_IIII489_A,sa1,4,1,3.5156250000e-02
v9E_IIII497_B,sa1,2,1,5.8593750000e-03
v10E_C30D_A,sa0,16,1,8.2641601563e-02
v11E_C30D_B,sa0,15,1,6.9824218750e-02
v11E_C70D_B,sa0,2,1,8.3007812500e-03
v10E_C36D_B,sa0,3,1,1.0742187500e-02
v12E_IIII200_A,sa1,3,1,2.7343750000e-02
v10E_IIII111_B,sa1,10,1,1.8066406250e-02
v6E_C104D_B,sa0,1,1,1.9531250000e-03
v2E_C118D_A,sa0,2,1,1.5625000000e-02
v8E_C220D_A,sa0,8,1,6.2500000000e-02
v11E_C45D_B,sa0,3,1,1.5625000000e-02
C124D_IIII200_B,sa1,1,1,7.8125000000e-03
v12E_C63D_A,sa0,0,1,0.0000000000e+00
v11E_IIII112_A,sa1,6,1,1.2207031250e-02
v12E_C90D_B,sa0,13,1,7.4218750000e-02
v8E_C131D_A,sa0,11,1,1.0546875000e-01
v11E_IIII302_A,sa1,1,1,1.5625000000e-02
v10E_IIII230_B,sa1,3,1,3.1250000000e-02
v10E_IIII140_B,sa1,3,1,3.7109375000e-02
v12E_IIII101_C,sa1,4,1,2.3437500000e-02
v9E_C220D_B,sa0,11,1,5.9570312500e-02
v10E_IIII213_B,sa1,3,1,1.3671875000e-02
v9E_C112D_B,sa0,6,1,1.0742187500e-02
v11E_IIII131_B,sa1,2,1,1.5625000000e-02
v11E_IIII501_B,sa1,1,1,3.9062500000e-03
v10E_IIII412_B,sa1,3,1,1.5625000000e-02
v5E_C127D_A,sa0,4,1,9.7656250000e-03
v10E_IIII323_A,sa1,4,1,1.7578125000e-02
v11E_IIII321_B,sa1,1,1,7.8125000000e-03
v12E_IIII310_C,sa1,1,1,3.9062500000e-03
v12E_IIII113_B,sa1,3,1,4.4555664063e-03
v3E_C166D_A,sa0,2,1,3.9062500000e-03
v10E_IIII430_C,sa1,1,1,3.9062500000e-03
v11E_IIII341_A,sa1,2,1,2.9296875000e-03
v12E_IIII303_B,sa1,2,1,2.1484375000e-02
v12E_IIII403_B,sa1,1,1,9.7656250000e-04
v11E_IIII333_A,sa1,1,1,1.5625000000e-02
v12E_IIII321_C,sa1,1,1,7.8125000000e-03
v11E_IIII251_B,sa1,4,1,4.3945312500e-03
v11E_IIII170_B,sa1,4,1,7.8125000000e-03
v12E_IIII124_B,sa1,7,1,1.1523437500e-01
v7E_C218D_A,sa0,1,1,3.9062500000e-03
v9E_C117D_A,sa0,12,1,3.9062500000e-02
v12E_IIII513_A,sa1,2,1,3.9062500000e-03
v12E_IIII412_C,sa1,1,1,3.9062500000e-03
v10E_IIII371_A,sa1,1,1,1.5625000000e-02
v10E_IIII272_A,sa1,1,1,7.8125000000e-03
v10E_IIII253_B,sa1,2,1,2.9296875000e-03
v10E_IIII226_B,sa1,1,1,3.1250000000e-02
v11E_IIII163_A,sa1,3,1,1.2695312500e-02
v12E_IIII152_B,sa1,2,1,3.9062500000e-03
v9E_C170D_B,sa0,5,1,1.0937500000e-01
v10E_IIII127_B,sa1,4,1,8.7890625000e-03
v11E_C97D_A,sa0,0,1,0.0000000000e+00
v10E_IIII425_B,sa1,1,1,1.5625000000e-02
v11E_IIII415_B,sa1,1,1,3.9062500000e-03
v12E_IIII333_B,sa1,1,1,1.5625000000e-02
v12E_IIII315_B,sa1,4,1,4.6875000000e-02
v12E_IIII251_C,sa1,2,1,3.9062500000e-03
v11E_IIII208_B,sa1,5,1,3.3203125000e-02
v10E_IIII182_B,sa1,2,1,2.3437500000e-02
v6E_C166D_B,sa0,2,1,3.9062500000e-03
v8E_C165D_A,sa0,16,1,1.3964843750e-01
v10E_IIII534_B,sa1,1,1,7.8125000000e-03
v11E_IIII524_B,sa1,1,1,3.9062500000e-03
v10E_IIII506_C,sa1,3,1,7.8125000000e-03
v10E_IIII471_B,sa1,1,1,3.9062500000e-03
v12E_IIII460_B,sa1,2,1,1.5625000000e-02
v10E_IIII453_B,sa1,1,1,7.8125000000e-03
v12E_IIII452_A,sa1,1,1,3.9062500000e-03
v10E_IIII390_B,sa1,2,1,4.6875000000e-02
C124D_IIII352_B,sa1,1,1,1.5625000000e-02
v12E_IIII335_A,sa1,1,1,1.5625000000e-02
v11E_IIII317_B,sa1,1,1,3.9062500000e-03
v12E_IIII218_A,sa1,4,1,2.1972656250e-03
v11E_IIII173_B,sa1,6,1,4.1992187500e-02
v12E_IIII163_B,sa1,1,1,1.5625000000e-02
v0E_IIII82_A,sa1,2,1,7.8125000000e-03
v2E_IIII71_A,sa1,3,1,6.3476562500e-03
v2E_IIII44_A,sa1,3,1,4.8828125000e-03
v12E_IIII560_B,sa1,2,1,1.5625000000e-02
v10E_IIII491_A,sa1,7,1,2.7832031250e-02
v12E_IIII470_B,sa1,2,1,1.4648437500e-03
v11E_IIII417_B,sa1,1,1,7.8125000000e-03
v12E_IIII415_C,sa1,1,1,3.9062500000e-03
v11E_IIII381_B,sa1,4,1,8.7890625000e-03
v12E_IIII344_B,sa1,0,1,0.0000000000e+00
C124D_IIII336_A,sa1,1,1,1.5625000000e-02
v10E_IIII176_A,sa1,4,1,4.8828125000e-02
v10E_IIII148_B,sa1,4,1,2.9296875000e-03
v10E_IIII518_B,sa1,0,1,0.0000000000e+00
v11E_IIII508_B,sa1,1,1,3.9062500000e-03
v10E_IIII464_B,sa1,2,1,1.5625000000e-02
v11E_IIII446_A,sa1,3,1,1.1718750000e-02
v11E_IIII409_B,sa1,3,1,4.1015625000e-02
v10E_IIII393_A,sa1,2,1,1.1718750000e-02
v10E_IIII384_A,sa1,1,1,7.8125000000e-03
v12E_IIII372_B,sa1,2,1,4.6875000000e-02
v10E_IIII356_B,sa1,2,1,5.8593750000e-03
v10E_IIII347_B,sa1,7,1,3.7109375000e-02
v11E_IIII284_A,sa1,1,1,1.5625000000e-02
v10E_IIII248_B,sa1,3,1,2.7343750000e-02
v12E_IIII237_B,sa1,3,1,6.2500000000e-02
v10E_IIII158_B,sa1,11,1,2.8320312500e-02
v12E_IIII506_D,sa1,1,1,3.9062500000e-03
v12E_IIII417_C,sa1,1,1,7.8125000000e-03
v11E_IIII392_B,sa1,2,1,1.1718750000e-02
v10E_IIII375_B,sa1,2,1,1.9531250000e-02
v12E_IIII328_B,sa1,1,1,3.9062500000e-03
v10E_IIII285_B,sa1,4,1,2.3437500000e-02
v7E_IIII60_A,sa1,12,1,6.6406250000e-02
v11E_IIII492_B,sa1,14,1,4.9316406250e-02
v10E_IIII447_C,sa1,1,1,3.9062500000e-03
v11E_IIII357_B,sa1,2,1,5.8593750000e-03
v10E_IIII278_A,sa1,1,1,1.5625000000e-02
v10E_IIII267_C,sa1,2,1,4.6875000000e-02
v6E_IIII62_A,sa1,3,1,4.8828125000e-03
v11E_IIII547_B,sa1,2,1,5.8593750000e-03
v11E_IIII483_C,sa1,2,1,3.9062500000e-03
v11E_IIII466_B,sa1,1,1,3.9062500000e-03
v10E_IIII396_A,sa1,1,1,1.5625000000e-02
v12E_IIII393_B,sa1,0,1,0.0000000000e+00
v11E_IIII366_C,sa1,1,1,3.9062500000e-03
v11E_IIII349_B,sa1,1,1,1.5625000000e-02
C108D_IIII338_A,sa1,1,1,7.8125000000e-03
C129D_IIII315_C,sa1,2,1,2.3437500000e-02
v11E_IIII269_A,sa1,5,1,2.9296875000e-03
v12E_IIII259_A,sa1,1,1,4.8828125000e-04
v7E_IIII52_B,sa1,6,1,4.2968750000e-02
v12E_IIII538_B,sa1,4,1,9.7656250000e-03
v7E_II142_A,sa1,2,1,3.9062500000e-03
v10E_IIII478_A,sa1,2,1,5.8593750000e-03
C129D_IIII372_A,sa1,1,1,1.5625000000e-02
v12E_IIII359_A,sa1,2,1,1.5625000000e-02
C129D_IIII326_B,sa1,1,1,7.8125000000e-03
v11E_IIII294_D,sa1,2,1,7.8125000000e-03
v7E_IIII36_A,sa1,15,1,7.9589843750e-02
v11E_IIII476_C,sa1,1,1,3.9062500000e-03
v12E_IIII466_C,sa1,1,1,3.9062500000e-03
v12E_IIII447_D,sa1,1,1,3.9062500000e-03
v12E_IIII366_D,sa1,1,1,3.9062500000e-03
v12E_IIII276_D,sa1,3,1,4.2724609375e-03
v11E_IIII197_C,sa1,2,1,3.1250000000e-02
v7E_IIII72_B,sa1,14,1,6.7382812500e-02
v7E_IIII45_B,sa1,14,1,4.3945312500e-02
v7E_IIII28_A,sa1,13,1,8.6914062500e-02
v12E_IIII396_B,sa1,1,1,1.5625000000e-02
v11E_IIII299_A,sa1,3,1,6.8359375000e-03
v12E_IIII189_B,sa1,3,1,1.0937500000e-01
v2E_IIII88_A,sa1,5,1,1.4648437500e-02
v12E_IIII476_D,sa1,1,1,3.9062500000e-03
v12E_IIII398_A,sa1,1,1,7.8125000000e-03
v7E_IIII93_A,sa1,16,1,2.7539062500e-01
v7E_IIII84_A,sa1,5,1,4.2968750000e-02
v9E_IIII54_B,sa1,5,1,6.2500000000e-02
v7E_IIII38_B,sa1,24,1,1.1669921875e-01
v12E_IIII378_D,sa1,2,1,1.1718750000e-02
C129D_IIII167_C,sa1,1,1,7.8125000000e-03
v7E_IIII76_A,sa1,4,1,4.2968750000e-02
v8E_IIII66_A,sa1,3,1,5.3710937500e-03
C208D_IIII297_B,sa1,2,1,5.8593750000e-03
v8E_IIII48_B,sa1,5,1,4.6875000000e-02
v7E_II642_A,sa1,2,1,3.9062500000e-03
v7E_II254_C,sa1,1,1,9.7656250000e-04
v7E_IIII78_A,sa1,10,1,2.3828125000e-01
v7E_IIII87_B,sa1,16,1,8.8867187500e-02
v8E_II642_B,sa1,2,1,3.9062500000e-03
v8E_II254_D,sa1,1,1,9.7656250000e-04
v7E_II329_B,sa1,2,1,5.8593750000e-03
v8E_IIII98_A,sa1,1,1,7.8125000000e-03
v7E_Av13_D_21B_B,sa1,2,1,1.9531250000e-02
v5E_II548_C,sa1,3,1,9.7656250000e-03
v7E_Av13_D_23B_B,sa1,3,1,3.1250000000e-02
v7E_Av13_D_15B_A,sa1,3,1,9.7656250000e-03
v12E_Av13_D_9B_B,sa1,5,1,1.0156250000e-01
v8E_Av13_D_23B_C,sa1,3,1,3.1250000000e-02
v9E_II368_C,sa1,2,1,7.8125000000e-03
v7E_Av13_D_18B_B,sa1,5,1,2.1484375000e-02
C30D,sa0,31,1,2.4499511719e-01
C30D,sa1,13,1,7.2265625000e-02
v10E_C30D_A,sa1,,,7.2265625000e-02
v11E_C30D_B,sa1,,,7.2265625000e-02
C70D,sa0,4,1,2.0996093750e-02
C33D,sa1,1,1,4.8828125000e-04
v6E_C33D_A,sa1,,,4.8828125000e-04
v10_C33D_B,sa1,,,4.8828125000e-04
IIII200,sa0,1,1,7.8125000000e-03
v12E_IIII200_A,sa0,,,7.8125000000e-03
C124D_IIII200_B,sa0,,,7.8125000000e-03
C70D,sa1,2,1,4.3945312500e-03
v0_C70D_A,sa1,,,4.3945312500e-03
v11E_C70D_B,sa1,,,4.3945312500e-03
C81D,sa0,6,1,1.1328125000e-01
C90D,sa0,31,1,2.2778320313e-01
IIII112,sa0,0,1,0.0000000000e+00
v11E_IIII112_A,sa0,,,0.0000000000e+00
v12_IIII112_B,sa0,,,0.0000000000e+00
C81D,sa1,5,1,3.5156250000e-02
v2E_C81D_A,sa1,,,3.5156250000e-02
v12_C81D_B,sa1,,,3.5156250000e-02
C90D,sa1,10,1,9.1796875000e-02
v9_C90D_A,sa1,,,9.1796875000e-02
v12E_C90D_B,sa1,,,9.1796875000e-02
IIII501,sa0,1,1,4.8828125000e-04
v8E_IIII501_A,sa0,,,4.8828125000e-04
v11E_IIII501_B,sa0,,,4.8828125000e-04
C83D,sa0,8,1,2.9296875000e-02
IIII520,sa0,1,1,1.9531250000e-03
v3E_IIII520_A,sa0,,,1.9531250000e-03
v6E_IIII520_B,sa0,,,1.9531250000e-03
C83D,sa1,4,1,9.7656250000e-03
v4E,sa1,,,9.7656250000e-03
v4_v4E_A,sa0,,,9.7656250000e-03
v5E_C83D_B,sa1,,,9.7656250000e-03
IIII412,sa0,1,1,3.9062500000e-03
v3_IIII412_A,sa0,,,3.9062500000e-03
v10E_IIII412_B,sa0,,,3.9062500000e-03
v12E_IIII412_C,sa0,,,3.9062500000e-03
IIII430,sa0,1,1,9.7656250000e-04
v1E_IIII430_A,sa0,,,9.7656250000e-04
v9_IIII430_B,sa0,,,9.7656250000e-04
v10E_IIII430_C,sa0,,,9.7656250000e-04
IIII251,sa0,2,1,1.9531250000e-03
v6E_IIII251_A,sa0,,,1.9531250000e-03
v11E_IIII251_B,sa0,,,1.9531250000e-03
v12E_IIII251_C,sa0,,,1.9531250000e-03
IIII170,sa0,2,1,7.8125000000e-03
v10_IIII170_A,sa0,,,7.8125000000e-03
v11E_IIII170_B,sa0,,,7.8125000000e-03
IIII333,sa0,1,1,1.5625000000e-02
v11E_IIII333_A,sa0,,,1.5625000000e-02
v12E_IIII333_B,sa0,,,1.5625000000e-02
IIII315,sa0,10,1,5.8593750000e-02
C155D,sa0,,,5.8593750000e-02
v12E_IIII315_B,sa0,,,5.8593750000e-02
C129D_IIII315_C,sa0,,,5.8593750000e-02
IIII415,sa0,1,1,4.8828125000e-04
v8E_IIII415_A,sa0,,,4.8828125000e-04
v11E_IIII415_B,sa0,,,4.8828125000e-04
v12E_IIII415_C,sa0,,,4.8828125000e-04
IIII442,sa0,2,1,5.8593750000e-03
v7E_IIII442_A,sa0,,,5.8593750000e-03
v8E_IIII442_B,sa0,,,5.8593750000e-03
v9E_IIII442_C,sa0,,,5.8593750000e-03
IIII352,sa0,2,1,3.1250000000e-02
v8_IIII352_A,sa0,,,3.1250000000e-02
C124D_IIII352_B,sa0,,,3.1250000000e-02
IIII524,sa0,1,1,1.9531250000e-03
v6_IIII524_A,sa0,,,1.9531250000e-03
v11E_IIII524_B,sa0,,,1.9531250000e-03
IIII560,sa0,3,1,6.8359375000e-03
v7E_IIII560_A,sa0,,,6.8359375000e-03
v12E_IIII560_B,sa0,,,6.8359375000e-03
IIII461,sa0,1,1,3.1250000000e-02
v8E_IIII461_A,sa0,,,3.1250000000e-02
v9_IIII461_B,sa0,,,3.1250000000e-02
v12_IIII461_C,sa0,,,3.1250000000e-02
IIII425,sa0,1,1,1.5625000000e-02
v8E_IIII425_A,sa0,,,1.5625000000e-02
v10E_IIII425_B,sa0,,,1.5625000000e-02
IIII317,sa0,1,1,7.8125000000e-03
v10_IIII317_A,sa0,,,7.8125000000e-03
v11E_IIII317_B,sa0,,,7.8125000000e-03
IIII506,sa0,2,1,4.8828125000e-03
v7E_IIII506_A,sa0,,,4.8828125000e-03
v9_IIII506_B,sa0,,,4.8828125000e-03
v10E_IIII506_C,sa0,,,4.8828125000e-03
v12E_IIII506_D,sa0,,,4.8828125000e-03
IIII417,sa0,3,1,7.8125000000e-03
v5E_IIII417_A,sa0,,,7.8125000000e-03
v11E_IIII417_B,sa0,,,7.8125000000e-03
v12E_IIII417_C,sa0,,,7.8125000000e-03
IIII471,sa0,1,1,1.9531250000e-03
v1_IIII471_A,sa0,,,1.9531250000e-03
v10E_IIII471_B,sa0,,,1.9531250000e-03
v12_IIII471_C,sa0,,,1.9531250000e-03
IIII453,sa0,1,1,1.9531250000e-03
v8E_IIII453_A,sa0,,,1.9531250000e-03
v10E_IIII453_B,sa0,,,1.9531250000e-03
v12_IIII453_C,sa0,,,1.9531250000e-03
IIII372,sa0,3,1,4.6875000000e-02
C129D_IIII372_A,sa0,,,4.6875000000e-02
v12E_IIII372_B,sa0,,,4.6875000000e-02
IIII336,sa0,2,1,4.6875000000e-02
C124D_IIII336_A,sa0,,,4.6875000000e-02
v12_IIII336_B,sa0,,,4.6875000000e-02
IIII534,sa0,2,1,1.5625000000e-02
v8E_IIII534_A,sa0,,,1.5625000000e-02
v10E_IIII534_B,sa0,,,1.5625000000e-02
IIII444,sa0,2,1,3.9062500000e-03
v3E_IIII444_A,sa0,,,3.9062500000e-03
v9E_IIII444_B,sa0,,,3.9062500000e-03
IIII508,sa0,1,1,1.5625000000e-02
v9E_IIII508_A,sa0,,,1.5625000000e-02
v11E_IIII508_B,sa0,,,1.5625000000e-02
IIII427,sa0,1,1,7.8125000000e-03
v8E_IIII427_A,sa0,,,7.8125000000e-03
v9_IIII427_B,sa0,,,7.8125000000e-03
v10_IIII427_C,sa0,,,7.8125000000e-03
IIII409,sa0,1,1,3.1250000000e-02
v9_IIII409_A,sa0,,,3.1250000000e-02
v11E_IIII409_B,sa0,,,3.1250000000e-02
IIII365,sa0,3,1,2.9296875000e-03
C56D,sa0,,,2.9296875000e-03
v8_IIII365_B,sa0,,,2.9296875000e-03
v11_IIII365_C,sa0,,,2.9296875000e-03
IIII554,sa0,3,1,1.5625000000e-02
v2E_IIII554_A,sa0,,,1.5625000000e-02
v8_IIII554_B,sa0,,,1.5625000000e-02
v9E_IIII554_C,sa0,,,1.5625000000e-02
IIII518,sa0,3,1,7.8125000000e-03
v9_IIII518_A,sa0,,,7.8125000000e-03
v10E_IIII518_B,sa0,,,7.8125000000e-03
IIII167,sa0,2,1,1.1718750000e-02
v8_IIII167_A,sa0,,,1.1718750000e-02
v11_IIII167_B,sa0,,,1.1718750000e-02
C129D_IIII167_C,sa0,,,1.1718750000e-02
IIII464,sa0,2,1,7.8125000000e-03
v8E_IIII464_A,sa0,,,7.8125000000e-03
v10E_IIII464_B,sa0,,,7.8125000000e-03
v11_IIII464_C,sa0,,,7.8125000000e-03
IIII537,sa0,1,1,1.9531250000e-03
v6E_IIII537_A,sa0,,,1.9531250000e-03
v7E_IIII537_B,sa0,,,1.9531250000e-03
v8E_IIII537_C,sa0,,,1.9531250000e-03
v12_IIII537_D,sa0,,,1.9531250000e-03
IIII492,sa0,2,1,2.3437500000e-02
v10_IIII492_A,sa0,,,2.3437500000e-02
v11E_IIII492_B,sa0,,,2.3437500000e-02
IIII357,sa0,2,1,5.8593750000e-03
v10_IIII357_A,sa0,,,5.8593750000e-03
v11E_IIII357_B,sa0,,,5.8593750000e-03
IIII366,sa0,1,1,9.7656250000e-04
v8E_IIII366_A,sa0,,,9.7656250000e-04
v9_IIII366_B,sa0,,,9.7656250000e-04
v11E_IIII366_C,sa0,,,9.7656250000e-04
v12E_IIII366_D,sa0,,,9.7656250000e-04
IIII528,sa0,2,1,1.7578125000e-02
v9E_IIII528_A,sa0,,,1.7578125000e-02
v11_IIII528_B,sa0,,,1.7578125000e-02
IIII393,sa0,1,1,9.7656250000e-04
v10E_IIII393_A,sa0,,,9.7656250000e-04
v12E_IIII393_B,sa0,,,9.7656250000e-04
IIII555,sa0,1,1,7.8125000000e-03
v0_IIII555_A,sa0,,,7.8125000000e-03
v8E_IIII555_B,sa0,,,7.8125000000e-03
v11_IIII555_C,sa0,,,7.8125000000e-03
IIII447,sa0,1,1,9.7656250000e-04
v8E_IIII447_A,sa0,,,9.7656250000e-04
v9_IIII447_B,sa0,,,9.7656250000e-04
v10E_IIII447_C,sa0,,,9.7656250000e-04
v12E_IIII447_D,sa0,,,9.7656250000e-04
IIII538,sa0,1,1,3.9062500000e-03
v8_IIII538_A,sa0,,,3.9062500000e-03
v12E_IIII538_B,sa0,,,3.9062500000e-03
IIII547,sa0,4,1,1.1718750000e-02
v10_IIII547_A,sa0,,,1.1718750000e-02
v11E_IIII547_B,sa0,,,1.1718750000e-02
IIII466,sa0,1,1,4.8828125000e-04
v8E_IIII466_A,sa0,,,4.8828125000e-04
v11E_IIII466_B,sa0,,,4.8828125000e-04
v12E_IIII466_C,sa0,,,4.8828125000e-04
IIII476,sa0,1,1,9.7656250000e-04
v8E_IIII476_A,sa0,,,9.7656250000e-04
v9_IIII476_B,sa0,,,9.7656250000e-04
v11E_IIII476_C,sa0,,,9.7656250000e-04
v12E_IIII476_D,sa0,,,9.7656250000e-04
IIII396,sa0,1,1,1.5625000000e-02
v10E_IIII396_A,sa0,,,1.5625000000e-02
v12E_IIII396_B,sa0,,,1.5625000000e-02
IIII189,sa0,3,1,1.0156250000e-01
v7_IIII189_A,sa0,,,1.0156250000e-01
v12E_IIII189_B,sa0,,,1.0156250000e-01
C124DE,sa0,11,1,5.6640625000e-02
C124D_C124DE_A,sa1,,,5.6640625000e-02
C124DE,sa1,31,1,1.8774414063e-01
C124D_C124DE_A,sa0,,,1.8774414063e-01
IIII489,sa0,2,1,5.8593750000e-03
v8E_IIII489_A,sa0,,,5.8593750000e-03
v11_IIII489_B,sa0,,,5.8593750000e-03
C108DE,sa0,10,1,3.3203125000e-02
C108D_C108DE_A,sa1,,,3.3203125000e-02
C108DE,sa1,38,1,1.4550781250e-01
C108D_C108DE_A,sa0,,,1.4550781250e-01
C208DE,sa0,3,1,9.7656250000e-03
C208D_C208DE_A,sa1,,,9.7656250000e-03
C129DE,sa0,17,1,8.7402343750e-02
C129D_C129DE_A,sa1,,,8.7402343750e-02
C129DE,sa1,32,1,2.4462890625e-01
C129D_C129DE_A,sa0,,,2.4462890625e-01
C220D,sa0,27,1,1.8603515625e-01
C220D,sa1,10,1,6.2500000000e-02
v8E_C220D_A,sa1,,,6.2500000000e-02
v9E_C220D_B,sa1,,,6.2500000000e-02
C104D,sa0,2,1,5.8593750000e-03
C131D,sa0,26,1,3.2617187500e-01
C141D,sa0,24,1,1.7675781250e-01
C104D,sa1,1,1,1.9531250000e-03
v1_C104D_A,sa1,,,1.9531250000e-03
v6E_C104D_B,sa1,,,1.9531250000e-03
C131D,sa1,8,1,8.5937500000e-02
v8E_C131D_A,sa1,,,8.5937500000e-02
v10_C131D_B,sa1,,,8.5937500000e-02
C141D,sa1,11,1,5.4687500000e-02
v10E_C141D_A,sa1,,,5.4687500000e-02
v12_C141D_B,sa1,,,5.4687500000e-02
C117D,sa0,13,1,8.7890625000e-02
C144D,sa0,51,1,4.4519042969e-01
C117D,sa1,1,1,1.5625000000e-02
v9E_C117D_A,sa1,,,1.5625000000e-02
v2_C117D_B,sa1,,,1.5625000000e-02
C118D,sa0,8,1,6.2500000000e-02
C144D,sa1,19,1,1.3964843750e-01
v11E_C144D_A,sa1,,,1.3964843750e-01
v12_C144D_B,sa1,,,1.3964843750e-01
C127D,sa0,7,1,2.9296875000e-02
C218D,sa0,6,1,4.6875000000e-02
C118D,sa1,2,1,1.5625000000e-02
v2E_C118D_A,sa1,,,1.5625000000e-02
v10E_C118D_B,sa1,,,1.5625000000e-02
C191D,sa0,16,1,1.1328125000e-01
C127D,sa1,4,1,9.7656250000e-03
v5E_C127D_A,sa1,,,9.7656250000e-03
v4_C127D_B,sa1,,,9.7656250000e-03
C218D,sa1,2,1,3.5156250000e-02
v7E_C218D_A,sa1,,,3.5156250000e-02
v10_C218D_B,sa1,,,3.5156250000e-02
C138D,sa0,37,1,2.7093505859e-01
C165D,sa0,38,1,3.3984375000e-01
C191D,sa1,6,1,4.2968750000e-02
v10E_C191D_A,sa1,,,4.2968750000e-02
v9_C191D_B,sa1,,,4.2968750000e-02
C157D,sa0,19,1,1.9238281250e-01
C166D,sa0,3,1,1.1718750000e-02
C138D,sa1,14,1,1.0449218750e-01
v11E_C138D_A,sa1,,,1.0449218750e-01
v12E_C138D_B,sa1,,,1.0449218750e-01
C165D,sa1,16,1,1.3574218750e-01
v8E_C165D_A,sa1,,,1.3574218750e-01
v11_C165D_B,sa1,,,1.3574218750e-01
C157D,sa1,5,1,5.4687500000e-02
v10E_C157D_A,sa1,,,5.4687500000e-02
v12E_C157D_B,sa1,,,5.4687500000e-02
C166D,sa1,2,1,3.9062500000e-03
v3E_C166D_A,sa1,,,3.9062500000e-03
v6E_C166D_B,sa1,,,3.9062500000e-03
C193D,sa1,2,1,7.8125000000e-03
v2_C193D_A,sa1,,,7.8125000000e-03
v11E_C193D_B,sa1,,,7.8125000000e-03
II142,sa1,8,1,2.7343750000e-02
II254,sa1,8,1,1.0742187500e-02
II329,sa1,6,1,4.1015625000e-02
II368,sa1,6,1,5.4687500000e-02
C144D_C120D_A,sa0,2,1,2.3437500000e-02
C50D,sa1,2,1,5.8593750000e-03
IIII520,sa1,,,5.8593750000e-03
v11_C50D_B,sa1,,,5.8593750000e-03
C83D_IIII130_B,sa1,3,1,1.9531250000e-03
C30D_IIII329_C,sa1,1,1,7.8125000000e-03
IIII321,sa0,2,1,1.4648437500e-03
C33D,sa0,,,1.4648437500e-03
v11E_IIII321_B,sa0,,,1.4648437500e-03
v12E_IIII321_C,sa0,,,1.4648437500e-03
C30D_IIII368_A,sa1,1,1,3.9062500000e-03
C47D,sa1,2,1,2.3437500000e-02
IIII533,sa1,,,2.3437500000e-02
IIII534,sa1,,,2.3437500000e-02
C70D_IIII383_A,sa1,1,1,9.7656250000e-04
C57D,sa1,13,1,3.1250000000e-02
IIII365,sa1,,,3.1250000000e-02
IIII366,sa1,,,3.1250000000e-02
C83D_IIII344_A,sa1,1,1,9.7656250000e-04
IIII171,sa0,2,1,7.8125000000e-03
v8_IIII171_A,sa0,,,7.8125000000e-03
C193D,sa0,,,7.8125000000e-03
C81D_IIII392_A,sa1,1,1,3.9062500000e-03
C90D_IIII347_A,sa1,1,1,7.8125000000e-03
C86D,sa1,2,1,9.7656250000e-03
v9_C86D_A,sa1,,,9.7656250000e-03
IIII524,sa1,,,9.7656250000e-03
C59D,sa1,12,1,3.0273437500e-02
IIII537,sa1,,,3.0273437500e-02
IIII538,sa1,,,3.0273437500e-02
C104D_Av13_D_20B_C,sa1,1,1,1.9531250000e-03
C124DE_C44D_B,sa0,2,1,5.8593750000e-03
C124DE_IIII310_D,sa1,2,1,1.1718750000e-02
C124DE_IIII403_C,sa1,2,1,1.9531250000e-03
C129DE_IIII306_A,sa1,6,1,1.0937500000e-01
C124DE_IIII328_C,sa1,5,1,1.8066406250e-02
C129DE_IIII152_C,sa1,6,1,3.4179687500e-02
C194DE,sa0,2,1,7.8125000000e-03
C194D,sa1,,,7.8125000000e-03
v0_C194D_A,sa1,,,7.8125000000e-03
v10E_C194D_B,sa1,,,7.8125000000e-03
C124DE_IIII239_C,sa1,2,1,4.6875000000e-02
C194DE,sa1,7,1,3.5156250000e-02
C194D,sa0,,,3.5156250000e-02
C124DE_IIII457_B,sa1,2,1,1.1718750000e-02
C124DE_IIII439_C,sa1,4,1,2.3437500000e-02
C108DE_IIII449_A,sa1,8,1,6.7138671875e-03
C124DE_IIII369_B,sa1,2,1,4.6875000000e-02
C124DE_IIII296_C,sa1,3,1,9.7656250000e-03
C124DE_IIII387_C,sa1,2,1,1.1718750000e-02
C108DE_IIII269_B,sa1,7,1,6.5917968750e-03
C108DE_IIII494_C,sa1,8,1,2.9296875000e-02
C129DE_IIII259_B,sa1,7,1,6.3476562500e-03
C108DE_IIII299_B,sa1,5,1,3.9062500000e-02
C129DE_IIII486_D,sa1,2,1,1.1718750000e-02
C141D_IIII320_B,sa1,1,1,7.8125000000e-03
C127D_IIII101_A,sa1,2,1,5.8593750000e-03
C141D_C49D_A,sa0,18,1,1.5820312500e-01
C104D_C77D_A,sa0,2,1,1.4648437500e-03
C131D_IIII243_A,sa1,1,1,1.5625000000e-02
C220D_IIII390_A,sa1,1,1,1.5625000000e-02
C151D,sa1,7,1,8.5937500000e-02
IIII554,sa1,,,8.5937500000e-02
IIII555,sa1,,,8.5937500000e-02
C117D_IIII350_B,sa1,1,1,1.5625000000e-02
C127D_IIII323_B,sa1,1,1,3.9062500000e-03
C165D_IIII232_A,sa1,1,1,9.7656250000e-04
C145D,sa1,3,1,2.5390625000e-02
IIII528,sa1,,,2.5390625000e-02
v12_C145D_B,sa1,,,2.5390625000e-02
C138D_IIII332_A,sa1,1,1,1.5625000000e-02
C191D_IIII161_B,sa1,1,1,7.8125000000e-03
C144D_C98D_A,sa0,3,1,7.8125000000e-03
C138D_IIII306_B,sa1,1,1,1.5625000000e-02
C104D_IIII386_B,sa1,1,1,4.8828125000e-04
C191D_IIII354_A,sa1,1,1,1.5625000000e-02
C118D_IIII318_B,sa1,1,1,3.9062500000e-03
C144D_IIII175_B,sa1,2,1,1.9531250000e-02
C159D,sa0,4,1,1.7578125000e-02
C159D,sa1,4,1,1.7578125000e-02
IIII546,sa1,,,1.7578125000e-02
IIII547,sa1,,,1.7578125000e-02
C166D_IIII381_A,sa1,1,1,3.9062500000e-03
C178D,sa1,4,1,6.2500000000e-02
IIII559,sa1,,,6.2500000000e-02
IIII560,sa1,,,6.2500000000e-02
C118D_IIII349_A,sa1,1,1,7.8125000000e-03
C127D_IIII177_B,sa1,2,1,5.8593750000e-03
C124DE_C170D_A,sa0,2,1,3.5156250000e-02
C179D,sa1,1,1,7.8125000000e-03
v10_C179D_A,sa1,,,7.8125000000e-03
IIII518,sa1,,,7.8125000000e-03
C141D_IIII399_B,sa1,1,1,7.8125000000e-03
C218D_IIII378_A,sa1,1,1,3.9062500000e-03
C157D_IIII395_A,sa1,1,1,1.5625000000e-02
C129DE_C163D_A,sa0,3,1,2.1484375000e-02
C108DE_IIII31_A,sa1,4,1,1.1718750000e-02
C108DE_IIII43_C,sa1,14,1,5.9570312500e-02
C108DE_IIII82_C,sa1,6,1,3.5156250000e-02
C124DE_II642_C,sa1,4,1,8.7890625000e-03
C129DE_IIII75_A,sa1,3,1,7.0312500000e-02
C129DE_IIII58_B,sa1,13,1,4.1503906250e-02
IIII310,sa0,1,1,9.7656250000e-04
v6E_IIII310_A,sa0,,,9.7656250000e-04
v9_IIII310_B,sa0,,,9.7656250000e-04
v12E_IIII310_C,sa0,,,9.7656250000e-04
C124DE_IIII310_D,sa0,,,9.7656250000e-04
IIII320,sa0,4,1,1.0742187500e-02
v11_IIII320_A,sa0,,,1.0742187500e-02
C141D_IIII320_B,sa0,,,1.0742187500e-02
IIII213,sa0,4,1,3.9062500000e-03
C57D,sa0,,,3.9062500000e-03
v10E_IIII213_B,sa0,,,3.9062500000e-03
C159D_C168D_A,sa0,4,1,1.7578125000e-02
IIII403,sa0,2,1,9.7656250000e-04
v9_IIII403_A,sa0,,,9.7656250000e-04
v12E_IIII403_B,sa0,,,9.7656250000e-04
C124DE_IIII403_C,sa0,,,9.7656250000e-04
II254,sa0,,,9.7656250000e-04
v1_II254_A,sa0,,,9.7656250000e-04
v6_II254_B,sa0,,,9.7656250000e-04
v7E_II254_C,sa0,,,9.7656250000e-04
v8E_II254_D,sa0,,,9.7656250000e-04
IIII332,sa0,2,1,3.1250000000e-02
C138D_IIII332_A,sa0,,,3.1250000000e-02
v9E_IIII332_B,sa0,,,3.1250000000e-02
C49D,sa0,38,1,3.2812500000e-01
IIII350,sa0,2,1,4.6875000000e-02
v11_IIII350_A,sa0,,,4.6875000000e-02
C117D_IIII350_B,sa0,,,4.6875000000e-02
IIII323,sa0,2,1,1.1718750000e-02
v10E_IIII323_A,sa0,,,1.1718750000e-02
C127D_IIII323_B,sa0,,,1.1718750000e-02
IIII152,sa0,6,1,1.0742187500e-02
v8_IIII152_A,sa0,,,1.0742187500e-02
v12E_IIII152_B,sa0,,,1.0742187500e-02
C129DE_IIII152_C,sa0,,,1.0742187500e-02
IIII134,sa0,2,1,2.3437500000e-02
v7E_IIII134_A,sa0,,,2.3437500000e-02
v10_IIII134_B,sa0,,,2.3437500000e-02
C151D,sa0,,,2.3437500000e-02
C49D,sa1,7,1,4.1015625000e-02
C141D_C49D_A,sa1,,,4.1015625000e-02
v11_C49D_B,sa1,,,4.1015625000e-02
C77D,sa0,3,1,3.4179687500e-03
IIII306,sa0,2,1,4.6875000000e-02
C129DE_IIII306_A,sa0,,,4.6875000000e-02
C138D_IIII306_B,sa0,,,4.6875000000e-02
IIII360,sa0,2,1,5.8593750000e-03
v3E_IIII360_A,sa0,,,5.8593750000e-03
C59D,sa0,,,5.8593750000e-03
C77D,sa1,1,1,4.8828125000e-04
C104D_C77D_A,sa1,,,4.8828125000e-04
v0E_C77D_B,sa1,,,4.8828125000e-04
IIII109,sa0,9,1,1.5625000000e-02
C179D,sa0,,,1.5625000000e-02
v2_IIII109_B,sa0,,,1.5625000000e-02
v8_IIII109_C,sa0,,,1.5625000000e-02
v11_IIII109_D,sa0,,,1.5625000000e-02
IIII344,sa0,2,1,2.9296875000e-03
C83D_IIII344_A,sa0,,,2.9296875000e-03
v12E_IIII344_B,sa0,,,2.9296875000e-03
IIII390,sa0,3,1,4.2968750000e-02
C220D_IIII390_A,sa0,,,4.2968750000e-02
v10E_IIII390_B,sa0,,,4.2968750000e-02
IIII381,sa0,2,1,1.1718750000e-02
C166D_IIII381_A,sa0,,,1.1718750000e-02
v11E_IIII381_B,sa0,,,1.1718750000e-02
IIII363,sa0,9,1,1.8554687500e-02
v1E_IIII363_A,sa0,,,1.8554687500e-02
C178D,sa0,,,1.8554687500e-02
IIII318,sa0,3,1,1.1718750000e-02
v11_IIII318_A,sa0,,,1.1718750000e-02
C118D_IIII318_B,sa0,,,1.1718750000e-02
IIII354,sa0,2,1,4.6875000000e-02
C191D_IIII354_A,sa0,,,4.6875000000e-02
v11_IIII354_B,sa0,,,4.6875000000e-02
IIII328,sa0,1,1,3.9062500000e-03
v3_IIII328_A,sa0,,,3.9062500000e-03
v12E_IIII328_B,sa0,,,3.9062500000e-03
C124DE_IIII328_C,sa0,,,3.9062500000e-03
C98D,sa1,4,1,6.8359375000e-03
C144D_C98D_A,sa1,,,6.8359375000e-03
IIII444,sa1,,,6.8359375000e-03
IIII175,sa0,3,1,1.1718750000e-02
v9_IIII175_A,sa0,,,1.1718750000e-02
C144D_IIII175_B,sa0,,,1.1718750000e-02
IIII356,sa0,3,1,5.8593750000e-03
C50D,sa0,,,5.8593750000e-03
v10E_IIII356_B,sa0,,,5.8593750000e-03
IIII392,sa0,2,1,1.1718750000e-02
C81D_IIII392_A,sa0,,,1.1718750000e-02
v11E_IIII392_B,sa0,,,1.1718750000e-02
IIII329,sa0,3,1,8.3007812500e-03
v9_IIII329_A,sa0,,,8.3007812500e-03
v12_IIII329_B,sa0,,,8.3007812500e-03
C30D_IIII329_C,sa0,,,8.3007812500e-03
IIII239,sa0,1,1,1.5625000000e-02
v9_IIII239_A,sa0,,,1.5625000000e-02
v12_IIII239_B,sa0,,,1.5625000000e-02
C124DE_IIII239_C,sa0,,,1.5625000000e-02
IIII176,sa0,4,1,3.3203125000e-02
v10E_IIII176_A,sa0,,,3.3203125000e-02
C145D,sa0,,,3.3203125000e-02
IIII347,sa0,3,1,2.3681640625e-02
C90D_IIII347_A,sa0,,,2.3681640625e-02
v10E_IIII347_B,sa0,,,2.3681640625e-02
IIII375,sa0,3,1,1.3671875000e-02
C86D,sa0,,,1.3671875000e-02
v10E_IIII375_B,sa0,,,1.3671875000e-02
IIII439,sa0,2,1,7.8125000000e-03
v6_IIII439_A,sa0,,,7.8125000000e-03
v12_IIII439_B,sa0,,,7.8125000000e-03
C124DE_IIII439_C,sa0,,,7.8125000000e-03
IIII349,sa0,3,1,1.1718750000e-02
C118D_IIII349_A,sa0,,,1.1718750000e-02
v11E_IIII349_B,sa0,,,1.1718750000e-02
C220DE,sa0,8,1,4.6875000000e-02
C220D_C220DE_A,sa1,,,4.6875000000e-02
IIII395,sa0,3,1,3.1250000000e-02
C157D_IIII395_A,sa0,,,3.1250000000e-02
v9E_IIII395_B,sa0,,,3.1250000000e-02
C220DE,sa1,22,1,1.4990234375e-01
C220D_C220DE_A,sa0,,,1.4990234375e-01
IIII494,sa0,2,1,2.9296875000e-03
v8E_IIII494_A,sa0,,,2.9296875000e-03
v10_IIII494_B,sa0,,,2.9296875000e-03
C108DE_IIII494_C,sa0,,,2.9296875000e-03
C131DE,sa0,7,1,7.0312500000e-02
C131D_C131DE_A,sa1,,,7.0312500000e-02
C104DE,sa1,2,1,1.4648437500e-03
C104D_C104DE_A,sa0,,,1.4648437500e-03
C141DE,sa0,4,1,5.8593750000e-03
C141D_C141DE_A,sa1,,,5.8593750000e-03
IIII486,sa0,1,1,3.9062500000e-03
v6E_IIII486_A,sa0,,,3.9062500000e-03
v8E_IIII486_B,sa0,,,3.9062500000e-03
v12_IIII486_C,sa0,,,3.9062500000e-03
C129DE_IIII486_D,sa0,,,3.9062500000e-03
IIII378,sa0,3,1,7.8125000000e-03
C218D_IIII378_A,sa0,,,7.8125000000e-03
v5E_IIII378_B,sa0,,,7.8125000000e-03
v9_IIII378_C,sa0,,,7.8125000000e-03
v12E_IIII378_D,sa0,,,7.8125000000e-03
IIII387,sa0,1,1,1.9531250000e-03
v8E_IIII387_A,sa0,,,1.9531250000e-03
v9E_IIII387_B,sa0,,,1.9531250000e-03
C124DE_IIII387_C,sa0,,,1.9531250000e-03
IIII369,sa0,1,1,1.5625000000e-02
v9_IIII369_A,sa0,,,1.5625000000e-02
C124DE_IIII369_B,sa0,,,1.5625000000e-02
C131DE,sa1,23,1,2.7929687500e-01
C131D_C131DE_A,sa0,,,2.7929687500e-01
C141DE,sa1,13,1,3.9062500000e-02
C141D_C141DE_A,sa0,,,3.9062500000e-02
IIII299,sa0,6,1,6.8359375000e-03
v11E_IIII299_A,sa0,,,6.8359375000e-03
C108DE_IIII299_B,sa0,,,6.8359375000e-03
C117DE,sa0,2,1,1.5625000000e-02
C117D_C117DE_A,sa1,,,1.5625000000e-02
IIII399,sa0,3,1,3.1250000000e-02
v8_IIII399_A,sa0,,,3.1250000000e-02
C141D_IIII399_B,sa0,,,3.1250000000e-02
C144DE,sa0,22,1,1.2158203125e-01
C144D_C144DE_A,sa1,,,1.2158203125e-01
C117DE,sa1,13,1,8.7890625000e-02
C117D_C117DE_A,sa0,,,8.7890625000e-02
C118DE,sa0,2,1,1.5625000000e-02
C118D_C118DE_A,sa1,,,1.5625000000e-02
C144DE,sa1,44,1,4.3151855469e-01
C144D_C144DE_A,sa0,,,4.3151855469e-01
C118DE,sa1,7,1,6.2500000000e-02
C118D_C118DE_A,sa0,,,6.2500000000e-02
C191DE,sa0,4,1,2.7343750000e-02
C191D_C191DE_A,sa1,,,2.7343750000e-02
C218DE,sa1,2,1,3.9062500000e-02
C218D_C218DE_A,sa0,,,3.9062500000e-02
C138DE,sa0,12,1,8.4960937500e-02
C138D_C138DE_A,sa1,,,8.4960937500e-02
C191DE,sa1,15,1,6.6406250000e-02
C191D_C191DE_A,sa0,,,6.6406250000e-02
C165DE,sa0,16,1,1.3476562500e-01
C165D_C165DE_A,sa1,,,1.3476562500e-01
C194DE_IIII202_D,sa1,2,1,2.9296875000e-03
C138DE,sa1,33,1,2.2015380859e-01
C138D_C138DE_A,sa0,,,2.2015380859e-01
C166DE,sa0,2,1,3.9062500000e-03
C166D_C166DE_A,sa1,,,3.9062500000e-03
C157DE,sa0,5,1,3.9062500000e-02
C157D_C157DE_A,sa1,,,3.9062500000e-02
C165DE,sa1,35,1,3.3398437500e-01
C165D_C165DE_A,sa0,,,3.3398437500e-01
C166DE,sa1,4,1,1.1718750000e-02
C166D_C166DE_A,sa0,,,1.1718750000e-02
C157DE,sa1,16,1,1.6113281250e-01
C157D_C157DE_A,sa0,,,1.6113281250e-01
C194DE_IIII405_C,sa1,6,1,2.9296875000e-02
C194DE_IIII497_C,sa1,4,1,1.7578125000e-02
C120D,sa1,2,1,3.1250000000e-02
C144D_C120D_A,sa1,,,3.1250000000e-02
IIII425,sa1,,,3.1250000000e-02
C170D,sa0,6,1,1.7968750000e-01
C170D,sa1,5,1,1.0937500000e-01
C124DE_C170D_A,sa1,,,1.0937500000e-01
v9E_C170D_B,sa1,,,1.0937500000e-01
C163D,sa1,4,1,5.2734375000e-02
C129DE_C163D_A,sa1,,,5.2734375000e-02
IIII510,sa1,,,5.2734375000e-02
C159D_IIII342_A,sa1,4,1,1.7578125000e-02
IIII43,sa0,2,1,1.1718750000e-02
v8_IIII43_A,sa0,,,1.1718750000e-02
v10_IIII43_B,sa0,,,1.1718750000e-02
C108DE_IIII43_C,sa0,,,1.1718750000e-02
C30DE,sa0,13,1,6.5917968750e-02
C30D_C30DE_A,sa1,,,6.5917968750e-02
II642,sa1,8,1,4.1992187500e-02
C30DE,sa1,29,1,2.3828125000e-01
C30D_C30DE_A,sa0,,,2.3828125000e-01
C194DE_C180D_A,sa0,3,1,4.8828125000e-03
C70DE,sa0,1,1,3.9062500000e-03
C70D_C70DE_A,sa1,,,3.9062500000e-03
C81DE,sa0,5,1,3.1250000000e-02
C81D_C81DE_A,sa1,,,3.1250000000e-02
C90DE,sa0,10,1,9.1796875000e-02
C90D_C90DE_A,sa1,,,9.1796875000e-02
C81DE,sa1,6,1,1.0937500000e-01
C81D_C81DE_A,sa0,,,1.0937500000e-01
C90DE,sa1,30,1,2.2753906250e-01
C90D_C90DE_A,sa0,,,2.2753906250e-01
C83DE,sa0,4,1,9.7656250000e-03
C83D_C83DE_A,sa1,,,9.7656250000e-03
C83DE,sa1,8,1,2.9296875000e-02
C83D_C83DE_A,sa0,,,2.9296875000e-02
C138DE_Av13_D_20B_A,sa1,4,1,1.7578125000e-02
C83DE_IIII483_D,sa1,4,1,1.1718750000e-02
C83DE_IIII449_B,sa1,2,1,2.9296875000e-03
C83DE_IIII259_C,sa1,4,1,5.8593750000e-03
C83DE_IIII468_B,sa1,2,1,5.8593750000e-03
C83DE_IIII269_C,sa1,2,1,5.8593750000e-03
C83DE_IIII478_B,sa1,2,1,1.1718750000e-02
C83DE_IIII296_D,sa1,2,1,1.1718750000e-02
C51D,sa1,4,1,1.1718750000e-02
IIII356,sa1,,,1.1718750000e-02
IIII357,sa1,,,1.1718750000e-02
C34D,sa1,3,1,1.6113281250e-02
IIII320,sa1,,,1.6113281250e-02
IIII321,sa1,,,1.6113281250e-02
IIII210,sa0,4,1,5.8593750000e-02
v9_IIII210_A,sa0,,,5.8593750000e-02
C120D,sa0,,,5.8593750000e-02
IIII111,sa0,6,1,1.9531250000e-02
C98D,sa0,,,1.9531250000e-02
v10E_IIII111_B,sa0,,,1.9531250000e-02
C63D,sa1,2,1,1.1718750000e-02
v12E_C63D_A,sa1,,,1.1718750000e-02
IIII317,sa1,,,1.1718750000e-02
IIII318,sa1,,,1.1718750000e-02
C82D,sa1,3,1,1.9531250000e-02
IIII392,sa1,,,1.9531250000e-02
IIII393,sa1,,,1.9531250000e-02
C30DE_C150D_A,sa0,0,1,0.0000000000e+00
C77D_IIII250_A,sa1,1,1,4.8828125000e-04
IIII224,sa0,6,1,5.2734375000e-02
C163D,sa0,,,5.2734375000e-02
v8E_IIII224_B,sa0,,,5.2734375000e-02
v11_IIII224_C,sa0,,,5.2734375000e-02
IIII342,sa0,4,1,1.1718750000e-02
C159D_IIII342_A,sa0,,,1.1718750000e-02
v8E_IIII342_B,sa0,,,1.1718750000e-02
IIII405,sa0,2,1,5.8593750000e-03
v8E_IIII405_A,sa0,,,5.8593750000e-03
v9E_IIII405_B,sa0,,,5.8593750000e-03
C194DE_IIII405_C,sa0,,,5.8593750000e-03
IIII335,sa0,1,1,3.1250000000e-02
v12E_IIII335_A,sa0,,,3.1250000000e-02
C218DE,sa0,,,3.1250000000e-02
C218D_C218DE_A,sa1,,,3.1250000000e-02
C69D,sa1,9,1,7.1289062500e-02
IIII328,sa1,,,7.1289062500e-02
IIII329,sa1,,,7.1289062500e-02
C83DE_C111D_A,sa0,2,1,9.7656250000e-04
C49D_IIII219_A,sa1,1,1,3.9062500000e-03
C170D_IIII79_B,sa1,4,1,5.4687500000e-02
C131DE_C76D_A,sa0,1,1,9.7656250000e-04
C131DE_IIII420_C,sa1,4,1,1.9531250000e-02
C77D_IIII194_C,sa1,2,1,4.8828125000e-04
C220DE_IIII441_B,sa1,5,1,2.1484375000e-02
C144DE_IIII202_B,sa1,2,1,2.9296875000e-03
C165DE_C36D_A,sa0,1,1,7.8125000000e-03
C131DE_C79D_A,sa0,0,1,0.0000000000e+00
C220DE_IIII452_B,sa1,8,1,1.4648437500e-02
C220DE_IIII145_C,sa1,2,1,1.1718750000e-02
C144DE_IIII140_C,sa1,4,1,1.0546875000e-01
C90DE_C148D_A,sa0,1,1,3.1250000000e-02
IIII497,sa0,2,1,5.8593750000e-03
v8E_IIII497_A,sa0,,,5.8593750000e-03
v9E_IIII497_B,sa0,,,5.8593750000e-03
C194DE_IIII497_C,sa0,,,5.8593750000e-03
C138DE_C29D_A,sa0,2,1,2.9296875000e-03
C144DE_IIII161_A,sa1,6,1,1.1718750000e-01
C191DE_C93D_A,sa0,1,1,7.8125000000e-03
C138DE_C84D_A,sa0,3,1,1.2207031250e-02
C220DE_IIII482_B,sa1,5,1,4.4921875000e-02
C118DE_IIII341_B,sa1,8,1,3.5156250000e-02
C157DE_IIII302_B,sa1,5,1,4.2968750000e-02
C144DE_IIII215_C,sa1,5,1,8.5937500000e-02
C144DE_IIII433_B,sa1,5,1,3.1250000000e-02
C220DE_IIII266_C,sa1,2,1,4.6875000000e-02
C144DE_IIII243_C,sa1,3,1,1.2500000000e-01
C138DE_IIII151_B,sa1,7,1,4.1992187500e-02
C144DE_IIII136_B,sa1,6,1,9.3750000000e-02
C157DE_IIII131_C,sa1,4,1,2.8320312500e-02
C83DE_IIII31_B,sa1,4,1,1.1718750000e-02
C117DE_IIII406_C,sa1,4,1,3.5156250000e-02
C141DE_IIII383_B,sa1,14,1,2.7343750000e-02
C144DE_IIII308_B,sa1,13,1,1.3427734375e-02
C144DE_IIII272_B,sa1,3,1,7.8125000000e-02
C138DE_IIII250_C,sa1,13,1,8.7280273438e-03
C165DE_IIII242_B,sa1,6,1,1.4062500000e-01
C144DE_IIII226_C,sa1,2,1,9.3750000000e-02
C138DE_IIII414_B,sa1,6,1,1.1230468750e-02
C117DE_IIII191_C,sa1,2,1,1.1718750000e-02
C144DE_IIII182_C,sa1,2,1,9.3750000000e-02
C118DE_IIII163_C,sa1,3,1,3.9062500000e-02
C166DE_IIII513_B,sa1,4,1,1.1718750000e-02
C220DE_IIII485_C,sa1,2,1,1.1718750000e-02
C138DE_IIII450_C,sa1,4,1,1.1596679688e-03
C157DE_IIII423_B,sa1,6,1,8.0566406250e-03
C144DE_IIII247_B,sa1,3,1,3.5156250000e-02
C191DE_IIII505_D,sa1,2,1,1.1718750000e-02
C138DE_IIII505_C,sa1,2,1,7.8125000000e-03
C141DE_IIII485_B,sa1,2,1,1.1718750000e-02
C165DE_IIII460_C,sa1,4,1,4.6875000000e-02
C144DE_IIII436_C,sa1,4,1,3.2226562500e-02
C138DE_IIII362_B,sa1,5,1,5.8593750000e-02
C138DE_IIII253_C,sa1,8,1,9.7656250000e-03
C144DE_IIII229_C,sa1,4,1,4.6875000000e-02
C144DE_IIII148_C,sa1,6,1,2.3437500000e-02
C166DE_IIII145_B,sa1,2,1,1.1718750000e-02
C138DE_IIII514_D,sa1,2,1,2.3437500000e-02
C131DE_IIII495_C,sa1,4,1,3.5156250000e-02
C191DE_IIII463_B,sa1,2,1,2.3437500000e-02
C165DE_IIII463_A,sa1,3,1,2.3437500000e-02
C165DE_IIII435_B,sa1,8,1,6.6406250000e-02
C191DE_IIII346_B,sa1,3,1,2.3437500000e-02
C144DE_IIII339_B,sa1,2,1,4.6875000000e-02
C118DE_IIII293_B,sa1,4,1,2.3437500000e-02
C144DE_IIII438_C,sa1,4,1,2.3437500000e-02
C138DE_IIII293_A,sa1,4,1,2.3437500000e-02
C117DE_IIII186_C,sa1,2,1,4.8828125000e-03
C138DE_IIII491_B,sa1,18,1,5.4687500000e-02
C165DE_IIII338_B,sa1,4,1,6.2500000000e-02
C138DE_IIII256_C,sa1,2,1,4.6875000000e-02
C138DE_IIII384_B,sa1,6,1,1.9531250000e-02
C157DE_IIII284_B,sa1,6,1,3.9062500000e-02
C144DE_IIII179_C,sa1,2,1,4.6875000000e-02
C81DE_IIII95_B,sa1,3,1,2.4414062500e-02
C138DE_IIII475_C,sa1,5,1,4.3945312500e-03
C165DE_IIII359_B,sa1,6,1,2.5390625000e-02
C138DE_IIII278_B,sa1,2,1,4.6875000000e-02
C117DE_IIII498_B,sa1,4,1,3.5156250000e-02
C118DE_IIII398_B,sa1,2,1,2.3437500000e-02
C83DE_II497_B,sa0,3,1,9.7656250000e-03
C170D_IIII141_A,sa1,5,1,1.0937500000e-01
C203D,sa1,2,1,1.9531250000e-02
C70DE,sa1,,,1.9531250000e-02
C70D_C70DE_A,sa0,,,1.9531250000e-02
IIII508,sa1,,,1.9531250000e-02
C221D,sa1,3,1,6.2500000000e-02
IIII389,sa1,,,6.2500000000e-02
IIII390,sa1,,,6.2500000000e-02
C122D,sa1,3,1,2.7343750000e-02
v12_C122D_A,sa1,,,2.7343750000e-02
IIII323,sa1,,,2.7343750000e-02
C119D,sa1,2,1,2.3437500000e-02
IIII349,sa1,,,2.3437500000e-02
v12_C119D_B,sa1,,,2.3437500000e-02
IIII350,sa1,,,2.3437500000e-02
C192D,sa1,2,1,7.8125000000e-02
v8_C192D_A,sa1,,,7.8125000000e-02
IIII354,sa1,,,7.8125000000e-02
C139D,sa1,3,1,6.2500000000e-02
IIII332,sa1,,,6.2500000000e-02
IIII333,sa1,,,6.2500000000e-02
C167D,sa1,3,1,1.5625000000e-02
IIII380,sa1,,,1.5625000000e-02
IIII381,sa1,,,1.5625000000e-02
C158D,sa1,3,1,6.2500000000e-02
IIII395,sa1,,,6.2500000000e-02
IIII396,sa1,,,6.2500000000e-02
C168D,sa1,4,1,1.7578125000e-02
C159D_C168D_A,sa1,,,1.7578125000e-02
v9_C168D_B,sa1,,,1.7578125000e-02
C138DE_C222D_A,sa0,1,1,1.5625000000e-02
C157DE_C123D_A,sa0,1,1,1.5625000000e-02
C117DE_C137D_A,sa0,2,1,1.1718750000e-02
C30DE_IIII402_C,sa1,6,1,3.1250000000e-02
C30DE_IIII205_B,sa1,3,1,9.3750000000e-02
C30DE_IIII503_B,sa1,2,1,2.3437500000e-02
C90DE_C45D_A,sa0,1,1,3.9062500000e-03
C90DE_C54D_A,sa0,3,1,1.9531250000e-02
C131DE_IIII91_B,sa1,8,1,1.8750000000e-01
C83DE_IIII202_C,sa1,2,1,2.9296875000e-03
C83DE_IIII500_C,sa1,2,1,5.8593750000e-03
C30DE_IIII473_B,sa1,5,1,6.3476562500e-03
C30DE_IIII374_B,sa1,3,1,1.7578125000e-02
C90DE_IIII314_B,sa1,4,1,4.4921875000e-02
C83DE_IIII222_B,sa1,6,1,2.9296875000e-02
C30DE_IIII456_B,sa1,10,1,4.5898437500e-02
C90DE_IIII432_B,sa1,4,1,2.7343750000e-02
C30DE_IIII429_B,sa1,2,1,2.3437500000e-02
C83DE_IIII232_B,sa1,8,1,2.9296875000e-02
C30DE_IIII419_D,sa1,3,1,7.8125000000e-03
C81DE_IIII326_A,sa1,5,1,8.5937500000e-02
C90DE_IIII325_B,sa1,3,1,4.6875000000e-02
C165DE_IIII34_B,sa1,15,1,1.2402343750e-01
C90DE_IIII371_B,sa1,2,1,3.1250000000e-02
C83DE_IIII108_B,sa1,8,1,2.3437500000e-02
C220DE_Av13_D_20B_B,sa1,4,1,1.7578125000e-02
C144DE_IIII75_B,sa1,5,1,8.9843750000e-02
C30DE_IIII386_D,sa1,6,1,7.3242187500e-03
C83DE_IIII470_C,sa1,2,1,2.9296875000e-03
C90DE_IIII446_B,sa1,4,1,1.3671875000e-02
C83DE_IIII218_C,sa1,8,1,8.7890625000e-03
C157DE_IIII64_B,sa1,8,1,3.2226562500e-02
C90DE_IIII275_C,sa1,3,1,3.9062500000e-02
C90DE_IIII457_C,sa1,6,1,1.0742187500e-02
C90DE_IIII368_B,sa1,4,1,5.4687500000e-02
C165DE_IIII86_B,sa1,22,1,8.4472656250e-02
C90DE_IIII377_C,sa1,2,1,1.5625000000e-02
IIII220,sa0,9,1,1.1718750000e-02
C51D,sa0,,,1.1718750000e-02
v12_IIII220_B,sa0,,,1.1718750000e-02
IIII202,sa0,1,1,9.7656250000e-04
v9E_IIII202_A,sa0,,,9.7656250000e-04
C144DE_IIII202_B,sa0,,,9.7656250000e-04
C83DE_IIII202_C,sa0,,,9.7656250000e-04
C194DE_IIII202_D,sa0,,,9.7656250000e-04
C36D,sa1,3,1,1.0742187500e-02
C165DE_C36D_A,sa1,,,1.0742187500e-02
v10E_C36D_B,sa1,,,1.0742187500e-02
IIII500,sa0,1,1,1.9531250000e-03
v8_IIII500_A,sa0,,,1.9531250000e-03
v11_IIII500_B,sa0,,,1.9531250000e-03
C83DE_IIII500_C,sa0,,,1.9531250000e-03
C45D,sa1,2,1,2.3437500000e-02
C90DE_C45D_A,sa1,,,2.3437500000e-02
v11E_C45D_B,sa1,,,2.3437500000e-02
IIII302,sa0,1,1,1.5625000000e-02
v11E_IIII302_A,sa0,,,1.5625000000e-02
C157DE_IIII302_B,sa0,,,1.5625000000e-02
IIII140,sa0,3,1,3.7109375000e-02
v8E_IIII140_A,sa0,,,3.7109375000e-02
v10E_IIII140_B,sa0,,,3.7109375000e-02
C144DE_IIII140_C,sa0,,,3.7109375000e-02
IIII203,sa0,7,1,1.2207031250e-02
C34D,sa0,,,1.2207031250e-02
v9_IIII203_B,sa0,,,1.2207031250e-02
C54D,sa1,8,1,5.8593750000e-02
C90DE_C54D_A,sa1,,,5.8593750000e-02
IIII412,sa1,,,5.8593750000e-02
IIII131,sa0,2,1,7.8125000000e-03
v9_IIII131_A,sa0,,,7.8125000000e-03
v11E_IIII131_B,sa0,,,7.8125000000e-03
C157DE_IIII131_C,sa0,,,7.8125000000e-03
IIII141,sa0,6,1,1.7968750000e-01
C170D_IIII141_A,sa0,,,1.7968750000e-01
v8_IIII141_B,sa0,,,1.7968750000e-01
IIII420,sa0,1,1,3.9062500000e-03
v2E_IIII420_A,sa0,,,3.9062500000e-03
v7_IIII420_B,sa0,,,3.9062500000e-03
C131DE_IIII420_C,sa0,,,3.9062500000e-03
IIII402,sa0,1,1,3.9062500000e-03
v8_IIII402_A,sa0,,,3.9062500000e-03
v9E_IIII402_B,sa0,,,3.9062500000e-03
C30DE_IIII402_C,sa0,,,3.9062500000e-03
C29D,sa1,6,1,2.2460937500e-02
C138DE_C29D_A,sa1,,,2.2460937500e-02
IIII466,sa1,,,2.2460937500e-02
IIII250,sa0,3,1,3.4179687500e-03
C77D_IIII250_A,sa0,,,3.4179687500e-03
v3_IIII250_B,sa0,,,3.4179687500e-03
C138DE_IIII250_C,sa0,,,3.4179687500e-03
IIII232,sa0,4,1,9.7656250000e-03
C165D_IIII232_A,sa0,,,9.7656250000e-03
C83DE_IIII232_B,sa0,,,9.7656250000e-03
IIII205,sa0,1,1,7.8125000000e-03
v8E_IIII205_A,sa0,,,7.8125000000e-03
C30DE_IIII205_B,sa0,,,7.8125000000e-03
IIII151,sa0,4,1,1.1718750000e-02
v9_IIII151_A,sa0,,,1.1718750000e-02
C138DE_IIII151_B,sa0,,,1.1718750000e-02
IIII503,sa0,1,1,7.8125000000e-03
v9E_IIII503_A,sa0,,,7.8125000000e-03
C30DE_IIII503_B,sa0,,,7.8125000000e-03
IIII341,sa0,1,1,7.8125000000e-03
v11E_IIII341_A,sa0,,,7.8125000000e-03
C118DE_IIII341_B,sa0,,,7.8125000000e-03
IIII314,sa0,2,1,3.1250000000e-02
v10_IIII314_A,sa0,,,3.1250000000e-02
C90DE_IIII314_B,sa0,,,3.1250000000e-02
C84D,sa1,1,1,9.7656250000e-04
C138DE_C84D_A,sa1,,,9.7656250000e-04
IIII344,sa1,,,9.7656250000e-04
IIII233,sa0,8,1,5.2734375000e-02
C168D,sa0,,,5.2734375000e-02
v8E_IIII233_B,sa0,,,5.2734375000e-02
IIII161,sa0,2,1,2.3437500000e-02
C144DE_IIII161_A,sa0,,,2.3437500000e-02
C191D_IIII161_B,sa0,,,2.3437500000e-02
IIII215,sa0,5,1,2.6367187500e-02
v1_IIII215_A,sa0,,,2.6367187500e-02
v9_IIII215_B,sa0,,,2.6367187500e-02
C144DE_IIII215_C,sa0,,,2.6367187500e-02
IIII450,sa0,1,1,4.8828125000e-04
v3_IIII450_A,sa0,,,4.8828125000e-04
v8_IIII450_B,sa0,,,4.8828125000e-04
C138DE_IIII450_C,sa0,,,4.8828125000e-04
C104DE,sa0,,,4.8828125000e-04
C104D_C104DE_A,sa1,,,4.8828125000e-04
IIII414,sa0,1,1,9.7656250000e-04
v6_IIII414_A,sa0,,,9.7656250000e-04
C138DE_IIII414_B,sa0,,,9.7656250000e-04
IIII513,sa0,2,1,3.9062500000e-03
v12E_IIII513_A,sa0,,,3.9062500000e-03
C166DE_IIII513_B,sa0,,,3.9062500000e-03
II142,sa0,,,3.9062500000e-03
v7E_II142_A,sa0,,,3.9062500000e-03
v9_II142_B,sa0,,,3.9062500000e-03
v11E_II142_C,sa0,,,3.9062500000e-03
IIII432,sa0,1,1,3.9062500000e-03
v7_IIII432_A,sa0,,,3.9062500000e-03
C90DE_IIII432_B,sa0,,,3.9062500000e-03
IIII423,sa0,1,1,1.9531250000e-03
v3E_IIII423_A,sa0,,,1.9531250000e-03
C157DE_IIII423_B,sa0,,,1.9531250000e-03
IIII441,sa0,2,1,3.9062500000e-03
v11_IIII441_A,sa0,,,3.9062500000e-03
C220DE_IIII441_B,sa0,,,3.9062500000e-03
IIII234,sa0,4,1,2.3437500000e-02
v8_IIII234_A,sa0,,,2.3437500000e-02
C167D,sa0,,,2.3437500000e-02
C76D,sa1,9,1,3.5156250000e-02
C131DE_C76D_A,sa1,,,3.5156250000e-02
IIII427,sa1,,,3.5156250000e-02
IIII243,sa0,2,1,4.6875000000e-02
C131D_IIII243_A,sa0,,,4.6875000000e-02
v9_IIII243_B,sa0,,,4.6875000000e-02
C144DE_IIII243_C,sa0,,,4.6875000000e-02
IIII460,sa0,2,1,1.5625000000e-02
v2E_IIII460_A,sa0,,,1.5625000000e-02
v12E_IIII460_B,sa0,,,1.5625000000e-02
C165DE_IIII460_C,sa0,,,1.5625000000e-02
IIII514,sa0,1,1,7.8125000000e-03
v2_IIII514_A,sa0,,,7.8125000000e-03
v7_IIII514_B,sa0,,,7.8125000000e-03
v9E_IIII514_C,sa0,,,7.8125000000e-03
C138DE_IIII514_D,sa0,,,7.8125000000e-03
IIII433,sa0,4,1,5.8593750000e-03
v10_IIII433_A,sa0,,,5.8593750000e-03
C144DE_IIII433_B,sa0,,,5.8593750000e-03
IIII325,sa0,2,1,3.1250000000e-02
v10_IIII325_A,sa0,,,3.1250000000e-02
C90DE_IIII325_B,sa0,,,3.1250000000e-02
IIII253,sa0,1,1,1.9531250000e-03
v1E_IIII253_A,sa0,,,1.9531250000e-03
v10E_IIII253_B,sa0,,,1.9531250000e-03
C138DE_IIII253_C,sa0,,,1.9531250000e-03
IIII208,sa0,3,1,2.7343750000e-02
C122D,sa0,,,2.7343750000e-02
v11E_IIII208_B,sa0,,,2.7343750000e-02
IIII406,sa0,2,1,1.1718750000e-02
v8_IIII406_A,sa0,,,1.1718750000e-02
v11_IIII406_B,sa0,,,1.1718750000e-02
C117DE_IIII406_C,sa0,,,1.1718750000e-02
IIII163,sa0,1,1,7.8125000000e-03
v11E_IIII163_A,sa0,,,7.8125000000e-03
v12E_IIII163_B,sa0,,,7.8125000000e-03
C118DE_IIII163_C,sa0,,,7.8125000000e-03
IIII226,sa0,1,1,3.1250000000e-02
v8E_IIII226_A,sa0,,,3.1250000000e-02
v10E_IIII226_B,sa0,,,3.1250000000e-02
C144DE_IIII226_C,sa0,,,3.1250000000e-02
IIII136,sa0,2,1,2.3437500000e-02
C47D,sa0,,,2.3437500000e-02
C144DE_IIII136_B,sa0,,,2.3437500000e-02
IIII505,sa0,1,1,3.9062500000e-03
v7_IIII505_A,sa0,,,3.9062500000e-03
v8_IIII505_B,sa0,,,3.9062500000e-03
C138DE_IIII505_C,sa0,,,3.9062500000e-03
C191DE_IIII505_D,sa0,,,3.9062500000e-03
IIII470,sa0,1,1,9.7656250000e-04
v8_IIII470_A,sa0,,,9.7656250000e-04
v12E_IIII470_B,sa0,,,9.7656250000e-04
C83DE_IIII470_C,sa0,,,9.7656250000e-04
IIII452,sa0,2,1,1.9531250000e-03
v12E_IIII452_A,sa0,,,1.9531250000e-03
C220DE_IIII452_B,sa0,,,1.9531250000e-03
IIII371,sa0,1,1,1.5625000000e-02
v10E_IIII371_A,sa0,,,1.5625000000e-02
C90DE_IIII371_B,sa0,,,1.5625000000e-02
IIII362,sa0,2,1,1.5625000000e-02
v8_IIII362_A,sa0,,,1.5625000000e-02
C138DE_IIII362_B,sa0,,,1.5625000000e-02
IIII326,sa0,2,1,2.3437500000e-02
C81DE_IIII326_A,sa0,,,2.3437500000e-02
C129D_IIII326_B,sa0,,,2.3437500000e-02
IIII191,sa0,1,1,3.9062500000e-03
v8_IIII191_A,sa0,,,3.9062500000e-03
v11_IIII191_B,sa0,,,3.9062500000e-03
C117DE_IIII191_C,sa0,,,3.9062500000e-03
IIII209,sa0,5,1,5.8593750000e-02
v8_IIII209_A,sa0,,,5.8593750000e-02
C119D,sa0,,,5.8593750000e-02
IIII227,sa0,3,1,6.2500000000e-02
C139D,sa0,,,6.2500000000e-02
v8_IIII227_B,sa0,,,6.2500000000e-02
v10_IIII227_C,sa0,,,6.2500000000e-02
IIII272,sa0,1,1,1.5625000000e-02
v10E_IIII272_A,sa0,,,1.5625000000e-02
C144DE_IIII272_B,sa0,,,1.5625000000e-02
IIII182,sa0,1,1,3.1250000000e-02
v8E_IIII182_A,sa0,,,3.1250000000e-02
v10E_IIII182_B,sa0,,,3.1250000000e-02
C144DE_IIII182_C,sa0,,,3.1250000000e-02
IIII128,sa0,3,1,1.2207031250e-02
v8_IIII128_A,sa0,,,1.2207031250e-02
C69D,sa0,,,1.2207031250e-02
IIII219,sa0,9,1,1.3183593750e-02
C49D_IIII219_A,sa0,,,1.3183593750e-02
v9_IIII219_B,sa0,,,1.3183593750e-02
IIII237,sa0,5,1,5.4687500000e-02
v7_IIII237_A,sa0,,,5.4687500000e-02
v12E_IIII237_B,sa0,,,5.4687500000e-02
C221D,sa0,,,5.4687500000e-02
IIII435,sa0,2,1,1.5625000000e-02
v12_IIII435_A,sa0,,,1.5625000000e-02
C165DE_IIII435_B,sa0,,,1.5625000000e-02
C79D,sa1,2,1,2.3437500000e-02
C131DE_C79D_A,sa1,,,2.3437500000e-02
v11_C79D_B,sa1,,,2.3437500000e-02
IIII256,sa0,1,1,1.5625000000e-02
v9_IIII256_A,sa0,,,1.5625000000e-02
v10_IIII256_B,sa0,,,1.5625000000e-02
C138DE_IIII256_C,sa0,,,1.5625000000e-02
IIII247,sa0,1,1,3.9062500000e-03
v10_IIII247_A,sa0,,,3.9062500000e-03
C144DE_IIII247_B,sa0,,,3.9062500000e-03
IIII148,sa0,4,1,7.8125000000e-03
v9_IIII148_A,sa0,,,7.8125000000e-03
v10E_IIII148_B,sa0,,,7.8125000000e-03
C144DE_IIII148_C,sa0,,,7.8125000000e-03
IIII157,sa0,3,1,1.2695312500e-02
C82D,sa0,,,1.2695312500e-02
v9E_IIII157_B,sa0,,,1.2695312500e-02
IIII229,sa0,2,1,1.5625000000e-02
v9_IIII229_A,sa0,,,1.5625000000e-02
v10_IIII229_B,sa0,,,1.5625000000e-02
C144DE_IIII229_C,sa0,,,1.5625000000e-02
IIII463,sa0,2,1,7.8125000000e-03
C165DE_IIII463_A,sa0,,,7.8125000000e-03
C191DE_IIII463_B,sa0,,,7.8125000000e-03
IIII436,sa0,1,1,9.7656250000e-04
v8E_IIII436_A,sa0,,,9.7656250000e-04
v9_IIII436_B,sa0,,,9.7656250000e-04
C144DE_IIII436_C,sa0,,,9.7656250000e-04
IIII346,sa0,1,1,7.8125000000e-03
v12_IIII346_A,sa0,,,7.8125000000e-03
C191DE_IIII346_B,sa0,,,7.8125000000e-03
IIII383,sa0,3,1,1.9531250000e-03
C70D_IIII383_A,sa0,,,1.9531250000e-03
C141DE_IIII383_B,sa0,,,1.9531250000e-03
IIII293,sa0,2,1,7.8125000000e-03
C138DE_IIII293_A,sa0,,,7.8125000000e-03
C118DE_IIII293_B,sa0,,,7.8125000000e-03
II368,sa0,,,7.8125000000e-03
v7_II368_A,sa0,,,7.8125000000e-03
v8_II368_B,sa0,,,7.8125000000e-03
v9E_II368_C,sa0,,,7.8125000000e-03
IIII482,sa0,1,1,1.5625000000e-02
v2_IIII482_A,sa0,,,1.5625000000e-02
C220DE_IIII482_B,sa0,,,1.5625000000e-02
IIII491,sa0,2,1,2.3437500000e-02
v10E_IIII491_A,sa0,,,2.3437500000e-02
C138DE_IIII491_B,sa0,,,2.3437500000e-02
IIII338,sa0,2,1,2.3437500000e-02
C108D_IIII338_A,sa0,,,2.3437500000e-02
C165DE_IIII338_B,sa0,,,2.3437500000e-02
IIII473,sa0,3,1,2.9296875000e-03
v0E_IIII473_A,sa0,,,2.9296875000e-03
C30DE_IIII473_B,sa0,,,2.9296875000e-03
IIII284,sa0,1,1,1.5625000000e-02
v11E_IIII284_A,sa0,,,1.5625000000e-02
C157DE_IIII284_B,sa0,,,1.5625000000e-02
IIII194,sa0,6,1,3.4179687500e-03
v3_IIII194_A,sa0,,,3.4179687500e-03
v12_IIII194_B,sa0,,,3.4179687500e-03
C77D_IIII194_C,sa0,,,3.4179687500e-03
IIII374,sa0,1,1,7.8125000000e-03
v9E_IIII374_A,sa0,,,7.8125000000e-03
C30DE_IIII374_B,sa0,,,7.8125000000e-03
IIII419,sa0,1,1,3.9062500000e-03
v5E_IIII419_A,sa0,,,3.9062500000e-03
v7E_IIII419_B,sa0,,,3.9062500000e-03
v8E_IIII419_C,sa0,,,3.9062500000e-03
C30DE_IIII419_D,sa0,,,3.9062500000e-03
IIII275,sa0,1,1,3.9062500000e-03
v7_IIII275_A,sa0,,,3.9062500000e-03
v8_IIII275_B,sa0,,,3.9062500000e-03
C90DE_IIII275_C,sa0,,,3.9062500000e-03
IIII446,sa0,2,1,3.9062500000e-03
v11E_IIII446_A,sa0,,,3.9062500000e-03
C90DE_IIII446_B,sa0,,,3.9062500000e-03
IIII384,sa0,4,1,5.8593750000e-03
v10E_IIII384_A,sa0,,,5.8593750000e-03
C138DE_IIII384_B,sa0,,,5.8593750000e-03
IIII483,sa0,2,1,3.9062500000e-03
v8E_IIII483_A,sa0,,,3.9062500000e-03
v9E_IIII483_B,sa0,,,3.9062500000e-03
v11E_IIII483_C,sa0,,,3.9062500000e-03
C83DE_IIII483_D,sa0,,,3.9062500000e-03
IIII438,sa0,2,1,7.8125000000e-03
v0_IIII438_A,sa0,,,7.8125000000e-03
v10_IIII438_B,sa0,,,7.8125000000e-03
C144DE_IIII438_C,sa0,,,7.8125000000e-03
IIII339,sa0,2,1,1.5625000000e-02
v8E_IIII339_A,sa0,,,1.5625000000e-02
C144DE_IIII339_B,sa0,,,1.5625000000e-02
IIII186,sa0,2,1,2.9296875000e-03
v8_IIII186_A,sa0,,,2.9296875000e-03
v11_IIII186_B,sa0,,,2.9296875000e-03
C117DE_IIII186_C,sa0,,,2.9296875000e-03
IIII456,sa0,6,1,1.5625000000e-02
v9_IIII456_A,sa0,,,1.5625000000e-02
C30DE_IIII456_B,sa0,,,1.5625000000e-02
IIII429,sa0,1,1,7.8125000000e-03
v9E_IIII429_A,sa0,,,7.8125000000e-03
C30DE_IIII429_B,sa0,,,7.8125000000e-03
IIII475,sa0,1,1,1.9531250000e-03
v2E_IIII475_A,sa0,,,1.9531250000e-03
v8_IIII475_B,sa0,,,1.9531250000e-03
C138DE_IIII475_C,sa0,,,1.9531250000e-03
IIII457,sa0,1,1,1.9531250000e-03
v6_IIII457_A,sa0,,,1.9531250000e-03
C124DE_IIII457_B,sa0,,,1.9531250000e-03
C90DE_IIII457_C,sa0,,,1.9531250000e-03
IIII259,sa0,2,1,1.9531250000e-03
v12E_IIII259_A,sa0,,,1.9531250000e-03
C129DE_IIII259_B,sa0,,,1.9531250000e-03
C83DE_IIII259_C,sa0,,,1.9531250000e-03
IIII449,sa0,1,1,9.7656250000e-04
C108DE_IIII449_A,sa0,,,9.7656250000e-04
C83DE_IIII449_B,sa0,,,9.7656250000e-04
IIII485,sa0,1,1,3.9062500000e-03
v6_IIII485_A,sa0,,,3.9062500000e-03
C141DE_IIII485_B,sa0,,,3.9062500000e-03
C220DE_IIII485_C,sa0,,,3.9062500000e-03
IIII377,sa0,1,1,7.8125000000e-03
v7_IIII377_A,sa0,,,7.8125000000e-03
v10_IIII377_B,sa0,,,7.8125000000e-03
C90DE_IIII377_C,sa0,,,7.8125000000e-03
IIII278,sa0,1,1,1.5625000000e-02
v10E_IIII278_A,sa0,,,1.5625000000e-02
C138DE_IIII278_B,sa0,,,1.5625000000e-02
IIII296,sa0,1,1,3.9062500000e-03
v8E_IIII296_A,sa0,,,3.9062500000e-03
v9E_IIII296_B,sa0,,,3.9062500000e-03
C124DE_IIII296_C,sa0,,,3.9062500000e-03
C83DE_IIII296_D,sa0,,,3.9062500000e-03
IIII269,sa0,1,1,1.9531250000e-03
v11E_IIII269_A,sa0,,,1.9531250000e-03
C108DE_IIII269_B,sa0,,,1.9531250000e-03
C83DE_IIII269_C,sa0,,,1.9531250000e-03
IIII197,sa0,7,1,6.2500000000e-02
C158D,sa0,,,6.2500000000e-02
v7_IIII197_B,sa0,,,6.2500000000e-02
v11E_IIII197_C,sa0,,,6.2500000000e-02
IIII386,sa0,2,1,1.4648437500e-03
v0_IIII386_A,sa0,,,1.4648437500e-03
C104D_IIII386_B,sa0,,,1.4648437500e-03
v8_IIII386_C,sa0,,,1.4648437500e-03
C30DE_IIII386_D,sa0,,,1.4648437500e-03
IIII179,sa0,1,1,1.5625000000e-02
v9_IIII179_A,sa0,,,1.5625000000e-02
v10_IIII179_B,sa0,,,1.5625000000e-02
C144DE_IIII179_C,sa0,,,1.5625000000e-02
IIII368,sa0,2,1,1.1718750000e-02
C30D_IIII368_A,sa0,,,1.1718750000e-02
C90DE_IIII368_B,sa0,,,1.1718750000e-02
IIII359,sa0,0,1,0.0000000000e+00
v12E_IIII359_A,sa0,,,0.0000000000e+00
C165DE_IIII359_B,sa0,,,0.0000000000e+00
IIII288,sa0,3,1,1.9531250000e-02
v7E_IIII288_A,sa0,,,1.9531250000e-02
C203D,sa0,,,1.9531250000e-02
IIII495,sa0,4,1,2.9296875000e-03
v9_IIII495_A,sa0,,,2.9296875000e-03
v11_IIII495_B,sa0,,,2.9296875000e-03
C131DE_IIII495_C,sa0,,,2.9296875000e-03
IIII468,sa0,1,1,1.9531250000e-03
v9_IIII468_A,sa0,,,1.9531250000e-03
C83DE_IIII468_B,sa0,,,1.9531250000e-03
IIII478,sa0,1,1,3.9062500000e-03
v10E_IIII478_A,sa0,,,3.9062500000e-03
C83DE_IIII478_B,sa0,,,3.9062500000e-03
IIII199,sa0,3,1,1.9531250000e-02
v9E_IIII199_A,sa0,,,1.9531250000e-02
C63D,sa0,,,1.9531250000e-02
IIII398,sa0,1,1,7.8125000000e-03
v12E_IIII398_A,sa0,,,7.8125000000e-03
C118DE_IIII398_B,sa0,,,7.8125000000e-03
C180DE,sa0,7,1,1.6601562500e-02
C180D,sa1,,,1.6601562500e-02
C194DE_C180D_A,sa1,,,1.6601562500e-02
v11E_C180D_B,sa1,,,1.6601562500e-02
IIII498,sa0,2,1,1.1718750000e-02
v8_IIII498_A,sa0,,,1.1718750000e-02
C117DE_IIII498_B,sa0,,,1.1718750000e-02
C111D,sa1,4,1,2.9296875000e-03
C83DE_C111D_A,sa1,,,2.9296875000e-03
v2_C111D_B,sa1,,,2.9296875000e-03
C222D,sa1,4,1,3.9062500000e-02
C138DE_C222D_A,sa1,,,3.9062500000e-02
IIII417,sa1,,,3.9062500000e-02
C150D,sa1,3,1,6.2500000000e-02
C30DE_C150D_A,sa1,,,6.2500000000e-02
IIII352,sa1,,,6.2500000000e-02
C125D,sa1,3,1,5.4687500000e-02
IIII335,sa1,,,5.4687500000e-02
IIII336,sa1,,,5.4687500000e-02
C137D,sa1,12,1,6.4453125000e-02
C117DE_C137D_A,sa1,,,6.4453125000e-02
IIII489,sa1,,,6.4453125000e-02
IIII31,sa0,2,1,3.9062500000e-03
C108DE_IIII31_A,sa0,,,3.9062500000e-03
C83DE_IIII31_B,sa0,,,3.9062500000e-03
II642,sa0,,,3.9062500000e-03
v7E_II642_A,sa0,,,3.9062500000e-03
v8E_II642_B,sa0,,,3.9062500000e-03
C124DE_II642_C,sa0,,,3.9062500000e-03
C148D,sa1,4,1,7.2265625000e-02
C90DE_C148D_A,sa1,,,7.2265625000e-02
IIII409,sa1,,,7.2265625000e-02
IIII80,sa0,4,1,9.3750000000e-02
v7_IIII80_A,sa0,,,9.3750000000e-02
v12E_IIII80_B,sa0,,,9.3750000000e-02
C192D,sa0,,,9.3750000000e-02
IIII64,sa0,1,1,3.9062500000e-03
v11E_IIII64_A,sa0,,,3.9062500000e-03
C157DE_IIII64_B,sa0,,,3.9062500000e-03
IIII75,sa0,3,1,2.1484375000e-02
C129DE_IIII75_A,sa0,,,2.1484375000e-02
C144DE_IIII75_B,sa0,,,2.1484375000e-02
IIII79,sa0,4,1,8.5937500000e-02
v8_IIII79_A,sa0,,,8.5937500000e-02
C170D_IIII79_B,sa0,,,8.5937500000e-02
C49DE,sa0,6,1,3.7109375000e-02
C49D_C49DE_A,sa1,,,3.7109375000e-02
C49DE,sa1,30,1,3.1494140625e-01
C49D_C49DE_A,sa0,,,3.1494140625e-01
C31D,sa1,4,1,8.2031250000e-02
IIII368,sa1,,,8.2031250000e-02
IIII369,sa1,,,8.2031250000e-02
C41D,sa1,8,1,2.0019531250e-02
IIII470,sa1,,,2.0019531250e-02
IIII471,sa1,,,2.0019531250e-02
C42D,sa1,10,1,5.3710937500e-02
IIII432,sa1,,,5.3710937500e-02
IIII433,sa1,,,5.3710937500e-02
C60D,sa1,33,1,1.1645507813e-01
IIII494,sa1,,,1.1645507813e-01
IIII495,sa1,,,1.1645507813e-01
C44D,sa0,11,1,8.7890625000e-03
C71D,sa1,9,1,3.6132812500e-02
IIII383,sa1,,,3.6132812500e-02
IIII384,sa1,,,3.6132812500e-02
C26D,sa1,8,1,2.3437500000e-02
IIII414,sa1,,,2.3437500000e-02
IIII415,sa1,,,2.3437500000e-02
C44D,sa1,9,1,1.5625000000e-02
IIII473,sa1,,,1.5625000000e-02
C124DE_C44D_B,sa1,,,1.5625000000e-02
C80D,sa1,8,1,2.2949218750e-02
IIII250,sa1,,,2.2949218750e-02
IIII251,sa1,,,2.2949218750e-02
C35D,sa1,9,1,7.7636718750e-02
IIII202,sa1,,,7.7636718750e-02
IIII203,sa1,,,7.7636718750e-02
C27D,sa1,4,1,1.7578125000e-02
IIII500,sa1,,,1.7578125000e-02
IIII501,sa1,,,1.7578125000e-02
C55D,sa1,13,1,3.1738281250e-02
IIII475,sa1,,,3.1738281250e-02
IIII476,sa1,,,3.1738281250e-02
IIII240,sa0,3,1,7.8125000000e-02
C125D,sa0,,,7.8125000000e-02
v9E_IIII240_B,sa0,,,7.8125000000e-02
C91D,sa1,7,1,4.4921875000e-02
IIII346,sa1,,,4.4921875000e-02
IIII347,sa1,,,4.4921875000e-02
C65D,sa1,4,1,5.0781250000e-02
IIII199,sa1,,,5.0781250000e-02
IIII200,sa1,,,5.0781250000e-02
C92D,sa1,22,1,1.5454101563e-01
IIII505,sa1,,,1.5454101563e-01
IIII506,sa1,,,1.5454101563e-01
C39D,sa1,8,1,1.9042968750e-02
IIII423,sa1,,,1.9042968750e-02
v9_C39D_B,sa1,,,1.9042968750e-02
IIII206,sa0,2,1,4.6875000000e-02
v7_IIII206_A,sa0,,,4.6875000000e-02
C150D,sa0,,,4.6875000000e-02
C93D,sa1,3,1,7.8125000000e-03
C191DE_C93D_A,sa1,,,7.8125000000e-03
IIII468,sa1,,,7.8125000000e-03
C75D,sa1,16,1,6.6406250000e-02
IIII359,sa1,,,6.6406250000e-02
IIII360,sa1,,,6.6406250000e-02
C95D,sa1,19,1,4.7851562500e-02
IIII446,sa1,,,4.7851562500e-02
IIII447,sa1,,,4.7851562500e-02
C78D,sa1,9,1,2.6367187500e-02
IIII452,sa1,,,2.6367187500e-02
IIII453,sa1,,,2.6367187500e-02
IIII308,sa0,4,1,4.8828125000e-03
C111D,sa0,,,4.8828125000e-03
C144DE_IIII308_B,sa0,,,4.8828125000e-03
IIII281,sa0,5,1,3.4179687500e-03
v3E_IIII281_A,sa0,,,3.4179687500e-03
C29D,sa0,,,3.4179687500e-03
C87D,sa1,4,1,3.3203125000e-02
IIII374,sa1,,,3.3203125000e-02
IIII375,sa1,,,3.3203125000e-02
C96D,sa1,8,1,1.0156250000e-01
IIII463,sa1,,,1.0156250000e-01
IIII464,sa1,,,1.0156250000e-01
IIII282,sa0,4,1,2.6367187500e-02
C36D,sa0,,,2.6367187500e-02
v12_IIII282_B,sa0,,,2.6367187500e-02
C97D,sa1,8,1,1.4160156250e-02
v11E_C97D_A,sa1,,,1.4160156250e-02
IIII194,sa1,,,1.4160156250e-02
IIII248,sa0,3,1,1.9531250000e-02
C45D,sa0,,,1.9531250000e-02
v10E_IIII248_B,sa0,,,1.9531250000e-02
IIII158,sa0,5,1,1.5136718750e-02
C84D,sa0,,,1.5136718750e-02
v10E_IIII158_B,sa0,,,1.5136718750e-02
IIII285,sa0,4,1,2.3437500000e-02
C222D,sa0,,,2.3437500000e-02
v10E_IIII285_B,sa0,,,2.3437500000e-02
IIII177,sa0,4,1,1.7578125000e-02
C137D,sa0,,,1.7578125000e-02
C127D_IIII177_B,sa0,,,1.7578125000e-02
C49DE_C133D_A,sa0,2,1,4.8828125000e-03
C49DE_C143D_A,sa0,1,1,7.8125000000e-03
C49DE_C186D_A,sa0,1,1,7.8125000000e-03
C100D,sa1,4,1,3.2226562500e-02
IIII429,sa1,,,3.2226562500e-02
IIII430,sa1,,,3.2226562500e-02
C200D,sa1,13,1,2.3828125000e-01
IIII513,sa1,,,2.3828125000e-01
IIII514,sa1,,,2.3828125000e-01
C201D,sa1,3,1,5.4687500000e-02
IIII503,sa1,,,5.4687500000e-02
v12E_C201D_B,sa1,,,5.4687500000e-02
C211D,sa1,8,1,1.1718750000e-01
IIII485,sa1,,,1.1718750000e-01
IIII486,sa1,,,1.1718750000e-01
C130D,sa1,3,1,6.2500000000e-02
IIII371,sa1,,,6.2500000000e-02
IIII372,sa1,,,6.2500000000e-02
C103D,sa1,20,1,1.3671875000e-01
IIII435,sa1,,,1.3671875000e-01
IIII436,sa1,,,1.3671875000e-01
C140D,sa1,7,1,3.4375000000e-01
IIII226,sa1,,,3.4375000000e-01
IIII227,sa1,,,3.4375000000e-01
C105D,sa1,14,1,3.1250000000e-02
IIII449,sa1,,,3.1250000000e-02
IIII450,sa1,,,3.1250000000e-02
C213D,sa1,9,1,1.0546875000e-01
IIII482,sa1,,,1.0546875000e-01
IIII483,sa1,,,1.0546875000e-01
C123D,sa1,6,1,1.0546875000e-01
C157DE_C123D_A,sa1,,,1.0546875000e-01
IIII208,sa1,,,1.0546875000e-01
IIII209,sa1,,,1.0546875000e-01
IIII210,sa1,,,1.0546875000e-01
C114D,sa1,15,1,9.3750000000e-02
IIII456,sa1,,,9.3750000000e-02
IIII457,sa1,,,9.3750000000e-02
C214D,sa1,8,1,2.0312500000e-01
IIII460,sa1,,,2.0312500000e-01
IIII461,sa1,,,2.0312500000e-01
C160D,sa1,6,1,6.4453125000e-02
IIII341,sa1,,,6.4453125000e-02
IIII342,sa1,,,6.4453125000e-02
C205D,sa1,4,1,4.2968750000e-02
IIII287,sa1,,,4.2968750000e-02
IIII288,sa1,,,4.2968750000e-02
C106D,sa1,29,1,1.7333984375e-01
IIII402,sa1,,,1.7333984375e-01
IIII403,sa1,,,1.7333984375e-01
C215D,sa1,11,1,1.0937500000e-01
IIII438,sa1,,,1.0937500000e-01
IIII439,sa1,,,1.0937500000e-01
C161D,sa1,7,1,1.4453125000e-01
IIII314,sa1,,,1.4453125000e-01
IIII315,sa1,,,1.4453125000e-01
C107D,sa1,13,1,4.4921875000e-02
IIII386,sa1,,,4.4921875000e-02
IIII387,sa1,,,4.4921875000e-02
C172D,sa1,4,1,3.5156250000e-02
IIII478,sa1,,,3.5156250000e-02
IIII479,sa1,,,3.5156250000e-02
C109D,sa1,4,1,8.5937500000e-02
IIII338,sa1,,,8.5937500000e-02
IIII339,sa1,,,8.5937500000e-02
C217D,sa1,11,1,9.7656250000e-02
IIII419,sa1,,,9.7656250000e-02
IIII420,sa1,,,9.7656250000e-02
C209D,sa1,10,1,7.6171875000e-02
IIII497,sa1,,,7.6171875000e-02
IIII498,sa1,,,7.6171875000e-02
C146D,sa1,3,1,3.9062500000e-02
IIII398,sa1,,,3.9062500000e-02
IIII399,sa1,,,3.9062500000e-02
C128D,sa1,17,1,1.5234375000e-01
IIII405,sa1,,,1.5234375000e-01
IIII406,sa1,,,1.5234375000e-01
C219D,sa1,7,1,9.3750000000e-02
IIII377,sa1,,,9.3750000000e-02
IIII378,sa1,,,9.3750000000e-02
C156D,sa1,9,1,6.2500000000e-02
IIII441,sa1,,,6.2500000000e-02
IIII442,sa1,,,6.2500000000e-02
C175D,sa1,4,1,1.3281250000e-01
IIII325,sa1,,,1.3281250000e-01
IIII326,sa1,,,1.3281250000e-01
C185D,sa0,5,1,4.6875000000e-02
C195D,sa0,13,1,5.3710937500e-02
C185D,sa1,23,1,1.0400390625e-01
IIII491,sa1,,,1.0400390625e-01
IIII492,sa1,,,1.0400390625e-01
C195D,sa1,6,1,1.6601562500e-02
C180DE,sa1,,,1.6601562500e-02
C180D,sa0,,,1.6601562500e-02
v9_C195D_B,sa1,,,1.6601562500e-02
C169D,sa1,9,1,3.3203125000e-02
IIII232,sa1,,,3.3203125000e-02
IIII233,sa1,,,3.3203125000e-02
v12_C169D_C,sa1,,,3.3203125000e-02
IIII234,sa1,,,3.3203125000e-02
IIII35,sa0,1,1,3.1250000000e-02
C79D,sa0,,,3.1250000000e-02
v7_IIII35_B,sa0,,,3.1250000000e-02
v9_IIII35_C,sa0,,,3.1250000000e-02
v12E_IIII35_D,sa0,,,3.1250000000e-02
C189D,sa1,14,1,1.4355468750e-01
IIII362,sa1,,,1.4355468750e-01
IIII363,sa1,,,1.4355468750e-01
IIII91,sa0,2,1,6.2500000000e-02
C148D,sa0,,,6.2500000000e-02
C131DE_IIII91_B,sa0,,,6.2500000000e-02
IIII86,sa0,5,1,2.3437500000e-02
C54D,sa0,,,2.3437500000e-02
C165DE_IIII86_B,sa0,,,2.3437500000e-02
IIII95,sa0,2,1,8.7890625000e-03
C76D,sa0,,,8.7890625000e-03
C81DE_IIII95_B,sa0,,,8.7890625000e-03
C49DE_IIII212_B,sa1,13,1,3.7597656250e-02
C49DE_IIII305_B,sa1,3,1,1.0156250000e-01
C49DE_IIII145_A,sa1,5,1,2.5390625000e-02
C49DE_IIII266_B,sa1,3,1,1.0937500000e-01
IIII101,sa0,4,1,1.7578125000e-02
C127D_IIII101_A,sa0,,,1.7578125000e-02
C128D,sa0,,,1.7578125000e-02
v12E_IIII101_C,sa0,,,1.7578125000e-02
IIII120,sa0,16,1,3.3203125000e-01
v7E_IIII120_A,sa0,,,3.3203125000e-01
C123D,sa0,,,3.3203125000e-01
IIII300,sa0,2,1,1.4648437500e-03
v0E_IIII300_A,sa0,,,1.4648437500e-03
C105D,sa0,,,1.4648437500e-03
IIII130,sa0,6,1,5.8593750000e-03
C60D,sa0,,,5.8593750000e-03
C83D_IIII130_B,sa0,,,5.8593750000e-03
IIII311,sa0,8,1,7.8125000000e-03
C71D,sa0,,,7.8125000000e-03
v9E_IIII311_B,sa0,,,7.8125000000e-03
IIII212,sa0,1,1,3.9062500000e-03
v9E_IIII212_A,sa0,,,3.9062500000e-03
C49DE_IIII212_B,sa0,,,3.9062500000e-03
IIII113,sa0,2,1,9.7656250000e-03
v2E_IIII113_A,sa0,,,9.7656250000e-03
v12E_IIII113_B,sa0,,,9.7656250000e-03
C93D,sa0,,,9.7656250000e-03
IIII230,sa0,6,1,3.9062500000e-02
C109D,sa0,,,3.9062500000e-02
v10E_IIII230_B,sa0,,,3.9062500000e-02
IIII104,sa0,3,1,3.4179687500e-03
v3_IIII104_A,sa0,,,3.4179687500e-03
C107D,sa0,,,3.4179687500e-03
v12_IIII104_C,sa0,,,3.4179687500e-03
IIII303,sa0,2,1,1.1718750000e-02
C172D,sa0,,,1.1718750000e-02
v12E_IIII303_B,sa0,,,1.1718750000e-02
C46D,sa1,6,1,5.8593750000e-02
IIII247,sa1,,,5.8593750000e-02
IIII248,sa1,,,5.8593750000e-02
IIII222,sa0,3,1,9.7656250000e-03
C156D,sa0,,,9.7656250000e-03
C83DE_IIII222_B,sa0,,,9.7656250000e-03
IIII114,sa0,6,1,3.4179687500e-03
v9_IIII114_A,sa0,,,3.4179687500e-03
C97D,sa0,,,3.4179687500e-03
C44D_IIII218_B,sa1,5,1,5.8593750000e-03
IIII142,sa0,15,1,2.7929687500e-01
v7E_IIII142_A,sa0,,,2.7929687500e-01
C169D,sa0,,,2.7929687500e-01
IIII223,sa0,5,1,2.5390625000e-02
v7E_IIII223_A,sa0,,,2.5390625000e-02
C160D,sa0,,,2.5390625000e-02
v9E_IIII223_C,sa0,,,2.5390625000e-02
IIII160,sa0,5,1,4.2968750000e-02
v8_IIII160_A,sa0,,,4.2968750000e-02
C65D,sa0,,,4.2968750000e-02
IIII106,sa0,7,1,1.7578125000e-02
v8E_IIII106_A,sa0,,,1.7578125000e-02
C114D,sa0,,,1.7578125000e-02
IIII305,sa0,2,1,1.5625000000e-02
v9_IIII305_A,sa0,,,1.5625000000e-02
C49DE_IIII305_B,sa0,,,1.5625000000e-02
IIII260,sa0,3,1,3.9062500000e-03
v3E_IIII260_A,sa0,,,3.9062500000e-03
C78D,sa0,,,3.9062500000e-03
IIII242,sa0,3,1,6.2500000000e-02
C130D,sa0,,,6.2500000000e-02
C165DE_IIII242_B,sa0,,,6.2500000000e-02
C44D_IIII192_C,sa1,3,1,9.7656250000e-03
IIII270,sa0,2,1,2.9296875000e-03
v1E_IIII270_A,sa0,,,2.9296875000e-03
C55D,sa0,,,2.9296875000e-03
IIII117,sa0,8,1,1.3183593750e-02
v8E_IIII117_A,sa0,,,1.3183593750e-02
C35D,sa0,,,1.3183593750e-02
IIII216,sa0,11,1,4.9804687500e-02
C189D,sa0,,,4.9804687500e-02
v9E_IIII216_B,sa0,,,4.9804687500e-02
IIII280,sa0,3,1,1.4648437500e-03
v1E_IIII280_A,sa0,,,1.4648437500e-03
C26D,sa0,,,1.4648437500e-03
IIII262,sa0,5,1,9.7656250000e-03
C42D,sa0,,,9.7656250000e-03
v8_IIII262_B,sa0,,,9.7656250000e-03
IIII145,sa0,1,1,3.9062500000e-03
C49DE_IIII145_A,sa0,,,3.9062500000e-03
C166DE_IIII145_B,sa0,,,3.9062500000e-03
C220DE_IIII145_C,sa0,,,3.9062500000e-03
IIII254,sa0,2,1,5.8593750000e-03
C39D,sa0,,,5.8593750000e-03
v8E_IIII254_B,sa0,,,5.8593750000e-03
IIII263,sa0,2,1,2.9296875000e-03
v7E_IIII263_A,sa0,,,2.9296875000e-03
v11_IIII263_B,sa0,,,2.9296875000e-03
C41D,sa0,,,2.9296875000e-03
IIII236,sa0,4,1,1.5625000000e-02
v2E_IIII236_A,sa0,,,1.5625000000e-02
v8_IIII236_B,sa0,,,1.5625000000e-02
C219D,sa0,,,1.5625000000e-02
IIII173,sa0,3,1,3.9062500000e-02
C146D,sa0,,,3.9062500000e-02
v11E_IIII173_B,sa0,,,3.9062500000e-02
IIII156,sa0,5,1,5.3710937500e-03
C80D,sa0,,,5.3710937500e-03
v9_IIII156_B,sa0,,,5.3710937500e-03
IIII273,sa0,3,1,3.9062500000e-02
C201D,sa0,,,3.9062500000e-02
v8_IIII273_B,sa0,,,3.9062500000e-02
C185D_IIII65_B,sa1,13,1,3.8574218750e-02
IIII166,sa0,4,1,3.5156250000e-02
C205D,sa0,,,3.5156250000e-02
v10_IIII166_B,sa0,,,3.5156250000e-02
IIII266,sa0,1,1,1.5625000000e-02
v7_IIII266_A,sa0,,,1.5625000000e-02
C49DE_IIII266_B,sa0,,,1.5625000000e-02
C220DE_IIII266_C,sa0,,,1.5625000000e-02
IIII257,sa0,2,1,1.5625000000e-02
C215D,sa0,,,1.5625000000e-02
v9E_IIII257_B,sa0,,,1.5625000000e-02
IIII294,sa0,2,1,7.8125000000e-03
C211D,sa0,,,7.8125000000e-03
v3_IIII294_B,sa0,,,7.8125000000e-03
v7E_IIII294_C,sa0,,,7.8125000000e-03
v11E_IIII294_D,sa0,,,7.8125000000e-03
IIII267,sa0,2,1,4.6875000000e-02
C214D,sa0,,,4.6875000000e-02
v7E_IIII267_B,sa0,,,4.6875000000e-02
v10E_IIII267_C,sa0,,,4.6875000000e-02
IIII276,sa0,2,1,2.4414062500e-03
C27D,sa0,,,2.4414062500e-03
v7E_IIII276_B,sa0,,,2.4414062500e-03
v9_IIII276_C,sa0,,,2.4414062500e-03
v12E_IIII276_D,sa0,,,2.4414062500e-03
IIII196,sa0,12,1,8.9843750000e-02
C161D,sa0,,,8.9843750000e-02
v11_IIII196_B,sa0,,,8.9843750000e-02
IIII188,sa0,4,1,5.4687500000e-02
C175D,sa0,,,5.4687500000e-02
v11_IIII188_B,sa0,,,5.4687500000e-02
IIII297,sa0,4,1,1.7578125000e-02
C209D,sa0,,,1.7578125000e-02
C208D_IIII297_B,sa0,,,1.7578125000e-02
v11_IIII297_C,sa0,,,1.7578125000e-02
v13_D_20,sa0,2,1,5.8593750000e-03
II662,sa1,,,5.8593750000e-03
Av13_D_20B,sa0,,,5.8593750000e-03
C138DE_Av13_D_20B_A,sa0,,,5.8593750000e-03
C220DE_Av13_D_20B_B,sa0,,,5.8593750000e-03
C104D_Av13_D_20B_C,sa0,,,5.8593750000e-03
II329,sa0,,,5.8593750000e-03
v3_II329_A,sa0,,,5.8593750000e-03
v7E_II329_B,sa0,,,5.8593750000e-03
v10_II329_C,sa0,,,5.8593750000e-03
v13_D_20,sa1,8,1,9.9414062500e-01
II662,sa0,,,9.9414062500e-01
Av13_D_20B,sa1,,,9.9414062500e-01
C112D,sa1,10,1,2.4414062500e-02
IIII308,sa1,,,2.4414062500e-02
v9E_C112D_B,sa1,,,2.4414062500e-02
C133D,sa1,5,1,8.7890625000e-02
C49DE_C133D_A,sa1,,,8.7890625000e-02
IIII278,sa1,,,8.7890625000e-02
C223D,sa1,12,1,8.2031250000e-02
IIII284,sa1,,,8.2031250000e-02
IIII285,sa1,,,8.2031250000e-02
C143D,sa1,3,1,3.3203125000e-02
C49DE_C143D_A,sa1,,,3.3203125000e-02
v9_C143D_B,sa1,,,3.3203125000e-02
IIII291,sa1,,,3.3203125000e-02
C152D,sa1,7,1,1.7187500000e-01
IIII205,sa1,,,1.7187500000e-01
IIII206,sa1,,,1.7187500000e-01
C126D,sa1,7,1,1.7968750000e-01
IIII239,sa1,,,1.7968750000e-01
IIII240,sa1,,,1.7968750000e-01
IIII40,sa0,3,1,8.7890625000e-03
v2_IIII40_A,sa0,,,8.7890625000e-03
C92D,sa0,,,8.7890625000e-03
IIII41,sa0,4,1,1.5625000000e-02
v7_IIII41_A,sa0,,,1.5625000000e-02
v12E_IIII41_B,sa0,,,1.5625000000e-02
C96D,sa0,,,1.5625000000e-02
IIII34,sa0,5,1,3.1494140625e-02
C91D,sa0,,,3.1494140625e-02
C165DE_IIII34_B,sa0,,,3.1494140625e-02
C185D_IIII245_A,sa1,10,1,6.5429687500e-02
IIII44,sa0,3,1,4.8828125000e-03
v2E_IIII44_A,sa0,,,4.8828125000e-03
C106D,sa0,,,4.8828125000e-03
IIII62,sa0,3,1,4.8828125000e-03
v6E_IIII62_A,sa0,,,4.8828125000e-03
C95D,sa0,,,4.8828125000e-03
IIII82,sa0,2,1,7.8125000000e-03
v0E_IIII82_A,sa0,,,7.8125000000e-03
C217D,sa0,,,7.8125000000e-03
C108DE_IIII82_C,sa0,,,7.8125000000e-03
IIII73,sa0,3,1,2.7343750000e-02
v7_IIII73_A,sa0,,,2.7343750000e-02
C31D,sa0,,,2.7343750000e-02
v8_IIII73_C,sa0,,,2.7343750000e-02
IIII92,sa0,4,1,9.3750000000e-02
v7_IIII92_A,sa0,,,9.3750000000e-02
C140D,sa0,,,9.3750000000e-02
IIII39,sa0,3,1,1.6601562500e-02
C103D,sa0,,,1.6601562500e-02
v10E_IIII39_B,sa0,,,1.6601562500e-02
IIII66,sa0,2,1,8.7890625000e-03
v8E_IIII66_A,sa0,,,8.7890625000e-03
v12E_IIII66_B,sa0,,,8.7890625000e-03
C100D,sa0,,,8.7890625000e-03
IIII58,sa0,7,1,8.7890625000e-03
C75D,sa0,,,8.7890625000e-03
C129DE_IIII58_B,sa0,,,8.7890625000e-03
C195D_IIII169_A,sa1,4,1,1.1718750000e-02
IIII98,sa0,4,1,2.1484375000e-02
v8E_IIII98_A,sa0,,,2.1484375000e-02
v12_IIII98_B,sa0,,,2.1484375000e-02
C87D,sa0,,,2.1484375000e-02
C40D,sa1,14,1,5.4199218750e-02
IIII253,sa1,,,5.4199218750e-02
IIII254,sa1,,,5.4199218750e-02
C43D,sa1,21,1,1.2939453125e-01
IIII262,sa1,,,1.2939453125e-01
IIII263,sa1,,,1.2939453125e-01
C72D,sa1,12,1,8.3984375000e-02
IIII310,sa1,,,8.3984375000e-02
IIII311,sa1,,,8.3984375000e-02
C73D,sa1,16,1,6.4453125000e-02
IIII269,sa1,,,6.4453125000e-02
IIII270,sa1,,,6.4453125000e-02
C37D,sa1,10,1,4.8339843750e-02
IIII280,sa1,,,4.8339843750e-02
IIII281,sa1,,,4.8339843750e-02
IIII282,sa1,,,4.8339843750e-02
C28D,sa1,18,1,1.8652343750e-01
IIII275,sa1,,,1.8652343750e-01
IIII276,sa1,,,1.8652343750e-01
IIII133,sa0,4,1,7.0312500000e-02
C152D,sa0,,,7.0312500000e-02
v9_IIII133_B,sa0,,,7.0312500000e-02
C58D,sa1,16,1,7.4707031250e-02
IIII212,sa1,,,7.4707031250e-02
IIII213,sa1,,,7.4707031250e-02
C85D,sa1,9,1,4.2480468750e-02
IIII156,sa1,,,4.2480468750e-02
IIII157,sa1,,,4.2480468750e-02
IIII158,sa1,,,4.2480468750e-02
C67D,sa1,7,1,1.5234375000e-01
IIII160,sa1,,,1.5234375000e-01
IIII161,sa1,,,1.5234375000e-01
IIII218,sa0,3,1,2.9296875000e-03
v12E_IIII218_A,sa0,,,2.9296875000e-03
C44D_IIII218_B,sa0,,,2.9296875000e-03
C83DE_IIII218_C,sa0,,,2.9296875000e-03
IIII119,sa0,4,1,9.3750000000e-02
C126D,sa0,,,9.3750000000e-02
v8_IIII119_B,sa0,,,9.3750000000e-02
IIII164,sa0,3,1,2.0507812500e-02
C133D,sa0,,,2.0507812500e-02
v8E_IIII164_B,sa0,,,2.0507812500e-02
IIII137,sa0,4,1,2.3437500000e-02
v8_IIII137_A,sa0,,,2.3437500000e-02
C46D,sa0,,,2.3437500000e-02
IIII146,sa0,4,1,3.9062500000e-02
C223D,sa0,,,3.9062500000e-02
v8E_IIII146_B,sa0,,,3.9062500000e-02
v9E_IIII146_C,sa0,,,3.9062500000e-02
IIII245,sa0,2,1,3.1250000000e-02
C185D_IIII245_A,sa0,,,3.1250000000e-02
v8E_IIII245_B,sa0,,,3.1250000000e-02
IIII192,sa0,2,1,5.8593750000e-03
v8E_IIII192_A,sa0,,,5.8593750000e-03
v9E_IIII192_B,sa0,,,5.8593750000e-03
C44D_IIII192_C,sa0,,,5.8593750000e-03
C88D,sa1,11,1,5.6640625000e-02
IIII259,sa1,,,5.6640625000e-02
IIII260,sa1,,,5.6640625000e-02
IIII174,sa0,5,1,2.1484375000e-02
v8E_IIII174_A,sa0,,,2.1484375000e-02
C143D,sa0,,,2.1484375000e-02
IIII149,sa0,8,1,1.5625000000e-02
C112D,sa0,,,1.5625000000e-02
v10_IIII149_B,sa0,,,1.5625000000e-02
C99D,sa1,16,1,3.3691406250e-02
IIII111,sa1,,,3.3691406250e-02
IIII112,sa1,,,3.3691406250e-02
IIII113,sa1,,,3.3691406250e-02
IIII114,sa1,,,3.3691406250e-02
IIII169,sa0,8,1,3.5156250000e-02
C195D_IIII169_A,sa0,,,3.5156250000e-02
v8E_IIII169_B,sa0,,,3.5156250000e-02
C195DE,sa1,7,1,1.8554687500e-02
C195D_C195DE_A,sa0,,,1.8554687500e-02
C110D,sa1,9,1,1.7578125000e-01
IIII229,sa1,,,1.7578125000e-01
IIII230,sa1,,,1.7578125000e-01
C210D,sa1,10,1,2.2851562500e-01
IIII296,sa1,,,2.2851562500e-01
IIII297,sa1,,,2.2851562500e-01
C202D,sa1,6,1,1.5625000000e-01
IIII272,sa1,,,1.5625000000e-01
IIII273,sa1,,,1.5625000000e-01
C132D,sa1,7,1,3.9062500000e-01
IIII242,sa1,,,3.9062500000e-01
IIII243,sa1,,,3.9062500000e-01
C115D,sa1,15,1,6.2500000000e-02
IIII299,sa1,,,6.2500000000e-02
IIII300,sa1,,,6.2500000000e-02
C206D,sa1,9,1,1.1132812500e-01
IIII166,sa1,,,1.1132812500e-01
IIII167,sa1,,,1.1132812500e-01
C216D,sa1,14,1,2.1875000000e-01
IIII256,sa1,,,2.1875000000e-01
IIII257,sa1,,,2.1875000000e-01
C162D,sa1,14,1,3.2421875000e-01
IIII196,sa1,,,3.2421875000e-01
IIII197,sa1,,,3.2421875000e-01
C225D,sa1,20,1,4.0234375000e-01
IIII236,sa1,,,4.0234375000e-01
IIII237,sa1,,,4.0234375000e-01
C190D,sa1,21,1,3.4179687500e-01
IIII215,sa1,,,3.4179687500e-01
IIII216,sa1,,,3.4179687500e-01
C173D,sa1,6,1,8.2031250000e-02
IIII302,sa1,,,8.2031250000e-02
IIII303,sa1,,,8.2031250000e-02
C164D,sa1,17,1,2.7929687500e-01
IIII222,sa1,,,2.7929687500e-01
IIII223,sa1,,,2.7929687500e-01
IIII224,sa1,,,2.7929687500e-01
C183D,sa1,6,1,1.5625000000e-01
IIII305,sa1,,,1.5625000000e-01
IIII306,sa1,,,1.5625000000e-01
C176D,sa1,6,1,3.2031250000e-01
IIII188,sa1,,,3.2031250000e-01
IIII189,sa1,,,3.2031250000e-01
IIII65,sa0,2,1,1.5625000000e-02
v9_IIII65_A,sa0,,,1.5625000000e-02
C185D_IIII65_B,sa0,,,1.5625000000e-02
C52D,sa1,14,1,4.3945312500e-02
IIII218,sa1,,,4.3945312500e-02
IIII219,sa1,,,4.3945312500e-02
IIII220,sa1,,,4.3945312500e-02
IIII103,sa0,5,1,9.2773437500e-03
C115D,sa0,,,9.2773437500e-03
v10_IIII103_B,sa0,,,9.2773437500e-03
IIII123,sa0,13,1,1.5234375000e-01
v8_IIII123_A,sa0,,,1.5234375000e-01
C162D,sa0,,,1.5234375000e-01
IIII124,sa0,7,1,1.0351562500e-01
C164D,sa0,,,1.0351562500e-01
v12E_IIII124_B,sa0,,,1.0351562500e-01
C48D,sa1,9,1,1.6015625000e-01
IIII136,sa1,,,1.6015625000e-01
IIII137,sa1,,,1.6015625000e-01
IIII116,sa0,10,1,3.7597656250e-02
C37D,sa0,,,3.7597656250e-02
v9_IIII116_B,sa0,,,3.7597656250e-02
IIII180,sa0,3,1,2.7343750000e-02
C173D,sa0,,,2.7343750000e-02
v9E_IIII180_B,sa0,,,2.7343750000e-02
IIII126,sa0,4,1,7.8125000000e-03
v2_IIII126_A,sa0,,,7.8125000000e-03
C58D,sa0,,,7.8125000000e-03
IIII154,sa0,3,1,7.8125000000e-03
v2_IIII154_A,sa0,,,7.8125000000e-03
C40D,sa0,,,7.8125000000e-03
IIII127,sa0,4,1,4.8828125000e-03
C73D,sa0,,,4.8828125000e-03
v10E_IIII127_B,sa0,,,4.8828125000e-03
IIII129,sa0,9,1,8.7890625000e-03
v8E_IIII129_A,sa0,,,8.7890625000e-03
C72D,sa0,,,8.7890625000e-03
IIII183,sa0,4,1,6.2500000000e-02
C183D,sa0,,,6.2500000000e-02
v8_IIII183_B,sa0,,,6.2500000000e-02
IIII185,sa0,2,1,4.8828125000e-03
v8E_IIII185_A,sa0,,,4.8828125000e-03
C195DE,sa0,,,4.8828125000e-03
C195D_C195DE_A,sa1,,,4.8828125000e-03
v13_D_21,sa0,2,1,1.9531250000e-02
II659,sa1,,,1.9531250000e-02
Av13_D_21B,sa0,,,1.9531250000e-02
C213D,sa0,,,1.9531250000e-02
v7E_Av13_D_21B_B,sa0,,,1.9531250000e-02
v10E_Av13_D_21B_C,sa0,,,1.9531250000e-02
v12E_Av13_D_21B_D,sa0,,,1.9531250000e-02
v13_D_21,sa1,12,1,9.8046875000e-01
II659,sa0,,,9.8046875000e-01
Av13_D_21B,sa1,,,9.8046875000e-01
v13_D_16,sa0,2,1,1.1718750000e-02
II674,sa1,,,1.1718750000e-02
Av13_D_16B,sa0,,,1.1718750000e-02
C200D,sa0,,,1.1718750000e-02
v8_Av13_D_16B_B,sa0,,,1.1718750000e-02
v10_Av13_D_16B_C,sa0,,,1.1718750000e-02
v13_D_16,sa1,15,1,9.8828125000e-01
II674,sa0,,,9.8828125000e-01
Av13_D_16B,sa1,,,9.8828125000e-01
C113D,sa1,20,1,7.9101562500e-02
IIII148,sa1,,,7.9101562500e-02
IIII149,sa1,,,7.9101562500e-02
C134D,sa1,10,1,2.0507812500e-01
IIII163,sa1,,,2.0507812500e-01
IIII164,sa1,,,2.0507812500e-01
C224D,sa1,25,1,4.4531250000e-01
IIII145,sa1,,,4.4531250000e-01
IIII146,sa1,,,4.4531250000e-01
C153D,sa1,11,1,3.9843750000e-01
IIII133,sa1,,,3.9843750000e-01
IIII134,sa1,,,3.9843750000e-01
IIII51,sa0,5,1,1.0937500000e-01
C132D,sa0,,,1.0937500000e-01
v7_IIII51_B,sa0,,,1.0937500000e-01
C186D,sa1,14,1,1.4746093750e-01
C49DE_C186D_A,sa1,,,1.4746093750e-01
IIII245,sa1,,,1.4746093750e-01
IIII71,sa0,3,1,6.3476562500e-03
v2E_IIII71_A,sa0,,,6.3476562500e-03
C28D,sa0,,,6.3476562500e-03
IIII63,sa0,15,1,3.6621093750e-02
v8_IIII63_A,sa0,,,3.6621093750e-02
C99D,sa0,,,3.6621093750e-02
IIII46,sa0,5,1,5.4687500000e-02
v7_IIII46_A,sa0,,,5.4687500000e-02
C110D,sa0,,,5.4687500000e-02
C199D,sa1,7,1,5.2734375000e-02
IIII191,sa1,,,5.2734375000e-02
IIII192,sa1,,,5.2734375000e-02
IIII83,sa0,13,1,7.4218750000e-02
C225D,sa0,,,7.4218750000e-02
v11_IIII83_B,sa0,,,7.4218750000e-02
IIII29,sa0,16,1,7.6171875000e-02
C190D,sa0,,,7.6171875000e-02
v10_IIII29_B,sa0,,,7.6171875000e-02
IIII49,sa0,4,1,1.7968750000e-01
v8_IIII49_A,sa0,,,1.7968750000e-01
C176D,sa0,,,1.7968750000e-01
IIII59,sa0,7,1,8.5937500000e-02
v7_IIII59_A,sa0,,,8.5937500000e-02
C67D,sa0,,,8.5937500000e-02
IIII68,sa0,5,1,5.8593750000e-02
C206D,sa0,,,5.8593750000e-02
v12E_IIII68_B,sa0,,,5.8593750000e-02
IIII96,sa0,10,1,3.9550781250e-02
v8_IIII96_A,sa0,,,3.9550781250e-02
C85D,sa0,,,3.9550781250e-02
IIII69,sa0,5,1,6.2500000000e-02
v7_IIII69_A,sa0,,,6.2500000000e-02
C202D,sa0,,,6.2500000000e-02
IIII88,sa0,5,1,1.4648437500e-02
v2E_IIII88_A,sa0,,,1.4648437500e-02
C43D,sa0,,,1.4648437500e-02
IIII97,sa0,4,1,5.8593750000e-03
C88D,sa0,,,5.8593750000e-03
v11E_IIII97_B,sa0,,,5.8593750000e-03
II491,sa0,14,1,1.3085937500e-01
II497,sa0,10,1,8.9843750000e-02
IIII100,sa0,4,1,3.3203125000e-02
C134D,sa0,,,3.3203125000e-02
v9E_IIII100_B,sa0,,,3.3203125000e-02
IIII105,sa0,13,1,2.3437500000e-02
v8_IIII105_A,sa0,,,2.3437500000e-02
C113D,sa0,,,2.3437500000e-02
C38D,sa1,17,1,1.7236328125e-01
IIII116,sa1,,,1.7236328125e-01
IIII117,sa1,,,1.7236328125e-01
IIII153,sa0,18,1,3.4179687500e-02
C52D,sa0,,,3.4179687500e-02
v8E_IIII153_B,sa0,,,3.4179687500e-02
C89D,sa1,21,1,1.2841796875e-01
IIII95,sa1,,,1.2841796875e-01
IIII96,sa1,,,1.2841796875e-01
IIII97,sa1,,,1.2841796875e-01
IIII98,sa1,,,1.2841796875e-01
v13_D_11,sa0,12,1,6.5429687500e-01
II689,sa1,,,6.5429687500e-01
Av13_D_11B,sa0,,,6.5429687500e-01
v13_D_11,sa1,12,1,3.4570312500e-01
II689,sa0,,,3.4570312500e-01
Av13_D_11B,sa1,,,3.4570312500e-01
IIII140,sa1,,,3.4570312500e-01
IIII141,sa1,,,3.4570312500e-01
IIII142,sa1,,,3.4570312500e-01
v13_D_22,sa0,3,1,6.2500000000e-02
II656,sa1,,,6.2500000000e-02
Av13_D_22B,sa0,,,6.2500000000e-02
v13_D_22,sa1,12,1,9.3750000000e-01
II656,sa0,,,9.3750000000e-01
Av13_D_22B,sa1,,,9.3750000000e-01
IIII266,sa1,,,9.3750000000e-01
IIII267,sa1,,,9.3750000000e-01
v13_D_19,sa0,3,1,1.5625000000e-02
II665,sa1,,,1.5625000000e-02
Av13_D_19B,sa0,,,1.5625000000e-02
v13_D_19,sa1,21,1,9.8437500000e-01
II665,sa0,,,9.8437500000e-01
Av13_D_19B,sa1,,,9.8437500000e-01
IIII293,sa1,,,9.8437500000e-01
IIII294,sa1,,,9.8437500000e-01
C207D,sa1,14,1,3.5351562500e-01
IIII68,sa1,,,3.5351562500e-01
IIII69,sa1,,,3.5351562500e-01
C181D,sa1,8,1,3.5156250000e-02
IIII185,sa1,,,3.5156250000e-02
IIII186,sa1,,,3.5156250000e-02
C147D,sa1,9,1,9.1796875000e-02
IIII176,sa1,,,9.1796875000e-02
IIII177,sa1,,,9.1796875000e-02
II491,sa1,,,9.1796875000e-02
IIII173,sa1,,,9.1796875000e-02
IIII174,sa1,,,9.1796875000e-02
IIII175,sa1,,,9.1796875000e-02
C174D,sa1,8,1,1.9140625000e-01
IIII179,sa1,,,1.9140625000e-01
IIII180,sa1,,,1.9140625000e-01
C184D,sa1,10,1,3.6718750000e-01
IIII182,sa1,,,3.6718750000e-01
IIII183,sa1,,,3.6718750000e-01
C196D,sa1,6,1,1.9531250000e-02
IIII170,sa1,,,1.9531250000e-02
v12_C196D_B,sa1,,,1.9531250000e-02
IIII171,sa1,,,1.9531250000e-02
II497,sa1,,,1.9531250000e-02
C208DE,sa1,,,1.9531250000e-02
C208D_C208DE_A,sa0,,,1.9531250000e-02
C83DE_II497_B,sa1,,,1.9531250000e-02
IIII169,sa1,,,1.9531250000e-02
IIII54,sa0,5,1,4.4921875000e-02
C186D,sa0,,,4.4921875000e-02
v9E_IIII54_B,sa0,,,4.4921875000e-02
II610,sa0,19,1,5.7128906250e-02
IIII84,sa0,5,1,4.2968750000e-02
v7E_IIII84_A,sa0,,,4.2968750000e-02
C224D,sa0,,,4.2968750000e-02
II542,sa0,15,1,2.7343750000e-02
IIII89,sa0,7,1,5.0781250000e-02
v7_IIII89_A,sa0,,,5.0781250000e-02
C48D,sa0,,,5.0781250000e-02
II548,sa1,9,1,2.4023437500e-01
v13_D_6,sa0,15,1,4.8828125000e-01
II704,sa1,,,4.8828125000e-01
Av13_D_6B,sa0,,,4.8828125000e-01
v13_D_6,sa1,12,1,5.1171875000e-01
II704,sa0,,,5.1171875000e-01
Av13_D_6B,sa1,,,5.1171875000e-01
IIII119,sa1,,,5.1171875000e-01
IIII120,sa1,,,5.1171875000e-01
C53D,sa1,23,1,1.0546875000e-01
IIII151,sa1,,,1.0546875000e-01
IIII152,sa1,,,1.0546875000e-01
IIII153,sa1,,,1.0546875000e-01
IIII154,sa1,,,1.0546875000e-01
C74D,sa1,21,1,1.5527343750e-01
IIII129,sa1,,,1.5527343750e-01
IIII130,sa1,,,1.5527343750e-01
IIII131,sa1,,,1.5527343750e-01
II542,sa1,,,1.5527343750e-01
IIII126,sa1,,,1.5527343750e-01
IIII127,sa1,,,1.5527343750e-01
IIII128,sa1,,,1.5527343750e-01
IIII108,sa0,4,1,7.8125000000e-03
C181D,sa0,,,7.8125000000e-03
C83DE_IIII108_B,sa0,,,7.8125000000e-03
v13_D_23,sa0,3,1,3.1250000000e-02
II653,sa1,,,3.1250000000e-02
Av13_D_23B,sa0,,,3.1250000000e-02
C216D,sa0,,,3.1250000000e-02
v7E_Av13_D_23B_B,sa0,,,3.1250000000e-02
v8E_Av13_D_23B_C,sa0,,,3.1250000000e-02
v13_D_23,sa1,16,1,9.6875000000e-01
II653,sa0,,,9.6875000000e-01
Av13_D_23B,sa1,,,9.6875000000e-01
v13_D_18,sa0,5,1,2.1484375000e-02
II668,sa1,,,2.1484375000e-02
Av13_D_18B,sa0,,,2.1484375000e-02
C210D,sa0,,,2.1484375000e-02
v7E_Av13_D_18B_B,sa0,,,2.1484375000e-02
v12E_Av13_D_18B_C,sa0,,,2.1484375000e-02
v13_D_18,sa1,12,1,9.7851562500e-01
II668,sa0,,,9.7851562500e-01
Av13_D_18B,sa1,,,9.7851562500e-01
C102D,sa1,24,1,1.0107421875e-01
IIII65,sa1,,,1.0107421875e-01
IIII66,sa1,,,1.0107421875e-01
II610,sa1,,,1.0107421875e-01
IIII62,sa1,,,1.0107421875e-01
IIII63,sa1,,,1.0107421875e-01
IIII64,sa1,,,1.0107421875e-01
C116D,sa1,27,1,1.7285156250e-01
IIII103,sa1,,,1.7285156250e-01
IIII104,sa1,,,1.7285156250e-01
IIII105,sa1,,,1.7285156250e-01
IIII106,sa1,,,1.7285156250e-01
C135D,sa1,15,1,4.4335937500e-01
IIII100,sa1,,,4.4335937500e-01
IIII101,sa1,,,4.4335937500e-01
IIII32,sa0,10,1,1.4453125000e-01
C207D,sa0,,,1.4453125000e-01
v2_IIII32_B,sa0,,,1.4453125000e-01
IIII72,sa0,13,1,6.7871093750e-02
C38D,sa0,,,6.7871093750e-02
v7E_IIII72_B,sa0,,,6.7871093750e-02
IIII36,sa0,19,1,9.0332031250e-02
v7E_IIII36_A,sa0,,,9.0332031250e-02
C89D,sa0,,,9.0332031250e-02
IIII27,sa0,4,1,9.3750000000e-02
C184D,sa0,,,9.3750000000e-02
v7_IIII27_B,sa0,,,9.3750000000e-02
IIII93,sa0,20,1,3.4570312500e-01
v7E_IIII93_A,sa0,,,3.4570312500e-01
C147D,sa0,,,3.4570312500e-01
IIII76,sa0,4,1,4.2968750000e-02
v7E_IIII76_A,sa0,,,4.2968750000e-02
C174D,sa0,,,4.2968750000e-02
IIII78,sa0,16,1,3.2421875000e-01
v7E_IIII78_A,sa0,,,3.2421875000e-01
C196D,sa0,,,3.2421875000e-01
v13_D_9,sa0,5,1,1.0156250000e-01
II695,sa1,,,1.0156250000e-01
Av13_D_9B,sa0,,,1.0156250000e-01
C153D,sa0,,,1.0156250000e-01
v12E_Av13_D_9B_B,sa0,,,1.0156250000e-01
v13_D_9,sa1,12,1,8.9843750000e-01
II695,sa0,,,8.9843750000e-01
Av13_D_9B,sa1,,,8.9843750000e-01
v13_D_10,sa0,15,1,2.6757812500e-01
II692,sa1,,,2.6757812500e-01
Av13_D_10B,sa0,,,2.6757812500e-01
v13_D_10,sa1,24,1,7.3242187500e-01
II692,sa0,,,7.3242187500e-01
Av13_D_10B,sa1,,,7.3242187500e-01
IIII123,sa1,,,7.3242187500e-01
IIII124,sa1,,,7.3242187500e-01
IIII60,sa0,21,1,7.9101562500e-02
v7E_IIII60_A,sa0,,,7.9101562500e-02
C74D,sa0,,,7.9101562500e-02
IIII52,sa0,7,1,5.6640625000e-02
C135D,sa0,,,5.6640625000e-02
v7E_IIII52_B,sa0,,,5.6640625000e-02
C177D,sa1,12,1,4.2578125000e-01
IIII75,sa1,,,4.2578125000e-01
IIII76,sa1,,,4.2578125000e-01
C187D,sa1,17,1,1.6406250000e-01
IIII108,sa1,,,1.6406250000e-01
IIII109,sa1,,,1.6406250000e-01
IIII45,sa0,22,1,5.6640625000e-02
C116D,sa0,,,5.6640625000e-02
v7E_IIII45_B,sa0,,,5.6640625000e-02
IIII38,sa0,19,1,1.1376953125e-01
C102D,sa0,,,1.1376953125e-01
v7E_IIII38_B,sa0,,,1.1376953125e-01
IIII87,sa0,23,1,1.0351562500e-01
C53D,sa0,,,1.0351562500e-01
v7E_IIII87_B,sa0,,,1.0351562500e-01
v13_D_24,sa0,12,1,1.2890625000e-01
II650,sa1,,,1.2890625000e-01
Av13_D_24B,sa0,,,1.2890625000e-01
v13_D_15,sa0,3,1,9.7656250000e-03
II677,sa1,,,9.7656250000e-03
Av13_D_15B,sa0,,,9.7656250000e-03
v7E_Av13_D_15B_A,sa0,,,9.7656250000e-03
v12E_Av13_D_15B_B,sa0,,,9.7656250000e-03
II548,sa0,,,9.7656250000e-03
C199D,sa0,,,9.7656250000e-03
v4_II548_B,sa0,,,9.7656250000e-03
v5E_II548_C,sa0,,,9.7656250000e-03
v13_D_24,sa1,34,1,8.7109375000e-01
II650,sa0,,,8.7109375000e-01
Av13_D_24B,sa1,,,8.7109375000e-01
IIII82,sa1,,,8.7109375000e-01
IIII83,sa1,,,8.7109375000e-01
IIII84,sa1,,,8.7109375000e-01
v13_D_15,sa1,11,1,9.9023437500e-01
II677,sa0,,,9.9023437500e-01
Av13_D_15B,sa1,,,9.9023437500e-01
IIII55,sa0,7,1,2.3437500000e-02
C187D,sa0,,,2.3437500000e-02
v12E_IIII55_B,sa0,,,2.3437500000e-02
IIII48,sa0,5,1,7.4218750000e-02
C177D,sa0,,,7.4218750000e-02
v8E_IIII48_B,sa0,,,7.4218750000e-02
v13_D_0,sa1,23,1,3.7939453125e-01
II722,sa0,,,3.7939453125e-01
Av13_D_0B,sa1,,,3.7939453125e-01
IIII71,sa1,,,3.7939453125e-01
IIII72,sa1,,,3.7939453125e-01
IIII73,sa1,,,3.7939453125e-01
v13_D_3,sa1,28,1,3.1591796875e-01
II713,sa0,,,3.1591796875e-01
Av13_D_3B,sa1,,,3.1591796875e-01
IIII34,sa1,,,3.1591796875e-01
IIII35,sa1,,,3.1591796875e-01
IIII36,sa1,,,3.1591796875e-01
v13_D_8,sa0,21,1,5.6445312500e-01
II698,sa1,,,5.6445312500e-01
Av13_D_8B,sa0,,,5.6445312500e-01
v13_D_8,sa1,17,1,4.3554687500e-01
II698,sa0,,,4.3554687500e-01
Av13_D_8B,sa1,,,4.3554687500e-01
IIII91,sa1,,,4.3554687500e-01
IIII92,sa1,,,4.3554687500e-01
IIII93,sa1,,,4.3554687500e-01
v13_D_14,sa0,13,1,7.3046875000e-01
II680,sa1,,,7.3046875000e-01
Av13_D_14B,sa0,,,7.3046875000e-01
v13_D_14,sa1,11,1,2.6953125000e-01
II680,sa0,,,2.6953125000e-01
Av13_D_14B,sa1,,,2.6953125000e-01
IIII78,sa1,,,2.6953125000e-01
IIII79,sa1,,,2.6953125000e-01
IIII80,sa1,,,2.6953125000e-01
v13_D_17,sa0,9,1,1.4843750000e-01
II671,sa1,,,1.4843750000e-01
Av13_D_17B,sa0,,,1.4843750000e-01
v13_D_17,sa1,20,1,8.5156250000e-01
II671,sa0,,,8.5156250000e-01
Av13_D_17B,sa1,,,8.5156250000e-01
IIII31,sa1,,,8.5156250000e-01
IIII32,sa1,,,8.5156250000e-01
C188D,sa1,20,1,3.6718750000e-01
IIII54,sa1,,,3.6718750000e-01
IIII55,sa1,,,3.6718750000e-01
v13_D_1,sa1,32,1,2.6562500000e-01
II719,sa0,,,2.6562500000e-01
Av13_D_1B,sa1,,,2.6562500000e-01
IIII86,sa1,,,2.6562500000e-01
IIII87,sa1,,,2.6562500000e-01
IIII88,sa1,,,2.6562500000e-01
IIII89,sa1,,,2.6562500000e-01
v13_D_2,sa1,29,1,3.0761718750e-01
II716,sa0,,,3.0761718750e-01
Av13_D_2B,sa1,,,3.0761718750e-01
IIII58,sa1,,,3.0761718750e-01
IIII59,sa1,,,3.0761718750e-01
IIII60,sa1,,,3.0761718750e-01
v13_D_4,sa1,31,1,3.0810546875e-01
II710,sa0,,,3.0810546875e-01
Av13_D_4B,sa1,,,3.0810546875e-01
IIII38,sa1,,,3.0810546875e-01
IIII39,sa1,,,3.0810546875e-01
IIII40,sa1,,,3.0810546875e-01
IIII41,sa1,,,3.0810546875e-01
v13_D_5,sa1,35,1,3.4863281250e-01
II707,sa0,,,3.4863281250e-01
Av13_D_5B,sa1,,,3.4863281250e-01
IIII43,sa1,,,3.4863281250e-01
IIII44,sa1,,,3.4863281250e-01
IIII45,sa1,,,3.4863281250e-01
IIII46,sa1,,,3.4863281250e-01
v13_D_7,sa0,12,1,1.6601562500e-01
II701,sa1,,,1.6601562500e-01
Av13_D_7B,sa0,,,1.6601562500e-01
v13_D_7,sa1,21,1,8.3398437500e-01
II701,sa0,,,8.3398437500e-01
Av13_D_7B,sa1,,,8.3398437500e-01
IIII51,sa1,,,8.3398437500e-01
IIII52,sa1,,,8.3398437500e-01
v13_D_0C,sa0,17,1,1.2060546875e-01
v13_D_0,sa0,,,1.2060546875e-01
II722,sa1,,,1.2060546875e-01
Av13_D_0B,sa0,,,1.2060546875e-01
CLR_v13_D_0C_B,sa0,,,1.2060546875e-01
v13_D_0C,sa1,24,1,8.7939453125e-01
v13_D_3C,sa0,22,1,1.8408203125e-01
v13_D_3,sa0,,,1.8408203125e-01
II713,sa1,,,1.8408203125e-01
Av13_D_3B,sa0,,,1.8408203125e-01
CLR_v13_D_3C_B,sa0,,,1.8408203125e-01
v13_D_3C,sa1,29,1,8.1591796875e-01
IIII28,sa0,12,1,7.0312500000e-02
v7E_IIII28_A,sa0,,,7.0312500000e-02
C188D,sa0,,,7.0312500000e-02
v13_D_12,sa0,9,1,2.5390625000e-01
II686,sa1,,,2.5390625000e-01
Av13_D_12B,sa0,,,2.5390625000e-01
v13_D_12,sa1,16,1,7.4609375000e-01
II686,sa0,,,7.4609375000e-01
Av13_D_12B,sa1,,,7.4609375000e-01
IIII48,sa1,,,7.4609375000e-01
IIII49,sa1,,,7.4609375000e-01
v13_D_1C,sa0,24,1,2.3437500000e-01
v13_D_1,sa0,,,2.3437500000e-01
II719,sa1,,,2.3437500000e-01
Av13_D_1B,sa0,,,2.3437500000e-01
CLR_v13_D_1C_B,sa0,,,2.3437500000e-01
v13_D_2C,sa0,27,1,1.9238281250e-01
v13_D_2,sa0,,,1.9238281250e-01
II716,sa1,,,1.9238281250e-01
Av13_D_2B,sa0,,,1.9238281250e-01
CLR_v13_D_2C_B,sa0,,,1.9238281250e-01
v13_D_1C,sa1,33,1,7.6562500000e-01
v13_D_2C,sa1,30,1,8.0761718750e-01
v13_D_4C,sa0,21,1,1.9189453125e-01
v13_D_4,sa0,,,1.9189453125e-01
II710,sa1,,,1.9189453125e-01
Av13_D_4B,sa0,,,1.9189453125e-01
CLR_v13_D_4C_B,sa0,,,1.9189453125e-01
v13_D_5C,sa0,19,1,1.5136718750e-01
v13_D_5,sa0,,,1.5136718750e-01
II707,sa1,,,1.5136718750e-01
Av13_D_5B,sa0,,,1.5136718750e-01
CLR_v13_D_5C_B,sa0,,,1.5136718750e-01
v13_D_4C,sa1,32,1,8.0810546875e-01
v13_D_5C,sa1,36,1,8.4863281250e-01
v13_D_13,sa0,16,1,2.6562500000e-01
II683,sa1,,,2.6562500000e-01
Av13_D_13B,sa0,,,2.6562500000e-01
v13_D_13,sa1,35,1,7.3437500000e-01
II683,sa0,,,7.3437500000e-01
Av13_D_13B,sa1,,,7.3437500000e-01
IIII27,sa1,,,7.3437500000e-01
IIII28,sa1,,,7.3437500000e-01
IIII29,sa1,,,7.3437500000e-01
