net_name,f_type,cube_cnt,complete,fdp
MAX_REG_1__SCAN_IN,sa1,30,0,2.6630127430e-01
MAX_REG_2__SCAN_IN,sa0,30,0,2.6575064659e-01
MAX_REG_2__SCAN_IN,sa1,30,0,2.7549597621e-01
MAX_REG_3__SCAN_IN,sa0,30,0,2.8003895283e-01
MAX_REG_3__SCAN_IN,sa1,30,0,2.7116787434e-01
MAX_REG_4__SCAN_IN,sa0,30,0,2.9292154312e-01
MAX_REG_4__SCAN_IN,sa1,30,0,2.8881645203e-01
MAX_REG_5__SCAN_IN,sa0,30,0,2.5931084156e-01
MAX_REG_5__SCAN_IN,sa1,30,0,2.6094102859e-01
MAX_REG_6__SCAN_IN,sa0,30,0,2.7744102478e-01
MAX_REG_6__SCAN_IN,sa1,30,0,2.7471876144e-01
MAX_REG_7__SCAN_IN,sa0,30,0,2.7443599701e-01
MAX_REG_7__SCAN_IN,sa1,30,0,2.7443599701e-01
MAX_REG_8__SCAN_IN,sa0,30,0,3.2774782181e-01
MAX_REG_8__SCAN_IN,sa1,30,0,3.2942438126e-01
NUM_REG_0__SCAN_IN,sa0,30,0,3.8465642929e-01
NUM_REG_0__SCAN_IN,sa1,30,0,3.8280731440e-01
NUM_REG_1__SCAN_IN,sa0,30,0,3.8182401657e-01
NUM_REG_1__SCAN_IN,sa1,30,0,3.8189673424e-01
NUM_REG_2__SCAN_IN,sa0,30,0,3.7957763672e-01
NUM_REG_2__SCAN_IN,sa1,30,0,3.7957763672e-01
NUM_REG_3__SCAN_IN,sa0,30,0,3.7634277344e-01
NUM_REG_3__SCAN_IN,sa1,30,0,3.7634277344e-01
NUM_REG_4__SCAN_IN,sa0,30,0,3.7603759766e-01
FLAG_REG_SCAN_IN,sa0,30,0,3.1469726563e-01
NUM_REG_4__SCAN_IN,sa1,30,0,3.7603759766e-01
FLAG_REG_SCAN_IN,sa1,30,0,3.1469726563e-01
STATO_REG_0__SCAN_IN,sa0,20,1,4.2359161377e-01
RES_DISP_REG_SCAN_IN,sa0,6,1,4.3750000000e-01
STATO_REG_1__SCAN_IN,sa0,30,0,4.5703125000e-01
STATO_REG_0__SCAN_IN,sa1,20,1,4.2359161377e-01
RES_DISP_REG_SCAN_IN,sa1,6,1,4.3750000000e-01
STATO_REG_2__SCAN_IN,sa0,26,1,4.9609375000e-01
STATO_REG_1__SCAN_IN,sa1,30,0,4.5483398438e-01
STATO_REG_2__SCAN_IN,sa1,26,1,4.9609375000e-01
EN_DISP_REG_SCAN_IN,sa0,2,1,5.0000000000e-01
EN_DISP_REG_SCAN_IN,sa1,2,1,5.0000000000e-01
START,sa0,15,1,1.3062286377e-01
TEMP_REG_0__SCAN_IN,sa0,30,0,2.5020825863e-01
START,sa1,15,1,1.3062286377e-01
TEMP_REG_0__SCAN_IN,sa1,30,0,2.5017929077e-01
TEMP_REG_1__SCAN_IN,sa0,30,0,2.5014877319e-01
TEMP_REG_1__SCAN_IN,sa1,30,0,2.5010657310e-01
TEMP_REG_2__SCAN_IN,sa0,30,0,2.5037384033e-01
TEMP_REG_2__SCAN_IN,sa1,30,0,2.5031316280e-01
TEMP_REG_3__SCAN_IN,sa0,30,0,2.5052642822e-01
TEMP_REG_3__SCAN_IN,sa1,30,0,2.5038528442e-01
TEMP_REG_4__SCAN_IN,sa0,30,0,2.5068616867e-01
TEMP_REG_4__SCAN_IN,sa1,30,0,2.5074768066e-01
TEMP_REG_5__SCAN_IN,sa0,30,0,2.5118574500e-01
TEMP_REG_5__SCAN_IN,sa1,30,0,2.5104093552e-01
TEMP_REG_6__SCAN_IN,sa0,30,0,2.5197601318e-01
TEMP_REG_6__SCAN_IN,sa1,30,0,2.5276947021e-01
TEMP_REG_7__SCAN_IN,sa0,30,0,2.5225257874e-01
TEMP_REG_7__SCAN_IN,sa1,30,0,2.5203233957e-01
TEMP_REG_8__SCAN_IN,sa0,30,0,2.5795745850e-01
TEMP_REG_8__SCAN_IN,sa1,30,0,2.5862121582e-01
MAR_REG_0__SCAN_IN,sa0,14,1,4.6777343750e-01
MAR_REG_0__SCAN_IN,sa1,14,1,4.6777343750e-01
MAR_REG_1__SCAN_IN,sa0,13,1,4.6875000000e-01
MAR_REG_2__SCAN_IN,sa0,13,1,4.6875000000e-01
MAR_REG_1__SCAN_IN,sa1,13,1,4.6875000000e-01
MAR_REG_2__SCAN_IN,sa1,13,1,4.6875000000e-01
MAR_REG_3__SCAN_IN,sa0,13,1,4.6875000000e-01
MAR_REG_4__SCAN_IN,sa0,15,1,4.6875000000e-01
MAR_REG_3__SCAN_IN,sa1,13,1,4.6875000000e-01
MAR_REG_4__SCAN_IN,sa1,15,1,4.6875000000e-01
MAX_REG_0__SCAN_IN,sa0,30,0,2.6858687401e-01
MAX_REG_0__SCAN_IN,sa1,30,0,2.6465418935e-01
MAX_REG_1__SCAN_IN,sa0,30,0,2.7819975466e-01
TEMP_REG_3__SCAN_IN_SUB_60_U106_B,sa1,30,0,6.1184167862e-05
NUM_REG_4__SCAN_IN_ADD_283_U20_B,sa1,30,0,1.4960765839e-03
MAR_REG_4__SCAN_IN_U596_A,sa0,8,1,7.8125000000e-02
NUM_REG_3__SCAN_IN_ADD_283_U22_B,sa1,30,0,1.6608238220e-03
MAR_REG_0__SCAN_IN_U697_C,sa1,8,1,6.2500000000e-02
MAR_REG_2__SCAN_IN_U696_B,sa1,4,1,3.1250000000e-02
NUM_REG_2__SCAN_IN_ADD_283_U24_B,sa1,30,0,1.9798278809e-03
MAR_REG_1__SCAN_IN_U599_B,sa1,10,1,1.0937500000e-01
TEMP_REG_0__SCAN_IN_SUB_60_U9_B,sa1,30,0,2.0599365234e-04
NUM_REG_0__SCAN_IN_ADD_283_U27_B,sa1,30,0,3.4561157227e-03
NUM_REG_1__SCAN_IN_ADD_283_U26_B,sa1,30,0,3.4561157227e-03
MAX_REG_1__SCAN_IN_U990_B,sa1,30,0,2.6385879517e-01
MAR_REG_4__SCAN_IN_U597_B,sa1,8,1,7.8125000000e-02
NUM_REG_3__SCAN_IN_ADD_283_U16_B,sa1,30,0,3.3950805664e-04
MAX_REG_0__SCAN_IN_U992_B,sa1,30,0,2.5990295410e-01
MAR_REG_3__SCAN_IN_U698_B,sa1,8,1,9.3750000000e-02
MAR_REG_4__SCAN_IN_U697_B,sa1,8,1,6.2500000000e-02
NUM_REG_1__SCAN_IN_U811_B,sa1,30,0,3.8092041016e-01
NUM_REG_0__SCAN_IN_U813_B,sa1,30,0,3.8134765625e-01
MAX_REG_6__SCAN_IN_U980_B,sa1,30,0,2.6663017273e-01
MAX_REG_5__SCAN_IN_U982_B,sa1,30,0,2.7001190186e-01
MAX_REG_0__SCAN_IN_SUB_103_U20_B,sa0,0,1,0.0000000000e+00
MAX_REG_1__SCAN_IN_SUB_103_U20_A,sa0,0,1,0.0000000000e+00
MAX_REG_4__SCAN_IN_U984_B,sa1,30,0,2.6379776001e-01
MAX_REG_3__SCAN_IN_U986_B,sa1,30,0,2.6202774048e-01
MAX_REG_2__SCAN_IN_U988_B,sa1,30,0,2.5994494557e-01
NUM_REG_4__SCAN_IN_U805_B,sa1,30,0,3.7582397461e-01
NUM_REG_1__SCAN_IN_GT_197_U8_B,sa0,1,1,1.5625000000e-02
NUM_REG_2__SCAN_IN_GT_197_U8_A,sa0,1,1,1.5625000000e-02
NUM_REG_3__SCAN_IN_U807_B,sa1,30,0,3.7951660156e-01
MAX_REG_8__SCAN_IN_U587_B,sa1,11,1,1.2109375000e-01
NUM_REG_4__SCAN_IN_GT_197_U6_B,sa0,2,1,7.8125000000e-02
MAX_REG_2__SCAN_IN_SUB_103_U21_B,sa1,0,1,0.0000000000e+00
NUM_REG_2__SCAN_IN_U809_B,sa1,30,0,3.7950325012e-01
NUM_REG_3__SCAN_IN_GT_197_U7_B,sa1,2,1,4.6875000000e-02
MAX_REG_8__SCAN_IN_U976_B,sa1,30,0,2.5878816843e-01
MAX_REG_8__SCAN_IN_U886_B,sa1,1,1,1.2500000000e-01
FLAG_REG_SCAN_IN_U592_B,sa1,30,0,2.1781921387e-03
MAX_REG_0__SCAN_IN_SUB_103_U25_B,sa1,1,1,3.9062500000e-03
MAX_REG_1__SCAN_IN_SUB_103_U24_B,sa1,1,1,3.9062500000e-03
MAX_REG_7__SCAN_IN_U978_B,sa1,30,0,2.7232754230e-01
FLAG_REG_SCAN_IN_U872_B,sa1,30,0,3.1272888184e-01
MAX_REG_4__SCAN_IN_SUB_103_U22_B,sa1,0,1,0.0000000000e+00
NUM_REG_4__SCAN_IN_U994_B,sa1,9,1,7.0312500000e-02
MAX_REG_3__SCAN_IN_SUB_103_U19_B,sa1,0,1,0.0000000000e+00
NUM_REG_3__SCAN_IN_U996_B,sa1,7,1,6.2500000000e-02
NUM_REG_2__SCAN_IN_U998_B,sa1,5,1,3.9062500000e-02
MAR_REG_0__SCAN_IN_ADD_304_U7_B,sa1,4,1,1.2500000000e-01
MAR_REG_1__SCAN_IN_ADD_304_U7_A,sa1,4,1,1.2500000000e-01
MAR_REG_2__SCAN_IN_ADD_304_U9_B,sa1,3,1,6.2500000000e-02
MAX_REG_0__SCAN_IN_U1020_B,sa1,16,1,6.2500000000e-02
NUM_REG_1__SCAN_IN_SUB_199_U20_B,sa1,2,1,1.5625000000e-02
MAX_REG_0__SCAN_IN_U1021_B,sa1,1,1,3.9062500000e-03
MAX_REG_2__SCAN_IN_U1012_B,sa1,11,1,6.2500000000e-02
NUM_REG_1__SCAN_IN_SUB_199_U15_B,sa0,2,1,1.5625000000e-02
NUM_REG_2__SCAN_IN_SUB_199_U15_A,sa0,2,1,1.5625000000e-02
MAX_REG_1__SCAN_IN_U1016_B,sa1,14,1,6.2500000000e-02
MAX_REG_4__SCAN_IN_U1004_B,sa1,2,1,6.2500000000e-02
NUM_REG_1__SCAN_IN_SUB_199_U18_C,sa0,1,1,1.5625000000e-02
NUM_REG_2__SCAN_IN_SUB_199_U18_B,sa0,2,1,1.5625000000e-02
NUM_REG_3__SCAN_IN_SUB_199_U18_A,sa0,2,1,1.5625000000e-02
MAX_REG_8__SCAN_IN_U1021_A,sa1,0,1,0.0000000000e+00
MAX_REG_3__SCAN_IN_U1008_B,sa1,6,1,6.2500000000e-02
NUM_REG_1__SCAN_IN_U1000_B,sa1,5,1,3.9062500000e-02
NUM_REG_2__SCAN_IN_SUB_199_U19_B,sa1,2,1,1.5625000000e-02
NUM_REG_4__SCAN_IN_SUB_199_U17_B,sa1,6,1,4.6875000000e-02
MAX_REG_8__SCAN_IN_U1013_B,sa1,10,1,4.6875000000e-02
NUM_REG_0__SCAN_IN_U1002_B,sa1,5,1,3.9062500000e-02
MAX_REG_8__SCAN_IN_U1005_B,sa1,4,1,5.8593750000e-02
NUM_REG_0__SCAN_IN_U1003_B,sa1,5,1,3.9062500000e-02
MAX_REG_8__SCAN_IN_U1017_B,sa1,8,1,3.1250000000e-02
MAX_REG_8__SCAN_IN_U1009_B,sa1,7,1,5.4687500000e-02
TEMP_REG_2__SCAN_IN_SUB_60_U52_B,sa1,30,0,1.8289685249e-04
TEMP_REG_4__SCAN_IN_SUB_60_U60_B,sa1,30,0,4.3860077858e-04
NUM_REG_0__SCAN_IN_ADD_283_U7_B,sa1,30,0,9.4223022461e-04
NUM_REG_1__SCAN_IN_ADD_283_U7_A,sa1,30,0,9.4223022461e-04
TEMP_REG_3__SCAN_IN_SUB_60_U56_B,sa1,30,0,4.2724609375e-04
TEMP_REG_5__SCAN_IN_SUB_60_U64_B,sa1,30,0,7.7819824219e-04
NUM_REG_2__SCAN_IN_ADD_283_U9_B,sa1,30,0,4.7111511230e-04
STATO_REG_1__SCAN_IN_U800_B,sa0,30,0,6.9122314453e-03
TEMP_REG_6__SCAN_IN_SUB_60_U91_B,sa1,30,0,5.7697296143e-05
TEMP_REG_8__SCAN_IN_SUB_60_U81_B,sa1,30,0,9.9182128906e-03
STATO_REG_1__SCAN_IN_U702_B,sa1,30,0,8.9836120605e-03
TEMP_REG_7__SCAN_IN_SUB_60_U74_B,sa1,30,0,3.1738281250e-03
STATO_REG_1__SCAN_IN_U802_B,sa1,5,1,6.0546875000e-02
TEMP_REG_8__SCAN_IN_SUB_60_U83_B,sa1,30,0,4.9209594727e-03
TEMP_REG_5__SCAN_IN_SUB_60_U96_B,sa1,30,0,4.7922134399e-05
TEMP_REG_7__SCAN_IN_SUB_60_U76_B,sa1,30,0,3.0746459961e-03
TEMP_REG_6__SCAN_IN_SUB_60_U68_B,sa1,30,0,2.1133422852e-03
STATO_REG_2__SCAN_IN_U821_B,sa1,3,1,8.5937500000e-02
STATO_REG_2__SCAN_IN_U704_B,sa1,5,1,9.7656250000e-03
TEMP_REG_7__SCAN_IN_SUB_60_U86_B,sa1,30,0,3.7565827370e-05
RES_DISP_REG_SCAN_IN_U914_C,sa1,13,1,1.6796875000e-01
RES_DISP_REG_SCAN_IN_U870_B,sa1,5,1,3.7500000000e-01
STATO_REG_2__SCAN_IN_U823_B,sa1,2,1,1.4062500000e-01
RES_DISP_REG_SCAN_IN_U933_C,sa1,9,1,2.0312500000e-01
RES_DISP_REG_SCAN_IN_U791_B,sa0,1,1,2.5000000000e-01
STATO_REG_1__SCAN_IN_U961_B,sa1,16,1,1.2500000000e-01
STATO_REG_0__SCAN_IN_U882_A,sa1,7,1,2.4804687500e-01
STATO_REG_0__SCAN_IN_U871_C,sa1,30,0,4.9896240234e-03
STATO_REG_2__SCAN_IN_U825_B,sa1,1,1,2.5000000000e-01
STATO_REG_0__SCAN_IN_U592_C,sa1,30,0,2.1781921387e-03
STATO_REG_1__SCAN_IN_U971_B,sa1,14,1,1.0937500000e-01
STATO_REG_2__SCAN_IN_U817_B,sa1,5,1,4.4921875000e-02
STATO_REG_1__SCAN_IN_U963_B,sa1,16,1,1.2500000000e-01
STATO_REG_0__SCAN_IN_U885_A,sa0,2,1,1.8750000000e-01
STATO_REG_1__SCAN_IN_U882_B,sa1,7,1,2.4804687500e-01
STATO_REG_1__SCAN_IN_U592_D,sa1,30,0,3.0403137207e-03
MAX_REG_0__SCAN_IN_SUB_103_U9_C,sa0,1,1,3.9062500000e-03
MAX_REG_1__SCAN_IN_SUB_103_U9_B,sa0,1,1,3.9062500000e-03
MAX_REG_2__SCAN_IN_SUB_103_U9_A,sa0,0,1,0.0000000000e+00
STATO_REG_1__SCAN_IN_U973_B,sa1,15,1,1.1718750000e-01
RES_DISP_REG_SCAN_IN_U892_C,sa1,4,1,4.6875000000e-02
STATO_REG_1__SCAN_IN_U883_B,sa1,1,1,6.2500000000e-02
STATO_REG_1__SCAN_IN_U865_B,sa1,1,1,6.2500000000e-02
STATO_REG_2__SCAN_IN_U819_B,sa1,4,1,5.8593750000e-02
START_U800_A,sa0,6,1,1.2304687500e-01
STATO_REG_0__SCAN_IN_U793_C,sa1,4,1,1.0986328125e-01
STATO_REG_0__SCAN_IN_U685_C,sa1,30,0,7.0373535156e-02
STATO_REG_1__SCAN_IN_U965_B,sa1,23,1,1.7968750000e-01
STATO_REG_0__SCAN_IN_U869_A,sa0,1,1,3.1250000000e-02
STATO_REG_0__SCAN_IN_U867_B,sa1,3,1,7.8125000000e-03
STATO_REG_1__SCAN_IN_U975_B,sa1,13,1,1.0156250000e-01
STATO_REG_2__SCAN_IN_U885_B,sa0,1,1,1.9531250000e-03
RES_DISP_REG_SCAN_IN_U589_B,sa1,1,1,2.5000000000e-01
STATO_REG_1__SCAN_IN_U967_B,sa1,11,1,8.5937500000e-02
STATO_REG_1__SCAN_IN_U869_B,sa0,1,1,6.2500000000e-02
MAX_REG_2__SCAN_IN_SUB_73_U32_B,sa1,30,0,1.6599893570e-05
STATO_REG_1__SCAN_IN_U959_B,sa1,6,1,4.6875000000e-02
STATO_REG_2__SCAN_IN_U796_B,sa1,30,0,4.7460937500e-01
STATO_REG_1__SCAN_IN_U969_B,sa1,12,1,9.3750000000e-02
STATO_REG_2__SCAN_IN_U869_C,sa0,1,1,6.2500000000e-02
MAX_REG_3__SCAN_IN_SUB_73_U33_B,sa1,30,0,1.5914440155e-05
MAX_REG_0__SCAN_IN_SUB_73_U27_B,sa1,30,0,1.1116266251e-05
MAX_REG_1__SCAN_IN_SUB_73_U26_B,sa1,30,0,1.7762184143e-05
STATO_REG_1__SCAN_IN_U799_B,sa1,30,0,2.1690368652e-01
EN_DISP_REG_SCAN_IN_U791_A,sa0,1,1,2.5000000000e-01
MAX_REG_7__SCAN_IN_SUB_73_U50_B,sa1,30,0,2.9492378235e-04
MAR_REG_4__SCAN_IN_ADD_304_U20_B,sa1,4,1,2.3437500000e-01
MAX_REG_6__SCAN_IN_SUB_73_U25_B,sa1,30,0,1.4042854309e-04
MAR_REG_3__SCAN_IN_ADD_304_U22_B,sa1,3,1,2.1875000000e-01
MAR_REG_2__SCAN_IN_ADD_304_U24_B,sa1,2,1,1.8750000000e-01
START_U881_B,sa1,2,1,5.8593750000e-03
MAX_REG_4__SCAN_IN_SUB_73_U38_B,sa1,30,0,7.3909759521e-05
MAR_REG_0__SCAN_IN_ADD_304_U27_B,sa1,1,1,1.2500000000e-01
MAR_REG_1__SCAN_IN_ADD_304_U26_B,sa1,1,1,1.2500000000e-01
MAR_REG_3__SCAN_IN_ADD_304_U16_B,sa1,2,1,3.1250000000e-02
TEMP_REG_2__SCAN_IN_U970_B,sa1,1,1,2.5000000000e-01
START_U793_B,sa1,8,1,1.0986328125e-01
MAX_REG_8__SCAN_IN_SUB_73_U54_B,sa1,30,0,8.5252523422e-04
MAX_REG_5__SCAN_IN_SUB_73_U39_B,sa1,30,0,1.7809867859e-04
TEMP_REG_1__SCAN_IN_U972_B,sa1,1,1,2.5000000000e-01
TEMP_REG_0__SCAN_IN_U974_B,sa1,1,1,2.5000000000e-01
EN_DISP_REG_SCAN_IN_U868_B,sa1,18,1,3.6816406250e-01
MAX_REG_8__SCAN_IN_SUB_73_U56_B,sa1,30,0,7.8296661377e-04
MAX_REG_7__SCAN_IN_SUB_73_U48_B,sa1,30,0,3.2818317413e-04
TEMP_REG_7__SCAN_IN_U960_B,sa1,1,1,2.5000000000e-01
MAR_REG_0__SCAN_IN_U700_C,sa1,8,1,6.2500000000e-02
TEMP_REG_6__SCAN_IN_U962_B,sa1,1,1,2.5000000000e-01
MAR_REG_2__SCAN_IN_U700_B,sa1,8,1,6.2500000000e-02
TEMP_REG_5__SCAN_IN_U964_B,sa1,1,1,2.5000000000e-01
MAR_REG_2__SCAN_IN_U701_B,sa1,6,1,4.6875000000e-02
TEMP_REG_4__SCAN_IN_U966_B,sa1,1,1,2.5000000000e-01
TEMP_REG_3__SCAN_IN_U968_B,sa1,1,1,2.5000000000e-01
MAR_REG_3__SCAN_IN_U820_B,sa1,3,1,2.1875000000e-01
MAR_REG_2__SCAN_IN_U822_B,sa1,3,1,2.1875000000e-01
MAR_REG_1__SCAN_IN_U824_B,sa1,3,1,2.1875000000e-01
TEMP_REG_8__SCAN_IN_U958_B,sa1,1,1,2.5000000000e-01
MAR_REG_0__SCAN_IN_U826_B,sa1,3,1,2.1875000000e-01
TEMP_REG_2__SCAN_IN_SUB_60_U111_B,sa1,30,0,4.3869018555e-05
TEMP_REG_4__SCAN_IN_SUB_60_U101_B,sa1,30,0,5.3822994232e-05
MAR_REG_1__SCAN_IN_U692_B,sa1,13,1,1.0156250000e-01
NUM_REG_3__SCAN_IN_SUB_199_U9_B,sa1,1,1,7.8125000000e-03
MAR_REG_0__SCAN_IN_U873_C,sa1,30,0,1.5088319778e-03
MAR_REG_0__SCAN_IN_U693_C,sa1,9,1,4.5898437500e-02
MAR_REG_3__SCAN_IN_U692_A,sa1,14,1,1.1718750000e-01
MAR_REG_0__SCAN_IN_U596_B,sa0,9,1,9.3750000000e-02
MAR_REG_1__SCAN_IN_U595_B,sa0,12,1,1.2500000000e-01
MAR_REG_2__SCAN_IN_U873_B,sa1,30,0,4.3010711670e-04
MAR_REG_2__SCAN_IN_U693_B,sa1,10,1,5.4687500000e-02
MAR_REG_3__SCAN_IN_U595_A,sa0,10,1,1.0937500000e-01
TEMP_REG_1__SCAN_IN_SUB_60_U116_B,sa1,30,0,5.3510069847e-05
MAR_REG_4__SCAN_IN_U818_B,sa1,3,1,2.1875000000e-01
MAR_REG_0__SCAN_IN_U695_C,sa1,8,1,6.2500000000e-02
MAR_REG_4__SCAN_IN_U693_A,sa1,10,1,5.4687500000e-02
SUB_73_U19,sa0,30,0,5.5515766144e-04
MAX_REG_7__SCAN_IN_SUB_73_U19_A,sa1,,,5.5515766144e-04
SUB_73_U19,sa1,30,0,4.3320655823e-04
MAX_REG_7__SCAN_IN_SUB_73_U19_A,sa0,,,4.3320655823e-04
ADD_304_U10,sa1,2,1,1.7578125000e-02
MAR_REG_3__SCAN_IN_ADD_304_U10_A,sa0,,,1.7578125000e-02
SUB_199_U7,sa0,4,1,3.1250000000e-02
NUM_REG_1__SCAN_IN_SUB_199_U7_A,sa1,,,3.1250000000e-02
SUB_199_U7,sa1,5,1,3.9062500000e-02
NUM_REG_1__SCAN_IN_SUB_199_U7_A,sa0,,,3.9062500000e-02
ADD_304_U15,sa1,1,1,1.9531250000e-03
MAR_REG_4__SCAN_IN_ADD_304_U15_A,sa0,,,1.9531250000e-03
ADD_283_U10,sa1,30,0,9.3126296997e-04
NUM_REG_3__SCAN_IN_ADD_283_U10_A,sa0,,,9.3126296997e-04
ADD_283_U15,sa1,30,0,4.6563148499e-04
NUM_REG_4__SCAN_IN_ADD_283_U15_A,sa0,,,4.6563148499e-04
U800,sa1,6,1,1.2304687500e-01
START_U800_A,sa1,,,1.2304687500e-01
STATO_REG_1__SCAN_IN_U800_B,sa1,,,1.2304687500e-01
U705,sa0,2,1,5.0000000000e-01
EN_DISP_REG_SCAN_IN_U705_A,sa1,,,5.0000000000e-01
U705,sa1,2,1,5.0000000000e-01
EN_DISP_REG_SCAN_IN_U705_A,sa0,,,5.0000000000e-01
U708,sa0,11,1,1.2109375000e-01
MAX_REG_8__SCAN_IN_U708_A,sa1,,,1.2109375000e-01
U681,sa0,17,1,4.9923801422e-01
STATO_REG_1__SCAN_IN_U681_A,sa1,,,4.9923801422e-01
U708,sa1,0,1,0.0000000000e+00
MAX_REG_8__SCAN_IN_U708_A,sa0,,,0.0000000000e+00
U682,sa0,30,0,1.9838142395e-01
STATO_REG_0__SCAN_IN_U682_A,sa1,,,1.9838142395e-01
U681,sa1,30,0,4.0386009216e-01
STATO_REG_1__SCAN_IN_U681_A,sa0,,,4.0386009216e-01
U690,sa1,9,1,9.3750000000e-02
MAR_REG_3__SCAN_IN_U690_A,sa0,,,9.3750000000e-02
U692,sa0,28,1,3.2031250000e-01
MAR_REG_3__SCAN_IN_U692_A,sa0,,,3.2031250000e-01
MAR_REG_1__SCAN_IN_U692_B,sa0,,,3.2031250000e-01
U691,sa1,8,1,6.2500000000e-02
MAR_REG_1__SCAN_IN_U691_A,sa0,,,6.2500000000e-02
U682,sa1,30,0,1.6450643539e-01
STATO_REG_0__SCAN_IN_U682_A,sa0,,,1.6450643539e-01
U791,sa0,3,1,7.5000000000e-01
U693,sa0,30,0,3.7011718750e-01
MAR_REG_4__SCAN_IN_U693_A,sa0,,,3.7011718750e-01
MAR_REG_2__SCAN_IN_U693_B,sa0,,,3.7011718750e-01
MAR_REG_0__SCAN_IN_U693_C,sa0,,,3.7011718750e-01
U692,sa1,14,1,1.1718750000e-01
U791,sa1,1,1,2.5000000000e-01
EN_DISP_REG_SCAN_IN_U791_A,sa1,,,2.5000000000e-01
RES_DISP_REG_SCAN_IN_U791_B,sa1,,,2.5000000000e-01
GT_197_U8,sa1,1,1,1.5625000000e-02
NUM_REG_2__SCAN_IN_GT_197_U8_A,sa1,,,1.5625000000e-02
NUM_REG_1__SCAN_IN_GT_197_U8_B,sa1,,,1.5625000000e-02
U693,sa1,12,1,7.0312500000e-02
U684,sa1,30,0,6.8359375000e-03
FLAG_REG_SCAN_IN_U684_A,sa0,,,6.8359375000e-03
U882,sa1,7,1,2.4804687500e-01
U595,sa0,12,1,1.2500000000e-01
U694,sa1,3,1,6.8359375000e-02
START_U694_A,sa0,,,6.8359375000e-02
U596,sa0,9,1,9.3750000000e-02
U595,sa1,28,1,3.4375000000e-01
MAR_REG_3__SCAN_IN_U595_A,sa1,,,3.4375000000e-01
MAR_REG_1__SCAN_IN_U595_B,sa1,,,3.4375000000e-01
U686,sa1,1,1,1.9531250000e-03
STATO_REG_2__SCAN_IN_U686_A,sa0,,,1.9531250000e-03
U687,sa0,18,1,2.1875000000e-01
MAR_REG_2__SCAN_IN_U687_A,sa1,,,2.1875000000e-01
U596,sa1,15,1,2.5000000000e-01
MAR_REG_4__SCAN_IN_U596_A,sa1,,,2.5000000000e-01
MAR_REG_0__SCAN_IN_U596_B,sa1,,,2.5000000000e-01
U885,sa1,1,1,6.2500000000e-02
STATO_REG_0__SCAN_IN_U885_A,sa1,,,6.2500000000e-02
STATO_REG_2__SCAN_IN_U885_B,sa1,,,6.2500000000e-02
U687,sa1,17,1,2.0312500000e-01
MAR_REG_2__SCAN_IN_U687_A,sa0,,,2.0312500000e-01
U689,sa0,12,1,1.2500000000e-01
MAR_REG_4__SCAN_IN_U689_A,sa1,,,1.2500000000e-01
U688,sa1,8,1,7.8125000000e-02
MAR_REG_0__SCAN_IN_U688_A,sa0,,,7.8125000000e-02
U869,sa1,1,1,6.2500000000e-02
STATO_REG_0__SCAN_IN_U869_A,sa1,,,6.2500000000e-02
STATO_REG_1__SCAN_IN_U869_B,sa1,,,6.2500000000e-02
STATO_REG_2__SCAN_IN_U869_C,sa1,,,6.2500000000e-02
U689,sa1,10,1,1.0937500000e-01
MAR_REG_4__SCAN_IN_U689_A,sa0,,,1.0937500000e-01
SUB_103_U20,sa1,0,1,0.0000000000e+00
MAX_REG_1__SCAN_IN_SUB_103_U20_A,sa1,,,0.0000000000e+00
MAX_REG_0__SCAN_IN_SUB_103_U20_B,sa1,,,0.0000000000e+00
SUB_103_U11,sa1,0,1,0.0000000000e+00
MAX_REG_3__SCAN_IN_SUB_103_U11_A,sa0,,,0.0000000000e+00
SUB_103_U13,sa0,0,1,0.0000000000e+00
MAX_REG_4__SCAN_IN_SUB_103_U13_A,sa1,,,0.0000000000e+00
SUB_103_U13,sa1,0,1,0.0000000000e+00
MAX_REG_4__SCAN_IN_SUB_103_U13_A,sa0,,,0.0000000000e+00
SUB_103_U15,sa1,0,1,0.0000000000e+00
MAX_REG_1__SCAN_IN_SUB_103_U15_A,sa0,,,0.0000000000e+00
SUB_103_U16,sa1,0,1,0.0000000000e+00
MAX_REG_0__SCAN_IN_SUB_103_U16_A,sa0,,,0.0000000000e+00
SUB_60_U8,sa1,30,0,8.2492828369e-05
TEMP_REG_0__SCAN_IN_SUB_60_U8_A,sa0,,,8.2492828369e-05
SUB_199_U10,sa1,7,1,7.8125000000e-02
NUM_REG_4__SCAN_IN_SUB_199_U10_A,sa0,,,7.8125000000e-02
SUB_199_U11,sa1,3,1,2.3437500000e-02
NUM_REG_2__SCAN_IN_SUB_199_U11_A,sa0,,,2.3437500000e-02
SUB_73_U7,sa1,30,0,2.9850006104e-04
MAX_REG_6__SCAN_IN_SUB_73_U7_A,sa0,,,2.9850006104e-04
SUB_73_U9,sa1,30,0,1.1771917343e-05
MAX_REG_1__SCAN_IN_SUB_73_U9_A,sa0,,,1.1771917343e-05
SUB_199_U15,sa1,0,1,0.0000000000e+00
NUM_REG_2__SCAN_IN_SUB_199_U15_A,sa1,,,0.0000000000e+00
NUM_REG_1__SCAN_IN_SUB_199_U15_B,sa1,,,0.0000000000e+00
SUB_199_U18,sa1,2,1,1.5625000000e-02
NUM_REG_3__SCAN_IN_SUB_199_U18_A,sa1,,,1.5625000000e-02
NUM_REG_2__SCAN_IN_SUB_199_U18_B,sa1,,,1.5625000000e-02
NUM_REG_1__SCAN_IN_SUB_199_U18_C,sa1,,,1.5625000000e-02
ADD_304_U5,sa0,1,1,2.5000000000e-01
MAR_REG_0__SCAN_IN_ADD_304_U5_A,sa1,,,2.5000000000e-01
ADD_304_U5,sa1,5,1,2.3632812500e-01
MAR_REG_0__SCAN_IN_ADD_304_U5_A,sa0,,,2.3632812500e-01
ADD_304_U7,sa0,9,1,3.7500000000e-01
MAR_REG_1__SCAN_IN_ADD_304_U7_A,sa0,,,3.7500000000e-01
MAR_REG_0__SCAN_IN_ADD_304_U7_B,sa0,,,3.7500000000e-01
ADD_304_U6,sa1,4,1,1.1132812500e-01
MAR_REG_1__SCAN_IN_ADD_304_U6_A,sa0,,,1.1132812500e-01
U1021,sa1,0,1,0.0000000000e+00
ADD_304_U7,sa1,4,1,1.1132812500e-01
ADD_304_U8,sa1,3,1,4.8828125000e-02
MAR_REG_2__SCAN_IN_ADD_304_U8_A,sa0,,,4.8828125000e-02
ADD_283_U5,sa0,30,0,6.9122314453e-03
NUM_REG_0__SCAN_IN_ADD_283_U5_A,sa1,,,6.9122314453e-03
ADD_283_U5,sa1,30,0,6.8359375000e-03
NUM_REG_0__SCAN_IN_ADD_283_U5_A,sa0,,,6.8359375000e-03
ADD_283_U7,sa0,30,0,1.9607543945e-03
NUM_REG_1__SCAN_IN_ADD_283_U7_A,sa0,,,1.9607543945e-03
NUM_REG_0__SCAN_IN_ADD_283_U7_B,sa0,,,1.9607543945e-03
ADD_283_U6,sa1,30,0,3.7250518799e-03
NUM_REG_1__SCAN_IN_ADD_283_U6_A,sa0,,,3.7250518799e-03
ADD_283_U7,sa1,30,0,9.4223022461e-04
ADD_283_U8,sa1,30,0,1.8625259399e-03
NUM_REG_2__SCAN_IN_ADD_283_U8_A,sa0,,,1.8625259399e-03
SUB_60_U11,sa0,30,0,2.9370188713e-04
TEMP_REG_2__SCAN_IN_SUB_60_U11_A,sa1,,,2.9370188713e-04
SUB_60_U21,sa0,30,0,3.0212402344e-03
TEMP_REG_7__SCAN_IN_SUB_60_U21_A,sa1,,,3.0212402344e-03
SUB_60_U11,sa1,30,0,1.4114379883e-04
TEMP_REG_2__SCAN_IN_SUB_60_U11_A,sa0,,,1.4114379883e-04
SUB_60_U21,sa1,30,0,2.6245117188e-03
TEMP_REG_7__SCAN_IN_SUB_60_U21_A,sa0,,,2.6245117188e-03
SUB_60_U13,sa0,30,0,1.9447505474e-04
TEMP_REG_3__SCAN_IN_SUB_60_U13_A,sa1,,,1.9447505474e-04
SUB_60_U13,sa1,30,0,5.1879882813e-04
TEMP_REG_3__SCAN_IN_SUB_60_U13_A,sa0,,,5.1879882813e-04
SUB_60_U15,sa0,30,0,3.8528442383e-04
TEMP_REG_4__SCAN_IN_SUB_60_U15_A,sa1,,,3.8528442383e-04
SUB_60_U15,sa1,30,0,5.0082802773e-04
TEMP_REG_4__SCAN_IN_SUB_60_U15_A,sa0,,,5.0082802773e-04
SUB_103_U9,sa0,5,1,2.3437500000e-02
SUB_73_U22,sa0,30,0,5.2928924561e-04
MAX_REG_8__SCAN_IN_SUB_73_U22_A,sa1,,,5.2928924561e-04
SUB_73_U12,sa1,30,0,2.1517276764e-05
MAX_REG_2__SCAN_IN_SUB_73_U12_A,sa0,,,2.1517276764e-05
SUB_60_U17,sa0,30,0,1.9302368164e-03
TEMP_REG_5__SCAN_IN_SUB_60_U17_A,sa1,,,1.9302368164e-03
SUB_103_U9,sa1,0,1,0.0000000000e+00
MAX_REG_2__SCAN_IN_SUB_103_U9_A,sa1,,,0.0000000000e+00
MAX_REG_1__SCAN_IN_SUB_103_U9_B,sa1,,,0.0000000000e+00
MAX_REG_0__SCAN_IN_SUB_103_U9_C,sa1,,,0.0000000000e+00
SUB_73_U22,sa1,30,0,1.0423660278e-03
MAX_REG_8__SCAN_IN_SUB_73_U22_A,sa0,,,1.0423660278e-03
SUB_73_U13,sa1,30,0,3.4928321838e-05
MAX_REG_3__SCAN_IN_SUB_73_U13_A,sa0,,,3.4928321838e-05
SUB_60_U17,sa1,30,0,1.4953613281e-03
TEMP_REG_5__SCAN_IN_SUB_60_U17_A,sa0,,,1.4953613281e-03
SUB_60_U46,sa0,30,0,1.4114379883e-04
TEMP_REG_1__SCAN_IN_SUB_60_U46_A,sa1,,,1.4114379883e-04
SUB_60_U19,sa0,30,0,2.0294189453e-03
TEMP_REG_6__SCAN_IN_SUB_60_U19_A,sa1,,,2.0294189453e-03
SUB_60_U46,sa1,30,0,8.8319182396e-05
TEMP_REG_1__SCAN_IN_SUB_60_U46_A,sa0,,,8.8319182396e-05
SUB_60_U19,sa1,30,0,1.9989013672e-03
TEMP_REG_6__SCAN_IN_SUB_60_U19_A,sa0,,,1.9989013672e-03
SUB_73_U16,sa1,30,0,1.0657310486e-04
MAX_REG_4__SCAN_IN_SUB_73_U16_A,sa0,,,1.0657310486e-04
SUB_60_U39,sa0,30,0,1.3351440430e-03
TEMP_REG_8__SCAN_IN_SUB_60_U39_A,sa1,,,1.3351440430e-03
SUB_73_U17,sa1,30,0,1.3864040375e-04
MAX_REG_5__SCAN_IN_SUB_73_U17_A,sa0,,,1.3864040375e-04
SUB_60_U39,sa1,30,0,2.0904541016e-03
TEMP_REG_8__SCAN_IN_SUB_60_U39_A,sa0,,,2.0904541016e-03
SUB_60_U11_SUB_60_U112_B,sa1,30,0,7.4356794357e-05
SUB_103_U13_SUB_103_U8_B,sa1,1,1,3.9062500000e-03
SUB_60_U15_SUB_60_U102_B,sa1,30,0,5.9083104134e-05
SUB_199_U9,sa0,3,1,2.3437500000e-02
SUB_199_U15,sa0,,,2.3437500000e-02
NUM_REG_3__SCAN_IN_SUB_199_U9_B,sa0,,,2.3437500000e-02
SUB_199_U9,sa1,6,1,4.6875000000e-02
SUB_60_U13_SUB_60_U107_B,sa1,30,0,5.4478645325e-05
SUB_103_U9_SUB_103_U19_A,sa1,0,1,0.0000000000e+00
ADD_304_U27,sa1,1,1,1.2500000000e-01
SUB_60_U46_SUB_60_U117_B,sa1,30,0,5.9723854065e-05
ADD_283_U27,sa1,30,0,3.4561157227e-03
U705_U661_B,sa1,4,1,2.9687500000e-01
U802,sa1,30,0,2.9535293579e-03
U596_U601_A,sa1,9,1,1.4062500000e-01
U705_U654_B,sa1,14,1,4.5312500000e-01
U687_U601_B,sa1,4,1,3.1250000000e-02
U681_U960_A,sa1,8,1,1.2500000000e-01
U595_U830_A,sa1,6,1,4.6875000000e-02
U689_U700_A,sa1,6,1,4.6875000000e-02
U705_U647_B,sa1,15,1,3.3203125000e-01
U681_U970_A,sa1,8,1,1.4062500000e-01
U870,sa1,5,1,3.7500000000e-01
U681_U962_A,sa1,8,1,1.2500000000e-01
GT_197_U7,sa0,2,1,4.6875000000e-02
GT_197_U8,sa0,,,4.6875000000e-02
NUM_REG_3__SCAN_IN_GT_197_U7_B,sa0,,,4.6875000000e-02
U681_U972_A,sa1,7,1,1.3281250000e-01
U791_U646_A,sa1,1,1,1.2500000000e-01
U681_U964_A,sa1,6,1,7.0312500000e-02
U705_U886_A,sa1,1,1,2.5000000000e-01
U595_U852_A,sa1,4,1,4.6875000000e-02
U595_U851_B,sa1,6,1,4.6875000000e-02
U595_U843_A,sa1,10,1,9.3750000000e-02
U681_U793_A,sa1,8,1,1.0986328125e-01
U705_U589_A,sa1,1,1,2.5000000000e-01
U681_U974_A,sa1,9,1,1.4843750000e-01
U595_U853_A,sa1,4,1,4.6875000000e-02
U865,sa1,1,1,6.2500000000e-02
U681_U966_A,sa1,9,1,1.6406250000e-01
U693_U854_B,sa1,2,1,1.5625000000e-02
U597,sa0,9,1,9.3750000000e-02
U688,sa0,,,9.3750000000e-02
MAR_REG_0__SCAN_IN_U688_A,sa1,,,9.3750000000e-02
MAR_REG_4__SCAN_IN_U597_B,sa0,,,9.3750000000e-02
U681_U958_A,sa1,6,1,2.0312500000e-01
U682_U866_B,sa1,1,1,3.1250000000e-02
U692_U848_A,sa1,2,1,1.5625000000e-02
U595_U836_B,sa1,4,1,4.6875000000e-02
U597,sa1,23,1,2.3437500000e-01
U681_U968_A,sa1,9,1,1.5625000000e-01
U698,sa0,20,1,2.3437500000e-01
U691,sa0,,,2.3437500000e-01
MAR_REG_1__SCAN_IN_U691_A,sa1,,,2.3437500000e-01
MAR_REG_3__SCAN_IN_U698_B,sa0,,,2.3437500000e-01
U599,sa0,10,1,1.0937500000e-01
U690,sa0,,,1.0937500000e-01
MAR_REG_3__SCAN_IN_U690_A,sa1,,,1.0937500000e-01
MAR_REG_1__SCAN_IN_U599_B,sa0,,,1.0937500000e-01
U698,sa1,8,1,9.3750000000e-02
U599,sa1,30,1,2.9687500000e-01
U595_U858_B,sa1,2,1,1.5625000000e-02
U682_U799_A,sa1,30,0,1.3532058895e-01
U596_U696_A,sa1,8,1,1.0937500000e-01
U687_U695_A,sa1,8,1,6.2500000000e-02
U687_U697_A,sa1,8,1,6.2500000000e-02
SUB_103_U21,sa1,0,1,0.0000000000e+00
U689_U695_B,sa1,8,1,6.2500000000e-02
U687_U699_B,sa1,6,1,4.6875000000e-02
SUB_103_U24,sa1,0,1,0.0000000000e+00
SUB_199_U7_SUB_199_U19_A,sa1,3,1,2.3437500000e-02
SUB_103_U25,sa1,0,1,0.0000000000e+00
SUB_199_U7_U1001_A,sa1,5,1,3.9062500000e-02
ADD_304_U5_ADD_304_U26_A,sa1,4,1,1.1132812500e-01
ADD_304_U7_ADD_304_U24_A,sa1,3,1,4.8828125000e-02
SUB_199_U20,sa1,3,1,2.3437500000e-02
SUB_103_U13_SUB_103_U23_B,sa1,0,1,0.0000000000e+00
ADD_283_U5_ADD_283_U26_A,sa1,30,0,3.7250518799e-03
ADD_283_U7_ADD_283_U24_A,sa1,30,0,1.8625259399e-03
U708_U1020_A,sa1,0,1,0.0000000000e+00
ADD_304_U5_U825_A,sa1,5,1,2.3632812500e-01
U708_U1012_A,sa1,0,1,0.0000000000e+00
SUB_60_U11_SUB_60_U54_B,sa1,30,0,3.5095214844e-04
SUB_103_U9_SUB_103_U6_B,sa1,1,1,3.9062500000e-03
U708_U1004_A,sa1,0,1,0.0000000000e+00
ADD_283_U5_U812_A,sa1,30,0,7.4501037598e-03
SUB_60_U21_SUB_60_U72_B,sa1,30,0,2.9296875000e-03
SUB_60_U15_SUB_60_U62_B,sa1,30,0,9.3841552734e-04
U708_U1016_A,sa1,0,1,0.0000000000e+00
U708_U1008_A,sa1,0,1,0.0000000000e+00
SUB_60_U19_SUB_60_U70_B,sa1,30,0,1.7852783203e-03
SUB_60_U13_SUB_60_U58_B,sa1,30,0,4.2724609375e-04
SUB_60_U21_SUB_60_U87_B,sa1,30,0,5.2601099014e-05
SUB_60_U21_SUB_60_U78_B,sa1,30,0,3.6163330078e-03
SUB_60_U17_SUB_60_U66_B,sa1,30,0,1.3885498047e-03
SUB_60_U19_SUB_60_U92_B,sa1,30,0,7.6293945313e-05
SUB_73_U22_SUB_73_U55_B,sa1,30,0,1.7330050468e-04
SUB_60_U39_SUB_60_U82_B,sa1,30,0,1.2207031250e-03
SUB_60_U46_SUB_60_U49_B,sa1,30,0,2.4414062500e-04
SUB_73_U22_SUB_73_U57_B,sa1,30,0,5.4740905762e-04
SUB_60_U17_SUB_60_U97_B,sa1,30,0,8.4638595581e-05
SUB_60_U39_SUB_60_U84_B,sa1,30,0,5.3329467773e-03
SUB_73_U19_SUB_73_U52_B,sa1,30,0,3.5667419434e-04
SUB_73_U19_SUB_73_U46_B,sa1,30,0,5.5801868439e-04
ADD_304_U24,sa1,6,1,1.8750000000e-01
ADD_304_U17,sa0,4,1,1.1132812500e-01
ADD_304_U7_ADD_304_U17_A,sa1,,,1.1132812500e-01
ADD_304_U26,sa1,1,1,1.2500000000e-01
ADD_304_U17,sa1,9,1,3.7500000000e-01
ADD_304_U7_ADD_304_U17_A,sa0,,,3.7500000000e-01
ADD_283_U24,sa1,30,0,1.9531250000e-03
U700,sa0,25,1,4.0625000000e-01
U689_U700_A,sa0,,,4.0625000000e-01
MAR_REG_2__SCAN_IN_U700_B,sa0,,,4.0625000000e-01
MAR_REG_0__SCAN_IN_U700_C,sa0,,,4.0625000000e-01
U601,sa0,6,1,4.6875000000e-02
U596_U601_A,sa0,,,4.6875000000e-02
U687_U601_B,sa0,,,4.6875000000e-02
ADD_283_U17,sa0,30,0,5.8078765869e-04
ADD_283_U7_ADD_283_U17_A,sa1,,,5.8078765869e-04
U700,sa1,8,1,6.2500000000e-02
U601,sa1,20,1,3.1250000000e-01
ADD_283_U26,sa1,30,0,3.7250518799e-03
ADD_283_U17,sa1,30,0,1.2903213501e-03
ADD_283_U7_ADD_283_U17_A,sa0,,,1.2903213501e-03
U814,sa0,10,1,5.4687500000e-02
U693_U814_A,sa1,,,5.4687500000e-02
U597_U701_A,sa1,11,1,1.0937500000e-01
U815,sa0,13,1,1.0156250000e-01
U692_U815_A,sa1,,,1.0156250000e-01
U814,sa1,25,1,2.9394531250e-01
U693_U814_A,sa0,,,2.9394531250e-01
U815,sa1,26,1,2.8906250000e-01
U692_U815_A,sa0,,,2.8906250000e-01
U960,sa1,1,1,2.5000000000e-01
U825,sa1,1,1,2.5000000000e-01
GT_197_U6,sa0,5,1,1.7187500000e-01
U970,sa1,1,1,2.5000000000e-01
GT_197_U6,sa1,2,1,7.8125000000e-02
GT_197_U7,sa1,,,7.8125000000e-02
NUM_REG_4__SCAN_IN_GT_197_U6_B,sa1,,,7.8125000000e-02
U792,sa0,1,1,2.5000000000e-01
U791_U792_A,sa1,,,2.5000000000e-01
U962,sa1,1,1,2.5000000000e-01
U792,sa1,2,1,7.5000000000e-01
U791_U792_A,sa0,,,7.5000000000e-01
U972,sa1,1,1,2.5000000000e-01
U793,sa0,30,0,7.6660156250e-01
U681_U793_A,sa0,,,7.6660156250e-01
START_U793_B,sa0,,,7.6660156250e-01
STATO_REG_0__SCAN_IN_U793_C,sa0,,,7.6660156250e-01
U964,sa1,1,1,2.5000000000e-01
U695,sa0,24,1,3.9062500000e-01
U687_U695_A,sa0,,,3.9062500000e-01
U689_U695_B,sa0,,,3.9062500000e-01
MAR_REG_0__SCAN_IN_U695_C,sa0,,,3.9062500000e-01
U793,sa1,8,1,1.0986328125e-01
U974,sa1,1,1,2.5000000000e-01
U696,sa0,16,1,2.5000000000e-01
U596_U696_A,sa0,,,2.5000000000e-01
MAR_REG_2__SCAN_IN_U696_B,sa0,,,2.5000000000e-01
U695,sa1,8,1,6.2500000000e-02
U599_U860_A,sa1,6,1,4.6875000000e-02
U966,sa1,1,1,2.5000000000e-01
U697,sa0,23,1,4.2187500000e-01
U687_U697_A,sa0,,,4.2187500000e-01
MAR_REG_4__SCAN_IN_U697_B,sa0,,,4.2187500000e-01
MAR_REG_0__SCAN_IN_U697_C,sa0,,,4.2187500000e-01
U696,sa1,6,1,4.6875000000e-02
U958,sa1,1,1,2.5000000000e-01
U697,sa1,8,1,6.2500000000e-02
U886,sa1,1,1,1.2500000000e-01
U599_U844_A,sa1,10,1,1.0937500000e-01
U968,sa1,1,1,2.5000000000e-01
U799,sa0,30,0,4.8054504395e-01
U682_U799_A,sa0,,,4.8054504395e-01
STATO_REG_1__SCAN_IN_U799_B,sa0,,,4.8054504395e-01
U599_U846_A,sa1,4,1,4.6875000000e-02
U799,sa1,30,0,1.3321113586e-01
U599_U847_A,sa1,4,1,4.6875000000e-02
SUB_199_U9_SUB_199_U13_A,sa1,5,1,3.9062500000e-02
SUB_103_U12,sa1,1,1,3.9062500000e-03
U698_U848_B,sa1,2,1,1.5625000000e-02
U599_U849_B,sa1,4,1,4.6875000000e-02
U597_U699_A,sa1,10,1,1.2500000000e-01
SUB_103_U17,sa1,7,1,2.7343750000e-02
SUB_103_U9_SUB_103_U17_A,sa0,,,2.7343750000e-02
SUB_103_U19,sa1,0,1,0.0000000000e+00
SUB_199_U19,sa1,2,1,1.5625000000e-02
U1020,sa1,16,1,6.2500000000e-02
U1012,sa1,11,1,6.2500000000e-02
U1004,sa1,2,1,6.2500000000e-02
U1016,sa1,14,1,6.2500000000e-02
U1008,sa1,6,1,6.2500000000e-02
U589_stem_stem_stem_stem,sa0,1,1,2.5000000000e-01
U705_U589_A,sa0,,,2.5000000000e-01
RES_DISP_REG_SCAN_IN_U589_B,sa0,,,2.5000000000e-01
U589_stem_stem_stem_stem,sa1,3,1,7.5000000000e-01
SUB_199_U9_SUB_199_U6_B,sa1,5,1,4.6875000000e-02
SUB_103_U6,sa1,1,1,3.9062500000e-03
U589_stem_stem,sa0,1,1,2.5000000000e-01
U589_stem_stem,sa1,2,1,7.5000000000e-01
U589_stem_stem_U648_A,sa1,30,0,5.3515625000e-01
SUB_199_U6,sa1,7,1,6.2500000000e-02
ADD_283_U17_ADD_283_U25_A,sa1,30,0,1.9798278809e-03
ADD_304_U14,sa1,5,1,2.3632812500e-01
ADD_283_U14,sa1,30,0,1.9874572754e-03
U814_U703_A,sa1,17,1,1.3769531250e-01
U701,sa0,19,1,2.6562500000e-01
U597_U701_A,sa0,,,2.6562500000e-01
MAR_REG_2__SCAN_IN_U701_B,sa0,,,2.6562500000e-01
U700_U854_A,sa1,2,1,1.5625000000e-02
U701,sa1,6,1,4.6875000000e-02
U815_U703_B,sa1,10,1,7.0312500000e-02
U814_U860_B,sa1,6,1,1.0937500000e-01
U601_U858_A,sa1,4,1,9.3750000000e-02
U815_U832_B,sa1,6,1,4.6875000000e-02
U601_U795_A,sa1,10,1,2.1875000000e-01
U814_U852_B,sa1,3,1,4.6875000000e-02
U833,sa0,10,1,7.8125000000e-02
U698_U833_A,sa1,,,7.8125000000e-02
U833,sa1,19,1,2.0312500000e-01
U698_U833_A,sa0,,,2.0312500000e-01
U646,sa0,2,1,3.7500000000e-01
U791_U646_A,sa0,,,3.7500000000e-01
U886,sa0,,,3.7500000000e-01
U705_U886_A,sa0,,,3.7500000000e-01
MAX_REG_8__SCAN_IN_U886_B,sa0,,,3.7500000000e-01
U646,sa1,2,1,6.2500000000e-01
U695_U840_B,sa1,2,1,1.5625000000e-02
U696_U840_A,sa1,2,1,1.5625000000e-02
U815_U828_B,sa1,4,1,4.6875000000e-02
U793_U670_B,sa1,6,1,6.1523437500e-02
U815_U857_A,sa1,6,1,7.8125000000e-02
U815_U838_B,sa1,4,1,4.6875000000e-02
U758,sa0,16,1,6.2500000000e-02
U1021,sa0,,,6.2500000000e-02
MAX_REG_8__SCAN_IN_U1021_A,sa0,,,6.2500000000e-02
MAX_REG_0__SCAN_IN_U1021_B,sa0,,,6.2500000000e-02
U1020,sa0,,,6.2500000000e-02
U708_U1020_A,sa0,,,6.2500000000e-02
MAX_REG_0__SCAN_IN_U1020_B,sa0,,,6.2500000000e-02
U697_U842_A,sa1,2,1,1.5625000000e-02
U589_U590_A,sa1,14,1,7.5000000000e-01
U848,sa1,2,1,3.1250000000e-02
U758,sa1,17,1,6.6406250000e-02
U793_U594_A,sa1,2,1,6.4453125000e-02
U589,sa0,1,1,2.5000000000e-01
GT_197_U6_U588_A,sa1,8,1,7.0312500000e-02
U589,sa1,2,1,7.5000000000e-01
U799_U770_A,sa1,30,0,1.2805223465e-02
U699,sa0,20,1,2.9687500000e-01
U597_U699_A,sa0,,,2.9687500000e-01
U687_U699_B,sa0,,,2.9687500000e-01
GT_197_U6_U995_B,sa1,9,1,7.0312500000e-02
U793_U669_A,sa1,1,1,6.2500000000e-02
U799_U645_A,sa1,1,1,1.9531250000e-03
U799_U644_B,sa1,4,1,1.2890625000e-01
SUB_103_U10,sa0,11,1,5.4687500000e-02
SUB_103_U17,sa0,,,5.4687500000e-02
SUB_103_U9_SUB_103_U17_A,sa1,,,5.4687500000e-02
SUB_103_U11,sa0,,,5.4687500000e-02
MAX_REG_3__SCAN_IN_SUB_103_U11_A,sa1,,,5.4687500000e-02
U699,sa1,6,1,4.6875000000e-02
U696_U856_B,sa1,2,1,1.5625000000e-02
SUB_103_U10,sa1,0,1,0.0000000000e+00
GT_197_U6_U997_B,sa1,6,1,4.6875000000e-02
GT_197_U6_U999_B,sa1,3,1,2.3437500000e-02
U589_stem_stem_stem,sa0,1,1,2.5000000000e-01
U589_stem_stem_stem,sa1,2,1,7.5000000000e-01
U589_stem_stem_stem_U649_A,sa1,30,0,6.2890625000e-01
ADD_304_U17_ADD_304_U9_A,sa1,7,1,1.8750000000e-01
SUB_199_U13,sa0,13,1,1.6406250000e-01
SUB_199_U9_SUB_199_U13_A,sa0,,,1.6406250000e-01
SUB_199_U10,sa0,,,1.6406250000e-01
NUM_REG_4__SCAN_IN_SUB_199_U10_A,sa1,,,1.6406250000e-01
SUB_199_U12,sa1,5,1,3.9062500000e-02
SUB_199_U13,sa1,0,1,0.0000000000e+00
SUB_199_U16,sa1,3,1,2.3437500000e-02
SUB_199_U9_SUB_199_U16_A,sa0,,,2.3437500000e-02
GT_197_U6_U1001_B,sa1,5,1,3.9062500000e-02
GT_197_U6_U1003_A,sa1,0,1,0.0000000000e+00
ADD_283_U17_ADD_283_U9_A,sa1,30,0,9.8037719727e-04
U1013,sa1,0,1,0.0000000000e+00
U589_stem,sa0,1,1,2.5000000000e-01
U589_stem_U591_A,sa1,4,1,2.3437500000e-01
U1017,sa1,0,1,0.0000000000e+00
U589_stem,sa1,2,1,7.5000000000e-01
U589_stem_stem_stem_stem_U650_A,sa1,30,0,6.0156250000e-01
U589_stem_stem_stem_stem_U660_A,sa1,16,1,1.8750000000e-01
U589_stem_stem_stem_stem_U651_A,sa1,30,0,5.4296875000e-01
U589_stem_stem_stem_stem_U652_A,sa1,30,0,5.5859375000e-01
U589_stem_stem_stem_stem_U662_A,sa1,21,1,6.3281250000e-01
U589_stem_stem_stem_stem_U653_A,sa1,30,0,4.9609375000e-01
U589_stem_stem_stem_stem_U663_A,sa1,18,1,6.3281250000e-01
U589_stem_stem_stem_stem_U664_A,sa1,14,1,7.5000000000e-01
U589_stem_stem_stem_stem_U655_A,sa1,30,1,6.0937500000e-01
U589_stem_stem_stem_stem_U665_A,sa1,22,1,6.0937500000e-01
U589_stem_stem_stem_stem_U656_A,sa1,25,1,7.0312500000e-01
U589_stem_stem_stem_stem_U666_A,sa1,16,1,4.9218750000e-01
U589_stem_stem_stem_stem_U657_A,sa1,26,1,6.5625000000e-01
U589_stem_stem_stem_stem_U667_A,sa1,18,1,5.1562500000e-01
U589_stem_stem_stem_stem_U658_A,sa1,29,1,6.0937500000e-01
U589_stem_stem_stem_stem_U659_A,sa1,24,1,5.6250000000e-01
ADD_304_U17_ADD_304_U25_A,sa1,2,1,1.8750000000e-01
SUB_103_U10_SUB_103_U7_B,sa1,1,1,3.9062500000e-03
ADD_304_U25,sa1,1,1,6.2500000000e-02
U701_U842_B,sa1,2,1,1.5625000000e-02
ADD_283_U25,sa1,30,0,1.7280578613e-03
U703,sa0,30,0,5.8447265625e-01
U814_U703_A,sa0,,,5.8447265625e-01
U815_U703_B,sa0,,,5.8447265625e-01
U703,sa1,5,1,2.3437500000e-02
U701_U856_A,sa1,2,1,1.5625000000e-02
U831,sa0,6,1,4.6875000000e-02
U697_U831_A,sa1,,,4.6875000000e-02
U833_U850_B,sa1,6,1,4.6875000000e-02
U831,sa1,16,1,3.2812500000e-01
U697_U831_A,sa0,,,3.2812500000e-01
U706,sa0,2,1,7.8125000000e-02
GT_197_U6_U706_A,sa1,,,7.8125000000e-02
U833_U834_A,sa1,6,1,4.6875000000e-02
U823,sa1,4,1,2.5000000000e-01
U860,sa0,13,1,3.7500000000e-01
U599_U860_A,sa0,,,3.7500000000e-01
U814_U860_B,sa0,,,3.7500000000e-01
U706,sa1,3,1,1.7187500000e-01
GT_197_U6_U706_A,sa0,,,1.7187500000e-01
U860,sa1,2,1,1.5625000000e-02
U833_U845_A,sa1,2,1,1.5625000000e-02
U754,sa0,11,1,6.2500000000e-02
U1013,sa0,,,6.2500000000e-02
SUB_103_U6,sa0,,,6.2500000000e-02
SUB_103_U21,sa0,,,6.2500000000e-02
SUB_103_U20,sa0,,,6.2500000000e-02
MAX_REG_2__SCAN_IN_SUB_103_U21_B,sa0,,,6.2500000000e-02
SUB_103_U9_SUB_103_U6_B,sa0,,,6.2500000000e-02
MAX_REG_8__SCAN_IN_U1013_B,sa0,,,6.2500000000e-02
U1012,sa0,,,6.2500000000e-02
U708_U1012_A,sa0,,,6.2500000000e-02
MAX_REG_2__SCAN_IN_U1012_B,sa0,,,6.2500000000e-02
U852,sa1,2,1,1.5625000000e-02
U833_U873_A,sa1,30,0,3.9601325989e-04
U833_U855_A,sa1,8,1,9.3750000000e-02
U827,sa0,6,1,4.6875000000e-02
U695_U827_A,sa1,,,4.6875000000e-02
U754,sa1,12,1,6.6406250000e-02
U854,sa1,6,1,7.8125000000e-02
U837,sa0,6,1,4.6875000000e-02
U700_U837_A,sa1,,,4.6875000000e-02
U827,sa1,15,1,3.1250000000e-01
U695_U827_A,sa0,,,3.1250000000e-01
U756,sa0,14,1,6.2500000000e-02
U1017,sa0,,,6.2500000000e-02
SUB_103_U12,sa0,,,6.2500000000e-02
SUB_103_U25,sa0,,,6.2500000000e-02
SUB_103_U15,sa0,,,6.2500000000e-02
MAX_REG_1__SCAN_IN_SUB_103_U15_A,sa1,,,6.2500000000e-02
MAX_REG_0__SCAN_IN_SUB_103_U25_B,sa0,,,6.2500000000e-02
SUB_103_U24,sa0,,,6.2500000000e-02
SUB_103_U16,sa0,,,6.2500000000e-02
MAX_REG_0__SCAN_IN_SUB_103_U16_A,sa1,,,6.2500000000e-02
MAX_REG_1__SCAN_IN_SUB_103_U24_B,sa0,,,6.2500000000e-02
MAX_REG_8__SCAN_IN_U1017_B,sa0,,,6.2500000000e-02
U1016,sa0,,,6.2500000000e-02
U708_U1016_A,sa0,,,6.2500000000e-02
MAX_REG_1__SCAN_IN_U1016_B,sa0,,,6.2500000000e-02
U837,sa1,23,1,3.2812500000e-01
U700_U837_A,sa0,,,3.2812500000e-01
U756,sa1,15,1,6.6406250000e-02
U829,sa1,6,1,1.0937500000e-01
U696_U829_A,sa0,,,1.0937500000e-01
U669,sa0,4,1,5.0000000000e-01
U793_U669_A,sa0,,,5.0000000000e-01
U870,sa0,,,5.0000000000e-01
U869,sa0,,,5.0000000000e-01
RES_DISP_REG_SCAN_IN_U870_B,sa0,,,5.0000000000e-01
U795,sa0,20,1,4.6875000000e-01
U601_U795_A,sa0,,,4.6875000000e-01
U848,sa0,,,4.6875000000e-01
U692_U848_A,sa0,,,4.6875000000e-01
U698_U848_B,sa0,,,4.6875000000e-01
U669,sa1,4,1,5.0000000000e-01
U858,sa1,2,1,1.5625000000e-02
U795,sa1,4,1,3.1250000000e-02
U699_U840_C,sa1,2,1,1.5625000000e-02
U997,sa1,8,1,6.2500000000e-02
SUB_199_U13_SUB_199_U8_A,sa1,0,1,0.0000000000e+00
U999,sa1,5,1,3.9062500000e-02
SUB_103_U10_SUB_103_U22_A,sa1,0,1,0.0000000000e+00
SUB_199_U17,sa1,6,1,4.6875000000e-02
U1001,sa1,5,1,3.9062500000e-02
U1003,sa1,5,1,3.9062500000e-02
ADD_304_U9,sa0,10,1,4.3750000000e-01
ADD_304_U17_ADD_304_U9_A,sa0,,,4.3750000000e-01
MAR_REG_2__SCAN_IN_ADD_304_U9_B,sa0,,,4.3750000000e-01
ADD_304_U9,sa1,3,1,4.8828125000e-02
U758_U1022_A,sa1,17,1,6.6406250000e-02
U758_U1023_A,sa1,0,1,0.0000000000e+00
ADD_283_U9,sa0,30,0,1.7461776733e-03
ADD_283_U17_ADD_283_U9_A,sa0,,,1.7461776733e-03
NUM_REG_2__SCAN_IN_ADD_283_U9_B,sa0,,,1.7461776733e-03
ADD_283_U9,sa1,30,0,4.7111511230e-04
ADD_304_U13,sa1,5,1,2.3632812500e-01
SUB_199_U8,sa1,9,1,7.0312500000e-02
ADD_283_U13,sa1,30,0,1.3628005981e-03
U703_U606_C,sa1,2,1,1.5625000000e-02
U831_U832_A,sa1,7,1,1.0937500000e-01
U754_GT_108_U9_A,sa0,0,1,0.0000000000e+00
U830,sa0,21,1,4.8437500000e-01
U595_U830_A,sa0,,,4.8437500000e-01
U829,sa0,,,4.8437500000e-01
U696_U829_A,sa1,,,4.8437500000e-01
U830,sa1,2,1,1.5625000000e-02
U831_U834_B,sa1,6,1,1.0937500000e-01
U860_U626_A,sa1,2,1,1.5625000000e-02
U840,sa1,7,1,7.8125000000e-02
U706_U591_B,sa1,3,1,1.7187500000e-01
U841,sa1,10,1,1.0937500000e-01
U701_U841_A,sa0,,,1.0937500000e-01
U860_U609_B,sa1,2,1,1.5625000000e-02
U842,sa1,9,1,9.3750000000e-02
U831_U846_B,sa1,9,1,1.0937500000e-01
U835,sa0,4,1,3.1250000000e-02
U699_U835_A,sa1,,,3.1250000000e-02
U837_U851_A,sa1,10,1,1.0937500000e-01
U703_U796_A,sa1,5,1,1.5625000000e-02
U795_U632_A,sa1,4,1,3.1250000000e-02
U835,sa1,13,1,2.1875000000e-01
U699_U835_A,sa0,,,2.1875000000e-01
U827_U853_B,sa1,9,1,9.3750000000e-02
U795_U606_B,sa1,4,1,3.1250000000e-02
U873,sa1,30,0,1.0398030281e-03
U855,sa1,4,1,3.1250000000e-02
U706_U994_A,sa1,3,1,2.3437500000e-02
U827_U845_B,sa1,7,1,1.0937500000e-01
U827_U828_A,sa1,7,1,1.0937500000e-01
U856,sa1,4,1,6.2500000000e-02
U706_U996_A,sa1,5,1,4.6875000000e-02
U837_U838_A,sa1,6,1,1.0937500000e-01
U837_U847_B,sa1,11,1,1.0937500000e-01
U706_U998_A,sa1,2,1,1.5625000000e-02
U795_U609_D,sa1,4,1,3.1250000000e-02
SUB_103_U22,sa1,0,1,0.0000000000e+00
U754_SUB_110_U26_B,sa1,0,1,0.0000000000e+00
SUB_103_U18,sa0,0,1,0.0000000000e+00
SUB_103_U10_SUB_103_U18_A,sa1,,,0.0000000000e+00
SUB_103_U18,sa1,14,1,5.8593750000e-02
SUB_103_U10_SUB_103_U18_A,sa0,,,5.8593750000e-02
ADD_304_U9_ADD_304_U22_A,sa1,2,1,1.7578125000e-02
SUB_199_U14,sa1,13,1,1.6406250000e-01
SUB_199_U13_SUB_199_U14_A,sa0,,,1.6406250000e-01
U706_U1000_A,sa1,5,1,3.9062500000e-02
U706_U1002_A,sa1,0,1,0.0000000000e+00
ADD_283_U9_ADD_283_U22_A,sa1,30,0,9.3126296997e-04
U754_U1014_A,sa1,12,1,6.6406250000e-02
U756_U1018_A,sa1,15,1,6.6406250000e-02
U756_U1019_A,sa1,0,1,0.0000000000e+00
U754_SUB_110_U9_A,sa0,0,1,0.0000000000e+00
SUB_103_U7,sa1,1,1,3.9062500000e-03
ADD_304_U22,sa1,7,1,2.1875000000e-01
SUB_103_U18_SUB_103_U8_A,sa1,8,1,5.8593750000e-02
ADD_304_U18,sa0,3,1,4.8828125000e-02
ADD_304_U9_ADD_304_U18_A,sa1,,,4.8828125000e-02
ADD_304_U18,sa1,10,1,4.3750000000e-01
ADD_304_U9_ADD_304_U18_A,sa0,,,4.3750000000e-01
ADD_283_U22,sa1,30,0,1.5940666199e-03
U830_U624_A,sa1,2,1,1.5625000000e-02
U830_U606_A,sa1,2,1,1.5625000000e-02
ADD_283_U18,sa0,30,0,3.3497810364e-04
ADD_283_U9_ADD_283_U18_A,sa1,,,3.3497810364e-04
ADD_283_U18,sa1,30,0,1.3055801392e-03
ADD_283_U9_ADD_283_U18_A,sa0,,,1.3055801392e-03
U830_U627_B,sa1,2,1,1.5625000000e-02
U821,sa1,7,1,2.5000000000e-01
U832,sa0,24,1,4.6875000000e-01
U831_U832_A,sa0,,,4.6875000000e-01
U815_U832_B,sa0,,,4.6875000000e-01
U835_U850_A,sa1,8,1,1.0937500000e-01
U832,sa1,2,1,1.5625000000e-02
U851,sa1,2,1,1.5625000000e-02
U834,sa0,21,1,4.6875000000e-01
U833_U834_A,sa0,,,4.6875000000e-01
U831_U834_B,sa0,,,4.6875000000e-01
U591,sa0,2,1,7.8125000000e-02
U589_stem_U591_A,sa0,,,7.8125000000e-02
U706_U591_B,sa0,,,7.8125000000e-02
U816,sa1,20,1,2.7246093750e-01
U703_U816_A,sa0,,,2.7246093750e-01
U843,sa1,4,1,3.1250000000e-02
U834,sa1,2,1,1.5625000000e-02
U591,sa1,9,1,9.2187500000e-01
U853,sa1,2,1,1.5625000000e-02
U844,sa1,5,1,4.6875000000e-02
U835_U836_A,sa1,10,1,1.0937500000e-01
U846,sa0,21,1,4.8437500000e-01
U599_U846_A,sa0,,,4.8437500000e-01
U831_U846_B,sa0,,,4.8437500000e-01
U828,sa0,18,1,4.8437500000e-01
U827_U828_A,sa0,,,4.8437500000e-01
U815_U828_B,sa0,,,4.8437500000e-01
U845,sa1,2,1,1.5625000000e-02
U846,sa1,2,1,1.5625000000e-02
U847,sa0,23,1,4.6875000000e-01
U599_U847_A,sa0,,,4.6875000000e-01
U837_U847_B,sa0,,,4.6875000000e-01
U828,sa1,2,1,1.5625000000e-02
U838,sa0,25,1,4.8437500000e-01
U837_U838_A,sa0,,,4.8437500000e-01
U815_U838_B,sa0,,,4.8437500000e-01
U847,sa1,2,1,1.5625000000e-02
U838,sa1,2,1,1.5625000000e-02
U857,sa1,4,1,3.1250000000e-02
U849,sa0,19,1,4.8437500000e-01
U841,sa0,,,4.8437500000e-01
U701_U841_A,sa1,,,4.8437500000e-01
U599_U849_B,sa0,,,4.8437500000e-01
U588,sa0,0,1,0.0000000000e+00
GT_197_U6_U588_A,sa0,,,0.0000000000e+00
SUB_199_U14,sa0,,,0.0000000000e+00
SUB_199_U13_SUB_199_U14_A,sa1,,,0.0000000000e+00
U849,sa1,2,1,1.5625000000e-02
U796,sa0,18,1,5.1171875000e-01
U703_U796_A,sa0,,,5.1171875000e-01
STATO_REG_2__SCAN_IN_U796_B,sa0,,,5.1171875000e-01
U588,sa1,21,1,2.3437500000e-01
U994,sa1,0,1,0.0000000000e+00
U796,sa1,22,1,4.5312500000e-01
U995,sa1,6,1,4.6875000000e-02
U996,sa1,1,1,1.5625000000e-02
U998,sa1,4,1,3.1250000000e-02
SUB_103_U18_SUB_103_U23_A,sa1,0,1,0.0000000000e+00
U1000,sa1,4,1,3.1250000000e-02
U1002,sa1,5,1,3.9062500000e-02
U1009,sa1,0,1,0.0000000000e+00
SUB_110_U7,sa1,0,1,0.0000000000e+00
U754_SUB_110_U7_A,sa0,,,0.0000000000e+00
ADD_283_U18_ADD_283_U23_A,sa1,30,0,1.6608238220e-03
ADD_283_U18_ADD_283_U16_A,sa1,30,0,9.5748901367e-04
U600,sa0,19,1,3.9062500000e-01
U845,sa0,,,3.9062500000e-01
U833_U845_A,sa0,,,3.9062500000e-01
U827_U845_B,sa0,,,3.9062500000e-01
U843,sa0,,,3.9062500000e-01
U595_U843_A,sa0,,,3.9062500000e-01
U842,sa0,,,3.9062500000e-01
U697_U842_A,sa0,,,3.9062500000e-01
U701_U842_B,sa0,,,3.9062500000e-01
U844,sa0,,,3.9062500000e-01
U599_U844_A,sa0,,,3.9062500000e-01
U840,sa0,,,3.9062500000e-01
U696_U840_A,sa0,,,3.9062500000e-01
U695_U840_B,sa0,,,3.9062500000e-01
U699_U840_C,sa0,,,3.9062500000e-01
U600,sa1,11,1,9.3750000000e-02
U588_GT_212_U6_A,sa0,0,1,0.0000000000e+00
U588_GT_203_U6_A,sa0,0,1,0.0000000000e+00
U588_GT_221_U6_A,sa0,0,1,0.0000000000e+00
U588_GT_203_U8_A,sa0,0,1,0.0000000000e+00
U832_U604_D,sa1,2,1,1.5625000000e-02
U704,sa0,25,1,5.8496093750e-01
U816,sa0,,,5.8496093750e-01
U703_U816_A,sa1,,,5.8496093750e-01
STATO_REG_2__SCAN_IN_U704_B,sa0,,,5.8496093750e-01
U588_GT_215_U6_A,sa0,0,1,0.0000000000e+00
U588_GT_212_U9_A,sa0,0,1,0.0000000000e+00
U588_GT_224_U6_A,sa0,0,1,0.0000000000e+00
U588_GT_206_U6_A,sa0,0,1,0.0000000000e+00
U704,sa1,5,1,9.7656250000e-03
U606,sa0,15,1,3.9062500000e-01
U830_U606_A,sa0,,,3.9062500000e-01
U795_U606_B,sa0,,,3.9062500000e-01
U703_U606_C,sa0,,,3.9062500000e-01
U858,sa0,,,3.9062500000e-01
U601_U858_A,sa0,,,3.9062500000e-01
U595_U858_B,sa0,,,3.9062500000e-01
U857,sa0,,,3.9062500000e-01
U815_U857_A,sa0,,,3.9062500000e-01
U856,sa0,,,3.9062500000e-01
U701_U856_A,sa0,,,3.9062500000e-01
U696_U856_B,sa0,,,3.9062500000e-01
U588_GT_212_U9_B,sa0,0,1,0.0000000000e+00
U588_GT_212_U8_C,sa0,0,1,0.0000000000e+00
U588_GT_221_U8_C,sa0,0,1,0.0000000000e+00
U588_GT_206_U7_A,sa0,0,1,0.0000000000e+00
U606,sa1,14,1,1.0937500000e-01
U588_GT_203_U8_D,sa0,0,1,0.0000000000e+00
U588_GT_221_U9_C,sa0,0,1,0.0000000000e+00
U752,sa0,6,1,6.2500000000e-02
U1009,sa0,,,6.2500000000e-02
SUB_103_U7,sa0,,,6.2500000000e-02
SUB_103_U19,sa0,,,6.2500000000e-02
SUB_103_U9_SUB_103_U19_A,sa0,,,6.2500000000e-02
MAX_REG_3__SCAN_IN_SUB_103_U19_B,sa0,,,6.2500000000e-02
SUB_103_U10_SUB_103_U7_B,sa0,,,6.2500000000e-02
MAX_REG_8__SCAN_IN_U1009_B,sa0,,,6.2500000000e-02
U1008,sa0,,,6.2500000000e-02
U708_U1008_A,sa0,,,6.2500000000e-02
MAX_REG_3__SCAN_IN_U1008_B,sa0,,,6.2500000000e-02
U850,sa1,2,1,1.5625000000e-02
U588_GT_215_U9_A,sa0,0,1,0.0000000000e+00
U588_GT_209_U6_A,sa0,0,1,0.0000000000e+00
U588_GT_203_U8_E,sa0,0,1,0.0000000000e+00
U588_GT_224_U8_B,sa0,0,1,0.0000000000e+00
U588_GT_221_U9_D,sa0,0,1,0.0000000000e+00
U588_GT_218_U6_A,sa0,0,1,0.0000000000e+00
U846_U632_B,sa1,2,1,1.5625000000e-02
U834_U627_A,sa1,2,1,1.5625000000e-02
U752,sa1,7,1,6.6406250000e-02
U588_GT_215_U8_C,sa0,0,1,0.0000000000e+00
U588_GT_224_U8_C,sa0,0,1,0.0000000000e+00
U588_GT_227_U6_B,sa0,0,1,0.0000000000e+00
U588_GT_206_U7_D,sa0,0,1,0.0000000000e+00
U828_U624_B,sa1,2,1,1.5625000000e-02
U745,sa0,6,1,4.6875000000e-02
U995,sa0,,,4.6875000000e-02
SUB_199_U8,sa0,,,4.6875000000e-02
SUB_199_U13_SUB_199_U8_A,sa0,,,4.6875000000e-02
SUB_199_U17,sa0,,,4.6875000000e-02
SUB_199_U16,sa0,,,4.6875000000e-02
SUB_199_U9_SUB_199_U16_A,sa1,,,4.6875000000e-02
NUM_REG_4__SCAN_IN_SUB_199_U17_B,sa0,,,4.6875000000e-02
GT_197_U6_U995_B,sa0,,,4.6875000000e-02
U994,sa0,,,4.6875000000e-02
U706_U994_A,sa0,,,4.6875000000e-02
NUM_REG_4__SCAN_IN_U994_B,sa0,,,4.6875000000e-02
U588_GT_215_U8_D,sa0,0,1,0.0000000000e+00
U588_GT_224_U8_D,sa0,0,1,0.0000000000e+00
U588_GT_227_U7_B,sa0,0,1,0.0000000000e+00
U588_GT_206_U7_E,sa0,0,1,0.0000000000e+00
U588_GT_218_U8_A,sa0,0,1,0.0000000000e+00
U834_U609_C,sa1,2,1,1.5625000000e-02
U828_U607_B,sa1,2,1,1.5625000000e-02
U838_U607_A,sa1,2,1,1.5625000000e-02
U849_U604_B,sa1,2,1,1.5625000000e-02
U746,sa0,9,1,7.8125000000e-02
U997,sa0,,,7.8125000000e-02
SUB_199_U6,sa0,,,7.8125000000e-02
SUB_199_U18,sa0,,,7.8125000000e-02
SUB_199_U9_SUB_199_U6_B,sa0,,,7.8125000000e-02
GT_197_U6_U997_B,sa0,,,7.8125000000e-02
U996,sa0,,,7.8125000000e-02
U706_U996_A,sa0,,,7.8125000000e-02
NUM_REG_3__SCAN_IN_U996_B,sa0,,,7.8125000000e-02
U745,sa1,18,1,1.4062500000e-01
U836,sa0,25,1,4.8437500000e-01
U835_U836_A,sa0,,,4.8437500000e-01
U595_U836_B,sa0,,,4.8437500000e-01
U588_GT_209_U9_A,sa0,0,1,0.0000000000e+00
U588_GT_227_U8_B,sa0,0,1,0.0000000000e+00
U588_GT_218_U8_B,sa0,0,1,0.0000000000e+00
U849_U631_C,sa1,2,1,1.5625000000e-02
U846_U626_B,sa1,2,1,1.5625000000e-02
U747,sa0,9,1,7.0312500000e-02
U999,sa0,,,7.0312500000e-02
SUB_199_U12,sa0,,,7.0312500000e-02
SUB_199_U20,sa0,,,7.0312500000e-02
SUB_199_U11,sa0,,,7.0312500000e-02
NUM_REG_2__SCAN_IN_SUB_199_U11_A,sa1,,,7.0312500000e-02
NUM_REG_1__SCAN_IN_SUB_199_U20_B,sa0,,,7.0312500000e-02
SUB_199_U19,sa0,,,7.0312500000e-02
SUB_199_U7_SUB_199_U19_A,sa0,,,7.0312500000e-02
NUM_REG_2__SCAN_IN_SUB_199_U19_B,sa0,,,7.0312500000e-02
GT_197_U6_U999_B,sa0,,,7.0312500000e-02
U998,sa0,,,7.0312500000e-02
U706_U998_A,sa0,,,7.0312500000e-02
NUM_REG_2__SCAN_IN_U998_B,sa0,,,7.0312500000e-02
U746,sa1,15,1,1.2500000000e-01
U836,sa1,2,1,1.5625000000e-02
U588_GT_209_U8_C,sa0,0,1,0.0000000000e+00
U588_GT_227_U8_C,sa0,0,1,0.0000000000e+00
U588_GT_218_U7_D,sa0,0,1,0.0000000000e+00
U847_U632_E,sa1,2,1,1.5625000000e-02
U846_U608_C,sa1,2,1,1.5625000000e-02
U847_U608_B,sa1,2,1,1.5625000000e-02
U847_U607_C,sa1,2,1,1.5625000000e-02
U748,sa0,9,1,7.0312500000e-02
U1001,sa0,,,7.0312500000e-02
SUB_199_U7_U1001_A,sa0,,,7.0312500000e-02
GT_197_U6_U1001_B,sa0,,,7.0312500000e-02
U1000,sa0,,,7.0312500000e-02
U706_U1000_A,sa0,,,7.0312500000e-02
NUM_REG_1__SCAN_IN_U1000_B,sa0,,,7.0312500000e-02
U747,sa1,10,1,7.8125000000e-02
U588_GT_209_U8_D,sa0,0,1,0.0000000000e+00
U838_U625_D,sa1,2,1,1.5625000000e-02
U828_U608_D,sa1,2,1,1.5625000000e-02
U849_U608_A,sa1,2,1,1.5625000000e-02
U749,sa0,10,1,7.8125000000e-02
U1003,sa0,,,7.8125000000e-02
GT_197_U6_U1003_A,sa0,,,7.8125000000e-02
NUM_REG_0__SCAN_IN_U1003_B,sa0,,,7.8125000000e-02
U1002,sa0,,,7.8125000000e-02
U706_U1002_A,sa0,,,7.8125000000e-02
NUM_REG_0__SCAN_IN_U1002_B,sa0,,,7.8125000000e-02
U748,sa1,10,1,7.8125000000e-02
U749,sa1,10,1,7.8125000000e-02
U832_U598_D,sa1,2,1,1.5625000000e-02
U796_U645_C,sa1,10,1,2.4218750000e-01
U834_U598_C,sa1,2,1,1.5625000000e-02
U838_U598_A,sa1,2,1,1.5625000000e-02
U796_U594_B,sa1,16,1,3.6132812500e-01
U796_U866_C,sa1,10,1,1.2109375000e-01
SUB_103_U23,sa1,1,1,3.9062500000e-03
SUB_103_U8,sa1,0,1,0.0000000000e+00
ADD_304_U18_ADD_304_U23_A,sa1,3,1,2.1875000000e-01
ADD_304_U18_ADD_304_U16_A,sa1,7,1,2.1875000000e-01
U600_U603_A,sa1,9,1,9.3750000000e-02
ADD_304_U23,sa1,1,1,3.1250000000e-02
ADD_304_U16,sa0,11,1,4.6875000000e-01
ADD_304_U18_ADD_304_U16_A,sa0,,,4.6875000000e-01
MAR_REG_3__SCAN_IN_ADD_304_U16_B,sa0,,,4.6875000000e-01
ADD_304_U16,sa1,2,1,1.7578125000e-02
U600_U632_D,sa1,9,1,9.3750000000e-02
U600_U625_C,sa1,9,1,9.3750000000e-02
ADD_283_U23,sa1,30,0,8.6402893066e-04
U746_GT_203_U7_A,sa1,14,1,1.0937500000e-01
ADD_283_U16,sa0,30,0,1.9397735596e-03
ADD_283_U18_ADD_283_U16_A,sa0,,,1.9397735596e-03
NUM_REG_3__SCAN_IN_ADD_283_U16_B,sa0,,,1.9397735596e-03
U747_GT_212_U7_A,sa1,2,1,3.1250000000e-02
U745_GT_203_U8_C,sa0,2,1,4.6875000000e-02
U745_GT_221_U9_B,sa0,0,1,0.0000000000e+00
U746_GT_221_U9_A,sa0,0,1,0.0000000000e+00
ADD_283_U16,sa1,30,0,3.3950805664e-04
U602,sa0,22,1,4.6875000000e-01
U851,sa0,,,4.6875000000e-01
U837_U851_A,sa0,,,4.6875000000e-01
U595_U851_B,sa0,,,4.6875000000e-01
U850,sa0,,,4.6875000000e-01
U835_U850_A,sa0,,,4.6875000000e-01
U833_U850_B,sa0,,,4.6875000000e-01
U745_GT_212_U9_C,sa0,0,1,0.0000000000e+00
U747_GT_203_U9_A,sa0,1,1,7.8125000000e-03
U745_GT_224_U7_B,sa0,0,1,0.0000000000e+00
U602,sa1,4,1,3.1250000000e-02
U752_GT_108_U9_B,sa0,0,1,0.0000000000e+00
U746_GT_212_U8_D,sa0,0,1,0.0000000000e+00
U748_GT_212_U7_B,sa1,4,1,3.1250000000e-02
U748_GT_221_U7_B,sa1,2,1,1.5625000000e-02
U749_GT_221_U7_A,sa1,2,1,1.5625000000e-02
U745_GT_206_U7_C,sa0,0,1,0.0000000000e+00
U746_GT_206_U7_B,sa0,2,1,1.5625000000e-02
U747_GT_215_U7_A,sa1,4,1,4.6875000000e-02
U747_GT_221_U8_D,sa0,0,1,0.0000000000e+00
U745_GT_215_U9_C,sa0,0,1,0.0000000000e+00
U746_GT_215_U9_B,sa0,0,1,0.0000000000e+00
U748_GT_203_U9_C,sa0,1,1,7.8125000000e-03
U749_GT_203_U9_B,sa0,2,1,1.5625000000e-02
U748_GT_224_U8_A,sa0,2,1,1.5625000000e-02
U746_GT_224_U7_D,sa0,0,1,0.0000000000e+00
U747_GT_224_U7_C,sa0,0,1,0.0000000000e+00
U606_U607_D,sa1,9,1,1.0937500000e-01
U745_GT_227_U6_E,sa0,0,1,0.0000000000e+00
U746_GT_227_U6_D,sa0,0,1,0.0000000000e+00
U747_GT_227_U6_C,sa0,0,1,0.0000000000e+00
U745_GT_218_U8_C,sa0,0,1,0.0000000000e+00
U746_GT_218_U7_C,sa0,0,1,0.0000000000e+00
U747_GT_218_U7_B,sa0,2,1,1.5625000000e-02
U606_U626_D,sa1,10,1,1.0937500000e-01
U836_U604_C,sa1,2,1,1.5625000000e-02
U608,sa0,18,1,4.3750000000e-01
U849_U608_A,sa0,,,4.3750000000e-01
U847_U608_B,sa0,,,4.3750000000e-01
U846_U608_C,sa0,,,4.3750000000e-01
U828_U608_D,sa0,,,4.3750000000e-01
U745_GT_209_U9_C,sa0,0,1,0.0000000000e+00
U746_GT_209_U9_B,sa0,0,1,0.0000000000e+00
U747_GT_209_U7_B,sa1,2,1,1.5625000000e-02
U748_GT_209_U7_A,sa1,2,1,1.5625000000e-02
U748_GT_227_U8_A,sa0,0,1,0.0000000000e+00
U704_U883_A,sa1,1,1,1.9531250000e-03
U606_U629_B,sa1,9,1,1.0937500000e-01
U608,sa1,8,1,6.2500000000e-02
U749_GT_209_U7_C,sa1,2,1,1.5625000000e-02
U594,sa0,17,1,4.4726562500e-01
U793_U594_A,sa0,,,4.4726562500e-01
U796_U594_B,sa0,,,4.4726562500e-01
U749_GT_227_U8_D,sa0,2,1,1.5625000000e-02
U836_U627_C,sa1,2,1,1.5625000000e-02
U594,sa1,19,1,4.8632812500e-01
U587,sa0,20,1,1.2109375000e-01
SUB_103_U8,sa0,,,1.2109375000e-01
SUB_103_U18_SUB_103_U8_A,sa0,,,1.2109375000e-01
SUB_103_U13_SUB_103_U8_B,sa0,,,1.2109375000e-01
MAX_REG_8__SCAN_IN_U587_B,sa0,,,1.2109375000e-01
U866,sa1,3,1,6.6406250000e-02
U587,sa1,11,1,1.2109375000e-01
U836_U598_B,sa1,2,1,1.5625000000e-02
U752_SUB_110_U26_A,sa1,0,1,0.0000000000e+00
SUB_103_U14,sa1,1,1,3.9062500000e-03
U752_U1010_A,sa1,7,1,6.6406250000e-02
U748_GT_215_U10_B,sa0,0,1,0.0000000000e+00
U749_GT_215_U10_A,sa0,2,1,1.5625000000e-02
U752_SUB_110_U9_B,sa0,0,1,0.0000000000e+00
ADD_283_U16_ADD_283_U20_A,sa1,30,0,4.6563148499e-04
ADD_304_U12,sa1,5,1,2.3632812500e-01
U602_U631_A,sa1,4,1,3.1250000000e-02
ADD_283_U12,sa1,30,0,1.3670921326e-03
GT_212_U7,sa0,2,1,1.5625000000e-02
U747_GT_212_U7_A,sa0,,,1.5625000000e-02
U748_GT_212_U7_B,sa0,,,1.5625000000e-02
GT_221_U7,sa0,2,1,1.5625000000e-02
U749_GT_221_U7_A,sa0,,,1.5625000000e-02
U748_GT_221_U7_B,sa0,,,1.5625000000e-02
U602_U625_B,sa1,4,1,3.1250000000e-02
GT_212_U9,sa0,0,1,0.0000000000e+00
GT_221_U9,sa0,0,1,0.0000000000e+00
U602_U609_A,sa1,4,1,3.1250000000e-02
GT_203_U9,sa1,2,1,1.5625000000e-02
U747_GT_203_U9_A,sa1,,,1.5625000000e-02
U749_GT_203_U9_B,sa1,,,1.5625000000e-02
U748_GT_203_U9_C,sa1,,,1.5625000000e-02
GT_206_U7,sa0,14,1,1.2500000000e-01
GT_224_U8,sa0,2,1,1.5625000000e-02
U603,sa0,16,1,3.2812500000e-01
U600_U603_A,sa0,,,3.2812500000e-01
U852,sa0,,,3.2812500000e-01
U595_U852_A,sa0,,,3.2812500000e-01
U814_U852_B,sa0,,,3.2812500000e-01
GT_215_U9,sa0,0,1,0.0000000000e+00
U604,sa0,15,1,3.7500000000e-01
U853,sa0,,,3.7500000000e-01
U595_U853_A,sa0,,,3.7500000000e-01
U827_U853_B,sa0,,,3.7500000000e-01
U849_U604_B,sa0,,,3.7500000000e-01
U836_U604_C,sa0,,,3.7500000000e-01
U832_U604_D,sa0,,,3.7500000000e-01
U603,sa1,11,1,1.0937500000e-01
U602_U626_E,sa1,4,1,3.1250000000e-02
GT_209_U7,sa0,2,1,1.5625000000e-02
U748_GT_209_U7_A,sa0,,,1.5625000000e-02
U747_GT_209_U7_B,sa0,,,1.5625000000e-02
U749_GT_209_U7_C,sa0,,,1.5625000000e-02
U604,sa1,8,1,6.2500000000e-02
U587_GT_108_U6_A,sa0,5,1,1.2109375000e-01
U608_U625_A,sa1,7,1,6.2500000000e-02
GT_227_U8,sa0,2,1,1.5625000000e-02
GT_218_U8,sa0,0,1,0.0000000000e+00
U594_U820_A,sa1,3,1,4.8828125000e-02
GT_209_U9,sa0,0,1,0.0000000000e+00
U587_GT_108_U7_A,sa1,0,1,0.0000000000e+00
U587_GT_108_U8_B,sa0,0,1,0.0000000000e+00
U587_GT_108_U7_B,sa1,0,1,0.0000000000e+00
U594_U822_A,sa1,4,1,8.0078125000e-02
U608_U629_A,sa1,7,1,6.2500000000e-02
U594_U824_A,sa1,5,1,1.4257812500e-01
U594_U644_A,sa1,11,1,4.2773437500e-01
U608_U627_D,sa1,7,1,6.2500000000e-02
U594_U826_A,sa1,6,1,2.6757812500e-01
U594_U818_A,sa1,2,1,3.3203125000e-02
U883,sa1,1,1,6.2500000000e-02
U598,sa0,15,1,4.2187500000e-01
U838_U598_A,sa0,,,4.2187500000e-01
U836_U598_B,sa0,,,4.2187500000e-01
U834_U598_C,sa0,,,4.2187500000e-01
U832_U598_D,sa0,,,4.2187500000e-01
U797,sa0,4,1,8.7890625000e-03
U704_U797_A,sa1,,,8.7890625000e-03
U868,sa1,18,1,3.6816406250e-01
U598,sa1,8,1,6.2500000000e-02
U797,sa1,24,1,5.5371093750e-01
U704_U797_A,sa0,,,5.5371093750e-01
U587_U794_A,sa1,12,1,1.2109375000e-01
U587_SUB_110_U11_A,sa1,0,1,0.0000000000e+00
U587_SUB_110_U31_A,sa1,0,1,0.0000000000e+00
SUB_110_U26,sa1,0,1,0.0000000000e+00
U587_SUB_110_U33_A,sa1,0,1,0.0000000000e+00
U587_SUB_110_U16_A,sa1,0,1,0.0000000000e+00
U587_SUB_110_U27_A,sa1,0,1,0.0000000000e+00
U587_SUB_110_U29_A,sa1,0,1,0.0000000000e+00
GT_215_U10,sa1,2,1,1.5625000000e-02
U749_GT_215_U10_A,sa1,,,1.5625000000e-02
U748_GT_215_U10_B,sa1,,,1.5625000000e-02
U1005,sa1,0,1,0.0000000000e+00
ADD_304_U16_ADD_304_U20_A,sa1,1,1,1.9531250000e-03
SUB_110_U9,sa0,0,1,0.0000000000e+00
SUB_110_U9,sa1,0,1,0.0000000000e+00
U754_SUB_110_U9_A,sa1,,,0.0000000000e+00
U752_SUB_110_U9_B,sa1,,,0.0000000000e+00
ADD_304_U20,sa1,7,1,2.3437500000e-01
SUB_110_U9_SUB_110_U25_B,sa1,0,1,0.0000000000e+00
U604_U610_A,sa1,30,0,3.3903121948e-04
ADD_283_U20,sa1,30,0,1.4648437500e-03
U603_U631_B,sa1,10,1,1.0937500000e-01
GT_203_U7,sa0,6,1,6.2500000000e-02
U746_GT_203_U7_A,sa0,,,6.2500000000e-02
GT_203_U9,sa0,,,6.2500000000e-02
ADD_304_U19,sa1,4,1,2.3437500000e-01
ADD_304_U16_ADD_304_U19_A,sa0,,,2.3437500000e-01
U604_U605_A,sa1,6,1,6.2500000000e-02
GT_212_U8,sa0,8,1,9.3750000000e-02
GT_221_U8,sa0,6,1,4.6875000000e-02
GT_206_U6,sa0,2,1,1.5625000000e-02
GT_215_U7,sa0,2,1,1.5625000000e-02
U747_GT_215_U7_A,sa0,,,1.5625000000e-02
GT_215_U10,sa0,,,1.5625000000e-02
GT_224_U7,sa0,3,1,3.1250000000e-02
GT_206_U6,sa1,14,1,1.2500000000e-01
U588_GT_206_U6_A,sa1,,,1.2500000000e-01
GT_206_U7,sa1,,,1.2500000000e-01
U588_GT_206_U7_A,sa1,,,1.2500000000e-01
U746_GT_206_U7_B,sa1,,,1.2500000000e-01
U745_GT_206_U7_C,sa1,,,1.2500000000e-01
U588_GT_206_U7_D,sa1,,,1.2500000000e-01
U588_GT_206_U7_E,sa1,,,1.2500000000e-01
GT_227_U6,sa0,2,1,1.5625000000e-02
U603_U607_E,sa1,10,1,1.0937500000e-01
ADD_283_U19,sa1,30,0,1.4960765839e-03
ADD_283_U16_ADD_283_U19_A,sa0,,,1.4960765839e-03
GT_218_U7,sa0,8,1,6.2500000000e-02
U820,sa1,6,1,2.3242187500e-01
GT_209_U8,sa0,14,1,1.0937500000e-01
U750,sa0,3,1,6.2500000000e-02
U1005,sa0,,,6.2500000000e-02
SUB_103_U14,sa0,,,6.2500000000e-02
SUB_103_U23,sa0,,,6.2500000000e-02
SUB_103_U18_SUB_103_U23_A,sa0,,,6.2500000000e-02
SUB_103_U13_SUB_103_U23_B,sa0,,,6.2500000000e-02
SUB_103_U22,sa0,,,6.2500000000e-02
SUB_103_U10_SUB_103_U22_A,sa0,,,6.2500000000e-02
MAX_REG_4__SCAN_IN_SUB_103_U22_B,sa0,,,6.2500000000e-02
MAX_REG_8__SCAN_IN_U1005_B,sa0,,,6.2500000000e-02
U1004,sa0,,,6.2500000000e-02
U708_U1004_A,sa0,,,6.2500000000e-02
MAX_REG_4__SCAN_IN_U1004_B,sa0,,,6.2500000000e-02
U603_U627_E,sa1,10,1,1.0937500000e-01
U750,sa1,3,1,6.6406250000e-02
U822,sa1,6,1,2.3242187500e-01
U625,sa0,19,1,2.0312500000e-01
U608_U625_A,sa0,,,2.0312500000e-01
U602_U625_B,sa0,,,2.0312500000e-01
U600_U625_C,sa0,,,2.0312500000e-01
U838_U625_D,sa0,,,2.0312500000e-01
U644,sa0,7,1,6.7773437500e-01
U594_U644_A,sa0,,,6.7773437500e-01
U799_U644_B,sa0,,,6.7773437500e-01
U625,sa1,13,1,2.9687500000e-01
U824,sa1,6,1,2.3242187500e-01
U644,sa1,7,1,3.2226562500e-01
U609,sa0,14,1,3.1250000000e-01
U602_U609_A,sa0,,,3.1250000000e-01
U860_U609_B,sa0,,,3.1250000000e-01
U834_U609_C,sa0,,,3.1250000000e-01
U795_U609_D,sa0,,,3.1250000000e-01
U609,sa1,12,1,9.3750000000e-02
U826,sa1,6,1,2.3242187500e-01
U629,sa0,15,1,1.7187500000e-01
U608_U629_A,sa0,,,1.7187500000e-01
U606_U629_B,sa0,,,1.7187500000e-01
U818,sa1,6,1,2.3242187500e-01
U629,sa1,11,1,3.2812500000e-01
U819,sa1,8,1,2.5000000000e-01
U598_U624_C,sa1,8,1,6.2500000000e-02
U884,sa1,3,1,6.8359375000e-02
U598_U626_C,sa1,8,1,6.2500000000e-02
SUB_110_U10,sa0,0,1,0.0000000000e+00
U587_SUB_110_U10_A,sa1,,,0.0000000000e+00
SUB_110_U10,sa1,0,1,0.0000000000e+00
U587_SUB_110_U10_A,sa0,,,0.0000000000e+00
U797_U881_A,sa1,12,1,3.6914062500e-01
U797_U867_A,sa1,12,1,1.8457031250e-01
SUB_110_U9_SUB_110_U6_A,sa1,0,1,0.0000000000e+00
U629_SUB_73_U35_A,sa1,30,0,7.6949596405e-05
ADD_304_U21,sa1,1,1,1.5625000000e-02
GT_206_U6_U613_A,sa0,2,1,1.5625000000e-02
ADD_283_U21,sa1,30,0,4.3201446533e-04
GT_221_U6,sa0,2,1,1.5625000000e-02
GT_212_U6,sa0,2,1,1.5625000000e-02
GT_221_U6,sa1,6,1,4.6875000000e-02
U588_GT_221_U6_A,sa1,,,4.6875000000e-02
GT_221_U8,sa1,,,4.6875000000e-02
GT_221_U9,sa1,,,4.6875000000e-02
U746_GT_221_U9_A,sa1,,,4.6875000000e-02
U745_GT_221_U9_B,sa1,,,4.6875000000e-02
U588_GT_221_U9_C,sa1,,,4.6875000000e-02
U588_GT_221_U9_D,sa1,,,4.6875000000e-02
GT_221_U7,sa1,,,4.6875000000e-02
U588_GT_221_U8_C,sa1,,,4.6875000000e-02
U747_GT_221_U8_D,sa1,,,4.6875000000e-02
GT_212_U6,sa1,8,1,9.3750000000e-02
U588_GT_212_U6_A,sa1,,,9.3750000000e-02
GT_212_U8,sa1,,,9.3750000000e-02
GT_212_U9,sa1,,,9.3750000000e-02
U588_GT_212_U9_A,sa1,,,9.3750000000e-02
U588_GT_212_U9_B,sa1,,,9.3750000000e-02
U745_GT_212_U9_C,sa1,,,9.3750000000e-02
GT_212_U7,sa1,,,9.3750000000e-02
U588_GT_212_U8_C,sa1,,,9.3750000000e-02
U746_GT_212_U8_D,sa1,,,9.3750000000e-02
GT_203_U8,sa0,18,1,1.4062500000e-01
GT_224_U6,sa0,2,1,1.5625000000e-02
U610,sa0,30,0,7.3897838593e-04
U604_U610_A,sa0,,,7.3897838593e-04
U873,sa0,,,7.3897838593e-04
U833_U873_A,sa0,,,7.3897838593e-04
MAR_REG_2__SCAN_IN_U873_B,sa0,,,7.3897838593e-04
MAR_REG_0__SCAN_IN_U873_C,sa0,,,7.3897838593e-04
GT_224_U6,sa1,3,1,3.1250000000e-02
U588_GT_224_U6_A,sa1,,,3.1250000000e-02
GT_224_U7,sa1,,,3.1250000000e-02
GT_224_U8,sa1,,,3.1250000000e-02
U748_GT_224_U8_A,sa1,,,3.1250000000e-02
U588_GT_224_U8_B,sa1,,,3.1250000000e-02
U588_GT_224_U8_C,sa1,,,3.1250000000e-02
U588_GT_224_U8_D,sa1,,,3.1250000000e-02
U745_GT_224_U7_B,sa1,,,3.1250000000e-02
U747_GT_224_U7_C,sa1,,,3.1250000000e-02
U746_GT_224_U7_D,sa1,,,3.1250000000e-02
U610,sa1,60,0,1.3788342476e-03
U750_GT_108_U9_C,sa0,0,1,0.0000000000e+00
GT_215_U8,sa0,6,1,7.8125000000e-02
GT_209_U6,sa0,2,1,1.5625000000e-02
GT_218_U6,sa0,2,1,1.5625000000e-02
GT_209_U6,sa1,14,1,1.0937500000e-01
U588_GT_209_U6_A,sa1,,,1.0937500000e-01
GT_209_U8,sa1,,,1.0937500000e-01
GT_209_U9,sa1,,,1.0937500000e-01
U588_GT_209_U9_A,sa1,,,1.0937500000e-01
U746_GT_209_U9_B,sa1,,,1.0937500000e-01
U745_GT_209_U9_C,sa1,,,1.0937500000e-01
GT_209_U7,sa1,,,1.0937500000e-01
U588_GT_209_U8_C,sa1,,,1.0937500000e-01
U588_GT_209_U8_D,sa1,,,1.0937500000e-01
GT_227_U7,sa0,2,1,1.5625000000e-02
GT_218_U6,sa1,8,1,6.2500000000e-02
U588_GT_218_U6_A,sa1,,,6.2500000000e-02
GT_218_U7,sa1,,,6.2500000000e-02
GT_218_U8,sa1,,,6.2500000000e-02
U588_GT_218_U8_A,sa1,,,6.2500000000e-02
U588_GT_218_U8_B,sa1,,,6.2500000000e-02
U745_GT_218_U8_C,sa1,,,6.2500000000e-02
U747_GT_218_U7_B,sa1,,,6.2500000000e-02
U746_GT_218_U7_C,sa1,,,6.2500000000e-02
U588_GT_218_U7_D,sa1,,,6.2500000000e-02
U605,sa0,15,1,3.7500000000e-01
U604_U605_A,sa0,,,3.7500000000e-01
U855,sa0,,,3.7500000000e-01
U833_U855_A,sa0,,,3.7500000000e-01
U854,sa0,,,3.7500000000e-01
U700_U854_A,sa0,,,3.7500000000e-01
U693_U854_B,sa0,,,3.7500000000e-01
GT_227_U7,sa1,2,1,1.5625000000e-02
GT_227_U6,sa1,,,1.5625000000e-02
GT_227_U8,sa1,,,1.5625000000e-02
U748_GT_227_U8_A,sa1,,,1.5625000000e-02
U588_GT_227_U8_B,sa1,,,1.5625000000e-02
U588_GT_227_U8_C,sa1,,,1.5625000000e-02
U749_GT_227_U8_D,sa1,,,1.5625000000e-02
U588_GT_227_U6_B,sa1,,,1.5625000000e-02
U747_GT_227_U6_C,sa1,,,1.5625000000e-02
U746_GT_227_U6_D,sa1,,,1.5625000000e-02
U745_GT_227_U6_E,sa1,,,1.5625000000e-02
U588_GT_227_U7_B,sa1,,,1.5625000000e-02
U624,sa0,8,1,9.3750000000e-02
U830_U624_A,sa0,,,9.3750000000e-02
U828_U624_B,sa0,,,9.3750000000e-02
U598_U624_C,sa0,,,9.3750000000e-02
U605,sa1,10,1,9.3750000000e-02
U624,sa1,10,1,4.0625000000e-01
U607,sa0,12,1,1.4062500000e-01
U838_U607_A,sa0,,,1.4062500000e-01
U828_U607_B,sa0,,,1.4062500000e-01
U847_U607_C,sa0,,,1.4062500000e-01
U606_U607_D,sa0,,,1.4062500000e-01
U603_U607_E,sa0,,,1.4062500000e-01
U671,sa0,7,1,4.8242187500e-01
U826,sa0,,,4.8242187500e-01
U594_U826_A,sa0,,,4.8242187500e-01
MAR_REG_0__SCAN_IN_U826_B,sa0,,,4.8242187500e-01
U825,sa0,,,4.8242187500e-01
ADD_304_U5_U825_A,sa0,,,4.8242187500e-01
STATO_REG_2__SCAN_IN_U825_B,sa0,,,4.8242187500e-01
U626,sa0,22,1,2.3437500000e-01
U860_U626_A,sa0,,,2.3437500000e-01
U846_U626_B,sa0,,,2.3437500000e-01
U598_U626_C,sa0,,,2.3437500000e-01
U606_U626_D,sa0,,,2.3437500000e-01
U602_U626_E,sa0,,,2.3437500000e-01
U607,sa1,25,1,2.6562500000e-01
U609_U861_A,sa1,9,1,9.3750000000e-02
U672,sa0,8,1,4.8242187500e-01
U824,sa0,,,4.8242187500e-01
U594_U824_A,sa0,,,4.8242187500e-01
MAR_REG_1__SCAN_IN_U824_B,sa0,,,4.8242187500e-01
U823,sa0,,,4.8242187500e-01
ADD_304_U14,sa0,,,4.8242187500e-01
ADD_304_U27,sa0,,,4.8242187500e-01
ADD_304_U6,sa0,,,4.8242187500e-01
MAR_REG_1__SCAN_IN_ADD_304_U6_A,sa1,,,4.8242187500e-01
MAR_REG_0__SCAN_IN_ADD_304_U27_B,sa0,,,4.8242187500e-01
ADD_304_U26,sa0,,,4.8242187500e-01
ADD_304_U5_ADD_304_U26_A,sa0,,,4.8242187500e-01
MAR_REG_1__SCAN_IN_ADD_304_U26_B,sa0,,,4.8242187500e-01
STATO_REG_2__SCAN_IN_U823_B,sa0,,,4.8242187500e-01
U671,sa1,7,1,5.1757812500e-01
U645,sa0,9,1,8.0664062500e-01
U799_U645_A,sa0,,,8.0664062500e-01
U885,sa0,,,8.0664062500e-01
U796_U645_C,sa0,,,8.0664062500e-01
U884,sa0,,,8.0664062500e-01
U883,sa0,,,8.0664062500e-01
U704_U883_A,sa0,,,8.0664062500e-01
STATO_REG_1__SCAN_IN_U883_B,sa0,,,8.0664062500e-01
U694,sa0,,,8.0664062500e-01
START_U694_A,sa1,,,8.0664062500e-01
U627,sa0,20,1,2.1875000000e-01
U834_U627_A,sa0,,,2.1875000000e-01
U830_U627_B,sa0,,,2.1875000000e-01
U836_U627_C,sa0,,,2.1875000000e-01
U608_U627_D,sa0,,,2.1875000000e-01
U603_U627_E,sa0,,,2.1875000000e-01
U626,sa1,8,1,2.6562500000e-01
U673,sa0,9,1,4.8242187500e-01
U822,sa0,,,4.8242187500e-01
U594_U822_A,sa0,,,4.8242187500e-01
MAR_REG_2__SCAN_IN_U822_B,sa0,,,4.8242187500e-01
U821,sa0,,,4.8242187500e-01
ADD_304_U13,sa0,,,4.8242187500e-01
ADD_304_U25,sa0,,,4.8242187500e-01
ADD_304_U17_ADD_304_U25_A,sa0,,,4.8242187500e-01
ADD_304_U8,sa0,,,4.8242187500e-01
MAR_REG_2__SCAN_IN_ADD_304_U8_A,sa1,,,4.8242187500e-01
ADD_304_U24,sa0,,,4.8242187500e-01
ADD_304_U7_ADD_304_U24_A,sa0,,,4.8242187500e-01
MAR_REG_2__SCAN_IN_ADD_304_U24_B,sa0,,,4.8242187500e-01
STATO_REG_2__SCAN_IN_U821_B,sa0,,,4.8242187500e-01
U672,sa1,7,1,5.1757812500e-01
U645,sa1,4,1,1.9335937500e-01
U627,sa1,13,1,2.8125000000e-01
U609_U628_B,sa1,30,0,1.0085105896e-04
U674,sa0,10,1,4.8242187500e-01
U820,sa0,,,4.8242187500e-01
U594_U820_A,sa0,,,4.8242187500e-01
MAR_REG_3__SCAN_IN_U820_B,sa0,,,4.8242187500e-01
U819,sa0,,,4.8242187500e-01
ADD_304_U12,sa0,,,4.8242187500e-01
ADD_304_U23,sa0,,,4.8242187500e-01
ADD_304_U18_ADD_304_U23_A,sa0,,,4.8242187500e-01
ADD_304_U10,sa0,,,4.8242187500e-01
MAR_REG_3__SCAN_IN_ADD_304_U10_A,sa1,,,4.8242187500e-01
ADD_304_U22,sa0,,,4.8242187500e-01
ADD_304_U9_ADD_304_U22_A,sa0,,,4.8242187500e-01
MAR_REG_3__SCAN_IN_ADD_304_U22_B,sa0,,,4.8242187500e-01
STATO_REG_2__SCAN_IN_U819_B,sa0,,,4.8242187500e-01
U673,sa1,7,1,5.1757812500e-01
U674,sa1,7,1,5.1757812500e-01
U881,sa1,2,1,5.8593750000e-03
U625_U975_A,sa1,14,1,2.9687500000e-01
U625_U993_B,sa1,30,0,6.6541671753e-02
U867,sa1,2,1,2.9296875000e-03
U629_U967_A,sa1,14,1,3.2812500000e-01
U629_U985_B,sa1,30,0,5.1322937012e-02
SUB_110_U20,sa1,0,1,0.0000000000e+00
SUB_110_U9_SUB_110_U20_A,sa0,,,0.0000000000e+00
U750_SUB_110_U25_A,sa1,0,1,0.0000000000e+00
U629_SUB_60_U102_A,sa1,30,0,5.3822994232e-05
SUB_110_U10_SUB_110_U30_B,sa1,0,1,0.0000000000e+00
SUB_110_U10_SUB_110_U32_B,sa1,0,1,0.0000000000e+00
SUB_110_U10_SUB_110_U15_A,sa1,0,1,0.0000000000e+00
SUB_110_U10_SUB_110_U34_B,sa1,0,1,0.0000000000e+00
SUB_110_U10_SUB_110_U28_B,sa1,0,1,0.0000000000e+00
U750_U1006_A,sa1,3,1,6.6406250000e-02
SUB_110_U6,sa1,0,1,0.0000000000e+00
U625_SUB_60_U80_A,sa1,30,0,5.9083104134e-05
U629_SUB_60_U62_A,sa1,30,0,8.6212158203e-04
U626_SUB_73_U29_A,sa1,30,0,1.1235475540e-05
ADD_304_U11,sa1,5,1,2.3632812500e-01
GT_221_U6_U901_A,sa0,0,1,0.0000000000e+00
GT_212_U6_U713_A,sa0,0,1,0.0000000000e+00
U610_U630_A,sa1,30,0,9.1534852982e-04
GT_224_U6_U903_A,sa0,0,1,0.0000000000e+00
GT_224_U6_U901_C,sa0,0,1,0.0000000000e+00
ADD_283_U11,sa1,30,0,1.2679100037e-03
GT_203_U6,sa0,8,1,1.0937500000e-01
GT_221_U6_U890_A,sa0,0,1,0.0000000000e+00
GT_203_U6,sa1,18,1,1.4062500000e-01
U588_GT_203_U6_A,sa1,,,1.4062500000e-01
GT_203_U8,sa1,,,1.4062500000e-01
U588_GT_203_U8_A,sa1,,,1.4062500000e-01
GT_203_U7,sa1,,,1.4062500000e-01
U745_GT_203_U8_C,sa1,,,1.4062500000e-01
U588_GT_203_U8_D,sa1,,,1.4062500000e-01
U588_GT_203_U8_E,sa1,,,1.4062500000e-01
GT_227_U7_U901_B,sa0,2,1,1.5625000000e-02
GT_227_U7_U712_A,sa1,2,1,1.5625000000e-02
GT_209_U6_U901_D,sa0,0,1,0.0000000000e+00
GT_215_U6,sa0,2,1,1.5625000000e-02
GT_227_U7_U903_B,sa0,2,1,1.5625000000e-02
U607_U630_B,sa1,30,0,6.5302848816e-04
U610_U628_A,sa1,30,0,2.8836727142e-04
GT_215_U6,sa1,6,1,7.8125000000e-02
U588_GT_215_U6_A,sa1,,,7.8125000000e-02
GT_215_U8,sa1,,,7.8125000000e-02
GT_215_U9,sa1,,,7.8125000000e-02
U588_GT_215_U9_A,sa1,,,7.8125000000e-02
U746_GT_215_U9_B,sa1,,,7.8125000000e-02
U745_GT_215_U9_C,sa1,,,7.8125000000e-02
GT_215_U7,sa1,,,7.8125000000e-02
U588_GT_215_U8_C,sa1,,,7.8125000000e-02
U588_GT_215_U8_D,sa1,,,7.8125000000e-02
GT_224_U6_U890_B,sa0,2,1,1.5625000000e-02
U605_U861_B,sa1,8,1,9.3750000000e-02
GT_108_U9,sa1,0,1,0.0000000000e+00
U754_GT_108_U9_A,sa1,,,0.0000000000e+00
U752_GT_108_U9_B,sa1,,,0.0000000000e+00
U750_GT_108_U9_C,sa1,,,0.0000000000e+00
U670,sa0,9,1,4.9902343750e-01
U868,sa0,,,4.9902343750e-01
U866,sa0,,,4.9902343750e-01
U865,sa0,,,4.9902343750e-01
U686,sa0,,,4.9902343750e-01
STATO_REG_2__SCAN_IN_U686_A,sa1,,,4.9902343750e-01
STATO_REG_1__SCAN_IN_U865_B,sa0,,,4.9902343750e-01
U682_U866_B,sa0,,,4.9902343750e-01
U796_U866_C,sa0,,,4.9902343750e-01
EN_DISP_REG_SCAN_IN_U868_B,sa0,,,4.9902343750e-01
U793_U670_B,sa0,,,4.9902343750e-01
U867,sa0,,,4.9902343750e-01
U797_U867_A,sa0,,,4.9902343750e-01
STATO_REG_0__SCAN_IN_U867_B,sa0,,,4.9902343750e-01
U643,sa0,2,1,2.5585937500e-01
U882,sa0,,,2.5585937500e-01
STATO_REG_0__SCAN_IN_U882_A,sa0,,,2.5585937500e-01
STATO_REG_1__SCAN_IN_U882_B,sa0,,,2.5585937500e-01
U881,sa0,,,2.5585937500e-01
U797_U881_A,sa0,,,2.5585937500e-01
START_U881_B,sa0,,,2.5585937500e-01
U670,sa1,15,1,5.0097656250e-01
U643,sa1,14,1,7.4414062500e-01
GT_224_U6_U897_A,sa1,3,1,3.1250000000e-02
U627_U971_A,sa1,11,1,2.8125000000e-01
U626_U973_A,sa1,8,1,2.6562500000e-01
U605_U859_A,sa1,8,1,9.3750000000e-02
U626_U991_B,sa1,30,0,2.7643442154e-02
U624_U959_A,sa1,10,1,4.0625000000e-01
GT_218_U6_U889_A,sa1,5,1,6.2500000000e-02
U624_U977_B,sa1,30,0,1.2640380859e-01
U607_U859_B,sa1,24,1,2.6562500000e-01
U975,sa1,18,1,2.0312500000e-01
U967,sa1,15,1,1.7187500000e-01
U789,sa1,2,1,1.5625000000e-02
GT_206_U6_U789_A,sa0,,,1.5625000000e-02
SUB_110_U12,sa1,0,1,0.0000000000e+00
U750_SUB_110_U12_A,sa0,,,0.0000000000e+00
U627_U989_B,sa1,30,0,4.6916425228e-02
U627_SUB_60_U112_A,sa1,30,0,4.3869018555e-05
SUB_60_U102,sa1,30,0,5.9723854065e-05
SUB_110_U25,sa1,0,1,0.0000000000e+00
U626_SUB_60_U117_A,sa1,30,0,5.3510069847e-05
U626_SUB_60_U50_A,sa1,30,0,3.3569335938e-04
U627_SUB_73_U30_A,sa1,30,0,5.1319599152e-05
U624_SUB_60_U82_A,sa1,30,0,9.9182128906e-03
SUB_60_U16,sa0,30,0,6.7901611328e-04
U629_SUB_60_U16_A,sa1,,,6.7901611328e-04
SUB_60_U24,sa1,30,0,2.0217895508e-04
U625_SUB_60_U24_A,sa0,,,2.0217895508e-04
SUB_60_U16,sa1,30,0,7.0953369141e-04
U629_SUB_60_U16_A,sa0,,,7.0953369141e-04
U624_SUB_60_U84_A,sa1,30,0,4.9209594727e-03
U627_SUB_60_U54_A,sa1,30,0,3.5095214844e-04
SUB_60_U62,sa1,30,0,9.4604492188e-04
SUB_60_U80,sa1,30,0,8.2492828369e-05
SUB_73_U14,sa1,30,0,7.3194503784e-05
U629_SUB_73_U14_A,sa0,,,7.3194503784e-05
U624_SUB_73_U55_A,sa1,30,0,8.5252523422e-04
SUB_73_U24,sa1,30,0,1.3202428818e-05
U625_SUB_73_U24_A,sa0,,,1.3202428818e-05
U624_SUB_73_U57_A,sa1,30,0,7.8296661377e-04
SUB_73_U35,sa1,30,0,1.0132789612e-04
SUB_73_U27,sa1,30,0,1.2964010239e-05
SUB_73_U55,sa1,30,0,1.7330050468e-04
SUB_73_U38,sa1,30,0,5.0425529480e-05
SUB_73_U29,sa1,30,0,8.9108943939e-06
SUB_73_U57,sa1,30,0,5.4740905762e-04
SUB_60_U16_SUB_60_U101_A,sa1,30,0,5.9083104134e-05
GT_203_U6_U613_B,sa0,0,1,0.0000000000e+00
GT_215_U6_U713_B,sa0,2,1,1.5625000000e-02
GT_108_U7,sa0,0,1,0.0000000000e+00
U587_GT_108_U7_A,sa0,,,0.0000000000e+00
U587_GT_108_U7_B,sa0,,,0.0000000000e+00
GT_108_U9,sa0,,,0.0000000000e+00
U711,sa0,6,1,4.6875000000e-02
GT_218_U6_U711_A,sa1,,,4.6875000000e-02
U630,sa0,30,0,5.7601928711e-04
U610_U630_A,sa0,,,5.7601928711e-04
U607_U630_B,sa0,,,5.7601928711e-04
U711,sa1,2,1,1.5625000000e-02
GT_218_U6_U711_A,sa0,,,1.5625000000e-02
U630,sa1,30,0,9.5367431641e-04
U901,sa1,2,1,1.5625000000e-02
GT_221_U6_U901_A,sa1,,,1.5625000000e-02
GT_227_U7_U901_B,sa1,,,1.5625000000e-02
GT_224_U6_U901_C,sa1,,,1.5625000000e-02
GT_209_U6_U901_D,sa1,,,1.5625000000e-02
U731,sa0,12,1,4.2187500000e-01
U967,sa0,,,4.2187500000e-01
U629_U967_A,sa0,,,4.2187500000e-01
STATO_REG_1__SCAN_IN_U967_B,sa0,,,4.2187500000e-01
U966,sa0,,,4.2187500000e-01
U681_U966_A,sa0,,,4.2187500000e-01
TEMP_REG_4__SCAN_IN_U966_B,sa0,,,4.2187500000e-01
U731,sa1,15,1,5.7812500000e-01
U903,sa1,2,1,1.5625000000e-02
GT_224_U6_U903_A,sa1,,,1.5625000000e-02
GT_227_U7_U903_B,sa1,,,1.5625000000e-02
U714,sa1,2,1,1.5625000000e-02
GT_224_U6_U714_A,sa0,,,1.5625000000e-02
U861,sa0,16,1,1.8750000000e-01
U609_U861_A,sa0,,,1.8750000000e-01
U605_U861_B,sa0,,,1.8750000000e-01
U735,sa0,14,1,4.5312500000e-01
U975,sa0,,,4.5312500000e-01
U625_U975_A,sa0,,,4.5312500000e-01
STATO_REG_1__SCAN_IN_U975_B,sa0,,,4.5312500000e-01
U974,sa0,,,4.5312500000e-01
U681_U974_A,sa0,,,4.5312500000e-01
TEMP_REG_0__SCAN_IN_U974_B,sa0,,,4.5312500000e-01
U861,sa1,11,1,3.1250000000e-01
U790,sa0,6,1,4.6875000000e-02
GT_221_U6_U790_A,sa1,,,4.6875000000e-02
U735,sa1,15,1,5.4687500000e-01
U628,sa0,30,0,5.4931640625e-04
U610_U628_A,sa0,,,5.4931640625e-04
U609_U628_B,sa0,,,5.4931640625e-04
U790,sa1,2,1,1.5625000000e-02
GT_221_U6_U790_A,sa0,,,1.5625000000e-02
U817,sa1,8,1,2.5000000000e-01
U628,sa1,30,0,1.2487173080e-04
U782,sa0,14,1,1.0937500000e-01
GT_209_U6_U782_A,sa1,,,1.0937500000e-01
U890,sa1,2,1,3.1250000000e-02
GT_221_U6_U890_A,sa1,,,3.1250000000e-02
GT_224_U6_U890_B,sa1,,,3.1250000000e-02
U971,sa1,23,1,2.1875000000e-01
U782,sa1,2,1,1.5625000000e-02
GT_209_U6_U782_A,sa0,,,1.5625000000e-02
U783,sa1,2,1,1.5625000000e-02
GT_212_U6_U783_A,sa0,,,1.5625000000e-02
U973,sa1,19,1,2.3437500000e-01
U839,sa0,16,1,3.1250000000e-01
U624_U839_A,sa1,,,3.1250000000e-01
U839,sa1,9,1,9.3750000000e-02
U624_U839_A,sa0,,,9.3750000000e-02
U859,sa0,27,1,3.5937500000e-01
U605_U859_A,sa0,,,3.5937500000e-01
U607_U859_B,sa0,,,3.5937500000e-01
U859,sa1,8,1,1.4062500000e-01
U959,sa1,8,1,9.3750000000e-02
SUB_60_U112,sa1,30,0,7.4356794357e-05
SUB_110_U18,sa0,0,1,0.0000000000e+00
SUB_110_U20,sa0,,,0.0000000000e+00
SUB_110_U9_SUB_110_U20_A,sa1,,,0.0000000000e+00
SUB_110_U12,sa0,,,0.0000000000e+00
U750_SUB_110_U12_A,sa1,,,0.0000000000e+00
SUB_110_U18,sa1,0,1,0.0000000000e+00
SUB_60_U117,sa1,30,0,5.9723854065e-05
SUB_60_U9,sa0,30,0,2.9754638672e-04
SUB_60_U24,sa0,,,2.9754638672e-04
U625_SUB_60_U24_A,sa1,,,2.9754638672e-04
TEMP_REG_0__SCAN_IN_SUB_60_U9_B,sa0,,,2.9754638672e-04
SUB_60_U9,sa1,30,0,2.3651123047e-04
SUB_60_U16_SUB_60_U60_A,sa1,30,0,2.7078390121e-04
SUB_60_U10,sa0,30,0,7.7366828918e-05
U626_SUB_60_U10_A,sa1,,,7.7366828918e-05
SUB_60_U10,sa1,30,0,5.2332878113e-05
U626_SUB_60_U10_A,sa0,,,5.2332878113e-05
SUB_60_U12,sa0,30,0,4.4250488281e-04
U627_SUB_60_U12_A,sa1,,,4.4250488281e-04
SUB_60_U40,sa0,30,0,8.2015991211e-03
U624_SUB_60_U40_A,sa1,,,8.2015991211e-03
SUB_60_U12,sa1,30,0,3.4332275391e-04
U627_SUB_60_U12_A,sa0,,,3.4332275391e-04
SUB_60_U40,sa1,30,0,1.3504028320e-03
U624_SUB_60_U40_A,sa0,,,1.3504028320e-03
SUB_73_U10,sa1,30,0,1.1831521988e-05
U626_SUB_73_U10_A,sa0,,,1.1831521988e-05
SUB_73_U11,sa1,30,0,3.3289194107e-05
U627_SUB_73_U11_A,sa0,,,3.3289194107e-05
SUB_73_U30,sa1,30,0,2.5570392609e-05
SUB_73_U23,sa0,30,0,5.5122375488e-04
U624_SUB_73_U23_A,sa1,,,5.5122375488e-04
SUB_73_U23,sa1,30,0,1.0576248169e-03
U624_SUB_73_U23_A,sa0,,,1.0576248169e-03
SUB_60_U54,sa1,30,0,3.6621093750e-04
SUB_60_U82,sa1,30,0,1.5106201172e-03
SUB_60_U84,sa1,30,0,5.3329467773e-03
U628_SUB_73_U36_A,sa1,30,0,3.7014484406e-05
U628_SUB_60_U58_A,sa1,30,0,4.2724609375e-04
SUB_60_U12_SUB_60_U111_A,sa1,30,0,7.4356794357e-05
SUB_60_U10_SUB_60_U116_A,sa1,30,0,5.9723854065e-05
SUB_110_U18_SUB_110_U8_A,sa1,0,1,0.0000000000e+00
SUB_60_U9_SUB_60_U50_B,sa1,30,0,2.2125244141e-04
U711_U905_B,sa1,2,1,1.5625000000e-02
GT_108_U8,sa0,2,1,1.2890625000e-01
U712,sa0,4,1,3.1250000000e-02
GT_227_U7_U712_A,sa0,,,3.1250000000e-02
U714,sa0,,,3.1250000000e-02
GT_224_U6_U714_A,sa1,,,3.1250000000e-02
U613,sa0,15,1,1.2500000000e-01
U713,sa0,4,1,3.1250000000e-02
U712,sa1,2,1,1.5625000000e-02
U613,sa1,6,1,1.2500000000e-01
GT_206_U6_U613_A,sa1,,,1.2500000000e-01
GT_203_U6_U613_B,sa1,,,1.2500000000e-01
U713,sa1,6,1,7.8125000000e-02
GT_212_U6_U713_A,sa1,,,7.8125000000e-02
GT_215_U6_U713_B,sa1,,,7.8125000000e-02
U733,sa0,15,1,4.6875000000e-01
U971,sa0,,,4.6875000000e-01
U627_U971_A,sa0,,,4.6875000000e-01
STATO_REG_1__SCAN_IN_U971_B,sa0,,,4.6875000000e-01
U970,sa0,,,4.6875000000e-01
U681_U970_A,sa0,,,4.6875000000e-01
TEMP_REG_2__SCAN_IN_U970_B,sa0,,,4.6875000000e-01
U790_U904_A,sa1,2,1,1.5625000000e-02
U734,sa0,16,1,4.8437500000e-01
U973,sa0,,,4.8437500000e-01
U626_U973_A,sa0,,,4.8437500000e-01
STATO_REG_1__SCAN_IN_U973_B,sa0,,,4.8437500000e-01
U972,sa0,,,4.8437500000e-01
U681_U972_A,sa0,,,4.8437500000e-01
TEMP_REG_1__SCAN_IN_U972_B,sa0,,,4.8437500000e-01
U733,sa1,12,1,5.3125000000e-01
U734,sa1,9,1,5.1562500000e-01
U782_U616_B,sa1,0,1,0.0000000000e+00
U780,sa1,0,1,0.0000000000e+00
GT_215_U6_U780_A,sa0,,,0.0000000000e+00
U727,sa0,7,1,3.4375000000e-01
U959,sa0,,,3.4375000000e-01
U624_U959_A,sa0,,,3.4375000000e-01
STATO_REG_1__SCAN_IN_U959_B,sa0,,,3.4375000000e-01
U958,sa0,,,3.4375000000e-01
U681_U958_A,sa0,,,3.4375000000e-01
TEMP_REG_8__SCAN_IN_U958_B,sa0,,,3.4375000000e-01
U711_U895_B,sa1,2,1,1.5625000000e-02
U727,sa1,11,1,6.5625000000e-01
U839_U632_C,sa1,9,1,9.3750000000e-02
U839_U631_D,sa1,8,1,9.3750000000e-02
U675,sa0,11,1,4.8242187500e-01
U818,sa0,,,4.8242187500e-01
U594_U818_A,sa0,,,4.8242187500e-01
MAR_REG_4__SCAN_IN_U818_B,sa0,,,4.8242187500e-01
U817,sa0,,,4.8242187500e-01
ADD_304_U11,sa0,,,4.8242187500e-01
ADD_304_U21,sa0,,,4.8242187500e-01
ADD_304_U19,sa0,,,4.8242187500e-01
ADD_304_U16_ADD_304_U19_A,sa1,,,4.8242187500e-01
ADD_304_U15,sa0,,,4.8242187500e-01
MAR_REG_4__SCAN_IN_ADD_304_U15_A,sa1,,,4.8242187500e-01
ADD_304_U20,sa0,,,4.8242187500e-01
ADD_304_U16_ADD_304_U20_A,sa0,,,4.8242187500e-01
MAR_REG_4__SCAN_IN_ADD_304_U20_B,sa0,,,4.8242187500e-01
STATO_REG_2__SCAN_IN_U817_B,sa0,,,4.8242187500e-01
U782_U907_B,sa1,2,1,1.5625000000e-02
U711_U897_B,sa1,0,1,0.0000000000e+00
U675,sa1,7,1,5.1757812500e-01
U711_U899_B,sa1,0,1,0.0000000000e+00
U782_U891_B,sa1,2,1,1.5625000000e-02
U776,sa1,8,1,1.0937500000e-01
GT_203_U6_U776_A,sa0,,,1.0937500000e-01
U790_U894_B,sa1,0,1,0.0000000000e+00
U861_U969_A,sa1,11,1,3.1250000000e-01
U782_U895_A,sa1,0,1,0.0000000000e+00
U861_U987_B,sa1,30,0,4.7946929932e-02
U859_U965_A,sa1,8,1,1.4062500000e-01
U790_U899_A,sa1,2,1,1.5625000000e-02
U790_U897_C,sa1,2,1,1.5625000000e-02
U782_U888_B,sa1,2,1,1.5625000000e-02
U859_U983_B,sa1,30,0,1.5840530396e-02
U782_U898_B,sa1,2,1,1.5625000000e-02
U782_U889_B,sa1,2,1,1.5625000000e-02
SUB_60_U101,sa1,30,0,4.6372413635e-05
U628_SUB_60_U107_A,sa1,30,0,6.1184167862e-05
SUB_110_U18_SUB_110_U11_B,sa1,0,1,0.0000000000e+00
SUB_110_U18_SUB_110_U33_B,sa1,0,1,0.0000000000e+00
SUB_60_U12_SUB_60_U52_A,sa1,30,0,1.4910101891e-04
SUB_60_U9_SUB_60_U120_B,sa1,0,1,0.0000000000e+00
SUB_60_U40_SUB_60_U81_A,sa1,30,0,1.2207031250e-03
SUB_60_U10_SUB_60_U48_B,sa1,30,0,2.2125244141e-04
SUB_60_U40_SUB_60_U83_A,sa1,30,0,5.3329467773e-03
SUB_60_U9_SUB_60_U7_A,sa1,30,0,8.0004334450e-05
SUB_73_U23_SUB_73_U54_A,sa1,30,0,1.7330050468e-04
SUB_73_U23_SUB_73_U56_A,sa1,30,0,5.4740905762e-04
U630_SUB_73_U41_A,sa1,30,0,2.7930736542e-04
U630_SUB_60_U66_A,sa1,30,0,1.4419555664e-03
SUB_60_U60,sa1,30,0,7.7056884766e-04
U630_SUB_60_U97_A,sa1,30,0,4.7922134399e-05
SUB_73_U32,sa1,30,0,3.2424926758e-05
SUB_73_U26,sa1,30,0,2.0384788513e-05
SUB_73_U54,sa1,30,0,8.5824728012e-04
SUB_73_U36,sa1,30,0,3.2782554626e-05
SUB_60_U58,sa1,30,0,6.5612792969e-04
SUB_73_U28,sa1,30,0,1.8596649170e-05
SUB_73_U56,sa1,30,0,7.9822540283e-04
SUB_60_U97,sa1,30,0,8.4638595581e-05
U613_U614_A,sa1,6,1,1.2500000000e-01
U613_U616_A,sa1,0,1,0.0000000000e+00
GT_108_U6,sa0,0,1,0.0000000000e+00
GT_108_U6,sa1,7,1,2.5000000000e-01
U587_GT_108_U6_A,sa1,,,2.5000000000e-01
GT_108_U8,sa1,,,2.5000000000e-01
GT_108_U7,sa1,,,2.5000000000e-01
U587_GT_108_U8_B,sa1,,,2.5000000000e-01
U631,sa0,25,1,2.5000000000e-01
U602_U631_A,sa0,,,2.5000000000e-01
U603_U631_B,sa0,,,2.5000000000e-01
U849_U631_C,sa0,,,2.5000000000e-01
U839_U631_D,sa0,,,2.5000000000e-01
U632,sa0,19,1,2.5000000000e-01
U795_U632_A,sa0,,,2.5000000000e-01
U846_U632_B,sa0,,,2.5000000000e-01
U839_U632_C,sa0,,,2.5000000000e-01
U600_U632_D,sa0,,,2.5000000000e-01
U847_U632_E,sa0,,,2.5000000000e-01
U631,sa1,11,1,2.5000000000e-01
U632,sa1,11,1,2.5000000000e-01
U904,sa1,4,1,3.1250000000e-02
U891,sa1,3,1,3.1250000000e-02
U613_U898_A,sa1,0,1,0.0000000000e+00
U713_U888_A,sa1,7,1,7.8125000000e-02
U965,sa1,27,1,3.5937500000e-01
U712_U899_C,sa1,2,1,1.5625000000e-02
U713_U898_C,sa1,6,1,7.8125000000e-02
SUB_110_U11,sa0,0,1,0.0000000000e+00
U587_SUB_110_U11_A,sa0,,,0.0000000000e+00
SUB_110_U18_SUB_110_U11_B,sa0,,,0.0000000000e+00
SUB_110_U11,sa1,0,1,0.0000000000e+00
U969,sa1,16,1,1.8750000000e-01
SUB_110_U21,sa1,0,1,0.0000000000e+00
SUB_110_U18_SUB_110_U21_A,sa0,,,0.0000000000e+00
U889,sa1,2,1,1.5625000000e-02
SUB_110_U33,sa1,0,1,0.0000000000e+00
SUB_60_U111,sa1,30,0,8.0123543739e-05
SUB_60_U116,sa1,30,0,8.3819031715e-05
SUB_60_U107,sa1,30,0,5.4627656937e-05
SUB_60_U7,sa0,30,0,8.8468194008e-05
SUB_60_U9_SUB_60_U7_A,sa0,,,8.8468194008e-05
SUB_60_U80,sa0,,,8.8468194008e-05
U625_SUB_60_U80_A,sa0,,,8.8468194008e-05
SUB_60_U8,sa0,,,8.8468194008e-05
TEMP_REG_0__SCAN_IN_SUB_60_U8_A,sa1,,,8.8468194008e-05
SUB_73_U8,sa1,30,0,1.3971328735e-04
U630_SUB_73_U8_A,sa0,,,1.3971328735e-04
SUB_60_U14,sa0,30,0,4.5776367188e-04
U628_SUB_60_U14_A,sa1,,,4.5776367188e-04
SUB_110_U8,sa1,0,1,0.0000000000e+00
SUB_60_U50,sa1,30,0,9.1195106506e-05
SUB_60_U14,sa1,30,0,3.9672851563e-04
U628_SUB_60_U14_A,sa0,,,3.9672851563e-04
SUB_60_U52,sa1,30,0,3.0517578125e-04
SUB_60_U35,sa0,30,0,3.0934810638e-05
SUB_60_U102,sa0,,,3.0934810638e-05
U629_SUB_60_U102_A,sa0,,,3.0934810638e-05
SUB_60_U15_SUB_60_U102_B,sa0,,,3.0934810638e-05
SUB_60_U101,sa0,,,3.0934810638e-05
SUB_60_U16_SUB_60_U101_A,sa0,,,3.0934810638e-05
TEMP_REG_4__SCAN_IN_SUB_60_U101_B,sa0,,,3.0934810638e-05
SUB_60_U35,sa1,30,0,4.6655535698e-05
SUB_60_U18,sa0,30,0,9.2315673828e-04
U630_SUB_60_U18_A,sa1,,,9.2315673828e-04
SUB_73_U41,sa1,30,0,3.7860870361e-04
SUB_60_U81,sa1,30,0,8.3427429199e-03
SUB_60_U18,sa1,30,0,1.2664794922e-03
U630_SUB_60_U18_A,sa0,,,1.2664794922e-03
SUB_73_U15,sa1,30,0,3.5405158997e-05
U628_SUB_73_U15_A,sa0,,,3.5405158997e-05
SUB_60_U47,sa0,27,1,2.4414062500e-04
SUB_60_U9_SUB_60_U47_A,sa1,,,2.4414062500e-04
SUB_60_U83,sa1,30,0,4.5471191406e-03
SUB_60_U47,sa1,30,0,3.2043457031e-04
SUB_60_U9_SUB_60_U47_A,sa0,,,3.2043457031e-04
SUB_60_U66,sa1,30,0,1.4572143555e-03
SUB_60_U85,sa1,30,0,4.9209594727e-03
SUB_73_U39,sa1,30,0,1.6093254089e-04
SUB_73_U58,sa1,30,0,7.8332424164e-04
SUB_60_U14_SUB_60_U106_A,sa1,30,0,5.4478645325e-05
SUB_60_U35_SUB_60_U105_A,sa1,30,0,3.3572316170e-05
U730,sa0,24,1,6.0937500000e-01
U965,sa0,,,6.0937500000e-01
U859_U965_A,sa0,,,6.0937500000e-01
STATO_REG_1__SCAN_IN_U965_B,sa0,,,6.0937500000e-01
U964,sa0,,,6.0937500000e-01
U681_U964_A,sa0,,,6.0937500000e-01
TEMP_REG_5__SCAN_IN_U964_B,sa0,,,6.0937500000e-01
U730,sa1,10,1,3.9062500000e-01
SUB_60_U47_SUB_60_U119_B,sa1,30,0,3.3572316170e-05
U632_U961_A,sa1,13,1,2.5000000000e-01
GT_108_U6_U874_A,sa1,12,1,1.2109375000e-01
U732,sa0,13,1,4.3750000000e-01
U969,sa0,,,4.3750000000e-01
U861_U969_A,sa0,,,4.3750000000e-01
STATO_REG_1__SCAN_IN_U969_B,sa0,,,4.3750000000e-01
U968,sa0,,,4.3750000000e-01
U681_U968_A,sa0,,,4.3750000000e-01
TEMP_REG_3__SCAN_IN_U968_B,sa0,,,4.3750000000e-01
U631_U963_A,sa1,10,1,2.5000000000e-01
U732,sa1,13,1,5.6250000000e-01
U631_U981_B,sa1,30,0,4.8679590225e-02
GT_108_U6_U875_B,sa1,5,1,1.2890625000e-01
GT_108_U6_U876_B,sa1,0,1,0.0000000000e+00
U905,sa1,4,1,3.1250000000e-02
GT_108_U6_U877_B,sa1,6,1,1.0937500000e-01
U893,sa1,4,1,3.1250000000e-02
U712_U893_A,sa0,,,3.1250000000e-02
U632_U979_B,sa1,30,0,3.7622451782e-02
U887,sa1,4,1,3.1250000000e-02
U713_U887_A,sa0,,,3.1250000000e-02
U888,sa1,4,1,3.1250000000e-02
U898,sa1,4,1,3.1250000000e-02
U899,sa1,4,1,3.1250000000e-02
SUB_110_U34,sa1,0,1,0.0000000000e+00
SUB_110_U11_SUB_110_U31_B,sa1,0,1,0.0000000000e+00
GT_108_U6_U1011_B,sa1,4,1,3.5156250000e-02
GT_108_U6_U1023_B,sa1,0,1,0.0000000000e+00
GT_108_U6_U1015_B,sa1,11,1,6.6406250000e-02
GT_108_U6_U1007_B,sa1,2,1,1.9531250000e-02
GT_108_U6_U1019_B,sa1,0,1,0.0000000000e+00
SUB_60_U14_SUB_60_U56_A,sa1,30,0,2.1743774414e-04
SUB_60_U18_SUB_60_U64_A,sa1,30,0,9.7894668579e-04
SUB_60_U47_SUB_60_U48_A,sa1,30,0,2.7680397034e-04
SUB_60_U18_SUB_60_U96_A,sa1,30,0,8.4638595581e-05
U631_SUB_60_U70_A,sa1,30,0,9.3078613281e-04
U632_SUB_60_U72_A,sa1,30,0,3.1661987305e-03
U631_SUB_60_U92_A,sa1,30,0,5.7697296143e-05
U632_SUB_73_U52_A,sa1,30,0,4.1192770004e-04
U631_SUB_73_U44_A,sa1,30,0,1.3914704323e-04
SUB_73_U31,sa1,30,0,3.5047531128e-05
U632_SUB_73_U46_A,sa1,30,0,5.5116415024e-04
SUB_60_U37,sa0,30,0,1.1059641838e-04
SUB_60_U112,sa0,,,1.1059641838e-04
U627_SUB_60_U112_A,sa0,,,1.1059641838e-04
SUB_60_U11_SUB_60_U112_B,sa0,,,1.1059641838e-04
SUB_60_U111,sa0,,,1.1059641838e-04
SUB_60_U12_SUB_60_U111_A,sa0,,,1.1059641838e-04
TEMP_REG_2__SCAN_IN_SUB_60_U111_B,sa0,,,1.1059641838e-04
U632_SUB_60_U87_A,sa1,30,0,3.7565827370e-05
U632_SUB_60_U78_A,sa1,30,0,4.3106079102e-03
SUB_73_U33,sa1,30,0,2.7716159821e-05
SUB_60_U38,sa0,30,0,1.1937320232e-04
SUB_60_U117,sa0,,,1.1937320232e-04
U626_SUB_60_U117_A,sa0,,,1.1937320232e-04
SUB_60_U46_SUB_60_U117_B,sa0,,,1.1937320232e-04
SUB_60_U116,sa0,,,1.1937320232e-04
SUB_60_U10_SUB_60_U116_A,sa0,,,1.1937320232e-04
TEMP_REG_1__SCAN_IN_SUB_60_U116_B,sa0,,,1.1937320232e-04
SUB_60_U37,sa1,30,0,4.6655535698e-05
SUB_60_U38,sa1,30,0,3.3572316170e-05
SUB_73_U18,sa1,30,0,2.6226043701e-04
U631_SUB_73_U18_A,sa0,,,2.6226043701e-04
SUB_73_U46,sa1,30,0,5.5801868439e-04
SUB_60_U78,sa1,30,0,3.0136108398e-03
SUB_60_U96,sa1,30,0,6.4253807068e-05
SUB_60_U87,sa1,30,0,7.3224306107e-05
SUB_60_U38_SUB_60_U120_A,sa1,30,0,3.3572316170e-05
SUB_60_U37_SUB_60_U115_A,sa1,30,0,3.3572316170e-05
U614,sa0,9,1,9.3750000000e-02
U613_U614_A,sa0,,,9.3750000000e-02
U888,sa0,,,9.3750000000e-02
U713_U888_A,sa0,,,9.3750000000e-02
U782_U888_B,sa0,,,9.3750000000e-02
U614,sa1,10,1,1.5625000000e-01
U616,sa0,8,1,6.2500000000e-02
U613_U616_A,sa0,,,6.2500000000e-02
U782_U616_B,sa0,,,6.2500000000e-02
U887,sa0,,,6.2500000000e-02
U713_U887_A,sa1,,,6.2500000000e-02
U616,sa1,14,1,1.7187500000e-01
U707,sa0,7,1,2.5000000000e-01
GT_108_U6_U707_A,sa1,,,2.5000000000e-01
U707,sa1,0,1,0.0000000000e+00
GT_108_U6_U707_A,sa0,,,0.0000000000e+00
U906,sa1,8,1,6.2500000000e-02
U961,sa1,21,1,2.5000000000e-01
U657,sa0,13,1,2.1875000000e-01
U589_stem_stem_stem_stem_U657_A,sa0,,,2.1875000000e-01
U898,sa0,,,2.1875000000e-01
U613_U898_A,sa0,,,2.1875000000e-01
U782_U898_B,sa0,,,2.1875000000e-01
U713_U898_C,sa0,,,2.1875000000e-01
U963,sa1,23,1,2.5000000000e-01
U657,sa1,30,0,6.8750000000e-01
U894,sa1,2,1,1.5625000000e-02
SUB_110_U22,sa0,0,1,0.0000000000e+00
SUB_110_U11_SUB_110_U22_A,sa1,,,0.0000000000e+00
SUB_110_U22,sa1,0,1,0.0000000000e+00
SUB_110_U11_SUB_110_U22_A,sa0,,,0.0000000000e+00
SUB_110_U31,sa1,0,1,0.0000000000e+00
SUB_60_U103,sa1,0,1,0.0000000000e+00
SUB_60_U35_SUB_60_U103_A,sa0,,,0.0000000000e+00
SUB_110_U19,sa1,0,1,0.0000000000e+00
SUB_60_U106,sa1,30,0,5.5983662605e-05
U1011,sa1,0,1,0.0000000000e+00
U1023,sa1,0,1,0.0000000000e+00
U1015,sa1,0,1,0.0000000000e+00
U1007,sa1,0,1,0.0000000000e+00
U1019,sa1,0,1,0.0000000000e+00
SUB_60_U20,sa0,30,0,1.9226074219e-03
U631_SUB_60_U20_A,sa1,,,1.9226074219e-03
SUB_60_U20,sa1,30,0,2.8381347656e-03
U631_SUB_60_U20_A,sa0,,,2.8381347656e-03
SUB_60_U22,sa0,30,0,3.8375854492e-03
U632_SUB_60_U22_A,sa1,,,3.8375854492e-03
SUB_60_U22,sa1,30,0,2.0141601563e-03
U632_SUB_60_U22_A,sa0,,,2.0141601563e-03
SUB_73_U20,sa0,30,0,3.2818317413e-04
U632_SUB_73_U20_A,sa1,,,3.2818317413e-04
SUB_73_U20,sa1,30,0,7.4577331543e-04
U632_SUB_73_U20_A,sa0,,,7.4577331543e-04
SUB_60_U70,sa1,30,0,2.1286010742e-03
SUB_60_U72,sa1,30,0,3.5552978516e-03
SUB_60_U64,sa1,30,0,9.3078613281e-04
SUB_73_U52,sa1,30,0,5.0449371338e-04
SUB_73_U34,sa1,30,0,7.3492527008e-05
SUB_60_U56,sa1,30,0,5.2642822266e-04
SUB_60_U92,sa1,30,0,7.5668096542e-05
SUB_73_U44,sa1,30,0,1.7356872559e-04
SUB_60_U48,sa1,28,1,2.4414062500e-04
SUB_60_U49,sa1,30,0,1.3437867165e-04
SUB_73_U37,sa1,30,0,1.2016296387e-04
U616_U900_A,sa1,10,1,1.7187500000e-01
U614_U615_A,sa1,6,1,1.2500000000e-01
U707_U590_B,sa1,0,1,0.0000000000e+00
U907,sa1,6,1,4.6875000000e-02
U728,sa0,17,1,5.0000000000e-01
U961,sa0,,,5.0000000000e-01
U632_U961_A,sa0,,,5.0000000000e-01
STATO_REG_1__SCAN_IN_U961_B,sa0,,,5.0000000000e-01
U960,sa0,,,5.0000000000e-01
U681_U960_A,sa0,,,5.0000000000e-01
TEMP_REG_7__SCAN_IN_U960_B,sa0,,,5.0000000000e-01
U729,sa0,17,1,5.0000000000e-01
U963,sa0,,,5.0000000000e-01
U631_U963_A,sa0,,,5.0000000000e-01
STATO_REG_1__SCAN_IN_U963_B,sa0,,,5.0000000000e-01
U962,sa0,,,5.0000000000e-01
U681_U962_A,sa0,,,5.0000000000e-01
TEMP_REG_6__SCAN_IN_U962_B,sa0,,,5.0000000000e-01
U728,sa1,14,1,5.0000000000e-01
U614_U896_A,sa1,10,1,1.5625000000e-01
U729,sa1,11,1,5.0000000000e-01
U707_U794_B,sa1,0,1,0.0000000000e+00
U895,sa1,5,1,4.6875000000e-02
U877,sa1,0,1,0.0000000000e+00
U616_U897_D,sa1,0,1,0.0000000000e+00
SUB_60_U120,sa1,30,0,1.1937320232e-04
SUB_60_U113,sa1,0,1,0.0000000000e+00
SUB_60_U37_SUB_60_U113_A,sa0,,,0.0000000000e+00
SUB_60_U118,sa1,0,1,0.0000000000e+00
SUB_60_U38_SUB_60_U118_A,sa0,,,0.0000000000e+00
SUB_110_U22_SUB_110_U32_A,sa1,0,1,0.0000000000e+00
SUB_110_U22_SUB_110_U16_B,sa1,0,1,0.0000000000e+00
U707_U1010_B,sa1,0,1,0.0000000000e+00
SUB_60_U20_SUB_60_U91_A,sa1,30,0,7.6293945313e-05
U707_U1022_B,sa1,0,1,0.0000000000e+00
U707_U1014_B,sa1,0,1,0.0000000000e+00
U707_U1006_B,sa1,0,1,0.0000000000e+00
SUB_73_U20_SUB_73_U50_A,sa1,30,0,2.4318695068e-04
SUB_60_U22_SUB_60_U74_A,sa1,30,0,1.6326904297e-03
SUB_60_U20_SUB_60_U68_A,sa1,30,0,2.2811889648e-03
SUB_60_U22_SUB_60_U76_A,sa1,30,0,1.5106201172e-03
U707_U1018_B,sa1,0,1,0.0000000000e+00
SUB_60_U22_SUB_60_U86_A,sa1,30,0,5.2601099014e-05
SUB_73_U20_SUB_73_U48_A,sa1,30,0,5.2845478058e-04
SUB_60_U34,sa0,30,0,3.0994415283e-05
SUB_60_U97,sa0,,,3.0994415283e-05
U630_SUB_60_U97_A,sa0,,,3.0994415283e-05
SUB_60_U17_SUB_60_U97_B,sa0,,,3.0994415283e-05
SUB_60_U96,sa0,,,3.0994415283e-05
SUB_60_U18_SUB_60_U96_A,sa0,,,3.0994415283e-05
TEMP_REG_5__SCAN_IN_SUB_60_U96_B,sa0,,,3.0994415283e-05
SUB_60_U34,sa1,30,0,4.6655535698e-05
SUB_60_U36,sa0,30,0,5.9753656387e-05
SUB_60_U107,sa0,,,5.9753656387e-05
U628_SUB_60_U107_A,sa0,,,5.9753656387e-05
SUB_60_U13_SUB_60_U107_B,sa0,,,5.9753656387e-05
SUB_60_U106,sa0,,,5.9753656387e-05
SUB_60_U14_SUB_60_U106_A,sa0,,,5.9753656387e-05
TEMP_REG_3__SCAN_IN_SUB_60_U106_B,sa0,,,5.9753656387e-05
SUB_60_U36,sa1,30,0,4.6655535698e-05
SUB_73_U25,sa1,30,0,3.2901763916e-04
SUB_60_U76,sa1,30,0,3.4790039063e-03
SUB_60_U68,sa1,30,0,1.5258789063e-03
SUB_60_U86,sa1,30,0,2.2485852242e-05
SUB_73_U48,sa1,30,0,3.2818317413e-04
SUB_60_U34_SUB_60_U100_A,sa1,30,0,3.3572316170e-05
SUB_60_U36_SUB_60_U110_A,sa1,30,0,3.3572316170e-05
U900,sa1,6,1,4.6875000000e-02
U615,sa0,7,1,7.8125000000e-02
U614_U615_A,sa0,,,7.8125000000e-02
U889,sa0,,,7.8125000000e-02
GT_218_U6_U889_A,sa0,,,7.8125000000e-02
U782_U889_B,sa0,,,7.8125000000e-02
U615,sa1,12,1,1.7187500000e-01
U590,sa0,7,1,2.5000000000e-01
U589_U590_A,sa0,,,2.5000000000e-01
U707_U590_B,sa0,,,2.5000000000e-01
U590,sa1,14,1,7.5000000000e-01
U908,sa1,9,1,7.8125000000e-02
U794,sa0,11,1,1.2109375000e-01
U587_U794_A,sa0,,,1.2109375000e-01
U707_U794_B,sa0,,,1.2109375000e-01
U794,sa1,20,1,1.2109375000e-01
U896,sa1,6,1,4.6875000000e-02
U897,sa1,2,1,1.5625000000e-02
SUB_110_U32,sa1,0,1,0.0000000000e+00
SUB_110_U16,sa0,0,1,0.0000000000e+00
U587_SUB_110_U16_A,sa0,,,0.0000000000e+00
SUB_110_U22_SUB_110_U16_B,sa0,,,0.0000000000e+00
SUB_110_U16,sa1,0,1,0.0000000000e+00
SUB_60_U119,sa1,0,1,0.0000000000e+00
U1010,sa1,6,1,6.2500000000e-02
U1022,sa1,16,1,6.2500000000e-02
U1014,sa1,11,1,6.2500000000e-02
U1006,sa1,3,1,6.2500000000e-02
U1018,sa1,14,1,6.2500000000e-02
SUB_73_U40,sa1,30,0,1.5914440155e-04
SUB_60_U45,sa0,30,0,9.8109245300e-05
SUB_60_U50,sa0,,,9.8109245300e-05
U626_SUB_60_U50_A,sa0,,,9.8109245300e-05
SUB_60_U9_SUB_60_U50_B,sa0,,,9.8109245300e-05
SUB_60_U49,sa0,,,9.8109245300e-05
SUB_60_U48,sa0,,,9.8109245300e-05
SUB_60_U47_SUB_60_U48_A,sa0,,,9.8109245300e-05
SUB_60_U10_SUB_60_U48_B,sa0,,,9.8109245300e-05
SUB_60_U46_SUB_60_U49_B,sa0,,,9.8109245300e-05
SUB_73_U50,sa1,30,0,3.2818317413e-04
SUB_60_U45,sa1,30,0,2.8228759766e-04
SUB_60_U91,sa1,30,0,3.0905008316e-05
SUB_60_U74,sa1,30,0,3.4637451172e-03
SUB_60_U98,sa1,0,1,0.0000000000e+00
SUB_60_U34_SUB_60_U98_A,sa0,,,0.0000000000e+00
SUB_60_U45_SUB_60_U115_B,sa1,0,1,0.0000000000e+00
U615_U902_A,sa1,12,1,1.7187500000e-01
U660,sa0,8,1,6.2500000000e-02
U589_stem_stem_stem_stem_U660_A,sa0,,,6.2500000000e-02
U776,sa0,,,6.2500000000e-02
GT_203_U6_U776_A,sa1,,,6.2500000000e-02
U908,sa0,,,6.2500000000e-02
U789,sa0,,,6.2500000000e-02
GT_206_U6_U789_A,sa1,,,6.2500000000e-02
U907,sa0,,,6.2500000000e-02
U906,sa0,,,6.2500000000e-02
U783,sa0,,,6.2500000000e-02
GT_212_U6_U783_A,sa1,,,6.2500000000e-02
U905,sa0,,,6.2500000000e-02
U780,sa0,,,6.2500000000e-02
GT_215_U6_U780_A,sa1,,,6.2500000000e-02
U711_U905_B,sa0,,,6.2500000000e-02
U904,sa0,,,6.2500000000e-02
U790_U904_A,sa0,,,6.2500000000e-02
U903,sa0,,,6.2500000000e-02
U782_U907_B,sa0,,,6.2500000000e-02
U751,sa0,3,1,6.2500000000e-02
U1007,sa0,,,6.2500000000e-02
SUB_110_U8,sa0,,,6.2500000000e-02
SUB_110_U18_SUB_110_U8_A,sa0,,,6.2500000000e-02
SUB_110_U25,sa0,,,6.2500000000e-02
U750_SUB_110_U25_A,sa0,,,6.2500000000e-02
SUB_110_U9_SUB_110_U25_B,sa0,,,6.2500000000e-02
GT_108_U6_U1007_B,sa0,,,6.2500000000e-02
U1006,sa0,,,6.2500000000e-02
U750_U1006_A,sa0,,,6.2500000000e-02
U707_U1006_B,sa0,,,6.2500000000e-02
U660,sa1,33,0,3.7500000000e-01
U751,sa1,3,1,6.6406250000e-02
U753,sa0,6,1,6.2500000000e-02
U1011,sa0,,,6.2500000000e-02
SUB_110_U6,sa0,,,6.2500000000e-02
SUB_110_U9_SUB_110_U6_A,sa0,,,6.2500000000e-02
SUB_110_U26,sa0,,,6.2500000000e-02
U752_SUB_110_U26_A,sa0,,,6.2500000000e-02
U754_SUB_110_U26_B,sa0,,,6.2500000000e-02
GT_108_U6_U1011_B,sa0,,,6.2500000000e-02
U1010,sa0,,,6.2500000000e-02
U752_U1010_A,sa0,,,6.2500000000e-02
U707_U1010_B,sa0,,,6.2500000000e-02
U753,sa1,7,1,6.6406250000e-02
U655,sa0,15,1,2.0312500000e-01
U589_stem_stem_stem_stem_U655_A,sa0,,,2.0312500000e-01
U896,sa0,,,2.0312500000e-01
U614_U896_A,sa0,,,2.0312500000e-01
U895,sa0,,,2.0312500000e-01
U782_U895_A,sa0,,,2.0312500000e-01
U711_U895_B,sa0,,,2.0312500000e-01
U894,sa0,,,2.0312500000e-01
U893,sa0,,,2.0312500000e-01
U712_U893_A,sa1,,,2.0312500000e-01
U790_U894_B,sa0,,,2.0312500000e-01
U615_U892_B,sa1,6,1,1.2500000000e-01
U794_U633_A,sa1,5,1,1.2109375000e-01
U755,sa0,11,1,6.2500000000e-02
U1015,sa0,,,6.2500000000e-02
SUB_110_U7,sa0,,,6.2500000000e-02
U754_SUB_110_U7_A,sa1,,,6.2500000000e-02
GT_108_U6_U1015_B,sa0,,,6.2500000000e-02
U1014,sa0,,,6.2500000000e-02
U754_U1014_A,sa0,,,6.2500000000e-02
U707_U1014_B,sa0,,,6.2500000000e-02
U656,sa0,12,1,2.3437500000e-01
U589_stem_stem_stem_stem_U656_A,sa0,,,2.3437500000e-01
U897,sa0,,,2.3437500000e-01
GT_224_U6_U897_A,sa0,,,2.3437500000e-01
U711_U897_B,sa0,,,2.3437500000e-01
U790_U897_C,sa0,,,2.3437500000e-01
U616_U897_D,sa0,,,2.3437500000e-01
U655,sa1,36,0,6.5625000000e-01
U794_U634_A,sa1,0,1,0.0000000000e+00
U755,sa1,12,1,6.6406250000e-02
U656,sa1,29,1,7.6562500000e-01
U794_U635_A,sa1,0,1,0.0000000000e+00
U757,sa0,14,1,6.2500000000e-02
U1019,sa0,,,6.2500000000e-02
U756_U1019_A,sa0,,,6.2500000000e-02
GT_108_U6_U1019_B,sa0,,,6.2500000000e-02
U1018,sa0,,,6.2500000000e-02
U756_U1018_A,sa0,,,6.2500000000e-02
U707_U1018_B,sa0,,,6.2500000000e-02
U658,sa0,14,1,2.0312500000e-01
U589_stem_stem_stem_stem_U658_A,sa0,,,2.0312500000e-01
U900,sa0,,,2.0312500000e-01
U616_U900_A,sa0,,,2.0312500000e-01
U899,sa0,,,2.0312500000e-01
U790_U899_A,sa0,,,2.0312500000e-01
U711_U899_B,sa0,,,2.0312500000e-01
U712_U899_C,sa0,,,2.0312500000e-01
U794_U636_A,sa1,0,1,0.0000000000e+00
U757,sa1,15,1,6.6406250000e-02
U658,sa1,35,0,6.5625000000e-01
U759,sa0,16,1,6.2500000000e-02
U1023,sa0,,,6.2500000000e-02
U758_U1023_A,sa0,,,6.2500000000e-02
GT_108_U6_U1023_B,sa0,,,6.2500000000e-02
U1022,sa0,,,6.2500000000e-02
U758_U1022_A,sa0,,,6.2500000000e-02
U707_U1022_B,sa0,,,6.2500000000e-02
U759,sa1,17,1,6.6406250000e-02
SUB_110_U14,sa1,0,1,0.0000000000e+00
SUB_60_U108,sa1,0,1,0.0000000000e+00
SUB_60_U36_SUB_60_U108_A,sa0,,,0.0000000000e+00
SUB_110_U16_SUB_110_U15_B,sa1,0,1,0.0000000000e+00
SUB_110_U16_SUB_110_U29_B,sa1,0,1,0.0000000000e+00
SUB_60_U45_SUB_60_U53_B,sa1,30,0,2.8228759766e-04
SUB_60_U31,sa0,30,0,1.1937320232e-04
SUB_60_U120,sa0,,,1.1937320232e-04
SUB_60_U38_SUB_60_U120_A,sa0,,,1.1937320232e-04
SUB_60_U9_SUB_60_U120_B,sa0,,,1.1937320232e-04
SUB_60_U119,sa0,,,1.1937320232e-04
SUB_60_U118,sa0,,,1.1937320232e-04
SUB_60_U38_SUB_60_U118_A,sa1,,,1.1937320232e-04
SUB_60_U47_SUB_60_U119_B,sa0,,,1.1937320232e-04
SUB_60_U32,sa0,30,0,3.8504600525e-05
SUB_60_U87,sa0,,,3.8504600525e-05
U632_SUB_60_U87_A,sa0,,,3.8504600525e-05
SUB_60_U21_SUB_60_U87_B,sa0,,,3.8504600525e-05
SUB_60_U86,sa0,,,3.8504600525e-05
SUB_60_U22_SUB_60_U86_A,sa0,,,3.8504600525e-05
TEMP_REG_7__SCAN_IN_SUB_60_U86_B,sa0,,,3.8504600525e-05
SUB_60_U33,sa0,30,0,3.0934810638e-05
SUB_60_U92,sa0,,,3.0934810638e-05
U631_SUB_60_U92_A,sa0,,,3.0934810638e-05
SUB_60_U19_SUB_60_U92_B,sa0,,,3.0934810638e-05
SUB_60_U91,sa0,,,3.0934810638e-05
SUB_60_U20_SUB_60_U91_A,sa0,,,3.0934810638e-05
TEMP_REG_6__SCAN_IN_SUB_60_U91_B,sa0,,,3.0934810638e-05
SUB_60_U32,sa1,30,0,4.6655535698e-05
SUB_60_U33,sa1,30,0,4.6655535698e-05
SUB_73_U42,sa1,30,0,1.2540817261e-04
U751_R794_U51_A,sa1,0,1,0.0000000000e+00
U755_R794_U43_A,sa1,2,1,7.8125000000e-03
U751_GT_130_U7_B,sa1,0,1,0.0000000000e+00
U753_R794_U83_A,sa1,4,1,1.5625000000e-02
U753_R794_U47_A,sa1,0,1,0.0000000000e+00
U751_GT_142_U7_A,sa1,2,1,4.6875000000e-02
U757_R794_U62_A,sa1,5,1,1.9531250000e-02
U751_GT_114_U7_B,sa1,0,1,0.0000000000e+00
U753_GT_130_U9_B,sa0,0,1,0.0000000000e+00
U751_R794_U78_A,sa1,6,1,2.3437500000e-02
U753_GT_114_U7_A,sa1,0,1,0.0000000000e+00
U755_GT_122_U7_A,sa1,0,1,0.0000000000e+00
U755_GT_130_U9_A,sa0,0,1,0.0000000000e+00
U751_GT_134_U9_B,sa0,0,1,0.0000000000e+00
U753_GT_134_U9_A,sa0,0,1,0.0000000000e+00
U753_GT_142_U9_B,sa0,1,1,1.5625000000e-02
U757_GT_122_U7_B,sa1,0,1,0.0000000000e+00
U755_GT_142_U9_A,sa0,1,1,1.5625000000e-02
U751_GT_126_U7_D,sa1,0,1,0.0000000000e+00
U751_GT_118_U9_B,sa0,0,1,0.0000000000e+00
U757_GT_130_U9_C,sa0,0,1,0.0000000000e+00
U755_R794_U88_A,sa1,5,1,1.9531250000e-02
U753_GT_126_U7_C,sa1,0,1,0.0000000000e+00
U753_GT_146_U7_A,sa1,2,1,2.3437500000e-02
U755_GT_126_U7_B,sa1,0,1,0.0000000000e+00
U751_GT_138_U7_C,sa1,1,1,7.8125000000e-03
U902,sa1,7,1,6.2500000000e-02
U751_GT_146_U8_E,sa0,1,1,1.5625000000e-02
U753_GT_138_U7_B,sa1,1,1,7.8125000000e-03
U755_GT_146_U9_A,sa0,1,1,7.8125000000e-03
U755_GT_138_U7_A,sa1,1,1,7.8125000000e-03
U636,sa0,0,1,0.0000000000e+00
U794_U636_A,sa0,,,0.0000000000e+00
U877,sa0,,,0.0000000000e+00
SUB_110_U19,sa0,,,0.0000000000e+00
SUB_110_U34,sa0,,,0.0000000000e+00
SUB_110_U21,sa0,,,0.0000000000e+00
SUB_110_U18_SUB_110_U21_A,sa1,,,0.0000000000e+00
SUB_110_U10_SUB_110_U34_B,sa0,,,0.0000000000e+00
SUB_110_U33,sa0,,,0.0000000000e+00
U587_SUB_110_U33_A,sa0,,,0.0000000000e+00
SUB_110_U18_SUB_110_U33_B,sa0,,,0.0000000000e+00
GT_108_U6_U877_B,sa0,,,0.0000000000e+00
U636,sa1,5,1,1.2890625000e-01
U757_GT_146_U9_B,sa0,1,1,7.8125000000e-03
U757_GT_138_U7_D,sa1,1,1,7.8125000000e-03
U892,sa1,4,1,4.6875000000e-02
U876,sa1,0,1,0.0000000000e+00
SUB_110_U23,sa1,0,1,0.0000000000e+00
SUB_110_U16_SUB_110_U23_A,sa0,,,0.0000000000e+00
SUB_110_U15,sa0,0,1,0.0000000000e+00
SUB_110_U10_SUB_110_U15_A,sa0,,,0.0000000000e+00
SUB_110_U16_SUB_110_U15_B,sa0,,,0.0000000000e+00
SUB_110_U15,sa1,0,1,0.0000000000e+00
SUB_60_U115,sa1,30,0,1.1059641838e-04
SUB_110_U29,sa1,0,1,0.0000000000e+00
U751_GT_122_U10_C,sa0,0,1,0.0000000000e+00
U753_GT_122_U10_A,sa0,0,1,0.0000000000e+00
U755_GT_114_U10_A,sa0,0,1,0.0000000000e+00
U757_GT_114_U10_B,sa0,0,1,0.0000000000e+00
U751_U1033_B,sa1,10,1,3.9062500000e-02
SUB_60_U32_SUB_60_U90_A,sa1,30,0,3.3572316170e-05
U753_U1035_B,sa1,8,1,3.5156250000e-02
U759_U1040_A,sa1,11,1,4.2968750000e-02
SUB_60_U33_SUB_60_U95_A,sa1,30,0,3.3572316170e-05
U759_U1041_B,sa1,6,1,2.3437500000e-02
U755_U1037_B,sa1,6,1,2.3437500000e-02
U757_U1039_B,sa1,6,1,2.3437500000e-02
SUB_60_U51,sa1,30,0,3.3572316170e-05
SUB_60_U45_SUB_60_U51_A,sa0,,,3.3572316170e-05
SUB_60_U53,sa1,30,0,2.0980834961e-04
SUB_73_U43,sa1,30,0,3.3187866211e-04
SUB_60_U88,sa1,0,1,0.0000000000e+00
SUB_60_U32_SUB_60_U88_A,sa0,,,0.0000000000e+00
R794_U11,sa0,3,1,1.1718750000e-02
U753_R794_U11_A,sa1,,,1.1718750000e-02
R794_U11,sa1,6,1,2.3437500000e-02
U753_R794_U11_A,sa0,,,2.3437500000e-02
R794_U13,sa0,0,1,0.0000000000e+00
U751_R794_U13_A,sa1,,,0.0000000000e+00
R794_U13,sa1,10,1,3.9062500000e-02
U751_R794_U13_A,sa0,,,3.9062500000e-02
U636_R794_U73_A,sa1,20,1,7.8125000000e-02
U636_R794_U55_A,sa1,0,1,0.0000000000e+00
U636_GT_130_U7_A,sa1,4,1,5.4687500000e-02
R794_U19,sa1,6,1,2.3437500000e-02
U757_R794_U19_A,sa0,,,2.3437500000e-02
GT_122_U7,sa0,0,1,0.0000000000e+00
U755_GT_122_U7_A,sa0,,,0.0000000000e+00
U757_GT_122_U7_B,sa0,,,0.0000000000e+00
GT_130_U9,sa1,0,1,0.0000000000e+00
U755_GT_130_U9_A,sa1,,,0.0000000000e+00
U753_GT_130_U9_B,sa1,,,0.0000000000e+00
U757_GT_130_U9_C,sa1,,,0.0000000000e+00
U636_GT_134_U7_A,sa1,5,1,9.3750000000e-02
U636_GT_142_U8_C,sa0,0,1,0.0000000000e+00
U636_GT_126_U7_A,sa1,2,1,1.5625000000e-02
GT_142_U9,sa1,1,1,1.5625000000e-02
U755_GT_142_U9_A,sa1,,,1.5625000000e-02
U753_GT_142_U9_B,sa1,,,1.5625000000e-02
U636_GT_118_U9_A,sa0,0,1,0.0000000000e+00
GT_134_U9,sa1,0,1,0.0000000000e+00
U753_GT_134_U9_A,sa1,,,0.0000000000e+00
U751_GT_134_U9_B,sa1,,,0.0000000000e+00
GT_138_U7,sa0,1,1,7.8125000000e-03
U755_GT_138_U7_A,sa0,,,7.8125000000e-03
U753_GT_138_U7_B,sa0,,,7.8125000000e-03
U751_GT_138_U7_C,sa0,,,7.8125000000e-03
U757_GT_138_U7_D,sa0,,,7.8125000000e-03
U636_GT_138_U8_B,sa0,0,1,0.0000000000e+00
U636_GT_146_U8_D,sa0,0,1,0.0000000000e+00
GT_146_U9,sa1,1,1,7.8125000000e-03
U755_GT_146_U9_A,sa1,,,7.8125000000e-03
U757_GT_146_U9_B,sa1,,,7.8125000000e-03
U635,sa0,0,1,0.0000000000e+00
U794_U635_A,sa0,,,0.0000000000e+00
U876,sa0,,,0.0000000000e+00
SUB_110_U14,sa0,,,0.0000000000e+00
SUB_110_U32,sa0,,,0.0000000000e+00
SUB_110_U22_SUB_110_U32_A,sa0,,,0.0000000000e+00
SUB_110_U10_SUB_110_U32_B,sa0,,,0.0000000000e+00
SUB_110_U31,sa0,,,0.0000000000e+00
U587_SUB_110_U31_A,sa0,,,0.0000000000e+00
SUB_110_U11_SUB_110_U31_B,sa0,,,0.0000000000e+00
GT_108_U6_U876_B,sa0,,,0.0000000000e+00
U654,sa0,14,1,4.5312500000e-01
U892,sa0,,,4.5312500000e-01
U891,sa0,,,4.5312500000e-01
U890,sa0,,,4.5312500000e-01
U782_U891_B,sa0,,,4.5312500000e-01
U615_U892_B,sa0,,,4.5312500000e-01
RES_DISP_REG_SCAN_IN_U892_C,sa0,,,4.5312500000e-01
U705_U654_B,sa0,,,4.5312500000e-01
U635,sa1,8,1,1.2890625000e-01
U654,sa1,19,1,5.4687500000e-01
U659,sa0,12,1,1.8750000000e-01
U589_stem_stem_stem_stem_U659_A,sa0,,,1.8750000000e-01
U902,sa0,,,1.8750000000e-01
U615_U902_A,sa0,,,1.8750000000e-01
U901,sa0,,,1.8750000000e-01
U659,sa1,31,0,6.2500000000e-01
SUB_110_U30,sa1,0,1,0.0000000000e+00
SUB_60_U114,sa1,0,1,0.0000000000e+00
SUB_110_U15_SUB_110_U27_B,sa1,0,1,0.0000000000e+00
U636_GT_122_U10_D,sa0,0,1,0.0000000000e+00
U636_GT_114_U11_B,sa0,0,1,0.0000000000e+00
GT_114_U10,sa1,0,1,0.0000000000e+00
U755_GT_114_U10_A,sa1,,,0.0000000000e+00
U757_GT_114_U10_B,sa1,,,0.0000000000e+00
U636_U1030_B,sa1,10,1,3.9062500000e-02
R794_U9,sa0,4,1,1.5625000000e-02
U755_R794_U9_A,sa1,,,1.5625000000e-02
R794_U9,sa1,6,1,2.3437500000e-02
U755_R794_U9_A,sa0,,,2.3437500000e-02
SUB_73_U21,sa0,30,0,3.7765502930e-04
SUB_73_U44,sa0,,,3.7765502930e-04
U631_SUB_73_U44_A,sa0,,,3.7765502930e-04
SUB_73_U7,sa0,,,3.7765502930e-04
MAX_REG_6__SCAN_IN_SUB_73_U7_A,sa1,,,3.7765502930e-04
SUB_73_U43,sa0,,,3.7765502930e-04
SUB_73_U42,sa0,,,3.7765502930e-04
SUB_73_U40,sa0,,,3.7765502930e-04
SUB_73_U38,sa0,,,3.7765502930e-04
SUB_73_U14,sa0,,,3.7765502930e-04
U629_SUB_73_U14_A,sa1,,,3.7765502930e-04
MAX_REG_4__SCAN_IN_SUB_73_U38_B,sa0,,,3.7765502930e-04
SUB_73_U39,sa0,,,3.7765502930e-04
SUB_73_U8,sa0,,,3.7765502930e-04
U630_SUB_73_U8_A,sa1,,,3.7765502930e-04
MAX_REG_5__SCAN_IN_SUB_73_U39_B,sa0,,,3.7765502930e-04
SUB_73_U37,sa0,,,3.7765502930e-04
SUB_73_U35,sa0,,,3.7765502930e-04
U629_SUB_73_U35_A,sa0,,,3.7765502930e-04
SUB_73_U16,sa0,,,3.7765502930e-04
MAX_REG_4__SCAN_IN_SUB_73_U16_A,sa1,,,3.7765502930e-04
SUB_73_U36,sa0,,,3.7765502930e-04
U628_SUB_73_U36_A,sa0,,,3.7765502930e-04
SUB_73_U13,sa0,,,3.7765502930e-04
MAX_REG_3__SCAN_IN_SUB_73_U13_A,sa1,,,3.7765502930e-04
SUB_73_U34,sa0,,,3.7765502930e-04
SUB_73_U32,sa0,,,3.7765502930e-04
SUB_73_U11,sa0,,,3.7765502930e-04
U627_SUB_73_U11_A,sa1,,,3.7765502930e-04
MAX_REG_2__SCAN_IN_SUB_73_U32_B,sa0,,,3.7765502930e-04
SUB_73_U33,sa0,,,3.7765502930e-04
SUB_73_U15,sa0,,,3.7765502930e-04
U628_SUB_73_U15_A,sa1,,,3.7765502930e-04
MAX_REG_3__SCAN_IN_SUB_73_U33_B,sa0,,,3.7765502930e-04
SUB_73_U31,sa0,,,3.7765502930e-04
SUB_73_U29,sa0,,,3.7765502930e-04
U626_SUB_73_U29_A,sa0,,,3.7765502930e-04
SUB_73_U9,sa0,,,3.7765502930e-04
MAX_REG_1__SCAN_IN_SUB_73_U9_A,sa1,,,3.7765502930e-04
SUB_73_U28,sa0,,,3.7765502930e-04
SUB_73_U27,sa0,,,3.7765502930e-04
SUB_73_U24,sa0,,,3.7765502930e-04
U625_SUB_73_U24_A,sa1,,,3.7765502930e-04
MAX_REG_0__SCAN_IN_SUB_73_U27_B,sa0,,,3.7765502930e-04
SUB_73_U26,sa0,,,3.7765502930e-04
SUB_73_U10,sa0,,,3.7765502930e-04
U626_SUB_73_U10_A,sa1,,,3.7765502930e-04
MAX_REG_1__SCAN_IN_SUB_73_U26_B,sa0,,,3.7765502930e-04
SUB_73_U30,sa0,,,3.7765502930e-04
U627_SUB_73_U30_A,sa0,,,3.7765502930e-04
SUB_73_U12,sa0,,,3.7765502930e-04
MAX_REG_2__SCAN_IN_SUB_73_U12_A,sa1,,,3.7765502930e-04
SUB_73_U41,sa0,,,3.7765502930e-04
U630_SUB_73_U41_A,sa0,,,3.7765502930e-04
SUB_73_U17,sa0,,,3.7765502930e-04
MAX_REG_5__SCAN_IN_SUB_73_U17_A,sa1,,,3.7765502930e-04
SUB_73_U25,sa0,,,3.7765502930e-04
SUB_73_U18,sa0,,,3.7765502930e-04
U631_SUB_73_U18_A,sa1,,,3.7765502930e-04
MAX_REG_6__SCAN_IN_SUB_73_U25_B,sa0,,,3.7765502930e-04
SUB_73_U21,sa1,30,0,2.4533271790e-04
SUB_60_U44,sa0,30,0,2.5010108948e-04
SUB_60_U54,sa0,,,2.5010108948e-04
U627_SUB_60_U54_A,sa0,,,2.5010108948e-04
SUB_60_U11_SUB_60_U54_B,sa0,,,2.5010108948e-04
SUB_60_U53,sa0,,,2.5010108948e-04
SUB_60_U52,sa0,,,2.5010108948e-04
SUB_60_U12_SUB_60_U52_A,sa0,,,2.5010108948e-04
TEMP_REG_2__SCAN_IN_SUB_60_U52_B,sa0,,,2.5010108948e-04
SUB_60_U45_SUB_60_U53_B,sa0,,,2.5010108948e-04
SUB_60_U44,sa1,30,0,4.9591064453e-04
SUB_60_U93,sa1,0,1,0.0000000000e+00
SUB_60_U33_SUB_60_U93_A,sa0,,,0.0000000000e+00
R794_U15,sa0,0,1,0.0000000000e+00
U636_R794_U15_A,sa1,,,0.0000000000e+00
SUB_60_U44_SUB_60_U110_B,sa1,0,1,0.0000000000e+00
R794_U15,sa1,0,1,0.0000000000e+00
U636_R794_U15_A,sa0,,,0.0000000000e+00
GT_130_U7,sa0,0,1,0.0000000000e+00
U636_GT_130_U7_A,sa0,,,0.0000000000e+00
U751_GT_130_U7_B,sa0,,,0.0000000000e+00
GT_130_U9,sa0,,,0.0000000000e+00
U635_GT_122_U8_A,sa1,8,1,1.0156250000e-01
U635_GT_130_U8_C,sa0,0,1,0.0000000000e+00
U635_R794_U68_A,sa1,20,1,7.8125000000e-02
U635_R794_U59_A,sa1,0,1,0.0000000000e+00
U635_GT_114_U8_A,sa1,3,1,2.3437500000e-02
GT_114_U7,sa0,0,1,0.0000000000e+00
U753_GT_114_U7_A,sa0,,,0.0000000000e+00
U751_GT_114_U7_B,sa0,,,0.0000000000e+00
GT_114_U10,sa0,,,0.0000000000e+00
U635_GT_142_U8_B,sa0,0,1,0.0000000000e+00
GT_142_U7,sa0,3,1,3.9062500000e-02
U751_GT_142_U7_A,sa0,,,3.9062500000e-02
GT_142_U9,sa0,,,3.9062500000e-02
GT_134_U7,sa0,0,1,0.0000000000e+00
U636_GT_134_U7_A,sa0,,,0.0000000000e+00
GT_134_U9,sa0,,,0.0000000000e+00
U635_GT_134_U8_C,sa0,0,1,0.0000000000e+00
U635_GT_118_U7_A,sa1,1,1,6.2500000000e-02
GT_126_U7,sa0,0,1,0.0000000000e+00
U636_GT_126_U7_A,sa0,,,0.0000000000e+00
U755_GT_126_U7_B,sa0,,,0.0000000000e+00
U753_GT_126_U7_C,sa0,,,0.0000000000e+00
U751_GT_126_U7_D,sa0,,,0.0000000000e+00
U635_GT_126_U8_C,sa0,0,1,0.0000000000e+00
U635_GT_146_U8_B,sa0,0,1,0.0000000000e+00
GT_146_U7,sa0,2,1,2.3437500000e-02
U753_GT_146_U7_A,sa0,,,2.3437500000e-02
GT_146_U9,sa0,,,2.3437500000e-02
U635_GT_138_U8_C,sa0,0,1,0.0000000000e+00
GT_118_U9,sa1,0,1,0.0000000000e+00
U636_GT_118_U9_A,sa1,,,0.0000000000e+00
U751_GT_118_U9_B,sa1,,,0.0000000000e+00
SUB_110_U24,sa1,0,1,0.0000000000e+00
SUB_110_U15_SUB_110_U24_A,sa0,,,0.0000000000e+00
SUB_110_U17,sa1,0,1,0.0000000000e+00
SUB_110_U27,sa1,0,1,0.0000000000e+00
R794_U9_R794_U41_B,sa1,5,1,2.3437500000e-02
R794_U9_R794_U87_B,sa1,7,1,2.7343750000e-02
GT_122_U10,sa1,0,1,0.0000000000e+00
U753_GT_122_U10_A,sa1,,,0.0000000000e+00
GT_122_U7,sa1,,,0.0000000000e+00
U751_GT_122_U10_C,sa1,,,0.0000000000e+00
U636_GT_122_U10_D,sa1,,,0.0000000000e+00
SUB_73_U21_SUB_73_U51_B,sa1,30,0,5.7116150856e-04
U635_U1028_B,sa1,10,1,3.9062500000e-02
SUB_60_U44_SUB_60_U57_B,sa1,30,0,4.4250488281e-04
SUB_60_U30,sa0,30,0,1.1059641838e-04
SUB_60_U115,sa0,,,1.1059641838e-04
SUB_60_U37_SUB_60_U115_A,sa0,,,1.1059641838e-04
SUB_60_U45_SUB_60_U115_B,sa0,,,1.1059641838e-04
SUB_60_U114,sa0,,,1.1059641838e-04
SUB_60_U51,sa0,,,1.1059641838e-04
SUB_60_U45_SUB_60_U51_A,sa1,,,1.1059641838e-04
SUB_60_U113,sa0,,,1.1059641838e-04
SUB_60_U37_SUB_60_U113_A,sa1,,,1.1059641838e-04
R794_U11_R794_U45_B,sa1,6,1,2.3437500000e-02
R794_U11_R794_U82_B,sa1,8,1,3.1250000000e-02
R794_U13_R794_U49_B,sa1,9,1,3.9062500000e-02
R794_U13_R794_U77_B,sa1,11,1,4.2968750000e-02
SUB_73_U45,sa1,30,0,4.1770935059e-04
SUB_73_U21_SUB_73_U45_A,sa0,,,4.1770935059e-04
R794_U17,sa0,0,1,0.0000000000e+00
U635_R794_U17_A,sa1,,,0.0000000000e+00
R794_U17,sa1,0,1,0.0000000000e+00
U635_R794_U17_A,sa0,,,0.0000000000e+00
GT_122_U8,sa0,0,1,0.0000000000e+00
U635_GT_122_U8_A,sa0,,,0.0000000000e+00
GT_122_U10,sa0,,,0.0000000000e+00
GT_118_U7,sa0,0,1,0.0000000000e+00
U635_GT_118_U7_A,sa0,,,0.0000000000e+00
GT_118_U9,sa0,,,0.0000000000e+00
U875,sa1,0,1,0.0000000000e+00
SUB_60_U110,sa1,30,0,8.2194805145e-05
SUB_110_U28,sa1,0,1,0.0000000000e+00
GT_114_U11,sa1,0,1,0.0000000000e+00
GT_114_U7,sa1,,,0.0000000000e+00
U636_GT_114_U11_B,sa1,,,0.0000000000e+00
R794_U15_R794_U53_B,sa1,0,1,0.0000000000e+00
R794_U15_R794_U72_B,sa1,0,1,0.0000000000e+00
SUB_73_U51,sa1,30,0,1.8596649170e-04
SUB_60_U55,sa1,30,0,3.3572316170e-05
SUB_60_U44_SUB_60_U55_A,sa0,,,3.3572316170e-05
SUB_60_U57,sa1,30,0,3.3879280090e-04
R794_U17_R794_U57_B,sa1,0,1,0.0000000000e+00
R794_U17_R794_U67_B,sa1,0,1,0.0000000000e+00
SUB_73_U47,sa1,30,0,4.0209293365e-04
GT_114_U8,sa0,0,1,0.0000000000e+00
U635_GT_114_U8_A,sa0,,,0.0000000000e+00
GT_114_U11,sa0,,,0.0000000000e+00
U634,sa0,0,1,0.0000000000e+00
U794_U634_A,sa0,,,0.0000000000e+00
U875,sa0,,,0.0000000000e+00
SUB_110_U17,sa0,,,0.0000000000e+00
SUB_110_U30,sa0,,,0.0000000000e+00
SUB_110_U23,sa0,,,0.0000000000e+00
SUB_110_U16_SUB_110_U23_A,sa1,,,0.0000000000e+00
SUB_110_U10_SUB_110_U30_B,sa0,,,0.0000000000e+00
SUB_110_U29,sa0,,,0.0000000000e+00
U587_SUB_110_U29_A,sa0,,,0.0000000000e+00
SUB_110_U16_SUB_110_U29_B,sa0,,,0.0000000000e+00
GT_108_U6_U875_B,sa0,,,0.0000000000e+00
U634,sa1,5,1,1.2890625000e-01
SUB_110_U13,sa1,0,1,0.0000000000e+00
SUB_60_U109,sa1,0,1,0.0000000000e+00
SUB_60_U43,sa0,30,0,5.7983398438e-04
SUB_60_U58,sa0,,,5.7983398438e-04
U628_SUB_60_U58_A,sa0,,,5.7983398438e-04
SUB_60_U13_SUB_60_U58_B,sa0,,,5.7983398438e-04
SUB_60_U57,sa0,,,5.7983398438e-04
SUB_60_U56,sa0,,,5.7983398438e-04
SUB_60_U14_SUB_60_U56_A,sa0,,,5.7983398438e-04
TEMP_REG_3__SCAN_IN_SUB_60_U56_B,sa0,,,5.7983398438e-04
SUB_60_U44_SUB_60_U57_B,sa0,,,5.7983398438e-04
SUB_60_U43,sa1,30,0,8.0871582031e-04
SUB_73_U53,sa1,30,0,1.1547803879e-03
SUB_73_U49,sa1,30,0,7.5626373291e-04
U634_GT_130_U8_A,sa0,0,1,0.0000000000e+00
U634_R794_U65_A,sa1,20,1,7.8125000000e-02
SUB_60_U43_SUB_60_U105_B,sa1,0,1,0.0000000000e+00
U634_GT_122_U9_B,sa0,0,1,0.0000000000e+00
U634_GT_142_U8_A,sa0,0,1,0.0000000000e+00
U634_GT_134_U8_A,sa0,0,1,0.0000000000e+00
U634_GT_114_U9_B,sa0,0,1,0.0000000000e+00
U634_GT_126_U8_A,sa0,0,1,0.0000000000e+00
U634_GT_146_U8_A,sa0,0,1,0.0000000000e+00
U634_GT_118_U8_B,sa0,0,1,0.0000000000e+00
U634_GT_138_U8_A,sa0,0,1,0.0000000000e+00
U874,sa1,0,1,0.0000000000e+00
SUB_60_U43_SUB_60_U61_B,sa1,30,0,1.1901855469e-03
U634_U1026_B,sa1,10,1,3.9062500000e-02
SUB_60_U29,sa0,30,0,1.0466575623e-04
SUB_60_U110,sa0,,,1.0466575623e-04
SUB_60_U36_SUB_60_U110_A,sa0,,,1.0466575623e-04
SUB_60_U44_SUB_60_U110_B,sa0,,,1.0466575623e-04
SUB_60_U109,sa0,,,1.0466575623e-04
SUB_60_U55,sa0,,,1.0466575623e-04
SUB_60_U44_SUB_60_U55_A,sa1,,,1.0466575623e-04
SUB_60_U108,sa0,,,1.0466575623e-04
SUB_60_U36_SUB_60_U108_A,sa1,,,1.0466575623e-04
SUB_60_U59,sa1,30,0,3.3572316170e-05
SUB_60_U43_SUB_60_U59_A,sa0,,,3.3572316170e-05
R794_U34,sa0,0,1,0.0000000000e+00
U634_R794_U34_A,sa1,,,0.0000000000e+00
R794_U34,sa1,0,1,0.0000000000e+00
U634_R794_U34_A,sa0,,,0.0000000000e+00
GT_130_U8,sa0,5,1,1.2890625000e-01
GT_122_U9,sa0,8,1,1.2890625000e-01
GT_142_U8,sa0,4,1,8.2031250000e-02
GT_114_U9,sa0,5,1,1.2890625000e-01
GT_134_U8,sa0,6,1,1.2890625000e-01
GT_126_U8,sa0,5,1,1.2890625000e-01
GT_118_U8,sa0,5,1,1.2890625000e-01
GT_146_U8,sa0,3,1,4.2968750000e-02
U633,sa0,5,1,1.2109375000e-01
U794_U633_A,sa0,,,1.2109375000e-01
U874,sa0,,,1.2109375000e-01
GT_108_U6_U874_A,sa0,,,1.2109375000e-01
SUB_110_U13,sa0,,,1.2109375000e-01
SUB_110_U28,sa0,,,1.2109375000e-01
SUB_110_U24,sa0,,,1.2109375000e-01
SUB_110_U15_SUB_110_U24_A,sa1,,,1.2109375000e-01
SUB_110_U10_SUB_110_U28_B,sa0,,,1.2109375000e-01
SUB_110_U27,sa0,,,1.2109375000e-01
U587_SUB_110_U27_A,sa0,,,1.2109375000e-01
SUB_110_U15_SUB_110_U27_B,sa0,,,1.2109375000e-01
GT_138_U8,sa0,6,1,1.2109375000e-01
U633,sa1,11,1,1.2109375000e-01
SUB_60_U105,sa1,30,0,3.9577484131e-05
SUB_73_U6,sa1,30,0,1.3689398766e-03
SUB_60_U61,sa1,30,0,2.4795532227e-04
U633_GT_130_U6_A,sa0,5,1,1.2109375000e-01
U633_R794_U63_A,sa1,18,1,7.4218750000e-02
U633_GT_122_U6_A,sa0,5,1,1.2109375000e-01
U633_GT_114_U6_A,sa0,5,1,1.2109375000e-01
U633_GT_142_U6_A,sa0,5,1,1.2109375000e-01
U633_GT_134_U6_A,sa0,5,1,1.2109375000e-01
U633_GT_126_U6_A,sa0,5,1,1.2109375000e-01
U633_GT_118_U6_A,sa0,5,1,1.2109375000e-01
U633_GT_146_U6_A,sa0,5,1,1.2109375000e-01
U633_GT_138_U6_A,sa0,5,1,1.2109375000e-01
SUB_60_U104,sa1,0,1,0.0000000000e+00
U633_U1024_B,sa1,8,1,3.5156250000e-02
SUB_60_U42,sa0,30,0,4.6113133430e-04
SUB_60_U62,sa0,,,4.6113133430e-04
U629_SUB_60_U62_A,sa0,,,4.6113133430e-04
SUB_60_U15_SUB_60_U62_B,sa0,,,4.6113133430e-04
SUB_60_U61,sa0,,,4.6113133430e-04
SUB_60_U60,sa0,,,4.6113133430e-04
SUB_60_U16_SUB_60_U60_A,sa0,,,4.6113133430e-04
TEMP_REG_4__SCAN_IN_SUB_60_U60_B,sa0,,,4.6113133430e-04
SUB_60_U43_SUB_60_U61_B,sa0,,,4.6113133430e-04
R794_U34_R794_U33_B,sa1,0,1,0.0000000000e+00
SUB_60_U42,sa1,30,0,1.8005371094e-03
R794_U34_R794_U66_B,sa1,0,1,0.0000000000e+00
SUB_60_U42_SUB_60_U100_B,sa1,0,1,0.0000000000e+00
R794_U32,sa1,0,1,0.0000000000e+00
U633_R794_U32_A,sa0,,,0.0000000000e+00
GT_130_U6,sa0,0,1,0.0000000000e+00
GT_122_U6,sa0,0,1,0.0000000000e+00
GT_130_U6,sa1,10,1,2.5000000000e-01
U633_GT_130_U6_A,sa1,,,2.5000000000e-01
GT_130_U8,sa1,,,2.5000000000e-01
U634_GT_130_U8_A,sa1,,,2.5000000000e-01
GT_130_U7,sa1,,,2.5000000000e-01
U635_GT_130_U8_C,sa1,,,2.5000000000e-01
GT_122_U6,sa1,13,1,2.5000000000e-01
U633_GT_122_U6_A,sa1,,,2.5000000000e-01
GT_122_U9,sa1,,,2.5000000000e-01
GT_122_U8,sa1,,,2.5000000000e-01
U634_GT_122_U9_B,sa1,,,2.5000000000e-01
GT_114_U6,sa0,0,1,0.0000000000e+00
GT_142_U6,sa0,3,1,3.9062500000e-02
GT_114_U6,sa1,10,1,2.5000000000e-01
U633_GT_114_U6_A,sa1,,,2.5000000000e-01
GT_114_U9,sa1,,,2.5000000000e-01
GT_114_U8,sa1,,,2.5000000000e-01
U634_GT_114_U9_B,sa1,,,2.5000000000e-01
GT_134_U6,sa0,0,1,0.0000000000e+00
GT_142_U6,sa1,9,1,2.0312500000e-01
U633_GT_142_U6_A,sa1,,,2.0312500000e-01
GT_142_U8,sa1,,,2.0312500000e-01
U634_GT_142_U8_A,sa1,,,2.0312500000e-01
U635_GT_142_U8_B,sa1,,,2.0312500000e-01
U636_GT_142_U8_C,sa1,,,2.0312500000e-01
GT_142_U7,sa1,,,2.0312500000e-01
GT_134_U6,sa1,11,1,2.5000000000e-01
U633_GT_134_U6_A,sa1,,,2.5000000000e-01
GT_134_U8,sa1,,,2.5000000000e-01
U634_GT_134_U8_A,sa1,,,2.5000000000e-01
GT_134_U7,sa1,,,2.5000000000e-01
U635_GT_134_U8_C,sa1,,,2.5000000000e-01
GT_126_U6,sa0,0,1,0.0000000000e+00
GT_126_U6,sa1,10,1,2.5000000000e-01
U633_GT_126_U6_A,sa1,,,2.5000000000e-01
GT_126_U8,sa1,,,2.5000000000e-01
U634_GT_126_U8_A,sa1,,,2.5000000000e-01
GT_126_U7,sa1,,,2.5000000000e-01
U635_GT_126_U8_C,sa1,,,2.5000000000e-01
GT_118_U6,sa0,0,1,0.0000000000e+00
GT_146_U6,sa0,3,1,3.9062500000e-02
GT_118_U6,sa1,10,1,2.5000000000e-01
U633_GT_118_U6_A,sa1,,,2.5000000000e-01
GT_118_U8,sa1,,,2.5000000000e-01
GT_118_U7,sa1,,,2.5000000000e-01
U634_GT_118_U8_B,sa1,,,2.5000000000e-01
GT_146_U6,sa1,8,1,1.6406250000e-01
U633_GT_146_U6_A,sa1,,,1.6406250000e-01
GT_146_U8,sa1,,,1.6406250000e-01
U634_GT_146_U8_A,sa1,,,1.6406250000e-01
U635_GT_146_U8_B,sa1,,,1.6406250000e-01
GT_146_U7,sa1,,,1.6406250000e-01
U636_GT_146_U8_D,sa1,,,1.6406250000e-01
U751_GT_146_U8_E,sa1,,,1.6406250000e-01
GT_138_U6,sa0,1,1,7.8125000000e-03
GT_138_U6,sa1,11,1,2.4218750000e-01
U633_GT_138_U6_A,sa1,,,2.4218750000e-01
GT_138_U8,sa1,,,2.4218750000e-01
U634_GT_138_U8_A,sa1,,,2.4218750000e-01
U636_GT_138_U8_B,sa1,,,2.4218750000e-01
U635_GT_138_U8_C,sa1,,,2.4218750000e-01
GT_138_U7,sa1,,,2.4218750000e-01
SUB_60_U42_SUB_60_U65_B,sa1,30,0,1.6174316406e-03
SUB_60_U28,sa0,30,0,4.6730041504e-05
SUB_60_U105,sa0,,,4.6730041504e-05
SUB_60_U35_SUB_60_U105_A,sa0,,,4.6730041504e-05
SUB_60_U43_SUB_60_U105_B,sa0,,,4.6730041504e-05
SUB_60_U104,sa0,,,4.6730041504e-05
SUB_60_U59,sa0,,,4.6730041504e-05
SUB_60_U43_SUB_60_U59_A,sa1,,,4.6730041504e-05
SUB_60_U103,sa0,,,4.6730041504e-05
SUB_60_U35_SUB_60_U103_A,sa1,,,4.6730041504e-05
GT_114_U6_U611_A,sa0,0,1,0.0000000000e+00
GT_142_U6_U710_B,sa0,3,1,3.9062500000e-02
GT_134_U6_U710_C,sa0,0,1,0.0000000000e+00
GT_118_U6_U611_B,sa0,0,1,0.0000000000e+00
GT_138_U6_U710_A,sa0,0,1,0.0000000000e+00
GT_130_U6_U709_A,sa0,0,1,0.0000000000e+00
GT_146_U6_U720_A,sa1,9,1,1.6406250000e-01
GT_142_U6_U941_B,sa0,0,1,0.0000000000e+00
GT_122_U6_U954_A,sa1,9,1,3.5156250000e-02
GT_134_U6_U951_A,sa1,19,1,7.4218750000e-02
GT_130_U6_U784_A,sa1,18,1,7.4218750000e-02
GT_122_U6_U955_A,sa1,9,1,3.5156250000e-02
GT_142_U6_U945_B,sa0,0,1,0.0000000000e+00
GT_138_U6_U941_A,sa0,0,1,0.0000000000e+00
GT_126_U6_U709_B,sa0,0,1,0.0000000000e+00
GT_146_U6_U941_C,sa0,3,1,3.9062500000e-02
GT_134_U6_U953_C,sa1,9,1,3.5156250000e-02
GT_146_U6_U945_A,sa0,3,1,3.9062500000e-02
GT_142_U6_U785_C,sa1,9,1,2.0312500000e-01
GT_126_U6_U786_A,sa1,18,1,7.4218750000e-02
GT_138_U6_U787_A,sa1,18,1,7.0312500000e-02
SUB_60_U100,sa1,30,0,2.5033950806e-05
SUB_60_U63,sa1,30,0,3.3572316170e-05
SUB_60_U42_SUB_60_U63_A,sa0,,,3.3572316170e-05
SUB_60_U65,sa1,30,0,9.9444389343e-04
SUB_60_U99,sa1,0,1,0.0000000000e+00
U710,sa0,4,1,4.6875000000e-02
U611,sa0,10,1,2.5000000000e-01
U710,sa1,9,1,2.0312500000e-01
GT_138_U6_U710_A,sa1,,,2.0312500000e-01
GT_142_U6_U710_B,sa1,,,2.0312500000e-01
GT_134_U6_U710_C,sa1,,,2.0312500000e-01
U611,sa1,0,1,0.0000000000e+00
GT_114_U6_U611_A,sa1,,,0.0000000000e+00
GT_118_U6_U611_B,sa1,,,0.0000000000e+00
U721,sa1,3,1,3.9062500000e-02
GT_142_U6_U721_A,sa0,,,3.9062500000e-02
U723,sa0,5,1,7.8125000000e-02
GT_126_U6_U723_A,sa1,,,7.8125000000e-02
U722,sa1,0,1,0.0000000000e+00
GT_130_U6_U722_A,sa0,,,0.0000000000e+00
U724,sa0,11,1,2.5000000000e-01
GT_134_U6_U724_A,sa1,,,2.5000000000e-01
U723,sa1,0,1,0.0000000000e+00
GT_126_U6_U723_A,sa0,,,0.0000000000e+00
U725,sa0,14,1,2.4218750000e-01
GT_138_U6_U725_A,sa1,,,2.4218750000e-01
U724,sa1,0,1,0.0000000000e+00
GT_134_U6_U724_A,sa0,,,0.0000000000e+00
U941,sa1,8,1,1.6406250000e-01
GT_138_U6_U941_A,sa1,,,1.6406250000e-01
GT_142_U6_U941_B,sa1,,,1.6406250000e-01
GT_146_U6_U941_C,sa1,,,1.6406250000e-01
U725,sa1,1,1,7.8125000000e-03
GT_138_U6_U725_A,sa0,,,7.8125000000e-03
U726,sa0,13,1,2.5000000000e-01
GT_122_U6_U726_A,sa1,,,2.5000000000e-01
U709,sa0,0,1,0.0000000000e+00
U726,sa1,0,1,0.0000000000e+00
GT_122_U6_U726_A,sa0,,,0.0000000000e+00
U709,sa1,10,1,2.5000000000e-01
GT_130_U6_U709_A,sa1,,,2.5000000000e-01
GT_126_U6_U709_B,sa1,,,2.5000000000e-01
U774,sa0,5,1,7.8125000000e-02
GT_118_U6_U774_A,sa1,,,7.8125000000e-02
U719,sa1,9,1,3.5156250000e-02
GT_146_U6_U719_A,sa0,,,3.5156250000e-02
U945,sa1,9,1,1.6406250000e-01
GT_146_U6_U945_A,sa1,,,1.6406250000e-01
GT_142_U6_U945_B,sa1,,,1.6406250000e-01
U774,sa1,0,1,0.0000000000e+00
GT_118_U6_U774_A,sa0,,,0.0000000000e+00
U778,sa0,17,1,2.0703125000e-01
GT_114_U6_U778_A,sa1,,,2.0703125000e-01
U778,sa1,0,1,0.0000000000e+00
GT_114_U6_U778_A,sa0,,,0.0000000000e+00
SUB_60_U41,sa0,30,0,1.7242431641e-03
SUB_60_U66,sa0,,,1.7242431641e-03
U630_SUB_60_U66_A,sa0,,,1.7242431641e-03
SUB_60_U17_SUB_60_U66_B,sa0,,,1.7242431641e-03
SUB_60_U65,sa0,,,1.7242431641e-03
SUB_60_U64,sa0,,,1.7242431641e-03
SUB_60_U18_SUB_60_U64_A,sa0,,,1.7242431641e-03
TEMP_REG_5__SCAN_IN_SUB_60_U64_B,sa0,,,1.7242431641e-03
SUB_60_U42_SUB_60_U65_B,sa0,,,1.7242431641e-03
SUB_60_U41,sa1,30,0,2.2430419922e-03
U611_U621_A,sa1,0,1,0.0000000000e+00
U710_U932_A,sa1,9,1,2.0312500000e-01
U611_U772_A,sa1,0,1,0.0000000000e+00
U611_U637_A,sa1,0,1,0.0000000000e+00
U720,sa0,12,1,2.0312500000e-01
GT_146_U6_U720_A,sa0,,,2.0312500000e-01
U721,sa0,,,2.0312500000e-01
GT_142_U6_U721_A,sa1,,,2.0312500000e-01
U720,sa1,3,1,3.9062500000e-02
U611_U639_A,sa1,0,1,0.0000000000e+00
U611_U954_B,sa1,0,1,0.0000000000e+00
U724_U942_A,sa1,0,1,0.0000000000e+00
U726_U931_B,sa1,0,1,0.0000000000e+00
U709_U931_A,sa1,10,1,2.5000000000e-01
U726_U932_B,sa1,0,1,0.0000000000e+00
U724_U936_A,sa1,0,1,0.0000000000e+00
U726_U953_A,sa1,0,1,0.0000000000e+00
U774_U950_A,sa1,0,1,0.0000000000e+00
U726_U943_B,sa1,0,1,0.0000000000e+00
U725_U935_B,sa1,0,1,0.0000000000e+00
U723_U784_B,sa1,0,1,0.0000000000e+00
U726_U772_B,sa1,0,1,0.0000000000e+00
U726_U637_B,sa1,0,1,0.0000000000e+00
U723_U948_A,sa1,0,1,0.0000000000e+00
U724_U947_A,sa1,0,1,0.0000000000e+00
U725_U946_A,sa1,1,1,7.8125000000e-03
U724_U785_A,sa1,0,1,0.0000000000e+00
U724_U939_A,sa1,0,1,0.0000000000e+00
U726_U936_B,sa1,0,1,0.0000000000e+00
U778_U623_B,sa1,0,1,0.0000000000e+00
U725_U785_B,sa1,1,1,7.8125000000e-03
U774_U953_B,sa1,0,1,0.0000000000e+00
U725_U939_B,sa1,1,1,7.8125000000e-03
U709_U938_A,sa1,7,1,2.5000000000e-01
U724_U787_B,sa1,0,1,0.0000000000e+00
U774_U955_B,sa1,0,1,0.0000000000e+00
U726_U949_B,sa1,0,1,0.0000000000e+00
U778_U667_B,sa1,0,1,0.0000000000e+00
SUB_60_U41_SUB_60_U95_B,sa1,0,1,0.0000000000e+00
SUB_60_U41_SUB_60_U69_B,sa1,30,0,1.6174316406e-03
SUB_60_U27,sa0,30,0,2.5033950806e-05
SUB_60_U100,sa0,,,2.5033950806e-05
SUB_60_U34_SUB_60_U100_A,sa0,,,2.5033950806e-05
SUB_60_U42_SUB_60_U100_B,sa0,,,2.5033950806e-05
SUB_60_U99,sa0,,,2.5033950806e-05
SUB_60_U63,sa0,,,2.5033950806e-05
SUB_60_U42_SUB_60_U63_A,sa1,,,2.5033950806e-05
SUB_60_U98,sa0,,,2.5033950806e-05
SUB_60_U34_SUB_60_U98_A,sa1,,,2.5033950806e-05
SUB_60_U67,sa1,30,0,3.3572316170e-05
SUB_60_U41_SUB_60_U67_A,sa0,,,3.3572316170e-05
SUB_60_U95,sa1,30,0,3.6656856537e-05
SUB_60_U69,sa1,30,0,2.5177001953e-03
U931,sa1,0,1,0.0000000000e+00
U932,sa1,3,1,4.6875000000e-02
U942,sa1,3,1,8.5937500000e-02
U637,sa0,0,1,0.0000000000e+00
U611_U637_A,sa0,,,0.0000000000e+00
U726_U637_B,sa0,,,0.0000000000e+00
U880,sa0,7,1,8.5937500000e-02
U709_U880_A,sa1,,,8.5937500000e-02
U720_U939_C,sa1,3,1,3.9062500000e-02
U637,sa1,15,1,1.2109375000e-01
U880,sa1,0,1,0.0000000000e+00
U709_U880_A,sa0,,,0.0000000000e+00
U954,sa1,0,1,0.0000000000e+00
U946,sa1,5,1,7.8125000000e-02
U955,sa1,0,1,0.0000000000e+00
U879,sa0,9,1,3.5156250000e-02
U710_U879_A,sa1,,,3.5156250000e-02
U879,sa1,9,1,3.5156250000e-02
U710_U879_A,sa0,,,3.5156250000e-02
SUB_60_U94,sa1,0,1,0.0000000000e+00
U637_R794_U57_A,sa1,18,1,7.4218750000e-02
U637_R794_U67_A,sa1,20,1,7.8125000000e-02
U621,sa0,10,1,2.5000000000e-01
U611_U621_A,sa0,,,2.5000000000e-01
U931,sa0,,,2.5000000000e-01
U709_U931_A,sa0,,,2.5000000000e-01
U726_U931_B,sa0,,,2.5000000000e-01
U880_U612_A,sa1,0,1,0.0000000000e+00
U621,sa1,0,1,0.0000000000e+00
U943,sa1,8,1,1.6406250000e-01
U934,sa1,12,1,2.0312500000e-01
U720_U934_A,sa0,,,2.0312500000e-01
U880_U593_A,sa1,0,1,0.0000000000e+00
U879_U612_C,sa1,0,1,0.0000000000e+00
U880_U953_D,sa1,0,1,0.0000000000e+00
U947,sa1,9,1,1.7187500000e-01
U939,sa1,11,1,2.0312500000e-01
U879_U952_B,sa1,9,1,3.5156250000e-02
SUB_60_U23,sa0,30,0,4.1351318359e-03
SUB_60_U70,sa0,,,4.1351318359e-03
U631_SUB_60_U70_A,sa0,,,4.1351318359e-03
SUB_60_U19_SUB_60_U70_B,sa0,,,4.1351318359e-03
SUB_60_U69,sa0,,,4.1351318359e-03
SUB_60_U68,sa0,,,4.1351318359e-03
SUB_60_U20_SUB_60_U68_A,sa0,,,4.1351318359e-03
TEMP_REG_6__SCAN_IN_SUB_60_U68_B,sa0,,,4.1351318359e-03
SUB_60_U41_SUB_60_U69_B,sa0,,,4.1351318359e-03
SUB_60_U23,sa1,30,0,5.4702758789e-03
R794_U16,sa0,0,1,0.0000000000e+00
U637_R794_U16_A,sa1,,,0.0000000000e+00
R794_U16,sa1,0,1,0.0000000000e+00
U637_R794_U16_A,sa0,,,0.0000000000e+00
R794_U57,sa1,0,1,0.0000000000e+00
R794_U67,sa1,0,1,0.0000000000e+00
U621_U933_A,sa1,0,1,0.0000000000e+00
U612,sa0,8,1,3.5156250000e-02
U880_U612_A,sa0,,,3.5156250000e-02
U719,sa0,,,3.5156250000e-02
GT_146_U6_U719_A,sa1,,,3.5156250000e-02
U879_U612_C,sa0,,,3.5156250000e-02
U612,sa1,20,1,7.8125000000e-02
U621_U944_A,sa1,0,1,0.0000000000e+00
U621_U937_A,sa1,0,1,0.0000000000e+00
U935,sa1,3,1,3.9062500000e-02
U953,sa1,0,1,0.0000000000e+00
U948,sa1,5,1,7.8125000000e-02
U878,sa0,7,1,8.5937500000e-02
U637_U878_A,sa1,,,8.5937500000e-02
U878,sa1,0,1,0.0000000000e+00
U637_U878_A,sa0,,,0.0000000000e+00
SUB_60_U23_SUB_60_U90_B,sa1,0,1,0.0000000000e+00
SUB_60_U23_SUB_60_U77_B,sa1,30,0,3.0555725098e-03
SUB_60_U26,sa0,30,0,3.6656856537e-05
SUB_60_U95,sa0,,,3.6656856537e-05
SUB_60_U33_SUB_60_U95_A,sa0,,,3.6656856537e-05
SUB_60_U41_SUB_60_U95_B,sa0,,,3.6656856537e-05
SUB_60_U94,sa0,,,3.6656856537e-05
SUB_60_U67,sa0,,,3.6656856537e-05
SUB_60_U41_SUB_60_U67_A,sa1,,,3.6656856537e-05
SUB_60_U93,sa0,,,3.6656856537e-05
SUB_60_U33_SUB_60_U93_A,sa1,,,3.6656856537e-05
R794_U16_R794_U68_B,sa1,0,1,0.0000000000e+00
R794_U16_R794_U59_B,sa1,0,1,0.0000000000e+00
SUB_60_U77,sa1,30,0,2.5711059570e-03
U612_U771_A,sa1,0,1,0.0000000000e+00
U612_U772_C,sa1,20,1,7.8125000000e-02
U933,sa1,9,1,2.0312500000e-01
U944,sa1,3,1,8.5937500000e-02
U936,sa1,10,1,2.1093750000e-01
U769,sa0,150,0,4.5976042747e-04
U949,sa1,9,1,1.7187500000e-01
U878_U771_B,sa1,0,1,0.0000000000e+00
U878_U593_B,sa1,0,1,0.0000000000e+00
U878_U938_B,sa1,0,1,0.0000000000e+00
U878_U784_C,sa1,0,1,0.0000000000e+00
U878_U786_B,sa1,0,1,0.0000000000e+00
SUB_60_U71,sa0,30,0,2.8228759766e-03
SUB_60_U23_SUB_60_U71_A,sa1,,,2.8228759766e-03
SUB_60_U71,sa1,30,0,1.5029907227e-03
SUB_60_U23_SUB_60_U71_A,sa0,,,1.5029907227e-03
SUB_60_U90,sa1,30,0,5.3405761719e-05
SUB_60_U79,sa1,30,0,7.6446533203e-03
R794_U68,sa1,0,1,0.0000000000e+00
R794_U59,sa1,0,1,0.0000000000e+00
U661,sa0,4,1,2.9687500000e-01
U933,sa0,,,2.9687500000e-01
U621_U933_A,sa0,,,2.9687500000e-01
U932,sa0,,,2.9687500000e-01
U710_U932_A,sa0,,,2.9687500000e-01
U726_U932_B,sa0,,,2.9687500000e-01
RES_DISP_REG_SCAN_IN_U933_C,sa0,,,2.9687500000e-01
U705_U661_B,sa0,,,2.9687500000e-01
U661,sa1,14,1,7.0312500000e-01
U771,sa0,0,1,0.0000000000e+00
U612_U771_A,sa0,,,0.0000000000e+00
U878_U771_B,sa0,,,0.0000000000e+00
U950,sa1,5,1,7.8125000000e-02
U772,sa0,20,1,7.8125000000e-02
U611_U772_A,sa0,,,7.8125000000e-02
U726_U772_B,sa0,,,7.8125000000e-02
U612_U772_C,sa0,,,7.8125000000e-02
U771,sa1,9,1,3.5156250000e-02
U772,sa1,10,1,3.9062500000e-02
U593,sa0,7,1,8.5937500000e-02
U880_U593_A,sa0,,,8.5937500000e-02
U878_U593_B,sa0,,,8.5937500000e-02
U666,sa0,8,1,1.6406250000e-01
U589_stem_stem_stem_stem_U666_A,sa0,,,1.6406250000e-01
U944,sa0,,,1.6406250000e-01
U621_U944_A,sa0,,,1.6406250000e-01
U943,sa0,,,1.6406250000e-01
U942,sa0,,,1.6406250000e-01
U724_U942_A,sa0,,,1.6406250000e-01
U941,sa0,,,1.6406250000e-01
U726_U943_B,sa0,,,1.6406250000e-01
U593,sa1,0,1,0.0000000000e+00
U666,sa1,21,1,8.3593750000e-01
U784,sa0,18,1,7.4218750000e-02
GT_130_U6_U784_A,sa0,,,7.4218750000e-02
U723_U784_B,sa0,,,7.4218750000e-02
U878_U784_C,sa0,,,7.4218750000e-02
U937,sa1,3,1,3.9062500000e-02
U784,sa1,0,1,0.0000000000e+00
U938,sa1,0,1,0.0000000000e+00
U786,sa0,17,1,7.4218750000e-02
GT_126_U6_U786_A,sa0,,,7.4218750000e-02
U878_U786_B,sa0,,,7.4218750000e-02
U786,sa1,0,1,0.0000000000e+00
SUB_60_U71_SUB_60_U73_A,sa1,30,0,2.5100708008e-03
SUB_60_U71_SUB_60_U89_B,sa1,30,0,3.3572316170e-05
SUB_60_U89,sa1,0,1,0.0000000000e+00
R794_U27,sa0,0,1,0.0000000000e+00
R794_U68,sa0,,,0.0000000000e+00
U635_R794_U68_A,sa0,,,0.0000000000e+00
R794_U16_R794_U68_B,sa0,,,0.0000000000e+00
R794_U67,sa0,,,0.0000000000e+00
U637_R794_U67_A,sa0,,,0.0000000000e+00
R794_U17_R794_U67_B,sa0,,,0.0000000000e+00
R794_U27,sa1,20,1,7.8125000000e-02
U662,sa0,10,1,2.1093750000e-01
U589_stem_stem_stem_stem_U662_A,sa0,,,2.1093750000e-01
U937,sa0,,,2.1093750000e-01
U621_U937_A,sa0,,,2.1093750000e-01
U936,sa0,,,2.1093750000e-01
U724_U936_A,sa0,,,2.1093750000e-01
U726_U936_B,sa0,,,2.1093750000e-01
U935,sa0,,,2.1093750000e-01
U934,sa0,,,2.1093750000e-01
U720_U934_A,sa1,,,2.1093750000e-01
U725_U935_B,sa0,,,2.1093750000e-01
U593_U940_A,sa1,0,1,0.0000000000e+00
U662,sa1,26,1,7.8906250000e-01
U786_U622_A,sa1,0,1,0.0000000000e+00
U664,sa0,7,1,2.5000000000e-01
U589_stem_stem_stem_stem_U664_A,sa0,,,2.5000000000e-01
U938,sa0,,,2.5000000000e-01
U709_U938_A,sa0,,,2.5000000000e-01
U878_U938_B,sa0,,,2.5000000000e-01
U784_U642_B,sa1,0,1,0.0000000000e+00
U786_U640_B,sa1,0,1,0.0000000000e+00
U664,sa1,14,1,7.5000000000e-01
U593_U952_A,sa1,0,1,0.0000000000e+00
U593_U951_B,sa1,0,1,0.0000000000e+00
U667,sa0,9,1,1.7187500000e-01
U589_stem_stem_stem_stem_U667_A,sa0,,,1.7187500000e-01
U778_U667_B,sa0,,,1.7187500000e-01
U950,sa0,,,1.7187500000e-01
U774_U950_A,sa0,,,1.7187500000e-01
U949,sa0,,,1.7187500000e-01
U948,sa0,,,1.7187500000e-01
U723_U948_A,sa0,,,1.7187500000e-01
U947,sa0,,,1.7187500000e-01
U724_U947_A,sa0,,,1.7187500000e-01
U722,sa0,,,1.7187500000e-01
GT_130_U6_U722_A,sa1,,,1.7187500000e-01
U946,sa0,,,1.7187500000e-01
U725_U946_A,sa0,,,1.7187500000e-01
U945,sa0,,,1.7187500000e-01
U726_U949_B,sa0,,,1.7187500000e-01
U667,sa1,25,1,8.2812500000e-01
U784_U638_B,sa1,0,1,0.0000000000e+00
U784_U639_B,sa1,0,1,0.0000000000e+00
U786_U638_A,sa1,0,1,0.0000000000e+00
U593_U785_D,sa1,0,1,0.0000000000e+00
U593_U787_C,sa1,0,1,0.0000000000e+00
U771_U1031_B,sa1,10,1,3.9062500000e-02
U772_U1040_B,sa1,0,1,0.0000000000e+00
U772_U1032_B,sa1,10,1,3.9062500000e-02
U771_U1025_B,sa1,8,1,3.5156250000e-02
U772_U1034_B,sa1,6,1,2.3437500000e-02
U771_U1027_B,sa1,10,1,3.9062500000e-02
U772_U1036_B,sa1,3,1,1.5625000000e-02
U771_U1029_B,sa1,10,1,3.9062500000e-02
U772_U1038_B,sa1,6,1,2.3437500000e-02
SUB_60_U73,sa1,30,0,2.9220581055e-03
U940,sa1,4,1,4.6875000000e-02
U951,sa1,0,1,0.0000000000e+00
U952,sa1,9,1,3.5156250000e-02
U956,sa0,9,1,3.5156250000e-02
U772_U956_A,sa1,,,3.5156250000e-02
U785,sa0,9,1,2.1093750000e-01
U724_U785_A,sa0,,,2.1093750000e-01
U725_U785_B,sa0,,,2.1093750000e-01
GT_142_U6_U785_C,sa0,,,2.1093750000e-01
U593_U785_D,sa0,,,2.1093750000e-01
U957,sa0,19,1,1.2109375000e-01
U771_U957_A,sa1,,,1.2109375000e-01
U956,sa1,20,1,7.8125000000e-02
U772_U956_A,sa0,,,7.8125000000e-02
U785,sa1,3,1,3.9062500000e-02
U957,sa1,0,1,0.0000000000e+00
U771_U957_A,sa0,,,0.0000000000e+00
U787,sa0,17,1,7.0312500000e-02
GT_138_U6_U787_A,sa0,,,7.0312500000e-02
U724_U787_B,sa0,,,7.0312500000e-02
U593_U787_C,sa0,,,7.0312500000e-02
U787,sa1,2,1,7.8125000000e-03
U1040,sa1,11,1,4.2968750000e-02
SUB_60_U25,sa0,30,0,5.3405761719e-05
SUB_60_U90,sa0,,,5.3405761719e-05
SUB_60_U32_SUB_60_U90_A,sa0,,,5.3405761719e-05
SUB_60_U23_SUB_60_U90_B,sa0,,,5.3405761719e-05
SUB_60_U89,sa0,,,5.3405761719e-05
SUB_60_U88,sa0,,,5.3405761719e-05
SUB_60_U32_SUB_60_U88_A,sa1,,,5.3405761719e-05
SUB_60_U71_SUB_60_U89_B,sa0,,,5.3405761719e-05
R794_U27_R794_U71_A,sa1,20,1,7.8125000000e-02
SUB_60_U75,sa1,30,0,4.4097900391e-03
R794_U69,sa1,0,1,0.0000000000e+00
R794_U27_R794_U69_A,sa0,,,0.0000000000e+00
U785_U622_B,sa1,9,1,3.5156250000e-02
U665,sa0,11,1,2.0312500000e-01
U589_stem_stem_stem_stem_U665_A,sa0,,,2.0312500000e-01
U940,sa0,,,2.0312500000e-01
U593_U940_A,sa0,,,2.0312500000e-01
U939,sa0,,,2.0312500000e-01
U724_U939_A,sa0,,,2.0312500000e-01
U725_U939_B,sa0,,,2.0312500000e-01
U720_U939_C,sa0,,,2.0312500000e-01
U638,sa0,0,1,0.0000000000e+00
U786_U638_A,sa0,,,0.0000000000e+00
U784_U638_B,sa0,,,0.0000000000e+00
U951,sa0,,,0.0000000000e+00
GT_134_U6_U951_A,sa0,,,0.0000000000e+00
U593_U951_B,sa0,,,0.0000000000e+00
U787_U623_A,sa1,2,1,7.8125000000e-03
U665,sa1,28,1,7.9687500000e-01
U638,sa1,18,1,7.4218750000e-02
U787_U622_C,sa1,2,1,7.8125000000e-03
U785_U663_B,sa1,3,1,3.9062500000e-02
SUB_60_U6,sa0,30,0,6.4468383789e-03
SUB_60_U75,sa0,,,6.4468383789e-03
SUB_60_U74,sa0,,,6.4468383789e-03
SUB_60_U22_SUB_60_U74_A,sa0,,,6.4468383789e-03
TEMP_REG_7__SCAN_IN_SUB_60_U74_B,sa0,,,6.4468383789e-03
SUB_60_U85,sa0,,,6.4468383789e-03
SUB_60_U84,sa0,,,6.4468383789e-03
U624_SUB_60_U84_A,sa0,,,6.4468383789e-03
SUB_60_U39_SUB_60_U84_B,sa0,,,6.4468383789e-03
SUB_60_U83,sa0,,,6.4468383789e-03
SUB_60_U40_SUB_60_U83_A,sa0,,,6.4468383789e-03
TEMP_REG_8__SCAN_IN_SUB_60_U83_B,sa0,,,6.4468383789e-03
SUB_60_U73,sa0,,,6.4468383789e-03
SUB_60_U71_SUB_60_U73_A,sa0,,,6.4468383789e-03
SUB_60_U72,sa0,,,6.4468383789e-03
U632_SUB_60_U72_A,sa0,,,6.4468383789e-03
SUB_60_U21_SUB_60_U72_B,sa0,,,6.4468383789e-03
SUB_60_U79,sa0,,,6.4468383789e-03
SUB_60_U82,sa0,,,6.4468383789e-03
U624_SUB_60_U82_A,sa0,,,6.4468383789e-03
SUB_60_U39_SUB_60_U82_B,sa0,,,6.4468383789e-03
SUB_60_U81,sa0,,,6.4468383789e-03
SUB_60_U40_SUB_60_U81_A,sa0,,,6.4468383789e-03
TEMP_REG_8__SCAN_IN_SUB_60_U81_B,sa0,,,6.4468383789e-03
SUB_60_U78,sa0,,,6.4468383789e-03
U632_SUB_60_U78_A,sa0,,,6.4468383789e-03
SUB_60_U21_SUB_60_U78_B,sa0,,,6.4468383789e-03
SUB_60_U77,sa0,,,6.4468383789e-03
SUB_60_U76,sa0,,,6.4468383789e-03
SUB_60_U22_SUB_60_U76_A,sa0,,,6.4468383789e-03
TEMP_REG_7__SCAN_IN_SUB_60_U76_B,sa0,,,6.4468383789e-03
SUB_60_U23_SUB_60_U77_B,sa0,,,6.4468383789e-03
SUB_60_U6,sa1,30,0,8.9111328125e-03
U957_U1030_A,sa1,0,1,0.0000000000e+00
U956_U1041_A,sa1,0,1,0.0000000000e+00
U956_U1033_A,sa1,14,1,5.4687500000e-02
U957_U1024_A,sa1,0,1,0.0000000000e+00
U956_U1035_A,sa1,12,1,4.6875000000e-02
U957_U1026_A,sa1,0,1,0.0000000000e+00
U956_U1037_A,sa1,9,1,3.5156250000e-02
U957_U1028_A,sa1,0,1,0.0000000000e+00
U956_U1039_A,sa1,7,1,2.7343750000e-02
U638_R794_U53_A,sa1,18,1,7.4218750000e-02
U638_R794_U72_A,sa1,20,1,7.8125000000e-02
U622,sa0,9,1,3.5156250000e-02
U786_U622_A,sa0,,,3.5156250000e-02
U785_U622_B,sa0,,,3.5156250000e-02
U787_U622_C,sa0,,,3.5156250000e-02
U623,sa0,8,1,3.5156250000e-02
U787_U623_A,sa0,,,3.5156250000e-02
U778_U623_B,sa0,,,3.5156250000e-02
U952,sa0,,,3.5156250000e-02
U593_U952_A,sa0,,,3.5156250000e-02
U879_U952_B,sa0,,,3.5156250000e-02
U622,sa1,11,1,4.2968750000e-02
U623,sa1,11,1,4.2968750000e-02
U663,sa0,9,1,2.1093750000e-01
U589_stem_stem_stem_stem_U663_A,sa0,,,2.1093750000e-01
U785_U663_B,sa0,,,2.1093750000e-01
U663,sa1,23,1,7.8906250000e-01
SUB_60_U6_U592_A,sa1,30,0,7.8048706055e-03
SUB_60_U6_U862_C,sa0,0,1,0.0000000000e+00
U1030,sa1,0,1,0.0000000000e+00
U1041,sa1,5,1,1.9531250000e-02
U1033,sa1,0,1,0.0000000000e+00
U1024,sa1,5,1,1.2109375000e-01
U1035,sa1,1,1,7.8125000000e-03
U1026,sa1,0,1,0.0000000000e+00
U1037,sa1,4,1,1.5625000000e-02
U1028,sa1,0,1,0.0000000000e+00
U1039,sa1,4,1,1.5625000000e-02
R794_U14,sa0,0,1,0.0000000000e+00
U638_R794_U14_A,sa1,,,0.0000000000e+00
R794_U14,sa1,0,1,0.0000000000e+00
U638_R794_U14_A,sa0,,,0.0000000000e+00
R794_U53,sa1,0,1,0.0000000000e+00
R794_U72,sa1,0,1,0.0000000000e+00
U622_U641_A,sa1,11,1,4.2968750000e-02
U623_U640_C,sa1,11,1,4.2968750000e-02
U623_U642_C,sa1,11,1,4.2968750000e-02
U622_U639_C,sa1,11,1,4.2968750000e-02
U862,sa0,240,0,5.8493018150e-04
U592,sa0,30,0,3.0052661896e-03
SUB_60_U6_U592_A,sa0,,,3.0052661896e-03
FLAG_REG_SCAN_IN_U592_B,sa0,,,3.0052661896e-03
STATO_REG_0__SCAN_IN_U592_C,sa0,,,3.0052661896e-03
STATO_REG_1__SCAN_IN_U592_D,sa0,,,3.0052661896e-03
U862,sa1,30,0,3.3572316170e-05
SUB_60_U27,sa1,,,3.3572316170e-05
SUB_60_U28,sa1,,,3.3572316170e-05
SUB_60_U6_U862_C,sa1,,,3.3572316170e-05
SUB_60_U25,sa1,,,3.3572316170e-05
U769,sa1,,,3.3572316170e-05
SUB_60_U31,sa1,,,3.3572316170e-05
SUB_60_U7,sa1,,,3.3572316170e-05
SUB_60_U30,sa1,,,3.3572316170e-05
SUB_60_U29,sa1,,,3.3572316170e-05
SUB_60_U26,sa1,,,3.3572316170e-05
U592,sa1,120,0,1.5201568604e-02
U683,sa1,30,0,7.1105957031e-03
SUB_60_U6_U683_A,sa0,,,7.1105957031e-03
U768,sa0,16,1,6.2500000000e-02
U1041,sa0,,,6.2500000000e-02
U956_U1041_A,sa0,,,6.2500000000e-02
U759_U1041_B,sa0,,,6.2500000000e-02
U1040,sa0,,,6.2500000000e-02
U759_U1040_A,sa0,,,6.2500000000e-02
U772_U1040_B,sa0,,,6.2500000000e-02
U768,sa1,17,1,6.6406250000e-02
U702,sa0,30,0,6.9778442383e-02
U683,sa0,,,6.9778442383e-02
SUB_60_U6_U683_A,sa1,,,6.9778442383e-02
STATO_REG_1__SCAN_IN_U702_B,sa0,,,6.9778442383e-02
U702,sa1,30,0,1.3420104980e-02
U640,sa0,10,1,4.2968750000e-02
U953,sa0,,,4.2968750000e-02
U726_U953_A,sa0,,,4.2968750000e-02
U774_U953_B,sa0,,,4.2968750000e-02
GT_134_U6_U953_C,sa0,,,4.2968750000e-02
U880_U953_D,sa0,,,4.2968750000e-02
U786_U640_B,sa0,,,4.2968750000e-02
U623_U640_C,sa0,,,4.2968750000e-02
U592_U810_B,sa1,30,0,2.5341796875e-01
U641,sa0,11,1,4.2968750000e-02
U622_U641_A,sa0,,,4.2968750000e-02
U954,sa0,,,4.2968750000e-02
GT_122_U6_U954_A,sa0,,,4.2968750000e-02
U611_U954_B,sa0,,,4.2968750000e-02
U640,sa1,9,1,3.5156250000e-02
U642,sa0,11,1,4.2968750000e-02
U955,sa0,,,4.2968750000e-02
GT_122_U6_U955_A,sa0,,,4.2968750000e-02
U774_U955_B,sa0,,,4.2968750000e-02
U784_U642_B,sa0,,,4.2968750000e-02
U623_U642_C,sa0,,,4.2968750000e-02
U641,sa1,9,1,3.5156250000e-02
U592_U812_B,sa1,30,0,4.4393920898e-01
U642,sa1,9,1,3.5156250000e-02
U592_U804_B,sa1,30,0,8.6326122284e-02
U768_GT_160_U9_B,sa0,3,1,1.1718750000e-02
U592_U806_B,sa1,30,0,1.1016750336e-01
U862_U871_B,sa1,30,1,2.4414062500e-04
U592_U808_B,sa1,30,0,1.5783691406e-01
U639,sa0,11,1,4.2968750000e-02
U611_U639_A,sa0,,,4.2968750000e-02
U784_U639_B,sa0,,,4.2968750000e-02
U622_U639_C,sa0,,,4.2968750000e-02
U639,sa1,8,1,3.5156250000e-02
U768_GT_166_U7_B,sa1,3,1,1.1718750000e-02
U768_GT_184_U8_B,sa0,4,1,1.5625000000e-02
U862_U863_C,sa1,30,0,3.0130147934e-05
U768_GT_178_U7_A,sa1,3,1,1.1718750000e-02
U768_GT_172_U10_A,sa0,3,1,1.1718750000e-02
R794_U14_R794_U73_B,sa1,0,1,0.0000000000e+00
R794_U14_R794_U55_B,sa1,0,1,0.0000000000e+00
U641_R794_U41_A,sa1,3,1,1.1718750000e-02
U640_R794_U45_A,sa1,3,1,1.1718750000e-02
U640_R794_U82_A,sa1,4,1,1.5625000000e-02
U642_R794_U39_A,sa1,5,1,1.9531250000e-02
U641_R794_U87_A,sa1,5,1,1.9531250000e-02
R794_U55,sa1,0,1,0.0000000000e+00
R794_U73,sa1,0,1,0.0000000000e+00
U639_R794_U49_A,sa1,5,1,1.9531250000e-02
U639_R794_U77_A,sa1,6,1,2.3437500000e-02
U810,sa1,30,0,1.9874572754e-03
U812,sa1,30,0,6.9122314453e-03
U804,sa1,30,0,1.3408660889e-03
U702_U685_B,sa1,30,0,4.7302246094e-03
U806,sa1,30,0,1.3546943665e-03
U808,sa1,30,0,1.3551712036e-03
R794_U10,sa0,5,1,2.3437500000e-02
U640_R794_U10_A,sa1,,,2.3437500000e-02
R794_U10,sa1,8,1,3.1250000000e-02
U640_R794_U10_A,sa0,,,3.1250000000e-02
R794_U12,sa0,4,1,1.5625000000e-02
U639_R794_U12_A,sa1,,,1.5625000000e-02
R794_U12,sa1,11,1,4.2968750000e-02
U639_R794_U12_A,sa0,,,4.2968750000e-02
R794_U41,sa1,4,1,1.5625000000e-02
R794_U45,sa1,1,1,3.9062500000e-03
R794_U28,sa0,0,1,0.0000000000e+00
R794_U73,sa0,,,0.0000000000e+00
U636_R794_U73_A,sa0,,,0.0000000000e+00
R794_U14_R794_U73_B,sa0,,,0.0000000000e+00
R794_U72,sa0,,,0.0000000000e+00
U638_R794_U72_A,sa0,,,0.0000000000e+00
R794_U15_R794_U72_B,sa0,,,0.0000000000e+00
R794_U82,sa1,3,1,1.5625000000e-02
R794_U28,sa1,20,1,7.8125000000e-02
R794_U39,sa0,15,1,5.8593750000e-02
U642_R794_U39_A,sa0,,,5.8593750000e-02
R794_U19,sa0,,,5.8593750000e-02
U757_R794_U19_A,sa1,,,5.8593750000e-02
R794_U39,sa1,4,1,1.5625000000e-02
R794_U49,sa1,0,1,0.0000000000e+00
R794_U77,sa1,0,1,0.0000000000e+00
R794_U87,sa1,4,1,1.5625000000e-02
U685,sa0,30,0,4.9921417236e-01
U800,sa0,,,4.9921417236e-01
U702_U685_B,sa0,,,4.9921417236e-01
STATO_REG_0__SCAN_IN_U685_C,sa0,,,4.9921417236e-01
U685,sa1,30,0,7.0373535156e-02
U798,sa0,30,0,2.5882720947e-03
U702_U798_A,sa1,,,2.5882720947e-03
U798,sa1,30,0,1.0154724121e-02
U702_U798_A,sa0,,,1.0154724121e-02
R794_U8,sa0,4,1,1.5625000000e-02
U641_R794_U8_A,sa1,,,1.5625000000e-02
R794_U7,sa1,7,1,2.7343750000e-02
U642_R794_U7_A,sa0,,,2.7343750000e-02
R794_U8,sa1,7,1,2.7343750000e-02
U641_R794_U8_A,sa0,,,2.7343750000e-02
R794_U39_R794_U91_B,sa1,2,1,7.8125000000e-03
R794_U28_R794_U76_A,sa1,20,1,7.8125000000e-02
R794_U62,sa1,4,1,1.5625000000e-02
U685_U872_A,sa1,30,0,7.6171875000e-02
U798_U871_A,sa1,30,0,1.9397735596e-02
U798_U863_A,sa1,30,0,5.9814453125e-03
R794_U8_R794_U43_B,sa1,0,1,0.0000000000e+00
R794_U39_R794_U6_A,sa1,4,1,1.5625000000e-02
R794_U8_R794_U88_B,sa1,7,1,2.7343750000e-02
R794_U12_R794_U51_B,sa1,0,1,0.0000000000e+00
R794_U10_R794_U83_B,sa1,8,1,3.1250000000e-02
R794_U10_R794_U47_B,sa1,0,1,0.0000000000e+00
R794_U12_R794_U78_B,sa1,11,1,4.2968750000e-02
R794_U39_R794_U42_B,sa1,2,1,7.8125000000e-03
R794_U40,sa1,10,1,3.9062500000e-02
R794_U39_R794_U40_A,sa0,,,3.9062500000e-02
R794_U42,sa1,9,1,3.5156250000e-02
R794_U51,sa1,4,1,1.5625000000e-02
R794_U43,sa1,2,1,7.8125000000e-03
R794_U74,sa1,0,1,0.0000000000e+00
R794_U28_R794_U74_A,sa0,,,0.0000000000e+00
R794_U47,sa1,4,1,1.5625000000e-02
R794_U83,sa1,6,1,2.3437500000e-02
R794_U78,sa1,3,1,1.1718750000e-02
R794_U88,sa1,4,1,1.5625000000e-02
U801,sa1,30,0,4.8603057861e-01
U685_U801_A,sa0,,,4.8603057861e-01
U871,sa1,30,0,4.9896240234e-03
U863,sa1,30,0,9.3173980713e-04
U872,sa1,30,0,3.1272888184e-01
R794_U6,sa1,12,1,4.6875000000e-02
R794_U30,sa0,9,1,3.9062500000e-02
R794_U83,sa0,,,3.9062500000e-02
U753_R794_U83_A,sa0,,,3.9062500000e-02
R794_U10_R794_U83_B,sa0,,,3.9062500000e-02
R794_U82,sa0,,,3.9062500000e-02
U640_R794_U82_A,sa0,,,3.9062500000e-02
R794_U11_R794_U82_B,sa0,,,3.9062500000e-02
R794_U31,sa0,8,1,3.1250000000e-02
R794_U88,sa0,,,3.1250000000e-02
U755_R794_U88_A,sa0,,,3.1250000000e-02
R794_U8_R794_U88_B,sa0,,,3.1250000000e-02
R794_U87,sa0,,,3.1250000000e-02
U641_R794_U87_A,sa0,,,3.1250000000e-02
R794_U9_R794_U87_B,sa0,,,3.1250000000e-02
R794_U30,sa1,12,1,4.6875000000e-02
R794_U31,sa1,12,1,4.6875000000e-02
R794_U38,sa0,12,1,5.0781250000e-02
R794_U43,sa0,,,5.0781250000e-02
U755_R794_U43_A,sa0,,,5.0781250000e-02
R794_U8_R794_U43_B,sa0,,,5.0781250000e-02
R794_U42,sa0,,,5.0781250000e-02
R794_U41,sa0,,,5.0781250000e-02
U641_R794_U41_A,sa0,,,5.0781250000e-02
R794_U9_R794_U41_B,sa0,,,5.0781250000e-02
R794_U39_R794_U42_B,sa0,,,5.0781250000e-02
R794_U29,sa0,3,1,1.1718750000e-02
R794_U78,sa0,,,1.1718750000e-02
U751_R794_U78_A,sa0,,,1.1718750000e-02
R794_U12_R794_U78_B,sa0,,,1.1718750000e-02
R794_U77,sa0,,,1.1718750000e-02
U639_R794_U77_A,sa0,,,1.1718750000e-02
R794_U13_R794_U77_B,sa0,,,1.1718750000e-02
R794_U38,sa1,6,1,2.3437500000e-02
R794_U29,sa1,17,1,6.6406250000e-02
U803,sa0,30,0,7.2753143311e-01
U801,sa0,,,7.2753143311e-01
U685_U801_A,sa1,,,7.2753143311e-01
U802,sa0,,,7.2753143311e-01
U684,sa0,,,7.2753143311e-01
FLAG_REG_SCAN_IN_U684_A,sa1,,,7.2753143311e-01
STATO_REG_1__SCAN_IN_U802_B,sa0,,,7.2753143311e-01
U803,sa1,30,0,1.2490844727e-01
U770,sa0,30,0,2.3619830608e-02
U799_U770_A,sa0,,,2.3619830608e-02
U863,sa0,,,2.3619830608e-02
U798_U863_A,sa0,,,2.3619830608e-02
SUB_73_U6,sa0,,,2.3619830608e-02
SUB_73_U49,sa0,,,2.3619830608e-02
SUB_73_U48,sa0,,,2.3619830608e-02
SUB_73_U20_SUB_73_U48_A,sa0,,,2.3619830608e-02
MAX_REG_7__SCAN_IN_SUB_73_U48_B,sa0,,,2.3619830608e-02
SUB_73_U58,sa0,,,2.3619830608e-02
SUB_73_U57,sa0,,,2.3619830608e-02
U624_SUB_73_U57_A,sa0,,,2.3619830608e-02
SUB_73_U22_SUB_73_U57_B,sa0,,,2.3619830608e-02
SUB_73_U56,sa0,,,2.3619830608e-02
SUB_73_U23_SUB_73_U56_A,sa0,,,2.3619830608e-02
MAX_REG_8__SCAN_IN_SUB_73_U56_B,sa0,,,2.3619830608e-02
SUB_73_U47,sa0,,,2.3619830608e-02
SUB_73_U45,sa0,,,2.3619830608e-02
SUB_73_U21_SUB_73_U45_A,sa1,,,2.3619830608e-02
SUB_73_U46,sa0,,,2.3619830608e-02
U632_SUB_73_U46_A,sa0,,,2.3619830608e-02
SUB_73_U19_SUB_73_U46_B,sa0,,,2.3619830608e-02
SUB_73_U53,sa0,,,2.3619830608e-02
SUB_73_U55,sa0,,,2.3619830608e-02
U624_SUB_73_U55_A,sa0,,,2.3619830608e-02
SUB_73_U22_SUB_73_U55_B,sa0,,,2.3619830608e-02
SUB_73_U54,sa0,,,2.3619830608e-02
SUB_73_U23_SUB_73_U54_A,sa0,,,2.3619830608e-02
MAX_REG_8__SCAN_IN_SUB_73_U54_B,sa0,,,2.3619830608e-02
SUB_73_U52,sa0,,,2.3619830608e-02
U632_SUB_73_U52_A,sa0,,,2.3619830608e-02
SUB_73_U19_SUB_73_U52_B,sa0,,,2.3619830608e-02
SUB_73_U51,sa0,,,2.3619830608e-02
SUB_73_U50,sa0,,,2.3619830608e-02
SUB_73_U20_SUB_73_U50_A,sa0,,,2.3619830608e-02
MAX_REG_7__SCAN_IN_SUB_73_U50_B,sa0,,,2.3619830608e-02
SUB_73_U21_SUB_73_U51_B,sa0,,,2.3619830608e-02
U862_U863_C,sa0,,,2.3619830608e-02
U770,sa1,30,0,5.7040631771e-02
U668,sa0,30,0,3.2421112061e-01
U872,sa0,,,3.2421112061e-01
U685_U872_A,sa0,,,3.2421112061e-01
FLAG_REG_SCAN_IN_U872_B,sa0,,,3.2421112061e-01
U871,sa0,,,3.2421112061e-01
U798_U871_A,sa0,,,3.2421112061e-01
U862_U871_B,sa0,,,3.2421112061e-01
STATO_REG_0__SCAN_IN_U871_C,sa0,,,3.2421112061e-01
U668,sa1,30,0,4.4658660889e-01
U1038,sa1,8,1,3.1250000000e-02
R794_U38_R794_U46_B,sa1,0,1,0.0000000000e+00
R794_U38_R794_U86_B,sa1,6,1,2.3437500000e-02
U803_U811_A,sa1,30,0,6.4514160156e-02
U803_U813_A,sa1,30,0,6.6528320313e-02
U803_U805_A,sa1,30,0,6.2927246094e-02
U803_U807_A,sa1,30,0,6.3354492188e-02
U803_U809_A,sa1,30,0,6.4208984375e-02
U770_U981_A,sa1,30,0,5.0910949707e-02
U770_U991_A,sa1,30,0,7.1533203125e-02
U770_U983_A,sa1,30,0,5.8250427246e-02
U770_U993_A,sa1,30,0,4.7480106354e-02
U767,sa0,12,1,4.6875000000e-02
U1039,sa0,,,4.6875000000e-02
U956_U1039_A,sa0,,,4.6875000000e-02
U757_U1039_B,sa0,,,4.6875000000e-02
U1038,sa0,,,4.6875000000e-02
R794_U6,sa0,,,4.6875000000e-02
R794_U39_R794_U6_A,sa0,,,4.6875000000e-02
R794_U62,sa0,,,4.6875000000e-02
U757_R794_U62_A,sa0,,,4.6875000000e-02
R794_U7,sa0,,,4.6875000000e-02
U642_R794_U7_A,sa1,,,4.6875000000e-02
U772_U1038_B,sa0,,,4.6875000000e-02
U770_U985_A,sa1,30,0,5.9051513672e-02
U767,sa1,18,1,7.0312500000e-02
U770_U977_A,sa1,30,0,4.5010209084e-02
U770_U987_A,sa1,30,0,5.2024841309e-02
U770_U979_A,sa1,30,0,5.0422668457e-02
U770_U989_A,sa1,30,0,3.1475663185e-02
R794_U31_R794_U91_A,sa1,10,1,3.9062500000e-02
R794_U30_R794_U86_A,sa1,10,1,4.6875000000e-02
R794_U29_R794_U81_A,sa1,17,1,6.6406250000e-02
R794_U44,sa1,10,1,4.6875000000e-02
R794_U38_R794_U44_A,sa0,,,4.6875000000e-02
R794_U46,sa1,9,1,3.5156250000e-02
R794_U91,sa1,6,1,2.3437500000e-02
R794_U84,sa1,6,1,2.3437500000e-02
R794_U30_R794_U84_A,sa0,,,2.3437500000e-02
R794_U86,sa1,2,1,1.5625000000e-02
R794_U79,sa1,3,1,1.1718750000e-02
R794_U29_R794_U79_A,sa0,,,1.1718750000e-02
R794_U89,sa1,2,1,7.8125000000e-03
R794_U31_R794_U89_A,sa0,,,7.8125000000e-03
U811,sa1,30,0,3.8049316406e-01
U767_GT_160_U9_A,sa0,0,1,0.0000000000e+00
U813,sa1,30,0,3.8143920898e-01
U805,sa1,30,0,3.8097381592e-01
U767_GT_181_U8_B,sa0,3,1,1.1718750000e-02
U807,sa1,30,0,3.8097381592e-01
U767_GT_166_U7_A,sa1,3,1,1.1718750000e-02
U767_GT_184_U8_A,sa0,0,1,0.0000000000e+00
U864,sa0,30,0,5.0726318359e-01
U770_U864_A,sa1,,,5.0726318359e-01
U809,sa1,30,0,3.8097381592e-01
U864,sa1,30,0,9.1758728027e-02
U770_U864_A,sa0,,,9.1758728027e-02
U981,sa1,30,0,2.7439355850e-02
U991,sa1,30,0,3.5227775574e-02
U983,sa1,30,0,1.9629001617e-02
U767_GT_178_U7_B,sa1,4,1,1.5625000000e-02
U767_GT_169_U7_B,sa1,6,1,2.3437500000e-02
U993,sa1,30,0,2.7467727661e-02
U985,sa1,30,0,2.7401685715e-02
U977,sa1,30,0,2.3549079895e-02
U987,sa1,30,0,1.9626855850e-02
U979,sa1,30,0,3.1343936920e-02
U989,sa1,30,0,3.6174774170e-02
U767_GT_172_U10_B,sa0,0,1,0.0000000000e+00
R794_U37,sa0,15,1,5.8593750000e-02
R794_U47,sa0,,,5.8593750000e-02
U753_R794_U47_A,sa0,,,5.8593750000e-02
R794_U10_R794_U47_B,sa0,,,5.8593750000e-02
R794_U46,sa0,,,5.8593750000e-02
R794_U45,sa0,,,5.8593750000e-02
U640_R794_U45_A,sa0,,,5.8593750000e-02
R794_U11_R794_U45_B,sa0,,,5.8593750000e-02
R794_U38_R794_U46_B,sa0,,,5.8593750000e-02
R794_U90,sa1,2,1,7.8125000000e-03
R794_U37,sa1,3,1,1.1718750000e-02
R794_U85,sa1,0,1,0.0000000000e+00
U680,sa0,30,0,3.7874174118e-01
U805,sa0,,,3.7874174118e-01
U803_U805_A,sa0,,,3.7874174118e-01
NUM_REG_4__SCAN_IN_U805_B,sa0,,,3.7874174118e-01
U804,sa0,,,3.7874174118e-01
ADD_283_U11,sa0,,,3.7874174118e-01
ADD_283_U21,sa0,,,3.7874174118e-01
ADD_283_U19,sa0,,,3.7874174118e-01
ADD_283_U16_ADD_283_U19_A,sa1,,,3.7874174118e-01
ADD_283_U15,sa0,,,3.7874174118e-01
NUM_REG_4__SCAN_IN_ADD_283_U15_A,sa1,,,3.7874174118e-01
ADD_283_U20,sa0,,,3.7874174118e-01
ADD_283_U16_ADD_283_U20_A,sa0,,,3.7874174118e-01
NUM_REG_4__SCAN_IN_ADD_283_U20_B,sa0,,,3.7874174118e-01
U592_U804_B,sa0,,,3.7874174118e-01
U680,sa1,30,0,5.5884742737e-01
GT_178_U7,sa0,3,1,1.1718750000e-02
U768_GT_178_U7_A,sa0,,,1.1718750000e-02
U767_GT_178_U7_B,sa0,,,1.1718750000e-02
U676,sa0,30,0,3.8044738770e-01
U813,sa0,,,3.8044738770e-01
U803_U813_A,sa0,,,3.8044738770e-01
NUM_REG_0__SCAN_IN_U813_B,sa0,,,3.8044738770e-01
U812,sa0,,,3.8044738770e-01
ADD_283_U5_U812_A,sa0,,,3.8044738770e-01
U592_U812_B,sa0,,,3.8044738770e-01
U864_U980_A,sa1,30,0,2.4877548218e-02
U677,sa0,30,0,3.7928199768e-01
U811,sa0,,,3.7928199768e-01
U803_U811_A,sa0,,,3.7928199768e-01
NUM_REG_1__SCAN_IN_U811_B,sa0,,,3.7928199768e-01
U810,sa0,,,3.7928199768e-01
ADD_283_U14,sa0,,,3.7928199768e-01
ADD_283_U27,sa0,,,3.7928199768e-01
ADD_283_U6,sa0,,,3.7928199768e-01
NUM_REG_1__SCAN_IN_ADD_283_U6_A,sa1,,,3.7928199768e-01
NUM_REG_0__SCAN_IN_ADD_283_U27_B,sa0,,,3.7928199768e-01
ADD_283_U26,sa0,,,3.7928199768e-01
ADD_283_U5_ADD_283_U26_A,sa0,,,3.7928199768e-01
NUM_REG_1__SCAN_IN_ADD_283_U26_B,sa0,,,3.7928199768e-01
U592_U810_B,sa0,,,3.7928199768e-01
U676,sa1,30,0,5.0511741638e-01
U864_U990_A,sa1,30,0,1.5694379807e-02
U678,sa0,30,0,3.7925720215e-01
U809,sa0,,,3.7925720215e-01
U803_U809_A,sa0,,,3.7925720215e-01
NUM_REG_2__SCAN_IN_U809_B,sa0,,,3.7925720215e-01
U808,sa0,,,3.7925720215e-01
ADD_283_U13,sa0,,,3.7925720215e-01
ADD_283_U25,sa0,,,3.7925720215e-01
ADD_283_U17_ADD_283_U25_A,sa0,,,3.7925720215e-01
ADD_283_U8,sa0,,,3.7925720215e-01
NUM_REG_2__SCAN_IN_ADD_283_U8_A,sa1,,,3.7925720215e-01
ADD_283_U24,sa0,,,3.7925720215e-01
ADD_283_U7_ADD_283_U24_A,sa0,,,3.7925720215e-01
NUM_REG_2__SCAN_IN_ADD_283_U24_B,sa0,,,3.7925720215e-01
U592_U808_B,sa0,,,3.7925720215e-01
U677,sa1,30,0,5.3344726563e-01
U864_U982_A,sa1,30,0,8.0299377441e-03
U679,sa0,30,0,3.7918853760e-01
U807,sa0,,,3.7918853760e-01
U803_U807_A,sa0,,,3.7918853760e-01
NUM_REG_3__SCAN_IN_U807_B,sa0,,,3.7918853760e-01
U806,sa0,,,3.7918853760e-01
ADD_283_U12,sa0,,,3.7918853760e-01
ADD_283_U23,sa0,,,3.7918853760e-01
ADD_283_U18_ADD_283_U23_A,sa0,,,3.7918853760e-01
ADD_283_U10,sa0,,,3.7918853760e-01
NUM_REG_3__SCAN_IN_ADD_283_U10_A,sa1,,,3.7918853760e-01
ADD_283_U22,sa0,,,3.7918853760e-01
ADD_283_U9_ADD_283_U22_A,sa0,,,3.7918853760e-01
NUM_REG_3__SCAN_IN_ADD_283_U22_B,sa0,,,3.7918853760e-01
U592_U806_B,sa0,,,3.7918853760e-01
U678,sa1,30,0,5.4804229736e-01
U864_U992_A,sa1,30,0,7.0373833179e-02
U679,sa1,30,0,5.5525588989e-01
U864_U984_A,sa1,30,0,5.0909519196e-02
U864_U976_A,sa1,30,0,9.5306396484e-02
U864_U986_A,sa1,30,0,5.5028676987e-02
U864_U978_A,sa1,30,0,3.7502288818e-02
U864_U988_A,sa1,30,0,4.6935439110e-02
GT_172_U10,sa1,3,1,1.1718750000e-02
U768_GT_172_U10_A,sa1,,,1.1718750000e-02
U767_GT_172_U10_B,sa1,,,1.1718750000e-02
R794_U25,sa1,18,1,7.0312500000e-02
R794_U26,sa1,12,1,4.6875000000e-02
U980,sa1,30,0,2.6251602173e-01
U990,sa1,30,0,2.6288223267e-01
U982,sa1,30,0,2.6214981079e-01
U992,sa1,30,0,2.6208996773e-01
U984,sa1,30,0,2.6379776001e-01
U976,sa1,30,0,2.7317014337e-01
U986,sa1,30,0,2.6078423858e-01
U978,sa1,30,0,2.6880264282e-01
U988,sa1,30,0,2.6092910767e-01
R794_U37_R794_U50_B,sa1,0,1,0.0000000000e+00
R794_U37_R794_U81_B,sa1,3,1,1.1718750000e-02
R794_U50,sa1,15,1,5.8593750000e-02
R794_U81,sa1,0,1,0.0000000000e+00
R794_U48,sa1,17,1,6.6406250000e-02
R794_U37_R794_U48_A,sa0,,,6.6406250000e-02
U740,sa0,30,0,3.0790436268e-01
U985,sa0,,,3.0790436268e-01
U770_U985_A,sa0,,,3.0790436268e-01
U629_U985_B,sa0,,,3.0790436268e-01
U984,sa0,,,3.0790436268e-01
U864_U984_A,sa0,,,3.0790436268e-01
MAX_REG_4__SCAN_IN_U984_B,sa0,,,3.0790436268e-01
U741,sa0,30,0,2.9182907939e-01
U987,sa0,,,2.9182907939e-01
U770_U987_A,sa0,,,2.9182907939e-01
U861_U987_B,sa0,,,2.9182907939e-01
U986,sa0,,,2.9182907939e-01
U864_U986_A,sa0,,,2.9182907939e-01
MAX_REG_3__SCAN_IN_U986_B,sa0,,,2.9182907939e-01
U740,sa1,30,0,3.5949802399e-01
U742,sa0,30,0,3.1977844238e-01
U989,sa0,,,3.1977844238e-01
U770_U989_A,sa0,,,3.1977844238e-01
U627_U989_B,sa0,,,3.1977844238e-01
U988,sa0,,,3.1977844238e-01
U864_U988_A,sa0,,,3.1977844238e-01
MAX_REG_2__SCAN_IN_U988_B,sa0,,,3.1977844238e-01
U741,sa1,30,0,3.6327743530e-01
U743,sa0,30,0,3.2224726677e-01
U991,sa0,,,3.2224726677e-01
U770_U991_A,sa0,,,3.2224726677e-01
U626_U991_B,sa0,,,3.2224726677e-01
U990,sa0,,,3.2224726677e-01
U864_U990_A,sa0,,,3.2224726677e-01
MAX_REG_1__SCAN_IN_U990_B,sa0,,,3.2224726677e-01
U742,sa1,30,0,3.5993576050e-01
U744,sa0,30,0,2.8490477800e-01
U993,sa0,,,2.8490477800e-01
U770_U993_A,sa0,,,2.8490477800e-01
U625_U993_B,sa0,,,2.8490477800e-01
U992,sa0,,,2.8490477800e-01
U864_U992_A,sa0,,,2.8490477800e-01
MAX_REG_0__SCAN_IN_U992_B,sa0,,,2.8490477800e-01
U743,sa1,30,0,2.8602647781e-01
U744,sa1,30,0,3.6730432510e-01
U736,sa0,30,0,2.9154539108e-01
U977,sa0,,,2.9154539108e-01
U770_U977_A,sa0,,,2.9154539108e-01
U624_U977_B,sa0,,,2.9154539108e-01
U976,sa0,,,2.9154539108e-01
U864_U976_A,sa0,,,2.9154539108e-01
MAX_REG_8__SCAN_IN_U976_B,sa0,,,2.9154539108e-01
U737,sa0,30,0,2.9227101803e-01
U979,sa0,,,2.9227101803e-01
U770_U979_A,sa0,,,2.9227101803e-01
U632_U979_B,sa0,,,2.9227101803e-01
U978,sa0,,,2.9227101803e-01
U864_U978_A,sa0,,,2.9227101803e-01
MAX_REG_7__SCAN_IN_U978_B,sa0,,,2.9227101803e-01
U736,sa1,30,0,4.7033119202e-01
U738,sa0,30,0,2.8464937210e-01
U981,sa0,,,2.8464937210e-01
U770_U981_A,sa0,,,2.8464937210e-01
U631_U981_B,sa0,,,2.8464937210e-01
U980,sa0,,,2.8464937210e-01
U864_U980_A,sa0,,,2.8464937210e-01
MAX_REG_6__SCAN_IN_U980_B,sa0,,,2.8464937210e-01
U737,sa1,30,0,3.1615447998e-01
U739,sa0,30,0,2.9148435593e-01
U983,sa0,,,2.9148435593e-01
U770_U983_A,sa0,,,2.9148435593e-01
U859_U983_B,sa0,,,2.9148435593e-01
U982,sa0,,,2.9148435593e-01
U864_U982_A,sa0,,,2.9148435593e-01
MAX_REG_5__SCAN_IN_U982_B,sa0,,,2.9148435593e-01
U738,sa1,30,0,3.2743072510e-01
U739,sa1,30,0,2.8659057617e-01
U1034,sa1,2,1,1.5625000000e-02
U1036,sa1,8,1,3.1250000000e-02
R794_U36,sa0,19,1,7.4218750000e-02
R794_U51,sa0,,,7.4218750000e-02
U751_R794_U51_A,sa0,,,7.4218750000e-02
R794_U12_R794_U51_B,sa0,,,7.4218750000e-02
R794_U50,sa0,,,7.4218750000e-02
R794_U49,sa0,,,7.4218750000e-02
U639_R794_U49_A,sa0,,,7.4218750000e-02
R794_U13_R794_U49_B,sa0,,,7.4218750000e-02
R794_U37_R794_U50_B,sa0,,,7.4218750000e-02
R794_U80,sa1,0,1,0.0000000000e+00
R794_U36,sa1,0,1,0.0000000000e+00
U765,sa0,5,1,2.3437500000e-02
U1035,sa0,,,2.3437500000e-02
U956_U1035_A,sa0,,,2.3437500000e-02
U753_U1035_B,sa0,,,2.3437500000e-02
U1034,sa0,,,2.3437500000e-02
R794_U25,sa0,,,2.3437500000e-02
R794_U86,sa0,,,2.3437500000e-02
R794_U30_R794_U86_A,sa0,,,2.3437500000e-02
R794_U38_R794_U86_B,sa0,,,2.3437500000e-02
R794_U85,sa0,,,2.3437500000e-02
R794_U44,sa0,,,2.3437500000e-02
R794_U38_R794_U44_A,sa1,,,2.3437500000e-02
R794_U84,sa0,,,2.3437500000e-02
R794_U30_R794_U84_A,sa1,,,2.3437500000e-02
U772_U1034_B,sa0,,,2.3437500000e-02
U766,sa0,12,1,4.6875000000e-02
U1037,sa0,,,4.6875000000e-02
U956_U1037_A,sa0,,,4.6875000000e-02
U755_U1037_B,sa0,,,4.6875000000e-02
U1036,sa0,,,4.6875000000e-02
R794_U26,sa0,,,4.6875000000e-02
R794_U91,sa0,,,4.6875000000e-02
R794_U31_R794_U91_A,sa0,,,4.6875000000e-02
R794_U39_R794_U91_B,sa0,,,4.6875000000e-02
R794_U90,sa0,,,4.6875000000e-02
R794_U40,sa0,,,4.6875000000e-02
R794_U39_R794_U40_A,sa1,,,4.6875000000e-02
R794_U89,sa0,,,4.6875000000e-02
R794_U31_R794_U89_A,sa1,,,4.6875000000e-02
U772_U1036_B,sa0,,,4.6875000000e-02
U765,sa1,26,1,1.0546875000e-01
U766,sa1,18,1,7.0312500000e-02
R794_U36_R794_U76_B,sa1,0,1,0.0000000000e+00
R794_U24,sa1,20,1,7.8125000000e-02
U765_GT_160_U7_A,sa1,22,1,8.5937500000e-02
U765_GT_181_U8_A,sa0,0,1,0.0000000000e+00
U766_GT_172_U7_A,sa1,7,1,3.9062500000e-02
U766_GT_160_U9_C,sa0,0,1,0.0000000000e+00
U765_GT_172_U9_B,sa0,0,1,0.0000000000e+00
U765_GT_163_U7_E,sa0,3,1,1.1718750000e-02
U766_GT_181_U8_D,sa0,0,1,0.0000000000e+00
U765_GT_175_U8_B,sa0,0,1,0.0000000000e+00
U765_GT_166_U9_B,sa0,0,1,0.0000000000e+00
U766_GT_166_U7_C,sa1,3,1,1.1718750000e-02
U766_GT_175_U8_C,sa0,3,1,1.1718750000e-02
U765_GT_184_U8_D,sa0,0,1,0.0000000000e+00
U766_GT_184_U8_C,sa0,0,1,0.0000000000e+00
U765_GT_178_U9_A,sa0,0,1,0.0000000000e+00
U766_GT_169_U7_A,sa1,4,1,2.3437500000e-02
U765_GT_169_U9_B,sa0,0,1,0.0000000000e+00
U766_GT_178_U9_B,sa0,0,1,0.0000000000e+00
R794_U36_R794_U54_B,sa1,0,1,0.0000000000e+00
R794_U52,sa1,20,1,7.8125000000e-02
R794_U36_R794_U52_A,sa0,,,7.8125000000e-02
R794_U54,sa1,19,1,7.4218750000e-02
R794_U76,sa1,0,1,0.0000000000e+00
GT_172_U7,sa0,3,1,1.1718750000e-02
U766_GT_172_U7_A,sa0,,,1.1718750000e-02
GT_172_U10,sa0,,,1.1718750000e-02
GT_160_U9,sa1,3,1,1.1718750000e-02
U767_GT_160_U9_A,sa1,,,1.1718750000e-02
U768_GT_160_U9_B,sa1,,,1.1718750000e-02
U766_GT_160_U9_C,sa1,,,1.1718750000e-02
GT_166_U7,sa0,3,1,1.1718750000e-02
U767_GT_166_U7_A,sa0,,,1.1718750000e-02
U768_GT_166_U7_B,sa0,,,1.1718750000e-02
U766_GT_166_U7_C,sa0,,,1.1718750000e-02
GT_184_U8,sa0,4,1,1.5625000000e-02
GT_169_U7,sa0,3,1,1.1718750000e-02
U766_GT_169_U7_A,sa0,,,1.1718750000e-02
U767_GT_169_U7_B,sa0,,,1.1718750000e-02
U1032,sa1,0,1,0.0000000000e+00
R794_U35,sa0,17,1,7.4218750000e-02
R794_U55,sa0,,,7.4218750000e-02
U636_R794_U55_A,sa0,,,7.4218750000e-02
R794_U14_R794_U55_B,sa0,,,7.4218750000e-02
R794_U54,sa0,,,7.4218750000e-02
R794_U53,sa0,,,7.4218750000e-02
U638_R794_U53_A,sa0,,,7.4218750000e-02
R794_U15_R794_U53_B,sa0,,,7.4218750000e-02
R794_U36_R794_U54_B,sa0,,,7.4218750000e-02
R794_U35,sa1,0,1,0.0000000000e+00
R794_U75,sa1,0,1,0.0000000000e+00
GT_160_U7,sa0,3,1,1.1718750000e-02
U765_GT_160_U7_A,sa0,,,1.1718750000e-02
GT_160_U9,sa0,,,1.1718750000e-02
U764,sa0,0,1,0.0000000000e+00
U1033,sa0,,,0.0000000000e+00
U956_U1033_A,sa0,,,0.0000000000e+00
U751_U1033_B,sa0,,,0.0000000000e+00
U1032,sa0,,,0.0000000000e+00
R794_U24,sa0,,,0.0000000000e+00
R794_U81,sa0,,,0.0000000000e+00
R794_U29_R794_U81_A,sa0,,,0.0000000000e+00
R794_U37_R794_U81_B,sa0,,,0.0000000000e+00
R794_U80,sa0,,,0.0000000000e+00
R794_U48,sa0,,,0.0000000000e+00
R794_U37_R794_U48_A,sa1,,,0.0000000000e+00
R794_U79,sa0,,,0.0000000000e+00
R794_U29_R794_U79_A,sa1,,,0.0000000000e+00
U772_U1032_B,sa0,,,0.0000000000e+00
U764,sa1,30,1,1.1718750000e-01
R794_U35_R794_U58_B,sa1,0,1,0.0000000000e+00
R794_U23,sa1,20,1,7.8125000000e-02
U764_GT_172_U9_A,sa0,0,1,0.0000000000e+00
U764_GT_160_U8_E,sa0,0,1,0.0000000000e+00
U764_GT_181_U8_C,sa0,0,1,0.0000000000e+00
U764_GT_163_U7_D,sa0,0,1,0.0000000000e+00
U764_GT_175_U8_A,sa0,0,1,0.0000000000e+00
U764_GT_184_U6_D,sa0,0,1,0.0000000000e+00
U764_GT_166_U9_A,sa0,0,1,0.0000000000e+00
U764_GT_169_U9_A,sa0,0,1,0.0000000000e+00
U764_GT_178_U9_C,sa0,0,1,0.0000000000e+00
R794_U35_R794_U71_B,sa1,0,1,0.0000000000e+00
R794_U71,sa1,0,1,0.0000000000e+00
R794_U56,sa1,20,1,7.8125000000e-02
R794_U35_R794_U56_A,sa0,,,7.8125000000e-02
R794_U58,sa1,18,1,7.4218750000e-02
U1031,sa1,0,1,0.0000000000e+00
R794_U70,sa1,0,1,0.0000000000e+00
R794_U18,sa0,18,1,7.4218750000e-02
R794_U59,sa0,,,7.4218750000e-02
U635_R794_U59_A,sa0,,,7.4218750000e-02
R794_U16_R794_U59_B,sa0,,,7.4218750000e-02
R794_U58,sa0,,,7.4218750000e-02
R794_U57,sa0,,,7.4218750000e-02
U637_R794_U57_A,sa0,,,7.4218750000e-02
R794_U17_R794_U57_B,sa0,,,7.4218750000e-02
R794_U35_R794_U58_B,sa0,,,7.4218750000e-02
R794_U18,sa1,0,1,0.0000000000e+00
U763,sa0,0,1,0.0000000000e+00
U1031,sa0,,,0.0000000000e+00
R794_U23,sa0,,,0.0000000000e+00
R794_U76,sa0,,,0.0000000000e+00
R794_U28_R794_U76_A,sa0,,,0.0000000000e+00
R794_U36_R794_U76_B,sa0,,,0.0000000000e+00
R794_U75,sa0,,,0.0000000000e+00
R794_U52,sa0,,,0.0000000000e+00
R794_U36_R794_U52_A,sa1,,,0.0000000000e+00
R794_U74,sa0,,,0.0000000000e+00
R794_U28_R794_U74_A,sa1,,,0.0000000000e+00
U771_U1031_B,sa0,,,0.0000000000e+00
U1030,sa0,,,0.0000000000e+00
U957_U1030_A,sa0,,,0.0000000000e+00
U636_U1030_B,sa0,,,0.0000000000e+00
U763,sa1,30,1,1.1718750000e-01
R794_U18_R794_U65_B,sa1,0,1,0.0000000000e+00
R794_U22,sa1,20,1,7.8125000000e-02
U763_GT_160_U8_D,sa0,0,1,0.0000000000e+00
U763_GT_163_U7_C,sa0,0,1,0.0000000000e+00
U763_GT_172_U9_C,sa0,0,1,0.0000000000e+00
U763_GT_181_U8_E,sa0,0,1,0.0000000000e+00
U763_GT_184_U6_E,sa0,0,1,0.0000000000e+00
U763_GT_175_U8_D,sa0,0,1,0.0000000000e+00
U763_GT_166_U9_C,sa0,0,1,0.0000000000e+00
U763_GT_169_U9_C,sa0,0,1,0.0000000000e+00
U763_GT_178_U9_D,sa0,0,1,0.0000000000e+00
R794_U60,sa0,0,1,0.0000000000e+00
R794_U18_R794_U60_A,sa1,,,0.0000000000e+00
R794_U60,sa1,19,1,7.4218750000e-02
R794_U18_R794_U60_A,sa0,,,7.4218750000e-02
R794_U65,sa1,0,1,0.0000000000e+00
GT_181_U8,sa0,3,1,1.1718750000e-02
GT_172_U9,sa0,0,1,0.0000000000e+00
GT_166_U9,sa0,0,1,0.0000000000e+00
GT_178_U9,sa0,0,1,0.0000000000e+00
GT_169_U9,sa0,0,1,0.0000000000e+00
U1029,sa1,0,1,0.0000000000e+00
U762,sa0,0,1,0.0000000000e+00
U1029,sa0,,,0.0000000000e+00
R794_U22,sa0,,,0.0000000000e+00
R794_U71,sa0,,,0.0000000000e+00
R794_U27_R794_U71_A,sa0,,,0.0000000000e+00
R794_U35_R794_U71_B,sa0,,,0.0000000000e+00
R794_U70,sa0,,,0.0000000000e+00
R794_U56,sa0,,,0.0000000000e+00
R794_U35_R794_U56_A,sa1,,,0.0000000000e+00
R794_U69,sa0,,,0.0000000000e+00
R794_U27_R794_U69_A,sa1,,,0.0000000000e+00
U771_U1029_B,sa0,,,0.0000000000e+00
U1028,sa0,,,0.0000000000e+00
U957_U1028_A,sa0,,,0.0000000000e+00
U635_U1028_B,sa0,,,0.0000000000e+00
U762,sa1,30,1,1.1718750000e-01
R794_U60_R794_U33_A,sa1,18,1,7.4218750000e-02
R794_U60_R794_U66_A,sa1,20,1,7.8125000000e-02
R794_U33,sa0,18,1,7.4218750000e-02
R794_U60_R794_U33_A,sa0,,,7.4218750000e-02
R794_U34_R794_U33_B,sa0,,,7.4218750000e-02
R794_U33,sa1,0,1,0.0000000000e+00
R794_U66,sa1,0,1,0.0000000000e+00
U762_GT_160_U8_B,sa0,0,1,0.0000000000e+00
U762_GT_163_U7_B,sa0,0,1,0.0000000000e+00
U762_GT_181_U7_C,sa0,0,1,0.0000000000e+00
U762_GT_172_U8_B,sa0,0,1,0.0000000000e+00
U762_GT_184_U6_B,sa0,0,1,0.0000000000e+00
U762_GT_166_U8_B,sa0,0,1,0.0000000000e+00
U762_GT_178_U8_B,sa0,0,1,0.0000000000e+00
U762_GT_169_U8_B,sa0,0,1,0.0000000000e+00
U762_GT_175_U8_E,sa0,0,1,0.0000000000e+00
R794_U21,sa1,20,1,7.8125000000e-02
GT_175_U8,sa0,3,1,1.1718750000e-02
R794_U33_R794_U63_B,sa1,0,1,0.0000000000e+00
R794_U61,sa1,18,1,7.4218750000e-02
R794_U33_R794_U61_A,sa0,,,7.4218750000e-02
R794_U63,sa1,0,1,0.0000000000e+00
U1027,sa1,0,1,0.0000000000e+00
R794_U64,sa1,0,1,0.0000000000e+00
U761,sa0,0,1,0.0000000000e+00
U1027,sa0,,,0.0000000000e+00
R794_U21,sa0,,,0.0000000000e+00
R794_U66,sa0,,,0.0000000000e+00
R794_U60_R794_U66_A,sa0,,,0.0000000000e+00
R794_U34_R794_U66_B,sa0,,,0.0000000000e+00
R794_U65,sa0,,,0.0000000000e+00
U634_R794_U65_A,sa0,,,0.0000000000e+00
R794_U18_R794_U65_B,sa0,,,0.0000000000e+00
U771_U1027_B,sa0,,,0.0000000000e+00
U1026,sa0,,,0.0000000000e+00
U957_U1026_A,sa0,,,0.0000000000e+00
U634_U1026_B,sa0,,,0.0000000000e+00
U761,sa1,30,1,1.1718750000e-01
R794_U20,sa1,18,1,7.4218750000e-02
U761_GT_160_U8_A,sa0,0,1,0.0000000000e+00
U761_GT_181_U7_A,sa0,0,1,0.0000000000e+00
U761_GT_163_U7_A,sa0,0,1,0.0000000000e+00
U761_GT_172_U8_A,sa0,0,1,0.0000000000e+00
U761_GT_184_U6_A,sa0,0,1,0.0000000000e+00
U761_GT_175_U7_A,sa0,0,1,0.0000000000e+00
U761_GT_166_U8_A,sa0,0,1,0.0000000000e+00
U761_GT_178_U8_A,sa0,0,1,0.0000000000e+00
U761_GT_169_U8_A,sa0,0,1,0.0000000000e+00
GT_160_U8,sa0,30,1,1.1718750000e-01
GT_181_U7,sa0,7,1,3.5156250000e-02
GT_163_U7,sa0,26,1,1.0546875000e-01
GT_172_U8,sa0,11,1,7.0312500000e-02
GT_184_U6,sa0,5,1,1.9531250000e-02
GT_175_U7,sa0,15,1,5.8593750000e-02
GT_166_U8,sa0,24,1,9.3750000000e-02
GT_178_U8,sa0,12,1,4.6875000000e-02
GT_169_U8,sa0,13,1,8.2031250000e-02
U1025,sa1,0,1,0.0000000000e+00
U760,sa0,9,1,1.2109375000e-01
U1025,sa0,,,1.2109375000e-01
R794_U20,sa0,,,1.2109375000e-01
R794_U64,sa0,,,1.2109375000e-01
R794_U61,sa0,,,1.2109375000e-01
R794_U33_R794_U61_A,sa1,,,1.2109375000e-01
R794_U32,sa0,,,1.2109375000e-01
U633_R794_U32_A,sa1,,,1.2109375000e-01
R794_U63,sa0,,,1.2109375000e-01
U633_R794_U63_A,sa0,,,1.2109375000e-01
R794_U33_R794_U63_B,sa0,,,1.2109375000e-01
U771_U1025_B,sa0,,,1.2109375000e-01
U1024,sa0,,,1.2109375000e-01
U957_U1024_A,sa0,,,1.2109375000e-01
U633_U1024_B,sa0,,,1.2109375000e-01
U760,sa1,28,1,1.0937500000e-01
U760_GT_160_U6_A,sa0,6,1,1.2109375000e-01
U760_GT_181_U6_A,sa0,5,1,1.2109375000e-01
U760_GT_172_U6_A,sa0,5,1,1.2109375000e-01
U760_GT_163_U6_A,sa0,6,1,1.2109375000e-01
U760_GT_166_U6_A,sa0,5,1,1.2109375000e-01
U760_GT_175_U6_A,sa0,5,1,1.2109375000e-01
U760_GT_184_U7_B,sa0,5,1,1.2109375000e-01
U760_GT_178_U6_A,sa0,5,1,1.2109375000e-01
U760_GT_169_U6_A,sa0,5,1,1.2109375000e-01
GT_160_U6,sa0,3,1,1.1718750000e-02
GT_160_U6,sa1,30,0,2.1875000000e-01
U760_GT_160_U6_A,sa1,,,2.1875000000e-01
GT_160_U8,sa1,,,2.1875000000e-01
U761_GT_160_U8_A,sa1,,,2.1875000000e-01
U762_GT_160_U8_B,sa1,,,2.1875000000e-01
GT_160_U7,sa1,,,2.1875000000e-01
U763_GT_160_U8_D,sa1,,,2.1875000000e-01
U764_GT_160_U8_E,sa1,,,2.1875000000e-01
GT_181_U6,sa0,3,1,1.1718750000e-02
GT_172_U6,sa0,3,1,1.1718750000e-02
GT_163_U6,sa0,3,1,1.1718750000e-02
GT_181_U6,sa1,12,1,1.5625000000e-01
U760_GT_181_U6_A,sa1,,,1.5625000000e-01
GT_181_U7,sa1,,,1.5625000000e-01
U761_GT_181_U7_A,sa1,,,1.5625000000e-01
GT_181_U8,sa1,,,1.5625000000e-01
U765_GT_181_U8_A,sa1,,,1.5625000000e-01
U767_GT_181_U8_B,sa1,,,1.5625000000e-01
U764_GT_181_U8_C,sa1,,,1.5625000000e-01
U766_GT_181_U8_D,sa1,,,1.5625000000e-01
U763_GT_181_U8_E,sa1,,,1.5625000000e-01
U762_GT_181_U7_C,sa1,,,1.5625000000e-01
GT_172_U6,sa1,15,1,1.9140625000e-01
U760_GT_172_U6_A,sa1,,,1.9140625000e-01
GT_172_U8,sa1,,,1.9140625000e-01
U761_GT_172_U8_A,sa1,,,1.9140625000e-01
U762_GT_172_U8_B,sa1,,,1.9140625000e-01
GT_172_U7,sa1,,,1.9140625000e-01
GT_172_U9,sa1,,,1.9140625000e-01
U764_GT_172_U9_A,sa1,,,1.9140625000e-01
U765_GT_172_U9_B,sa1,,,1.9140625000e-01
U763_GT_172_U9_C,sa1,,,1.9140625000e-01
GT_163_U6,sa1,30,1,2.2656250000e-01
U760_GT_163_U6_A,sa1,,,2.2656250000e-01
GT_163_U7,sa1,,,2.2656250000e-01
U761_GT_163_U7_A,sa1,,,2.2656250000e-01
U762_GT_163_U7_B,sa1,,,2.2656250000e-01
U763_GT_163_U7_C,sa1,,,2.2656250000e-01
U764_GT_163_U7_D,sa1,,,2.2656250000e-01
U765_GT_163_U7_E,sa1,,,2.2656250000e-01
GT_175_U6,sa0,3,1,1.1718750000e-02
GT_166_U6,sa0,3,1,1.1718750000e-02
GT_184_U7,sa0,4,1,1.5625000000e-02
GT_175_U6,sa1,20,1,1.7968750000e-01
U760_GT_175_U6_A,sa1,,,1.7968750000e-01
GT_175_U7,sa1,,,1.7968750000e-01
U761_GT_175_U7_A,sa1,,,1.7968750000e-01
GT_175_U8,sa1,,,1.7968750000e-01
U764_GT_175_U8_A,sa1,,,1.7968750000e-01
U765_GT_175_U8_B,sa1,,,1.7968750000e-01
U766_GT_175_U8_C,sa1,,,1.7968750000e-01
U763_GT_175_U8_D,sa1,,,1.7968750000e-01
U762_GT_175_U8_E,sa1,,,1.7968750000e-01
GT_166_U6,sa1,29,1,2.1484375000e-01
U760_GT_166_U6_A,sa1,,,2.1484375000e-01
GT_166_U8,sa1,,,2.1484375000e-01
U761_GT_166_U8_A,sa1,,,2.1484375000e-01
U762_GT_166_U8_B,sa1,,,2.1484375000e-01
GT_166_U7,sa1,,,2.1484375000e-01
GT_166_U9,sa1,,,2.1484375000e-01
U764_GT_166_U9_A,sa1,,,2.1484375000e-01
U765_GT_166_U9_B,sa1,,,2.1484375000e-01
U763_GT_166_U9_C,sa1,,,2.1484375000e-01
GT_184_U7,sa1,10,1,1.4062500000e-01
GT_184_U6,sa1,,,1.4062500000e-01
U761_GT_184_U6_A,sa1,,,1.4062500000e-01
U762_GT_184_U6_B,sa1,,,1.4062500000e-01
GT_184_U8,sa1,,,1.4062500000e-01
U767_GT_184_U8_A,sa1,,,1.4062500000e-01
U768_GT_184_U8_B,sa1,,,1.4062500000e-01
U766_GT_184_U8_C,sa1,,,1.4062500000e-01
U765_GT_184_U8_D,sa1,,,1.4062500000e-01
U764_GT_184_U6_D,sa1,,,1.4062500000e-01
U763_GT_184_U6_E,sa1,,,1.4062500000e-01
U760_GT_184_U7_B,sa1,,,1.4062500000e-01
GT_178_U6,sa0,3,1,1.1718750000e-02
GT_169_U6,sa0,3,1,1.1718750000e-02
GT_178_U6,sa1,17,1,1.6796875000e-01
U760_GT_178_U6_A,sa1,,,1.6796875000e-01
GT_178_U8,sa1,,,1.6796875000e-01
U761_GT_178_U8_A,sa1,,,1.6796875000e-01
U762_GT_178_U8_B,sa1,,,1.6796875000e-01
GT_178_U7,sa1,,,1.6796875000e-01
GT_178_U9,sa1,,,1.6796875000e-01
U765_GT_178_U9_A,sa1,,,1.6796875000e-01
U766_GT_178_U9_B,sa1,,,1.6796875000e-01
U764_GT_178_U9_C,sa1,,,1.6796875000e-01
U763_GT_178_U9_D,sa1,,,1.6796875000e-01
GT_169_U6,sa1,18,1,2.0312500000e-01
U760_GT_169_U6_A,sa1,,,2.0312500000e-01
GT_169_U8,sa1,,,2.0312500000e-01
U761_GT_169_U8_A,sa1,,,2.0312500000e-01
U762_GT_169_U8_B,sa1,,,2.0312500000e-01
GT_169_U7,sa1,,,2.0312500000e-01
GT_169_U9,sa1,,,2.0312500000e-01
U764_GT_169_U9_A,sa1,,,2.0312500000e-01
U765_GT_169_U9_B,sa1,,,2.0312500000e-01
U763_GT_169_U9_C,sa1,,,2.0312500000e-01
GT_181_U6_U912_B,sa0,3,1,1.1718750000e-02
GT_160_U6_U619_A,sa0,0,1,0.0000000000e+00
GT_175_U6_U911_A,sa1,19,1,1.7968750000e-01
GT_181_U6_U925_A,sa0,0,1,0.0000000000e+00
GT_181_U6_U923_C,sa0,0,1,0.0000000000e+00
GT_172_U6_U717_B,sa0,3,1,1.1718750000e-02
GT_166_U6_U923_A,sa0,0,1,0.0000000000e+00
GT_163_U6_U619_B,sa0,0,1,0.0000000000e+00
GT_178_U6_U912_A,sa0,0,1,0.0000000000e+00
GT_184_U7_U923_B,sa0,4,1,1.5625000000e-02
GT_184_U7_U716_A,sa1,10,1,1.4062500000e-01
GT_184_U7_U925_B,sa0,4,1,1.5625000000e-02
GT_169_U6_U717_A,sa0,0,1,0.0000000000e+00
GT_166_U6_U619_C,sa0,3,1,1.1718750000e-02
GT_181_U6_U919_C,sa1,12,1,1.5625000000e-01
GT_178_U6_U923_D,sa0,0,1,0.0000000000e+00
U912,sa1,11,1,1.5625000000e-01
GT_178_U6_U912_A,sa1,,,1.5625000000e-01
GT_181_U6_U912_B,sa1,,,1.5625000000e-01
U715,sa0,16,1,1.6406250000e-01
GT_175_U6_U715_A,sa1,,,1.6406250000e-01
U715,sa1,3,1,1.1718750000e-02
GT_175_U6_U715_A,sa0,,,1.1718750000e-02
U923,sa1,10,1,1.4062500000e-01
GT_166_U6_U923_A,sa1,,,1.4062500000e-01
GT_184_U7_U923_B,sa1,,,1.4062500000e-01
GT_181_U6_U923_C,sa1,,,1.4062500000e-01
GT_178_U6_U923_D,sa1,,,1.4062500000e-01
U717,sa0,6,1,2.3437500000e-02
U717,sa1,16,1,1.9140625000e-01
GT_169_U6_U717_A,sa1,,,1.9140625000e-01
GT_172_U6_U717_B,sa1,,,1.9140625000e-01
U619,sa0,19,1,7.4218750000e-02
U925,sa1,10,1,1.4062500000e-01
GT_181_U6_U925_A,sa1,,,1.4062500000e-01
GT_184_U7_U925_B,sa1,,,1.4062500000e-01
U781,sa1,0,1,0.0000000000e+00
GT_172_U6_U781_A,sa0,,,0.0000000000e+00
U718,sa1,3,1,1.1718750000e-02
GT_181_U6_U718_A,sa0,,,1.1718750000e-02
U619,sa1,8,1,3.5156250000e-02
GT_160_U6_U619_A,sa1,,,3.5156250000e-02
GT_163_U6_U619_B,sa1,,,3.5156250000e-02
GT_166_U6_U619_C,sa1,,,3.5156250000e-02
U773,sa0,30,1,2.2656250000e-01
GT_160_U6_U773_A,sa1,,,2.2656250000e-01
U773,sa1,3,1,1.1718750000e-02
GT_160_U6_U773_A,sa0,,,1.1718750000e-02
U775,sa0,26,1,2.1484375000e-01
GT_163_U6_U775_A,sa1,,,2.1484375000e-01
U775,sa1,3,1,1.1718750000e-02
GT_163_U6_U775_A,sa0,,,1.1718750000e-02
U777,sa0,17,1,1.6796875000e-01
GT_178_U6_U777_A,sa1,,,1.6796875000e-01
U777,sa1,3,1,1.1718750000e-02
GT_178_U6_U777_A,sa0,,,1.1718750000e-02
U779,sa0,22,1,1.9921875000e-01
GT_166_U6_U779_A,sa1,,,1.9921875000e-01
U788,sa1,3,1,1.1718750000e-02
GT_169_U6_U788_A,sa0,,,1.1718750000e-02
U779,sa1,3,1,1.1718750000e-02
GT_166_U6_U779_A,sa0,,,1.1718750000e-02
U715_U921_A,sa1,0,1,0.0000000000e+00
U717_U910_A,sa1,22,1,1.9140625000e-01
U619_U620_B,sa1,0,1,0.0000000000e+00
U717_U920_B,sa1,15,1,1.9140625000e-01
U619_U920_A,sa1,8,1,3.5156250000e-02
U716,sa0,13,1,1.5234375000e-01
GT_184_U7_U716_A,sa0,,,1.5234375000e-01
U718,sa0,,,1.5234375000e-01
GT_181_U6_U718_A,sa1,,,1.5234375000e-01
U715_U917_A,sa1,3,1,1.1718750000e-02
U716,sa1,4,1,1.5625000000e-02
U775_U930_A,sa1,3,1,1.1718750000e-02
U715_U927_A,sa1,3,1,1.1718750000e-02
U715_U919_A,sa1,0,1,0.0000000000e+00
U773_U653_B,sa1,3,1,1.1718750000e-02
U773_U617_B,sa1,0,1,0.0000000000e+00
U775_U617_A,sa1,3,1,1.1718750000e-02
U777_U921_B,sa1,3,1,1.1718750000e-02
U779_U910_B,sa1,3,1,1.1718750000e-02
U779_U911_B,sa1,3,1,1.1718750000e-02
U779_U913_B,sa1,3,1,1.1718750000e-02
U777_U926_A,sa1,3,1,1.1718750000e-02
U777_U916_B,sa1,0,1,0.0000000000e+00
U777_U919_B,sa1,3,1,1.1718750000e-02
U779_U917_B,sa1,0,1,0.0000000000e+00
U779_U929_B,sa1,3,1,1.1718750000e-02
U910,sa1,6,1,2.3437500000e-02
U920,sa1,6,1,2.3437500000e-02
U911,sa1,3,1,1.1718750000e-02
U716_U921_C,sa1,4,1,1.5625000000e-02
U913,sa1,4,1,2.3437500000e-02
U926,sa1,7,1,2.7343750000e-02
U909,sa1,6,1,2.3437500000e-02
U717_U909_A,sa0,,,2.3437500000e-02
U620,sa0,13,1,5.0781250000e-02
U909,sa0,,,5.0781250000e-02
U717_U909_A,sa1,,,5.0781250000e-02
U619_U620_B,sa0,,,5.0781250000e-02
U620,sa1,14,1,5.8593750000e-02
U650,sa0,21,1,2.2656250000e-01
U589_stem_stem_stem_stem_U650_A,sa0,,,2.2656250000e-01
U920,sa0,,,2.2656250000e-01
U619_U920_A,sa0,,,2.2656250000e-01
U717_U920_B,sa0,,,2.2656250000e-01
U650,sa1,36,0,6.2500000000e-01
U921,sa1,13,1,1.5234375000e-01
U617,sa0,23,1,2.0312500000e-01
U775_U617_A,sa0,,,2.0312500000e-01
U773_U617_B,sa0,,,2.0312500000e-01
U910,sa0,,,2.0312500000e-01
U717_U910_A,sa0,,,2.0312500000e-01
U779_U910_B,sa0,,,2.0312500000e-01
U617,sa1,12,1,4.6875000000e-02
U915,sa1,13,1,1.5234375000e-01
U716_U915_A,sa0,,,1.5234375000e-01
U927,sa1,13,1,1.5234375000e-01
U620_U922_A,sa1,12,1,5.8593750000e-02
U617_U618_A,sa1,3,1,2.3437500000e-02
U620_U919_D,sa1,0,1,0.0000000000e+00
U617_U918_A,sa1,9,1,4.6875000000e-02
U916,sa1,4,1,1.5625000000e-02
U928,sa1,12,1,5.0781250000e-02
U922,sa1,10,1,3.9062500000e-02
U618,sa0,20,1,1.9140625000e-01
U617_U618_A,sa0,,,1.9140625000e-01
U911,sa0,,,1.9140625000e-01
GT_175_U6_U911_A,sa0,,,1.9140625000e-01
U779_U911_B,sa0,,,1.9140625000e-01
U618,sa1,12,1,5.8593750000e-02
U917,sa1,14,1,1.6406250000e-01
U919,sa1,3,1,1.1718750000e-02
U929,sa1,16,1,1.6406250000e-01
U651,sa0,24,1,2.1093750000e-01
U589_stem_stem_stem_stem_U651_A,sa0,,,2.1093750000e-01
U922,sa0,,,2.1093750000e-01
U620_U922_A,sa0,,,2.1093750000e-01
U921,sa0,,,2.1093750000e-01
U715_U921_A,sa0,,,2.1093750000e-01
U777_U921_B,sa0,,,2.1093750000e-01
U716_U921_C,sa0,,,2.1093750000e-01
U930,sa1,15,1,6.2500000000e-02
U651,sa1,40,0,5.8203125000e-01
U618_U924_A,sa1,10,1,5.8593750000e-02
U618_U914_B,sa1,3,1,2.3437500000e-02
U649,sa0,20,1,2.3828125000e-01
U589_stem_stem_stem_U649_A,sa0,,,2.3828125000e-01
U919,sa0,,,2.3828125000e-01
U715_U919_A,sa0,,,2.3828125000e-01
U777_U919_B,sa0,,,2.3828125000e-01
GT_181_U6_U919_C,sa0,,,2.3828125000e-01
U620_U919_D,sa0,,,2.3828125000e-01
U918,sa1,10,1,3.9062500000e-02
U649,sa1,33,0,6.4062500000e-01
U653,sa0,18,1,1.7578125000e-01
U589_stem_stem_stem_stem_U653_A,sa0,,,1.7578125000e-01
U773_U653_B,sa0,,,1.7578125000e-01
U930,sa0,,,1.7578125000e-01
U775_U930_A,sa0,,,1.7578125000e-01
U929,sa0,,,1.7578125000e-01
U928,sa0,,,1.7578125000e-01
U788,sa0,,,1.7578125000e-01
GT_169_U6_U788_A,sa1,,,1.7578125000e-01
U927,sa0,,,1.7578125000e-01
U715_U927_A,sa0,,,1.7578125000e-01
U781,sa0,,,1.7578125000e-01
GT_172_U6_U781_A,sa1,,,1.7578125000e-01
U926,sa0,,,1.7578125000e-01
U777_U926_A,sa0,,,1.7578125000e-01
U925,sa0,,,1.7578125000e-01
U779_U929_B,sa0,,,1.7578125000e-01
U653,sa1,48,0,5.7031250000e-01
U914,sa1,13,1,1.6796875000e-01
U924,sa1,10,1,5.0781250000e-02
U648,sa0,22,1,2.1093750000e-01
U589_stem_stem_U648_A,sa0,,,2.1093750000e-01
U918,sa0,,,2.1093750000e-01
U617_U918_A,sa0,,,2.1093750000e-01
U917,sa0,,,2.1093750000e-01
U715_U917_A,sa0,,,2.1093750000e-01
U779_U917_B,sa0,,,2.1093750000e-01
U916,sa0,,,2.1093750000e-01
U915,sa0,,,2.1093750000e-01
U716_U915_A,sa1,,,2.1093750000e-01
U777_U916_B,sa0,,,2.1093750000e-01
U648,sa1,40,0,5.7421875000e-01
U652,sa0,18,1,1.9921875000e-01
U589_stem_stem_stem_stem_U652_A,sa0,,,1.9921875000e-01
U924,sa0,,,1.9921875000e-01
U618_U924_A,sa0,,,1.9921875000e-01
U923,sa0,,,1.9921875000e-01
U652,sa1,40,0,6.0937500000e-01
U647,sa0,15,1,3.3203125000e-01
U914,sa0,,,3.3203125000e-01
U913,sa0,,,3.3203125000e-01
U912,sa0,,,3.3203125000e-01
U779_U913_B,sa0,,,3.3203125000e-01
U618_U914_B,sa0,,,3.3203125000e-01
RES_DISP_REG_SCAN_IN_U914_C,sa0,,,3.3203125000e-01
U705_U647_B,sa0,,,3.3203125000e-01
U647,sa1,29,1,6.6796875000e-01
