net_name,f_type,cube_cnt,complete,fdp
U360,sa1,9,1,8.7109375000e-01
U417,sa0,30,0,8.4103393555e-01
U402_U417_B,sa0,,,8.4103393555e-01
U330_U417_A,sa0,,,8.4103393555e-01
U437,sa0,30,0,8.1152343750e-01
U394_U437_A,sa1,,,8.1152343750e-01
U434,sa1,18,1,7.1926879883e-01
U417_U434_A,sa0,,,7.1926879883e-01
U362,sa1,23,1,6.3012695313e-01
U393,sa0,30,0,5.8481597900e-01
U388_U393_B,sa0,,,5.8481597900e-01
U330_U393_A,sa0,,,5.8481597900e-01
U552,sa0,,,5.7421875000e-01
U551,sa0,,,5.7421875000e-01
U433,sa0,,,5.7421875000e-01
U432,sa0,,,5.7421875000e-01
U431,sa0,,,5.7421875000e-01
U419_U431_C,sa0,,,5.7421875000e-01
U393_U363_D,sa0,,,5.7421875000e-01
U388_U431_A,sa0,,,5.7421875000e-01
U386_U433_B,sa0,,,5.7421875000e-01
U385_U432_B,sa0,,,5.7421875000e-01
U363,sa0,12,1,5.7421875000e-01
U324_U431_B,sa0,,,5.7421875000e-01
U309_U432_A,sa0,,,5.7421875000e-01
U384,sa1,22,1,5.3320312500e-01
U383,sa1,24,1,5.3259277344e-01
U382,sa1,24,1,5.3259277344e-01
U381,sa1,21,1,5.3247070313e-01
U380,sa1,21,1,5.3247070313e-01
U379,sa1,20,1,5.3240966797e-01
U370,sa1,25,1,5.3125000000e-01
U369,sa1,17,1,5.3125000000e-01
U368,sa1,15,1,5.3125000000e-01
U367,sa1,13,1,5.3125000000e-01
U366,sa1,12,1,5.3125000000e-01
U365,sa1,11,1,5.3125000000e-01
U364,sa1,7,1,5.3125000000e-01
U394,sa1,30,0,5.3056335449e-01
out_X_OUT_REG_5__SCAN_IN,sa1,1,1,5.0000000000e-01
out_X_OUT_REG_5__SCAN_IN,sa0,1,1,5.0000000000e-01
out_X_OUT_REG_4__SCAN_IN,sa1,1,1,5.0000000000e-01
out_X_OUT_REG_4__SCAN_IN,sa0,1,1,5.0000000000e-01
out_X_OUT_REG_3__SCAN_IN,sa1,1,1,5.0000000000e-01
out_X_OUT_REG_3__SCAN_IN,sa0,1,1,5.0000000000e-01
out_X_OUT_REG_2__SCAN_IN,sa1,1,1,5.0000000000e-01
out_X_OUT_REG_2__SCAN_IN,sa0,1,1,5.0000000000e-01
out_X_OUT_REG_1__SCAN_IN,sa1,1,1,5.0000000000e-01
out_X_OUT_REG_1__SCAN_IN,sa0,1,1,5.0000000000e-01
out_X_OUT_REG_0__SCAN_IN,sa1,1,1,5.0000000000e-01
out_X_OUT_REG_0__SCAN_IN,sa0,1,1,5.0000000000e-01
X_OUT_REG_5__SCAN_IN_out_X_OUT_REG_5__SCAN_IN_A,sa1,,,5.0000000000e-01
X_OUT_REG_5__SCAN_IN_out_X_OUT_REG_5__SCAN_IN_A,sa0,,,5.0000000000e-01
X_OUT_REG_5__SCAN_IN,sa1,1,1,5.0000000000e-01
X_OUT_REG_5__SCAN_IN,sa0,1,1,5.0000000000e-01
X_OUT_REG_4__SCAN_IN_out_X_OUT_REG_4__SCAN_IN_A,sa1,,,5.0000000000e-01
X_OUT_REG_4__SCAN_IN_out_X_OUT_REG_4__SCAN_IN_A,sa0,,,5.0000000000e-01
X_OUT_REG_4__SCAN_IN,sa1,1,1,5.0000000000e-01
X_OUT_REG_4__SCAN_IN,sa0,1,1,5.0000000000e-01
X_OUT_REG_3__SCAN_IN_out_X_OUT_REG_3__SCAN_IN_A,sa1,,,5.0000000000e-01
X_OUT_REG_3__SCAN_IN_out_X_OUT_REG_3__SCAN_IN_A,sa0,,,5.0000000000e-01
X_OUT_REG_3__SCAN_IN,sa1,1,1,5.0000000000e-01
X_OUT_REG_3__SCAN_IN,sa0,1,1,5.0000000000e-01
X_OUT_REG_2__SCAN_IN_out_X_OUT_REG_2__SCAN_IN_A,sa1,,,5.0000000000e-01
X_OUT_REG_2__SCAN_IN_out_X_OUT_REG_2__SCAN_IN_A,sa0,,,5.0000000000e-01
X_OUT_REG_2__SCAN_IN,sa1,1,1,5.0000000000e-01
X_OUT_REG_2__SCAN_IN,sa0,1,1,5.0000000000e-01
X_OUT_REG_1__SCAN_IN_out_X_OUT_REG_1__SCAN_IN_A,sa1,,,5.0000000000e-01
X_OUT_REG_1__SCAN_IN_out_X_OUT_REG_1__SCAN_IN_A,sa0,,,5.0000000000e-01
X_OUT_REG_1__SCAN_IN,sa1,1,1,5.0000000000e-01
X_OUT_REG_1__SCAN_IN,sa0,1,1,5.0000000000e-01
X_OUT_REG_0__SCAN_IN_out_X_OUT_REG_0__SCAN_IN_A,sa1,,,5.0000000000e-01
X_OUT_REG_0__SCAN_IN_out_X_OUT_REG_0__SCAN_IN_A,sa0,,,5.0000000000e-01
X_OUT_REG_0__SCAN_IN,sa1,1,1,5.0000000000e-01
X_OUT_REG_0__SCAN_IN,sa0,1,1,5.0000000000e-01
X_IN_5_,sa0,,,5.0000000000e-01
X_IN_4_,sa0,,,5.0000000000e-01
X_IN_3_,sa0,,,5.0000000000e-01
X_IN_2_,sa0,,,5.0000000000e-01
X_IN_1_,sa0,,,5.0000000000e-01
X_IN_0_,sa0,,,5.0000000000e-01
U574,sa0,,,5.0000000000e-01
U573,sa0,,,5.0000000000e-01
U572,sa0,,,5.0000000000e-01
U571,sa0,,,5.0000000000e-01
U570,sa0,,,5.0000000000e-01
U569,sa0,,,5.0000000000e-01
U568,sa0,,,5.0000000000e-01
U567,sa0,,,5.0000000000e-01
U566,sa0,,,5.0000000000e-01
U565,sa0,,,5.0000000000e-01
U564,sa0,,,5.0000000000e-01
U563,sa0,,,5.0000000000e-01
U434_U574_B,sa0,,,5.0000000000e-01
U434_U572_B,sa0,,,5.0000000000e-01
U434_U570_B,sa0,,,5.0000000000e-01
U434_U568_B,sa0,,,5.0000000000e-01
U434_U566_B,sa0,,,5.0000000000e-01
U434_U564_B,sa0,,,5.0000000000e-01
U426,sa0,,,5.0000000000e-01
U425,sa0,,,5.0000000000e-01
U424,sa0,,,5.0000000000e-01
U417_U573_A,sa0,,,5.0000000000e-01
U417_U571_A,sa0,,,5.0000000000e-01
U417_U569_A,sa0,,,5.0000000000e-01
U417_U567_A,sa0,,,5.0000000000e-01
U417_U565_A,sa0,,,5.0000000000e-01
U417_U563_A,sa0,,,5.0000000000e-01
U409,sa1,5,1,5.0000000000e-01
U409,sa0,4,1,5.0000000000e-01
U408,sa1,5,1,5.0000000000e-01
U408,sa0,4,1,5.0000000000e-01
U407,sa1,5,1,5.0000000000e-01
U407,sa0,4,1,5.0000000000e-01
U406,sa1,5,1,5.0000000000e-01
U406,sa0,4,1,5.0000000000e-01
U405,sa1,5,1,5.0000000000e-01
U405,sa0,4,1,5.0000000000e-01
U404,sa1,5,1,5.0000000000e-01
U404,sa0,4,1,5.0000000000e-01
U361,sa1,3,1,5.0000000000e-01
U361,sa0,3,1,5.0000000000e-01
U325_U426_A,sa0,,,5.0000000000e-01
STATO_REG_2__SCAN_IN_U425_B,sa0,,,5.0000000000e-01
STATO_REG_2__SCAN_IN,sa1,4,1,5.0000000000e-01
STATO_REG_2__SCAN_IN,sa0,4,1,5.0000000000e-01
STATO_REG_1__SCAN_IN_U424_A,sa0,,,5.0000000000e-01
STATO_REG_0__SCAN_IN_U426_B,sa0,,,5.0000000000e-01
STATO_REG_0__SCAN_IN_U424_B,sa0,,,5.0000000000e-01
R_IN_REG_5__SCAN_IN_U563_B,sa0,,,5.0000000000e-01
R_IN_REG_4__SCAN_IN_U565_B,sa0,,,5.0000000000e-01
R_IN_REG_3__SCAN_IN_U567_B,sa0,,,5.0000000000e-01
R_IN_REG_2__SCAN_IN_U569_B,sa0,,,5.0000000000e-01
R_IN_REG_1__SCAN_IN_U571_B,sa0,,,5.0000000000e-01
R_IN_REG_0__SCAN_IN_U573_B,sa0,,,5.0000000000e-01
U317_U448_B,sa1,16,1,4.9920654297e-01
U330,sa1,30,0,4.9225899577e-01
STATO_REG_2__SCAN_IN_U330_A,sa1,,,4.9225899577e-01
STATO_REG_1__SCAN_IN_U330_B,sa1,,,4.9225899577e-01
U430,sa1,30,0,4.8718261719e-01
U393_U430_A,sa0,,,4.8718261719e-01
X_OUT_REG_5__SCAN_IN_U531_B,sa0,,,4.6875000000e-01
X_OUT_REG_4__SCAN_IN_U534_B,sa0,,,4.6875000000e-01
X_OUT_REG_3__SCAN_IN_U537_B,sa0,,,4.6875000000e-01
X_OUT_REG_2__SCAN_IN_U540_B,sa0,,,4.6875000000e-01
X_OUT_REG_1__SCAN_IN_U543_B,sa0,,,4.6875000000e-01
X_OUT_REG_0__SCAN_IN_U546_B,sa0,,,4.6875000000e-01
U546,sa0,,,4.6875000000e-01
U545,sa0,,,4.6875000000e-01
U544,sa0,,,4.6875000000e-01
U543,sa0,,,4.6875000000e-01
U542,sa0,,,4.6875000000e-01
U541,sa0,,,4.6875000000e-01
U540,sa0,,,4.6875000000e-01
U539,sa0,,,4.6875000000e-01
U538,sa0,,,4.6875000000e-01
U537,sa0,,,4.6875000000e-01
U536,sa0,,,4.6875000000e-01
U535,sa0,,,4.6875000000e-01
U534,sa0,,,4.6875000000e-01
U533,sa0,,,4.6875000000e-01
U532,sa0,,,4.6875000000e-01
U531,sa0,,,4.6875000000e-01
U530,sa0,,,4.6875000000e-01
U529,sa0,,,4.6875000000e-01
U393_U546_A,sa0,,,4.6875000000e-01
U393_U543_A,sa0,,,4.6875000000e-01
U393_U540_A,sa0,,,4.6875000000e-01
U393_U537_A,sa0,,,4.6875000000e-01
U393_U534_A,sa0,,,4.6875000000e-01
U393_U531_A,sa0,,,4.6875000000e-01
U369,sa0,10,1,4.6875000000e-01
U368,sa0,9,1,4.6875000000e-01
U367,sa0,8,1,4.6875000000e-01
U366,sa0,7,1,4.6875000000e-01
U365,sa0,6,1,4.6875000000e-01
U364,sa0,5,1,4.6875000000e-01
U329_U544_B,sa0,,,4.6875000000e-01
U329_U538_B,sa0,,,4.6875000000e-01
U329_U529_B,sa0,,,4.6875000000e-01
U328_U541_A,sa0,,,4.6875000000e-01
U328_U535_A,sa0,,,4.6875000000e-01
U328_U532_A,sa0,,,4.6875000000e-01
U323_U545_A,sa0,,,4.6875000000e-01
U323_U542_A,sa0,,,4.6875000000e-01
U323_U539_A,sa0,,,4.6875000000e-01
U323_U536_A,sa0,,,4.6875000000e-01
U323_U533_A,sa0,,,4.6875000000e-01
U323_U530_A,sa0,,,4.6875000000e-01
U312_U544_A,sa0,,,4.6875000000e-01
U311_U538_A,sa0,,,4.6875000000e-01
U310_U529_A,sa0,,,4.6875000000e-01
R248_U6_U545_B,sa0,,,4.6875000000e-01
R248_U31_U542_B,sa0,,,4.6875000000e-01
R248_U30_U539_B,sa0,,,4.6875000000e-01
R248_U29_U536_B,sa0,,,4.6875000000e-01
R248_U28_U533_B,sa0,,,4.6875000000e-01
R248_U27_U530_B,sa0,,,4.6875000000e-01
CONT1_REG_4__SCAN_IN_U532_B,sa0,,,4.6875000000e-01
CONT1_REG_3__SCAN_IN_U535_B,sa0,,,4.6875000000e-01
CONT1_REG_1__SCAN_IN_U541_B,sa0,,,4.6875000000e-01
U449,sa0,,,4.6759033203e-01
U448,sa0,,,4.6759033203e-01
U437_U449_A,sa0,,,4.6759033203e-01
U379,sa0,16,1,4.6759033203e-01
U317_U448_B,sa0,,,4.6759033203e-01
CONT_REG_2__SCAN_IN,sa1,29,1,4.6759033203e-01
CONT_REG_2__SCAN_IN,sa0,29,1,4.6759033203e-01
CONT_REG_1__SCAN_IN,sa0,23,1,4.6759033203e-01
CONT_REG_0__SCAN_IN_U449_B,sa0,,,4.6759033203e-01
CONT_REG_0__SCAN_IN,sa1,17,1,4.6759033203e-01
CONT_REG_0__SCAN_IN,sa0,19,1,4.6759033203e-01
ADD_53_U5_U448_A,sa0,,,4.6759033203e-01
U447,sa0,,,4.6752929688e-01
U446,sa0,,,4.6752929688e-01
U445,sa0,,,4.6752929688e-01
U444,sa0,,,4.6752929688e-01
U437_U447_A,sa0,,,4.6752929688e-01
U437_U445_A,sa0,,,4.6752929688e-01
U381,sa0,21,1,4.6752929688e-01
U380,sa0,18,1,4.6752929688e-01
U317_U446_B,sa0,,,4.6752929688e-01
U317_U444_B,sa0,,,4.6752929688e-01
CONT_REG_2__SCAN_IN_U445_B,sa0,,,4.6752929688e-01
CONT_REG_2__SCAN_IN_ADD_53_U8_A,sa1,,,4.6752929688e-01
CONT_REG_2__SCAN_IN_ADD_53_U30_B,sa0,,,4.6752929688e-01
CONT_REG_1__SCAN_IN_U447_B,sa0,,,4.6752929688e-01
CONT_REG_1__SCAN_IN_ADD_53_U6_A,sa1,,,4.6752929688e-01
CONT_REG_1__SCAN_IN_ADD_53_U32_B,sa0,,,4.6752929688e-01
CONT_REG_0__SCAN_IN_ADD_53_U33_B,sa0,,,4.6752929688e-01
ADD_53_U8,sa0,,,4.6752929688e-01
ADD_53_U7_ADD_53_U30_A,sa0,,,4.6752929688e-01
ADD_53_U6,sa0,,,4.6752929688e-01
ADD_53_U5_ADD_53_U32_A,sa0,,,4.6752929688e-01
ADD_53_U33,sa0,,,4.6752929688e-01
ADD_53_U32,sa0,,,4.6752929688e-01
ADD_53_U31,sa0,,,4.6752929688e-01
ADD_53_U30,sa0,,,4.6752929688e-01
ADD_53_U20_ADD_53_U31_A,sa0,,,4.6752929688e-01
ADD_53_U17,sa0,,,4.6752929688e-01
ADD_53_U16,sa0,,,4.6752929688e-01
U443,sa0,,,4.6740722656e-01
U442,sa0,,,4.6740722656e-01
U441,sa0,,,4.6740722656e-01
U440,sa0,,,4.6740722656e-01
U437_U443_A,sa0,,,4.6740722656e-01
U437_U441_A,sa0,,,4.6740722656e-01
U383,sa0,16,1,4.6740722656e-01
U382,sa0,20,1,4.6740722656e-01
U317_U442_B,sa0,,,4.6740722656e-01
U317_U440_B,sa0,,,4.6740722656e-01
CONT_REG_4__SCAN_IN_U441_B,sa0,,,4.6740722656e-01
CONT_REG_4__SCAN_IN_ADD_53_U26_B,sa0,,,4.6740722656e-01
CONT_REG_4__SCAN_IN_ADD_53_U12_A,sa1,,,4.6740722656e-01
CONT_REG_3__SCAN_IN_U443_B,sa0,,,4.6740722656e-01
CONT_REG_3__SCAN_IN_ADD_53_U28_B,sa0,,,4.6740722656e-01
CONT_REG_3__SCAN_IN_ADD_53_U10_A,sa1,,,4.6740722656e-01
ADD_53_U9_ADD_53_U28_A,sa0,,,4.6740722656e-01
ADD_53_U29,sa0,,,4.6740722656e-01
ADD_53_U28,sa0,,,4.6740722656e-01
ADD_53_U27,sa0,,,4.6740722656e-01
ADD_53_U26,sa0,,,4.6740722656e-01
ADD_53_U22_ADD_53_U27_A,sa0,,,4.6740722656e-01
ADD_53_U21_ADD_53_U29_A,sa0,,,4.6740722656e-01
ADD_53_U15,sa0,,,4.6740722656e-01
ADD_53_U14,sa0,,,4.6740722656e-01
ADD_53_U12,sa0,,,4.6740722656e-01
ADD_53_U11_ADD_53_U26_A,sa0,,,4.6740722656e-01
ADD_53_U10,sa0,,,4.6740722656e-01
U449,sa1,9,1,4.6679687500e-01
U447,sa1,14,1,4.6679687500e-01
U445,sa1,14,1,4.6679687500e-01
U443,sa1,14,1,4.6679687500e-01
U441,sa1,14,1,4.6679687500e-01
U439,sa1,14,1,4.6679687500e-01
U439,sa0,,,4.6679687500e-01
U438,sa0,,,4.6679687500e-01
U437_U439_A,sa0,,,4.6679687500e-01
U384,sa0,10,1,4.6679687500e-01
U317_U438_B,sa0,,,4.6679687500e-01
CONT_REG_5__SCAN_IN_U439_B,sa0,,,4.6679687500e-01
CONT_REG_5__SCAN_IN_ADD_53_U24_B,sa0,,,4.6679687500e-01
CONT_REG_5__SCAN_IN_ADD_53_U18_A,sa1,,,4.6679687500e-01
CONT_REG_2__SCAN_IN_U445_B,sa1,27,1,4.6679687500e-01
CONT_REG_1__SCAN_IN_U447_B,sa1,19,1,4.6679687500e-01
CONT_REG_0__SCAN_IN_U449_B,sa1,11,1,4.6679687500e-01
ADD_53_U25,sa0,,,4.6679687500e-01
ADD_53_U24,sa0,,,4.6679687500e-01
ADD_53_U23,sa0,,,4.6679687500e-01
ADD_53_U19_ADD_53_U24_A,sa0,,,4.6679687500e-01
ADD_53_U19_ADD_53_U23_A,sa1,,,4.6679687500e-01
ADD_53_U18,sa0,,,4.6679687500e-01
ADD_53_U13,sa0,,,4.6679687500e-01
CONT_REG_4__SCAN_IN,sa0,30,0,4.6261596680e-01
U328,sa1,30,0,4.5263671875e-01
CONT_REG_1__SCAN_IN,sa1,30,0,4.5098876953e-01
X_OUT_REG_5__SCAN_IN_U531_B,sa1,9,1,4.3750000000e-01
X_OUT_REG_4__SCAN_IN_U534_B,sa1,9,1,4.3750000000e-01
X_OUT_REG_3__SCAN_IN_U537_B,sa1,9,1,4.3750000000e-01
X_OUT_REG_2__SCAN_IN_U540_B,sa1,9,1,4.3750000000e-01
X_OUT_REG_1__SCAN_IN_U543_B,sa1,12,1,4.3750000000e-01
X_OUT_REG_0__SCAN_IN_U546_B,sa1,9,1,4.3750000000e-01
U573,sa1,6,1,4.3750000000e-01
U571,sa1,6,1,4.3750000000e-01
U569,sa1,6,1,4.3750000000e-01
U567,sa1,6,1,4.3750000000e-01
U565,sa1,6,1,4.3750000000e-01
U563,sa1,6,1,4.3750000000e-01
U546,sa1,9,1,4.3750000000e-01
U543,sa1,12,1,4.3750000000e-01
U540,sa1,9,1,4.3750000000e-01
U537,sa1,9,1,4.3750000000e-01
U534,sa1,9,1,4.3750000000e-01
U531,sa1,9,1,4.3750000000e-01
R_IN_REG_5__SCAN_IN_U563_B,sa1,6,1,4.3750000000e-01
R_IN_REG_5__SCAN_IN,sa1,7,1,4.3750000000e-01
R_IN_REG_5__SCAN_IN,sa0,7,1,4.3750000000e-01
R_IN_REG_4__SCAN_IN_U565_B,sa1,6,1,4.3750000000e-01
R_IN_REG_4__SCAN_IN,sa1,7,1,4.3750000000e-01
R_IN_REG_4__SCAN_IN,sa0,7,1,4.3750000000e-01
R_IN_REG_3__SCAN_IN_U567_B,sa1,6,1,4.3750000000e-01
R_IN_REG_3__SCAN_IN,sa1,7,1,4.3750000000e-01
R_IN_REG_3__SCAN_IN,sa0,7,1,4.3750000000e-01
R_IN_REG_2__SCAN_IN_U569_B,sa1,6,1,4.3750000000e-01
R_IN_REG_2__SCAN_IN,sa1,7,1,4.3750000000e-01
R_IN_REG_2__SCAN_IN,sa0,7,1,4.3750000000e-01
R_IN_REG_1__SCAN_IN_U571_B,sa1,6,1,4.3750000000e-01
R_IN_REG_1__SCAN_IN,sa1,7,1,4.3750000000e-01
R_IN_REG_1__SCAN_IN,sa0,7,1,4.3750000000e-01
R_IN_REG_0__SCAN_IN_U573_B,sa1,6,1,4.3750000000e-01
R_IN_REG_0__SCAN_IN,sa1,7,1,4.3750000000e-01
R_IN_REG_0__SCAN_IN,sa0,7,1,4.3750000000e-01
CONT_REG_5__SCAN_IN,sa0,30,0,4.3496704102e-01
CONT_REG_3__SCAN_IN,sa1,30,0,4.3240356445e-01
U519,sa0,,,4.3200683594e-01
U518,sa0,,,4.3200683594e-01
U517,sa0,,,4.3200683594e-01
U516,sa0,,,4.3200683594e-01
U515,sa0,,,4.3200683594e-01
U514,sa0,,,4.3200683594e-01
U513,sa0,,,4.3200683594e-01
U512,sa0,,,4.3200683594e-01
U511,sa0,,,4.3200683594e-01
U510,sa0,,,4.3200683594e-01
U453_U519_A,sa0,,,4.3200683594e-01
U416,sa0,,,4.3200683594e-01
U388_U518_B,sa0,,,4.3200683594e-01
U371,sa0,30,0,4.3200683594e-01
U322_U514_A,sa0,,,4.3200683594e-01
U321_U515_A,sa0,,,4.3200683594e-01
U320_U510_A,sa0,,,4.3200683594e-01
U319_U516_B,sa0,,,4.3200683594e-01
U318_U517_B,sa0,,,4.3200683594e-01
U315_U511_B,sa0,,,4.3200683594e-01
U313_U512_B,sa0,,,4.3200683594e-01
R_IN_REG_1__SCAN_IN_U510_B,sa0,,,4.3200683594e-01
R254_U71,sa0,,,4.3200683594e-01
R254_U46_R254_U71_A,sa0,,,4.3200683594e-01
R254_U46_R254_U126_A,sa0,,,4.3200683594e-01
R254_U45_R254_U71_B,sa0,,,4.3200683594e-01
R254_U45_R254_U126_B,sa0,,,4.3200683594e-01
R254_U44,sa0,,,4.3200683594e-01
R254_U38_R254_U44_A,sa1,,,4.3200683594e-01
R254_U38_R254_U125_B,sa0,,,4.3200683594e-01
R254_U20,sa0,,,4.3200683594e-01
R254_U126,sa0,,,4.3200683594e-01
R254_U125,sa0,,,4.3200683594e-01
R248_U31_U516_A,sa0,,,4.3200683594e-01
R229_U6_R229_U123_B,sa0,,,4.3200683594e-01
R229_U46_R229_U122_B,sa0,,,4.3200683594e-01
R229_U41,sa0,,,4.3200683594e-01
R229_U29_R229_U123_A,sa0,,,4.3200683594e-01
R229_U29_R229_U121_A,sa1,,,4.3200683594e-01
R229_U123,sa0,,,4.3200683594e-01
R229_U122,sa0,,,4.3200683594e-01
R229_U121,sa0,,,4.3200683594e-01
CONT_REG_1__SCAN_IN_U514_B,sa0,,,4.3200683594e-01
CONT_REG_0__SCAN_IN_U515_B,sa0,,,4.3200683594e-01
CONT1_REG_1__SCAN_IN_U519_B,sa0,,,4.3200683594e-01
ADD_88_U5_U512_A,sa0,,,4.3200683594e-01
CONT_REG_3__SCAN_IN_U443_B,sa1,30,0,4.2944335938e-01
CONT_REG_4__SCAN_IN,sa1,30,0,4.2868041992e-01
U363,sa1,7,1,4.2578125000e-01
CONT_REG_3__SCAN_IN,sa0,30,0,4.2282104492e-01
STATO_REG_0__SCAN_IN,sa1,30,0,4.1665649414e-01
STATO_REG_0__SCAN_IN,sa0,30,0,4.1665649414e-01
CONT_REG_4__SCAN_IN_U441_B,sa1,30,0,4.1259765625e-01
U371,sa1,30,0,4.1027832031e-01
CONT_REG_5__SCAN_IN,sa1,30,0,4.0759277344e-01
U309_U432_A,sa1,30,0,4.0747070313e-01
U528,sa0,,,3.9843750000e-01
U527,sa0,,,3.9843750000e-01
U526,sa0,,,3.9843750000e-01
U525,sa0,,,3.9843750000e-01
U524,sa0,,,3.9843750000e-01
U523,sa0,,,3.9843750000e-01
U522,sa0,,,3.9843750000e-01
U521,sa0,,,3.9843750000e-01
U520,sa0,,,3.9843750000e-01
U453_U528_A,sa0,,,3.9843750000e-01
U388_U527_B,sa0,,,3.9843750000e-01
U370,sa0,30,0,3.9843750000e-01
U331_R254_U127_A,sa0,,,3.9843750000e-01
U322_U524_A,sa0,,,3.9843750000e-01
U320_U520_A,sa0,,,3.9843750000e-01
U319_U525_B,sa0,,,3.9843750000e-01
U318_U526_B,sa0,,,3.9843750000e-01
U315_U521_B,sa0,,,3.9843750000e-01
U313_U522_A,sa0,,,3.9843750000e-01
R_IN_REG_1__SCAN_IN_R254_U128_B,sa0,,,3.9843750000e-01
R_IN_REG_0__SCAN_IN_U520_B,sa0,,,3.9843750000e-01
R254_U66,sa0,,,3.9843750000e-01
R254_U39_R254_U66_A,sa1,,,3.9843750000e-01
R254_U39_R254_U127_B,sa0,,,3.9843750000e-01
R254_U15,sa0,,,3.9843750000e-01
R254_U128,sa0,,,3.9843750000e-01
R254_U127,sa0,,,3.9843750000e-01
R248_U6_U525_A,sa0,,,3.9843750000e-01
R229_U80_R229_U128_B,sa0,,,3.9843750000e-01
R229_U42,sa0,,,3.9843750000e-01
R229_U30_R229_U128_A,sa0,,,3.9843750000e-01
R229_U30_R229_U126_A,sa1,,,3.9843750000e-01
R229_U18_R229_U127_A,sa0,,,3.9843750000e-01
R229_U128,sa0,,,3.9843750000e-01
R229_U127,sa0,,,3.9843750000e-01
R229_U126,sa0,,,3.9843750000e-01
CONT_REG_0__SCAN_IN_U524_B,sa0,,,3.9843750000e-01
CONT1_REG_0__SCAN_IN_U528_B,sa0,,,3.9843750000e-01
CONT1_REG_0__SCAN_IN_U522_B,sa0,,,3.9843750000e-01
CONT_REG_5__SCAN_IN_U439_B,sa1,30,0,3.9721679688e-01
STATO_REG_1__SCAN_IN,sa1,30,0,3.7907600403e-01
STATO_REG_1__SCAN_IN,sa0,30,0,3.7907600403e-01
U425,sa1,3,1,3.7500000000e-01
U324_U422_A,sa1,2,1,3.7500000000e-01
STATO_REG_2__SCAN_IN_U425_B,sa1,3,1,3.7500000000e-01
U489,sa0,,,3.7329101563e-01
U488,sa0,,,3.7329101563e-01
U487,sa0,,,3.7329101563e-01
U486,sa0,,,3.7329101563e-01
U485,sa0,,,3.7329101563e-01
U484,sa0,,,3.7329101563e-01
U483,sa0,,,3.7329101563e-01
U482,sa0,,,3.7329101563e-01
U481,sa0,,,3.7329101563e-01
U480,sa0,,,3.7329101563e-01
U453_U489_A,sa0,,,3.7329101563e-01
U413,sa0,,,3.7329101563e-01
U388_U488_B,sa0,,,3.7329101563e-01
U374,sa0,30,0,3.7329101563e-01
U322_U484_A,sa0,,,3.7329101563e-01
U321_U485_A,sa0,,,3.7329101563e-01
U320_U480_A,sa0,,,3.7329101563e-01
U319_U486_B,sa0,,,3.7329101563e-01
U318_U487_B,sa0,,,3.7329101563e-01
U315_U481_B,sa0,,,3.7329101563e-01
U313_U482_B,sa0,,,3.7329101563e-01
R_IN_REG_4__SCAN_IN_U480_B,sa0,,,3.7329101563e-01
R254_U68,sa0,,,3.7329101563e-01
R254_U58_R254_U68_A,sa0,,,3.7329101563e-01
R254_U58_R254_U120_A,sa0,,,3.7329101563e-01
R254_U57_R254_U68_B,sa0,,,3.7329101563e-01
R254_U57_R254_U120_B,sa0,,,3.7329101563e-01
R254_U56,sa0,,,3.7329101563e-01
R254_U35_R254_U56_A,sa1,,,3.7329101563e-01
R254_U35_R254_U119_B,sa0,,,3.7329101563e-01
R254_U17,sa0,,,3.7329101563e-01
R254_U120,sa0,,,3.7329101563e-01
R254_U119,sa0,,,3.7329101563e-01
R248_U28_U486_A,sa0,,,3.7329101563e-01
R229_U58,sa0,,,3.7329101563e-01
R229_U37_R229_U58_A,sa1,,,3.7329101563e-01
R229_U37_R229_U108_B,sa0,,,3.7329101563e-01
R229_U26_R229_U108_A,sa0,,,3.7329101563e-01
R229_U26_R229_U106_A,sa1,,,3.7329101563e-01
R229_U20,sa0,,,3.7329101563e-01
R229_U108,sa0,,,3.7329101563e-01
R229_U107,sa0,,,3.7329101563e-01
R229_U106,sa0,,,3.7329101563e-01
CONT_REG_4__SCAN_IN_U484_B,sa0,,,3.7329101563e-01
CONT_REG_3__SCAN_IN_U485_B,sa0,,,3.7329101563e-01
CONT1_REG_4__SCAN_IN_U489_B,sa0,,,3.7329101563e-01
CONT1_REG_4__SCAN_IN_ADD_88_U38_B,sa0,,,3.7329101563e-01
ADD_88_U9_ADD_88_U38_A,sa0,,,3.7329101563e-01
ADD_88_U39,sa0,,,3.7329101563e-01
ADD_88_U38,sa0,,,3.7329101563e-01
ADD_88_U25_ADD_88_U39_A,sa0,,,3.7329101563e-01
ADD_88_U23_ADD_88_U39_B,sa0,,,3.7329101563e-01
ADD_88_U19,sa0,,,3.7329101563e-01
U509,sa0,,,3.7243652344e-01
U508,sa0,,,3.7243652344e-01
U507,sa0,,,3.7243652344e-01
U506,sa0,,,3.7243652344e-01
U505,sa0,,,3.7243652344e-01
U504,sa0,,,3.7243652344e-01
U503,sa0,,,3.7243652344e-01
U502,sa0,,,3.7243652344e-01
U501,sa0,,,3.7243652344e-01
U500,sa0,,,3.7243652344e-01
U453_U509_A,sa0,,,3.7243652344e-01
U415,sa0,,,3.7243652344e-01
U388_U508_B,sa0,,,3.7243652344e-01
U372,sa0,30,0,3.7243652344e-01
U322_U504_A,sa0,,,3.7243652344e-01
U321_U505_A,sa0,,,3.7243652344e-01
U320_U500_A,sa0,,,3.7243652344e-01
U319_U506_B,sa0,,,3.7243652344e-01
U318_U507_B,sa0,,,3.7243652344e-01
U315_U501_B,sa0,,,3.7243652344e-01
U313_U502_B,sa0,,,3.7243652344e-01
R_IN_REG_2__SCAN_IN_U500_B,sa0,,,3.7243652344e-01
R254_U70,sa0,,,3.7243652344e-01
R254_U50_R254_U70_A,sa0,,,3.7243652344e-01
R254_U50_R254_U124_A,sa0,,,3.7243652344e-01
R254_U49_R254_U70_B,sa0,,,3.7243652344e-01
R254_U49_R254_U124_B,sa0,,,3.7243652344e-01
R254_U48,sa0,,,3.7243652344e-01
R254_U37_R254_U48_A,sa1,,,3.7243652344e-01
R254_U37_R254_U123_B,sa0,,,3.7243652344e-01
R254_U19,sa0,,,3.7243652344e-01
R254_U124,sa0,,,3.7243652344e-01
R254_U123,sa0,,,3.7243652344e-01
R248_U30_U506_A,sa0,,,3.7243652344e-01
R229_U50,sa0,,,3.7243652344e-01
R229_U40_R229_U50_A,sa1,,,3.7243652344e-01
R229_U40_R229_U118_B,sa0,,,3.7243652344e-01
R229_U28_R229_U118_A,sa0,,,3.7243652344e-01
R229_U28_R229_U116_A,sa1,,,3.7243652344e-01
R229_U21,sa0,,,3.7243652344e-01
R229_U118,sa0,,,3.7243652344e-01
R229_U117,sa0,,,3.7243652344e-01
R229_U116,sa0,,,3.7243652344e-01
CONT_REG_2__SCAN_IN_U504_B,sa0,,,3.7243652344e-01
CONT_REG_1__SCAN_IN_U505_B,sa0,,,3.7243652344e-01
CONT1_REG_2__SCAN_IN_U509_B,sa0,,,3.7243652344e-01
CONT1_REG_2__SCAN_IN_ADD_88_U8_A,sa1,,,3.7243652344e-01
CONT1_REG_2__SCAN_IN_ADD_88_U41_B,sa0,,,3.7243652344e-01
CONT1_REG_1__SCAN_IN_ADD_88_U40_B,sa0,,,3.7243652344e-01
ADD_88_U8,sa0,,,3.7243652344e-01
ADD_88_U5_ADD_88_U41_A,sa0,,,3.7243652344e-01
ADD_88_U41,sa0,,,3.7243652344e-01
ADD_88_U40,sa0,,,3.7243652344e-01
ADD_88_U20,sa0,,,3.7243652344e-01
U458,sa0,,,3.7051391602e-01
U457,sa0,,,3.7051391602e-01
U456,sa0,,,3.7051391602e-01
U455,sa0,,,3.7051391602e-01
U454,sa0,,,3.7051391602e-01
U453_U458_A,sa0,,,3.7051391602e-01
U378,sa0,30,0,3.7051391602e-01
U327_U454_B,sa0,,,3.7051391602e-01
U326_U455_B,sa0,,,3.7051391602e-01
U319_U456_B,sa0,,,3.7051391602e-01
U318_U457_B,sa0,,,3.7051391602e-01
R254_U65,sa0,,,3.7051391602e-01
R254_U31_R254_U65_A,sa1,,,3.7051391602e-01
R254_U31_R254_U112_B,sa0,,,3.7051391602e-01
R254_U21_R254_U112_A,sa0,,,3.7051391602e-01
R254_U21_R254_U110_A,sa1,,,3.7051391602e-01
R254_U13,sa0,,,3.7051391602e-01
R254_U112,sa0,,,3.7051391602e-01
R254_U111,sa0,,,3.7051391602e-01
R254_U110,sa0,,,3.7051391602e-01
R248_U80,sa0,,,3.7051391602e-01
R248_U79,sa0,,,3.7051391602e-01
R248_U78,sa0,,,3.7051391602e-01
R248_U74,sa0,,,3.7051391602e-01
R248_U41_R248_U80_B,sa0,,,3.7051391602e-01
R248_U41_R248_U74_A,sa1,,,3.7051391602e-01
R248_U32_R248_U80_A,sa0,,,3.7051391602e-01
R248_U32_R248_U78_A,sa1,,,3.7051391602e-01
R248_U24,sa0,,,3.7051391602e-01
R229_U88,sa0,,,3.7051391602e-01
R229_U87,sa0,,,3.7051391602e-01
R229_U86,sa0,,,3.7051391602e-01
R229_U74,sa0,,,3.7051391602e-01
R229_U33,sa0,,,3.7051391602e-01
R229_U32_R229_U88_B,sa0,,,3.7051391602e-01
R229_U32_R229_U74_A,sa1,,,3.7051391602e-01
R229_U22_R229_U88_A,sa0,,,3.7051391602e-01
R229_U22_R229_U86_A,sa1,,,3.7051391602e-01
CONT1_REG_8__SCAN_IN_U458_B,sa0,,,3.7051391602e-01
CONT1_REG_8__SCAN_IN_ADD_88_U32_B,sa0,,,3.7051391602e-01
CONT1_REG_8__SCAN_IN_ADD_88_U21_A,sa1,,,3.7051391602e-01
ADD_88_U33,sa0,,,3.7051391602e-01
ADD_88_U32,sa0,,,3.7051391602e-01
ADD_88_U29,sa0,,,3.7051391602e-01
ADD_88_U22_ADD_88_U32_A,sa0,,,3.7051391602e-01
ADD_88_U22_ADD_88_U29_A,sa1,,,3.7051391602e-01
ADD_88_U21,sa0,,,3.7051391602e-01
ADD_88_U16,sa0,,,3.7051391602e-01
U562,sa0,,,3.6987304688e-01
U561,sa0,,,3.6987304688e-01
U550,sa0,,,3.6987304688e-01
U429,sa0,,,3.6987304688e-01
U428,sa0,,,3.6987304688e-01
U427,sa0,,,3.6987304688e-01
U418,sa0,,,3.6987304688e-01
U388_U562_B,sa0,,,3.6987304688e-01
U386_U562_A,sa0,,,3.6987304688e-01
U385_U429_B,sa0,,,3.6987304688e-01
U362,sa0,15,1,3.6987304688e-01
U330_U427_B,sa0,,,3.6987304688e-01
U309_U429_A,sa0,,,3.6987304688e-01
STBI_U418_A,sa1,,,3.6987304688e-01
STATO_REG_2__SCAN_IN_U428_C,sa0,,,3.6987304688e-01
STATO_REG_0__SCAN_IN_U561_B,sa0,,,3.6987304688e-01
STATO_REG_0__SCAN_IN_U427_C,sa0,,,3.6987304688e-01
R_IN_REG_1__SCAN_IN_U562_C,sa0,,,3.6987304688e-01
R259_U6_U429_C,sa0,,,3.6987304688e-01
U330_U417_A,sa1,24,1,3.6914062500e-01
U499,sa0,,,3.6767578125e-01
U498,sa0,,,3.6767578125e-01
U497,sa0,,,3.6767578125e-01
U496,sa0,,,3.6767578125e-01
U495,sa0,,,3.6767578125e-01
U494,sa0,,,3.6767578125e-01
U493,sa0,,,3.6767578125e-01
U492,sa0,,,3.6767578125e-01
U491,sa0,,,3.6767578125e-01
U490,sa0,,,3.6767578125e-01
U453_U499_A,sa0,,,3.6767578125e-01
U414,sa0,,,3.6767578125e-01
U388_U498_B,sa0,,,3.6767578125e-01
U373,sa0,30,0,3.6767578125e-01
U322_U494_A,sa0,,,3.6767578125e-01
U321_U495_A,sa0,,,3.6767578125e-01
U320_U490_A,sa0,,,3.6767578125e-01
U319_U496_B,sa0,,,3.6767578125e-01
U318_U497_B,sa0,,,3.6767578125e-01
U315_U491_B,sa0,,,3.6767578125e-01
U313_U492_B,sa0,,,3.6767578125e-01
R_IN_REG_3__SCAN_IN_U490_B,sa0,,,3.6767578125e-01
R254_U69,sa0,,,3.6767578125e-01
R254_U54_R254_U69_A,sa0,,,3.6767578125e-01
R254_U54_R254_U122_A,sa0,,,3.6767578125e-01
R254_U53_R254_U69_B,sa0,,,3.6767578125e-01
R254_U53_R254_U122_B,sa0,,,3.6767578125e-01
R254_U52,sa0,,,3.6767578125e-01
R254_U36_R254_U52_A,sa1,,,3.6767578125e-01
R254_U36_R254_U121_B,sa0,,,3.6767578125e-01
R254_U18,sa0,,,3.6767578125e-01
R254_U122,sa0,,,3.6767578125e-01
R254_U121,sa0,,,3.6767578125e-01
R248_U29_U496_A,sa0,,,3.6767578125e-01
R229_U54,sa0,,,3.6767578125e-01
R229_U39,sa0,,,3.6767578125e-01
R229_U38_R229_U54_A,sa1,,,3.6767578125e-01
R229_U38_R229_U113_B,sa0,,,3.6767578125e-01
R229_U27_R229_U113_A,sa0,,,3.6767578125e-01
R229_U27_R229_U111_A,sa1,,,3.6767578125e-01
R229_U113,sa0,,,3.6767578125e-01
R229_U112,sa0,,,3.6767578125e-01
R229_U111,sa0,,,3.6767578125e-01
CONT_REG_3__SCAN_IN_U494_B,sa0,,,3.6767578125e-01
CONT_REG_2__SCAN_IN_U495_B,sa0,,,3.6767578125e-01
CONT1_REG_3__SCAN_IN_U499_B,sa0,,,3.6767578125e-01
CONT1_REG_3__SCAN_IN_ADD_88_U31_A,sa0,,,3.6767578125e-01
CONT1_REG_2__SCAN_IN_ADD_88_U31_B,sa0,,,3.6767578125e-01
CONT1_REG_1__SCAN_IN_ADD_88_U31_C,sa0,,,3.6767578125e-01
ADD_88_U9_ADD_88_U7_A,sa0,,,3.6767578125e-01
ADD_88_U7,sa0,,,3.6767578125e-01
ADD_88_U31,sa0,,,3.6767578125e-01
U372,sa1,30,0,3.6621093750e-01
U378,sa1,30,0,3.6539840698e-01
U377,sa1,30,0,3.5897064209e-01
U479,sa0,,,3.5864257813e-01
U478,sa0,,,3.5864257813e-01
U477,sa0,,,3.5864257813e-01
U476,sa0,,,3.5864257813e-01
U475,sa0,,,3.5864257813e-01
U474,sa0,,,3.5864257813e-01
U473,sa0,,,3.5864257813e-01
U472,sa0,,,3.5864257813e-01
U471,sa0,,,3.5864257813e-01
U470,sa0,,,3.5864257813e-01
U453_U479_A,sa0,,,3.5864257813e-01
U412,sa0,,,3.5864257813e-01
U388_U478_B,sa0,,,3.5864257813e-01
U375,sa0,30,0,3.5864257813e-01
U322_U474_A,sa0,,,3.5864257813e-01
U321_U475_A,sa0,,,3.5864257813e-01
U320_U470_A,sa0,,,3.5864257813e-01
U319_U476_B,sa0,,,3.5864257813e-01
U318_U477_B,sa0,,,3.5864257813e-01
U315_U471_B,sa0,,,3.5864257813e-01
U313_U472_B,sa0,,,3.5864257813e-01
R_IN_REG_5__SCAN_IN_U470_B,sa0,,,3.5864257813e-01
R254_U67,sa0,,,3.5864257813e-01
R254_U62_R254_U67_A,sa0,,,3.5864257813e-01
R254_U62_R254_U118_A,sa0,,,3.5864257813e-01
R254_U61_R254_U67_B,sa0,,,3.5864257813e-01
R254_U61_R254_U118_B,sa0,,,3.5864257813e-01
R254_U60,sa0,,,3.5864257813e-01
R254_U34_R254_U60_A,sa1,,,3.5864257813e-01
R254_U34_R254_U117_B,sa0,,,3.5864257813e-01
R254_U16,sa0,,,3.5864257813e-01
R254_U118,sa0,,,3.5864257813e-01
R254_U117,sa0,,,3.5864257813e-01
R248_U27_U476_A,sa0,,,3.5864257813e-01
R229_U62_R229_U102_B,sa0,,,3.5864257813e-01
R229_U36,sa0,,,3.5864257813e-01
R229_U25_R229_U103_A,sa0,,,3.5864257813e-01
R229_U25_R229_U101_A,sa1,,,3.5864257813e-01
R229_U11_R229_U103_B,sa0,,,3.5864257813e-01
R229_U103,sa0,,,3.5864257813e-01
R229_U102,sa0,,,3.5864257813e-01
R229_U101,sa0,,,3.5864257813e-01
CONT_REG_5__SCAN_IN_U474_B,sa0,,,3.5864257813e-01
CONT_REG_4__SCAN_IN_U475_B,sa0,,,3.5864257813e-01
CONT1_REG_5__SCAN_IN_U479_B,sa0,,,3.5864257813e-01
CONT1_REG_5__SCAN_IN_ADD_88_U10_A,sa1,,,3.5864257813e-01
ADD_88_U6,sa0,,,3.5864257813e-01
ADD_88_U30,sa0,,,3.5864257813e-01
ADD_88_U25_ADD_88_U30_C,sa0,,,3.5864257813e-01
ADD_88_U23_ADD_88_U30_A,sa0,,,3.5864257813e-01
ADD_88_U11_ADD_88_U6_B,sa0,,,3.5864257813e-01
ADD_88_U10,sa0,,,3.5864257813e-01
U325,sa1,30,0,3.5412597656e-01
CONT1_REG_0__SCAN_IN,sa0,30,0,3.4570312500e-01
U469,sa0,,,3.3972167969e-01
U468,sa0,,,3.3972167969e-01
U467,sa0,,,3.3972167969e-01
U466,sa0,,,3.3972167969e-01
U465,sa0,,,3.3972167969e-01
U464,sa0,,,3.3972167969e-01
U453_U469_A,sa0,,,3.3972167969e-01
U411,sa0,,,3.3972167969e-01
U376,sa0,30,0,3.3972167969e-01
U327_U464_B,sa0,,,3.3972167969e-01
U326_U465_B,sa0,,,3.3972167969e-01
U321_U466_A,sa0,,,3.3972167969e-01
U319_U467_B,sa0,,,3.3972167969e-01
U318_U468_B,sa0,,,3.3972167969e-01
R254_U64,sa0,,,3.3972167969e-01
R254_U33,sa0,,,3.3972167969e-01
R254_U32_R254_U64_A,sa1,,,3.3972167969e-01
R254_U32_R254_U116_B,sa0,,,3.3972167969e-01
R254_U12_R254_U116_A,sa0,,,3.3972167969e-01
R254_U12_R254_U107_A,sa1,,,3.3972167969e-01
R254_U116,sa0,,,3.3972167969e-01
R254_U115,sa0,,,3.3972167969e-01
R254_U107,sa0,,,3.3972167969e-01
R248_U90,sa0,,,3.3972167969e-01
R248_U89,sa0,,,3.3972167969e-01
R248_U88,sa0,,,3.3972167969e-01
R248_U66,sa0,,,3.3972167969e-01
R248_U42_R248_U90_B,sa0,,,3.3972167969e-01
R248_U42_R248_U66_A,sa1,,,3.3972167969e-01
R248_U34_R248_U90_A,sa0,,,3.3972167969e-01
R248_U34_R248_U88_A,sa1,,,3.3972167969e-01
R248_U26,sa0,,,3.3972167969e-01
R229_U98,sa0,,,3.3972167969e-01
R229_U97,sa0,,,3.3972167969e-01
R229_U96,sa0,,,3.3972167969e-01
R229_U66_R229_U97_B,sa0,,,3.3972167969e-01
R229_U35,sa0,,,3.3972167969e-01
R229_U24_R229_U98_A,sa0,,,3.3972167969e-01
R229_U24_R229_U96_A,sa1,,,3.3972167969e-01
R229_U13_R229_U98_B,sa0,,,3.3972167969e-01
CONT_REG_5__SCAN_IN_U466_B,sa0,,,3.3972167969e-01
CONT1_REG_6__SCAN_IN_U469_B,sa0,,,3.3972167969e-01
CONT1_REG_6__SCAN_IN_ADD_88_U36_B,sa0,,,3.3972167969e-01
CONT1_REG_6__SCAN_IN_ADD_88_U12_A,sa1,,,3.3972167969e-01
ADD_88_U37,sa0,,,3.3972167969e-01
ADD_88_U36,sa0,,,3.3972167969e-01
ADD_88_U27_ADD_88_U37_A,sa0,,,3.3972167969e-01
ADD_88_U18,sa0,,,3.3972167969e-01
ADD_88_U12,sa0,,,3.3972167969e-01
ADD_88_U11_ADD_88_U36_A,sa0,,,3.3972167969e-01
U411,sa1,76,0,3.3117675781e-01
U323,sa1,38,0,3.2690429688e-01
U320,sa1,60,0,3.2467842102e-01
U416,sa1,41,1,3.2153320313e-01
U463,sa0,,,3.2110595703e-01
U462,sa0,,,3.2110595703e-01
U461,sa0,,,3.2110595703e-01
U460,sa0,,,3.2110595703e-01
U459,sa0,,,3.2110595703e-01
U453_U463_A,sa0,,,3.2110595703e-01
U377,sa0,30,0,3.2110595703e-01
U327_U459_B,sa0,,,3.2110595703e-01
U326_U460_B,sa0,,,3.2110595703e-01
U319_U461_B,sa0,,,3.2110595703e-01
U318_U462_B,sa0,,,3.2110595703e-01
R254_U74,sa0,,,3.2110595703e-01
R254_U40_R254_U113_B,sa0,,,3.2110595703e-01
R254_U14,sa0,,,3.2110595703e-01
R254_U11_R254_U74_A,sa1,,,3.2110595703e-01
R254_U11_R254_U114_A,sa0,,,3.2110595703e-01
R254_U114,sa0,,,3.2110595703e-01
R254_U113,sa0,,,3.2110595703e-01
R254_U10_R254_U114_B,sa0,,,3.2110595703e-01
R248_U85,sa0,,,3.2110595703e-01
R248_U84,sa0,,,3.2110595703e-01
R248_U83,sa0,,,3.2110595703e-01
R248_U70_R248_U84_B,sa0,,,3.2110595703e-01
R248_U33_R248_U85_A,sa0,,,3.2110595703e-01
R248_U33_R248_U83_A,sa1,,,3.2110595703e-01
R248_U25,sa0,,,3.2110595703e-01
R248_U21_R248_U85_B,sa0,,,3.2110595703e-01
R229_U93,sa0,,,3.2110595703e-01
R229_U92,sa0,,,3.2110595703e-01
R229_U91,sa0,,,3.2110595703e-01
R229_U70_R229_U92_B,sa0,,,3.2110595703e-01
R229_U34,sa0,,,3.2110595703e-01
R229_U23_R229_U93_A,sa0,,,3.2110595703e-01
R229_U23_R229_U91_A,sa1,,,3.2110595703e-01
R229_U15_R229_U93_B,sa0,,,3.2110595703e-01
CONT1_REG_7__SCAN_IN_U463_B,sa0,,,3.2110595703e-01
CONT1_REG_7__SCAN_IN_ADD_88_U34_B,sa0,,,3.2110595703e-01
CONT1_REG_7__SCAN_IN_ADD_88_U14_A,sa1,,,3.2110595703e-01
ADD_88_U35,sa0,,,3.2110595703e-01
ADD_88_U34,sa0,,,3.2110595703e-01
ADD_88_U28_ADD_88_U35_A,sa0,,,3.2110595703e-01
ADD_88_U17,sa0,,,3.2110595703e-01
ADD_88_U14,sa0,,,3.2110595703e-01
ADD_88_U13_ADD_88_U34_A,sa0,,,3.2110595703e-01
U412,sa1,58,1,3.1835937500e-01
U554,sa0,,,3.1785964966e-01
U553,sa0,,,3.1785964966e-01
U452,sa0,,,3.1785964966e-01
U451,sa0,,,3.1785964966e-01
U450,sa0,,,3.1785964966e-01
U421_U450_B,sa0,,,3.1785964966e-01
U420,sa0,,,3.1785964966e-01
U419_U553_A,sa0,,,3.1785964966e-01
U398,sa0,30,0,3.1785964966e-01
U325_U450_A,sa0,,,3.1785964966e-01
STATO_REG_2__SCAN_IN_U451_C,sa0,,,3.1785964966e-01
STATO_REG_1__SCAN_IN_U553_B,sa0,,,3.1785964966e-01
STATO_REG_1__SCAN_IN_U452_A,sa0,,,3.1785964966e-01
STATO_REG_0__SCAN_IN_U554_B,sa0,,,3.1785964966e-01
STATO_REG_0__SCAN_IN_U452_B,sa0,,,3.1785964966e-01
GT_80_U6_U420_A,sa1,,,3.1785964966e-01
U324,sa1,57,0,3.1261062622e-01
U458,sa1,9,1,3.1054687500e-01
CONT1_REG_0__SCAN_IN,sa1,30,0,3.0957031250e-01
U374,sa1,30,0,3.0932617188e-01
U316,sa1,47,0,3.0548095703e-01
U309,sa1,44,0,3.0126953125e-01
U453,sa0,30,0,3.0080223083e-01
U398_U453_A,sa1,,,3.0080223083e-01
U316_U323_A,sa1,30,0,2.9907226563e-01
U415,sa1,48,0,2.9785156250e-01
CONT1_REG_1__SCAN_IN,sa0,30,0,2.9150390625e-01
CONT1_REG_1__SCAN_IN,sa1,30,0,2.8955078125e-01
U373,sa1,30,0,2.8906250000e-01
U375,sa1,30,0,2.8643798828e-01
U316_U328_A,sa1,15,1,2.8027343750e-01
U329,sa1,28,1,2.7392578125e-01
U398_U320_A,sa1,30,0,2.7218627930e-01
CONT1_REG_7__SCAN_IN_U463_B,sa1,14,1,2.7026367188e-01
U386,sa0,30,0,2.6864242554e-01
STATO_REG_1__SCAN_IN_U386_A,sa1,,,2.6864242554e-01
U317_U446_B,sa1,20,1,2.6586914063e-01
U328_U532_A,sa1,13,1,2.6464843750e-01
U328_U535_A,sa1,11,1,2.6367187500e-01
U323_U536_A,sa1,24,1,2.6367187500e-01
U323_U539_A,sa1,18,1,2.6171875000e-01
U323_U533_A,sa1,30,0,2.6171875000e-01
CONT1_REG_3__SCAN_IN_U499_B,sa1,29,1,2.5976562500e-01
U528,sa1,22,1,2.5903320313e-01
U519,sa1,29,1,2.5903320313e-01
U328_U541_A,sa1,7,1,2.5781250000e-01
U323_U542_A,sa1,12,1,2.5781250000e-01
CONT1_REG_1__SCAN_IN_U519_B,sa1,30,0,2.5781250000e-01
CONT1_REG_2__SCAN_IN_U509_B,sa1,30,0,2.5708007813e-01
CONT1_REG_4__SCAN_IN_U489_B,sa1,30,0,2.5683593750e-01
U428,sa1,13,1,2.5659179688e-01
U479,sa1,29,1,2.5585937500e-01
U376,sa1,30,0,2.5349426270e-01
U523,sa1,15,1,2.5000000000e-01
U513,sa1,23,1,2.5000000000e-01
U433,sa1,3,1,2.5000000000e-01
U387_U325_A,sa0,,,2.5000000000e-01
U387,sa0,9,1,2.5000000000e-01
U325_U426_A,sa1,2,1,2.5000000000e-01
U325,sa0,9,1,2.5000000000e-01
U323_U545_A,sa1,5,1,2.5000000000e-01
U322_U524_A,sa1,20,1,2.5000000000e-01
STATO_REG_2__SCAN_IN_U387_A,sa1,,,2.5000000000e-01
STATO_REG_1__SCAN_IN_U325_B,sa0,,,2.5000000000e-01
U324,sa0,30,0,2.4914550781e-01
STATO_REG_2__SCAN_IN_U324_A,sa0,,,2.4914550781e-01
STATO_REG_1__SCAN_IN_U324_B,sa0,,,2.4914550781e-01
U469,sa1,25,1,2.4804687500e-01
U463,sa1,9,1,2.4804687500e-01
U430_U316_A,sa1,30,0,2.4737548828e-01
U414,sa1,53,0,2.4407958984e-01
U323_U530_A,sa1,30,0,2.3925781250e-01
U430_U435_A,sa1,30,0,2.3756408691e-01
CONT1_REG_2__SCAN_IN,sa1,30,0,2.3602294922e-01
U509,sa1,30,0,2.3535156250e-01
U319,sa1,60,0,2.3232460022e-01
U388,sa0,30,0,2.3065185547e-01
STATO_REG_0__SCAN_IN_U388_A,sa1,,,2.3065185547e-01
CONT1_REG_3__SCAN_IN,sa1,30,0,2.3059082031e-01
U503,sa1,30,0,2.3046875000e-01
U318_U526_B,sa1,30,0,2.3046875000e-01
CONT1_REG_0__SCAN_IN_U528_B,sa1,30,0,2.2998046875e-01
U315,sa1,60,0,2.2411727905e-01
U330_U393_A,sa1,30,0,2.2231292725e-01
CONT1_REG_2__SCAN_IN,sa0,30,0,2.2167968750e-01
U322,sa1,38,0,2.2013568878e-01
U434_U574_B,sa1,3,1,2.1875000000e-01
U434_U572_B,sa1,3,1,2.1875000000e-01
U434_U570_B,sa1,3,1,2.1875000000e-01
U434_U568_B,sa1,3,1,2.1875000000e-01
U434_U566_B,sa1,3,1,2.1875000000e-01
U434_U564_B,sa1,3,1,2.1875000000e-01
U319_U516_B,sa1,30,0,2.1771240234e-01
U398,sa1,30,0,2.1743011475e-01
U413,sa1,53,0,2.1551513672e-01
U386_U433_B,sa1,6,1,2.1191406250e-01
U330,sa0,30,0,2.1129057556e-01
CONT1_REG_8__SCAN_IN,sa1,30,0,2.0815277100e-01
CONT1_REG_8__SCAN_IN,sa0,30,0,2.0815277100e-01
CONT1_REG_8__SCAN_IN_U458_B,sa1,12,1,2.0776367188e-01
U493,sa1,30,0,2.0605468750e-01
CONT1_REG_3__SCAN_IN,sa0,30,0,2.0544433594e-01
U322_U514_A,sa1,30,0,2.0147705078e-01
STATO_REG_1__SCAN_IN_U330_B,sa0,30,0,2.0112065971e-01
CONT1_REG_7__SCAN_IN,sa1,30,0,2.0097351074e-01
U309_U429_A,sa1,30,0,2.0095825195e-01
CONT1_REG_7__SCAN_IN,sa0,30,0,1.9926452637e-01
U321_U515_A,sa1,30,0,1.9708251953e-01
U386,sa1,30,0,1.9601821899e-01
STATO_REG_1__SCAN_IN_U386_A,sa0,,,1.9601821899e-01
U313_U512_B,sa1,16,1,1.9433593750e-01
U322_U504_A,sa1,30,0,1.8786621094e-01
STATO_REG_2__SCAN_IN_U330_A,sa0,30,0,1.8478970975e-01
STATO_REG_1__SCAN_IN_U324_B,sa1,30,0,1.8370437622e-01
U321_U505_A,sa1,30,0,1.8328857422e-01
U451,sa1,30,0,1.8305969238e-01
U388,sa1,30,0,1.8285369873e-01
STATO_REG_0__SCAN_IN_U388_A,sa0,,,1.8285369873e-01
U499,sa1,30,0,1.8157958984e-01
U561,sa1,12,1,1.8090820313e-01
U315_U319_A,sa1,30,0,1.7974853516e-01
STATO_REG_1__SCAN_IN_U325_B,sa1,10,1,1.7968750000e-01
U398_U315_A,sa1,30,0,1.7938232422e-01
U483,sa1,30,0,1.7919921875e-01
CONT1_REG_4__SCAN_IN,sa0,30,0,1.7825317383e-01
U325_U309_A,sa1,30,0,1.7626953125e-01
CONT1_REG_4__SCAN_IN,sa1,30,0,1.7507934570e-01
U387_U325_A,sa1,19,1,1.7431640625e-01
CONT1_REG_5__SCAN_IN,sa0,30,0,1.7327880859e-01
U322_U484_A,sa1,30,0,1.7297363281e-01
U322_U494_A,sa1,30,0,1.7138671875e-01
STATO_REG_2__SCAN_IN_U428_C,sa1,15,1,1.7126464844e-01
CONT1_REG_5__SCAN_IN,sa1,30,0,1.7034912109e-01
CONT1_REG_6__SCAN_IN_U469_B,sa1,30,0,1.6992187500e-01
U321,sa1,37,0,1.6894531250e-01
U387,sa1,30,0,1.6557693481e-01
STATO_REG_2__SCAN_IN_U387_A,sa0,,,1.6557693481e-01
STATO_REG_0__SCAN_IN_U452_B,sa1,30,0,1.6382598877e-01
U318,sa1,60,0,1.5917587280e-01
U314_U322_A,sa1,30,0,1.5861225128e-01
U319_U496_B,sa1,30,0,1.5802001953e-01
U473,sa1,30,0,1.5481567383e-01
CONT1_REG_6__SCAN_IN,sa1,30,0,1.5341186523e-01
CONT1_REG_6__SCAN_IN,sa0,30,0,1.5341186523e-01
U489,sa1,30,0,1.5301513672e-01
U330_U427_B,sa1,7,1,1.5295410156e-01
STATO_REG_0__SCAN_IN_U561_B,sa1,7,1,1.5295410156e-01
U313,sa1,39,0,1.5181827545e-01
U317_U444_B,sa1,24,1,1.4916992188e-01
U319_U506_B,sa1,30,0,1.4898681641e-01
U402,sa0,30,0,1.4842224121e-01
STATO_REG_3__SCAN_IN_U402_A,sa1,,,1.4842224121e-01
STATO_REG_1__SCAN_IN_U452_A,sa1,30,0,1.4818572998e-01
CONT1_REG_5__SCAN_IN_U479_B,sa1,30,0,1.4752197266e-01
STATO_REG_2__SCAN_IN_U451_C,sa1,30,0,1.4611816406e-01
U321_U495_A,sa1,30,0,1.4379882813e-01
U321_U475_A,sa1,30,0,1.4300537109e-01
U322_U474_A,sa1,30,0,1.4031982422e-01
U319_U476_B,sa1,30,0,1.3969421387e-01
U453_U519_A,sa1,24,1,1.3928222656e-01
U402,sa1,30,0,1.3804757595e-01
STATO_REG_3__SCAN_IN_U402_A,sa0,,,1.3804757595e-01
STATO_REG_3__SCAN_IN,sa0,30,0,1.3791513443e-01
STATO_REG_3__SCAN_IN,sa1,30,0,1.3755321503e-01
U326_U465_B,sa1,30,0,1.3470458984e-01
U313_U472_B,sa1,30,0,1.2994384766e-01
U453,sa1,30,0,1.2908554077e-01
U398_U453_A,sa0,,,1.2908554077e-01
U423,sa0,,,1.2890625000e-01
U422,sa0,,,1.2890625000e-01
U421_U423_B,sa0,,,1.2890625000e-01
U360,sa0,3,1,1.2890625000e-01
U324_U422_A,sa0,,,1.2890625000e-01
U309_U423_A,sa0,,,1.2890625000e-01
STATO_REG_2__SCAN_IN_U324_A,sa1,27,1,1.2890625000e-01
STATO_REG_0__SCAN_IN_U422_B,sa0,,,1.2890625000e-01
U318_U517_B,sa1,30,0,1.2710571289e-01
U430_U329_A,sa1,9,1,1.2646484375e-01
U321_U466_A,sa1,30,0,1.2624359131e-01
U426,sa1,1,1,1.2500000000e-01
U424,sa1,1,1,1.2500000000e-01
U422,sa1,1,1,1.2500000000e-01
U398_U320_A,sa0,,,1.2500000000e-01
U388_U309_B,sa1,14,1,1.2500000000e-01
U388_U309_B,sa0,,,1.2500000000e-01
U387_U320_B,sa0,,,1.2500000000e-01
U325_U309_A,sa0,,,1.2500000000e-01
U320,sa0,20,1,1.2500000000e-01
U309,sa0,8,1,1.2500000000e-01
STATO_REG_1__SCAN_IN_U424_A,sa1,1,1,1.2500000000e-01
STATO_REG_0__SCAN_IN_U426_B,sa1,1,1,1.2500000000e-01
STATO_REG_0__SCAN_IN_U424_B,sa1,1,1,1.2500000000e-01
STATO_REG_0__SCAN_IN_U422_B,sa1,1,1,1.2500000000e-01
U329_U529_B,sa1,13,1,1.2451171875e-01
U313_U318_A,sa1,30,0,1.2414169312e-01
U320_U520_A,sa1,10,1,1.2402343750e-01
U320_U510_A,sa1,13,1,1.2402343750e-01
U320_U500_A,sa1,22,1,1.2402343750e-01
U398_U313_B,sa0,,,1.2390136719e-01
U324_U313_A,sa0,,,1.2390136719e-01
U313,sa0,30,0,1.2390136719e-01
U434,sa0,12,1,1.2304687500e-01
U430,sa0,26,1,1.2304687500e-01
U417_U434_A,sa1,,,1.2304687500e-01
U417,sa1,12,1,1.2304687500e-01
U402_U417_B,sa1,12,1,1.2304687500e-01
U393_U430_A,sa1,,,1.2304687500e-01
U320_U314_A,sa0,,,1.2304687500e-01
U314,sa0,14,1,1.2304687500e-01
STATO_REG_0__SCAN_IN_U314_B,sa0,,,1.2304687500e-01
U320_U490_A,sa1,30,0,1.2255859375e-01
U313_U492_B,sa1,30,0,1.2219238281e-01
U560,sa0,,,1.2109375000e-01
U559,sa0,,,1.2109375000e-01
U558,sa0,,,1.2109375000e-01
U557,sa0,,,1.2109375000e-01
U556,sa0,,,1.2109375000e-01
U555,sa0,,,1.2109375000e-01
U432,sa1,6,1,1.2109375000e-01
U421_U423_B,sa1,6,1,1.2109375000e-01
U421,sa1,6,1,1.2109375000e-01
U410,sa0,,,1.2109375000e-01
U391_U560_A,sa0,,,1.2109375000e-01
U390_U559_A,sa0,,,1.2109375000e-01
U389,sa0,,,1.2109375000e-01
U385_U421_A,sa0,,,1.2109375000e-01
U385,sa0,6,1,1.2109375000e-01
U359_U558_A,sa0,,,1.2109375000e-01
U358_U556_A,sa0,,,1.2109375000e-01
U331_U555_A,sa0,,,1.2109375000e-01
U329_U538_B,sa1,7,1,1.2109375000e-01
R_IN_REG_5__SCAN_IN_U558_B,sa0,,,1.2109375000e-01
R_IN_REG_5__SCAN_IN_U389_A,sa1,,,1.2109375000e-01
R_IN_REG_4__SCAN_IN_U557_B,sa0,,,1.2109375000e-01
R_IN_REG_3__SCAN_IN_U555_B,sa0,,,1.2109375000e-01
R_IN_REG_2__SCAN_IN_U560_B,sa0,,,1.2109375000e-01
R_IN_REG_1__SCAN_IN_U556_B,sa0,,,1.2109375000e-01
R_IN_REG_0__SCAN_IN_U559_B,sa0,,,1.2109375000e-01
U393,sa1,30,0,1.2102890015e-01
U452,sa1,30,0,1.2067508698e-01
U388_U393_B,sa1,30,0,1.1815643311e-01
U318_U507_B,sa1,30,0,1.1642456055e-01
U453_U509_A,sa1,30,0,1.1633300781e-01
U319_U486_B,sa1,30,0,1.1505126953e-01
U313_U502_B,sa1,21,1,1.1328125000e-01
U453_U499_A,sa1,30,0,1.1315917969e-01
U320_U480_A,sa1,30,0,1.1169433594e-01
U453_U528_A,sa1,9,1,1.1035156250e-01
U319_U525_B,sa1,23,1,1.1035156250e-01
U319_U461_B,sa1,30,0,1.0944366455e-01
U329_U544_B,sa1,3,1,1.0937500000e-01
U388_U527_B,sa1,23,1,1.0766601563e-01
U314_U321_A,sa1,30,0,1.0742187500e-01
U453_U479_A,sa1,30,0,1.0693359375e-01
U321_U485_A,sa1,30,0,1.0693359375e-01
U326,sa1,60,0,1.0656738281e-01
R254_U40_R254_U31_A,sa0,,,1.0325241089e-01
R254_U31,sa0,30,0,1.0325241089e-01
R254_U11_R254_U31_B,sa0,,,1.0325241089e-01
U421_U436_B,sa1,30,0,1.0223388672e-01
U327_U459_B,sa1,30,0,1.0192489624e-01
U326_U460_B,sa1,30,0,1.0124206543e-01
U318,sa0,30,0,1.0119628906e-01
U313_U318_A,sa0,,,1.0119628906e-01
STATO_REG_0__SCAN_IN_U318_B,sa0,,,1.0119628906e-01
U327_U454_B,sa1,30,0,9.6298217773e-02
U453_U458_A,sa1,30,0,9.5413208008e-02
U453_U463_A,sa1,30,0,9.5169067383e-02
U317,sa1,81,0,9.4894409180e-02
U319_U456_B,sa1,30,0,9.4665527344e-02
U393_U363_D,sa1,2,1,9.3750000000e-02
U359_U356_A,sa0,,,9.3750000000e-02
U356,sa0,25,1,9.3750000000e-02
U331_R254_U87_A,sa0,,,9.3750000000e-02
U331_R254_U82_A,sa0,,,9.3750000000e-02
U331_R254_U77_A,sa0,,,9.3750000000e-02
U315_U521_B,sa1,16,1,9.3750000000e-02
U315_U511_B,sa1,26,1,9.3750000000e-02
STATO_REG_2__SCAN_IN_U551_B,sa0,2,1,9.3750000000e-02
STATO_REG_0__SCAN_IN_U552_B,sa0,2,1,9.3750000000e-02
R_IN_REG_2__SCAN_IN_U356_B,sa0,,,9.3750000000e-02
R_IN_REG_2__SCAN_IN_R254_U50_B,sa0,,,9.3750000000e-02
R_IN_REG_1__SCAN_IN_R254_U88_A,sa0,,,9.3750000000e-02
R_IN_REG_1__SCAN_IN_R254_U83_A,sa0,,,9.3750000000e-02
R_IN_REG_1__SCAN_IN_R254_U78_A,sa0,,,9.3750000000e-02
R_IN_REG_1__SCAN_IN_R254_U46_B,sa0,,,9.3750000000e-02
R_IN_REG_0__SCAN_IN_R254_U42_B,sa0,,,9.3750000000e-02
R254_U89,sa0,,,9.3750000000e-02
R254_U88,sa0,,,9.3750000000e-02
R254_U87,sa0,,,9.3750000000e-02
R254_U84,sa0,,,9.3750000000e-02
R254_U83,sa0,,,9.3750000000e-02
R254_U82,sa0,,,9.3750000000e-02
R254_U79,sa0,,,9.3750000000e-02
R254_U78,sa0,,,9.3750000000e-02
R254_U77,sa0,,,9.3750000000e-02
R254_U50,sa0,27,1,9.3750000000e-02
R254_U46,sa0,13,1,9.3750000000e-02
R254_U42,sa0,10,1,9.3750000000e-02
R254_U25_R254_U87_B,sa0,,,9.3750000000e-02
R254_U24_R254_U82_B,sa0,,,9.3750000000e-02
R254_U23_R254_U77_B,sa0,,,9.3750000000e-02
R229_U19,sa1,23,1,9.3750000000e-02
CONT1_REG_2__SCAN_IN_R254_U88_B,sa0,,,9.3750000000e-02
CONT1_REG_1__SCAN_IN_R254_U83_B,sa0,,,9.3750000000e-02
CONT1_REG_0__SCAN_IN_R254_U78_B,sa0,,,9.3750000000e-02
U320_U470_A,sa1,30,0,9.3029022217e-02
U453_U489_A,sa1,30,0,9.1674804688e-02
U319_U467_B,sa1,30,0,9.1247558594e-02
U327,sa1,60,0,9.0980529785e-02
U317_U442_B,sa1,29,1,9.0942382813e-02
U311,sa1,30,0,9.0454101563e-02
U421_U450_B,sa1,30,0,9.0347290039e-02
U527,sa1,9,1,8.7890625000e-02
U518,sa1,10,1,8.7890625000e-02
U508,sa1,26,1,8.7890625000e-02
U318_U497_B,sa1,30,0,8.7890625000e-02
U359,sa0,12,1,8.2031250000e-02
R_IN_REG_3__SCAN_IN_U359_A,sa1,,,8.2031250000e-02
U326_U455_B,sa1,30,0,8.1809997559e-02
R254_U32_R254_U10_B,sa0,,,8.1024169922e-02
R254_U12_R254_U10_A,sa0,,,8.1024169922e-02
R254_U10,sa0,30,0,8.1024169922e-02
STATO_REG_1__SCAN_IN_U553_B,sa1,30,0,7.9910278320e-02
U398_U315_A,sa0,,,7.8308105469e-02
U386_U315_B,sa0,,,7.8308105469e-02
U315,sa0,30,0,7.8308105469e-02
U553,sa1,4,1,7.8125000000e-02
U431,sa1,4,1,7.8125000000e-02
U419,sa0,4,1,7.8125000000e-02
U388_U431_A,sa1,2,1,7.8125000000e-02
R229_U8_R229_U51_B,sa0,,,7.8125000000e-02
R229_U83_R229_U53_A,sa0,,,7.8125000000e-02
R229_U53,sa0,,,7.8125000000e-02
R229_U52,sa0,,,7.8125000000e-02
R229_U51,sa0,,,7.8125000000e-02
R229_U40_R229_U52_B,sa0,,,7.8125000000e-02
R229_U38,sa0,20,1,7.8125000000e-02
R229_U19_R229_U51_A,sa0,,,7.8125000000e-02
GT_87_U7,sa1,,,7.8125000000e-02
GT_87_U6,sa1,,,7.8125000000e-02
CONT1_REG_8__SCAN_IN_GT_87_U6_B,sa1,,,7.8125000000e-02
CONT1_REG_7__SCAN_IN_GT_87_U7_A,sa1,,,7.8125000000e-02
CONT1_REG_6__SCAN_IN_GT_87_U7_B,sa1,,,7.8125000000e-02
CONT1_REG_2__SCAN_IN_R229_U53_B,sa0,,,7.8125000000e-02
U313_U326_A,sa1,30,0,7.7148437500e-02
U314,sa1,49,0,7.6721191406e-02
U388_U518_B,sa1,30,0,7.6354980469e-02
U398_U313_B,sa1,9,1,7.6171875000e-02
U324_U313_A,sa1,30,0,7.5646400452e-02
R254_U40,sa1,30,0,7.4913024902e-02
R254_U10_R254_U40_A,sa0,,,7.4913024902e-02
U312,sa1,36,0,7.4829101563e-02
U310,sa1,36,0,7.4829101563e-02
U359,sa1,14,1,7.4218750000e-02
R_IN_REG_3__SCAN_IN_U359_A,sa0,,,7.4218750000e-02
R229_U13,sa1,30,0,7.3974609375e-02
U320_U314_A,sa1,30,0,7.3822021484e-02
U391,sa0,14,1,7.3242187500e-02
R_IN_REG_0__SCAN_IN_U391_A,sa1,,,7.3242187500e-02
U352,sa1,25,1,7.3120117188e-02
U351,sa1,29,1,7.3120117188e-02
U358,sa0,16,1,7.2265625000e-02
R_IN_REG_2__SCAN_IN_U358_A,sa1,,,7.2265625000e-02
U331,sa0,30,0,7.2082519531e-02
R_IN_REG_1__SCAN_IN_U331_A,sa1,,,7.2082519531e-02
R259_U6,sa1,27,1,7.1838378906e-02
U315_U501_B,sa1,30,0,7.0556640625e-02
R259_U6_U429_C,sa1,8,1,7.0312500000e-02
R229_U9_R229_U55_B,sa0,,,7.0312500000e-02
R229_U80_R229_U55_A,sa0,,,7.0312500000e-02
R229_U57,sa0,,,7.0312500000e-02
R229_U56,sa0,,,7.0312500000e-02
R229_U55,sa0,,,7.0312500000e-02
R229_U38_R229_U56_B,sa0,,,7.0312500000e-02
R229_U37,sa0,28,1,7.0312500000e-02
R229_U18_R229_U57_A,sa0,,,7.0312500000e-02
CONT1_REG_3__SCAN_IN_R229_U57_B,sa0,,,7.0312500000e-02
U313_U482_B,sa1,30,0,7.0190429688e-02
R229_U15,sa1,24,1,6.9335937500e-02
U550,sa1,10,1,6.9091796875e-02
STATO_REG_1__SCAN_IN_U550_B,sa1,,,6.9091796875e-02
STATO_REG_1__SCAN_IN_U550_B,sa0,10,1,6.9091796875e-02
GT_80_U9,sa1,,,6.9091796875e-02
GT_80_U8,sa1,,,6.9091796875e-02
GT_80_U6_U550_A,sa1,,,6.9091796875e-02
GT_80_U6,sa1,26,1,6.9091796875e-02
CONT1_REG_8__SCAN_IN_GT_80_U6_B,sa1,,,6.9091796875e-02
CONT1_REG_7__SCAN_IN_GT_80_U9_B,sa1,,,6.9091796875e-02
CONT1_REG_6__SCAN_IN_GT_80_U9_C,sa1,,,6.9091796875e-02
CONT1_REG_5__SCAN_IN_GT_80_U9_D,sa1,,,6.9091796875e-02
U315_U327_A,sa1,30,0,6.9087982178e-02
U318_U462_B,sa1,30,0,6.8023681641e-02
U554,sa1,30,0,6.7993164063e-02
U388_U327_B,sa0,,,6.7901611328e-02
U327,sa0,30,0,6.7901611328e-02
U315_U327_A,sa0,,,6.7901611328e-02
U498,sa1,30,0,6.7871093750e-02
R248_U43,sa1,30,0,6.6040039063e-02
R229_U32,sa1,26,1,6.5917968750e-02
U391,sa1,10,1,6.5429687500e-02
R_IN_REG_0__SCAN_IN_U391_A,sa0,,,6.5429687500e-02
U436,sa0,,,6.4971923828e-02
U435,sa0,,,6.4971923828e-02
U430_U435_A,sa0,,,6.4971923828e-02
U421_U436_B,sa0,,,6.4971923828e-02
U402_U435_B,sa0,,,6.4971923828e-02
U394,sa0,30,0,6.4971923828e-02
U309_U436_A,sa0,,,6.4971923828e-02
U394_U317_A,sa1,30,0,6.4941406250e-02
U437,sa1,21,1,6.4636230469e-02
U394_U437_A,sa0,,,6.4636230469e-02
U358,sa1,7,1,6.4453125000e-02
R_IN_REG_2__SCAN_IN_U358_A,sa0,,,6.4453125000e-02
U453_U469_A,sa1,30,0,6.2957763672e-02
U331,sa1,30,0,6.2622070313e-02
R_IN_REG_1__SCAN_IN_U331_A,sa0,,,6.2622070313e-02
X_IN_5_,sa1,2,1,6.2500000000e-02
X_IN_4_,sa1,2,1,6.2500000000e-02
X_IN_3_,sa1,2,1,6.2500000000e-02
X_IN_2_,sa1,2,1,6.2500000000e-02
X_IN_1_,sa1,2,1,6.2500000000e-02
X_IN_0_,sa1,2,1,6.2500000000e-02
U574,sa1,2,1,6.2500000000e-02
U572,sa1,2,1,6.2500000000e-02
U570,sa1,2,1,6.2500000000e-02
U568,sa1,2,1,6.2500000000e-02
U566,sa1,2,1,6.2500000000e-02
U564,sa1,2,1,6.2500000000e-02
U562,sa1,1,1,6.2500000000e-02
U552,sa1,1,1,6.2500000000e-02
U551,sa1,1,1,6.2500000000e-02
U549,sa0,,,6.2500000000e-02
U548,sa0,,,6.2500000000e-02
U547,sa1,23,1,6.2500000000e-02
U526,sa1,8,1,6.2500000000e-02
U521,sa1,4,1,6.2500000000e-02
U517,sa1,12,1,6.2500000000e-02
U511,sa1,6,1,6.2500000000e-02
U507,sa1,18,1,6.2500000000e-02
U501,sa1,19,1,6.2500000000e-02
U497,sa1,23,1,6.2500000000e-02
U487,sa1,23,1,6.2500000000e-02
U477,sa1,29,1,6.2500000000e-02
U462,sa1,26,1,6.2500000000e-02
U457,sa1,28,1,6.2500000000e-02
U427,sa1,1,1,6.2500000000e-02
U418,sa1,1,1,6.2500000000e-02
U386_U562_A,sa1,1,1,6.2500000000e-02
U359_R229_U89_A,sa0,,,6.2500000000e-02
U359_R229_U84_A,sa0,,,6.2500000000e-02
U359_R229_U81_A,sa1,23,1,6.2500000000e-02
U359_R229_U78_A,sa0,,,6.2500000000e-02
U359_R229_U75_A,sa0,,,6.2500000000e-02
U359_R229_U4_A,sa1,,,6.2500000000e-02
U359_R229_U44_A,sa0,,,6.2500000000e-02
U359_R229_U124_A,sa0,,,6.2500000000e-02
U358_U548_A,sa0,,,6.2500000000e-02
U358_R229_U78_B,sa0,,,6.2500000000e-02
U357_U549_A,sa1,,,6.2500000000e-02
U357_R229_U76_A,sa0,,,6.2500000000e-02
U357,sa1,11,1,6.2500000000e-02
U357,sa0,15,1,6.2500000000e-02
U356_U547_A,sa0,,,6.2500000000e-02
U356_U357_A,sa0,,,6.2500000000e-02
U331_R254_U85_A,sa0,,,6.2500000000e-02
U331_R254_U80_A,sa0,,,6.2500000000e-02
U331_R254_U75_A,sa0,,,6.2500000000e-02
U331_R254_U45_C,sa0,,,6.2500000000e-02
U331_R254_U43_A,sa0,,,6.2500000000e-02
STBI_U551_A,sa1,,,6.2500000000e-02
STBI_U551_A,sa0,1,1,6.2500000000e-02
STBI_U418_A,sa0,,,6.2500000000e-02
STBI,sa1,1,1,6.2500000000e-02
STBI,sa0,1,1,6.2500000000e-02
STATO_REG_2__SCAN_IN_U551_B,sa1,,,6.2500000000e-02
STATO_REG_0__SCAN_IN_U552_B,sa1,,,6.2500000000e-02
STATO_REG_0__SCAN_IN_U427_C,sa1,1,1,6.2500000000e-02
R_IN_REG_3__SCAN_IN_U548_B,sa0,,,6.2500000000e-02
R_IN_REG_2__SCAN_IN_R254_U6_A,sa1,,,6.2500000000e-02
R_IN_REG_2__SCAN_IN_R229_U79_B,sa0,,,6.2500000000e-02
R_IN_REG_1__SCAN_IN_U562_C,sa1,1,1,6.2500000000e-02
R_IN_REG_1__SCAN_IN_U552_A,sa1,,,6.2500000000e-02
R_IN_REG_1__SCAN_IN_U552_A,sa0,1,1,6.2500000000e-02
R_IN_REG_1__SCAN_IN_R254_U86_A,sa0,,,6.2500000000e-02
R_IN_REG_1__SCAN_IN_R254_U81_A,sa0,,,6.2500000000e-02
R_IN_REG_1__SCAN_IN_R254_U76_A,sa0,,,6.2500000000e-02
R_IN_REG_0__SCAN_IN_R254_U5_A,sa1,,,6.2500000000e-02
R254_U86,sa0,,,6.2500000000e-02
R254_U85,sa0,,,6.2500000000e-02
R254_U81,sa0,,,6.2500000000e-02
R254_U80,sa0,,,6.2500000000e-02
R254_U76,sa0,,,6.2500000000e-02
R254_U75,sa0,,,6.2500000000e-02
R254_U6,sa0,,,6.2500000000e-02
R254_U5,sa0,,,6.2500000000e-02
R254_U49,sa0,20,1,6.2500000000e-02
R254_U47,sa0,,,6.2500000000e-02
R254_U46_R254_U37_A,sa0,,,6.2500000000e-02
R254_U45_R254_U47_A,sa0,,,6.2500000000e-02
R254_U45,sa0,6,1,6.2500000000e-02
R254_U43,sa0,,,6.2500000000e-02
R254_U42_R254_U39_B,sa0,,,6.2500000000e-02
R254_U42_R254_U38_A,sa0,,,6.2500000000e-02
R254_U41_R254_U43_B,sa0,,,6.2500000000e-02
R254_U41_R254_U39_A,sa0,,,6.2500000000e-02
R254_U41,sa0,5,1,6.2500000000e-02
R254_U39,sa1,5,1,6.2500000000e-02
R254_U39,sa0,5,1,6.2500000000e-02
R254_U38_R254_U47_B,sa0,,,6.2500000000e-02
R254_U38,sa1,6,1,6.2500000000e-02
R254_U38,sa0,6,1,6.2500000000e-02
R254_U37,sa1,16,1,6.2500000000e-02
R254_U37,sa0,21,1,6.2500000000e-02
R254_U25_R254_U85_B,sa0,,,6.2500000000e-02
R254_U24_R254_U80_B,sa0,,,6.2500000000e-02
R254_U23_R254_U75_B,sa0,,,6.2500000000e-02
R254_U20,sa1,6,1,6.2500000000e-02
R254_U19,sa1,17,1,6.2500000000e-02
R254_U15,sa1,6,1,6.2500000000e-02
R229_U9_R229_U110_B,sa0,,,6.2500000000e-02
R229_U90,sa0,,,6.2500000000e-02
R229_U8_R229_U115_B,sa0,,,6.2500000000e-02
R229_U89,sa0,,,6.2500000000e-02
R229_U85,sa0,,,6.2500000000e-02
R229_U84,sa0,,,6.2500000000e-02
R229_U83_R229_U114_A,sa0,,,6.2500000000e-02
R229_U80_R229_U45_A,sa0,,,6.2500000000e-02
R229_U80_R229_U109_A,sa0,,,6.2500000000e-02
R229_U79,sa0,,,6.2500000000e-02
R229_U78,sa0,,,6.2500000000e-02
R229_U77_R229_U47_B,sa0,,,6.2500000000e-02
R229_U77_R229_U119_A,sa0,,,6.2500000000e-02
R229_U77_R229_U104_A,sa0,,,6.2500000000e-02
R229_U76,sa0,,,6.2500000000e-02
R229_U75,sa0,,,6.2500000000e-02
R229_U7,sa0,,,6.2500000000e-02
R229_U6_R229_U49_B,sa0,,,6.2500000000e-02
R229_U6,sa1,12,1,6.2500000000e-02
R229_U6,sa0,14,1,6.2500000000e-02
R229_U5_R229_U43_B,sa0,,,6.2500000000e-02
R229_U5_R229_U124_B,sa0,,,6.2500000000e-02
R229_U4_R229_U90_A,sa0,,,6.2500000000e-02
R229_U4_R229_U85_A,sa0,,,6.2500000000e-02
R229_U4_R229_U79_A,sa0,,,6.2500000000e-02
R229_U4_R229_U76_B,sa0,,,6.2500000000e-02
R229_U4_R229_U125_A,sa0,,,6.2500000000e-02
R229_U49,sa0,,,6.2500000000e-02
R229_U48,sa0,,,6.2500000000e-02
R229_U47,sa0,,,6.2500000000e-02
R229_U46_R229_U47_A,sa0,,,6.2500000000e-02
R229_U45,sa0,,,6.2500000000e-02
R229_U44,sa0,,,6.2500000000e-02
R229_U43,sa0,,,6.2500000000e-02
R229_U42,sa1,8,1,6.2500000000e-02
R229_U41,sa1,15,1,6.2500000000e-02
R229_U40,sa1,17,1,6.2500000000e-02
R229_U40,sa0,23,1,6.2500000000e-02
R229_U4,sa0,16,1,6.2500000000e-02
R229_U39,sa1,23,1,6.2500000000e-02
R229_U36,sa1,38,1,6.2500000000e-02
R229_U35,sa1,52,1,6.2500000000e-02
R229_U34,sa1,26,1,6.2500000000e-02
R229_U33,sa1,28,1,6.2500000000e-02
R229_U31,sa0,,,6.2500000000e-02
R229_U30,sa1,8,1,6.2500000000e-02
R229_U30,sa0,8,1,6.2500000000e-02
R229_U29,sa1,13,1,6.2500000000e-02
R229_U29,sa0,15,1,6.2500000000e-02
R229_U28,sa1,18,1,6.2500000000e-02
R229_U28,sa0,17,1,6.2500000000e-02
R229_U27,sa1,22,1,6.2500000000e-02
R229_U27,sa0,22,1,6.2500000000e-02
R229_U26,sa1,30,1,6.2500000000e-02
R229_U26,sa0,30,1,6.2500000000e-02
R229_U23,sa1,26,1,6.2500000000e-02
R229_U23,sa0,26,1,6.2500000000e-02
R229_U22,sa1,28,1,6.2500000000e-02
R229_U22,sa0,28,1,6.2500000000e-02
R229_U21,sa1,17,1,6.2500000000e-02
R229_U20,sa1,26,1,6.2500000000e-02
R229_U19_R229_U115_A,sa0,,,6.2500000000e-02
R229_U18_R229_U43_A,sa0,,,6.2500000000e-02
R229_U18_R229_U110_A,sa0,,,6.2500000000e-02
R229_U18,sa1,8,1,6.2500000000e-02
R229_U18,sa0,8,1,6.2500000000e-02
R229_U17_R229_U49_A,sa0,,,6.2500000000e-02
R229_U17_R229_U120_A,sa0,,,6.2500000000e-02
R229_U17_R229_U105_A,sa0,,,6.2500000000e-02
R229_U17,sa1,12,1,6.2500000000e-02
R229_U17,sa0,12,1,6.2500000000e-02
R229_U16_R229_U89_B,sa0,,,6.2500000000e-02
R229_U125,sa0,,,6.2500000000e-02
R229_U124,sa0,,,6.2500000000e-02
R229_U120,sa0,,,6.2500000000e-02
R229_U119,sa0,,,6.2500000000e-02
R229_U115,sa0,,,6.2500000000e-02
R229_U114,sa0,,,6.2500000000e-02
R229_U110,sa0,,,6.2500000000e-02
R229_U10_R229_U105_B,sa0,,,6.2500000000e-02
R229_U109,sa0,,,6.2500000000e-02
R229_U105,sa0,,,6.2500000000e-02
R229_U104,sa0,,,6.2500000000e-02
CONT1_REG_8__SCAN_IN_R229_U85_B,sa0,,,6.2500000000e-02
CONT1_REG_8__SCAN_IN_R229_U31_A,sa1,,,6.2500000000e-02
CONT1_REG_7__SCAN_IN_R229_U90_B,sa0,,,6.2500000000e-02
CONT1_REG_4__SCAN_IN_R229_U104_B,sa0,,,6.2500000000e-02
CONT1_REG_3__SCAN_IN_R229_U109_B,sa0,,,6.2500000000e-02
CONT1_REG_2__SCAN_IN_R254_U86_B,sa0,,,6.2500000000e-02
CONT1_REG_2__SCAN_IN_R229_U114_B,sa0,,,6.2500000000e-02
CONT1_REG_1__SCAN_IN_R254_U81_B,sa0,,,6.2500000000e-02
CONT1_REG_1__SCAN_IN_R229_U7_A,sa1,,,6.2500000000e-02
CONT1_REG_1__SCAN_IN_R229_U48_B,sa0,,,6.2500000000e-02
CONT1_REG_1__SCAN_IN_R229_U119_B,sa0,,,6.2500000000e-02
CONT1_REG_0__SCAN_IN_R254_U76_B,sa0,,,6.2500000000e-02
CONT1_REG_0__SCAN_IN_R229_U45_B,sa0,,,6.2500000000e-02
CONT1_REG_0__SCAN_IN_R229_U125_B,sa0,,,6.2500000000e-02
U388_U508_B,sa1,30,0,6.1843872070e-02
U317_U440_B,sa1,30,1,6.1767578125e-02
U435,sa1,6,1,6.1523437500e-02
U402_U435_B,sa1,6,1,6.1523437500e-02
U391_U322_B,sa1,8,1,6.1523437500e-02
U391_U322_B,sa0,,,6.1523437500e-02
U322,sa0,8,1,6.1523437500e-02
U321,sa0,7,1,6.1523437500e-02
U314_U322_A,sa0,,,6.1523437500e-02
U314_U321_A,sa0,,,6.1523437500e-02
R_IN_REG_0__SCAN_IN_U321_B,sa1,7,1,6.1523437500e-02
R_IN_REG_0__SCAN_IN_U321_B,sa0,,,6.1523437500e-02
U318_U468_B,sa1,30,0,6.0668945313e-02
U359_R229_U4_A,sa0,,,6.0546875000e-02
R229_U4,sa1,30,1,6.0546875000e-02
U359_R229_U72_A,sa0,,,5.9082031250e-02
R229_U77_R229_U61_A,sa0,,,5.9082031250e-02
R229_U73,sa0,,,5.9082031250e-02
R229_U72,sa0,,,5.9082031250e-02
R229_U71,sa0,,,5.9082031250e-02
R229_U70_R229_U71_A,sa0,,,5.9082031250e-02
R229_U61,sa0,,,5.9082031250e-02
R229_U60,sa0,,,5.9082031250e-02
R229_U59,sa0,,,5.9082031250e-02
R229_U37_R229_U60_B,sa0,,,5.9082031250e-02
R229_U32,sa0,30,1,5.9082031250e-02
R229_U17_R229_U59_A,sa0,,,5.9082031250e-02
R229_U16_R229_U71_B,sa0,,,5.9082031250e-02
R229_U15_R229_U73_A,sa0,,,5.9082031250e-02
R229_U11,sa0,30,0,5.9082031250e-02
R229_U10_R229_U59_B,sa0,,,5.9082031250e-02
CONT1_REG_7__SCAN_IN_R229_U73_B,sa0,,,5.9082031250e-02
CONT1_REG_4__SCAN_IN_R229_U61_B,sa0,,,5.9082031250e-02
U468,sa1,30,0,5.8715820313e-02
U410,sa1,24,1,5.8593750000e-02
R229_U80,sa0,22,1,5.8593750000e-02
R229_U18_R229_U80_A,sa1,,,5.8593750000e-02
R248_U10,sa1,30,1,5.8349609375e-02
U430_U316_A,sa0,,,5.8105468750e-02
U316,sa0,15,1,5.8105468750e-02
STATO_REG_3__SCAN_IN_U316_B,sa1,17,1,5.8105468750e-02
STATO_REG_3__SCAN_IN_U316_B,sa0,,,5.8105468750e-02
U331_R254_U108_A,sa0,,,5.7918548584e-02
R_IN_REG_1__SCAN_IN_R254_U109_A,sa0,,,5.7918548584e-02
R254_U30,sa0,,,5.7918548584e-02
R254_U21,sa1,30,0,5.7918548584e-02
R254_U21,sa0,30,0,5.7918548584e-02
R254_U109,sa0,,,5.7918548584e-02
R254_U108,sa0,,,5.7918548584e-02
CONT1_REG_8__SCAN_IN_R254_U30_A,sa1,,,5.7918548584e-02
CONT1_REG_8__SCAN_IN_R254_U109_B,sa0,,,5.7918548584e-02
U401,sa0,,,5.7495117188e-02
U355,sa0,30,0,5.7495117188e-02
U352_R248_U23_A,sa1,,,5.7495117188e-02
U312_R248_U45_A,sa0,,,5.7495117188e-02
STATO_REG_3__SCAN_IN_U355_B,sa0,,,5.7495117188e-02
R248_U45,sa0,29,1,5.7495117188e-02
R248_U23,sa0,,,5.7495117188e-02
R229_U11,sa1,30,0,5.7495117188e-02
CONT1_REG_1__SCAN_IN_U401_A,sa1,,,5.7495117188e-02
U318_U477_B,sa1,30,0,5.7250976563e-02
U331_R254_U92_A,sa0,,,5.7128906250e-02
R_IN_REG_3__SCAN_IN_R254_U54_B,sa0,,,5.7128906250e-02
R_IN_REG_1__SCAN_IN_R254_U93_A,sa0,,,5.7128906250e-02
R254_U94,sa0,,,5.7128906250e-02
R254_U93,sa0,,,5.7128906250e-02
R254_U92,sa0,,,5.7128906250e-02
R254_U54,sa0,30,0,5.7128906250e-02
R254_U26_R254_U92_B,sa0,,,5.7128906250e-02
CONT1_REG_3__SCAN_IN_R254_U93_B,sa0,,,5.7128906250e-02
U318_U487_B,sa1,30,0,5.6243896484e-02
U344,sa1,20,1,5.5908203125e-02
GT_80_U6_U550_A,sa0,10,1,5.5908203125e-02
GT_80_U6,sa0,24,1,5.5908203125e-02
CONT1_REG_8__SCAN_IN_GT_80_U6_B,sa0,28,1,5.5908203125e-02
U359_R229_U68_A,sa0,,,5.5664062500e-02
R229_U69,sa0,,,5.5664062500e-02
R229_U68,sa0,,,5.5664062500e-02
R229_U67,sa0,,,5.5664062500e-02
R229_U66_R229_U67_A,sa0,,,5.5664062500e-02
R229_U15,sa0,28,1,5.5664062500e-02
R229_U14_R229_U67_B,sa0,,,5.5664062500e-02
R229_U13_R229_U69_A,sa0,,,5.5664062500e-02
CONT1_REG_6__SCAN_IN_R229_U69_B,sa0,,,5.5664062500e-02
U327_U464_B,sa1,30,0,5.4763793945e-02
R229_U80,sa1,15,1,5.4687500000e-02
R229_U37,sa1,26,1,5.4687500000e-02
R229_U18_R229_U80_A,sa0,,,5.4687500000e-02
U454,sa1,30,0,5.4634094238e-02
R254_U13,sa1,30,0,5.4634094238e-02
U420,sa1,30,0,5.3710937500e-02
R229_U9,sa0,30,0,5.3710937500e-02
GT_80_U6_U420_A,sa0,,,5.3710937500e-02
CONT1_REG_3__SCAN_IN_R229_U9_A,sa1,,,5.3710937500e-02
R254_U65,sa1,30,0,5.3489685059e-02
R254_U31_R254_U65_A,sa0,,,5.3489685059e-02
R254_U21_R254_U112_A,sa1,30,0,5.3489685059e-02
R254_U112,sa1,30,0,5.3489685059e-02
U331_R254_U72_A,sa0,,,5.3428649902e-02
R_IN_REG_1__SCAN_IN_R254_U73_A,sa0,,,5.3428649902e-02
R254_U73,sa0,,,5.3428649902e-02
R254_U72,sa0,,,5.3428649902e-02
R254_U22,sa0,,,5.3428649902e-02
R254_U11,sa1,30,0,5.3428649902e-02
R254_U11,sa0,30,0,5.3428649902e-02
CONT1_REG_7__SCAN_IN_R254_U73_B,sa0,,,5.3428649902e-02
CONT1_REG_7__SCAN_IN_R254_U22_A,sa1,,,5.3428649902e-02
U491,sa1,30,0,5.3222656250e-02
U391_U337_B,sa0,,,5.3100585938e-02
U385_U337_A,sa0,,,5.3100585938e-02
U343,sa1,,,5.3100585938e-02
U342_R259_U9_A,sa1,,,5.3100585938e-02
U342_R259_U19_A,sa0,,,5.3100585938e-02
U341_R259_U24_A,sa0,,,5.3100585938e-02
U341_R259_U12_A,sa1,,,5.3100585938e-02
U340_R259_U25_A,sa0,,,5.3100585938e-02
U340_R259_U13_A,sa1,,,5.3100585938e-02
U339_R259_U8_A,sa1,,,5.3100585938e-02
U339_R259_U30_A,sa0,,,5.3100585938e-02
U338_R259_U33_A,sa0,,,5.3100585938e-02
U338_R259_U16_A,sa1,,,5.3100585938e-02
U337,sa0,,,5.3100585938e-02
U336_R259_U21_A,sa0,,,5.3100585938e-02
U336_R259_U10_A,sa1,,,5.3100585938e-02
U335_R259_U22_A,sa0,,,5.3100585938e-02
U335_R259_U11_A,sa1,,,5.3100585938e-02
U334_R259_U27_A,sa0,,,5.3100585938e-02
U334_R259_U14_A,sa1,,,5.3100585938e-02
U333_R259_U28_A,sa0,,,5.3100585938e-02
U333_R259_U15_A,sa1,,,5.3100585938e-02
U332_R259_U7_A,sa1,,,5.3100585938e-02
U332_R259_U18_A,sa0,,,5.3100585938e-02
R259_U9,sa0,,,5.3100585938e-02
R259_U8,sa0,,,5.3100585938e-02
R259_U7,sa0,,,5.3100585938e-02
R259_U6,sa0,27,1,5.3100585938e-02
R259_U33,sa0,,,5.3100585938e-02
R259_U32,sa0,,,5.3100585938e-02
R259_U31,sa0,,,5.3100585938e-02
R259_U30,sa0,,,5.3100585938e-02
R259_U29,sa0,,,5.3100585938e-02
R259_U28,sa0,,,5.3100585938e-02
R259_U27,sa0,,,5.3100585938e-02
R259_U26,sa0,,,5.3100585938e-02
R259_U25,sa0,,,5.3100585938e-02
R259_U24,sa0,,,5.3100585938e-02
R259_U23,sa0,,,5.3100585938e-02
R259_U22,sa0,,,5.3100585938e-02
R259_U21,sa0,,,5.3100585938e-02
R259_U20,sa0,,,5.3100585938e-02
R259_U19,sa0,,,5.3100585938e-02
R259_U18,sa0,,,5.3100585938e-02
R259_U17,sa0,,,5.3100585938e-02
R259_U16,sa0,,,5.3100585938e-02
R259_U15,sa0,,,5.3100585938e-02
R259_U14,sa0,,,5.3100585938e-02
R259_U13,sa0,,,5.3100585938e-02
R259_U12,sa0,,,5.3100585938e-02
R259_U11,sa0,,,5.3100585938e-02
R259_U10,sa0,,,5.3100585938e-02
R229_U66,sa0,30,0,5.2978515625e-02
R229_U13_R229_U66_A,sa1,,,5.2978515625e-02
U385_U332_A,sa0,,,5.2734375000e-02
U332,sa0,7,1,5.2734375000e-02
R_IN_REG_5__SCAN_IN_U332_B,sa0,,,5.2734375000e-02
R259_U18,sa1,7,1,5.2734375000e-02
R254_U33,sa1,60,0,5.2597045898e-02
STATO_REG_0__SCAN_IN_U319_B,sa1,30,0,5.2576065063e-02
U387_U320_B,sa1,30,0,5.2492141724e-02
U332,sa1,30,0,5.2368164063e-02
R248_U44,sa1,30,0,5.1879882813e-02
U332_R259_U18_A,sa1,23,1,5.1208496094e-02
R259_U32,sa1,25,1,5.1208496094e-02
R254_U36,sa1,30,0,5.0903320313e-02
U429,sa1,7,1,5.0781250000e-02
R_IN_REG_5__SCAN_IN_U332_B,sa1,7,1,5.0781250000e-02
R229_U70,sa1,30,0,5.0659179688e-02
R229_U15_R229_U70_A,sa0,,,5.0659179688e-02
R254_U18,sa1,30,0,5.0537109375e-02
U331_R254_U90_A,sa0,,,5.0292968750e-02
R_IN_REG_3__SCAN_IN_R254_U7_A,sa1,,,5.0292968750e-02
R_IN_REG_1__SCAN_IN_R254_U91_A,sa0,,,5.0292968750e-02
R254_U91,sa0,,,5.0292968750e-02
R254_U90,sa0,,,5.0292968750e-02
R254_U7,sa0,,,5.0292968750e-02
R254_U53,sa0,30,0,5.0292968750e-02
R254_U26_R254_U90_B,sa0,,,5.0292968750e-02
R229_U9,sa1,30,0,5.0292968750e-02
CONT1_REG_3__SCAN_IN_R254_U91_B,sa0,,,5.0292968750e-02
CONT1_REG_3__SCAN_IN_R229_U9_A,sa0,,,5.0292968750e-02
U488,sa1,30,0,5.0048828125e-02
U350,sa1,30,0,4.9438476563e-02
STATO_REG_0__SCAN_IN_U554_B,sa1,30,0,4.9232482910e-02
U388_U478_B,sa1,30,0,4.8446655273e-02
U400,sa0,,,4.8095703125e-02
U354,sa0,30,0,4.8095703125e-02
STATO_REG_3__SCAN_IN_U354_B,sa0,,,4.8095703125e-02
CONT1_REG_3__SCAN_IN_U400_A,sa1,,,4.8095703125e-02
U318_U457_B,sa1,30,0,4.7821044922e-02
U478,sa1,30,0,4.7790527344e-02
U317_U438_B,sa1,27,1,4.7790527344e-02
R229_U99,sa0,,,4.7363281250e-02
R229_U83_R229_U99_A,sa0,,,4.7363281250e-02
R229_U25,sa1,30,0,4.7363281250e-02
R229_U25,sa0,30,0,4.7363281250e-02
R229_U19_R229_U100_A,sa0,,,4.7363281250e-02
R229_U12_R229_U100_B,sa0,,,4.7363281250e-02
R229_U100,sa0,,,4.7363281250e-02
CONT1_REG_5__SCAN_IN_R229_U99_B,sa0,,,4.7363281250e-02
U388_U488_B,sa1,30,0,4.7222137451e-02
U459,sa1,30,0,4.6905517578e-02
R254_U14,sa1,30,0,4.6905517578e-02
U419_U553_A,sa1,4,1,4.6875000000e-02
U419_U431_C,sa1,4,1,4.6875000000e-02
U419,sa1,4,1,4.6875000000e-02
U393_U546_A,sa1,2,1,4.6875000000e-02
U393_U543_A,sa1,4,1,4.6875000000e-02
U393_U540_A,sa1,5,1,4.6875000000e-02
U393_U537_A,sa1,6,1,4.6875000000e-02
U393_U534_A,sa1,7,1,4.6875000000e-02
U393_U531_A,sa1,8,1,4.6875000000e-02
U388_U326_B,sa0,,,4.6875000000e-02
U326,sa0,10,1,4.6875000000e-02
U313_U326_A,sa0,,,4.6875000000e-02
U312_U544_A,sa1,4,1,4.6875000000e-02
U311_U538_A,sa1,4,1,4.6875000000e-02
U310_U529_A,sa1,4,1,4.6875000000e-02
R229_U77,sa1,15,1,4.6875000000e-02
R229_U77,sa0,12,1,4.6875000000e-02
R229_U6_R229_U46_A,sa1,,,4.6875000000e-02
R229_U6_R229_U46_A,sa0,,,4.6875000000e-02
R229_U46,sa1,12,1,4.6875000000e-02
R229_U46,sa0,8,1,4.6875000000e-02
R229_U38,sa1,22,1,4.6875000000e-02
R229_U19_R229_U115_A,sa1,22,1,4.6875000000e-02
R229_U17_R229_U77_A,sa1,,,4.6875000000e-02
R229_U17_R229_U77_A,sa0,,,4.6875000000e-02
R229_U114,sa1,16,1,4.6875000000e-02
GT_87_U6,sa0,,,4.6875000000e-02
CONT1_REG_8__SCAN_IN_GT_87_U6_B,sa0,4,1,4.6875000000e-02
CONT1_REG_2__SCAN_IN_R229_U114_B,sa1,20,1,4.6875000000e-02
U310,sa0,30,0,4.6630859375e-02
STATO_REG_3__SCAN_IN_U310_B,sa0,,,4.6630859375e-02
CONT1_REG_5__SCAN_IN_U310_A,sa0,,,4.6630859375e-02
U311,sa0,20,1,4.5410156250e-02
STATO_REG_3__SCAN_IN_U311_B,sa0,,,4.5410156250e-02
R254_U51,sa0,,,4.5410156250e-02
R254_U50_R254_U36_A,sa0,,,4.5410156250e-02
R254_U49_R254_U51_A,sa0,,,4.5410156250e-02
R254_U37_R254_U51_B,sa0,,,4.5410156250e-02
R254_U36,sa0,30,0,4.5410156250e-02
CONT1_REG_2__SCAN_IN_U311_A,sa0,,,4.5410156250e-02
U312,sa0,9,1,4.5288085938e-02
STATO_REG_3__SCAN_IN_U312_B,sa0,,,4.5288085938e-02
CONT1_REG_0__SCAN_IN_U312_A,sa0,,,4.5288085938e-02
CONT1_REG_0__SCAN_IN_U312_A,sa1,27,1,4.5166015625e-02
R254_U63,sa0,,,4.5135498047e-02
R254_U62_R254_U32_A,sa0,,,4.5135498047e-02
R254_U61_R254_U63_A,sa0,,,4.5135498047e-02
R254_U34_R254_U63_B,sa0,,,4.5135498047e-02
R254_U32,sa0,30,0,4.5135498047e-02
R248_U15,sa1,30,0,4.5043945313e-02
CONT1_REG_2__SCAN_IN_U311_A,sa1,18,1,4.5043945313e-02
U386_U315_B,sa1,30,0,4.4734954834e-02
R254_U40_R254_U113_B,sa1,30,0,4.4548034668e-02
R254_U11_R254_U114_A,sa1,30,0,4.4548034668e-02
R254_U114,sa1,30,0,4.4548034668e-02
U350_R248_U12_A,sa1,,,4.3945312500e-02
U350_R248_U106_A,sa0,,,4.3945312500e-02
U319,sa0,30,0,4.3945312500e-02
U315_U319_A,sa0,,,4.3945312500e-02
U311_R248_U107_A,sa0,,,4.3945312500e-02
STATO_REG_0__SCAN_IN_U319_B,sa0,,,4.3945312500e-02
R248_U38,sa0,26,1,4.3945312500e-02
R248_U24,sa1,8,1,4.3945312500e-02
R248_U12,sa0,,,4.3945312500e-02
R248_U11_R248_U106_B,sa0,,,4.3945312500e-02
R248_U107,sa0,,,4.3945312500e-02
R248_U106,sa0,,,4.3945312500e-02
U352_R248_U75_A,sa0,,,4.3701171875e-02
U312_R248_U7_A,sa1,,,4.3701171875e-02
R248_U75,sa0,,,4.3701171875e-02
R248_U7,sa0,,,4.3701171875e-02
R248_U6,sa0,16,1,4.3701171875e-02
R248_U45_R248_U6_A,sa0,,,4.3701171875e-02
R248_U31,sa1,18,1,4.3701171875e-02
R248_U30,sa1,25,1,4.3701171875e-02
U331_R254_U105_A,sa0,,,4.3685913086e-02
R_IN_REG_1__SCAN_IN_R254_U106_A,sa0,,,4.3685913086e-02
R254_U29,sa0,,,4.3685913086e-02
R254_U12,sa0,30,0,4.3685913086e-02
R254_U106,sa0,,,4.3685913086e-02
R254_U105,sa0,,,4.3685913086e-02
CONT1_REG_6__SCAN_IN_R254_U29_A,sa1,,,4.3685913086e-02
CONT1_REG_6__SCAN_IN_R254_U106_B,sa0,,,4.3685913086e-02
U355_R248_U112_A,sa0,,,4.3579101563e-02
U351_R248_U9_A,sa1,,,4.3579101563e-02
U351_R248_U111_A,sa0,,,4.3579101563e-02
U349,sa1,35,0,4.3579101563e-02
U348,sa1,45,0,4.3579101563e-02
U347,sa1,30,0,4.3579101563e-02
R248_U9_R248_U112_B,sa0,,,4.3579101563e-02
R248_U9,sa0,17,1,4.3579101563e-02
R248_U8_R248_U111_B,sa0,,,4.3579101563e-02
R248_U39,sa1,18,1,4.3579101563e-02
R248_U39,sa0,18,1,4.3579101563e-02
R248_U112,sa1,18,1,4.3579101563e-02
R248_U112,sa0,,,4.3579101563e-02
R248_U111,sa0,,,4.3579101563e-02
CONT1_REG_5__SCAN_IN_U310_A,sa1,29,1,4.3579101563e-02
U352_R248_U75_A,sa1,10,1,4.3457031250e-02
U312_R248_U45_A,sa1,15,1,4.3457031250e-02
R248_U6,sa1,10,1,4.3457031250e-02
R248_U50_R248_U109_B,sa0,,,4.3457031250e-02
R248_U46,sa0,,,4.3457031250e-02
R248_U45_R248_U46_A,sa1,,,4.3457031250e-02
R248_U45_R248_U115_B,sa0,,,4.3457031250e-02
R248_U39_R248_U115_A,sa0,,,4.3457031250e-02
R248_U39_R248_U113_A,sa1,,,4.3457031250e-02
R248_U38_R248_U110_A,sa0,,,4.3457031250e-02
R248_U38_R248_U108_A,sa1,,,4.3457031250e-02
R248_U31,sa0,16,1,4.3457031250e-02
R248_U30,sa0,24,1,4.3457031250e-02
R248_U115,sa0,,,4.3457031250e-02
R248_U114,sa0,,,4.3457031250e-02
R248_U113,sa0,,,4.3457031250e-02
R248_U110,sa0,,,4.3457031250e-02
R248_U10_R248_U110_B,sa0,,,4.3457031250e-02
R248_U109,sa0,,,4.3457031250e-02
R248_U108,sa0,,,4.3457031250e-02
U354_R248_U102_A,sa0,,,4.3334960938e-02
U349_R248_U14_A,sa1,,,4.3334960938e-02
U349_R248_U101_A,sa0,,,4.3334960938e-02
R248_U37,sa0,30,0,4.3334960938e-02
R248_U29,sa1,30,0,4.3334960938e-02
R248_U14_R248_U102_B,sa0,,,4.3334960938e-02
R248_U14,sa0,30,0,4.3334960938e-02
R248_U13_R248_U101_B,sa0,,,4.3334960938e-02
R248_U102,sa1,30,0,4.3334960938e-02
R248_U102,sa0,,,4.3334960938e-02
R248_U101,sa0,,,4.3334960938e-02
U350_R248_U106_A,sa1,23,1,4.3212890625e-02
U311_R248_U107_A,sa1,23,1,4.3212890625e-02
R248_U38,sa1,23,1,4.3212890625e-02
R248_U93,sa1,18,1,4.2968750000e-02
R248_U43_R248_U95_B,sa1,18,1,4.2968750000e-02
R248_U35_R248_U93_A,sa0,,,4.2968750000e-02
R248_U37,sa1,30,0,4.2724609375e-02
U331_R254_U97_A,sa0,,,4.2480468750e-02
R_IN_REG_4__SCAN_IN_R254_U58_B,sa0,,,4.2480468750e-02
R_IN_REG_1__SCAN_IN_R254_U98_A,sa0,,,4.2480468750e-02
R254_U99,sa0,,,4.2480468750e-02
R254_U98,sa0,,,4.2480468750e-02
R254_U97,sa0,,,4.2480468750e-02
R254_U58,sa0,30,0,4.2480468750e-02
R254_U27_R254_U97_B,sa0,,,4.2480468750e-02
CONT1_REG_4__SCAN_IN_R254_U98_B,sa0,,,4.2480468750e-02
R229_U70,sa0,24,1,4.2358398438e-02
R229_U15_R229_U70_A,sa1,,,4.2358398438e-02
R254_U12,sa1,30,0,4.2343139648e-02
U324_U431_B,sa1,6,1,4.1503906250e-02
R248_U54,sa0,,,4.0893554688e-02
R248_U44_R248_U54_A,sa1,,,4.0893554688e-02
R248_U44_R248_U105_B,sa0,,,4.0893554688e-02
R248_U37_R248_U105_A,sa0,,,4.0893554688e-02
R248_U37_R248_U103_A,sa1,,,4.0893554688e-02
R248_U29,sa0,30,0,4.0893554688e-02
R248_U105,sa0,,,4.0893554688e-02
R248_U104,sa0,,,4.0893554688e-02
R248_U103,sa0,,,4.0893554688e-02
U331_R254_U102_A,sa0,,,4.0802001953e-02
R_IN_REG_5__SCAN_IN_R254_U62_B,sa0,,,4.0802001953e-02
R_IN_REG_1__SCAN_IN_R254_U103_A,sa0,,,4.0802001953e-02
R254_U62,sa0,30,0,4.0802001953e-02
R254_U28_R254_U102_B,sa0,,,4.0802001953e-02
R254_U104,sa0,,,4.0802001953e-02
R254_U103,sa0,,,4.0802001953e-02
R254_U102,sa0,,,4.0802001953e-02
CONT1_REG_5__SCAN_IN_R254_U103_B,sa0,,,4.0802001953e-02
R229_U83,sa0,30,0,4.0710449219e-02
R229_U19_R229_U83_A,sa1,,,4.0710449219e-02
R248_U36,sa1,30,0,4.0527343750e-02
CONT1_REG_8__SCAN_IN_ADD_88_U32_B,sa1,5,1,4.0527343750e-02
CONT1_REG_7__SCAN_IN_ADD_88_U22_B,sa0,,,4.0527343750e-02
ADD_88_U29,sa1,5,1,4.0527343750e-02
ADD_88_U28_ADD_88_U22_A,sa0,,,4.0527343750e-02
ADD_88_U22_ADD_88_U29_A,sa0,,,4.0527343750e-02
ADD_88_U22,sa0,5,1,4.0527343750e-02
ADD_88_U16,sa1,5,1,4.0527343750e-02
R254_U40_R254_U31_A,sa1,30,0,4.0512084961e-02
U345,sa1,20,1,4.0283203125e-02
U344_R248_U76_A,sa1,19,1,4.0283203125e-02
U310_R248_U77_A,sa1,19,1,4.0283203125e-02
R248_U32,sa1,19,1,4.0283203125e-02
U346,sa1,30,0,4.0161132813e-02
U399,sa0,,,3.9916992188e-02
U353,sa0,30,0,3.9916992188e-02
STATO_REG_3__SCAN_IN_U353_B,sa0,,,3.9916992188e-02
CONT1_REG_4__SCAN_IN_U399_A,sa1,,,3.9916992188e-02
R229_U62,sa0,30,1,3.9550781250e-02
R229_U11_R229_U62_A,sa1,,,3.9550781250e-02
R248_U28,sa1,30,0,3.9306640625e-02
R229_U56,sa1,20,1,3.9062500000e-02
R229_U54,sa1,11,1,3.9062500000e-02
R229_U38_R229_U54_A,sa0,,,3.9062500000e-02
R229_U27_R229_U113_A,sa1,11,1,3.9062500000e-02
R229_U113,sa1,12,1,3.9062500000e-02
R248_U99,sa0,,,3.8696289063e-02
R248_U98,sa0,,,3.8696289063e-02
R248_U58_R248_U99_B,sa0,,,3.8696289063e-02
R248_U36_R248_U98_A,sa1,,,3.8696289063e-02
R248_U36_R248_U100_A,sa0,,,3.8696289063e-02
R248_U28,sa0,30,0,3.8696289063e-02
R248_U15_R248_U100_B,sa0,,,3.8696289063e-02
R248_U100,sa0,,,3.8696289063e-02
R229_U97,sa1,24,1,3.8085937500e-02
R229_U96,sa1,29,1,3.8085937500e-02
R229_U24_R229_U96_A,sa0,,,3.8085937500e-02
R229_U13_R229_U98_B,sa1,29,1,3.8085937500e-02
R248_U95,sa0,,,3.7719726563e-02
R248_U94,sa0,,,3.7719726563e-02
R248_U93,sa0,,,3.7719726563e-02
R248_U62,sa0,,,3.7719726563e-02
R248_U43_R248_U95_B,sa0,,,3.7719726563e-02
R248_U43_R248_U62_A,sa1,,,3.7719726563e-02
R248_U35_R248_U95_A,sa0,,,3.7719726563e-02
R248_U35_R248_U93_A,sa1,,,3.7719726563e-02
R248_U27,sa0,30,0,3.7719726563e-02
R248_U35,sa1,30,0,3.7475585938e-02
R248_U42,sa1,22,1,3.7109375000e-02
R229_U62,sa1,30,0,3.6987304688e-02
R229_U11_R229_U62_A,sa0,,,3.6987304688e-02
R248_U94,sa1,30,0,3.6499023438e-02
U388_U498_B,sa1,30,0,3.6125183105e-02
R248_U15_R248_U100_B,sa1,30,0,3.6071777344e-02
R248_U99,sa1,26,1,3.6010742188e-02
R248_U58,sa0,26,1,3.6010742188e-02
R248_U15_R248_U58_A,sa1,,,3.6010742188e-02
R248_U27,sa1,30,0,3.5888671875e-02
R248_U98,sa1,30,0,3.5797119141e-02
R248_U36_R248_U98_A,sa0,,,3.5797119141e-02
U338,sa1,30,0,3.5705566406e-02
U315_U491_B,sa1,30,0,3.5278320313e-02
R229_U99,sa1,30,0,3.5156250000e-02
R229_U58,sa1,15,1,3.5156250000e-02
R229_U37_R229_U58_A,sa0,,,3.5156250000e-02
R229_U26_R229_U108_A,sa1,15,1,3.5156250000e-02
R229_U19_R229_U100_A,sa1,30,0,3.5156250000e-02
R229_U108,sa1,14,1,3.5156250000e-02
CONT1_REG_5__SCAN_IN_R229_U99_B,sa1,30,0,3.5156250000e-02
STATO_REG_0__SCAN_IN_U318_B,sa1,30,0,3.5034179688e-02
R229_U92,sa1,12,1,3.4667968750e-02
R229_U91,sa1,12,1,3.4667968750e-02
R229_U23_R229_U91_A,sa0,,,3.4667968750e-02
R229_U15_R229_U93_B,sa1,12,1,3.4667968750e-02
U481,sa1,30,0,3.4545898438e-02
U388_U562_B,sa1,5,1,3.4545898438e-02
U347_R248_U91_A,sa0,,,3.4423828125e-02
U310_R248_U92_A,sa0,,,3.4423828125e-02
R248_U92,sa0,,,3.4423828125e-02
R248_U91,sa0,,,3.4423828125e-02
R248_U35,sa0,30,0,3.4423828125e-02
R248_U19_R248_U92_B,sa0,,,3.4423828125e-02
R248_U18_R248_U91_B,sa0,,,3.4423828125e-02
U353_R248_U97_A,sa0,,,3.4301757813e-02
U348_R248_U96_A,sa0,,,3.4301757813e-02
U348_R248_U17_A,sa1,,,3.4301757813e-02
R248_U97,sa1,30,0,3.4301757813e-02
R248_U97,sa0,,,3.4301757813e-02
R248_U96,sa0,,,3.4301757813e-02
R248_U36,sa0,30,0,3.4301757813e-02
R248_U17,sa0,,,3.4301757813e-02
R248_U16_R248_U96_B,sa0,,,3.4301757813e-02
CONT1_REG_6__SCAN_IN_ADD_88_U13_B,sa0,,,3.4179687500e-02
ADD_88_U28,sa1,7,1,3.4179687500e-02
ADD_88_U27_ADD_88_U13_A,sa0,,,3.4179687500e-02
ADD_88_U13_ADD_88_U28_A,sa0,,,3.4179687500e-02
ADD_88_U13,sa0,7,1,3.4179687500e-02
U315_U481_B,sa1,30,0,3.3599853516e-02
U437_U449_A,sa1,3,1,3.3203125000e-02
U437_U439_A,sa1,3,1,3.3203125000e-02
R229_U62_R229_U102_B,sa1,19,1,3.3203125000e-02
R229_U25_R229_U103_A,sa1,19,1,3.3203125000e-02
R229_U103,sa1,19,1,3.3203125000e-02
R229_U87,sa1,13,1,3.2958984375e-02
R229_U86,sa1,13,1,3.2958984375e-02
R229_U32_R229_U88_B,sa1,13,1,3.2958984375e-02
R229_U22_R229_U86_A,sa0,,,3.2958984375e-02
U437_U447_A,sa1,7,1,3.2836914063e-02
U437_U443_A,sa1,11,1,3.2714843750e-02
U348_R248_U60_A,sa1,30,0,3.2714843750e-02
R254_U17,sa1,30,0,3.2714843750e-02
U437_U445_A,sa1,7,1,3.2653808594e-02
U437_U441_A,sa1,10,1,3.2653808594e-02
U347_R248_U91_A,sa1,30,0,3.2348632813e-02
U310_R248_U92_A,sa1,30,0,3.2348632813e-02
R229_U65,sa0,,,3.2287597656e-02
R229_U64,sa0,,,3.2287597656e-02
R229_U63,sa0,,,3.2287597656e-02
R229_U62_R229_U63_A,sa0,,,3.2287597656e-02
R229_U19_R229_U64_A,sa0,,,3.2287597656e-02
R229_U13,sa0,30,0,3.2287597656e-02
R229_U12_R229_U63_B,sa0,,,3.2287597656e-02
R229_U11_R229_U65_A,sa0,,,3.2287597656e-02
CONT1_REG_5__SCAN_IN_R229_U65_B,sa0,,,3.2287597656e-02
U313_U522_A,sa1,3,1,3.2226562500e-02
R229_U19_R229_U64_A,sa1,30,0,3.2226562500e-02
R254_U32,sa1,30,0,3.2165527344e-02
R254_U55,sa0,,,3.1860351563e-02
R254_U54_R254_U35_A,sa0,,,3.1860351563e-02
R254_U53_R254_U55_A,sa0,,,3.1860351563e-02
R254_U36_R254_U55_B,sa0,,,3.1860351563e-02
R254_U35,sa0,30,0,3.1860351563e-02
U421_U339_B,sa0,,,3.1677246094e-02
U395,sa0,,,3.1677246094e-02
U339,sa0,23,1,3.1677246094e-02
CONT_REG_4__SCAN_IN_U395_A,sa1,,,3.1677246094e-02
R248_U26,sa1,24,1,3.1494140625e-02
R248_U25,sa1,12,1,3.1494140625e-02
U549,sa1,6,1,3.1250000000e-02
U548,sa1,12,1,3.1250000000e-02
U547,sa0,,,3.1250000000e-02
U524,sa1,3,1,3.1250000000e-02
U515,sa1,2,1,3.1250000000e-02
U514,sa1,2,1,3.1250000000e-02
U505,sa1,2,1,3.1250000000e-02
U504,sa1,2,1,3.1250000000e-02
U495,sa1,2,1,3.1250000000e-02
U494,sa1,2,1,3.1250000000e-02
U485,sa1,2,1,3.1250000000e-02
U484,sa1,2,1,3.1250000000e-02
U475,sa1,2,1,3.1250000000e-02
U474,sa1,2,1,3.1250000000e-02
U466,sa1,2,1,3.1250000000e-02
U460,sa1,7,1,3.1250000000e-02
U421_U338_A,sa1,10,1,3.1250000000e-02
U417_U573_A,sa1,1,1,3.1250000000e-02
U417_U571_A,sa1,1,1,3.1250000000e-02
U417_U569_A,sa1,1,1,3.1250000000e-02
U417_U567_A,sa1,1,1,3.1250000000e-02
U417_U565_A,sa1,1,1,3.1250000000e-02
U417_U563_A,sa1,1,1,3.1250000000e-02
U402_U347_A,sa1,18,1,3.1250000000e-02
U359_U356_A,sa1,6,1,3.1250000000e-02
U359_R229_U89_A,sa1,12,1,3.1250000000e-02
U359_R229_U84_A,sa1,13,1,3.1250000000e-02
U359_R229_U81_A,sa0,,,3.1250000000e-02
U359_R229_U78_A,sa1,4,1,3.1250000000e-02
U359_R229_U75_A,sa1,6,1,3.1250000000e-02
U359_R229_U72_A,sa1,24,1,3.1250000000e-02
U359_R229_U68_A,sa1,22,1,3.1250000000e-02
U359_R229_U44_A,sa1,12,1,3.1250000000e-02
U359_R229_U124_A,sa1,4,1,3.1250000000e-02
U358_U548_A,sa1,12,1,3.1250000000e-02
U358_R229_U78_B,sa1,4,1,3.1250000000e-02
U357_U549_A,sa0,,,3.1250000000e-02
U357_R229_U76_A,sa1,12,1,3.1250000000e-02
U356_U547_A,sa1,,,3.1250000000e-02
U356_U357_A,sa1,6,1,3.1250000000e-02
U356_R229_U81_B,sa1,14,1,3.1250000000e-02
U356_R229_U81_B,sa0,,,3.1250000000e-02
U356,sa1,6,1,3.1250000000e-02
U347_R248_U19_A,sa1,,,3.1250000000e-02
U346_R248_U86_A,sa0,,,3.1250000000e-02
U345_R248_U81_A,sa0,,,3.1250000000e-02
U345_R248_U22_A,sa1,,,3.1250000000e-02
U331_R254_U82_A,sa1,3,1,3.1250000000e-02
U331_R254_U45_C,sa1,3,1,3.1250000000e-02
U331_R254_U43_A,sa1,4,1,3.1250000000e-02
U331_R254_U127_A,sa1,3,1,3.1250000000e-02
U310_R248_U87_A,sa0,,,3.1250000000e-02
U310_R248_U82_A,sa0,,,3.1250000000e-02
STATO_REG_3__SCAN_IN_U310_B,sa1,7,1,3.1250000000e-02
R_IN_REG_3__SCAN_IN_U548_B,sa1,12,1,3.1250000000e-02
R_IN_REG_3__SCAN_IN_R254_U7_A,sa0,,,3.1250000000e-02
R_IN_REG_3__SCAN_IN_R254_U54_B,sa1,22,1,3.1250000000e-02
R_IN_REG_2__SCAN_IN_U356_B,sa1,12,1,3.1250000000e-02
R_IN_REG_2__SCAN_IN_R254_U6_A,sa0,,,3.1250000000e-02
R_IN_REG_2__SCAN_IN_R254_U50_B,sa1,8,1,3.1250000000e-02
R_IN_REG_2__SCAN_IN_R229_U79_B,sa1,4,1,3.1250000000e-02
R_IN_REG_1__SCAN_IN_R254_U81_A,sa1,3,1,3.1250000000e-02
R_IN_REG_1__SCAN_IN_R254_U46_B,sa1,3,1,3.1250000000e-02
R_IN_REG_1__SCAN_IN_R254_U128_B,sa1,3,1,3.1250000000e-02
R_IN_REG_0__SCAN_IN_R254_U5_A,sa0,,,3.1250000000e-02
R_IN_REG_0__SCAN_IN_R254_U42_B,sa1,3,1,3.1250000000e-02
R254_U94,sa1,21,1,3.1250000000e-02
R254_U89,sa1,8,1,3.1250000000e-02
R254_U84,sa1,3,1,3.1250000000e-02
R254_U83,sa1,3,1,3.1250000000e-02
R254_U80,sa1,3,1,3.1250000000e-02
R254_U79,sa1,2,1,3.1250000000e-02
R254_U71,sa1,3,1,3.1250000000e-02
R254_U70,sa1,8,1,3.1250000000e-02
R254_U7,sa1,22,1,3.1250000000e-02
R254_U69,sa1,23,1,3.1250000000e-02
R254_U66,sa1,3,1,3.1250000000e-02
R254_U6,sa1,8,1,3.1250000000e-02
R254_U54,sa1,20,1,3.1250000000e-02
R254_U53,sa1,23,1,3.1250000000e-02
R254_U52,sa1,22,1,3.1250000000e-02
R254_U50,sa1,8,1,3.1250000000e-02
R254_U5,sa1,2,1,3.1250000000e-02
R254_U49,sa1,8,1,3.1250000000e-02
R254_U48,sa1,8,1,3.1250000000e-02
R254_U47,sa1,16,1,3.1250000000e-02
R254_U46,sa1,3,1,3.1250000000e-02
R254_U45,sa1,3,1,3.1250000000e-02
R254_U44,sa1,3,1,3.1250000000e-02
R254_U43,sa1,4,1,3.1250000000e-02
R254_U42_R254_U39_B,sa1,2,1,3.1250000000e-02
R254_U42,sa1,2,1,3.1250000000e-02
R254_U41_R254_U39_A,sa1,3,1,3.1250000000e-02
R254_U41,sa1,3,1,3.1250000000e-02
R254_U39_R254_U66_A,sa0,,,3.1250000000e-02
R254_U39_R254_U127_B,sa1,3,1,3.1250000000e-02
R254_U38_R254_U47_B,sa1,14,1,3.1250000000e-02
R254_U38_R254_U44_A,sa0,,,3.1250000000e-02
R254_U38_R254_U125_B,sa1,3,1,3.1250000000e-02
R254_U37_R254_U48_A,sa0,,,3.1250000000e-02
R254_U37_R254_U123_B,sa1,9,1,3.1250000000e-02
R254_U36_R254_U52_A,sa0,,,3.1250000000e-02
R254_U36_R254_U121_B,sa1,21,1,3.1250000000e-02
R254_U26,sa1,20,1,3.1250000000e-02
R254_U26,sa0,22,1,3.1250000000e-02
R254_U25,sa1,9,1,3.1250000000e-02
R254_U25,sa0,8,1,3.1250000000e-02
R254_U24_R254_U80_B,sa1,3,1,3.1250000000e-02
R254_U24,sa1,3,1,3.1250000000e-02
R254_U24,sa0,3,1,3.1250000000e-02
R254_U23,sa1,2,1,3.1250000000e-02
R254_U23,sa0,3,1,3.1250000000e-02
R254_U128,sa1,2,1,3.1250000000e-02
R254_U127,sa1,2,1,3.1250000000e-02
R254_U126,sa1,3,1,3.1250000000e-02
R254_U125,sa1,3,1,3.1250000000e-02
R254_U124,sa1,10,1,3.1250000000e-02
R254_U123,sa1,10,1,3.1250000000e-02
R254_U122,sa1,20,1,3.1250000000e-02
R254_U121,sa1,21,1,3.1250000000e-02
R248_U92,sa1,29,1,3.1250000000e-02
R248_U87,sa0,,,3.1250000000e-02
R248_U86,sa0,,,3.1250000000e-02
R248_U82,sa0,,,3.1250000000e-02
R248_U81,sa0,,,3.1250000000e-02
R248_U34,sa0,8,1,3.1250000000e-02
R248_U33,sa0,9,1,3.1250000000e-02
R248_U22,sa0,,,3.1250000000e-02
R248_U20_R248_U87_B,sa0,,,3.1250000000e-02
R248_U19,sa0,28,1,3.1250000000e-02
R248_U18_R248_U86_B,sa0,,,3.1250000000e-02
R248_U18_R248_U81_B,sa0,,,3.1250000000e-02
R229_U9_R229_U110_B,sa1,15,1,3.1250000000e-02
R229_U90,sa1,12,1,3.1250000000e-02
R229_U89,sa1,14,1,3.1250000000e-02
R229_U85,sa1,13,1,3.1250000000e-02
R229_U84,sa1,15,1,3.1250000000e-02
R229_U82,sa0,,,3.1250000000e-02
R229_U81,sa1,15,1,3.1250000000e-02
R229_U81,sa0,,,3.1250000000e-02
R229_U80_R229_U128_B,sa1,4,1,3.1250000000e-02
R229_U80_R229_U109_A,sa1,15,1,3.1250000000e-02
R229_U79,sa1,4,1,3.1250000000e-02
R229_U78,sa1,4,1,3.1250000000e-02
R229_U77_R229_U119_A,sa1,8,1,3.1250000000e-02
R229_U77_R229_U104_A,sa1,23,1,3.1250000000e-02
R229_U76,sa1,12,1,3.1250000000e-02
R229_U75,sa1,12,1,3.1250000000e-02
R229_U7,sa1,8,1,3.1250000000e-02
R229_U6_R229_U123_B,sa1,7,1,3.1250000000e-02
R229_U68,sa1,27,1,3.1250000000e-02
R229_U60,sa1,30,0,3.1250000000e-02
R229_U5_R229_U124_B,sa1,4,1,3.1250000000e-02
R229_U52,sa1,20,1,3.1250000000e-02
R229_U50,sa1,10,1,3.1250000000e-02
R229_U5,sa1,4,1,3.1250000000e-02
R229_U5,sa0,4,1,3.1250000000e-02
R229_U4_R229_U90_A,sa1,14,1,3.1250000000e-02
R229_U4_R229_U85_A,sa1,15,1,3.1250000000e-02
R229_U4_R229_U82_B,sa1,13,1,3.1250000000e-02
R229_U4_R229_U82_B,sa0,,,3.1250000000e-02
R229_U4_R229_U79_A,sa1,4,1,3.1250000000e-02
R229_U4_R229_U76_B,sa1,6,1,3.1250000000e-02
R229_U4_R229_U125_A,sa1,4,1,3.1250000000e-02
R229_U48,sa1,16,1,3.1250000000e-02
R229_U46_R229_U122_B,sa1,5,1,3.1250000000e-02
R229_U44,sa1,12,1,3.1250000000e-02
R229_U40_R229_U52_B,sa1,16,1,3.1250000000e-02
R229_U40_R229_U50_A,sa0,,,3.1250000000e-02
R229_U40_R229_U118_B,sa1,8,1,3.1250000000e-02
R229_U31,sa1,15,1,3.1250000000e-02
R229_U30_R229_U128_A,sa1,4,1,3.1250000000e-02
R229_U30_R229_U126_A,sa0,,,3.1250000000e-02
R229_U29_R229_U123_A,sa1,5,1,3.1250000000e-02
R229_U29_R229_U121_A,sa0,,,3.1250000000e-02
R229_U28_R229_U118_A,sa1,12,1,3.1250000000e-02
R229_U28_R229_U116_A,sa0,,,3.1250000000e-02
R229_U19,sa0,12,1,3.1250000000e-02
R229_U18_R229_U127_A,sa1,4,1,3.1250000000e-02
R229_U18_R229_U110_A,sa1,16,1,3.1250000000e-02
R229_U17_R229_U120_A,sa1,7,1,3.1250000000e-02
R229_U17_R229_U105_A,sa1,19,1,3.1250000000e-02
R229_U16_R229_U89_B,sa1,14,1,3.1250000000e-02
R229_U16,sa1,14,1,3.1250000000e-02
R229_U16,sa0,14,1,3.1250000000e-02
R229_U128,sa1,4,1,3.1250000000e-02
R229_U127,sa1,4,1,3.1250000000e-02
R229_U126,sa1,4,1,3.1250000000e-02
R229_U125,sa1,4,1,3.1250000000e-02
R229_U124,sa1,4,1,3.1250000000e-02
R229_U123,sa1,9,1,3.1250000000e-02
R229_U122,sa1,6,1,3.1250000000e-02
R229_U121,sa1,7,1,3.1250000000e-02
R229_U120,sa1,8,1,3.1250000000e-02
R229_U119,sa1,7,1,3.1250000000e-02
R229_U118,sa1,11,1,3.1250000000e-02
R229_U117,sa1,8,1,3.1250000000e-02
R229_U116,sa1,8,1,3.1250000000e-02
R229_U110,sa1,15,1,3.1250000000e-02
R229_U10_R229_U105_B,sa1,23,1,3.1250000000e-02
R229_U109,sa1,16,1,3.1250000000e-02
R229_U105,sa1,23,1,3.1250000000e-02
R229_U104,sa1,19,1,3.1250000000e-02
R229_U10,sa1,18,1,3.1250000000e-02
R229_U10,sa0,18,1,3.1250000000e-02
CONT_REG_5__SCAN_IN_U474_B,sa1,2,1,3.1250000000e-02
CONT_REG_5__SCAN_IN_U466_B,sa1,2,1,3.1250000000e-02
CONT_REG_4__SCAN_IN_U484_B,sa1,2,1,3.1250000000e-02
CONT_REG_4__SCAN_IN_U475_B,sa1,2,1,3.1250000000e-02
CONT_REG_3__SCAN_IN_U494_B,sa1,2,1,3.1250000000e-02
CONT_REG_3__SCAN_IN_U485_B,sa1,2,1,3.1250000000e-02
CONT_REG_2__SCAN_IN_U504_B,sa1,2,1,3.1250000000e-02
CONT_REG_2__SCAN_IN_U495_B,sa1,2,1,3.1250000000e-02
CONT_REG_1__SCAN_IN_U514_B,sa1,2,1,3.1250000000e-02
CONT_REG_1__SCAN_IN_U505_B,sa1,2,1,3.1250000000e-02
CONT_REG_0__SCAN_IN_U524_B,sa1,3,1,3.1250000000e-02
CONT_REG_0__SCAN_IN_U515_B,sa1,2,1,3.1250000000e-02
CONT1_REG_8__SCAN_IN_R229_U85_B,sa1,13,1,3.1250000000e-02
CONT1_REG_8__SCAN_IN_R229_U31_A,sa0,,,3.1250000000e-02
CONT1_REG_7__SCAN_IN_R229_U90_B,sa1,12,1,3.1250000000e-02
CONT1_REG_7__SCAN_IN_R229_U16_A,sa1,,,3.1250000000e-02
CONT1_REG_7__SCAN_IN_R229_U16_A,sa0,,,3.1250000000e-02
CONT1_REG_4__SCAN_IN_R229_U10_A,sa1,,,3.1250000000e-02
CONT1_REG_4__SCAN_IN_R229_U10_A,sa0,,,3.1250000000e-02
CONT1_REG_4__SCAN_IN_R229_U104_B,sa1,19,1,3.1250000000e-02
CONT1_REG_3__SCAN_IN_R254_U26_A,sa1,,,3.1250000000e-02
CONT1_REG_3__SCAN_IN_R254_U26_A,sa0,,,3.1250000000e-02
CONT1_REG_3__SCAN_IN_R229_U109_B,sa1,16,1,3.1250000000e-02
CONT1_REG_2__SCAN_IN_R254_U25_A,sa1,,,3.1250000000e-02
CONT1_REG_2__SCAN_IN_R254_U25_A,sa0,,,3.1250000000e-02
CONT1_REG_1__SCAN_IN_R254_U83_B,sa1,3,1,3.1250000000e-02
CONT1_REG_1__SCAN_IN_R254_U24_A,sa1,,,3.1250000000e-02
CONT1_REG_1__SCAN_IN_R254_U24_A,sa0,,,3.1250000000e-02
CONT1_REG_1__SCAN_IN_R229_U7_A,sa0,,,3.1250000000e-02
CONT1_REG_1__SCAN_IN_R229_U48_B,sa1,15,1,3.1250000000e-02
CONT1_REG_1__SCAN_IN_R229_U119_B,sa1,6,1,3.1250000000e-02
CONT1_REG_0__SCAN_IN_R254_U23_A,sa1,,,3.1250000000e-02
CONT1_REG_0__SCAN_IN_R254_U23_A,sa0,,,3.1250000000e-02
CONT1_REG_0__SCAN_IN_R229_U5_A,sa1,,,3.1250000000e-02
CONT1_REG_0__SCAN_IN_R229_U5_A,sa0,,,3.1250000000e-02
CONT1_REG_0__SCAN_IN_R229_U125_B,sa1,4,1,3.1250000000e-02
R229_U95,sa1,30,0,3.1188964844e-02
R248_U27_U476_A,sa1,28,1,3.1005859375e-02
R229_U72,sa1,30,0,3.0944824219e-02
U403,sa0,12,1,3.0761718750e-02
U323,sa0,12,1,3.0761718750e-02
U316_U323_A,sa0,,,3.0761718750e-02
R248_U21,sa1,16,1,3.0761718750e-02
CONT1_REG_8__SCAN_IN_U403_A,sa1,,,3.0761718750e-02
CONT1_REG_8__SCAN_IN_U323_B,sa0,,,3.0761718750e-02
U464,sa1,30,0,3.0410766602e-02
R254_U37_R254_U51_B,sa1,30,0,3.0273437500e-02
R229_U4_R229_U95_A,sa1,30,0,3.0029296875e-02
R229_U24,sa1,30,0,3.0029296875e-02
R229_U14_R229_U94_B,sa1,30,0,3.0029296875e-02
R229_U14,sa1,30,0,3.0029296875e-02
CONT1_REG_6__SCAN_IN_R229_U14_A,sa0,,,3.0029296875e-02
U402_U349_A,sa1,22,1,2.9907226563e-02
U402_U348_A,sa1,27,1,2.9907226563e-02
U400,sa1,22,1,2.9907226563e-02
U399,sa1,27,1,2.9907226563e-02
CONT1_REG_4__SCAN_IN_U399_A,sa0,,,2.9907226563e-02
CONT1_REG_3__SCAN_IN_U400_A,sa0,,,2.9907226563e-02
U402_U350_A,sa1,18,1,2.9785156250e-02
STATO_REG_3__SCAN_IN_U311_B,sa1,10,1,2.9785156250e-02
R248_U107,sa1,18,1,2.9785156250e-02
R254_U34,sa1,30,0,2.9754638672e-02
R_IN_REG_1__SCAN_IN_R254_U109_A,sa1,30,0,2.9731750488e-02
R254_U30,sa1,30,0,2.9731750488e-02
R254_U108,sa1,30,0,2.9731750488e-02
CONT1_REG_8__SCAN_IN_R254_U30_A,sa0,,,2.9731750488e-02
U402_U352_A,sa1,7,1,2.9663085938e-02
U402_U351_A,sa1,12,1,2.9663085938e-02
U401,sa1,13,1,2.9663085938e-02
STATO_REG_3__SCAN_IN_U312_B,sa1,9,1,2.9663085938e-02
R248_U45_R248_U6_A,sa1,9,1,2.9663085938e-02
R248_U45,sa1,7,1,2.9663085938e-02
R248_U44_R248_U105_B,sa1,26,1,2.9663085938e-02
R248_U37_R248_U103_A,sa0,,,2.9663085938e-02
R248_U103,sa1,26,1,2.9663085938e-02
CONT1_REG_1__SCAN_IN_U401_A,sa0,,,2.9663085938e-02
U355_R248_U112_A,sa1,12,1,2.9541015625e-02
U355,sa1,12,1,2.9541015625e-02
U351_R248_U111_A,sa1,12,1,2.9541015625e-02
R229_U88,sa1,15,1,2.9541015625e-02
R229_U74,sa1,15,1,2.9541015625e-02
R229_U32_R229_U74_A,sa0,,,2.9541015625e-02
R229_U22_R229_U88_A,sa1,15,1,2.9541015625e-02
U331_R254_U108_A,sa1,30,0,2.9525756836e-02
R254_U109,sa1,30,0,2.9525756836e-02
CONT1_REG_8__SCAN_IN_R254_U109_B,sa1,30,0,2.9525756836e-02
U388_U326_B,sa1,30,0,2.9418945313e-02
R248_U38_R248_U108_A,sa0,,,2.9418945313e-02
R248_U10_R248_U110_B,sa1,16,1,2.9418945313e-02
R248_U108,sa1,16,1,2.9418945313e-02
R229_U66,sa1,30,0,2.9357910156e-02
R229_U13_R229_U66_A,sa0,,,2.9357910156e-02
U354_R248_U102_A,sa1,20,1,2.9296875000e-02
U354,sa1,20,1,2.9296875000e-02
U353_R248_U97_A,sa1,25,1,2.9296875000e-02
U353,sa1,25,1,2.9296875000e-02
U349_R248_U101_A,sa1,20,1,2.9296875000e-02
U348_R248_U96_A,sa1,24,1,2.9296875000e-02
R229_U25_R229_U101_A,sa0,,,2.9296875000e-02
R229_U11_R229_U103_B,sa1,19,1,2.9296875000e-02
R229_U102,sa1,19,1,2.9296875000e-02
R229_U101,sa1,19,1,2.9296875000e-02
CONT1_REG_3__SCAN_IN_ADD_88_U15_A,sa1,,,2.9296875000e-02
CONT1_REG_2__SCAN_IN_ADD_88_U24_A,sa0,,,2.9296875000e-02
CONT1_REG_1__SCAN_IN_ADD_88_U24_B,sa0,,,2.9296875000e-02
ADD_88_U9,sa0,11,1,2.9296875000e-02
ADD_88_U24,sa0,,,2.9296875000e-02
ADD_88_U15,sa0,,,2.9296875000e-02
R248_U104,sa1,30,1,2.9052734375e-02
R248_U50,sa0,14,1,2.8930664063e-02
R248_U10_R248_U53_A,sa1,26,1,2.8930664063e-02
R248_U10_R248_U50_A,sa1,,,2.8930664063e-02
U355_R248_U47_A,sa0,,,2.8808593750e-02
U351_R248_U49_A,sa0,,,2.8808593750e-02
R254_U27,sa1,30,0,2.8808593750e-02
R248_U9_R248_U47_B,sa0,,,2.8808593750e-02
R248_U8_R248_U49_B,sa0,,,2.8808593750e-02
R248_U49,sa0,,,2.8808593750e-02
R248_U48,sa1,19,1,2.8808593750e-02
R248_U48,sa0,,,2.8808593750e-02
R248_U47,sa0,,,2.8808593750e-02
R248_U46,sa1,19,1,2.8808593750e-02
R248_U45_R248_U48_B,sa0,,,2.8808593750e-02
R248_U45_R248_U46_A,sa0,,,2.8808593750e-02
R248_U39_R248_U115_A,sa1,22,1,2.8808593750e-02
R248_U10,sa0,19,1,2.8808593750e-02
CONT1_REG_4__SCAN_IN_R254_U27_A,sa0,,,2.8808593750e-02
U359_R229_U94_A,sa1,30,0,2.8686523438e-02
R248_U47,sa1,18,1,2.8686523438e-02
R248_U115,sa1,30,1,2.8686523438e-02
CONT1_REG_6__SCAN_IN_R229_U95_B,sa1,30,0,2.8686523438e-02
R248_U29_U496_A,sa1,26,1,2.8564453125e-02
R248_U28_U486_A,sa1,30,1,2.8564453125e-02
R248_U109,sa1,30,0,2.8503417969e-02
U350_R248_U52_A,sa0,,,2.8442382813e-02
U311_R248_U51_A,sa0,,,2.8442382813e-02
U311_R248_U11_A,sa1,,,2.8442382813e-02
R248_U53,sa0,,,2.8442382813e-02
R248_U52,sa0,,,2.8442382813e-02
R248_U51,sa0,,,2.8442382813e-02
R248_U50_R248_U51_B,sa0,,,2.8442382813e-02
R248_U44,sa0,24,1,2.8442382813e-02
R248_U11_R248_U53_B,sa0,,,2.8442382813e-02
R248_U11,sa0,25,1,2.8442382813e-02
R248_U10_R248_U53_A,sa0,,,2.8442382813e-02
U345_R248_U72_A,sa0,,,2.8320312500e-02
U310_R248_U71_B,sa0,,,2.8320312500e-02
U310_R248_U18_A,sa1,,,2.8320312500e-02
R254_U51,sa1,30,0,2.8320312500e-02
R248_U74,sa1,7,1,2.8320312500e-02
R248_U73,sa0,,,2.8320312500e-02
R248_U72,sa0,,,2.8320312500e-02
R248_U71,sa0,,,2.8320312500e-02
R248_U70_R248_U71_A,sa0,,,2.8320312500e-02
R248_U41_R248_U74_A,sa0,,,2.8320312500e-02
R248_U41,sa0,7,1,2.8320312500e-02
R248_U32_R248_U80_A,sa1,7,1,2.8320312500e-02
R248_U21_R248_U73_A,sa0,,,2.8320312500e-02
R248_U18_R248_U73_B,sa0,,,2.8320312500e-02
R248_U18,sa0,22,1,2.8320312500e-02
R_IN_REG_1__SCAN_IN_R254_U73_A,sa1,30,0,2.8228759766e-02
R254_U72,sa1,30,0,2.8228759766e-02
R254_U22,sa1,30,0,2.8228759766e-02
CONT1_REG_7__SCAN_IN_R254_U22_A,sa0,,,2.8228759766e-02
U525,sa1,14,1,2.8076171875e-02
R248_U31_U516_A,sa1,21,1,2.8076171875e-02
R248_U30_U506_A,sa1,25,1,2.8076171875e-02
U331_R254_U72_A,sa1,30,0,2.8045654297e-02
R254_U73,sa1,30,0,2.8045654297e-02
CONT1_REG_7__SCAN_IN_R254_U73_B,sa1,30,0,2.8045654297e-02
CONT1_REG_8__SCAN_IN_U344_B,sa1,5,1,2.7954101563e-02
U516,sa1,28,1,2.7832031250e-02
U506,sa1,24,1,2.7832031250e-02
U403,sa1,16,1,2.7832031250e-02
R248_U6_U525_A,sa1,8,1,2.7832031250e-02
R229_U93,sa1,14,1,2.7832031250e-02
R229_U70_R229_U92_B,sa1,14,1,2.7832031250e-02
R229_U23_R229_U93_A,sa1,14,1,2.7832031250e-02
CONT1_REG_8__SCAN_IN_U403_A,sa0,,,2.7832031250e-02
CONT1_REG_8__SCAN_IN_U323_B,sa1,8,1,2.7832031250e-02
CONT1_REG_5__SCAN_IN_R229_U65_B,sa1,23,1,2.7832031250e-02
CONT1_REG_5__SCAN_IN_ADD_88_U11_B,sa0,,,2.7832031250e-02
ADD_88_U27,sa1,10,1,2.7832031250e-02
ADD_88_U26,sa0,,,2.7832031250e-02
ADD_88_U25_ADD_88_U26_A,sa0,,,2.7832031250e-02
ADD_88_U23_ADD_88_U26_B,sa0,,,2.7832031250e-02
ADD_88_U11_ADD_88_U27_A,sa0,,,2.7832031250e-02
ADD_88_U11,sa0,9,1,2.7832031250e-02
U331_R254_U95_A,sa0,,,2.7709960938e-02
R_IN_REG_4__SCAN_IN_R254_U8_A,sa1,,,2.7709960938e-02
R_IN_REG_1__SCAN_IN_R254_U96_A,sa0,,,2.7709960938e-02
R254_U96,sa0,,,2.7709960938e-02
R254_U95,sa0,,,2.7709960938e-02
R254_U8,sa0,,,2.7709960938e-02
R254_U57,sa0,30,0,2.7709960938e-02
R254_U27_R254_U95_B,sa0,,,2.7709960938e-02
CONT1_REG_4__SCAN_IN_R254_U96_B,sa0,,,2.7709960938e-02
STATO_REG_1__SCAN_IN_U317_C,sa1,30,0,2.7633666992e-02
U350_R248_U52_A,sa1,30,0,2.7587890625e-02
R248_U41,sa1,13,1,2.7587890625e-02
R229_U65,sa1,30,0,2.7526855469e-02
R248_U15_R248_U61_A,sa1,26,1,2.7465820313e-02
U496,sa1,22,1,2.7343750000e-02
U486,sa1,28,1,2.7343750000e-02
U430_U329_A,sa0,,,2.7343750000e-02
U403_U329_B,sa0,,,2.7343750000e-02
U403_U328_B,sa0,,,2.7343750000e-02
U329,sa0,6,1,2.7343750000e-02
U328,sa0,6,1,2.7343750000e-02
U316_U328_A,sa0,,,2.7343750000e-02
R254_U99,sa1,30,0,2.7343750000e-02
R254_U58,sa1,30,0,2.7343750000e-02
R229_U53,sa1,18,1,2.7343750000e-02
R229_U37_R229_U60_B,sa1,29,1,2.7343750000e-02
R229_U37_R229_U108_B,sa1,15,1,2.7343750000e-02
R229_U26_R229_U106_A,sa0,,,2.7343750000e-02
R229_U107,sa1,15,1,2.7343750000e-02
R229_U106,sa1,15,1,2.7343750000e-02
CONT1_REG_2__SCAN_IN_R229_U53_B,sa1,18,1,2.7343750000e-02
R254_U35,sa1,30,0,2.7221679688e-02
R229_U15_R229_U73_A,sa1,12,1,2.6977539063e-02
R254_U119,sa1,30,0,2.6733398438e-02
R254_U57,sa1,30,0,2.6641845703e-02
R_IN_REG_4__SCAN_IN_R254_U8_A,sa0,,,2.6611328125e-02
R254_U8,sa1,30,0,2.6611328125e-02
R254_U116,sa1,30,0,2.6382446289e-02
R254_U32_R254_U116_B,sa1,30,0,2.6321411133e-02
R254_U12_R254_U107_A,sa0,,,2.6321411133e-02
R254_U107,sa1,30,0,2.6321411133e-02
R254_U115,sa1,30,0,2.6214599609e-02
U349_R248_U57_A,sa1,30,1,2.5634765625e-02
R254_U64,sa1,30,0,2.5421142578e-02
R254_U32_R254_U64_A,sa0,,,2.5421142578e-02
R254_U12_R254_U116_A,sa1,30,0,2.5421142578e-02
R_IN_REG_1__SCAN_IN_R254_U106_A,sa1,30,0,2.5405883789e-02
R254_U29,sa1,30,0,2.5405883789e-02
CONT1_REG_6__SCAN_IN_R254_U29_A,sa0,,,2.5405883789e-02
R254_U35_R254_U119_B,sa1,30,0,2.5390625000e-02
R229_U9_R229_U55_B,sa1,20,1,2.5390625000e-02
R229_U55,sa1,20,1,2.5390625000e-02
R254_U106,sa1,30,0,2.5329589844e-02
U346_R248_U69_A,sa0,,,2.5146484375e-02
U310_R248_U67_A,sa0,,,2.5146484375e-02
R248_U69,sa0,,,2.5146484375e-02
R248_U68,sa0,,,2.5146484375e-02
R248_U67,sa0,,,2.5146484375e-02
R248_U42_R248_U68_B,sa0,,,2.5146484375e-02
R248_U21,sa0,10,1,2.5146484375e-02
R248_U20_R248_U67_B,sa0,,,2.5146484375e-02
R248_U18_R248_U69_B,sa0,,,2.5146484375e-02
R254_U105,sa1,30,0,2.5039672852e-02
R254_U59,sa0,,,2.5024414063e-02
R254_U58_R254_U34_A,sa0,,,2.5024414063e-02
R254_U57_R254_U59_A,sa0,,,2.5024414063e-02
R254_U35_R254_U59_B,sa0,,,2.5024414063e-02
R254_U34,sa0,30,0,2.5024414063e-02
R254_U62,sa1,30,0,2.4993896484e-02
U476,sa1,25,1,2.4902343750e-02
U465,sa1,8,1,2.4902343750e-02
ADD_88_U34,sa1,4,1,2.4902343750e-02
ADD_88_U28_ADD_88_U22_A,sa1,4,1,2.4902343750e-02
R_IN_REG_4__SCAN_IN_R254_U58_B,sa1,30,0,2.4780273438e-02
U345_R248_U81_A,sa1,18,1,2.4658203125e-02
U310_R248_U82_A,sa1,18,1,2.4658203125e-02
R254_U27,sa0,30,0,2.4658203125e-02
R248_U33,sa1,18,1,2.4658203125e-02
CONT1_REG_4__SCAN_IN_R254_U27_A,sa1,,,2.4658203125e-02
U359_R229_U94_A,sa0,,,2.4536132813e-02
R229_U95,sa0,,,2.4536132813e-02
R229_U94,sa1,30,0,2.4536132813e-02
R229_U94,sa0,,,2.4536132813e-02
R229_U4_R229_U95_A,sa0,,,2.4536132813e-02
R229_U24,sa0,30,0,2.4536132813e-02
R229_U14_R229_U94_B,sa0,,,2.4536132813e-02
R229_U14,sa0,30,0,2.4536132813e-02
CONT1_REG_6__SCAN_IN_R229_U95_B,sa0,,,2.4536132813e-02
CONT1_REG_6__SCAN_IN_R229_U14_A,sa1,,,2.4536132813e-02
U467,sa1,21,1,2.4414062500e-02
U461,sa1,16,1,2.4414062500e-02
R229_U98,sa1,28,1,2.4414062500e-02
R229_U66_R229_U97_B,sa1,22,1,2.4414062500e-02
R229_U24_R229_U98_A,sa1,22,1,2.4414062500e-02
U346_R248_U86_A,sa1,30,0,2.4291992188e-02
U310_R248_U87_A,sa1,30,0,2.4291992188e-02
R248_U34,sa1,30,0,2.4169921875e-02
U331_R254_U100_A,sa0,,,2.4078369141e-02
R_IN_REG_5__SCAN_IN_R254_U9_A,sa1,,,2.4078369141e-02
R_IN_REG_1__SCAN_IN_R254_U101_A,sa0,,,2.4078369141e-02
R254_U9,sa0,,,2.4078369141e-02
R254_U61,sa0,30,0,2.4078369141e-02
R254_U28_R254_U100_B,sa0,,,2.4078369141e-02
R254_U101,sa0,,,2.4078369141e-02
R254_U100,sa0,,,2.4078369141e-02
CONT1_REG_5__SCAN_IN_R254_U101_B,sa0,,,2.4078369141e-02
R254_U104,sa1,30,0,2.3986816406e-02
R248_U44_R248_U56_B,sa1,30,0,2.3925781250e-02
R_IN_REG_5__SCAN_IN_R254_U62_B,sa1,30,0,2.3773193359e-02
R254_U56,sa1,30,0,2.3559570313e-02
R254_U35_R254_U56_A,sa0,,,2.3559570313e-02
R229_U70_R229_U71_A,sa1,16,1,2.3559570313e-02
U522,sa1,4,1,2.3437500000e-02
U512,sa1,4,1,2.3437500000e-02
U502,sa1,8,1,2.3437500000e-02
U492,sa1,10,1,2.3437500000e-02
U482,sa1,10,1,2.3437500000e-02
U472,sa1,12,1,2.3437500000e-02
U403_U328_B,sa1,11,1,2.3437500000e-02
U309_U423_A,sa1,6,1,2.3437500000e-02
R254_U68,sa1,30,0,2.3437500000e-02
R254_U46_R254_U37_A,sa1,15,1,2.3437500000e-02
R254_U46_R254_U126_A,sa1,2,1,2.3437500000e-02
R254_U45_R254_U71_B,sa1,2,1,2.3437500000e-02
R254_U45_R254_U47_A,sa1,12,1,2.3437500000e-02
R229_U83,sa1,17,1,2.3437500000e-02
R229_U38_R229_U56_B,sa1,22,1,2.3437500000e-02
R229_U38_R229_U113_B,sa1,11,1,2.3437500000e-02
R229_U27_R229_U111_A,sa0,,,2.3437500000e-02
R229_U19_R229_U83_A,sa0,,,2.3437500000e-02
R229_U112,sa1,11,1,2.3437500000e-02
R229_U111,sa1,11,1,2.3437500000e-02
CONT1_REG_1__SCAN_IN_ADD_88_U5_A,sa1,,,2.3437500000e-02
CONT1_REG_1__SCAN_IN_ADD_88_U5_A,sa0,,,2.3437500000e-02
CONT1_REG_0__SCAN_IN_U522_B,sa1,4,1,2.3437500000e-02
ADD_88_U7,sa1,7,1,2.3437500000e-02
ADD_88_U6,sa1,14,1,2.3437500000e-02
ADD_88_U5_U512_A,sa1,2,1,2.3437500000e-02
ADD_88_U5,sa1,2,1,2.3437500000e-02
ADD_88_U5,sa0,9,1,2.3437500000e-02
ADD_88_U20,sa1,10,1,2.3437500000e-02
ADD_88_U19,sa1,9,1,2.3437500000e-02
R_IN_REG_5__SCAN_IN_R254_U9_A,sa0,,,2.3345947266e-02
R254_U9,sa1,30,0,2.3345947266e-02
R254_U28,sa1,30,0,2.2918701172e-02
CONT1_REG_5__SCAN_IN_R254_U28_A,sa0,,,2.2918701172e-02
R229_U13_R229_U69_A,sa1,10,1,2.2705078125e-02
R254_U12_R254_U10_A,sa1,30,0,2.2567749023e-02
R254_U10,sa1,30,0,2.2567749023e-02
R254_U67,sa1,30,0,2.2491455078e-02
R254_U60,sa1,30,0,2.2491455078e-02
R254_U34_R254_U60_A,sa0,,,2.2491455078e-02
R254_U120,sa1,30,0,2.2460937500e-02
R254_U16,sa1,30,0,2.2369384766e-02
R254_U28,sa0,30,0,2.2308349609e-02
CONT1_REG_5__SCAN_IN_R254_U28_A,sa1,,,2.2308349609e-02
R254_U61,sa1,30,0,2.2247314453e-02
R248_U88,sa1,5,1,2.1972656250e-02
R248_U42_R248_U90_B,sa1,5,1,2.1972656250e-02
R248_U34_R248_U88_A,sa0,,,2.1972656250e-02
ADD_88_U18,sa1,9,1,2.1972656250e-02
U339_R259_U8_A,sa0,,,2.1911621094e-02
R259_U8,sa1,17,1,2.1911621094e-02
R259_U29,sa1,17,1,2.1911621094e-02
U388_U327_B,sa1,30,0,2.1892547607e-02
U347_R248_U65_A,sa1,19,1,2.1484375000e-02
R248_U43_R248_U64_B,sa1,18,1,2.1484375000e-02
U353_R248_U16_A,sa0,,,2.1240234375e-02
R248_U16,sa1,30,1,2.1240234375e-02
U403_U329_B,sa1,10,1,2.0996093750e-02
U471,sa1,30,0,2.0599365234e-02
R254_U118,sa1,30,0,1.9805908203e-02
R254_U40,sa0,30,0,1.9561767578e-02
R254_U10_R254_U40_A,sa1,,,1.9561767578e-02
R229_U19_R229_U51_A,sa1,14,1,1.9531250000e-02
R229_U11_R229_U65_A,sa1,23,1,1.9042968750e-02
CONT1_REG_5__SCAN_IN_ADD_88_U11_B,sa1,8,1,1.9042968750e-02
ADD_88_U27,sa0,9,1,1.9042968750e-02
ADD_88_U11_ADD_88_U6_B,sa1,6,1,1.9042968750e-02
ADD_88_U11_ADD_88_U27_A,sa1,,,1.9042968750e-02
ADD_88_U11,sa1,6,1,1.9042968750e-02
R254_U34_R254_U117_B,sa1,30,0,1.9012451172e-02
U347_R248_U65_A,sa0,,,1.8798828125e-02
U310_R248_U63_A,sa0,,,1.8798828125e-02
R248_U83,sa1,5,1,1.8798828125e-02
R248_U65,sa0,,,1.8798828125e-02
R248_U64,sa0,,,1.8798828125e-02
R248_U63,sa0,,,1.8798828125e-02
R248_U43_R248_U64_B,sa0,,,1.8798828125e-02
R248_U42,sa0,11,1,1.8798828125e-02
R248_U33_R248_U83_A,sa0,,,1.8798828125e-02
R248_U21_R248_U85_B,sa1,5,1,1.8798828125e-02
R248_U19_R248_U63_B,sa0,,,1.8798828125e-02
R248_U18_R248_U65_B,sa0,,,1.8798828125e-02
R254_U32_R254_U10_B,sa1,30,0,1.8646240234e-02
ADD_88_U36,sa1,3,1,1.8554687500e-02
ADD_88_U27_ADD_88_U13_A,sa1,6,1,1.8554687500e-02
R254_U117,sa1,30,0,1.8402099609e-02
U390,sa0,6,1,1.7578125000e-02
R_IN_REG_4__SCAN_IN_U390_A,sa1,,,1.7578125000e-02
R229_U59,sa1,20,1,1.7578125000e-02
R229_U57,sa1,18,1,1.7578125000e-02
R229_U17_R229_U59_A,sa1,18,1,1.7578125000e-02
R229_U10_R229_U59_B,sa1,23,1,1.7578125000e-02
CONT1_REG_3__SCAN_IN_R229_U57_B,sa1,18,1,1.7578125000e-02
CONT1_REG_3__SCAN_IN_ADD_88_U15_A,sa0,,,1.7578125000e-02
ADD_88_U9_ADD_88_U7_A,sa1,8,1,1.7578125000e-02
ADD_88_U9,sa1,8,1,1.7578125000e-02
ADD_88_U15,sa1,4,1,1.7578125000e-02
U421_U340_B,sa0,,,1.6052246094e-02
U396,sa0,,,1.6052246094e-02
U340,sa0,17,1,1.6052246094e-02
CONT_REG_3__SCAN_IN_U396_A,sa1,,,1.6052246094e-02
R229_U66_R229_U67_A,sa1,14,1,1.5869140625e-02
U545,sa1,2,1,1.5625000000e-02
U544,sa1,2,1,1.5625000000e-02
U542,sa1,4,1,1.5625000000e-02
U541,sa1,2,1,1.5625000000e-02
U539,sa1,5,1,1.5625000000e-02
U538,sa1,2,1,1.5625000000e-02
U536,sa1,6,1,1.5625000000e-02
U535,sa1,2,1,1.5625000000e-02
U533,sa1,8,1,1.5625000000e-02
U532,sa1,2,1,1.5625000000e-02
U530,sa1,10,1,1.5625000000e-02
U529,sa1,2,1,1.5625000000e-02
U421_U339_B,sa1,8,1,1.5625000000e-02
U402_U347_A,sa0,,,1.5625000000e-02
U402_U346_A,sa1,9,1,1.5625000000e-02
U402_U346_A,sa0,,,1.5625000000e-02
U402_U345_A,sa1,7,1,1.5625000000e-02
U402_U345_A,sa0,,,1.5625000000e-02
U347,sa0,7,1,1.5625000000e-02
U346_R248_U20_A,sa1,,,1.5625000000e-02
U346,sa0,7,1,1.5625000000e-02
U345,sa0,7,1,1.5625000000e-02
U344_R248_U76_A,sa0,,,1.5625000000e-02
U344_R248_U40_A,sa1,,,1.5625000000e-02
U331_R254_U97_A,sa1,22,1,1.5625000000e-02
U331_R254_U92_A,sa1,10,1,1.5625000000e-02
U331_R254_U90_A,sa1,14,1,1.5625000000e-02
U331_R254_U87_A,sa1,5,1,1.5625000000e-02
U331_R254_U85_A,sa1,7,1,1.5625000000e-02
U331_R254_U77_A,sa1,1,1,1.5625000000e-02
U331_R254_U75_A,sa1,2,1,1.5625000000e-02
U310_R248_U77_A,sa0,,,1.5625000000e-02
R_IN_REG_1__SCAN_IN_R254_U98_A,sa1,22,1,1.5625000000e-02
R_IN_REG_1__SCAN_IN_R254_U96_A,sa1,22,1,1.5625000000e-02
R_IN_REG_1__SCAN_IN_R254_U93_A,sa1,10,1,1.5625000000e-02
R_IN_REG_1__SCAN_IN_R254_U91_A,sa1,10,1,1.5625000000e-02
R_IN_REG_1__SCAN_IN_R254_U88_A,sa1,4,1,1.5625000000e-02
R_IN_REG_1__SCAN_IN_R254_U86_A,sa1,4,1,1.5625000000e-02
R_IN_REG_1__SCAN_IN_R254_U78_A,sa1,1,1,1.5625000000e-02
R_IN_REG_1__SCAN_IN_R254_U76_A,sa1,1,1,1.5625000000e-02
R254_U98,sa1,22,1,1.5625000000e-02
R254_U97,sa1,22,1,1.5625000000e-02
R254_U96,sa1,22,1,1.5625000000e-02
R254_U93,sa1,10,1,1.5625000000e-02
R254_U92,sa1,10,1,1.5625000000e-02
R254_U91,sa1,10,1,1.5625000000e-02
R254_U90,sa1,12,1,1.5625000000e-02
R254_U88,sa1,4,1,1.5625000000e-02
R254_U87,sa1,5,1,1.5625000000e-02
R254_U86,sa1,4,1,1.5625000000e-02
R254_U85,sa1,7,1,1.5625000000e-02
R254_U78,sa1,1,1,1.5625000000e-02
R254_U77,sa1,1,1,1.5625000000e-02
R254_U76,sa1,1,1,1.5625000000e-02
R254_U75,sa1,2,1,1.5625000000e-02
R254_U58_R254_U68_A,sa1,23,1,1.5625000000e-02
R254_U58_R254_U120_A,sa1,22,1,1.5625000000e-02
R254_U57_R254_U68_B,sa1,23,1,1.5625000000e-02
R254_U57_R254_U120_B,sa1,25,1,1.5625000000e-02
R254_U54_R254_U69_A,sa1,10,1,1.5625000000e-02
R254_U54_R254_U122_A,sa1,10,1,1.5625000000e-02
R254_U53_R254_U69_B,sa1,11,1,1.5625000000e-02
R254_U53_R254_U122_B,sa1,11,1,1.5625000000e-02
R254_U50_R254_U70_A,sa1,4,1,1.5625000000e-02
R254_U50_R254_U36_A,sa1,16,1,1.5625000000e-02
R254_U50_R254_U124_A,sa1,4,1,1.5625000000e-02
R254_U49_R254_U70_B,sa1,4,1,1.5625000000e-02
R254_U49_R254_U51_A,sa1,18,1,1.5625000000e-02
R254_U49_R254_U124_B,sa1,4,1,1.5625000000e-02
R254_U42_R254_U38_A,sa1,2,1,1.5625000000e-02
R254_U41_R254_U43_B,sa1,2,1,1.5625000000e-02
R254_U27_R254_U97_B,sa1,22,1,1.5625000000e-02
R254_U27_R254_U95_B,sa1,22,1,1.5625000000e-02
R254_U26_R254_U92_B,sa1,10,1,1.5625000000e-02
R254_U26_R254_U90_B,sa1,10,1,1.5625000000e-02
R254_U25_R254_U87_B,sa1,4,1,1.5625000000e-02
R254_U25_R254_U85_B,sa1,4,1,1.5625000000e-02
R254_U23_R254_U77_B,sa1,1,1,1.5625000000e-02
R254_U23_R254_U75_B,sa1,1,1,1.5625000000e-02
R248_U91,sa1,7,1,1.5625000000e-02
R248_U87,sa1,2,1,1.5625000000e-02
R248_U86,sa1,6,1,1.5625000000e-02
R248_U82,sa1,2,1,1.5625000000e-02
R248_U81,sa1,7,1,1.5625000000e-02
R248_U78,sa1,1,1,1.5625000000e-02
R248_U77,sa1,1,1,1.5625000000e-02
R248_U77,sa0,,,1.5625000000e-02
R248_U76,sa0,,,1.5625000000e-02
R248_U6_U545_B,sa1,2,1,1.5625000000e-02
R248_U41_R248_U80_B,sa1,1,1,1.5625000000e-02
R248_U40,sa0,,,1.5625000000e-02
R248_U32_R248_U78_A,sa0,,,1.5625000000e-02
R248_U32,sa0,1,1,1.5625000000e-02
R248_U31_U542_B,sa1,4,1,1.5625000000e-02
R248_U30_U539_B,sa1,5,1,1.5625000000e-02
R248_U29_U536_B,sa1,6,1,1.5625000000e-02
R248_U28_U533_B,sa1,8,1,1.5625000000e-02
R248_U27_U530_B,sa1,10,1,1.5625000000e-02
R248_U20,sa0,2,1,1.5625000000e-02
R248_U18_R248_U76_B,sa0,,,1.5625000000e-02
R229_U8_R229_U115_B,sa1,6,1,1.5625000000e-02
R229_U83_R229_U99_A,sa1,15,1,1.5625000000e-02
R229_U83_R229_U114_A,sa1,6,1,1.5625000000e-02
R229_U80_R229_U45_A,sa1,6,1,1.5625000000e-02
R229_U8,sa1,5,1,1.5625000000e-02
R229_U8,sa0,5,1,1.5625000000e-02
R229_U77_R229_U47_B,sa1,14,1,1.5625000000e-02
R229_U6_R229_U49_B,sa1,12,1,1.5625000000e-02
R229_U64,sa1,21,1,1.5625000000e-02
R229_U5_R229_U43_B,sa1,6,1,1.5625000000e-02
R229_U49,sa1,12,1,1.5625000000e-02
R229_U47,sa1,7,1,1.5625000000e-02
R229_U46_R229_U47_A,sa1,7,1,1.5625000000e-02
R229_U45,sa1,6,1,1.5625000000e-02
R229_U43,sa1,6,1,1.5625000000e-02
R229_U18_R229_U43_A,sa1,6,1,1.5625000000e-02
R229_U17_R229_U49_A,sa1,6,1,1.5625000000e-02
R229_U12_R229_U100_B,sa1,15,1,1.5625000000e-02
R229_U12,sa1,15,1,1.5625000000e-02
R229_U12,sa0,15,1,1.5625000000e-02
R229_U115,sa1,5,1,1.5625000000e-02
R229_U100,sa1,15,1,1.5625000000e-02
GT_87_U7,sa0,2,1,1.5625000000e-02
CONT1_REG_7__SCAN_IN_U345_B,sa0,,,1.5625000000e-02
CONT1_REG_7__SCAN_IN_GT_87_U7_A,sa0,2,1,1.5625000000e-02
CONT1_REG_6__SCAN_IN_U346_B,sa0,,,1.5625000000e-02
CONT1_REG_6__SCAN_IN_GT_87_U7_B,sa0,2,1,1.5625000000e-02
CONT1_REG_5__SCAN_IN_U347_B,sa0,,,1.5625000000e-02
CONT1_REG_5__SCAN_IN_R229_U12_A,sa1,,,1.5625000000e-02
CONT1_REG_5__SCAN_IN_R229_U12_A,sa0,,,1.5625000000e-02
CONT1_REG_4__SCAN_IN_U532_B,sa1,2,1,1.5625000000e-02
CONT1_REG_4__SCAN_IN_R254_U98_B,sa1,22,1,1.5625000000e-02
CONT1_REG_3__SCAN_IN_U535_B,sa1,2,1,1.5625000000e-02
CONT1_REG_3__SCAN_IN_R254_U93_B,sa1,10,1,1.5625000000e-02
CONT1_REG_3__SCAN_IN_R254_U91_B,sa1,14,1,1.5625000000e-02
CONT1_REG_2__SCAN_IN_R254_U88_B,sa1,5,1,1.5625000000e-02
CONT1_REG_2__SCAN_IN_R254_U86_B,sa1,7,1,1.5625000000e-02
CONT1_REG_2__SCAN_IN_R229_U8_A,sa1,,,1.5625000000e-02
CONT1_REG_2__SCAN_IN_R229_U8_A,sa0,,,1.5625000000e-02
CONT1_REG_1__SCAN_IN_U541_B,sa1,2,1,1.5625000000e-02
CONT1_REG_0__SCAN_IN_R254_U78_B,sa1,1,1,1.5625000000e-02
CONT1_REG_0__SCAN_IN_R254_U76_B,sa1,2,1,1.5625000000e-02
CONT1_REG_0__SCAN_IN_R229_U45_B,sa1,6,1,1.5625000000e-02
ADD_88_U17,sa1,6,1,1.5625000000e-02
R229_U67,sa1,12,1,1.5380859375e-02
R229_U14_R229_U67_B,sa1,12,1,1.5380859375e-02
U346_R248_U69_A,sa1,15,1,1.5136718750e-02
R254_U95,sa1,30,0,1.5136718750e-02
R248_U89,sa1,18,1,1.5136718750e-02
R248_U42_R248_U68_B,sa1,15,1,1.5136718750e-02
R_IN_REG_1__SCAN_IN_R254_U103_A,sa1,30,0,1.5014648438e-02
R254_U28_R254_U102_B,sa1,30,0,1.5014648438e-02
R254_U102,sa1,30,0,1.4984130859e-02
R248_U45_R248_U115_B,sa1,6,1,1.4892578125e-02
R248_U39_R248_U113_A,sa0,,,1.4892578125e-02
R248_U113,sa1,6,1,1.4892578125e-02
U355_R248_U47_A,sa1,11,1,1.4770507813e-02
U351_R248_U49_A,sa1,11,1,1.4770507813e-02
R254_U101,sa1,30,0,1.4770507813e-02
R248_U45_R248_U48_B,sa1,11,1,1.4770507813e-02
R248_U114,sa1,14,1,1.4770507813e-02
R254_U103,sa1,30,0,1.4709472656e-02
CONT1_REG_4__SCAN_IN_ADD_88_U38_B,sa1,8,1,1.4648437500e-02
ADD_88_U9_ADD_88_U25_A,sa0,,,1.4648437500e-02
ADD_88_U38,sa1,4,1,1.4648437500e-02
ADD_88_U25_ADD_88_U39_A,sa1,8,1,1.4648437500e-02
ADD_88_U25,sa1,5,1,1.4648437500e-02
U331_R254_U102_A,sa1,30,0,1.4617919922e-02
CONT1_REG_5__SCAN_IN_R254_U103_B,sa1,30,0,1.4617919922e-02
R254_U62_R254_U67_A,sa1,30,0,1.4556884766e-02
U354_R248_U55_A,sa0,,,1.4526367188e-02
U349_R248_U57_A,sa0,,,1.4526367188e-02
R_IN_REG_1__SCAN_IN_R254_U101_A,sa1,30,0,1.4526367188e-02
R254_U28_R254_U100_B,sa1,30,0,1.4526367188e-02
R248_U57,sa0,,,1.4526367188e-02
R248_U56,sa1,21,1,1.4526367188e-02
R248_U56,sa0,,,1.4526367188e-02
R248_U55,sa0,,,1.4526367188e-02
R248_U54,sa1,13,1,1.4526367188e-02
R248_U44_R248_U56_B,sa0,,,1.4526367188e-02
R248_U44_R248_U54_A,sa0,,,1.4526367188e-02
R248_U37_R248_U105_A,sa1,13,1,1.4526367188e-02
R248_U15,sa0,21,1,1.4526367188e-02
R248_U14_R248_U55_B,sa0,,,1.4526367188e-02
R248_U13_R248_U57_B,sa0,,,1.4526367188e-02
R248_U110,sa1,10,1,1.4526367188e-02
R254_U61_R254_U67_B,sa1,30,0,1.4373779297e-02
R254_U100,sa1,30,0,1.4373779297e-02
U402_U349_A,sa0,,,1.4282226563e-02
U402_U348_A,sa0,,,1.4282226563e-02
U354_R248_U13_A,sa0,,,1.4282226563e-02
U349_R248_U14_A,sa0,,,1.4282226563e-02
U349,sa0,11,1,1.4282226563e-02
U348_R248_U17_A,sa0,,,1.4282226563e-02
U348,sa0,11,1,1.4282226563e-02
R248_U53,sa1,17,1,1.4282226563e-02
R248_U50_R248_U109_B,sa1,23,1,1.4282226563e-02
R248_U50,sa1,9,1,1.4282226563e-02
R248_U38_R248_U110_A,sa1,23,1,1.4282226563e-02
R248_U17,sa1,11,1,1.4282226563e-02
R248_U16_R248_U96_B,sa1,11,1,1.4282226563e-02
R248_U14_R248_U102_B,sa1,11,1,1.4282226563e-02
R248_U14,sa1,11,1,1.4282226563e-02
R248_U13_R248_U101_B,sa1,11,1,1.4282226563e-02
R248_U13,sa1,11,1,1.4282226563e-02
R248_U10_R248_U50_A,sa0,,,1.4282226563e-02
CONT1_REG_4__SCAN_IN_U348_B,sa0,,,1.4282226563e-02
CONT1_REG_3__SCAN_IN_U349_B,sa0,,,1.4282226563e-02
U402_U350_A,sa0,,,1.4160156250e-02
U350,sa0,8,1,1.4160156250e-02
R254_U63,sa1,30,0,1.4160156250e-02
R248_U106,sa1,8,1,1.4160156250e-02
CONT1_REG_2__SCAN_IN_U350_B,sa0,,,1.4160156250e-02
U402_U352_A,sa0,,,1.4038085938e-02
U402_U351_A,sa0,,,1.4038085938e-02
U355_R248_U8_A,sa0,,,1.4038085938e-02
U352,sa0,7,1,1.4038085938e-02
U351_R248_U9_A,sa0,,,1.4038085938e-02
U351,sa0,6,1,1.4038085938e-02
R248_U9_R248_U47_B,sa1,8,1,1.4038085938e-02
R248_U9_R248_U112_B,sa1,8,1,1.4038085938e-02
R248_U9,sa1,6,1,1.4038085938e-02
R248_U8_R248_U111_B,sa1,5,1,1.4038085938e-02
R248_U8,sa1,5,1,1.4038085938e-02
R248_U75,sa1,7,1,1.4038085938e-02
CONT1_REG_1__SCAN_IN_U351_B,sa0,,,1.4038085938e-02
CONT1_REG_0__SCAN_IN_U352_B,sa0,,,1.4038085938e-02
STATO_REG_3__SCAN_IN_U355_B,sa1,5,1,1.3916015625e-02
R248_U55,sa1,24,1,1.3916015625e-02
R248_U105,sa1,23,1,1.3916015625e-02
CONT1_REG_1__SCAN_IN_U351_B,sa1,5,1,1.3916015625e-02
CONT1_REG_0__SCAN_IN_U352_B,sa1,8,1,1.3916015625e-02
R254_U62_R254_U118_A,sa1,30,0,1.3793945313e-02
CONT1_REG_2__SCAN_IN_U350_B,sa1,10,1,1.3793945313e-02
STATO_REG_3__SCAN_IN_U354_B,sa1,13,1,1.3671875000e-02
STATO_REG_3__SCAN_IN_U353_B,sa1,17,1,1.3671875000e-02
R229_U80_R229_U55_A,sa1,10,1,1.3671875000e-02
R229_U77_R229_U61_A,sa1,21,1,1.3671875000e-02
R229_U61,sa1,11,1,1.3671875000e-02
CONT1_REG_4__SCAN_IN_U348_B,sa1,18,1,1.3671875000e-02
CONT1_REG_4__SCAN_IN_R229_U61_B,sa1,10,1,1.3671875000e-02
CONT1_REG_3__SCAN_IN_U349_B,sa1,13,1,1.3671875000e-02
R254_U55,sa1,30,0,1.3549804688e-02
U331_R254_U100_A,sa1,30,0,1.3427734375e-02
CONT1_REG_5__SCAN_IN_R254_U101_B,sa1,30,0,1.3427734375e-02
R254_U61_R254_U118_B,sa1,30,0,1.3305664063e-02
R254_U74,sa1,30,0,1.3191223145e-02
R254_U11_R254_U74_A,sa0,,,1.3191223145e-02
R254_U113,sa1,30,0,1.3191223145e-02
R254_U10_R254_U114_B,sa1,30,0,1.3191223145e-02
U331_R254_U105_A,sa1,30,0,1.3092041016e-02
CONT1_REG_6__SCAN_IN_R254_U106_B,sa1,30,0,1.3092041016e-02
R254_U34_R254_U63_B,sa1,30,0,1.3000488281e-02
R248_U73,sa1,6,1,1.2695312500e-02
R248_U70_R248_U84_B,sa1,6,1,1.2695312500e-02
R248_U70,sa1,6,1,1.2695312500e-02
R248_U65,sa1,11,1,1.2695312500e-02
R248_U33_R248_U85_A,sa1,6,1,1.2695312500e-02
R248_U21_R248_U70_A,sa0,,,1.2695312500e-02
CONT1_REG_6__SCAN_IN_ADD_88_U12_A,sa0,,,1.2695312500e-02
ADD_88_U28,sa0,6,1,1.2695312500e-02
ADD_88_U13_ADD_88_U28_A,sa1,,,1.2695312500e-02
ADD_88_U13,sa1,6,1,1.2695312500e-02
ADD_88_U12,sa1,3,1,1.2695312500e-02
ADD_88_U11_ADD_88_U36_A,sa1,3,1,1.2695312500e-02
U331_R254_U95_A,sa1,30,0,1.2634277344e-02
CONT1_REG_4__SCAN_IN_R254_U96_B,sa1,30,0,1.2634277344e-02
R254_U36_R254_U55_B,sa1,30,0,1.2603759766e-02
R248_U85,sa1,4,1,1.2451171875e-02
CONT1_REG_7__SCAN_IN_U345_B,sa1,4,1,1.2329101563e-02
CONT1_REG_6__SCAN_IN_U346_B,sa1,13,1,1.2329101563e-02
CONT1_REG_5__SCAN_IN_U347_B,sa1,12,1,1.2329101563e-02
R254_U61_R254_U63_A,sa1,30,0,1.2084960938e-02
U456,sa1,12,1,1.1962890625e-02
U345_R248_U72_A,sa1,12,1,1.1962890625e-02
R248_U84,sa1,12,1,1.1962890625e-02
R248_U79,sa1,12,1,1.1962890625e-02
R248_U70,sa0,12,1,1.1962890625e-02
R248_U21_R248_U73_A,sa1,12,1,1.1962890625e-02
R248_U21_R248_U70_A,sa1,,,1.1962890625e-02
R254_U53_R254_U55_A,sa1,30,0,1.1840820313e-02
R254_U54_R254_U35_A,sa1,30,0,1.1749267578e-02
U390,sa1,4,1,1.1718750000e-02
R_IN_REG_4__SCAN_IN_U390_A,sa0,,,1.1718750000e-02
R229_U8_R229_U51_B,sa1,10,1,1.1718750000e-02
R229_U51,sa1,10,1,1.1718750000e-02
CONT1_REG_2__SCAN_IN_ADD_88_U8_A,sa0,,,1.1718750000e-02
CONT1_REG_2__SCAN_IN_ADD_88_U41_B,sa1,8,1,1.1718750000e-02
CONT1_REG_1__SCAN_IN_ADD_88_U40_B,sa1,8,1,1.1718750000e-02
ADD_88_U8,sa1,2,1,1.1718750000e-02
ADD_88_U5_ADD_88_U41_A,sa1,2,1,1.1718750000e-02
ADD_88_U41,sa1,2,1,1.1718750000e-02
ADD_88_U40,sa1,6,1,1.1718750000e-02
U338_R259_U33_A,sa1,21,1,1.1291503906e-02
R259_U31,sa1,22,1,1.1291503906e-02
R254_U31,sa1,30,0,1.1283874512e-02
R254_U11_R254_U31_B,sa1,30,0,1.1283874512e-02
U309_U436_A,sa1,30,0,1.1108398438e-02
U315_U471_B,sa1,30,0,1.1085510254e-02
R248_U14_R248_U55_B,sa1,16,1,1.0864257813e-02
U390_U333_B,sa0,,,1.0742187500e-02
U385_U333_A,sa0,,,1.0742187500e-02
U333,sa0,25,1,1.0742187500e-02
R254_U35_R254_U59_B,sa1,30,0,1.0406494141e-02
U333_R259_U15_A,sa0,,,1.0314941406e-02
R259_U15,sa1,14,1,1.0314941406e-02
U385_U334_A,sa0,,,1.0253906250e-02
U359_U334_B,sa0,,,1.0253906250e-02
U334,sa0,17,1,1.0253906250e-02
R229_U63,sa1,14,1,1.0253906250e-02
R229_U12_R229_U63_B,sa1,16,1,1.0253906250e-02
U334_R259_U14_A,sa0,,,9.8266601563e-03
R259_U26,sa1,6,1,9.8266601563e-03
R259_U14,sa1,6,1,9.8266601563e-03
U560,sa1,5,1,9.7656250000e-03
U559,sa1,5,1,9.7656250000e-03
U558,sa1,5,1,9.7656250000e-03
U557,sa1,5,1,9.7656250000e-03
U556,sa1,5,1,9.7656250000e-03
U555,sa1,5,1,9.7656250000e-03
U390_U333_B,sa1,3,1,9.7656250000e-03
U359_U334_B,sa1,3,1,9.7656250000e-03
U334,sa1,2,1,9.7656250000e-03
U333,sa1,5,1,9.7656250000e-03
R259_U30,sa1,5,1,9.7656250000e-03
R259_U25,sa1,2,1,9.7656250000e-03
R254_U62_R254_U32_A,sa1,30,0,9.6435546875e-03
U310_R248_U67_A,sa1,8,1,9.5214843750e-03
R248_U68,sa1,8,1,9.5214843750e-03
R248_U66,sa1,16,1,9.5214843750e-03
R248_U42_R248_U66_A,sa0,,,9.5214843750e-03
R248_U34_R248_U90_A,sa1,16,1,9.5214843750e-03
R248_U90,sa1,3,1,9.2773437500e-03
CONT1_REG_7__SCAN_IN_ADD_88_U34_B,sa1,3,1,9.2773437500e-03
CONT1_REG_6__SCAN_IN_ADD_88_U36_B,sa1,5,1,9.2773437500e-03
ADD_88_U28_ADD_88_U35_A,sa1,3,1,9.2773437500e-03
ADD_88_U27_ADD_88_U37_A,sa1,5,1,9.2773437500e-03
CONT1_REG_4__SCAN_IN_ADD_88_U23_A,sa1,,,8.7890625000e-03
CONT1_REG_4__SCAN_IN_ADD_88_U23_A,sa0,,,8.7890625000e-03
ADD_88_U9_ADD_88_U38_A,sa1,4,1,8.7890625000e-03
ADD_88_U9_ADD_88_U25_A,sa1,,,8.7890625000e-03
ADD_88_U39,sa1,16,1,8.7890625000e-03
ADD_88_U25,sa0,6,1,8.7890625000e-03
ADD_88_U23_ADD_88_U39_B,sa1,4,1,8.7890625000e-03
ADD_88_U23,sa1,4,1,8.7890625000e-03
ADD_88_U23,sa0,6,1,8.7890625000e-03
R254_U59,sa1,30,0,8.6975097656e-03
R248_U59,sa1,6,1,8.5449218750e-03
R229_U69,sa1,12,1,8.5449218750e-03
CONT1_REG_6__SCAN_IN_R229_U69_B,sa1,12,1,8.5449218750e-03
R254_U57_R254_U59_A,sa1,30,0,8.4838867188e-03
U341,sa1,8,1,7.8735351563e-03
U421_U340_B,sa1,6,1,7.8125000000e-03
R254_U58_R254_U34_A,sa1,30,0,7.8125000000e-03
R254_U46_R254_U71_A,sa1,1,1,7.8125000000e-03
R254_U45_R254_U126_B,sa1,1,1,7.8125000000e-03
R229_U71,sa1,12,1,7.6904296875e-03
R229_U16_R229_U71_B,sa1,12,1,7.6904296875e-03
U353_R248_U59_A,sa0,,,7.5683593750e-03
U348_R248_U60_A,sa0,,,7.5683593750e-03
R248_U61,sa0,,,7.5683593750e-03
R248_U60,sa0,,,7.5683593750e-03
R248_U59,sa0,,,7.5683593750e-03
R248_U58_R248_U99_B,sa1,16,1,7.5683593750e-03
R248_U58_R248_U59_B,sa0,,,7.5683593750e-03
R248_U58,sa1,10,1,7.5683593750e-03
R248_U43,sa0,15,1,7.5683593750e-03
R248_U36_R248_U100_A,sa1,16,1,7.5683593750e-03
R248_U16_R248_U61_B,sa0,,,7.5683593750e-03
R248_U15_R248_U61_A,sa0,,,7.5683593750e-03
R248_U15_R248_U58_A,sa0,,,7.5683593750e-03
U311_R248_U11_A,sa0,,,7.4462890625e-03
R248_U11_R248_U53_B,sa1,11,1,7.4462890625e-03
R248_U11,sa1,11,1,7.4462890625e-03
ADD_88_U25_ADD_88_U30_C,sa1,8,1,7.3242187500e-03
ADD_88_U25_ADD_88_U26_A,sa1,4,1,7.3242187500e-03
U311_R248_U51_A,sa1,7,1,7.0800781250e-03
R248_U52,sa1,7,1,7.0800781250e-03
U325_U450_A,sa1,30,0,7.0152282715e-03
R248_U16_R248_U61_B,sa1,13,1,6.9580078125e-03
R248_U100,sa1,23,1,6.9580078125e-03
R254_U31_R254_U112_B,sa1,30,0,6.5956115723e-03
R254_U21_R254_U110_A,sa0,,,6.5956115723e-03
R254_U111,sa1,30,0,6.5956115723e-03
R254_U110,sa1,30,0,6.5956115723e-03
GT_80_U9,sa0,20,1,6.5917968750e-03
CONT1_REG_7__SCAN_IN_GT_80_U9_B,sa0,20,1,6.5917968750e-03
CONT1_REG_6__SCAN_IN_GT_80_U9_C,sa0,20,1,6.5917968750e-03
CONT1_REG_5__SCAN_IN_GT_80_U9_D,sa0,20,1,6.5917968750e-03
U455,sa1,3,1,6.3476562500e-03
R248_U69,sa1,6,1,6.3476562500e-03
CONT1_REG_7__SCAN_IN_ADD_88_U22_B,sa1,3,1,6.3476562500e-03
CONT1_REG_7__SCAN_IN_ADD_88_U14_A,sa0,,,6.3476562500e-03
CONT1_REG_6__SCAN_IN_ADD_88_U13_B,sa1,3,1,6.3476562500e-03
ADD_88_U37,sa1,6,1,6.3476562500e-03
ADD_88_U35,sa1,3,1,6.3476562500e-03
ADD_88_U33,sa1,3,1,6.3476562500e-03
ADD_88_U22,sa1,3,1,6.3476562500e-03
ADD_88_U14,sa1,3,1,6.3476562500e-03
ADD_88_U13_ADD_88_U34_A,sa1,3,1,6.3476562500e-03
U340_R259_U13_A,sa0,,,6.2866210938e-03
R259_U13,sa1,15,1,6.2866210938e-03
U335,sa1,10,1,6.1035156250e-03
U335_R259_U22_A,sa1,10,1,6.0424804688e-03
R259_U23,sa1,10,1,6.0424804688e-03
U385_U335_A,sa0,,,5.8593750000e-03
U335,sa0,2,1,5.8593750000e-03
R_IN_REG_2__SCAN_IN_U335_B,sa1,2,1,5.8593750000e-03
R_IN_REG_2__SCAN_IN_U335_B,sa0,,,5.8593750000e-03
R259_U22,sa1,2,1,5.8593750000e-03
R229_U18_R229_U57_A,sa1,12,1,5.8593750000e-03
CONT1_REG_3__SCAN_IN_ADD_88_U31_A,sa1,8,1,5.8593750000e-03
CONT1_REG_2__SCAN_IN_ADD_88_U31_B,sa1,2,1,5.8593750000e-03
CONT1_REG_2__SCAN_IN_ADD_88_U24_A,sa1,4,1,5.8593750000e-03
CONT1_REG_1__SCAN_IN_ADD_88_U31_C,sa1,2,1,5.8593750000e-03
CONT1_REG_1__SCAN_IN_ADD_88_U24_B,sa1,4,1,5.8593750000e-03
ADD_88_U31,sa1,2,1,5.8593750000e-03
ADD_88_U24,sa1,4,1,5.8593750000e-03
R248_U60,sa1,8,1,5.7373046875e-03
R248_U58_R248_U59_B,sa1,8,1,5.7373046875e-03
R229_U62_R229_U63_A,sa1,13,1,5.3710937500e-03
CONT1_REG_5__SCAN_IN_ADD_88_U10_A,sa0,,,4.3945312500e-03
ADD_88_U30,sa1,8,1,4.3945312500e-03
ADD_88_U26,sa1,4,1,4.3945312500e-03
ADD_88_U23_ADD_88_U30_A,sa1,8,1,4.3945312500e-03
ADD_88_U23_ADD_88_U26_B,sa1,4,1,4.3945312500e-03
ADD_88_U10,sa1,4,1,4.3945312500e-03
R229_U73,sa1,12,1,4.2724609375e-03
CONT1_REG_7__SCAN_IN_R229_U73_B,sa1,12,1,4.2724609375e-03
U421_U342_B,sa0,,,3.9672851563e-03
U397,sa0,,,3.9672851563e-03
U342,sa0,5,1,3.9672851563e-03
CONT_REG_1__SCAN_IN_U397_A,sa1,,,3.9672851563e-03
U436,sa1,26,1,3.9062500000e-03
U423,sa1,2,1,3.9062500000e-03
U421_U341_A,sa1,3,1,3.9062500000e-03
U421,sa0,2,1,3.9062500000e-03
U385_U432_B,sa1,2,1,3.9062500000e-03
U385_U421_A,sa1,,,3.9062500000e-03
U385,sa1,2,1,3.9062500000e-03
R248_U95,sa1,5,1,3.9062500000e-03
R229_U83_R229_U53_A,sa1,6,1,3.9062500000e-03
U450,sa1,22,1,3.8986206055e-03
U354_R248_U55_A,sa1,10,1,3.6621093750e-03
R248_U62,sa1,20,1,3.6621093750e-03
R248_U43_R248_U62_A,sa0,,,3.6621093750e-03
R248_U35_R248_U95_A,sa1,20,1,3.6621093750e-03
R248_U13_R248_U57_B,sa1,7,1,3.4179687500e-03
U310_R248_U71_B,sa1,3,1,3.1738281250e-03
U310_R248_U63_A,sa1,9,1,3.1738281250e-03
R248_U72,sa1,3,1,3.1738281250e-03
R248_U64,sa1,8,1,3.1738281250e-03
STATO_REG_0__SCAN_IN_U314_B,sa1,19,1,2.8991699219e-03
U385_U429_B,sa1,8,1,2.3803710938e-03
U392,sa1,21,1,2.3193359375e-03
R259_U6_U392_A,sa0,,,2.3193359375e-03
U336,sa1,5,1,2.0751953125e-03
U341_R259_U24_A,sa1,3,1,2.0141601563e-03
R259_U20,sa1,3,1,2.0141601563e-03
R259_U19,sa1,4,1,2.0141601563e-03
U520,sa1,3,1,1.9531250000e-03
U510,sa1,4,1,1.9531250000e-03
U500,sa1,4,1,1.9531250000e-03
U490,sa1,4,1,1.9531250000e-03
U480,sa1,4,1,1.9531250000e-03
U470,sa1,8,1,1.9531250000e-03
U421_U342_B,sa1,3,1,1.9531250000e-03
U391_U560_A,sa1,1,1,1.9531250000e-03
U391_U337_B,sa1,1,1,1.9531250000e-03
U390_U559_A,sa1,1,1,1.9531250000e-03
U389,sa1,1,1,1.9531250000e-03
U385_U336_A,sa0,,,1.9531250000e-03
U359_U558_A,sa1,1,1,1.9531250000e-03
U358_U556_A,sa1,1,1,1.9531250000e-03
U342_R259_U9_A,sa0,,,1.9531250000e-03
U337,sa1,1,1,1.9531250000e-03
U336_R259_U10_A,sa0,,,1.9531250000e-03
U336,sa0,1,1,1.9531250000e-03
U331_U555_A,sa1,1,1,1.9531250000e-03
R_IN_REG_5__SCAN_IN_U558_B,sa1,1,1,1.9531250000e-03
R_IN_REG_5__SCAN_IN_U470_B,sa1,8,1,1.9531250000e-03
R_IN_REG_5__SCAN_IN_U389_A,sa0,,,1.9531250000e-03
R_IN_REG_4__SCAN_IN_U557_B,sa1,1,1,1.9531250000e-03
R_IN_REG_4__SCAN_IN_U480_B,sa1,4,1,1.9531250000e-03
R_IN_REG_3__SCAN_IN_U555_B,sa1,1,1,1.9531250000e-03
R_IN_REG_3__SCAN_IN_U490_B,sa1,4,1,1.9531250000e-03
R_IN_REG_2__SCAN_IN_U560_B,sa1,1,1,1.9531250000e-03
R_IN_REG_2__SCAN_IN_U500_B,sa1,4,1,1.9531250000e-03
R_IN_REG_1__SCAN_IN_U556_B,sa1,1,1,1.9531250000e-03
R_IN_REG_1__SCAN_IN_U510_B,sa1,5,1,1.9531250000e-03
R_IN_REG_1__SCAN_IN_U336_B,sa1,1,1,1.9531250000e-03
R_IN_REG_1__SCAN_IN_U336_B,sa0,,,1.9531250000e-03
R_IN_REG_0__SCAN_IN_U559_B,sa1,1,1,1.9531250000e-03
R_IN_REG_0__SCAN_IN_U520_B,sa1,4,1,1.9531250000e-03
R259_U9,sa1,1,1,1.9531250000e-03
R259_U10,sa1,1,1,1.9531250000e-03
U353_R248_U16_A,sa1,,,1.8310546875e-03
R248_U61,sa1,7,1,1.8310546875e-03
R248_U16,sa0,7,1,1.8310546875e-03
U421_U338_A,sa0,,,1.5258789063e-03
U394_U317_A,sa0,,,1.5258789063e-03
U392,sa0,,,1.5258789063e-03
U338,sa0,18,1,1.5258789063e-03
U317,sa0,18,1,1.5258789063e-03
STATO_REG_1__SCAN_IN_U317_C,sa0,,,1.5258789063e-03
R259_U6_U392_A,sa1,,,1.5258789063e-03
R259_U33,sa1,18,1,1.5258789063e-03
CONT_REG_5__SCAN_IN_U338_B,sa1,18,1,1.5258789063e-03
CONT_REG_5__SCAN_IN_U338_B,sa0,,,1.5258789063e-03
CONT_REG_5__SCAN_IN_ADD_53_U24_B,sa1,8,1,1.5258789063e-03
CONT_REG_4__SCAN_IN_ADD_53_U19_B,sa0,,,1.5258789063e-03
ADD_53_U23,sa1,8,1,1.5258789063e-03
ADD_53_U22_ADD_53_U19_A,sa0,,,1.5258789063e-03
ADD_53_U19_ADD_53_U23_A,sa0,,,1.5258789063e-03
ADD_53_U19,sa0,8,1,1.5258789063e-03
ADD_53_U13,sa1,8,1,1.5258789063e-03
CONT_REG_3__SCAN_IN_ADD_53_U11_B,sa0,,,1.4648437500e-03
ADD_53_U22,sa1,12,1,1.4648437500e-03
ADD_53_U21_ADD_53_U11_A,sa0,,,1.4648437500e-03
ADD_53_U11_ADD_53_U22_A,sa0,,,1.4648437500e-03
ADD_53_U11,sa0,12,1,1.4648437500e-03
CONT_REG_2__SCAN_IN_ADD_53_U9_B,sa0,,,1.3427734375e-03
ADD_53_U9_ADD_53_U21_A,sa0,,,1.3427734375e-03
ADD_53_U9,sa0,14,1,1.3427734375e-03
ADD_53_U21,sa1,14,1,1.3427734375e-03
ADD_53_U20_ADD_53_U9_A,sa0,,,1.3427734375e-03
GT_80_U8,sa0,7,1,1.2207031250e-03
GT_80_U10,sa0,,,1.2207031250e-03
CONT1_REG_4__SCAN_IN_GT_80_U8_B,sa1,7,1,1.2207031250e-03
CONT1_REG_4__SCAN_IN_GT_80_U8_B,sa0,,,1.2207031250e-03
CONT1_REG_3__SCAN_IN_GT_80_U8_C,sa1,7,1,1.2207031250e-03
CONT1_REG_3__SCAN_IN_GT_80_U8_C,sa0,,,1.2207031250e-03
CONT_REG_1__SCAN_IN_ADD_53_U7_A,sa0,,,1.1596679688e-03
CONT_REG_0__SCAN_IN_ADD_53_U7_B,sa0,,,1.1596679688e-03
ADD_53_U7_ADD_53_U20_A,sa0,,,1.1596679688e-03
ADD_53_U7,sa0,18,1,1.1596679688e-03
ADD_53_U20,sa1,18,1,1.1596679688e-03
U421_U343_A,sa1,1,1,9.7656250000e-04
U385_U332_A,sa1,14,1,9.7656250000e-04
CONT_REG_4__SCAN_IN_ADD_53_U26_B,sa1,8,1,9.1552734375e-04
ADD_53_U22_ADD_53_U27_A,sa1,8,1,9.1552734375e-04
ADD_53_U15,sa1,8,1,9.1552734375e-04
ADD_53_U14,sa1,8,1,9.1552734375e-04
CONT_REG_3__SCAN_IN_ADD_53_U28_B,sa1,6,1,8.5449218750e-04
ADD_53_U21_ADD_53_U29_A,sa1,6,1,8.5449218750e-04
U448,sa1,6,1,7.9345703125e-04
CONT_REG_0__SCAN_IN_ADD_53_U5_A,sa1,,,7.9345703125e-04
ADD_53_U5,sa0,6,1,7.9345703125e-04
ADD_53_U17,sa1,10,1,7.9345703125e-04
ADD_53_U16,sa1,14,1,7.9345703125e-04
U446,sa1,8,1,7.3242187500e-04
U444,sa1,12,1,7.3242187500e-04
GT_80_U7,sa1,,,7.3242187500e-04
GT_80_U10,sa1,6,1,7.3242187500e-04
CONT_REG_0__SCAN_IN_ADD_53_U5_A,sa0,,,7.3242187500e-04
CONT1_REG_2__SCAN_IN_GT_80_U10_B,sa1,,,7.3242187500e-04
CONT1_REG_2__SCAN_IN_GT_80_U10_B,sa0,6,1,7.3242187500e-04
ADD_53_U5_U448_A,sa1,4,1,7.3242187500e-04
ADD_53_U5,sa1,4,1,7.3242187500e-04
U442,sa1,10,1,6.1035156250e-04
U440,sa1,6,1,6.1035156250e-04
CONT_REG_2__SCAN_IN_ADD_53_U30_B,sa1,10,1,6.1035156250e-04
ADD_53_U20_ADD_53_U31_A,sa1,10,1,6.1035156250e-04
ADD_53_U30,sa1,8,1,5.4931640625e-04
ADD_53_U26,sa1,4,1,5.4931640625e-04
ADD_53_U22_ADD_53_U19_A,sa1,4,1,5.4931640625e-04
ADD_53_U20_ADD_53_U9_A,sa1,8,1,5.4931640625e-04
U385_U333_A,sa1,10,1,4.8828125000e-04
R248_U63,sa1,2,1,4.8828125000e-04
ADD_53_U28,sa1,8,1,4.8828125000e-04
ADD_53_U21_ADD_53_U11_A,sa1,8,1,4.8828125000e-04
U396,sa1,11,1,4.2724609375e-04
U395,sa1,11,1,4.2724609375e-04
U340,sa1,11,1,4.2724609375e-04
U339,sa1,11,1,4.2724609375e-04
R259_U28,sa1,11,1,4.2724609375e-04
R259_U27,sa1,11,1,4.2724609375e-04
CONT_REG_4__SCAN_IN_U395_A,sa0,,,4.2724609375e-04
CONT_REG_3__SCAN_IN_U396_A,sa0,,,4.2724609375e-04
CONT_REG_1__SCAN_IN_ADD_53_U32_B,sa1,6,1,4.2724609375e-04
CONT_REG_0__SCAN_IN_ADD_53_U33_B,sa1,6,1,4.2724609375e-04
CONT_REG_1__SCAN_IN_ADD_53_U7_A,sa1,8,1,3.6621093750e-04
CONT_REG_1__SCAN_IN_ADD_53_U6_A,sa0,,,3.6621093750e-04
CONT_REG_0__SCAN_IN_ADD_53_U7_B,sa1,8,1,3.6621093750e-04
ADD_53_U7_ADD_53_U20_A,sa1,,,3.6621093750e-04
ADD_53_U7,sa1,8,1,3.6621093750e-04
ADD_53_U6,sa1,4,1,3.6621093750e-04
ADD_53_U5_ADD_53_U32_A,sa1,4,1,3.6621093750e-04
ADD_53_U33,sa1,4,1,3.6621093750e-04
ADD_53_U32,sa1,4,1,3.6621093750e-04
ADD_53_U20,sa0,8,1,3.6621093750e-04
U385_U334_A,sa1,6,1,2.4414062500e-04
GT_80_U7,sa0,2,1,2.4414062500e-04
CONT1_REG_1__SCAN_IN_GT_80_U7_A,sa1,2,1,2.4414062500e-04
CONT1_REG_1__SCAN_IN_GT_80_U7_A,sa0,,,2.4414062500e-04
CONT1_REG_0__SCAN_IN_GT_80_U7_B,sa1,3,1,2.4414062500e-04
CONT1_REG_0__SCAN_IN_GT_80_U7_B,sa0,,,2.4414062500e-04
CONT_REG_2__SCAN_IN_ADD_53_U9_B,sa1,4,1,1.8310546875e-04
CONT_REG_2__SCAN_IN_ADD_53_U8_A,sa0,,,1.8310546875e-04
ADD_53_U9_ADD_53_U21_A,sa1,,,1.8310546875e-04
ADD_53_U9,sa1,4,1,1.8310546875e-04
ADD_53_U8,sa1,4,1,1.8310546875e-04
ADD_53_U7_ADD_53_U30_A,sa1,4,1,1.8310546875e-04
ADD_53_U31,sa1,4,1,1.8310546875e-04
ADD_53_U21,sa0,4,1,1.8310546875e-04
U385_U335_A,sa1,4,1,1.2207031250e-04
CONT_REG_3__SCAN_IN_ADD_53_U11_B,sa1,4,1,1.2207031250e-04
ADD_53_U29,sa1,2,1,1.2207031250e-04
U421_U343_A,sa0,,,6.1035156250e-05
U421_U341_A,sa0,,,6.1035156250e-05
U397,sa1,2,1,6.1035156250e-05
U385_U336_A,sa1,2,1,6.1035156250e-05
U343,sa0,,,6.1035156250e-05
U342_R259_U19_A,sa1,2,1,6.1035156250e-05
U342,sa1,2,1,6.1035156250e-05
U341,sa0,2,1,6.1035156250e-05
U336_R259_U21_A,sa1,2,1,6.1035156250e-05
R259_U24,sa1,2,1,6.1035156250e-05
R259_U17,sa1,2,1,6.1035156250e-05
CONT_REG_4__SCAN_IN_ADD_53_U19_B,sa1,2,1,6.1035156250e-05
CONT_REG_3__SCAN_IN_ADD_53_U10_A,sa0,,,6.1035156250e-05
CONT_REG_2__SCAN_IN_U341_B,sa1,2,1,6.1035156250e-05
CONT_REG_2__SCAN_IN_U341_B,sa0,,,6.1035156250e-05
CONT_REG_1__SCAN_IN_U397_A,sa0,,,6.1035156250e-05
CONT_REG_0__SCAN_IN_U343_B,sa1,2,1,6.1035156250e-05
CONT_REG_0__SCAN_IN_U343_B,sa0,,,6.1035156250e-05
ADD_53_U9_ADD_53_U28_A,sa1,2,1,6.1035156250e-05
ADD_53_U27,sa1,2,1,6.1035156250e-05
ADD_53_U22,sa0,2,1,6.1035156250e-05
ADD_53_U11_ADD_53_U22_A,sa1,,,6.1035156250e-05
ADD_53_U11,sa1,2,1,6.1035156250e-05
ADD_53_U10,sa1,2,1,6.1035156250e-05
U385_U337_A,sa1,1,1,3.0517578125e-05
U438,sa1,0,1,0.0000000000e+00
U402_U344_A,sa1,0,1,0.0000000000e+00
U402_U344_A,sa0,,,0.0000000000e+00
U355_R248_U8_A,sa1,,,0.0000000000e+00
U354_R248_U13_A,sa1,,,0.0000000000e+00
U353_R248_U59_A,sa1,0,1,0.0000000000e+00
U352_R248_U23_A,sa0,,,0.0000000000e+00
U350_R248_U12_A,sa0,,,0.0000000000e+00
U347_R248_U19_A,sa0,,,0.0000000000e+00
U346_R248_U20_A,sa0,,,0.0000000000e+00
U345_R248_U22_A,sa0,,,0.0000000000e+00
U344_R248_U40_A,sa0,,,0.0000000000e+00
U344,sa0,0,1,0.0000000000e+00
U341_R259_U12_A,sa0,,,0.0000000000e+00
U340_R259_U25_A,sa1,0,1,0.0000000000e+00
U339_R259_U30_A,sa1,0,1,0.0000000000e+00
U338_R259_U16_A,sa0,,,0.0000000000e+00
U335_R259_U11_A,sa0,,,0.0000000000e+00
U334_R259_U27_A,sa1,0,1,0.0000000000e+00
U333_R259_U28_A,sa1,0,1,0.0000000000e+00
U332_R259_U7_A,sa0,,,0.0000000000e+00
U331_R254_U80_A,sa1,0,1,0.0000000000e+00
U312_R248_U7_A,sa0,,,0.0000000000e+00
U310_R248_U18_A,sa0,,,0.0000000000e+00
R_IN_REG_1__SCAN_IN_R254_U83_A,sa1,0,1,0.0000000000e+00
R259_U7,sa1,0,1,0.0000000000e+00
R259_U21,sa1,0,1,0.0000000000e+00
R259_U16,sa1,0,1,0.0000000000e+00
R259_U12,sa1,0,1,0.0000000000e+00
R259_U11,sa1,0,1,0.0000000000e+00
R254_U82,sa1,0,1,0.0000000000e+00
R254_U81,sa1,0,1,0.0000000000e+00
R254_U24_R254_U82_B,sa1,0,1,0.0000000000e+00
R248_U96,sa1,0,1,0.0000000000e+00
R248_U8_R248_U49_B,sa1,0,1,0.0000000000e+00
R248_U80,sa1,0,1,0.0000000000e+00
R248_U8,sa0,0,1,0.0000000000e+00
R248_U76,sa1,0,1,0.0000000000e+00
R248_U71,sa1,0,1,0.0000000000e+00
R248_U70_R248_U71_A,sa1,0,1,0.0000000000e+00
R248_U7,sa1,0,1,0.0000000000e+00
R248_U67,sa1,0,1,0.0000000000e+00
R248_U57,sa1,0,1,0.0000000000e+00
R248_U51,sa1,0,1,0.0000000000e+00
R248_U50_R248_U51_B,sa1,0,1,0.0000000000e+00
R248_U49,sa1,0,1,0.0000000000e+00
R248_U40,sa1,0,1,0.0000000000e+00
R248_U23,sa1,0,1,0.0000000000e+00
R248_U22,sa1,0,1,0.0000000000e+00
R248_U20_R248_U87_B,sa1,0,1,0.0000000000e+00
R248_U20_R248_U67_B,sa1,0,1,0.0000000000e+00
R248_U20,sa1,0,1,0.0000000000e+00
R248_U19_R248_U92_B,sa1,0,1,0.0000000000e+00
R248_U19_R248_U63_B,sa1,0,1,0.0000000000e+00
R248_U19,sa1,0,1,0.0000000000e+00
R248_U18_R248_U91_B,sa1,0,1,0.0000000000e+00
R248_U18_R248_U86_B,sa1,0,1,0.0000000000e+00
R248_U18_R248_U81_B,sa1,0,1,0.0000000000e+00
R248_U18_R248_U76_B,sa1,0,1,0.0000000000e+00
R248_U18_R248_U73_B,sa1,0,1,0.0000000000e+00
R248_U18_R248_U69_B,sa1,0,1,0.0000000000e+00
R248_U18_R248_U65_B,sa1,0,1,0.0000000000e+00
R248_U18,sa1,0,1,0.0000000000e+00
R248_U13,sa0,0,1,0.0000000000e+00
R248_U12,sa1,0,1,0.0000000000e+00
R248_U11_R248_U106_B,sa1,0,1,0.0000000000e+00
R248_U111,sa1,0,1,0.0000000000e+00
R248_U101,sa1,0,1,0.0000000000e+00
R229_U82,sa1,0,1,0.0000000000e+00
CONT_REG_5__SCAN_IN_ADD_53_U18_A,sa0,,,0.0000000000e+00
CONT_REG_4__SCAN_IN_ADD_53_U12_A,sa0,,,0.0000000000e+00
CONT1_REG_8__SCAN_IN_U344_B,sa0,,,0.0000000000e+00
CONT1_REG_8__SCAN_IN_ADD_88_U21_A,sa0,,,0.0000000000e+00
CONT1_REG_1__SCAN_IN_R254_U81_B,sa1,0,1,0.0000000000e+00
ADD_88_U32,sa1,0,1,0.0000000000e+00
ADD_88_U22_ADD_88_U32_A,sa1,0,1,0.0000000000e+00
ADD_88_U21,sa1,0,1,0.0000000000e+00
ADD_53_U25,sa1,0,1,0.0000000000e+00
ADD_53_U24,sa1,0,1,0.0000000000e+00
ADD_53_U19_ADD_53_U24_A,sa1,0,1,0.0000000000e+00
ADD_53_U19,sa1,0,1,0.0000000000e+00
ADD_53_U18,sa1,0,1,0.0000000000e+00
ADD_53_U12,sa1,0,1,0.0000000000e+00
ADD_53_U11_ADD_53_U26_A,sa1,0,1,0.0000000000e+00
