net_name,f_type,cube_cnt,complete,fdp
MAX_REG_2__SCAN_IN,sa0,30,0,2.3568725586e-01
MAX_REG_1__SCAN_IN,sa1,30,0,2.3568725586e-01
WR_REG_SCAN_IN,sa1,30,0,2.6341247559e-01
MAX_REG_3__SCAN_IN,sa0,30,0,2.3568725586e-01
MAX_REG_2__SCAN_IN,sa1,30,0,2.3568725586e-01
MAX_REG_4__SCAN_IN,sa0,30,0,2.3568725586e-01
MAX_REG_3__SCAN_IN,sa1,30,0,2.3568725586e-01
MAX_REG_4__SCAN_IN,sa1,30,0,2.3568725586e-01
NUM_REG_0__SCAN_IN,sa1,2,1,7.8125000000e-03
NUM_REG_1__SCAN_IN,sa1,2,1,7.8125000000e-03
COUNT_REG2_0__SCAN_IN,sa0,30,0,3.3975410461e-01
COUNT_REG2_0__SCAN_IN,sa1,30,0,3.3467891067e-01
COUNTER_REG_0__SCAN_IN,sa0,9,1,1.1718750000e-01
COUNT_REG2_1__SCAN_IN,sa0,30,0,3.4642100334e-01
S_REG_SCAN_IN,sa0,23,1,5.0000000000e-01
COUNTER_REG_1__SCAN_IN,sa0,10,1,1.3281250000e-01
COUNTER_REG_0__SCAN_IN,sa1,9,1,1.1718750000e-01
COUNT_REG2_1__SCAN_IN,sa1,30,0,3.1916141510e-01
COUNT_REG2_2__SCAN_IN,sa0,30,0,3.0785489082e-01
COUNT_REG2_3__SCAN_IN,sa0,30,0,3.1721591949e-01
S_REG_SCAN_IN,sa1,23,1,5.0000000000e-01
COUNTER_REG_1__SCAN_IN,sa1,10,1,1.3281250000e-01
COUNTER_REG_2__SCAN_IN,sa0,14,1,1.6406250000e-01
COUNT_REG2_2__SCAN_IN,sa1,30,0,3.1688737869e-01
COUNT_REG2_3__SCAN_IN,sa1,30,0,3.0502343178e-01
COUNTER_REG_2__SCAN_IN,sa1,14,1,1.6406250000e-01
COUNT_REG2_4__SCAN_IN,sa0,30,0,3.2445549965e-01
COUNT_REG2_5__SCAN_IN,sa0,30,0,3.8415527344e-01
COUNT_REG2_4__SCAN_IN,sa1,30,0,3.1859803200e-01
COUNT_REG2_5__SCAN_IN,sa1,30,0,3.9148712158e-01
NL_REG_0__SCAN_IN,sa0,1,1,5.0000000000e-01
GAMMA_REG_0__SCAN_IN,sa0,30,0,1.1863785982e-01
NL_REG_0__SCAN_IN,sa1,1,1,5.0000000000e-01
NL_REG_1__SCAN_IN,sa0,1,1,5.0000000000e-01
NL_REG_1__SCAN_IN,sa1,1,1,5.0000000000e-01
NL_REG_2__SCAN_IN,sa0,1,1,5.0000000000e-01
GAMMA_REG_1__SCAN_IN,sa1,30,0,1.8786621094e-01
NL_REG_2__SCAN_IN,sa1,1,1,5.0000000000e-01
NL_REG_3__SCAN_IN,sa0,1,1,5.0000000000e-01
GAMMA_REG_2__SCAN_IN,sa1,30,0,1.9108581543e-01
NL_REG_3__SCAN_IN,sa1,1,1,5.0000000000e-01
GAMMA_REG_3__SCAN_IN,sa1,30,0,2.4090576172e-01
MEMORY_REG_10__0__SCAN_IN,sa0,30,0,4.9444580078e-01
GAMMA_REG_4__SCAN_IN,sa1,30,0,2.4999970198e-01
MEMORY_REG_10__0__SCAN_IN,sa1,30,0,4.9444580078e-01
MEMORY_REG_10__1__SCAN_IN,sa0,30,0,4.9444580078e-01
MEMORY_REG_11__0__SCAN_IN,sa0,30,0,4.9316728115e-01
MEMORY_REG_20__0__SCAN_IN,sa0,30,0,4.9224853516e-01
NLOSS_REG_SCAN_IN,sa0,1,1,5.0000000000e-01
MEMORY_REG_10__1__SCAN_IN,sa1,30,0,4.9444580078e-01
MEMORY_REG_11__0__SCAN_IN,sa1,30,0,4.9316728115e-01
MEMORY_REG_11__1__SCAN_IN,sa0,30,0,4.9316728115e-01
MEMORY_REG_12__0__SCAN_IN,sa0,30,0,4.9224853516e-01
MEMORY_REG_20__0__SCAN_IN,sa1,30,0,4.9224853516e-01
MEMORY_REG_20__1__SCAN_IN,sa0,30,0,4.9224853516e-01
MEMORY_REG_21__0__SCAN_IN,sa0,30,0,4.9218750094e-01
MEMORY_REG_30__0__SCAN_IN,sa0,30,0,4.9218750233e-01
NLOSS_REG_SCAN_IN,sa1,1,1,5.0000000000e-01
MEMORY_REG_11__1__SCAN_IN,sa1,30,0,4.9316728115e-01
MEMORY_REG_12__0__SCAN_IN,sa1,30,0,4.9224853516e-01
MEMORY_REG_12__1__SCAN_IN,sa0,30,0,4.9224853516e-01
MEMORY_REG_13__0__SCAN_IN,sa0,30,0,4.9218750094e-01
MEMORY_REG_20__1__SCAN_IN,sa1,30,0,4.9224853516e-01
MEMORY_REG_21__0__SCAN_IN,sa1,30,0,4.9218750094e-01
MEMORY_REG_21__1__SCAN_IN,sa0,30,0,4.9218750094e-01
MEMORY_REG_22__0__SCAN_IN,sa0,30,0,4.9218750233e-01
MEMORY_REG_30__0__SCAN_IN,sa1,30,0,4.9218750233e-01
MEMORY_REG_30__1__SCAN_IN,sa0,30,0,4.9218750233e-01
MEMORY_REG_31__0__SCAN_IN,sa0,30,0,4.9218750094e-01
MEMORY_REG_12__1__SCAN_IN,sa1,30,0,4.9224853516e-01
MEMORY_REG_13__0__SCAN_IN,sa1,30,0,4.9218750094e-01
MEMORY_REG_13__1__SCAN_IN,sa0,30,0,4.9218750094e-01
MEMORY_REG_14__0__SCAN_IN,sa0,30,0,4.9218750233e-01
MEMORY_REG_21__1__SCAN_IN,sa1,30,0,4.9218750094e-01
MEMORY_REG_22__0__SCAN_IN,sa1,30,0,4.9218750233e-01
MEMORY_REG_22__1__SCAN_IN,sa0,30,0,4.9218750233e-01
MEMORY_REG_23__0__SCAN_IN,sa0,30,0,4.9218750094e-01
MEMORY_REG_30__1__SCAN_IN,sa1,30,0,4.9218750233e-01
MEMORY_REG_31__0__SCAN_IN,sa1,30,0,4.9218750094e-01
MEMORY_REG_31__1__SCAN_IN,sa0,30,0,4.9218750094e-01
MEMORY_REG_13__1__SCAN_IN,sa1,30,0,4.9218750094e-01
MEMORY_REG_14__0__SCAN_IN,sa1,30,0,4.9218750233e-01
MEMORY_REG_14__1__SCAN_IN,sa0,30,0,4.9218750233e-01
MEMORY_REG_15__0__SCAN_IN,sa0,30,0,4.9218750094e-01
MEMORY_REG_22__1__SCAN_IN,sa1,30,0,4.9218750233e-01
MEMORY_REG_23__0__SCAN_IN,sa1,30,0,4.9218750094e-01
MEMORY_REG_23__1__SCAN_IN,sa0,30,0,4.9218750094e-01
MEMORY_REG_24__0__SCAN_IN,sa0,30,0,4.9444580078e-01
MEMORY_REG_31__1__SCAN_IN,sa1,30,0,4.9218750094e-01
MEMORY_REG_14__1__SCAN_IN,sa1,30,0,4.9218750233e-01
MEMORY_REG_15__0__SCAN_IN,sa1,30,0,4.9218750094e-01
MEMORY_REG_15__1__SCAN_IN,sa0,30,0,4.9218750094e-01
MEMORY_REG_16__0__SCAN_IN,sa0,30,0,4.9612426758e-01
MEMORY_REG_23__1__SCAN_IN,sa1,30,0,4.9218750094e-01
MEMORY_REG_24__0__SCAN_IN,sa1,30,0,4.9444580078e-01
MEMORY_REG_24__1__SCAN_IN,sa0,30,0,4.9444580078e-01
MEMORY_REG_25__0__SCAN_IN,sa0,30,0,4.9218761921e-01
MEMORY_REG_15__1__SCAN_IN,sa1,30,0,4.9218750094e-01
MEMORY_REG_16__0__SCAN_IN,sa1,30,0,4.9612426758e-01
MEMORY_REG_16__1__SCAN_IN,sa0,30,0,4.9612426758e-01
MEMORY_REG_17__0__SCAN_IN,sa0,30,0,4.9444580078e-01
MEMORY_REG_24__1__SCAN_IN,sa1,30,0,4.9444580078e-01
MEMORY_REG_25__0__SCAN_IN,sa1,30,0,4.9218761921e-01
MEMORY_REG_25__1__SCAN_IN,sa0,30,0,4.9218761921e-01
MEMORY_REG_26__0__SCAN_IN,sa0,30,0,4.9219131470e-01
MEMORY_REG_16__1__SCAN_IN,sa1,30,0,4.9612426758e-01
MEMORY_REG_17__0__SCAN_IN,sa1,30,0,4.9444580078e-01
MEMORY_REG_17__1__SCAN_IN,sa0,30,0,4.9444580078e-01
MEMORY_REG_18__0__SCAN_IN,sa0,30,0,4.9444580078e-01
MEMORY_REG_25__1__SCAN_IN,sa1,30,0,4.9218761921e-01
MEMORY_REG_26__0__SCAN_IN,sa1,30,0,4.9219131470e-01
MEMORY_REG_26__1__SCAN_IN,sa0,30,0,4.9219131470e-01
MEMORY_REG_27__0__SCAN_IN,sa0,30,0,4.9218752980e-01
MEMORY_REG_17__1__SCAN_IN,sa1,30,0,4.9444580078e-01
MEMORY_REG_18__0__SCAN_IN,sa1,30,0,4.9444580078e-01
MEMORY_REG_18__1__SCAN_IN,sa0,30,0,4.9444580078e-01
MEMORY_REG_19__0__SCAN_IN,sa0,30,0,4.9316728115e-01
MEMORY_REG_26__1__SCAN_IN,sa1,30,0,4.9219131470e-01
MEMORY_REG_27__0__SCAN_IN,sa1,30,0,4.9218752980e-01
MEMORY_REG_27__1__SCAN_IN,sa0,30,0,4.9218752980e-01
MEMORY_REG_28__0__SCAN_IN,sa0,30,0,4.9218750233e-01
MEMORY_REG_18__1__SCAN_IN,sa1,30,0,4.9444580078e-01
MEMORY_REG_19__0__SCAN_IN,sa1,30,0,4.9316728115e-01
MEMORY_REG_19__1__SCAN_IN,sa0,30,0,4.9316728115e-01
MEMORY_REG_27__1__SCAN_IN,sa1,30,0,4.9218752980e-01
MEMORY_REG_28__0__SCAN_IN,sa1,30,0,4.9218750233e-01
MEMORY_REG_28__1__SCAN_IN,sa0,30,0,4.9218750233e-01
MEMORY_REG_29__0__SCAN_IN,sa0,30,0,4.9218750094e-01
MEMORY_REG_19__1__SCAN_IN,sa1,30,0,4.9316728115e-01
MEMORY_REG_28__1__SCAN_IN,sa1,30,0,4.9218750233e-01
MEMORY_REG_29__0__SCAN_IN,sa1,30,0,4.9218750094e-01
MEMORY_REG_29__1__SCAN_IN,sa0,30,0,4.9218750094e-01
MEMORY_REG_29__1__SCAN_IN,sa1,30,0,4.9218750094e-01
PLAY_REG_SCAN_IN,sa0,30,0,4.3627929688e-01
PLAY_REG_SCAN_IN,sa1,30,0,4.3273925781e-01
SPEAKER_REG_SCAN_IN,sa0,1,1,5.0000000000e-01
TIMEBASE_REG_0__SCAN_IN,sa0,30,0,2.4201214314e-01
SPEAKER_REG_SCAN_IN,sa1,1,1,5.0000000000e-01
TIMEBASE_REG_0__SCAN_IN,sa1,30,0,2.4206507206e-01
TIMEBASE_REG_1__SCAN_IN,sa0,30,0,2.4105453491e-01
TIMEBASE_REG_1__SCAN_IN,sa1,30,0,2.4105453491e-01
TIMEBASE_REG_2__SCAN_IN,sa0,30,0,2.4177932739e-01
TIMEBASE_REG_2__SCAN_IN,sa1,30,0,2.4154853821e-01
TIMEBASE_REG_3__SCAN_IN,sa0,30,0,2.4088668823e-01
TIMEBASE_REG_3__SCAN_IN,sa1,30,0,2.4088668823e-01
TIMEBASE_REG_4__SCAN_IN,sa0,30,0,2.4135974050e-01
TIMEBASE_REG_5__SCAN_IN,sa0,30,0,2.4207237363e-01
TIMEBASE_REG_4__SCAN_IN,sa1,30,0,2.4122242630e-01
TIMEBASE_REG_5__SCAN_IN,sa1,30,0,2.4213722348e-01
SOUND_REG_0__SCAN_IN,sa0,30,0,4.1564334184e-01
SCAN_REG_0__SCAN_IN,sa0,30,0,4.3579411507e-01
COUNT_REG_0__SCAN_IN,sa0,1,1,5.0000000000e-01
COUNT_REG_1__SCAN_IN,sa0,2,1,5.0000000000e-01
SOUND_REG_0__SCAN_IN,sa1,30,0,4.1502325982e-01
SOUND_REG_1__SCAN_IN,sa0,30,0,4.1216087341e-01
SCAN_REG_1__SCAN_IN,sa0,30,0,4.9026536942e-01
SCAN_REG_0__SCAN_IN,sa1,30,0,4.3579411507e-01
COUNT_REG_0__SCAN_IN,sa1,1,1,5.0000000000e-01
SOUND_REG_2__SCAN_IN,sa0,30,0,4.1482007504e-01
COUNT_REG_1__SCAN_IN,sa1,2,1,5.0000000000e-01
SOUND_REG_1__SCAN_IN,sa1,30,0,4.1216087341e-01
SCAN_REG_2__SCAN_IN,sa0,30,0,4.7680711746e-01
SCAN_REG_1__SCAN_IN,sa1,30,0,4.9026536942e-01
SOUND_REG_2__SCAN_IN,sa1,30,0,4.1985130310e-01
SCAN_REG_3__SCAN_IN,sa0,30,0,4.2285180092e-01
SCAN_REG_2__SCAN_IN,sa1,30,0,4.7680711746e-01
SCAN_REG_4__SCAN_IN,sa0,30,0,3.8671875000e-01
SCAN_REG_3__SCAN_IN,sa1,30,0,4.2285180092e-01
SCAN_REG_4__SCAN_IN,sa1,30,0,3.8671875000e-01
START,sa0,30,0,4.8046898842e-01
START,sa1,30,0,4.8046898842e-01
MEMORY_REG_0__0__SCAN_IN,sa0,30,0,4.9612426758e-01
MEMORY_REG_0__0__SCAN_IN,sa1,30,0,4.9612426758e-01
MEMORY_REG_0__1__SCAN_IN,sa0,30,0,4.9612426758e-01
MEMORY_REG_1__0__SCAN_IN,sa0,30,0,4.9612426758e-01
MEMORY_REG_0__1__SCAN_IN,sa1,30,0,4.9612426758e-01
MEMORY_REG_1__0__SCAN_IN,sa1,30,0,4.9612426758e-01
MEMORY_REG_1__1__SCAN_IN,sa0,30,0,4.9612426758e-01
MEMORY_REG_2__0__SCAN_IN,sa0,30,0,4.9612426758e-01
MEMORY_REG_1__1__SCAN_IN,sa1,30,0,4.9612426758e-01
MEMORY_REG_2__0__SCAN_IN,sa1,30,0,4.9612426758e-01
MEMORY_REG_2__1__SCAN_IN,sa0,30,0,4.9612426758e-01
MEMORY_REG_3__0__SCAN_IN,sa0,30,0,4.9444580078e-01
MEMORY_REG_2__1__SCAN_IN,sa1,30,0,4.9612426758e-01
MEMORY_REG_3__0__SCAN_IN,sa1,30,0,4.9444580078e-01
MEMORY_REG_3__1__SCAN_IN,sa0,30,0,4.9444580078e-01
MEMORY_REG_4__0__SCAN_IN,sa0,30,0,4.9612426758e-01
MEMORY_REG_3__1__SCAN_IN,sa1,30,0,4.9444580078e-01
MEMORY_REG_4__0__SCAN_IN,sa1,30,0,4.9612426758e-01
MEMORY_REG_4__1__SCAN_IN,sa0,30,0,4.9612426758e-01
MEMORY_REG_5__0__SCAN_IN,sa0,30,0,4.9444580078e-01
MEMORY_REG_4__1__SCAN_IN,sa1,30,0,4.9612426758e-01
MEMORY_REG_5__0__SCAN_IN,sa1,30,0,4.9444580078e-01
MEMORY_REG_5__1__SCAN_IN,sa0,30,0,4.9444580078e-01
MEMORY_REG_6__0__SCAN_IN,sa0,30,0,4.9325275421e-01
MEMORY_REG_5__1__SCAN_IN,sa1,30,0,4.9444580078e-01
MEMORY_REG_6__0__SCAN_IN,sa1,30,0,4.9325275421e-01
MEMORY_REG_6__1__SCAN_IN,sa0,30,0,4.9325275421e-01
MEMORY_REG_7__0__SCAN_IN,sa0,30,0,4.9224875867e-01
ADDRESS_REG_0__SCAN_IN,sa0,30,0,4.7039795294e-01
MEMORY_REG_6__1__SCAN_IN,sa1,30,0,4.9325275421e-01
MEMORY_REG_7__0__SCAN_IN,sa1,30,0,4.9224875867e-01
MEMORY_REG_7__1__SCAN_IN,sa0,30,0,4.9224875867e-01
MEMORY_REG_8__0__SCAN_IN,sa0,30,0,4.9612426758e-01
IND_REG_0__SCAN_IN,sa0,13,1,4.8558044434e-01
ADDRESS_REG_0__SCAN_IN,sa1,30,0,4.7082519531e-01
ADDRESS_REG_1__SCAN_IN,sa0,30,0,4.7033691406e-01
MEMORY_REG_7__1__SCAN_IN,sa1,30,0,4.9224875867e-01
MEMORY_REG_8__0__SCAN_IN,sa1,30,0,4.9612426758e-01
MEMORY_REG_8__1__SCAN_IN,sa0,30,0,4.9612426758e-01
MEMORY_REG_9__0__SCAN_IN,sa0,30,0,4.9444580078e-01
IND_REG_1__SCAN_IN,sa0,18,1,4.8558044434e-01
IND_REG_0__SCAN_IN,sa1,13,1,4.8558044434e-01
ADDRESS_REG_2__SCAN_IN,sa0,30,0,4.7039795294e-01
ADDRESS_REG_1__SCAN_IN,sa1,30,0,4.7028923035e-01
MEMORY_REG_8__1__SCAN_IN,sa1,30,0,4.9612426758e-01
MEMORY_REG_9__0__SCAN_IN,sa1,30,0,4.9444580078e-01
MEMORY_REG_9__1__SCAN_IN,sa0,30,0,4.9444580078e-01
IND_REG_1__SCAN_IN,sa1,18,1,4.8558044434e-01
ADDRESS_REG_2__SCAN_IN,sa1,30,0,4.7082519531e-01
ADDRESS_REG_3__SCAN_IN,sa0,30,0,4.7033691406e-01
MEMORY_REG_9__1__SCAN_IN,sa1,30,0,4.9444580078e-01
ADDRESS_REG_3__SCAN_IN,sa1,30,0,4.7028923035e-01
ADDRESS_REG_4__SCAN_IN,sa0,30,0,4.7033691406e-01
ADDRESS_REG_4__SCAN_IN,sa1,30,0,4.7028923035e-01
K_0_,sa0,30,0,6.1311721802e-03
DATA_OUT_REG_0__SCAN_IN,sa0,30,0,1.1108711362e-02
K_1_,sa0,30,0,7.4443817139e-03
K_0_,sa1,30,0,1.0229110718e-02
K_2_,sa0,30,0,3.7164688110e-03
DATA_OUT_REG_0__SCAN_IN,sa1,30,0,1.7475634813e-02
DATA_OUT_REG_1__SCAN_IN,sa0,30,0,1.8493950367e-02
K_1_,sa1,30,0,4.1894912720e-03
K_3_,sa0,30,0,1.8806457520e-03
K_2_,sa1,30,0,2.8877258301e-03
DATA_OUT_REG_1__SCAN_IN,sa1,30,0,1.6125172377e-02
K_3_,sa1,30,0,1.8339157104e-03
DATA_IN_REG_0__SCAN_IN,sa0,30,0,4.9426269531e-01
DATA_IN_REG_1__SCAN_IN,sa0,30,0,4.9426269531e-01
DATA_IN_REG_0__SCAN_IN,sa1,30,0,4.9426269531e-01
MAX_REG_0__SCAN_IN,sa0,30,0,2.3950743675e-01
DATA_IN_REG_1__SCAN_IN,sa1,30,0,4.9426269531e-01
MAX_REG_1__SCAN_IN,sa0,30,0,2.3568725586e-01
MAX_REG_0__SCAN_IN,sa1,30,0,2.3950743675e-01
WR_REG_SCAN_IN,sa0,30,0,2.6501464844e-01
SCAN_REG_2__SCAN_IN_R785_U9_B,sa1,24,1,8.8691711426e-05
SCAN_REG_3__SCAN_IN_U2120_B,sa1,30,0,1.0251998901e-05
SCAN_REG_0__SCAN_IN_U2116_B,sa1,30,0,1.0967254639e-05
SCAN_REG_2__SCAN_IN_U2114_B,sa1,30,0,1.0967254639e-05
TIMEBASE_REG_3__SCAN_IN_U1940_B,sa1,29,1,2.3078918457e-02
SOUND_REG_0__SCAN_IN_U2153_B,sa1,1,1,7.8125000000e-03
SOUND_REG_2__SCAN_IN_U2142_B,sa1,30,0,4.3857955933e-01
TIMEBASE_REG_5__SCAN_IN_U2128_B,sa1,30,0,2.4213850498e-01
SCAN_REG_4__SCAN_IN_U2122_B,sa1,30,0,1.0967254639e-05
TIMEBASE_REG_2__SCAN_IN_U1942_B,sa1,30,0,2.3200988770e-02
SOUND_REG_2__SCAN_IN_U2153_A,sa1,2,1,1.5625000000e-02
SOUND_REG_1__SCAN_IN_U2144_B,sa1,30,0,4.0888977051e-01
TIMEBASE_REG_4__SCAN_IN_U1932_B,sa1,30,0,2.2224426270e-02
TIMEBASE_REG_5__SCAN_IN_U1922_B,sa1,30,0,2.3254394531e-02
SOUND_REG_0__SCAN_IN_U2146_B,sa1,30,0,4.3370819092e-01
SCAN_REG_1__SCAN_IN_U2118_B,sa1,30,0,1.0967254639e-05
TIMEBASE_REG_1__SCAN_IN_U1945_B,sa1,30,0,2.2224426270e-02
TIMEBASE_REG_3__SCAN_IN_U1935_B,sa1,8,1,6.1035156250e-04
TIMEBASE_REG_2__SCAN_IN_U1891_B,sa1,30,0,2.4177932739e-01
TIMEBASE_REG_1__SCAN_IN_U1893_B,sa1,30,0,2.4105453491e-01
TIMEBASE_REG_0__SCAN_IN_U1949_B,sa1,30,0,2.2560119629e-02
COUNT_REG_0__SCAN_IN_U2177_B,sa1,1,1,2.5000000000e-01
COUNT_REG_1__SCAN_IN_U2176_B,sa1,1,1,2.5000000000e-01
SCAN_REG_1__SCAN_IN_U1861_B,sa1,30,0,4.8413157463e-01
SCAN_REG_0__SCAN_IN_U1863_B,sa1,30,0,4.9182176590e-01
SCAN_REG_0__SCAN_IN_U1981_B,sa1,3,1,1.5625000000e-02
TIMEBASE_REG_4__SCAN_IN_U1887_B,sa1,30,0,2.4184036255e-01
SCAN_REG_3__SCAN_IN_U1972_B,sa1,3,1,1.5625000000e-02
TIMEBASE_REG_3__SCAN_IN_U1889_B,sa1,30,0,2.4088668823e-01
SOUND_REG_1__SCAN_IN_U1993_B,sa1,15,1,1.2500000000e-01
SOUND_REG_2__SCAN_IN_U1993_A,sa1,12,1,1.2500000000e-01
SOUND_REG_2__SCAN_IN_U1983_B,sa1,3,1,3.1250000000e-02
SCAN_REG_4__SCAN_IN_U1855_B,sa1,30,0,3.6734008789e-01
SCAN_REG_2__SCAN_IN_U1975_B,sa1,3,1,1.5625000000e-02
SCAN_REG_3__SCAN_IN_U1857_B,sa1,30,0,4.2974090576e-01
SCAN_REG_2__SCAN_IN_U1859_B,sa1,30,0,4.4494748116e-01
SOUND_REG_1__SCAN_IN_U1987_B,sa1,2,1,1.5625000000e-02
SCAN_REG_1__SCAN_IN_U1978_B,sa1,3,1,1.5625000000e-02
MEMORY_REG_0__1__SCAN_IN_U2035_B,sa1,30,0,1.4648437500e-02
SCAN_REG_4__SCAN_IN_U1969_B,sa1,3,1,1.5625000000e-02
MEMORY_REG_3__0__SCAN_IN_U2070_B,sa1,30,0,1.1718750000e-02
MEMORY_REG_5__1__SCAN_IN_U2040_B,sa1,30,0,1.1718750000e-02
MEMORY_REG_1__1__SCAN_IN_U1810_B,sa1,12,1,4.9218750000e-01
MAX_REG_0__SCAN_IN_R730_U7_B,sa1,22,1,1.2207031250e-04
MAX_REG_1__SCAN_IN_R730_U7_A,sa1,22,1,1.2207031250e-04
MEMORY_REG_1__1__SCAN_IN_U2036_B,sa1,30,0,1.4648437500e-02
MEMORY_REG_1__0__SCAN_IN_U1812_B,sa1,12,1,4.9218750000e-01
MEMORY_REG_3__1__SCAN_IN_U1800_B,sa1,12,1,4.9218750000e-01
MEMORY_REG_4__0__SCAN_IN_U2071_B,sa1,30,0,1.4648437500e-02
MEMORY_REG_6__1__SCAN_IN_U2041_B,sa1,30,0,7.9307556152e-03
MEMORY_REG_3__0__SCAN_IN_U1802_B,sa1,12,1,4.9218750000e-01
START_U1494_A,sa0,3,1,2.5000000000e-01
MEMORY_REG_0__0__SCAN_IN_U2067_B,sa1,30,0,1.4648437500e-02
MEMORY_REG_2__1__SCAN_IN_U2037_B,sa1,30,0,1.4648437500e-02
MEMORY_REG_5__0__SCAN_IN_U2072_B,sa1,30,0,1.1718750000e-02
MEMORY_REG_7__1__SCAN_IN_U2042_B,sa1,30,0,2.0450353622e-03
MEMORY_REG_0__1__SCAN_IN_U1815_B,sa1,12,1,4.9218750000e-01
ADDRESS_REG_0__SCAN_IN_U1332_B,sa1,30,0,6.1767578125e-02
MAX_REG_2__SCAN_IN_R730_U9_B,sa1,16,1,6.1035156250e-05
MEMORY_REG_1__0__SCAN_IN_U2068_B,sa1,30,0,1.4648437500e-02
MEMORY_REG_3__1__SCAN_IN_U2038_B,sa1,30,0,1.1718750000e-02
MEMORY_REG_0__0__SCAN_IN_U1817_B,sa1,12,1,4.9218750000e-01
MEMORY_REG_2__1__SCAN_IN_U1805_B,sa1,12,1,4.9218750000e-01
ADDRESS_REG_0__SCAN_IN_U1334_B,sa0,30,0,6.1767578125e-02
IND_REG_1__SCAN_IN_U2124_B,sa1,19,1,4.8558044434e-01
MEMORY_REG_6__0__SCAN_IN_U2073_B,sa1,30,0,7.9307556152e-03
MEMORY_REG_8__1__SCAN_IN_U2043_B,sa1,30,0,1.4648437500e-02
MEMORY_REG_2__0__SCAN_IN_U1807_B,sa1,12,1,4.9218750000e-01
ADDRESS_REG_2__SCAN_IN_U1334_A,sa0,30,0,6.1279296875e-02
ADDRESS_REG_0__SCAN_IN_U1325_B,sa1,30,0,5.8227539063e-02
IND_REG_0__SCAN_IN_U2126_B,sa1,13,1,4.8558044434e-01
MEMORY_REG_2__0__SCAN_IN_U2069_B,sa1,30,0,1.4648437500e-02
MEMORY_REG_4__1__SCAN_IN_U2039_B,sa1,30,0,1.4648437500e-02
ADDRESS_REG_1__SCAN_IN_U1361_C,sa0,30,0,5.0537109375e-02
ADDRESS_REG_2__SCAN_IN_U1325_A,sa1,30,0,5.7617187500e-02
ADDRESS_REG_1__SCAN_IN_U1324_C,sa1,30,0,4.3945312500e-02
MEMORY_REG_7__0__SCAN_IN_U2074_B,sa1,30,0,2.0450353622e-03
MEMORY_REG_9__1__SCAN_IN_U2044_B,sa1,30,0,1.1718750000e-02
ADDRESS_REG_3__SCAN_IN_U1361_B,sa0,30,0,2.5878906250e-02
ADDRESS_REG_4__SCAN_IN_U1361_A,sa0,30,0,2.5878906250e-02
ADDRESS_REG_3__SCAN_IN_U1324_B,sa1,30,0,2.1492004395e-02
ADDRESS_REG_4__SCAN_IN_U1324_A,sa1,30,0,2.1492004395e-02
K_0__U2160_A,sa1,30,1,4.8065185547e-03
ADDRESS_REG_3__SCAN_IN_U1351_C,sa1,30,0,2.9785156250e-02
ADDRESS_REG_4__SCAN_IN_U1341_C,sa1,30,0,2.9785156250e-02
MEMORY_REG_8__0__SCAN_IN_U2075_B,sa1,30,0,1.4648437500e-02
DATA_OUT_REG_0__SCAN_IN_U2007_B,sa0,12,1,3.8452148438e-03
DATA_OUT_REG_1__SCAN_IN_U2007_A,sa0,12,1,3.8452148438e-03
ADDRESS_REG_2__SCAN_IN_U1327_B,sa1,30,0,5.7617187500e-02
K_1__U2161_A,sa1,20,1,2.8839111328e-03
MEMORY_REG_5__1__SCAN_IN_U1790_B,sa1,12,1,4.9218750000e-01
DATA_OUT_REG_0__SCAN_IN_U1521_B,sa1,30,0,4.4485330582e-03
DATA_OUT_REG_1__SCAN_IN_U1521_A,sa1,30,0,4.4485330582e-03
K_0__U2164_A,sa0,6,1,1.9226074219e-03
K_1__U2108_A,sa1,6,1,9.6130371094e-04
K_3__U2106_A,sa1,12,1,1.4419555664e-03
MEMORY_REG_9__0__SCAN_IN_U2076_B,sa1,30,0,1.1718750000e-02
MEMORY_REG_5__0__SCAN_IN_U1792_B,sa1,12,1,4.9218750000e-01
MEMORY_REG_7__1__SCAN_IN_U1780_B,sa1,12,1,4.9218750000e-01
ADDRESS_REG_1__SCAN_IN_U1338_C,sa1,30,0,5.2734375000e-02
K_0__U1318_A,sa0,30,0,7.2081685066e-03
DATA_IN_REG_0__SCAN_IN_U2150_B,sa1,12,1,4.9218750000e-01
K_3__U2107_A,sa1,6,1,2.4032592773e-04
IND_REG_1__SCAN_IN_U1842_C,sa1,5,1,3.9062500000e-03
MEMORY_REG_7__0__SCAN_IN_U1782_B,sa1,12,1,4.9218750000e-01
MEMORY_REG_9__1__SCAN_IN_U1770_B,sa1,12,1,4.9218750000e-01
DATA_OUT_REG_0__SCAN_IN_U1523_B,sa1,30,0,4.9138963223e-03
ADDRESS_REG_1__SCAN_IN_U1348_C,sa1,30,0,5.2734375000e-02
DATA_OUT_REG_0__SCAN_IN_U2164_B,sa0,6,1,9.6130371094e-04
MEMORY_REG_9__0__SCAN_IN_U1772_B,sa1,12,1,4.9218750000e-01
ADDRESS_REG_1__SCAN_IN_U1358_C,sa1,30,0,5.2734375000e-02
ADDRESS_REG_3__SCAN_IN_U1348_B,sa1,30,0,2.9296875000e-02
ADDRESS_REG_4__SCAN_IN_U1338_B,sa1,30,0,2.9296875000e-02
ADDRESS_REG_3__SCAN_IN_U1329_C,sa1,30,0,2.9296875000e-02
ADDRESS_REG_4__SCAN_IN_U1329_B,sa1,30,0,2.9296875000e-02
K_1__U1318_B,sa0,30,0,7.1771144867e-03
ADDRESS_REG_0__SCAN_IN_U1982_B,sa1,11,1,4.6875000000e-01
IND_REG_0__SCAN_IN_U1845_C,sa1,5,1,3.9062500000e-03
MEMORY_REG_4__1__SCAN_IN_U1795_B,sa1,12,1,4.9218750000e-01
DATA_IN_REG_0__SCAN_IN_U1307_A,sa1,30,0,2.0703125000e-01
DATA_OUT_REG_0__SCAN_IN_U2165_B,sa1,12,1,1.9226074219e-03
MAX_REG_3__SCAN_IN_U2121_B,sa1,30,0,1.0251998901e-05
WR_REG_SCAN_IN_U2015_B,sa1,6,1,2.2656250000e-01
ADDRESS_REG_4__SCAN_IN_U1970_B,sa1,11,1,4.6875000000e-01
MEMORY_REG_4__0__SCAN_IN_U1797_B,sa1,12,1,4.9218750000e-01
MEMORY_REG_6__1__SCAN_IN_U1785_B,sa1,12,1,4.9218750000e-01
DATA_OUT_REG_0__SCAN_IN_U2167_B,sa0,6,1,2.4032592773e-04
K_2__U2167_A,sa0,6,1,4.8065185547e-04
IND_REG_0__SCAN_IN_U1838_C,sa1,3,1,3.9062500000e-03
IND_REG_1__SCAN_IN_U1838_B,sa1,3,1,3.9062500000e-03
MEMORY_REG_6__0__SCAN_IN_U1787_B,sa1,12,1,4.9218750000e-01
MEMORY_REG_8__1__SCAN_IN_U1775_B,sa1,12,1,4.9218750000e-01
DATA_IN_REG_1__SCAN_IN_U1308_A,sa1,30,0,2.0703125000e-01
MAX_REG_0__SCAN_IN_U2117_B,sa1,30,0,1.0967254639e-05
MAX_REG_2__SCAN_IN_U2115_B,sa1,30,0,1.0967254639e-05
ADDRESS_REG_3__SCAN_IN_U1973_B,sa1,11,1,4.6875000000e-01
DATA_OUT_REG_0__SCAN_IN_U1960_B,sa1,2,1,1.5625000000e-02
DATA_OUT_REG_1__SCAN_IN_U1841_C,sa1,30,0,3.9677321911e-03
MEMORY_REG_8__0__SCAN_IN_U1777_B,sa1,12,1,4.9218750000e-01
DATA_OUT_REG_0__SCAN_IN_U2168_B,sa1,12,1,4.8065185547e-04
MAX_REG_4__SCAN_IN_U2123_B,sa1,30,0,1.0967254639e-05
WR_REG_SCAN_IN_U1307_B,sa1,30,0,1.1718750000e-01
K_2__U2159_B,sa1,6,1,4.8065185547e-04
ADDRESS_REG_2__SCAN_IN_U1976_B,sa1,11,1,4.6875000000e-01
WR_REG_SCAN_IN_U1704_B,sa1,4,1,1.1718750000e-02
WR_REG_SCAN_IN_U1308_B,sa1,30,0,1.1718750000e-01
SCAN_REG_4__SCAN_IN_R785_U20_B,sa1,30,0,2.9706954956e-04
DATA_OUT_REG_1__SCAN_IN_U2169_B,sa1,18,1,2.8839111328e-03
DATA_OUT_REG_1__SCAN_IN_U2159_C,sa1,6,1,9.6130371094e-04
DATA_IN_REG_1__SCAN_IN_U2148_B,sa1,12,1,4.9218750000e-01
MAX_REG_1__SCAN_IN_U2119_B,sa1,30,0,1.0967254639e-05
WR_REG_SCAN_IN_U1804_B,sa1,4,1,1.1718750000e-02
WR_REG_SCAN_IN_U1714_B,sa1,4,1,1.1718750000e-02
SCAN_REG_3__SCAN_IN_R785_U22_B,sa1,30,0,2.6750564575e-04
ADDRESS_REG_1__SCAN_IN_U1979_B,sa1,11,1,4.6875000000e-01
WR_REG_SCAN_IN_U1814_B,sa1,4,1,1.1718750000e-02
WR_REG_SCAN_IN_U1724_B,sa1,4,1,1.1718750000e-02
SCAN_REG_2__SCAN_IN_R785_U24_B,sa1,30,1,2.6607513428e-04
K_2__U1884_A,sa1,11,1,1.9226074219e-03
WR_REG_SCAN_IN_U1734_B,sa1,4,1,1.1718750000e-02
SCAN_REG_0__SCAN_IN_R785_U27_B,sa1,16,1,1.7738342285e-04
SCAN_REG_1__SCAN_IN_R785_U26_B,sa1,16,1,1.7738342285e-04
WR_REG_SCAN_IN_U1744_B,sa1,4,1,1.1718750000e-02
SCAN_REG_3__SCAN_IN_R785_U16_B,sa1,20,1,4.4345855713e-05
MAX_REG_0__SCAN_IN_U1980_B,sa1,5,1,1.5625000000e-02
MAX_REG_0__SCAN_IN_U1881_B,sa1,30,0,2.4108910561e-01
WR_REG_SCAN_IN_U1754_B,sa1,4,1,1.1718750000e-02
WR_REG_SCAN_IN_U1709_B,sa1,4,1,1.1718750000e-02
WR_REG_SCAN_IN_U1664_B,sa1,4,1,1.1718750000e-02
MAX_REG_0__SCAN_IN_U1536_E,sa1,4,1,4.7683715820e-07
MAX_REG_1__SCAN_IN_U1536_D,sa1,4,1,4.7683715820e-07
MAX_REG_2__SCAN_IN_U1536_C,sa1,4,1,4.7683715820e-07
MAX_REG_3__SCAN_IN_U1536_B,sa1,4,1,4.7683715820e-07
MAX_REG_4__SCAN_IN_U1536_A,sa1,4,1,4.7683715820e-07
DATA_OUT_REG_1__SCAN_IN_U1958_B,sa1,2,1,1.5625000000e-02
WR_REG_SCAN_IN_U1809_B,sa1,4,1,1.1718750000e-02
WR_REG_SCAN_IN_U1764_B,sa1,4,1,1.1718750000e-02
WR_REG_SCAN_IN_U1719_B,sa1,4,1,1.1718750000e-02
WR_REG_SCAN_IN_U1674_B,sa1,4,1,1.1718750000e-02
COUNT_REG2_0__SCAN_IN_U2140_B,sa1,30,0,3.5245227814e-01
WR_REG_SCAN_IN_U1774_B,sa1,4,1,1.1718750000e-02
WR_REG_SCAN_IN_U1729_B,sa1,4,1,1.1718750000e-02
WR_REG_SCAN_IN_U1684_B,sa1,4,1,1.1718750000e-02
MAX_REG_3__SCAN_IN_U1971_B,sa1,5,1,1.5625000000e-02
WR_REG_SCAN_IN_U1784_B,sa1,4,1,1.1718750000e-02
WR_REG_SCAN_IN_U1739_B,sa1,4,1,1.1718750000e-02
WR_REG_SCAN_IN_U1694_B,sa1,4,1,1.1718750000e-02
WR_REG_SCAN_IN_U1794_B,sa1,4,1,1.1718750000e-02
WR_REG_SCAN_IN_U1749_B,sa1,4,1,1.1718750000e-02
WR_REG_SCAN_IN_U1659_B,sa1,4,1,1.1718750000e-02
MAX_REG_2__SCAN_IN_U1974_B,sa1,5,1,1.5625000000e-02
MAX_REG_4__SCAN_IN_U1873_B,sa1,30,0,2.3614525795e-01
WR_REG_SCAN_IN_U1759_B,sa1,4,1,1.1718750000e-02
WR_REG_SCAN_IN_U1669_B,sa1,4,1,1.1718750000e-02
COUNTER_REG_0__SCAN_IN_U2152_B,sa1,2,1,1.5625000000e-02
MAX_REG_3__SCAN_IN_U1875_B,sa1,30,0,2.3614525795e-01
WR_REG_SCAN_IN_U1769_B,sa1,4,1,1.1718750000e-02
WR_REG_SCAN_IN_U1679_B,sa1,4,1,1.1718750000e-02
MAX_REG_1__SCAN_IN_U1977_B,sa1,5,1,1.5625000000e-02
MAX_REG_2__SCAN_IN_U1877_B,sa1,30,0,2.3614525795e-01
WR_REG_SCAN_IN_U1779_B,sa1,4,1,1.1718750000e-02
WR_REG_SCAN_IN_U1689_B,sa1,4,1,1.1718750000e-02
MAX_REG_1__SCAN_IN_U1879_B,sa1,30,0,2.3614525795e-01
WR_REG_SCAN_IN_U1789_B,sa1,4,1,1.1718750000e-02
WR_REG_SCAN_IN_U1699_B,sa1,4,1,1.1718750000e-02
WR_REG_SCAN_IN_U1799_B,sa1,4,1,1.1718750000e-02
COUNTER_REG_0__SCAN_IN_U2174_B,sa1,5,1,7.0312500000e-02
COUNTER_REG_1__SCAN_IN_U2173_B,sa1,4,1,7.0312500000e-02
MAX_REG_4__SCAN_IN_U1968_B,sa1,5,1,1.5625000000e-02
COUNT_REG2_3__SCAN_IN_U2138_B,sa1,30,0,3.5280323029e-01
COUNT_REG2_5__SCAN_IN_U2136_B,sa1,30,0,3.6065912247e-01
COUNT_REG2_2__SCAN_IN_U1944_B,sa1,30,0,3.6045432091e-01
COUNTER_REG_0__SCAN_IN_U2099_B,sa1,3,1,3.9062500000e-02
COUNTER_REG_1__SCAN_IN_U2099_A,sa1,2,1,4.6875000000e-02
COUNT_REG2_4__SCAN_IN_U1934_B,sa1,30,0,3.5249233246e-01
COUNT_REG2_1__SCAN_IN_U1947_B,sa1,30,0,3.6050009727e-01
COUNTER_REG_2__SCAN_IN_U1990_C,sa1,6,1,7.0312500000e-02
COUNT_REG2_3__SCAN_IN_U1578_C,sa0,30,0,2.6681423187e-03
COUNT_REG2_4__SCAN_IN_U1578_B,sa0,30,0,3.9827823639e-03
COUNT_REG2_5__SCAN_IN_U1578_A,sa0,30,0,3.8409829140e-03
NL_REG_0__SCAN_IN_U1850_B,sa1,30,0,1.3916015625e-01
S_REG_SCAN_IN_U1996_B,sa1,12,1,4.1796875000e-01
COUNTER_REG_0__SCAN_IN_U1987_C,sa1,1,1,7.8125000000e-03
NL_REG_3__SCAN_IN_U1840_B,sa1,30,0,1.7968750000e-01
MAX_REG_4__SCAN_IN_R730_U20_B,sa1,30,0,2.2602081299e-04
COUNTER_REG_1__SCAN_IN_U1988_B,sa1,6,1,5.4687500000e-02
MAX_REG_3__SCAN_IN_R730_U22_B,sa1,30,0,2.1266937256e-04
NLOSS_REG_SCAN_IN_U2162_B,sa1,30,0,2.2992706299e-01
MEMORY_REG_10__1__SCAN_IN_U2045_B,sa1,30,0,1.1718750000e-02
NL_REG_2__SCAN_IN_U1843_B,sa1,30,0,1.4013671875e-01
MEMORY_REG_21__1__SCAN_IN_U1710_B,sa1,12,1,4.9218750000e-01
MAX_REG_2__SCAN_IN_R730_U24_B,sa1,26,1,1.8310546875e-04
MEMORY_REG_13__0__SCAN_IN_U2080_B,sa1,30,0,1.9645085558e-09
MEMORY_REG_15__1__SCAN_IN_U2050_B,sa1,30,0,3.3178366721e-09
MEMORY_REG_21__0__SCAN_IN_U1712_B,sa1,12,1,4.9218750000e-01
MEMORY_REG_23__1__SCAN_IN_U1700_B,sa1,12,1,4.9218750000e-01
MAX_REG_0__SCAN_IN_R730_U27_B,sa1,16,1,1.2207031250e-04
MAX_REG_1__SCAN_IN_R730_U26_B,sa1,16,1,1.2207031250e-04
MEMORY_REG_20__1__SCAN_IN_U2055_B,sa1,30,0,2.1305084229e-03
MEMORY_REG_11__1__SCAN_IN_U2046_B,sa1,30,0,7.8237056732e-03
MEMORY_REG_23__0__SCAN_IN_U1702_B,sa1,12,1,4.9218750000e-01
MAX_REG_3__SCAN_IN_R730_U16_B,sa1,12,1,3.0517578125e-05
MEMORY_REG_23__0__SCAN_IN_U2090_B,sa1,30,0,3.3178366721e-09
MEMORY_REG_14__0__SCAN_IN_U2081_B,sa1,30,0,2.4187564850e-04
MEMORY_REG_25__1__SCAN_IN_U2060_B,sa1,30,0,8.3097256720e-07
MEMORY_REG_16__1__SCAN_IN_U2051_B,sa1,30,0,1.4648437500e-02
NL_REG_1__SCAN_IN_U1847_B,sa1,30,0,1.4208984375e-01
MEMORY_REG_10__0__SCAN_IN_U2077_B,sa1,30,0,1.1718750000e-02
MEMORY_REG_30__1__SCAN_IN_U2065_B,sa1,30,0,9.4296410680e-09
MEMORY_REG_21__1__SCAN_IN_U2056_B,sa1,30,0,1.9645085558e-09
MEMORY_REG_12__1__SCAN_IN_U2047_B,sa1,30,0,2.1305084229e-03
MEMORY_REG_11__1__SCAN_IN_U1760_B,sa1,12,1,4.9218750000e-01
MEMORY_REG_20__1__SCAN_IN_U1715_B,sa1,12,1,4.9218750000e-01
MEMORY_REG_24__0__SCAN_IN_U2091_B,sa1,30,0,9.0532302856e-03
MEMORY_REG_15__0__SCAN_IN_U2082_B,sa1,30,0,3.3178366721e-09
MEMORY_REG_26__1__SCAN_IN_U2061_B,sa1,30,0,1.9588470459e-03
MEMORY_REG_17__1__SCAN_IN_U2052_B,sa1,30,0,1.1718750000e-02
MEMORY_REG_11__0__SCAN_IN_U1762_B,sa1,12,1,4.9218750000e-01
MEMORY_REG_13__1__SCAN_IN_U1750_B,sa1,12,1,4.9218750000e-01
MEMORY_REG_20__0__SCAN_IN_U1717_B,sa1,12,1,4.9218750000e-01
MEMORY_REG_22__1__SCAN_IN_U1705_B,sa1,12,1,4.9218750000e-01
MEMORY_REG_31__1__SCAN_IN_U1660_B,sa1,12,1,4.9218750000e-01
MEMORY_REG_20__0__SCAN_IN_U2087_B,sa1,30,0,2.1305084229e-03
MEMORY_REG_11__0__SCAN_IN_U2078_B,sa1,30,0,7.8237056732e-03
MEMORY_REG_31__1__SCAN_IN_U2066_B,sa1,30,0,3.3178366721e-09
MEMORY_REG_22__1__SCAN_IN_U2057_B,sa1,30,0,2.4187564850e-04
MEMORY_REG_13__1__SCAN_IN_U2048_B,sa1,30,0,1.9645085558e-09
PLAY_REG_SCAN_IN_U2013_B,sa1,11,1,1.6796875000e-01
MEMORY_REG_13__0__SCAN_IN_U1752_B,sa1,12,1,4.9218750000e-01
MEMORY_REG_15__1__SCAN_IN_U1740_B,sa1,12,1,4.9218750000e-01
MEMORY_REG_22__0__SCAN_IN_U1707_B,sa1,12,1,4.9218750000e-01
MEMORY_REG_31__0__SCAN_IN_U1662_B,sa1,12,1,4.9218750000e-01
MEMORY_REG_25__0__SCAN_IN_U2092_B,sa1,30,0,8.3097256720e-07
MEMORY_REG_16__0__SCAN_IN_U2083_B,sa1,30,0,1.4648437500e-02
MEMORY_REG_27__1__SCAN_IN_U2062_B,sa1,30,0,1.3643875718e-07
MEMORY_REG_18__1__SCAN_IN_U2053_B,sa1,30,0,1.1718750000e-02
MEMORY_REG_15__0__SCAN_IN_U1742_B,sa1,12,1,4.9218750000e-01
MEMORY_REG_17__1__SCAN_IN_U1730_B,sa1,12,1,4.9218750000e-01
PLAY_REG_SCAN_IN_U1311_C,sa1,14,1,2.1093750000e-01
MEMORY_REG_30__0__SCAN_IN_U2097_B,sa1,30,0,9.4296410680e-09
MEMORY_REG_21__0__SCAN_IN_U2088_B,sa1,30,0,1.9645085558e-09
MEMORY_REG_12__0__SCAN_IN_U2079_B,sa1,30,0,2.1305084229e-03
MEMORY_REG_23__1__SCAN_IN_U2058_B,sa1,30,0,3.3178366721e-09
MEMORY_REG_14__1__SCAN_IN_U2049_B,sa1,30,0,2.4187564850e-04
MEMORY_REG_10__1__SCAN_IN_U1765_B,sa1,12,1,4.9218750000e-01
MEMORY_REG_17__0__SCAN_IN_U1732_B,sa1,12,1,4.9218750000e-01
MEMORY_REG_19__1__SCAN_IN_U1720_B,sa1,12,1,4.9218750000e-01
MEMORY_REG_26__0__SCAN_IN_U2093_B,sa1,30,0,1.9588470459e-03
MEMORY_REG_17__0__SCAN_IN_U2084_B,sa1,30,0,1.1718750000e-02
MEMORY_REG_28__1__SCAN_IN_U2063_B,sa1,30,0,3.5972334445e-08
MEMORY_REG_19__1__SCAN_IN_U2054_B,sa1,30,0,7.8237056732e-03
MEMORY_REG_10__0__SCAN_IN_U1767_B,sa1,12,1,4.9218750000e-01
MEMORY_REG_12__1__SCAN_IN_U1755_B,sa1,12,1,4.9218750000e-01
MEMORY_REG_19__0__SCAN_IN_U1722_B,sa1,12,1,4.9218750000e-01
MEMORY_REG_30__1__SCAN_IN_U1665_B,sa1,12,1,4.9218750000e-01
MEMORY_REG_31__0__SCAN_IN_U2098_B,sa1,30,0,3.3178366721e-09
MEMORY_REG_22__0__SCAN_IN_U2089_B,sa1,30,0,2.4187564850e-04
MEMORY_REG_24__1__SCAN_IN_U2059_B,sa1,30,0,9.0532302856e-03
MEMORY_REG_12__0__SCAN_IN_U1757_B,sa1,12,1,4.9218750000e-01
MEMORY_REG_14__1__SCAN_IN_U1745_B,sa1,12,1,4.9218750000e-01
MEMORY_REG_30__0__SCAN_IN_U1667_B,sa1,12,1,4.9218750000e-01
MEMORY_REG_27__0__SCAN_IN_U2094_B,sa1,30,0,1.3643875718e-07
MEMORY_REG_18__0__SCAN_IN_U2085_B,sa1,30,0,1.1718750000e-02
MEMORY_REG_29__1__SCAN_IN_U2064_B,sa1,30,0,3.3178366721e-09
MEMORY_REG_14__0__SCAN_IN_U1747_B,sa1,12,1,4.9218750000e-01
MEMORY_REG_16__1__SCAN_IN_U1735_B,sa1,12,1,4.9218750000e-01
MEMORY_REG_25__1__SCAN_IN_U1690_B,sa1,12,1,4.9218750000e-01
MEMORY_REG_16__0__SCAN_IN_U1737_B,sa1,12,1,4.9218750000e-01
MEMORY_REG_18__1__SCAN_IN_U1725_B,sa1,12,1,4.9218750000e-01
MEMORY_REG_25__0__SCAN_IN_U1692_B,sa1,12,1,4.9218750000e-01
MEMORY_REG_27__1__SCAN_IN_U1680_B,sa1,12,1,4.9218750000e-01
MEMORY_REG_28__0__SCAN_IN_U2095_B,sa1,30,0,3.5972334445e-08
MEMORY_REG_19__0__SCAN_IN_U2086_B,sa1,30,0,7.8237056732e-03
MEMORY_REG_18__0__SCAN_IN_U1727_B,sa1,12,1,4.9218750000e-01
MEMORY_REG_27__0__SCAN_IN_U1682_B,sa1,12,1,4.9218750000e-01
MEMORY_REG_29__1__SCAN_IN_U1670_B,sa1,12,1,4.9218750000e-01
PLAY_REG_SCAN_IN_U2156_B,sa1,30,0,1.6046142578e-01
MEMORY_REG_29__0__SCAN_IN_U1672_B,sa1,12,1,4.9218750000e-01
MEMORY_REG_29__0__SCAN_IN_U2096_B,sa1,30,0,3.3178366721e-09
MEMORY_REG_24__1__SCAN_IN_U1695_B,sa1,12,1,4.9218750000e-01
MEMORY_REG_24__0__SCAN_IN_U1697_B,sa1,12,1,4.9218750000e-01
MEMORY_REG_26__1__SCAN_IN_U1685_B,sa1,12,1,4.9218750000e-01
MEMORY_REG_26__0__SCAN_IN_U1687_B,sa1,12,1,4.9218750000e-01
MEMORY_REG_28__1__SCAN_IN_U1675_B,sa1,12,1,4.9218750000e-01
MEMORY_REG_28__0__SCAN_IN_U1677_B,sa1,12,1,4.9218750000e-01
TIMEBASE_REG_0__SCAN_IN_U2130_B,sa1,30,0,2.4206686020e-01
SPEAKER_REG_SCAN_IN_U2013_C,sa1,15,1,1.6796875000e-01
PLAY_REG_SCAN_IN_U1658_C,sa1,7,1,8.2031250000e-02
TIMEBASE_REG_0__SCAN_IN_U2105_B,sa1,30,0,3.5762786865e-06
TIMEBASE_REG_1__SCAN_IN_U2104_B,sa1,30,0,3.5762786865e-06
TIMEBASE_REG_2__SCAN_IN_U2103_B,sa1,30,0,1.9669532776e-06
TIMEBASE_REG_3__SCAN_IN_U2102_B,sa1,30,0,9.8347663879e-07
TIMEBASE_REG_4__SCAN_IN_U2101_B,sa1,30,0,7.5995922089e-07
TIMEBASE_REG_5__SCAN_IN_U2100_B,sa1,30,0,4.4703483582e-07
PLAY_REG_SCAN_IN_U1995_B,sa1,7,1,8.2031250000e-02
SCAN_REG_0__SCAN_IN_R785_U7_B,sa1,28,1,1.7738342285e-04
SCAN_REG_1__SCAN_IN_R785_U7_A,sa1,28,1,1.7738342285e-04
R785_U10,sa1,12,1,4.4345855713e-05
SCAN_REG_3__SCAN_IN_R785_U10_A,sa0,,,4.4345855713e-05
U1391_stem,sa0,1,1,5.0000000000e-01
COUNT_REG_0__SCAN_IN_U1391_A,sa1,,,5.0000000000e-01
U1391_stem,sa1,1,1,5.0000000000e-01
COUNT_REG_0__SCAN_IN_U1391_A,sa0,,,5.0000000000e-01
R785_U15,sa1,10,1,2.2172927856e-05
SCAN_REG_4__SCAN_IN_R785_U15_A,sa0,,,2.2172927856e-05
R730_U5,sa0,25,1,2.4414062500e-04
MAX_REG_0__SCAN_IN_R730_U5_A,sa1,,,2.4414062500e-04
R730_U5,sa1,24,1,2.4366378784e-04
MAX_REG_0__SCAN_IN_R730_U5_A,sa0,,,2.4366378784e-04
R730_U7,sa0,30,0,3.4570693970e-04
MAX_REG_1__SCAN_IN_R730_U7_A,sa0,,,3.4570693970e-04
MAX_REG_0__SCAN_IN_R730_U7_B,sa0,,,3.4570693970e-04
R730_U6,sa1,15,1,1.2159347534e-04
MAX_REG_1__SCAN_IN_R730_U6_A,sa0,,,1.2159347534e-04
R730_U7,sa1,21,1,1.2159347534e-04
R730_U8,sa1,10,1,6.0558319092e-05
MAX_REG_2__SCAN_IN_R730_U8_A,sa0,,,6.0558319092e-05
R785_U5,sa0,18,1,3.5476684570e-04
SCAN_REG_0__SCAN_IN_R785_U5_A,sa1,,,3.5476684570e-04
R785_U5,sa1,18,1,3.5476684570e-04
SCAN_REG_0__SCAN_IN_R785_U5_A,sa0,,,3.5476684570e-04
R785_U7,sa0,30,0,3.6954879761e-04
SCAN_REG_1__SCAN_IN_R785_U7_A,sa0,,,3.6954879761e-04
SCAN_REG_0__SCAN_IN_R785_U7_B,sa0,,,3.6954879761e-04
R785_U6,sa1,16,1,1.7738342285e-04
SCAN_REG_1__SCAN_IN_R785_U6_A,sa0,,,1.7738342285e-04
R785_U7,sa1,28,1,1.7738342285e-04
out_NL_REG_0__SCAN_IN,sa0,1,1,5.0000000000e-01
NL_REG_0__SCAN_IN_out_NL_REG_0__SCAN_IN_A,sa0,,,5.0000000000e-01
R785_U8,sa1,14,1,8.8691711426e-05
SCAN_REG_2__SCAN_IN_R785_U8_A,sa0,,,8.8691711426e-05
out_NL_REG_0__SCAN_IN,sa1,1,1,5.0000000000e-01
NL_REG_0__SCAN_IN_out_NL_REG_0__SCAN_IN_A,sa1,,,5.0000000000e-01
out_NL_REG_1__SCAN_IN,sa0,1,1,5.0000000000e-01
NL_REG_1__SCAN_IN_out_NL_REG_1__SCAN_IN_A,sa0,,,5.0000000000e-01
out_NL_REG_1__SCAN_IN,sa1,1,1,5.0000000000e-01
NL_REG_1__SCAN_IN_out_NL_REG_1__SCAN_IN_A,sa1,,,5.0000000000e-01
out_NL_REG_2__SCAN_IN,sa0,1,1,5.0000000000e-01
NL_REG_2__SCAN_IN_out_NL_REG_2__SCAN_IN_A,sa0,,,5.0000000000e-01
U1520,sa0,30,0,4.9288272858e-03
DATA_OUT_REG_0__SCAN_IN_U1520_A,sa1,,,4.9288272858e-03
U1510,sa1,30,0,9.0599060059e-06
MAX_REG_2__SCAN_IN_U1510_A,sa0,,,9.0599060059e-06
out_NL_REG_2__SCAN_IN,sa1,1,1,5.0000000000e-01
NL_REG_2__SCAN_IN_out_NL_REG_2__SCAN_IN_A,sa1,,,5.0000000000e-01
out_NL_REG_3__SCAN_IN,sa0,1,1,5.0000000000e-01
NL_REG_3__SCAN_IN_out_NL_REG_3__SCAN_IN_A,sa0,,,5.0000000000e-01
U1521,sa0,30,0,1.3328999281e-02
DATA_OUT_REG_1__SCAN_IN_U1521_A,sa0,,,1.3328999281e-02
DATA_OUT_REG_0__SCAN_IN_U1521_B,sa0,,,1.3328999281e-02
U1520,sa1,30,0,5.9664100409e-03
DATA_OUT_REG_0__SCAN_IN_U1520_A,sa0,,,5.9664100409e-03
U1511,sa1,30,0,1.0967254639e-05
SCAN_REG_3__SCAN_IN_U1511_A,sa0,,,1.0967254639e-05
U1601,sa1,30,0,6.7146301270e-02
COUNT_REG2_5__SCAN_IN_U1601_A,sa0,,,6.7146301270e-02
out_NL_REG_3__SCAN_IN,sa1,1,1,5.0000000000e-01
NL_REG_3__SCAN_IN_out_NL_REG_3__SCAN_IN_A,sa1,,,5.0000000000e-01
U2007,sa1,12,1,3.8452148438e-03
DATA_OUT_REG_1__SCAN_IN_U2007_A,sa1,,,3.8452148438e-03
DATA_OUT_REG_0__SCAN_IN_U2007_B,sa1,,,3.8452148438e-03
U1521,sa1,30,0,4.4484138489e-03
U1512,sa1,30,0,1.0967254639e-05
MAX_REG_3__SCAN_IN_U1512_A,sa0,,,1.0967254639e-05
U1603,sa0,30,0,4.1131377220e-02
COUNT_REG2_0__SCAN_IN_U1603_A,sa1,,,4.1131377220e-02
U1602,sa1,30,0,7.6660156250e-02
COUNT_REG2_3__SCAN_IN_U1602_A,sa0,,,7.6660156250e-02
U1324,sa0,30,0,9.4726564188e-02
ADDRESS_REG_4__SCAN_IN_U1324_A,sa0,,,9.4726564188e-02
ADDRESS_REG_3__SCAN_IN_U1324_B,sa0,,,9.4726564188e-02
ADDRESS_REG_1__SCAN_IN_U1324_C,sa0,,,9.4726564188e-02
U1550,sa0,6,1,7.8125000000e-02
SOUND_REG_1__SCAN_IN_U1550_A,sa1,,,7.8125000000e-02
U1513,sa1,30,0,1.0967254639e-05
SCAN_REG_4__SCAN_IN_U1513_A,sa0,,,1.0967254639e-05
U1603,sa1,30,0,3.2089233398e-02
COUNT_REG2_0__SCAN_IN_U1603_A,sa0,,,3.2089233398e-02
U1361,sa0,30,0,9.4739824533e-02
U1334,sa0,30,0,1.5039062500e-01
U1325,sa0,30,0,1.0253906250e-01
ADDRESS_REG_2__SCAN_IN_U1325_A,sa0,,,1.0253906250e-01
ADDRESS_REG_0__SCAN_IN_U1325_B,sa0,,,1.0253906250e-01
U1324,sa1,90,0,8.6929321289e-02
U1307,sa0,30,0,2.0703125000e-01
DATA_IN_REG_0__SCAN_IN_U1307_A,sa0,,,2.0703125000e-01
WR_REG_SCAN_IN_U1307_B,sa0,,,2.0703125000e-01
U2153,sa1,2,1,1.5625000000e-02
U1605,sa0,4,1,3.9062500000e-02
SOUND_REG_0__SCAN_IN_U1605_A,sa1,,,3.9062500000e-02
U1550,sa1,4,1,3.9062500000e-02
SOUND_REG_1__SCAN_IN_U1550_A,sa0,,,3.9062500000e-02
U1514,sa1,30,0,1.0967254639e-05
MAX_REG_4__SCAN_IN_U1514_A,sa0,,,1.0967254639e-05
U1505,sa1,30,0,1.0967254639e-05
SCAN_REG_0__SCAN_IN_U1505_A,sa0,,,1.0967254639e-05
U1361,sa1,30,0,1.8383868039e-01
ADDRESS_REG_4__SCAN_IN_U1361_A,sa1,,,1.8383868039e-01
ADDRESS_REG_3__SCAN_IN_U1361_B,sa1,,,1.8383868039e-01
ADDRESS_REG_1__SCAN_IN_U1361_C,sa1,,,1.8383868039e-01
U1334,sa1,30,0,1.2535138614e-01
ADDRESS_REG_2__SCAN_IN_U1334_A,sa1,,,1.2535138614e-01
ADDRESS_REG_0__SCAN_IN_U1334_B,sa1,,,1.2535138614e-01
U1325,sa1,60,0,1.1584472656e-01
U1308,sa0,30,0,2.0703125000e-01
DATA_IN_REG_1__SCAN_IN_U1308_A,sa0,,,2.0703125000e-01
WR_REG_SCAN_IN_U1308_B,sa0,,,2.0703125000e-01
U1307,sa1,60,0,3.2421875000e-01
out_NLOSS_REG_SCAN_IN,sa0,1,1,5.0000000000e-01
NLOSS_REG_SCAN_IN_out_NLOSS_REG_SCAN_IN_A,sa0,,,5.0000000000e-01
U1605,sa1,5,1,4.6875000000e-02
SOUND_REG_0__SCAN_IN_U1605_A,sa0,,,4.6875000000e-02
U1552,sa0,11,1,1.5625000000e-01
COUNTER_REG_2__SCAN_IN_U1552_A,sa1,,,1.5625000000e-01
U1506,sa1,30,0,1.0967254639e-05
MAX_REG_0__SCAN_IN_U1506_A,sa0,,,1.0967254639e-05
U1318,sa0,30,0,6.5879821777e-03
U1308,sa1,60,0,3.2421875000e-01
out_NLOSS_REG_SCAN_IN,sa1,1,1,5.0000000000e-01
NLOSS_REG_SCAN_IN_out_NLOSS_REG_SCAN_IN_A,sa1,,,5.0000000000e-01
U2164,sa1,6,1,1.9226074219e-03
K_0__U2164_A,sa1,,,1.9226074219e-03
DATA_OUT_REG_0__SCAN_IN_U2164_B,sa1,,,1.9226074219e-03
U1552,sa1,9,1,9.3750000000e-02
COUNTER_REG_2__SCAN_IN_U1552_A,sa0,,,9.3750000000e-02
U1535,sa0,24,1,2.4032592773e-03
K_2__U1535_A,sa1,,,2.4032592773e-03
U1517,sa0,8,1,7.8125000000e-03
IND_REG_0__SCAN_IN_U1517_A,sa1,,,7.8125000000e-03
U1507,sa1,30,0,9.5367431641e-06
SCAN_REG_1__SCAN_IN_U1507_A,sa0,,,9.5367431641e-06
U1625,sa0,30,0,4.4154345989e-01
START_U1625_A,sa1,,,4.4154345989e-01
U1553,sa0,7,1,1.1718750000e-01
COUNTER_REG_0__SCAN_IN_U1553_A,sa1,,,1.1718750000e-01
U1318,sa1,30,0,1.9271850586e-02
K_0__U1318_A,sa1,,,1.9271850586e-02
K_1__U1318_B,sa1,,,1.9271850586e-02
U1536,sa0,30,0,3.7550926208e-06
MAX_REG_4__SCAN_IN_U1536_A,sa0,,,3.7550926208e-06
MAX_REG_3__SCAN_IN_U1536_B,sa0,,,3.7550926208e-06
MAX_REG_2__SCAN_IN_U1536_C,sa0,,,3.7550926208e-06
MAX_REG_1__SCAN_IN_U1536_D,sa0,,,3.7550926208e-06
MAX_REG_0__SCAN_IN_U1536_E,sa0,,,3.7550926208e-06
U1535,sa1,30,0,2.1095275879e-03
K_2__U1535_A,sa0,,,2.1095275879e-03
U1518,sa0,5,1,7.8125000000e-03
IND_REG_1__SCAN_IN_U1518_A,sa1,,,7.8125000000e-03
U1517,sa1,8,1,7.8125000000e-03
IND_REG_0__SCAN_IN_U1517_A,sa0,,,7.8125000000e-03
U1508,sa1,30,0,9.5367431641e-06
MAX_REG_1__SCAN_IN_U1508_A,sa0,,,9.5367431641e-06
U1625,sa1,30,0,4.4348049164e-01
START_U1625_A,sa0,,,4.4348049164e-01
U1553,sa1,7,1,9.3750000000e-02
COUNTER_REG_0__SCAN_IN_U1553_A,sa0,,,9.3750000000e-02
U1544,sa1,30,0,6.8374633789e-02
COUNT_REG2_4__SCAN_IN_U1544_A,sa0,,,6.8374633789e-02
U1490,sa1,30,0,6.1279296875e-02
ADDRESS_REG_2__SCAN_IN_U1490_A,sa0,,,6.1279296875e-02
U1554,sa1,3,1,3.1250000000e-02
COUNTER_REG_1__SCAN_IN_U1554_A,sa0,,,3.1250000000e-02
U1536,sa1,4,1,4.7683715820e-07
U1519,sa0,30,0,9.5520019531e-03
DATA_OUT_REG_1__SCAN_IN_U1519_A,sa1,,,9.5520019531e-03
U1518,sa1,6,1,7.8125000000e-03
IND_REG_1__SCAN_IN_U1518_A,sa0,,,7.8125000000e-03
U1509,sa1,30,0,9.0599060059e-06
SCAN_REG_2__SCAN_IN_U1509_A,sa0,,,9.0599060059e-06
U1546,sa0,30,0,2.4173736572e-02
COUNT_REG2_2__SCAN_IN_U1546_A,sa1,,,2.4173736572e-02
U1491,sa1,30,0,5.8227539063e-02
ADDRESS_REG_0__SCAN_IN_U1491_A,sa0,,,5.8227539063e-02
U2167,sa1,6,1,4.8065185547e-04
K_2__U2167_A,sa1,,,4.8065185547e-04
DATA_OUT_REG_0__SCAN_IN_U2167_B,sa1,,,4.8065185547e-04
U1609,sa1,1,1,2.5000000000e-01
COUNT_REG_1__SCAN_IN_U1609_A,sa0,,,2.5000000000e-01
U1519,sa1,30,0,1.0456264019e-02
DATA_OUT_REG_1__SCAN_IN_U1519_A,sa0,,,1.0456264019e-02
U1547,sa0,30,0,2.4154663086e-02
COUNT_REG2_1__SCAN_IN_U1547_A,sa1,,,2.4154663086e-02
U1546,sa1,30,0,3.6605834961e-02
COUNT_REG2_2__SCAN_IN_U1546_A,sa0,,,3.6605834961e-02
U1556,sa1,11,1,8.2031250000e-02
S_REG_SCAN_IN_U1556_A,sa0,,,8.2031250000e-02
U1547,sa1,30,0,4.6142578125e-02
COUNT_REG2_1__SCAN_IN_U1547_A,sa0,,,4.6142578125e-02
U1494,sa0,33,0,3.6863785982e-01
U1557,sa1,30,0,1.6902387142e-03
K_3__U1557_A,sa0,,,1.6902387142e-03
U1494,sa1,30,0,1.4135766029e-01
START_U1494_A,sa1,,,1.4135766029e-01
GAMMA_REG_0__SCAN_IN,sa1,,,1.4135766029e-01
U1559,sa0,19,1,9.6130371094e-03
K_0__U1559_A,sa1,,,9.6130371094e-03
U1558,sa1,11,1,3.8452148438e-03
K_1__U1558_A,sa0,,,3.8452148438e-03
U1487,sa0,30,0,1.7773437500e-01
ADDRESS_REG_4__SCAN_IN_U1487_A,sa1,,,1.7773437500e-01
U2099,sa1,3,1,3.1250000000e-02
U1559,sa1,23,1,1.1535644531e-02
K_0__U1559_A,sa0,,,1.1535644531e-02
U1487,sa1,30,0,4.9133300781e-02
ADDRESS_REG_4__SCAN_IN_U1487_A,sa0,,,4.9133300781e-02
U1488,sa0,30,0,1.7773437500e-01
ADDRESS_REG_3__SCAN_IN_U1488_A,sa1,,,1.7773437500e-01
U1578,sa1,30,0,1.1236190796e-02
COUNT_REG2_5__SCAN_IN_U1578_A,sa1,,,1.1236190796e-02
COUNT_REG2_4__SCAN_IN_U1578_B,sa1,,,1.1236190796e-02
COUNT_REG2_3__SCAN_IN_U1578_C,sa1,,,1.1236190796e-02
U1488,sa1,30,0,4.9133300781e-02
ADDRESS_REG_3__SCAN_IN_U1488_A,sa0,,,4.9133300781e-02
U1489,sa0,30,0,1.6210937500e-01
ADDRESS_REG_1__SCAN_IN_U1489_A,sa1,,,1.6210937500e-01
U1993,sa0,30,0,3.4960937500e-01
SOUND_REG_2__SCAN_IN_U1993_A,sa0,,,3.4960937500e-01
SOUND_REG_1__SCAN_IN_U1993_B,sa0,,,3.4960937500e-01
U1489,sa1,30,0,1.0546875000e-01
ADDRESS_REG_1__SCAN_IN_U1489_A,sa0,,,1.0546875000e-01
U1993,sa1,15,1,1.2500000000e-01
out_SPEAKER_REG_SCAN_IN,sa0,1,1,5.0000000000e-01
SPEAKER_REG_SCAN_IN_out_SPEAKER_REG_SCAN_IN_A,sa0,,,5.0000000000e-01
R730_U10,sa1,7,1,3.0040740967e-05
MAX_REG_3__SCAN_IN_R730_U10_A,sa0,,,3.0040740967e-05
out_SPEAKER_REG_SCAN_IN,sa1,1,1,5.0000000000e-01
SPEAKER_REG_SCAN_IN_out_SPEAKER_REG_SCAN_IN_A,sa1,,,5.0000000000e-01
R730_U15,sa1,5,1,1.4781951904e-05
MAX_REG_4__SCAN_IN_R730_U15_A,sa0,,,1.4781951904e-05
R730_U27,sa1,16,1,1.2207031250e-04
U1521_U2106_B,sa1,6,1,4.8065185547e-04
R785_U5_U1862_A,sa1,18,1,3.5476684570e-04
U1603_U1501_C,sa1,30,0,3.6218166351e-03
U1325_U1330_B,sa1,28,1,6.0791015625e-02
U1625_U1500_A,sa1,1,1,2.5000000000e-01
U1552_U2113_B,sa1,4,1,4.6875000000e-02
U1324_U1333_B,sa1,30,0,1.0936355591e-01
U1605_U2152_A,sa1,1,1,7.8125000000e-03
U1494_U2001_B,sa1,2,1,4.8828125000e-04
U1520_U1841_A,sa1,30,0,3.9070248604e-03
U1308_U1701_B,sa1,3,1,1.5625000000e-02
U1325_U1342_B,sa1,18,1,6.0791015625e-02
U1324_U1326_A,sa1,30,0,1.0083007845e-01
R785_U27,sa1,16,1,1.7738342285e-04
U1308_U1801_B,sa1,3,1,1.5625000000e-02
U1308_U1711_B,sa1,3,1,1.5625000000e-02
U1307_U1703_B,sa1,3,1,1.5625000000e-02
U1603_U1380_B,sa1,30,0,6.4086914063e-02
U1361_U1362_A,sa1,30,0,1.1658477783e-01
U1325_U1352_B,sa1,18,1,6.0791015625e-02
U1324_U1335_B,sa1,30,0,1.2009048462e-01
U1334_U1335_A,sa1,30,0,2.0509183407e-02
U1318_U2125_B,sa1,24,1,2.3071289063e-02
U1308_U1811_B,sa1,3,1,1.5625000000e-02
U1307_U1803_B,sa1,3,1,1.5625000000e-02
U1308_U1721_B,sa1,3,1,1.5625000000e-02
U1307_U1713_B,sa1,3,1,1.5625000000e-02
U1546_U1501_B,sa1,30,0,2.9187202454e-03
U1547_U1501_A,sa1,30,0,3.8738846779e-03
U1361_U1363_A,sa1,30,0,1.2568807602e-01
U1325_U1362_B,sa1,18,1,6.0791015625e-02
U1325_U1326_B,sa1,30,0,1.7169952393e-02
U1520_U2159_A,sa1,6,1,9.6130371094e-04
U1535_U2107_B,sa1,6,1,2.4032592773e-04
U1318_U2008_C,sa1,24,1,4.3258666992e-03
U1307_U1813_B,sa1,3,1,1.5625000000e-02
U1308_U1731_B,sa1,3,1,1.5625000000e-02
U1307_U1723_B,sa1,3,1,1.5625000000e-02
U1334_U1345_B,sa1,29,1,6.0791015625e-02
U1334_U1337_A,sa1,30,0,4.3575286865e-02
U1324_U1328_B,sa1,30,0,1.0083008069e-01
U1308_U1741_B,sa1,3,1,1.5625000000e-02
U1307_U1733_B,sa1,3,1,1.5625000000e-02
U1308_U1661_A,sa1,3,1,1.5625000000e-02
U1494_U1502_A,sa1,30,0,1.0894900560e-01
U1334_U1355_B,sa1,29,1,6.0791015625e-02
U1553_U2173_A,sa1,3,1,3.1250000000e-02
U1519_U2170_B,sa1,12,1,7.2097778320e-04
U1318_U2109_C,sa1,24,1,2.1629333496e-03
U1308_U1751_B,sa1,3,1,1.5625000000e-02
U1307_U1743_B,sa1,3,1,1.5625000000e-02
U1308_U1706_B,sa1,3,1,1.5625000000e-02
U1307_U1663_A,sa1,3,1,1.5625000000e-02
U1519_U1523_A,sa1,30,0,4.9138963223e-03
U1361_U1366_A,sa1,30,0,1.2227630615e-01
U1334_U1365_B,sa1,20,1,6.0791015625e-02
U1334_U1347_B,sa1,22,1,6.0791015625e-02
U1308_U1806_B,sa1,3,1,1.5625000000e-02
U1308_U1761_B,sa1,3,1,1.5625000000e-02
U1307_U1753_B,sa1,3,1,1.5625000000e-02
U1308_U1716_B,sa1,3,1,1.5625000000e-02
U1307_U1708_B,sa1,3,1,1.5625000000e-02
U1308_U1671_B,sa1,3,1,1.5625000000e-02
U1361_U1367_A,sa1,30,0,1.2247657776e-01
U1334_U1357_B,sa1,22,1,6.0791015625e-02
U1325_U1339_B,sa1,24,1,6.0791015625e-02
U1993_U1311_A,sa1,6,1,8.5937500000e-02
U1517_U1842_A,sa1,5,1,3.9062500000e-03
U1308_U1816_B,sa1,3,1,1.5625000000e-02
U1307_U1808_B,sa1,3,1,1.5625000000e-02
U1308_U1771_B,sa1,3,1,1.5625000000e-02
U1307_U1763_B,sa1,3,1,1.5625000000e-02
U1308_U1726_B,sa1,3,1,1.5625000000e-02
U1307_U1718_B,sa1,3,1,1.5625000000e-02
U1308_U1681_B,sa1,3,1,1.5625000000e-02
U1307_U1673_B,sa1,3,1,1.5625000000e-02
U1334_U1367_B,sa1,20,1,6.0791015625e-02
U1325_U1349_B,sa1,24,1,6.0791015625e-02
U1494_U1306_B,sa1,30,0,3.7985086441e-02
U1391_U2176_A,sa1,1,1,2.5000000000e-01
U1550_U1990_A,sa1,2,1,2.3437500000e-02
U1520_U1848_B,sa1,30,0,3.9069354534e-03
U1307_U1818_B,sa1,3,1,1.5625000000e-02
U1308_U1781_B,sa1,3,1,1.5625000000e-02
U1307_U1773_B,sa1,3,1,1.5625000000e-02
U1308_U1736_B,sa1,3,1,1.5625000000e-02
U1307_U1728_B,sa1,3,1,1.5625000000e-02
U1308_U1691_B,sa1,3,1,1.5625000000e-02
U1307_U1683_B,sa1,3,1,1.5625000000e-02
U1625_U1492_A,sa1,1,1,2.5000000000e-01
U1553_U1383_B,sa1,6,1,9.3750000000e-02
U1325_U1359_B,sa1,18,1,6.0791015625e-02
U1487_U1351_A,sa1,30,0,2.9296875000e-02
U1488_U1341_A,sa1,30,0,2.9296875000e-02
U1535_U2158_B,sa1,14,1,1.9226074219e-03
U1308_U1791_B,sa1,3,1,1.5625000000e-02
U1307_U1783_B,sa1,3,1,1.5625000000e-02
U1308_U1746_B,sa1,3,1,1.5625000000e-02
U1307_U1738_B,sa1,3,1,1.5625000000e-02
U1307_U1693_B,sa1,3,1,1.5625000000e-02
U1494_U1623_B,sa1,19,1,3.1616210938e-02
U1625_U1493_A,sa1,1,1,2.5000000000e-01
U1559_U2161_C,sa1,6,1,1.9226074219e-03
U1559_U2108_B,sa1,6,1,9.6130371094e-04
U1307_U1793_B,sa1,3,1,1.5625000000e-02
U1308_U1756_B,sa1,3,1,1.5625000000e-02
U1307_U1748_B,sa1,3,1,1.5625000000e-02
U1308_U1666_B,sa1,3,1,1.5625000000e-02
U1489_U1341_B,sa1,30,0,5.2734375000e-02
U1559_U2127_B,sa1,24,1,1.1535644531e-02
U1605_U1983_A,sa1,3,1,3.1250000000e-02
U1518_U1845_A,sa1,5,1,3.9062500000e-03
U1308_U1766_B,sa1,3,1,1.5625000000e-02
U1307_U1758_B,sa1,3,1,1.5625000000e-02
U1308_U1676_B,sa1,3,1,1.5625000000e-02
U1307_U1668_B,sa1,3,1,1.5625000000e-02
U1318_U1539_C,sa1,30,0,4.6708583832e-03
U1535_U1539_B,sa1,30,0,1.6985237598e-03
U1489_U1351_B,sa1,30,0,5.2734375000e-02
U1550_U1984_B,sa1,4,1,3.9062500000e-02
U1308_U1776_B,sa1,3,1,1.5625000000e-02
U1307_U1768_B,sa1,3,1,1.5625000000e-02
U1308_U1686_B,sa1,3,1,1.5625000000e-02
U1307_U1678_B,sa1,3,1,1.5625000000e-02
U1536_U1638_B,sa1,3,1,4.7683715820e-07
U1625_U1496_A,sa1,1,1,2.5000000000e-01
R730_U5_R730_U26_A,sa1,15,1,1.2159347534e-04
R730_U7_R730_U24_A,sa1,10,1,6.0558319092e-05
U1318_U1957_A,sa1,30,0,1.1352539063e-02
U1308_U1786_B,sa1,3,1,1.5625000000e-02
U1307_U1778_B,sa1,3,1,1.5625000000e-02
U1308_U1696_B,sa1,3,1,1.5625000000e-02
U1307_U1688_B,sa1,3,1,1.5625000000e-02
U1552_U1985_A,sa1,3,1,4.6875000000e-02
U1517_U1849_A,sa1,4,1,3.9062500000e-03
U1308_U1796_B,sa1,3,1,1.5625000000e-02
U1307_U1788_B,sa1,3,1,1.5625000000e-02
U1307_U1698_B,sa1,3,1,1.5625000000e-02
U1494_U1538_B,sa1,7,1,1.5625000000e-02
U1546_U1378_B,sa1,30,0,6.5917968750e-02
U1487_U1348_A,sa1,30,0,2.5398254395e-02
U1488_U1338_A,sa1,30,0,2.5398254395e-02
U1605_U1987_A,sa1,1,1,7.8125000000e-03
U1550_U1986_C,sa1,2,1,2.3437500000e-02
U1519_U1848_A,sa1,30,0,3.9069354534e-03
U1307_U1798_B,sa1,3,1,1.5625000000e-02
U1487_U1358_A,sa1,30,0,2.9296875000e-02
U1489_U1329_A,sa1,30,0,4.1748046875e-02
U1559_U1961_B,sa1,30,0,5.6762695313e-03
U1518_U1849_B,sa1,4,1,3.9062500000e-03
U1547_U1379_B,sa1,30,0,8.1604003906e-02
U1993_U1555_B,sa1,7,1,3.9062500000e-02
U1488_U1358_B,sa1,30,0,2.9296875000e-02
U1494_U1497_B,sa1,30,0,7.7375292778e-02
R785_U5_R785_U26_A,sa1,16,1,1.7738342285e-04
R785_U7_R785_U24_A,sa1,14,1,8.8691711426e-05
U2120,sa1,30,0,9.5367431641e-06
U2121,sa1,30,0,1.0967254639e-05
U2122,sa1,30,0,1.0967254639e-05
U2123,sa1,30,0,1.0967254639e-05
U2114,sa1,30,0,1.0967254639e-05
U1332,sa0,30,0,1.5039062500e-01
U1490,sa0,,,1.5039062500e-01
ADDRESS_REG_2__SCAN_IN_U1490_A,sa1,,,1.5039062500e-01
ADDRESS_REG_0__SCAN_IN_U1332_B,sa0,,,1.5039062500e-01
U2160,sa1,16,1,1.1535644531e-02
U2115,sa1,30,0,1.0967254639e-05
U1332,sa1,60,0,1.2304687500e-01
U2116,sa1,30,0,9.7751617432e-06
U2117,sa1,30,0,1.0967254639e-05
U2118,sa1,30,0,9.5367431641e-06
U1327,sa0,30,0,1.3476562500e-01
U1491,sa0,,,1.3476562500e-01
ADDRESS_REG_0__SCAN_IN_U1491_A,sa1,,,1.3476562500e-01
ADDRESS_REG_2__SCAN_IN_U1327_B,sa0,,,1.3476562500e-01
U1391,sa0,1,1,5.0000000000e-01
U2119,sa1,30,0,1.0967254639e-05
U1327,sa1,60,0,1.1584472656e-01
U1391,sa1,1,1,5.0000000000e-01
U2174,sa1,4,1,6.2500000000e-02
U2177,sa1,1,1,2.5000000000e-01
U1884,sa0,19,1,9.6130371094e-03
K_2__U1884_A,sa0,,,9.6130371094e-03
U1558,sa0,,,9.6130371094e-03
K_1__U1558_A,sa1,,,9.6130371094e-03
U1884,sa1,13,1,3.8452148438e-03
R730_U5_U1880_A,sa1,24,1,2.4366378784e-04
R730_U26,sa1,16,1,1.2207031250e-04
R730_U17,sa1,30,0,2.6369094849e-04
R730_U7_R730_U17_A,sa0,,,2.6369094849e-04
U1332_U1333_A,sa1,30,0,2.0509183407e-02
R785_U24,sa1,28,1,2.6607513428e-04
R785_U17,sa0,30,0,1.6069412231e-04
R785_U7_R785_U17_A,sa1,,,1.6069412231e-04
R785_U26,sa1,16,1,1.7738342285e-04
R785_U17,sa1,30,0,2.5224685669e-04
R785_U7_R785_U17_A,sa0,,,2.5224685669e-04
U1332_U1344_B,sa1,30,0,5.0537109375e-02
U1327_U1340_B,sa1,30,1,6.0791015625e-02
U1332_U1336_A,sa1,30,0,2.8331756592e-02
U1327_U1331_B,sa1,30,0,5.0310462713e-02
U1332_U1354_B,sa1,30,0,5.0537109375e-02
U1327_U1350_B,sa1,30,1,6.0791015625e-02
U1332_U1364_B,sa1,22,1,6.0791015625e-02
U1327_U1360_B,sa1,21,1,6.0791015625e-02
U1332_U1346_B,sa1,26,1,6.0791015625e-02
U1332_U1356_B,sa1,26,1,6.0791015625e-02
U1327_U1343_B,sa1,21,1,6.0791015625e-02
U1332_U1366_B,sa1,22,1,6.0791015625e-02
U1327_U1353_B,sa1,21,1,6.0791015625e-02
U1327_U1363_B,sa1,18,1,6.0791015625e-02
U1327_U1328_A,sa1,30,0,2.0509183407e-02
U1884_U2127_A,sa1,12,1,3.8452148438e-03
U1884_U1961_A,sa1,18,1,1.9226074219e-03
U1500,sa0,30,0,6.8791198730e-01
U1625_U1500_A,sa0,,,6.8791198730e-01
GAMMA_REG_2__SCAN_IN,sa0,,,6.8791198730e-01
U1501,sa0,30,0,1.1624145508e-01
U1547_U1501_A,sa0,,,1.1624145508e-01
U1546_U1501_B,sa0,,,1.1624145508e-01
U1603_U1501_C,sa0,,,1.1624145508e-01
U1578,sa0,,,1.1624145508e-01
U1500,sa1,30,0,1.4572143555e-01
U1501,sa1,30,0,2.7399063110e-03
U2113,sa1,7,1,1.3281250000e-01
U1341,sa0,16,1,1.0546875000e-01
U1488_U1341_A,sa0,,,1.0546875000e-01
U1489_U1341_B,sa0,,,1.0546875000e-01
ADDRESS_REG_4__SCAN_IN_U1341_C,sa0,,,1.0546875000e-01
U2106,sa1,12,1,1.4419555664e-03
U1351,sa0,16,1,1.0546875000e-01
U1487_U1351_A,sa0,,,1.0546875000e-01
U1489_U1351_B,sa0,,,1.0546875000e-01
ADDRESS_REG_3__SCAN_IN_U1351_C,sa0,,,1.0546875000e-01
U1341,sa1,90,0,1.1181640625e-01
U2107,sa1,6,1,2.4032592773e-04
U2152,sa1,2,1,1.5625000000e-02
U1523,sa0,30,0,1.4740392566e-02
U1519_U1523_A,sa0,,,1.4740392566e-02
DATA_OUT_REG_0__SCAN_IN_U1523_B,sa0,,,1.4740392566e-02
U1351,sa1,90,0,1.1181640625e-01
U2108,sa1,6,1,9.6130371094e-04
U1523,sa1,30,0,4.8529207706e-03
U1362,sa0,4,1,2.6367187500e-02
U1361_U1362_A,sa0,,,2.6367187500e-02
U1325_U1362_B,sa0,,,2.6367187500e-02
U1335,sa0,4,1,2.6367187500e-02
U1334_U1335_A,sa0,,,2.6367187500e-02
U1324_U1335_B,sa0,,,2.6367187500e-02
U1326,sa0,4,1,2.6367187500e-02
U1324_U1326_A,sa0,,,2.6367187500e-02
U1325_U1326_B,sa0,,,2.6367187500e-02
U1362,sa1,48,0,1.7737579346e-01
U1335,sa1,60,0,1.4059966803e-01
U1326,sa1,60,0,1.1800003084e-01
U2173,sa1,3,1,4.6875000000e-02
U1338,sa0,16,1,1.0546875000e-01
U1488_U1338_A,sa0,,,1.0546875000e-01
ADDRESS_REG_4__SCAN_IN_U1338_B,sa0,,,1.0546875000e-01
ADDRESS_REG_1__SCAN_IN_U1338_C,sa0,,,1.0546875000e-01
U1329,sa0,16,1,1.0546875000e-01
U1489_U1329_A,sa0,,,1.0546875000e-01
ADDRESS_REG_4__SCAN_IN_U1329_B,sa0,,,1.0546875000e-01
ADDRESS_REG_3__SCAN_IN_U1329_C,sa0,,,1.0546875000e-01
U1348,sa0,16,1,1.0546875000e-01
U1487_U1348_A,sa0,,,1.0546875000e-01
ADDRESS_REG_3__SCAN_IN_U1348_B,sa0,,,1.0546875000e-01
ADDRESS_REG_1__SCAN_IN_U1348_C,sa0,,,1.0546875000e-01
U1338,sa1,90,0,1.0742950439e-01
U1329,sa1,90,0,1.0034179688e-01
U1492,sa0,30,0,7.4999904633e-01
U1625_U1492_A,sa0,,,7.4999904633e-01
GAMMA_REG_4__SCAN_IN,sa0,,,7.4999904633e-01
U2176,sa1,1,1,2.5000000000e-01
U1367,sa0,4,1,2.6367187500e-02
U1361_U1367_A,sa0,,,2.6367187500e-02
U1334_U1367_B,sa0,,,2.6367187500e-02
U1358,sa0,16,1,1.0546875000e-01
U1487_U1358_A,sa0,,,1.0546875000e-01
U1488_U1358_B,sa0,,,1.0546875000e-01
ADDRESS_REG_1__SCAN_IN_U1358_C,sa0,,,1.0546875000e-01
U1348,sa1,90,0,1.0742950439e-01
U1493,sa0,30,0,7.3120117188e-01
U1625_U1493_A,sa0,,,7.3120117188e-01
GAMMA_REG_3__SCAN_IN,sa0,,,7.3120117188e-01
U1492,sa1,30,0,2.4999970198e-01
U2159,sa1,6,1,9.6130371094e-04
U1539,sa0,30,0,1.8257223070e-02
U1557,sa0,,,1.8257223070e-02
K_3__U1557_A,sa1,,,1.8257223070e-02
U1535_U1539_B,sa0,,,1.8257223070e-02
U1318_U1539_C,sa0,,,1.8257223070e-02
U1367,sa1,50,0,1.8326759338e-01
U1358,sa1,90,0,1.1132812500e-01
U1493,sa1,30,0,2.3071289063e-01
U1864,sa0,1,1,2.3841857910e-07
U1536_U1864_A,sa1,,,2.3841857910e-07
U1539,sa1,30,0,1.7689466476e-03
U1819,sa0,30,0,1.3024902344e-01
U1494_U1819_A,sa1,,,1.3024902344e-01
U1837,sa1,30,0,1.1720299721e-02
U1521_U1837_A,sa0,,,1.1720299721e-02
U1864,sa1,30,0,7.1525573730e-06
U1536_U1864_A,sa0,,,7.1525573730e-06
U1576,sa1,120,0,4.1246414185e-05
U1496,sa0,30,0,6.8750000000e-01
U1625_U1496_A,sa0,,,6.8750000000e-01
GAMMA_REG_1__SCAN_IN,sa0,,,6.8750000000e-01
U1819,sa1,30,0,6.7795038223e-02
U1494_U1819_A,sa0,,,6.7795038223e-02
U1983,sa0,7,1,9.3750000000e-02
U1605_U1983_A,sa0,,,9.3750000000e-02
SOUND_REG_2__SCAN_IN_U1983_B,sa0,,,9.3750000000e-02
U1577,sa1,120,0,4.2438507080e-05
U1496,sa1,30,0,1.8786621094e-01
U1983,sa1,3,1,3.1250000000e-02
U1987,sa1,1,1,7.8125000000e-03
R730_U24,sa1,26,1,1.8310546875e-04
R730_U17,sa0,26,1,1.2159347534e-04
R730_U7_R730_U17_A,sa1,,,1.2159347534e-04
U1500_U2030_B,sa1,16,1,1.5617370605e-02
U1500_U1320_B,sa1,17,1,1.5861511230e-02
U1501_U2112_B,sa1,30,0,4.9495697021e-04
U1500_U2014_B,sa1,1,1,1.5625000000e-02
U1501_U1600_B,sa1,30,0,4.4250488281e-04
U1501_U2132_B,sa1,1,1,1.2207031250e-04
U1501_U2024_B,sa1,4,1,7.3242187500e-04
U1500_U1504_A,sa1,30,0,1.9947052002e-02
U1362_U2040_A,sa1,30,0,1.7993351631e-01
U1500_U2027_B,sa1,6,1,1.5380859375e-02
U1500_U1640_B,sa1,1,1,4.8828125000e-04
R785_U14,sa1,30,0,3.5095214844e-04
U1341_U1342_A,sa1,30,0,1.0781860352e-01
U1501_U2172_B,sa1,30,0,9.8824501038e-04
U1500_U2155_B,sa1,4,1,1.5625238419e-02
U1501_U2028_B,sa1,1,1,2.4414062500e-04
U1500_U1606_B,sa1,30,0,1.5072822571e-02
U1500_U1534_B,sa1,30,0,1.9397854805e-02
U1341_U1343_A,sa1,30,0,1.2312316895e-01
U1335_U2061_A,sa1,30,0,1.6408890992e-01
U1351_U1352_A,sa1,30,0,1.0839843750e-01
U1523_U2161_B,sa1,6,1,1.9226074219e-03
U1493_U2110_B,sa1,10,1,1.5136718750e-02
U1351_U1353_A,sa1,30,0,1.2311363220e-01
U1329_U1330_A,sa1,30,0,1.0601806641e-01
U1362_U2072_A,sa1,30,0,1.4939045697e-01
U1500_U1636_B,sa1,30,0,7.1525573730e-06
U1341_U1346_A,sa1,30,0,1.3452148438e-01
U1338_U1340_A,sa1,30,0,1.2793046981e-01
U1329_U1331_A,sa1,30,0,1.1871910095e-01
U1492_U1312_A,sa1,30,0,3.5453319550e-02
U1864_U2111_A,sa1,30,0,7.1525573730e-06
U1492_U2005_B,sa1,30,0,1.4617919922e-02
U1493_U2004_B,sa1,4,1,7.3242187500e-04
U1501_U1915_B,sa1,30,0,5.8184564114e-04
U1501_U1645_B,sa1,8,1,3.4332275391e-04
U1341_U1347_A,sa1,30,0,1.3818359375e-01
U1539_U1600_A,sa1,30,0,1.7890930176e-03
U1351_U1356_A,sa1,30,0,1.2323001027e-01
U1348_U1350_A,sa1,30,0,1.2793046981e-01
U1493_U1312_B,sa1,30,0,3.7445068359e-02
U1492_U2132_C,sa1,6,1,1.5380859375e-02
U1335_U2093_A,sa1,30,0,1.2947460738e-01
U1326_U2066_A,sa1,30,0,1.3282604914e-01
U1501_U1925_C,sa1,24,1,6.7138671875e-04
U1351_U1357_A,sa1,30,0,1.2967681885e-01
U1493_U2133_B,sa1,16,1,4.6875000000e-02
U1367_U2035_A,sa1,30,0,1.8762396090e-01
U1501_U1918_B,sa1,15,1,1.2207031250e-03
U1492_U1900_B,sa1,8,1,1.5625000000e-02
U1326_U1661_B,sa1,5,1,1.2109375000e-01
U1492_U1504_B,sa1,30,0,5.4670453072e-02
U1493_U1503_B,sa1,30,0,4.2276155204e-02
U1358_U1360_A,sa1,30,0,1.1240386963e-01
U1338_U1344_A,sa1,30,0,1.3330107927e-01
U1338_U1345_A,sa1,30,0,1.3333892822e-01
U1496_U1321_B,sa1,30,0,2.5390625000e-02
U1493_U1821_A,sa1,27,1,1.1823177338e-03
U1326_U1663_B,sa1,5,1,1.2109375000e-01
U1819_U1531_A,sa1,30,0,9.2697143555e-04
U1819_U1530_B,sa1,14,1,6.3476562500e-02
U1496_U1502_B,sa1,30,0,4.7487378120e-02
U1500_U1499_A,sa1,30,0,5.4218769073e-02
U1348_U1354_A,sa1,30,0,1.3330107927e-01
U1329_U1336_B,sa1,30,0,1.3455009460e-01
U1819_U1305_B,sa1,30,0,1.4786481857e-02
U1539_U1910_B,sa1,7,1,4.2724609375e-04
U1362_U1791_A,sa1,5,1,1.2109375000e-01
U1348_U1355_A,sa1,30,0,1.3330331443e-01
U1329_U1337_B,sa1,30,0,1.3818359375e-01
U1496_U2134_B,sa1,1,1,1.2207031250e-04
U1326_U2098_A,sa1,30,0,1.3282346493e-01
U1367_U1814_A,sa1,20,1,3.6328125000e-01
U1335_U1684_A,sa1,20,1,3.6328125000e-01
U1496_U1531_B,sa1,30,0,2.2873163223e-02
U1358_U1364_A,sa1,30,0,1.2197685242e-01
U1338_U1339_A,sa1,30,0,1.2304687500e-01
U1367_U2067_A,sa1,30,0,1.7987295706e-01
U1493_U1913_B,sa1,30,0,1.7444610596e-02
U1492_U1905_B,sa1,8,1,1.5625000000e-02
U1501_U1896_B,sa1,16,1,7.1716308594e-04
U1362_U1793_A,sa1,5,1,1.2109375000e-01
U1358_U1365_A,sa1,30,0,1.2561046332e-01
U1493_U1960_A,sa1,30,0,1.1078000069e-02
U1819_U1913_A,sa1,30,0,1.7173767090e-02
U1500_U1898_B,sa1,18,1,4.6142578125e-02
U1367_U1816_A,sa1,5,1,1.2109375000e-01
U1335_U1686_A,sa1,5,1,1.2109375000e-01
U1326_U1659_A,sa1,20,1,3.6328125000e-01
U1819_U1525_B,sa1,10,1,3.1490325928e-02
U1348_U1349_A,sa1,30,0,1.2597656250e-01
U1492_U1384_C,sa1,26,1,2.4951148033e-01
U1501_U1898_C,sa1,30,0,4.8041343689e-04
U1367_U1818_A,sa1,5,1,1.2109375000e-01
U1335_U1688_A,sa1,5,1,1.2109375000e-01
U1358_U1359_A,sa1,30,0,9.3582153320e-02
U1492_U1963_B,sa1,25,1,3.0273437500e-02
U1864_U1637_A,sa1,30,0,7.1525573730e-06
U1492_U1549_B,sa1,27,1,2.7336120605e-02
U1864_U1951_C,sa1,30,0,3.0458904803e-06
U1492_U1829_B,sa1,24,1,1.4419555664e-02
U1362_U1789_A,sa1,20,1,3.6328125000e-01
U1819_U1639_A,sa1,21,1,9.4604492188e-04
R730_U17_R730_U9_A,sa1,30,0,1.7976760864e-04
U1539_U1928_B,sa1,17,1,6.6757202148e-04
U1496_U1908_B,sa1,19,1,1.3671875000e-02
U1496_U1647_B,sa1,30,0,1.1138916016e-02
U1496_U1629_B,sa1,2,1,1.2207031250e-04
U1983_U1990_B,sa1,2,1,2.3437500000e-02
U1493_U1499_B,sa1,30,0,1.5254974365e-02
U1983_U1984_A,sa1,1,1,7.8125000000e-03
U1493_U1997_B,sa1,2,1,1.2207031250e-04
U1819_U1898_A,sa1,30,0,2.9056549072e-02
U1496_U1899_B,sa1,7,1,1.5869140625e-02
R785_U17_R785_U9_A,sa1,30,0,2.0503997803e-04
U1333,sa0,4,1,2.6367187500e-02
U1332_U1333_A,sa0,,,2.6367187500e-02
U1324_U1333_B,sa0,,,2.6367187500e-02
U1333,sa1,60,0,1.2987273932e-01
U1515,sa0,30,0,8.4662437439e-04
U2115,sa0,,,8.4662437439e-04
U1509,sa0,,,8.4662437439e-04
SCAN_REG_2__SCAN_IN_U1509_A,sa1,,,8.4662437439e-04
MAX_REG_2__SCAN_IN_U2115_B,sa0,,,8.4662437439e-04
U2114,sa0,,,8.4662437439e-04
U1510,sa0,,,8.4662437439e-04
MAX_REG_2__SCAN_IN_U1510_A,sa1,,,8.4662437439e-04
SCAN_REG_2__SCAN_IN_U2114_B,sa0,,,8.4662437439e-04
U1576,sa0,,,8.4662437439e-04
U2119,sa0,,,8.4662437439e-04
U1507,sa0,,,8.4662437439e-04
SCAN_REG_1__SCAN_IN_U1507_A,sa1,,,8.4662437439e-04
MAX_REG_1__SCAN_IN_U2119_B,sa0,,,8.4662437439e-04
U2118,sa0,,,8.4662437439e-04
U1508,sa0,,,8.4662437439e-04
MAX_REG_1__SCAN_IN_U1508_A,sa1,,,8.4662437439e-04
SCAN_REG_1__SCAN_IN_U2118_B,sa0,,,8.4662437439e-04
U2117,sa0,,,8.4662437439e-04
U1505,sa0,,,8.4662437439e-04
SCAN_REG_0__SCAN_IN_U1505_A,sa1,,,8.4662437439e-04
MAX_REG_0__SCAN_IN_U2117_B,sa0,,,8.4662437439e-04
U2116,sa0,,,8.4662437439e-04
U1506,sa0,,,8.4662437439e-04
MAX_REG_0__SCAN_IN_U1506_A,sa1,,,8.4662437439e-04
SCAN_REG_0__SCAN_IN_U2116_B,sa0,,,8.4662437439e-04
U1577,sa0,,,8.4662437439e-04
U2123,sa0,,,8.4662437439e-04
U1513,sa0,,,8.4662437439e-04
SCAN_REG_4__SCAN_IN_U1513_A,sa1,,,8.4662437439e-04
MAX_REG_4__SCAN_IN_U2123_B,sa0,,,8.4662437439e-04
U2122,sa0,,,8.4662437439e-04
U1514,sa0,,,8.4662437439e-04
MAX_REG_4__SCAN_IN_U1514_A,sa1,,,8.4662437439e-04
SCAN_REG_4__SCAN_IN_U2122_B,sa0,,,8.4662437439e-04
U2121,sa0,,,8.4662437439e-04
U1511,sa0,,,8.4662437439e-04
SCAN_REG_3__SCAN_IN_U1511_A,sa1,,,8.4662437439e-04
MAX_REG_3__SCAN_IN_U2121_B,sa0,,,8.4662437439e-04
U2120,sa0,,,8.4662437439e-04
U1512,sa0,,,8.4662437439e-04
MAX_REG_3__SCAN_IN_U1512_A,sa1,,,8.4662437439e-04
SCAN_REG_3__SCAN_IN_U2120_B,sa0,,,8.4662437439e-04
U1363,sa0,4,1,2.6367187500e-02
U1361_U1363_A,sa0,,,2.6367187500e-02
U1327_U1363_B,sa0,,,2.6367187500e-02
U1515,sa1,30,0,7.6293945313e-06
U1363,sa1,48,0,1.8647909164e-01
U1328,sa0,4,1,2.6367187500e-02
U1327_U1328_A,sa0,,,2.6367187500e-02
U1324_U1328_B,sa0,,,2.6367187500e-02
U2165,sa1,12,1,2.8839111328e-03
U1563,sa0,2,1,5.0000000000e-01
U2177,sa0,,,5.0000000000e-01
U1609,sa0,,,5.0000000000e-01
COUNT_REG_1__SCAN_IN_U1609_A,sa1,,,5.0000000000e-01
COUNT_REG_0__SCAN_IN_U2177_B,sa0,,,5.0000000000e-01
U2176,sa0,,,5.0000000000e-01
U1391_U2176_A,sa0,,,5.0000000000e-01
COUNT_REG_1__SCAN_IN_U2176_B,sa0,,,5.0000000000e-01
U1328,sa1,60,0,1.2133926409e-01
U1563,sa1,2,1,5.0000000000e-01
U2175,sa1,8,1,1.0156250000e-01
U1366,sa0,4,1,2.6367187500e-02
U1361_U1366_A,sa0,,,2.6367187500e-02
U1332_U1366_B,sa0,,,2.6367187500e-02
U2158,sa1,12,1,2.4032592773e-03
U1366,sa1,52,0,1.8306732178e-01
R730_U17_R730_U25_A,sa1,26,1,1.8310546875e-04
U2168,sa1,12,1,7.2097778320e-04
U1986,sa1,3,1,3.1250000000e-02
R785_U17_R785_U25_A,sa1,30,1,2.6607513428e-04
R730_U14,sa1,30,0,2.4318695068e-04
U1333_U2062_A,sa1,30,0,1.4845034340e-01
R785_U25,sa1,14,1,8.8691711426e-05
U1515_U2025_B,sa1,30,0,7.1525573730e-06
U1363_U2071_A,sa1,30,0,1.5724635503e-01
U1515_U1316_B,sa1,30,0,7.1525573730e-06
U1333_U2094_A,sa1,30,0,1.4454409009e-01
U1515_U1641_B,sa1,30,0,1.0967254639e-05
U1333_U1681_A,sa1,5,1,1.2109375000e-01
U1328_U2065_A,sa1,30,0,1.4844938272e-01
U1363_U2039_A,sa1,30,0,1.7999477318e-01
U1366_U2036_A,sa1,30,0,1.7999477318e-01
U1366_U1811_A,sa1,5,1,1.2109375000e-01
U1333_U1683_A,sa1,5,1,1.2109375000e-01
U1366_U1813_A,sa1,5,1,1.2109375000e-01
U1328_U1664_A,sa1,20,1,3.6328125000e-01
U1328_U2097_A,sa1,30,0,1.3331376651e-01
U1366_U2068_A,sa1,30,0,1.5724540752e-01
U1333_U1679_A,sa1,20,1,3.6328125000e-01
U1328_U1666_A,sa1,5,1,1.2109375000e-01
U1366_U1809_A,sa1,20,1,3.6328125000e-01
U1363_U1794_A,sa1,20,1,3.6328125000e-01
U1515_U1867_B,sa1,30,0,1.4305114746e-05
U1328_U1668_A,sa1,5,1,1.2109375000e-01
U1363_U1796_A,sa1,5,1,1.2109375000e-01
U1363_U1798_A,sa1,5,1,1.2109375000e-01
R730_U9,sa0,30,0,3.6144256592e-04
R730_U17_R730_U9_A,sa0,,,3.6144256592e-04
MAX_REG_2__SCAN_IN_R730_U9_B,sa0,,,3.6144256592e-04
R730_U9,sa1,15,1,6.0558319092e-05
R785_U9,sa0,30,0,3.0541419983e-04
R785_U17_R785_U9_A,sa0,,,3.0541419983e-04
SCAN_REG_2__SCAN_IN_R785_U9_B,sa0,,,3.0541419983e-04
R785_U9,sa1,24,1,8.8691711426e-05
U2040,sa1,30,0,1.1718750000e-02
U1330,sa0,4,1,2.6367187500e-02
U1329_U1330_A,sa0,,,2.6367187500e-02
U1325_U1330_B,sa0,,,2.6367187500e-02
U1312,sa0,30,0,3.2006859779e-01
U1492_U1312_A,sa0,,,3.2006859779e-01
U1493_U1312_B,sa0,,,3.2006859779e-01
U1502,sa0,30,0,8.9333295822e-02
U1494_U1502_A,sa0,,,8.9333295822e-02
U1496_U1502_B,sa0,,,8.9333295822e-02
U1340,sa0,4,1,2.6367187500e-02
U1338_U1340_A,sa0,,,2.6367187500e-02
U1327_U1340_B,sa0,,,2.6367187500e-02
U1331,sa0,4,1,2.6367187500e-02
U1329_U1331_A,sa0,,,2.6367187500e-02
U1327_U1331_B,sa0,,,2.6367187500e-02
U1330,sa1,58,0,1.6680908203e-01
U1312,sa1,60,0,7.2898387909e-02
U1502,sa1,30,0,6.0218340158e-01
U1350,sa0,4,1,2.6367187500e-02
U1348_U1350_A,sa0,,,2.6367187500e-02
U1327_U1350_B,sa0,,,2.6367187500e-02
U1340,sa1,60,0,1.8872148544e-01
U1331,sa1,60,0,1.6902956367e-01
U1611,sa0,30,0,2.2520452738e-01
U1493_U1611_A,sa1,,,2.2520452738e-01
U2061,sa1,30,0,1.9588470459e-03
U1531,sa0,30,0,3.8779973984e-02
U1819_U1531_A,sa0,,,3.8779973984e-02
U1496_U1531_B,sa0,,,3.8779973984e-02
U1504,sa0,30,0,4.6019554138e-02
U1500_U1504_A,sa0,,,4.6019554138e-02
U1492_U1504_B,sa0,,,4.6019554138e-02
U1360,sa0,4,1,2.6367187500e-02
U1358_U1360_A,sa0,,,2.6367187500e-02
U1327_U1360_B,sa0,,,2.6367187500e-02
U1350,sa1,60,0,1.8872148544e-01
U1342,sa0,4,1,2.6367187500e-02
U1341_U1342_A,sa0,,,2.6367187500e-02
U1325_U1342_B,sa0,,,2.6367187500e-02
U1611,sa1,30,0,7.4736028910e-01
U1493_U1611_A,sa0,,,7.4736028910e-01
U2161,sa1,12,1,5.7678222656e-03
U2008,sa1,24,1,4.3258666992e-03
U2035,sa1,30,0,1.4648437500e-02
U1531,sa1,27,1,6.2740325928e-02
U1504,sa1,30,0,4.9731445313e-01
U1360,sa1,51,0,1.7319488525e-01
U1352,sa0,4,1,2.6367187500e-02
U1351_U1352_A,sa0,,,2.6367187500e-02
U1325_U1352_B,sa0,,,2.6367187500e-02
U1343,sa0,4,1,2.6367187500e-02
U1341_U1343_A,sa0,,,2.6367187500e-02
U1327_U1343_B,sa0,,,2.6367187500e-02
U1342,sa1,48,0,1.6860961914e-01
U1622,sa0,30,0,1.4263391495e-03
U1501_U1622_A,sa1,,,1.4263391495e-03
U2072,sa1,30,0,1.1718750000e-02
U1353,sa0,4,1,2.6367187500e-02
U1351_U1353_A,sa0,,,2.6367187500e-02
U1327_U1353_B,sa0,,,2.6367187500e-02
U1352,sa1,48,0,1.6918945313e-01
U1344,sa0,4,1,2.6367187500e-02
U1338_U1344_A,sa0,,,2.6367187500e-02
U1332_U1344_B,sa0,,,2.6367187500e-02
U1343,sa1,51,0,1.8391418457e-01
U1614,sa0,30,0,1.7076015472e-02
U1492_U1614_A,sa1,,,1.7076015472e-02
U1622,sa1,30,0,8.4344744682e-02
U1501_U1622_A,sa0,,,8.4344744682e-02
U2109,sa1,12,1,7.2097778320e-04
U1354,sa0,4,1,2.6367187500e-02
U1348_U1354_A,sa0,,,2.6367187500e-02
U1332_U1354_B,sa0,,,2.6367187500e-02
U1353,sa1,51,0,1.8390464783e-01
U1345,sa0,4,1,2.6367187500e-02
U1338_U1345_A,sa0,,,2.6367187500e-02
U1334_U1345_B,sa0,,,2.6367187500e-02
U1344,sa1,60,0,1.8383818865e-01
U1336,sa0,4,1,2.6367187500e-02
U1332_U1336_A,sa0,,,2.6367187500e-02
U1329_U1336_B,sa0,,,2.6367187500e-02
U1614,sa1,30,0,5.4293823242e-01
U1492_U1614_A,sa0,,,5.4293823242e-01
U1814,sa0,24,1,7.3828125000e-01
U1367_U1814_A,sa0,,,7.3828125000e-01
WR_REG_SCAN_IN_U1814_B,sa0,,,7.3828125000e-01
U1364,sa0,4,1,2.6367187500e-02
U1358_U1364_A,sa0,,,2.6367187500e-02
U1332_U1364_B,sa0,,,2.6367187500e-02
U1355,sa0,4,1,2.6367187500e-02
U1348_U1355_A,sa0,,,2.6367187500e-02
U1334_U1355_B,sa0,,,2.6367187500e-02
U1354,sa1,60,0,1.8383818865e-01
U1346,sa0,4,1,2.6367187500e-02
U1341_U1346_A,sa0,,,2.6367187500e-02
U1332_U1346_B,sa0,,,2.6367187500e-02
U1345,sa1,59,0,1.9412994385e-01
U1337,sa0,4,1,2.6367187500e-02
U1334_U1337_A,sa0,,,2.6367187500e-02
U1329_U1337_B,sa0,,,2.6367187500e-02
U1336,sa1,60,0,1.6288185120e-01
U1616,sa0,30,0,2.1850621700e-01
U1500_U1616_A,sa1,,,2.1850621700e-01
U1913,sa1,12,1,1.4404296875e-02
U1814,sa1,2,1,6.8359375000e-03
U2093,sa1,30,0,1.9588470459e-03
U2066,sa1,30,0,3.3178366721e-09
U1661,sa1,2,1,7.8125000000e-03
U1365,sa0,4,1,2.6367187500e-02
U1358_U1365_A,sa0,,,2.6367187500e-02
U1334_U1365_B,sa0,,,2.6367187500e-02
U1364,sa1,52,0,1.8276786804e-01
U1356,sa0,4,1,2.6367187500e-02
U1351_U1356_A,sa0,,,2.6367187500e-02
U1332_U1356_B,sa0,,,2.6367187500e-02
U1355,sa1,59,0,1.9409433005e-01
U1347,sa0,4,1,2.6367187500e-02
U1341_U1347_A,sa0,,,2.6367187500e-02
U1334_U1347_B,sa0,,,2.6367187500e-02
U1346,sa1,56,0,1.9531250000e-01
U1337,sa1,60,0,1.8175888062e-01
U1616,sa1,30,0,7.0025658607e-01
U1500_U1616_A,sa0,,,7.0025658607e-01
U2166,sa1,12,1,2.8839111328e-03
U2067,sa1,30,0,1.4648437500e-02
U1618,sa0,30,0,2.3840355873e-01
U1496_U1618_A,sa1,,,2.3840355873e-01
U1365,sa1,50,0,1.8640147895e-01
U1357,sa0,4,1,2.6367187500e-02
U1351_U1357_A,sa0,,,2.6367187500e-02
U1334_U1357_B,sa0,,,2.6367187500e-02
U1356,sa1,56,0,1.8402102590e-01
U1347,sa1,52,0,1.9897460938e-01
U1339,sa0,4,1,2.6367187500e-02
U1338_U1339_A,sa0,,,2.6367187500e-02
U1325_U1339_B,sa0,,,2.6367187500e-02
U1960,sa1,2,1,1.5625000000e-02
U1618,sa1,30,0,6.8750000000e-01
U1496_U1618_A,sa0,,,6.8750000000e-01
U1663,sa1,2,1,7.8125000000e-03
U1816,sa1,2,1,7.8125000000e-03
U1357,sa1,52,0,1.9046783447e-01
U1349,sa0,4,1,2.6367187500e-02
U1348_U1349_A,sa0,,,2.6367187500e-02
U1325_U1349_B,sa0,,,2.6367187500e-02
U1339,sa1,54,0,1.8383789063e-01
U1844,sa1,30,0,1.1872202158e-02
U1523_U1844_A,sa0,,,1.1872202158e-02
U1359,sa0,4,1,2.6367187500e-02
U1358_U1359_A,sa0,,,2.6367187500e-02
U1325_U1359_B,sa0,,,2.6367187500e-02
U1349,sa1,54,0,1.8676757813e-01
U1882,sa0,30,1,9.4604492188e-04
U1539_U1882_A,sa1,,,9.4604492188e-04
U1684,sa0,24,1,7.3828125000e-01
U1335_U1684_A,sa0,,,7.3828125000e-01
WR_REG_SCAN_IN_U1684_B,sa0,,,7.3828125000e-01
U1791,sa1,2,1,7.8125000000e-03
U1818,sa1,2,1,7.8125000000e-03
U1359,sa1,48,0,1.5437316895e-01
U1882,sa1,30,0,6.2313079834e-03
U1539_U1882_A,sa0,,,6.2313079834e-03
U1684,sa1,2,1,6.8359375000e-03
U2098,sa1,30,0,3.3178366721e-09
U1990,sa1,4,1,7.0312500000e-02
U1659,sa0,24,1,7.3828125000e-01
U1326_U1659_A,sa0,,,7.3828125000e-01
WR_REG_SCAN_IN_U1659_B,sa0,,,7.3828125000e-01
U1793,sa1,2,1,7.8125000000e-03
U1659,sa1,2,1,6.8359375000e-03
U1686,sa1,2,1,7.8125000000e-03
U1984,sa1,3,1,2.3437500000e-02
U1499,sa0,30,0,3.6343574524e-02
U1500_U1499_A,sa0,,,3.6343574524e-02
U1493_U1499_B,sa0,,,3.6343574524e-02
U1499,sa1,30,0,4.8675537109e-02
U1688,sa1,2,1,7.8125000000e-03
U1789,sa0,24,1,7.3828125000e-01
U1362_U1789_A,sa0,,,7.3828125000e-01
WR_REG_SCAN_IN_U1789_B,sa0,,,7.3828125000e-01
U1789,sa1,2,1,6.8359375000e-03
U1988,sa1,6,1,5.4687500000e-02
U1898,sa1,30,0,2.4050712585e-02
R730_U25,sa1,11,1,6.1035156250e-05
U1622_U2100_A,sa1,30,0,4.1748046875e-02
U1611_U2021_A,sa1,5,1,5.9375000000e-01
U1622_U2101_A,sa1,30,0,3.0929565430e-02
U1622_U2010_B,sa1,30,0,3.7384033203e-03
U1622_U2102_A,sa1,30,0,2.7221679688e-02
U1502_U2133_A,sa1,14,1,2.3651123047e-04
U1622_U2103_A,sa1,30,0,2.4894714355e-02
U1360_U2041_A,sa1,30,0,1.7993351631e-01
U1502_U2016_A,sa1,2,1,1.5625000000e-02
U1622_U1310_B,sa1,30,0,1.2731552124e-04
U1312_U1306_A,sa1,30,0,4.7416687012e-02
R785_U13,sa1,30,0,3.0660629272e-04
U1622_U2104_A,sa1,30,0,3.7933349609e-02
U1614_U1320_A,sa1,13,1,2.3437500000e-02
U1622_U2105_A,sa1,30,0,3.0372619629e-02
U1330_U2064_A,sa1,30,0,1.4844562383e-01
U1331_U2063_A,sa1,30,0,1.6407128523e-01
U1312_U1650_A,sa1,30,0,1.8058776855e-02
U1350_U2081_A,sa1,30,0,1.2552697044e-01
U1531_U2016_B,sa1,2,1,1.5625000000e-02
U1502_U1820_B,sa1,30,0,1.5980005264e-04
U1342_U1711_A,sa1,5,1,1.2109375000e-01
U1340_U1704_A,sa1,20,1,3.6328125000e-01
U1312_U1525_A,sa1,30,0,9.2988014221e-02
U1611_U2163_A,sa1,4,1,5.1562500000e-01
U1352_U2080_A,sa1,30,0,1.4521527931e-01
U1336_U2060_A,sa1,30,0,1.6407152547e-01
U1616_U1321_A,sa1,21,1,5.3125000000e-01
U1611_U1317_A,sa1,30,0,4.7582244873e-01
U1622_U2171_A,sa1,30,0,1.0729980469e-01
U1360_U2073_A,sa1,30,0,1.4922448498e-01
U1340_U2057_A,sa1,30,0,1.6407034946e-01
U1622_U2018_A,sa1,12,1,3.0761718750e-02
U1611_U1903_A,sa1,30,0,5.6373596191e-02
U1342_U1713_A,sa1,5,1,1.2109375000e-01
U1340_U1706_A,sa1,5,1,1.2109375000e-01
U1330_U1671_A,sa1,5,1,1.2109375000e-01
U1611_U1534_A,sa1,13,1,3.1246185303e-02
U1616_U1313_A,sa1,20,1,5.0022125244e-01
U1614_U2133_C,sa1,18,1,1.4816284180e-02
U1364_U2070_A,sa1,30,0,1.4939045697e-01
U1342_U2056_A,sa1,30,0,1.6408292274e-01
U1343_U2055_A,sa1,30,0,1.7993443675e-01
U1344_U2054_A,sa1,30,0,1.6407105930e-01
U1345_U2053_A,sa1,30,0,1.7993443675e-01
U1346_U2052_A,sa1,30,0,1.7993443675e-01
U1347_U2051_A,sa1,30,0,1.7993538325e-01
U1614_U2027_A,sa1,30,0,1.1047363281e-02
U1611_U1912_B,sa1,30,0,1.2710571289e-02
U1344_U1721_A,sa1,5,1,1.2109375000e-01
U1622_U1641_A,sa1,30,0,2.0668029785e-02
U1611_U1516_B,sa1,30,0,1.2464213371e-01
U1611_U1309_B,sa1,19,1,5.1611328125e-01
U1330_U2096_A,sa1,30,0,1.3673299184e-01
U1331_U2095_A,sa1,30,0,1.2940502552e-01
U1349_U2050_A,sa1,30,0,1.4844610143e-01
U1350_U2049_A,sa1,30,0,1.6407129585e-01
U1502_U1824_B,sa1,4,1,2.2888183594e-04
U1611_U1824_A,sa1,12,1,3.5095214844e-04
U1364_U1801_A,sa1,5,1,1.2109375000e-01
U1343_U1714_A,sa1,20,1,3.6328125000e-01
U1340_U1708_A,sa1,5,1,1.2109375000e-01
U1330_U1673_A,sa1,5,1,1.2109375000e-01
U1614_U2154_B,sa1,4,1,1.5625238419e-02
U1352_U2048_A,sa1,30,0,1.6408960207e-01
U1353_U2047_A,sa1,30,0,1.7993443675e-01
U1354_U2046_A,sa1,30,0,1.6407058782e-01
U1355_U2045_A,sa1,30,0,1.7993443675e-01
U1356_U2044_A,sa1,30,0,1.7993443675e-01
U1357_U2043_A,sa1,30,0,1.7993538325e-01
U1312_U1908_A,sa1,30,0,3.5404086113e-02
U1614_U1822_A,sa1,30,0,1.3885498047e-03
U1616_U1820_A,sa1,5,1,3.6621093750e-04
U1352_U1751_A,sa1,5,1,1.2109375000e-01
U1350_U1744_A,sa1,20,1,3.6328125000e-01
U1344_U1723_A,sa1,5,1,1.2109375000e-01
U1339_U1701_A,sa1,5,1,1.2109375000e-01
U1618_U1530_A,sa1,26,1,1.2500000000e-01
U1616_U1316_A,sa1,30,0,1.4526367188e-02
U1616_U2154_A,sa1,2,1,2.4414062500e-04
U1336_U2092_A,sa1,30,0,1.4893493170e-01
U1337_U2091_A,sa1,30,0,1.2994368534e-01
U1359_U2042_A,sa1,30,0,1.6408558388e-01
U1502_U1925_B,sa1,20,1,1.0452270508e-02
U1611_U1835_A,sa1,12,1,4.8385620117e-01
U1614_U1832_A,sa1,21,1,5.1562500000e-01
U1622_U1822_C,sa1,30,0,8.5090637207e-02
U1364_U1803_A,sa1,5,1,1.2109375000e-01
U1346_U1731_A,sa1,5,1,1.2109375000e-01
U1343_U1716_A,sa1,5,1,1.2109375000e-01
U1331_U1674_A,sa1,20,1,3.6328125000e-01
U1339_U2090_A,sa1,30,0,1.3673276210e-01
U1340_U2089_A,sa1,30,0,1.2941841940e-01
U1364_U2038_A,sa1,30,0,1.7993351631e-01
U1365_U2037_A,sa1,30,0,1.7999477318e-01
U1622_U1870_A,sa1,30,0,2.9846191406e-02
U1504_U1834_B,sa1,11,1,1.5625000000e-02
U1352_U1753_A,sa1,5,1,1.2109375000e-01
U1350_U1746_A,sa1,5,1,1.2109375000e-01
U1345_U1724_A,sa1,20,1,3.6328125000e-01
U1342_U1709_A,sa1,20,1,3.6328125000e-01
U1339_U1703_A,sa1,5,1,1.2109375000e-01
U1611_U1646_B,sa1,1,1,1.5625000000e-02
U1616_U1516_A,sa1,30,0,1.0197448730e-01
U1618_U2135_B,sa1,17,1,1.4694213867e-02
U1342_U2088_A,sa1,30,0,1.4869918709e-01
U1343_U2087_A,sa1,30,0,1.3765753602e-01
U1344_U2086_A,sa1,30,0,1.4490715458e-01
U1345_U2085_A,sa1,30,0,1.4950608379e-01
U1346_U2084_A,sa1,30,0,1.5687432513e-01
U1347_U2083_A,sa1,30,0,1.5691473709e-01
U1531_U1917_A,sa1,12,1,1.1474609375e-02
U1616_U1904_A,sa1,30,0,5.2779388428e-01
U1622_U1852_B,sa1,30,0,1.3465642929e-02
U1611_U1827_B,sa1,4,1,1.4648437500e-02
U1365_U1804_A,sa1,20,1,3.6328125000e-01
U1354_U1761_A,sa1,5,1,1.2109375000e-01
U1346_U1733_A,sa1,5,1,1.2109375000e-01
U1343_U1718_A,sa1,5,1,1.2109375000e-01
U1331_U1676_A,sa1,5,1,1.2109375000e-01
U1616_U1642_B,sa1,3,1,5.1562500000e-01
U1616_U1634_A,sa1,1,1,3.1250000000e-02
U1614_U1545_B,sa1,6,1,8.0568790436e-03
U1616_U1526_A,sa1,17,1,1.5625000000e-02
U1611_U1495_A,sa1,4,1,1.2500000000e-01
U1349_U2082_A,sa1,30,0,1.2550216677e-01
U1622_U1953_A,sa1,30,0,4.8156738281e-02
U1814_U1815_A,sa1,1,1,3.9062500000e-03
U1353_U1754_A,sa1,20,1,3.6328125000e-01
U1350_U1748_A,sa1,5,1,1.2109375000e-01
U1345_U1726_A,sa1,5,1,1.2109375000e-01
U1330_U1669_A,sa1,20,1,3.6328125000e-01
U1618_U1606_A,sa1,30,0,1.5430450439e-02
U1616_U1545_A,sa1,30,0,5.2795410156e-02
U1614_U1528_B,sa1,30,0,4.8485255241e-01
U1353_U2079_A,sa1,30,0,1.4150421257e-01
U1354_U2078_A,sa1,30,0,1.4081494664e-01
U1355_U2077_A,sa1,30,0,1.4950608379e-01
U1356_U2076_A,sa1,30,0,1.5687432513e-01
U1357_U2075_A,sa1,30,0,1.6460855737e-01
U1337_U2059_A,sa1,30,0,1.7969225200e-01
U1622_U1909_A,sa1,15,1,1.3671875000e-02
U1365_U1806_A,sa1,5,1,1.2109375000e-01
U1360_U1784_A,sa1,20,1,3.6328125000e-01
U1354_U1763_A,sa1,5,1,1.2109375000e-01
U1349_U1741_A,sa1,5,1,1.2109375000e-01
U1347_U1734_A,sa1,20,1,3.6328125000e-01
U1344_U1719_A,sa1,20,1,3.6328125000e-01
U1336_U1691_A,sa1,5,1,1.2109375000e-01
U1331_U1678_A,sa1,5,1,1.2109375000e-01
U1616_U1626_B,sa1,8,1,4.0870666504e-02
U1359_U2074_A,sa1,30,0,1.4770977572e-01
U1339_U2058_A,sa1,30,0,1.4844467825e-01
U1616_U1951_B,sa1,30,0,6.9038942456e-06
U1616_U1925_A,sa1,30,0,1.6616821289e-02
U1616_U1916_A,sa1,30,0,1.0406494141e-02
U1611_U1894_A,sa1,6,1,2.6184082031e-01
U1611_U1885_A,sa1,30,0,2.6098632813e-01
U1622_U1828_B,sa1,30,0,3.7170410156e-02
U1814_U1817_A,sa1,1,1,3.9062500000e-03
U1356_U1771_A,sa1,5,1,1.2109375000e-01
U1353_U1756_A,sa1,5,1,1.2109375000e-01
U1345_U1728_A,sa1,5,1,1.2109375000e-01
U1618_U1526_B,sa1,30,0,1.5624523163e-02
U1365_U2069_A,sa1,30,0,1.6437327318e-01
U1614_U1955_A,sa1,30,0,2.9052734375e-02
U1622_U1938_A,sa1,30,0,4.9804687500e-02
U1616_U1935_A,sa1,2,1,2.4414062500e-04
U1622_U1929_A,sa1,30,0,1.8676757813e-02
U1365_U1808_A,sa1,5,1,1.2109375000e-01
U1360_U1786_A,sa1,5,1,1.2109375000e-01
U1355_U1764_A,sa1,20,1,3.6328125000e-01
U1352_U1749_A,sa1,20,1,3.6328125000e-01
U1349_U1743_A,sa1,5,1,1.2109375000e-01
U1347_U1736_A,sa1,5,1,1.2109375000e-01
U1336_U1693_A,sa1,5,1,1.2109375000e-01
U1618_U1653_B,sa1,27,1,1.3084411621e-02
U1616_U1529_B,sa1,30,0,3.1241416931e-02
U1614_U1495_B,sa1,30,0,1.7023086548e-02
U1618_U1924_B,sa1,22,1,9.1457366943e-04
U1616_U1828_A,sa1,30,0,3.2114982605e-04
U1356_U1773_A,sa1,5,1,1.2109375000e-01
U1353_U1758_A,sa1,5,1,1.2109375000e-01
U1346_U1729_A,sa1,20,1,3.6328125000e-01
U1622_U1649_C,sa1,30,0,2.2994995117e-02
U1618_U1537_B,sa1,30,0,1.6105853021e-02
U1618_U1916_B,sa1,10,1,6.6528320313e-03
U1360_U1788_A,sa1,5,1,1.2109375000e-01
U1355_U1766_A,sa1,5,1,1.2109375000e-01
U1347_U1738_A,sa1,5,1,1.2109375000e-01
U1337_U1694_A,sa1,20,1,3.6328125000e-01
U1659_U1660_A,sa1,1,1,3.9062500000e-03
R730_U9_R730_U22_A,sa1,7,1,3.0040740967e-05
U1618_U1963_A,sa1,25,1,5.1464843750e-01
U1359_U1781_A,sa1,5,1,1.2109375000e-01
U1357_U1774_A,sa1,20,1,3.6328125000e-01
U1354_U1759_A,sa1,20,1,3.6328125000e-01
U1616_U1649_B,sa1,10,1,6.8664550781e-04
U1614_U1498_B,sa1,30,0,1.6290307045e-02
U1618_U1936_B,sa1,1,1,1.2207031250e-04
U1618_U1928_A,sa1,30,0,9.4451904297e-03
U1614_U1868_B,sa1,5,1,2.3651123047e-04
U1618_U1829_A,sa1,24,1,1.4419555664e-02
U1355_U1768_A,sa1,5,1,1.2109375000e-01
U1337_U1696_A,sa1,5,1,1.2109375000e-01
U1659_U1662_A,sa1,1,1,3.9062500000e-03
U1882_U1924_C,sa1,30,0,6.2408447266e-03
U1499_U1831_B,sa1,13,1,1.5625000000e-02
U1359_U1783_A,sa1,5,1,1.2109375000e-01
U1357_U1776_A,sa1,5,1,1.2109375000e-01
U1349_U1739_A,sa1,20,1,3.6328125000e-01
U1336_U1689_A,sa1,20,1,3.6328125000e-01
U1618_U1497_A,sa1,30,0,5.9374228120e-01
U1356_U1769_A,sa1,20,1,3.6328125000e-01
U1337_U1698_A,sa1,5,1,1.2109375000e-01
U1622_U1999_A,sa1,30,0,4.5684814453e-02
U1882_U1919_A,sa1,30,0,5.8021545410e-03
U1357_U1778_A,sa1,5,1,1.2109375000e-01
U1684_U1685_A,sa1,1,1,3.9062500000e-03
U1616_U1997_A,sa1,2,1,2.4414062500e-04
U1364_U1799_A,sa1,20,1,3.6328125000e-01
U1339_U1699_A,sa1,20,1,3.6328125000e-01
U1684_U1687_A,sa1,1,1,3.9062500000e-03
U1789_U1790_A,sa1,1,1,3.9062500000e-03
U1359_U1779_A,sa1,20,1,3.6328125000e-01
U1499_U1955_B,sa1,4,1,1.5625000000e-02
U1789_U1792_A,sa1,1,1,3.9062500000e-03
R785_U9_R785_U22_A,sa1,12,1,4.4345855713e-05
U2170,sa1,18,1,4.8065185547e-03
U2071,sa1,30,0,1.4648437500e-02
U2062,sa1,30,0,1.3643875718e-07
U2009,sa1,30,0,8.8806152344e-03
U2036,sa1,30,0,1.4648437500e-02
U1811,sa1,2,1,7.8125000000e-03
U2065,sa1,30,0,9.4296410680e-09
U1813,sa1,2,1,7.8125000000e-03
U1823,sa0,30,0,5.9008598328e-06
U1515_U1823_A,sa1,,,5.9008598328e-06
U2039,sa1,30,0,1.4648437500e-02
U1823,sa1,30,0,7.1692466736e-04
U1515_U1823_A,sa0,,,7.1692466736e-04
U2094,sa1,30,0,1.3643875718e-07
U1664,sa0,24,1,7.3828125000e-01
U1328_U1664_A,sa0,,,7.3828125000e-01
WR_REG_SCAN_IN_U1664_B,sa0,,,7.3828125000e-01
U2068,sa1,30,0,1.4648437500e-02
U1681,sa1,2,1,7.8125000000e-03
U1809,sa0,24,1,7.3828125000e-01
U1366_U1809_A,sa0,,,7.3828125000e-01
WR_REG_SCAN_IN_U1809_B,sa0,,,7.3828125000e-01
U1664,sa1,2,1,6.8359375000e-03
U2169,sa1,30,1,6.9694519043e-03
U1809,sa1,2,1,6.8359375000e-03
U2097,sa1,30,0,9.4296410680e-09
U1683,sa1,2,1,7.8125000000e-03
U1666,sa1,2,1,7.8125000000e-03
U1794,sa0,24,1,7.3828125000e-01
U1363_U1794_A,sa0,,,7.3828125000e-01
WR_REG_SCAN_IN_U1794_B,sa0,,,7.3828125000e-01
U1794,sa1,2,1,6.8359375000e-03
U1668,sa1,2,1,7.8125000000e-03
U1679,sa0,24,1,7.3828125000e-01
U1333_U1679_A,sa0,,,7.3828125000e-01
WR_REG_SCAN_IN_U1679_B,sa0,,,7.3828125000e-01
U1985,sa1,5,1,4.6875000000e-02
U1679,sa1,2,1,6.8359375000e-03
U1796,sa1,2,1,7.8125000000e-03
U1798,sa1,2,1,7.8125000000e-03
U1989,sa1,10,1,1.1718750000e-01
R730_U13,sa1,30,0,2.3269653320e-04
R730_U18,sa0,19,1,6.0558319092e-05
R730_U9_R730_U18_A,sa1,,,6.0558319092e-05
R730_U18,sa1,30,0,1.9931793213e-04
R730_U9_R730_U18_A,sa0,,,1.9931793213e-04
R785_U22,sa1,30,0,2.9516220093e-04
U1823_U1310_A,sa1,30,0,6.7782402039e-04
R785_U18,sa0,30,0,8.7976455688e-05
R785_U9_R785_U18_A,sa1,,,8.7976455688e-05
R785_U18,sa1,30,0,1.9669532776e-04
R785_U9_R785_U18_A,sa0,,,1.9669532776e-04
U1809_U1810_A,sa1,1,1,3.9062500000e-03
U1823_U1825_A,sa1,30,0,1.0550022125e-04
U1809_U1812_A,sa1,1,1,3.9062500000e-03
U1664_U1665_A,sa1,1,1,3.9062500000e-03
U1664_U1667_A,sa1,1,1,3.9062500000e-03
U1679_U1680_A,sa1,1,1,3.9062500000e-03
U1679_U1682_A,sa1,1,1,3.9062500000e-03
U1794_U1795_A,sa1,1,1,3.9062500000e-03
U1794_U1797_A,sa1,1,1,3.9062500000e-03
U2100,sa1,30,0,1.4081597328e-06
U2101,sa1,30,0,7.0035457611e-07
U2102,sa1,30,0,3.2186508179e-06
U1320,sa0,15,1,3.1494140625e-02
U1614_U1320_A,sa0,,,3.1494140625e-02
U1500_U1320_B,sa0,,,3.1494140625e-02
U2103,sa1,30,0,1.8477439880e-06
U1321,sa0,14,1,3.1250000000e-02
U1616_U1321_A,sa0,,,3.1250000000e-02
U1496_U1321_B,sa0,,,3.1250000000e-02
U1320,sa1,30,0,3.9299011230e-02
U2050,sa1,30,0,3.3178366721e-09
U2041,sa1,30,0,7.9307556152e-03
U2104,sa1,30,0,3.5762786865e-06
U1321,sa1,51,0,5.5664062500e-01
U2060,sa1,30,0,8.3097256720e-07
U2051,sa1,30,0,1.4648437500e-02
U2042,sa1,30,0,2.0450353622e-03
U1530,sa0,30,0,3.8317108154e-01
U1618_U1530_A,sa0,,,3.8317108154e-01
U1819_U1530_B,sa0,,,3.8317108154e-01
U2105,sa1,30,0,3.5762786865e-06
U2133,sa1,28,1,4.6871185303e-02
U2016,sa1,1,1,2.4414062500e-04
U1621,sa0,30,0,4.9731445313e-01
U1504_U1621_A,sa1,,,4.9731445313e-01
U2070,sa1,30,0,1.1718750000e-02
U2052,sa1,30,0,1.1718750000e-02
U2043,sa1,30,0,1.4648437500e-02
U1530,sa1,22,1,1.2500000000e-01
U1612,sa0,30,0,6.0126584768e-01
U1502_U1612_A,sa1,,,6.0126584768e-01
U1701,sa1,2,1,7.8125000000e-03
U1306,sa0,30,0,2.9565453529e-01
U1312_U1306_A,sa0,,,2.9565453529e-01
U1494_U1306_B,sa0,,,2.9565453529e-01
U1621,sa1,30,0,5.5355906487e-02
U1504_U1621_A,sa0,,,5.5355906487e-02
U2080,sa1,30,0,1.9645085558e-09
U2053,sa1,30,0,1.1718750000e-02
U2044,sa1,30,0,1.1718750000e-02
U1612,sa1,30,0,1.2108057737e-01
U1502_U1612_A,sa0,,,1.2108057737e-01
U1711,sa1,2,1,7.8125000000e-03
U1801,sa1,2,1,7.8125000000e-03
U1306,sa1,60,0,8.5401773453e-02
U1820,sa1,10,1,4.1961669922e-04
U1704,sa0,24,1,7.3828125000e-01
U1340_U1704_A,sa0,,,7.3828125000e-01
WR_REG_SCAN_IN_U1704_B,sa0,,,7.3828125000e-01
U2090,sa1,30,0,3.3178366721e-09
U2081,sa1,30,0,2.4187564850e-04
U2063,sa1,30,0,3.5972334445e-08
U2054,sa1,30,0,7.8237056732e-03
U2045,sa1,30,0,1.1718750000e-02
U1703,sa1,2,1,7.8125000000e-03
U1721,sa1,2,1,7.8125000000e-03
U2154,sa1,2,1,2.4414062500e-04
U1804,sa0,24,1,7.3828125000e-01
U1365_U1804_A,sa0,,,7.3828125000e-01
WR_REG_SCAN_IN_U1804_B,sa0,,,7.3828125000e-01
U1714,sa0,24,1,7.3828125000e-01
U1343_U1714_A,sa0,,,7.3828125000e-01
WR_REG_SCAN_IN_U1714_B,sa0,,,7.3828125000e-01
U1704,sa1,2,1,6.8359375000e-03
U1615,sa0,30,0,3.2719850540e-02
U1499_U1615_A,sa1,,,3.2719850540e-02
U2091,sa1,30,0,9.0532302856e-03
U2082,sa1,30,0,3.3178366721e-09
U2073,sa1,30,0,7.9307556152e-03
U2064,sa1,30,0,3.3178366721e-09
U2055,sa1,30,0,2.1305084229e-03
U2046,sa1,30,0,7.8237056732e-03
U2037,sa1,30,0,1.4648437500e-02
U1525,sa0,30,0,1.1688232422e-01
U1312_U1525_A,sa0,,,1.1688232422e-01
U1819_U1525_B,sa0,,,1.1688232422e-01
U1516,sa0,30,0,6.9216918945e-01
U1616_U1516_A,sa0,,,6.9216918945e-01
U1611_U1516_B,sa0,,,6.9216918945e-01
U1713,sa1,2,1,7.8125000000e-03
U1731,sa1,2,1,7.8125000000e-03
U1803,sa1,2,1,7.8125000000e-03
U1804,sa1,2,1,6.8359375000e-03
U1724,sa0,24,1,7.3828125000e-01
U1345_U1724_A,sa0,,,7.3828125000e-01
WR_REG_SCAN_IN_U1724_B,sa0,,,7.3828125000e-01
U1714,sa1,2,1,6.8359375000e-03
U1615,sa1,30,0,4.4163227081e-02
U1499_U1615_A,sa0,,,4.4163227081e-02
U2092,sa1,30,0,8.3097256720e-07
U2083,sa1,30,0,1.4648437500e-02
U2074,sa1,30,0,2.0450353622e-03
U2056,sa1,30,0,1.9645085558e-09
U2047,sa1,30,0,2.1305084229e-03
U2038,sa1,30,0,1.1718750000e-02
U1525,sa1,30,0,4.6394348145e-02
U1516,sa1,30,0,7.7640891075e-02
U1660,sa1,12,1,4.9218750000e-01
U1723,sa1,2,1,7.8125000000e-03
U1741,sa1,2,1,7.8125000000e-03
U1734,sa0,24,1,7.3828125000e-01
U1347_U1734_A,sa0,,,7.3828125000e-01
WR_REG_SCAN_IN_U1734_B,sa0,,,7.3828125000e-01
U1724,sa1,2,1,6.8359375000e-03
U1635,sa0,30,0,5.5168449879e-02
U1531_U1635_A,sa1,,,5.5168449879e-02
U2084,sa1,30,0,1.1718750000e-02
U2075,sa1,30,0,1.4648437500e-02
U2057,sa1,30,0,2.4187564850e-04
U2048,sa1,30,0,1.9645085558e-09
U1545,sa0,30,0,5.9805297852e-01
U1616_U1545_A,sa0,,,5.9805297852e-01
U1614_U1545_B,sa0,,,5.9805297852e-01
U1706,sa1,2,1,7.8125000000e-03
U1733,sa1,2,1,7.8125000000e-03
U1751,sa1,2,1,7.8125000000e-03
U1824,sa1,8,1,4.5776367188e-04
U1744,sa0,24,1,7.3828125000e-01
U1350_U1744_A,sa0,,,7.3828125000e-01
WR_REG_SCAN_IN_U1744_B,sa0,,,7.3828125000e-01
U1734,sa1,2,1,6.8359375000e-03
U1635,sa1,30,0,3.3077597618e-02
U1531_U1635_A,sa0,,,3.3077597618e-02
U2085,sa1,30,0,1.1718750000e-02
U2076,sa1,30,0,1.1718750000e-02
U2058,sa1,30,0,3.3178366721e-09
U2049,sa1,30,0,2.4187564850e-04
U1545,sa1,30,0,1.6393661499e-02
U1662,sa1,12,1,4.9218750000e-01
U1671,sa1,2,1,7.8125000000e-03
U1716,sa1,2,1,7.8125000000e-03
U1743,sa1,2,1,7.8125000000e-03
U1761,sa1,2,1,7.8125000000e-03
U1806,sa1,2,1,7.8125000000e-03
U1815,sa1,12,1,4.9218750000e-01
U1754,sa0,24,1,7.3828125000e-01
U1353_U1754_A,sa0,,,7.3828125000e-01
WR_REG_SCAN_IN_U1754_B,sa0,,,7.3828125000e-01
U1744,sa1,2,1,6.8359375000e-03
U1709,sa0,24,1,7.3828125000e-01
U1342_U1709_A,sa0,,,7.3828125000e-01
WR_REG_SCAN_IN_U1709_B,sa0,,,7.3828125000e-01
U2095,sa1,30,0,3.5972334445e-08
U2086,sa1,30,0,7.8237056732e-03
U2077,sa1,30,0,1.1718750000e-02
U2059,sa1,30,0,9.0532302856e-03
U1708,sa1,2,1,7.8125000000e-03
U1726,sa1,2,1,7.8125000000e-03
U1753,sa1,2,1,7.8125000000e-03
U1771,sa1,2,1,7.8125000000e-03
U1925,sa1,30,0,4.6142578125e-02
U1916,sa1,24,1,3.4423828125e-02
U1764,sa0,24,1,7.3828125000e-01
U1355_U1764_A,sa0,,,7.3828125000e-01
WR_REG_SCAN_IN_U1764_B,sa0,,,7.3828125000e-01
U1754,sa1,2,1,6.8359375000e-03
U1719,sa0,24,1,7.3828125000e-01
U1344_U1719_A,sa0,,,7.3828125000e-01
WR_REG_SCAN_IN_U1719_B,sa0,,,7.3828125000e-01
U1709,sa1,2,1,6.8359375000e-03
U1674,sa0,24,1,7.3828125000e-01
U1331_U1674_A,sa0,,,7.3828125000e-01
WR_REG_SCAN_IN_U1674_B,sa0,,,7.3828125000e-01
U2096,sa1,30,0,3.3178366721e-09
U2087,sa1,30,0,2.1305084229e-03
U2078,sa1,30,0,7.8237056732e-03
U2069,sa1,30,0,1.4648437500e-02
U1673,sa1,2,1,7.8125000000e-03
U1691,sa1,2,1,7.8125000000e-03
U1718,sa1,2,1,7.8125000000e-03
U1736,sa1,2,1,7.8125000000e-03
U1763,sa1,2,1,7.8125000000e-03
U1781,sa1,2,1,7.8125000000e-03
U1790,sa1,12,1,4.9218750000e-01
U1808,sa1,2,1,7.8125000000e-03
U1817,sa1,12,1,4.9218750000e-01
U1935,sa1,2,1,2.4414062500e-04
U1908,sa1,2,1,1.1718750000e-02
U1774,sa0,24,1,7.3828125000e-01
U1357_U1774_A,sa0,,,7.3828125000e-01
WR_REG_SCAN_IN_U1774_B,sa0,,,7.3828125000e-01
U1764,sa1,2,1,6.8359375000e-03
U1729,sa0,24,1,7.3828125000e-01
U1346_U1729_A,sa0,,,7.3828125000e-01
WR_REG_SCAN_IN_U1729_B,sa0,,,7.3828125000e-01
U1719,sa1,2,1,6.8359375000e-03
U1674,sa1,2,1,6.8359375000e-03
U2088,sa1,30,0,1.9645085558e-09
U2079,sa1,30,0,2.1305084229e-03
U1728,sa1,2,1,7.8125000000e-03
U1746,sa1,2,1,7.8125000000e-03
U1773,sa1,2,1,7.8125000000e-03
U1495,sa0,30,0,7.6549911499e-01
U1611_U1495_A,sa0,,,7.6549911499e-01
U1614_U1495_B,sa0,,,7.6549911499e-01
U1963,sa1,25,1,3.0273437500e-02
U1784,sa0,24,1,7.3828125000e-01
U1360_U1784_A,sa0,,,7.3828125000e-01
WR_REG_SCAN_IN_U1784_B,sa0,,,7.3828125000e-01
U1774,sa1,2,1,6.8359375000e-03
U1739,sa0,24,1,7.3828125000e-01
U1349_U1739_A,sa0,,,7.3828125000e-01
WR_REG_SCAN_IN_U1739_B,sa0,,,7.3828125000e-01
U1729,sa1,2,1,6.8359375000e-03
U1694,sa0,24,1,7.3828125000e-01
U1337_U1694_A,sa0,,,7.3828125000e-01
WR_REG_SCAN_IN_U1694_B,sa0,,,7.3828125000e-01
U2089,sa1,30,0,2.4187564850e-04
U1693,sa1,2,1,7.8125000000e-03
U1738,sa1,2,1,7.8125000000e-03
U1756,sa1,2,1,7.8125000000e-03
U1783,sa1,2,1,7.8125000000e-03
U1792,sa1,12,1,4.9218750000e-01
U1495,sa1,30,0,5.4118871689e-02
U1955,sa1,30,0,1.3733148575e-02
U1784,sa1,2,1,6.8359375000e-03
U1749,sa0,24,1,7.3828125000e-01
U1352_U1749_A,sa0,,,7.3828125000e-01
WR_REG_SCAN_IN_U1749_B,sa0,,,7.3828125000e-01
U1739,sa1,2,1,6.8359375000e-03
U1694,sa1,2,1,6.8359375000e-03
U1991,sa1,6,1,7.0312500000e-02
U1497,sa0,30,0,7.3155689240e-01
U1618_U1497_A,sa0,,,7.3155689240e-01
U1494_U1497_B,sa0,,,7.3155689240e-01
U1676,sa1,2,1,7.8125000000e-03
U1685,sa1,12,1,4.9218750000e-01
U1748,sa1,2,1,7.8125000000e-03
U1766,sa1,2,1,7.8125000000e-03
U1759,sa0,24,1,7.3828125000e-01
U1354_U1759_A,sa0,,,7.3828125000e-01
WR_REG_SCAN_IN_U1759_B,sa0,,,7.3828125000e-01
U1749,sa1,2,1,6.8359375000e-03
U1669,sa0,24,1,7.3828125000e-01
U1330_U1669_A,sa0,,,7.3828125000e-01
WR_REG_SCAN_IN_U1669_B,sa0,,,7.3828125000e-01
U1497,sa1,11,1,9.3750000000e-02
U1758,sa1,2,1,7.8125000000e-03
U1776,sa1,2,1,7.8125000000e-03
U1769,sa0,24,1,7.3828125000e-01
U1356_U1769_A,sa0,,,7.3828125000e-01
WR_REG_SCAN_IN_U1769_B,sa0,,,7.3828125000e-01
U1759,sa1,2,1,6.8359375000e-03
U1669,sa1,2,1,6.8359375000e-03
U1678,sa1,2,1,7.8125000000e-03
U1687,sa1,12,1,4.9218750000e-01
U1696,sa1,2,1,7.8125000000e-03
U1768,sa1,2,1,7.8125000000e-03
U1786,sa1,2,1,7.8125000000e-03
U1779,sa0,24,1,7.3828125000e-01
U1359_U1779_A,sa0,,,7.3828125000e-01
WR_REG_SCAN_IN_U1779_B,sa0,,,7.3828125000e-01
U1769,sa1,2,1,6.8359375000e-03
U1689,sa0,24,1,7.3828125000e-01
U1336_U1689_A,sa0,,,7.3828125000e-01
WR_REG_SCAN_IN_U1689_B,sa0,,,7.3828125000e-01
U1778,sa1,2,1,7.8125000000e-03
U1779,sa1,2,1,6.8359375000e-03
U1699,sa0,24,1,7.3828125000e-01
U1339_U1699_A,sa0,,,7.3828125000e-01
WR_REG_SCAN_IN_U1699_B,sa0,,,7.3828125000e-01
U1689,sa1,2,1,6.8359375000e-03
U1698,sa1,2,1,7.8125000000e-03
U1788,sa1,2,1,7.8125000000e-03
U1799,sa0,24,1,7.3828125000e-01
U1364_U1799_A,sa0,,,7.3828125000e-01
WR_REG_SCAN_IN_U1799_B,sa0,,,7.3828125000e-01
U1699,sa1,2,1,6.8359375000e-03
U1799,sa1,2,1,6.8359375000e-03
R730_U22,sa1,30,0,2.1266937256e-04
U1320_U2031_A,sa1,1,1,2.4414062500e-04
U1621_U2011_A,sa1,2,1,2.3437500000e-02
U1306_U2014_A,sa1,5,1,1.0156250000e-01
U1612_U2003_C,sa1,30,0,1.5762329102e-02
U1320_U1902_A,sa1,30,0,4.1271209717e-02
U1612_U1503_A,sa1,30,0,1.1321836710e-01
U1306_U2134_A,sa1,30,0,2.1963119507e-02
U1321_U1650_B,sa1,30,0,5.2357482910e-01
U1621_U1910_A,sa1,30,0,1.7776668072e-02
U1635_U2031_B,sa1,2,1,9.7656250000e-04
U1321_U1643_B,sa1,10,1,4.6630859375e-02
U1621_U2029_A,sa1,30,0,6.2004327774e-02
U1612_U1912_A,sa1,30,0,1.5005111694e-02
U1612_U1524_B,sa1,30,0,7.2260022163e-02
U1612_U2029_B,sa1,3,1,6.2744140625e-02
U1615_U2026_B,sa1,30,0,3.8482666016e-02
U1497_U2110_A,sa1,20,1,1.5136718750e-02
U1635_U1900_A,sa1,30,0,1.8682241440e-02
U1530_U1834_A,sa1,12,1,1.5625000000e-02
U1704_U1705_A,sa1,1,1,3.9062500000e-03
U1612_U1951_A,sa1,28,1,2.1308660507e-06
U1621_U1924_A,sa1,30,0,6.8473815918e-04
U1709_U1710_A,sa1,1,1,3.9062500000e-03
U1612_U1528_A,sa1,30,0,1.8160834908e-02
U1306_U1526_C,sa1,30,0,1.6887664795e-02
U1530_U1826_B,sa1,4,1,2.2888183594e-04
U1804_U1805_A,sa1,1,1,3.9062500000e-03
U1714_U1715_A,sa1,1,1,3.9062500000e-03
U1704_U1707_A,sa1,1,1,3.9062500000e-03
U1621_U1646_A,sa1,30,0,4.6842575073e-02
U1635_U1902_B,sa1,30,0,4.4601440430e-02
U1621_U1827_A,sa1,30,0,3.0273437500e-02
U1719_U1720_A,sa1,1,1,3.9062500000e-03
U1709_U1712_A,sa1,1,1,3.9062500000e-03
U1615_U1653_A,sa1,30,0,2.8259277344e-02
U1621_U1647_A,sa1,30,0,5.0907015800e-02
U1621_U1961_C,sa1,30,0,1.0620206594e-02
U1804_U1807_A,sa1,1,1,3.9062500000e-03
U1724_U1725_A,sa1,1,1,3.9062500000e-03
U1714_U1717_A,sa1,1,1,3.9062500000e-03
U1635_U1624_B,sa1,30,0,9.1028213501e-04
U1525_U1907_A,sa1,5,1,2.3651123047e-04
U1621_U1865_A,sa1,30,0,4.3726757169e-02
U1729_U1730_A,sa1,1,1,3.9062500000e-03
U1719_U1722_A,sa1,1,1,3.9062500000e-03
U1621_U1919_B,sa1,30,0,9.0033747256e-04
U1734_U1735_A,sa1,1,1,3.9062500000e-03
U1724_U1727_A,sa1,1,1,3.9062500000e-03
U1495_U2155_A,sa1,2,1,2.4414062500e-04
U1621_U1928_C,sa1,30,0,1.7325401306e-02
U1739_U1740_A,sa1,1,1,3.9062500000e-03
U1729_U1732_A,sa1,1,1,3.9062500000e-03
U1615_U1648_A,sa1,30,0,4.0985107422e-02
U1495_U1371_B,sa1,30,0,2.8320312500e-02
U1530_U1967_B,sa1,20,1,1.5136718750e-02
U1621_U1957_B,sa1,30,0,2.8381347656e-03
U1320_U1899_A,sa1,30,0,2.6874542236e-02
U1744_U1745_A,sa1,1,1,3.9062500000e-03
U1734_U1737_A,sa1,1,1,3.9062500000e-03
U1699_U1700_A,sa1,1,1,3.9062500000e-03
U1495_U1580_A,sa1,30,0,4.9495697021e-04
U1615_U1965_A,sa1,30,0,8.5815429688e-02
U1545_U1962_B,sa1,30,0,6.1333179474e-04
U1516_U1956_A,sa1,2,1,2.3841857910e-07
U1749_U1750_A,sa1,1,1,3.9062500000e-03
U1739_U1742_A,sa1,1,1,3.9062500000e-03
U1635_U1646_C,sa1,30,0,4.6309221536e-02
U1799_U1800_A,sa1,1,1,3.9062500000e-03
U1754_U1755_A,sa1,1,1,3.9062500000e-03
U1744_U1747_A,sa1,1,1,3.9062500000e-03
U1699_U1702_A,sa1,1,1,3.9062500000e-03
U1635_U1649_A,sa1,30,0,3.1125545502e-04
U1615_U1868_A,sa1,14,1,7.2479248047e-04
U1759_U1760_A,sa1,1,1,3.9062500000e-03
U1749_U1752_A,sa1,1,1,3.9062500000e-03
U1669_U1670_A,sa1,1,1,3.9062500000e-03
U1799_U1802_A,sa1,1,1,3.9062500000e-03
U1764_U1765_A,sa1,1,1,3.9062500000e-03
U1754_U1757_A,sa1,1,1,3.9062500000e-03
U1674_U1675_A,sa1,1,1,3.9062500000e-03
U1769_U1770_A,sa1,1,1,3.9062500000e-03
U1759_U1762_A,sa1,1,1,3.9062500000e-03
U1669_U1672_A,sa1,1,1,3.9062500000e-03
U1774_U1775_A,sa1,1,1,3.9062500000e-03
U1764_U1767_A,sa1,1,1,3.9062500000e-03
U1674_U1677_A,sa1,1,1,3.9062500000e-03
U1635_U1868_C,sa1,10,1,7.0953369141e-04
U1779_U1780_A,sa1,1,1,3.9062500000e-03
U1769_U1772_A,sa1,1,1,3.9062500000e-03
U1689_U1690_A,sa1,1,1,3.9062500000e-03
U1784_U1785_A,sa1,1,1,3.9062500000e-03
U1774_U1777_A,sa1,1,1,3.9062500000e-03
U1694_U1695_A,sa1,1,1,3.9062500000e-03
U1779_U1782_A,sa1,1,1,3.9062500000e-03
U1689_U1692_A,sa1,1,1,3.9062500000e-03
U1784_U1787_A,sa1,1,1,3.9062500000e-03
U1694_U1697_A,sa1,1,1,3.9062500000e-03
U1310,sa0,30,0,6.4969062805e-06
U1823_U1310_A,sa0,,,6.4969062805e-06
U1622_U1310_B,sa0,,,6.4969062805e-06
U1310,sa1,60,0,8.0513954163e-04
U1423,sa0,7,1,5.0000000000e-01
U1818,sa0,,,5.0000000000e-01
U1367_U1818_A,sa0,,,5.0000000000e-01
U1307_U1818_B,sa0,,,5.0000000000e-01
U1817,sa0,,,5.0000000000e-01
U1814_U1817_A,sa0,,,5.0000000000e-01
MEMORY_REG_0__0__SCAN_IN_U1817_B,sa0,,,5.0000000000e-01
U1433,sa0,7,1,5.0000000000e-01
U1793,sa0,,,5.0000000000e-01
U1362_U1793_A,sa0,,,5.0000000000e-01
U1307_U1793_B,sa0,,,5.0000000000e-01
U1792,sa0,,,5.0000000000e-01
U1789_U1792_A,sa0,,,5.0000000000e-01
MEMORY_REG_5__0__SCAN_IN_U1792_B,sa0,,,5.0000000000e-01
U1810,sa1,12,1,4.9218750000e-01
U1424,sa0,7,1,5.0000000000e-01
U1816,sa0,,,5.0000000000e-01
U1367_U1816_A,sa0,,,5.0000000000e-01
U1308_U1816_B,sa0,,,5.0000000000e-01
U1815,sa0,,,5.0000000000e-01
U1814_U1815_A,sa0,,,5.0000000000e-01
MEMORY_REG_0__1__SCAN_IN_U1815_B,sa0,,,5.0000000000e-01
U1423,sa1,8,1,5.0000000000e-01
U1434,sa0,7,1,5.0000000000e-01
U1791,sa0,,,5.0000000000e-01
U1362_U1791_A,sa0,,,5.0000000000e-01
U1308_U1791_B,sa0,,,5.0000000000e-01
U1790,sa0,,,5.0000000000e-01
U1789_U1790_A,sa0,,,5.0000000000e-01
MEMORY_REG_5__1__SCAN_IN_U1790_B,sa0,,,5.0000000000e-01
U1433,sa1,8,1,5.0000000000e-01
U1424,sa1,8,1,5.0000000000e-01
U1380,sa0,30,0,5.1880598068e-02
U2105,sa0,,,5.1880598068e-02
U1622_U2105_A,sa0,,,5.1880598068e-02
TIMEBASE_REG_0__SCAN_IN_U2105_B,sa0,,,5.1880598068e-02
U1603_U1380_B,sa0,,,5.1880598068e-02
U1821,sa1,30,0,6.0302019119e-04
U1434,sa1,8,1,5.0000000000e-01
U1812,sa1,12,1,4.9218750000e-01
U1380,sa1,30,0,3.8453459740e-02
U1562,sa0,9,1,1.6406250000e-01
U1991,sa0,,,1.6406250000e-01
U1989,sa0,,,1.6406250000e-01
U1988,sa0,,,1.6406250000e-01
U1986,sa0,,,1.6406250000e-01
U2153,sa0,,,1.6406250000e-01
SOUND_REG_2__SCAN_IN_U2153_A,sa0,,,1.6406250000e-01
SOUND_REG_0__SCAN_IN_U2153_B,sa0,,,1.6406250000e-01
U2152,sa0,,,1.6406250000e-01
U1605_U2152_A,sa0,,,1.6406250000e-01
COUNTER_REG_0__SCAN_IN_U2152_B,sa0,,,1.6406250000e-01
U1550_U1986_C,sa0,,,1.6406250000e-01
COUNTER_REG_1__SCAN_IN_U1988_B,sa0,,,1.6406250000e-01
U1987,sa0,,,1.6406250000e-01
U1605_U1987_A,sa0,,,1.6406250000e-01
SOUND_REG_1__SCAN_IN_U1987_B,sa0,,,1.6406250000e-01
COUNTER_REG_0__SCAN_IN_U1987_C,sa0,,,1.6406250000e-01
U1985,sa0,,,1.6406250000e-01
U1552_U1985_A,sa0,,,1.6406250000e-01
U1984,sa0,,,1.6406250000e-01
U1983_U1984_A,sa0,,,1.6406250000e-01
U1550_U1984_B,sa0,,,1.6406250000e-01
U1990,sa0,,,1.6406250000e-01
U1550_U1990_A,sa0,,,1.6406250000e-01
U1983_U1990_B,sa0,,,1.6406250000e-01
COUNTER_REG_2__SCAN_IN_U1990_C,sa0,,,1.6406250000e-01
U1562,sa1,14,1,2.1093750000e-01
U1590,sa1,120,0,1.1013044743e-02
U1680,sa1,12,1,4.9218750000e-01
U1375,sa0,30,0,1.6121789813e-02
U2100,sa0,,,1.6121789813e-02
U1622_U2100_A,sa0,,,1.6121789813e-02
TIMEBASE_REG_5__SCAN_IN_U2100_B,sa0,,,1.6121789813e-02
U1601,sa0,,,1.6121789813e-02
COUNT_REG2_5__SCAN_IN_U1601_A,sa1,,,1.6121789813e-02
R730_U18_R730_U23_A,sa1,30,0,2.1266937256e-04
U1636,sa1,4,1,3.1250000000e-02
U1475,sa0,7,1,5.0000000000e-01
U1688,sa0,,,5.0000000000e-01
U1335_U1688_A,sa0,,,5.0000000000e-01
U1307_U1688_B,sa0,,,5.0000000000e-01
U1687,sa0,,,5.0000000000e-01
U1684_U1687_A,sa0,,,5.0000000000e-01
MEMORY_REG_26__0__SCAN_IN_U1687_B,sa0,,,5.0000000000e-01
U1376,sa0,30,0,5.4351836443e-02
U2101,sa0,,,5.4351836443e-02
U1622_U2101_A,sa0,,,5.4351836443e-02
TIMEBASE_REG_4__SCAN_IN_U2101_B,sa0,,,5.4351836443e-02
U1544,sa0,,,5.4351836443e-02
COUNT_REG2_4__SCAN_IN_U1544_A,sa1,,,5.4351836443e-02
U1375,sa1,30,0,4.1382208467e-02
U1592,sa1,120,0,5.5664062500e-02
U1485,sa0,7,1,5.0000000000e-01
U1663,sa0,,,5.0000000000e-01
U1307_U1663_A,sa0,,,5.0000000000e-01
U1326_U1663_B,sa0,,,5.0000000000e-01
U1662,sa0,,,5.0000000000e-01
U1659_U1662_A,sa0,,,5.0000000000e-01
MEMORY_REG_31__0__SCAN_IN_U1662_B,sa0,,,5.0000000000e-01
U1682,sa1,12,1,4.9218750000e-01
U1476,sa0,7,1,5.0000000000e-01
U1686,sa0,,,5.0000000000e-01
U1335_U1686_A,sa0,,,5.0000000000e-01
U1308_U1686_B,sa0,,,5.0000000000e-01
U1685,sa0,,,5.0000000000e-01
U1684_U1685_A,sa0,,,5.0000000000e-01
MEMORY_REG_26__1__SCAN_IN_U1685_B,sa0,,,5.0000000000e-01
U1475,sa1,8,1,5.0000000000e-01
U1377,sa0,30,0,3.8345724344e-02
U2102,sa0,,,3.8345724344e-02
U1622_U2102_A,sa0,,,3.8345724344e-02
TIMEBASE_REG_3__SCAN_IN_U2102_B,sa0,,,3.8345724344e-02
U1602,sa0,,,3.8345724344e-02
COUNT_REG2_3__SCAN_IN_U1602_A,sa1,,,3.8345724344e-02
U1376,sa1,30,0,1.1719167233e-02
R730_U18_R730_U16_A,sa1,30,0,2.0599365234e-04
U1917,sa1,30,0,1.1276245117e-02
U1584,sa1,120,0,5.5664062500e-02
U1486,sa0,7,1,5.0000000000e-01
U1661,sa0,,,5.0000000000e-01
U1308_U1661_A,sa0,,,5.0000000000e-01
U1326_U1661_B,sa0,,,5.0000000000e-01
U1660,sa0,,,5.0000000000e-01
U1659_U1660_A,sa0,,,5.0000000000e-01
MEMORY_REG_31__1__SCAN_IN_U1660_B,sa0,,,5.0000000000e-01
U1485,sa1,8,1,5.0000000000e-01
U1665,sa1,12,1,4.9218750000e-01
U1476,sa1,8,1,5.0000000000e-01
U1378,sa0,30,0,7.2265625000e-02
U2103,sa0,,,7.2265625000e-02
U1622_U2103_A,sa0,,,7.2265625000e-02
TIMEBASE_REG_2__SCAN_IN_U2103_B,sa0,,,7.2265625000e-02
U1546_U1378_B,sa0,,,7.2265625000e-02
U1377,sa1,30,0,4.2953491211e-02
U1594,sa1,120,0,4.5909643173e-02
U1486,sa1,8,1,5.0000000000e-01
U1379,sa0,30,0,9.4238638878e-02
U2104,sa0,,,9.4238638878e-02
U1622_U2104_A,sa0,,,9.4238638878e-02
TIMEBASE_REG_1__SCAN_IN_U2104_B,sa0,,,9.4238638878e-02
U1547_U1379_B,sa0,,,9.4238638878e-02
U1378,sa1,30,0,3.0136108398e-02
U1586,sa1,120,0,4.5909643173e-02
U1667,sa1,12,1,4.9218750000e-01
U1379,sa1,30,0,7.2753906250e-02
U1596,sa1,120,0,4.5909643173e-02
U1588,sa1,120,0,4.5909643173e-02
U1795,sa1,12,1,4.9218750000e-01
U1598,sa1,120,0,1.1013044743e-02
U1797,sa1,12,1,4.9218750000e-01
R785_U18_R785_U23_A,sa1,30,0,2.6750564575e-04
R785_U18_R785_U16_A,sa1,30,0,2.0074844360e-04
U1310_U2022_A,sa1,16,1,1.5617370605e-02
R785_U23,sa1,12,1,4.4345855713e-05
R785_U16,sa0,30,0,3.9958953857e-04
R785_U18_R785_U16_A,sa0,,,3.9958953857e-04
SCAN_REG_3__SCAN_IN_R785_U16_B,sa0,,,3.9958953857e-04
R785_U16,sa1,20,1,4.4345855713e-05
U1310_U1644_B,sa1,16,1,3.1234741211e-02
U1310_U1951_D,sa1,30,0,9.4196200371e-04
U1310_U1637_C,sa1,16,1,4.9543380737e-04
U1310_U1638_C,sa1,30,0,1.5487670898e-02
U1562_U1555_A,sa1,28,1,2.1093750000e-01
U1380_R745_U10_A,sa0,30,0,4.2603135109e-02
U1380_R745_U26_B,sa1,30,0,2.3562550545e-02
U1379_R745_U10_B,sa0,30,0,3.7233352661e-02
U1377_R745_U24_A,sa1,30,0,1.5260249376e-02
U1375_R745_U27_A,sa1,30,0,1.5748336911e-02
U1378_R745_U25_A,sa1,30,0,9.8899602890e-03
U1376_R745_U29_A,sa1,30,0,1.5748530626e-02
U1379_R745_U26_A,sa1,30,0,1.5750050545e-02
U2110,sa1,12,1,2.3834228516e-02
U2031,sa1,2,1,4.8828125000e-04
U2014,sa1,2,1,2.6562500000e-01
U1503,sa0,30,0,1.7743110517e-01
U1612_U1503_A,sa0,,,1.7743110517e-01
U1493_U1503_B,sa0,,,1.7743110517e-01
U1700,sa1,12,1,4.9218750000e-01
U1431,sa0,7,1,5.0000000000e-01
U1798,sa0,,,5.0000000000e-01
U1363_U1798_A,sa0,,,5.0000000000e-01
U1307_U1798_B,sa0,,,5.0000000000e-01
U1797,sa0,,,5.0000000000e-01
U1794_U1797_A,sa0,,,5.0000000000e-01
MEMORY_REG_4__0__SCAN_IN_U1797_B,sa0,,,5.0000000000e-01
U1503,sa1,30,0,4.9998474121e-01
U1710,sa1,12,1,4.9218750000e-01
U1432,sa0,7,1,5.0000000000e-01
U1796,sa0,,,5.0000000000e-01
U1363_U1796_A,sa0,,,5.0000000000e-01
U1308_U1796_B,sa0,,,5.0000000000e-01
U1795,sa0,,,5.0000000000e-01
U1794_U1795_A,sa0,,,5.0000000000e-01
MEMORY_REG_4__1__SCAN_IN_U1795_B,sa0,,,5.0000000000e-01
U1431,sa1,8,1,5.0000000000e-01
U1800,sa1,12,1,4.9218750000e-01
U1900,sa1,16,1,1.5865325928e-02
U2134,sa1,12,1,1.5380859375e-02
U1613,sa0,30,0,4.6401977539e-02
U1525_U1613_A,sa1,,,4.6401977539e-02
U1702,sa1,12,1,4.9218750000e-01
U1720,sa1,12,1,4.9218750000e-01
U1432,sa1,8,1,5.0000000000e-01
U1910,sa1,30,0,8.5601806641e-03
U1613,sa1,30,0,1.1706542969e-01
U1525_U1613_A,sa0,,,1.1706542969e-01
U1650,sa0,30,0,5.2549362183e-01
U1312_U1650_A,sa0,,,5.2549362183e-01
U1321_U1650_B,sa0,,,5.2549362183e-01
U1712,sa1,12,1,4.9218750000e-01
U1730,sa1,12,1,4.9218750000e-01
U1802,sa1,12,1,4.9218750000e-01
U1425,sa0,7,1,5.0000000000e-01
U1813,sa0,,,5.0000000000e-01
U1366_U1813_A,sa0,,,5.0000000000e-01
U1307_U1813_B,sa0,,,5.0000000000e-01
U1812,sa0,,,5.0000000000e-01
U1809_U1812_A,sa0,,,5.0000000000e-01
MEMORY_REG_1__0__SCAN_IN_U1812_B,sa0,,,5.0000000000e-01
U1651,sa0,30,0,3.1581878662e-02
U1495_U1651_A,sa1,,,3.1581878662e-02
U1902,sa1,6,1,1.5380859375e-02
U1650,sa1,15,1,1.5625000000e-02
U1722,sa1,12,1,4.9218750000e-01
U1740,sa1,12,1,4.9218750000e-01
U1426,sa0,7,1,5.0000000000e-01
U1811,sa0,,,5.0000000000e-01
U1366_U1811_A,sa0,,,5.0000000000e-01
U1308_U1811_B,sa0,,,5.0000000000e-01
U1810,sa0,,,5.0000000000e-01
U1809_U1810_A,sa0,,,5.0000000000e-01
MEMORY_REG_1__1__SCAN_IN_U1810_B,sa0,,,5.0000000000e-01
U1425,sa1,8,1,5.0000000000e-01
U2155,sa1,4,1,5.1562500000e-01
U1651,sa1,30,0,2.5505256653e-01
U1495_U1651_A,sa0,,,2.5505256653e-01
U1526,sa0,30,0,6.2640738487e-01
U1616_U1526_A,sa0,,,6.2640738487e-01
U1618_U1526_B,sa0,,,6.2640738487e-01
U1306_U1526_C,sa0,,,6.2640738487e-01
U1705,sa1,12,1,4.9218750000e-01
U1732,sa1,12,1,4.9218750000e-01
U1750,sa1,12,1,4.9218750000e-01
U1426,sa1,8,1,5.0000000000e-01
U2029,sa1,2,1,1.5625000000e-02
U1912,sa1,22,1,1.5136837959e-02
U1822,sa1,30,0,1.5487670898e-03
U1653,sa0,30,0,4.2301416397e-02
U1615_U1653_A,sa0,,,4.2301416397e-02
U1618_U1653_B,sa0,,,4.2301416397e-02
U1526,sa1,30,0,1.5624523163e-02
U1670,sa1,12,1,4.9218750000e-01
U1715,sa1,12,1,4.9218750000e-01
U1742,sa1,12,1,4.9218750000e-01
U1760,sa1,12,1,4.9218750000e-01
U1805,sa1,12,1,4.9218750000e-01
U1653,sa1,27,1,1.5502929688e-02
U1483,sa0,7,1,5.0000000000e-01
U1668,sa0,,,5.0000000000e-01
U1328_U1668_A,sa0,,,5.0000000000e-01
U1307_U1668_B,sa0,,,5.0000000000e-01
U1667,sa0,,,5.0000000000e-01
U1664_U1667_A,sa0,,,5.0000000000e-01
MEMORY_REG_30__0__SCAN_IN_U1667_B,sa0,,,5.0000000000e-01
U1707,sa1,12,1,4.9218750000e-01
U1725,sa1,12,1,4.9218750000e-01
U1752,sa1,12,1,4.9218750000e-01
U1770,sa1,12,1,4.9218750000e-01
U1528,sa0,30,0,4.2174649239e-01
U1612_U1528_A,sa0,,,4.2174649239e-01
U1614_U1528_B,sa0,,,4.2174649239e-01
U1834,sa0,23,1,3.1250000000e-02
U1530_U1834_A,sa0,,,3.1250000000e-02
U1504_U1834_B,sa0,,,3.1250000000e-02
U1654,sa0,30,0,3.1564354897e-02
U1516_U1654_A,sa1,,,3.1564354897e-02
U1924,sa1,29,1,9.0026855469e-04
U1619,sa0,22,1,1.2500000000e-01
U1530_U1619_A,sa1,,,1.2500000000e-01
U1655,sa0,11,1,9.3750000000e-02
U1497_U1655_A,sa1,,,9.3750000000e-02
U1484,sa0,7,1,5.0000000000e-01
U1666,sa0,,,5.0000000000e-01
U1328_U1666_A,sa0,,,5.0000000000e-01
U1308_U1666_B,sa0,,,5.0000000000e-01
U1665,sa0,,,5.0000000000e-01
U1664_U1665_A,sa0,,,5.0000000000e-01
MEMORY_REG_30__1__SCAN_IN_U1665_B,sa0,,,5.0000000000e-01
U1483,sa1,8,1,5.0000000000e-01
U1672,sa1,12,1,4.9218750000e-01
U1690,sa1,12,1,4.9218750000e-01
U1717,sa1,12,1,4.9218750000e-01
U1735,sa1,12,1,4.9218750000e-01
U1762,sa1,12,1,4.9218750000e-01
U1780,sa1,12,1,4.9218750000e-01
U1807,sa1,12,1,4.9218750000e-01
U1591,sa1,240,0,1.1013096781e-02
U1646,sa0,30,0,7.0223617554e-01
U1621_U1646_A,sa0,,,7.0223617554e-01
U1611_U1646_B,sa0,,,7.0223617554e-01
U1635_U1646_C,sa0,,,7.0223617554e-01
U1528,sa1,30,0,2.9003620148e-02
U1834,sa1,30,0,1.1253356934e-03
U1654,sa1,30,0,7.0693969727e-01
U1516_U1654_A,sa0,,,7.0693969727e-01
U1961,sa1,24,1,4.8065185547e-03
U1656,sa0,30,0,1.5814542770e-02
U1545_U1656_A,sa1,,,1.5814542770e-02
U1619,sa1,30,0,5.7849097252e-01
U1530_U1619_A,sa0,,,5.7849097252e-01
U1655,sa1,30,0,7.5459003448e-01
U1497_U1655_A,sa0,,,7.5459003448e-01
U1484,sa1,8,1,5.0000000000e-01
U1727,sa1,12,1,4.9218750000e-01
U1745,sa1,12,1,4.9218750000e-01
U1772,sa1,12,1,4.9218750000e-01
U1646,sa1,1,1,1.5625000000e-02
U1656,sa1,18,1,5.7849121094e-01
U1545_U1656_A,sa0,,,5.7849121094e-01
U1477,sa0,7,1,5.0000000000e-01
U1683,sa0,,,5.0000000000e-01
U1333_U1683_A,sa0,,,5.0000000000e-01
U1307_U1683_B,sa0,,,5.0000000000e-01
U1682,sa0,,,5.0000000000e-01
U1679_U1682_A,sa0,,,5.0000000000e-01
MEMORY_REG_27__0__SCAN_IN_U1682_B,sa0,,,5.0000000000e-01
U1692,sa1,12,1,4.9218750000e-01
U1737,sa1,12,1,4.9218750000e-01
U1755,sa1,12,1,4.9218750000e-01
U1782,sa1,12,1,4.9218750000e-01
U1593,sa1,240,0,9.2007040977e-02
U1918,sa1,30,0,4.4799804688e-02
U1649,sa0,30,0,3.3058166504e-02
U1635_U1649_A,sa0,,,3.3058166504e-02
U1616_U1649_B,sa0,,,3.3058166504e-02
U1622_U1649_C,sa0,,,3.3058166504e-02
U1675,sa1,12,1,4.9218750000e-01
U1478,sa0,7,1,5.0000000000e-01
U1681,sa0,,,5.0000000000e-01
U1333_U1681_A,sa0,,,5.0000000000e-01
U1308_U1681_B,sa0,,,5.0000000000e-01
U1680,sa0,,,5.0000000000e-01
U1679_U1680_A,sa0,,,5.0000000000e-01
MEMORY_REG_27__1__SCAN_IN_U1680_B,sa0,,,5.0000000000e-01
U1477,sa1,8,1,5.0000000000e-01
U1747,sa1,12,1,4.9218750000e-01
U1765,sa1,12,1,4.9218750000e-01
U1585,sa1,240,0,9.2007040977e-02
U1919,sa1,9,1,7.1716308594e-04
U1649,sa1,10,1,4.7302246094e-04
U1928,sa1,30,0,1.0288238525e-02
U1478,sa1,8,1,5.0000000000e-01
U1757,sa1,12,1,4.9218750000e-01
U1775,sa1,12,1,4.9218750000e-01
U1595,sa1,240,0,4.8282032527e-02
U1956,sa1,30,0,4.4982910156e-02
U1677,sa1,12,1,4.9218750000e-01
U1695,sa1,12,1,4.9218750000e-01
U1767,sa1,12,1,4.9218750000e-01
U1785,sa1,12,1,4.9218750000e-01
U1587,sa1,240,0,4.8282032527e-02
U1957,sa1,30,0,2.8381347656e-03
U1777,sa1,12,1,4.9218750000e-01
U1597,sa1,240,0,4.8282032527e-02
U1868,sa1,10,1,2.3651123047e-04
U1697,sa1,12,1,4.9218750000e-01
U1787,sa1,12,1,4.9218750000e-01
U1589,sa1,240,0,4.8282032527e-02
U1599,sa1,240,0,1.1013096781e-02
U1899,sa1,7,1,1.5625000000e-02
R730_U23,sa1,8,1,3.0517578125e-05
R730_U16,sa0,30,0,3.5953521729e-04
R730_U18_R730_U16_A,sa0,,,3.5953521729e-04
MAX_REG_3__SCAN_IN_R730_U16_B,sa0,,,3.5953521729e-04
R730_U16,sa1,11,1,3.0040740967e-05
R745_U13,sa1,30,0,9.3383789063e-03
U1377_R745_U13_A,sa0,,,9.3383789063e-03
R745_U14,sa1,30,0,1.8616676331e-02
U1378_R745_U14_A,sa0,,,1.8616676331e-02
R785_U12,sa1,30,0,2.6941299438e-04
R745_U17,sa1,30,0,1.4726594090e-03
U1375_R745_U17_A,sa0,,,1.4726594090e-03
R745_U26,sa1,30,0,4.6999335289e-02
R745_U19,sa0,30,0,7.3283910751e-04
U1376_R745_U19_A,sa1,,,7.3283910751e-04
R745_U19,sa1,30,0,6.6225081682e-03
U1376_R745_U19_A,sa0,,,6.6225081682e-03
U1526_U2023_A,sa1,6,1,1.5380859375e-02
U1656_U2001_A,sa1,4,1,5.1562500000e-01
U1613_U2135_A,sa1,27,1,4.6993255615e-02
U1503_U1831_A,sa1,30,0,1.2740492821e-06
U1650_U1522_A,sa1,15,1,1.5625000000e-02
U1650_U1542_A,sa1,24,1,1.5129089355e-02
U1655_U2132_A,sa1,30,0,2.4036407471e-02
U1613_U1643_A,sa1,30,0,3.9787292480e-02
U1651_U1623_A,sa1,30,0,4.9883460999e-01
U1654_U1305_A,sa1,30,0,1.3015747070e-01
U1613_U1606_C,sa1,30,0,9.3940734863e-02
U1619_U2026_A,sa1,24,1,5.9375000000e-01
U1653_U1911_A,sa1,5,1,1.1718750000e-02
U1655_U1640_A,sa1,10,1,6.6587066650e-01
U1654_U1631_B,sa1,30,0,8.1169128418e-02
U1619_U1631_A,sa1,30,0,5.9408903122e-02
U1653_U1542_B,sa1,22,1,1.5136718750e-02
U1654_U1524_A,sa1,30,0,5.3101348877e-01
U1528_U1371_A,sa1,30,0,1.4405727386e-02
U1646_U1551_A,sa1,10,1,1.5136718750e-02
U1834_U1309_A,sa1,29,1,1.3122558594e-03
U1619_U2027_C,sa1,10,1,9.3750000000e-02
U1656_U1624_A,sa1,2,1,6.2500000000e-02
U1619_U1626_A,sa1,30,0,9.5815181732e-02
U1654_U1537_A,sa1,28,1,9.3490600586e-02
U1619_U1534_C,sa1,30,0,6.6129565239e-02
U1651_U1639_B,sa1,24,1,1.4648437500e-02
U1649_U1911_C,sa1,4,1,3.6621093750e-04
U1834_U1835_B,sa1,16,1,1.1444091797e-03
U1649_U1931_B,sa1,9,1,4.2724609375e-04
U1528_U1964_A,sa1,10,1,1.5136718750e-02
U1656_U1936_A,sa1,3,1,3.6621093750e-04
U1655_U1827_C,sa1,8,1,2.3437500000e-02
U1646_U1388_A,sa1,1,1,1.5625000000e-02
U1528_U1967_A,sa1,10,1,1.5136718750e-02
U1655_U1498_A,sa1,30,0,8.5744857788e-02
U1619_U1997_C,sa1,12,1,3.6239624023e-04
R745_U7,sa0,30,0,1.5753030777e-02
U1380_R745_U7_A,sa1,,,1.5753030777e-02
R745_U7,sa1,30,0,3.1500101089e-02
U1380_R745_U7_A,sa0,,,3.1500101089e-02
U2003,sa1,5,1,1.5869379044e-02
U1430,sa0,7,1,5.0000000000e-01
U1801,sa0,,,5.0000000000e-01
U1364_U1801_A,sa0,,,5.0000000000e-01
U1308_U1801_B,sa0,,,5.0000000000e-01
U1800,sa0,,,5.0000000000e-01
U1799_U1800_A,sa0,,,5.0000000000e-01
MEMORY_REG_3__1__SCAN_IN_U1800_B,sa0,,,5.0000000000e-01
U1440,sa0,7,1,5.0000000000e-01
U1776,sa0,,,5.0000000000e-01
U1357_U1776_A,sa0,,,5.0000000000e-01
U1308_U1776_B,sa0,,,5.0000000000e-01
U1775,sa0,,,5.0000000000e-01
U1774_U1775_A,sa0,,,5.0000000000e-01
MEMORY_REG_8__1__SCAN_IN_U1775_B,sa0,,,5.0000000000e-01
U1430,sa1,8,1,5.0000000000e-01
U2015,sa1,6,1,2.2656250000e-01
U1450,sa0,7,1,5.0000000000e-01
U1751,sa0,,,5.0000000000e-01
U1352_U1751_A,sa0,,,5.0000000000e-01
U1308_U1751_B,sa0,,,5.0000000000e-01
U1750,sa0,,,5.0000000000e-01
U1749_U1750_A,sa0,,,5.0000000000e-01
MEMORY_REG_13__1__SCAN_IN_U1750_B,sa0,,,5.0000000000e-01
U1441,sa0,7,1,5.0000000000e-01
U1773,sa0,,,5.0000000000e-01
U1356_U1773_A,sa0,,,5.0000000000e-01
U1307_U1773_B,sa0,,,5.0000000000e-01
U1772,sa0,,,5.0000000000e-01
U1769_U1772_A,sa0,,,5.0000000000e-01
MEMORY_REG_9__0__SCAN_IN_U1772_B,sa0,,,5.0000000000e-01
U1440,sa1,8,1,5.0000000000e-01
U1460,sa0,7,1,5.0000000000e-01
U1726,sa0,,,5.0000000000e-01
U1345_U1726_A,sa0,,,5.0000000000e-01
U1308_U1726_B,sa0,,,5.0000000000e-01
U1725,sa0,,,5.0000000000e-01
U1724_U1725_A,sa0,,,5.0000000000e-01
MEMORY_REG_18__1__SCAN_IN_U1725_B,sa0,,,5.0000000000e-01
U1451,sa0,7,1,5.0000000000e-01
U1748,sa0,,,5.0000000000e-01
U1350_U1748_A,sa0,,,5.0000000000e-01
U1307_U1748_B,sa0,,,5.0000000000e-01
U1747,sa0,,,5.0000000000e-01
U1744_U1747_A,sa0,,,5.0000000000e-01
MEMORY_REG_14__0__SCAN_IN_U1747_B,sa0,,,5.0000000000e-01
U1450,sa1,8,1,5.0000000000e-01
U1442,sa0,7,1,5.0000000000e-01
U1771,sa0,,,5.0000000000e-01
U1356_U1771_A,sa0,,,5.0000000000e-01
U1308_U1771_B,sa0,,,5.0000000000e-01
U1770,sa0,,,5.0000000000e-01
U1769_U1770_A,sa0,,,5.0000000000e-01
MEMORY_REG_9__1__SCAN_IN_U1770_B,sa0,,,5.0000000000e-01
U1441,sa1,8,1,5.0000000000e-01
R730_U16_R730_U20_A,sa1,5,1,1.4781951904e-05
U1901,sa1,30,0,2.9052734375e-02
U1470,sa0,7,1,5.0000000000e-01
U1701,sa0,,,5.0000000000e-01
U1339_U1701_A,sa0,,,5.0000000000e-01
U1308_U1701_B,sa0,,,5.0000000000e-01
U1700,sa0,,,5.0000000000e-01
U1699_U1700_A,sa0,,,5.0000000000e-01
MEMORY_REG_23__1__SCAN_IN_U1700_B,sa0,,,5.0000000000e-01
U1461,sa0,7,1,5.0000000000e-01
U1723,sa0,,,5.0000000000e-01
U1344_U1723_A,sa0,,,5.0000000000e-01
U1307_U1723_B,sa0,,,5.0000000000e-01
U1722,sa0,,,5.0000000000e-01
U1719_U1722_A,sa0,,,5.0000000000e-01
MEMORY_REG_19__0__SCAN_IN_U1722_B,sa0,,,5.0000000000e-01
U1460,sa1,8,1,5.0000000000e-01
U1452,sa0,7,1,5.0000000000e-01
U1746,sa0,,,5.0000000000e-01
U1350_U1746_A,sa0,,,5.0000000000e-01
U1308_U1746_B,sa0,,,5.0000000000e-01
U1745,sa0,,,5.0000000000e-01
U1744_U1745_A,sa0,,,5.0000000000e-01
MEMORY_REG_14__1__SCAN_IN_U1745_B,sa0,,,5.0000000000e-01
U1451,sa1,8,1,5.0000000000e-01
U1443,sa0,7,1,5.0000000000e-01
U1768,sa0,,,5.0000000000e-01
U1355_U1768_A,sa0,,,5.0000000000e-01
U1307_U1768_B,sa0,,,5.0000000000e-01
U1767,sa0,,,5.0000000000e-01
U1764_U1767_A,sa0,,,5.0000000000e-01
MEMORY_REG_10__0__SCAN_IN_U1767_B,sa0,,,5.0000000000e-01
U1442,sa1,8,1,5.0000000000e-01
U1480,sa0,7,1,5.0000000000e-01
U1676,sa0,,,5.0000000000e-01
U1331_U1676_A,sa0,,,5.0000000000e-01
U1308_U1676_B,sa0,,,5.0000000000e-01
U1675,sa0,,,5.0000000000e-01
U1674_U1675_A,sa0,,,5.0000000000e-01
MEMORY_REG_28__1__SCAN_IN_U1675_B,sa0,,,5.0000000000e-01
U1471,sa0,7,1,5.0000000000e-01
U1698,sa0,,,5.0000000000e-01
U1337_U1698_A,sa0,,,5.0000000000e-01
U1307_U1698_B,sa0,,,5.0000000000e-01
U1697,sa0,,,5.0000000000e-01
U1694_U1697_A,sa0,,,5.0000000000e-01
MEMORY_REG_24__0__SCAN_IN_U1697_B,sa0,,,5.0000000000e-01
U1470,sa1,8,1,5.0000000000e-01
U1462,sa0,7,1,5.0000000000e-01
U1721,sa0,,,5.0000000000e-01
U1344_U1721_A,sa0,,,5.0000000000e-01
U1308_U1721_B,sa0,,,5.0000000000e-01
U1720,sa0,,,5.0000000000e-01
U1719_U1720_A,sa0,,,5.0000000000e-01
MEMORY_REG_19__1__SCAN_IN_U1720_B,sa0,,,5.0000000000e-01
U1461,sa1,8,1,5.0000000000e-01
U1453,sa0,7,1,5.0000000000e-01
U1743,sa0,,,5.0000000000e-01
U1349_U1743_A,sa0,,,5.0000000000e-01
U1307_U1743_B,sa0,,,5.0000000000e-01
U1742,sa0,,,5.0000000000e-01
U1739_U1742_A,sa0,,,5.0000000000e-01
MEMORY_REG_15__0__SCAN_IN_U1742_B,sa0,,,5.0000000000e-01
U1452,sa1,8,1,5.0000000000e-01
U1444,sa0,7,1,5.0000000000e-01
U1766,sa0,,,5.0000000000e-01
U1355_U1766_A,sa0,,,5.0000000000e-01
U1308_U1766_B,sa0,,,5.0000000000e-01
U1765,sa0,,,5.0000000000e-01
U1764_U1765_A,sa0,,,5.0000000000e-01
MEMORY_REG_10__1__SCAN_IN_U1765_B,sa0,,,5.0000000000e-01
U1443,sa1,8,1,5.0000000000e-01
U1435,sa0,7,1,5.0000000000e-01
U1788,sa0,,,5.0000000000e-01
U1360_U1788_A,sa0,,,5.0000000000e-01
U1307_U1788_B,sa0,,,5.0000000000e-01
U1787,sa0,,,5.0000000000e-01
U1784_U1787_A,sa0,,,5.0000000000e-01
MEMORY_REG_6__0__SCAN_IN_U1787_B,sa0,,,5.0000000000e-01
U1390,sa0,30,0,4.6875000000e-01
U1591,sa0,,,4.6875000000e-01
U2066,sa0,,,4.6875000000e-01
U1326_U2066_A,sa0,,,4.6875000000e-01
MEMORY_REG_31__1__SCAN_IN_U2066_B,sa0,,,4.6875000000e-01
U2065,sa0,,,4.6875000000e-01
U1328_U2065_A,sa0,,,4.6875000000e-01
MEMORY_REG_30__1__SCAN_IN_U2065_B,sa0,,,4.6875000000e-01
U2064,sa0,,,4.6875000000e-01
U1330_U2064_A,sa0,,,4.6875000000e-01
MEMORY_REG_29__1__SCAN_IN_U2064_B,sa0,,,4.6875000000e-01
U2063,sa0,,,4.6875000000e-01
U1331_U2063_A,sa0,,,4.6875000000e-01
MEMORY_REG_28__1__SCAN_IN_U2063_B,sa0,,,4.6875000000e-01
U1590,sa0,,,4.6875000000e-01
U2062,sa0,,,4.6875000000e-01
U1333_U2062_A,sa0,,,4.6875000000e-01
MEMORY_REG_27__1__SCAN_IN_U2062_B,sa0,,,4.6875000000e-01
U2061,sa0,,,4.6875000000e-01
U1335_U2061_A,sa0,,,4.6875000000e-01
MEMORY_REG_26__1__SCAN_IN_U2061_B,sa0,,,4.6875000000e-01
U2060,sa0,,,4.6875000000e-01
U1336_U2060_A,sa0,,,4.6875000000e-01
MEMORY_REG_25__1__SCAN_IN_U2060_B,sa0,,,4.6875000000e-01
U2059,sa0,,,4.6875000000e-01
U1337_U2059_A,sa0,,,4.6875000000e-01
MEMORY_REG_24__1__SCAN_IN_U2059_B,sa0,,,4.6875000000e-01
U1589,sa0,,,4.6875000000e-01
U2058,sa0,,,4.6875000000e-01
U1339_U2058_A,sa0,,,4.6875000000e-01
MEMORY_REG_23__1__SCAN_IN_U2058_B,sa0,,,4.6875000000e-01
U2057,sa0,,,4.6875000000e-01
U1340_U2057_A,sa0,,,4.6875000000e-01
MEMORY_REG_22__1__SCAN_IN_U2057_B,sa0,,,4.6875000000e-01
U2056,sa0,,,4.6875000000e-01
U1342_U2056_A,sa0,,,4.6875000000e-01
MEMORY_REG_21__1__SCAN_IN_U2056_B,sa0,,,4.6875000000e-01
U2055,sa0,,,4.6875000000e-01
U1343_U2055_A,sa0,,,4.6875000000e-01
MEMORY_REG_20__1__SCAN_IN_U2055_B,sa0,,,4.6875000000e-01
U1588,sa0,,,4.6875000000e-01
U2054,sa0,,,4.6875000000e-01
U1344_U2054_A,sa0,,,4.6875000000e-01
MEMORY_REG_19__1__SCAN_IN_U2054_B,sa0,,,4.6875000000e-01
U2053,sa0,,,4.6875000000e-01
U1345_U2053_A,sa0,,,4.6875000000e-01
MEMORY_REG_18__1__SCAN_IN_U2053_B,sa0,,,4.6875000000e-01
U2052,sa0,,,4.6875000000e-01
U1346_U2052_A,sa0,,,4.6875000000e-01
MEMORY_REG_17__1__SCAN_IN_U2052_B,sa0,,,4.6875000000e-01
U2051,sa0,,,4.6875000000e-01
U1347_U2051_A,sa0,,,4.6875000000e-01
MEMORY_REG_16__1__SCAN_IN_U2051_B,sa0,,,4.6875000000e-01
U1587,sa0,,,4.6875000000e-01
U2050,sa0,,,4.6875000000e-01
U1349_U2050_A,sa0,,,4.6875000000e-01
MEMORY_REG_15__1__SCAN_IN_U2050_B,sa0,,,4.6875000000e-01
U2049,sa0,,,4.6875000000e-01
U1350_U2049_A,sa0,,,4.6875000000e-01
MEMORY_REG_14__1__SCAN_IN_U2049_B,sa0,,,4.6875000000e-01
U2048,sa0,,,4.6875000000e-01
U1352_U2048_A,sa0,,,4.6875000000e-01
MEMORY_REG_13__1__SCAN_IN_U2048_B,sa0,,,4.6875000000e-01
U2047,sa0,,,4.6875000000e-01
U1353_U2047_A,sa0,,,4.6875000000e-01
MEMORY_REG_12__1__SCAN_IN_U2047_B,sa0,,,4.6875000000e-01
U1586,sa0,,,4.6875000000e-01
U2046,sa0,,,4.6875000000e-01
U1354_U2046_A,sa0,,,4.6875000000e-01
MEMORY_REG_11__1__SCAN_IN_U2046_B,sa0,,,4.6875000000e-01
U2045,sa0,,,4.6875000000e-01
U1355_U2045_A,sa0,,,4.6875000000e-01
MEMORY_REG_10__1__SCAN_IN_U2045_B,sa0,,,4.6875000000e-01
U2044,sa0,,,4.6875000000e-01
U1356_U2044_A,sa0,,,4.6875000000e-01
MEMORY_REG_9__1__SCAN_IN_U2044_B,sa0,,,4.6875000000e-01
U2043,sa0,,,4.6875000000e-01
U1357_U2043_A,sa0,,,4.6875000000e-01
MEMORY_REG_8__1__SCAN_IN_U2043_B,sa0,,,4.6875000000e-01
U1585,sa0,,,4.6875000000e-01
U2042,sa0,,,4.6875000000e-01
U1359_U2042_A,sa0,,,4.6875000000e-01
MEMORY_REG_7__1__SCAN_IN_U2042_B,sa0,,,4.6875000000e-01
U2041,sa0,,,4.6875000000e-01
U1360_U2041_A,sa0,,,4.6875000000e-01
MEMORY_REG_6__1__SCAN_IN_U2041_B,sa0,,,4.6875000000e-01
U2040,sa0,,,4.6875000000e-01
U1362_U2040_A,sa0,,,4.6875000000e-01
MEMORY_REG_5__1__SCAN_IN_U2040_B,sa0,,,4.6875000000e-01
U2039,sa0,,,4.6875000000e-01
U1363_U2039_A,sa0,,,4.6875000000e-01
MEMORY_REG_4__1__SCAN_IN_U2039_B,sa0,,,4.6875000000e-01
U1584,sa0,,,4.6875000000e-01
U2038,sa0,,,4.6875000000e-01
U1364_U2038_A,sa0,,,4.6875000000e-01
MEMORY_REG_3__1__SCAN_IN_U2038_B,sa0,,,4.6875000000e-01
U2037,sa0,,,4.6875000000e-01
U1365_U2037_A,sa0,,,4.6875000000e-01
MEMORY_REG_2__1__SCAN_IN_U2037_B,sa0,,,4.6875000000e-01
U2036,sa0,,,4.6875000000e-01
U1366_U2036_A,sa0,,,4.6875000000e-01
MEMORY_REG_1__1__SCAN_IN_U2036_B,sa0,,,4.6875000000e-01
U2035,sa0,,,4.6875000000e-01
U1367_U2035_A,sa0,,,4.6875000000e-01
MEMORY_REG_0__1__SCAN_IN_U2035_B,sa0,,,4.6875000000e-01
U1481,sa0,7,1,5.0000000000e-01
U1673,sa0,,,5.0000000000e-01
U1330_U1673_A,sa0,,,5.0000000000e-01
U1307_U1673_B,sa0,,,5.0000000000e-01
U1672,sa0,,,5.0000000000e-01
U1669_U1672_A,sa0,,,5.0000000000e-01
MEMORY_REG_29__0__SCAN_IN_U1672_B,sa0,,,5.0000000000e-01
U1480,sa1,8,1,5.0000000000e-01
U1472,sa0,7,1,5.0000000000e-01
U1696,sa0,,,5.0000000000e-01
U1337_U1696_A,sa0,,,5.0000000000e-01
U1308_U1696_B,sa0,,,5.0000000000e-01
U1695,sa0,,,5.0000000000e-01
U1694_U1695_A,sa0,,,5.0000000000e-01
MEMORY_REG_24__1__SCAN_IN_U1695_B,sa0,,,5.0000000000e-01
U1471,sa1,8,1,5.0000000000e-01
U1463,sa0,7,1,5.0000000000e-01
U1718,sa0,,,5.0000000000e-01
U1343_U1718_A,sa0,,,5.0000000000e-01
U1307_U1718_B,sa0,,,5.0000000000e-01
U1717,sa0,,,5.0000000000e-01
U1714_U1717_A,sa0,,,5.0000000000e-01
MEMORY_REG_20__0__SCAN_IN_U1717_B,sa0,,,5.0000000000e-01
U1462,sa1,8,1,5.0000000000e-01
U1454,sa0,7,1,5.0000000000e-01
U1741,sa0,,,5.0000000000e-01
U1349_U1741_A,sa0,,,5.0000000000e-01
U1308_U1741_B,sa0,,,5.0000000000e-01
U1740,sa0,,,5.0000000000e-01
U1739_U1740_A,sa0,,,5.0000000000e-01
MEMORY_REG_15__1__SCAN_IN_U1740_B,sa0,,,5.0000000000e-01
U1453,sa1,8,1,5.0000000000e-01
U1445,sa0,7,1,5.0000000000e-01
U1763,sa0,,,5.0000000000e-01
U1354_U1763_A,sa0,,,5.0000000000e-01
U1307_U1763_B,sa0,,,5.0000000000e-01
U1762,sa0,,,5.0000000000e-01
U1759_U1762_A,sa0,,,5.0000000000e-01
MEMORY_REG_11__0__SCAN_IN_U1762_B,sa0,,,5.0000000000e-01
U1444,sa1,8,1,5.0000000000e-01
U1436,sa0,7,1,5.0000000000e-01
U1786,sa0,,,5.0000000000e-01
U1360_U1786_A,sa0,,,5.0000000000e-01
U1308_U1786_B,sa0,,,5.0000000000e-01
U1785,sa0,,,5.0000000000e-01
U1784_U1785_A,sa0,,,5.0000000000e-01
MEMORY_REG_6__1__SCAN_IN_U1785_B,sa0,,,5.0000000000e-01
U1435,sa1,8,1,5.0000000000e-01
U1427,sa0,7,1,5.0000000000e-01
U1808,sa0,,,5.0000000000e-01
U1365_U1808_A,sa0,,,5.0000000000e-01
U1307_U1808_B,sa0,,,5.0000000000e-01
U1807,sa0,,,5.0000000000e-01
U1804_U1807_A,sa0,,,5.0000000000e-01
MEMORY_REG_2__0__SCAN_IN_U1807_B,sa0,,,5.0000000000e-01
U1390,sa1,30,0,3.5938356281e-01
U1482,sa0,7,1,5.0000000000e-01
U1671,sa0,,,5.0000000000e-01
U1330_U1671_A,sa0,,,5.0000000000e-01
U1308_U1671_B,sa0,,,5.0000000000e-01
U1670,sa0,,,5.0000000000e-01
U1669_U1670_A,sa0,,,5.0000000000e-01
MEMORY_REG_29__1__SCAN_IN_U1670_B,sa0,,,5.0000000000e-01
U1481,sa1,8,1,5.0000000000e-01
U1473,sa0,7,1,5.0000000000e-01
U1693,sa0,,,5.0000000000e-01
U1336_U1693_A,sa0,,,5.0000000000e-01
U1307_U1693_B,sa0,,,5.0000000000e-01
U1692,sa0,,,5.0000000000e-01
U1689_U1692_A,sa0,,,5.0000000000e-01
MEMORY_REG_25__0__SCAN_IN_U1692_B,sa0,,,5.0000000000e-01
U1472,sa1,8,1,5.0000000000e-01
U1464,sa0,7,1,5.0000000000e-01
U1716,sa0,,,5.0000000000e-01
U1343_U1716_A,sa0,,,5.0000000000e-01
U1308_U1716_B,sa0,,,5.0000000000e-01
U1715,sa0,,,5.0000000000e-01
U1714_U1715_A,sa0,,,5.0000000000e-01
MEMORY_REG_20__1__SCAN_IN_U1715_B,sa0,,,5.0000000000e-01
U1463,sa1,8,1,5.0000000000e-01
U1455,sa0,7,1,5.0000000000e-01
U1738,sa0,,,5.0000000000e-01
U1347_U1738_A,sa0,,,5.0000000000e-01
U1307_U1738_B,sa0,,,5.0000000000e-01
U1737,sa0,,,5.0000000000e-01
U1734_U1737_A,sa0,,,5.0000000000e-01
MEMORY_REG_16__0__SCAN_IN_U1737_B,sa0,,,5.0000000000e-01
U1454,sa1,8,1,5.0000000000e-01
U1446,sa0,7,1,5.0000000000e-01
U1761,sa0,,,5.0000000000e-01
U1354_U1761_A,sa0,,,5.0000000000e-01
U1308_U1761_B,sa0,,,5.0000000000e-01
U1760,sa0,,,5.0000000000e-01
U1759_U1760_A,sa0,,,5.0000000000e-01
MEMORY_REG_11__1__SCAN_IN_U1760_B,sa0,,,5.0000000000e-01
U1445,sa1,8,1,5.0000000000e-01
U1437,sa0,7,1,5.0000000000e-01
U1783,sa0,,,5.0000000000e-01
U1359_U1783_A,sa0,,,5.0000000000e-01
U1307_U1783_B,sa0,,,5.0000000000e-01
U1782,sa0,,,5.0000000000e-01
U1779_U1782_A,sa0,,,5.0000000000e-01
MEMORY_REG_7__0__SCAN_IN_U1782_B,sa0,,,5.0000000000e-01
U1436,sa1,8,1,5.0000000000e-01
U1428,sa0,7,1,5.0000000000e-01
U1806,sa0,,,5.0000000000e-01
U1365_U1806_A,sa0,,,5.0000000000e-01
U1308_U1806_B,sa0,,,5.0000000000e-01
U1805,sa0,,,5.0000000000e-01
U1804_U1805_A,sa0,,,5.0000000000e-01
MEMORY_REG_2__1__SCAN_IN_U1805_B,sa0,,,5.0000000000e-01
U1427,sa1,8,1,5.0000000000e-01
U1555,sa0,28,1,3.3593750000e-01
U1562_U1555_A,sa0,,,3.3593750000e-01
U1993_U1555_B,sa0,,,3.3593750000e-01
U1482,sa1,8,1,5.0000000000e-01
U1474,sa0,7,1,5.0000000000e-01
U1691,sa0,,,5.0000000000e-01
U1336_U1691_A,sa0,,,5.0000000000e-01
U1308_U1691_B,sa0,,,5.0000000000e-01
U1690,sa0,,,5.0000000000e-01
U1689_U1690_A,sa0,,,5.0000000000e-01
MEMORY_REG_25__1__SCAN_IN_U1690_B,sa0,,,5.0000000000e-01
U1473,sa1,8,1,5.0000000000e-01
U1465,sa0,7,1,5.0000000000e-01
U1713,sa0,,,5.0000000000e-01
U1342_U1713_A,sa0,,,5.0000000000e-01
U1307_U1713_B,sa0,,,5.0000000000e-01
U1712,sa0,,,5.0000000000e-01
U1709_U1712_A,sa0,,,5.0000000000e-01
MEMORY_REG_21__0__SCAN_IN_U1712_B,sa0,,,5.0000000000e-01
U1464,sa1,8,1,5.0000000000e-01
U1456,sa0,7,1,5.0000000000e-01
U1736,sa0,,,5.0000000000e-01
U1347_U1736_A,sa0,,,5.0000000000e-01
U1308_U1736_B,sa0,,,5.0000000000e-01
U1735,sa0,,,5.0000000000e-01
U1734_U1735_A,sa0,,,5.0000000000e-01
MEMORY_REG_16__1__SCAN_IN_U1735_B,sa0,,,5.0000000000e-01
U1455,sa1,8,1,5.0000000000e-01
U1447,sa0,7,1,5.0000000000e-01
U1758,sa0,,,5.0000000000e-01
U1353_U1758_A,sa0,,,5.0000000000e-01
U1307_U1758_B,sa0,,,5.0000000000e-01
U1757,sa0,,,5.0000000000e-01
U1754_U1757_A,sa0,,,5.0000000000e-01
MEMORY_REG_12__0__SCAN_IN_U1757_B,sa0,,,5.0000000000e-01
U1446,sa1,8,1,5.0000000000e-01
U1438,sa0,7,1,5.0000000000e-01
U1781,sa0,,,5.0000000000e-01
U1359_U1781_A,sa0,,,5.0000000000e-01
U1308_U1781_B,sa0,,,5.0000000000e-01
U1780,sa0,,,5.0000000000e-01
U1779_U1780_A,sa0,,,5.0000000000e-01
MEMORY_REG_7__1__SCAN_IN_U1780_B,sa0,,,5.0000000000e-01
U1437,sa1,8,1,5.0000000000e-01
U1429,sa0,7,1,5.0000000000e-01
U1803,sa0,,,5.0000000000e-01
U1364_U1803_A,sa0,,,5.0000000000e-01
U1307_U1803_B,sa0,,,5.0000000000e-01
U1802,sa0,,,5.0000000000e-01
U1799_U1802_A,sa0,,,5.0000000000e-01
MEMORY_REG_3__0__SCAN_IN_U1802_B,sa0,,,5.0000000000e-01
U1428,sa1,8,1,5.0000000000e-01
U1555,sa1,21,1,1.6406250000e-01
U1474,sa1,8,1,5.0000000000e-01
U1466,sa0,7,1,5.0000000000e-01
U1711,sa0,,,5.0000000000e-01
U1342_U1711_A,sa0,,,5.0000000000e-01
U1308_U1711_B,sa0,,,5.0000000000e-01
U1710,sa0,,,5.0000000000e-01
U1709_U1710_A,sa0,,,5.0000000000e-01
MEMORY_REG_21__1__SCAN_IN_U1710_B,sa0,,,5.0000000000e-01
U1465,sa1,8,1,5.0000000000e-01
U1457,sa0,7,1,5.0000000000e-01
U1733,sa0,,,5.0000000000e-01
U1346_U1733_A,sa0,,,5.0000000000e-01
U1307_U1733_B,sa0,,,5.0000000000e-01
U1732,sa0,,,5.0000000000e-01
U1729_U1732_A,sa0,,,5.0000000000e-01
MEMORY_REG_17__0__SCAN_IN_U1732_B,sa0,,,5.0000000000e-01
U1456,sa1,8,1,5.0000000000e-01
U1448,sa0,7,1,5.0000000000e-01
U1756,sa0,,,5.0000000000e-01
U1353_U1756_A,sa0,,,5.0000000000e-01
U1308_U1756_B,sa0,,,5.0000000000e-01
U1755,sa0,,,5.0000000000e-01
U1754_U1755_A,sa0,,,5.0000000000e-01
MEMORY_REG_12__1__SCAN_IN_U1755_B,sa0,,,5.0000000000e-01
U1447,sa1,8,1,5.0000000000e-01
U1439,sa0,7,1,5.0000000000e-01
U1778,sa0,,,5.0000000000e-01
U1357_U1778_A,sa0,,,5.0000000000e-01
U1307_U1778_B,sa0,,,5.0000000000e-01
U1777,sa0,,,5.0000000000e-01
U1774_U1777_A,sa0,,,5.0000000000e-01
MEMORY_REG_8__0__SCAN_IN_U1777_B,sa0,,,5.0000000000e-01
U1438,sa1,8,1,5.0000000000e-01
U1429,sa1,8,1,5.0000000000e-01
U1951,sa1,5,1,2.2351741791e-07
U1467,sa0,7,1,5.0000000000e-01
U1708,sa0,,,5.0000000000e-01
U1340_U1708_A,sa0,,,5.0000000000e-01
U1307_U1708_B,sa0,,,5.0000000000e-01
U1707,sa0,,,5.0000000000e-01
U1704_U1707_A,sa0,,,5.0000000000e-01
MEMORY_REG_22__0__SCAN_IN_U1707_B,sa0,,,5.0000000000e-01
U1466,sa1,8,1,5.0000000000e-01
U1458,sa0,7,1,5.0000000000e-01
U1731,sa0,,,5.0000000000e-01
U1346_U1731_A,sa0,,,5.0000000000e-01
U1308_U1731_B,sa0,,,5.0000000000e-01
U1730,sa0,,,5.0000000000e-01
U1729_U1730_A,sa0,,,5.0000000000e-01
MEMORY_REG_17__1__SCAN_IN_U1730_B,sa0,,,5.0000000000e-01
U1457,sa1,8,1,5.0000000000e-01
U1449,sa0,7,1,5.0000000000e-01
U1753,sa0,,,5.0000000000e-01
U1352_U1753_A,sa0,,,5.0000000000e-01
U1307_U1753_B,sa0,,,5.0000000000e-01
U1752,sa0,,,5.0000000000e-01
U1749_U1752_A,sa0,,,5.0000000000e-01
MEMORY_REG_13__0__SCAN_IN_U1752_B,sa0,,,5.0000000000e-01
U1448,sa1,8,1,5.0000000000e-01
U1439,sa1,8,1,5.0000000000e-01
U1962,sa1,30,0,1.9042968750e-02
U1468,sa0,7,1,5.0000000000e-01
U1706,sa0,,,5.0000000000e-01
U1340_U1706_A,sa0,,,5.0000000000e-01
U1308_U1706_B,sa0,,,5.0000000000e-01
U1705,sa0,,,5.0000000000e-01
U1704_U1705_A,sa0,,,5.0000000000e-01
MEMORY_REG_22__1__SCAN_IN_U1705_B,sa0,,,5.0000000000e-01
U1467,sa1,8,1,5.0000000000e-01
U1459,sa0,7,1,5.0000000000e-01
U1728,sa0,,,5.0000000000e-01
U1345_U1728_A,sa0,,,5.0000000000e-01
U1307_U1728_B,sa0,,,5.0000000000e-01
U1727,sa0,,,5.0000000000e-01
U1724_U1727_A,sa0,,,5.0000000000e-01
MEMORY_REG_18__0__SCAN_IN_U1727_B,sa0,,,5.0000000000e-01
U1458,sa1,8,1,5.0000000000e-01
U1449,sa1,8,1,5.0000000000e-01
U1469,sa0,7,1,5.0000000000e-01
U1703,sa0,,,5.0000000000e-01
U1339_U1703_A,sa0,,,5.0000000000e-01
U1307_U1703_B,sa0,,,5.0000000000e-01
U1702,sa0,,,5.0000000000e-01
U1699_U1702_A,sa0,,,5.0000000000e-01
MEMORY_REG_23__0__SCAN_IN_U1702_B,sa0,,,5.0000000000e-01
U1468,sa1,8,1,5.0000000000e-01
U1459,sa1,8,1,5.0000000000e-01
U1479,sa0,7,1,5.0000000000e-01
U1678,sa0,,,5.0000000000e-01
U1331_U1678_A,sa0,,,5.0000000000e-01
U1307_U1678_B,sa0,,,5.0000000000e-01
U1677,sa0,,,5.0000000000e-01
U1674_U1677_A,sa0,,,5.0000000000e-01
MEMORY_REG_28__0__SCAN_IN_U1677_B,sa0,,,5.0000000000e-01
U1469,sa1,8,1,5.0000000000e-01
U1389,sa0,30,0,4.6875000000e-01
U1599,sa0,,,4.6875000000e-01
U2098,sa0,,,4.6875000000e-01
U1326_U2098_A,sa0,,,4.6875000000e-01
MEMORY_REG_31__0__SCAN_IN_U2098_B,sa0,,,4.6875000000e-01
U2097,sa0,,,4.6875000000e-01
U1328_U2097_A,sa0,,,4.6875000000e-01
MEMORY_REG_30__0__SCAN_IN_U2097_B,sa0,,,4.6875000000e-01
U2096,sa0,,,4.6875000000e-01
U1330_U2096_A,sa0,,,4.6875000000e-01
MEMORY_REG_29__0__SCAN_IN_U2096_B,sa0,,,4.6875000000e-01
U2095,sa0,,,4.6875000000e-01
U1331_U2095_A,sa0,,,4.6875000000e-01
MEMORY_REG_28__0__SCAN_IN_U2095_B,sa0,,,4.6875000000e-01
U1598,sa0,,,4.6875000000e-01
U2094,sa0,,,4.6875000000e-01
U1333_U2094_A,sa0,,,4.6875000000e-01
MEMORY_REG_27__0__SCAN_IN_U2094_B,sa0,,,4.6875000000e-01
U2093,sa0,,,4.6875000000e-01
U1335_U2093_A,sa0,,,4.6875000000e-01
MEMORY_REG_26__0__SCAN_IN_U2093_B,sa0,,,4.6875000000e-01
U2092,sa0,,,4.6875000000e-01
U1336_U2092_A,sa0,,,4.6875000000e-01
MEMORY_REG_25__0__SCAN_IN_U2092_B,sa0,,,4.6875000000e-01
U2091,sa0,,,4.6875000000e-01
U1337_U2091_A,sa0,,,4.6875000000e-01
MEMORY_REG_24__0__SCAN_IN_U2091_B,sa0,,,4.6875000000e-01
U1597,sa0,,,4.6875000000e-01
U2090,sa0,,,4.6875000000e-01
U1339_U2090_A,sa0,,,4.6875000000e-01
MEMORY_REG_23__0__SCAN_IN_U2090_B,sa0,,,4.6875000000e-01
U2089,sa0,,,4.6875000000e-01
U1340_U2089_A,sa0,,,4.6875000000e-01
MEMORY_REG_22__0__SCAN_IN_U2089_B,sa0,,,4.6875000000e-01
U2088,sa0,,,4.6875000000e-01
U1342_U2088_A,sa0,,,4.6875000000e-01
MEMORY_REG_21__0__SCAN_IN_U2088_B,sa0,,,4.6875000000e-01
U2087,sa0,,,4.6875000000e-01
U1343_U2087_A,sa0,,,4.6875000000e-01
MEMORY_REG_20__0__SCAN_IN_U2087_B,sa0,,,4.6875000000e-01
U1596,sa0,,,4.6875000000e-01
U2086,sa0,,,4.6875000000e-01
U1344_U2086_A,sa0,,,4.6875000000e-01
MEMORY_REG_19__0__SCAN_IN_U2086_B,sa0,,,4.6875000000e-01
U2085,sa0,,,4.6875000000e-01
U1345_U2085_A,sa0,,,4.6875000000e-01
MEMORY_REG_18__0__SCAN_IN_U2085_B,sa0,,,4.6875000000e-01
U2084,sa0,,,4.6875000000e-01
U1346_U2084_A,sa0,,,4.6875000000e-01
MEMORY_REG_17__0__SCAN_IN_U2084_B,sa0,,,4.6875000000e-01
U2083,sa0,,,4.6875000000e-01
U1347_U2083_A,sa0,,,4.6875000000e-01
MEMORY_REG_16__0__SCAN_IN_U2083_B,sa0,,,4.6875000000e-01
U1595,sa0,,,4.6875000000e-01
U2082,sa0,,,4.6875000000e-01
U1349_U2082_A,sa0,,,4.6875000000e-01
MEMORY_REG_15__0__SCAN_IN_U2082_B,sa0,,,4.6875000000e-01
U2081,sa0,,,4.6875000000e-01
U1350_U2081_A,sa0,,,4.6875000000e-01
MEMORY_REG_14__0__SCAN_IN_U2081_B,sa0,,,4.6875000000e-01
U2080,sa0,,,4.6875000000e-01
U1352_U2080_A,sa0,,,4.6875000000e-01
MEMORY_REG_13__0__SCAN_IN_U2080_B,sa0,,,4.6875000000e-01
U2079,sa0,,,4.6875000000e-01
U1353_U2079_A,sa0,,,4.6875000000e-01
MEMORY_REG_12__0__SCAN_IN_U2079_B,sa0,,,4.6875000000e-01
U1594,sa0,,,4.6875000000e-01
U2078,sa0,,,4.6875000000e-01
U1354_U2078_A,sa0,,,4.6875000000e-01
MEMORY_REG_11__0__SCAN_IN_U2078_B,sa0,,,4.6875000000e-01
U2077,sa0,,,4.6875000000e-01
U1355_U2077_A,sa0,,,4.6875000000e-01
MEMORY_REG_10__0__SCAN_IN_U2077_B,sa0,,,4.6875000000e-01
U2076,sa0,,,4.6875000000e-01
U1356_U2076_A,sa0,,,4.6875000000e-01
MEMORY_REG_9__0__SCAN_IN_U2076_B,sa0,,,4.6875000000e-01
U2075,sa0,,,4.6875000000e-01
U1357_U2075_A,sa0,,,4.6875000000e-01
MEMORY_REG_8__0__SCAN_IN_U2075_B,sa0,,,4.6875000000e-01
U1593,sa0,,,4.6875000000e-01
U2074,sa0,,,4.6875000000e-01
U1359_U2074_A,sa0,,,4.6875000000e-01
MEMORY_REG_7__0__SCAN_IN_U2074_B,sa0,,,4.6875000000e-01
U2073,sa0,,,4.6875000000e-01
U1360_U2073_A,sa0,,,4.6875000000e-01
MEMORY_REG_6__0__SCAN_IN_U2073_B,sa0,,,4.6875000000e-01
U2072,sa0,,,4.6875000000e-01
U1362_U2072_A,sa0,,,4.6875000000e-01
MEMORY_REG_5__0__SCAN_IN_U2072_B,sa0,,,4.6875000000e-01
U2071,sa0,,,4.6875000000e-01
U1363_U2071_A,sa0,,,4.6875000000e-01
MEMORY_REG_4__0__SCAN_IN_U2071_B,sa0,,,4.6875000000e-01
U1592,sa0,,,4.6875000000e-01
U2070,sa0,,,4.6875000000e-01
U1364_U2070_A,sa0,,,4.6875000000e-01
MEMORY_REG_3__0__SCAN_IN_U2070_B,sa0,,,4.6875000000e-01
U2069,sa0,,,4.6875000000e-01
U1365_U2069_A,sa0,,,4.6875000000e-01
MEMORY_REG_2__0__SCAN_IN_U2069_B,sa0,,,4.6875000000e-01
U2068,sa0,,,4.6875000000e-01
U1366_U2068_A,sa0,,,4.6875000000e-01
MEMORY_REG_1__0__SCAN_IN_U2068_B,sa0,,,4.6875000000e-01
U2067,sa0,,,4.6875000000e-01
U1367_U2067_A,sa0,,,4.6875000000e-01
MEMORY_REG_0__0__SCAN_IN_U2067_B,sa0,,,4.6875000000e-01
U1479,sa1,8,1,5.0000000000e-01
U1389,sa1,30,0,3.2886714651e-01
U1992,sa1,9,1,1.6406250000e-01
U1562_U1992_A,sa0,,,1.6406250000e-01
R785_U16_R785_U20_A,sa1,10,1,2.2172927856e-05
R730_U12,sa1,30,0,2.3651123047e-04
R745_U10,sa0,60,0,7.9836487770e-02
R745_U10,sa1,30,0,3.3020019531e-02
U1380_R745_U10_A,sa1,,,3.3020019531e-02
U1379_R745_U10_B,sa1,,,3.3020019531e-02
R730_U19,sa1,30,0,2.2602081299e-04
R730_U16_R730_U19_A,sa0,,,2.2602081299e-04
R785_U20,sa1,30,0,3.2424926758e-04
U1555_U2013_A,sa1,7,1,4.1015625000e-02
R745_U7_U1948_A,sa1,30,0,1.0937500000e-01
R785_U19,sa1,30,0,2.9706954956e-04
R785_U16_R785_U19_A,sa0,,,2.9706954956e-04
R745_U10_R745_U9_A,sa1,30,0,2.8382182121e-02
U2001,sa1,30,0,6.4373016357e-06
U1311,sa0,14,1,2.1093750000e-01
U1993_U1311_A,sa0,,,2.1093750000e-01
U1992,sa0,,,2.1093750000e-01
U1562_U1992_A,sa1,,,2.1093750000e-01
PLAY_REG_SCAN_IN_U1311_C,sa0,,,2.1093750000e-01
U1311,sa1,30,0,5.5468750000e-01
U1610,sa0,30,0,4.9998474121e-01
U1503_U1610_A,sa1,,,4.9998474121e-01
U2132,sa1,6,1,1.5380859375e-02
U1610,sa1,30,0,1.8579526315e-01
U1503_U1610_A,sa0,,,1.8579526315e-01
U1305,sa0,26,1,2.3315429688e-02
U1654_U1305_A,sa0,,,2.3315429688e-02
U1819_U1305_B,sa0,,,2.3315429688e-02
U1305,sa1,60,0,1.4494395256e-01
U1640,sa0,22,1,6.6707611084e-01
U1655_U1640_A,sa0,,,6.6707611084e-01
U1500_U1640_B,sa0,,,6.6707611084e-01
U2026,sa1,2,1,1.5625000000e-02
U1631,sa0,30,0,8.4880161285e-01
U1619_U1631_A,sa0,,,8.4880161285e-01
U1654_U1631_B,sa0,,,8.4880161285e-01
U2135,sa1,13,1,1.5621185303e-02
U1623,sa0,30,0,5.5520057678e-01
U1651_U1623_A,sa0,,,5.5520057678e-01
U1494_U1623_B,sa0,,,5.5520057678e-01
U1640,sa1,5,1,6.2500000000e-02
U1542,sa0,30,0,2.9792070389e-02
U1650_U1542_A,sa0,,,2.9792070389e-02
U1653_U1542_B,sa0,,,2.9792070389e-02
U1524,sa0,30,0,7.4188566208e-01
U1654_U1524_A,sa0,,,7.4188566208e-01
U1612_U1524_B,sa0,,,7.4188566208e-01
U2027,sa1,30,0,1.1047363281e-02
U1631,sa1,8,1,3.1005859375e-02
U1371,sa0,30,0,2.0467281342e-02
U1528_U1371_A,sa0,,,2.0467281342e-02
U1495_U1371_B,sa0,,,2.0467281342e-02
U1912,sa0,,,2.0467281342e-02
U1612_U1912_A,sa0,,,2.0467281342e-02
U1611_U1912_B,sa0,,,2.0467281342e-02
U1623,sa1,30,0,3.1160354614e-02
U1624,sa0,30,0,6.6876983643e-01
U1656_U1624_A,sa0,,,6.6876983643e-01
U1635_U1624_B,sa0,,,6.6876983643e-01
U1542,sa1,30,0,2.8140068054e-02
U1524,sa1,30,0,1.5835642815e-02
U1606,sa0,30,0,9.1645105183e-01
U1618_U1606_A,sa0,,,9.1645105183e-01
U1500_U1606_B,sa0,,,9.1645105183e-01
U1613_U1606_C,sa0,,,9.1645105183e-01
U1371,sa1,82,0,5.7862877846e-02
U1534,sa0,30,0,2.4127197266e-01
U1611_U1534_A,sa0,,,2.4127197266e-01
U1500_U1534_B,sa0,,,2.4127197266e-01
U1619_U1534_C,sa0,,,2.4127197266e-01
U1831,sa1,30,0,1.1596679688e-03
U1624,sa1,1,1,1.5625000000e-02
U1903,sa1,30,0,5.5046081543e-02
U1606,sa1,30,0,1.5430450439e-02
U1643,sa0,30,0,7.1062469482e-01
U1613_U1643_A,sa0,,,7.1062469482e-01
U1321_U1643_B,sa0,,,7.1062469482e-01
U1534,sa1,30,0,1.9973874092e-02
U1626,sa0,30,0,8.0315065384e-01
U1619_U1626_A,sa0,,,8.0315065384e-01
U1616_U1626_B,sa0,,,8.0315065384e-01
U1652,sa1,30,0,1.5634933487e-02
U1528_U1652_A,sa0,,,1.5634933487e-02
U1643,sa1,1,1,1.5625000000e-02
U1627,sa0,27,1,2.4414062500e-04
U1526_U1627_A,sa1,,,2.4414062500e-04
U1626,sa1,2,1,3.1250000000e-02
U1537,sa0,30,0,4.0405082703e-01
U1654_U1537_A,sa0,,,4.0405082703e-01
U1618_U1537_B,sa0,,,4.0405082703e-01
U1627,sa1,30,0,2.7229309082e-02
U1526_U1627_A,sa0,,,2.7229309082e-02
U1537,sa1,8,1,1.5625000000e-02
U1835,sa1,16,1,2.7343750000e-02
U1827,sa1,4,1,7.8125000000e-03
U1936,sa1,2,1,2.4414062500e-04
U1964,sa1,30,0,5.4663085938e-01
U1498,sa0,30,0,6.7292118073e-01
U1655_U1498_A,sa0,,,6.7292118073e-01
U1614_U1498_B,sa0,,,6.7292118073e-01
U1498,sa1,30,0,3.1462490559e-02
R745_U10_R745_U25_B,sa1,30,0,1.1781275272e-02
U1967,sa1,15,1,2.3834228516e-02
U1997,sa1,2,1,1.2207031250e-04
R745_U19_R745_U30_B,sa1,30,0,1.9687563181e-03
R745_U19_R745_U18_B,sa1,30,0,1.7167851329e-03
R730_U20,sa1,30,0,2.2554397583e-04
R745_U20,sa1,30,0,4.3334960938e-02
R745_U10_R745_U20_A,sa0,,,4.3334960938e-02
U1610_U2030_A,sa1,4,1,1.4086914063e-01
U1610_U2011_B,sa1,30,0,4.8980712891e-02
R785_U21,sa1,10,1,2.2172927856e-05
R745_U25,sa1,30,0,4.1139125824e-02
U1524_U2020_B,sa1,30,0,1.4419555664e-02
U1311_U1381_A,sa1,12,1,5.4687500000e-01
U1311_U1382_A,sa1,11,1,3.9062500000e-01
U1606_U2150_A,sa1,1,1,3.9062500000e-03
U1624_U2032_B,sa1,2,1,2.4414062500e-04
U1311_U1383_A,sa1,6,1,3.8281250000e-01
U1626_U2032_A,sa1,2,1,4.8828125000e-04
U1627_U2022_B,sa1,30,0,7.4148178101e-05
U1623_U2034_D,sa1,6,1,3.0761718750e-02
U1640_U2019_B,sa1,2,1,1.5625000000e-02
U1627_U2025_A,sa1,30,0,3.7496948242e-01
U1610_U1825_B,sa1,30,0,1.1250376701e-06
U1524_U1561_A,sa1,6,1,1.5380859375e-02
U1534_U1560_A,sa1,8,1,1.5625000000e-02
U1631_U1373_A,sa1,6,1,3.0761718750e-02
U1498_U2002_A,sa1,2,1,1.5625000000e-02
U1371_U1914_A,sa1,30,0,5.6396484375e-02
U1305_U1629_A,sa1,30,0,6.8798375130e-01
U1631_U1580_C,sa1,2,1,1.5625000000e-02
U1610_U1549_A,sa1,30,0,1.4605712891e-01
U1606_U2148_A,sa1,1,1,3.9062500000e-03
U1606_U1527_A,sa1,5,1,1.5136718750e-02
U1606_U1392_A,sa1,1,1,7.8125000000e-03
U1610_U1865_B,sa1,30,0,8.7039947510e-02
U1640_U1581_D,sa1,5,1,6.2500000000e-02
U1624_U1581_B,sa1,1,1,1.5625000000e-02
U1623_U1952_B,sa1,30,0,4.1866302490e-04
U1643_U1582_A,sa1,1,1,1.5625000000e-02
U1626_U1581_A,sa1,2,1,3.1250000000e-02
U1305_U1829_C,sa1,30,0,5.9875488281e-02
U1627_U1852_A,sa1,30,0,1.2854576111e-02
U1534_U1369_A,sa1,13,1,4.8065185547e-04
U1626_U1583_B,sa1,2,1,3.1250000000e-02
U1371_U1937_C,sa1,30,0,3.7276744843e-04
U1537_U1907_B,sa1,8,1,2.3651123047e-04
U1542_U1958_A,sa1,30,0,1.3122677803e-02
U1643_U1388_B,sa1,1,1,1.5625000000e-02
U1498_U1952_A,sa1,4,1,2.1362304688e-04
R745_U9,sa0,30,0,3.5141587257e-02
R745_U10_R745_U9_A,sa0,,,3.5141587257e-02
R745_U26,sa0,,,3.5141587257e-02
U1379_R745_U26_A,sa0,,,3.5141587257e-02
U1380_R745_U26_B,sa0,,,3.5141587257e-02
R745_U9,sa1,30,0,1.1843800545e-02
U2013,sa1,15,1,1.6796875000e-01
U1832,sa1,30,0,9.7688734531e-03
U1529,sa0,30,0,4.9879937805e-01
U1652,sa0,,,4.9879937805e-01
U1528_U1652_A,sa1,,,4.9879937805e-01
U1616_U1529_B,sa0,,,4.9879937805e-01
U1529,sa1,30,0,1.5853404999e-02
U1548,sa1,30,0,7.1525573730e-06
R745_U7_U1548_A,sa0,,,7.1525573730e-06
U1965,sa1,30,0,4.2602539063e-02
U1994,sa0,16,1,1.6406250000e-01
U1555_U1994_A,sa1,,,1.6406250000e-01
U1994,sa1,28,1,3.3593750000e-01
U1555_U1994_A,sa0,,,3.3593750000e-01
U1897,sa1,30,0,5.9505462646e-02
R730_U21,sa1,6,1,1.5258789063e-05
R745_U11,sa1,30,0,1.0010838509e-02
R785_U11,sa1,30,0,2.8681755066e-04
R745_U9_U1892_A,sa1,30,0,3.5762786865e-06
R745_U9_U1946_B,sa1,30,0,8.8256835938e-02
U1529_U1561_B,sa1,6,1,1.5380859375e-02
U1994_U1658_B,sa1,18,1,1.6796875000e-01
U1994_U1995_A,sa1,11,1,1.6796875000e-01
U2002,sa1,6,1,5.1635742188e-01
U2011,sa1,3,1,2.5781250000e-01
U2030,sa1,1,1,1.5625000000e-02
U2022,sa1,30,0,7.1525573730e-06
U2150,sa1,12,1,4.9218750000e-01
U1630,sa0,30,0,4.4000148773e-04
U1524_U1630_A,sa1,,,4.4000148773e-04
U1620,sa1,30,0,6.0348665714e-01
U1537_U1620_A,sa0,,,6.0348665714e-01
U2025,sa1,10,1,2.3651123047e-04
U1630,sa1,30,0,2.7554869652e-02
U1524_U1630_A,sa0,,,2.7554869652e-02
U1551,sa0,30,0,5.3672790527e-02
U1646_U1551_A,sa0,,,5.3672790527e-02
U1965,sa0,,,5.3672790527e-02
U1615_U1965_A,sa0,,,5.3672790527e-02
U1964,sa0,,,5.3672790527e-02
U1528_U1964_A,sa0,,,5.3672790527e-02
U1963,sa0,,,5.3672790527e-02
U1618_U1963_A,sa0,,,5.3672790527e-02
U1492_U1963_B,sa0,,,5.3672790527e-02
U2019,sa1,30,0,4.9495697021e-04
U1381,sa0,7,1,7.8125000000e-02
U1311_U1381_A,sa0,,,7.8125000000e-02
U2113,sa0,,,7.8125000000e-02
U2099,sa0,,,7.8125000000e-02
COUNTER_REG_1__SCAN_IN_U2099_A,sa0,,,7.8125000000e-02
COUNTER_REG_0__SCAN_IN_U2099_B,sa0,,,7.8125000000e-02
U1552_U2113_B,sa0,,,7.8125000000e-02
U1551,sa1,30,0,6.7998504639e-01
U1382,sa0,8,1,1.0937500000e-01
U1311_U1382_A,sa0,,,1.0937500000e-01
U2175,sa0,,,1.0937500000e-01
U2174,sa0,,,1.0937500000e-01
U1554,sa0,,,1.0937500000e-01
COUNTER_REG_1__SCAN_IN_U1554_A,sa1,,,1.0937500000e-01
COUNTER_REG_0__SCAN_IN_U2174_B,sa0,,,1.0937500000e-01
U2173,sa0,,,1.0937500000e-01
U1553_U2173_A,sa0,,,1.0937500000e-01
COUNTER_REG_1__SCAN_IN_U2173_B,sa0,,,1.0937500000e-01
U1381,sa1,21,1,9.2187500000e-01
U1851,sa0,4,1,1.1718750000e-02
U1606_U1851_A,sa1,,,1.1718750000e-02
U1617,sa0,30,0,3.1468153000e-02
U1498_U1617_A,sa1,,,3.1468153000e-02
U1904,sa1,30,0,5.7800292969e-02
U1392,sa0,5,1,2.4218750000e-01
U1606_U1392_A,sa0,,,2.4218750000e-01
U2015,sa0,,,2.4218750000e-01
U2014,sa0,,,2.4218750000e-01
U1306_U2014_A,sa0,,,2.4218750000e-01
U1500_U2014_B,sa0,,,2.4218750000e-01
WR_REG_SCAN_IN_U2015_B,sa0,,,2.4218750000e-01
U1383,sa0,6,1,1.1718750000e-01
U1311_U1383_A,sa0,,,1.1718750000e-01
U1553_U1383_B,sa0,,,1.1718750000e-01
U1382,sa1,21,1,8.9062500000e-01
U1914,sa1,30,0,1.6876220703e-02
U1851,sa1,12,1,4.3066406250e-01
U1606_U1851_A,sa0,,,4.3066406250e-01
U1617,sa1,30,0,5.9621047974e-01
U1498_U1617_A,sa0,,,5.9621047974e-01
U2148,sa1,12,1,4.9218750000e-01
U1392,sa1,8,1,7.5781250000e-01
U1383,sa1,13,1,8.8281250000e-01
U1907,sa0,10,1,4.7302246094e-04
U1525_U1907_A,sa0,,,4.7302246094e-04
U1537_U1907_B,sa0,,,4.7302246094e-04
U1825,sa1,30,0,8.9406967163e-07
U1628,sa0,30,0,2.0576477051e-02
U1534_U1628_A,sa1,,,2.0576477051e-02
U1852,sa1,25,1,2.4390220642e-04
U1952,sa1,30,0,9.1967023909e-03
U1907,sa1,30,0,1.0657310486e-03
U1628,sa1,30,0,5.8947753906e-01
U1534_U1628_A,sa0,,,5.8947753906e-01
U1629,sa0,30,0,8.2342958450e-01
U1305_U1629_A,sa0,,,8.2342958450e-01
U1496_U1629_B,sa0,,,8.2342958450e-01
U1629,sa1,2,1,1.5625000000e-02
U1549,sa0,30,0,2.6241302490e-01
U1610_U1549_A,sa0,,,2.6241302490e-01
U1492_U1549_B,sa0,,,2.6241302490e-01
U1927,sa1,19,1,2.9281616211e-02
U1542_U1927_A,sa0,,,2.9281616211e-02
U1549,sa1,24,1,5.1513671875e-01
U1937,sa1,14,1,1.2207031250e-03
U1829,sa1,24,1,7.6904296875e-03
U1865,sa1,30,0,5.1531982422e-01
U1894,sa1,30,0,7.1525573730e-06
U1958,sa1,2,1,1.5625000000e-02
R730_U11,sa1,30,0,2.3698806763e-04
R745_U11,sa0,30,0,4.1016519070e-02
R745_U20,sa0,,,4.1016519070e-02
R745_U10_R745_U20_A,sa1,,,4.1016519070e-02
R745_U14,sa0,,,4.1016519070e-02
U1378_R745_U14_A,sa1,,,4.1016519070e-02
U1630_U2111_B,sa1,18,1,2.3452520370e-02
U1628_U2010_A,sa1,8,1,3.5400390625e-03
U1551_U1314_B,sa1,30,1,2.1450805664e-01
U1551_U1315_B,sa1,25,1,1.1917114258e-01
U1851_U2151_A,sa1,6,1,2.4609375000e-01
U1628_U2005_A,sa1,7,1,5.1635742188e-01
U1630_U1641_C,sa1,30,0,1.0820388794e-02
U1628_U1600_C,sa1,30,0,3.3740234375e-01
U1628_U2033_C,sa1,30,0,1.0528564453e-01
U1629_U2032_C,sa1,1,1,2.4414062500e-04
U1630_U1638_A,sa1,30,0,8.7022781372e-06
U1630_U1637_B,sa1,30,0,1.2583797798e-05
U1628_U2028_A,sa1,30,0,2.4584960938e-01
U1617_U1634_B,sa1,30,0,8.8224411011e-02
U1851_U2149_A,sa1,6,1,2.4609375000e-01
U1628_U1645_A,sa1,30,0,2.9980468750e-01
U1617_U1648_B,sa1,30,0,5.5757648498e-01
U1629_U1581_C,sa1,2,1,1.5625000000e-02
U1629_U1580_D,sa1,2,1,1.5625000000e-02
U1907_U1909_B,sa1,30,0,8.5943937302e-04
U1549_U1368_A,sa1,30,0,5.0024366379e-01
U1907_U1929_B,sa1,30,0,1.3132095337e-03
U1549_U1583_D,sa1,30,0,1.5620708466e-02
R745_U11_R745_U6_A,sa1,30,0,1.4313161373e-02
U1629_U1998_B,sa1,12,1,1.2207031250e-04
U2021,sa1,6,1,4.6875000000e-02
U2004,sa1,30,0,1.5875577927e-02
U1633,sa0,30,0,4.8255920410e-04
U1529_U1633_A,sa1,,,4.8255920410e-04
U1561,sa0,16,1,4.6142578125e-02
U1524_U1561_A,sa0,,,4.6142578125e-02
U1529_U1561_B,sa0,,,4.6142578125e-02
U1633,sa1,30,0,4.5123640448e-03
U1529_U1633_A,sa0,,,4.5123640448e-03
U1561,sa1,30,0,7.2094726563e-01
U1915,sa0,30,0,1.2115478516e-02
U1914,sa0,,,1.2115478516e-02
U1371_U1914_A,sa0,,,1.2115478516e-02
U1913,sa0,,,1.2115478516e-02
U1819_U1913_A,sa0,,,1.2115478516e-02
U1493_U1913_B,sa0,,,1.2115478516e-02
U1501_U1915_B,sa0,,,1.2115478516e-02
U1915,sa1,30,0,6.5185546875e-02
U1538,sa0,30,0,6.9135665894e-01
U1620,sa0,,,6.9135665894e-01
U1537_U1620_A,sa1,,,6.9135665894e-01
U1494_U1538_B,sa0,,,6.9135665894e-01
U1826,sa1,30,0,6.3037872314e-04
U1538,sa1,8,1,1.5625000000e-02
U1953,sa1,30,0,9.8752975464e-04
U1658,sa0,30,0,8.3203125000e-01
U1556,sa0,,,8.3203125000e-01
S_REG_SCAN_IN_U1556_A,sa1,,,8.3203125000e-01
U1994_U1658_B,sa0,,,8.3203125000e-01
PLAY_REG_SCAN_IN_U1658_C,sa0,,,8.3203125000e-01
U1658,sa1,11,1,8.2031250000e-02
U1938,sa1,30,0,9.8776817322e-04
R745_U11_R745_U24_B,sa1,30,0,7.8437030315e-03
U1995,sa1,7,1,8.2031250000e-02
U1959,sa1,30,0,2.2705078125e-02
R745_U21,sa1,30,0,4.6386718750e-02
R745_U11_R745_U21_A,sa0,,,4.6386718750e-02
R745_U24,sa1,30,0,7.8552246094e-02
U1538_U2023_B,sa1,6,1,1.5380859375e-02
U1633_U1644_A,sa1,30,0,5.1552429795e-05
U1915_U1920_C,sa1,30,0,5.7250976563e-02
U1538_U1560_B,sa1,8,1,1.5625000000e-02
U1633_U1867_A,sa1,30,0,9.9477767944e-03
U1915_U1926_C,sa1,30,0,7.1777343750e-02
U1658_U1393_A,sa1,11,1,8.2031250000e-02
U1561_U1896_A,sa1,30,0,6.2870407104e-01
U1658_U1394_A,sa1,7,1,8.2031250000e-02
U1538_U1998_A,sa1,12,1,1.2207031250e-04
R745_U6,sa0,30,0,3.7842333317e-02
R745_U11_R745_U6_A,sa0,,,3.7842333317e-02
R745_U25,sa0,,,3.7842333317e-02
U1378_R745_U25_A,sa0,,,3.7842333317e-02
R745_U10_R745_U25_B,sa0,,,3.7842333317e-02
R745_U6,sa1,30,0,7.9365372658e-03
U2010,sa1,1,1,2.4414062500e-04
U2111,sa1,1,1,2.3841857910e-07
U1600,sa0,30,0,7.5967502594e-01
U1539_U1600_A,sa0,,,7.5967502594e-01
U1501_U1600_B,sa0,,,7.5967502594e-01
U1628_U1600_C,sa0,,,7.5967502594e-01
U2005,sa1,30,0,1.3458251953e-02
U1600,sa1,30,0,1.9775390625e-02
U2033,sa1,24,1,3.6048889160e-03
U1314,sa0,15,1,3.0273437500e-02
U2110,sa0,,,3.0273437500e-02
U1497_U2110_A,sa0,,,3.0273437500e-02
U1493_U2110_B,sa0,,,3.0273437500e-02
U1551_U1314_B,sa0,,,3.0273437500e-02
U2151,sa1,2,1,7.8125000000e-03
U1315,sa0,25,1,3.0273437500e-02
U1967,sa0,,,3.0273437500e-02
U1528_U1967_A,sa0,,,3.0273437500e-02
U1530_U1967_B,sa0,,,3.0273437500e-02
U1551_U1315_B,sa0,,,3.0273437500e-02
U1314,sa1,42,0,2.3834228516e-01
U1315,sa1,40,0,1.4300537109e-01
U1641,sa0,30,0,8.5894894600e-01
U1622_U1641_A,sa0,,,8.5894894600e-01
U1515_U1641_B,sa0,,,8.5894894600e-01
U1630_U1641_C,sa0,,,8.5894894600e-01
U1641,sa1,24,1,4.7302246094e-04
U2028,sa1,6,1,1.5380859375e-02
U1634,sa0,30,0,8.1079387665e-01
U1616_U1634_A,sa0,,,8.1079387665e-01
U1617_U1634_B,sa0,,,8.1079387665e-01
U1634,sa1,2,1,1.5869140625e-02
U1645,sa0,27,1,8.2272338867e-01
U1628_U1645_A,sa0,,,8.2272338867e-01
U1501_U1645_B,sa0,,,8.2272338867e-01
U2009,sa0,,,8.2272338867e-01
U2161,sa0,,,8.2272338867e-01
K_1__U2161_A,sa0,,,8.2272338867e-01
U1523_U2161_B,sa0,,,8.2272338867e-01
U1559_U2161_C,sa0,,,8.2272338867e-01
U2160,sa0,,,8.2272338867e-01
K_0__U2160_A,sa0,,,8.2272338867e-01
U2007,sa0,,,8.2272338867e-01
U2008,sa0,,,8.2272338867e-01
U2159,sa0,,,8.2272338867e-01
U1520_U2159_A,sa0,,,8.2272338867e-01
K_2__U2159_B,sa0,,,8.2272338867e-01
DATA_OUT_REG_1__SCAN_IN_U2159_C,sa0,,,8.2272338867e-01
U2158,sa0,,,8.2272338867e-01
U2106,sa0,,,8.2272338867e-01
K_3__U2106_A,sa0,,,8.2272338867e-01
U1521_U2106_B,sa0,,,8.2272338867e-01
U1535_U2158_B,sa0,,,8.2272338867e-01
U1318_U2008_C,sa0,,,8.2272338867e-01
U1645,sa1,30,0,2.0233154297e-02
U2149,sa1,2,1,7.8125000000e-03
U1637,sa0,30,0,8.1387996674e-01
U1864_U1637_A,sa0,,,8.1387996674e-01
U1630_U1637_B,sa0,,,8.1387996674e-01
U1310_U1637_C,sa0,,,8.1387996674e-01
U1638,sa0,30,0,2.9377651215e-01
U1630_U1638_A,sa0,,,2.9377651215e-01
U1536_U1638_B,sa0,,,2.9377651215e-01
U1310_U1638_C,sa0,,,2.9377651215e-01
U1637,sa1,1,1,2.3841857910e-07
U1368,sa0,30,0,9.7839355469e-02
U1549_U1368_A,sa0,,,9.7839355469e-02
U1822,sa0,,,9.7839355469e-02
U1614_U1822_A,sa0,,,9.7839355469e-02
U1821,sa0,,,9.7839355469e-02
U1493_U1821_A,sa0,,,9.7839355469e-02
U1820,sa0,,,9.7839355469e-02
U1616_U1820_A,sa0,,,9.7839355469e-02
U1502_U1820_B,sa0,,,9.7839355469e-02
U1622_U1822_C,sa0,,,9.7839355469e-02
U1638,sa1,30,0,3.4570693970e-06
U1648,sa0,30,0,5.5401766300e-01
U1615_U1648_A,sa0,,,5.5401766300e-01
U1617_U1648_B,sa0,,,5.5401766300e-01
U1368,sa1,60,0,5.0179243088e-01
U1909,sa1,4,1,3.6621093750e-04
U1828,sa1,30,0,6.8718194962e-04
U1657,sa1,30,0,1.3563609123e-01
U1549_U1657_A,sa0,,,1.3563609123e-01
U1648,sa1,30,0,1.5604972839e-02
U1966,sa0,30,0,8.1933593750e-01
U1551_U1966_A,sa1,,,8.1933593750e-01
U1929,sa1,8,1,4.2724609375e-04
U1966,sa1,25,1,4.7668457031e-02
U1551_U1966_A,sa0,,,4.7668457031e-02
U1996,sa1,12,1,4.1796875000e-01
R745_U12,sa0,30,0,7.8247070313e-02
R745_U21,sa0,,,7.8247070313e-02
R745_U11_R745_U21_A,sa1,,,7.8247070313e-02
R745_U13,sa0,,,7.8247070313e-02
U1377_R745_U13_A,sa1,,,7.8247070313e-02
R745_U12,sa1,30,0,6.3481330872e-03
U1600_U2124_A,sa1,12,1,1.1535644531e-02
R745_U6_U1943_B,sa1,30,0,7.8247070313e-02
R745_U6_U1890_A,sa1,30,0,2.3841857910e-06
U1600_U2126_A,sa1,12,1,9.6130371094e-03
U1600_U1372_B,sa1,30,0,1.4045715332e-02
U1634_U2034_C,sa1,6,1,1.5380859375e-02
U1634_U1522_C,sa1,27,1,4.8828125000e-04
U1641_U1580_B,sa1,25,1,2.2912025452e-04
U1314_U1981_A,sa1,12,1,2.4218750000e-01
U1315_U1980_A,sa1,13,1,2.4218750000e-01
U1314_U1972_A,sa1,12,1,2.4218750000e-01
U1315_U1971_A,sa1,13,1,2.4218750000e-01
U1638_U1532_A,sa1,30,0,3.4570693970e-06
U1641_U1527_C,sa1,18,1,4.7302246094e-04
U1314_U1975_A,sa1,12,1,2.4218750000e-01
U1315_U1974_A,sa1,13,1,2.4218750000e-01
U1634_U1583_A,sa1,30,0,1.5853404999e-02
U1648_U1830_B,sa1,4,1,7.8125000000e-03
U1368_U1607_A,sa1,30,0,2.6586532593e-01
U1368_U1830_D,sa1,30,0,4.8384094238e-01
U1645_U1608_C,sa1,30,0,9.4299316406e-03
U1634_U1581_E,sa1,2,1,1.5869140625e-02
U1314_U1978_A,sa1,12,1,2.4218750000e-01
U1315_U1977_A,sa1,13,1,2.4218750000e-01
U1314_U1969_A,sa1,12,1,2.4218750000e-01
U1315_U1968_A,sa1,13,1,2.4218750000e-01
U1645_U1582_C,sa1,30,0,2.0233154297e-02
U1637_U1384_B,sa1,1,1,2.3841857910e-07
U1648_U1372_C,sa1,30,0,1.4312744141e-02
U1638_U1583_C,sa1,30,0,7.1525573730e-06
U1966_U1970_A,sa1,5,1,1.5625000000e-02
U1966_U1982_A,sa1,5,1,1.5625000000e-02
U1966_U1973_A,sa1,5,1,1.5625000000e-02
U1637_U1579_D,sa1,1,1,2.3841857910e-07
U1648_U1579_C,sa1,12,1,1.5380859375e-02
U1966_U1976_A,sa1,5,1,1.5625000000e-02
U1966_U1979_A,sa1,5,1,1.5625000000e-02
U2023,sa1,30,0,7.7514648438e-01
U2006,sa1,30,0,5.3237915039e-01
U1920,sa0,30,0,1.0778808594e-01
U1918,sa0,,,1.0778808594e-01
U1917,sa0,,,1.0778808594e-01
U1531_U1917_A,sa0,,,1.0778808594e-01
U1916,sa0,,,1.0778808594e-01
U1616_U1916_A,sa0,,,1.0778808594e-01
U1618_U1916_B,sa0,,,1.0778808594e-01
U1501_U1918_B,sa0,,,1.0778808594e-01
U1919,sa0,,,1.0778808594e-01
U1882_U1919_A,sa0,,,1.0778808594e-01
U1621_U1919_B,sa0,,,1.0778808594e-01
U1915_U1920_C,sa0,,,1.0778808594e-01
U1911,sa0,30,0,2.8137207031e-02
U1653_U1911_A,sa0,,,2.8137207031e-02
U1908,sa0,,,2.8137207031e-02
U1312_U1908_A,sa0,,,2.8137207031e-02
U1496_U1908_B,sa0,,,2.8137207031e-02
U1649_U1911_C,sa0,,,2.8137207031e-02
U1910,sa0,,,2.8137207031e-02
U1621_U1910_A,sa0,,,2.8137207031e-02
U1539_U1910_B,sa0,,,2.8137207031e-02
U1909,sa0,,,2.8137207031e-02
U1622_U1909_A,sa0,,,2.8137207031e-02
U1907_U1909_B,sa0,,,2.8137207031e-02
U1560,sa0,15,1,3.1250000000e-02
U1534_U1560_A,sa0,,,3.1250000000e-02
U1538_U1560_B,sa0,,,3.1250000000e-02
U1920,sa1,30,0,1.5503525734e-02
U1911,sa1,30,0,2.7468800545e-02
U1632,sa1,30,0,5.3609848022e-01
U1538_U1632_A,sa0,,,5.3609848022e-01
U1642,sa0,30,0,7.6316070557e-01
U1657,sa0,,,7.6316070557e-01
U1549_U1657_A,sa1,,,7.6316070557e-01
U1616_U1642_B,sa0,,,7.6316070557e-01
U1560,sa1,28,1,7.4951148033e-01
U1543,sa0,30,0,3.0624389648e-02
U1927,sa0,,,3.0624389648e-02
U1542_U1927_A,sa1,,,3.0624389648e-02
U1928,sa0,,,3.0624389648e-02
U1618_U1928_A,sa0,,,3.0624389648e-02
U1539_U1928_B,sa0,,,3.0624389648e-02
U1621_U1928_C,sa0,,,3.0624389648e-02
U1929,sa0,,,3.0624389648e-02
U1622_U1929_A,sa0,,,3.0624389648e-02
U1907_U1929_B,sa0,,,3.0624389648e-02
U1642,sa1,2,1,1.5625000000e-02
U1543,sa1,30,0,3.7461280823e-02
U1572,sa0,7,1,5.0000000000e-01
U2149,sa0,,,5.0000000000e-01
U1851_U2149_A,sa0,,,5.0000000000e-01
NUM_REG_1__SCAN_IN,sa0,,,5.0000000000e-01
U2148,sa0,,,5.0000000000e-01
U1606_U2148_A,sa0,,,5.0000000000e-01
DATA_IN_REG_1__SCAN_IN_U2148_B,sa0,,,5.0000000000e-01
U1644,sa0,30,0,8.2668685913e-01
U1633_U1644_A,sa0,,,8.2668685913e-01
U1310_U1644_B,sa0,,,8.2668685913e-01
U1573,sa0,7,1,5.0000000000e-01
U2151,sa0,,,5.0000000000e-01
U1851_U2151_A,sa0,,,5.0000000000e-01
NUM_REG_0__SCAN_IN,sa0,,,5.0000000000e-01
U2150,sa0,,,5.0000000000e-01
U1606_U2150_A,sa0,,,5.0000000000e-01
DATA_IN_REG_0__SCAN_IN_U2150_B,sa0,,,5.0000000000e-01
U1572,sa1,8,1,5.0000000000e-01
U1393,sa0,17,1,2.5000000000e-01
U1658_U1393_A,sa0,,,2.5000000000e-01
U2013,sa0,,,2.5000000000e-01
U1555_U2013_A,sa0,,,2.5000000000e-01
PLAY_REG_SCAN_IN_U2013_B,sa0,,,2.5000000000e-01
SPEAKER_REG_SCAN_IN_U2013_C,sa0,,,2.5000000000e-01
U1644,sa1,30,0,1.4305114746e-05
U1573,sa1,8,1,5.0000000000e-01
U1394,sa0,19,1,5.0000000000e-01
U1658_U1394_A,sa0,,,5.0000000000e-01
U1996,sa0,,,5.0000000000e-01
U1995,sa0,,,5.0000000000e-01
U1994_U1995_A,sa0,,,5.0000000000e-01
PLAY_REG_SCAN_IN_U1995_B,sa0,,,5.0000000000e-01
S_REG_SCAN_IN_U1996_B,sa0,,,5.0000000000e-01
U1393,sa1,20,1,7.5000000000e-01
U1394,sa1,19,1,5.0000000000e-01
U1926,sa0,30,0,6.7001342773e-02
U1924,sa0,,,6.7001342773e-02
U1621_U1924_A,sa0,,,6.7001342773e-02
U1618_U1924_B,sa0,,,6.7001342773e-02
U1882_U1924_C,sa0,,,6.7001342773e-02
U1925,sa0,,,6.7001342773e-02
U1616_U1925_A,sa0,,,6.7001342773e-02
U1502_U1925_B,sa0,,,6.7001342773e-02
U1501_U1925_C,sa0,,,6.7001342773e-02
U1915_U1926_C,sa0,,,6.7001342773e-02
U1926,sa1,30,0,1.6960144043e-02
U1867,sa1,10,1,4.7302246094e-04
U1895,sa1,12,1,3.0761718750e-02
U1561_U1895_A,sa0,,,3.0761718750e-02
U1896,sa1,15,1,4.6142578125e-02
U1998,sa1,30,0,1.7070770264e-03
U1560_U2018_B,sa1,21,1,1.1230230331e-02
U1642_U1604_B,sa1,30,0,9.8513960838e-03
U1911_U1922_A,sa1,30,0,2.4171590805e-02
U1920_U1921_B,sa1,30,0,1.9147992134e-05
U1644_U1370_A,sa1,30,0,1.4305114746e-05
U1926_U1322_A,sa1,30,0,1.6700744629e-02
U1543_U1940_A,sa1,30,0,2.9296875000e-02
U1642_U1582_B,sa1,2,1,1.5625000000e-02
U1644_U1372_D,sa1,30,0,2.1606683731e-06
U1911_U1949_A,sa1,30,0,5.5543303490e-02
U1920_U1948_B,sa1,30,0,1.2268424034e-02
U1644_U1583_E,sa1,30,0,7.3909759521e-06
U1926_U1939_B,sa1,30,0,1.1589050293e-02
R745_U12_R745_U8_A,sa1,30,0,9.2010498047e-03
U2024,sa1,12,1,3.0761718750e-02
U2034,sa1,30,0,6.8029785156e-01
U2124,sa1,19,1,4.8558044434e-01
U1522,sa0,30,0,1.6113281250e-02
U1650_U1522_A,sa0,,,1.6113281250e-02
U1832,sa0,,,1.6113281250e-02
U1614_U1832_A,sa0,,,1.6113281250e-02
U1831,sa0,,,1.6113281250e-02
U1503_U1831_A,sa0,,,1.6113281250e-02
U1499_U1831_B,sa0,,,1.6113281250e-02
U1634_U1522_C,sa0,,,1.6113281250e-02
U1522,sa1,30,0,5.0873565674e-01
U1532,sa0,30,0,5.1510620117e-01
U1638_U1532_A,sa0,,,5.1510620117e-01
U1865,sa0,,,5.1510620117e-01
U1621_U1865_A,sa0,,,5.1510620117e-01
U1610_U1865_B,sa0,,,5.1510620117e-01
U2126,sa1,13,1,4.8558044434e-01
U1532,sa1,30,0,2.4333906174e-01
U1830,sa0,30,0,5.0527954102e-01
U1827,sa0,,,5.0527954102e-01
U1621_U1827_A,sa0,,,5.0527954102e-01
U1611_U1827_B,sa0,,,5.0527954102e-01
U1655_U1827_C,sa0,,,5.0527954102e-01
U1648_U1830_B,sa0,,,5.0527954102e-01
U1828,sa0,,,5.0527954102e-01
U1616_U1828_A,sa0,,,5.0527954102e-01
U1622_U1828_B,sa0,,,5.0527954102e-01
U1826,sa0,,,5.0527954102e-01
U1824,sa0,,,5.0527954102e-01
U1611_U1824_A,sa0,,,5.0527954102e-01
U1502_U1824_B,sa0,,,5.0527954102e-01
U1530_U1826_B,sa0,,,5.0527954102e-01
U1825,sa0,,,5.0527954102e-01
U1823_U1825_A,sa0,,,5.0527954102e-01
U1610_U1825_B,sa0,,,5.0527954102e-01
U1368_U1830_D,sa0,,,5.0527954102e-01
U1829,sa0,,,5.0527954102e-01
U1618_U1829_A,sa0,,,5.0527954102e-01
U1492_U1829_B,sa0,,,5.0527954102e-01
U1305_U1829_C,sa0,,,5.0527954102e-01
U1830,sa1,30,0,7.0983886719e-02
U1608,sa0,30,0,2.6708221436e-01
U2010,sa0,,,2.6708221436e-01
U1628_U2010_A,sa0,,,2.6708221436e-01
U1622_U2010_B,sa0,,,2.6708221436e-01
U2011,sa0,,,2.6708221436e-01
U1621_U2011_A,sa0,,,2.6708221436e-01
U1610_U2011_B,sa0,,,2.6708221436e-01
U1645_U1608_C,sa0,,,2.6708221436e-01
U1580,sa1,59,0,3.1974077225e-02
U1527,sa0,30,0,1.5841007233e-02
U1606_U1527_A,sa0,,,1.5841007233e-02
U1852,sa0,,,1.5841007233e-02
U1627_U1852_A,sa0,,,1.5841007233e-02
U1622_U1852_B,sa0,,,1.5841007233e-02
U1641_U1527_C,sa0,,,1.5841007233e-02
U1608,sa1,30,0,2.2990417480e-01
U1581,sa1,13,1,1.5649414063e-01
U1905,sa1,6,1,2.4032592773e-04
U1527,sa1,30,0,5.9167480469e-01
U1970,sa1,11,1,4.6875000000e-01
U1971,sa1,5,1,1.5625000000e-02
U1980,sa1,5,1,1.5625000000e-02
U1369,sa0,30,0,1.2907981873e-02
U1534_U1369_A,sa0,,,1.2907981873e-02
U1867,sa0,,,1.2907981873e-02
U1633_U1867_A,sa0,,,1.2907981873e-02
U1515_U1867_B,sa0,,,1.2907981873e-02
U1883,sa0,30,0,1.2985229492e-02
U1600_U1883_A,sa1,,,1.2985229492e-02
U1972,sa1,3,1,1.5625000000e-02
U1981,sa1,3,1,1.5625000000e-02
U1369,sa1,23,1,9.5367431641e-04
U1883,sa1,20,1,2.7404022217e-01
U1600_U1883_A,sa0,,,2.7404022217e-01
U1973,sa1,11,1,4.6875000000e-01
U1982,sa1,11,1,4.6875000000e-01
U1974,sa1,5,1,1.5625000000e-02
U1579,sa1,49,0,8.5808038712e-02
U1975,sa1,3,1,1.5625000000e-02
U1976,sa1,11,1,4.6875000000e-01
U1968,sa1,5,1,1.5625000000e-02
U1977,sa1,5,1,1.5625000000e-02
U1969,sa1,3,1,1.5625000000e-02
U1978,sa1,3,1,1.5625000000e-02
U1979,sa1,11,1,4.6875000000e-01
U1999,sa1,5,1,3.6621093750e-04
R745_U12_R745_U29_B,sa1,30,0,2.9453188181e-03
R745_U22,sa0,30,0,7.3283910751e-04
R745_U12_R745_U22_A,sa1,,,7.3283910751e-04
R745_U22,sa1,30,0,7.8140497208e-03
R745_U12_R745_U22_A,sa0,,,7.8140497208e-03
U1532_U2131_B,sa1,30,0,1.7967057228e-01
R745_U29,sa1,30,0,2.5514036417e-02
U1522_U1319_A,sa1,30,0,5.2337646484e-01
U1532_U1317_B,sa1,30,0,5.8546066284e-02
U1532_U2129_B,sa1,28,1,1.7779517919e-01
U1830_U1319_B,sa1,30,0,2.7160644531e-02
U1830_U1309_C,sa1,30,0,3.8391113281e-02
U1608_U2163_B,sa1,30,0,1.1274719238e-01
U1527_U1316_C,sa1,30,0,1.1358642578e-01
U1883_U2125_A,sa1,7,1,1.2211608887e-01
U1369_U2032_E,sa1,11,1,7.1716308594e-04
U1830_U1836_C,sa1,30,0,1.0205078125e-01
U1830_U1639_C,sa1,24,1,5.7678222656e-02
U1883_U2127_C,sa1,13,1,1.8269348145e-01
U1369_U1869_A,sa1,30,1,9.4604492188e-04
R745_U8,sa0,30,0,4.5639038086e-02
R745_U12_R745_U8_A,sa0,,,4.5639038086e-02
R745_U24,sa0,,,4.5639038086e-02
U1377_R745_U24_A,sa0,,,4.5639038086e-02
R745_U11_R745_U24_B,sa0,,,4.5639038086e-02
R745_U8,sa1,30,0,4.7851562500e-02
U2017,sa1,12,1,3.0761718750e-02
U1560_U2017_A,sa0,,,3.0761718750e-02
U1370,sa0,30,0,7.0873641968e-01
U1644_U1370_A,sa0,,,7.0873641968e-01
U1896,sa0,,,7.0873641968e-01
U1561_U1896_A,sa0,,,7.0873641968e-01
U1501_U1896_B,sa0,,,7.0873641968e-01
U2018,sa1,12,1,4.8828125000e-04
U1370,sa1,45,0,4.6156883240e-02
U2172,sa1,30,0,6.9499969482e-02
U1372,sa0,30,0,5.1434326172e-01
U1951,sa0,,,5.1434326172e-01
U1612_U1951_A,sa0,,,5.1434326172e-01
U1616_U1951_B,sa0,,,5.1434326172e-01
U1864_U1951_C,sa0,,,5.1434326172e-01
U1310_U1951_D,sa0,,,5.1434326172e-01
U1600_U1372_B,sa0,,,5.1434326172e-01
U1648_U1372_C,sa0,,,5.1434326172e-01
U1644_U1372_D,sa0,,,5.1434326172e-01
U1930,sa1,30,0,2.4383544922e-02
U1543_U1930_A,sa0,,,2.4383544922e-02
U1373,sa0,30,0,8.3445930481e-01
U1631_U1373_A,sa0,,,8.3445930481e-01
U2024,sa0,,,8.3445930481e-01
U2023,sa0,,,8.3445930481e-01
U1526_U2023_A,sa0,,,8.3445930481e-01
U1538_U2023_B,sa0,,,8.3445930481e-01
U1501_U2024_B,sa0,,,8.3445930481e-01
U1372,sa1,95,0,2.8360843658e-02
U1940,sa1,30,0,1.8928527832e-02
U1922,sa1,30,0,2.3300170898e-02
U1373,sa1,18,1,6.1523437500e-02
U1582,sa1,46,0,2.0797729492e-01
U1395,sa0,12,1,5.0000000000e-01
U1981,sa0,,,5.0000000000e-01
U1314_U1981_A,sa0,,,5.0000000000e-01
SCAN_REG_0__SCAN_IN_U1981_B,sa0,,,5.0000000000e-01
U1980,sa0,,,5.0000000000e-01
U1315_U1980_A,sa0,,,5.0000000000e-01
MAX_REG_0__SCAN_IN_U1980_B,sa0,,,5.0000000000e-01
U1982,sa0,,,5.0000000000e-01
U1966_U1982_A,sa0,,,5.0000000000e-01
ADDRESS_REG_0__SCAN_IN_U1982_B,sa0,,,5.0000000000e-01
U1583,sa1,122,0,6.2738656998e-02
U1396,sa0,12,1,5.0000000000e-01
U1978,sa0,,,5.0000000000e-01
U1314_U1978_A,sa0,,,5.0000000000e-01
SCAN_REG_1__SCAN_IN_U1978_B,sa0,,,5.0000000000e-01
U1977,sa0,,,5.0000000000e-01
U1315_U1977_A,sa0,,,5.0000000000e-01
MAX_REG_1__SCAN_IN_U1977_B,sa0,,,5.0000000000e-01
U1979,sa0,,,5.0000000000e-01
U1966_U1979_A,sa0,,,5.0000000000e-01
ADDRESS_REG_1__SCAN_IN_U1979_B,sa0,,,5.0000000000e-01
U1395,sa1,16,1,5.0000000000e-01
U1397,sa0,12,1,5.0000000000e-01
U1975,sa0,,,5.0000000000e-01
U1314_U1975_A,sa0,,,5.0000000000e-01
SCAN_REG_2__SCAN_IN_U1975_B,sa0,,,5.0000000000e-01
U1974,sa0,,,5.0000000000e-01
U1315_U1974_A,sa0,,,5.0000000000e-01
MAX_REG_2__SCAN_IN_U1974_B,sa0,,,5.0000000000e-01
U1976,sa0,,,5.0000000000e-01
U1966_U1976_A,sa0,,,5.0000000000e-01
ADDRESS_REG_2__SCAN_IN_U1976_B,sa0,,,5.0000000000e-01
U1396,sa1,16,1,5.0000000000e-01
U1398,sa0,12,1,5.0000000000e-01
U1972,sa0,,,5.0000000000e-01
U1314_U1972_A,sa0,,,5.0000000000e-01
SCAN_REG_3__SCAN_IN_U1972_B,sa0,,,5.0000000000e-01
U1971,sa0,,,5.0000000000e-01
U1315_U1971_A,sa0,,,5.0000000000e-01
MAX_REG_3__SCAN_IN_U1971_B,sa0,,,5.0000000000e-01
U1973,sa0,,,5.0000000000e-01
U1966_U1973_A,sa0,,,5.0000000000e-01
ADDRESS_REG_3__SCAN_IN_U1973_B,sa0,,,5.0000000000e-01
U1397,sa1,16,1,5.0000000000e-01
U1399,sa0,12,1,5.0000000000e-01
U1969,sa0,,,5.0000000000e-01
U1314_U1969_A,sa0,,,5.0000000000e-01
SCAN_REG_4__SCAN_IN_U1969_B,sa0,,,5.0000000000e-01
U1968,sa0,,,5.0000000000e-01
U1315_U1968_A,sa0,,,5.0000000000e-01
MAX_REG_4__SCAN_IN_U1968_B,sa0,,,5.0000000000e-01
U1970,sa0,,,5.0000000000e-01
U1966_U1970_A,sa0,,,5.0000000000e-01
ADDRESS_REG_4__SCAN_IN_U1970_B,sa0,,,5.0000000000e-01
U1398,sa1,16,1,5.0000000000e-01
U1948,sa1,30,0,7.4279785156e-02
U1399,sa1,16,1,5.0000000000e-01
U1949,sa1,30,0,2.2834777832e-02
R745_U8_U1939_A,sa1,30,0,6.1645507813e-02
U1370_U1541_C,sa1,30,0,4.6145677567e-02
R745_U8_U1888_A,sa1,30,0,1.8477439880e-06
U1372_U1604_C,sa1,30,0,2.2232055664e-02
U1372_U1607_C,sa1,30,0,1.8433690071e-02
U1370_U1386_B,sa1,30,0,4.2979240417e-02
U1373_U1386_A,sa1,12,1,3.0761718750e-02
U1373_U1374_D,sa1,30,0,4.4582128525e-02
U2020,sa1,12,1,7.3828125000e-01
U2012,sa1,2,1,2.5781250000e-01
U1608_U2012_A,sa0,,,2.5781250000e-01
U2032,sa1,30,0,1.1247634888e-02
U2131,sa1,30,0,5.1563119888e-01
U2125,sa1,24,1,5.7678222656e-03
U1316,sa0,30,0,5.2165985107e-04
U1616_U1316_A,sa0,,,5.2165985107e-04
U1515_U1316_B,sa0,,,5.2165985107e-04
U1527_U1316_C,sa0,,,5.2165985107e-04
U1317,sa0,30,0,2.0563602448e-06
U1611_U1317_A,sa0,,,2.0563602448e-06
U1532_U1317_B,sa0,,,2.0563602448e-06
U1316,sa1,90,0,1.2811994553e-01
U2163,sa1,30,0,1.8112182617e-02
U2127,sa1,18,1,9.6130371094e-03
U1317,sa1,60,0,5.3436851501e-01
U1309,sa0,17,1,1.5625000000e-02
U1834_U1309_A,sa0,,,1.5625000000e-02
U1611_U1309_B,sa0,,,1.5625000000e-02
U1830_U1309_C,sa0,,,1.5625000000e-02
U1319,sa0,30,0,5.8601200581e-03
U1522_U1319_A,sa0,,,5.8601200581e-03
U1830_U1319_B,sa0,,,5.8601200581e-03
U1309,sa1,78,0,5.5581665039e-01
U1931,sa1,30,0,3.2794952393e-02
U1319,sa1,60,0,5.5053710938e-01
U1950,sa1,30,0,9.0362548828e-02
U1833,sa1,30,0,1.3795316219e-02
U1522_U1833_A,sa0,,,1.3795316219e-02
U1384,sa0,4,1,2.5048851967e-01
U2018,sa0,,,2.5048851967e-01
U1622_U2018_A,sa0,,,2.5048851967e-01
U1560_U2018_B,sa0,,,2.5048851967e-01
U1637_U1384_B,sa0,,,2.5048851967e-01
U1492_U1384_C,sa0,,,2.5048851967e-01
U1853,sa0,30,0,6.1328125000e-01
U1527_U1853_A,sa1,,,6.1328125000e-01
U1384,sa1,27,1,7.4951148033e-01
U1853,sa1,30,1,1.5498876572e-02
U1527_U1853_A,sa0,,,1.5498876572e-02
U1639,sa0,30,0,8.4017944336e-01
U1819_U1639_A,sa0,,,8.4017944336e-01
U1651_U1639_B,sa0,,,8.4017944336e-01
U1830_U1639_C,sa0,,,8.4017944336e-01
U1639,sa1,30,1,9.1552734375e-04
U1866,sa0,30,0,3.6952209473e-01
U1532_U1866_A,sa1,,,3.6952209473e-01
R745_U22_R745_U30_A,sa1,30,0,9.8891556263e-03
U1866,sa1,30,0,5.1439666748e-01
U1532_U1866_A,sa0,,,5.1439666748e-01
U1869,sa1,30,0,4.9662590027e-03
R745_U22_R745_U18_A,sa1,30,0,1.5686683357e-02
R745_U30,sa1,30,0,2.8154999018e-03
R745_U18,sa0,30,0,3.1373172998e-02
R745_U22_R745_U18_A,sa0,,,3.1373172998e-02
R745_U19_R745_U18_B,sa0,,,3.1373172998e-02
R745_U18,sa1,30,0,1.4726594090e-03
U1866_U2130_A,sa1,30,0,7.1525573730e-06
U1316_U1860_B,sa1,30,1,2.5373077393e-01
U1316_U1862_B,sa1,29,1,4.9964523315e-01
U1309_U1842_B,sa1,30,0,1.8135070801e-01
U1319_U1841_B,sa1,30,0,1.8209838867e-01
U1639_U1420_D,sa1,7,1,6.7138671875e-04
U1316_U1854_B,sa1,30,0,3.8554906845e-02
U1639_U1421_D,sa1,9,1,6.7138671875e-04
U1317_U1890_B,sa1,30,0,3.5643899441e-01
U1639_U1422_D,sa1,9,1,6.7138671875e-04
U1316_U1856_B,sa1,30,0,6.9294452667e-02
U1309_U1845_B,sa1,30,0,1.8136596680e-01
U1317_U1892_B,sa1,30,0,3.6968994141e-01
U1853_U1861_A,sa1,18,1,7.9936981201e-03
U1309_U1838_A,sa1,30,0,1.8271207809e-01
U1866_U1533_A,sa1,30,0,4.9804830551e-01
U1866_U2128_A,sa1,30,0,2.2351741791e-07
U1316_U1858_B,sa1,30,0,1.3077330589e-01
U1319_U1846_B,sa1,30,0,1.8209838867e-01
U1853_U1863_A,sa1,11,1,8.1710815430e-03
U1319_U1839_A,sa1,30,0,1.8209838867e-01
U1317_U1886_B,sa1,30,0,3.4484703839e-01
U1853_U1855_A,sa1,22,1,7.8384876251e-03
U1309_U1849_C,sa1,30,0,1.8249511719e-01
U1319_U1848_C,sa1,30,0,1.8249511719e-01
U1639_U1419_D,sa1,9,1,6.7138671875e-04
U1317_U1888_B,sa1,30,0,3.4960621595e-01
U1853_U1857_A,sa1,22,1,7.8606605530e-03
U1866_U1891_A,sa1,30,0,2.5781416893e-01
U1853_U1859_A,sa1,21,1,7.9050064087e-03
U1866_U1893_A,sa1,30,0,2.5781583786e-01
U1866_U1887_A,sa1,30,0,2.5781291723e-01
U1866_U1889_A,sa1,30,0,2.5781333447e-01
U2112,sa1,30,0,4.4692993164e-02
U1604,sa0,30,0,3.2318115234e-02
U1953,sa0,,,3.2318115234e-02
U1622_U1953_A,sa0,,,3.2318115234e-02
U1952,sa0,,,3.2318115234e-02
U1498_U1952_A,sa0,,,3.2318115234e-02
U1623_U1952_B,sa0,,,3.2318115234e-02
U1642_U1604_B,sa0,,,3.2318115234e-02
U1372_U1604_C,sa0,,,3.2318115234e-02
U1541,sa0,30,0,9.3929290771e-02
U1905,sa0,,,9.3929290771e-02
U1632,sa0,,,9.3929290771e-02
U1538_U1632_A,sa1,,,9.3929290771e-02
U1492_U1905_B,sa0,,,9.3929290771e-02
U1904,sa0,,,9.3929290771e-02
U1616_U1904_A,sa0,,,9.3929290771e-02
U1897,sa0,,,9.3929290771e-02
U2135,sa0,,,9.3929290771e-02
U1613_U2135_A,sa0,,,9.3929290771e-02
U1618_U2135_B,sa0,,,9.3929290771e-02
U2134,sa0,,,9.3929290771e-02
U1306_U2134_A,sa0,,,9.3929290771e-02
U1496_U2134_B,sa0,,,9.3929290771e-02
U2133,sa0,,,9.3929290771e-02
U1502_U2133_A,sa0,,,9.3929290771e-02
U1493_U2133_B,sa0,,,9.3929290771e-02
U1614_U2133_C,sa0,,,9.3929290771e-02
U2132,sa0,,,9.3929290771e-02
U1655_U2132_A,sa0,,,9.3929290771e-02
U1501_U2132_B,sa0,,,9.3929290771e-02
U1492_U2132_C,sa0,,,9.3929290771e-02
U1370_U1541_C,sa0,,,9.3929290771e-02
U1579,sa0,,,9.3929290771e-02
U1903,sa0,,,9.3929290771e-02
U1611_U1903_A,sa0,,,9.3929290771e-02
U1901,sa0,,,9.3929290771e-02
U1899,sa0,,,9.3929290771e-02
U1320_U1899_A,sa0,,,9.3929290771e-02
U1496_U1899_B,sa0,,,9.3929290771e-02
U1900,sa0,,,9.3929290771e-02
U1635_U1900_A,sa0,,,9.3929290771e-02
U1492_U1900_B,sa0,,,9.3929290771e-02
U1898,sa0,,,9.3929290771e-02
U1819_U1898_A,sa0,,,9.3929290771e-02
U1500_U1898_B,sa0,,,9.3929290771e-02
U1501_U1898_C,sa0,,,9.3929290771e-02
U1902,sa0,,,9.3929290771e-02
U1320_U1902_A,sa0,,,9.3929290771e-02
U1635_U1902_B,sa0,,,9.3929290771e-02
U1648_U1579_C,sa0,,,9.3929290771e-02
U1637_U1579_D,sa0,,,9.3929290771e-02
U1604,sa1,30,0,4.6435546875e-01
U2162,sa1,30,0,2.2992706299e-01
U2171,sa1,22,1,2.4261474609e-03
U1541,sa1,30,0,5.5306243896e-01
U1607,sa0,30,0,2.8369247913e-01
U1368_U1607_A,sa0,,,2.8369247913e-01
U1999,sa0,,,2.8369247913e-01
U1622_U1999_A,sa0,,,2.8369247913e-01
U1998,sa0,,,2.8369247913e-01
U1538_U1998_A,sa0,,,2.8369247913e-01
U1629_U1998_B,sa0,,,2.8369247913e-01
U1997,sa0,,,2.8369247913e-01
U1616_U1997_A,sa0,,,2.8369247913e-01
U1493_U1997_B,sa0,,,2.8369247913e-01
U1619_U1997_C,sa0,,,2.8369247913e-01
U1372_U1607_C,sa0,,,2.8369247913e-01
U1607,sa1,30,0,1.4929199219e-01
U1374,sa0,30,0,7.3510599136e-01
U2026,sa0,,,7.3510599136e-01
U1619_U2026_A,sa0,,,7.3510599136e-01
U1615_U2026_B,sa0,,,7.3510599136e-01
U2027,sa0,,,7.3510599136e-01
U1614_U2027_A,sa0,,,7.3510599136e-01
U1500_U2027_B,sa0,,,7.3510599136e-01
U1619_U2027_C,sa0,,,7.3510599136e-01
U2025,sa0,,,7.3510599136e-01
U1627_U2025_A,sa0,,,7.3510599136e-01
U1515_U2025_B,sa0,,,7.3510599136e-01
U1373_U1374_D,sa0,,,7.3510599136e-01
U1564,sa0,19,1,4.9134826660e-01
U2125,sa0,,,4.9134826660e-01
U1883_U2125_A,sa0,,,4.9134826660e-01
U1318_U2125_B,sa0,,,4.9134826660e-01
U2124,sa0,,,4.9134826660e-01
U1600_U2124_A,sa0,,,4.9134826660e-01
IND_REG_1__SCAN_IN_U2124_B,sa0,,,4.9134826660e-01
U1374,sa1,72,0,7.1491003036e-02
U1565,sa0,19,1,4.9519348145e-01
U2127,sa0,,,4.9519348145e-01
U1884_U2127_A,sa0,,,4.9519348145e-01
U1559_U2127_B,sa0,,,4.9519348145e-01
U1883_U2127_C,sa0,,,4.9519348145e-01
U2126,sa0,,,4.9519348145e-01
U1600_U2126_A,sa0,,,4.9519348145e-01
IND_REG_0__SCAN_IN_U2126_B,sa0,,,4.9519348145e-01
U1564,sa1,21,1,5.0865173340e-01
U1870,sa1,30,0,9.6130371094e-04
U1836,sa0,30,0,1.0229492188e-01
U1835,sa0,,,1.0229492188e-01
U1611_U1835_A,sa0,,,1.0229492188e-01
U1834_U1835_B,sa0,,,1.0229492188e-01
U1833,sa0,,,1.0229492188e-01
U1522_U1833_A,sa1,,,1.0229492188e-01
U1830_U1836_C,sa0,,,1.0229492188e-01
U1565,sa1,21,1,5.0480651855e-01
U1386,sa0,30,0,3.0133056641e-01
U1373_U1386_A,sa0,,,3.0133056641e-01
U1370_U1386_B,sa0,,,3.0133056641e-01
U1582,sa0,,,3.0133056641e-01
U1643_U1582_A,sa0,,,3.0133056641e-01
U1642_U1582_B,sa0,,,3.0133056641e-01
U1645_U1582_C,sa0,,,3.0133056641e-01
U1581,sa0,,,3.0133056641e-01
U1626_U1581_A,sa0,,,3.0133056641e-01
U1624_U1581_B,sa0,,,3.0133056641e-01
U1629_U1581_C,sa0,,,3.0133056641e-01
U1640_U1581_D,sa0,,,3.0133056641e-01
U1634_U1581_E,sa0,,,3.0133056641e-01
U1836,sa1,30,0,4.7839355469e-01
U1386,sa1,22,1,6.6707611084e-01
U1939,sa1,30,0,6.7260742188e-02
R745_U16,sa0,30,0,3.1327366829e-02
R745_U30,sa0,,,3.1327366829e-02
R745_U22_R745_U30_A,sa0,,,3.1327366829e-02
R745_U19_R745_U30_B,sa0,,,3.1327366829e-02
R745_U29,sa0,,,3.1327366829e-02
U1376_R745_U29_A,sa0,,,3.1327366829e-02
R745_U12_R745_U29_B,sa0,,,3.1327366829e-02
R745_U16,sa1,30,0,5.0061792135e-03
U1541_U2141_B,sa1,30,0,2.0560455322e-01
U1541_U1322_B,sa1,30,0,3.0719757080e-02
U1541_U1323_B,sa1,30,0,4.4906616211e-02
U1604_U2143_B,sa1,30,0,1.0991477966e-01
U1604_U2145_B,sa1,26,1,9.0354919434e-02
U1541_U2137_B,sa1,30,0,1.5627193451e-01
U1604_U2147_B,sa1,30,0,2.7187347412e-01
U1541_U2139_B,sa1,30,0,1.3193130493e-02
U1607_U2157_B,sa1,30,0,2.5862693787e-02
U1836_U1840_A,sa1,8,1,2.5878906250e-01
U1541_U1647_C,sa1,8,1,4.1015625000e-01
U1836_U1850_A,sa1,8,1,2.5878906250e-01
U1836_U1843_A,sa1,8,1,2.5878906250e-01
U1374_U1388_C,sa1,30,0,9.4482421875e-02
U1836_U1847_A,sa1,8,1,2.5878906250e-01
U1374_U1387_E,sa1,30,0,6.2488555908e-02
U2130,sa1,30,0,2.3840332031e-01
U1533,sa0,30,0,4.9679470062e-01
U1866_U1533_A,sa0,,,4.9679470062e-01
U1870,sa0,,,4.9679470062e-01
U1622_U1870_A,sa0,,,4.9679470062e-01
U1869,sa0,,,4.9679470062e-01
U1369_U1869_A,sa0,,,4.9679470062e-01
U1868,sa0,,,4.9679470062e-01
U1615_U1868_A,sa0,,,4.9679470062e-01
U1614_U1868_B,sa0,,,4.9679470062e-01
U1635_U1868_C,sa0,,,4.9679470062e-01
U1533,sa1,30,0,3.1881976128e-01
U2128,sa1,30,0,2.4213850498e-01
U1841,sa1,30,0,3.9070248604e-03
U1941,sa1,30,0,5.4718017578e-02
U1842,sa1,5,1,3.9062500000e-03
U1860,sa1,30,0,3.5238265991e-04
U1861,sa1,30,0,4.9005508423e-01
U1385,sa0,30,0,2.3437762260e-01
U2022,sa0,,,2.3437762260e-01
U1310_U2022_A,sa0,,,2.3437762260e-01
U1627_U2022_B,sa0,,,2.3437762260e-01
U2021,sa0,,,2.3437762260e-01
U1611_U2021_A,sa0,,,2.3437762260e-01
U2019,sa0,,,2.3437762260e-01
U1636,sa0,,,2.3437762260e-01
U2016,sa0,,,2.3437762260e-01
U1502_U2016_A,sa0,,,2.3437762260e-01
U1531_U2016_B,sa0,,,2.3437762260e-01
U1500_U1636_B,sa0,,,2.3437762260e-01
U1640_U2019_B,sa0,,,2.3437762260e-01
U1580,sa0,,,2.3437762260e-01
U1495_U1580_A,sa0,,,2.3437762260e-01
U1641_U1580_B,sa0,,,2.3437762260e-01
U1631_U1580_C,sa0,,,2.3437762260e-01
U1629_U1580_D,sa0,,,2.3437762260e-01
U2112,sa0,,,2.3437762260e-01
U2020,sa0,,,2.3437762260e-01
U2017,sa0,,,2.3437762260e-01
U1560_U2017_A,sa1,,,2.3437762260e-01
U1524_U2020_B,sa0,,,2.3437762260e-01
U1501_U2112_B,sa0,,,2.3437762260e-01
U2111,sa0,,,2.3437762260e-01
U1864_U2111_A,sa0,,,2.3437762260e-01
U1630_U2111_B,sa0,,,2.3437762260e-01
U1575,sa0,30,0,2.4603271484e-01
U2163,sa0,,,2.4603271484e-01
U1611_U2163_A,sa0,,,2.4603271484e-01
U1608_U2163_B,sa0,,,2.4603271484e-01
U2162,sa0,,,2.4603271484e-01
U2012,sa0,,,2.4603271484e-01
U1608_U2012_A,sa1,,,2.4603271484e-01
NLOSS_REG_SCAN_IN_U2162_B,sa0,,,2.4603271484e-01
U1862,sa1,18,1,3.5476684570e-04
U1385,sa1,30,0,7.5048232079e-01
U1575,sa1,30,0,7.4633789063e-01
U1845,sa1,5,1,3.9062500000e-03
U1854,sa1,30,0,3.0541419983e-04
U1863,sa1,30,0,4.9182748795e-01
U1890,sa1,30,0,2.3841857910e-06
U1846,sa1,30,0,3.9070248604e-03
U1855,sa1,30,0,4.9182319641e-01
U1891,sa1,30,0,2.3698425293e-01
U1838,sa1,3,1,3.9062500000e-03
U1856,sa1,30,0,3.0660629272e-04
U1892,sa1,30,0,3.5762786865e-06
U1839,sa1,30,0,3.9680600166e-03
U1848,sa1,30,0,3.9675086737e-03
U1857,sa1,30,0,4.9182319641e-01
U1893,sa1,30,0,2.3946762085e-01
U1849,sa1,4,1,3.9062500000e-03
U1858,sa1,30,0,3.1852722168e-04
U1859,sa1,30,0,4.9182319641e-01
U1887,sa1,30,0,2.4184036255e-01
U1888,sa1,30,0,1.8477439880e-06
U1889,sa1,30,0,2.3083496094e-01
R745_U18_R745_U27_B,sa1,30,0,1.4726594090e-03
R745_U23,sa1,30,0,1.5748336911e-02
R745_U18_R745_U23_A,sa0,,,1.5748336911e-02
R745_U27,sa1,30,0,1.9654586911e-02
U1533_U1313_B,sa1,30,0,2.2287034988e-01
R745_U16_U1933_B,sa1,30,0,6.5307617188e-02
U2000,sa1,30,0,2.6634216309e-01
U1607_U2000_A,sa0,,,2.6634216309e-01
R745_U16_U1886_A,sa1,30,0,1.5348196030e-06
U1322,sa0,30,0,8.8867187500e-02
U1926_U1322_A,sa0,,,8.8867187500e-02
U1541_U1322_B,sa0,,,8.8867187500e-02
U2141,sa1,30,0,5.6686401367e-02
U1323,sa0,30,0,2.4414062500e-02
U1931,sa0,,,2.4414062500e-02
U1930,sa0,,,2.4414062500e-02
U1543_U1930_A,sa1,,,2.4414062500e-02
U1649_U1931_B,sa0,,,2.4414062500e-02
U1541_U1323_B,sa0,,,2.4414062500e-02
U1322,sa1,60,0,4.7420501709e-02
U1414,sa0,30,0,4.9182176590e-01
U1863,sa0,,,4.9182176590e-01
U1853_U1863_A,sa0,,,4.9182176590e-01
SCAN_REG_0__SCAN_IN_U1863_B,sa0,,,4.9182176590e-01
U1862,sa0,,,4.9182176590e-01
R785_U5_U1862_A,sa0,,,4.9182176590e-01
U1316_U1862_B,sa0,,,4.9182176590e-01
U1405,sa0,30,0,2.4192333221e-01
U1893,sa0,,,2.4192333221e-01
U1866_U1893_A,sa0,,,2.4192333221e-01
TIMEBASE_REG_1__SCAN_IN_U1893_B,sa0,,,2.4192333221e-01
U1892,sa0,,,2.4192333221e-01
R745_U9_U1892_A,sa0,,,2.4192333221e-01
U1317_U1892_B,sa0,,,2.4192333221e-01
U1323,sa1,60,0,7.7701568604e-02
U2143,sa1,30,0,1.4221668243e-02
U1415,sa0,30,0,4.9182176590e-01
U1861,sa0,,,4.9182176590e-01
U1853_U1861_A,sa0,,,4.9182176590e-01
SCAN_REG_1__SCAN_IN_U1861_B,sa0,,,4.9182176590e-01
U1860,sa0,,,4.9182176590e-01
R785_U14,sa0,,,4.9182176590e-01
R785_U27,sa0,,,4.9182176590e-01
R785_U6,sa0,,,4.9182176590e-01
SCAN_REG_1__SCAN_IN_R785_U6_A,sa1,,,4.9182176590e-01
SCAN_REG_0__SCAN_IN_R785_U27_B,sa0,,,4.9182176590e-01
R785_U26,sa0,,,4.9182176590e-01
R785_U5_R785_U26_A,sa0,,,4.9182176590e-01
SCAN_REG_1__SCAN_IN_R785_U26_B,sa0,,,4.9182176590e-01
U1316_U1860_B,sa0,,,4.9182176590e-01
U1414,sa1,30,0,5.0780916214e-01
U1406,sa0,30,0,2.4192333221e-01
U1891,sa0,,,2.4192333221e-01
U1866_U1891_A,sa0,,,2.4192333221e-01
TIMEBASE_REG_2__SCAN_IN_U1891_B,sa0,,,2.4192333221e-01
U1890,sa0,,,2.4192333221e-01
R745_U6_U1890_A,sa0,,,2.4192333221e-01
U1317_U1890_B,sa0,,,2.4192333221e-01
U1405,sa1,30,0,7.5780498981e-01
U1416,sa0,30,0,4.9182176590e-01
U1859,sa0,,,4.9182176590e-01
U1853_U1859_A,sa0,,,4.9182176590e-01
SCAN_REG_2__SCAN_IN_U1859_B,sa0,,,4.9182176590e-01
U1858,sa0,,,4.9182176590e-01
R785_U13,sa0,,,4.9182176590e-01
R785_U25,sa0,,,4.9182176590e-01
R785_U17_R785_U25_A,sa0,,,4.9182176590e-01
R785_U8,sa0,,,4.9182176590e-01
SCAN_REG_2__SCAN_IN_R785_U8_A,sa1,,,4.9182176590e-01
R785_U24,sa0,,,4.9182176590e-01
R785_U7_R785_U24_A,sa0,,,4.9182176590e-01
SCAN_REG_2__SCAN_IN_R785_U24_B,sa0,,,4.9182176590e-01
U1316_U1858_B,sa0,,,4.9182176590e-01
U1415,sa1,30,0,5.0657296181e-01
U1407,sa0,30,0,2.4192333221e-01
U1889,sa0,,,2.4192333221e-01
U1866_U1889_A,sa0,,,2.4192333221e-01
TIMEBASE_REG_3__SCAN_IN_U1889_B,sa0,,,2.4192333221e-01
U1888,sa0,,,2.4192333221e-01
R745_U8_U1888_A,sa0,,,2.4192333221e-01
U1317_U1888_B,sa0,,,2.4192333221e-01
U1406,sa1,30,0,7.5780868530e-01
U2145,sa1,26,1,1.8508911133e-02
U1417,sa0,30,0,4.9182176590e-01
U1857,sa0,,,4.9182176590e-01
U1853_U1857_A,sa0,,,4.9182176590e-01
SCAN_REG_3__SCAN_IN_U1857_B,sa0,,,4.9182176590e-01
U1856,sa0,,,4.9182176590e-01
R785_U12,sa0,,,4.9182176590e-01
R785_U23,sa0,,,4.9182176590e-01
R785_U18_R785_U23_A,sa0,,,4.9182176590e-01
R785_U10,sa0,,,4.9182176590e-01
SCAN_REG_3__SCAN_IN_R785_U10_A,sa1,,,4.9182176590e-01
R785_U22,sa0,,,4.9182176590e-01
R785_U9_R785_U22_A,sa0,,,4.9182176590e-01
SCAN_REG_3__SCAN_IN_R785_U22_B,sa0,,,4.9182176590e-01
U1316_U1856_B,sa0,,,4.9182176590e-01
U1416,sa1,30,0,5.0506567955e-01
U1407,sa1,30,0,7.5781056285e-01
U1840,sa1,30,0,1.7968750000e-01
U1418,sa0,30,0,4.9182176590e-01
U1855,sa0,,,4.9182176590e-01
U1853_U1855_A,sa0,,,4.9182176590e-01
SCAN_REG_4__SCAN_IN_U1855_B,sa0,,,4.9182176590e-01
U1854,sa0,,,4.9182176590e-01
R785_U11,sa0,,,4.9182176590e-01
R785_U21,sa0,,,4.9182176590e-01
R785_U19,sa0,,,4.9182176590e-01
R785_U16_R785_U19_A,sa1,,,4.9182176590e-01
R785_U15,sa0,,,4.9182176590e-01
SCAN_REG_4__SCAN_IN_R785_U15_A,sa1,,,4.9182176590e-01
R785_U20,sa0,,,4.9182176590e-01
R785_U16_R785_U20_A,sa0,,,4.9182176590e-01
SCAN_REG_4__SCAN_IN_R785_U20_B,sa0,,,4.9182176590e-01
U1316_U1854_B,sa0,,,4.9182176590e-01
U1417,sa1,30,0,5.0781393051e-01
U2147,sa1,30,0,2.1165370941e-02
U1850,sa1,30,0,1.3916015625e-01
U1418,sa1,30,0,5.0712776184e-01
U1906,sa0,30,0,6.4233398438e-01
U1541_U1906_A,sa1,,,6.4233398438e-01
U2157,sa1,30,0,4.4250726700e-02
U2139,sa1,30,0,4.2360782623e-02
U1906,sa1,30,0,1.6445541382e-01
U1541_U1906_A,sa0,,,1.6445541382e-01
U1843,sa1,30,0,1.4013671875e-01
U1647,sa0,30,0,5.5348968506e-01
U1621_U1647_A,sa0,,,5.5348968506e-01
U1496_U1647_B,sa0,,,5.5348968506e-01
U1541_U1647_C,sa0,,,5.5348968506e-01
U1954,sa0,30,0,5.7106018066e-02
U1604_U1954_A,sa1,,,5.7106018066e-02
U1567,sa0,30,0,7.5770831108e-01
U2131,sa0,,,7.5770831108e-01
U1894,sa0,,,7.5770831108e-01
U1611_U1894_A,sa0,,,7.5770831108e-01
U1548,sa0,,,7.5770831108e-01
R745_U7_U1548_A,sa1,,,7.5770831108e-01
U1532_U2131_B,sa0,,,7.5770831108e-01
U2130,sa0,,,7.5770831108e-01
U1866_U2130_A,sa0,,,7.5770831108e-01
TIMEBASE_REG_0__SCAN_IN_U2130_B,sa0,,,7.5770831108e-01
U1647,sa1,28,1,7.3242187500e-03
U1387,sa0,30,0,7.3389148712e-01
U2029,sa0,,,7.3389148712e-01
U1621_U2029_A,sa0,,,7.3389148712e-01
U1612_U2029_B,sa0,,,7.3389148712e-01
U2030,sa0,,,7.3389148712e-01
U1610_U2030_A,sa0,,,7.3389148712e-01
U1500_U2030_B,sa0,,,7.3389148712e-01
U2028,sa0,,,7.3389148712e-01
U1628_U2028_A,sa0,,,7.3389148712e-01
U1501_U2028_B,sa0,,,7.3389148712e-01
U1583,sa0,,,7.3389148712e-01
U1634_U1583_A,sa0,,,7.3389148712e-01
U1626_U1583_B,sa0,,,7.3389148712e-01
U1638_U1583_C,sa0,,,7.3389148712e-01
U1549_U1583_D,sa0,,,7.3389148712e-01
U1644_U1583_E,sa0,,,7.3389148712e-01
U1374_U1387_E,sa0,,,7.3389148712e-01
U1954,sa1,30,0,3.4408569336e-02
U1604_U1954_A,sa0,,,3.4408569336e-02
U1567,sa1,30,0,2.4197030067e-01
U1388,sa0,30,0,2.1751022339e-01
U1646_U1388_A,sa0,,,2.1751022339e-01
U1643_U1388_B,sa0,,,2.1751022339e-01
U1374_U1388_C,sa0,,,2.1751022339e-01
U2172,sa0,,,2.1751022339e-01
U2034,sa0,,,2.1751022339e-01
U1895,sa0,,,2.1751022339e-01
U1561_U1895_A,sa1,,,2.1751022339e-01
U2033,sa0,,,2.1751022339e-01
U2170,sa0,,,2.1751022339e-01
U2166,sa0,,,2.1751022339e-01
U2165,sa0,,,2.1751022339e-01
U2108,sa0,,,2.1751022339e-01
K_1__U2108_A,sa0,,,2.1751022339e-01
U1559_U2108_B,sa0,,,2.1751022339e-01
DATA_OUT_REG_0__SCAN_IN_U2165_B,sa0,,,2.1751022339e-01
U2164,sa0,,,2.1751022339e-01
U1519_U2170_B,sa0,,,2.1751022339e-01
U2169,sa0,,,2.1751022339e-01
U2109,sa0,,,2.1751022339e-01
U2168,sa0,,,2.1751022339e-01
U2107,sa0,,,2.1751022339e-01
K_3__U2107_A,sa0,,,2.1751022339e-01
U1535_U2107_B,sa0,,,2.1751022339e-01
DATA_OUT_REG_0__SCAN_IN_U2168_B,sa0,,,2.1751022339e-01
U2167,sa0,,,2.1751022339e-01
U1318_U2109_C,sa0,,,2.1751022339e-01
DATA_OUT_REG_1__SCAN_IN_U2169_B,sa0,,,2.1751022339e-01
U1628_U2033_C,sa0,,,2.1751022339e-01
U1634_U2034_C,sa0,,,2.1751022339e-01
U1623_U2034_D,sa0,,,2.1751022339e-01
U1501_U2172_B,sa0,,,2.1751022339e-01
U2171,sa0,,,2.1751022339e-01
U1622_U2171_A,sa0,,,2.1751022339e-01
U2032,sa0,,,2.1751022339e-01
U1626_U2032_A,sa0,,,2.1751022339e-01
U1624_U2032_B,sa0,,,2.1751022339e-01
U1629_U2032_C,sa0,,,2.1751022339e-01
U2031,sa0,,,2.1751022339e-01
U1320_U2031_A,sa0,,,2.1751022339e-01
U1635_U2031_B,sa0,,,2.1751022339e-01
U1369_U2032_E,sa0,,,2.1751022339e-01
U1387,sa1,30,0,2.3153352737e-01
U1847,sa1,30,0,1.4208984375e-01
U1388,sa1,30,0,7.0263671875e-01
R745_U28,sa1,30,0,2.2351741791e-07
U1906_U2140_A,sa1,15,1,1.2133789063e-01
U1322_U1933_A,sa1,30,0,2.0020008087e-02
U1323_U1932_A,sa1,30,0,2.1460008621e-01
U1322_U1943_A,sa1,30,0,7.6515197754e-02
U1323_U1942_A,sa1,30,0,2.2998428345e-01
U1647_U1400_C,sa1,7,1,4.2724609375e-03
U1954_U2142_A,sa1,26,1,2.2834777832e-02
U1906_U2136_A,sa1,19,1,1.4907836914e-02
U1322_U1946_A,sa1,30,0,1.4662170410e-01
U1323_U1945_A,sa1,30,0,2.2607421875e-01
U1647_U1404_C,sa1,22,1,4.2724609375e-03
U1954_U2144_A,sa1,30,0,2.1042048931e-02
U1906_U2138_A,sa1,25,1,3.3020019531e-02
U1954_U2146_A,sa1,28,1,2.0073056221e-02
U1906_U1934_A,sa1,21,1,2.6153564453e-02
U1906_U1944_A,sa1,25,1,4.6752929688e-02
U1906_U1947_A,sa1,23,1,7.4218750000e-02
U1420,sa0,30,0,1.7272996902e-01
U1847,sa0,,,1.7272996902e-01
U1836_U1847_A,sa0,,,1.7272996902e-01
NL_REG_1__SCAN_IN_U1847_B,sa0,,,1.7272996902e-01
U1846,sa0,,,1.7272996902e-01
U1844,sa0,,,1.7272996902e-01
U1523_U1844_A,sa1,,,1.7272996902e-01
U1319_U1846_B,sa0,,,1.7272996902e-01
U1845,sa0,,,1.7272996902e-01
U1518_U1845_A,sa0,,,1.7272996902e-01
U1309_U1845_B,sa0,,,1.7272996902e-01
IND_REG_0__SCAN_IN_U1845_C,sa0,,,1.7272996902e-01
U1639_U1420_D,sa0,,,1.7272996902e-01
U1421,sa0,30,0,2.0520028472e-01
U1843,sa0,,,2.0520028472e-01
U1836_U1843_A,sa0,,,2.0520028472e-01
NL_REG_2__SCAN_IN_U1843_B,sa0,,,2.0520028472e-01
U1842,sa0,,,2.0520028472e-01
U1517_U1842_A,sa0,,,2.0520028472e-01
U1309_U1842_B,sa0,,,2.0520028472e-01
IND_REG_1__SCAN_IN_U1842_C,sa0,,,2.0520028472e-01
U1841,sa0,,,2.0520028472e-01
U1520_U1841_A,sa0,,,2.0520028472e-01
U1319_U1841_B,sa0,,,2.0520028472e-01
DATA_OUT_REG_1__SCAN_IN_U1841_C,sa0,,,2.0520028472e-01
U1639_U1421_D,sa0,,,2.0520028472e-01
U1420,sa1,30,0,7.3754882813e-01
U1313,sa0,30,0,3.5190582275e-04
U1616_U1313_A,sa0,,,3.5190582275e-04
U1533_U1313_B,sa0,,,3.5190582275e-04
U1422,sa0,30,0,2.2903442383e-01
U1840,sa0,,,2.2903442383e-01
U1836_U1840_A,sa0,,,2.2903442383e-01
NL_REG_3__SCAN_IN_U1840_B,sa0,,,2.2903442383e-01
U1839,sa0,,,2.2903442383e-01
U1319_U1839_A,sa0,,,2.2903442383e-01
U1837,sa0,,,2.2903442383e-01
U1521_U1837_A,sa1,,,2.2903442383e-01
U1838,sa0,,,2.2903442383e-01
U1309_U1838_A,sa0,,,2.2903442383e-01
IND_REG_1__SCAN_IN_U1838_B,sa0,,,2.2903442383e-01
IND_REG_0__SCAN_IN_U1838_C,sa0,,,2.2903442383e-01
U1639_U1422_D,sa0,,,2.2903442383e-01
U1421,sa1,30,0,7.3864746094e-01
U1313,sa1,50,0,7.2309160233e-01
U1422,sa1,30,0,7.3522949219e-01
U2156,sa1,30,0,1.6046142578e-01
U1419,sa0,30,0,2.0812997222e-01
U1850,sa0,,,2.0812997222e-01
U1836_U1850_A,sa0,,,2.0812997222e-01
NL_REG_0__SCAN_IN_U1850_B,sa0,,,2.0812997222e-01
U1849,sa0,,,2.0812997222e-01
U1517_U1849_A,sa0,,,2.0812997222e-01
U1518_U1849_B,sa0,,,2.0812997222e-01
U1309_U1849_C,sa0,,,2.0812997222e-01
U1848,sa0,,,2.0812997222e-01
U1519_U1848_A,sa0,,,2.0812997222e-01
U1520_U1848_B,sa0,,,2.0812997222e-01
U1319_U1848_C,sa0,,,2.0812997222e-01
U1639_U1419_D,sa0,,,2.0812997222e-01
U1419,sa1,30,0,7.3413085938e-01
U1871,sa0,30,0,2.9535174370e-01
U1533_U1871_A,sa1,,,2.9535174370e-01
U1871,sa1,30,0,4.9688434601e-01
U1533_U1871_A,sa0,,,4.9688434601e-01
U1886,sa1,30,0,1.4305114746e-06
R745_U15,sa0,30,0,1.9654281437e-02
R745_U28,sa0,,,1.9654281437e-02
R745_U23,sa0,,,1.9654281437e-02
R745_U18_R745_U23_A,sa1,,,1.9654281437e-02
R745_U17,sa0,,,1.9654281437e-02
U1375_R745_U17_A,sa1,,,1.9654281437e-02
R745_U27,sa0,,,1.9654281437e-02
U1375_R745_U27_A,sa0,,,1.9654281437e-02
R745_U18_R745_U27_B,sa0,,,1.9654281437e-02
R745_U15,sa1,30,0,2.0142316818e-02
U1313_U1880_B,sa1,30,0,4.9975252151e-01
U1313_U1872_B,sa1,30,0,2.7325439453e-01
U1313_U1874_B,sa1,30,1,2.8837585449e-01
U1313_U1876_B,sa1,29,1,3.1857299805e-01
U1313_U1878_B,sa1,30,1,3.7896728516e-01
U1871_U1881_A,sa1,28,1,2.5842237473e-01
U1871_U1873_A,sa1,9,1,2.5819349289e-01
U1871_U1875_A,sa1,11,1,2.5820875168e-01
U1871_U1877_A,sa1,14,1,2.5823926926e-01
U1871_U1879_A,sa1,19,1,2.5830030441e-01
U2140,sa1,13,1,3.5937500000e-01
U2142,sa1,30,0,4.3857955933e-01
U2144,sa1,30,0,4.0888977051e-01
U1408,sa0,30,0,2.4192333221e-01
U1887,sa0,,,2.4192333221e-01
U1866_U1887_A,sa0,,,2.4192333221e-01
TIMEBASE_REG_4__SCAN_IN_U1887_B,sa0,,,2.4192333221e-01
U1886,sa0,,,2.4192333221e-01
R745_U16_U1886_A,sa0,,,2.4192333221e-01
U1317_U1886_B,sa0,,,2.4192333221e-01
U2136,sa1,10,1,3.5937500000e-01
U2146,sa1,30,0,4.3370819092e-01
U1408,sa1,30,0,7.5781153142e-01
U2138,sa1,13,1,3.5937500000e-01
U1932,sa1,30,0,2.1224975586e-02
U1574,sa0,30,0,2.1463012695e-01
U2157,sa0,,,2.1463012695e-01
U2006,sa0,,,2.1463012695e-01
U2005,sa0,,,2.1463012695e-01
U1628_U2005_A,sa0,,,2.1463012695e-01
U1492_U2005_B,sa0,,,2.1463012695e-01
U2003,sa0,,,2.1463012695e-01
U2155,sa0,,,2.1463012695e-01
U1495_U2155_A,sa0,,,2.1463012695e-01
U1500_U2155_B,sa0,,,2.1463012695e-01
U2154,sa0,,,2.1463012695e-01
U1616_U2154_A,sa0,,,2.1463012695e-01
U1614_U2154_B,sa0,,,2.1463012695e-01
U1612_U2003_C,sa0,,,2.1463012695e-01
U2004,sa0,,,2.1463012695e-01
U2002,sa0,,,2.1463012695e-01
U1498_U2002_A,sa0,,,2.1463012695e-01
U2001,sa0,,,2.1463012695e-01
U1656_U2001_A,sa0,,,2.1463012695e-01
U1494_U2001_B,sa0,,,2.1463012695e-01
U1493_U2004_B,sa0,,,2.1463012695e-01
U1607_U2157_B,sa0,,,2.1463012695e-01
U2156,sa0,,,2.1463012695e-01
U2000,sa0,,,2.1463012695e-01
U1607_U2000_A,sa1,,,2.1463012695e-01
PLAY_REG_SCAN_IN_U2156_B,sa0,,,2.1463012695e-01
U1933,sa1,30,0,5.2658081055e-02
U1942,sa1,30,0,2.2872924805e-02
U1574,sa1,30,0,7.2922134399e-01
U1934,sa1,16,1,3.5937500000e-01
U1943,sa1,30,0,7.2631835938e-02
U1944,sa1,13,1,3.5937500000e-01
U1945,sa1,30,0,2.2956848145e-02
U1946,sa1,30,0,7.0129394531e-02
U1947,sa1,13,1,3.5937500000e-01
R745_U15_U1921_A,sa1,30,0,4.7683715820e-02
U1400,sa0,30,0,4.3505859375e-01
U2141,sa0,,,4.3505859375e-01
U1950,sa0,,,4.3505859375e-01
U1949,sa0,,,4.3505859375e-01
U1911_U1949_A,sa0,,,4.3505859375e-01
TIMEBASE_REG_0__SCAN_IN_U1949_B,sa0,,,4.3505859375e-01
U1948,sa0,,,4.3505859375e-01
R745_U7_U1948_A,sa0,,,4.3505859375e-01
U1920_U1948_B,sa0,,,4.3505859375e-01
U1541_U2141_B,sa0,,,4.3505859375e-01
U2140,sa0,,,4.3505859375e-01
U1906_U2140_A,sa0,,,4.3505859375e-01
COUNT_REG2_0__SCAN_IN_U2140_B,sa0,,,4.3505859375e-01
U1647_U1400_C,sa0,,,4.3505859375e-01
U1401,sa0,30,0,4.0417480469e-01
U1946,sa0,,,4.0417480469e-01
U1322_U1946_A,sa0,,,4.0417480469e-01
R745_U9_U1946_B,sa0,,,4.0417480469e-01
U1945,sa0,,,4.0417480469e-01
U1323_U1945_A,sa0,,,4.0417480469e-01
TIMEBASE_REG_1__SCAN_IN_U1945_B,sa0,,,4.0417480469e-01
U1947,sa0,,,4.0417480469e-01
U1906_U1947_A,sa0,,,4.0417480469e-01
COUNT_REG2_1__SCAN_IN_U1947_B,sa0,,,4.0417480469e-01
U1400,sa1,30,0,4.5950317383e-01
U1402,sa0,30,0,4.0222167969e-01
U1943,sa0,,,4.0222167969e-01
U1322_U1943_A,sa0,,,4.0222167969e-01
R745_U6_U1943_B,sa0,,,4.0222167969e-01
U1942,sa0,,,4.0222167969e-01
U1323_U1942_A,sa0,,,4.0222167969e-01
TIMEBASE_REG_2__SCAN_IN_U1942_B,sa0,,,4.0222167969e-01
U1944,sa0,,,4.0222167969e-01
U1906_U1944_A,sa0,,,4.0222167969e-01
COUNT_REG2_2__SCAN_IN_U1944_B,sa0,,,4.0222167969e-01
U1401,sa1,30,0,4.1419219971e-01
U1403,sa0,30,0,4.1601562500e-01
U1933,sa0,,,4.1601562500e-01
U1322_U1933_A,sa0,,,4.1601562500e-01
R745_U16_U1933_B,sa0,,,4.1601562500e-01
U1932,sa0,,,4.1601562500e-01
U1323_U1932_A,sa0,,,4.1601562500e-01
TIMEBASE_REG_4__SCAN_IN_U1932_B,sa0,,,4.1601562500e-01
U1934,sa0,,,4.1601562500e-01
U1906_U1934_A,sa0,,,4.1601562500e-01
COUNT_REG2_4__SCAN_IN_U1934_B,sa0,,,4.1601562500e-01
U1402,sa1,30,0,4.1553497314e-01
U1403,sa1,30,0,4.5101928711e-01
U1570,sa0,30,0,4.7250366211e-01
U2145,sa0,,,4.7250366211e-01
U1959,sa0,,,4.7250366211e-01
U1958,sa0,,,4.7250366211e-01
U1542_U1958_A,sa0,,,4.7250366211e-01
DATA_OUT_REG_1__SCAN_IN_U1958_B,sa0,,,4.7250366211e-01
U1957,sa0,,,4.7250366211e-01
U1318_U1957_A,sa0,,,4.7250366211e-01
U1621_U1957_B,sa0,,,4.7250366211e-01
U1604_U2145_B,sa0,,,4.7250366211e-01
U2144,sa0,,,4.7250366211e-01
U1954_U2144_A,sa0,,,4.7250366211e-01
SOUND_REG_1__SCAN_IN_U2144_B,sa0,,,4.7250366211e-01
U1571,sa0,30,0,4.7390747070e-01
U2147,sa0,,,4.7390747070e-01
U1962,sa0,,,4.7390747070e-01
U1960,sa0,,,4.7390747070e-01
U1493_U1960_A,sa0,,,4.7390747070e-01
DATA_OUT_REG_0__SCAN_IN_U1960_B,sa0,,,4.7390747070e-01
U1545_U1962_B,sa0,,,4.7390747070e-01
U1961,sa0,,,4.7390747070e-01
U1884_U1961_A,sa0,,,4.7390747070e-01
U1559_U1961_B,sa0,,,4.7390747070e-01
U1621_U1961_C,sa0,,,4.7390747070e-01
U1604_U2147_B,sa0,,,4.7390747070e-01
U2146,sa0,,,4.7390747070e-01
U1954_U2146_A,sa0,,,4.7390747070e-01
SOUND_REG_0__SCAN_IN_U2146_B,sa0,,,4.7390747070e-01
U1570,sa1,30,0,4.9902021885e-01
U1571,sa1,30,0,4.9461364746e-01
U1880,sa1,25,1,2.4414062500e-04
U1872,sa1,30,0,2.3841857910e-04
U1881,sa1,30,0,2.4095368385e-01
U1568,sa0,30,0,3.3496093750e-01
U2139,sa0,,,3.3496093750e-01
U1941,sa0,,,3.3496093750e-01
U1940,sa0,,,3.3496093750e-01
U1543_U1940_A,sa0,,,3.3496093750e-01
TIMEBASE_REG_3__SCAN_IN_U1940_B,sa0,,,3.3496093750e-01
U1938,sa0,,,3.3496093750e-01
U1622_U1938_A,sa0,,,3.3496093750e-01
U1937,sa0,,,3.3496093750e-01
U1936,sa0,,,3.3496093750e-01
U1656_U1936_A,sa0,,,3.3496093750e-01
U1618_U1936_B,sa0,,,3.3496093750e-01
U1935,sa0,,,3.3496093750e-01
U1616_U1935_A,sa0,,,3.3496093750e-01
TIMEBASE_REG_3__SCAN_IN_U1935_B,sa0,,,3.3496093750e-01
U1371_U1937_C,sa0,,,3.3496093750e-01
U1939,sa0,,,3.3496093750e-01
R745_U8_U1939_A,sa0,,,3.3496093750e-01
U1926_U1939_B,sa0,,,3.3496093750e-01
U1541_U2139_B,sa0,,,3.3496093750e-01
U2138,sa0,,,3.3496093750e-01
U1906_U2138_A,sa0,,,3.3496093750e-01
COUNT_REG2_3__SCAN_IN_U2138_B,sa0,,,3.3496093750e-01
U1873,sa1,30,0,1.9081425667e-01
U1569,sa0,30,0,4.6478271484e-01
U2143,sa0,,,4.6478271484e-01
U1956,sa0,,,4.6478271484e-01
U1516_U1956_A,sa0,,,4.6478271484e-01
U1955,sa0,,,4.6478271484e-01
U1614_U1955_A,sa0,,,4.6478271484e-01
U1499_U1955_B,sa0,,,4.6478271484e-01
U1604_U2143_B,sa0,,,4.6478271484e-01
U2142,sa0,,,4.6478271484e-01
U1954_U2142_A,sa0,,,4.6478271484e-01
SOUND_REG_2__SCAN_IN_U2142_B,sa0,,,4.6478271484e-01
U1568,sa1,30,0,4.5981597900e-01
U1874,sa1,30,0,2.3508071899e-04
U1569,sa1,30,0,5.0202941895e-01
U1875,sa1,30,0,1.9412541389e-01
U1876,sa1,30,0,2.3317337036e-04
U1877,sa1,30,0,2.0074772835e-01
U1878,sa1,30,0,2.4175643921e-04
U1879,sa1,30,0,2.1399235725e-01
U1410,sa0,30,0,2.4098420143e-01
U1879,sa0,,,2.4098420143e-01
U1871_U1879_A,sa0,,,2.4098420143e-01
MAX_REG_1__SCAN_IN_U1879_B,sa0,,,2.4098420143e-01
U1878,sa0,,,2.4098420143e-01
R730_U14,sa0,,,2.4098420143e-01
R730_U27,sa0,,,2.4098420143e-01
R730_U6,sa0,,,2.4098420143e-01
MAX_REG_1__SCAN_IN_R730_U6_A,sa1,,,2.4098420143e-01
MAX_REG_0__SCAN_IN_R730_U27_B,sa0,,,2.4098420143e-01
R730_U26,sa0,,,2.4098420143e-01
R730_U5_R730_U26_A,sa0,,,2.4098420143e-01
MAX_REG_1__SCAN_IN_R730_U26_B,sa0,,,2.4098420143e-01
U1313_U1878_B,sa0,,,2.4098420143e-01
U1411,sa0,30,0,2.4098420143e-01
U1877,sa0,,,2.4098420143e-01
U1871_U1877_A,sa0,,,2.4098420143e-01
MAX_REG_2__SCAN_IN_U1877_B,sa0,,,2.4098420143e-01
U1876,sa0,,,2.4098420143e-01
R730_U13,sa0,,,2.4098420143e-01
R730_U25,sa0,,,2.4098420143e-01
R730_U17_R730_U25_A,sa0,,,2.4098420143e-01
R730_U8,sa0,,,2.4098420143e-01
MAX_REG_2__SCAN_IN_R730_U8_A,sa1,,,2.4098420143e-01
R730_U24,sa0,,,2.4098420143e-01
R730_U7_R730_U24_A,sa0,,,2.4098420143e-01
MAX_REG_2__SCAN_IN_R730_U24_B,sa0,,,2.4098420143e-01
U1313_U1876_B,sa0,,,2.4098420143e-01
U1410,sa1,30,0,7.5811719894e-01
U1412,sa0,30,0,2.4098420143e-01
U1875,sa0,,,2.4098420143e-01
U1871_U1875_A,sa0,,,2.4098420143e-01
MAX_REG_3__SCAN_IN_U1875_B,sa0,,,2.4098420143e-01
U1874,sa0,,,2.4098420143e-01
R730_U12,sa0,,,2.4098420143e-01
R730_U23,sa0,,,2.4098420143e-01
R730_U18_R730_U23_A,sa0,,,2.4098420143e-01
R730_U10,sa0,,,2.4098420143e-01
MAX_REG_3__SCAN_IN_R730_U10_A,sa1,,,2.4098420143e-01
R730_U22,sa0,,,2.4098420143e-01
R730_U9_R730_U22_A,sa0,,,2.4098420143e-01
MAX_REG_3__SCAN_IN_R730_U22_B,sa0,,,2.4098420143e-01
U1313_U1874_B,sa0,,,2.4098420143e-01
U1411,sa1,30,0,7.5816774368e-01
U1413,sa0,30,0,2.4098420143e-01
U1873,sa0,,,2.4098420143e-01
U1871_U1873_A,sa0,,,2.4098420143e-01
MAX_REG_4__SCAN_IN_U1873_B,sa0,,,2.4098420143e-01
U1872,sa0,,,2.4098420143e-01
R730_U11,sa0,,,2.4098420143e-01
R730_U21,sa0,,,2.4098420143e-01
R730_U19,sa0,,,2.4098420143e-01
R730_U16_R730_U19_A,sa1,,,2.4098420143e-01
R730_U15,sa0,,,2.4098420143e-01
MAX_REG_4__SCAN_IN_R730_U15_A,sa1,,,2.4098420143e-01
R730_U20,sa0,,,2.4098420143e-01
R730_U16_R730_U20_A,sa0,,,2.4098420143e-01
MAX_REG_4__SCAN_IN_R730_U20_B,sa0,,,2.4098420143e-01
U1313_U1872_B,sa0,,,2.4098420143e-01
U1412,sa1,30,0,7.5817775726e-01
U1413,sa1,28,1,7.5817823410e-01
U1540,sa1,30,0,1.1920928955e-06
R745_U15_U1540_A,sa0,,,1.1920928955e-06
U1921,sa1,30,0,7.9406738281e-02
U1409,sa0,30,0,2.4079751968e-01
U1881,sa0,,,2.4079751968e-01
U1871_U1881_A,sa0,,,2.4079751968e-01
MAX_REG_0__SCAN_IN_U1881_B,sa0,,,2.4079751968e-01
U1880,sa0,,,2.4079751968e-01
R730_U5_U1880_A,sa0,,,2.4079751968e-01
U1313_U1880_B,sa0,,,2.4079751968e-01
U1409,sa1,30,0,7.5805139542e-01
U1923,sa1,30,0,4.6491622925e-03
U1885,sa1,30,0,1.1920928955e-06
U2137,sa1,30,0,9.7045898438e-02
U2129,sa1,30,0,5.1562613249e-01
U1404,sa0,30,0,4.5483398438e-01
U2137,sa0,,,4.5483398438e-01
U1923,sa0,,,4.5483398438e-01
U1922,sa0,,,4.5483398438e-01
U1911_U1922_A,sa0,,,4.5483398438e-01
TIMEBASE_REG_5__SCAN_IN_U1922_B,sa0,,,4.5483398438e-01
U1921,sa0,,,4.5483398438e-01
R745_U15_U1921_A,sa0,,,4.5483398438e-01
U1920_U1921_B,sa0,,,4.5483398438e-01
U1541_U2137_B,sa0,,,4.5483398438e-01
U2136,sa0,,,4.5483398438e-01
U1906_U2136_A,sa0,,,4.5483398438e-01
COUNT_REG2_5__SCAN_IN_U2136_B,sa0,,,4.5483398438e-01
U1647_U1404_C,sa0,,,4.5483398438e-01
U1404,sa1,30,0,4.1833496094e-01
U1566,sa0,30,0,7.5770808011e-01
U2129,sa0,,,7.5770808011e-01
U1885,sa0,,,7.5770808011e-01
U1611_U1885_A,sa0,,,7.5770808011e-01
U1540,sa0,,,7.5770808011e-01
R745_U15_U1540_A,sa1,,,7.5770808011e-01
U1532_U2129_B,sa0,,,7.5770808011e-01
U2128,sa0,,,7.5770808011e-01
U1866_U2128_A,sa0,,,7.5770808011e-01
TIMEBASE_REG_5__SCAN_IN_U2128_B,sa0,,,7.5770808011e-01
U1566,sa1,30,0,2.4192333221e-01
