net_name,f_type,cube_cnt,fdp
SUB_60_U13_SUB_60_U107_B,sa1,30,4.1723251343e-05
U633_GT_142_U6_A,sa0,6,1.2109375000e-01
U634_GT_130_U8_A,sa0,1,0.0000000000e+00
U634_R794_U65_A,sa1,18,7.8125000000e-02
U755_R794_U43_A,sa1,3,7.8125000000e-03
U642_R794_U39_A,sa1,6,1.9531250000e-02
SUB_103_U18_SUB_103_U8_A,sa1,5,5.8593750000e-02
MAX_REG_3__SCAN_IN_U986_B,sa1,30,2.6410293579e-01
U611_U621_A,sa1,1,0.0000000000e+00
GT_118_U6_U611_B,sa0,1,0.0000000000e+00
U604_U610_A,sa1,30,5.1459670067e-04
R794_U53,sa1,1,0.0000000000e+00
R794_U44,sa1,10,4.6875000000e-02
R794_U38_R794_U44_A,sa0,,4.6875000000e-02
R794_U36,sa0,20,7.4218750000e-02
R794_U51,sa0,,7.4218750000e-02
U751_R794_U51_A,sa0,,7.4218750000e-02
R794_U12_R794_U51_B,sa0,,7.4218750000e-02
R794_U50,sa0,,7.4218750000e-02
R794_U49,sa0,,7.4218750000e-02
U639_R794_U49_A,sa0,,7.4218750000e-02
R794_U13_R794_U49_B,sa0,,7.4218750000e-02
R794_U37_R794_U50_B,sa0,,7.4218750000e-02
R794_U35,sa1,1,0.0000000000e+00
R794_U27,sa0,1,0.0000000000e+00
R794_U68,sa0,,0.0000000000e+00
U635_R794_U68_A,sa0,,0.0000000000e+00
R794_U16_R794_U68_B,sa0,,0.0000000000e+00
R794_U67,sa0,,0.0000000000e+00
U637_R794_U67_A,sa0,,0.0000000000e+00
R794_U17_R794_U67_B,sa0,,0.0000000000e+00
R794_U80,sa1,1,0.0000000000e+00
R794_U71,sa1,1,0.0000000000e+00
R794_U18,sa0,20,7.4218750000e-02
R794_U59,sa0,,7.4218750000e-02
U635_R794_U59_A,sa0,,7.4218750000e-02
R794_U16_R794_U59_B,sa0,,7.4218750000e-02
R794_U58,sa0,,7.4218750000e-02
R794_U57,sa0,,7.4218750000e-02
U637_R794_U57_A,sa0,,7.4218750000e-02
R794_U17_R794_U57_B,sa0,,7.4218750000e-02
R794_U35_R794_U58_B,sa0,,7.4218750000e-02
R794_U17,sa1,1,0.0000000000e+00
U635_R794_U17_A,sa0,,0.0000000000e+00
R794_U62,sa1,5,1.5625000000e-02
ADD_304_U16,sa1,3,1.7578125000e-02
ADD_304_U25,sa1,2,6.2500000000e-02
ADD_304_U17,sa0,5,1.1132812500e-01
ADD_304_U7_ADD_304_U17_A,sa1,,1.1132812500e-01
ADD_283_U10,sa1,30,8.5830688477e-04
NUM_REG_3__SCAN_IN_ADD_283_U10_A,sa0,,8.5830688477e-04
R794_U26,sa1,10,4.6875000000e-02
NUM_REG_1__SCAN_IN,sa1,30,3.8437926769e-01
NUM_REG_2__SCAN_IN,sa0,30,3.8032150269e-01
SUB_60_U38_SUB_60_U120_A,sa1,30,1.0123848915e-04
SUB_60_U43_SUB_60_U105_B,sa1,1,0.0000000000e+00
SUB_60_U35_SUB_60_U105_A,sa1,30,9.5084309578e-05
U633_GT_134_U6_A,sa0,6,1.2109375000e-01
U751_GT_130_U7_B,sa1,1,0.0000000000e+00
U636_R794_U73_A,sa1,18,7.8125000000e-02
U636_R794_U55_A,sa1,1,0.0000000000e+00
U638_R794_U53_A,sa1,20,7.4218750000e-02
U760_GT_160_U6_A,sa0,6,1.2109375000e-01
MAX_REG_2__SCAN_IN_U988_B,sa1,30,2.6287463307e-01
GT_224_U6_U903_A,sa0,1,0.0000000000e+00
GT_224_U6_U901_C,sa0,1,0.0000000000e+00
NUM_REG_4__SCAN_IN_U805_B,sa1,30,3.8073730469e-01
GT_215_U6_U713_B,sa0,3,1.5625000000e-02
GT_138_U6_U710_A,sa0,1,0.0000000000e+00
GT_130_U6_U709_A,sa0,1,0.0000000000e+00
U602_U631_A,sa1,3,3.1250000000e-02
R794_U45,sa1,2,3.9062500000e-03
R794_U37,sa0,16,5.8593750000e-02
R794_U47,sa0,,5.8593750000e-02
U753_R794_U47_A,sa0,,5.8593750000e-02
R794_U10_R794_U47_B,sa0,,5.8593750000e-02
R794_U46,sa0,,5.8593750000e-02
R794_U45,sa0,,5.8593750000e-02
U640_R794_U45_A,sa0,,5.8593750000e-02
R794_U11_R794_U45_B,sa0,,5.8593750000e-02
R794_U38_R794_U46_B,sa0,,5.8593750000e-02
R794_U36,sa1,1,0.0000000000e+00
R794_U54,sa1,20,7.4218750000e-02
R794_U28,sa0,1,0.0000000000e+00
R794_U73,sa0,,0.0000000000e+00
U636_R794_U73_A,sa0,,0.0000000000e+00
R794_U14_R794_U73_B,sa0,,0.0000000000e+00
R794_U72,sa0,,0.0000000000e+00
U638_R794_U72_A,sa0,,0.0000000000e+00
R794_U15_R794_U72_B,sa0,,0.0000000000e+00
R794_U72,sa1,1,0.0000000000e+00
R794_U27,sa1,18,7.8125000000e-02
R794_U90,sa1,3,7.8125000000e-03
R794_U81,sa1,1,0.0000000000e+00
R794_U63,sa1,1,0.0000000000e+00
R794_U18,sa1,1,0.0000000000e+00
ADD_304_U18,sa0,4,4.8828125000e-02
ADD_304_U9_ADD_304_U18_A,sa1,,4.8828125000e-02
ADD_304_U26,sa1,2,1.2500000000e-01
ADD_304_U17,sa1,9,3.7500000000e-01
ADD_304_U7_ADD_304_U17_A,sa0,,3.7500000000e-01
ADD_283_U20,sa1,30,1.4934539795e-03
NUM_REG_2__SCAN_IN,sa1,30,3.8190793991e-01
NUM_REG_3__SCAN_IN,sa0,30,3.8166284561e-01
ADD_283_U11,sa1,30,2.3403167725e-03
GT_130_U6,sa0,1,0.0000000000e+00
U636_GT_130_U7_A,sa1,4,5.4687500000e-02
U641_R794_U87_A,sa1,5,1.9531250000e-02
U753_R794_U83_A,sa1,4,1.5625000000e-02
U638_R794_U72_A,sa1,18,7.8125000000e-02
U753_R794_U47_A,sa1,1,0.0000000000e+00
NUM_REG_1__SCAN_IN_GT_197_U8_B,sa0,2,1.5625000000e-02
NUM_REG_2__SCAN_IN_GT_197_U8_A,sa0,3,1.5625000000e-02
U633_GT_126_U6_A,sa0,6,1.2109375000e-01
SUB_103_U9_SUB_103_U19_A,sa1,1,0.0000000000e+00
NUM_REG_3__SCAN_IN_U807_B,sa1,30,3.8092041016e-01
GT_146_U6_U720_A,sa1,9,1.6406250000e-01
MAX_REG_8__SCAN_IN_U587_B,sa1,17,1.2109375000e-01
GT_130_U7,sa0,1,0.0000000000e+00
U636_GT_130_U7_A,sa0,,0.0000000000e+00
U751_GT_130_U7_B,sa0,,0.0000000000e+00
GT_130_U9,sa0,,0.0000000000e+00
R794_U38,sa0,14,5.0781250000e-02
R794_U43,sa0,,5.0781250000e-02
U755_R794_U43_A,sa0,,5.0781250000e-02
R794_U8_R794_U43_B,sa0,,5.0781250000e-02
R794_U42,sa0,,5.0781250000e-02
R794_U41,sa0,,5.0781250000e-02
U641_R794_U41_A,sa0,,5.0781250000e-02
R794_U9_R794_U41_B,sa0,,5.0781250000e-02
R794_U39_R794_U42_B,sa0,,5.0781250000e-02
R794_U37,sa1,4,1.1718750000e-02
R794_U46,sa1,10,3.5156250000e-02
R794_U55,sa1,1,0.0000000000e+00
R794_U82,sa1,5,1.5625000000e-02
R794_U29,sa0,4,1.1718750000e-02
R794_U78,sa0,,1.1718750000e-02
U751_R794_U78_A,sa0,,1.1718750000e-02
R794_U12_R794_U78_B,sa0,,1.1718750000e-02
R794_U77,sa0,,1.1718750000e-02
U639_R794_U77_A,sa0,,1.1718750000e-02
R794_U13_R794_U77_B,sa0,,1.1718750000e-02
R794_U28,sa1,18,7.8125000000e-02
R794_U73,sa1,1,0.0000000000e+00
R794_U91,sa1,7,2.3437500000e-02
R794_U64,sa1,1,0.0000000000e+00
R794_U19,sa1,7,2.3437500000e-02
U757_R794_U19_A,sa0,,2.3437500000e-02
ADD_304_U18,sa1,10,4.3750000000e-01
ADD_304_U9_ADD_304_U18_A,sa0,,4.3750000000e-01
ADD_304_U27,sa1,2,1.2500000000e-01
ADD_283_U21,sa1,30,4.2915344238e-04
NUM_REG_3__SCAN_IN,sa1,30,3.7964248657e-01
ADD_283_U12,sa1,30,3.2997131348e-03
NUM_REG_4__SCAN_IN,sa0,30,3.7966728210e-01
GT_221_U6,sa0,3,1.5625000000e-02
GT_122_U6,sa0,1,0.0000000000e+00
GT_212_U6,sa0,3,1.5625000000e-02
GT_130_U6,sa1,8,2.5000000000e-01
U633_GT_130_U6_A,sa1,,2.5000000000e-01
GT_130_U8,sa1,,2.5000000000e-01
U634_GT_130_U8_A,sa1,,2.5000000000e-01
GT_130_U7,sa1,,2.5000000000e-01
U635_GT_130_U8_C,sa1,,2.5000000000e-01
GT_203_U6,sa0,9,1.0937500000e-01
FLAG_REG_SCAN_IN,sa0,30,3.1807708740e-01
U634_GT_122_U9_B,sa0,1,0.0000000000e+00
U635_GT_122_U8_A,sa1,10,1.0156250000e-01
U634_GT_142_U8_A,sa0,1,0.0000000000e+00
U751_GT_142_U7_A,sa1,3,4.6875000000e-02
U635_GT_130_U8_C,sa0,1,0.0000000000e+00
U757_R794_U62_A,sa1,5,1.9531250000e-02
U751_GT_114_U7_B,sa1,1,0.0000000000e+00
NUM_REG_4__SCAN_IN_GT_197_U6_B,sa0,3,7.8125000000e-02
MAX_REG_2__SCAN_IN_SUB_103_U21_B,sa1,1,0.0000000000e+00
U633_GT_118_U6_A,sa0,6,1.2109375000e-01
GT_142_U6_U941_B,sa0,1,0.0000000000e+00
GT_221_U6_U890_A,sa0,1,0.0000000000e+00
NUM_REG_2__SCAN_IN_U809_B,sa1,30,3.8094329834e-01
U600_U632_D,sa1,7,9.3750000000e-02
U603_U631_B,sa1,8,1.0937500000e-01
GT_122_U7,sa0,1,0.0000000000e+00
U755_GT_122_U7_A,sa0,,0.0000000000e+00
U757_GT_122_U7_B,sa0,,0.0000000000e+00
GT_212_U7,sa0,3,1.5625000000e-02
U747_GT_212_U7_A,sa0,,1.5625000000e-02
U748_GT_212_U7_B,sa0,,1.5625000000e-02
GT_203_U7,sa0,7,6.2500000000e-02
U746_GT_203_U7_A,sa0,,6.2500000000e-02
GT_203_U9,sa0,,6.2500000000e-02
GT_130_U8,sa0,3,1.2890625000e-01
R794_U74,sa1,1,0.0000000000e+00
R794_U28_R794_U74_A,sa0,,0.0000000000e+00
R794_U56,sa1,18,7.8125000000e-02
R794_U35_R794_U56_A,sa0,,7.8125000000e-02
R794_U38,sa1,7,2.3437500000e-02
R794_U47,sa1,5,1.5625000000e-02
R794_U83,sa1,7,2.3437500000e-02
R794_U29,sa1,15,6.6406250000e-02
R794_U65,sa1,1,0.0000000000e+00
R794_U39,sa0,16,5.8593750000e-02
U642_R794_U39_A,sa0,,5.8593750000e-02
R794_U19,sa0,,5.8593750000e-02
U757_R794_U19_A,sa1,,5.8593750000e-02
ADD_304_U19,sa1,5,2.3437500000e-01
ADD_304_U16_ADD_304_U19_A,sa0,,2.3437500000e-01
ADD_283_U22,sa1,30,1.6207695007e-03
GT_221_U7,sa0,3,1.5625000000e-02
U749_GT_221_U7_A,sa0,,1.5625000000e-02
U748_GT_221_U7_B,sa0,,1.5625000000e-02
ADD_283_U13,sa1,30,2.9449462891e-03
NUM_REG_4__SCAN_IN,sa1,30,3.7958145142e-01
GT_221_U6,sa1,5,4.6875000000e-02
U588_GT_221_U6_A,sa1,,4.6875000000e-02
GT_221_U8,sa1,,4.6875000000e-02
GT_221_U9,sa1,,4.6875000000e-02
U746_GT_221_U9_A,sa1,,4.6875000000e-02
U745_GT_221_U9_B,sa1,,4.6875000000e-02
U588_GT_221_U9_C,sa1,,4.6875000000e-02
U588_GT_221_U9_D,sa1,,4.6875000000e-02
GT_221_U7,sa1,,4.6875000000e-02
U588_GT_221_U8_C,sa1,,4.6875000000e-02
U747_GT_221_U8_D,sa1,,4.6875000000e-02
GT_122_U6,sa1,16,2.5000000000e-01
U633_GT_122_U6_A,sa1,,2.5000000000e-01
GT_122_U9,sa1,,2.5000000000e-01
GT_122_U8,sa1,,2.5000000000e-01
U634_GT_122_U9_B,sa1,,2.5000000000e-01
GT_212_U6,sa1,9,9.3750000000e-02
U588_GT_212_U6_A,sa1,,9.3750000000e-02
GT_212_U8,sa1,,9.3750000000e-02
GT_212_U9,sa1,,9.3750000000e-02
U588_GT_212_U9_A,sa1,,9.3750000000e-02
U588_GT_212_U9_B,sa1,,9.3750000000e-02
U745_GT_212_U9_C,sa1,,9.3750000000e-02
GT_212_U7,sa1,,9.3750000000e-02
U588_GT_212_U8_C,sa1,,9.3750000000e-02
U746_GT_212_U8_D,sa1,,9.3750000000e-02
GT_203_U6,sa1,17,1.4062500000e-01
U588_GT_203_U6_A,sa1,,1.4062500000e-01
GT_203_U8,sa1,,1.4062500000e-01
U588_GT_203_U8_A,sa1,,1.4062500000e-01
GT_203_U7,sa1,,1.4062500000e-01
U745_GT_203_U8_C,sa1,,1.4062500000e-01
U588_GT_203_U8_D,sa1,,1.4062500000e-01
U588_GT_203_U8_E,sa1,,1.4062500000e-01
GT_114_U6,sa0,1,0.0000000000e+00
FLAG_REG_SCAN_IN,sa1,30,3.1472015381e-01
U760_GT_181_U6_A,sa0,6,1.2109375000e-01
SUB_60_U45_SUB_60_U115_B,sa1,1,0.0000000000e+00
SUB_60_U37_SUB_60_U115_A,sa1,30,9.8183751106e-05
U634_GT_134_U8_A,sa0,1,0.0000000000e+00
U760_GT_172_U6_A,sa0,6,1.2109375000e-01
U753_GT_130_U9_B,sa0,1,0.0000000000e+00
U751_R794_U78_A,sa1,6,2.3437500000e-02
U635_R794_U68_A,sa1,18,7.8125000000e-02
U635_R794_U59_A,sa1,1,0.0000000000e+00
U637_R794_U57_A,sa1,20,7.4218750000e-02
U634_GT_114_U9_B,sa0,1,0.0000000000e+00
U635_GT_114_U8_A,sa1,4,2.3437500000e-02
U753_GT_114_U7_A,sa1,1,0.0000000000e+00
NUM_REG_3__SCAN_IN_GT_197_U7_B,sa1,7,4.6875000000e-02
U760_GT_163_U6_A,sa0,6,1.2109375000e-01
U633_GT_146_U6_A,sa0,6,1.2109375000e-01
U761_GT_160_U8_A,sa0,1,0.0000000000e+00
MAX_REG_8__SCAN_IN_U976_B,sa1,30,2.5878816843e-01
U620_U922_A,sa1,12,5.8593750000e-02
GT_181_U6_U912_B,sa0,4,1.1718750000e-02
GT_227_U7_U901_B,sa0,3,1.5625000000e-02
MAX_REG_8__SCAN_IN_U886_B,sa1,2,1.2500000000e-01
U803_U811_A,sa1,30,6.4453125000e-02
GT_227_U7_U712_A,sa1,3,1.5625000000e-02
U622_U641_A,sa1,10,4.2968750000e-02
U600_U625_C,sa1,7,9.3750000000e-02
GT_160_U6_U619_A,sa0,1,0.0000000000e+00
U613_U614_A,sa1,7,1.2500000000e-01
U604_U605_A,sa1,5,6.2500000000e-02
FLAG_REG_SCAN_IN_U592_B,sa1,30,2.2759437561e-03
GT_122_U8,sa0,1,0.0000000000e+00
U635_GT_122_U8_A,sa0,,0.0000000000e+00
GT_122_U10,sa0,,0.0000000000e+00
GT_212_U8,sa0,10,9.3750000000e-02
GT_203_U8,sa0,17,1.4062500000e-01
R794_U84,sa1,7,2.3437500000e-02
R794_U30_R794_U84_A,sa0,,2.3437500000e-02
R794_U57,sa1,1,0.0000000000e+00
R794_U48,sa1,15,6.6406250000e-02
R794_U37_R794_U48_A,sa0,,6.6406250000e-02
R794_U75,sa1,1,0.0000000000e+00
R794_U66,sa1,1,0.0000000000e+00
R794_U39,sa1,4,1.5625000000e-02
GT_114_U7,sa0,1,0.0000000000e+00
U753_GT_114_U7_A,sa0,,0.0000000000e+00
U751_GT_114_U7_B,sa0,,0.0000000000e+00
GT_114_U10,sa0,,0.0000000000e+00
ADD_283_U23,sa1,30,8.5830688477e-04
GT_221_U8,sa0,5,4.6875000000e-02
ADD_283_U14,sa1,30,3.9978027344e-03
GT_142_U6,sa0,4,3.9062500000e-02
GT_160_U6,sa0,4,1.1718750000e-02
GT_114_U6,sa1,13,2.5000000000e-01
U633_GT_114_U6_A,sa1,,2.5000000000e-01
GT_114_U9,sa1,,2.5000000000e-01
GT_114_U8,sa1,,2.5000000000e-01
U634_GT_114_U9_B,sa1,,2.5000000000e-01
U600,sa0,14,3.9062500000e-01
U845,sa0,,3.9062500000e-01
U833_U845_A,sa0,,3.9062500000e-01
U827_U845_B,sa0,,3.9062500000e-01
U843,sa0,,3.9062500000e-01
U595_U843_A,sa0,,3.9062500000e-01
U842,sa0,,3.9062500000e-01
U697_U842_A,sa0,,3.9062500000e-01
U701_U842_B,sa0,,3.9062500000e-01
U844,sa0,,3.9062500000e-01
U599_U844_A,sa0,,3.9062500000e-01
U840,sa0,,3.9062500000e-01
U696_U840_A,sa0,,3.9062500000e-01
U695_U840_B,sa0,,3.9062500000e-01
U699_U840_C,sa0,,3.9062500000e-01
U755_GT_122_U7_A,sa1,1,0.0000000000e+00
U746_GT_203_U7_A,sa1,15,1.0937500000e-01
U635_GT_142_U8_B,sa0,1,0.0000000000e+00
U755_GT_130_U9_A,sa0,1,0.0000000000e+00
U637_R794_U67_A,sa1,18,7.8125000000e-02
U634_GT_126_U8_A,sa0,1,0.0000000000e+00
MAX_REG_0__SCAN_IN_SUB_103_U25_B,sa1,2,3.9062500000e-03
MAX_REG_1__SCAN_IN_SUB_103_U24_B,sa1,2,3.9062500000e-03
U633_GT_138_U6_A,sa0,6,1.2109375000e-01
MAX_REG_7__SCAN_IN_U978_B,sa1,30,2.7086269855e-01
GT_122_U6_U954_A,sa1,10,3.5156250000e-02
GT_134_U6_U951_A,sa1,20,7.4218750000e-02
U710_U932_A,sa1,9,2.0312500000e-01
GT_209_U6_U901_D,sa0,1,0.0000000000e+00
U616_U900_A,sa1,11,1.7187500000e-01
FLAG_REG_SCAN_IN_U872_B,sa1,30,3.1272125244e-01
GT_130_U6_U784_A,sa1,20,7.4218750000e-02
U602_U625_B,sa1,3,3.1250000000e-02
GT_122_U9,sa0,11,1.2890625000e-01
GT_212_U9,sa0,1,0.0000000000e+00
GT_142_U7,sa0,4,3.9062500000e-02
U751_GT_142_U7_A,sa0,,3.9062500000e-02
GT_142_U9,sa0,,3.9062500000e-02
GT_130_U9,sa1,1,0.0000000000e+00
U755_GT_130_U9_A,sa1,,0.0000000000e+00
U753_GT_130_U9_B,sa1,,0.0000000000e+00
U757_GT_130_U9_C,sa1,,0.0000000000e+00
R794_U49,sa1,1,0.0000000000e+00
R794_U67,sa1,1,0.0000000000e+00
R794_U85,sa1,1,0.0000000000e+00
R794_U76,sa1,1,0.0000000000e+00
R794_U58,sa1,20,7.4218750000e-02
GT_114_U8,sa0,1,0.0000000000e+00
U635_GT_114_U8_A,sa0,,0.0000000000e+00
GT_114_U11,sa0,,0.0000000000e+00
ADD_283_U16,sa0,30,3.2196044922e-03
ADD_283_U18_ADD_283_U16_A,sa0,,3.2196044922e-03
NUM_REG_3__SCAN_IN_ADD_283_U16_B,sa0,,3.2196044922e-03
ADD_283_U15,sa1,30,4.2915344238e-04
NUM_REG_4__SCAN_IN_ADD_283_U15_A,sa0,,4.2915344238e-04
ADD_283_U24,sa1,30,1.9760131836e-03
GT_221_U9,sa0,1,0.0000000000e+00
GT_160_U7,sa0,4,1.1718750000e-02
U765_GT_160_U7_A,sa0,,1.1718750000e-02
GT_160_U9,sa0,,1.1718750000e-02
GT_224_U6,sa0,3,1.5625000000e-02
GT_215_U6,sa0,3,1.5625000000e-02
GT_134_U6,sa0,1,0.0000000000e+00
GT_142_U6,sa1,9,2.0312500000e-01
U633_GT_142_U6_A,sa1,,2.0312500000e-01
GT_142_U8,sa1,,2.0312500000e-01
U634_GT_142_U8_A,sa1,,2.0312500000e-01
U635_GT_142_U8_B,sa1,,2.0312500000e-01
U636_GT_142_U8_C,sa1,,2.0312500000e-01
GT_142_U7,sa1,,2.0312500000e-01
U700,sa0,18,4.0625000000e-01
U689_U700_A,sa0,,4.0625000000e-01
MAR_REG_2__SCAN_IN_U700_B,sa0,,4.0625000000e-01
MAR_REG_0__SCAN_IN_U700_C,sa0,,4.0625000000e-01
GT_160_U6,sa1,30,2.3046875000e-01
U760_GT_160_U6_A,sa1,,2.3046875000e-01
GT_160_U8,sa1,,2.3046875000e-01
U761_GT_160_U8_A,sa1,,2.3046875000e-01
U762_GT_160_U8_B,sa1,,2.3046875000e-01
GT_160_U7,sa1,,2.3046875000e-01
U763_GT_160_U8_D,sa1,,2.3046875000e-01
U764_GT_160_U8_E,sa1,,2.3046875000e-01
GT_206_U6,sa0,3,1.5625000000e-02
U610,sa0,30,4.4482946396e-04
U604_U610_A,sa0,,4.4482946396e-04
U873,sa0,,4.4482946396e-04
U833_U873_A,sa0,,4.4482946396e-04
MAR_REG_2__SCAN_IN_U873_B,sa0,,4.4482946396e-04
MAR_REG_0__SCAN_IN_U873_C,sa0,,4.4482946396e-04
U601,sa0,4,4.6875000000e-02
U596_U601_A,sa0,,4.6875000000e-02
U687_U601_B,sa0,,4.6875000000e-02
U600,sa1,7,9.3750000000e-02
U747_GT_212_U7_A,sa1,5,3.1250000000e-02
U761_GT_181_U7_A,sa0,1,0.0000000000e+00
SUB_60_U9_SUB_60_U50_B,sa1,30,2.5939941406e-04
U751_GT_134_U9_B,sa0,1,0.0000000000e+00
U636_GT_134_U7_A,sa1,7,9.3750000000e-02
U745_GT_203_U8_C,sa0,3,4.6875000000e-02
U745_GT_221_U9_B,sa0,1,0.0000000000e+00
U746_GT_221_U9_A,sa0,1,0.0000000000e+00
U761_GT_163_U7_A,sa0,1,0.0000000000e+00
U762_GT_160_U8_B,sa0,1,0.0000000000e+00
MAX_REG_4__SCAN_IN_SUB_103_U22_B,sa1,1,0.0000000000e+00
GT_122_U6_U955_A,sa1,10,3.5156250000e-02
GT_175_U6_U911_A,sa1,16,1.7968750000e-01
GT_227_U7_U903_B,sa0,3,1.5625000000e-02
U615_U902_A,sa1,11,1.7187500000e-01
U701_U842_B,sa1,2,1.5625000000e-02
U803_U813_A,sa1,30,6.6406250000e-02
U814_U703_A,sa1,18,1.3769531250e-01
U623_U640_C,sa1,10,4.2968750000e-02
U607_U630_B,sa1,30,8.7305903435e-04
U610_U628_A,sa1,30,3.7279725075e-04
U830_U624_A,sa1,2,1.5625000000e-02
U613_U616_A,sa1,1,0.0000000000e+00
U614_U615_A,sa1,7,1.2500000000e-01
U602_U609_A,sa1,3,3.1250000000e-02
U830_U606_A,sa1,2,1.5625000000e-02
GT_215_U7,sa0,3,1.5625000000e-02
U747_GT_215_U7_A,sa0,,1.5625000000e-02
GT_215_U10,sa0,,1.5625000000e-02
GT_134_U7,sa0,1,0.0000000000e+00
U636_GT_134_U7_A,sa0,,0.0000000000e+00
GT_134_U9,sa0,,0.0000000000e+00
GT_203_U9,sa1,3,1.5625000000e-02
U747_GT_203_U9_A,sa1,,1.5625000000e-02
U749_GT_203_U9_B,sa1,,1.5625000000e-02
U748_GT_203_U9_C,sa1,,1.5625000000e-02
GT_142_U8,sa0,4,8.2031250000e-02
R794_U77,sa1,1,0.0000000000e+00
R794_U68,sa1,1,0.0000000000e+00
R794_U86,sa1,5,1.5625000000e-02
R794_U59,sa1,1,0.0000000000e+00
GT_224_U7,sa0,3,3.1250000000e-02
GT_114_U9,sa0,8,1.2890625000e-01
ADD_283_U16,sa1,30,3.8218498230e-04
ADD_283_U25,sa1,30,1.7166137695e-03
ADD_283_U17,sa0,30,1.3656616211e-03
ADD_283_U7_ADD_283_U17_A,sa1,,1.3656616211e-03
GT_206_U7,sa0,15,1.2500000000e-01
GT_160_U8,sa0,27,1.1718750000e-01
GT_224_U6,sa1,3,3.1250000000e-02
U588_GT_224_U6_A,sa1,,3.1250000000e-02
GT_224_U7,sa1,,3.1250000000e-02
GT_224_U8,sa1,,3.1250000000e-02
U748_GT_224_U8_A,sa1,,3.1250000000e-02
U588_GT_224_U8_B,sa1,,3.1250000000e-02
U588_GT_224_U8_C,sa1,,3.1250000000e-02
U588_GT_224_U8_D,sa1,,3.1250000000e-02
U745_GT_224_U7_B,sa1,,3.1250000000e-02
U747_GT_224_U7_C,sa1,,3.1250000000e-02
U746_GT_224_U7_D,sa1,,3.1250000000e-02
GT_215_U6,sa1,8,7.8125000000e-02
U588_GT_215_U6_A,sa1,,7.8125000000e-02
GT_215_U8,sa1,,7.8125000000e-02
GT_215_U9,sa1,,7.8125000000e-02
U588_GT_215_U9_A,sa1,,7.8125000000e-02
U746_GT_215_U9_B,sa1,,7.8125000000e-02
U745_GT_215_U9_C,sa1,,7.8125000000e-02
GT_215_U7,sa1,,7.8125000000e-02
U588_GT_215_U8_C,sa1,,7.8125000000e-02
U588_GT_215_U8_D,sa1,,7.8125000000e-02
U710,sa0,4,4.6875000000e-02
GT_134_U6,sa1,13,2.5000000000e-01
U633_GT_134_U6_A,sa1,,2.5000000000e-01
GT_134_U8,sa1,,2.5000000000e-01
U634_GT_134_U8_A,sa1,,2.5000000000e-01
GT_134_U7,sa1,,2.5000000000e-01
U635_GT_134_U8_C,sa1,,2.5000000000e-01
GT_126_U6,sa0,1,0.0000000000e+00
GT_108_U6,sa0,1,0.0000000000e+00
U701,sa0,14,2.6562500000e-01
U597_U701_A,sa0,,2.6562500000e-01
MAR_REG_2__SCAN_IN_U701_B,sa0,,2.6562500000e-01
U700,sa1,5,6.2500000000e-02
U620,sa0,14,5.0781250000e-02
U909,sa0,,5.0781250000e-02
U717_U909_A,sa1,,5.0781250000e-02
U619_U620_B,sa0,,5.0781250000e-02
GT_206_U6,sa1,15,1.2500000000e-01
U588_GT_206_U6_A,sa1,,1.2500000000e-01
GT_206_U7,sa1,,1.2500000000e-01
U588_GT_206_U7_A,sa1,,1.2500000000e-01
U746_GT_206_U7_B,sa1,,1.2500000000e-01
U745_GT_206_U7_C,sa1,,1.2500000000e-01
U588_GT_206_U7_D,sa1,,1.2500000000e-01
U588_GT_206_U7_E,sa1,,1.2500000000e-01
U611,sa0,13,2.5000000000e-01
U610,sa1,30,4.5579671860e-04
U602,sa0,16,4.6875000000e-01
U851,sa0,,4.6875000000e-01
U837_U851_A,sa0,,4.6875000000e-01
U595_U851_B,sa0,,4.6875000000e-01
U850,sa0,,4.6875000000e-01
U835_U850_A,sa0,,4.6875000000e-01
U833_U850_B,sa0,,4.6875000000e-01
U601,sa1,12,3.1250000000e-01
U760_GT_166_U6_A,sa0,6,1.2109375000e-01
U750_GT_108_U9_C,sa0,1,0.0000000000e+00
U745_GT_212_U9_C,sa0,1,0.0000000000e+00
U588_GT_212_U6_A,sa0,1,0.0000000000e+00
SUB_60_U46_SUB_60_U117_B,sa1,30,7.0244073868e-05
U753_GT_134_U9_A,sa0,1,0.0000000000e+00
U635_GT_134_U8_C,sa0,1,0.0000000000e+00
U747_GT_203_U9_A,sa0,2,7.8125000000e-03
U588_GT_203_U6_A,sa0,1,0.0000000000e+00
U761_GT_172_U8_A,sa0,1,0.0000000000e+00
U753_GT_142_U9_B,sa0,2,1.5625000000e-02
U636_GT_142_U8_C,sa0,1,0.0000000000e+00
U760_GT_175_U6_A,sa0,6,1.2109375000e-01
U639_R794_U49_A,sa1,6,1.9531250000e-02
U745_GT_224_U7_B,sa0,1,0.0000000000e+00
U588_GT_221_U6_A,sa0,1,0.0000000000e+00
U636_GT_126_U7_A,sa1,2,1.5625000000e-02
U634_GT_146_U8_A,sa0,1,0.0000000000e+00
U635_GT_118_U7_A,sa1,6,6.2500000000e-02
U634_GT_118_U8_B,sa0,1,0.0000000000e+00
GT_142_U6_U945_B,sa0,1,0.0000000000e+00
GT_138_U6_U941_A,sa0,1,0.0000000000e+00
U621_U933_A,sa1,1,0.0000000000e+00
GT_181_U6_U925_A,sa0,1,0.0000000000e+00
GT_181_U6_U923_C,sa0,1,0.0000000000e+00
U711_U905_B,sa1,3,1.5625000000e-02
GT_224_U6_U890_B,sa0,3,1.5625000000e-02
U700_U854_A,sa1,2,1.5625000000e-02
U803_U805_A,sa1,30,6.2866210938e-02
U611_U772_A,sa1,1,0.0000000000e+00
U612_U771_A,sa1,1,0.0000000000e+00
GT_172_U6_U717_B,sa0,4,1.1718750000e-02
GT_126_U6_U709_B,sa0,1,0.0000000000e+00
U611_U637_A,sa1,1,0.0000000000e+00
U703_U606_C,sa1,2,1.5625000000e-02
GT_215_U8,sa0,8,7.8125000000e-02
GT_108_U7,sa0,1,0.0000000000e+00
U587_GT_108_U7_A,sa0,,0.0000000000e+00
U587_GT_108_U7_B,sa0,,0.0000000000e+00
GT_108_U9,sa0,,0.0000000000e+00
GT_134_U8,sa0,8,1.2890625000e-01
R794_U69,sa1,1,0.0000000000e+00
R794_U27_R794_U69_A,sa0,,0.0000000000e+00
R794_U87,sa1,5,1.5625000000e-02
R794_U78,sa1,4,1.1718750000e-02
GT_224_U8,sa0,3,1.5625000000e-02
ADD_283_U18,sa0,30,5.9986114502e-04
ADD_283_U9_ADD_283_U18_A,sa1,,5.9986114502e-04
ADD_283_U26,sa1,30,3.4332275391e-03
ADD_283_U17,sa1,30,1.7123222351e-03
ADD_283_U7_ADD_283_U17_A,sa0,,1.7123222351e-03
GT_126_U7,sa0,1,0.0000000000e+00
U636_GT_126_U7_A,sa0,,0.0000000000e+00
U755_GT_126_U7_B,sa0,,0.0000000000e+00
U753_GT_126_U7_C,sa0,,0.0000000000e+00
U751_GT_126_U7_D,sa0,,0.0000000000e+00
U720,sa0,12,2.0312500000e-01
GT_146_U6_U720_A,sa0,,2.0312500000e-01
U721,sa0,,2.0312500000e-01
GT_142_U6_U721_A,sa1,,2.0312500000e-01
GT_181_U6,sa0,4,1.1718750000e-02
GT_172_U6,sa0,4,1.1718750000e-02
U711,sa0,6,4.6875000000e-02
GT_218_U6_U711_A,sa1,,4.6875000000e-02
U710,sa1,9,2.0312500000e-01
GT_138_U6_U710_A,sa1,,2.0312500000e-01
GT_142_U6_U710_B,sa1,,2.0312500000e-01
GT_134_U6_U710_C,sa1,,2.0312500000e-01
GT_126_U6,sa1,8,2.5000000000e-01
U633_GT_126_U6_A,sa1,,2.5000000000e-01
GT_126_U8,sa1,,2.5000000000e-01
U634_GT_126_U8_A,sa1,,2.5000000000e-01
GT_126_U7,sa1,,2.5000000000e-01
U635_GT_126_U8_C,sa1,,2.5000000000e-01
GT_108_U6,sa1,17,2.5000000000e-01
U587_GT_108_U6_A,sa1,,2.5000000000e-01
GT_108_U8,sa1,,2.5000000000e-01
GT_108_U7,sa1,,2.5000000000e-01
U587_GT_108_U8_B,sa1,,2.5000000000e-01
U701,sa1,4,4.6875000000e-02
U702,sa0,30,8.0924987793e-02
U683,sa0,,8.0924987793e-02
SUB_60_U6_U683_A,sa1,,8.0924987793e-02
STATO_REG_1__SCAN_IN_U702_B,sa0,,8.0924987793e-02
U800,sa1,7,1.2304687500e-01
START_U800_A,sa1,,1.2304687500e-01
STATO_REG_1__SCAN_IN_U800_B,sa1,,1.2304687500e-01
U630,sa0,30,5.0151348114e-04
U610_U630_A,sa0,,5.0151348114e-04
U607_U630_B,sa0,,5.0151348114e-04
U621,sa0,12,2.5000000000e-01
U611_U621_A,sa0,,2.5000000000e-01
U931,sa0,,2.5000000000e-01
U709_U931_A,sa0,,2.5000000000e-01
U726_U931_B,sa0,,2.5000000000e-01
U620,sa1,11,5.8593750000e-02
GT_163_U6,sa0,4,1.1718750000e-02
U612,sa0,10,3.5156250000e-02
U880_U612_A,sa0,,3.5156250000e-02
U719,sa0,,3.5156250000e-02
GT_146_U6_U719_A,sa1,,3.5156250000e-02
U879_U612_C,sa0,,3.5156250000e-02
U611,sa1,1,0.0000000000e+00
GT_114_U6_U611_A,sa1,,0.0000000000e+00
GT_118_U6_U611_B,sa1,,0.0000000000e+00
GT_118_U6,sa0,1,0.0000000000e+00
U603,sa0,12,3.2812500000e-01
U600_U603_A,sa0,,3.2812500000e-01
U852,sa0,,3.2812500000e-01
U595_U852_A,sa0,,3.2812500000e-01
U814_U852_B,sa0,,3.2812500000e-01
U602,sa1,3,3.1250000000e-02
U757_GT_122_U7_B,sa1,1,0.0000000000e+00
U752_GT_108_U9_B,sa0,1,0.0000000000e+00
U746_GT_212_U8_D,sa0,1,0.0000000000e+00
U748_GT_212_U7_B,sa1,3,3.1250000000e-02
U755_GT_142_U9_A,sa0,2,1.5625000000e-02
U639_R794_U77_A,sa1,6,2.3437500000e-02
U748_GT_221_U7_B,sa1,3,1.5625000000e-02
U749_GT_221_U7_A,sa1,3,1.5625000000e-02
U761_GT_184_U6_A,sa0,1,0.0000000000e+00
U762_GT_163_U7_B,sa0,1,0.0000000000e+00
U635_GT_126_U8_C,sa0,1,0.0000000000e+00
U751_GT_126_U7_D,sa1,1,0.0000000000e+00
U745_GT_206_U7_C,sa0,1,0.0000000000e+00
U746_GT_206_U7_B,sa0,3,1.5625000000e-02
U765_GT_160_U7_A,sa1,23,8.5937500000e-02
U751_GT_118_U9_B,sa0,1,0.0000000000e+00
U634_GT_138_U8_A,sa0,1,0.0000000000e+00
GT_146_U6_U941_C,sa0,4,3.9062500000e-02
GT_166_U6_U923_A,sa0,1,0.0000000000e+00
U715_U921_A,sa1,1,0.0000000000e+00
U717_U910_A,sa1,19,1.9140625000e-01
U831_U832_A,sa1,4,1.0937500000e-01
U815_U703_B,sa1,7,7.0312500000e-02
U623_U642_C,sa1,10,4.2968750000e-02
U619_U620_B,sa1,1,0.0000000000e+00
GT_163_U6_U619_B,sa0,1,0.0000000000e+00
U880_U612_A,sa1,1,0.0000000000e+00
GT_215_U9,sa0,1,0.0000000000e+00
GT_108_U8,sa0,8,1.2890625000e-01
GT_181_U7,sa0,6,3.5156250000e-02
GT_172_U7,sa0,4,1.1718750000e-02
U766_GT_172_U7_A,sa0,,1.1718750000e-02
GT_172_U10,sa0,,1.1718750000e-02
GT_142_U9,sa1,2,1.5625000000e-02
U755_GT_142_U9_A,sa1,,1.5625000000e-02
U753_GT_142_U9_B,sa1,,1.5625000000e-02
R794_U79,sa1,4,1.1718750000e-02
R794_U29_R794_U79_A,sa0,,1.1718750000e-02
R794_U88,sa1,5,1.5625000000e-02
ADD_283_U18,sa1,30,2.3651123047e-03
ADD_283_U9_ADD_283_U18_A,sa0,,2.3651123047e-03
ADD_283_U27,sa1,30,3.4332275391e-03
GT_227_U6,sa0,3,1.5625000000e-02
GT_163_U7,sa0,24,1.0546875000e-01
GT_126_U8,sa0,3,1.2890625000e-01
GT_160_U9,sa1,4,1.1718750000e-02
U767_GT_160_U9_A,sa1,,1.1718750000e-02
U768_GT_160_U9_B,sa1,,1.1718750000e-02
U766_GT_160_U9_C,sa1,,1.1718750000e-02
GT_118_U7,sa0,1,0.0000000000e+00
U635_GT_118_U7_A,sa0,,0.0000000000e+00
GT_118_U9,sa0,,0.0000000000e+00
U801,sa1,30,4.3576049805e-01
U685_U801_A,sa0,,4.3576049805e-01
GT_209_U6,sa0,3,1.5625000000e-02
U730,sa0,25,6.0937500000e-01
U965,sa0,,6.0937500000e-01
U859_U965_A,sa0,,6.0937500000e-01
STATO_REG_1__SCAN_IN_U965_B,sa0,,6.0937500000e-01
U964,sa0,,6.0937500000e-01
U681_U964_A,sa0,,6.0937500000e-01
TEMP_REG_5__SCAN_IN_U964_B,sa0,,6.0937500000e-01
U720,sa1,4,3.9062500000e-02
GT_146_U6,sa0,4,3.9062500000e-02
GT_181_U6,sa1,11,1.5625000000e-01
U760_GT_181_U6_A,sa1,,1.5625000000e-01
GT_181_U7,sa1,,1.5625000000e-01
U761_GT_181_U7_A,sa1,,1.5625000000e-01
GT_181_U8,sa1,,1.5625000000e-01
U765_GT_181_U8_A,sa1,,1.5625000000e-01
U767_GT_181_U8_B,sa1,,1.5625000000e-01
U764_GT_181_U8_C,sa1,,1.5625000000e-01
U766_GT_181_U8_D,sa1,,1.5625000000e-01
U763_GT_181_U8_E,sa1,,1.5625000000e-01
U762_GT_181_U7_C,sa1,,1.5625000000e-01
GT_172_U6,sa1,15,1.9140625000e-01
U760_GT_172_U6_A,sa1,,1.9140625000e-01
GT_172_U8,sa1,,1.9140625000e-01
U761_GT_172_U8_A,sa1,,1.9140625000e-01
U762_GT_172_U8_B,sa1,,1.9140625000e-01
GT_172_U7,sa1,,1.9140625000e-01
GT_172_U9,sa1,,1.9140625000e-01
U764_GT_172_U9_A,sa1,,1.9140625000e-01
U765_GT_172_U9_B,sa1,,1.9140625000e-01
U763_GT_172_U9_C,sa1,,1.9140625000e-01
U712,sa0,5,3.1250000000e-02
GT_227_U7_U712_A,sa0,,3.1250000000e-02
U714,sa0,,3.1250000000e-02
GT_224_U6_U714_A,sa1,,3.1250000000e-02
U711,sa1,3,1.5625000000e-02
GT_218_U6_U711_A,sa0,,1.5625000000e-02
GT_218_U6,sa0,3,1.5625000000e-02
U702,sa1,30,5.4779052734e-03
U810,sa1,30,2.0027160645e-03
U900,sa1,7,4.6875000000e-02
U640,sa0,10,4.2968750000e-02
U953,sa0,,4.2968750000e-02
U726_U953_A,sa0,,4.2968750000e-02
U774_U953_B,sa0,,4.2968750000e-02
GT_134_U6_U953_C,sa0,,4.2968750000e-02
U880_U953_D,sa0,,4.2968750000e-02
U786_U640_B,sa0,,4.2968750000e-02
U623_U640_C,sa0,,4.2968750000e-02
U631,sa0,17,2.5000000000e-01
U602_U631_A,sa0,,2.5000000000e-01
U603_U631_B,sa0,,2.5000000000e-01
U849_U631_C,sa0,,2.5000000000e-01
U839_U631_D,sa0,,2.5000000000e-01
U630,sa1,30,1.5640258789e-03
U622,sa0,10,3.5156250000e-02
U786_U622_A,sa0,,3.5156250000e-02
U785_U622_B,sa0,,3.5156250000e-02
U787_U622_C,sa0,,3.5156250000e-02
U621,sa1,1,0.0000000000e+00
GT_163_U6,sa1,29,2.2656250000e-01
U760_GT_163_U6_A,sa1,,2.2656250000e-01
GT_163_U7,sa1,,2.2656250000e-01
U761_GT_163_U7_A,sa1,,2.2656250000e-01
U762_GT_163_U7_B,sa1,,2.2656250000e-01
U763_GT_163_U7_C,sa1,,2.2656250000e-01
U764_GT_163_U7_D,sa1,,2.2656250000e-01
U765_GT_163_U7_E,sa1,,2.2656250000e-01
U613,sa0,15,1.2500000000e-01
U612,sa1,18,7.8125000000e-02
GT_118_U6,sa1,13,2.5000000000e-01
U633_GT_118_U6_A,sa1,,2.5000000000e-01
GT_118_U8,sa1,,2.5000000000e-01
GT_118_U7,sa1,,2.5000000000e-01
U634_GT_118_U8_B,sa1,,2.5000000000e-01
U703,sa0,27,6.7382812500e-01
U814_U703_A,sa0,,6.7382812500e-01
U815_U703_B,sa0,,6.7382812500e-01
U604,sa0,14,3.7500000000e-01
U853,sa0,,3.7500000000e-01
U595_U853_A,sa0,,3.7500000000e-01
U827_U853_B,sa0,,3.7500000000e-01
U849_U604_B,sa0,,3.7500000000e-01
U836_U604_C,sa0,,3.7500000000e-01
U832_U604_D,sa0,,3.7500000000e-01
U603,sa1,8,1.0937500000e-01
U747_GT_215_U7_A,sa1,5,4.6875000000e-02
U754_GT_108_U9_A,sa0,1,0.0000000000e+00
U762_GT_181_U7_C,sa0,1,0.0000000000e+00
U588_GT_203_U8_A,sa0,1,0.0000000000e+00
U762_GT_172_U8_B,sa0,1,0.0000000000e+00
U761_GT_175_U7_A,sa0,1,0.0000000000e+00
U757_GT_130_U9_C,sa0,1,0.0000000000e+00
U755_R794_U88_A,sa1,5,1.9531250000e-02
U747_GT_221_U8_D,sa0,1,0.0000000000e+00
U760_GT_184_U7_B,sa0,6,1.2109375000e-01
U753_GT_126_U7_C,sa1,1,0.0000000000e+00
U635_GT_146_U8_B,sa0,1,0.0000000000e+00
U753_GT_146_U7_A,sa1,3,2.3437500000e-02
U763_GT_160_U8_D,sa0,1,0.0000000000e+00
U636_GT_118_U9_A,sa0,1,0.0000000000e+00
GT_134_U6_U953_C,sa1,10,3.5156250000e-02
U621_U944_A,sa1,1,0.0000000000e+00
GT_178_U6_U912_A,sa0,1,0.0000000000e+00
U592_U810_B,sa1,30,2.5335693359e-01
U803_U807_A,sa1,30,6.3232421875e-02
U705_U661_B,sa1,5,2.9687500000e-01
U611_U639_A,sa1,1,0.0000000000e+00
U602_U626_E,sa1,3,3.1250000000e-02
U603_U607_E,sa1,8,1.0937500000e-01
U832_U604_D,sa1,2,1.5625000000e-02
GT_209_U7,sa0,3,1.5625000000e-02
U748_GT_209_U7_A,sa0,,1.5625000000e-02
U747_GT_209_U7_B,sa0,,1.5625000000e-02
U749_GT_209_U7_C,sa0,,1.5625000000e-02
GT_181_U8,sa0,4,1.1718750000e-02
GT_134_U9,sa1,1,0.0000000000e+00
U753_GT_134_U9_A,sa1,,0.0000000000e+00
U751_GT_134_U9_B,sa1,,0.0000000000e+00
GT_172_U8,sa0,11,7.0312500000e-02
R794_U89,sa1,3,7.8125000000e-03
R794_U31_R794_U89_A,sa0,,7.8125000000e-03
ADD_283_U19,sa1,30,3.3016204834e-03
ADD_283_U16_ADD_283_U19_A,sa0,,3.3016204834e-03
GT_146_U7,sa0,3,2.3437500000e-02
U753_GT_146_U7_A,sa0,,2.3437500000e-02
GT_146_U9,sa0,,2.3437500000e-02
GT_218_U7,sa0,6,6.2500000000e-02
GT_118_U8,sa0,8,1.2890625000e-01
U901,sa1,3,1.5625000000e-02
GT_221_U6_U901_A,sa1,,1.5625000000e-02
GT_227_U7_U901_B,sa1,,1.5625000000e-02
GT_224_U6_U901_C,sa1,,1.5625000000e-02
GT_209_U6_U901_D,sa1,,1.5625000000e-02
U803,sa0,30,7.2774505615e-01
U801,sa0,,7.2774505615e-01
U685_U801_A,sa1,,7.2774505615e-01
U802,sa0,,7.2774505615e-01
U684,sa0,,7.2774505615e-01
FLAG_REG_SCAN_IN_U684_A,sa1,,7.2774505615e-01
STATO_REG_1__SCAN_IN_U802_B,sa0,,7.2774505615e-01
U802,sa1,30,4.9934387207e-03
GT_209_U6,sa1,13,1.0937500000e-01
U588_GT_209_U6_A,sa1,,1.0937500000e-01
GT_209_U8,sa1,,1.0937500000e-01
GT_209_U9,sa1,,1.0937500000e-01
U588_GT_209_U9_A,sa1,,1.0937500000e-01
U746_GT_209_U9_B,sa1,,1.0937500000e-01
U745_GT_209_U9_C,sa1,,1.0937500000e-01
GT_209_U7,sa1,,1.0937500000e-01
U588_GT_209_U8_C,sa1,,1.0937500000e-01
U588_GT_209_U8_D,sa1,,1.0937500000e-01
U740,sa0,30,3.0788910389e-01
U985,sa0,,3.0788910389e-01
U770_U985_A,sa0,,3.0788910389e-01
U629_U985_B,sa0,,3.0788910389e-01
U984,sa0,,3.0788910389e-01
U864_U984_A,sa0,,3.0788910389e-01
MAX_REG_4__SCAN_IN_U984_B,sa0,,3.0788910389e-01
U731,sa0,13,4.2187500000e-01
U967,sa0,,4.2187500000e-01
U629_U967_A,sa0,,4.2187500000e-01
STATO_REG_1__SCAN_IN_U967_B,sa0,,4.2187500000e-01
U966,sa0,,4.2187500000e-01
U681_U966_A,sa0,,4.2187500000e-01
TEMP_REG_4__SCAN_IN_U966_B,sa0,,4.2187500000e-01
U730,sa1,11,3.9062500000e-01
U721,sa1,4,3.9062500000e-02
GT_142_U6_U721_A,sa0,,3.9062500000e-02
GT_146_U6,sa1,9,1.6406250000e-01
U633_GT_146_U6_A,sa1,,1.6406250000e-01
GT_146_U8,sa1,,1.6406250000e-01
U634_GT_146_U8_A,sa1,,1.6406250000e-01
U635_GT_146_U8_B,sa1,,1.6406250000e-01
GT_146_U7,sa1,,1.6406250000e-01
U636_GT_146_U8_D,sa1,,1.6406250000e-01
U751_GT_146_U8_E,sa1,,1.6406250000e-01
U713,sa0,5,3.1250000000e-02
U712,sa1,3,1.5625000000e-02
GT_227_U7,sa0,3,1.5625000000e-02
GT_218_U6,sa1,5,6.2500000000e-02
U588_GT_218_U6_A,sa1,,6.2500000000e-02
GT_218_U7,sa1,,6.2500000000e-02
GT_218_U8,sa1,,6.2500000000e-02
U588_GT_218_U8_A,sa1,,6.2500000000e-02
U588_GT_218_U8_B,sa1,,6.2500000000e-02
U745_GT_218_U8_C,sa1,,6.2500000000e-02
U747_GT_218_U7_B,sa1,,6.2500000000e-02
U746_GT_218_U7_C,sa1,,6.2500000000e-02
U588_GT_218_U7_D,sa1,,6.2500000000e-02
GT_138_U6,sa0,2,7.8125000000e-03
U704,sa0,26,5.8496093750e-01
U816,sa0,,5.8496093750e-01
U703_U816_A,sa1,,5.8496093750e-01
STATO_REG_2__SCAN_IN_U704_B,sa0,,5.8496093750e-01
U811,sa1,30,3.8134765625e-01
U820,sa1,7,2.3242187500e-01
U650,sa0,22,2.2656250000e-01
U589_stem_stem_stem_stem_U650_A,sa0,,2.2656250000e-01
U920,sa0,,2.2656250000e-01
U619_U920_A,sa0,,2.2656250000e-01
U717_U920_B,sa0,,2.2656250000e-01
U641,sa0,10,4.2968750000e-02
U622_U641_A,sa0,,4.2968750000e-02
U954,sa0,,4.2968750000e-02
GT_122_U6_U954_A,sa0,,4.2968750000e-02
U611_U954_B,sa0,,4.2968750000e-02
U640,sa1,10,3.5156250000e-02
U632,sa0,17,2.5000000000e-01
U795_U632_A,sa0,,2.5000000000e-01
U846_U632_B,sa0,,2.5000000000e-01
U839_U632_C,sa0,,2.5000000000e-01
U600_U632_D,sa0,,2.5000000000e-01
U847_U632_E,sa0,,2.5000000000e-01
U631,sa1,9,2.5000000000e-01
U623,sa0,10,3.5156250000e-02
U787_U623_A,sa0,,3.5156250000e-02
U778_U623_B,sa0,,3.5156250000e-02
U952,sa0,,3.5156250000e-02
U593_U952_A,sa0,,3.5156250000e-02
U879_U952_B,sa0,,3.5156250000e-02
U622,sa1,10,4.2968750000e-02
U910,sa1,7,2.3437500000e-02
U614,sa0,10,9.3750000000e-02
U613_U614_A,sa0,,9.3750000000e-02
U888,sa0,,9.3750000000e-02
U713_U888_A,sa0,,9.3750000000e-02
U782_U888_B,sa0,,9.3750000000e-02
U613,sa1,7,1.2500000000e-01
GT_206_U6_U613_A,sa1,,1.2500000000e-01
GT_203_U6_U613_B,sa1,,1.2500000000e-01
U703,sa1,4,2.3437500000e-02
U830,sa0,11,4.8437500000e-01
U595_U830_A,sa0,,4.8437500000e-01
U829,sa0,,4.8437500000e-01
U696_U829_A,sa1,,4.8437500000e-01
U605,sa0,15,3.7500000000e-01
U604_U605_A,sa0,,3.7500000000e-01
U855,sa0,,3.7500000000e-01
U833_U855_A,sa0,,3.7500000000e-01
U854,sa0,,3.7500000000e-01
U700_U854_A,sa0,,3.7500000000e-01
U693_U854_B,sa0,,3.7500000000e-01
U604,sa1,5,6.2500000000e-02
U761_GT_166_U8_A,sa0,1,0.0000000000e+00
U745_GT_215_U9_C,sa0,1,0.0000000000e+00
U746_GT_215_U9_B,sa0,1,0.0000000000e+00
U588_GT_215_U6_A,sa0,1,0.0000000000e+00
U760_GT_178_U6_A,sa0,6,1.2109375000e-01
U760_GT_169_U6_A,sa0,6,1.2109375000e-01
U587_GT_108_U6_A,sa0,6,1.2109375000e-01
U588_GT_212_U9_A,sa0,1,0.0000000000e+00
SUB_60_U47_SUB_60_U119_B,sa1,30,1.0329484940e-04
U748_GT_203_U9_C,sa0,2,7.8125000000e-03
U749_GT_203_U9_B,sa0,3,1.5625000000e-02
U748_GT_224_U8_A,sa0,3,1.5625000000e-02
U746_GT_224_U7_D,sa0,1,0.0000000000e+00
U747_GT_224_U7_C,sa0,1,0.0000000000e+00
U588_GT_224_U6_A,sa0,1,0.0000000000e+00
U762_GT_184_U6_B,sa0,1,0.0000000000e+00
U763_GT_163_U7_C,sa0,1,0.0000000000e+00
U755_GT_126_U7_B,sa1,1,0.0000000000e+00
U588_GT_206_U6_A,sa0,1,0.0000000000e+00
U751_GT_138_U7_C,sa1,2,7.8125000000e-03
NUM_REG_4__SCAN_IN_U994_B,sa1,9,7.0312500000e-02
U632_U961_A,sa1,9,2.5000000000e-01
U611_U954_B,sa1,1,0.0000000000e+00
GT_146_U6_U945_A,sa0,4,3.9062500000e-02
GT_184_U7_U923_B,sa0,5,1.5625000000e-02
U717_U920_B,sa1,15,1.9140625000e-01
U619_U920_A,sa1,7,3.5156250000e-02
GT_108_U6_U874_A,sa1,17,1.2109375000e-01
U605_U861_B,sa1,7,9.3750000000e-02
U701_U856_A,sa1,2,1.5625000000e-02
U612_U772_C,sa1,18,7.8125000000e-02
GT_184_U7_U716_A,sa1,10,1.4062500000e-01
U830_U627_B,sa1,2,1.5625000000e-02
U608_U625_A,sa1,5,6.2500000000e-02
U596_U601_A,sa1,8,1.4062500000e-01
GT_209_U8,sa0,14,1.0937500000e-01
GT_108_U9,sa1,1,0.0000000000e+00
U754_GT_108_U9_A,sa1,,0.0000000000e+00
U752_GT_108_U9_B,sa1,,0.0000000000e+00
U750_GT_108_U9_C,sa1,,0.0000000000e+00
GT_172_U9,sa0,1,0.0000000000e+00
GT_227_U8,sa0,3,1.5625000000e-02
GT_184_U6,sa0,5,1.9531250000e-02
GT_146_U8,sa0,4,4.2968750000e-02
GT_218_U8,sa0,1,0.0000000000e+00
GT_138_U7,sa0,2,7.8125000000e-03
U755_GT_138_U7_A,sa0,,7.8125000000e-03
U753_GT_138_U7_B,sa0,,7.8125000000e-03
U751_GT_138_U7_C,sa0,,7.8125000000e-03
U757_GT_138_U7_D,sa0,,7.8125000000e-03
U831,sa0,4,4.6875000000e-02
U697_U831_A,sa1,,4.6875000000e-02
U803,sa1,30,1.2478637695e-01
U750,sa0,6,6.2500000000e-02
U1005,sa0,,6.2500000000e-02
SUB_103_U14,sa0,,6.2500000000e-02
SUB_103_U23,sa0,,6.2500000000e-02
SUB_103_U18_SUB_103_U23_A,sa0,,6.2500000000e-02
SUB_103_U13_SUB_103_U23_B,sa0,,6.2500000000e-02
SUB_103_U22,sa0,,6.2500000000e-02
SUB_103_U10_SUB_103_U22_A,sa0,,6.2500000000e-02
MAX_REG_4__SCAN_IN_SUB_103_U22_B,sa0,,6.2500000000e-02
MAX_REG_8__SCAN_IN_U1005_B,sa0,,6.2500000000e-02
U1004,sa0,,6.2500000000e-02
U708_U1004_A,sa0,,6.2500000000e-02
MAX_REG_4__SCAN_IN_U1004_B,sa0,,6.2500000000e-02
U741,sa0,30,2.9182145000e-01
U987,sa0,,2.9182145000e-01
U770_U987_A,sa0,,2.9182145000e-01
U861_U987_B,sa0,,2.9182145000e-01
U986,sa0,,2.9182145000e-01
U864_U986_A,sa0,,2.9182145000e-01
MAX_REG_3__SCAN_IN_U986_B,sa0,,2.9182145000e-01
U740,sa1,30,3.5949516296e-01
U732,sa0,14,4.3750000000e-01
U969,sa0,,4.3750000000e-01
U861_U969_A,sa0,,4.3750000000e-01
STATO_REG_1__SCAN_IN_U969_B,sa0,,4.3750000000e-01
U968,sa0,,4.3750000000e-01
U681_U968_A,sa0,,4.3750000000e-01
TEMP_REG_3__SCAN_IN_U968_B,sa0,,4.3750000000e-01
U731,sa1,16,5.7812500000e-01
U723,sa0,6,7.8125000000e-02
GT_126_U6_U723_A,sa1,,7.8125000000e-02
U722,sa1,1,0.0000000000e+00
GT_130_U6_U722_A,sa0,,0.0000000000e+00
GT_175_U6,sa0,4,1.1718750000e-02
U713,sa1,9,7.8125000000e-02
GT_212_U6_U713_A,sa1,,7.8125000000e-02
GT_215_U6_U713_B,sa1,,7.8125000000e-02
GT_227_U7,sa1,3,1.5625000000e-02
GT_227_U6,sa1,,1.5625000000e-02
GT_227_U8,sa1,,1.5625000000e-02
U748_GT_227_U8_A,sa1,,1.5625000000e-02
U588_GT_227_U8_B,sa1,,1.5625000000e-02
U588_GT_227_U8_C,sa1,,1.5625000000e-02
U749_GT_227_U8_D,sa1,,1.5625000000e-02
U588_GT_227_U6_B,sa1,,1.5625000000e-02
U747_GT_227_U6_C,sa1,,1.5625000000e-02
U746_GT_227_U6_D,sa1,,1.5625000000e-02
U745_GT_227_U6_E,sa1,,1.5625000000e-02
U588_GT_227_U7_B,sa1,,1.5625000000e-02
GT_138_U6,sa1,12,2.4218750000e-01
U633_GT_138_U6_A,sa1,,2.4218750000e-01
GT_138_U8,sa1,,2.4218750000e-01
U634_GT_138_U8_A,sa1,,2.4218750000e-01
U636_GT_138_U8_B,sa1,,2.4218750000e-01
U635_GT_138_U8_C,sa1,,2.4218750000e-01
GT_138_U7,sa1,,2.4218750000e-01
U704,sa1,6,9.7656250000e-03
U812,sa1,30,6.8664550781e-03
U821,sa1,5,2.5000000000e-01
U660,sa0,9,6.2500000000e-02
U589_stem_stem_stem_stem_U660_A,sa0,,6.2500000000e-02
U776,sa0,,6.2500000000e-02
GT_203_U6_U776_A,sa1,,6.2500000000e-02
U908,sa0,,6.2500000000e-02
U789,sa0,,6.2500000000e-02
GT_206_U6_U789_A,sa1,,6.2500000000e-02
U907,sa0,,6.2500000000e-02
U906,sa0,,6.2500000000e-02
U783,sa0,,6.2500000000e-02
GT_212_U6_U783_A,sa1,,6.2500000000e-02
U905,sa0,,6.2500000000e-02
U780,sa0,,6.2500000000e-02
GT_215_U6_U780_A,sa1,,6.2500000000e-02
U711_U905_B,sa0,,6.2500000000e-02
U904,sa0,,6.2500000000e-02
U790_U904_A,sa0,,6.2500000000e-02
U903,sa0,,6.2500000000e-02
U782_U907_B,sa0,,6.2500000000e-02
U902,sa1,8,6.2500000000e-02
U651,sa0,25,2.1093750000e-01
U589_stem_stem_stem_stem_U651_A,sa0,,2.1093750000e-01
U922,sa0,,2.1093750000e-01
U620_U922_A,sa0,,2.1093750000e-01
U921,sa0,,2.1093750000e-01
U715_U921_A,sa0,,2.1093750000e-01
U777_U921_B,sa0,,2.1093750000e-01
U716_U921_C,sa0,,2.1093750000e-01
U650,sa1,9,7.7343750000e-01
U920,sa1,7,2.3437500000e-02
U642,sa0,11,4.2968750000e-02
U955,sa0,,4.2968750000e-02
GT_122_U6_U955_A,sa0,,4.2968750000e-02
U774_U955_B,sa0,,4.2968750000e-02
U784_U642_B,sa0,,4.2968750000e-02
U623_U642_C,sa0,,4.2968750000e-02
U641,sa1,10,3.5156250000e-02
U633,sa0,6,1.2109375000e-01
U794_U633_A,sa0,,1.2109375000e-01
U874,sa0,,1.2109375000e-01
GT_108_U6_U874_A,sa0,,1.2109375000e-01
SUB_110_U13,sa0,,1.2109375000e-01
SUB_110_U28,sa0,,1.2109375000e-01
SUB_110_U24,sa0,,1.2109375000e-01
SUB_110_U15_SUB_110_U24_A,sa1,,1.2109375000e-01
SUB_110_U10_SUB_110_U28_B,sa0,,1.2109375000e-01
SUB_110_U27,sa0,,1.2109375000e-01
U587_SUB_110_U27_A,sa0,,1.2109375000e-01
SUB_110_U15_SUB_110_U27_B,sa0,,1.2109375000e-01
U632,sa1,10,2.5000000000e-01
U624,sa0,7,9.3750000000e-02
U830_U624_A,sa0,,9.3750000000e-02
U828_U624_B,sa0,,9.3750000000e-02
U598_U624_C,sa0,,9.3750000000e-02
U623,sa1,10,4.2968750000e-02
GT_166_U6,sa0,4,1.1718750000e-02
U911,sa1,4,1.1718750000e-02
U615,sa0,8,7.8125000000e-02
U614_U615_A,sa0,,7.8125000000e-02
U889,sa0,,7.8125000000e-02
GT_218_U6_U889_A,sa0,,7.8125000000e-02
U782_U889_B,sa0,,7.8125000000e-02
U614,sa1,11,1.5625000000e-01
U606,sa0,11,3.9062500000e-01
U830_U606_A,sa0,,3.9062500000e-01
U795_U606_B,sa0,,3.9062500000e-01
U703_U606_C,sa0,,3.9062500000e-01
U858,sa0,,3.9062500000e-01
U601_U858_A,sa0,,3.9062500000e-01
U595_U858_B,sa0,,3.9062500000e-01
U857,sa0,,3.9062500000e-01
U815_U857_A,sa0,,3.9062500000e-01
U856,sa0,,3.9062500000e-01
U701_U856_A,sa0,,3.9062500000e-01
U696_U856_B,sa0,,3.9062500000e-01
U830,sa1,2,1.5625000000e-02
U605,sa1,7,9.3750000000e-02
U705,sa0,3,5.0000000000e-01
EN_DISP_REG_SCAN_IN_U705_A,sa1,,5.0000000000e-01
U588_GT_212_U9_B,sa0,1,0.0000000000e+00
U588_GT_212_U8_C,sa0,1,0.0000000000e+00
U765_GT_181_U8_A,sa0,1,0.0000000000e+00
U764_GT_172_U9_A,sa0,1,0.0000000000e+00
U588_GT_221_U8_C,sa0,1,0.0000000000e+00
U751_GT_146_U8_E,sa0,2,1.5625000000e-02
U588_GT_206_U7_A,sa0,1,0.0000000000e+00
U767_GT_160_U9_A,sa0,1,0.0000000000e+00
U764_GT_160_U8_E,sa0,1,0.0000000000e+00
MAX_REG_3__SCAN_IN_SUB_103_U19_B,sa1,1,0.0000000000e+00
U753_GT_138_U7_B,sa1,2,7.8125000000e-03
U635_GT_138_U8_C,sa0,1,0.0000000000e+00
U636_GT_138_U8_B,sa0,1,0.0000000000e+00
NUM_REG_3__SCAN_IN_U996_B,sa1,8,6.2500000000e-02
U631_U963_A,sa1,9,2.5000000000e-01
U724_U942_A,sa1,1,0.0000000000e+00
U621_U937_A,sa1,1,0.0000000000e+00
U716_U921_C,sa1,5,1.5625000000e-02
U814_U860_B,sa1,4,1.0937500000e-01
U601_U858_A,sa1,3,9.3750000000e-02
U833_U850_B,sa1,4,4.6875000000e-02
U831_U834_B,sa1,4,1.0937500000e-01
U815_U832_B,sa1,3,4.6875000000e-02
U594_U820_A,sa1,4,4.8828125000e-02
U592_U812_B,sa1,30,4.4390869141e-01
U803_U809_A,sa1,30,6.3964843750e-02
U601_U795_A,sa1,11,2.1875000000e-01
GT_142_U6_U785_C,sa1,9,2.0312500000e-01
U705_U654_B,sa1,15,4.5312500000e-01
U603_U627_E,sa1,8,1.0937500000e-01
U860_U626_A,sa1,2,1.5625000000e-02
U606_U607_D,sa1,8,1.0937500000e-01
GT_166_U7,sa0,4,1.1718750000e-02
U767_GT_166_U7_A,sa0,,1.1718750000e-02
U768_GT_166_U7_B,sa0,,1.1718750000e-02
U766_GT_166_U7_C,sa0,,1.1718750000e-02
GT_209_U9,sa0,1,0.0000000000e+00
GT_175_U7,sa0,11,5.8593750000e-02
GT_118_U9,sa1,1,0.0000000000e+00
U636_GT_118_U9_A,sa1,,0.0000000000e+00
U751_GT_118_U9_B,sa1,,0.0000000000e+00
GT_138_U8,sa0,7,1.2109375000e-01
U921,sa1,13,1.5234375000e-01
U912,sa1,11,1.5625000000e-01
GT_178_U6_U912_A,sa1,,1.5625000000e-01
GT_181_U6_U912_B,sa1,,1.5625000000e-01
U903,sa1,3,1.5625000000e-02
GT_224_U6_U903_A,sa1,,1.5625000000e-02
GT_227_U7_U903_B,sa1,,1.5625000000e-02
U840,sa1,5,7.8125000000e-02
U831,sa1,10,3.2812500000e-01
U697_U831_A,sa0,,3.2812500000e-01
U760,sa0,6,1.2109375000e-01
U1025,sa0,,1.2109375000e-01
R794_U20,sa0,,1.2109375000e-01
R794_U64,sa0,,1.2109375000e-01
R794_U61,sa0,,1.2109375000e-01
R794_U33_R794_U61_A,sa1,,1.2109375000e-01
R794_U32,sa0,,1.2109375000e-01
U633_R794_U32_A,sa1,,1.2109375000e-01
R794_U63,sa0,,1.2109375000e-01
U633_R794_U63_A,sa0,,1.2109375000e-01
R794_U33_R794_U63_B,sa0,,1.2109375000e-01
U771_U1025_B,sa0,,1.2109375000e-01
U1024,sa0,,1.2109375000e-01
U957_U1024_A,sa0,,1.2109375000e-01
U633_U1024_B,sa0,,1.2109375000e-01
U751,sa0,6,6.2500000000e-02
U1007,sa0,,6.2500000000e-02
SUB_110_U8,sa0,,6.2500000000e-02
SUB_110_U18_SUB_110_U8_A,sa0,,6.2500000000e-02
SUB_110_U25,sa0,,6.2500000000e-02
U750_SUB_110_U25_A,sa0,,6.2500000000e-02
SUB_110_U9_SUB_110_U25_B,sa0,,6.2500000000e-02
GT_108_U6_U1007_B,sa0,,6.2500000000e-02
U1006,sa0,,6.2500000000e-02
U750_U1006_A,sa0,,6.2500000000e-02
U707_U1006_B,sa0,,6.2500000000e-02
U750,sa1,5,6.6406250000e-02
U742,sa0,30,3.1953430176e-01
U989,sa0,,3.1953430176e-01
U770_U989_A,sa0,,3.1953430176e-01
U627_U989_B,sa0,,3.1953430176e-01
U988,sa0,,3.1953430176e-01
U864_U988_A,sa0,,3.1953430176e-01
MAX_REG_2__SCAN_IN_U988_B,sa0,,3.1953430176e-01
U741,sa1,30,3.6291122437e-01
U733,sa0,16,4.6875000000e-01
U971,sa0,,4.6875000000e-01
U627_U971_A,sa0,,4.6875000000e-01
STATO_REG_1__SCAN_IN_U971_B,sa0,,4.6875000000e-01
U970,sa0,,4.6875000000e-01
U681_U970_A,sa0,,4.6875000000e-01
TEMP_REG_2__SCAN_IN_U970_B,sa0,,4.6875000000e-01
U732,sa1,14,5.6250000000e-01
U724,sa0,15,2.5000000000e-01
GT_134_U6_U724_A,sa1,,2.5000000000e-01
U723,sa1,1,0.0000000000e+00
GT_126_U6_U723_A,sa0,,0.0000000000e+00
GT_184_U7,sa0,5,1.5625000000e-02
U715,sa0,15,1.6406250000e-01
GT_175_U6_U715_A,sa1,,1.6406250000e-01
GT_175_U6,sa1,16,1.7968750000e-01
U760_GT_175_U6_A,sa1,,1.7968750000e-01
GT_175_U7,sa1,,1.7968750000e-01
U761_GT_175_U7_A,sa1,,1.7968750000e-01
GT_175_U8,sa1,,1.7968750000e-01
U764_GT_175_U8_A,sa1,,1.7968750000e-01
U765_GT_175_U8_B,sa1,,1.7968750000e-01
U766_GT_175_U8_C,sa1,,1.7968750000e-01
U763_GT_175_U8_D,sa1,,1.7968750000e-01
U762_GT_175_U8_E,sa1,,1.7968750000e-01
U714,sa1,3,1.5625000000e-02
GT_224_U6_U714_A,sa0,,1.5625000000e-02
U814,sa0,7,5.4687500000e-02
U693_U814_A,sa1,,5.4687500000e-02
U804,sa1,30,1.3561248779e-03
U813,sa1,30,3.8140869141e-01
U822,sa1,7,2.3242187500e-01
U670,sa0,10,4.9902343750e-01
U868,sa0,,4.9902343750e-01
U866,sa0,,4.9902343750e-01
U865,sa0,,4.9902343750e-01
U686,sa0,,4.9902343750e-01
STATO_REG_2__SCAN_IN_U686_A,sa1,,4.9902343750e-01
STATO_REG_1__SCAN_IN_U865_B,sa0,,4.9902343750e-01
U682_U866_B,sa0,,4.9902343750e-01
U796_U866_C,sa0,,4.9902343750e-01
EN_DISP_REG_SCAN_IN_U868_B,sa0,,4.9902343750e-01
U793_U670_B,sa0,,4.9902343750e-01
U867,sa0,,4.9902343750e-01
U797_U867_A,sa0,,4.9902343750e-01
STATO_REG_0__SCAN_IN_U867_B,sa0,,4.9902343750e-01
U661,sa0,5,2.9687500000e-01
U933,sa0,,2.9687500000e-01
U621_U933_A,sa0,,2.9687500000e-01
U932,sa0,,2.9687500000e-01
U710_U932_A,sa0,,2.9687500000e-01
U726_U932_B,sa0,,2.9687500000e-01
RES_DISP_REG_SCAN_IN_U933_C,sa0,,2.9687500000e-01
U705_U661_B,sa0,,2.9687500000e-01
U660,sa1,20,9.3750000000e-01
U930,sa1,16,6.2500000000e-02
U652,sa0,19,1.9921875000e-01
U589_stem_stem_stem_stem_U652_A,sa0,,1.9921875000e-01
U924,sa0,,1.9921875000e-01
U618_U924_A,sa0,,1.9921875000e-01
U923,sa0,,1.9921875000e-01
U651,sa1,13,7.8906250000e-01
U643,sa0,3,2.5585937500e-01
U882,sa0,,2.5585937500e-01
STATO_REG_0__SCAN_IN_U882_A,sa0,,2.5585937500e-01
STATO_REG_1__SCAN_IN_U882_B,sa0,,2.5585937500e-01
U881,sa0,,2.5585937500e-01
U797_U881_A,sa0,,2.5585937500e-01
START_U881_B,sa0,,2.5585937500e-01
U642,sa1,10,3.5156250000e-02
U634,sa0,1,0.0000000000e+00
U794_U634_A,sa0,,0.0000000000e+00
U875,sa0,,0.0000000000e+00
SUB_110_U17,sa0,,0.0000000000e+00
SUB_110_U30,sa0,,0.0000000000e+00
SUB_110_U23,sa0,,0.0000000000e+00
SUB_110_U16_SUB_110_U23_A,sa1,,0.0000000000e+00
SUB_110_U10_SUB_110_U30_B,sa0,,0.0000000000e+00
SUB_110_U29,sa0,,0.0000000000e+00
U587_SUB_110_U29_A,sa0,,0.0000000000e+00
SUB_110_U16_SUB_110_U29_B,sa0,,0.0000000000e+00
GT_108_U6_U875_B,sa0,,0.0000000000e+00
U633,sa1,17,1.2109375000e-01
U625,sa0,14,2.0312500000e-01
U608_U625_A,sa0,,2.0312500000e-01
U602_U625_B,sa0,,2.0312500000e-01
U600_U625_C,sa0,,2.0312500000e-01
U838_U625_D,sa0,,2.0312500000e-01
U624,sa1,7,4.0625000000e-01
GT_166_U6,sa1,27,2.1484375000e-01
U760_GT_166_U6_A,sa1,,2.1484375000e-01
GT_166_U8,sa1,,2.1484375000e-01
U761_GT_166_U8_A,sa1,,2.1484375000e-01
U762_GT_166_U8_B,sa1,,2.1484375000e-01
GT_166_U7,sa1,,2.1484375000e-01
GT_166_U9,sa1,,2.1484375000e-01
U764_GT_166_U9_A,sa1,,2.1484375000e-01
U765_GT_166_U9_B,sa1,,2.1484375000e-01
U763_GT_166_U9_C,sa1,,2.1484375000e-01
U616,sa0,9,6.2500000000e-02
U613_U616_A,sa0,,6.2500000000e-02
U782_U616_B,sa0,,6.2500000000e-02
U887,sa0,,6.2500000000e-02
U713_U887_A,sa1,,6.2500000000e-02
U615,sa1,11,1.7187500000e-01
U607,sa0,7,1.4062500000e-01
U838_U607_A,sa0,,1.4062500000e-01
U828_U607_B,sa0,,1.4062500000e-01
U847_U607_C,sa0,,1.4062500000e-01
U606_U607_D,sa0,,1.4062500000e-01
U603_U607_E,sa0,,1.4062500000e-01
U606,sa1,8,1.0937500000e-01
U832,sa0,10,4.6875000000e-01
U831_U832_A,sa0,,4.6875000000e-01
U815_U832_B,sa0,,4.6875000000e-01
U706,sa0,10,7.8125000000e-02
GT_197_U6_U706_A,sa1,,7.8125000000e-02
U705,sa1,3,5.0000000000e-01
EN_DISP_REG_SCAN_IN_U705_A,sa0,,5.0000000000e-01
U762_GT_166_U8_B,sa0,1,0.0000000000e+00
U587_GT_108_U7_A,sa1,1,0.0000000000e+00
U764_GT_181_U8_C,sa0,1,0.0000000000e+00
U588_GT_203_U8_D,sa0,1,0.0000000000e+00
U763_GT_172_U9_C,sa0,1,0.0000000000e+00
U766_GT_172_U7_A,sa1,9,3.9062500000e-02
U745_GT_227_U6_E,sa0,1,0.0000000000e+00
U746_GT_227_U6_D,sa0,1,0.0000000000e+00
U747_GT_227_U6_C,sa0,1,0.0000000000e+00
U588_GT_221_U9_C,sa0,1,0.0000000000e+00
U764_GT_163_U7_D,sa0,1,0.0000000000e+00
U755_GT_146_U9_A,sa0,2,7.8125000000e-03
U636_GT_146_U8_D,sa0,1,0.0000000000e+00
U766_GT_160_U9_C,sa0,1,0.0000000000e+00
U745_GT_218_U8_C,sa0,1,0.0000000000e+00
U746_GT_218_U7_C,sa0,1,0.0000000000e+00
U747_GT_218_U7_B,sa0,3,1.5625000000e-02
U755_GT_138_U7_A,sa1,2,7.8125000000e-03
NUM_REG_2__SCAN_IN_U998_B,sa1,5,3.9062500000e-02
U631_U981_B,sa1,30,4.9373626709e-02
U726_U931_B,sa1,1,0.0000000000e+00
U709_U931_A,sa1,12,2.5000000000e-01
GT_184_U7_U925_B,sa0,5,1.5625000000e-02
U790_U904_A,sa1,3,1.5625000000e-02
GT_108_U6_U875_B,sa1,8,1.2890625000e-01
U814_U852_B,sa1,3,4.6875000000e-02
U835_U850_A,sa1,5,1.0937500000e-01
U833_U834_A,sa1,3,4.6875000000e-02
U592_U804_B,sa1,30,8.6310863495e-02
GT_126_U6_U786_A,sa1,20,7.4218750000e-02
GT_169_U6_U717_A,sa0,1,0.0000000000e+00
U597_U701_A,sa1,6,1.0937500000e-01
U702_U685_B,sa1,30,7.6293945313e-03
U606_U626_D,sa1,8,1.0937500000e-01
GT_166_U6_U619_C,sa0,4,1.1718750000e-02
U617_U618_A,sa1,4,2.3437500000e-02
U836_U604_C,sa1,2,1.5625000000e-02
U687_U601_B,sa1,3,3.1250000000e-02
U706_U591_B,sa1,4,1.7187500000e-01
U707_U590_B,sa1,1,0.0000000000e+00
GT_166_U8,sa0,23,9.3750000000e-02
GT_175_U8,sa0,4,1.1718750000e-02
GT_184_U8,sa0,5,1.5625000000e-02
GT_146_U9,sa1,2,7.8125000000e-03
U755_GT_146_U9_A,sa1,,7.8125000000e-03
U757_GT_146_U9_B,sa1,,7.8125000000e-03
U913,sa1,4,2.3437500000e-02
U904,sa1,5,3.1250000000e-02
U841,sa1,6,1.0937500000e-01
U701_U841_A,sa0,,1.0937500000e-01
U833,sa0,6,7.8125000000e-02
U698_U833_A,sa1,,7.8125000000e-02
U770,sa0,30,9.4664096832e-04
U799_U770_A,sa0,,9.4664096832e-04
U863,sa0,,9.4664096832e-04
U798_U863_A,sa0,,9.4664096832e-04
SUB_73_U6,sa0,,9.4664096832e-04
SUB_73_U49,sa0,,9.4664096832e-04
SUB_73_U48,sa0,,9.4664096832e-04
SUB_73_U20_SUB_73_U48_A,sa0,,9.4664096832e-04
MAX_REG_7__SCAN_IN_SUB_73_U48_B,sa0,,9.4664096832e-04
SUB_73_U58,sa0,,9.4664096832e-04
SUB_73_U57,sa0,,9.4664096832e-04
U624_SUB_73_U57_A,sa0,,9.4664096832e-04
SUB_73_U22_SUB_73_U57_B,sa0,,9.4664096832e-04
SUB_73_U56,sa0,,9.4664096832e-04
SUB_73_U23_SUB_73_U56_A,sa0,,9.4664096832e-04
MAX_REG_8__SCAN_IN_SUB_73_U56_B,sa0,,9.4664096832e-04
SUB_73_U47,sa0,,9.4664096832e-04
SUB_73_U45,sa0,,9.4664096832e-04
SUB_73_U21_SUB_73_U45_A,sa1,,9.4664096832e-04
SUB_73_U46,sa0,,9.4664096832e-04
U632_SUB_73_U46_A,sa0,,9.4664096832e-04
SUB_73_U19_SUB_73_U46_B,sa0,,9.4664096832e-04
SUB_73_U53,sa0,,9.4664096832e-04
SUB_73_U55,sa0,,9.4664096832e-04
U624_SUB_73_U55_A,sa0,,9.4664096832e-04
SUB_73_U22_SUB_73_U55_B,sa0,,9.4664096832e-04
SUB_73_U54,sa0,,9.4664096832e-04
SUB_73_U23_SUB_73_U54_A,sa0,,9.4664096832e-04
MAX_REG_8__SCAN_IN_SUB_73_U54_B,sa0,,9.4664096832e-04
SUB_73_U52,sa0,,9.4664096832e-04
U632_SUB_73_U52_A,sa0,,9.4664096832e-04
SUB_73_U19_SUB_73_U52_B,sa0,,9.4664096832e-04
SUB_73_U51,sa0,,9.4664096832e-04
SUB_73_U50,sa0,,9.4664096832e-04
SUB_73_U20_SUB_73_U50_A,sa0,,9.4664096832e-04
MAX_REG_7__SCAN_IN_SUB_73_U50_B,sa0,,9.4664096832e-04
SUB_73_U21_SUB_73_U51_B,sa0,,9.4664096832e-04
U862_U863_C,sa0,,9.4664096832e-04
U761,sa0,1,0.0000000000e+00
U1027,sa0,,0.0000000000e+00
R794_U21,sa0,,0.0000000000e+00
R794_U66,sa0,,0.0000000000e+00
R794_U60_R794_U66_A,sa0,,0.0000000000e+00
R794_U34_R794_U66_B,sa0,,0.0000000000e+00
R794_U65,sa0,,0.0000000000e+00
U634_R794_U65_A,sa0,,0.0000000000e+00
R794_U18_R794_U65_B,sa0,,0.0000000000e+00
U771_U1027_B,sa0,,0.0000000000e+00
U1026,sa0,,0.0000000000e+00
U957_U1026_A,sa0,,0.0000000000e+00
U634_U1026_B,sa0,,0.0000000000e+00
U760,sa1,29,1.0937500000e-01
U752,sa0,9,6.2500000000e-02
U1009,sa0,,6.2500000000e-02
SUB_103_U7,sa0,,6.2500000000e-02
SUB_103_U19,sa0,,6.2500000000e-02
SUB_103_U9_SUB_103_U19_A,sa0,,6.2500000000e-02
MAX_REG_3__SCAN_IN_SUB_103_U19_B,sa0,,6.2500000000e-02
SUB_103_U10_SUB_103_U7_B,sa0,,6.2500000000e-02
MAX_REG_8__SCAN_IN_U1009_B,sa0,,6.2500000000e-02
U1008,sa0,,6.2500000000e-02
U708_U1008_A,sa0,,6.2500000000e-02
MAX_REG_3__SCAN_IN_U1008_B,sa0,,6.2500000000e-02
U751,sa1,5,6.6406250000e-02
U743,sa0,30,3.2224512100e-01
U991,sa0,,3.2224512100e-01
U770_U991_A,sa0,,3.2224512100e-01
U626_U991_B,sa0,,3.2224512100e-01
U990,sa0,,3.2224512100e-01
U864_U990_A,sa0,,3.2224512100e-01
MAX_REG_1__SCAN_IN_U990_B,sa0,,3.2224512100e-01
U742,sa1,30,3.5993289948e-01
U734,sa0,17,4.8437500000e-01
U973,sa0,,4.8437500000e-01
U626_U973_A,sa0,,4.8437500000e-01
STATO_REG_1__SCAN_IN_U973_B,sa0,,4.8437500000e-01
U972,sa0,,4.8437500000e-01
U681_U972_A,sa0,,4.8437500000e-01
TEMP_REG_1__SCAN_IN_U972_B,sa0,,4.8437500000e-01
U733,sa1,13,5.3125000000e-01
U725,sa0,15,2.4218750000e-01
GT_138_U6_U725_A,sa1,,2.4218750000e-01
U724,sa1,1,0.0000000000e+00
GT_134_U6_U724_A,sa0,,0.0000000000e+00
U716,sa0,13,1.5234375000e-01
GT_184_U7_U716_A,sa0,,1.5234375000e-01
U718,sa0,,1.5234375000e-01
GT_181_U6_U718_A,sa1,,1.5234375000e-01
GT_184_U7,sa1,10,1.4062500000e-01
GT_184_U6,sa1,,1.4062500000e-01
U761_GT_184_U6_A,sa1,,1.4062500000e-01
U762_GT_184_U6_B,sa1,,1.4062500000e-01
GT_184_U8,sa1,,1.4062500000e-01
U767_GT_184_U8_A,sa1,,1.4062500000e-01
U768_GT_184_U8_B,sa1,,1.4062500000e-01
U766_GT_184_U8_C,sa1,,1.4062500000e-01
U765_GT_184_U8_D,sa1,,1.4062500000e-01
U764_GT_184_U6_D,sa1,,1.4062500000e-01
U763_GT_184_U6_E,sa1,,1.4062500000e-01
U760_GT_184_U7_B,sa1,,1.4062500000e-01
U715,sa1,4,1.1718750000e-02
GT_175_U6_U715_A,sa0,,1.1718750000e-02
U815,sa0,10,1.0156250000e-01
U692_U815_A,sa1,,1.0156250000e-01
U814,sa1,21,2.9394531250e-01
U693_U814_A,sa0,,2.9394531250e-01
U680,sa0,30,3.7874031067e-01
U805,sa0,,3.7874031067e-01
U803_U805_A,sa0,,3.7874031067e-01
NUM_REG_4__SCAN_IN_U805_B,sa0,,3.7874031067e-01
U804,sa0,,3.7874031067e-01
ADD_283_U11,sa0,,3.7874031067e-01
ADD_283_U21,sa0,,3.7874031067e-01
ADD_283_U19,sa0,,3.7874031067e-01
ADD_283_U16_ADD_283_U19_A,sa1,,3.7874031067e-01
ADD_283_U15,sa0,,3.7874031067e-01
NUM_REG_4__SCAN_IN_ADD_283_U15_A,sa1,,3.7874031067e-01
ADD_283_U20,sa0,,3.7874031067e-01
ADD_283_U16_ADD_283_U20_A,sa0,,3.7874031067e-01
NUM_REG_4__SCAN_IN_ADD_283_U20_B,sa0,,3.7874031067e-01
U592_U804_B,sa0,,3.7874031067e-01
U805,sa1,30,3.8134765625e-01
U823,sa1,3,2.5000000000e-01
U671,sa0,8,4.8242187500e-01
U826,sa0,,4.8242187500e-01
U594_U826_A,sa0,,4.8242187500e-01
MAR_REG_0__SCAN_IN_U826_B,sa0,,4.8242187500e-01
U825,sa0,,4.8242187500e-01
ADD_304_U5_U825_A,sa0,,4.8242187500e-01
STATO_REG_2__SCAN_IN_U825_B,sa0,,4.8242187500e-01
U670,sa1,17,5.0097656250e-01
U940,sa1,5,4.6875000000e-02
U662,sa0,11,2.1093750000e-01
U589_stem_stem_stem_stem_U662_A,sa0,,2.1093750000e-01
U937,sa0,,2.1093750000e-01
U621_U937_A,sa0,,2.1093750000e-01
U936,sa0,,2.1093750000e-01
U724_U936_A,sa0,,2.1093750000e-01
U726_U936_B,sa0,,2.1093750000e-01
U935,sa0,,2.1093750000e-01
U934,sa0,,2.1093750000e-01
U720_U934_A,sa1,,2.1093750000e-01
U725_U935_B,sa0,,2.1093750000e-01
U661,sa1,11,7.0312500000e-01
U653,sa0,19,1.7578125000e-01
U589_stem_stem_stem_stem_U653_A,sa0,,1.7578125000e-01
U773_U653_B,sa0,,1.7578125000e-01
U930,sa0,,1.7578125000e-01
U775_U930_A,sa0,,1.7578125000e-01
U929,sa0,,1.7578125000e-01
U928,sa0,,1.7578125000e-01
U788,sa0,,1.7578125000e-01
GT_169_U6_U788_A,sa1,,1.7578125000e-01
U927,sa0,,1.7578125000e-01
U715_U927_A,sa0,,1.7578125000e-01
U781,sa0,,1.7578125000e-01
GT_172_U6_U781_A,sa1,,1.7578125000e-01
U926,sa0,,1.7578125000e-01
U777_U926_A,sa0,,1.7578125000e-01
U925,sa0,,1.7578125000e-01
U779_U929_B,sa0,,1.7578125000e-01
U652,sa1,13,8.0078125000e-01
U922,sa1,11,3.9062500000e-02
U644,sa0,8,6.7773437500e-01
U594_U644_A,sa0,,6.7773437500e-01
U799_U644_B,sa0,,6.7773437500e-01
U643,sa1,15,7.4414062500e-01
U635,sa0,1,0.0000000000e+00
U794_U635_A,sa0,,0.0000000000e+00
U876,sa0,,0.0000000000e+00
SUB_110_U14,sa0,,0.0000000000e+00
SUB_110_U32,sa0,,0.0000000000e+00
SUB_110_U22_SUB_110_U32_A,sa0,,0.0000000000e+00
SUB_110_U10_SUB_110_U32_B,sa0,,0.0000000000e+00
SUB_110_U31,sa0,,0.0000000000e+00
U587_SUB_110_U31_A,sa0,,0.0000000000e+00
SUB_110_U11_SUB_110_U31_B,sa0,,0.0000000000e+00
GT_108_U6_U876_B,sa0,,0.0000000000e+00
U634,sa1,8,1.2890625000e-01
U626,sa0,16,2.3437500000e-01
U860_U626_A,sa0,,2.3437500000e-01
U846_U626_B,sa0,,2.3437500000e-01
U598_U626_C,sa0,,2.3437500000e-01
U606_U626_D,sa0,,2.3437500000e-01
U602_U626_E,sa0,,2.3437500000e-01
U625,sa1,10,2.9687500000e-01
U931,sa1,1,0.0000000000e+00
U617,sa0,22,2.0312500000e-01
U775_U617_A,sa0,,2.0312500000e-01
U773_U617_B,sa0,,2.0312500000e-01
U910,sa0,,2.0312500000e-01
U717_U910_A,sa0,,2.0312500000e-01
U779_U910_B,sa0,,2.0312500000e-01
U616,sa1,11,1.7187500000e-01
U860,sa0,14,3.7500000000e-01
U599_U860_A,sa0,,3.7500000000e-01
U814_U860_B,sa0,,3.7500000000e-01
U608,sa0,11,4.3750000000e-01
U849_U608_A,sa0,,4.3750000000e-01
U847_U608_B,sa0,,4.3750000000e-01
U846_U608_C,sa0,,4.3750000000e-01
U828_U608_D,sa0,,4.3750000000e-01
U607,sa1,18,2.6562500000e-01
U850,sa1,2,1.5625000000e-02
U832,sa1,2,1.5625000000e-02
U706,sa1,7,1.7187500000e-01
GT_197_U6_U706_A,sa0,,1.7187500000e-01
U590,sa0,8,2.5000000000e-01
U589_U590_A,sa0,,2.5000000000e-01
U707_U590_B,sa0,,2.5000000000e-01
U707,sa0,17,2.5000000000e-01
GT_108_U6_U707_A,sa1,,2.5000000000e-01
U588_GT_215_U9_A,sa0,1,0.0000000000e+00
U745_GT_209_U9_C,sa0,1,0.0000000000e+00
U746_GT_209_U9_B,sa0,1,0.0000000000e+00
U747_GT_209_U7_B,sa1,3,1.5625000000e-02
U748_GT_209_U7_A,sa1,3,1.5625000000e-02
U588_GT_209_U6_A,sa0,1,0.0000000000e+00
U761_GT_178_U8_A,sa0,1,0.0000000000e+00
U761_GT_169_U8_A,sa0,1,0.0000000000e+00
U587_GT_108_U8_B,sa0,1,0.0000000000e+00
U587_GT_108_U7_B,sa1,1,0.0000000000e+00
U763_GT_181_U8_E,sa0,1,0.0000000000e+00
U588_GT_203_U8_E,sa0,1,0.0000000000e+00
U765_GT_172_U9_B,sa0,1,0.0000000000e+00
U764_GT_175_U8_A,sa0,1,0.0000000000e+00
U588_GT_224_U8_B,sa0,1,0.0000000000e+00
U748_GT_227_U8_A,sa0,1,0.0000000000e+00
U588_GT_221_U9_D,sa0,1,0.0000000000e+00
U768_GT_160_U9_B,sa0,4,1.1718750000e-02
U588_GT_218_U6_A,sa0,1,0.0000000000e+00
U681_U960_A,sa1,9,1.2500000000e-01
U593_U940_A,sa1,1,0.0000000000e+00
U726_U932_B,sa1,1,0.0000000000e+00
U618_U924_A,sa1,10,5.8593750000e-02
U620_U919_D,sa1,1,0.0000000000e+00
GT_181_U6_U919_C,sa1,11,1.5625000000e-01
U715_U917_A,sa1,4,1.1718750000e-02
U618_U914_B,sa1,4,2.3437500000e-02
U704_U883_A,sa1,2,1.9531250000e-03
GT_108_U6_U876_B,sa1,1,0.0000000000e+00
U609_U861_A,sa1,7,9.3750000000e-02
U595_U830_A,sa1,3,4.6875000000e-02
U594_U822_A,sa1,5,8.0078125000e-02
U689_U700_A,sa1,4,4.6875000000e-02
U705_U647_B,sa1,16,3.3203125000e-01
U622_U639_C,sa1,10,4.2968750000e-02
U846_U632_B,sa1,2,1.5625000000e-02
U606_U629_B,sa1,8,1.0937500000e-01
U834_U627_A,sa1,2,1.5625000000e-02
U860_U609_B,sa1,2,1.5625000000e-02
GT_166_U9,sa0,1,0.0000000000e+00
U941,sa1,9,1.6406250000e-01
GT_138_U6_U941_A,sa1,,1.6406250000e-01
GT_142_U6_U941_B,sa1,,1.6406250000e-01
GT_146_U6_U941_C,sa1,,1.6406250000e-01
U932,sa1,4,4.6875000000e-02
U923,sa1,10,1.4062500000e-01
GT_166_U6_U923_A,sa1,,1.4062500000e-01
GT_184_U7_U923_B,sa1,,1.4062500000e-01
GT_181_U6_U923_C,sa1,,1.4062500000e-01
GT_178_U6_U923_D,sa1,,1.4062500000e-01
U905,sa1,5,3.1250000000e-02
U861,sa0,13,1.8750000000e-01
U609_U861_A,sa0,,1.8750000000e-01
U605_U861_B,sa0,,1.8750000000e-01
U842,sa1,5,9.3750000000e-02
U833,sa1,12,2.0312500000e-01
U698_U833_A,sa0,,2.0312500000e-01
GT_178_U6,sa0,4,1.1718750000e-02
U771,sa0,1,0.0000000000e+00
U612_U771_A,sa0,,0.0000000000e+00
U878_U771_B,sa0,,0.0000000000e+00
U770,sa1,30,8.6811065674e-02
U762,sa0,1,0.0000000000e+00
U1029,sa0,,0.0000000000e+00
R794_U22,sa0,,0.0000000000e+00
R794_U71,sa0,,0.0000000000e+00
R794_U27_R794_U71_A,sa0,,0.0000000000e+00
R794_U35_R794_U71_B,sa0,,0.0000000000e+00
R794_U70,sa0,,0.0000000000e+00
R794_U56,sa0,,0.0000000000e+00
R794_U35_R794_U56_A,sa1,,0.0000000000e+00
R794_U69,sa0,,0.0000000000e+00
R794_U27_R794_U69_A,sa1,,0.0000000000e+00
U771_U1029_B,sa0,,0.0000000000e+00
U1028,sa0,,0.0000000000e+00
U957_U1028_A,sa0,,0.0000000000e+00
U635_U1028_B,sa0,,0.0000000000e+00
U761,sa1,27,1.1718750000e-01
U753,sa0,9,6.2500000000e-02
U1011,sa0,,6.2500000000e-02
SUB_110_U6,sa0,,6.2500000000e-02
SUB_110_U9_SUB_110_U6_A,sa0,,6.2500000000e-02
SUB_110_U26,sa0,,6.2500000000e-02
U752_SUB_110_U26_A,sa0,,6.2500000000e-02
U754_SUB_110_U26_B,sa0,,6.2500000000e-02
GT_108_U6_U1011_B,sa0,,6.2500000000e-02
U1010,sa0,,6.2500000000e-02
U752_U1010_A,sa0,,6.2500000000e-02
U707_U1010_B,sa0,,6.2500000000e-02
U752,sa1,8,6.6406250000e-02
U744,sa0,30,2.8488940001e-01
U993,sa0,,2.8488940001e-01
U770_U993_A,sa0,,2.8488940001e-01
U625_U993_B,sa0,,2.8488940001e-01
U992,sa0,,2.8488940001e-01
U864_U992_A,sa0,,2.8488940001e-01
MAX_REG_0__SCAN_IN_U992_B,sa0,,2.8488940001e-01
U743,sa1,30,2.8562343121e-01
U735,sa0,15,4.5312500000e-01
U975,sa0,,4.5312500000e-01
U625_U975_A,sa0,,4.5312500000e-01
STATO_REG_1__SCAN_IN_U975_B,sa0,,4.5312500000e-01
U974,sa0,,4.5312500000e-01
U681_U974_A,sa0,,4.5312500000e-01
TEMP_REG_0__SCAN_IN_U974_B,sa0,,4.5312500000e-01
U734,sa1,10,5.1562500000e-01
U725,sa1,2,7.8125000000e-03
GT_138_U6_U725_A,sa0,,7.8125000000e-03
U717,sa0,7,2.3437500000e-02
GT_169_U6,sa0,4,1.1718750000e-02
U716,sa1,5,1.5625000000e-02
U708,sa0,17,1.2109375000e-01
MAX_REG_8__SCAN_IN_U708_A,sa1,,1.2109375000e-01
U815,sa1,17,2.8906250000e-01
U692_U815_A,sa0,,2.8906250000e-01
U681,sa0,18,4.9923801422e-01
STATO_REG_1__SCAN_IN_U681_A,sa1,,4.9923801422e-01
U680,sa1,30,5.5884242058e-01
U806,sa1,30,1.3699531555e-03
U672,sa0,9,4.8242187500e-01
U824,sa0,,4.8242187500e-01
U594_U824_A,sa0,,4.8242187500e-01
MAR_REG_1__SCAN_IN_U824_B,sa0,,4.8242187500e-01
U823,sa0,,4.8242187500e-01
ADD_304_U14,sa0,,4.8242187500e-01
ADD_304_U27,sa0,,4.8242187500e-01
ADD_304_U6,sa0,,4.8242187500e-01
MAR_REG_1__SCAN_IN_ADD_304_U6_A,sa1,,4.8242187500e-01
MAR_REG_0__SCAN_IN_ADD_304_U27_B,sa0,,4.8242187500e-01
ADD_304_U26,sa0,,4.8242187500e-01
ADD_304_U5_ADD_304_U26_A,sa0,,4.8242187500e-01
MAR_REG_1__SCAN_IN_ADD_304_U26_B,sa0,,4.8242187500e-01
STATO_REG_2__SCAN_IN_U823_B,sa0,,4.8242187500e-01
U824,sa1,7,2.3242187500e-01
U671,sa1,8,5.1757812500e-01
U950,sa1,6,7.8125000000e-02
U663,sa0,10,2.1093750000e-01
U589_stem_stem_stem_stem_U663_A,sa0,,2.1093750000e-01
U785_U663_B,sa0,,2.1093750000e-01
U662,sa1,6,7.8906250000e-01
U654,sa0,15,4.5312500000e-01
U892,sa0,,4.5312500000e-01
U891,sa0,,4.5312500000e-01
U890,sa0,,4.5312500000e-01
U782_U891_B,sa0,,4.5312500000e-01
U615_U892_B,sa0,,4.5312500000e-01
RES_DISP_REG_SCAN_IN_U892_C,sa0,,4.5312500000e-01
U705_U654_B,sa0,,4.5312500000e-01
U653,sa1,21,8.2421875000e-01
U914,sa1,14,1.6796875000e-01
U645,sa0,10,8.0664062500e-01
U799_U645_A,sa0,,8.0664062500e-01
U885,sa0,,8.0664062500e-01
U796_U645_C,sa0,,8.0664062500e-01
U884,sa0,,8.0664062500e-01
U883,sa0,,8.0664062500e-01
U704_U883_A,sa0,,8.0664062500e-01
STATO_REG_1__SCAN_IN_U883_B,sa0,,8.0664062500e-01
U694,sa0,,8.0664062500e-01
START_U694_A,sa1,,8.0664062500e-01
U644,sa1,8,3.2226562500e-01
U726,sa0,16,2.5000000000e-01
GT_122_U6_U726_A,sa1,,2.5000000000e-01
U636,sa0,1,0.0000000000e+00
U794_U636_A,sa0,,0.0000000000e+00
U877,sa0,,0.0000000000e+00
SUB_110_U19,sa0,,0.0000000000e+00
SUB_110_U34,sa0,,0.0000000000e+00
SUB_110_U21,sa0,,0.0000000000e+00
SUB_110_U18_SUB_110_U21_A,sa1,,0.0000000000e+00
SUB_110_U10_SUB_110_U34_B,sa0,,0.0000000000e+00
SUB_110_U33,sa0,,0.0000000000e+00
U587_SUB_110_U33_A,sa0,,0.0000000000e+00
SUB_110_U18_SUB_110_U33_B,sa0,,0.0000000000e+00
GT_108_U6_U877_B,sa0,,0.0000000000e+00
U635,sa1,19,1.2890625000e-01
U627,sa0,15,2.1875000000e-01
U834_U627_A,sa0,,2.1875000000e-01
U830_U627_B,sa0,,2.1875000000e-01
U836_U627_C,sa0,,2.1875000000e-01
U608_U627_D,sa0,,2.1875000000e-01
U603_U627_E,sa0,,2.1875000000e-01
U626,sa1,8,2.6562500000e-01
U618,sa0,19,1.9140625000e-01
U617_U618_A,sa0,,1.9140625000e-01
U911,sa0,,1.9140625000e-01
GT_175_U6_U911_A,sa0,,1.9140625000e-01
U779_U911_B,sa0,,1.9140625000e-01
U617,sa1,10,4.6875000000e-02
U609,sa0,10,3.1250000000e-01
U602_U609_A,sa0,,3.1250000000e-01
U860_U609_B,sa0,,3.1250000000e-01
U834_U609_C,sa0,,3.1250000000e-01
U795_U609_D,sa0,,3.1250000000e-01
U860,sa1,2,1.5625000000e-02
U608,sa1,5,6.2500000000e-02
U851,sa1,2,1.5625000000e-02
U834,sa0,10,4.6875000000e-01
U833_U834_A,sa0,,4.6875000000e-01
U831_U834_B,sa0,,4.6875000000e-01
U591,sa0,3,7.8125000000e-02
U589_stem_U591_A,sa0,,7.8125000000e-02
U706_U591_B,sa0,,7.8125000000e-02
U590,sa1,3,7.5000000000e-01
U707,sa1,1,0.0000000000e+00
GT_108_U6_U707_A,sa0,,0.0000000000e+00
U588_GT_215_U8_C,sa0,1,0.0000000000e+00
U767_GT_181_U8_B,sa0,4,1.1718750000e-02
U588_GT_224_U8_C,sa0,1,0.0000000000e+00
U588_GT_227_U6_B,sa0,1,0.0000000000e+00
U763_GT_184_U6_E,sa0,1,0.0000000000e+00
U764_GT_184_U6_D,sa0,1,0.0000000000e+00
U765_GT_163_U7_E,sa0,4,1.1718750000e-02
U588_GT_206_U7_D,sa0,1,0.0000000000e+00
U764_GT_166_U9_A,sa0,1,0.0000000000e+00
U681_U970_A,sa1,9,1.4062500000e-01
U724_U936_A,sa1,1,0.0000000000e+00
U775_U930_A,sa1,4,1.1718750000e-02
U715_U927_A,sa1,4,1.1718750000e-02
GT_178_U6_U923_D,sa0,1,0.0000000000e+00
GT_224_U6_U897_A,sa1,3,3.1250000000e-02
GT_108_U6_U877_B,sa1,6,1.0937500000e-01
U831_U846_B,sa1,6,1.0937500000e-01
U833_U845_A,sa1,2,1.5625000000e-02
U592_U806_B,sa1,30,1.1015224457e-01
U608_U629_A,sa1,5,6.2500000000e-02
U828_U624_B,sa1,2,1.5625000000e-02
U785_U622_B,sa1,9,3.5156250000e-02
U786_U622_A,sa1,1,0.0000000000e+00
U782_U616_B,sa1,1,0.0000000000e+00
GT_178_U7,sa0,4,1.1718750000e-02
U768_GT_178_U7_A,sa0,,1.1718750000e-02
U767_GT_178_U7_B,sa0,,1.1718750000e-02
GT_169_U7,sa0,4,1.1718750000e-02
U766_GT_169_U7_A,sa0,,1.1718750000e-02
U767_GT_169_U7_B,sa0,,1.1718750000e-02
U942,sa1,4,8.5937500000e-02
U915,sa1,13,1.5234375000e-01
U716_U915_A,sa0,,1.5234375000e-01
U906,sa1,9,6.2500000000e-02
U862,sa0,30,1.7776489258e-03
U861,sa1,11,3.1250000000e-01
U835,sa0,3,3.1250000000e-02
U699_U835_A,sa1,,3.1250000000e-02
U790,sa0,7,4.6875000000e-02
GT_221_U6_U790_A,sa1,,4.6875000000e-02
U780,sa1,1,0.0000000000e+00
GT_215_U6_U780_A,sa0,,0.0000000000e+00
GT_178_U6,sa1,14,1.6796875000e-01
U760_GT_178_U6_A,sa1,,1.6796875000e-01
GT_178_U8,sa1,,1.6796875000e-01
U761_GT_178_U8_A,sa1,,1.6796875000e-01
U762_GT_178_U8_B,sa1,,1.6796875000e-01
GT_178_U7,sa1,,1.6796875000e-01
GT_178_U9,sa1,,1.6796875000e-01
U765_GT_178_U9_A,sa1,,1.6796875000e-01
U766_GT_178_U9_B,sa1,,1.6796875000e-01
U764_GT_178_U9_C,sa1,,1.6796875000e-01
U763_GT_178_U9_D,sa1,,1.6796875000e-01
U772,sa0,18,7.8125000000e-02
U611_U772_A,sa0,,7.8125000000e-02
U726_U772_B,sa0,,7.8125000000e-02
U612_U772_C,sa0,,7.8125000000e-02
U771,sa1,10,3.5156250000e-02
U763,sa0,1,0.0000000000e+00
U1031,sa0,,0.0000000000e+00
R794_U23,sa0,,0.0000000000e+00
R794_U76,sa0,,0.0000000000e+00
R794_U28_R794_U76_A,sa0,,0.0000000000e+00
R794_U36_R794_U76_B,sa0,,0.0000000000e+00
R794_U75,sa0,,0.0000000000e+00
R794_U52,sa0,,0.0000000000e+00
R794_U36_R794_U52_A,sa1,,0.0000000000e+00
R794_U74,sa0,,0.0000000000e+00
R794_U28_R794_U74_A,sa1,,0.0000000000e+00
U771_U1031_B,sa0,,0.0000000000e+00
U1030,sa0,,0.0000000000e+00
U957_U1030_A,sa0,,0.0000000000e+00
U636_U1030_B,sa0,,0.0000000000e+00
U762,sa1,27,1.1718750000e-01
U754,sa0,12,6.2500000000e-02
U1013,sa0,,6.2500000000e-02
SUB_103_U6,sa0,,6.2500000000e-02
SUB_103_U21,sa0,,6.2500000000e-02
SUB_103_U20,sa0,,6.2500000000e-02
MAX_REG_2__SCAN_IN_SUB_103_U21_B,sa0,,6.2500000000e-02
SUB_103_U9_SUB_103_U6_B,sa0,,6.2500000000e-02
MAX_REG_8__SCAN_IN_U1013_B,sa0,,6.2500000000e-02
U1012,sa0,,6.2500000000e-02
U708_U1012_A,sa0,,6.2500000000e-02
MAX_REG_2__SCAN_IN_U1012_B,sa0,,6.2500000000e-02
U753,sa1,8,6.6406250000e-02
U745,sa0,6,4.6875000000e-02
U995,sa0,,4.6875000000e-02
SUB_199_U8,sa0,,4.6875000000e-02
SUB_199_U13_SUB_199_U8_A,sa0,,4.6875000000e-02
SUB_199_U17,sa0,,4.6875000000e-02
SUB_199_U16,sa0,,4.6875000000e-02
SUB_199_U9_SUB_199_U16_A,sa1,,4.6875000000e-02
NUM_REG_4__SCAN_IN_SUB_199_U17_B,sa0,,4.6875000000e-02
GT_197_U6_U995_B,sa0,,4.6875000000e-02
U994,sa0,,4.6875000000e-02
U706_U994_A,sa0,,4.6875000000e-02
NUM_REG_4__SCAN_IN_U994_B,sa0,,4.6875000000e-02
U744,sa1,30,3.6730051041e-01
U736,sa0,30,2.9154253006e-01
U977,sa0,,2.9154253006e-01
U770_U977_A,sa0,,2.9154253006e-01
U624_U977_B,sa0,,2.9154253006e-01
U976,sa0,,2.9154253006e-01
U864_U976_A,sa0,,2.9154253006e-01
MAX_REG_8__SCAN_IN_U976_B,sa0,,2.9154253006e-01
U735,sa1,16,5.4687500000e-01
U960,sa1,2,2.5000000000e-01
U727,sa0,8,3.4375000000e-01
U959,sa0,,3.4375000000e-01
U624_U959_A,sa0,,3.4375000000e-01
STATO_REG_1__SCAN_IN_U959_B,sa0,,3.4375000000e-01
U958,sa0,,3.4375000000e-01
U681_U958_A,sa0,,3.4375000000e-01
TEMP_REG_8__SCAN_IN_U958_B,sa0,,3.4375000000e-01
U717,sa1,17,1.9140625000e-01
GT_169_U6_U717_A,sa1,,1.9140625000e-01
GT_172_U6_U717_B,sa1,,1.9140625000e-01
GT_169_U6,sa1,19,2.0312500000e-01
U760_GT_169_U6_A,sa1,,2.0312500000e-01
GT_169_U8,sa1,,2.0312500000e-01
U761_GT_169_U8_A,sa1,,2.0312500000e-01
U762_GT_169_U8_B,sa1,,2.0312500000e-01
GT_169_U7,sa1,,2.0312500000e-01
GT_169_U9,sa1,,2.0312500000e-01
U764_GT_169_U9_A,sa1,,2.0312500000e-01
U765_GT_169_U9_B,sa1,,2.0312500000e-01
U763_GT_169_U9_C,sa1,,2.0312500000e-01
U709,sa0,1,0.0000000000e+00
U708,sa1,1,0.0000000000e+00
MAX_REG_8__SCAN_IN_U708_A,sa0,,0.0000000000e+00
U816,sa1,21,2.7246093750e-01
U703_U816_A,sa0,,2.7246093750e-01
U682,sa0,30,1.9847005606e-01
STATO_REG_0__SCAN_IN_U682_A,sa1,,1.9847005606e-01
U681,sa1,30,4.1754817963e-01
STATO_REG_1__SCAN_IN_U681_A,sa0,,4.1754817963e-01
U807,sa1,30,3.8134765625e-01
U673,sa0,10,4.8242187500e-01
U822,sa0,,4.8242187500e-01
U594_U822_A,sa0,,4.8242187500e-01
MAR_REG_2__SCAN_IN_U822_B,sa0,,4.8242187500e-01
U821,sa0,,4.8242187500e-01
ADD_304_U13,sa0,,4.8242187500e-01
ADD_304_U25,sa0,,4.8242187500e-01
ADD_304_U17_ADD_304_U25_A,sa0,,4.8242187500e-01
ADD_304_U8,sa0,,4.8242187500e-01
MAR_REG_2__SCAN_IN_ADD_304_U8_A,sa1,,4.8242187500e-01
ADD_304_U24,sa0,,4.8242187500e-01
ADD_304_U7_ADD_304_U24_A,sa0,,4.8242187500e-01
MAR_REG_2__SCAN_IN_ADD_304_U24_B,sa0,,4.8242187500e-01
STATO_REG_2__SCAN_IN_U821_B,sa0,,4.8242187500e-01
U672,sa1,8,5.1757812500e-01
U825,sa1,2,2.5000000000e-01
U870,sa1,5,3.7500000000e-01
U664,sa0,8,2.5000000000e-01
U589_stem_stem_stem_stem_U664_A,sa0,,2.5000000000e-01
U938,sa0,,2.5000000000e-01
U709_U938_A,sa0,,2.5000000000e-01
U878_U938_B,sa0,,2.5000000000e-01
U663,sa1,6,7.8906250000e-01
U933,sa1,10,2.0312500000e-01
U655,sa0,16,2.0312500000e-01
U589_stem_stem_stem_stem_U655_A,sa0,,2.0312500000e-01
U896,sa0,,2.0312500000e-01
U614_U896_A,sa0,,2.0312500000e-01
U895,sa0,,2.0312500000e-01
U782_U895_A,sa0,,2.0312500000e-01
U711_U895_B,sa0,,2.0312500000e-01
U894,sa0,,2.0312500000e-01
U893,sa0,,2.0312500000e-01
U712_U893_A,sa1,,2.0312500000e-01
U790_U894_B,sa0,,2.0312500000e-01
U654,sa1,6,5.4687500000e-01
U924,sa1,11,5.0781250000e-02
U646,sa0,3,3.7500000000e-01
U791_U646_A,sa0,,3.7500000000e-01
U886,sa0,,3.7500000000e-01
U705_U886_A,sa0,,3.7500000000e-01
MAX_REG_8__SCAN_IN_U886_B,sa0,,3.7500000000e-01
U645,sa1,5,1.9335937500e-01
U951,sa1,1,0.0000000000e+00
U637,sa0,1,0.0000000000e+00
U611_U637_A,sa0,,0.0000000000e+00
U726_U637_B,sa0,,0.0000000000e+00
U726,sa1,1,0.0000000000e+00
GT_122_U6_U726_A,sa0,,0.0000000000e+00
U636,sa1,7,1.2890625000e-01
U628,sa0,30,2.2685527802e-04
U610_U628_A,sa0,,2.2685527802e-04
U609_U628_B,sa0,,2.2685527802e-04
U627,sa1,8,2.8125000000e-01
U619,sa0,20,7.4218750000e-02
U618,sa1,10,5.8593750000e-02
U609,sa1,7,9.3750000000e-02
U852,sa1,2,1.5625000000e-02
U843,sa1,3,3.1250000000e-02
U690,sa1,7,9.3750000000e-02
MAR_REG_3__SCAN_IN_U690_A,sa0,,9.3750000000e-02
U834,sa1,2,1.5625000000e-02
U880,sa0,8,8.5937500000e-02
U709_U880_A,sa1,,8.5937500000e-02
U592,sa0,30,3.0026435852e-03
SUB_60_U6_U592_A,sa0,,3.0026435852e-03
FLAG_REG_SCAN_IN_U592_B,sa0,,3.0026435852e-03
STATO_REG_0__SCAN_IN_U592_C,sa0,,3.0026435852e-03
STATO_REG_1__SCAN_IN_U592_D,sa0,,3.0026435852e-03
U591,sa1,6,9.2187500000e-01
GT_197_U6,sa0,7,1.7187500000e-01
U588_GT_215_U8_D,sa0,1,0.0000000000e+00
U762_GT_178_U8_B,sa0,1,0.0000000000e+00
U762_GT_169_U8_B,sa0,1,0.0000000000e+00
U766_GT_181_U8_D,sa0,1,0.0000000000e+00
U762_GT_175_U8_E,sa0,1,0.0000000000e+00
U763_GT_175_U8_D,sa0,1,0.0000000000e+00
U765_GT_175_U8_B,sa0,1,0.0000000000e+00
U588_GT_224_U8_D,sa0,1,0.0000000000e+00
U588_GT_227_U7_B,sa0,1,0.0000000000e+00
U757_GT_146_U9_B,sa0,2,7.8125000000e-03
U588_GT_206_U7_E,sa0,1,0.0000000000e+00
U588_GT_218_U8_A,sa0,1,0.0000000000e+00
U763_GT_166_U9_C,sa0,1,0.0000000000e+00
U770_U981_A,sa1,30,5.0788879395e-02
U627_U971_A,sa1,9,2.8125000000e-01
U681_U962_A,sa1,9,1.2500000000e-01
U726_U953_A,sa1,1,0.0000000000e+00
U774_U950_A,sa1,1,0.0000000000e+00
U726_U943_B,sa1,1,0.0000000000e+00
U720_U939_C,sa1,4,3.9062500000e-02
U725_U935_B,sa1,1,0.0000000000e+00
U715_U919_A,sa1,1,0.0000000000e+00
U617_U918_A,sa1,10,4.6875000000e-02
U711_U895_B,sa1,3,1.5625000000e-02
U615_U892_B,sa1,7,1.2500000000e-01
U833_U873_A,sa1,30,7.5638294220e-04
U833_U855_A,sa1,6,9.3750000000e-02
U837_U851_A,sa1,6,1.0937500000e-01
U594_U824_A,sa1,6,1.4257812500e-01
U703_U796_A,sa1,4,1.5625000000e-02
U723_U784_B,sa1,1,0.0000000000e+00
U726_U772_B,sa1,1,0.0000000000e+00
U773_U653_B,sa1,4,1.1718750000e-02
U594_U644_A,sa1,12,4.2773437500e-01
U784_U642_B,sa1,1,0.0000000000e+00
U786_U640_B,sa1,1,0.0000000000e+00
U726_U637_B,sa1,1,0.0000000000e+00
U794_U633_A,sa1,6,1.2109375000e-01
U795_U632_A,sa1,3,3.1250000000e-02
U609_U628_B,sa1,30,4.3898820877e-04
U608_U627_D,sa1,5,6.2500000000e-02
U773_U617_B,sa1,1,0.0000000000e+00
U834_U609_C,sa1,2,1.5625000000e-02
U828_U607_B,sa1,2,1.5625000000e-02
U838_U607_A,sa1,2,1.5625000000e-02
U849_U604_B,sa1,2,1.5625000000e-02
GT_178_U8,sa0,9,4.6875000000e-02
GT_169_U8,sa0,13,8.2031250000e-02
GT_197_U7,sa0,6,4.6875000000e-02
GT_197_U8,sa0,,4.6875000000e-02
NUM_REG_3__SCAN_IN_GT_197_U7_B,sa0,,4.6875000000e-02
U943,sa1,9,1.6406250000e-01
U934,sa1,12,2.0312500000e-01
U720_U934_A,sa0,,2.0312500000e-01
U925,sa1,10,1.4062500000e-01
GT_181_U6_U925_A,sa1,,1.4062500000e-01
GT_184_U7_U925_B,sa1,,1.4062500000e-01
U916,sa1,5,1.5625000000e-02
U907,sa1,7,4.6875000000e-02
U862,sa1,30,8.4400177002e-05
SUB_60_U27,sa1,,8.4400177002e-05
SUB_60_U28,sa1,,8.4400177002e-05
SUB_60_U6_U862_C,sa1,,8.4400177002e-05
SUB_60_U25,sa1,,8.4400177002e-05
U769,sa1,,8.4400177002e-05
SUB_60_U31,sa1,,8.4400177002e-05
SUB_60_U7,sa1,,8.4400177002e-05
SUB_60_U30,sa1,,8.4400177002e-05
SUB_60_U29,sa1,,8.4400177002e-05
SUB_60_U26,sa1,,8.4400177002e-05
U835,sa1,8,2.1875000000e-01
U699_U835_A,sa0,,2.1875000000e-01
U827,sa0,4,4.6875000000e-02
U695_U827_A,sa1,,4.6875000000e-02
U790,sa1,3,1.5625000000e-02
GT_221_U6_U790_A,sa0,,1.5625000000e-02
U781,sa1,1,0.0000000000e+00
GT_172_U6_U781_A,sa0,,0.0000000000e+00
U772,sa1,10,3.9062500000e-02
U764,sa0,1,0.0000000000e+00
U1033,sa0,,0.0000000000e+00
U956_U1033_A,sa0,,0.0000000000e+00
U751_U1033_B,sa0,,0.0000000000e+00
U1032,sa0,,0.0000000000e+00
R794_U24,sa0,,0.0000000000e+00
R794_U81,sa0,,0.0000000000e+00
R794_U29_R794_U81_A,sa0,,0.0000000000e+00
R794_U37_R794_U81_B,sa0,,0.0000000000e+00
R794_U80,sa0,,0.0000000000e+00
R794_U48,sa0,,0.0000000000e+00
R794_U37_R794_U48_A,sa1,,0.0000000000e+00
R794_U79,sa0,,0.0000000000e+00
R794_U29_R794_U79_A,sa1,,0.0000000000e+00
U772_U1032_B,sa0,,0.0000000000e+00
U763,sa1,27,1.1718750000e-01
U755,sa0,12,6.2500000000e-02
U1015,sa0,,6.2500000000e-02
SUB_110_U7,sa0,,6.2500000000e-02
U754_SUB_110_U7_A,sa1,,6.2500000000e-02
GT_108_U6_U1015_B,sa0,,6.2500000000e-02
U1014,sa0,,6.2500000000e-02
U754_U1014_A,sa0,,6.2500000000e-02
U707_U1014_B,sa0,,6.2500000000e-02
U754,sa1,11,6.6406250000e-02
U746,sa0,10,7.8125000000e-02
U997,sa0,,7.8125000000e-02
SUB_199_U6,sa0,,7.8125000000e-02
SUB_199_U18,sa0,,7.8125000000e-02
SUB_199_U9_SUB_199_U6_B,sa0,,7.8125000000e-02
GT_197_U6_U997_B,sa0,,7.8125000000e-02
U996,sa0,,7.8125000000e-02
U706_U996_A,sa0,,7.8125000000e-02
NUM_REG_3__SCAN_IN_U996_B,sa0,,7.8125000000e-02
U745,sa1,17,1.4062500000e-01
U737,sa0,30,2.9225564003e-01
U979,sa0,,2.9225564003e-01
U770_U979_A,sa0,,2.9225564003e-01
U632_U979_B,sa0,,2.9225564003e-01
U978,sa0,,2.9225564003e-01
U864_U978_A,sa0,,2.9225564003e-01
MAX_REG_7__SCAN_IN_U978_B,sa0,,2.9225564003e-01
U736,sa1,30,4.7032928467e-01
U970,sa1,2,2.5000000000e-01
U728,sa0,18,5.0000000000e-01
U961,sa0,,5.0000000000e-01
U632_U961_A,sa0,,5.0000000000e-01
STATO_REG_1__SCAN_IN_U961_B,sa0,,5.0000000000e-01
U960,sa0,,5.0000000000e-01
U681_U960_A,sa0,,5.0000000000e-01
TEMP_REG_7__SCAN_IN_U960_B,sa0,,5.0000000000e-01
U961,sa1,17,2.5000000000e-01
U727,sa1,12,6.5625000000e-01
U718,sa1,4,1.1718750000e-02
GT_181_U6_U718_A,sa0,,1.1718750000e-02
U709,sa1,8,2.5000000000e-01
GT_130_U6_U709_A,sa1,,2.5000000000e-01
GT_126_U6_U709_B,sa1,,2.5000000000e-01
U692,sa0,18,3.2031250000e-01
MAR_REG_3__SCAN_IN_U692_A,sa0,,3.2031250000e-01
MAR_REG_1__SCAN_IN_U692_B,sa0,,3.2031250000e-01
U691,sa1,5,6.2500000000e-02
MAR_REG_1__SCAN_IN_U691_A,sa0,,6.2500000000e-02
U682,sa1,30,1.3841484487e-01
STATO_REG_0__SCAN_IN_U682_A,sa0,,1.3841484487e-01
U808,sa1,30,1.3704299927e-03
U817,sa1,7,2.5000000000e-01
U674,sa0,11,4.8242187500e-01
U820,sa0,,4.8242187500e-01
U594_U820_A,sa0,,4.8242187500e-01
MAR_REG_3__SCAN_IN_U820_B,sa0,,4.8242187500e-01
U819,sa0,,4.8242187500e-01
ADD_304_U12,sa0,,4.8242187500e-01
ADD_304_U23,sa0,,4.8242187500e-01
ADD_304_U18_ADD_304_U23_A,sa0,,4.8242187500e-01
ADD_304_U10,sa0,,4.8242187500e-01
MAR_REG_3__SCAN_IN_ADD_304_U10_A,sa1,,4.8242187500e-01
ADD_304_U22,sa0,,4.8242187500e-01
ADD_304_U9_ADD_304_U22_A,sa0,,4.8242187500e-01
MAR_REG_3__SCAN_IN_ADD_304_U22_B,sa0,,4.8242187500e-01
STATO_REG_2__SCAN_IN_U819_B,sa0,,4.8242187500e-01
U673,sa1,8,5.1757812500e-01
U826,sa1,7,2.3242187500e-01
U871,sa1,30,4.8446655273e-03
U665,sa0,12,2.0312500000e-01
U589_stem_stem_stem_stem_U665_A,sa0,,2.0312500000e-01
U940,sa0,,2.0312500000e-01
U593_U940_A,sa0,,2.0312500000e-01
U939,sa0,,2.0312500000e-01
U724_U939_A,sa0,,2.0312500000e-01
U725_U939_B,sa0,,2.0312500000e-01
U720_U939_C,sa0,,2.0312500000e-01
U664,sa1,3,7.5000000000e-01
U656,sa0,13,2.3437500000e-01
U589_stem_stem_stem_stem_U656_A,sa0,,2.3437500000e-01
U897,sa0,,2.3437500000e-01
GT_224_U6_U897_A,sa0,,2.3437500000e-01
U711_U897_B,sa0,,2.3437500000e-01
U790_U897_C,sa0,,2.3437500000e-01
U616_U897_D,sa0,,2.3437500000e-01
U655,sa1,9,7.9687500000e-01
U647,sa0,16,3.3203125000e-01
U914,sa0,,3.3203125000e-01
U913,sa0,,3.3203125000e-01
U912,sa0,,3.3203125000e-01
U779_U913_B,sa0,,3.3203125000e-01
U618_U914_B,sa0,,3.3203125000e-01
RES_DISP_REG_SCAN_IN_U914_C,sa0,,3.3203125000e-01
U705_U647_B,sa0,,3.3203125000e-01
U646,sa1,3,6.2500000000e-01
U791,sa0,4,7.5000000000e-01
U638,sa0,1,0.0000000000e+00
U786_U638_A,sa0,,0.0000000000e+00
U784_U638_B,sa0,,0.0000000000e+00
U951,sa0,,0.0000000000e+00
GT_134_U6_U951_A,sa0,,0.0000000000e+00
U593_U951_B,sa0,,0.0000000000e+00
U637,sa1,17,1.2109375000e-01
U629,sa0,12,1.7187500000e-01
U608_U629_A,sa0,,1.7187500000e-01
U606_U629_B,sa0,,1.7187500000e-01
U628,sa1,30,7.0190429688e-04
U952,sa1,9,3.5156250000e-02
U619,sa1,7,3.5156250000e-02
GT_160_U6_U619_A,sa1,,3.5156250000e-02
GT_163_U6_U619_B,sa1,,3.5156250000e-02
GT_166_U6_U619_C,sa1,,3.5156250000e-02
U773,sa0,28,2.2656250000e-01
GT_160_U6_U773_A,sa1,,2.2656250000e-01
U782,sa0,13,1.0937500000e-01
GT_209_U6_U782_A,sa1,,1.0937500000e-01
U853,sa1,2,1.5625000000e-02
U844,sa1,4,4.6875000000e-02
U836,sa0,11,4.8437500000e-01
U835_U836_A,sa0,,4.8437500000e-01
U595_U836_B,sa0,,4.8437500000e-01
U593,sa0,8,8.5937500000e-02
U880_U593_A,sa0,,8.5937500000e-02
U878_U593_B,sa0,,8.5937500000e-02
U880,sa1,1,0.0000000000e+00
U709_U880_A,sa0,,0.0000000000e+00
U592,sa1,30,8.4929656982e-01
GT_197_U6,sa1,10,7.8125000000e-02
GT_197_U7,sa1,,7.8125000000e-02
NUM_REG_4__SCAN_IN_GT_197_U6_B,sa1,,7.8125000000e-02
U767_GT_166_U7_A,sa1,4,1.1718750000e-02
U588_GT_209_U9_A,sa0,1,0.0000000000e+00
U749_GT_209_U7_C,sa1,3,1.5625000000e-02
U588_GT_227_U8_B,sa0,1,0.0000000000e+00
U767_GT_184_U8_A,sa0,1,0.0000000000e+00
U588_GT_218_U8_B,sa0,1,0.0000000000e+00
U765_GT_166_U9_B,sa0,1,0.0000000000e+00
U770_U991_A,sa1,30,7.1487426758e-02
U626_U973_A,sa1,8,2.6562500000e-01
U681_U972_A,sa1,8,1.3281250000e-01
U593_U952_A,sa1,1,0.0000000000e+00
U593_U951_B,sa1,1,0.0000000000e+00
U723_U948_A,sa1,1,0.0000000000e+00
U724_U947_A,sa1,1,0.0000000000e+00
U725_U946_A,sa1,2,7.8125000000e-03
U862_U871_B,sa1,30,2.3651123047e-04
U605_U859_A,sa1,7,9.3750000000e-02
U695_U840_B,sa1,2,1.5625000000e-02
U696_U840_A,sa1,2,1.5625000000e-02
U835_U836_A,sa1,4,1.0937500000e-01
U815_U828_B,sa1,3,4.6875000000e-02
U592_U808_B,sa1,30,1.5783500671e-01
GT_138_U6_U787_A,sa1,19,7.0312500000e-02
U724_U785_A,sa1,1,0.0000000000e+00
U793_U670_B,sa1,7,6.1523437500e-02
U791_U646_A,sa1,2,1.2500000000e-01
U794_U634_A,sa1,1,0.0000000000e+00
U839_U632_C,sa1,7,9.3750000000e-02
U839_U631_D,sa1,7,9.3750000000e-02
U849_U631_C,sa1,2,1.5625000000e-02
U846_U626_B,sa1,2,1.5625000000e-02
U787_U623_A,sa1,2,7.8125000000e-03
U775_U617_A,sa1,4,1.1718750000e-02
U880_U593_A,sa1,1,0.0000000000e+00
GT_178_U9,sa0,1,0.0000000000e+00
GT_169_U9,sa0,1,0.0000000000e+00
U935,sa1,4,3.9062500000e-02
U926,sa1,8,2.7343750000e-02
U917,sa1,14,1.6406250000e-01
U890,sa1,3,3.1250000000e-02
GT_221_U6_U890_A,sa1,,3.1250000000e-02
GT_224_U6_U890_B,sa1,,3.1250000000e-02
U864,sa0,30,5.1898193359e-01
U770_U864_A,sa1,,5.1898193359e-01
U854,sa1,4,7.8125000000e-02
U837,sa0,4,4.6875000000e-02
U700_U837_A,sa1,,4.6875000000e-02
U827,sa1,13,3.1250000000e-01
U695_U827_A,sa0,,3.1250000000e-01
U792,sa0,2,2.5000000000e-01
U791_U792_A,sa1,,2.5000000000e-01
U774,sa0,6,7.8125000000e-02
GT_118_U6_U774_A,sa1,,7.8125000000e-02
U863,sa1,30,9.8228454590e-04
U765,sa0,7,2.3437500000e-02
U1035,sa0,,2.3437500000e-02
U956_U1035_A,sa0,,2.3437500000e-02
U753_U1035_B,sa0,,2.3437500000e-02
U1034,sa0,,2.3437500000e-02
R794_U25,sa0,,2.3437500000e-02
R794_U86,sa0,,2.3437500000e-02
R794_U30_R794_U86_A,sa0,,2.3437500000e-02
R794_U38_R794_U86_B,sa0,,2.3437500000e-02
R794_U85,sa0,,2.3437500000e-02
R794_U44,sa0,,2.3437500000e-02
R794_U38_R794_U44_A,sa1,,2.3437500000e-02
R794_U84,sa0,,2.3437500000e-02
R794_U30_R794_U84_A,sa1,,2.3437500000e-02
U772_U1034_B,sa0,,2.3437500000e-02
U764,sa1,27,1.1718750000e-01
U756,sa0,15,6.2500000000e-02
U1017,sa0,,6.2500000000e-02
SUB_103_U12,sa0,,6.2500000000e-02
SUB_103_U25,sa0,,6.2500000000e-02
SUB_103_U15,sa0,,6.2500000000e-02
MAX_REG_1__SCAN_IN_SUB_103_U15_A,sa1,,6.2500000000e-02
MAX_REG_0__SCAN_IN_SUB_103_U25_B,sa0,,6.2500000000e-02
SUB_103_U24,sa0,,6.2500000000e-02
SUB_103_U16,sa0,,6.2500000000e-02
MAX_REG_0__SCAN_IN_SUB_103_U16_A,sa1,,6.2500000000e-02
MAX_REG_1__SCAN_IN_SUB_103_U24_B,sa0,,6.2500000000e-02
MAX_REG_8__SCAN_IN_U1017_B,sa0,,6.2500000000e-02
U1016,sa0,,6.2500000000e-02
U708_U1016_A,sa0,,6.2500000000e-02
MAX_REG_1__SCAN_IN_U1016_B,sa0,,6.2500000000e-02
U755,sa1,11,6.6406250000e-02
U747,sa0,10,7.0312500000e-02
U999,sa0,,7.0312500000e-02
SUB_199_U12,sa0,,7.0312500000e-02
SUB_199_U20,sa0,,7.0312500000e-02
SUB_199_U11,sa0,,7.0312500000e-02
NUM_REG_2__SCAN_IN_SUB_199_U11_A,sa1,,7.0312500000e-02
NUM_REG_1__SCAN_IN_SUB_199_U20_B,sa0,,7.0312500000e-02
SUB_199_U19,sa0,,7.0312500000e-02
SUB_199_U7_SUB_199_U19_A,sa0,,7.0312500000e-02
NUM_REG_2__SCAN_IN_SUB_199_U19_B,sa0,,7.0312500000e-02
GT_197_U6_U999_B,sa0,,7.0312500000e-02
U998,sa0,,7.0312500000e-02
U706_U998_A,sa0,,7.0312500000e-02
NUM_REG_2__SCAN_IN_U998_B,sa0,,7.0312500000e-02
U746,sa1,15,1.2500000000e-01
U738,sa0,30,2.8464841843e-01
U981,sa0,,2.8464841843e-01
U770_U981_A,sa0,,2.8464841843e-01
U631_U981_B,sa0,,2.8464841843e-01
U980,sa0,,2.8464841843e-01
U864_U980_A,sa0,,2.8464841843e-01
MAX_REG_6__SCAN_IN_U980_B,sa0,,2.8464841843e-01
U980,sa1,30,2.6349258423e-01
U737,sa1,30,3.1566619873e-01
U971,sa1,15,2.1875000000e-01
U729,sa0,18,5.0000000000e-01
U963,sa0,,5.0000000000e-01
U631_U963_A,sa0,,5.0000000000e-01
STATO_REG_1__SCAN_IN_U963_B,sa0,,5.0000000000e-01
U962,sa0,,5.0000000000e-01
U681_U962_A,sa0,,5.0000000000e-01
TEMP_REG_6__SCAN_IN_U962_B,sa0,,5.0000000000e-01
U962,sa1,2,2.5000000000e-01
U728,sa1,15,5.0000000000e-01
U693,sa0,25,3.7207031250e-01
MAR_REG_4__SCAN_IN_U693_A,sa0,,3.7207031250e-01
MAR_REG_2__SCAN_IN_U693_B,sa0,,3.7207031250e-01
MAR_REG_0__SCAN_IN_U693_C,sa0,,3.7207031250e-01
U692,sa1,11,1.1718750000e-01
U683,sa1,30,9.6435546875e-03
SUB_60_U6_U683_A,sa0,,9.6435546875e-03
U809,sa1,30,3.8134765625e-01
U675,sa0,12,4.8242187500e-01
U818,sa0,,4.8242187500e-01
U594_U818_A,sa0,,4.8242187500e-01
MAR_REG_4__SCAN_IN_U818_B,sa0,,4.8242187500e-01
U817,sa0,,4.8242187500e-01
ADD_304_U11,sa0,,4.8242187500e-01
ADD_304_U21,sa0,,4.8242187500e-01
ADD_304_U19,sa0,,4.8242187500e-01
ADD_304_U16_ADD_304_U19_A,sa1,,4.8242187500e-01
ADD_304_U15,sa0,,4.8242187500e-01
MAR_REG_4__SCAN_IN_ADD_304_U15_A,sa1,,4.8242187500e-01
ADD_304_U20,sa0,,4.8242187500e-01
ADD_304_U16_ADD_304_U20_A,sa0,,4.8242187500e-01
MAR_REG_4__SCAN_IN_ADD_304_U20_B,sa0,,4.8242187500e-01
STATO_REG_2__SCAN_IN_U817_B,sa0,,4.8242187500e-01
U818,sa1,7,2.3242187500e-01
U674,sa1,8,5.1757812500e-01
U872,sa1,30,3.1272125244e-01
U666,sa0,9,1.6406250000e-01
U589_stem_stem_stem_stem_U666_A,sa0,,1.6406250000e-01
U944,sa0,,1.6406250000e-01
U621_U944_A,sa0,,1.6406250000e-01
U943,sa0,,1.6406250000e-01
U942,sa0,,1.6406250000e-01
U724_U942_A,sa0,,1.6406250000e-01
U941,sa0,,1.6406250000e-01
U726_U943_B,sa0,,1.6406250000e-01
U944,sa1,4,8.5937500000e-02
U665,sa1,7,7.9687500000e-01
U908,sa1,10,7.8125000000e-02
U657,sa0,14,2.1875000000e-01
U589_stem_stem_stem_stem_U657_A,sa0,,2.1875000000e-01
U898,sa0,,2.1875000000e-01
U613_U898_A,sa0,,2.1875000000e-01
U782_U898_B,sa0,,2.1875000000e-01
U713_U898_C,sa0,,2.1875000000e-01
U656,sa1,5,7.6562500000e-01
U648,sa0,23,2.1093750000e-01
U589_stem_stem_U648_A,sa0,,2.1093750000e-01
U918,sa0,,2.1093750000e-01
U617_U918_A,sa0,,2.1093750000e-01
U917,sa0,,2.1093750000e-01
U715_U917_A,sa0,,2.1093750000e-01
U779_U917_B,sa0,,2.1093750000e-01
U916,sa0,,2.1093750000e-01
U915,sa0,,2.1093750000e-01
U716_U915_A,sa1,,2.1093750000e-01
U777_U916_B,sa0,,2.1093750000e-01
U647,sa1,15,6.6796875000e-01
U791,sa1,3,2.5000000000e-01
EN_DISP_REG_SCAN_IN_U791_A,sa1,,2.5000000000e-01
RES_DISP_REG_SCAN_IN_U791_B,sa1,,2.5000000000e-01
U881,sa1,3,5.8593750000e-03
U953,sa1,1,0.0000000000e+00
U639,sa0,10,4.2968750000e-02
U611_U639_A,sa0,,4.2968750000e-02
U784_U639_B,sa0,,4.2968750000e-02
U622_U639_C,sa0,,4.2968750000e-02
U638,sa1,20,7.4218750000e-02
U629,sa1,10,3.2812500000e-01
U773,sa1,4,1.1718750000e-02
GT_160_U6_U773_A,sa0,,1.1718750000e-02
U782,sa1,3,1.5625000000e-02
GT_209_U6_U782_A,sa0,,1.5625000000e-02
U719,sa1,9,3.5156250000e-02
GT_146_U6_U719_A,sa0,,3.5156250000e-02
U846,sa0,13,4.8437500000e-01
U599_U846_A,sa0,,4.8437500000e-01
U831_U846_B,sa0,,4.8437500000e-01
U828,sa0,11,4.8437500000e-01
U827_U828_A,sa0,,4.8437500000e-01
U815_U828_B,sa0,,4.8437500000e-01
U845,sa1,2,1.5625000000e-02
U836,sa1,2,1.5625000000e-02
U594,sa0,18,4.4726562500e-01
U793_U594_A,sa0,,4.4726562500e-01
U796_U594_B,sa0,,4.4726562500e-01
U593,sa1,1,0.0000000000e+00
U766_GT_166_U7_C,sa1,4,1.1718750000e-02
U588_GT_209_U8_C,sa0,1,0.0000000000e+00
U764_GT_169_U9_A,sa0,1,0.0000000000e+00
U766_GT_175_U8_C,sa0,4,1.1718750000e-02
U749_GT_227_U8_D,sa0,3,1.5625000000e-02
U588_GT_227_U8_C,sa0,1,0.0000000000e+00
U765_GT_184_U8_D,sa0,1,0.0000000000e+00
U766_GT_184_U8_C,sa0,1,0.0000000000e+00
U588_GT_218_U7_D,sa0,1,0.0000000000e+00
U757_GT_138_U7_D,sa1,2,7.8125000000e-03
U626_U991_B,sa1,30,1.3367366791e-01
U770_U983_A,sa1,30,5.8189392090e-02
U625_U975_A,sa1,10,2.9687500000e-01
U681_U964_A,sa1,7,7.0312500000e-02
U724_U939_A,sa1,1,0.0000000000e+00
U726_U936_B,sa1,1,0.0000000000e+00
U777_U921_B,sa1,4,1.1718750000e-02
U779_U910_B,sa1,4,1.1718750000e-02
U782_U907_B,sa1,3,1.5625000000e-02
U711_U897_B,sa1,1,0.0000000000e+00
U614_U896_A,sa1,11,1.5625000000e-01
U705_U886_A,sa1,2,2.5000000000e-01
U815_U857_A,sa1,5,7.8125000000e-02
U827_U853_B,sa1,5,9.3750000000e-02
U595_U852_A,sa1,3,4.6875000000e-02
U595_U851_B,sa1,4,4.6875000000e-02
U595_U843_A,sa1,6,9.3750000000e-02
U815_U838_B,sa1,3,4.6875000000e-02
U594_U826_A,sa1,6,2.6757812500e-01
U681_U793_A,sa1,9,1.0986328125e-01
U794_U635_A,sa1,1,0.0000000000e+00
U847_U632_E,sa1,2,1.5625000000e-02
U836_U627_C,sa1,2,1.5625000000e-02
U778_U623_B,sa1,1,0.0000000000e+00
U787_U622_C,sa1,2,7.8125000000e-03
U846_U608_C,sa1,2,1.5625000000e-02
U847_U608_B,sa1,2,1.5625000000e-02
U847_U607_C,sa1,2,1.5625000000e-02
U795_U606_B,sa1,3,3.1250000000e-02
U705_U589_A,sa1,2,2.5000000000e-01
GT_197_U8,sa1,3,1.5625000000e-02
NUM_REG_2__SCAN_IN_GT_197_U8_A,sa1,,1.5625000000e-02
NUM_REG_1__SCAN_IN_GT_197_U8_B,sa1,,1.5625000000e-02
U945,sa1,9,1.6406250000e-01
GT_146_U6_U945_A,sa1,,1.6406250000e-01
GT_142_U6_U945_B,sa1,,1.6406250000e-01
U936,sa1,11,2.1093750000e-01
U927,sa1,13,1.5234375000e-01
U891,sa1,4,3.1250000000e-02
U864,sa1,30,7.1353912354e-02
U770_U864_A,sa0,,7.1353912354e-02
U837,sa1,14,3.2812500000e-01
U700_U837_A,sa0,,3.2812500000e-01
U792,sa1,3,7.5000000000e-01
U791_U792_A,sa0,,7.5000000000e-01
U783,sa1,3,1.5625000000e-02
GT_212_U6_U783_A,sa0,,1.5625000000e-02
U774,sa1,1,0.0000000000e+00
GT_118_U6_U774_A,sa0,,0.0000000000e+00
U766,sa0,13,4.6875000000e-02
U1037,sa0,,4.6875000000e-02
U956_U1037_A,sa0,,4.6875000000e-02
U755_U1037_B,sa0,,4.6875000000e-02
U1036,sa0,,4.6875000000e-02
R794_U26,sa0,,4.6875000000e-02
R794_U91,sa0,,4.6875000000e-02
R794_U31_R794_U91_A,sa0,,4.6875000000e-02
R794_U39_R794_U91_B,sa0,,4.6875000000e-02
R794_U90,sa0,,4.6875000000e-02
R794_U40,sa0,,4.6875000000e-02
R794_U39_R794_U40_A,sa1,,4.6875000000e-02
R794_U89,sa0,,4.6875000000e-02
R794_U31_R794_U89_A,sa1,,4.6875000000e-02
U772_U1036_B,sa0,,4.6875000000e-02
U765,sa1,24,1.0546875000e-01
U757,sa0,15,6.2500000000e-02
U1019,sa0,,6.2500000000e-02
U756_U1019_A,sa0,,6.2500000000e-02
GT_108_U6_U1019_B,sa0,,6.2500000000e-02
U1018,sa0,,6.2500000000e-02
U756_U1018_A,sa0,,6.2500000000e-02
U707_U1018_B,sa0,,6.2500000000e-02
U756,sa1,14,6.6406250000e-02
U748,sa0,10,7.0312500000e-02
U1001,sa0,,7.0312500000e-02
SUB_199_U7_U1001_A,sa0,,7.0312500000e-02
GT_197_U6_U1001_B,sa0,,7.0312500000e-02
U1000,sa0,,7.0312500000e-02
U706_U1000_A,sa0,,7.0312500000e-02
NUM_REG_1__SCAN_IN_U1000_B,sa0,,7.0312500000e-02
U747,sa1,9,7.8125000000e-02
U990,sa1,30,2.6287463307e-01
U739,sa0,30,2.9148149490e-01
U983,sa0,,2.9148149490e-01
U770_U983_A,sa0,,2.9148149490e-01
U859_U983_B,sa0,,2.9148149490e-01
U982,sa0,,2.9148149490e-01
U864_U982_A,sa0,,2.9148149490e-01
MAX_REG_5__SCAN_IN_U982_B,sa0,,2.9148149490e-01
U738,sa1,30,3.2694244385e-01
U981,sa1,30,3.1345605850e-02
U972,sa1,2,2.5000000000e-01
U729,sa1,12,5.0000000000e-01
U963,sa1,17,2.5000000000e-01
U693,sa1,7,7.0312500000e-02
U685,sa0,30,5.0035858154e-01
U800,sa0,,5.0035858154e-01
U702_U685_B,sa0,,5.0035858154e-01
STATO_REG_0__SCAN_IN_U685_C,sa0,,5.0035858154e-01
U684,sa1,30,5.6457519531e-03
FLAG_REG_SCAN_IN_U684_A,sa0,,5.6457519531e-03
U676,sa0,30,3.8041687012e-01
U813,sa0,,3.8041687012e-01
U803_U813_A,sa0,,3.8041687012e-01
NUM_REG_0__SCAN_IN_U813_B,sa0,,3.8041687012e-01
U812,sa0,,3.8041687012e-01
ADD_283_U5_U812_A,sa0,,3.8041687012e-01
U592_U812_B,sa0,,3.8041687012e-01
U675,sa1,8,5.1757812500e-01
U819,sa1,6,2.5000000000e-01
U667,sa0,10,1.7187500000e-01
U589_stem_stem_stem_stem_U667_A,sa0,,1.7187500000e-01
U778_U667_B,sa0,,1.7187500000e-01
U950,sa0,,1.7187500000e-01
U774_U950_A,sa0,,1.7187500000e-01
U949,sa0,,1.7187500000e-01
U948,sa0,,1.7187500000e-01
U723_U948_A,sa0,,1.7187500000e-01
U947,sa0,,1.7187500000e-01
U724_U947_A,sa0,,1.7187500000e-01
U722,sa0,,1.7187500000e-01
GT_130_U6_U722_A,sa1,,1.7187500000e-01
U946,sa0,,1.7187500000e-01
U725_U946_A,sa0,,1.7187500000e-01
U945,sa0,,1.7187500000e-01
U726_U949_B,sa0,,1.7187500000e-01
U666,sa1,6,8.3593750000e-01
U658,sa0,15,2.0312500000e-01
U589_stem_stem_stem_stem_U658_A,sa0,,2.0312500000e-01
U900,sa0,,2.0312500000e-01
U616_U900_A,sa0,,2.0312500000e-01
U899,sa0,,2.0312500000e-01
U790_U899_A,sa0,,2.0312500000e-01
U711_U899_B,sa0,,2.0312500000e-01
U712_U899_C,sa0,,2.0312500000e-01
U657,sa1,7,7.8125000000e-01
U649,sa0,21,2.3828125000e-01
U589_stem_stem_stem_U649_A,sa0,,2.3828125000e-01
U919,sa0,,2.3828125000e-01
U715_U919_A,sa0,,2.3828125000e-01
U777_U919_B,sa0,,2.3828125000e-01
GT_181_U6_U919_C,sa0,,2.3828125000e-01
U620_U919_D,sa0,,2.3828125000e-01
U648,sa1,13,7.8906250000e-01
U918,sa1,11,3.9062500000e-02
U882,sa1,8,2.4804687500e-01
U954,sa1,1,0.0000000000e+00
U639,sa1,10,3.5156250000e-02
U784,sa0,20,7.4218750000e-02
GT_130_U6_U784_A,sa0,,7.4218750000e-02
U723_U784_B,sa0,,7.4218750000e-02
U878_U784_C,sa0,,7.4218750000e-02
U909,sa1,7,2.3437500000e-02
U717_U909_A,sa0,,2.3437500000e-02
U775,sa0,24,2.1484375000e-01
GT_163_U6_U775_A,sa1,,2.1484375000e-01
U873,sa1,30,9.4652175903e-04
U846,sa1,2,1.5625000000e-02
U847,sa0,17,4.6875000000e-01
U599_U847_A,sa0,,4.6875000000e-01
U837_U847_B,sa0,,4.6875000000e-01
U828,sa1,2,1.5625000000e-02
U855,sa1,3,3.1250000000e-02
U838,sa0,11,4.8437500000e-01
U837_U838_A,sa0,,4.8437500000e-01
U815_U838_B,sa0,,4.8437500000e-01
U595,sa0,9,1.2500000000e-01
U594,sa1,10,4.8632812500e-01
U793,sa0,30,7.6660156250e-01
U681_U793_A,sa0,,7.6660156250e-01
START_U793_B,sa0,,7.6660156250e-01
STATO_REG_0__SCAN_IN_U793_C,sa0,,7.6660156250e-01
U768_GT_166_U7_B,sa1,4,1.1718750000e-02
U588_GT_209_U8_D,sa0,1,0.0000000000e+00
U765_GT_178_U9_A,sa0,1,0.0000000000e+00
U763_GT_169_U9_C,sa0,1,0.0000000000e+00
U766_GT_169_U7_A,sa1,7,2.3437500000e-02
U768_GT_184_U8_B,sa0,5,1.5625000000e-02
U706_U994_A,sa1,4,2.3437500000e-02
U625_U993_B,sa1,30,1.4080619812e-01
U770_U993_A,sa1,30,4.7243595123e-02
U864_U980_A,sa1,30,2.5228500366e-02
U681_U974_A,sa1,10,1.4843750000e-01
U624_U959_A,sa1,7,4.0625000000e-01
U779_U911_B,sa1,4,1.1718750000e-02
U613_U898_A,sa1,1,0.0000000000e+00
GT_218_U6_U889_A,sa1,6,6.2500000000e-02
U713_U888_A,sa1,7,7.8125000000e-02
U862_U863_C,sa1,30,3.0070543289e-05
U595_U853_A,sa1,3,4.6875000000e-02
U827_U845_B,sa1,5,1.0937500000e-01
U827_U828_A,sa1,5,1.0937500000e-01
U594_U818_A,sa1,3,3.3203125000e-02
U707_U794_B,sa1,1,0.0000000000e+00
U725_U785_B,sa1,2,7.8125000000e-03
U794_U636_A,sa1,1,0.0000000000e+00
U838_U625_D,sa1,2,1.5625000000e-02
U879_U612_C,sa1,1,0.0000000000e+00
U828_U608_D,sa1,2,1.5625000000e-02
U849_U608_A,sa1,2,1.5625000000e-02
U956,sa0,10,3.5156250000e-02
U772_U956_A,sa1,,3.5156250000e-02
U946,sa1,6,7.8125000000e-02
U928,sa1,12,5.0781250000e-02
U883,sa1,2,6.2500000000e-02
U865,sa1,2,6.2500000000e-02
U856,sa1,4,6.2500000000e-02
U829,sa1,5,1.0937500000e-01
U696_U829_A,sa0,,1.0937500000e-01
U767,sa0,13,4.6875000000e-02
U1039,sa0,,4.6875000000e-02
U956_U1039_A,sa0,,4.6875000000e-02
U757_U1039_B,sa0,,4.6875000000e-02
U1038,sa0,,4.6875000000e-02
R794_U6,sa0,,4.6875000000e-02
R794_U39_R794_U6_A,sa0,,4.6875000000e-02
R794_U62,sa0,,4.6875000000e-02
U757_R794_U62_A,sa0,,4.6875000000e-02
R794_U7,sa0,,4.6875000000e-02
U642_R794_U7_A,sa1,,4.6875000000e-02
U772_U1038_B,sa0,,4.6875000000e-02
U766,sa1,15,7.0312500000e-02
U758,sa0,17,6.2500000000e-02
U1021,sa0,,6.2500000000e-02
MAX_REG_8__SCAN_IN_U1021_A,sa0,,6.2500000000e-02
MAX_REG_0__SCAN_IN_U1021_B,sa0,,6.2500000000e-02
U1020,sa0,,6.2500000000e-02
U708_U1020_A,sa0,,6.2500000000e-02
MAX_REG_0__SCAN_IN_U1020_B,sa0,,6.2500000000e-02
U757,sa1,14,6.6406250000e-02
U749,sa0,11,7.8125000000e-02
U1003,sa0,,7.8125000000e-02
GT_197_U6_U1003_A,sa0,,7.8125000000e-02
NUM_REG_0__SCAN_IN_U1003_B,sa0,,7.8125000000e-02
U1002,sa0,,7.8125000000e-02
U706_U1002_A,sa0,,7.8125000000e-02
NUM_REG_0__SCAN_IN_U1002_B,sa0,,7.8125000000e-02
U748,sa1,11,7.8125000000e-02
U991,sa1,30,6.2587499619e-02
U739,sa1,30,2.8652954102e-01
U982,sa1,30,2.6304277778e-01
U973,sa1,16,2.3437500000e-01
U964,sa1,2,2.5000000000e-01
U695,sa0,16,3.9062500000e-01
U687_U695_A,sa0,,3.9062500000e-01
U689_U695_B,sa0,,3.9062500000e-01
MAR_REG_0__SCAN_IN_U695_C,sa0,,3.9062500000e-01
U694,sa1,4,6.8359375000e-02
START_U694_A,sa0,,6.8359375000e-02
U685,sa1,30,1.2709045410e-01
U677,sa0,30,3.7925148010e-01
U811,sa0,,3.7925148010e-01
U803_U811_A,sa0,,3.7925148010e-01
NUM_REG_1__SCAN_IN_U811_B,sa0,,3.7925148010e-01
U810,sa0,,3.7925148010e-01
ADD_283_U14,sa0,,3.7925148010e-01
ADD_283_U27,sa0,,3.7925148010e-01
ADD_283_U6,sa0,,3.7925148010e-01
NUM_REG_1__SCAN_IN_ADD_283_U6_A,sa1,,3.7925148010e-01
NUM_REG_0__SCAN_IN_ADD_283_U27_B,sa0,,3.7925148010e-01
ADD_283_U26,sa0,,3.7925148010e-01
ADD_283_U5_ADD_283_U26_A,sa0,,3.7925148010e-01
NUM_REG_1__SCAN_IN_ADD_283_U26_B,sa0,,3.7925148010e-01
U592_U810_B,sa0,,3.7925148010e-01
U676,sa1,30,5.0499534607e-01
U668,sa0,30,3.2393646240e-01
U872,sa0,,3.2393646240e-01
U685_U872_A,sa0,,3.2393646240e-01
FLAG_REG_SCAN_IN_U872_B,sa0,,3.2393646240e-01
U871,sa0,,3.2393646240e-01
U798_U871_A,sa0,,3.2393646240e-01
U862_U871_B,sa0,,3.2393646240e-01
STATO_REG_0__SCAN_IN_U871_C,sa0,,3.2393646240e-01
U667,sa1,8,8.2812500000e-01
U937,sa1,4,3.9062500000e-02
U659,sa0,13,1.8750000000e-01
U589_stem_stem_stem_stem_U659_A,sa0,,1.8750000000e-01
U902,sa0,,1.8750000000e-01
U615_U902_A,sa0,,1.8750000000e-01
U901,sa0,,1.8750000000e-01
U658,sa1,9,7.9687500000e-01
U892,sa1,5,4.6875000000e-02
U649,sa1,6,7.6171875000e-01
U919,sa1,4,1.1718750000e-02
U955,sa1,1,0.0000000000e+00
U784,sa1,1,0.0000000000e+00
U874,sa1,1,0.0000000000e+00
U794,sa0,17,1.2109375000e-01
U587_U794_A,sa0,,1.2109375000e-01
U707_U794_B,sa0,,1.2109375000e-01
U839,sa0,12,3.1250000000e-01
U624_U839_A,sa1,,3.1250000000e-01
U785,sa0,10,2.1093750000e-01
U724_U785_A,sa0,,2.1093750000e-01
U725_U785_B,sa0,,2.1093750000e-01
GT_142_U6_U785_C,sa0,,2.1093750000e-01
U593_U785_D,sa0,,2.1093750000e-01
U775,sa1,4,1.1718750000e-02
GT_163_U6_U775_A,sa0,,1.1718750000e-02
U847,sa1,2,1.5625000000e-02
U838,sa1,2,1.5625000000e-02
U596,sa0,7,9.3750000000e-02
U595,sa1,17,3.4375000000e-01
MAR_REG_3__SCAN_IN_U595_A,sa1,,3.4375000000e-01
MAR_REG_1__SCAN_IN_U595_B,sa1,,3.4375000000e-01
U793,sa1,9,1.0986328125e-01
U587,sa0,30,1.1328125000e-01
SUB_103_U8,sa0,,1.1328125000e-01
SUB_103_U18_SUB_103_U8_A,sa0,,1.1328125000e-01
SUB_103_U13_SUB_103_U8_B,sa0,,1.1328125000e-01
MAX_REG_8__SCAN_IN_U587_B,sa0,,1.1328125000e-01
U763_GT_178_U9_D,sa0,1,0.0000000000e+00
U764_GT_178_U9_C,sa0,1,0.0000000000e+00
U765_GT_169_U9_B,sa0,1,0.0000000000e+00
U864_U990_A,sa1,30,1.5662491322e-02
U770_U985_A,sa1,30,5.8563232422e-02
U624_U977_B,sa1,30,2.0399093628e-01
U681_U966_A,sa1,10,1.6406250000e-01
U880_U953_D,sa1,1,0.0000000000e+00
U774_U953_B,sa1,1,0.0000000000e+00
U725_U939_B,sa1,2,7.8125000000e-03
U709_U938_A,sa1,8,2.5000000000e-01
U711_U899_B,sa1,1,0.0000000000e+00
U782_U891_B,sa1,3,1.5625000000e-02
U685_U872_A,sa1,30,7.4218750000e-02
U607_U859_B,sa1,18,2.6562500000e-01
U693_U854_B,sa1,2,1.5625000000e-02
U697_U842_A,sa1,2,1.5625000000e-02
U724_U787_B,sa1,1,0.0000000000e+00
U785_U663_B,sa1,4,3.9062500000e-02
U598_U624_C,sa1,5,6.2500000000e-02
U589_U590_A,sa1,15,7.5000000000e-01
U957,sa0,30,1.1328125000e-01
U771_U957_A,sa1,,1.1328125000e-01
U956,sa1,18,7.8125000000e-02
U772_U956_A,sa0,,7.8125000000e-02
U947,sa1,10,1.7187500000e-01
U929,sa1,16,1.6406250000e-01
U893,sa1,5,3.1250000000e-02
U712_U893_A,sa0,,3.1250000000e-02
U866,sa1,4,6.6406250000e-02
U848,sa1,2,3.1250000000e-02
U777,sa0,17,1.6796875000e-01
GT_178_U6_U777_A,sa1,,1.6796875000e-01
U768,sa0,17,6.2500000000e-02
U1041,sa0,,6.2500000000e-02
U956_U1041_A,sa0,,6.2500000000e-02
U759_U1041_B,sa0,,6.2500000000e-02
U1040,sa0,,6.2500000000e-02
U759_U1040_A,sa0,,6.2500000000e-02
U772_U1040_B,sa0,,6.2500000000e-02
U767,sa1,16,7.0312500000e-02
U759,sa0,17,6.2500000000e-02
U1023,sa0,,6.2500000000e-02
U758_U1023_A,sa0,,6.2500000000e-02
GT_108_U6_U1023_B,sa0,,6.2500000000e-02
U1022,sa0,,6.2500000000e-02
U758_U1022_A,sa0,,6.2500000000e-02
U707_U1022_B,sa0,,6.2500000000e-02
U758,sa1,17,6.6406250000e-02
U749,sa1,11,7.8125000000e-02
U992,sa1,30,2.6503962278e-01
U983,sa1,30,3.1346678734e-02
U974,sa1,2,2.5000000000e-01
U965,sa1,24,3.5937500000e-01
U696,sa0,11,2.5000000000e-01
U596_U696_A,sa0,,2.5000000000e-01
MAR_REG_2__SCAN_IN_U696_B,sa0,,2.5000000000e-01
U695,sa1,5,6.2500000000e-02
U686,sa1,2,1.9531250000e-03
STATO_REG_2__SCAN_IN_U686_A,sa0,,1.9531250000e-03
U678,sa0,30,3.7919616699e-01
U809,sa0,,3.7919616699e-01
U803_U809_A,sa0,,3.7919616699e-01
NUM_REG_2__SCAN_IN_U809_B,sa0,,3.7919616699e-01
U808,sa0,,3.7919616699e-01
ADD_283_U13,sa0,,3.7919616699e-01
ADD_283_U25,sa0,,3.7919616699e-01
ADD_283_U17_ADD_283_U25_A,sa0,,3.7919616699e-01
ADD_283_U8,sa0,,3.7919616699e-01
NUM_REG_2__SCAN_IN_ADD_283_U8_A,sa1,,3.7919616699e-01
ADD_283_U24,sa0,,3.7919616699e-01
ADD_283_U7_ADD_283_U24_A,sa0,,3.7919616699e-01
NUM_REG_2__SCAN_IN_ADD_283_U24_B,sa0,,3.7919616699e-01
U592_U808_B,sa0,,3.7919616699e-01
U677,sa1,30,5.3343200684e-01
U669,sa0,5,5.0000000000e-01
U793_U669_A,sa0,,5.0000000000e-01
U870,sa0,,5.0000000000e-01
U869,sa0,,5.0000000000e-01
RES_DISP_REG_SCAN_IN_U870_B,sa0,,5.0000000000e-01
U668,sa1,30,4.4512176514e-01
U938,sa1,1,0.0000000000e+00
U776,sa1,9,1.0937500000e-01
GT_203_U6_U776_A,sa0,,1.0937500000e-01
U659,sa1,10,8.1250000000e-01
U884,sa1,4,6.8359375000e-02
U875,sa1,1,0.0000000000e+00
U794,sa1,30,1.1328125000e-01
U839,sa1,7,9.3750000000e-02
U624_U839_A,sa0,,9.3750000000e-02
U785,sa1,4,3.9062500000e-02
U786,sa0,20,7.4218750000e-02
GT_126_U6_U786_A,sa0,,7.4218750000e-02
U878_U786_B,sa0,,7.4218750000e-02
U857,sa1,3,3.1250000000e-02
U795,sa0,15,4.6875000000e-01
U601_U795_A,sa0,,4.6875000000e-01
U848,sa0,,4.6875000000e-01
U692_U848_A,sa0,,4.6875000000e-01
U698_U848_B,sa0,,4.6875000000e-01
U849,sa0,16,4.8437500000e-01
U841,sa0,,4.8437500000e-01
U701_U841_A,sa1,,4.8437500000e-01
U599_U849_B,sa0,,4.8437500000e-01
U687,sa0,15,2.1875000000e-01
MAR_REG_2__SCAN_IN_U687_A,sa1,,2.1875000000e-01
U597,sa0,7,9.3750000000e-02
U688,sa0,,9.3750000000e-02
MAR_REG_0__SCAN_IN_U688_A,sa1,,9.3750000000e-02
MAR_REG_4__SCAN_IN_U597_B,sa0,,9.3750000000e-02
U596,sa1,12,2.5000000000e-01
MAR_REG_4__SCAN_IN_U596_A,sa1,,2.5000000000e-01
MAR_REG_0__SCAN_IN_U596_B,sa1,,2.5000000000e-01
U588,sa0,1,0.0000000000e+00
GT_197_U6_U588_A,sa0,,0.0000000000e+00
SUB_199_U14,sa0,,0.0000000000e+00
SUB_199_U13_SUB_199_U14_A,sa1,,0.0000000000e+00
U587,sa1,17,1.2109375000e-01
U766_GT_178_U9_B,sa0,1,0.0000000000e+00
U767_GT_178_U7_B,sa1,5,1.5625000000e-02
U768_GT_178_U7_A,sa1,4,1.1718750000e-02
U767_GT_169_U7_B,sa1,6,2.3437500000e-02
U706_U996_A,sa1,6,4.6875000000e-02
U864_U982_A,sa1,30,3.5909652710e-02
U632_U979_B,sa1,30,7.2435379028e-02
U770_U977_A,sa1,30,4.4980645180e-02
U681_U958_A,sa1,7,2.0312500000e-01
U779_U913_B,sa1,4,1.1718750000e-02
U682_U866_B,sa1,2,3.1250000000e-02
U599_U860_A,sa1,3,4.6875000000e-02
U692_U848_A,sa1,2,1.5625000000e-02
U837_U838_A,sa1,5,1.0937500000e-01
U595_U836_B,sa1,3,4.6875000000e-02
U784_U638_B,sa1,1,0.0000000000e+00
U793_U594_A,sa1,3,6.4453125000e-02
U589,sa0,2,2.5000000000e-01
GT_197_U6_U588_A,sa1,10,7.0312500000e-02
U957,sa1,1,0.0000000000e+00
U771_U957_A,sa0,,0.0000000000e+00
U948,sa1,6,7.8125000000e-02
U939,sa1,12,2.0312500000e-01
U894,sa1,3,1.5625000000e-02
U859,sa0,24,3.5937500000e-01
U605_U859_A,sa0,,3.5937500000e-01
U607_U859_B,sa0,,3.5937500000e-01
U777,sa1,4,1.1718750000e-02
GT_178_U6_U777_A,sa0,,1.1718750000e-02
U769,sa0,30,6.6864490509e-04
U768,sa1,17,6.6406250000e-02
U759,sa1,17,6.6406250000e-02
U993,sa1,30,3.9185047150e-02
U984,sa1,30,2.6446914673e-01
U975,sa1,14,2.0312500000e-01
U966,sa1,2,2.5000000000e-01
U697,sa0,14,4.2187500000e-01
U687_U697_A,sa0,,4.2187500000e-01
MAR_REG_4__SCAN_IN_U697_B,sa0,,4.2187500000e-01
MAR_REG_0__SCAN_IN_U697_C,sa0,,4.2187500000e-01
U696,sa1,4,4.6875000000e-02
U679,sa0,30,3.7906646729e-01
U807,sa0,,3.7906646729e-01
U803_U807_A,sa0,,3.7906646729e-01
NUM_REG_3__SCAN_IN_U807_B,sa0,,3.7906646729e-01
U806,sa0,,3.7906646729e-01
ADD_283_U12,sa0,,3.7906646729e-01
ADD_283_U23,sa0,,3.7906646729e-01
ADD_283_U18_ADD_283_U23_A,sa0,,3.7906646729e-01
ADD_283_U10,sa0,,3.7906646729e-01
NUM_REG_3__SCAN_IN_ADD_283_U10_A,sa1,,3.7906646729e-01
ADD_283_U22,sa0,,3.7906646729e-01
ADD_283_U9_ADD_283_U22_A,sa0,,3.7906646729e-01
NUM_REG_3__SCAN_IN_ADD_283_U22_B,sa0,,3.7906646729e-01
U592_U806_B,sa0,,3.7906646729e-01
U678,sa1,30,5.4801177979e-01
U867,sa1,3,2.9296875000e-03
U669,sa1,5,5.0000000000e-01
U885,sa1,2,6.2500000000e-02
STATO_REG_0__SCAN_IN_U885_A,sa1,,6.2500000000e-02
STATO_REG_2__SCAN_IN_U885_B,sa1,,6.2500000000e-02
U876,sa1,1,0.0000000000e+00
U778,sa0,19,2.0703125000e-01
GT_114_U6_U778_A,sa1,,2.0703125000e-01
U787,sa0,19,7.0312500000e-02
GT_138_U6_U787_A,sa0,,7.0312500000e-02
U724_U787_B,sa0,,7.0312500000e-02
U593_U787_C,sa0,,7.0312500000e-02
U786,sa1,1,0.0000000000e+00
U858,sa1,2,1.5625000000e-02
U795,sa1,3,3.1250000000e-02
U849,sa1,2,1.5625000000e-02
U687,sa1,14,2.0312500000e-01
MAR_REG_2__SCAN_IN_U687_A,sa0,,2.0312500000e-01
U598,sa0,8,4.2187500000e-01
U838_U598_A,sa0,,4.2187500000e-01
U836_U598_B,sa0,,4.2187500000e-01
U834_U598_C,sa0,,4.2187500000e-01
U832_U598_D,sa0,,4.2187500000e-01
U597,sa1,13,2.3437500000e-01
U796,sa0,19,5.1171875000e-01
U703_U796_A,sa0,,5.1171875000e-01
STATO_REG_2__SCAN_IN_U796_B,sa0,,5.1171875000e-01
U588,sa1,24,2.3437500000e-01
MAR_REG_0__SCAN_IN_ADD_304_U7_B,sa1,5,1.2500000000e-01
MAR_REG_1__SCAN_IN_ADD_304_U7_A,sa1,5,1.2500000000e-01
U864_U992_A,sa1,30,7.0368707180e-02
U770_U987_A,sa1,30,5.1602363586e-02
U681_U968_A,sa1,10,1.5625000000e-01
U774_U955_B,sa1,1,0.0000000000e+00
U726_U949_B,sa1,1,0.0000000000e+00
U777_U926_A,sa1,4,1.1718750000e-02
U777_U916_B,sa1,1,0.0000000000e+00
U712_U899_C,sa1,3,1.5625000000e-02
U713_U898_C,sa1,7,7.8125000000e-02
U790_U894_B,sa1,1,0.0000000000e+00
U837_U847_B,sa1,7,1.0937500000e-01
U699_U840_C,sa1,2,1.5625000000e-02
U784_U639_B,sa1,1,0.0000000000e+00
U786_U638_A,sa1,1,0.0000000000e+00
U598_U626_C,sa1,5,6.2500000000e-02
U832_U598_D,sa1,2,1.5625000000e-02
U589,sa1,3,7.5000000000e-01
SUB_110_U10,sa0,1,0.0000000000e+00
U587_SUB_110_U10_A,sa1,,0.0000000000e+00
U949,sa1,10,1.7187500000e-01
U895,sa1,6,4.6875000000e-02
U859,sa1,8,1.4062500000e-01
U797,sa0,5,8.7890625000e-03
U704_U797_A,sa1,,8.7890625000e-03
U779,sa0,23,1.9921875000e-01
GT_166_U6_U779_A,sa1,,1.9921875000e-01
U994,sa1,1,0.0000000000e+00
U985,sa1,30,4.6930313110e-02
U976,sa1,30,2.7317014337e-01
U967,sa1,12,1.7187500000e-01
U958,sa1,2,2.5000000000e-01
U698,sa0,13,2.3437500000e-01
U691,sa0,,2.3437500000e-01
MAR_REG_1__SCAN_IN_U691_A,sa1,,2.3437500000e-01
MAR_REG_3__SCAN_IN_U698_B,sa0,,2.3437500000e-01
U697,sa1,5,6.2500000000e-02
U689,sa0,9,1.2500000000e-01
MAR_REG_4__SCAN_IN_U689_A,sa1,,1.2500000000e-01
U679,sa1,30,5.5519485474e-01
U868,sa1,18,3.6816406250e-01
U886,sa1,2,1.2500000000e-01
U877,sa1,1,0.0000000000e+00
U778,sa1,1,0.0000000000e+00
GT_114_U6_U778_A,sa0,,0.0000000000e+00
U787,sa1,2,7.8125000000e-03
U599,sa0,8,1.0937500000e-01
U690,sa0,,1.0937500000e-01
MAR_REG_3__SCAN_IN_U690_A,sa1,,1.0937500000e-01
MAR_REG_1__SCAN_IN_U599_B,sa0,,1.0937500000e-01
U598,sa1,5,6.2500000000e-02
U688,sa1,6,7.8125000000e-02
MAR_REG_0__SCAN_IN_U688_A,sa0,,7.8125000000e-02
U796,sa1,20,4.5312500000e-01
U878,sa0,8,8.5937500000e-02
U637_U878_A,sa1,,8.5937500000e-02
U706_U998_A,sa1,3,1.5625000000e-02
U864_U984_A,sa1,30,5.0902843475e-02
U770_U979_A,sa1,30,5.0392150879e-02
U861_U969_A,sa1,10,3.1250000000e-01
U629_U967_A,sa1,10,3.2812500000e-01
U782_U895_A,sa1,1,0.0000000000e+00
U599_U844_A,sa1,6,1.0937500000e-01
U878_U771_B,sa1,1,0.0000000000e+00
U799_U770_A,sa1,30,1.7883837223e-02
U796_U645_C,sa1,11,2.4218750000e-01
U795_U609_D,sa1,3,3.1250000000e-02
U834_U598_C,sa1,2,1.5625000000e-02
SUB_110_U11,sa0,1,0.0000000000e+00
U587_SUB_110_U11_A,sa0,,0.0000000000e+00
SUB_110_U18_SUB_110_U11_B,sa0,,0.0000000000e+00
SUB_110_U10,sa1,1,0.0000000000e+00
U587_SUB_110_U10_A,sa0,,0.0000000000e+00
U869,sa1,2,6.2500000000e-02
STATO_REG_0__SCAN_IN_U869_A,sa1,,6.2500000000e-02
STATO_REG_1__SCAN_IN_U869_B,sa1,,6.2500000000e-02
STATO_REG_2__SCAN_IN_U869_C,sa1,,6.2500000000e-02
U798,sa0,30,1.5487670898e-03
U702_U798_A,sa1,,1.5487670898e-03
U797,sa1,25,5.5371093750e-01
U704_U797_A,sa0,,5.5371093750e-01
U788,sa1,4,1.1718750000e-02
GT_169_U6_U788_A,sa0,,1.1718750000e-02
U779,sa1,4,1.1718750000e-02
GT_166_U6_U779_A,sa0,,1.1718750000e-02
U995,sa1,6,4.6875000000e-02
U986,sa1,30,2.6285943389e-01
U977,sa1,30,4.7134876251e-02
U968,sa1,2,2.5000000000e-01
U959,sa1,7,9.3750000000e-02
U699,sa0,13,2.9687500000e-01
U597_U699_A,sa0,,2.9687500000e-01
U687_U699_B,sa0,,2.9687500000e-01
U698,sa1,7,9.3750000000e-02
U689,sa1,8,1.0937500000e-01
MAR_REG_4__SCAN_IN_U689_A,sa0,,1.0937500000e-01
U896,sa1,7,4.6875000000e-02
U887,sa1,5,3.1250000000e-02
U713_U887_A,sa0,,3.1250000000e-02
U879,sa0,9,3.5156250000e-02
U710_U879_A,sa1,,3.5156250000e-02
U599,sa1,15,2.9687500000e-01
U878,sa1,1,0.0000000000e+00
U637_U878_A,sa0,,0.0000000000e+00
GT_197_U6_U995_B,sa1,9,7.0312500000e-02
U770_U989_A,sa1,30,3.1349301338e-02
U861_U987_B,sa1,30,1.4086899161e-01
U629_U985_B,sa1,30,1.5651905537e-01
U864_U976_A,sa1,30,9.4779968262e-02
U616_U897_D,sa1,1,0.0000000000e+00
U797_U881_A,sa1,13,3.6914062500e-01
U798_U871_A,sa1,30,2.2209167480e-02
U587_U794_A,sa1,17,1.2109375000e-01
U593_U785_D,sa1,1,0.0000000000e+00
U793_U669_A,sa1,2,6.2500000000e-02
U799_U645_A,sa1,2,1.9531250000e-03
U799_U644_B,sa1,3,1.2890625000e-01
U836_U598_B,sa1,2,1.5625000000e-02
SUB_110_U20,sa1,1,0.0000000000e+00
SUB_110_U9_SUB_110_U20_A,sa0,,0.0000000000e+00
SUB_110_U11,sa1,1,0.0000000000e+00
SUB_103_U10,sa0,15,5.4687500000e-02
SUB_103_U17,sa0,,5.4687500000e-02
SUB_103_U9_SUB_103_U17_A,sa1,,5.4687500000e-02
SUB_103_U11,sa0,,5.4687500000e-02
MAX_REG_3__SCAN_IN_SUB_103_U11_A,sa1,,5.4687500000e-02
U798,sa1,30,1.1138916016e-02
U702_U798_A,sa0,,1.1138916016e-02
U789,sa1,3,1.5625000000e-02
GT_206_U6_U789_A,sa0,,1.5625000000e-02
U996,sa1,3,1.5625000000e-02
U987,sa1,30,3.1346678734e-02
U978,sa1,30,2.6880264282e-01
U969,sa1,13,1.8750000000e-01
U699,sa1,4,4.6875000000e-02
U897,sa1,3,1.5625000000e-02
U799,sa0,30,4.1239552200e-01
U682_U799_A,sa0,,4.1239552200e-01
STATO_REG_1__SCAN_IN_U799_B,sa0,,4.1239552200e-01
U888,sa1,5,3.1250000000e-02
U879,sa1,10,3.5156250000e-02
U710_U879_A,sa0,,3.5156250000e-02
U750_SUB_110_U25_A,sa1,1,0.0000000000e+00
U864_U986_A,sa1,30,7.8310012817e-02
U879_U952_B,sa1,10,3.5156250000e-02
U777_U919_B,sa1,4,1.1718750000e-02
U779_U917_B,sa1,1,0.0000000000e+00
U798_U863_A,sa1,30,9.2239379883e-03
U595_U858_B,sa1,2,1.5625000000e-02
U696_U856_B,sa1,2,1.5625000000e-02
U599_U846_A,sa1,3,4.6875000000e-02
U682_U799_A,sa1,30,1.3602834940e-01
U593_U787_C,sa1,1,0.0000000000e+00
U596_U696_A,sa1,6,1.0937500000e-01
U687_U695_A,sa1,5,6.2500000000e-02
U838_U598_A,sa1,2,1.5625000000e-02
U796_U594_B,sa1,16,3.6132812500e-01
U878_U593_B,sa1,1,0.0000000000e+00
SUB_110_U21,sa1,1,0.0000000000e+00
SUB_110_U18_SUB_110_U21_A,sa0,,0.0000000000e+00
SUB_110_U30,sa1,1,0.0000000000e+00
SUB_110_U22,sa0,1,0.0000000000e+00
SUB_110_U11_SUB_110_U22_A,sa1,,0.0000000000e+00
SUB_110_U12,sa1,1,0.0000000000e+00
U750_SUB_110_U12_A,sa0,,0.0000000000e+00
SUB_103_U10,sa1,1,0.0000000000e+00
U997,sa1,8,6.2500000000e-02
U988,sa1,30,2.6385879517e-01
U979,sa1,30,3.9156436920e-02
U898,sa1,5,3.1250000000e-02
U799,sa1,30,1.3394188881e-01
U889,sa1,3,1.5625000000e-02
SUB_199_U13_SUB_199_U8_A,sa1,1,0.0000000000e+00
MAR_REG_2__SCAN_IN_ADD_304_U9_B,sa1,4,6.2500000000e-02
MAX_REG_0__SCAN_IN_U1020_B,sa1,17,6.2500000000e-02
GT_197_U6_U997_B,sa1,7,4.6875000000e-02
U627_U989_B,sa1,30,1.4086079597e-01
U864_U978_A,sa1,30,3.7395477295e-02
U859_U965_A,sa1,7,1.4062500000e-01
U790_U899_A,sa1,3,1.5625000000e-02
U790_U897_C,sa1,3,1.5625000000e-02
U782_U888_B,sa1,3,1.5625000000e-02
U599_U847_A,sa1,3,4.6875000000e-02
U778_U667_B,sa1,1,0.0000000000e+00
SUB_110_U22,sa1,1,0.0000000000e+00
SUB_110_U11_SUB_110_U22_A,sa0,,0.0000000000e+00
SUB_110_U31,sa1,1,0.0000000000e+00
SUB_103_U20,sa1,1,0.0000000000e+00
MAX_REG_1__SCAN_IN_SUB_103_U20_A,sa1,,0.0000000000e+00
MAX_REG_0__SCAN_IN_SUB_103_U20_B,sa1,,0.0000000000e+00
SUB_103_U11,sa1,1,0.0000000000e+00
MAX_REG_3__SCAN_IN_SUB_103_U11_A,sa0,,0.0000000000e+00
U899,sa1,5,3.1250000000e-02
SUB_110_U13,sa1,1,0.0000000000e+00
U998,sa1,5,3.1250000000e-02
U989,sa1,30,5.4742455482e-02
NUM_REG_1__SCAN_IN_SUB_199_U20_B,sa1,3,1.5625000000e-02
SUB_199_U9_SUB_199_U13_A,sa1,6,3.9062500000e-02
MAX_REG_0__SCAN_IN_U1021_B,sa1,2,3.9062500000e-03
U864_U988_A,sa1,30,4.6942114830e-02
U859_U983_B,sa1,30,6.3780307770e-02
U782_U898_B,sa1,3,1.5625000000e-02
U782_U889_B,sa1,3,1.5625000000e-02
U687_U697_A,sa1,5,6.2500000000e-02
SUB_60_U100,sa1,30,9.5874071121e-05
SUB_110_U23,sa1,1,0.0000000000e+00
SUB_110_U16_SUB_110_U23_A,sa0,,0.0000000000e+00
SUB_110_U15,sa0,1,0.0000000000e+00
SUB_110_U10_SUB_110_U15_A,sa0,,0.0000000000e+00
SUB_110_U16_SUB_110_U15_B,sa0,,0.0000000000e+00
SUB_110_U32,sa1,1,0.0000000000e+00
SUB_103_U13,sa0,1,0.0000000000e+00
MAX_REG_4__SCAN_IN_SUB_103_U13_A,sa1,,0.0000000000e+00
SUB_103_U21,sa1,1,0.0000000000e+00
SUB_103_U12,sa1,2,3.9062500000e-03
SUB_110_U14,sa1,1,0.0000000000e+00
U999,sa1,6,3.9062500000e-02
U752_SUB_110_U26_A,sa1,1,0.0000000000e+00
U587_SUB_110_U11_A,sa1,1,0.0000000000e+00
GT_197_U6_U999_B,sa1,3,2.3437500000e-02
U878_U938_B,sa1,1,0.0000000000e+00
U779_U929_B,sa1,4,1.1718750000e-02
U797_U867_A,sa1,13,1.8457031250e-01
U796_U866_C,sa1,6,1.2109375000e-01
U698_U848_B,sa1,2,1.5625000000e-02
U878_U784_C,sa1,1,0.0000000000e+00
U689_U695_B,sa1,5,6.2500000000e-02
SUB_60_U101,sa1,30,7.1287155151e-05
SUB_60_U110,sa1,30,1.0037422180e-04
SUB_110_U24,sa1,1,0.0000000000e+00
SUB_110_U15_SUB_110_U24_A,sa0,,0.0000000000e+00
SUB_110_U33,sa1,1,0.0000000000e+00
SUB_110_U15,sa1,1,0.0000000000e+00
SUB_110_U16,sa0,1,0.0000000000e+00
U587_SUB_110_U16_A,sa0,,0.0000000000e+00
SUB_110_U22_SUB_110_U16_B,sa0,,0.0000000000e+00
SUB_103_U22,sa1,1,0.0000000000e+00
SUB_103_U13,sa1,1,0.0000000000e+00
MAX_REG_4__SCAN_IN_SUB_103_U13_A,sa0,,0.0000000000e+00
U627_SUB_60_U112_A,sa1,30,7.5593590736e-05
MAX_REG_2__SCAN_IN_U1012_B,sa1,10,6.2500000000e-02
U599_U849_B,sa1,3,4.6875000000e-02
U878_U786_B,sa1,1,0.0000000000e+00
U597_U699_A,sa1,8,1.2500000000e-01
U589_stem_stem_stem,sa0,2,2.5000000000e-01
SUB_60_U111,sa1,30,6.0066580772e-05
SUB_60_U102,sa1,30,5.4880976677e-05
SUB_60_U120,sa1,30,7.9527497292e-05
SUB_110_U34,sa1,1,0.0000000000e+00
SUB_110_U16,sa1,1,0.0000000000e+00
SUB_110_U25,sa1,1,0.0000000000e+00
SUB_103_U23,sa1,2,3.9062500000e-03
SUB_103_U14,sa1,2,3.9062500000e-03
NUM_REG_1__SCAN_IN_SUB_199_U15_B,sa0,3,1.5625000000e-02
NUM_REG_2__SCAN_IN_SUB_199_U15_A,sa0,3,1.5625000000e-02
U629_SUB_60_U102_A,sa1,30,5.9112906456e-05
U587_SUB_110_U31_A,sa1,1,0.0000000000e+00
U687_U699_B,sa1,4,4.6875000000e-02
U589_stem_stem_stem,sa1,3,7.5000000000e-01
SUB_60_U103,sa1,1,0.0000000000e+00
SUB_60_U35_SUB_60_U103_A,sa0,,0.0000000000e+00
SUB_60_U112,sa1,30,7.4967741966e-05
SUB_110_U18,sa0,1,0.0000000000e+00
SUB_110_U20,sa0,,0.0000000000e+00
SUB_110_U9_SUB_110_U20_A,sa1,,0.0000000000e+00
SUB_110_U12,sa0,,0.0000000000e+00
U750_SUB_110_U12_A,sa1,,0.0000000000e+00
SUB_110_U26,sa1,1,0.0000000000e+00
SUB_103_U15,sa1,1,0.0000000000e+00
MAX_REG_1__SCAN_IN_SUB_103_U15_A,sa0,,0.0000000000e+00
SUB_103_U24,sa1,1,0.0000000000e+00
SUB_110_U17,sa1,1,0.0000000000e+00
SUB_199_U7_SUB_199_U19_A,sa1,4,2.3437500000e-02
U754_SUB_110_U26_B,sa1,1,0.0000000000e+00
SUB_60_U113,sa1,1,0.0000000000e+00
SUB_60_U37_SUB_60_U113_A,sa0,,0.0000000000e+00
SUB_60_U104,sa1,1,0.0000000000e+00
SUB_110_U27,sa1,1,0.0000000000e+00
SUB_110_U18,sa1,1,0.0000000000e+00
SUB_103_U16,sa1,1,0.0000000000e+00
MAX_REG_0__SCAN_IN_SUB_103_U16_A,sa0,,0.0000000000e+00
SUB_103_U25,sa1,1,0.0000000000e+00
U587_SUB_110_U33_A,sa1,1,0.0000000000e+00
MAX_REG_1__SCAN_IN_U1016_B,sa1,13,6.2500000000e-02
MAX_REG_4__SCAN_IN_U1004_B,sa1,5,6.2500000000e-02
SUB_199_U7_U1001_A,sa1,5,3.9062500000e-02
SUB_60_U114,sa1,1,0.0000000000e+00
SUB_60_U105,sa1,30,1.1004507542e-04
SUB_110_U28,sa1,1,0.0000000000e+00
SUB_103_U17,sa1,8,2.7343750000e-02
SUB_103_U9_SUB_103_U17_A,sa0,,2.7343750000e-02
SUB_103_U18,sa0,1,0.0000000000e+00
SUB_103_U10_SUB_103_U18_A,sa1,,0.0000000000e+00
SUB_110_U19,sa1,1,0.0000000000e+00
U626_SUB_60_U117_A,sa1,30,1.1162459850e-04
SUB_110_U10_SUB_110_U30_B,sa1,1,0.0000000000e+00
U587_SUB_110_U16_A,sa1,1,0.0000000000e+00
U589_stem_stem_stem_U649_A,sa1,30,6.1328125000e-01
SUB_60_U106,sa1,30,6.5565109253e-05
SUB_60_U115,sa1,30,1.2135505676e-04
SUB_110_U29,sa1,1,0.0000000000e+00
SUB_103_U18,sa1,16,5.8593750000e-02
SUB_103_U10_SUB_103_U18_A,sa0,,5.8593750000e-02
NUM_REG_1__SCAN_IN_SUB_199_U18_C,sa0,3,1.5625000000e-02
NUM_REG_2__SCAN_IN_SUB_199_U18_B,sa0,2,1.5625000000e-02
NUM_REG_3__SCAN_IN_SUB_199_U18_A,sa0,3,1.5625000000e-02
U628_SUB_60_U107_A,sa1,30,6.6608190536e-05
MAX_REG_8__SCAN_IN_U1021_A,sa1,1,0.0000000000e+00
SUB_60_U116,sa1,30,7.8886747360e-05
SUB_60_U107,sa1,30,8.5443258286e-05
SUB_103_U19,sa1,1,0.0000000000e+00
SUB_110_U10_SUB_110_U32_B,sa1,1,0.0000000000e+00
SUB_110_U11_SUB_110_U31_B,sa1,1,0.0000000000e+00
U587_SUB_110_U27_A,sa1,1,0.0000000000e+00
SUB_110_U10_SUB_110_U15_A,sa1,1,0.0000000000e+00
MAX_REG_3__SCAN_IN_U1008_B,sa1,7,6.2500000000e-02
NUM_REG_1__SCAN_IN_U1000_B,sa1,5,3.9062500000e-02
SUB_60_U108,sa1,1,0.0000000000e+00
SUB_60_U36_SUB_60_U108_A,sa0,,0.0000000000e+00
SUB_60_U117,sa1,30,5.5581331253e-05
SUB_60_U6,sa0,30,5.8898925781e-03
SUB_60_U75,sa0,,5.8898925781e-03
SUB_60_U74,sa0,,5.8898925781e-03
SUB_60_U22_SUB_60_U74_A,sa0,,5.8898925781e-03
TEMP_REG_7__SCAN_IN_SUB_60_U74_B,sa0,,5.8898925781e-03
SUB_60_U85,sa0,,5.8898925781e-03
SUB_60_U84,sa0,,5.8898925781e-03
U624_SUB_60_U84_A,sa0,,5.8898925781e-03
SUB_60_U39_SUB_60_U84_B,sa0,,5.8898925781e-03
SUB_60_U83,sa0,,5.8898925781e-03
SUB_60_U40_SUB_60_U83_A,sa0,,5.8898925781e-03
TEMP_REG_8__SCAN_IN_SUB_60_U83_B,sa0,,5.8898925781e-03
SUB_60_U73,sa0,,5.8898925781e-03
SUB_60_U71_SUB_60_U73_A,sa0,,5.8898925781e-03
SUB_60_U72,sa0,,5.8898925781e-03
U632_SUB_60_U72_A,sa0,,5.8898925781e-03
SUB_60_U21_SUB_60_U72_B,sa0,,5.8898925781e-03
SUB_60_U79,sa0,,5.8898925781e-03
SUB_60_U82,sa0,,5.8898925781e-03
U624_SUB_60_U82_A,sa0,,5.8898925781e-03
SUB_60_U39_SUB_60_U82_B,sa0,,5.8898925781e-03
SUB_60_U81,sa0,,5.8898925781e-03
SUB_60_U40_SUB_60_U81_A,sa0,,5.8898925781e-03
TEMP_REG_8__SCAN_IN_SUB_60_U81_B,sa0,,5.8898925781e-03
SUB_60_U78,sa0,,5.8898925781e-03
U632_SUB_60_U78_A,sa0,,5.8898925781e-03
SUB_60_U21_SUB_60_U78_B,sa0,,5.8898925781e-03
SUB_60_U77,sa0,,5.8898925781e-03
SUB_60_U76,sa0,,5.8898925781e-03
SUB_60_U22_SUB_60_U76_A,sa0,,5.8898925781e-03
TEMP_REG_7__SCAN_IN_SUB_60_U76_B,sa0,,5.8898925781e-03
SUB_60_U23_SUB_60_U77_B,sa0,,5.8898925781e-03
NUM_REG_2__SCAN_IN_SUB_199_U19_B,sa1,3,1.5625000000e-02
NUM_REG_4__SCAN_IN_SUB_199_U17_B,sa1,6,4.6875000000e-02
MAX_REG_8__SCAN_IN_U1013_B,sa1,10,4.6875000000e-02
NUM_REG_0__SCAN_IN_U1002_B,sa1,6,3.9062500000e-02
SUB_60_U6_U592_A,sa1,30,7.1029663086e-03
SUB_60_U118,sa1,1,0.0000000000e+00
SUB_60_U38_SUB_60_U118_A,sa0,,0.0000000000e+00
SUB_60_U109,sa1,1,0.0000000000e+00
SUB_60_U7,sa0,30,9.8764896393e-05
SUB_60_U9_SUB_60_U7_A,sa0,,9.8764896393e-05
SUB_60_U80,sa0,,9.8764896393e-05
U625_SUB_60_U80_A,sa0,,9.8764896393e-05
SUB_60_U8,sa0,,9.8764896393e-05
TEMP_REG_0__SCAN_IN_SUB_60_U8_A,sa1,,9.8764896393e-05
SUB_60_U6,sa1,30,5.4779052734e-03
R794_U9_R794_U41_B,sa1,7,2.3437500000e-02
ADD_304_U5_ADD_304_U26_A,sa1,5,1.1132812500e-01
ADD_304_U7_ADD_304_U24_A,sa1,4,4.8828125000e-02
ADD_304_U9_ADD_304_U22_A,sa1,3,1.7578125000e-02
SUB_110_U10_SUB_110_U34_B,sa1,1,0.0000000000e+00
SUB_110_U22_SUB_110_U32_A,sa1,1,0.0000000000e+00
U587_SUB_110_U29_A,sa1,1,0.0000000000e+00
SUB_103_U10_SUB_103_U22_A,sa1,1,0.0000000000e+00
MAX_REG_8__SCAN_IN_U1005_B,sa1,6,5.8593750000e-02
NUM_REG_0__SCAN_IN_U1003_B,sa1,6,3.9062500000e-02
SUB_60_U6_U862_C,sa0,1,0.0000000000e+00
SUB_60_U119,sa1,1,0.0000000000e+00
R794_U8_R794_U43_B,sa1,1,0.0000000000e+00
SUB_60_U8,sa1,30,6.6101551056e-05
TEMP_REG_0__SCAN_IN_SUB_60_U8_A,sa0,,6.6101551056e-05
SUB_60_U9,sa0,30,3.5858154297e-04
SUB_60_U24,sa0,,3.5858154297e-04
U625_SUB_60_U24_A,sa1,,3.5858154297e-04
TEMP_REG_0__SCAN_IN_SUB_60_U9_B,sa0,,3.5858154297e-04
SUB_60_U9,sa1,30,2.5177001953e-04
R794_U39_R794_U6_A,sa1,5,1.5625000000e-02
SUB_110_U10_SUB_110_U28_B,sa1,1,0.0000000000e+00
SUB_110_U22_SUB_110_U16_B,sa1,1,0.0000000000e+00
SUB_110_U18_SUB_110_U11_B,sa1,1,0.0000000000e+00
MAX_REG_8__SCAN_IN_U1017_B,sa1,9,3.1250000000e-02
SUB_199_U10,sa1,9,7.8125000000e-02
NUM_REG_4__SCAN_IN_SUB_199_U10_A,sa0,,7.8125000000e-02
SUB_73_U6,sa1,30,1.4684200287e-03
ADD_304_U17_ADD_304_U9_A,sa1,7,1.8750000000e-01
MAX_REG_8__SCAN_IN_U1009_B,sa1,8,5.4687500000e-02
SUB_199_U20,sa1,3,2.3437500000e-02
SUB_199_U11,sa1,4,2.3437500000e-02
NUM_REG_2__SCAN_IN_SUB_199_U11_A,sa0,,2.3437500000e-02
SUB_73_U7,sa1,30,1.4805793762e-04
MAX_REG_6__SCAN_IN_SUB_73_U7_A,sa0,,1.4805793762e-04
TEMP_REG_2__SCAN_IN_SUB_60_U52_B,sa1,30,1.3124942780e-04
SUB_110_U16_SUB_110_U15_B,sa1,1,0.0000000000e+00
SUB_103_U13_SUB_103_U23_B,sa1,1,0.0000000000e+00
SUB_199_U13,sa0,15,1.6406250000e-01
SUB_199_U9_SUB_199_U13_A,sa0,,1.6406250000e-01
SUB_199_U10,sa0,,1.6406250000e-01
NUM_REG_4__SCAN_IN_SUB_199_U10_A,sa1,,1.6406250000e-01
SUB_73_U8,sa1,30,1.3399124146e-04
U630_SUB_73_U8_A,sa0,,1.3399124146e-04
SUB_199_U12,sa1,5,3.9062500000e-02
TEMP_REG_4__SCAN_IN_SUB_60_U60_B,sa1,30,7.0220232010e-04
SUB_199_U13,sa1,1,0.0000000000e+00
SUB_73_U9,sa1,30,9.2387199402e-06
MAX_REG_1__SCAN_IN_SUB_73_U9_A,sa0,,9.2387199402e-06
NUM_REG_0__SCAN_IN_ADD_283_U7_B,sa1,30,1.4276504517e-03
NUM_REG_1__SCAN_IN_ADD_283_U7_A,sa1,30,1.7595291138e-03
SUB_110_U18_SUB_110_U33_B,sa1,1,0.0000000000e+00
SUB_110_U15_SUB_110_U27_B,sa1,1,0.0000000000e+00
GT_108_U6_U1011_B,sa1,5,3.5156250000e-02
SUB_199_U14,sa1,15,1.6406250000e-01
SUB_199_U13_SUB_199_U14_A,sa0,,1.6406250000e-01
U751_GT_122_U10_C,sa0,1,0.0000000000e+00
U753_GT_122_U10_A,sa0,1,0.0000000000e+00
SUB_199_U15,sa1,1,0.0000000000e+00
NUM_REG_2__SCAN_IN_SUB_199_U15_A,sa1,,0.0000000000e+00
NUM_REG_1__SCAN_IN_SUB_199_U15_B,sa1,,0.0000000000e+00
SUB_103_U18_SUB_103_U23_A,sa1,1,0.0000000000e+00
U706_U1000_A,sa1,5,3.9062500000e-02
SUB_199_U16,sa1,4,2.3437500000e-02
SUB_199_U9_SUB_199_U16_A,sa0,,2.3437500000e-02
TEMP_REG_3__SCAN_IN_SUB_60_U56_B,sa1,30,2.6059150696e-04
R794_U8_R794_U88_B,sa1,6,2.7343750000e-02
R794_U9_R794_U87_B,sa1,6,2.7343750000e-02
SUB_110_U16_SUB_110_U29_B,sa1,1,0.0000000000e+00
SUB_110_U9_SUB_110_U6_A,sa1,1,0.0000000000e+00
GT_108_U6_U1023_B,sa1,1,0.0000000000e+00
SUB_199_U17,sa1,6,4.6875000000e-02
GT_122_U10,sa1,1,0.0000000000e+00
U753_GT_122_U10_A,sa1,,0.0000000000e+00
GT_122_U7,sa1,,0.0000000000e+00
U751_GT_122_U10_C,sa1,,0.0000000000e+00
U636_GT_122_U10_D,sa1,,0.0000000000e+00
U636_GT_122_U10_D,sa0,1,0.0000000000e+00
TEMP_REG_5__SCAN_IN_SUB_60_U64_B,sa1,30,6.8664550781e-04
U636_GT_114_U11_B,sa0,1,0.0000000000e+00
U755_GT_114_U10_A,sa0,1,0.0000000000e+00
NUM_REG_2__SCAN_IN_ADD_283_U9_B,sa1,30,7.1811676025e-04
GT_108_U6_U1015_B,sa1,11,6.6406250000e-02
U752_U1010_A,sa1,8,6.6406250000e-02
U706_U1002_A,sa1,1,0.0000000000e+00
STATO_REG_1__SCAN_IN_U800_B,sa0,30,6.3705444336e-03
SUB_199_U18,sa1,3,1.5625000000e-02
NUM_REG_3__SCAN_IN_SUB_199_U18_A,sa1,,1.5625000000e-02
NUM_REG_2__SCAN_IN_SUB_199_U18_B,sa1,,1.5625000000e-02
NUM_REG_1__SCAN_IN_SUB_199_U18_C,sa1,,1.5625000000e-02
GT_114_U10,sa1,1,0.0000000000e+00
U755_GT_114_U10_A,sa1,,0.0000000000e+00
U757_GT_114_U10_B,sa1,,0.0000000000e+00
TEMP_REG_6__SCAN_IN_SUB_60_U91_B,sa1,30,8.0645084381e-05
ADD_283_U5_ADD_283_U26_A,sa1,30,3.1909942627e-03
ADD_283_U7_ADD_283_U24_A,sa1,30,1.5954971313e-03
ADD_283_U9_ADD_283_U22_A,sa1,30,7.9774856567e-04
U707_U1010_B,sa1,1,0.0000000000e+00
GT_108_U6_U1007_B,sa1,3,1.9531250000e-02
SUB_199_U19,sa1,3,1.5625000000e-02
GT_114_U11,sa1,1,0.0000000000e+00
GT_114_U7,sa1,,0.0000000000e+00
U636_GT_114_U11_B,sa1,,0.0000000000e+00
U1000,sa1,5,3.1250000000e-02
TEMP_REG_8__SCAN_IN_SUB_60_U81_B,sa1,30,7.6980590820e-03
SUB_60_U12_SUB_60_U52_A,sa1,30,3.1781196594e-04
U708_U1020_A,sa1,1,0.0000000000e+00
ADD_304_U5_U825_A,sa1,6,2.3632812500e-01
STATO_REG_1__SCAN_IN_U702_B,sa1,30,6.3362121582e-03
GT_215_U10,sa1,3,1.5625000000e-02
U749_GT_215_U10_A,sa1,,1.5625000000e-02
U748_GT_215_U10_B,sa1,,1.5625000000e-02
ADD_304_U5,sa0,3,2.5000000000e-01
MAR_REG_0__SCAN_IN_ADD_304_U5_A,sa1,,2.5000000000e-01
U1010,sa1,9,6.2500000000e-02
U1001,sa1,6,3.9062500000e-02
TEMP_REG_7__SCAN_IN_SUB_60_U74_B,sa1,30,6.2942504883e-04
U757_GT_114_U10_B,sa0,1,0.0000000000e+00
U708_U1012_A,sa1,1,0.0000000000e+00
U750_U1006_A,sa1,5,6.6406250000e-02
GT_197_U6_U1001_B,sa1,5,3.9062500000e-02
STATO_REG_1__SCAN_IN_U802_B,sa1,6,6.0546875000e-02
R794_U6,sa1,12,4.6875000000e-02
ADD_304_U5,sa1,6,2.3632812500e-01
MAR_REG_0__SCAN_IN_ADD_304_U5_A,sa0,,2.3632812500e-01
U1020,sa1,17,6.2500000000e-02
U1011,sa1,1,0.0000000000e+00
U1002,sa1,6,3.9062500000e-02
SUB_60_U20_SUB_60_U91_A,sa1,30,7.5399875641e-05
TEMP_REG_8__SCAN_IN_SUB_60_U83_B,sa1,30,3.3645629883e-03
SUB_60_U11_SUB_60_U54_B,sa1,30,4.7302246094e-04
SUB_103_U9_SUB_103_U6_B,sa1,2,3.9062500000e-03
U636_U1030_B,sa1,10,3.9062500000e-02
U633_U1024_B,sa1,10,3.5156250000e-02
U707_U1022_B,sa1,1,0.0000000000e+00
GT_108_U6_U1019_B,sa1,1,0.0000000000e+00
U708_U1004_A,sa1,1,0.0000000000e+00
GT_197_U6_U1003_A,sa1,1,0.0000000000e+00
ADD_283_U5_U812_A,sa1,30,6.8664550781e-03
GT_172_U10,sa1,4,1.1718750000e-02
U768_GT_172_U10_A,sa1,,1.1718750000e-02
U767_GT_172_U10_B,sa1,,1.1718750000e-02
R794_U8,sa0,5,1.5625000000e-02
U641_R794_U8_A,sa1,,1.5625000000e-02
R794_U7,sa1,7,2.7343750000e-02
U642_R794_U7_A,sa0,,2.7343750000e-02
ADD_304_U7,sa0,9,3.7500000000e-01
MAR_REG_1__SCAN_IN_ADD_304_U7_A,sa0,,3.7500000000e-01
MAR_REG_0__SCAN_IN_ADD_304_U7_B,sa0,,3.7500000000e-01
ADD_304_U6,sa1,5,1.1132812500e-01
MAR_REG_1__SCAN_IN_ADD_304_U6_A,sa0,,1.1132812500e-01
U1030,sa1,1,0.0000000000e+00
U1021,sa1,1,0.0000000000e+00
U1012,sa1,12,6.2500000000e-02
U1003,sa1,6,3.9062500000e-02
U748_GT_215_U10_B,sa0,1,0.0000000000e+00
U749_GT_215_U10_A,sa0,3,1.5625000000e-02
SUB_60_U9_SUB_60_U120_B,sa1,1,0.0000000000e+00
TEMP_REG_5__SCAN_IN_SUB_60_U96_B,sa1,30,7.3671340942e-05
SUB_60_U40_SUB_60_U81_A,sa1,21,2.0446777344e-03
TEMP_REG_7__SCAN_IN_SUB_60_U76_B,sa1,30,1.1978149414e-03
SUB_60_U21_SUB_60_U72_B,sa1,30,4.1198730469e-03
TEMP_REG_6__SCAN_IN_SUB_60_U68_B,sa1,30,1.2588500977e-03
SUB_60_U16_SUB_60_U60_A,sa1,30,6.3323974609e-04
ADD_283_U17_ADD_283_U9_A,sa1,30,1.1172294617e-03
U751_U1033_B,sa1,10,3.9062500000e-02
U771_U1031_B,sa1,10,3.9062500000e-02
U707_U1014_B,sa1,1,0.0000000000e+00
STATO_REG_2__SCAN_IN_U821_B,sa1,4,8.5937500000e-02
STATO_REG_2__SCAN_IN_U704_B,sa1,6,9.7656250000e-03
R794_U9,sa0,5,1.5625000000e-02
U755_R794_U9_A,sa1,,1.5625000000e-02
R794_U8,sa1,6,2.7343750000e-02
U641_R794_U8_A,sa0,,2.7343750000e-02
ADD_304_U7,sa1,5,1.1132812500e-01
U1040,sa1,12,4.2968750000e-02
U1031,sa1,1,0.0000000000e+00
U1022,sa1,17,6.2500000000e-02
U1013,sa1,1,0.0000000000e+00
U1004,sa1,6,6.2500000000e-02
SUB_60_U32_SUB_60_U90_A,sa1,30,9.3743205070e-05
TEMP_REG_7__SCAN_IN_SUB_60_U86_B,sa1,30,6.1795115471e-05
SUB_60_U10_SUB_60_U48_B,sa1,30,2.8228759766e-04
U772_U1040_B,sa1,1,0.0000000000e+00
U754_U1014_A,sa1,11,6.6406250000e-02
U707_U1006_B,sa1,1,0.0000000000e+00
R794_U9,sa1,7,2.3437500000e-02
U755_R794_U9_A,sa0,,2.3437500000e-02
ADD_304_U9,sa0,10,4.3750000000e-01
ADD_304_U17_ADD_304_U9_A,sa0,,4.3750000000e-01
MAR_REG_2__SCAN_IN_ADD_304_U9_B,sa0,,4.3750000000e-01
ADD_304_U8,sa1,4,4.8828125000e-02
MAR_REG_2__SCAN_IN_ADD_304_U8_A,sa0,,4.8828125000e-02
U1041,sa1,6,1.9531250000e-02
U1032,sa1,1,0.0000000000e+00
U1023,sa1,1,0.0000000000e+00
U1014,sa1,12,6.2500000000e-02
U1005,sa1,1,0.0000000000e+00
STATO_REG_0__SCAN_IN,sa0,27,4.2359161377e-01
RES_DISP_REG_SCAN_IN,sa0,5,4.3750000000e-01
SUB_73_U20_SUB_73_U50_A,sa1,30,5.8746337891e-04
SUB_60_U23_SUB_60_U90_B,sa1,1,0.0000000000e+00
SUB_60_U40_SUB_60_U83_A,sa1,30,3.5400390625e-03
SUB_60_U22_SUB_60_U74_A,sa1,30,2.3612976074e-03
SUB_60_U15_SUB_60_U62_B,sa1,30,1.2207031250e-03
SUB_60_U43_SUB_60_U61_B,sa1,30,9.9182128906e-04
U772_U1032_B,sa1,10,3.9062500000e-02
U634_U1026_B,sa1,10,3.9062500000e-02
U708_U1016_A,sa1,1,0.0000000000e+00
RES_DISP_REG_SCAN_IN_U914_C,sa1,14,1.6796875000e-01
RES_DISP_REG_SCAN_IN_U870_B,sa1,4,3.7500000000e-01
STATO_REG_2__SCAN_IN_U823_B,sa1,3,1.4062500000e-01
ADD_304_U9,sa1,4,4.8828125000e-02
U1033,sa1,1,0.0000000000e+00
U1024,sa1,6,1.2109375000e-01
U1015,sa1,1,0.0000000000e+00
U1006,sa1,6,6.2500000000e-02
STATO_REG_1__SCAN_IN,sa0,30,4.2939797789e-01
STATO_REG_0__SCAN_IN,sa1,21,4.2359161377e-01
RES_DISP_REG_SCAN_IN,sa1,5,4.3750000000e-01
SUB_60_U20_SUB_60_U68_A,sa1,30,1.5144050121e-03
SUB_60_U14_SUB_60_U56_A,sa1,30,2.8610229492e-04
U767_GT_172_U10_B,sa0,1,0.0000000000e+00
U768_GT_172_U10_A,sa0,4,1.1718750000e-02
U771_U1025_B,sa1,10,3.5156250000e-02
U708_U1008_A,sa1,1,0.0000000000e+00
RES_DISP_REG_SCAN_IN_U933_C,sa1,10,2.0312500000e-01
RES_DISP_REG_SCAN_IN_U791_B,sa0,3,2.5000000000e-01
ADD_283_U5,sa0,30,8.4495544434e-03
NUM_REG_0__SCAN_IN_ADD_283_U5_A,sa1,,8.4495544434e-03
U1034,sa1,5,1.5625000000e-02
U1025,sa1,1,0.0000000000e+00
U1016,sa1,15,6.2500000000e-02
U1007,sa1,1,0.0000000000e+00
STATO_REG_2__SCAN_IN,sa0,13,4.9609375000e-01
STATO_REG_1__SCAN_IN,sa1,30,3.0447387695e-01
SUB_60_U22_SUB_60_U76_A,sa1,30,1.3580322266e-03
U753_U1035_B,sa1,9,3.5156250000e-02
U772_U1034_B,sa1,7,2.3437500000e-02
U957_U1030_A,sa1,1,0.0000000000e+00
U758_U1022_A,sa1,17,6.6406250000e-02
U707_U1018_B,sa1,1,0.0000000000e+00
STATO_REG_1__SCAN_IN_U961_B,sa1,17,1.2500000000e-01
STATO_REG_0__SCAN_IN_U882_A,sa1,8,2.4804687500e-01
STATO_REG_0__SCAN_IN_U871_C,sa1,30,4.8446655273e-03
STATO_REG_2__SCAN_IN_U825_B,sa1,2,2.5000000000e-01
STATO_REG_0__SCAN_IN_U592_C,sa1,30,4.9457550049e-03
U589_stem,sa0,2,2.5000000000e-01
U589_stem_U591_A,sa1,5,2.3437500000e-01
ADD_283_U5,sa1,30,7.9231262207e-03
NUM_REG_0__SCAN_IN_ADD_283_U5_A,sa0,,7.9231262207e-03
U1035,sa1,3,7.8125000000e-03
U1026,sa1,1,0.0000000000e+00
U1017,sa1,1,0.0000000000e+00
U1008,sa1,9,6.2500000000e-02
STATO_REG_2__SCAN_IN,sa1,13,4.9609375000e-01
SUB_73_U21_SUB_73_U51_B,sa1,30,9.0971589088e-04
SUB_60_U22_SUB_60_U86_A,sa1,30,7.2658061981e-05
SUB_60_U71_SUB_60_U73_A,sa1,30,1.8730163574e-03
SUB_60_U19_SUB_60_U70_B,sa1,30,3.2577514648e-03
SUB_60_U42_SUB_60_U65_B,sa1,30,1.6632080078e-03
SUB_60_U13_SUB_60_U58_B,sa1,30,6.5612792969e-04
SUB_60_U45_SUB_60_U53_B,sa1,30,3.9672851563e-04
U956_U1041_A,sa1,1,0.0000000000e+00
U759_U1040_A,sa1,12,4.2968750000e-02
U635_U1028_B,sa1,10,3.9062500000e-02
U771_U1027_B,sa1,10,3.9062500000e-02
U758_U1023_A,sa1,1,0.0000000000e+00
STATO_REG_1__SCAN_IN_U971_B,sa1,15,1.0937500000e-01
STATO_REG_2__SCAN_IN_U817_B,sa1,6,4.4921875000e-02
U589_stem,sa1,3,7.5000000000e-01
ADD_283_U7,sa0,30,2.7770996094e-03
NUM_REG_1__SCAN_IN_ADD_283_U7_A,sa0,,2.7770996094e-03
NUM_REG_0__SCAN_IN_ADD_283_U7_B,sa0,,2.7770996094e-03
ADD_283_U6,sa1,30,3.4332275391e-03
NUM_REG_1__SCAN_IN_ADD_283_U6_A,sa0,,3.4332275391e-03
U1036,sa1,9,3.1250000000e-02
U1027,sa1,1,0.0000000000e+00
U1018,sa1,15,6.2500000000e-02
U1009,sa1,1,0.0000000000e+00
SUB_60_U21_SUB_60_U87_B,sa1,30,8.3848834038e-05
SUB_60_U21_SUB_60_U78_B,sa1,30,5.4855346680e-03
SUB_60_U18_SUB_60_U64_A,sa1,30,8.9263916016e-04
U772_U1036_B,sa1,4,1.5625000000e-02
U956_U1033_A,sa1,13,5.4687500000e-02
STATO_REG_1__SCAN_IN_U963_B,sa1,17,1.2500000000e-01
STATO_REG_0__SCAN_IN_U885_A,sa0,3,1.8750000000e-01
STATO_REG_1__SCAN_IN_U882_B,sa1,8,2.4804687500e-01
STATO_REG_1__SCAN_IN_U592_D,sa1,30,2.3970603943e-03
ADD_283_U7,sa1,30,1.5354156494e-03
U1037,sa1,5,1.5625000000e-02
U1028,sa1,1,0.0000000000e+00
U1019,sa1,1,0.0000000000e+00
SUB_60_U41_SUB_60_U95_B,sa1,1,0.0000000000e+00
SUB_60_U33_SUB_60_U95_A,sa1,30,1.2367963791e-04
SUB_60_U23_SUB_60_U77_B,sa1,30,1.0925292969e-02
SUB_60_U9_SUB_60_U7_A,sa1,30,9.8630785942e-05
MAX_REG_0__SCAN_IN_SUB_103_U9_C,sa0,2,3.9062500000e-03
MAX_REG_1__SCAN_IN_SUB_103_U9_B,sa0,2,3.9062500000e-03
MAX_REG_2__SCAN_IN_SUB_103_U9_A,sa0,1,0.0000000000e+00
U759_U1041_B,sa1,6,2.3437500000e-02
U771_U1029_B,sa1,10,3.9062500000e-02
U957_U1024_A,sa1,1,0.0000000000e+00
U756_U1018_A,sa1,14,6.6406250000e-02
STATO_REG_1__SCAN_IN_U973_B,sa1,16,1.1718750000e-01
RES_DISP_REG_SCAN_IN_U892_C,sa1,5,4.6875000000e-02
STATO_REG_1__SCAN_IN_U883_B,sa1,2,6.2500000000e-02
STATO_REG_1__SCAN_IN_U865_B,sa1,2,6.2500000000e-02
STATO_REG_2__SCAN_IN_U819_B,sa1,5,5.8593750000e-02
START_U800_A,sa0,7,1.2304687500e-01
STATO_REG_0__SCAN_IN_U793_C,sa1,5,1.0986328125e-01
STATO_REG_0__SCAN_IN_U685_C,sa1,30,1.3557434082e-01
ADD_283_U9,sa0,30,3.0002593994e-03
ADD_283_U17_ADD_283_U9_A,sa0,,3.0002593994e-03
NUM_REG_2__SCAN_IN_ADD_283_U9_B,sa0,,3.0002593994e-03
ADD_283_U8,sa1,30,1.7166137695e-03
NUM_REG_2__SCAN_IN_ADD_283_U8_A,sa0,,1.7166137695e-03
U1038,sa1,9,3.1250000000e-02
U1029,sa1,1,0.0000000000e+00
SUB_60_U41_SUB_60_U69_B,sa1,30,2.0217895508e-03
SUB_60_U17_SUB_60_U66_B,sa1,30,2.2201538086e-03
SUB_60_U44_SUB_60_U57_B,sa1,30,4.7302246094e-04
U772_U1038_B,sa1,6,2.3437500000e-02
U755_U1037_B,sa1,6,2.3437500000e-02
U956_U1035_A,sa1,11,4.6875000000e-02
U756_U1019_A,sa1,1,0.0000000000e+00
STATO_REG_1__SCAN_IN_U965_B,sa1,24,1.7968750000e-01
STATO_REG_0__SCAN_IN_U869_A,sa0,2,3.1250000000e-02
STATO_REG_0__SCAN_IN_U867_B,sa1,2,7.8125000000e-03
U589_stem_stem_stem_stem_U650_A,sa1,30,5.9765625000e-01
ADD_283_U9,sa1,30,8.1157684326e-04
U1039,sa1,5,1.5625000000e-02
SUB_73_U23_SUB_73_U54_A,sa1,30,2.5713443756e-04
SUB_73_U20_SUB_73_U48_A,sa1,30,5.5313110352e-04
SUB_60_U19_SUB_60_U92_B,sa1,30,7.5712800026e-05
U957_U1026_A,sa1,1,0.0000000000e+00
STATO_REG_1__SCAN_IN_U975_B,sa1,14,1.0156250000e-01
STATO_REG_2__SCAN_IN_U885_B,sa0,2,1.9531250000e-03
U589_stem_stem_stem_stem_U660_A,sa1,17,1.8750000000e-01
U589_stem_stem_stem_stem_U651_A,sa1,30,5.3515625000e-01
RES_DISP_REG_SCAN_IN_U589_B,sa1,2,2.5000000000e-01
SUB_73_U22_SUB_73_U55_B,sa1,30,3.1566619873e-04
SUB_60_U39_SUB_60_U82_B,sa1,20,2.0446777344e-03
SUB_60_U47_SUB_60_U48_A,sa1,30,3.1280517578e-04
U956_U1037_A,sa1,8,3.5156250000e-02
STATO_REG_1__SCAN_IN_U967_B,sa1,12,8.5937500000e-02
STATO_REG_1__SCAN_IN_U869_B,sa0,2,6.2500000000e-02
U589_stem_stem_stem_stem_U652_A,sa1,30,5.5468750000e-01
SUB_73_U23_SUB_73_U56_A,sa1,30,1.2969970703e-03
MAX_REG_2__SCAN_IN_SUB_73_U32_B,sa1,30,2.1219253540e-05
SUB_60_U18_SUB_60_U96_A,sa1,30,1.3470649719e-04
SUB_60_U46_SUB_60_U49_B,sa1,30,4.5013427734e-04
U957_U1028_A,sa1,1,0.0000000000e+00
STATO_REG_1__SCAN_IN_U959_B,sa1,7,4.6875000000e-02
STATO_REG_2__SCAN_IN_U796_B,sa1,25,4.8046875000e-01
U589_stem_stem_stem_stem_U662_A,sa1,22,6.3281250000e-01
U589_stem_stem_stem_stem_U653_A,sa1,30,4.8828125000e-01
SUB_73_U22_SUB_73_U57_B,sa1,30,1.2044906616e-03
SUB_60_U17_SUB_60_U97_B,sa1,30,8.8274478912e-05
SUB_60_U39_SUB_60_U84_B,sa1,30,2.8991699219e-03
U757_U1039_B,sa1,6,2.3437500000e-02
U956_U1039_A,sa1,8,2.7343750000e-02
STATO_REG_1__SCAN_IN_U969_B,sa1,13,9.3750000000e-02
STATO_REG_2__SCAN_IN_U869_C,sa0,2,6.2500000000e-02
U589_stem_stem_stem_stem_U663_A,sa1,19,6.3281250000e-01
U589_stem_stem_stem_stem,sa0,2,2.5000000000e-01
U705_U589_A,sa0,,2.5000000000e-01
RES_DISP_REG_SCAN_IN_U589_B,sa0,,2.5000000000e-01
SUB_73_U19_SUB_73_U52_B,sa1,30,6.5994262695e-04
MAX_REG_3__SCAN_IN_SUB_73_U33_B,sa1,30,3.4868717194e-05
MAX_REG_0__SCAN_IN_SUB_73_U27_B,sa1,30,7.5995922089e-06
MAX_REG_1__SCAN_IN_SUB_73_U26_B,sa1,30,1.7404556274e-05
SUB_60_U71_SUB_60_U89_B,sa1,30,1.0488927364e-04
STATO_REG_1__SCAN_IN_U799_B,sa1,30,1.3452181220e-01
U589_stem_stem_stem_stem_U664_A,sa1,15,7.5000000000e-01
U589_stem_stem_stem_stem_U655_A,sa1,30,6.0156250000e-01
U589_stem_stem_stem_stem,sa1,3,7.5000000000e-01
U589_stem_stem_stem_stem_U665_A,sa1,23,6.0937500000e-01
U589_stem_stem_stem_stem_U656_A,sa1,26,7.0312500000e-01
EN_DISP_REG_SCAN_IN,sa0,3,5.0000000000e-01
EN_DISP_REG_SCAN_IN_U791_A,sa0,2,2.5000000000e-01
U589_stem_stem_stem_stem_U666_A,sa1,17,4.9218750000e-01
U589_stem_stem_stem_stem_U657_A,sa1,27,6.5625000000e-01
EN_DISP_REG_SCAN_IN,sa1,4,5.0000000000e-01
START,sa0,17,1.3062286377e-01
MAX_REG_7__SCAN_IN_SUB_73_U50_B,sa1,30,7.6103210449e-04
SUB_73_U19_SUB_73_U46_B,sa1,30,4.7492980957e-04
MAR_REG_4__SCAN_IN_ADD_304_U20_B,sa1,5,2.3437500000e-01
U589_stem_stem_stem_stem_U667_A,sa1,19,5.1562500000e-01
U589_stem_stem_stem_stem_U658_A,sa1,30,6.0937500000e-01
TEMP_REG_0__SCAN_IN,sa0,30,2.5008794665e-01
START,sa1,18,1.3062286377e-01
MAX_REG_6__SCAN_IN_SUB_73_U25_B,sa1,30,1.2612342834e-04
MAR_REG_3__SCAN_IN_ADD_304_U22_B,sa1,4,2.1875000000e-01
U589_stem_stem_stem_stem_U659_A,sa1,25,5.6250000000e-01
TEMP_REG_0__SCAN_IN,sa1,30,2.5025868416e-01
TEMP_REG_1__SCAN_IN,sa0,30,2.5026680529e-01
MAR_REG_2__SCAN_IN_ADD_304_U24_B,sa1,3,1.8750000000e-01
START_U881_B,sa1,3,5.8593750000e-03
TEMP_REG_1__SCAN_IN,sa1,30,2.5019729137e-01
TEMP_REG_2__SCAN_IN,sa0,30,2.5022581220e-01
MAX_REG_4__SCAN_IN_SUB_73_U38_B,sa1,30,6.5207481384e-05
MAR_REG_0__SCAN_IN_ADD_304_U27_B,sa1,2,1.2500000000e-01
MAR_REG_1__SCAN_IN_ADD_304_U26_B,sa1,2,1.2500000000e-01
TEMP_REG_2__SCAN_IN,sa1,30,2.5010733306e-01
TEMP_REG_3__SCAN_IN,sa0,30,2.5023269653e-01
MAR_REG_3__SCAN_IN_ADD_304_U16_B,sa1,3,3.1250000000e-02
TEMP_REG_2__SCAN_IN_U970_B,sa1,2,2.5000000000e-01
START_U793_B,sa1,9,1.0986328125e-01
TEMP_REG_3__SCAN_IN,sa1,30,2.5045037270e-01
TEMP_REG_4__SCAN_IN,sa0,30,2.5020599365e-01
MAX_REG_8__SCAN_IN_SUB_73_U54_B,sa1,30,1.5373229980e-03
MAX_REG_5__SCAN_IN_SUB_73_U39_B,sa1,30,1.7285346985e-04
TEMP_REG_1__SCAN_IN_U972_B,sa1,2,2.5000000000e-01
TEMP_REG_4__SCAN_IN,sa1,30,2.5082778931e-01
TEMP_REG_5__SCAN_IN,sa0,30,2.5076293945e-01
TEMP_REG_0__SCAN_IN_U974_B,sa1,2,2.5000000000e-01
EN_DISP_REG_SCAN_IN_U868_B,sa1,18,3.6816406250e-01
TEMP_REG_5__SCAN_IN,sa1,30,2.5138092041e-01
TEMP_REG_6__SCAN_IN,sa0,30,2.5238037109e-01
MAX_REG_8__SCAN_IN_SUB_73_U56_B,sa1,30,1.0242462158e-03
MAX_REG_7__SCAN_IN_SUB_73_U48_B,sa1,30,6.3133239746e-04
TEMP_REG_6__SCAN_IN,sa1,30,2.5261306763e-01
TEMP_REG_7__SCAN_IN,sa0,30,2.5187492371e-01
TEMP_REG_7__SCAN_IN_U960_B,sa1,2,2.5000000000e-01
MAR_REG_0__SCAN_IN_U700_C,sa1,5,6.2500000000e-02
TEMP_REG_7__SCAN_IN,sa1,30,2.5238800049e-01
TEMP_REG_8__SCAN_IN,sa0,30,2.5685119629e-01
TEMP_REG_6__SCAN_IN_U962_B,sa1,2,2.5000000000e-01
MAR_REG_2__SCAN_IN_U700_B,sa1,5,6.2500000000e-02
SUB_60_U10,sa0,30,1.5434622765e-04
U626_SUB_60_U10_A,sa1,,1.5434622765e-04
TEMP_REG_8__SCAN_IN,sa1,30,2.6045227051e-01
U631_SUB_60_U70_A,sa1,30,2.1743774414e-03
TEMP_REG_5__SCAN_IN_U964_B,sa1,2,2.5000000000e-01
MAR_REG_2__SCAN_IN_U701_B,sa1,4,4.6875000000e-02
SUB_60_U20,sa0,30,2.6321411133e-03
U631_SUB_60_U20_A,sa1,,2.6321411133e-03
SUB_60_U11,sa0,30,3.0499696732e-04
TEMP_REG_2__SCAN_IN_SUB_60_U11_A,sa1,,3.0499696732e-04
SUB_60_U10,sa1,30,2.1061301231e-04
U626_SUB_60_U10_A,sa0,,2.1061301231e-04
U630_SUB_73_U41_A,sa1,30,9.9152326584e-05
R794_U12_R794_U51_B,sa1,1,0.0000000000e+00
TEMP_REG_4__SCAN_IN_U966_B,sa1,2,2.5000000000e-01
SUB_60_U21,sa0,30,2.0680427551e-03
TEMP_REG_7__SCAN_IN_SUB_60_U21_A,sa1,,2.0680427551e-03
SUB_60_U20,sa1,30,1.9149780273e-03
U631_SUB_60_U20_A,sa0,,1.9149780273e-03
SUB_60_U12,sa0,30,4.0435791016e-04
U627_SUB_60_U12_A,sa1,,4.0435791016e-04
SUB_60_U11,sa1,30,3.1661987305e-04
TEMP_REG_2__SCAN_IN_SUB_60_U11_A,sa0,,3.1661987305e-04
SUB_110_U6,sa1,1,0.0000000000e+00
SUB_60_U30,sa0,30,1.1500716209e-04
SUB_60_U115,sa0,,1.1500716209e-04
SUB_60_U37_SUB_60_U115_A,sa0,,1.1500716209e-04
SUB_60_U45_SUB_60_U115_B,sa0,,1.1500716209e-04
SUB_60_U114,sa0,,1.1500716209e-04
SUB_60_U51,sa0,,1.1500716209e-04
SUB_60_U45_SUB_60_U51_A,sa1,,1.1500716209e-04
SUB_60_U113,sa0,,1.1500716209e-04
SUB_60_U37_SUB_60_U113_A,sa1,,1.1500716209e-04
U626_SUB_60_U50_A,sa1,30,5.3405761719e-04
ADD_304_U16_ADD_304_U20_A,sa1,2,1.9531250000e-03
U752_SUB_110_U9_B,sa0,1,0.0000000000e+00
TEMP_REG_3__SCAN_IN_U968_B,sa1,2,2.5000000000e-01
SUB_60_U40,sa0,30,4.3907165527e-03
U624_SUB_60_U40_A,sa1,,4.3907165527e-03
SUB_60_U22,sa0,30,1.3008117676e-03
U632_SUB_60_U22_A,sa1,,1.3008117676e-03
SUB_60_U21,sa1,30,4.9285888672e-03
TEMP_REG_7__SCAN_IN_SUB_60_U21_A,sa0,,4.9285888672e-03
SUB_60_U13,sa0,30,4.6910345554e-04
TEMP_REG_3__SCAN_IN_SUB_60_U13_A,sa1,,4.6910345554e-04
SUB_60_U12,sa1,30,3.8909912109e-04
U627_SUB_60_U12_A,sa0,,3.8909912109e-04
SUB_110_U7,sa1,1,0.0000000000e+00
U754_SUB_110_U7_A,sa0,,0.0000000000e+00
SUB_60_U31,sa0,30,1.2096762657e-04
SUB_60_U120,sa0,,1.2096762657e-04
SUB_60_U38_SUB_60_U120_A,sa0,,1.2096762657e-04
SUB_60_U9_SUB_60_U120_B,sa0,,1.2096762657e-04
SUB_60_U119,sa0,,1.2096762657e-04
SUB_60_U118,sa0,,1.2096762657e-04
SUB_60_U38_SUB_60_U118_A,sa1,,1.2096762657e-04
SUB_60_U47_SUB_60_U119_B,sa0,,1.2096762657e-04
SUB_199_U9_SUB_199_U6_B,sa1,6,4.6875000000e-02
U632_SUB_60_U72_A,sa1,30,9.2239379883e-03
R794_U11_R794_U45_B,sa1,7,2.3437500000e-02
R794_U60_R794_U33_A,sa1,20,7.4218750000e-02
U754_SUB_110_U9_A,sa0,1,0.0000000000e+00
MAR_REG_3__SCAN_IN_U820_B,sa1,4,2.1875000000e-01
SUB_60_U41,sa0,30,9.7656250000e-04
SUB_60_U66,sa0,,9.7656250000e-04
U630_SUB_60_U66_A,sa0,,9.7656250000e-04
SUB_60_U17_SUB_60_U66_B,sa0,,9.7656250000e-04
SUB_60_U65,sa0,,9.7656250000e-04
SUB_60_U64,sa0,,9.7656250000e-04
SUB_60_U18_SUB_60_U64_A,sa0,,9.7656250000e-04
TEMP_REG_5__SCAN_IN_SUB_60_U64_B,sa0,,9.7656250000e-04
SUB_60_U42_SUB_60_U65_B,sa0,,9.7656250000e-04
SUB_60_U40,sa1,30,3.1356811523e-03
U624_SUB_60_U40_A,sa0,,3.1356811523e-03
SUB_60_U32,sa0,30,9.6172094345e-05
SUB_60_U87,sa0,,9.6172094345e-05
U632_SUB_60_U87_A,sa0,,9.6172094345e-05
SUB_60_U21_SUB_60_U87_B,sa0,,9.6172094345e-05
SUB_60_U86,sa0,,9.6172094345e-05
SUB_60_U22_SUB_60_U86_A,sa0,,9.6172094345e-05
TEMP_REG_7__SCAN_IN_SUB_60_U86_B,sa0,,9.6172094345e-05
SUB_60_U23,sa0,30,9.4604492188e-04
SUB_60_U70,sa0,,9.4604492188e-04
U631_SUB_60_U70_A,sa0,,9.4604492188e-04
SUB_60_U19_SUB_60_U70_B,sa0,,9.4604492188e-04
SUB_60_U69,sa0,,9.4604492188e-04
SUB_60_U68,sa0,,9.4604492188e-04
SUB_60_U20_SUB_60_U68_A,sa0,,9.4604492188e-04
TEMP_REG_6__SCAN_IN_SUB_60_U68_B,sa0,,9.4604492188e-04
SUB_60_U41_SUB_60_U69_B,sa0,,9.4604492188e-04
SUB_60_U22,sa1,30,1.6098022461e-03
U632_SUB_60_U22_A,sa0,,1.6098022461e-03
SUB_60_U14,sa0,30,5.5313110352e-04
U628_SUB_60_U14_A,sa1,,5.5313110352e-04
SUB_60_U13,sa1,30,5.3656101227e-04
TEMP_REG_3__SCAN_IN_SUB_60_U13_A,sa0,,5.3656101227e-04
SUB_110_U9,sa0,1,0.0000000000e+00
SUB_103_U6,sa1,2,3.9062500000e-03
SUB_110_U8,sa1,1,0.0000000000e+00
U631_SUB_60_U92_A,sa1,30,6.7964196205e-05
U625_SUB_60_U80_A,sa1,30,7.3522329330e-05
U630_SUB_60_U66_A,sa1,30,2.1438598633e-03
R794_U10_R794_U83_B,sa1,7,3.1250000000e-02
R794_U11_R794_U82_B,sa1,7,3.1250000000e-02
R794_U10_R794_U47_B,sa1,1,0.0000000000e+00
MAR_REG_2__SCAN_IN_U822_B,sa1,4,2.1875000000e-01
SUB_73_U20,sa0,30,4.4631958008e-04
U632_SUB_73_U20_A,sa1,,4.4631958008e-04
SUB_73_U10,sa1,30,1.5914440155e-05
U626_SUB_73_U10_A,sa0,,1.5914440155e-05
SUB_60_U50,sa1,30,1.8478929996e-04
SUB_60_U42,sa0,30,9.4079971313e-04
SUB_60_U62,sa0,,9.4079971313e-04
U629_SUB_60_U62_A,sa0,,9.4079971313e-04
SUB_60_U15_SUB_60_U62_B,sa0,,9.4079971313e-04
SUB_60_U61,sa0,,9.4079971313e-04
SUB_60_U60,sa0,,9.4079971313e-04
SUB_60_U16_SUB_60_U60_A,sa0,,9.4079971313e-04
TEMP_REG_4__SCAN_IN_SUB_60_U60_B,sa0,,9.4079971313e-04
SUB_60_U43_SUB_60_U61_B,sa0,,9.4079971313e-04
SUB_60_U41,sa1,30,2.0217895508e-03
SUB_60_U33,sa0,30,9.9539756775e-05
SUB_60_U92,sa0,,9.9539756775e-05
U631_SUB_60_U92_A,sa0,,9.9539756775e-05
SUB_60_U19_SUB_60_U92_B,sa0,,9.9539756775e-05
SUB_60_U91,sa0,,9.9539756775e-05
SUB_60_U20_SUB_60_U91_A,sa0,,9.9539756775e-05
TEMP_REG_6__SCAN_IN_SUB_60_U91_B,sa0,,9.9539756775e-05
SUB_60_U32,sa1,30,8.5324048996e-05
SUB_60_U23,sa1,30,3.6697387695e-03
SUB_60_U15,sa0,30,6.4365565777e-04
TEMP_REG_4__SCAN_IN_SUB_60_U15_A,sa1,,6.4365565777e-04
SUB_60_U14,sa1,30,5.8746337891e-04
U628_SUB_60_U14_A,sa0,,5.8746337891e-04
SUB_110_U9,sa1,1,0.0000000000e+00
U754_SUB_110_U9_A,sa1,,0.0000000000e+00
U752_SUB_110_U9_B,sa1,,0.0000000000e+00
SUB_103_U7,sa1,2,3.9062500000e-03
MAR_REG_0__SCAN_IN,sa0,28,4.6777343750e-01
U632_SUB_73_U52_A,sa1,30,1.2338161469e-03
U631_SUB_73_U44_A,sa1,30,2.5513768196e-04
U627_SUB_73_U30_A,sa1,30,1.1503696442e-05
U624_SUB_60_U82_A,sa1,30,7.9078674316e-03
R794_U31_R794_U91_A,sa1,8,3.9062500000e-02
R794_U34_R794_U33_B,sa1,1,0.0000000000e+00
MAR_REG_1__SCAN_IN_U824_B,sa1,4,2.1875000000e-01
SUB_73_U21,sa0,30,6.9999694824e-04
SUB_73_U44,sa0,,6.9999694824e-04
U631_SUB_73_U44_A,sa0,,6.9999694824e-04
SUB_73_U7,sa0,,6.9999694824e-04
MAX_REG_6__SCAN_IN_SUB_73_U7_A,sa1,,6.9999694824e-04
SUB_73_U43,sa0,,6.9999694824e-04
SUB_73_U42,sa0,,6.9999694824e-04
SUB_73_U40,sa0,,6.9999694824e-04
SUB_73_U38,sa0,,6.9999694824e-04
SUB_73_U14,sa0,,6.9999694824e-04
U629_SUB_73_U14_A,sa1,,6.9999694824e-04
MAX_REG_4__SCAN_IN_SUB_73_U38_B,sa0,,6.9999694824e-04
SUB_73_U39,sa0,,6.9999694824e-04
SUB_73_U8,sa0,,6.9999694824e-04
U630_SUB_73_U8_A,sa1,,6.9999694824e-04
MAX_REG_5__SCAN_IN_SUB_73_U39_B,sa0,,6.9999694824e-04
SUB_73_U37,sa0,,6.9999694824e-04
SUB_73_U35,sa0,,6.9999694824e-04
U629_SUB_73_U35_A,sa0,,6.9999694824e-04
SUB_73_U16,sa0,,6.9999694824e-04
MAX_REG_4__SCAN_IN_SUB_73_U16_A,sa1,,6.9999694824e-04
SUB_73_U36,sa0,,6.9999694824e-04
U628_SUB_73_U36_A,sa0,,6.9999694824e-04
SUB_73_U13,sa0,,6.9999694824e-04
MAX_REG_3__SCAN_IN_SUB_73_U13_A,sa1,,6.9999694824e-04
SUB_73_U34,sa0,,6.9999694824e-04
SUB_73_U32,sa0,,6.9999694824e-04
SUB_73_U11,sa0,,6.9999694824e-04
U627_SUB_73_U11_A,sa1,,6.9999694824e-04
MAX_REG_2__SCAN_IN_SUB_73_U32_B,sa0,,6.9999694824e-04
SUB_73_U33,sa0,,6.9999694824e-04
SUB_73_U15,sa0,,6.9999694824e-04
U628_SUB_73_U15_A,sa1,,6.9999694824e-04
MAX_REG_3__SCAN_IN_SUB_73_U33_B,sa0,,6.9999694824e-04
SUB_73_U31,sa0,,6.9999694824e-04
SUB_73_U29,sa0,,6.9999694824e-04
U626_SUB_73_U29_A,sa0,,6.9999694824e-04
SUB_73_U9,sa0,,6.9999694824e-04
MAX_REG_1__SCAN_IN_SUB_73_U9_A,sa1,,6.9999694824e-04
SUB_73_U28,sa0,,6.9999694824e-04
SUB_73_U27,sa0,,6.9999694824e-04
SUB_73_U24,sa0,,6.9999694824e-04
U625_SUB_73_U24_A,sa1,,6.9999694824e-04
MAX_REG_0__SCAN_IN_SUB_73_U27_B,sa0,,6.9999694824e-04
SUB_73_U26,sa0,,6.9999694824e-04
SUB_73_U10,sa0,,6.9999694824e-04
U626_SUB_73_U10_A,sa1,,6.9999694824e-04
MAX_REG_1__SCAN_IN_SUB_73_U26_B,sa0,,6.9999694824e-04
SUB_73_U30,sa0,,6.9999694824e-04
U627_SUB_73_U30_A,sa0,,6.9999694824e-04
SUB_73_U12,sa0,,6.9999694824e-04
MAX_REG_2__SCAN_IN_SUB_73_U12_A,sa1,,6.9999694824e-04
SUB_73_U41,sa0,,6.9999694824e-04
U630_SUB_73_U41_A,sa0,,6.9999694824e-04
SUB_73_U17,sa0,,6.9999694824e-04
MAX_REG_5__SCAN_IN_SUB_73_U17_A,sa1,,6.9999694824e-04
SUB_73_U25,sa0,,6.9999694824e-04
SUB_73_U18,sa0,,6.9999694824e-04
U631_SUB_73_U18_A,sa1,,6.9999694824e-04
MAX_REG_6__SCAN_IN_SUB_73_U25_B,sa0,,6.9999694824e-04
SUB_73_U20,sa1,30,4.6586990356e-04
U632_SUB_73_U20_A,sa0,,4.6586990356e-04
SUB_73_U11,sa1,30,1.9878149033e-05
U627_SUB_73_U11_A,sa0,,1.9878149033e-05
SUB_60_U60,sa1,30,9.4604492188e-04
SUB_60_U51,sa1,30,1.0555982590e-04
SUB_60_U45_SUB_60_U51_A,sa0,,1.0555982590e-04
SUB_60_U43,sa0,30,5.3405761719e-04
SUB_60_U58,sa0,,5.3405761719e-04
U628_SUB_60_U58_A,sa0,,5.3405761719e-04
SUB_60_U13_SUB_60_U58_B,sa0,,5.3405761719e-04
SUB_60_U57,sa0,,5.3405761719e-04
SUB_60_U56,sa0,,5.3405761719e-04
SUB_60_U14_SUB_60_U56_A,sa0,,5.3405761719e-04
TEMP_REG_3__SCAN_IN_SUB_60_U56_B,sa0,,5.3405761719e-04
SUB_60_U44_SUB_60_U57_B,sa0,,5.3405761719e-04
SUB_60_U42,sa1,30,1.6326904297e-03
SUB_60_U34,sa0,30,1.3215839863e-04
SUB_60_U97,sa0,,1.3215839863e-04
U630_SUB_60_U97_A,sa0,,1.3215839863e-04
SUB_60_U17_SUB_60_U97_B,sa0,,1.3215839863e-04
SUB_60_U96,sa0,,1.3215839863e-04
SUB_60_U18_SUB_60_U96_A,sa0,,1.3215839863e-04
TEMP_REG_5__SCAN_IN_SUB_60_U96_B,sa0,,1.3215839863e-04
SUB_60_U33,sa1,30,7.6100230217e-05
SUB_60_U16,sa0,30,8.8119506836e-04
U629_SUB_60_U16_A,sa1,,8.8119506836e-04
SUB_60_U15,sa1,30,5.8184564114e-04
TEMP_REG_4__SCAN_IN_SUB_60_U15_A,sa0,,5.8184564114e-04
SUB_60_U24,sa1,30,2.6702880859e-04
U625_SUB_60_U24_A,sa0,,2.6702880859e-04
SUB_103_U9,sa0,7,2.3437500000e-02
SUB_60_U25,sa0,30,1.0699033737e-04
SUB_60_U90,sa0,,1.0699033737e-04
SUB_60_U32_SUB_60_U90_A,sa0,,1.0699033737e-04
SUB_60_U23_SUB_60_U90_B,sa0,,1.0699033737e-04
SUB_60_U89,sa0,,1.0699033737e-04
SUB_60_U88,sa0,,1.0699033737e-04
SUB_60_U32_SUB_60_U88_A,sa1,,1.0699033737e-04
SUB_60_U71_SUB_60_U89_B,sa0,,1.0699033737e-04
MAR_REG_0__SCAN_IN,sa1,26,4.6777343750e-01
MAR_REG_1__SCAN_IN,sa0,26,4.6875000000e-01
SUB_103_U8,sa1,1,0.0000000000e+00
R794_U15_R794_U53_B,sa1,1,0.0000000000e+00
TEMP_REG_8__SCAN_IN_U958_B,sa1,2,2.5000000000e-01
MAR_REG_0__SCAN_IN_U826_B,sa1,4,2.1875000000e-01
SUB_73_U30,sa1,30,2.1278858185e-05
SUB_73_U22,sa0,30,1.2054443359e-03
MAX_REG_8__SCAN_IN_SUB_73_U22_A,sa1,,1.2054443359e-03
SUB_73_U21,sa1,30,8.0680847168e-04
SUB_73_U12,sa1,30,2.1636486053e-05
MAX_REG_2__SCAN_IN_SUB_73_U12_A,sa0,,2.1636486053e-05
SUB_60_U71,sa0,30,4.0893554688e-03
SUB_60_U23_SUB_60_U71_A,sa1,,4.0893554688e-03
SUB_60_U52,sa1,30,4.3487548828e-04
SUB_60_U44,sa0,30,3.7980079651e-04
SUB_60_U54,sa0,,3.7980079651e-04
U627_SUB_60_U54_A,sa0,,3.7980079651e-04
SUB_60_U11_SUB_60_U54_B,sa0,,3.7980079651e-04
SUB_60_U53,sa0,,3.7980079651e-04
SUB_60_U52,sa0,,3.7980079651e-04
SUB_60_U12_SUB_60_U52_A,sa0,,3.7980079651e-04
TEMP_REG_2__SCAN_IN_SUB_60_U52_B,sa0,,3.7980079651e-04
SUB_60_U45_SUB_60_U53_B,sa0,,3.7980079651e-04
SUB_60_U43,sa1,30,4.0054321289e-04
SUB_60_U61,sa1,30,4.5776367188e-04
SUB_60_U35,sa0,30,9.2655420303e-05
SUB_60_U102,sa0,,9.2655420303e-05
U629_SUB_60_U102_A,sa0,,9.2655420303e-05
SUB_60_U15_SUB_60_U102_B,sa0,,9.2655420303e-05
SUB_60_U101,sa0,,9.2655420303e-05
SUB_60_U16_SUB_60_U101_A,sa0,,9.2655420303e-05
TEMP_REG_4__SCAN_IN_SUB_60_U101_B,sa0,,9.2655420303e-05
SUB_60_U34,sa1,30,8.6486339569e-05
SUB_60_U70,sa1,30,3.8757324219e-03
SUB_60_U17,sa0,30,1.2969970703e-03
TEMP_REG_5__SCAN_IN_SUB_60_U17_A,sa1,,1.2969970703e-03
SUB_60_U16,sa1,30,5.2642822266e-04
U629_SUB_60_U16_A,sa0,,5.2642822266e-04
SUB_103_U9,sa1,1,0.0000000000e+00
MAX_REG_2__SCAN_IN_SUB_103_U9_A,sa1,,0.0000000000e+00
MAX_REG_1__SCAN_IN_SUB_103_U9_B,sa1,,0.0000000000e+00
MAX_REG_0__SCAN_IN_SUB_103_U9_C,sa1,,0.0000000000e+00
SUB_60_U26,sa0,30,8.9794397354e-05
SUB_60_U95,sa0,,8.9794397354e-05
SUB_60_U33_SUB_60_U95_A,sa0,,8.9794397354e-05
SUB_60_U41_SUB_60_U95_B,sa0,,8.9794397354e-05
SUB_60_U94,sa0,,8.9794397354e-05
SUB_60_U67,sa0,,8.9794397354e-05
SUB_60_U41_SUB_60_U67_A,sa1,,8.9794397354e-05
SUB_60_U93,sa0,,8.9794397354e-05
SUB_60_U33_SUB_60_U93_A,sa1,,8.9794397354e-05
MAR_REG_2__SCAN_IN,sa0,26,4.6875000000e-01
MAR_REG_1__SCAN_IN,sa1,22,4.6875000000e-01
TEMP_REG_2__SCAN_IN_SUB_60_U111_B,sa1,30,6.2629580498e-05
U624_SUB_60_U84_A,sa1,30,4.1046142578e-03
U627_SUB_60_U54_A,sa1,30,3.1280517578e-04
R794_U14_R794_U73_B,sa1,1,0.0000000000e+00
R794_U15_R794_U72_B,sa1,1,0.0000000000e+00
R794_U33_R794_U63_B,sa1,1,0.0000000000e+00
R794_U14_R794_U55_B,sa1,1,0.0000000000e+00
R794_U37_R794_U50_B,sa1,1,0.0000000000e+00
ADD_304_U18_ADD_304_U23_A,sa1,4,2.1875000000e-01
SUB_73_U40,sa1,30,1.5711784363e-04
SUB_73_U31,sa1,30,7.8976154327e-06
SUB_73_U23,sa0,30,1.8339157104e-03
U624_SUB_73_U23_A,sa1,,1.8339157104e-03
SUB_73_U22,sa1,30,1.1968612671e-03
MAX_REG_8__SCAN_IN_SUB_73_U22_A,sa0,,1.1968612671e-03
SUB_73_U13,sa1,30,2.9087066650e-05
MAX_REG_3__SCAN_IN_SUB_73_U13_A,sa0,,2.9087066650e-05
SUB_60_U71,sa1,30,6.5460205078e-03
SUB_60_U23_SUB_60_U71_A,sa0,,6.5460205078e-03
SUB_60_U45,sa0,30,2.1721422672e-04
SUB_60_U50,sa0,,2.1721422672e-04
U626_SUB_60_U50_A,sa0,,2.1721422672e-04
SUB_60_U9_SUB_60_U50_B,sa0,,2.1721422672e-04
SUB_60_U49,sa0,,2.1721422672e-04
SUB_60_U48,sa0,,2.1721422672e-04
SUB_60_U47_SUB_60_U48_A,sa0,,2.1721422672e-04
SUB_60_U10_SUB_60_U48_B,sa0,,2.1721422672e-04
SUB_60_U46_SUB_60_U49_B,sa0,,2.1721422672e-04
SUB_60_U44,sa1,30,4.7302246094e-04
SUB_60_U53,sa1,30,3.5881996155e-04
SUB_60_U62,sa1,30,1.0681152344e-03
SUB_60_U36,sa0,30,1.0871887207e-04
SUB_60_U107,sa0,,1.0871887207e-04
U628_SUB_60_U107_A,sa0,,1.0871887207e-04
SUB_60_U13_SUB_60_U107_B,sa0,,1.0871887207e-04
SUB_60_U106,sa0,,1.0871887207e-04
SUB_60_U14_SUB_60_U106_A,sa0,,1.0871887207e-04
TEMP_REG_3__SCAN_IN_SUB_60_U106_B,sa0,,1.0871887207e-04
SUB_60_U35,sa1,30,5.9276819229e-05
SUB_60_U18,sa0,30,1.1062622070e-03
U630_SUB_60_U18_A,sa1,,1.1062622070e-03
SUB_60_U17,sa1,30,1.1158883572e-03
TEMP_REG_5__SCAN_IN_SUB_60_U17_A,sa0,,1.1158883572e-03
SUB_60_U80,sa1,30,1.0940432549e-04
SUB_60_U27,sa0,30,1.0965764523e-04
SUB_60_U100,sa0,,1.0965764523e-04
SUB_60_U34_SUB_60_U100_A,sa0,,1.0965764523e-04
SUB_60_U42_SUB_60_U100_B,sa0,,1.0965764523e-04
SUB_60_U99,sa0,,1.0965764523e-04
SUB_60_U63,sa0,,1.0965764523e-04
SUB_60_U42_SUB_60_U63_A,sa1,,1.0965764523e-04
SUB_60_U98,sa0,,1.0965764523e-04
SUB_60_U34_SUB_60_U98_A,sa1,,1.0965764523e-04
MAR_REG_2__SCAN_IN,sa1,26,4.6875000000e-01
MAR_REG_3__SCAN_IN,sa0,27,4.6875000000e-01
U632_SUB_73_U46_A,sa1,30,1.1348724365e-03
TEMP_REG_4__SCAN_IN_SUB_60_U101_B,sa1,30,7.4312090874e-05
U630_SUB_60_U97_A,sa1,30,7.7143311501e-05
U629_SUB_60_U62_A,sa1,30,1.2817382813e-03
R794_U30_R794_U86_A,sa1,10,4.6875000000e-02
R794_U35_R794_U71_B,sa1,1,0.0000000000e+00
R794_U27_R794_U71_A,sa1,18,7.8125000000e-02
ADD_304_U17_ADD_304_U25_A,sa1,3,1.8750000000e-01
MAR_REG_1__SCAN_IN_U692_B,sa1,9,1.0156250000e-01
SUB_73_U50,sa1,30,2.4747848511e-04
SUB_73_U41,sa1,30,2.2077560425e-04
SUB_73_U32,sa1,30,3.7312507629e-05
SUB_73_U23,sa1,30,1.2779235840e-03
U624_SUB_73_U23_A,sa0,,1.2779235840e-03
SUB_73_U14,sa1,30,7.0929527283e-05
U629_SUB_73_U14_A,sa0,,7.0929527283e-05
SUB_60_U81,sa1,30,6.3934326172e-03
SUB_60_U72,sa1,30,3.0136108398e-03
SUB_60_U63,sa1,30,8.9228153229e-05
SUB_60_U42_SUB_60_U63_A,sa0,,8.9228153229e-05
SUB_60_U46,sa0,30,1.6513466835e-04
TEMP_REG_1__SCAN_IN_SUB_60_U46_A,sa1,,1.6513466835e-04
SUB_60_U45,sa1,30,3.2806396484e-04
SUB_60_U54,sa1,30,4.5013427734e-04
SUB_60_U37,sa0,30,8.2597136497e-05
SUB_60_U112,sa0,,8.2597136497e-05
U627_SUB_60_U112_A,sa0,,8.2597136497e-05
SUB_60_U11_SUB_60_U112_B,sa0,,8.2597136497e-05
SUB_60_U111,sa0,,8.2597136497e-05
SUB_60_U12_SUB_60_U111_A,sa0,,8.2597136497e-05
TEMP_REG_2__SCAN_IN_SUB_60_U111_B,sa0,,8.2597136497e-05
SUB_60_U36,sa1,30,1.0374188423e-04
SUB_60_U90,sa1,30,1.0100007057e-04
SUB_60_U19,sa0,30,2.4871826172e-03
TEMP_REG_6__SCAN_IN_SUB_60_U19_A,sa1,,2.4871826172e-03
SUB_60_U18,sa1,30,1.3198852539e-03
U630_SUB_60_U18_A,sa0,,1.3198852539e-03
SUB_60_U28,sa0,30,1.0150671005e-04
SUB_60_U105,sa0,,1.0150671005e-04
SUB_60_U35_SUB_60_U105_A,sa0,,1.0150671005e-04
SUB_60_U43_SUB_60_U105_B,sa0,,1.0150671005e-04
SUB_60_U104,sa0,,1.0150671005e-04
SUB_60_U59,sa0,,1.0150671005e-04
SUB_60_U43_SUB_60_U59_A,sa1,,1.0150671005e-04
SUB_60_U103,sa0,,1.0150671005e-04
SUB_60_U35_SUB_60_U103_A,sa1,,1.0150671005e-04
MAR_REG_4__SCAN_IN,sa0,18,4.6875000000e-01
MAR_REG_3__SCAN_IN,sa1,26,4.6875000000e-01
NUM_REG_3__SCAN_IN_SUB_199_U9_B,sa1,2,7.8125000000e-03
U624_SUB_73_U55_A,sa1,30,9.9050998688e-04
U632_SUB_60_U87_A,sa1,30,7.6681375504e-05
U632_SUB_60_U78_A,sa1,30,1.3839721680e-02
R794_U60_R794_U66_A,sa1,18,7.8125000000e-02
R794_U13_R794_U49_B,sa1,11,3.9062500000e-02
ADD_304_U18_ADD_304_U16_A,sa1,7,2.1875000000e-01
MAR_REG_0__SCAN_IN_U873_C,sa1,30,7.2020292282e-04
MAR_REG_0__SCAN_IN_U693_C,sa1,8,4.5898437500e-02
MAR_REG_3__SCAN_IN_U692_A,sa1,11,1.1718750000e-01
MAR_REG_0__SCAN_IN_U596_B,sa0,7,9.3750000000e-02
MAR_REG_1__SCAN_IN_U595_B,sa0,9,1.2500000000e-01
SUB_73_U51,sa1,30,5.8746337891e-04
SUB_73_U42,sa1,30,3.0565261841e-04
SUB_73_U33,sa1,30,8.1807374954e-05
SUB_73_U24,sa1,30,8.9108943939e-06
U625_SUB_73_U24_A,sa0,,8.9108943939e-06
SUB_73_U15,sa1,30,3.8623809814e-05
U628_SUB_73_U15_A,sa0,,3.8623809814e-05
SUB_60_U82,sa1,30,2.0370483398e-03
SUB_60_U73,sa1,30,5.7220458984e-03
SUB_60_U64,sa1,30,1.4648437500e-03
SUB_60_U55,sa1,30,1.0189414024e-04
SUB_60_U44_SUB_60_U55_A,sa0,,1.0189414024e-04
SUB_60_U47,sa0,21,2.4414062500e-04
SUB_60_U9_SUB_60_U47_A,sa1,,2.4414062500e-04
SUB_60_U46,sa1,30,2.2315979004e-04
TEMP_REG_1__SCAN_IN_SUB_60_U46_A,sa0,,2.2315979004e-04
SUB_60_U38,sa0,30,9.2983245850e-05
SUB_60_U117,sa0,,9.2983245850e-05
U626_SUB_60_U117_A,sa0,,9.2983245850e-05
SUB_60_U46_SUB_60_U117_B,sa0,,9.2983245850e-05
SUB_60_U116,sa0,,9.2983245850e-05
SUB_60_U10_SUB_60_U116_A,sa0,,9.2983245850e-05
TEMP_REG_1__SCAN_IN_SUB_60_U116_B,sa0,,9.2983245850e-05
SUB_60_U37,sa1,30,9.4234943390e-05
SUB_60_U91,sa1,30,9.0554356575e-05
SUB_60_U19,sa1,30,2.5711059570e-03
TEMP_REG_6__SCAN_IN_SUB_60_U19_A,sa0,,2.5711059570e-03
SUB_60_U29,sa0,30,7.0929527283e-05
SUB_60_U110,sa0,,7.0929527283e-05
SUB_60_U36_SUB_60_U110_A,sa0,,7.0929527283e-05
SUB_60_U44_SUB_60_U110_B,sa0,,7.0929527283e-05
SUB_60_U109,sa0,,7.0929527283e-05
SUB_60_U55,sa0,,7.0929527283e-05
SUB_60_U44_SUB_60_U55_A,sa1,,7.0929527283e-05
SUB_60_U108,sa0,,7.0929527283e-05
SUB_60_U36_SUB_60_U108_A,sa1,,7.0929527283e-05
MAR_REG_4__SCAN_IN,sa1,16,4.6875000000e-01
R794_U12_R794_U78_B,sa1,10,4.2968750000e-02
R794_U13_R794_U77_B,sa1,10,4.2968750000e-02
R794_U36_R794_U54_B,sa1,1,0.0000000000e+00
R794_U39_R794_U42_B,sa1,3,7.8125000000e-03
MAR_REG_2__SCAN_IN_U873_B,sa1,30,5.2261352539e-04
MAR_REG_2__SCAN_IN_U693_B,sa1,7,5.4687500000e-02
MAR_REG_3__SCAN_IN_U595_A,sa0,8,1.0937500000e-01
SUB_73_U52,sa1,30,2.4700164795e-04
SUB_73_U34,sa1,30,3.1173229218e-05
SUB_73_U25,sa1,30,2.5844573975e-04
SUB_73_U43,sa1,30,2.2697448730e-04
SUB_73_U16,sa1,30,6.3389539719e-05
MAX_REG_4__SCAN_IN_SUB_73_U16_A,sa0,,6.3389539719e-05
SUB_60_U83,sa1,30,9.3307495117e-03
SUB_60_U74,sa1,30,4.8828125000e-03
SUB_60_U56,sa1,30,8.1634521484e-04
SUB_60_U47,sa1,30,2.5482475758e-04
SUB_60_U9_SUB_60_U47_A,sa0,,2.5482475758e-04
SUB_60_U65,sa1,30,5.7220458984e-04
SUB_60_U39,sa0,30,1.8959045410e-03
TEMP_REG_8__SCAN_IN_SUB_60_U39_A,sa1,,1.8959045410e-03
SUB_60_U38,sa1,30,1.0123848915e-04
SUB_60_U92,sa1,30,8.5622072220e-05
MAX_REG_0__SCAN_IN,sa0,30,2.8431460261e-01
U624_SUB_73_U57_A,sa1,30,1.0013580322e-03
TEMP_REG_1__SCAN_IN_SUB_60_U116_B,sa1,30,1.0168552399e-04
R794_U37_R794_U81_B,sa1,4,1.1718750000e-02
R794_U29_R794_U81_A,sa1,15,6.6406250000e-02
R794_U34_R794_U66_B,sa1,1,0.0000000000e+00
MAR_REG_4__SCAN_IN_U818_B,sa1,4,2.1875000000e-01
MAR_REG_0__SCAN_IN_U695_C,sa1,5,6.2500000000e-02
MAR_REG_4__SCAN_IN_U693_A,sa1,7,5.4687500000e-02
SUB_73_U35,sa1,30,6.8306922913e-05
SUB_73_U26,sa1,30,1.6331672668e-05
SUB_73_U44,sa1,30,2.4604797363e-04
SUB_73_U17,sa1,30,1.5592575073e-04
MAX_REG_5__SCAN_IN_SUB_73_U17_A,sa0,,1.5592575073e-04
SUB_73_U53,sa1,30,2.1343231201e-03
SUB_60_U93,sa1,1,0.0000000000e+00
SUB_60_U33_SUB_60_U93_A,sa0,,0.0000000000e+00
SUB_60_U84,sa1,30,5.6915283203e-03
SUB_60_U48,sa1,23,2.4414062500e-04
SUB_60_U57,sa1,30,4.3487548828e-04
SUB_60_U66,sa1,30,1.5029907227e-03
SUB_60_U39,sa1,30,3.1433105469e-03
TEMP_REG_8__SCAN_IN_SUB_60_U39_A,sa0,,3.1433105469e-03
SUB_60_U75,sa1,30,3.8223266602e-03
MAX_REG_0__SCAN_IN,sa1,30,2.7014255524e-01
MAX_REG_1__SCAN_IN,sa0,30,2.6913893223e-01
U628_SUB_73_U36_A,sa1,30,3.9458274841e-05
U629_SUB_73_U35_A,sa1,30,3.2693147659e-05
U626_SUB_73_U29_A,sa1,30,2.0772218704e-05
TEMP_REG_3__SCAN_IN_SUB_60_U106_B,sa1,30,8.7440013885e-05
U628_SUB_60_U58_A,sa1,30,6.7138671875e-04
R794_U18_R794_U65_B,sa1,1,0.0000000000e+00
R794_U17_R794_U57_B,sa1,1,0.0000000000e+00
NUM_REG_4__SCAN_IN_ADD_283_U20_B,sa1,30,1.4934539795e-03
MAR_REG_4__SCAN_IN_U596_A,sa0,6,7.8125000000e-02
SUB_73_U54,sa1,30,2.0637512207e-03
SUB_73_U45,sa1,30,5.6838989258e-04
SUB_73_U21_SUB_73_U45_A,sa0,,5.6838989258e-04
SUB_73_U36,sa1,30,3.6954879761e-05
SUB_73_U27,sa1,30,7.7188014984e-06
SUB_73_U19,sa0,30,7.0238113403e-04
MAX_REG_7__SCAN_IN_SUB_73_U19_A,sa1,,7.0238113403e-04
SUB_73_U18,sa1,30,2.8800964355e-04
U631_SUB_73_U18_A,sa0,,2.8800964355e-04
SUB_60_U76,sa1,30,4.8217773438e-03
SUB_60_U85,sa1,30,3.4637451172e-03
SUB_60_U67,sa1,30,1.0900199413e-04
SUB_60_U41_SUB_60_U67_A,sa0,,1.0900199413e-04
SUB_60_U49,sa1,30,2.3913383484e-04
SUB_60_U58,sa1,30,6.0272216797e-04
SUB_60_U94,sa1,1,0.0000000000e+00
MAX_REG_1__SCAN_IN,sa1,30,2.6114258170e-01
MAX_REG_2__SCAN_IN,sa0,30,2.6872831583e-01
R794_U16_R794_U68_B,sa1,1,0.0000000000e+00
R794_U17_R794_U67_B,sa1,1,0.0000000000e+00
R794_U16_R794_U59_B,sa1,1,0.0000000000e+00
R794_U35_R794_U58_B,sa1,1,0.0000000000e+00
R794_U38_R794_U46_B,sa1,1,0.0000000000e+00
NUM_REG_3__SCAN_IN_ADD_283_U22_B,sa1,30,1.6207695007e-03
MAR_REG_0__SCAN_IN_U697_C,sa1,5,6.2500000000e-02
MAR_REG_2__SCAN_IN_U696_B,sa1,3,3.1250000000e-02
SUB_73_U55,sa1,30,1.4936923981e-04
SUB_73_U46,sa1,30,8.2778930664e-04
SUB_73_U37,sa1,30,6.8068504333e-05
SUB_73_U28,sa1,30,1.8417835236e-05
SUB_73_U19,sa1,30,5.8031082153e-04
MAX_REG_7__SCAN_IN_SUB_73_U19_A,sa0,,5.8031082153e-04
SUB_60_U77,sa1,30,1.3427734375e-03
SUB_60_U68,sa1,30,2.8991699219e-03
SUB_60_U59,sa1,30,1.2269616127e-04
SUB_60_U43_SUB_60_U59_A,sa0,,1.2269616127e-04
SUB_60_U86,sa1,30,8.3401799202e-05
SUB_60_U95,sa1,30,1.1318922043e-04
MAX_REG_2__SCAN_IN,sa1,30,2.9246252775e-01
MAX_REG_3__SCAN_IN,sa0,30,2.8226152807e-01
R794_U39_R794_U91_B,sa1,3,7.8125000000e-03
R794_U36_R794_U76_B,sa1,1,0.0000000000e+00
R794_U28_R794_U76_A,sa1,18,7.8125000000e-02
U641_R794_U41_A,sa1,4,1.1718750000e-02
NUM_REG_2__SCAN_IN_ADD_283_U24_B,sa1,30,1.9760131836e-03
ADD_283_U16_ADD_283_U20_A,sa1,30,3.9887428284e-04
SUB_103_U10_SUB_103_U7_B,sa1,2,3.9062500000e-03
U589_stem_stem,sa0,2,2.5000000000e-01
MAR_REG_1__SCAN_IN_U599_B,sa1,8,1.0937500000e-01
SUB_73_U56,sa1,30,9.9003314972e-04
SUB_73_U47,sa1,30,2.6512145996e-04
SUB_73_U38,sa1,30,8.9406967163e-05
SUB_73_U29,sa1,30,1.1265277863e-05
SUB_60_U78,sa1,30,2.5711059570e-03
SUB_60_U96,sa1,30,7.6413154602e-05
SUB_60_U87,sa1,30,4.7683715820e-05
SUB_60_U69,sa1,30,8.9287757874e-04
R794_U10,sa0,7,2.3437500000e-02
U640_R794_U10_A,sa1,,2.3437500000e-02
MAX_REG_3__SCAN_IN,sa1,30,2.6519288868e-01
MAX_REG_4__SCAN_IN,sa0,30,2.6088523865e-01
SUB_60_U12_SUB_60_U111_A,sa1,30,5.0455331802e-05
TEMP_REG_0__SCAN_IN_SUB_60_U9_B,sa1,30,3.5858154297e-04
NUM_REG_0__SCAN_IN_ADD_283_U27_B,sa1,30,3.1909942627e-03
NUM_REG_1__SCAN_IN_ADD_283_U26_B,sa1,30,3.4332275391e-03
MAX_REG_1__SCAN_IN_U990_B,sa1,30,2.6288223267e-01
U589_stem_stem,sa1,3,7.5000000000e-01
MAR_REG_4__SCAN_IN_U597_B,sa1,6,7.8125000000e-02
SUB_73_U57,sa1,30,1.6441345215e-03
SUB_73_U48,sa1,30,4.3869018555e-04
SUB_73_U39,sa1,30,1.6033649445e-04
SUB_60_U88,sa1,1,0.0000000000e+00
SUB_60_U32_SUB_60_U88_A,sa0,,0.0000000000e+00
SUB_60_U97,sa1,30,7.1406364441e-05
SUB_60_U79,sa1,30,2.4757385254e-03
R794_U11,sa0,4,1.1718750000e-02
U753_R794_U11_A,sa1,,1.1718750000e-02
R794_U10,sa1,7,3.1250000000e-02
U640_R794_U10_A,sa0,,3.1250000000e-02
MAX_REG_4__SCAN_IN,sa1,30,2.7466562390e-01
MAX_REG_5__SCAN_IN,sa0,30,2.6022773981e-01
SUB_60_U11_SUB_60_U112_B,sa1,30,5.5551528931e-05
NUM_REG_3__SCAN_IN_ADD_283_U16_B,sa1,30,4.8828125000e-04
MAX_REG_0__SCAN_IN_U992_B,sa1,30,2.6288223267e-01
MAR_REG_3__SCAN_IN_U698_B,sa1,7,9.3750000000e-02
MAR_REG_4__SCAN_IN_U697_B,sa1,5,6.2500000000e-02
SUB_73_U58,sa1,30,1.2016296387e-03
SUB_73_U49,sa1,30,1.0032653809e-03
SUB_60_U98,sa1,1,0.0000000000e+00
SUB_60_U34_SUB_60_U98_A,sa0,,0.0000000000e+00
SUB_60_U89,sa1,1,0.0000000000e+00
R794_U30,sa0,11,3.9062500000e-02
R794_U83,sa0,,3.9062500000e-02
U753_R794_U83_A,sa0,,3.9062500000e-02
R794_U10_R794_U83_B,sa0,,3.9062500000e-02
R794_U82,sa0,,3.9062500000e-02
U640_R794_U82_A,sa0,,3.9062500000e-02
R794_U11_R794_U82_B,sa0,,3.9062500000e-02
R794_U12,sa0,5,1.5625000000e-02
U639_R794_U12_A,sa1,,1.5625000000e-02
R794_U11,sa1,7,2.3437500000e-02
U753_R794_U11_A,sa0,,2.3437500000e-02
ADD_304_U10,sa1,3,1.7578125000e-02
MAR_REG_3__SCAN_IN_ADD_304_U10_A,sa0,,1.7578125000e-02
R794_U20,sa1,20,7.4218750000e-02
MAX_REG_5__SCAN_IN,sa1,30,2.5690519810e-01
MAX_REG_6__SCAN_IN,sa0,30,2.6351690292e-01
SUB_60_U42_SUB_60_U100_B,sa1,1,0.0000000000e+00
SUB_60_U34_SUB_60_U100_A,sa1,30,1.0734796524e-04
R794_U38_R794_U86_B,sa1,7,2.3437500000e-02
U751_R794_U51_A,sa1,1,0.0000000000e+00
U640_R794_U45_A,sa1,4,1.1718750000e-02
NUM_REG_1__SCAN_IN_U811_B,sa1,30,3.8121795654e-01
U589_stem_stem_U648_A,sa1,30,5.2734375000e-01
GT_114_U6_U611_A,sa0,1,0.0000000000e+00
SUB_60_U99,sa1,1,0.0000000000e+00
R794_U31,sa0,9,3.1250000000e-02
R794_U88,sa0,,3.1250000000e-02
U755_R794_U88_A,sa0,,3.1250000000e-02
R794_U8_R794_U88_B,sa0,,3.1250000000e-02
R794_U87,sa0,,3.1250000000e-02
U641_R794_U87_A,sa0,,3.1250000000e-02
R794_U9_R794_U87_B,sa0,,3.1250000000e-02
R794_U30,sa1,10,4.6875000000e-02
R794_U13,sa0,1,0.0000000000e+00
U751_R794_U13_A,sa1,,0.0000000000e+00
R794_U12,sa1,10,4.2968750000e-02
U639_R794_U12_A,sa0,,4.2968750000e-02
ADD_304_U20,sa1,5,2.3437500000e-01
R794_U21,sa1,18,7.8125000000e-02
MAX_REG_6__SCAN_IN,sa1,30,2.6145216823e-01
MAX_REG_7__SCAN_IN,sa0,30,2.6943969727e-01
ADD_304_U11,sa1,6,2.3632812500e-01
SUB_60_U10_SUB_60_U116_A,sa1,30,7.4729323387e-05
SUB_60_U16_SUB_60_U101_A,sa1,30,7.1600079536e-05
U640_R794_U82_A,sa1,4,1.5625000000e-02
SUB_110_U9_SUB_110_U25_B,sa1,1,0.0000000000e+00
SUB_110_U18_SUB_110_U8_A,sa1,1,0.0000000000e+00
SUB_103_U13_SUB_103_U8_B,sa1,2,3.9062500000e-03
GT_221_U6_U901_A,sa0,1,0.0000000000e+00
NUM_REG_0__SCAN_IN_U813_B,sa1,30,3.8134765625e-01
R794_U40,sa1,8,3.9062500000e-02
R794_U39_R794_U40_A,sa0,,3.9062500000e-02
R794_U31,sa1,10,4.6875000000e-02
R794_U14,sa0,1,0.0000000000e+00
U638_R794_U14_A,sa1,,0.0000000000e+00
R794_U13,sa1,11,3.9062500000e-02
U751_R794_U13_A,sa0,,3.9062500000e-02
ADD_304_U21,sa1,2,1.5625000000e-02
R794_U22,sa1,18,7.8125000000e-02
SUB_199_U7,sa0,4,3.1250000000e-02
NUM_REG_1__SCAN_IN_SUB_199_U7_A,sa1,,3.1250000000e-02
SUB_199_U6,sa1,8,6.2500000000e-02
MAX_REG_7__SCAN_IN,sa1,30,2.5552609563e-01
ADD_304_U12,sa1,6,2.3632812500e-01
MAX_REG_8__SCAN_IN,sa0,30,3.2752629369e-01
SUB_60_U15_SUB_60_U102_B,sa1,30,3.7729740143e-05
U633_GT_130_U6_A,sa0,6,1.2109375000e-01
U633_R794_U63_A,sa1,20,7.4218750000e-02
ADD_283_U18_ADD_283_U23_A,sa1,30,3.3035278320e-03
MAX_REG_6__SCAN_IN_U980_B,sa1,30,2.7184295654e-01
GT_212_U6_U713_A,sa0,1,0.0000000000e+00
GT_142_U6_U710_B,sa0,4,3.9062500000e-02
GT_203_U6_U613_B,sa0,1,0.0000000000e+00
R794_U41,sa1,5,1.5625000000e-02
R794_U50,sa1,16,5.8593750000e-02
R794_U33,sa0,20,7.4218750000e-02
R794_U60_R794_U33_A,sa0,,7.4218750000e-02
R794_U34_R794_U33_B,sa0,,7.4218750000e-02
R794_U60,sa0,1,0.0000000000e+00
R794_U18_R794_U60_A,sa1,,0.0000000000e+00
R794_U32,sa1,1,0.0000000000e+00
U633_R794_U32_A,sa0,,0.0000000000e+00
R794_U15,sa0,1,0.0000000000e+00
U636_R794_U15_A,sa1,,0.0000000000e+00
R794_U14,sa1,1,0.0000000000e+00
U638_R794_U14_A,sa0,,0.0000000000e+00
ADD_304_U22,sa1,4,2.1875000000e-01
R794_U23,sa1,18,7.8125000000e-02
SUB_199_U7,sa1,5,3.9062500000e-02
NUM_REG_1__SCAN_IN_SUB_199_U7_A,sa0,,3.9062500000e-02
ADD_304_U13,sa1,6,2.3632812500e-01
MAX_REG_8__SCAN_IN,sa1,30,3.1760714948e-01
U633_GT_122_U6_A,sa0,6,1.2109375000e-01
SUB_60_U44_SUB_60_U110_B,sa1,1,0.0000000000e+00
SUB_60_U36_SUB_60_U110_A,sa1,30,9.8273158073e-05
ADD_283_U17_ADD_283_U25_A,sa1,30,3.4561157227e-03
MAX_REG_5__SCAN_IN_U982_B,sa1,30,2.7172088623e-01
U600_U603_A,sa1,7,9.3750000000e-02
SUB_199_U9,sa0,4,2.3437500000e-02
SUB_199_U15,sa0,,2.3437500000e-02
NUM_REG_3__SCAN_IN_SUB_199_U9_B,sa0,,2.3437500000e-02
R794_U42,sa1,10,3.5156250000e-02
R794_U51,sa1,5,1.5625000000e-02
R794_U33,sa1,1,0.0000000000e+00
R794_U34,sa0,1,0.0000000000e+00
U634_R794_U34_A,sa1,,0.0000000000e+00
R794_U60,sa1,20,7.4218750000e-02
R794_U18_R794_U60_A,sa0,,7.4218750000e-02
R794_U16,sa0,1,0.0000000000e+00
U637_R794_U16_A,sa1,,0.0000000000e+00
R794_U15,sa1,1,0.0000000000e+00
U636_R794_U15_A,sa0,,0.0000000000e+00
ADD_304_U23,sa1,2,3.1250000000e-02
R794_U24,sa1,18,7.8125000000e-02
SUB_199_U8,sa1,9,7.0312500000e-02
ADD_304_U14,sa1,6,2.3632812500e-01
NUM_REG_0__SCAN_IN,sa0,30,3.8856315613e-01
SUB_60_U14_SUB_60_U106_A,sa1,30,5.6058168411e-05
U633_GT_114_U6_A,sa0,6,1.2109375000e-01
ADD_283_U18_ADD_283_U16_A,sa1,30,1.9454956055e-03
MAX_REG_0__SCAN_IN_SUB_103_U20_B,sa0,1,0.0000000000e+00
MAX_REG_1__SCAN_IN_SUB_103_U20_A,sa0,1,0.0000000000e+00
MAX_REG_4__SCAN_IN_U984_B,sa1,30,2.6476672292e-01
GT_134_U6_U710_C,sa0,1,0.0000000000e+00
U610_U630_A,sa1,30,3.6603212357e-04
GT_206_U6_U613_A,sa0,3,1.5625000000e-02
SUB_199_U9,sa1,7,4.6875000000e-02
R794_U61,sa1,20,7.4218750000e-02
R794_U33_R794_U61_A,sa0,,7.4218750000e-02
R794_U52,sa1,18,7.8125000000e-02
R794_U36_R794_U52_A,sa0,,7.8125000000e-02
R794_U43,sa1,3,7.8125000000e-03
R794_U35,sa0,20,7.4218750000e-02
R794_U55,sa0,,7.4218750000e-02
U636_R794_U55_A,sa0,,7.4218750000e-02
R794_U14_R794_U55_B,sa0,,7.4218750000e-02
R794_U54,sa0,,7.4218750000e-02
R794_U53,sa0,,7.4218750000e-02
U638_R794_U53_A,sa0,,7.4218750000e-02
R794_U15_R794_U53_B,sa0,,7.4218750000e-02
R794_U36_R794_U54_B,sa0,,7.4218750000e-02
R794_U34,sa1,1,0.0000000000e+00
U634_R794_U34_A,sa0,,0.0000000000e+00
R794_U70,sa1,1,0.0000000000e+00
R794_U17,sa0,1,0.0000000000e+00
U635_R794_U17_A,sa1,,0.0000000000e+00
R794_U16,sa1,1,0.0000000000e+00
U637_R794_U16_A,sa0,,0.0000000000e+00
ADD_304_U16,sa0,9,4.6875000000e-01
ADD_304_U18_ADD_304_U16_A,sa0,,4.6875000000e-01
MAR_REG_3__SCAN_IN_ADD_304_U16_B,sa0,,4.6875000000e-01
ADD_304_U15,sa1,2,1.9531250000e-03
MAR_REG_4__SCAN_IN_ADD_304_U15_A,sa0,,1.9531250000e-03
ADD_304_U24,sa1,3,1.8750000000e-01
R794_U25,sa1,16,7.0312500000e-02
NUM_REG_0__SCAN_IN,sa1,30,3.9025163651e-01
NUM_REG_1__SCAN_IN,sa0,30,3.8254308701e-01
