net_name,f_type,cube_cnt,complete,fdp
g530_g3192_B,sa0,26,1,2.4996948242e-01
g2655_stem_g4268_B,sa1,29,1,2.4999237061e-01
g190_g4720_A,sa1,3,1,3.7500000000e-01
g190_g4711_A,sa1,3,1,3.7500000000e-01
g150_g4814_A,sa1,30,0,1.5330696106e-01
g3398_II8000_B,sa1,16,1,1.2159347534e-04
g3341_II8028_D,sa1,30,0,1.2129545212e-04
g2074_II8029_A,sa1,16,1,1.0984949768e-04
g3264_II8034_C,sa1,10,1,1.2207031250e-04
g3238_II8041_D,sa1,10,1,9.3102455139e-05
g2149_II8052_B,sa1,7,1,1.8959045410e-03
g2137_II8063_C,sa1,24,1,2.0065298304e-03
g2057_II8090_B,sa1,16,1,1.1844933033e-04
g2137_II8108_C,sa1,2,1,1.2207031250e-04
g3264_II8115_C,sa1,30,0,1.5272796154e-03
g2316_II8209_B,sa1,2,1,7.8125000000e-03
g225_g4334_A,sa1,4,1,3.7500000000e-01
g306_g4343_A,sa1,4,1,3.7500000000e-01
g300_g4385_A,sa1,4,1,3.7500000000e-01
g3238_II8401_D,sa1,30,0,1.9927407920e-03
g2106_II8417_D,sa1,6,1,7.0571899414e-05
g3430_II8455_A,sa1,16,1,1.2159347534e-04
g3316_II8461_A,sa1,2,1,6.1035156250e-05
g3341_II8523_D,sa1,30,0,1.2129545212e-04
g3316_II8524_A,sa1,16,1,1.0984949768e-04
g2020_II8594_C,sa1,13,1,1.7486810684e-03
g3430_II8617_A,sa1,2,1,1.2207031250e-04
g2106_II8642_D,sa1,0,1,0.0000000000e+00
g2770_II9330_B,sa1,4,1,1.2207031250e-04
g261_g8330_A,sa1,2,1,6.1035156250e-05
g4430_II9029_C,sa0,16,1,1.2159347534e-04
g4504_II9029_A,sa0,16,1,1.2159347534e-04
g4445_II9041_C,sa0,16,1,1.2159347534e-04
g4483_II9041_A,sa0,16,1,1.2159347534e-04
g1528_II5505_B,sa1,1,1,6.2500000000e-02
g1733_II6750_A,sa1,18,1,1.6406250000e-01
g33_II6925_A,sa1,2,1,1.8750000000e-01
g2134_II7239_B,sa1,2,1,1.2500000000e-01
g3226_II7453_A,sa1,7,1,1.0937500000e-01
g1721_II7616_B,sa1,30,0,4.5776367188e-04
g3008_II7617_A,sa1,30,0,4.5776367188e-04
g1646_II8132_B,sa1,2,1,9.3750000000e-02
g3506_II8243_B,sa1,30,0,7.1525573730e-06
g2721_II8326_B,sa1,30,0,2.8610229492e-05
g2807_II8510_B,sa1,30,0,7.1525573730e-06
g1110_II8957_A,sa1,4,1,1.1718750000e-01
g1504_II9057_B,sa1,21,1,1.3488769531e-02
g4400_II9069_A,sa1,15,1,5.8593750000e-02
g1149_II9071_A,sa1,4,1,5.8593750000e-02
g4244_II9171_A,sa1,1,1,3.1250000000e-02
g1798,sa1,1,1,5.0000000000e-01
II5654,sa0,,,5.0000000000e-01
g921_II5654_A,sa1,,,5.0000000000e-01
g2888,sa0,1,1,5.0000000000e-01
II6608,sa1,,,5.0000000000e-01
g1612_stem_II6608_A,sa0,,,5.0000000000e-01
g3859,sa1,1,1,5.0000000000e-01
II7380,sa0,,,5.0000000000e-01
g3461,sa1,,,5.0000000000e-01
II6959,sa0,,,5.0000000000e-01
g1558_II6959_A,sa1,,,5.0000000000e-01
g5669,sa0,1,1,5.0000000000e-01
II10154,sa1,,,5.0000000000e-01
g5109_II10154_A,sa0,,,5.0000000000e-01
g5678,sa0,1,1,5.0000000000e-01
II10169,sa1,,,5.0000000000e-01
g4873_II10169_A,sa0,,,5.0000000000e-01
g5687,sa0,1,1,5.0000000000e-01
II10190,sa1,,,5.0000000000e-01
g4670_II10190_A,sa0,,,5.0000000000e-01
g7288,sa1,1,1,9.7656250000e-04
II13296,sa0,,,9.7656250000e-04
g7161,sa1,,,9.7656250000e-04
II13057,sa0,,,9.7656250000e-04
g6968,sa1,,,9.7656250000e-04
II12699,sa0,,,9.7656250000e-04
g6504,sa1,,,9.7656250000e-04
g7289,sa0,30,0,2.9296875000e-02
II13299,sa1,,,2.9296875000e-02
g7163,sa0,,,2.9296875000e-02
II13063,sa1,,,2.9296875000e-02
g6973,sa0,,,2.9296875000e-02
II12708,sa1,,,2.9296875000e-02
g6482,sa0,,,2.9296875000e-02
g5269_g6482_A,sa0,,,2.9296875000e-02
g5847_g6482_B,sa0,,,2.9296875000e-02
g7298,sa0,7,1,4.9609375000e-01
II13326,sa1,,,4.9609375000e-01
g7176,sa0,,,4.9609375000e-01
II13084,sa1,,,4.9609375000e-01
g7071_II13084_A,sa0,,,4.9609375000e-01
g7729,sa1,1,1,5.0000000000e-01
II14058,sa0,,,5.0000000000e-01
g7544,sa1,,,5.0000000000e-01
II13816,sa0,,,5.0000000000e-01
g7455,sa1,,,5.0000000000e-01
II13613,sa0,,,5.0000000000e-01
g7273,sa1,,,5.0000000000e-01
II13255,sa0,,,5.0000000000e-01
g7057,sa1,,,5.0000000000e-01
g6644,sa0,,,5.0000000000e-01
g6208,sa1,,,5.0000000000e-01
II10965,sa0,,,5.0000000000e-01
g5719_II10965_A,sa1,,,5.0000000000e-01
g8872,sa1,3,1,2.8161621094e-01
II15202,sa0,,,2.8161621094e-01
g8797,sa1,,,2.8161621094e-01
II15003,sa0,,,2.8161621094e-01
g8633,sa1,,,2.8161621094e-01
g6298,sa1,1,1,5.0000000000e-01
II11221,sa0,,,5.0000000000e-01
g6167,sa1,,,5.0000000000e-01
II10862,sa0,,,5.0000000000e-01
g5364_II10862_A,sa1,,,5.0000000000e-01
g9376,sa1,30,0,1.2817382813e-03
II16154,sa0,,,1.2817382813e-03
g9370,sa1,,,1.2817382813e-03
II16138,sa0,,,1.2817382813e-03
g9358,sa1,,,1.2817382813e-03
g9279,sa1,,,1.2817382813e-03
g9348,sa1,,,1.2817382813e-03
g6299,sa0,1,1,5.0000000000e-01
II11224,sa1,,,5.0000000000e-01
g6255,sa0,,,5.0000000000e-01
II11066,sa1,,,5.0000000000e-01
g5460,sa0,,,5.0000000000e-01
g4684,sa1,,,5.0000000000e-01
II8949,sa0,,,5.0000000000e-01
g4116,sa1,,,5.0000000000e-01
II7959,sa0,,,5.0000000000e-01
g2793,sa1,,,5.0000000000e-01
II6532,sa0,,,5.0000000000e-01
g1694,sa1,,,5.0000000000e-01
g21,sa0,,,5.0000000000e-01
g6289,sa1,1,1,5.0000000000e-01
II11194,sa0,,,5.0000000000e-01
g6243,sa1,,,5.0000000000e-01
II11050,sa0,,,5.0000000000e-01
g5335_II11050_A,sa1,,,5.0000000000e-01
g6379,sa1,6,1,2.5000000000e-01
II11464,sa0,,,2.5000000000e-01
g6088,sa1,,,2.5000000000e-01
II10708,sa0,,,2.5000000000e-01
g5545,sa1,,,2.5000000000e-01
g3617_g5545_A,sa1,,,2.5000000000e-01
g4824,sa1,,,2.5000000000e-01
g6857,sa0,16,1,7.5000000000e-01
II12442,sa1,,,7.5000000000e-01
g6542,sa0,,,7.5000000000e-01
II11718,sa1,,,7.5000000000e-01
g6115,sa0,,,7.5000000000e-01
g6865,sa1,5,1,7.5000000000e-01
II12466,sa0,,,7.5000000000e-01
g6687,sa1,,,7.5000000000e-01
II12003,sa0,,,7.5000000000e-01
g6202,sa1,,,7.5000000000e-01
II10949,sa0,,,7.5000000000e-01
g5513,sa1,,,7.5000000000e-01
g8675,sa0,10,1,2.5000000000e-01
II14819,sa1,,,2.5000000000e-01
g8647,sa0,,,2.5000000000e-01
II14739,sa1,,,2.5000000000e-01
g8173,sa0,,,2.5000000000e-01
II14400,sa1,,,2.5000000000e-01
g7677,sa0,,,2.5000000000e-01
g7503,sa0,,,2.5000000000e-01
II13686,sa0,,,2.5000000000e-01
g1977_II13686_A,sa0,,,2.5000000000e-01
II13685_II13686_B,sa0,,,2.5000000000e-01
II13687,sa0,,,2.5000000000e-01
g7237_II13687_A,sa0,,,2.5000000000e-01
II13685_II13687_B,sa0,,,2.5000000000e-01
g5073,sa0,,,2.5000000000e-01
g4477_g5073_A,sa1,,,2.5000000000e-01
g6866,sa0,2,1,5.0000000000e-01
II12469,sa1,,,5.0000000000e-01
g6586,sa0,,,5.0000000000e-01
II11778,sa1,,,5.0000000000e-01
g6180,sa0,,,5.0000000000e-01
II10900,sa0,,,5.0000000000e-01
g5520_II10900_A,sa0,,,5.0000000000e-01
II10899_II10900_B,sa0,,,5.0000000000e-01
II10901,sa0,,,5.0000000000e-01
g2752_II10901_A,sa0,,,5.0000000000e-01
II10899_II10901_B,sa0,,,5.0000000000e-01
g6874,sa1,2,1,5.0000000000e-01
II12493,sa0,,,5.0000000000e-01
g6587,sa1,,,5.0000000000e-01
II11781,sa0,,,5.0000000000e-01
g6284,sa1,,,5.0000000000e-01
g6875,sa0,2,1,5.0000000000e-01
II12496,sa1,,,5.0000000000e-01
g6592,sa0,,,5.0000000000e-01
II11790,sa1,,,5.0000000000e-01
g6282,sa0,,,5.0000000000e-01
II11150,sa0,,,5.0000000000e-01
g5473_II11150_A,sa0,,,5.0000000000e-01
II11149_II11150_B,sa0,,,5.0000000000e-01
II11151,sa0,,,5.0000000000e-01
g3038_II11151_A,sa0,,,5.0000000000e-01
II11149_II11151_B,sa0,,,5.0000000000e-01
g6883,sa1,2,1,5.0000000000e-01
II12520,sa0,,,5.0000000000e-01
g6622,sa1,,,5.0000000000e-01
II11858,sa0,,,5.0000000000e-01
g6165,sa1,,,5.0000000000e-01
g6884,sa0,2,1,5.0000000000e-01
II12523,sa1,,,5.0000000000e-01
g6624,sa0,,,5.0000000000e-01
II11864,sa1,,,5.0000000000e-01
g5753,sa0,,,5.0000000000e-01
II10335,sa0,,,5.0000000000e-01
g5462_II10335_A,sa0,,,5.0000000000e-01
II10334_II10335_B,sa0,,,5.0000000000e-01
II10336,sa0,,,5.0000000000e-01
g2573_II10336_A,sa0,,,5.0000000000e-01
II10334_II10336_B,sa0,,,5.0000000000e-01
g6388,sa1,1,1,5.0000000000e-01
II11491,sa0,,,5.0000000000e-01
g6010,sa1,,,5.0000000000e-01
II10608,sa0,,,5.0000000000e-01
g5701_II10608_A,sa1,,,5.0000000000e-01
g6389,sa0,1,1,5.0000000000e-01
II11494,sa1,,,5.0000000000e-01
g6037,sa0,,,5.0000000000e-01
II10646,sa1,,,5.0000000000e-01
g5364_II10646_A,sa0,,,5.0000000000e-01
g7774,sa1,30,0,2.6733398438e-01
II14193,sa0,,,2.6733398438e-01
g7532,sa1,,,2.6733398438e-01
II13776,sa0,,,2.6733398438e-01
g7497,sa1,,,2.6733398438e-01
II13669,sa0,,,2.6733398438e-01
g7240,sa1,,,2.6733398438e-01
g7775,sa0,30,0,3.0151367188e-01
II14196,sa1,,,3.0151367188e-01
g7534,sa0,,,3.0151367188e-01
II13782,sa1,,,3.0151367188e-01
g7498,sa0,,,3.0151367188e-01
II13672,sa1,,,3.0151367188e-01
g7242,sa0,,,3.0151367188e-01
g7081,sa0,,,3.0151367188e-01
g6899,sa0,,,3.0151367188e-01
g6525_g6899_A,sa1,,,3.0151367188e-01
g4669,sa1,7,1,8.7500000000e-01
II8922,sa0,,,8.7500000000e-01
g4229,sa1,,,8.7500000000e-01
II8140,sa0,,,8.7500000000e-01
g3429,sa1,,,8.7500000000e-01
g8864,sa0,7,1,2.4804687500e-01
II15178,sa1,,,2.4804687500e-01
g8753,sa0,,,2.4804687500e-01
II14925,sa1,,,2.4804687500e-01
g8381,sa0,,,2.4804687500e-01
II14603,sa1,,,2.4804687500e-01
g7827,sa0,,,2.4804687500e-01
g7575,sa0,,,2.4804687500e-01
g7173,sa0,,,2.4804687500e-01
g6980_g7173_A,sa1,,,2.4804687500e-01
g7766,sa0,9,1,7.5000000000e-01
II14169,sa1,,,7.5000000000e-01
g7715,sa0,,,7.5000000000e-01
II14022,sa1,,,7.5000000000e-01
g7443,sa0,,,7.5000000000e-01
g8674,sa1,10,1,2.5000000000e-01
II14816,sa0,,,2.5000000000e-01
g8642,sa1,,,2.5000000000e-01
II14732,sa0,,,2.5000000000e-01
g8155,sa1,,,2.5000000000e-01
g7632,sa1,,,2.5000000000e-01
g3219,sa1,,,2.5000000000e-01
II6872,sa0,,,2.5000000000e-01
g2185_II6872_A,sa1,,,2.5000000000e-01
g6856,sa1,6,1,6.5625000000e-01
II12439,sa0,,,6.5625000000e-01
g6566,sa1,,,6.5625000000e-01
II11740,sa0,,,6.5625000000e-01
g6136,sa1,,,6.5625000000e-01
II10773,sa0,,,6.5625000000e-01
g5708,sa1,,,6.5625000000e-01
g2889,sa1,,,6.5625000000e-01
g4699,sa1,,,6.5625000000e-01
g7765,sa1,10,1,6.2500000000e-01
II14166,sa0,,,6.2500000000e-01
g7702,sa1,,,6.2500000000e-01
II13997,sa0,,,6.2500000000e-01
g7432,sa1,,,6.2500000000e-01
II13559,sa0,,,6.2500000000e-01
g7177,sa1,,,6.2500000000e-01
g8873,sa0,12,1,3.7500000000e-01
II15205,sa1,,,3.7500000000e-01
g8809,sa0,,,3.7500000000e-01
II15065,sa1,,,3.7500000000e-01
g8636,sa0,,,3.7500000000e-01
II14718,sa1,,,3.7500000000e-01
g8068,sa0,,,3.7500000000e-01
g7687,sa0,,,3.7500000000e-01
g5610,sa0,,,3.7500000000e-01
g4938_g5610_A,sa1,,,3.7500000000e-01
g6775,sa1,1,1,5.0000000000e-01
II12196,sa0,,,5.0000000000e-01
g6471,sa1,,,5.0000000000e-01
II11627,sa0,,,5.0000000000e-01
g5874_II11627_A,sa1,,,5.0000000000e-01
g6776,sa0,1,1,5.0000000000e-01
II12199,sa1,,,5.0000000000e-01
g6475,sa0,,,5.0000000000e-01
II11633,sa1,,,5.0000000000e-01
g5897_II11633_A,sa0,,,5.0000000000e-01
g4598,sa0,3,1,7.5000000000e-01
II8709,sa1,,,7.5000000000e-01
g4191,sa0,,,7.5000000000e-01
II8084,sa1,,,7.5000000000e-01
g3706,sa0,,,7.5000000000e-01
g1556,sa0,,,7.5000000000e-01
g65_g1556_A,sa1,,,7.5000000000e-01
g2510,sa0,,,7.5000000000e-01
g58_g2510_A,sa1,,,7.5000000000e-01
g7738,sa1,11,1,5.0000000000e-01
II14085,sa0,,,5.0000000000e-01
g7583,sa1,,,5.0000000000e-01
II13894,sa0,,,5.0000000000e-01
g7353,sa1,,,5.0000000000e-01
II13475,sa0,,,5.0000000000e-01
g7125,sa1,,,5.0000000000e-01
II12965,sa0,,,5.0000000000e-01
g6924,sa1,,,5.0000000000e-01
g6400,sa1,,,5.0000000000e-01
g6405,sa1,,,5.0000000000e-01
g7739,sa0,10,1,2.5000000000e-01
II14088,sa1,,,2.5000000000e-01
g7585,sa0,,,2.5000000000e-01
II13900,sa1,,,2.5000000000e-01
g7356,sa0,,,2.5000000000e-01
II13484,sa1,,,2.5000000000e-01
g7128,sa0,,,2.5000000000e-01
g6926,sa0,,,2.5000000000e-01
g3047,sa0,,,2.5000000000e-01
g1736,sa1,,,2.5000000000e-01
II5577,sa0,,,2.5000000000e-01
g172,sa1,,,2.5000000000e-01
g6794,sa0,1,1,5.0000000000e-01
II12253,sa1,,,5.0000000000e-01
g6427,sa0,,,5.0000000000e-01
II11562,sa1,,,5.0000000000e-01
g5939_II11562_A,sa0,,,5.0000000000e-01
g6784,sa1,1,1,5.0000000000e-01
II12223,sa0,,,5.0000000000e-01
g6655,sa1,,,5.0000000000e-01
II11945,sa0,,,5.0000000000e-01
g5874_II11945_A,sa1,,,5.0000000000e-01
g6785,sa0,1,1,5.0000000000e-01
II12226,sa1,,,5.0000000000e-01
g6636,sa0,,,5.0000000000e-01
II11900,sa1,,,5.0000000000e-01
g5847_II11900_A,sa0,,,5.0000000000e-01
g6793,sa1,1,1,5.0000000000e-01
II12250,sa0,,,5.0000000000e-01
g6651,sa1,,,5.0000000000e-01
II11933,sa0,,,5.0000000000e-01
g5847_II11933_A,sa1,,,5.0000000000e-01
g9088,sa1,15,1,5.0000000000e-01
II15654,sa0,,,5.0000000000e-01
g9057,sa1,,,5.0000000000e-01
II15565,sa0,,,5.0000000000e-01
g8980,sa1,,,5.0000000000e-01
g8920,sa1,,,5.0000000000e-01
g8815,sa1,,,5.0000000000e-01
g9089,sa0,18,1,5.0000000000e-01
II15657,sa1,,,5.0000000000e-01
g9059,sa0,,,5.0000000000e-01
II15571,sa1,,,5.0000000000e-01
g8982,sa0,,,5.0000000000e-01
g9097,sa1,15,1,5.0000000000e-01
II15681,sa0,,,5.0000000000e-01
g9063,sa1,,,5.0000000000e-01
II15583,sa0,,,5.0000000000e-01
g8986,sa1,,,5.0000000000e-01
g8926,sa1,,,5.0000000000e-01
g8825,sa1,,,5.0000000000e-01
g9098,sa0,19,1,5.0000000000e-01
II15684,sa1,,,5.0000000000e-01
g9067,sa0,,,5.0000000000e-01
II15595,sa1,,,5.0000000000e-01
g8990,sa0,,,5.0000000000e-01
g6829,sa1,1,1,5.0000000000e-01
II12358,sa0,,,5.0000000000e-01
g6761,sa1,,,5.0000000000e-01
II12154,sa0,,,5.0000000000e-01
g5874_II12154_A,sa1,,,5.0000000000e-01
g7747,sa1,11,1,5.0000000000e-01
II14112,sa0,,,5.0000000000e-01
g7560,sa1,,,5.0000000000e-01
II13854,sa0,,,5.0000000000e-01
g7327,sa1,,,5.0000000000e-01
II13403,sa0,,,5.0000000000e-01
g7269,sa1,,,5.0000000000e-01
II13247,sa0,,,5.0000000000e-01
g6906,sa1,,,5.0000000000e-01
g6715,sa1,,,5.0000000000e-01
g6726,sa1,,,5.0000000000e-01
g7748,sa0,18,1,5.0000000000e-01
II14115,sa1,,,5.0000000000e-01
g7563,sa0,,,5.0000000000e-01
II13861,sa1,,,5.0000000000e-01
g7330,sa0,,,5.0000000000e-01
II13410,sa1,,,5.0000000000e-01
g7274,sa0,,,5.0000000000e-01
II13258,sa1,,,5.0000000000e-01
g6907,sa0,,,5.0000000000e-01
g6838,sa1,1,1,5.0000000000e-01
II12385,sa0,,,5.0000000000e-01
g6397,sa1,,,5.0000000000e-01
II11512,sa0,,,5.0000000000e-01
g5874_II11512_A,sa1,,,5.0000000000e-01
g6839,sa0,1,1,5.0000000000e-01
II12388,sa1,,,5.0000000000e-01
g6403,sa0,,,5.0000000000e-01
II11522,sa1,,,5.0000000000e-01
g5847_II11522_A,sa0,,,5.0000000000e-01
g6847,sa1,1,1,5.0000000000e-01
II12412,sa0,,,5.0000000000e-01
g6404,sa1,,,5.0000000000e-01
II11525,sa0,,,5.0000000000e-01
g5874_II11525_A,sa1,,,5.0000000000e-01
g6848,sa0,1,1,5.0000000000e-01
II12415,sa1,,,5.0000000000e-01
g6410,sa0,,,5.0000000000e-01
II11533,sa1,,,5.0000000000e-01
g5847_II11533_A,sa0,,,5.0000000000e-01
g7756,sa1,13,1,7.5000000000e-01
II14139,sa0,,,7.5000000000e-01
g7548,sa1,,,7.5000000000e-01
II13828,sa0,,,7.5000000000e-01
g7321,sa1,,,7.5000000000e-01
g7187,sa1,,,7.5000000000e-01
II13103,sa0,,,7.5000000000e-01
g7055,sa1,,,7.5000000000e-01
g6517_g7055_A,sa0,,,7.5000000000e-01
g6990,sa1,,,7.5000000000e-01
g7757,sa0,2,1,2.5000000000e-01
II14142,sa1,,,2.5000000000e-01
g7551,sa0,,,2.5000000000e-01
II13837,sa1,,,2.5000000000e-01
g7324,sa0,,,2.5000000000e-01
g7297,sa1,7,1,5.0000000000e-01
II13323,sa0,,,5.0000000000e-01
g7145,sa1,,,5.0000000000e-01
II13023,sa0,,,5.0000000000e-01
g7040,sa1,,,5.0000000000e-01
g6439,sa1,,,5.0000000000e-01
g5783,sa1,,,5.0000000000e-01
g8665,sa1,4,1,5.0000000000e-01
II14789,sa0,,,5.0000000000e-01
g8544,sa1,,,5.0000000000e-01
II14657,sa0,,,5.0000000000e-01
g7782,sa1,,,5.0000000000e-01
g4783,sa1,,,5.0000000000e-01
g7598,sa1,,,5.0000000000e-01
g8666,sa0,4,1,5.0000000000e-01
II14792,sa1,,,5.0000000000e-01
g8583,sa0,,,5.0000000000e-01
II14668,sa1,,,5.0000000000e-01
g7787,sa0,,,5.0000000000e-01
g7099,sa1,7,1,3.7120056152e-01
II12885,sa0,,,3.7120056152e-01
g6946,sa1,,,3.7120056152e-01
II12649,sa0,,,3.7120056152e-01
g6457,sa1,,,3.7120056152e-01
g6196,sa1,,,3.7120056152e-01
g6209,sa1,,,3.7120056152e-01
g2332,sa1,,,3.7120056152e-01
g926_g2332_A,sa0,,,3.7120056152e-01
g5305_g6209_B,sa1,,,3.7120056152e-01
g4937,sa1,,,3.7120056152e-01
g9386,sa0,30,0,5.0059509277e-01
II16176,sa1,,,5.0059509277e-01
g9385,sa0,,,5.0059509277e-01
II16173,sa1,,,5.0059509277e-01
g9382,sa0,,,5.0059509277e-01
II16168,sa1,,,5.0059509277e-01
g9381,sa0,,,5.0059509277e-01
II16165,sa1,,,5.0059509277e-01
g9377,sa0,,,5.0059509277e-01
g2959,sa1,1,1,2.5000000000e-01
g1926_g2959_A,sa0,,,2.5000000000e-01
g3499,sa1,4,1,2.5000000000e-01
g2185_g3499_A,sa0,,,2.5000000000e-01
g5299,sa1,1,1,2.5000000000e-01
II9804,sa0,,,2.5000000000e-01
g5113,sa1,,,2.5000000000e-01
II9499,sa0,,,2.5000000000e-01
g4382,sa1,,,2.5000000000e-01
II8373,sa0,,,2.5000000000e-01
g3783,sa1,,,2.5000000000e-01
II7255,sa0,,,2.5000000000e-01
g1955_II7255_A,sa1,,,2.5000000000e-01
g6595,sa1,2,1,2.5000000000e-01
g6083_g6595_A,sa0,,,2.5000000000e-01
g1789,sa1,1,1,5.0000000000e-01
g1034_g1789_A,sa0,,,5.0000000000e-01
g5749,sa1,1,1,5.0000000000e-01
g5207,sa0,,,5.0000000000e-01
g4673_g5207_A,sa1,,,5.0000000000e-01
g7829,sa0,7,1,8.7500000000e-01
II14251,sa1,,,8.7500000000e-01
g7541,sa0,,,8.7500000000e-01
II13807,sa1,,,8.7500000000e-01
g7320,sa0,,,8.7500000000e-01
II13388,sa1,,,8.7500000000e-01
g7149,sa0,,,8.7500000000e-01
II13031,sa1,,,8.7500000000e-01
g6984_II13031_A,sa0,,,8.7500000000e-01
g5587,sa1,15,1,1.2500000000e-01
g4938_g5587_A,sa0,,,1.2500000000e-01
g2689,sa1,8,1,5.4931640625e-04
g1670,sa0,,,5.4931640625e-04
g1489_g1670_A,sa1,,,5.4931640625e-04
g2698,sa1,4,1,1.8310546875e-04
g1673,sa0,,,1.8310546875e-04
g1504_g1673_A,sa1,,,1.8310546875e-04
g3778,sa1,1,1,3.9062500000e-03
g2145_g3778_A,sa0,,,3.9062500000e-03
g1987,sa1,30,0,2.9805043741e-03
II5842,sa0,,,2.9805043741e-03
g68_II5842_A,sa1,,,2.9805043741e-03
g4787,sa0,2,1,3.7500000000e-01
g953,sa0,,,3.7500000000e-01
g4547,sa0,,,3.7500000000e-01
g3466_g4547_A,sa1,,,3.7500000000e-01
g4796,sa0,2,1,3.7500000000e-01
g950,sa0,,,3.7500000000e-01
g4584,sa0,,,3.7500000000e-01
g3466_g4584_A,sa1,,,3.7500000000e-01
g4958,sa0,2,1,1.2500000000e-01
g296,sa0,,,1.2500000000e-01
g3897,sa0,,,1.2500000000e-01
g3131_g3897_A,sa1,,,1.2500000000e-01
g3958,sa1,3,1,1.8750000000e-01
g3097_g3958_A,sa0,,,1.8750000000e-01
g3994,sa1,3,1,1.8750000000e-01
g3192_g3994_A,sa0,,,1.8750000000e-01
g4876,sa1,4,1,2.5000000000e-01
g4159,sa1,,,2.5000000000e-01
g4167,sa1,,,2.5000000000e-01
g1897,sa1,1,1,7.8125000000e-03
g789_g1897_A,sa0,,,7.8125000000e-03
g3769,sa1,2,1,1.9531250000e-03
g2548_g3769_A,sa0,,,1.9531250000e-03
g5578,sa1,15,1,7.1716308594e-04
g4841_g5578_A,sa0,,,7.1716308594e-04
g5596,sa1,2,1,1.5258789063e-05
g4841_g5596_A,sa0,,,1.5258789063e-05
g6578,sa0,13,1,1.2500000000e-01
g6218,sa0,,,1.2500000000e-01
II10992,sa0,,,1.2500000000e-01
g5632_II10992_A,sa0,,,1.2500000000e-01
II10991_II10992_B,sa0,,,1.2500000000e-01
II10993,sa0,,,1.2500000000e-01
g2389_II10993_A,sa0,,,1.2500000000e-01
II10991_II10993_B,sa0,,,1.2500000000e-01
g3913,sa0,,,1.2500000000e-01
g2834_g3913_A,sa1,,,1.2500000000e-01
g6478,sa1,5,1,1.2577819824e-01
II11638,sa0,,,1.2577819824e-01
g5847_II11638_A,sa1,,,1.2577819824e-01
g4399,sa1,12,1,5.0000000000e-01
g6992,sa0,7,1,2.5000000000e-01
g6610,sa0,,,2.5000000000e-01
g3519,sa0,,,2.5000000000e-01
g2185_g3519_A,sa1,,,2.5000000000e-01
g5588,sa0,3,1,6.2500000000e-02
g3028,sa0,,,6.2500000000e-02
II6775,sa0,,,6.2500000000e-02
g2386_II6775_A,sa0,,,6.2500000000e-02
II6774_II6775_B,sa0,,,6.2500000000e-02
II6776,sa0,,,6.2500000000e-02
g1134_II6776_A,sa0,,,6.2500000000e-02
II6774_II6776_B,sa0,,,6.2500000000e-02
g4969_g5588_B,sa0,,,6.2500000000e-02
g6677,sa0,3,1,5.0000000000e-01
II11987,sa1,,,5.0000000000e-01
g6278,sa0,,,5.0000000000e-01
II11129,sa1,,,5.0000000000e-01
g5418_II11129_A,sa0,,,5.0000000000e-01
g6694,sa1,30,0,2.8802490234e-01
g6151,sa1,,,2.8802490234e-01
g5573,sa1,,,2.8802490234e-01
g5579,sa0,20,1,2.1875000000e-01
g4090,sa0,,,2.1875000000e-01
II7892,sa0,,,2.1875000000e-01
g2979_II7892_A,sa0,,,2.1875000000e-01
II7891_II7892_B,sa0,,,2.1875000000e-01
II7893,sa0,,,2.1875000000e-01
g1499_II7893_A,sa0,,,2.1875000000e-01
II7891_II7893_B,sa0,,,2.1875000000e-01
g4841_g5579_B,sa0,,,2.1875000000e-01
g5938,sa1,2,1,5.1879882813e-04
g5412_g5938_A,sa0,,,5.1879882813e-04
g7828,sa1,13,1,6.2500000000e-02
g8648,sa0,26,1,4.9993896484e-01
g588_g8648_A,sa0,,,4.9993896484e-01
g8094_g8648_B,sa0,,,4.9993896484e-01
g8828,sa0,2,1,6.1035156250e-05
g4573,sa0,,,6.1035156250e-05
g2911,sa1,,,6.1035156250e-05
g2292,sa0,,,6.1035156250e-05
II6060,sa1,,,6.1035156250e-05
g580_II6060_A,sa0,,,6.1035156250e-05
g8541,sa0,,,6.1035156250e-05
g8094_g8541_A,sa1,,,6.1035156250e-05
g8837,sa0,26,1,4.9993896484e-01
g426_g8837_A,sa0,,,4.9993896484e-01
g8564_g8837_B,sa0,,,4.9993896484e-01
g8846,sa0,26,1,4.9993896484e-01
g510_g8846_A,sa0,,,4.9993896484e-01
g8585_g8846_B,sa0,,,4.9993896484e-01
g8585,sa0,30,0,9.1552734375e-04
g7993_g8585_A,sa1,,,9.1552734375e-04
g8773,sa1,18,1,6.7138671875e-04
II14959,sa1,,,6.7138671875e-04
g8322,sa1,,,6.7138671875e-04
g8308,sa1,,,6.7138671875e-04
g8438,sa1,,,6.7138671875e-04
g8612,sa1,,,6.7138671875e-04
II14960,sa1,,,6.7138671875e-04
g8621,sa1,,,6.7138671875e-04
g8622,sa1,,,6.7138671875e-04
g8628,sa1,,,6.7138671875e-04
g8230,sa1,,,6.7138671875e-04
g8199_g8230_A,sa1,,,6.7138671875e-04
II14467,sa1,,,6.7138671875e-04
g7993_II14467_A,sa1,,,6.7138671875e-04
g7966_II14467_B,sa1,,,6.7138671875e-04
g7793_II14467_C,sa1,,,6.7138671875e-04
g7811_II14467_D,sa1,,,6.7138671875e-04
II14468,sa1,,,6.7138671875e-04
g7937_II14468_A,sa1,,,6.7138671875e-04
g7887_II14468_B,sa1,,,6.7138671875e-04
g8029_II14468_C,sa1,,,6.7138671875e-04
g8018_II14468_D,sa1,,,6.7138671875e-04
g8782,sa1,18,1,8.5449218750e-04
g8624,sa1,,,8.5449218750e-04
g8659,sa1,,,8.5449218750e-04
g8199_g8659_A,sa1,,,8.5449218750e-04
II14771,sa1,,,8.5449218750e-04
g7993_II14771_A,sa1,,,8.5449218750e-04
g7966_II14771_B,sa1,,,8.5449218750e-04
g7793_II14771_C,sa1,,,8.5449218750e-04
g7811_II14771_D,sa1,,,8.5449218750e-04
II14772,sa1,,,8.5449218750e-04
g7937_II14772_A,sa1,,,8.5449218750e-04
g7887_II14772_B,sa1,,,8.5449218750e-04
g8029_II14772_C,sa1,,,8.5449218750e-04
g8018_II14772_D,sa1,,,8.5449218750e-04
II14980,sa1,,,8.5449218750e-04
g8362,sa1,,,8.5449218750e-04
g8403,sa1,,,8.5449218750e-04
g8610,sa1,,,8.5449218750e-04
g8746,sa1,30,0,9.1552734375e-04
g8524_g8746_A,sa0,,,9.1552734375e-04
g4579,sa1,2,1,6.1035156250e-05
g2918,sa0,,,6.1035156250e-05
g2310,sa1,,,6.1035156250e-05
II6087,sa0,,,6.1035156250e-05
g318_II6087_A,sa1,,,6.1035156250e-05
g4588,sa1,2,1,6.1035156250e-05
g2929,sa0,,,6.1035156250e-05
g2327,sa1,,,6.1035156250e-05
II6124,sa0,,,6.1035156250e-05
g399_II6124_A,sa1,,,6.1035156250e-05
g8755,sa1,30,0,9.1552734375e-04
g8545_g8755_A,sa0,,,9.1552734375e-04
g8927,sa0,2,1,6.1035156250e-05
g4594,sa0,,,6.1035156250e-05
g2941,sa1,,,6.1035156250e-05
g2349,sa0,,,6.1035156250e-05
II6163,sa1,,,6.1035156250e-05
g402_II6163_A,sa0,,,6.1035156250e-05
g8756,sa0,,,6.1035156250e-05
g8564_g8756_A,sa1,,,6.1035156250e-05
g3868,sa1,2,1,6.1035156250e-05
g2948,sa0,,,6.1035156250e-05
g2366,sa1,,,6.1035156250e-05
II6198,sa0,,,6.1035156250e-05
g483_II6198_A,sa1,,,6.1035156250e-05
g8936,sa0,2,1,6.1035156250e-05
g3875,sa0,,,6.1035156250e-05
g2958,sa1,,,6.1035156250e-05
g2377,sa0,,,6.1035156250e-05
II6229,sa1,,,6.1035156250e-05
g486_II6229_A,sa0,,,6.1035156250e-05
g8768,sa0,,,6.1035156250e-05
g8585_g8768_A,sa1,,,6.1035156250e-05
g8945,sa0,2,1,6.1035156250e-05
g4541,sa0,,,6.1035156250e-05
g2883,sa1,,,6.1035156250e-05
g2237,sa0,,,6.1035156250e-05
II5972,sa1,,,6.1035156250e-05
g356_II5972_A,sa0,,,6.1035156250e-05
g8784,sa0,,,6.1035156250e-05
g8545_g8784_A,sa1,,,6.1035156250e-05
g8791,sa1,30,0,9.1552734375e-04
g8585_g8791_A,sa0,,,9.1552734375e-04
g8890,sa1,30,0,1.2207031250e-03
II15290,sa1,,,1.2207031250e-03
g8285,sa1,,,1.2207031250e-03
g8266,sa1,,,1.2207031250e-03
g8318,sa1,,,1.2207031250e-03
g8326,sa1,,,1.2207031250e-03
II15291,sa1,,,1.2207031250e-03
g8331,sa1,,,1.2207031250e-03
g8336,sa1,,,1.2207031250e-03
g8338,sa1,,,1.2207031250e-03
g8688,sa1,,,1.2207031250e-03
II15292,sa1,,,1.2207031250e-03
g8704,sa1,,,1.2207031250e-03
g8710,sa1,,,1.2207031250e-03
g8805,sa1,,,1.2207031250e-03
g8443_g8805_A,sa1,,,1.2207031250e-03
g8421_g8805_B,sa1,,,1.2207031250e-03
II15033,sa1,,,1.2207031250e-03
II15029,sa1,,,1.2207031250e-03
g8131_II15029_A,sa1,,,1.2207031250e-03
g8111_II15029_B,sa1,,,1.2207031250e-03
g8042_II15029_C,sa1,,,1.2207031250e-03
g8156_II15029_D,sa1,,,1.2207031250e-03
II15030,sa1,,,1.2207031250e-03
g7855_II15030_A,sa1,,,1.2207031250e-03
g7838_II15030_B,sa1,,,1.2207031250e-03
g7905_II15030_C,sa1,,,1.2207031250e-03
g7870_II15030_D,sa1,,,1.2207031250e-03
II15031,sa1,,,1.2207031250e-03
g7951_II15031_A,sa1,,,1.2207031250e-03
g7920_II15031_B,sa1,,,1.2207031250e-03
g7983_II15031_C,sa1,,,1.2207031250e-03
g8181_II15031_D,sa1,,,1.2207031250e-03
II15032,sa1,,,1.2207031250e-03
g8363_II15032_A,sa1,,,1.2207031250e-03
g8342_II15032_B,sa1,,,1.2207031250e-03
g8407_II15032_C,sa1,,,1.2207031250e-03
g8386_II15032_D,sa1,,,1.2207031250e-03
g8963,sa0,30,0,7.8735351563e-03
g8891,sa0,,,7.8735351563e-03
g5317_g8963_B,sa0,,,7.8735351563e-03
g8908,sa1,12,1,6.1035156250e-04
g8079,sa1,,,6.1035156250e-04
g8066,sa1,,,6.1035156250e-04
g8855,sa1,,,6.1035156250e-04
g7658_g8855_A,sa1,,,6.1035156250e-04
g8613_g8855_B,sa1,,,6.1035156250e-04
g7634_g8855_C,sa1,,,6.1035156250e-04
g8729,sa0,2,1,6.1035156250e-05
g2999_g8729_A,sa0,,,6.1035156250e-05
g8493_g8729_B,sa0,,,6.1035156250e-05
g8954,sa0,30,0,8.1707763672e-01
g8763,sa0,,,8.1707763672e-01
g6097,sa0,,,8.1707763672e-01
g5345_g6097_A,sa1,,,8.1707763672e-01
g9278,sa0,30,0,3.7719726563e-01
g9252_g9278_A,sa0,,,3.7719726563e-01
g5658_g9278_B,sa0,,,3.7719726563e-01
g9359,sa0,30,0,4.5410156250e-02
g4748_g9359_A,sa0,,,4.5410156250e-02
g9340_g9359_B,sa0,,,4.5410156250e-02
g7784,sa0,30,0,5.7907104492e-03
g7793,sa0,16,1,1.2159347534e-04
II14234,sa1,,,1.2159347534e-04
g7614,sa0,,,1.2159347534e-04
g7367_g7614_A,sa0,,,1.2159347534e-04
g4176_g7614_B,sa0,,,1.2159347534e-04
g7937,sa0,10,1,1.2207031250e-04
II14285,sa1,,,1.2207031250e-04
g7625,sa0,,,1.2207031250e-04
g7367_g7625_A,sa0,,,1.2207031250e-04
g4182_g7625_B,sa0,,,1.2207031250e-04
g8459,sa0,2,1,6.1035156250e-05
g655_g8459_A,sa0,,,6.1035156250e-05
g7793_g8459_B,sa0,,,6.1035156250e-05
g8378,sa0,2,1,6.1035156250e-05
g677_g8378_A,sa0,,,6.1035156250e-05
g7887_g8378_B,sa0,,,6.1035156250e-05
g8279,sa0,0,1,0.0000000000e+00
g7838,sa0,16,1,1.2159347534e-04
II14264,sa1,,,1.2159347534e-04
g7698,sa0,,,1.2159347534e-04
g7367_g7698_A,sa0,,,1.2159347534e-04
g4483_g7698_B,sa0,,,1.2159347534e-04
g7855,sa1,30,0,1.4734091237e-03
II14267,sa0,,,1.4734091237e-03
g7695,sa1,,,1.4734091237e-03
g8386,sa1,30,0,2.0859241486e-03
g8014,sa0,,,2.0859241486e-03
g7564,sa1,,,2.0859241486e-03
g8288,sa0,2,1,6.1035156250e-05
g270_g8288_A,sa0,,,6.1035156250e-05
g7838_g8288_B,sa0,,,6.1035156250e-05
g8297,sa0,2,1,6.1035156250e-05
g429_g8297_A,sa0,,,6.1035156250e-05
g7920_g8297_B,sa0,,,6.1035156250e-05
g8819,sa0,30,0,7.5683593750e-03
g8693,sa0,2,1,6.1035156250e-05
g3798_g8693_A,sa0,,,6.1035156250e-05
g8342_g8693_B,sa0,,,6.1035156250e-05
g8855,sa0,0,1,0.0000000000e+00
g1889,sa0,30,0,1.2612915039e-01
g1018_g1889_A,sa1,,,1.2612915039e-01
g1898,sa0,2,1,2.5000000000e-01
g959_g1898_A,sa0,,,2.5000000000e-01
g955_g1898_B,sa0,,,2.5000000000e-01
g3787,sa1,3,1,6.1988714151e-05
g1842,sa0,,,6.1988714151e-05
g764,sa1,,,6.1988714151e-05
g2996,sa0,3,1,7.6292082667e-05
g1828,sa1,,,7.6292082667e-05
g769,sa0,,,7.6292082667e-05
g2986,sa1,30,0,3.8281250000e-01
g2798,sa0,3,1,6.1273545725e-05
g1787,sa1,,,6.1273545725e-05
g625,sa0,,,6.1273545725e-05
g1879,sa1,3,1,7.8125000000e-03
II5763,sa0,,,7.8125000000e-03
g1207_II5763_A,sa1,,,7.8125000000e-03
g4894,sa1,30,0,7.3909759521e-06
g4298,sa1,,,7.3909759521e-06
g4575,sa1,,,7.3909759521e-06
g4563,sa1,,,7.3909759521e-06
g4957,sa1,30,0,5.6152343750e-03
g4895,sa0,30,1,4.6875000000e-01
g4078,sa1,,,4.6875000000e-01
g5984,sa0,2,1,9.7656250000e-04
g1041_g5984_A,sa0,,,9.7656250000e-04
g5484_g5984_B,sa0,,,9.7656250000e-04
g5894,sa0,3,1,2.6855468750e-03
g1118_g5894_A,sa0,,,2.6855468750e-03
g5552_g5894_B,sa0,,,2.6855468750e-03
g6559,sa1,30,0,9.8772849888e-03
g5956,sa1,1,1,5.0000000000e-01
II10582,sa0,,,5.0000000000e-01
g5437,sa1,,,5.0000000000e-01
g5041,sa0,,,5.0000000000e-01
II9393,sa1,,,5.0000000000e-01
g4266,sa0,,,5.0000000000e-01
II8202,sa1,,,5.0000000000e-01
g3560,sa0,,,5.0000000000e-01
g2361,sa1,,,5.0000000000e-01
II6183,sa0,,,5.0000000000e-01
g6,sa1,,,5.0000000000e-01
g5939,sa0,1,1,5.0000000000e-01
II10579,sa1,,,5.0000000000e-01
g5433,sa0,,,5.0000000000e-01
g5024,sa1,,,5.0000000000e-01
II9360,sa0,,,5.0000000000e-01
g4257,sa1,,,5.0000000000e-01
II8190,sa0,,,5.0000000000e-01
g3545,sa1,,,5.0000000000e-01
g2344,sa0,,,5.0000000000e-01
II6148,sa1,,,5.0000000000e-01
g5,sa0,,,5.0000000000e-01
g6695,sa0,30,0,3.7109375000e-02
II12016,sa0,,,3.7109375000e-02
g5874_II12016_A,sa0,,,3.7109375000e-02
II12015_II12016_B,sa0,,,3.7109375000e-02
II12017,sa0,,,3.7109375000e-02
g5847_II12017_A,sa0,,,3.7109375000e-02
II12015_II12017_B,sa0,,,3.7109375000e-02
g7199,sa0,9,1,2.8991699219e-04
g1467_g7199_A,sa0,,,2.8991699219e-04
g7003_g7199_B,sa0,,,2.8991699219e-04
g7658,sa0,16,1,1.2159347534e-04
g7367_g7658_A,sa0,,,1.2159347534e-04
g4150_g7658_B,sa0,,,1.2159347534e-04
g9179,sa0,30,0,7.1525573730e-06
II15818,sa0,,,7.1525573730e-06
g9151_II15818_A,sa0,,,7.1525573730e-06
II15817_II15818_B,sa0,,,7.1525573730e-06
II15819,sa0,,,7.1525573730e-06
g9148_II15819_A,sa0,,,7.1525573730e-06
II15817_II15819_B,sa0,,,7.1525573730e-06
g3238_II8006_D,sa1,0,1,0.0000000000e+00
g3238_II8015_D,sa1,10,1,9.3102455139e-05
g2057_II8046_B,sa1,0,1,0.0000000000e+00
g3264_II8053_C,sa1,14,1,1.8805153668e-03
g2149_II8071_B,sa1,17,1,1.9550323486e-03
g2334_II8209_C,sa1,2,1,7.8125000000e-03
g2316_II8237_B,sa1,2,1,3.9062500000e-03
g222_g4383_A,sa1,4,1,3.7500000000e-01
g303_g4392_A,sa1,4,1,3.7500000000e-01
g252_g4407_A,sa1,4,1,3.7500000000e-01
g3264_II8413_C,sa1,14,1,1.0577589273e-04
g275_g4420_A,sa1,4,1,3.7500000000e-01
g2106_II8436_D,sa1,16,1,1.1392310262e-04
g2020_II8496_C,sa1,0,1,0.0000000000e+00
g3430_II8528_A,sa1,2,1,1.2207031250e-04
g3430_II8546_A,sa1,5,1,1.2207031250e-04
g3316_II8552_A,sa1,30,0,1.2129545212e-04
g3430_II8573_A,sa1,2,1,1.2207031250e-04
g3062_II9535_A,sa1,3,1,3.4179687500e-03
g114_g8280_A,sa1,2,1,6.1035156250e-05
g423_g8340_A,sa1,2,1,6.1035156250e-05
g710_g8404_A,sa1,2,1,6.1035156250e-05
g1528_II5507_A,sa1,5,1,6.2500000000e-02
g1489_II5600_A,sa1,16,1,1.0937500000e-01
g1092_II5619_A,sa1,1,1,3.1250000000e-02
g1733_II6751_A,sa1,26,1,1.6406250000e-01
g2360_II6916_A,sa1,1,1,1.2500000000e-01
g2397_II7140_A,sa1,1,1,6.2500000000e-02
g1658_II7240_A,sa1,2,1,1.2500000000e-01
g1541_II7428_B,sa1,2,1,1.5625000000e-02
g3771_II7611_A,sa1,30,0,2.8610229492e-05
g1721_II7618_A,sa1,30,0,4.5776367188e-04
g1904_II8119_A,sa1,2,1,4.6875000000e-02
g1646_II8134_A,sa1,1,1,3.1250000000e-02
g3506_II8245_A,sa1,30,0,7.1525573730e-06
g2454_II8253_A,sa1,30,0,7.1525573730e-06
g2721_II8328_A,sa1,30,0,2.8610229492e-05
g2821_II8470_B,sa1,30,0,7.1525573730e-06
g2525_II8470_A,sa1,30,0,7.1525573730e-06
g2807_II8512_A,sa1,30,0,7.1525573730e-06
g1504_II9059_A,sa1,30,0,1.8017578125e-01
g4062_II9381_A,sa1,15,1,2.3437500000e-01
g2131_II9953_A,sa1,6,1,1.2304687500e-01
g936_g3310_A,sa0,4,1,2.3437500000e-01
g2888,sa1,1,1,5.0000000000e-01
II6608,sa0,,,5.0000000000e-01
g1612_stem_II6608_A,sa1,,,5.0000000000e-01
g5669,sa1,1,1,5.0000000000e-01
II10154,sa0,,,5.0000000000e-01
g5109_II10154_A,sa1,,,5.0000000000e-01
g5678,sa1,1,1,5.0000000000e-01
II10169,sa0,,,5.0000000000e-01
g4873_II10169_A,sa1,,,5.0000000000e-01
g5687,sa1,1,1,5.0000000000e-01
II10190,sa0,,,5.0000000000e-01
g4670_II10190_A,sa1,,,5.0000000000e-01
g6849,sa0,16,1,6.2255859375e-02
II12418,sa1,,,6.2255859375e-02
g6572,sa0,,,6.2255859375e-02
II11764,sa1,,,6.2255859375e-02
g6056,sa0,,,6.2255859375e-02
g3760,sa0,,,6.2255859375e-02
g5286,sa0,,,6.2255859375e-02
g4714_g5286_A,sa1,,,6.2255859375e-02
g1695_g6056_C,sa0,,,6.2255859375e-02
g7289,sa1,1,1,9.7656250000e-04
II13299,sa0,,,9.7656250000e-04
g7163,sa1,,,9.7656250000e-04
II13063,sa0,,,9.7656250000e-04
g6973,sa1,,,9.7656250000e-04
II12708,sa0,,,9.7656250000e-04
g6482,sa1,,,9.7656250000e-04
g7298,sa1,9,1,5.0390625000e-01
II13326,sa0,,,5.0390625000e-01
g7176,sa1,,,5.0390625000e-01
II13084,sa0,,,5.0390625000e-01
g7071_II13084_A,sa1,,,5.0390625000e-01
g9297,sa0,30,0,9.2663574219e-01
II16017,sa1,,,9.2663574219e-01
g9264_II16017_A,sa0,,,9.2663574219e-01
g9378,sa0,30,0,5.4492187500e-01
II16158,sa1,,,5.4492187500e-01
g9363_II16158_A,sa0,,,5.4492187500e-01
g6299,sa1,1,1,5.0000000000e-01
II11224,sa0,,,5.0000000000e-01
g6255,sa1,,,5.0000000000e-01
II11066,sa0,,,5.0000000000e-01
g5460,sa1,,,5.0000000000e-01
g4684,sa0,,,5.0000000000e-01
II8949,sa1,,,5.0000000000e-01
g4116,sa0,,,5.0000000000e-01
II7959,sa1,,,5.0000000000e-01
g2793,sa0,,,5.0000000000e-01
II6532,sa1,,,5.0000000000e-01
g1694,sa0,,,5.0000000000e-01
g21,sa1,,,5.0000000000e-01
g8955,sa0,3,1,5.0000000000e-01
II15379,sa1,,,5.0000000000e-01
g8882,sa0,,,5.0000000000e-01
II15222,sa1,,,5.0000000000e-01
g8834,sa0,,,5.0000000000e-01
g6857,sa1,7,1,2.5000000000e-01
II12442,sa0,,,2.5000000000e-01
g6542,sa1,,,2.5000000000e-01
II11718,sa0,,,2.5000000000e-01
g6115,sa1,,,2.5000000000e-01
g3617_g6115_A,sa1,,,2.5000000000e-01
g5558,sa1,,,2.5000000000e-01
g6858,sa0,18,1,7.5000000000e-01
II12445,sa1,,,7.5000000000e-01
g6568,sa0,,,7.5000000000e-01
II11744,sa1,,,7.5000000000e-01
g6120,sa0,,,7.5000000000e-01
g8675,sa1,11,1,7.5000000000e-01
II14819,sa0,,,7.5000000000e-01
g8647,sa1,,,7.5000000000e-01
II14739,sa0,,,7.5000000000e-01
g8173,sa1,,,7.5000000000e-01
II14400,sa0,,,7.5000000000e-01
g7677,sa1,,,7.5000000000e-01
g8676,sa0,11,1,2.5000000000e-01
II14822,sa1,,,2.5000000000e-01
g8649,sa0,,,2.5000000000e-01
II14743,sa1,,,2.5000000000e-01
g8174,sa0,,,2.5000000000e-01
II14403,sa1,,,2.5000000000e-01
g7679,sa0,,,2.5000000000e-01
g7447,sa0,,,2.5000000000e-01
II13599,sa0,,,2.5000000000e-01
g2551_II13599_A,sa0,,,2.5000000000e-01
II13598_II13599_B,sa0,,,2.5000000000e-01
II13600,sa0,,,2.5000000000e-01
g7244_II13600_A,sa0,,,2.5000000000e-01
II13598_II13600_B,sa0,,,2.5000000000e-01
g5084,sa0,,,2.5000000000e-01
g4477_g5084_A,sa1,,,2.5000000000e-01
g6866,sa1,2,1,5.0000000000e-01
II12469,sa0,,,5.0000000000e-01
g6586,sa1,,,5.0000000000e-01
II11778,sa0,,,5.0000000000e-01
g6180,sa1,,,5.0000000000e-01
g6876,sa0,2,1,5.0000000000e-01
II12499,sa1,,,5.0000000000e-01
g6597,sa0,,,5.0000000000e-01
II11803,sa1,,,5.0000000000e-01
g6280,sa0,,,5.0000000000e-01
II11136,sa0,,,5.0000000000e-01
g5476_II11136_A,sa0,,,5.0000000000e-01
II11135_II11136_B,sa0,,,5.0000000000e-01
II11137,sa0,,,5.0000000000e-01
g3052_II11137_A,sa0,,,5.0000000000e-01
II11135_II11137_B,sa0,,,5.0000000000e-01
g6867,sa0,2,1,5.0000000000e-01
II12472,sa1,,,5.0000000000e-01
g6591,sa0,,,5.0000000000e-01
II11787,sa1,,,5.0000000000e-01
g6273,sa0,,,5.0000000000e-01
II11095,sa0,,,5.0000000000e-01
g5515_II11095_A,sa0,,,5.0000000000e-01
II11094_II11095_B,sa0,,,5.0000000000e-01
II11096,sa0,,,5.0000000000e-01
g2734_II11096_A,sa0,,,5.0000000000e-01
II11094_II11096_B,sa0,,,5.0000000000e-01
g6875,sa1,2,1,5.0000000000e-01
II12496,sa0,,,5.0000000000e-01
g6592,sa1,,,5.0000000000e-01
II11790,sa0,,,5.0000000000e-01
g6282,sa1,,,5.0000000000e-01
g6885,sa0,2,1,5.0000000000e-01
II12526,sa1,,,5.0000000000e-01
g6626,sa0,,,5.0000000000e-01
II11870,sa1,,,5.0000000000e-01
g5752,sa0,,,5.0000000000e-01
II10328,sa0,,,5.0000000000e-01
g5467_II10328_A,sa0,,,5.0000000000e-01
II10327_II10328_B,sa0,,,5.0000000000e-01
II10329,sa0,,,5.0000000000e-01
g2562_II10329_A,sa0,,,5.0000000000e-01
II10327_II10329_B,sa0,,,5.0000000000e-01
g6884,sa1,2,1,5.0000000000e-01
II12523,sa0,,,5.0000000000e-01
g6624,sa1,,,5.0000000000e-01
II11864,sa0,,,5.0000000000e-01
g5753,sa1,,,5.0000000000e-01
g6389,sa1,1,1,5.0000000000e-01
II11494,sa0,,,5.0000000000e-01
g6037,sa1,,,5.0000000000e-01
II10646,sa0,,,5.0000000000e-01
g5364_II10646_A,sa1,,,5.0000000000e-01
g7775,sa1,30,0,1.5576171875e-01
II14196,sa0,,,1.5576171875e-01
g7534,sa1,,,1.5576171875e-01
II13782,sa0,,,1.5576171875e-01
g7498,sa1,,,1.5576171875e-01
II13672,sa0,,,1.5576171875e-01
g7242,sa1,,,1.5576171875e-01
g7776,sa0,3,1,2.5000000000e-01
II14199,sa1,,,2.5000000000e-01
g7704,sa0,,,2.5000000000e-01
II14001,sa1,,,2.5000000000e-01
g7433,sa0,,,2.5000000000e-01
II13562,sa1,,,2.5000000000e-01
g7179,sa0,,,2.5000000000e-01
g6121,sa0,,,2.5000000000e-01
g7035,sa0,,,2.5000000000e-01
g6543_g7035_A,sa1,,,2.5000000000e-01
g8864,sa1,11,1,7.5195312500e-01
II15178,sa0,,,7.5195312500e-01
g8753,sa1,,,7.5195312500e-01
II14925,sa0,,,7.5195312500e-01
g8381,sa1,,,7.5195312500e-01
II14603,sa0,,,7.5195312500e-01
g7827,sa1,,,7.5195312500e-01
g8865,sa0,2,1,1.3732910156e-04
II15181,sa1,,,1.3732910156e-04
g8734,sa0,,,1.3732910156e-04
II14904,sa1,,,1.3732910156e-04
g8629,sa0,,,1.3732910156e-04
g7299,sa0,7,1,7.5000000000e-01
II13329,sa1,,,7.5000000000e-01
g7247,sa0,,,7.5000000000e-01
II13199,sa1,,,7.5000000000e-01
g7025,sa0,,,7.5000000000e-01
g7766,sa1,8,1,2.5000000000e-01
II14169,sa0,,,2.5000000000e-01
g7715,sa1,,,2.5000000000e-01
II14022,sa0,,,2.5000000000e-01
g7443,sa1,,,2.5000000000e-01
g7192,sa1,,,2.5000000000e-01
g3158,sa1,,,2.5000000000e-01
II6853,sa0,,,2.5000000000e-01
g2185_II6853_A,sa1,,,2.5000000000e-01
g8874,sa0,11,1,2.5000000000e-01
II15208,sa1,,,2.5000000000e-01
g8810,sa0,,,2.5000000000e-01
II15068,sa1,,,2.5000000000e-01
g8638,sa0,,,2.5000000000e-01
II14722,sa1,,,2.5000000000e-01
g8076,sa0,,,2.5000000000e-01
g7690,sa0,,,2.5000000000e-01
g3521,sa0,,,2.5000000000e-01
g2185_g3521_A,sa1,,,2.5000000000e-01
g7767,sa0,30,0,1.8707275391e-01
II14172,sa1,,,1.8707275391e-01
g7545,sa0,,,1.8707275391e-01
II13819,sa1,,,1.8707275391e-01
g7426,sa0,,,1.8707275391e-01
g8873,sa1,13,1,6.2500000000e-01
II15205,sa0,,,6.2500000000e-01
g8809,sa1,,,6.2500000000e-01
II15065,sa0,,,6.2500000000e-01
g8636,sa1,,,6.2500000000e-01
II14718,sa0,,,6.2500000000e-01
g8068,sa1,,,6.2500000000e-01
g6776,sa1,1,1,5.0000000000e-01
II12199,sa0,,,5.0000000000e-01
g6475,sa1,,,5.0000000000e-01
II11633,sa0,,,5.0000000000e-01
g5897_II11633_A,sa1,,,5.0000000000e-01
g6777,sa0,1,1,5.0000000000e-01
II12202,sa1,,,5.0000000000e-01
g6481,sa0,,,5.0000000000e-01
II11641,sa1,,,5.0000000000e-01
g5918_II11641_A,sa0,,,5.0000000000e-01
g4598,sa1,1,1,2.5000000000e-01
II8709,sa0,,,2.5000000000e-01
g4191,sa1,,,2.5000000000e-01
II8084,sa0,,,2.5000000000e-01
g3706,sa1,,,2.5000000000e-01
g7739,sa1,12,1,7.5000000000e-01
II14088,sa0,,,7.5000000000e-01
g7585,sa1,,,7.5000000000e-01
II13900,sa0,,,7.5000000000e-01
g7356,sa1,,,7.5000000000e-01
II13484,sa0,,,7.5000000000e-01
g7128,sa1,,,7.5000000000e-01
g4599,sa0,1,1,5.0000000000e-01
II8712,sa1,,,5.0000000000e-01
g4007,sa0,,,5.0000000000e-01
II7752,sa1,,,5.0000000000e-01
g3591_II7752_A,sa0,,,5.0000000000e-01
g6794,sa1,1,1,5.0000000000e-01
II12253,sa0,,,5.0000000000e-01
g6427,sa1,,,5.0000000000e-01
II11562,sa0,,,5.0000000000e-01
g5939_II11562_A,sa1,,,5.0000000000e-01
g6785,sa1,1,1,5.0000000000e-01
II12226,sa0,,,5.0000000000e-01
g6636,sa1,,,5.0000000000e-01
II11900,sa0,,,5.0000000000e-01
g5847_II11900_A,sa1,,,5.0000000000e-01
g6786,sa0,1,1,5.0000000000e-01
II12229,sa1,,,5.0000000000e-01
g6659,sa0,,,5.0000000000e-01
II11955,sa1,,,5.0000000000e-01
g5988_II11955_A,sa0,,,5.0000000000e-01
g9089,sa1,15,1,5.0000000000e-01
II15657,sa0,,,5.0000000000e-01
g9059,sa1,,,5.0000000000e-01
II15571,sa0,,,5.0000000000e-01
g8982,sa1,,,5.0000000000e-01
g8922,sa1,,,5.0000000000e-01
g8820,sa1,,,5.0000000000e-01
g9098,sa1,15,1,5.0000000000e-01
II15684,sa0,,,5.0000000000e-01
g9067,sa1,,,5.0000000000e-01
II15595,sa0,,,5.0000000000e-01
g8990,sa1,,,5.0000000000e-01
g8930,sa1,,,5.0000000000e-01
g8830,sa1,,,5.0000000000e-01
g9099,sa0,19,1,5.0000000000e-01
II15687,sa1,,,5.0000000000e-01
g9071,sa0,,,5.0000000000e-01
II15607,sa1,,,5.0000000000e-01
g8994,sa0,,,5.0000000000e-01
g6795,sa0,1,1,5.0000000000e-01
II12256,sa1,,,5.0000000000e-01
g6647,sa0,,,5.0000000000e-01
II11923,sa1,,,5.0000000000e-01
g5939_II11923_A,sa0,,,5.0000000000e-01
g7748,sa1,11,1,5.0000000000e-01
II14115,sa0,,,5.0000000000e-01
g7563,sa1,,,5.0000000000e-01
II13861,sa0,,,5.0000000000e-01
g7330,sa1,,,5.0000000000e-01
II13410,sa0,,,5.0000000000e-01
g7274,sa1,,,5.0000000000e-01
II13258,sa0,,,5.0000000000e-01
g6907,sa1,,,5.0000000000e-01
g6727,sa1,,,5.0000000000e-01
g6732,sa1,,,5.0000000000e-01
g7749,sa0,18,1,5.0000000000e-01
II14118,sa1,,,5.0000000000e-01
g7565,sa0,,,5.0000000000e-01
II13865,sa1,,,5.0000000000e-01
g7333,sa0,,,5.0000000000e-01
II13419,sa1,,,5.0000000000e-01
g7277,sa0,,,5.0000000000e-01
II13267,sa1,,,5.0000000000e-01
g6913,sa0,,,5.0000000000e-01
g6839,sa1,1,1,5.0000000000e-01
II12388,sa0,,,5.0000000000e-01
g6403,sa1,,,5.0000000000e-01
II11522,sa0,,,5.0000000000e-01
g5847_II11522_A,sa1,,,5.0000000000e-01
g6848,sa1,1,1,5.0000000000e-01
II12415,sa0,,,5.0000000000e-01
g6410,sa1,,,5.0000000000e-01
II11533,sa0,,,5.0000000000e-01
g5847_II11533_A,sa1,,,5.0000000000e-01
g7757,sa1,9,1,7.5000000000e-01
II14142,sa0,,,7.5000000000e-01
g7551,sa1,,,7.5000000000e-01
II13837,sa0,,,7.5000000000e-01
g7324,sa1,,,7.5000000000e-01
g7189,sa1,,,7.5000000000e-01
II13109,sa0,,,7.5000000000e-01
g7059,sa1,,,7.5000000000e-01
g6538_g7059_A,sa0,,,7.5000000000e-01
g6994,sa1,,,7.5000000000e-01
g7758,sa0,5,1,2.5000000000e-01
II14145,sa1,,,2.5000000000e-01
g7542,sa0,,,2.5000000000e-01
II13810,sa1,,,2.5000000000e-01
g7312,sa0,,,2.5000000000e-01
g8666,sa1,4,1,5.0000000000e-01
II14792,sa0,,,5.0000000000e-01
g8583,sa1,,,5.0000000000e-01
II14668,sa0,,,5.0000000000e-01
g7787,sa1,,,5.0000000000e-01
g4791,sa1,,,5.0000000000e-01
g7602,sa1,,,5.0000000000e-01
g8667,sa0,4,1,5.0000000000e-01
II14795,sa1,,,5.0000000000e-01
g8604,sa0,,,5.0000000000e-01
II14677,sa1,,,5.0000000000e-01
g7791,sa0,,,5.0000000000e-01
g9386,sa1,30,0,4.3074893951e-01
II16176,sa0,,,4.3074893951e-01
g9385,sa1,,,4.3074893951e-01
II16173,sa0,,,4.3074893951e-01
g9382,sa1,,,4.3074893951e-01
II16168,sa0,,,4.3074893951e-01
g9381,sa1,,,4.3074893951e-01
II16165,sa0,,,4.3074893951e-01
g9377,sa1,,,4.3074893951e-01
g9371,sa1,,,4.3074893951e-01
g6757,sa1,,,4.3074893951e-01
g5868,sa0,1,1,3.0517578125e-05
II10555,sa1,,,3.0517578125e-05
g5529_II10555_A,sa0,,,3.0517578125e-05
g6975,sa0,5,1,5.0390625000e-01
II12712,sa1,,,5.0390625000e-01
g6543_II12712_A,sa0,,,5.0390625000e-01
g7829,sa1,1,1,1.2500000000e-01
II14251,sa0,,,1.2500000000e-01
g7541,sa1,,,1.2500000000e-01
II13807,sa0,,,1.2500000000e-01
g7320,sa1,,,1.2500000000e-01
II13388,sa0,,,1.2500000000e-01
g7149,sa1,,,1.2500000000e-01
II13031,sa0,,,1.2500000000e-01
g6984_II13031_A,sa1,,,1.2500000000e-01
g9288,sa0,30,0,3.7719726563e-01
g2889,sa0,3,1,2.1875000000e-01
g1612_stem_g2889_A,sa0,,,2.1875000000e-01
g1077_g2889_B,sa0,,,2.1875000000e-01
g2699,sa1,18,1,3.6621093750e-04
g1674,sa0,,,3.6621093750e-04
g1514_g1674_A,sa1,,,3.6621093750e-04
g3779,sa1,1,1,3.0517578125e-05
g2511_g3779_A,sa0,,,3.0517578125e-05
g3986,sa1,2,1,1.2500000000e-01
g202_g3986_A,sa1,,,1.2500000000e-01
g3129,sa1,,,1.2500000000e-01
g3887,sa1,8,1,1.2109375000e-01
g4959,sa0,2,1,1.2500000000e-01
g376,sa0,,,1.2500000000e-01
g3898,sa0,,,1.2500000000e-01
g3160_g3898_A,sa1,,,1.2500000000e-01
g3959,sa1,3,1,1.8750000000e-01
g3097_g3959_A,sa0,,,1.8750000000e-01
g3977,sa1,3,1,1.8750000000e-01
g3160_g3977_A,sa0,,,1.8750000000e-01
g4679,sa1,9,1,1.2109375000e-01
g5597,sa1,1,1,4.8828125000e-04
g4969_g5597_A,sa0,,,4.8828125000e-04
g4797,sa0,4,1,1.2500000000e-01
g3893,sa0,,,1.2500000000e-01
II7453,sa0,,,1.2500000000e-01
g3226_II7453_A,sa0,,,1.2500000000e-01
II7452_II7453_B,sa0,,,1.2500000000e-01
II7454,sa0,,,1.2500000000e-01
g1106_II7454_A,sa0,,,1.2500000000e-01
II7452_II7454_B,sa0,,,1.2500000000e-01
g1616_g4797_B,sa0,,,1.2500000000e-01
g6399,sa0,2,1,9.7656250000e-04
g5971_g6399_A,sa0,,,9.7656250000e-04
g5494_g6399_B,sa0,,,9.7656250000e-04
g6498,sa0,6,1,2.5000000000e-01
II11666,sa1,,,2.5000000000e-01
g5772_II11666_A,sa0,,,2.5000000000e-01
g6677,sa1,3,1,5.0000000000e-01
II11987,sa0,,,5.0000000000e-01
g6278,sa1,,,5.0000000000e-01
II11129,sa0,,,5.0000000000e-01
g5418_II11129_A,sa1,,,5.0000000000e-01
g6893,sa1,30,0,5.8471679688e-02
g6965,sa1,30,0,2.6947021484e-01
g7488,sa0,3,1,1.2504577637e-01
g7225,sa1,,,1.2504577637e-01
g6936,sa0,,,1.2504577637e-01
II12629,sa1,,,1.2504577637e-01
g6523,sa0,,,1.2504577637e-01
II11707,sa1,,,1.2504577637e-01
g5988_II11707_A,sa0,,,1.2504577637e-01
g4589,sa1,2,1,6.1035156250e-05
g2930,sa0,,,6.1035156250e-05
g2328,sa1,,,6.1035156250e-05
II6127,sa0,,,6.1035156250e-05
g471_II6127_A,sa1,,,6.1035156250e-05
g3798,sa0,2,1,5.0000000000e-01
g1757,sa1,,,5.0000000000e-01
g604,sa0,,,5.0000000000e-01
g8829,sa0,26,1,4.9993896484e-01
g267_g8829_A,sa0,,,4.9993896484e-01
g8524_g8829_B,sa0,,,4.9993896484e-01
g8838,sa0,26,1,4.9993896484e-01
g504_g8838_A,sa0,,,4.9993896484e-01
g8585_g8838_B,sa0,,,4.9993896484e-01
g8585,sa1,16,1,1.2159347534e-04
g7993_g8585_A,sa0,,,1.2159347534e-04
g6984,sa0,7,1,8.7500000000e-01
II12725,sa1,,,8.7500000000e-01
g6565,sa0,,,8.7500000000e-01
g8919,sa0,2,1,6.1035156250e-05
g4567,sa0,,,6.1035156250e-05
g2903,sa1,,,6.1035156250e-05
g2286,sa0,,,6.1035156250e-05
II6042,sa1,,,6.1035156250e-05
g237_II6042_A,sa0,,,6.1035156250e-05
g8743,sa0,,,6.1035156250e-05
g8524_g8743_A,sa1,,,6.1035156250e-05
g8747,sa1,30,0,9.1552734375e-04
g8545_g8747_A,sa0,,,9.1552734375e-04
g8756,sa1,30,0,9.1552734375e-04
g8564_g8756_A,sa0,,,9.1552734375e-04
g8928,sa0,2,1,6.1035156250e-05
g4595,sa0,,,6.1035156250e-05
g2942,sa1,,,6.1035156250e-05
g2350,sa0,,,6.1035156250e-05
II6166,sa1,,,6.1035156250e-05
g480_II6166_A,sa0,,,6.1035156250e-05
g8757,sa0,,,6.1035156250e-05
g8585_g8757_A,sa1,,,6.1035156250e-05
g8765,sa1,30,0,9.1552734375e-04
g8524_g8765_A,sa0,,,9.1552734375e-04
g8937,sa0,2,1,6.1035156250e-05
g4524,sa0,,,6.1035156250e-05
g2869,sa1,,,6.1035156250e-05
g2224,sa0,,,6.1035156250e-05
II5945,sa1,,,6.1035156250e-05
g333_II5945_A,sa0,,,6.1035156250e-05
g8770,sa0,,,6.1035156250e-05
g8545_g8770_A,sa1,,,6.1035156250e-05
g3878,sa1,2,1,6.1035156250e-05
g2962,sa0,,,6.1035156250e-05
g2382,sa1,,,6.1035156250e-05
II6248,sa0,,,6.1035156250e-05
g411_II6248_A,sa1,,,6.1035156250e-05
g8783,sa1,30,0,9.1552734375e-04
g8524_g8783_A,sa0,,,9.1552734375e-04
g8946,sa0,2,1,6.1035156250e-05
g4556,sa0,,,6.1035156250e-05
g2895,sa1,,,6.1035156250e-05
g2268,sa0,,,6.1035156250e-05
II6009,sa1,,,6.1035156250e-05
g359_II6009_A,sa0,,,6.1035156250e-05
g8786,sa0,,,6.1035156250e-05
g8545_g8786_A,sa1,,,6.1035156250e-05
g8891,sa1,30,0,1.2817382813e-03
g8705,sa1,,,1.2817382813e-03
g8811,sa1,,,1.2817382813e-03
g8443_g8811_A,sa1,,,1.2817382813e-03
g8421_g8811_B,sa1,,,1.2817382813e-03
II15075,sa1,,,1.2817382813e-03
II15071,sa1,,,1.2817382813e-03
g8131_II15071_A,sa1,,,1.2817382813e-03
g8111_II15071_B,sa1,,,1.2817382813e-03
g8042_II15071_C,sa1,,,1.2817382813e-03
g8156_II15071_D,sa1,,,1.2817382813e-03
II15072,sa1,,,1.2817382813e-03
g7855_II15072_A,sa1,,,1.2817382813e-03
g7838_II15072_B,sa1,,,1.2817382813e-03
g7905_II15072_C,sa1,,,1.2817382813e-03
g7870_II15072_D,sa1,,,1.2817382813e-03
II15073,sa1,,,1.2817382813e-03
g7951_II15073_A,sa1,,,1.2817382813e-03
g7920_II15073_B,sa1,,,1.2817382813e-03
g7983_II15073_C,sa1,,,1.2817382813e-03
g8181_II15073_D,sa1,,,1.2817382813e-03
II15074,sa1,,,1.2817382813e-03
g8363_II15074_A,sa1,,,1.2817382813e-03
g8342_II15074_B,sa1,,,1.2817382813e-03
g8407_II15074_C,sa1,,,1.2817382813e-03
g8386_II15074_D,sa1,,,1.2817382813e-03
II15297,sa1,,,1.2817382813e-03
g8280,sa1,,,1.2817382813e-03
g8257,sa1,,,1.2817382813e-03
g8319,sa1,,,1.2817382813e-03
g8327,sa1,,,1.2817382813e-03
II15298,sa1,,,1.2817382813e-03
g8332,sa1,,,1.2817382813e-03
g8333,sa1,,,1.2817382813e-03
g8686,sa1,,,1.2817382813e-03
g8702,sa1,,,1.2817382813e-03
g8909,sa1,16,1,3.7500000000e-01
g6043,sa1,,,3.7500000000e-01
g8764,sa1,,,3.7500000000e-01
g8739,sa0,2,1,6.1035156250e-05
g3780_g8739_A,sa0,,,6.1035156250e-05
g8464_g8739_B,sa0,,,6.1035156250e-05
g8892,sa0,1,1,7.6293945313e-06
g8681,sa0,,,7.6293945313e-06
II14838,sa0,,,7.6293945313e-06
g8660_II14838_A,sa0,,,7.6293945313e-06
II14837_II14838_B,sa0,,,7.6293945313e-06
II14839,sa0,,,7.6293945313e-06
g1073_II14839_A,sa0,,,7.6293945313e-06
II14837_II14839_B,sa0,,,7.6293945313e-06
g4969_g8892_B,sa0,,,7.6293945313e-06
g9279,sa0,30,0,3.7777709961e-01
g9255_g9279_A,sa0,,,3.7777709961e-01
g5665_g9279_B,sa0,,,3.7777709961e-01
g5769,sa0,30,0,3.1463623047e-02
II10380,sa1,,,3.1463623047e-02
g5448_II10380_A,sa0,,,3.1463623047e-02
g7784,sa1,3,1,1.4495849609e-04
g7406_g7784_A,sa1,,,1.4495849609e-04
g6664_g7784_B,sa1,,,1.4495849609e-04
g3492_g7784_C,sa1,,,1.4495849609e-04
II14219,sa1,,,1.4495849609e-04
g979_II14219_A,sa1,,,1.4495849609e-04
g7566_II14219_B,sa1,,,1.4495849609e-04
g1865,sa1,,,1.4495849609e-04
g1013,sa0,,,1.4495849609e-04
g7793,sa1,30,0,3.1644344330e-02
II14234,sa0,,,3.1644344330e-02
g7614,sa1,,,3.1644344330e-02
g7937,sa1,30,0,9.4277739525e-02
II14285,sa0,,,9.4277739525e-02
g7625,sa1,,,9.4277739525e-02
g8379,sa0,2,1,6.1035156250e-05
g691_g8379_A,sa0,,,6.1035156250e-05
g7793_g8379_B,sa0,,,6.1035156250e-05
g8658,sa0,30,0,7.6025390625e-01
g8199,sa0,16,1,1.2159347534e-04
II14424,sa1,,,1.2159347534e-04
g7652,sa0,,,1.2159347534e-04
g7367_g7652_A,sa0,,,1.2159347534e-04
g4194,sa0,,,1.2159347534e-04
II8089,sa0,,,1.2159347534e-04
g2162_II8089_A,sa0,,,1.2159347534e-04
g2149_II8089_B,sa0,,,1.2159347534e-04
g2137_II8089_C,sa0,,,1.2159347534e-04
g2106_II8089_D,sa0,,,1.2159347534e-04
II8090,sa0,,,1.2159347534e-04
g3316_II8090_A,sa0,,,1.2159347534e-04
g2057_II8090_B,sa0,,,1.2159347534e-04
g2020_II8090_C,sa0,,,1.2159347534e-04
g3238_II8090_D,sa0,,,1.2159347534e-04
g7838,sa1,30,0,3.9288997650e-03
II14264,sa0,,,3.9288997650e-03
g7698,sa1,,,3.9288997650e-03
g7983,sa0,2,1,1.2207031250e-04
II14294,sa1,,,1.2207031250e-04
g7553,sa0,,,1.2207031250e-04
g7367_g7553_A,sa0,,,1.2207031250e-04
g4135_g7553_B,sa0,,,1.2207031250e-04
g8298,sa0,2,1,6.1035156250e-05
g553_g8298_A,sa0,,,6.1035156250e-05
g8181_g8298_B,sa0,,,6.1035156250e-05
g8289,sa0,2,1,6.1035156250e-05
g348_g8289_A,sa0,,,6.1035156250e-05
g7870_g8289_B,sa0,,,6.1035156250e-05
g8694,sa0,0,1,0.0000000000e+00
g8748,sa0,2,1,6.1035156250e-05
g2721_g8748_A,sa0,,,6.1035156250e-05
g8483_g8748_B,sa0,,,6.1035156250e-05
g8847,sa0,30,0,1.2268066406e-02
g1889,sa1,30,0,1.2710571289e-01
g1018_g1889_A,sa0,,,1.2710571289e-01
g1898,sa1,6,1,7.5000000000e-01
g2996,sa1,3,1,7.6292082667e-05
g1828,sa0,,,7.6292082667e-05
g769,sa1,,,7.6292082667e-05
g2979,sa0,30,0,4.4067382813e-02
g1494_g2979_A,sa0,,,4.4067382813e-02
g1733_g2979_B,sa0,,,4.4067382813e-02
g2798,sa1,3,1,6.1273545725e-05
g1787,sa0,,,6.1273545725e-05
g625,sa1,,,6.1273545725e-05
g4877,sa1,30,0,1.8310546875e-03
g4869,sa0,19,1,2.3437500000e-01
g4254,sa0,,,2.3437500000e-01
g3583_g4254_A,sa0,,,2.3437500000e-01
g3568_g4254_B,sa0,,,2.3437500000e-01
g3549_g4254_C,sa0,,,2.3437500000e-01
g3533_g4869_B,sa0,,,2.3437500000e-01
g4895,sa1,2,1,3.1250000000e-02
g4078,sa0,,,3.1250000000e-02
g3753,sa0,,,3.1250000000e-02
g2540_g3753_A,sa1,,,3.1250000000e-02
g3732_g4078_B,sa0,,,3.1250000000e-02
g3712_g4078_C,sa0,,,3.1250000000e-02
g3700_g4078_D,sa0,,,3.1250000000e-02
g5697,sa0,30,0,1.4648437500e-03
g2044_g5697_A,sa0,,,1.4648437500e-03
g5005,sa0,,,1.4648437500e-03
g2728_g5005_A,sa0,,,1.4648437500e-03
g4320_g5005_B,sa0,,,1.4648437500e-03
II9330,sa0,,,1.4648437500e-03
g2784_II9330_A,sa0,,,1.4648437500e-03
g2770_II9330_B,sa0,,,1.4648437500e-03
g2746_II9330_C,sa0,,,1.4648437500e-03
g5984,sa1,30,0,1.4648437500e-02
g5894,sa1,30,0,2.8076171875e-02
g5939,sa1,1,1,5.0000000000e-01
II10579,sa0,,,5.0000000000e-01
g5433,sa1,,,5.0000000000e-01
g5024,sa0,,,5.0000000000e-01
II9360,sa1,,,5.0000000000e-01
g4257,sa0,,,5.0000000000e-01
II8190,sa1,,,5.0000000000e-01
g3545,sa0,,,5.0000000000e-01
g2344,sa1,,,5.0000000000e-01
II6148,sa0,,,5.0000000000e-01
g5,sa1,,,5.0000000000e-01
g6695,sa1,30,0,3.9062500000e-02
g7199,sa1,30,0,1.0566711426e-03
g7658,sa1,30,0,3.2038688660e-03
g9179,sa1,30,0,2.5485563278e-01
g368_g3131_B,sa0,26,1,2.4996948242e-01
g2057_II8029_B,sa1,16,1,1.0984949768e-04
g3238_II8034_D,sa1,26,1,1.2195715681e-04
g3359_II8040_C,sa1,5,1,1.2207031250e-04
g3341_II8057_D,sa1,16,1,1.2159347534e-04
g2074_II8058_A,sa1,16,1,1.0984949768e-04
g2149_II8063_B,sa1,24,1,2.0065298304e-03
g2162_II8078_A,sa1,30,0,2.0061708055e-03
g2149_II8108_B,sa1,2,1,1.2207031250e-04
g2680_II8143_C,sa1,14,1,1.8310546875e-04
g228_g4342_A,sa1,4,1,3.7500000000e-01
g309_g4351_A,sa1,4,1,3.7500000000e-01
g3359_II8400_C,sa1,30,0,1.9945167005e-03
g3287_II8401_B,sa1,30,0,1.9984925311e-03
g3316_II8418_A,sa1,6,1,1.0681152344e-04
g414_g4435_A,sa1,4,1,3.7500000000e-01
g440_g4472_A,sa1,4,1,3.7500000000e-01
g2057_II8524_B,sa1,16,1,1.1392310262e-04
g521_g4490_A,sa1,4,1,3.7500000000e-01
g2020_II8569_C,sa1,16,1,1.0984949768e-04
g2106_II8617_D,sa1,0,1,0.0000000000e+00
g2074_II8643_A,sa1,0,1,0.0000000000e+00
g2584_II9202_C,sa1,1,1,3.1250000000e-02
g3052_II9534_D,sa1,3,1,3.4179687500e-03
g3019_II9534_A,sa1,3,1,3.4179687500e-03
g710_g6416_A,sa1,18,1,4.9902343750e-01
g122_g8291_A,sa1,2,1,6.1035156250e-05
g510_g8308_A,sa1,2,1,6.1035156250e-05
g2734_II8225_C,sa0,1,1,3.9062500000e-03
g4466_II9041_B,sa0,5,1,1.2207031250e-04
g4155_II9047_A,sa0,16,1,1.2159347534e-04
g2557_II6540_A,sa1,1,1,2.5000000000e-01
g1134_II6774_B,sa1,1,1,1.5625000000e-02
g2360_II6917_A,sa1,1,1,6.2500000000e-02
g2295_II7009_A,sa1,2,1,1.2500000000e-01
g1974_II7150_A,sa1,1,1,1.2500000000e-01
g2454_II8254_A,sa1,30,0,7.1525573730e-06
g2525_II8471_A,sa1,30,0,7.1525573730e-06
g2821_II8472_A,sa1,30,0,7.1525573730e-06
g4062_II9382_A,sa1,8,1,2.3437500000e-01
g2131_II9954_A,sa1,1,1,1.9531250000e-03
g6849,sa1,30,0,2.8724575043e-01
II12418,sa0,,,2.8724575043e-01
g6572,sa1,,,2.8724575043e-01
II11764,sa0,,,2.8724575043e-01
g6056,sa1,,,2.8724575043e-01
g6895,sa0,1,1,5.0000000000e-01
II12558,sa1,,,5.0000000000e-01
g6449_II12558_A,sa0,,,5.0000000000e-01
g9297,sa1,30,0,1.0375976563e-03
II16017,sa0,,,1.0375976563e-03
g9264_II16017_A,sa1,,,1.0375976563e-03
g9378,sa1,30,0,1.0256052017e-02
II16158,sa0,,,1.0256052017e-02
g9363_II16158_A,sa1,,,1.0256052017e-02
g8955,sa1,3,1,5.0000000000e-01
II15379,sa0,,,5.0000000000e-01
g8882,sa1,,,5.0000000000e-01
II15222,sa0,,,5.0000000000e-01
g8834,sa1,,,5.0000000000e-01
g7096,sa1,,,5.0000000000e-01
g8229,sa1,,,5.0000000000e-01
g6858,sa1,8,1,2.5000000000e-01
II12445,sa0,,,2.5000000000e-01
g6568,sa1,,,2.5000000000e-01
II11744,sa0,,,2.5000000000e-01
g6120,sa1,,,2.5000000000e-01
g3617_g6120_A,sa1,,,2.5000000000e-01
g5555,sa1,,,2.5000000000e-01
g6859,sa0,20,1,7.5000000000e-01
II12448,sa1,,,7.5000000000e-01
g6569,sa0,,,7.5000000000e-01
II11747,sa1,,,7.5000000000e-01
g6123,sa0,,,7.5000000000e-01
g7768,sa0,9,1,2.5000000000e-01
II14175,sa1,,,2.5000000000e-01
g7718,sa0,,,2.5000000000e-01
II14031,sa1,,,2.5000000000e-01
g7448,sa0,,,2.5000000000e-01
II13605,sa1,,,2.5000000000e-01
g7197,sa0,,,2.5000000000e-01
g7093,sa0,,,2.5000000000e-01
II12870,sa0,,,2.5000000000e-01
g2536_II12870_A,sa0,,,2.5000000000e-01
II12869_II12870_B,sa0,,,2.5000000000e-01
II12871,sa0,,,2.5000000000e-01
g6618_II12871_A,sa0,,,2.5000000000e-01
II12869_II12871_B,sa0,,,2.5000000000e-01
g5055,sa0,,,2.5000000000e-01
g4477_g5055_A,sa1,,,2.5000000000e-01
g8676,sa1,12,1,7.5000000000e-01
II14822,sa0,,,7.5000000000e-01
g8649,sa1,,,7.5000000000e-01
II14743,sa0,,,7.5000000000e-01
g8174,sa1,,,7.5000000000e-01
II14403,sa0,,,7.5000000000e-01
g7679,sa1,,,7.5000000000e-01
g8677,sa0,12,1,2.5000000000e-01
II14825,sa1,,,2.5000000000e-01
g8651,sa0,,,2.5000000000e-01
II14747,sa1,,,2.5000000000e-01
g8175,sa0,,,2.5000000000e-01
II14406,sa1,,,2.5000000000e-01
g7681,sa0,,,2.5000000000e-01
g7444,sa0,,,2.5000000000e-01
II13588,sa0,,,2.5000000000e-01
g2556_II13588_A,sa0,,,2.5000000000e-01
II13587_II13588_B,sa0,,,2.5000000000e-01
II13589,sa0,,,2.5000000000e-01
g7234_II13589_A,sa0,,,2.5000000000e-01
II13587_II13589_B,sa0,,,2.5000000000e-01
g5099,sa0,,,2.5000000000e-01
g4477_g5099_A,sa1,,,2.5000000000e-01
g6876,sa1,2,1,5.0000000000e-01
II12499,sa0,,,5.0000000000e-01
g6597,sa1,,,5.0000000000e-01
II11803,sa0,,,5.0000000000e-01
g6280,sa1,,,5.0000000000e-01
g6867,sa1,2,1,5.0000000000e-01
II12472,sa0,,,5.0000000000e-01
g6591,sa1,,,5.0000000000e-01
II11787,sa0,,,5.0000000000e-01
g6273,sa1,,,5.0000000000e-01
g6877,sa0,2,1,5.0000000000e-01
II12502,sa1,,,5.0000000000e-01
g6604,sa0,,,5.0000000000e-01
II11818,sa1,,,5.0000000000e-01
g6276,sa0,,,5.0000000000e-01
II11116,sa0,,,5.0000000000e-01
g5481_II11116_A,sa0,,,5.0000000000e-01
II11115_II11116_B,sa0,,,5.0000000000e-01
II11117,sa0,,,5.0000000000e-01
g3062_II11117_A,sa0,,,5.0000000000e-01
II11115_II11117_B,sa0,,,5.0000000000e-01
g6868,sa0,2,1,5.0000000000e-01
II12475,sa1,,,5.0000000000e-01
g6596,sa0,,,5.0000000000e-01
II11800,sa1,,,5.0000000000e-01
g6164,sa0,,,5.0000000000e-01
II10848,sa0,,,5.0000000000e-01
g5490_II10848_A,sa0,,,5.0000000000e-01
II10847_II10848_B,sa0,,,5.0000000000e-01
II10849,sa0,,,5.0000000000e-01
g2595_II10849_A,sa0,,,5.0000000000e-01
II10847_II10849_B,sa0,,,5.0000000000e-01
g6885,sa1,2,1,5.0000000000e-01
II12526,sa0,,,5.0000000000e-01
g6626,sa1,,,5.0000000000e-01
II11870,sa0,,,5.0000000000e-01
g5752,sa1,,,5.0000000000e-01
g6886,sa0,2,1,5.0000000000e-01
II12529,sa1,,,5.0000000000e-01
g6628,sa0,,,5.0000000000e-01
II11880,sa1,,,5.0000000000e-01
g5748,sa0,,,5.0000000000e-01
II10306,sa0,,,5.0000000000e-01
g5470_II10306_A,sa0,,,5.0000000000e-01
II10305_II10306_B,sa0,,,5.0000000000e-01
II10307,sa0,,,5.0000000000e-01
g3019_II10307_A,sa0,,,5.0000000000e-01
II10305_II10307_B,sa0,,,5.0000000000e-01
g8875,sa0,30,0,4.2419433594e-01
II15211,sa1,,,4.2419433594e-01
g8808,sa0,,,4.2419433594e-01
II15062,sa1,,,4.2419433594e-01
g8632,sa0,,,4.2419433594e-01
II14712,sa1,,,4.2419433594e-01
g8059,sa0,,,4.2419433594e-01
g7682,sa0,,,4.2419433594e-01
g7032,sa0,,,4.2419433594e-01
g6525_g7032_A,sa1,,,4.2419433594e-01
g7776,sa1,19,1,7.5000000000e-01
II14199,sa0,,,7.5000000000e-01
g7704,sa1,,,7.5000000000e-01
II14001,sa0,,,7.5000000000e-01
g7433,sa1,,,7.5000000000e-01
II13562,sa0,,,7.5000000000e-01
g7179,sa1,,,7.5000000000e-01
g7777,sa0,4,1,2.5000000000e-01
II14202,sa1,,,2.5000000000e-01
g7708,sa0,,,2.5000000000e-01
II14005,sa1,,,2.5000000000e-01
g7434,sa0,,,2.5000000000e-01
II13565,sa1,,,2.5000000000e-01
g7181,sa0,,,2.5000000000e-01
g6124,sa0,,,2.5000000000e-01
g7039,sa0,,,2.5000000000e-01
g6543_g7039_A,sa1,,,2.5000000000e-01
g8865,sa1,30,0,5.8288574219e-03
II15181,sa0,,,5.8288574219e-03
g8734,sa1,,,5.8288574219e-03
II14904,sa0,,,5.8288574219e-03
g8629,sa1,,,5.8288574219e-03
g6270_g8629_A,sa1,,,5.8288574219e-03
g8009_g8629_B,sa1,,,5.8288574219e-03
g7299,sa1,6,1,2.5000000000e-01
II13329,sa0,,,2.5000000000e-01
g7247,sa1,,,2.5000000000e-01
II13199,sa0,,,2.5000000000e-01
g7025,sa1,,,2.5000000000e-01
g6541,sa1,,,2.5000000000e-01
g3095,sa1,,,2.5000000000e-01
II6831,sa0,,,2.5000000000e-01
g2185_II6831_A,sa1,,,2.5000000000e-01
g8874,sa1,12,1,7.5000000000e-01
II15208,sa0,,,7.5000000000e-01
g8810,sa1,,,7.5000000000e-01
II15068,sa0,,,7.5000000000e-01
g8638,sa1,,,7.5000000000e-01
II14722,sa0,,,7.5000000000e-01
g8076,sa1,,,7.5000000000e-01
g7767,sa1,10,1,6.2438964844e-02
II14172,sa0,,,6.2438964844e-02
g7545,sa1,,,6.2438964844e-02
II13819,sa0,,,6.2438964844e-02
g7426,sa1,,,6.2438964844e-02
g1173_g7426_A,sa1,,,6.2438964844e-02
g7217_g7426_B,sa1,,,6.2438964844e-02
II13553,sa1,,,6.2438964844e-02
g1166,sa1,,,6.2438964844e-02
g1167_II13553_B,sa1,,,6.2438964844e-02
g1170_II13553_C,sa1,,,6.2438964844e-02
g6777,sa1,1,1,5.0000000000e-01
II12202,sa0,,,5.0000000000e-01
g6481,sa1,,,5.0000000000e-01
II11641,sa0,,,5.0000000000e-01
g5918_II11641_A,sa1,,,5.0000000000e-01
g6778,sa0,1,1,5.0000000000e-01
II12205,sa1,,,5.0000000000e-01
g6488,sa0,,,5.0000000000e-01
II11652,sa1,,,5.0000000000e-01
g5939_II11652_A,sa0,,,5.0000000000e-01
g4599,sa1,1,1,5.0000000000e-01
II8712,sa0,,,5.0000000000e-01
g4007,sa1,,,5.0000000000e-01
II7752,sa0,,,5.0000000000e-01
g3591_II7752_A,sa1,,,5.0000000000e-01
g6786,sa1,1,1,5.0000000000e-01
II12229,sa0,,,5.0000000000e-01
g6659,sa1,,,5.0000000000e-01
II11955,sa0,,,5.0000000000e-01
g5988_II11955_A,sa1,,,5.0000000000e-01
g6787,sa0,1,1,5.0000000000e-01
II12232,sa1,,,5.0000000000e-01
g6662,sa0,,,5.0000000000e-01
II11964,sa1,,,5.0000000000e-01
g5971_II11964_A,sa0,,,5.0000000000e-01
g9099,sa1,15,1,5.0000000000e-01
II15687,sa0,,,5.0000000000e-01
g9071,sa1,,,5.0000000000e-01
II15607,sa0,,,5.0000000000e-01
g8994,sa1,,,5.0000000000e-01
g8934,sa1,,,5.0000000000e-01
g8836,sa1,,,5.0000000000e-01
g6795,sa1,1,1,5.0000000000e-01
II12256,sa0,,,5.0000000000e-01
g6647,sa1,,,5.0000000000e-01
II11923,sa0,,,5.0000000000e-01
g5939_II11923_A,sa1,,,5.0000000000e-01
g6796,sa0,1,1,5.0000000000e-01
II12259,sa1,,,5.0000000000e-01
g6652,sa0,,,5.0000000000e-01
II11936,sa1,,,5.0000000000e-01
g5918_II11936_A,sa0,,,5.0000000000e-01
g7749,sa1,11,1,5.0000000000e-01
II14118,sa0,,,5.0000000000e-01
g7565,sa1,,,5.0000000000e-01
II13865,sa0,,,5.0000000000e-01
g7333,sa1,,,5.0000000000e-01
II13419,sa0,,,5.0000000000e-01
g7277,sa1,,,5.0000000000e-01
II13267,sa0,,,5.0000000000e-01
g6913,sa1,,,5.0000000000e-01
g6733,sa1,,,5.0000000000e-01
g6738,sa1,,,5.0000000000e-01
g7758,sa1,11,1,7.5000000000e-01
II14145,sa0,,,7.5000000000e-01
g7542,sa1,,,7.5000000000e-01
II13810,sa0,,,7.5000000000e-01
g7312,sa1,,,7.5000000000e-01
g7178,sa1,,,7.5000000000e-01
II13088,sa0,,,7.5000000000e-01
g7045,sa1,,,7.5000000000e-01
g6490_g7045_A,sa0,,,7.5000000000e-01
g6970,sa1,,,7.5000000000e-01
g7759,sa0,6,1,2.5000000000e-01
II14148,sa1,,,2.5000000000e-01
g7543,sa0,,,2.5000000000e-01
II13813,sa1,,,2.5000000000e-01
g7314,sa0,,,2.5000000000e-01
g8667,sa1,4,1,5.0000000000e-01
II14795,sa0,,,5.0000000000e-01
g8604,sa1,,,5.0000000000e-01
II14677,sa0,,,5.0000000000e-01
g7791,sa1,,,5.0000000000e-01
g4796,sa1,,,5.0000000000e-01
g7606,sa1,,,5.0000000000e-01
g8668,sa0,4,1,5.0000000000e-01
II14798,sa1,,,5.0000000000e-01
g8605,sa0,,,5.0000000000e-01
II14680,sa1,,,5.0000000000e-01
g7810,sa0,,,5.0000000000e-01
g8956,sa0,30,0,5.3100585938e-01
II15382,sa1,,,5.3100585938e-01
g8883,sa0,,,5.3100585938e-01
II15225,sa1,,,5.3100585938e-01
g8689,sa0,,,5.3100585938e-01
II14857,sa1,,,5.3100585938e-01
g8657,sa0,,,5.3100585938e-01
II14763,sa1,,,5.3100585938e-01
g7834,sa0,,,5.3100585938e-01
g5868,sa1,1,1,2.4414062500e-04
II10555,sa0,,,2.4414062500e-04
g5529_II10555_A,sa1,,,2.4414062500e-04
g6939,sa1,2,1,2.5000000000e-01
g6543_g6939_A,sa0,,,2.5000000000e-01
g6894,sa1,30,0,5.8990478516e-02
g6525_g6894_A,sa0,,,5.8990478516e-02
g6588,sa1,0,1,0.0000000000e+00
g5836_g6588_A,sa0,,,0.0000000000e+00
g5598,sa1,15,1,2.4999237061e-01
g4938_g5598_A,sa0,,,2.4999237061e-01
g9288,sa1,30,0,1.3732910156e-03
g9272,sa1,,,1.3732910156e-03
g6235,sa1,,,1.3732910156e-03
II11034,sa0,,,1.3732910156e-03
g5644,sa1,,,1.3732910156e-03
g4748_g5644_A,sa0,,,1.3732910156e-03
g4699,sa0,2,1,9.3750000000e-02
g1557,sa0,,,9.3750000000e-02
II5432,sa1,,,9.3750000000e-02
g1176_II5432_A,sa0,,,9.3750000000e-02
g4276_g4699_B,sa0,,,9.3750000000e-02
g3888,sa1,3,1,1.8750000000e-01
g3097_g3888_A,sa0,,,1.8750000000e-01
g3897,sa1,3,1,1.8750000000e-01
g3131_g3897_A,sa0,,,1.8750000000e-01
g3969,sa1,3,1,1.8750000000e-01
g3192_g3969_A,sa0,,,1.8750000000e-01
g3978,sa1,3,1,1.8750000000e-01
g3160_g3978_A,sa0,,,1.8750000000e-01
g4887,sa1,6,1,2.5000000000e-01
g5589,sa1,10,1,2.5000000000e-01
g6489,sa1,30,0,1.8157958984e-01
g5802_g6489_A,sa1,,,1.8157958984e-01
g5769_g6489_B,sa1,,,1.8157958984e-01
g5790_g6489_C,sa1,,,1.8157958984e-01
g6498,sa1,6,1,2.5000000000e-01
II11666,sa0,,,2.5000000000e-01
g5772_II11666_A,sa1,,,2.5000000000e-01
g6994,sa0,7,1,2.4218750000e-01
g3658,sa0,,,2.4218750000e-01
II7149,sa0,,,2.4218750000e-01
g799_II7149_A,sa0,,,2.4218750000e-01
II7148_II7149_B,sa0,,,2.4218750000e-01
II7150,sa0,,,2.4218750000e-01
g1974_II7150_A,sa0,,,2.4218750000e-01
II7148_II7150_B,sa0,,,2.4218750000e-01
g6538_g6994_B,sa0,,,2.4218750000e-01
g5599,sa0,5,1,6.2500000000e-02
g4745,sa0,,,6.2500000000e-02
II9070,sa0,,,6.2500000000e-02
g4400_II9070_A,sa0,,,6.2500000000e-02
II9069_II9070_B,sa0,,,6.2500000000e-02
II9071,sa0,,,6.2500000000e-02
g1149_II9071_A,sa0,,,6.2500000000e-02
II9069_II9071_B,sa0,,,6.2500000000e-02
g4969_g5599_B,sa0,,,6.2500000000e-02
g4789,sa0,3,1,1.2500000000e-01
g2751,sa0,,,1.2500000000e-01
II6500,sa0,,,1.2500000000e-01
g1913_II6500_A,sa0,,,1.2500000000e-01
II6499_II6500_B,sa0,,,1.2500000000e-01
II6501,sa0,,,1.2500000000e-01
g1537_II6501_A,sa0,,,1.2500000000e-01
II6499_II6501_B,sa0,,,1.2500000000e-01
g4202_g4789_B,sa0,,,1.2500000000e-01
g7488,sa1,3,1,1.2504577637e-01
g7225,sa0,,,1.2504577637e-01
g6936,sa1,,,1.2504577637e-01
II12629,sa0,,,1.2504577637e-01
g6523,sa1,,,1.2504577637e-01
II11707,sa0,,,1.2504577637e-01
g5988_II11707_A,sa1,,,1.2504577637e-01
g7597,sa0,30,0,9.0148925781e-02
g7316,sa0,,,9.0148925781e-02
II13377,sa0,,,9.0148925781e-02
g7199_II13377_A,sa0,,,9.0148925781e-02
II13376_II13377_B,sa0,,,9.0148925781e-02
II13378,sa0,,,9.0148925781e-02
g1472_II13378_A,sa0,,,9.0148925781e-02
II13376_II13378_B,sa0,,,9.0148925781e-02
g4841_g7597_B,sa0,,,9.0148925781e-02
g3798,sa1,2,1,5.0000000000e-01
g1757,sa0,,,5.0000000000e-01
g604,sa1,,,5.0000000000e-01
g8839,sa0,2,1,6.1035156250e-05
g4050,sa0,,,6.1035156250e-05
g3080,sa1,,,6.1035156250e-05
g1679,sa0,,,6.1035156250e-05
II5512,sa1,,,6.1035156250e-05
g557_II5512_A,sa0,,,6.1035156250e-05
g8581,sa0,,,6.1035156250e-05
g8094_g8581_A,sa1,,,6.1035156250e-05
g8848,sa0,26,1,4.9993896484e-01
g281_g8848_A,sa0,,,4.9993896484e-01
g8524_g8848_B,sa0,,,4.9993896484e-01
g8857,sa0,26,1,4.9993896484e-01
g446_g8857_A,sa0,,,4.9993896484e-01
g8564_g8857_B,sa0,,,4.9993896484e-01
g4969,sa0,3,1,1.2500000000e-01
g4362,sa0,,,1.2500000000e-01
g2810_g4362_A,sa1,,,1.2500000000e-01
g2216_g4969_B,sa0,,,1.2500000000e-01
g6984,sa1,1,1,1.2500000000e-01
II12725,sa0,,,1.2500000000e-01
g6565,sa1,,,1.2500000000e-01
g2396,sa1,,,1.2500000000e-01
g1033,sa0,,,1.2500000000e-01
g6131,sa1,,,1.2500000000e-01
g5529_g6131_A,sa0,,,1.2500000000e-01
g1603_g6565_C,sa1,,,1.2500000000e-01
g8757,sa1,30,0,9.1552734375e-04
g8585_g8757_A,sa0,,,9.1552734375e-04
g8929,sa0,2,1,6.1035156250e-05
g3865,sa0,,,6.1035156250e-05
g2944,sa1,,,6.1035156250e-05
g2363,sa0,,,6.1035156250e-05
II6189,sa1,,,6.1035156250e-05
g249_II6189_A,sa0,,,6.1035156250e-05
g8759,sa0,,,6.1035156250e-05
g8524_g8759_A,sa1,,,6.1035156250e-05
g8766,sa1,30,0,9.1552734375e-04
g8545_g8766_A,sa0,,,9.1552734375e-04
g8938,sa0,2,1,6.1035156250e-05
g3878,sa0,,,6.1035156250e-05
g2962,sa1,,,6.1035156250e-05
g2382,sa0,,,6.1035156250e-05
II6248,sa1,,,6.1035156250e-05
g411_II6248_A,sa0,,,6.1035156250e-05
g8771,sa0,,,6.1035156250e-05
g8564_g8771_A,sa1,,,6.1035156250e-05
g3879,sa1,2,1,6.1035156250e-05
g2963,sa0,,,6.1035156250e-05
g2383,sa1,,,6.1035156250e-05
II6251,sa0,,,6.1035156250e-05
g489_II6251_A,sa1,,,6.1035156250e-05
g8775,sa1,30,0,9.1552734375e-04
g8564_g8775_A,sa0,,,9.1552734375e-04
g8784,sa1,30,0,9.1552734375e-04
g8545_g8784_A,sa0,,,9.1552734375e-04
g8947,sa0,2,1,6.1035156250e-05
g4558,sa0,,,6.1035156250e-05
g2897,sa1,,,6.1035156250e-05
g2270,sa0,,,6.1035156250e-05
II6015,sa1,,,6.1035156250e-05
g437_II6015_A,sa0,,,6.1035156250e-05
g8787,sa0,,,6.1035156250e-05
g8564_g8787_A,sa1,,,6.1035156250e-05
g8964,sa1,20,1,8.5449218750e-04
g8915,sa1,,,8.5449218750e-04
g8863,sa1,,,8.5449218750e-04
g8493_g8863_A,sa1,,,8.5449218750e-04
g8239_g8863_B,sa1,,,8.5449218750e-04
II15175,sa1,,,8.5449218750e-04
g8483_II15175_A,sa1,,,8.5449218750e-04
g8464_II15175_B,sa1,,,8.5449218750e-04
g8514_II15175_C,sa1,,,8.5449218750e-04
II15400,sa1,,,8.5449218750e-04
g8736,sa1,,,8.5449218750e-04
g8748,sa1,,,8.5449218750e-04
g8740,sa1,,,8.5449218750e-04
g8749,sa0,2,1,6.1035156250e-05
g2989_g8749_A,sa0,,,6.1035156250e-05
g8493_g8749_B,sa0,,,6.1035156250e-05
g5769,sa1,30,0,3.1463623047e-02
II10380,sa0,,,3.1463623047e-02
g5448_II10380_A,sa1,,,3.1463623047e-02
g7966,sa0,16,1,1.2159347534e-04
II14291,sa1,,,1.2159347534e-04
g7680,sa0,,,1.2159347534e-04
g7367_g7680_A,sa0,,,1.2159347534e-04
g4166,sa0,,,1.2159347534e-04
II8045,sa0,,,1.2159347534e-04
g3430_II8045_A,sa0,,,1.2159347534e-04
g3398_II8045_B,sa0,,,1.2159347534e-04
g3359_II8045_C,sa0,,,1.2159347534e-04
g2106_II8045_D,sa0,,,1.2159347534e-04
II8046,sa0,,,1.2159347534e-04
g2074_II8046_A,sa0,,,1.2159347534e-04
g2057_II8046_B,sa0,,,1.2159347534e-04
g3264_II8046_C,sa0,,,1.2159347534e-04
g1987_II8046_D,sa0,,,1.2159347534e-04
g7993,sa0,10,1,1.2207031250e-04
II14298,sa1,,,1.2207031250e-04
g7678,sa0,,,1.2207031250e-04
g7367_g7678_A,sa0,,,1.2207031250e-04
g4158,sa0,,,1.2207031250e-04
II8033,sa0,,,1.2207031250e-04
g3430_II8033_A,sa0,,,1.2207031250e-04
g3398_II8033_B,sa0,,,1.2207031250e-04
g3359_II8033_C,sa0,,,1.2207031250e-04
g2106_II8033_D,sa0,,,1.2207031250e-04
II8034,sa0,,,1.2207031250e-04
g2074_II8034_A,sa0,,,1.2207031250e-04
g2057_II8034_B,sa0,,,1.2207031250e-04
g3264_II8034_C,sa0,,,1.2207031250e-04
g3238_II8034_D,sa0,,,1.2207031250e-04
g8659,sa0,30,0,7.3730468750e-01
g8199,sa1,30,0,4.9131922424e-04
II14424,sa0,,,4.9131922424e-04
g7652,sa1,,,4.9131922424e-04
g7983,sa1,30,0,1.2023925781e-02
II14294,sa0,,,1.2023925781e-02
g7553,sa1,,,1.2023925781e-02
g8695,sa0,2,1,6.1035156250e-05
g2709_g8695_A,sa0,,,6.1035156250e-05
g8363_g8695_B,sa0,,,6.1035156250e-05
g8299,sa0,2,1,6.1035156250e-05
g591_g8299_A,sa0,,,6.1035156250e-05
g8181_g8299_B,sa0,,,6.1035156250e-05
g8686,sa0,2,1,6.1035156250e-05
g3819_g8686_A,sa0,,,6.1035156250e-05
g8342_g8686_B,sa0,,,6.1035156250e-05
g2989,sa0,3,1,7.6292082667e-05
g1843,sa1,,,7.6292082667e-05
g771,sa0,,,7.6292082667e-05
g2979,sa1,30,0,9.8388671875e-02
g4869,sa1,4,1,1.4648437500e-02
g3889,sa0,30,0,2.8610229492e-05
II7437,sa0,,,2.8610229492e-05
g2517_II7437_A,sa0,,,2.8610229492e-05
II7436_II7437_B,sa0,,,2.8610229492e-05
II7438,sa0,,,2.8610229492e-05
g3822_II7438_A,sa0,,,2.8610229492e-05
II7436_II7438_B,sa0,,,2.8610229492e-05
g5697,sa1,4,1,1.2207031250e-04
g190_g4705_A,sa1,3,1,3.7500000000e-01
g3359_II8005_C,sa1,2,1,1.2207031250e-04
g3287_II8006_B,sa1,2,1,1.2207031250e-04
g3359_II8014_C,sa1,5,1,1.2207031250e-04
g3264_II8046_C,sa1,16,1,1.2159347534e-04
g3238_II8053_D,sa1,14,1,1.8805153668e-03
g3264_II8064_C,sa1,24,1,2.0006349041e-03
g2106_II8078_D,sa1,30,0,2.0061708055e-03
g3264_II8109_C,sa1,2,1,1.2207031250e-04
g2674_II8143_A,sa1,14,1,1.8310546875e-04
g2298_II8240_A,sa1,2,1,1.9531250000e-03
g471_g4361_A,sa1,4,1,3.7500000000e-01
g240_g4367_A,sa1,4,1,3.7500000000e-01
g3316_II8437_A,sa1,30,0,1.2129545212e-04
g3341_II8490_D,sa1,26,1,1.2205541134e-04
g3316_II8491_A,sa1,26,1,1.2195715681e-04
g2106_II8528_D,sa1,0,1,0.0000000000e+00
g2057_II8552_B,sa1,0,1,0.0000000000e+00
g2106_II8573_D,sa1,0,1,0.0000000000e+00
g3430_II8593_A,sa1,10,1,1.7776489258e-03
g3264_II8613_C,sa1,16,1,1.0984949768e-04
g2712_II9535_B,sa1,3,1,3.4179687500e-03
g154_g6406_A,sa1,18,1,2.4951171875e-01
g714_g6422_A,sa1,18,1,4.9902343750e-01
g105_g8264_A,sa1,2,1,6.1035156250e-05
g420_g8336_A,sa1,2,1,6.1035156250e-05
g2752_II8225_D,sa0,1,1,3.9062500000e-03
g4507_II9038_A,sa0,2,1,1.2207031250e-04
g1513_II5695_A,sa1,26,1,6.2484741211e-02
g1919_II6522_A,sa1,3,1,9.3750000000e-02
g1970_II6741_A,sa1,1,1,6.2500000000e-02
g1134_II6776_A,sa1,2,1,4.6875000000e-02
g2351_II7179_A,sa1,1,1,2.5000000000e-01
g2353_II7186_A,sa1,1,1,1.2500000000e-01
g2517_II7436_A,sa1,30,0,2.8610229492e-05
g3815_II7461_A,sa1,30,0,2.8610229492e-05
g2502_II7478_A,sa1,30,0,2.8610229492e-05
g2992_II7510_A,sa1,30,0,4.5776367188e-04
g2506_II8536_A,sa1,30,0,7.1525573730e-06
g2502_II8558_A,sa1,30,0,7.1525573730e-06
g2724_II8660_A,sa1,30,0,7.1525573730e-06
g1935_II9170_A,sa1,1,1,3.1250000000e-02
g6895,sa1,1,1,5.0000000000e-01
II12558,sa0,,,5.0000000000e-01
g6449_II12558_A,sa1,,,5.0000000000e-01
g9299,sa0,30,0,8.7716674805e-01
II16023,sa1,,,8.7716674805e-01
g9267_II16023_A,sa0,,,8.7716674805e-01
g9389,sa0,30,0,4.5410156250e-02
II16183,sa1,,,4.5410156250e-02
g9388,sa0,,,4.5410156250e-02
II16180,sa1,,,4.5410156250e-02
g9387,sa0,,,4.5410156250e-02
g6859,sa1,9,1,2.5000000000e-01
II12448,sa0,,,2.5000000000e-01
g6569,sa1,,,2.5000000000e-01
II11747,sa0,,,2.5000000000e-01
g6123,sa1,,,2.5000000000e-01
g3617_g6123_A,sa1,,,2.5000000000e-01
g5556,sa1,,,2.5000000000e-01
g7768,sa1,10,1,7.5000000000e-01
II14175,sa0,,,7.5000000000e-01
g7718,sa1,,,7.5000000000e-01
II14031,sa0,,,7.5000000000e-01
g7448,sa1,,,7.5000000000e-01
II13605,sa0,,,7.5000000000e-01
g7197,sa1,,,7.5000000000e-01
g8677,sa1,13,1,7.5000000000e-01
II14825,sa0,,,7.5000000000e-01
g8651,sa1,,,7.5000000000e-01
II14747,sa0,,,7.5000000000e-01
g8175,sa1,,,7.5000000000e-01
II14406,sa0,,,7.5000000000e-01
g7681,sa1,,,7.5000000000e-01
g6878,sa0,2,1,5.0000000000e-01
II12505,sa1,,,5.0000000000e-01
g6612,sa0,,,5.0000000000e-01
II11832,sa1,,,5.0000000000e-01
g6274,sa0,,,5.0000000000e-01
II11102,sa0,,,5.0000000000e-01
g5491_II11102_A,sa0,,,5.0000000000e-01
II11101_II11102_B,sa0,,,5.0000000000e-01
II11103,sa0,,,5.0000000000e-01
g2712_II11103_A,sa0,,,5.0000000000e-01
II11101_II11103_B,sa0,,,5.0000000000e-01
g6869,sa0,2,1,5.0000000000e-01
II12478,sa1,,,5.0000000000e-01
g6603,sa0,,,5.0000000000e-01
II11815,sa1,,,5.0000000000e-01
g6169,sa0,,,5.0000000000e-01
II10867,sa0,,,5.0000000000e-01
g5480_II10867_A,sa0,,,5.0000000000e-01
II10866_II10867_B,sa0,,,5.0000000000e-01
II10868,sa0,,,5.0000000000e-01
g2605_II10868_A,sa0,,,5.0000000000e-01
II10866_II10868_B,sa0,,,5.0000000000e-01
g6877,sa1,2,1,5.0000000000e-01
II12502,sa0,,,5.0000000000e-01
g6604,sa1,,,5.0000000000e-01
II11818,sa0,,,5.0000000000e-01
g6276,sa1,,,5.0000000000e-01
g6868,sa1,2,1,5.0000000000e-01
II12475,sa0,,,5.0000000000e-01
g6596,sa1,,,5.0000000000e-01
II11800,sa0,,,5.0000000000e-01
g6164,sa1,,,5.0000000000e-01
g6887,sa0,2,1,5.0000000000e-01
II12532,sa1,,,5.0000000000e-01
g6594,sa0,,,5.0000000000e-01
II11796,sa1,,,5.0000000000e-01
g6287,sa0,,,5.0000000000e-01
II11185,sa0,,,5.0000000000e-01
g5474_II11185_A,sa0,,,5.0000000000e-01
II11184_II11185_B,sa0,,,5.0000000000e-01
II11186,sa0,,,5.0000000000e-01
g3029_II11186_A,sa0,,,5.0000000000e-01
II11184_II11186_B,sa0,,,5.0000000000e-01
g6886,sa1,2,1,5.0000000000e-01
II12529,sa0,,,5.0000000000e-01
g6628,sa1,,,5.0000000000e-01
II11880,sa0,,,5.0000000000e-01
g5748,sa1,,,5.0000000000e-01
g7769,sa0,8,1,4.3750000000e-01
II14178,sa1,,,4.3750000000e-01
g7562,sa0,,,4.3750000000e-01
II13858,sa1,,,4.3750000000e-01
g7329,sa0,,,4.3750000000e-01
II13407,sa1,,,4.3750000000e-01
g7271,sa0,,,4.3750000000e-01
g6436,sa0,,,4.3750000000e-01
g6922,sa0,,,4.3750000000e-01
g6525_g6922_A,sa1,,,4.3750000000e-01
g8678,sa0,30,0,4.2004394531e-01
II14828,sa1,,,4.2004394531e-01
g8639,sa0,,,4.2004394531e-01
II14725,sa1,,,4.2004394531e-01
g8145,sa0,,,4.2004394531e-01
II14381,sa1,,,4.2004394531e-01
g7596,sa0,,,4.2004394531e-01
g7428,sa0,,,4.2004394531e-01
g7028,sa0,,,4.2004394531e-01
g6525_g7028_A,sa1,,,4.2004394531e-01
g8875,sa1,30,0,1.7724609375e-01
II15211,sa0,,,1.7724609375e-01
g8808,sa1,,,1.7724609375e-01
II15062,sa0,,,1.7724609375e-01
g8632,sa1,,,1.7724609375e-01
II14712,sa0,,,1.7724609375e-01
g8059,sa1,,,1.7724609375e-01
g7777,sa1,20,1,7.5000000000e-01
II14202,sa0,,,7.5000000000e-01
g7708,sa1,,,7.5000000000e-01
II14005,sa0,,,7.5000000000e-01
g7434,sa1,,,7.5000000000e-01
II13565,sa0,,,7.5000000000e-01
g7181,sa1,,,7.5000000000e-01
g7778,sa0,11,1,7.5390625000e-01
II14205,sa1,,,7.5390625000e-01
g7710,sa0,,,7.5390625000e-01
II14009,sa1,,,7.5390625000e-01
g7436,sa0,,,7.5390625000e-01
g8867,sa0,1,1,7.6293945313e-06
II15187,sa1,,,7.6293945313e-06
g8682,sa0,,,7.6293945313e-06
II14844,sa1,,,7.6293945313e-06
g8641,sa0,,,7.6293945313e-06
g8957,sa0,12,1,4.7245407104e-01
II15385,sa1,,,4.7245407104e-01
g8880,sa0,,,4.7245407104e-01
II15218,sa1,,,4.7245407104e-01
g8801,sa0,,,4.7245407104e-01
g6778,sa1,1,1,5.0000000000e-01
II12205,sa0,,,5.0000000000e-01
g6488,sa1,,,5.0000000000e-01
II11652,sa0,,,5.0000000000e-01
g5939_II11652_A,sa1,,,5.0000000000e-01
g6779,sa0,1,1,5.0000000000e-01
II12208,sa1,,,5.0000000000e-01
g6496,sa0,,,5.0000000000e-01
II11662,sa1,,,5.0000000000e-01
g5956_II11662_A,sa0,,,5.0000000000e-01
g6787,sa1,1,1,5.0000000000e-01
II12232,sa0,,,5.0000000000e-01
g6662,sa1,,,5.0000000000e-01
II11964,sa0,,,5.0000000000e-01
g5971_II11964_A,sa1,,,5.0000000000e-01
g6788,sa0,1,1,5.0000000000e-01
II12235,sa1,,,5.0000000000e-01
g6634,sa0,,,5.0000000000e-01
II11894,sa1,,,5.0000000000e-01
g5956_II11894_A,sa0,,,5.0000000000e-01
g6796,sa1,1,1,5.0000000000e-01
II12259,sa0,,,5.0000000000e-01
g6652,sa1,,,5.0000000000e-01
II11936,sa0,,,5.0000000000e-01
g5918_II11936_A,sa1,,,5.0000000000e-01
g6797,sa0,1,1,5.0000000000e-01
II12262,sa1,,,5.0000000000e-01
g6656,sa0,,,5.0000000000e-01
II11948,sa1,,,5.0000000000e-01
g5897_II11948_A,sa0,,,5.0000000000e-01
g7759,sa1,7,1,7.5000000000e-01
II14148,sa0,,,7.5000000000e-01
g7543,sa1,,,7.5000000000e-01
II13813,sa0,,,7.5000000000e-01
g7314,sa1,,,7.5000000000e-01
g7180,sa1,,,7.5000000000e-01
II13092,sa0,,,7.5000000000e-01
g7047,sa1,,,7.5000000000e-01
g6498_g7047_A,sa0,,,7.5000000000e-01
g6972,sa1,,,7.5000000000e-01
g8668,sa1,4,1,5.0000000000e-01
II14798,sa0,,,5.0000000000e-01
g8605,sa1,,,5.0000000000e-01
II14680,sa0,,,5.0000000000e-01
g7810,sa1,,,5.0000000000e-01
g4799,sa1,,,5.0000000000e-01
g7609,sa1,,,5.0000000000e-01
g8669,sa0,4,1,5.0000000000e-01
II14801,sa1,,,5.0000000000e-01
g8608,sa0,,,5.0000000000e-01
II14687,sa1,,,5.0000000000e-01
g7826,sa0,,,5.0000000000e-01
g8956,sa1,30,0,4.6658325195e-01
II15382,sa0,,,4.6658325195e-01
g8883,sa1,,,4.6658325195e-01
II15225,sa0,,,4.6658325195e-01
g8689,sa1,,,4.6658325195e-01
II14857,sa0,,,4.6658325195e-01
g8657,sa1,,,4.6658325195e-01
II14763,sa0,,,4.6658325195e-01
g7834,sa1,,,4.6658325195e-01
g7724,sa1,,,4.6658325195e-01
g6762,sa1,,,4.6658325195e-01
g6589,sa1,2,1,1.8750000000e-01
g6083_g6589_A,sa0,,,1.8750000000e-01
g4799,sa0,2,1,3.7500000000e-01
g951,sa0,,,3.7500000000e-01
g4596,sa0,,,3.7500000000e-01
g3466_g4596_A,sa1,,,3.7500000000e-01
g3898,sa1,3,1,1.8750000000e-01
g3160_g3898_A,sa0,,,1.8750000000e-01
g3988,sa1,3,1,1.8750000000e-01
g3097_g3988_A,sa0,,,1.8750000000e-01
g5969,sa0,5,1,2.5000000000e-01
g5564,sa0,,,2.5000000000e-01
II10018,sa0,,,2.5000000000e-01
g4700_II10018_A,sa0,,,2.5000000000e-01
II10017_II10018_B,sa0,,,2.5000000000e-01
II10019,sa0,,,2.5000000000e-01
g2174_II10019_A,sa0,,,2.5000000000e-01
II10017_II10019_B,sa0,,,2.5000000000e-01
g2424_g5969_B,sa0,,,2.5000000000e-01
g5689,sa1,6,1,5.0000000000e-01
g6688,sa1,30,0,3.2666015625e-01
g6145,sa1,,,3.2666015625e-01
g5570,sa1,,,3.2666015625e-01
g5699,sa0,4,1,2.1875000000e-01
g1667_g5699_A,sa0,,,2.1875000000e-01
g4841_g5699_B,sa0,,,2.1875000000e-01
g6995,sa0,8,1,1.2500000000e-01
g6435,sa0,,,1.2500000000e-01
II11575,sa0,,,1.2500000000e-01
g5894_II11575_A,sa0,,,1.2500000000e-01
II11574_II11575_B,sa0,,,1.2500000000e-01
II11576,sa0,,,1.2500000000e-01
g1122_II11576_A,sa0,,,1.2500000000e-01
II11574_II11576_B,sa0,,,1.2500000000e-01
g1616_g6995_B,sa0,,,1.2500000000e-01
g7598,sa0,2,1,1.2500000000e-01
g7483_g7598_A,sa0,,,1.2500000000e-01
g3466_g7598_B,sa0,,,1.2500000000e-01
g7687,sa1,12,1,3.7500000000e-01
g6053,sa1,,,3.7500000000e-01
g7416,sa1,,,3.7500000000e-01
g8849,sa0,26,1,4.9993896484e-01
g513_g8849_A,sa0,,,4.9993896484e-01
g8585_g8849_B,sa0,,,4.9993896484e-01
g8858,sa0,26,1,4.9993896484e-01
g524_g8858_A,sa0,,,4.9993896484e-01
g8585_g8858_B,sa0,,,4.9993896484e-01
g4969,sa1,9,1,6.2500000000e-01
g8794,sa1,12,1,5.4931640625e-04
g8153,sa1,,,5.4931640625e-04
g8074,sa1,,,5.4931640625e-04
g8069,sa1,,,5.4931640625e-04
g8523,sa1,,,5.4931640625e-04
g7658_g8523_A,sa1,,,5.4931640625e-04
g7616_g8523_B,sa1,,,5.4931640625e-04
g8082_g8523_C,sa1,,,5.4931640625e-04
g7634_g8523_D,sa1,,,5.4931640625e-04
g8767,sa1,30,0,9.1552734375e-04
g8564_g8767_A,sa0,,,9.1552734375e-04
g8939,sa0,2,1,6.1035156250e-05
g3879,sa0,,,6.1035156250e-05
g2963,sa1,,,6.1035156250e-05
g2383,sa0,,,6.1035156250e-05
II6251,sa1,,,6.1035156250e-05
g489_II6251_A,sa0,,,6.1035156250e-05
g8772,sa0,,,6.1035156250e-05
g8585_g8772_A,sa1,,,6.1035156250e-05
g8776,sa1,30,0,9.1552734375e-04
g8585_g8776_A,sa0,,,9.1552734375e-04
g8948,sa0,2,1,6.1035156250e-05
g4570,sa0,,,6.1035156250e-05
g2907,sa1,,,6.1035156250e-05
g2289,sa0,,,6.1035156250e-05
II6051,sa1,,,6.1035156250e-05
g440_II6051_A,sa0,,,6.1035156250e-05
g8789,sa0,,,6.1035156250e-05
g8564_g8789_A,sa1,,,6.1035156250e-05
g8785,sa1,18,1,8.5449218750e-04
g8623,sa1,,,8.5449218750e-04
g8656,sa1,,,8.5449218750e-04
g8199_g8656_A,sa1,,,8.5449218750e-04
II14758,sa1,,,8.5449218750e-04
g7993_II14758_A,sa1,,,8.5449218750e-04
g7966_II14758_B,sa1,,,8.5449218750e-04
g7793_II14758_C,sa1,,,8.5449218750e-04
g7811_II14758_D,sa1,,,8.5449218750e-04
II14759,sa1,,,8.5449218750e-04
g7937_II14759_A,sa1,,,8.5449218750e-04
g7887_II14759_B,sa1,,,8.5449218750e-04
g8029_II14759_C,sa1,,,8.5449218750e-04
g8018_II14759_D,sa1,,,8.5449218750e-04
II14985,sa1,,,8.5449218750e-04
g8341,sa1,,,8.5449218750e-04
g8384,sa1,,,8.5449218750e-04
g8542,sa1,,,8.5449218750e-04
g8758,sa1,18,1,6.1035156250e-04
g8655,sa1,,,6.1035156250e-04
g8199_g8655_A,sa1,,,6.1035156250e-04
II14753,sa1,,,6.1035156250e-04
g7993_II14753_A,sa1,,,6.1035156250e-04
g7966_II14753_B,sa1,,,6.1035156250e-04
g7793_II14753_C,sa1,,,6.1035156250e-04
g7811_II14753_D,sa1,,,6.1035156250e-04
II14754,sa1,,,6.1035156250e-04
g7937_II14754_A,sa1,,,6.1035156250e-04
g7887_II14754_B,sa1,,,6.1035156250e-04
g8029_II14754_C,sa1,,,6.1035156250e-04
g8018_II14754_D,sa1,,,6.1035156250e-04
II14932,sa1,,,6.1035156250e-04
g8278,sa1,,,6.1035156250e-04
g8329,sa1,,,6.1035156250e-04
g8461,sa1,,,6.1035156250e-04
g8382,sa1,,,6.1035156250e-04
II14933,sa1,,,6.1035156250e-04
g8385,sa1,,,6.1035156250e-04
g8404,sa1,,,6.1035156250e-04
g8441,sa1,,,6.1035156250e-04
g8462,sa1,,,6.1035156250e-04
g8884,sa1,30,0,9.1552734375e-04
g8735,sa1,,,9.1552734375e-04
g8818,sa1,,,9.1552734375e-04
g8443_g8818_A,sa1,,,9.1552734375e-04
g8421_g8818_B,sa1,,,9.1552734375e-04
II15102,sa1,,,9.1552734375e-04
II15098,sa1,,,9.1552734375e-04
g8131_II15098_A,sa1,,,9.1552734375e-04
g8111_II15098_B,sa1,,,9.1552734375e-04
g8042_II15098_C,sa1,,,9.1552734375e-04
g8156_II15098_D,sa1,,,9.1552734375e-04
II15099,sa1,,,9.1552734375e-04
g7855_II15099_A,sa1,,,9.1552734375e-04
g7838_II15099_B,sa1,,,9.1552734375e-04
g7905_II15099_C,sa1,,,9.1552734375e-04
g7870_II15099_D,sa1,,,9.1552734375e-04
II15100,sa1,,,9.1552734375e-04
g7951_II15100_A,sa1,,,9.1552734375e-04
g7920_II15100_B,sa1,,,9.1552734375e-04
g7983_II15100_C,sa1,,,9.1552734375e-04
g8181_II15100_D,sa1,,,9.1552734375e-04
II15101,sa1,,,9.1552734375e-04
g8363_II15101_A,sa1,,,9.1552734375e-04
g8342_II15101_B,sa1,,,9.1552734375e-04
g8407_II15101_C,sa1,,,9.1552734375e-04
g8386_II15101_D,sa1,,,9.1552734375e-04
II15232,sa1,,,9.1552734375e-04
II15228,sa1,,,9.1552734375e-04
g8270,sa1,,,9.1552734375e-04
g8258,sa1,,,9.1552734375e-04
g8281,sa1,,,9.1552734375e-04
g8273,sa1,,,9.1552734375e-04
II15229,sa1,,,9.1552734375e-04
g8262,sa1,,,9.1552734375e-04
g8303,sa1,,,9.1552734375e-04
g8268,sa1,,,9.1552734375e-04
g8312,sa1,,,9.1552734375e-04
II15230,sa1,,,9.1552734375e-04
g8274,sa1,,,9.1552734375e-04
g8321,sa1,,,9.1552734375e-04
g8298,sa1,,,9.1552734375e-04
g8696,sa1,,,9.1552734375e-04
II15231,sa1,,,9.1552734375e-04
g8701,sa1,,,9.1552734375e-04
g8715,sa1,,,9.1552734375e-04
g8730,sa1,,,9.1552734375e-04
g8720,sa1,,,9.1552734375e-04
g8965,sa1,20,1,9.1552734375e-04
g8739,sa1,,,9.1552734375e-04
g8742,sa1,,,9.1552734375e-04
g8914,sa1,,,9.1552734375e-04
g8847,sa1,,,9.1552734375e-04
g8493_g8847_A,sa1,,,9.1552734375e-04
g8239_g8847_B,sa1,,,9.1552734375e-04
II15147,sa1,,,9.1552734375e-04
g8483_II15147_A,sa1,,,9.1552734375e-04
g8464_II15147_B,sa1,,,9.1552734375e-04
g8514_II15147_C,sa1,,,9.1552734375e-04
g8876,sa0,30,0,8.1738281250e-01
g8769,sa0,,,8.1738281250e-01
g6102,sa0,,,8.1738281250e-01
g5345_g6102_A,sa1,,,8.1738281250e-01
g7966,sa1,30,0,6.2623908743e-03
II14291,sa0,,,6.2623908743e-03
g7680,sa1,,,6.2623908743e-03
g7993,sa1,30,0,5.7941488922e-04
II14298,sa0,,,5.7941488922e-04
g7678,sa1,,,5.7941488922e-04
g8696,sa0,2,1,6.1035156250e-05
g3743_g8696_A,sa0,,,6.1035156250e-05
g8342_g8696_B,sa0,,,6.1035156250e-05
g8687,sa0,2,1,6.1035156250e-05
g3488_g8687_A,sa0,,,6.1035156250e-05
g8363_g8687_B,sa0,,,6.1035156250e-05
g2989,sa1,3,1,7.6292082667e-05
g1843,sa0,,,7.6292082667e-05
g771,sa1,,,7.6292082667e-05
g2999,sa0,3,1,7.6292082667e-05
g1823,sa1,,,7.6292082667e-05
g768,sa0,,,7.6292082667e-05
g4888,sa1,30,0,7.1525573730e-06
g4548,sa1,,,7.1525573730e-06
g4528,sa1,,,7.1525573730e-06
g4513,sa1,,,7.1525573730e-06
g4502,sa1,,,7.1525573730e-06
g3899,sa0,30,0,2.8610229492e-05
II7479,sa0,,,2.8610229492e-05
g2502_II7479_A,sa0,,,2.8610229492e-05
II7478_II7479_B,sa0,,,2.8610229492e-05
II7480,sa0,,,2.8610229492e-05
g3808_II7480_A,sa0,,,2.8610229492e-05
II7478_II7480_B,sa0,,,2.8610229492e-05
g5897,sa0,1,1,5.0000000000e-01
II10569,sa1,,,5.0000000000e-01
g5417,sa0,,,5.0000000000e-01
g5006,sa1,,,5.0000000000e-01
II9333,sa0,,,5.0000000000e-01
g4245,sa1,,,5.0000000000e-01
II8172,sa0,,,5.0000000000e-01
g3524,sa1,,,5.0000000000e-01
g2306,sa0,,,5.0000000000e-01
II6075,sa1,,,5.0000000000e-01
g2,sa0,,,5.0000000000e-01
g6689,sa0,17,1,1.5716552734e-03
g1519_g6689_A,sa0,,,1.5716552734e-03
g6239_g6689_B,sa0,,,1.5716552734e-03
g449_g3160_B,sa0,26,1,2.4996948242e-01
g2020_II7995_C,sa1,0,1,0.0000000000e+00
g3264_II8029_C,sa1,16,1,1.0984949768e-04
g3359_II8033_C,sa1,10,1,1.2207031250e-04
g3398_II8040_B,sa1,5,1,1.2207031250e-04
g2057_II8058_B,sa1,16,1,1.0984949768e-04
g3238_II8072_D,sa1,20,1,1.9400957972e-03
g2162_II8089_A,sa1,16,1,1.2159347534e-04
g3238_II8090_D,sa1,16,1,1.2159347534e-04
g3287_II8115_B,sa1,30,0,1.5272796154e-03
g2354_II8237_C,sa1,2,1,3.9062500000e-03
g560_g4390_A,sa1,4,1,3.7500000000e-01
g3398_II8400_B,sa1,30,0,1.9945167005e-03
g3238_II8432_D,sa1,10,1,9.3102455139e-05
g540_g4437_A,sa1,4,1,3.7500000000e-01
g3341_II8455_D,sa1,30,0,1.2129545212e-04
g3316_II8456_A,sa1,16,1,1.0984949768e-04
g3430_II8495_A,sa1,16,1,1.2159347534e-04
g3264_II8524_C,sa1,16,1,1.0984949768e-04
g2074_II8618_A,sa1,0,1,0.0000000000e+00
g2584_II9222_C,sa1,1,1,3.1250000000e-02
g2746_II9330_C,sa1,4,1,1.2207031250e-04
g2784_II9330_A,sa1,4,1,1.2207031250e-04
g3029_II9534_B,sa1,3,1,3.4179687500e-03
g158_g6412_A,sa1,18,1,4.9902343750e-01
g362_g8305_A,sa1,2,1,6.1035156250e-05
g432_g8307_A,sa1,2,1,6.1035156250e-05
g573_g8310_A,sa1,2,1,6.1035156250e-05
g443_g8314_A,sa1,2,1,6.1035156250e-05
g513_g8316_A,sa1,2,1,6.1035156250e-05
g524_g8323_A,sa1,2,1,6.1035156250e-05
g261_g8820_A,sa1,26,1,4.9993896484e-01
g501_g8832_A,sa1,26,1,4.9993896484e-01
g4147_II9047_B,sa0,5,1,1.2207031250e-04
g979_II14302_C,sa0,4,1,1.9836425781e-04
g1087_II5519_A,sa1,1,1,6.2500000000e-02
g1513_II5696_A,sa1,26,1,6.2484741211e-02
g1919_II6523_A,sa1,3,1,9.3750000000e-02
g1732_II6916_B,sa1,1,1,6.2500000000e-02
g2051_II6939_B,sa1,1,1,6.2500000000e-02
g1643_II7068_B,sa1,1,1,1.2500000000e-01
g1753_II7085_A,sa1,3,1,3.7500000000e-01
g2353_II7187_A,sa1,2,1,3.7500000000e-01
g3822_II7436_B,sa1,30,0,2.8610229492e-05
g2517_II7437_A,sa1,30,0,2.8610229492e-05
g1704_II7466_B,sa1,30,0,4.5776367188e-04
g2502_II7479_A,sa1,30,0,2.8610229492e-05
g2992_II7511_A,sa1,30,0,4.5776367188e-04
g2471_II7609_A,sa1,30,0,2.8610229492e-05
g1943_II8164_A,sa1,4,1,7.0312500000e-02
g2506_II8537_A,sa1,30,0,7.1525573730e-06
g2502_II8559_A,sa1,30,0,7.1525573730e-06
g1545_II8940_A,sa1,8,1,1.1718750000e-01
g4252_II9194_A,sa1,1,1,1.5625000000e-02
g4313_II9276_B,sa1,1,1,6.2500000000e-02
g8958,sa0,30,0,6.1976623535e-01
II15388,sa1,,,6.1976623535e-01
g8898,sa0,,,6.1976623535e-01
II15308,sa1,,,6.1976623535e-01
g8799,sa0,,,6.1976623535e-01
II15007,sa1,,,6.1976623535e-01
g8627,sa0,,,6.1976623535e-01
g6232_g8627_A,sa0,,,6.1976623535e-01
g8091,sa0,,,6.1976623535e-01
g9299,sa1,30,0,1.1596679688e-03
II16023,sa0,,,1.1596679688e-03
g9267_II16023_A,sa1,,,1.1596679688e-03
g9389,sa1,30,0,1.4648437500e-02
II16183,sa0,,,1.4648437500e-02
g9388,sa1,,,1.4648437500e-02
II16180,sa0,,,1.4648437500e-02
g9387,sa1,,,1.4648437500e-02
g9349,sa1,,,1.4648437500e-02
g9384,sa1,,,1.4648437500e-02
g6878,sa1,2,1,5.0000000000e-01
II12505,sa0,,,5.0000000000e-01
g6612,sa1,,,5.0000000000e-01
II11832,sa0,,,5.0000000000e-01
g6274,sa1,,,5.0000000000e-01
g6869,sa1,2,1,5.0000000000e-01
II12478,sa0,,,5.0000000000e-01
g6603,sa1,,,5.0000000000e-01
II11815,sa0,,,5.0000000000e-01
g6169,sa1,,,5.0000000000e-01
g6879,sa0,2,1,5.0000000000e-01
II12508,sa1,,,5.0000000000e-01
g6593,sa0,,,5.0000000000e-01
II11793,sa1,,,5.0000000000e-01
g6188,sa0,,,5.0000000000e-01
II10924,sa0,,,5.0000000000e-01
g5525_II10924_A,sa0,,,5.0000000000e-01
II10923_II10924_B,sa0,,,5.0000000000e-01
II10925,sa0,,,5.0000000000e-01
g2752_II10925_A,sa0,,,5.0000000000e-01
II10923_II10925_B,sa0,,,5.0000000000e-01
g6887,sa1,2,1,5.0000000000e-01
II12532,sa0,,,5.0000000000e-01
g6594,sa1,,,5.0000000000e-01
II11796,sa0,,,5.0000000000e-01
g6287,sa1,,,5.0000000000e-01
g6888,sa0,2,1,5.0000000000e-01
II12535,sa1,,,5.0000000000e-01
g6599,sa0,,,5.0000000000e-01
II11809,sa1,,,5.0000000000e-01
g6285,sa0,,,5.0000000000e-01
II11171,sa0,,,5.0000000000e-01
g5477_II11171_A,sa0,,,5.0000000000e-01
II11170_II11171_B,sa0,,,5.0000000000e-01
II11172,sa0,,,5.0000000000e-01
g3038_II11172_A,sa0,,,5.0000000000e-01
II11170_II11172_B,sa0,,,5.0000000000e-01
g7769,sa1,13,1,5.6250000000e-01
II14178,sa0,,,5.6250000000e-01
g7562,sa1,,,5.6250000000e-01
II13858,sa0,,,5.6250000000e-01
g7329,sa1,,,5.6250000000e-01
II13407,sa0,,,5.6250000000e-01
g7271,sa1,,,5.6250000000e-01
g8678,sa1,30,0,1.3186645508e-01
II14828,sa0,,,1.3186645508e-01
g8639,sa1,,,1.3186645508e-01
II14725,sa0,,,1.3186645508e-01
g8145,sa1,,,1.3186645508e-01
II14381,sa0,,,1.3186645508e-01
g7596,sa1,,,1.3186645508e-01
g7778,sa1,6,1,2.4609375000e-01
II14205,sa0,,,2.4609375000e-01
g7710,sa1,,,2.4609375000e-01
II14009,sa0,,,2.4609375000e-01
g7436,sa1,,,2.4609375000e-01
g7183,sa1,,,2.4609375000e-01
g6975,sa1,,,2.4609375000e-01
II12712,sa0,,,2.4609375000e-01
g6543_II12712_A,sa1,,,2.4609375000e-01
g7779,sa0,13,1,7.5390625000e-01
II14208,sa1,,,7.5390625000e-01
g7711,sa0,,,7.5390625000e-01
II14012,sa1,,,7.5390625000e-01
g7438,sa0,,,7.5390625000e-01
g8867,sa1,30,0,1.5563964844e-03
II15187,sa0,,,1.5563964844e-03
g8682,sa1,,,1.5563964844e-03
II14844,sa0,,,1.5563964844e-03
g8641,sa1,,,1.5563964844e-03
g6559_g8641_A,sa1,,,1.5563964844e-03
g162_g8641_B,sa1,,,1.5563964844e-03
g7784_g8641_C,sa1,,,1.5563964844e-03
g3591_g8641_D,sa1,,,1.5563964844e-03
g8957,sa1,30,0,3.1536865234e-01
II15385,sa0,,,3.1536865234e-01
g8880,sa1,,,3.1536865234e-01
II15218,sa0,,,3.1536865234e-01
g8801,sa1,,,3.1536865234e-01
g8635,sa1,,,3.1536865234e-01
g1034_g8635_A,sa1,,,3.1536865234e-01
g8128_g8635_B,sa1,,,3.1536865234e-01
g3790_g8801_B,sa1,,,3.1536865234e-01
g6779,sa1,1,1,5.0000000000e-01
II12208,sa0,,,5.0000000000e-01
g6496,sa1,,,5.0000000000e-01
II11662,sa0,,,5.0000000000e-01
g5956_II11662_A,sa1,,,5.0000000000e-01
g6788,sa1,1,1,5.0000000000e-01
II12235,sa0,,,5.0000000000e-01
g6634,sa1,,,5.0000000000e-01
II11894,sa0,,,5.0000000000e-01
g5956_II11894_A,sa1,,,5.0000000000e-01
g6789,sa0,1,1,5.0000000000e-01
II12238,sa1,,,5.0000000000e-01
g6637,sa0,,,5.0000000000e-01
II11903,sa1,,,5.0000000000e-01
g5939_II11903_A,sa0,,,5.0000000000e-01
g6797,sa1,1,1,5.0000000000e-01
II12262,sa0,,,5.0000000000e-01
g6656,sa1,,,5.0000000000e-01
II11948,sa0,,,5.0000000000e-01
g5897_II11948_A,sa1,,,5.0000000000e-01
g6798,sa0,1,1,5.0000000000e-01
II12265,sa1,,,5.0000000000e-01
g6660,sa0,,,5.0000000000e-01
II11958,sa1,,,5.0000000000e-01
g5874_II11958_A,sa0,,,5.0000000000e-01
g8669,sa1,4,1,5.0000000000e-01
II14801,sa0,,,5.0000000000e-01
g8608,sa1,,,5.0000000000e-01
II14687,sa0,,,5.0000000000e-01
g7826,sa1,,,5.0000000000e-01
g4804,sa1,,,5.0000000000e-01
g7626,sa1,,,5.0000000000e-01
g6977,sa1,1,1,6.2500000000e-02
g6664_g6977_A,sa0,,,6.2500000000e-02
g6978,sa0,4,1,5.0390625000e-01
II12717,sa1,,,5.0390625000e-01
g6543_II12717_A,sa0,,,5.0390625000e-01
g7688,sa1,5,1,1.3723373413e-03
g7406_g7688_A,sa0,,,1.3723373413e-03
g3989,sa1,3,1,1.8750000000e-01
g3131_g3989_A,sa0,,,1.8750000000e-01
g3998,sa1,3,1,1.8750000000e-01
g3097_g3998_A,sa0,,,1.8750000000e-01
g4889,sa1,4,1,2.5000000000e-01
g5987,sa1,1,1,1.2500000000e-01
g5294_g5987_A,sa0,,,1.2500000000e-01
g6698,sa1,8,1,2.5000000000e-01
g4073,sa1,,,2.5000000000e-01
g6001,sa1,,,2.5000000000e-01
g8777,sa1,18,1,6.7138671875e-04
II14969,sa1,,,6.7138671875e-04
g8315,sa1,,,6.7138671875e-04
g8377,sa1,,,6.7138671875e-04
g8359,sa1,,,6.7138671875e-04
g8611,sa1,,,6.7138671875e-04
II14970,sa1,,,6.7138671875e-04
g8457,sa1,,,6.7138671875e-04
g8383,sa1,,,6.7138671875e-04
g8626,sa1,,,6.7138671875e-04
g8233,sa1,,,6.7138671875e-04
g8199_g8233_A,sa1,,,6.7138671875e-04
II14484,sa1,,,6.7138671875e-04
g7993_II14484_A,sa1,,,6.7138671875e-04
g7966_II14484_B,sa1,,,6.7138671875e-04
g7793_II14484_C,sa1,,,6.7138671875e-04
g7811_II14484_D,sa1,,,6.7138671875e-04
II14485,sa1,,,6.7138671875e-04
g7937_II14485_A,sa1,,,6.7138671875e-04
g7887_II14485_B,sa1,,,6.7138671875e-04
g8029_II14485_C,sa1,,,6.7138671875e-04
g8018_II14485_D,sa1,,,6.7138671875e-04
g8795,sa1,12,1,5.4931640625e-04
g8151,sa1,,,5.4931640625e-04
g8077,sa1,,,5.4931640625e-04
g8075,sa1,,,5.4931640625e-04
g8279,sa1,,,5.4931640625e-04
g7658_g8279_A,sa1,,,5.4931640625e-04
g7616_g8279_B,sa1,,,5.4931640625e-04
g8082_g8279_C,sa1,,,5.4931640625e-04
g7634_g8279_D,sa1,,,5.4931640625e-04
g8759,sa1,30,0,9.1552734375e-04
g8524_g8759_A,sa0,,,9.1552734375e-04
g8768,sa1,30,0,9.1552734375e-04
g8585_g8768_A,sa0,,,9.1552734375e-04
g8786,sa1,30,0,9.1552734375e-04
g8545_g8786_A,sa0,,,9.1552734375e-04
g8949,sa0,2,1,6.1035156250e-05
g4572,sa0,,,6.1035156250e-05
g2909,sa1,,,6.1035156250e-05
g2291,sa0,,,6.1035156250e-05
II6057,sa1,,,6.1035156250e-05
g518_II6057_A,sa0,,,6.1035156250e-05
g8790,sa0,,,6.1035156250e-05
g8585_g8790_A,sa1,,,6.1035156250e-05
g8885,sa1,30,0,9.1552734375e-04
g8723,sa1,,,9.1552734375e-04
g8806,sa1,,,9.1552734375e-04
g8443_g8806_A,sa1,,,9.1552734375e-04
g8421_g8806_B,sa1,,,9.1552734375e-04
II15044,sa1,,,9.1552734375e-04
II15040,sa1,,,9.1552734375e-04
g8131_II15040_A,sa1,,,9.1552734375e-04
g8111_II15040_B,sa1,,,9.1552734375e-04
g8042_II15040_C,sa1,,,9.1552734375e-04
g8156_II15040_D,sa1,,,9.1552734375e-04
II15041,sa1,,,9.1552734375e-04
g7855_II15041_A,sa1,,,9.1552734375e-04
g7838_II15041_B,sa1,,,9.1552734375e-04
g7905_II15041_C,sa1,,,9.1552734375e-04
g7870_II15041_D,sa1,,,9.1552734375e-04
II15042,sa1,,,9.1552734375e-04
g7951_II15042_A,sa1,,,9.1552734375e-04
g7920_II15042_B,sa1,,,9.1552734375e-04
g7983_II15042_C,sa1,,,9.1552734375e-04
g8181_II15042_D,sa1,,,9.1552734375e-04
II15043,sa1,,,9.1552734375e-04
g8363_II15043_A,sa1,,,9.1552734375e-04
g8342_II15043_B,sa1,,,9.1552734375e-04
g8407_II15043_C,sa1,,,9.1552734375e-04
g8386_II15043_D,sa1,,,9.1552734375e-04
II15243,sa1,,,9.1552734375e-04
II15239,sa1,,,9.1552734375e-04
g8264,sa1,,,9.1552734375e-04
g8260,sa1,,,9.1552734375e-04
g8277,sa1,,,9.1552734375e-04
g8301,sa1,,,9.1552734375e-04
II15240,sa1,,,9.1552734375e-04
g8259,sa1,,,9.1552734375e-04
g8294,sa1,,,9.1552734375e-04
g8263,sa1,,,9.1552734375e-04
g8305,sa1,,,9.1552734375e-04
II15241,sa1,,,9.1552734375e-04
g8269,sa1,,,9.1552734375e-04
g8314,sa1,,,9.1552734375e-04
g8309,sa1,,,9.1552734375e-04
g8695,sa1,,,9.1552734375e-04
II15242,sa1,,,9.1552734375e-04
g8697,sa1,,,9.1552734375e-04
g8714,sa1,,,9.1552734375e-04
g8718,sa1,,,9.1552734375e-04
g8719,sa1,,,9.1552734375e-04
g8966,sa1,20,1,9.1552734375e-04
g8741,sa1,,,9.1552734375e-04
g8745,sa1,,,9.1552734375e-04
g8912,sa1,,,9.1552734375e-04
g8850,sa1,,,9.1552734375e-04
g8493_g8850_A,sa1,,,9.1552734375e-04
g8239_g8850_B,sa1,,,9.1552734375e-04
II15152,sa1,,,9.1552734375e-04
g8483_II15152_A,sa1,,,9.1552734375e-04
g8464_II15152_B,sa1,,,9.1552734375e-04
g8514_II15152_C,sa1,,,9.1552734375e-04
g8877,sa0,30,0,8.1738281250e-01
g8773,sa0,,,8.1738281250e-01
g6104,sa0,,,8.1738281250e-01
g5345_g6104_A,sa1,,,8.1738281250e-01
g7887,sa0,16,1,1.2159347534e-04
II14273,sa1,,,1.2159347534e-04
g7631,sa0,,,1.2159347534e-04
g7367_g7631_A,sa0,,,1.2159347534e-04
g4187_g7631_B,sa0,,,1.2159347534e-04
g8697,sa0,2,1,6.1035156250e-05
g3761_g8697_A,sa0,,,6.1035156250e-05
g8342_g8697_B,sa0,,,6.1035156250e-05
g8688,sa0,2,1,6.1035156250e-05
g3812_g8688_A,sa0,,,6.1035156250e-05
g8342_g8688_B,sa0,,,6.1035156250e-05
g8679,sa0,30,0,1.2268066406e-02
g8859,sa0,30,0,1.2268066406e-02
g2999,sa1,3,1,7.6292082667e-05
g1823,sa0,,,7.6292082667e-05
g768,sa1,,,7.6292082667e-05
g5897,sa1,1,1,5.0000000000e-01
II10569,sa0,,,5.0000000000e-01
g5417,sa1,,,5.0000000000e-01
g5006,sa0,,,5.0000000000e-01
II9333,sa1,,,5.0000000000e-01
g4245,sa0,,,5.0000000000e-01
II8172,sa1,,,5.0000000000e-01
g3524,sa0,,,5.0000000000e-01
g2306,sa1,,,5.0000000000e-01
II6075,sa0,,,5.0000000000e-01
g2,sa1,,,5.0000000000e-01
g5988,sa0,1,1,5.0000000000e-01
II10592,sa1,,,5.0000000000e-01
g5444,sa0,,,5.0000000000e-01
g5074,sa1,,,5.0000000000e-01
II9440,sa0,,,5.0000000000e-01
g4285,sa1,,,5.0000000000e-01
II8233,sa0,,,5.0000000000e-01
g3588,sa1,,,5.0000000000e-01
g2379,sa0,,,5.0000000000e-01
II6239,sa1,,,5.0000000000e-01
g8,sa0,,,5.0000000000e-01
g6689,sa1,30,0,3.2196044922e-03
g162_g8641_B,sa0,1,1,7.6293945313e-06
g1987_II8001_D,sa1,16,1,1.2159347534e-04
g3398_II8005_B,sa1,2,1,1.2207031250e-04
g3398_II8014_B,sa1,5,1,1.2207031250e-04
g3287_II8053_B,sa1,7,1,1.8959045410e-03
g3316_II8079_A,sa1,30,0,2.0061708055e-03
g2106_II8089_D,sa1,16,1,1.2159347534e-04
g3238_II8109_D,sa1,0,1,0.0000000000e+00
g216_g4366_A,sa1,4,1,3.7500000000e-01
g321_g4378_A,sa1,4,1,3.7500000000e-01
g3359_II8412_C,sa1,5,1,1.2207031250e-04
g3287_II8413_B,sa1,14,1,1.0577589273e-04
g465_g4423_A,sa1,4,1,3.7500000000e-01
g2057_II8491_B,sa1,26,1,1.2195715681e-04
g3316_II8529_A,sa1,10,1,1.1825561523e-04
g3341_II8546_D,sa1,26,1,1.2205541134e-04
g3316_II8547_A,sa1,26,1,1.2195715681e-04
g3264_II8552_C,sa1,16,1,1.2046098709e-04
g3430_II8568_A,sa1,16,1,1.2159347534e-04
g3316_II8574_A,sa1,2,1,1.2207031250e-04
g2106_II8593_D,sa1,7,1,1.7089843750e-03
g196_g4072_A,sa0,2,1,1.2500000000e-01
g3038_II9534_C,sa1,3,1,3.4179687500e-03
g138_g8260_A,sa1,2,1,6.1035156250e-05
g284_g8303_A,sa1,2,1,6.1035156250e-05
g365_g8312_A,sa1,2,1,6.1035156250e-05
g446_g8321_A,sa1,2,1,6.1035156250e-05
g417_g8332_A,sa1,2,1,6.1035156250e-05
g342_g8335_A,sa1,2,1,6.1035156250e-05
g504_g8362_A,sa1,2,1,6.1035156250e-05
g714_g8440_A,sa1,2,1,6.1035156250e-05
g2655_II8363_A,sa0,1,1,1.5625000000e-02
g1494_II6750_B,sa1,4,1,5.4687500000e-02
g1732_II6918_A,sa1,1,1,6.2500000000e-02
g2161_II6939_A,sa1,2,1,1.2500000000e-01
g1753_II7086_A,sa1,9,1,3.7500000000e-01
g1739_II7172_A,sa1,3,1,1.8750000000e-01
g3822_II7438_A,sa1,30,0,2.8610229492e-05
g1704_II7468_A,sa1,30,0,4.5776367188e-04
g2487_II7531_A,sa1,30,0,2.8610229492e-05
g1943_II8165_A,sa1,2,1,2.3437500000e-02
g3825_II8253_B,sa1,30,0,7.1525573730e-06
g2790_II8560_A,sa1,30,0,7.1525573730e-06
g2481_II8635_A,sa1,30,0,7.1525573730e-06
g2706_II8680_A,sa1,30,0,7.1525573730e-06
g1649_II9151_B,sa1,3,1,2.1875000000e-01
g4252_II9195_A,sa1,1,1,1.5625000000e-02
g2533_II9276_A,sa1,2,1,1.8750000000e-01
g4313_II9278_A,sa1,1,1,6.2500000000e-02
g1037_II9691_B,sa1,1,1,1.9531250000e-03
g1114_II9767_B,sa1,1,1,3.9062500000e-03
g8958,sa1,6,1,3.7913513184e-01
II15388,sa0,,,3.7913513184e-01
g8898,sa1,,,3.7913513184e-01
II15308,sa0,,,3.7913513184e-01
g8799,sa1,,,3.7913513184e-01
II15007,sa0,,,3.7913513184e-01
g8627,sa1,,,3.7913513184e-01
g6879,sa1,2,1,5.0000000000e-01
II12508,sa0,,,5.0000000000e-01
g6593,sa1,,,5.0000000000e-01
II11793,sa0,,,5.0000000000e-01
g6188,sa1,,,5.0000000000e-01
g6889,sa0,2,1,5.0000000000e-01
II12538,sa1,,,5.0000000000e-01
g6606,sa0,,,5.0000000000e-01
II11824,sa1,,,5.0000000000e-01
g6283,sa0,,,5.0000000000e-01
II11157,sa0,,,5.0000000000e-01
g5482_II11157_A,sa0,,,5.0000000000e-01
II11156_II11157_B,sa0,,,5.0000000000e-01
II11158,sa0,,,5.0000000000e-01
g3052_II11158_A,sa0,,,5.0000000000e-01
II11156_II11158_B,sa0,,,5.0000000000e-01
g6888,sa1,2,1,5.0000000000e-01
II12535,sa0,,,5.0000000000e-01
g6599,sa1,,,5.0000000000e-01
II11809,sa0,,,5.0000000000e-01
g6285,sa1,,,5.0000000000e-01
g7779,sa1,6,1,2.4609375000e-01
II14208,sa0,,,2.4609375000e-01
g7711,sa1,,,2.4609375000e-01
II14012,sa0,,,2.4609375000e-01
g7438,sa1,,,2.4609375000e-01
g7184,sa1,,,2.4609375000e-01
g6978,sa1,,,2.4609375000e-01
II12717,sa0,,,2.4609375000e-01
g6543_II12717_A,sa1,,,2.4609375000e-01
g8869,sa0,5,1,1.9531250000e-01
II15193,sa1,,,1.9531250000e-01
g8774,sa0,,,1.9531250000e-01
II14964,sa1,,,1.9531250000e-01
g8406,sa0,,,1.9531250000e-01
II14614,sa1,,,1.9531250000e-01
g7832,sa0,,,1.9531250000e-01
g5343,sa0,,,1.9531250000e-01
g7599,sa0,,,1.9531250000e-01
g7450_g7599_A,sa1,,,1.9531250000e-01
g8959,sa0,13,1,3.7500000000e-01
II15391,sa1,,,3.7500000000e-01
g8917,sa0,,,3.7500000000e-01
II15337,sa1,,,3.7500000000e-01
g8802,sa0,,,3.7500000000e-01
II15014,sa1,,,3.7500000000e-01
g8607,sa0,,,3.7500000000e-01
g8154,sa0,,,3.7500000000e-01
g5616,sa0,,,3.7500000000e-01
g4938_g5616_A,sa1,,,3.7500000000e-01
g6789,sa1,1,1,5.0000000000e-01
II12238,sa0,,,5.0000000000e-01
g6637,sa1,,,5.0000000000e-01
II11903,sa0,,,5.0000000000e-01
g5939_II11903_A,sa1,,,5.0000000000e-01
g6798,sa1,1,1,5.0000000000e-01
II12265,sa0,,,5.0000000000e-01
g6660,sa1,,,5.0000000000e-01
II11958,sa0,,,5.0000000000e-01
g5874_II11958_A,sa1,,,5.0000000000e-01
g6799,sa0,1,1,5.0000000000e-01
II12268,sa1,,,5.0000000000e-01
g6661,sa0,,,5.0000000000e-01
II11961,sa1,,,5.0000000000e-01
g5988_II11961_A,sa0,,,5.0000000000e-01
g7599,sa1,7,1,4.9218750000e-01
g7450_g7599_A,sa0,,,4.9218750000e-01
g6979,sa0,9,1,4.8437500000e-01
g5095,sa0,,,4.8437500000e-01
II9476,sa0,,,4.8437500000e-01
g4038_II9476_A,sa0,,,4.8437500000e-01
II9475_II9476_B,sa0,,,4.8437500000e-01
II9477,sa0,,,4.8437500000e-01
g1942_II9477_A,sa0,,,4.8437500000e-01
II9475_II9477_B,sa0,,,4.8437500000e-01
g6511_g6979_B,sa0,,,4.8437500000e-01
g6699,sa1,30,0,2.4758911133e-01
g6154,sa1,,,2.4758911133e-01
g5579,sa1,,,2.4758911133e-01
g8769,sa1,18,1,6.7138671875e-04
II14951,sa1,,,6.7138671875e-04
g8328,sa1,,,6.7138671875e-04
g8316,sa1,,,6.7138671875e-04
g8455,sa1,,,6.7138671875e-04
g8378,sa1,,,6.7138671875e-04
II14952,sa1,,,6.7138671875e-04
g8456,sa1,,,6.7138671875e-04
g8513,sa1,,,6.7138671875e-04
g8458,sa1,,,6.7138671875e-04
g8236,sa1,,,6.7138671875e-04
g8199_g8236_A,sa1,,,6.7138671875e-04
II14495,sa1,,,6.7138671875e-04
g7993_II14495_A,sa1,,,6.7138671875e-04
g7966_II14495_B,sa1,,,6.7138671875e-04
g7793_II14495_C,sa1,,,6.7138671875e-04
g7811_II14495_D,sa1,,,6.7138671875e-04
II14496,sa1,,,6.7138671875e-04
g7937_II14496_A,sa1,,,6.7138671875e-04
g7887_II14496_B,sa1,,,6.7138671875e-04
g8029_II14496_C,sa1,,,6.7138671875e-04
g8018_II14496_D,sa1,,,6.7138671875e-04
g8796,sa1,12,1,5.4931640625e-04
g8150,sa1,,,5.4931640625e-04
g8078,sa1,,,5.4931640625e-04
g8070,sa1,,,5.4931640625e-04
g8360,sa1,,,5.4931640625e-04
g7658_g8360_A,sa1,,,5.4931640625e-04
g7616_g8360_B,sa1,,,5.4931640625e-04
g8082_g8360_C,sa1,,,5.4931640625e-04
g7634_g8360_D,sa1,,,5.4931640625e-04
g8787,sa1,30,0,9.1552734375e-04
g8564_g8787_A,sa0,,,9.1552734375e-04
g8886,sa1,30,0,9.1552734375e-04
g8727,sa1,,,9.1552734375e-04
g8812,sa1,,,9.1552734375e-04
g8443_g8812_A,sa1,,,9.1552734375e-04
g8421_g8812_B,sa1,,,9.1552734375e-04
II15086,sa1,,,9.1552734375e-04
II15082,sa1,,,9.1552734375e-04
g8131_II15082_A,sa1,,,9.1552734375e-04
g8111_II15082_B,sa1,,,9.1552734375e-04
g8042_II15082_C,sa1,,,9.1552734375e-04
g8156_II15082_D,sa1,,,9.1552734375e-04
II15083,sa1,,,9.1552734375e-04
g7855_II15083_A,sa1,,,9.1552734375e-04
g7838_II15083_B,sa1,,,9.1552734375e-04
g7905_II15083_C,sa1,,,9.1552734375e-04
g7870_II15083_D,sa1,,,9.1552734375e-04
II15084,sa1,,,9.1552734375e-04
g7951_II15084_A,sa1,,,9.1552734375e-04
g7920_II15084_B,sa1,,,9.1552734375e-04
g7983_II15084_C,sa1,,,9.1552734375e-04
g8181_II15084_D,sa1,,,9.1552734375e-04
II15085,sa1,,,9.1552734375e-04
g8363_II15085_A,sa1,,,9.1552734375e-04
g8342_II15085_B,sa1,,,9.1552734375e-04
g8407_II15085_C,sa1,,,9.1552734375e-04
g8386_II15085_D,sa1,,,9.1552734375e-04
II15254,sa1,,,9.1552734375e-04
II15250,sa1,,,9.1552734375e-04
g8238,sa1,,,9.1552734375e-04
g8265,sa1,,,9.1552734375e-04
g8272,sa1,,,9.1552734375e-04
g8292,sa1,,,9.1552734375e-04
II15251,sa1,,,9.1552734375e-04
g8302,sa1,,,9.1552734375e-04
g8288,sa1,,,9.1552734375e-04
g8311,sa1,,,9.1552734375e-04
g8296,sa1,,,9.1552734375e-04
II15252,sa1,,,9.1552734375e-04
g8320,sa1,,,9.1552734375e-04
g8307,sa1,,,9.1552734375e-04
g8317,sa1,,,9.1552734375e-04
g8692,sa1,,,9.1552734375e-04
II15253,sa1,,,9.1552734375e-04
g8698,sa1,,,9.1552734375e-04
g8711,sa1,,,9.1552734375e-04
g8722,sa1,,,9.1552734375e-04
g8716,sa1,,,9.1552734375e-04
g8878,sa0,30,0,8.1738281250e-01
g8777,sa0,,,8.1738281250e-01
g6106,sa0,,,8.1738281250e-01
g5345_g6106_A,sa1,,,8.1738281250e-01
g7887,sa1,30,0,3.1657695770e-02
II14273,sa0,,,3.1657695770e-02
g7631,sa1,,,3.1657695770e-02
g8698,sa0,2,1,6.1035156250e-05
g3774_g8698_A,sa0,,,6.1035156250e-05
g8342_g8698_B,sa0,,,6.1035156250e-05
g5988,sa1,1,1,5.0000000000e-01
II10592,sa0,,,5.0000000000e-01
g5444,sa1,,,5.0000000000e-01
g5074,sa0,,,5.0000000000e-01
II9440,sa1,,,5.0000000000e-01
g4285,sa0,,,5.0000000000e-01
II8233,sa1,,,5.0000000000e-01
g3588,sa0,,,5.0000000000e-01
g2379,sa1,,,5.0000000000e-01
II6239,sa0,,,5.0000000000e-01
g8,sa1,,,5.0000000000e-01
g146_g7209_B,sa0,1,1,3.1250000000e-02
g809_g4062_A,sa1,4,1,3.9062500000e-02
g1987_II8020_D,sa1,16,1,1.2159347534e-04
g3398_II8033_B,sa1,10,1,1.2207031250e-04
g3287_II8072_B,sa1,20,1,1.9400957972e-03
g2137_II8078_C,sa1,30,0,2.0061708055e-03
g2674_II8127_B,sa1,13,1,3.6621093750e-04
g390_g4355_A,sa1,4,1,3.7500000000e-01
g243_g4376_A,sa1,4,1,3.7500000000e-01
g402_g4388_A,sa1,4,1,3.7500000000e-01
g486_g4412_A,sa1,4,1,3.7500000000e-01
g3264_II8418_C,sa1,8,1,1.0681152344e-04
g536_g4425_A,sa1,4,1,3.7500000000e-01
g3359_II8431_C,sa1,5,1,1.2207031250e-04
g3287_II8432_B,sa1,10,1,9.3102455139e-05
g356_g4434_A,sa1,4,1,3.7500000000e-01
g3238_II8461_D,sa1,2,1,3.0517578125e-05
g437_g4452_A,sa1,4,1,3.7500000000e-01
g2106_II8495_D,sa1,0,1,0.0000000000e+00
g3264_II8643_C,sa1,16,1,1.0984949768e-04
g202_g3986_A,sa0,2,1,1.2500000000e-01
g812_g4707_A,sa1,3,1,2.3437500000e-02
g187_g4055_A,sa0,2,1,1.2500000000e-01
g207_g4179_A,sa0,2,1,1.2500000000e-01
g665_g6402_A,sa1,18,1,4.9902343750e-01
g162_g6419_A,sa1,18,1,4.9902343750e-01
g174_g8261_A,sa1,2,1,6.1035156250e-05
g134_g8265_A,sa1,2,1,6.1035156250e-05
g150_g8276_A,sa1,2,1,6.1035156250e-05
g741_g8405_A,sa1,2,1,6.1035156250e-05
g423_g8831_A,sa1,26,1,4.9993896484e-01
g4139_II9047_C,sa0,16,1,1.2159347534e-04
g1524_II5695_B,sa1,26,1,6.2484741211e-02
g1494_II6752_A,sa1,21,1,1.6406250000e-01
g1728_II6923_A,sa1,3,1,1.8750000000e-01
g1739_II7173_A,sa1,9,1,1.8750000000e-01
g2506_II7459_A,sa1,30,0,2.8610229492e-05
g3808_II7480_A,sa1,30,0,2.8610229492e-05
g2498_II7503_A,sa1,30,0,2.8610229492e-05
g2487_II7532_A,sa1,30,0,2.8610229492e-05
g1715_II7538_B,sa1,30,0,4.5776367188e-04
g3825_II8255_A,sa1,30,0,7.1525573730e-06
g2481_II8636_A,sa1,30,0,7.1525573730e-06
g3883_II9151_A,sa1,1,1,3.1250000000e-02
g1649_II9153_A,sa1,1,1,3.1250000000e-02
g1652_II9194_B,sa1,4,1,2.3437500000e-01
g2533_II9277_A,sa1,1,1,6.2500000000e-02
g1037_II9693_A,sa1,5,1,6.0546875000e-02
g1114_II9769_A,sa1,5,1,1.2109375000e-01
g6889,sa1,2,1,5.0000000000e-01
II12538,sa0,,,5.0000000000e-01
g6606,sa1,,,5.0000000000e-01
II11824,sa0,,,5.0000000000e-01
g6283,sa1,,,5.0000000000e-01
g8869,sa1,11,1,8.0468750000e-01
II15193,sa0,,,8.0468750000e-01
g8774,sa1,,,8.0468750000e-01
II14964,sa0,,,8.0468750000e-01
g8406,sa1,,,8.0468750000e-01
II14614,sa0,,,8.0468750000e-01
g7832,sa1,,,8.0468750000e-01
g8959,sa1,14,1,6.2500000000e-01
II15391,sa0,,,6.2500000000e-01
g8917,sa1,,,6.2500000000e-01
II15337,sa0,,,6.2500000000e-01
g8802,sa1,,,6.2500000000e-01
II15014,sa0,,,6.2500000000e-01
g8607,sa1,,,6.2500000000e-01
g6799,sa1,1,1,5.0000000000e-01
II12268,sa0,,,5.0000000000e-01
g6661,sa1,,,5.0000000000e-01
II11961,sa0,,,5.0000000000e-01
g5988_II11961_A,sa1,,,5.0000000000e-01
g8788,sa1,18,1,8.5449218750e-04
g8620,sa1,,,8.5449218750e-04
g8658,sa1,,,8.5449218750e-04
g8199_g8658_A,sa1,,,8.5449218750e-04
II14766,sa1,,,8.5449218750e-04
g7993_II14766_A,sa1,,,8.5449218750e-04
g7966_II14766_B,sa1,,,8.5449218750e-04
g7793_II14766_C,sa1,,,8.5449218750e-04
g7811_II14766_D,sa1,,,8.5449218750e-04
II14767,sa1,,,8.5449218750e-04
g7937_II14767_A,sa1,,,8.5449218750e-04
g7887_II14767_B,sa1,,,8.5449218750e-04
g8029_II14767_C,sa1,,,8.5449218750e-04
g8018_II14767_D,sa1,,,8.5449218750e-04
II14990,sa1,,,8.5449218750e-04
g8337,sa1,,,8.5449218750e-04
g8379,sa1,,,8.5449218750e-04
g8543,sa1,,,8.5449218750e-04
g8887,sa1,30,0,9.7656250000e-04
II15265,sa1,,,9.7656250000e-04
II15261,sa1,,,9.7656250000e-04
g8256,sa1,,,9.7656250000e-04
g8271,sa1,,,9.7656250000e-04
g8267,sa1,,,9.7656250000e-04
g8286,sa1,,,9.7656250000e-04
II15262,sa1,,,9.7656250000e-04
g8293,sa1,,,9.7656250000e-04
g8283,sa1,,,9.7656250000e-04
g8304,sa1,,,9.7656250000e-04
g8289,sa1,,,9.7656250000e-04
II15263,sa1,,,9.7656250000e-04
g8313,sa1,,,9.7656250000e-04
g8297,sa1,,,9.7656250000e-04
g8310,sa1,,,9.7656250000e-04
g8690,sa1,,,9.7656250000e-04
II15264,sa1,,,9.7656250000e-04
g8700,sa1,,,9.7656250000e-04
g8708,sa1,,,9.7656250000e-04
g8726,sa1,,,9.7656250000e-04
g8731,sa1,,,9.7656250000e-04
g8819,sa1,,,9.7656250000e-04
g8443_g8819_A,sa1,,,9.7656250000e-04
g8421_g8819_B,sa1,,,9.7656250000e-04
II15113,sa1,,,9.7656250000e-04
II15109,sa1,,,9.7656250000e-04
g8131_II15109_A,sa1,,,9.7656250000e-04
g8111_II15109_B,sa1,,,9.7656250000e-04
g8042_II15109_C,sa1,,,9.7656250000e-04
g8156_II15109_D,sa1,,,9.7656250000e-04
II15110,sa1,,,9.7656250000e-04
g7855_II15110_A,sa1,,,9.7656250000e-04
g7838_II15110_B,sa1,,,9.7656250000e-04
g7905_II15110_C,sa1,,,9.7656250000e-04
g7870_II15110_D,sa1,,,9.7656250000e-04
II15111,sa1,,,9.7656250000e-04
g7951_II15111_A,sa1,,,9.7656250000e-04
g7920_II15111_B,sa1,,,9.7656250000e-04
g7983_II15111_C,sa1,,,9.7656250000e-04
g8181_II15111_D,sa1,,,9.7656250000e-04
II15112,sa1,,,9.7656250000e-04
g8363_II15112_A,sa1,,,9.7656250000e-04
g8342_II15112_B,sa1,,,9.7656250000e-04
g8407_II15112_C,sa1,,,9.7656250000e-04
g8386_II15112_D,sa1,,,9.7656250000e-04
g8879,sa0,30,0,8.1738281250e-01
g8782,sa0,,,8.1738281250e-01
g6108,sa0,,,8.1738281250e-01
g5345_g6108_A,sa1,,,8.1738281250e-01
g8699,sa0,0,1,0.0000000000e+00
g825_g4038_A,sa1,4,1,6.2500000000e-02
g782_g4108_A,sa1,2,1,3.7500000000e-01
g3430_II7994_A,sa1,2,1,1.2207031250e-04
g3359_II8045_C,sa1,16,1,1.2159347534e-04
g3287_II8064_B,sa1,24,1,2.0065298304e-03
g3287_II8109_B,sa1,2,1,1.2207031250e-04
g2677_II8143_B,sa1,14,1,1.8310546875e-04
g237_g4365_A,sa1,4,1,3.7500000000e-01
g324_g4386_A,sa1,4,1,3.7500000000e-01
g405_g4395_A,sa1,4,1,3.7500000000e-01
g3398_II8412_B,sa1,5,1,1.2207031250e-04
g3264_II8437_C,sa1,30,0,1.2129545212e-04
g544_g4454_A,sa1,4,1,3.7500000000e-01
g3264_II8491_C,sa1,26,1,1.2195715681e-04
g2057_II8529_B,sa1,0,1,0.0000000000e+00
g2057_II8547_B,sa1,26,1,1.2195715681e-04
g2057_II8574_B,sa1,0,1,0.0000000000e+00
g3430_II8588_A,sa1,5,1,1.2207031250e-04
g3316_II8594_A,sa1,10,1,1.7776489258e-03
g741_g4526_B,sa1,0,1,0.0000000000e+00
g3359_II8612_C,sa1,16,1,1.2159347534e-04
g3287_II8613_B,sa1,16,1,1.0984949768e-04
g3764_II9261_B,sa1,2,1,6.1035156250e-05
g730_g6743_A,sa1,18,1,4.9902343750e-01
g142_g8258_A,sa1,2,1,6.1035156250e-05
g550_g8309_A,sa1,2,1,6.1035156250e-05
g339_g8331_A,sa1,2,1,6.1035156250e-05
g264_g8334_A,sa1,2,1,6.1035156250e-05
g426_g8361_A,sa1,2,1,6.1035156250e-05
g420_g8826_A,sa1,26,1,4.9993896484e-01
g351_g8841_A,sa1,26,1,4.9993896484e-01
g1098_II5519_B,sa1,1,1,6.2500000000e-02
g1524_II5697_A,sa1,26,1,6.2484741211e-02
g990_g2333_B,sa1,2,1,1.2500000000e-01
g2555_II6538_A,sa1,1,1,2.5000000000e-01
g1910_II6876_B,sa1,1,1,6.2500000000e-02
g1728_II6924_A,sa1,3,1,1.8750000000e-01
g1834_II7186_B,sa1,3,1,3.7500000000e-01
g2973_II7443_A,sa1,30,0,4.5776367188e-04
g2498_II7504_A,sa1,30,0,2.8610229492e-05
g1698_II8340_A,sa1,30,0,4.5776367188e-04
g2764_II8605_B,sa1,30,0,7.1525573730e-06
g2743_II8635_B,sa1,30,0,7.1525573730e-06
g4059_II9057_A,sa1,30,0,8.0078125000e-02
g3883_II9152_A,sa1,1,1,3.1250000000e-02
g1652_II9196_A,sa1,1,1,1.5625000000e-02
g2092_II9980_A,sa1,1,1,1.9531250000e-03
g6899,sa1,30,0,5.7697296143e-02
g6525_g6899_A,sa0,,,5.7697296143e-02
g6999,sa0,5,1,4.8437500000e-01
g815_g6999_A,sa0,,,4.8437500000e-01
g6556_g6999_B,sa0,,,4.8437500000e-01
g8798,sa1,30,0,2.9251480103e-01
g8789,sa1,30,0,9.1552734375e-04
g8564_g8789_A,sa0,,,9.1552734375e-04
g8888,sa1,30,0,9.7656250000e-04
II15276,sa1,,,9.7656250000e-04
II15272,sa1,,,9.7656250000e-04
g8237,sa1,,,9.7656250000e-04
g8300,sa1,,,9.7656250000e-04
g8261,sa1,,,9.7656250000e-04
g8282,sa1,,,9.7656250000e-04
II15273,sa1,,,9.7656250000e-04
g8287,sa1,,,9.7656250000e-04
g8334,sa1,,,9.7656250000e-04
g8295,sa1,,,9.7656250000e-04
g8339,sa1,,,9.7656250000e-04
II15274,sa1,,,9.7656250000e-04
g8306,sa1,,,9.7656250000e-04
g8361,sa1,,,9.7656250000e-04
g8299,sa1,,,9.7656250000e-04
g8687,sa1,,,9.7656250000e-04
II15275,sa1,,,9.7656250000e-04
g8693,sa1,,,9.7656250000e-04
g8703,sa1,,,9.7656250000e-04
g8712,sa1,,,9.7656250000e-04
g8717,sa1,,,9.7656250000e-04
g8807,sa1,,,9.7656250000e-04
g8443_g8807_A,sa1,,,9.7656250000e-04
g8421_g8807_B,sa1,,,9.7656250000e-04
II15055,sa1,,,9.7656250000e-04
II15051,sa1,,,9.7656250000e-04
g8131_II15051_A,sa1,,,9.7656250000e-04
g8111_II15051_B,sa1,,,9.7656250000e-04
g8042_II15051_C,sa1,,,9.7656250000e-04
g8156_II15051_D,sa1,,,9.7656250000e-04
II15052,sa1,,,9.7656250000e-04
g7855_II15052_A,sa1,,,9.7656250000e-04
g7838_II15052_B,sa1,,,9.7656250000e-04
g7905_II15052_C,sa1,,,9.7656250000e-04
g7870_II15052_D,sa1,,,9.7656250000e-04
II15053,sa1,,,9.7656250000e-04
g7951_II15053_A,sa1,,,9.7656250000e-04
g7920_II15053_B,sa1,,,9.7656250000e-04
g7983_II15053_C,sa1,,,9.7656250000e-04
g8181_II15053_D,sa1,,,9.7656250000e-04
II15054,sa1,,,9.7656250000e-04
g8363_II15054_A,sa1,,,9.7656250000e-04
g8342_II15054_B,sa1,,,9.7656250000e-04
g8407_II15054_C,sa1,,,9.7656250000e-04
g8386_II15054_D,sa1,,,9.7656250000e-04
g190_g4728_A,sa1,3,1,3.7500000000e-01
g803_g1739_A,sa1,6,1,1.3281250000e-01
g815_g1753_B,sa1,6,1,2.5000000000e-01
g933_g1834_A,sa1,2,1,2.5000000000e-01
g3359_II8019_C,sa1,16,1,1.2159347534e-04
g3359_II8028_C,sa1,16,1,1.2159347534e-04
g2149_II8078_B,sa1,30,0,2.0061708055e-03
g2137_II8089_C,sa1,16,1,1.2159347534e-04
g2298_II8209_A,sa1,2,1,7.8125000000e-03
g219_g4375_A,sa1,4,1,3.7500000000e-01
g246_g4384_A,sa1,4,1,3.7500000000e-01
g327_g4393_A,sa1,4,1,3.7500000000e-01
g3238_II8418_D,sa1,6,1,7.0571899414e-05
g3398_II8431_B,sa1,5,1,1.2207031250e-04
g278_g4433_A,sa1,4,1,3.7500000000e-01
g3359_II8460_C,sa1,2,1,1.2207031250e-04
g3287_II8461_B,sa1,2,1,6.1035156250e-05
g359_g4451_A,sa1,4,1,3.7500000000e-01
g3316_II8496_A,sa1,16,1,1.0984949768e-04
g3359_II8523_C,sa1,16,1,1.2159347534e-04
g3264_II8618_C,sa1,0,1,0.0000000000e+00
g174_g4823_C,sa1,12,1,9.1552734375e-05
g3746_II9261_C,sa1,2,1,6.1035156250e-05
g673_g6414_A,sa1,18,1,4.9902343750e-01
g563_g8333_A,sa1,2,1,6.1035156250e-05
g734_g8621_A,sa1,2,1,6.1035156250e-05
g345_g8830_A,sa1,26,1,4.9993896484e-01
g4549_II9044_C,sa0,16,1,1.2159347534e-04
g2555_II6539_A,sa1,1,1,2.5000000000e-01
g1910_II6878_A,sa1,0,1,0.0000000000e+00
g1838_II6904_B,sa1,1,1,6.2500000000e-02
g1639_II7068_A,sa1,1,1,1.2500000000e-01
g1918_II7085_B,sa1,3,1,1.0937500000e-01
g1834_II7188_A,sa1,3,1,3.7500000000e-01
g2973_II7444_A,sa1,30,0,4.5776367188e-04
g2481_II7567_A,sa1,30,0,2.8610229492e-05
g1138_II7937_B,sa1,1,1,7.8125000000e-03
g3614_II7937_A,sa1,7,1,5.4687500000e-02
g1925_II8392_B,sa1,2,1,4.6875000000e-02
g2986_II8502_A,sa1,7,1,2.1875000000e-01
g2487_II8605_A,sa1,30,0,7.1525573730e-06
g2764_II8607_A,sa1,30,0,7.1525573730e-06
g2743_II8637_A,sa1,30,0,7.1525573730e-06
g4059_II9058_A,sa1,30,0,7.5683593750e-02
g1149_II9069_B,sa1,1,1,3.9062500000e-03
g4244_II9169_B,sa1,1,1,3.1250000000e-02
g1908_II9381_B,sa1,1,1,7.8125000000e-03
g4038_II9475_A,sa1,15,1,4.6875000000e-01
g4307_II9547_B,sa1,1,1,1.2500000000e-01
g8889,sa1,30,0,1.2207031250e-03
II15283,sa1,,,1.2207031250e-03
g8291,sa1,,,1.2207031250e-03
g8276,sa1,,,1.2207031250e-03
g8325,sa1,,,1.2207031250e-03
g8330,sa1,,,1.2207031250e-03
II15284,sa1,,,1.2207031250e-03
g8335,sa1,,,1.2207031250e-03
g8340,sa1,,,1.2207031250e-03
g8290,sa1,,,1.2207031250e-03
g8691,sa1,,,1.2207031250e-03
II15285,sa1,,,1.2207031250e-03
g8709,sa1,,,1.2207031250e-03
g8713,sa1,,,1.2207031250e-03
g8803,sa1,,,1.2207031250e-03
g8443_g8803_A,sa1,,,1.2207031250e-03
g8421_g8803_B,sa1,,,1.2207031250e-03
II15021,sa1,,,1.2207031250e-03
II15017,sa1,,,1.2207031250e-03
g8131_II15017_A,sa1,,,1.2207031250e-03
g8111_II15017_B,sa1,,,1.2207031250e-03
g8042_II15017_C,sa1,,,1.2207031250e-03
g8156_II15017_D,sa1,,,1.2207031250e-03
II15018,sa1,,,1.2207031250e-03
g7855_II15018_A,sa1,,,1.2207031250e-03
g7838_II15018_B,sa1,,,1.2207031250e-03
g7905_II15018_C,sa1,,,1.2207031250e-03
g7870_II15018_D,sa1,,,1.2207031250e-03
II15019,sa1,,,1.2207031250e-03
g7951_II15019_A,sa1,,,1.2207031250e-03
g7920_II15019_B,sa1,,,1.2207031250e-03
g7983_II15019_C,sa1,,,1.2207031250e-03
g8181_II15019_D,sa1,,,1.2207031250e-03
II15020,sa1,,,1.2207031250e-03
g8363_II15020_A,sa1,,,1.2207031250e-03
g8342_II15020_B,sa1,,,1.2207031250e-03
g8407_II15020_C,sa1,,,1.2207031250e-03
g8386_II15020_D,sa1,,,1.2207031250e-03
g990_g4109_A,sa1,1,1,6.2500000000e-02
g3398_II8045_B,sa1,16,1,1.2159347534e-04
g2298_II8237_A,sa1,2,1,3.9062500000e-03
g387_g4352_A,sa1,4,1,3.7500000000e-01
g584_g4380_A,sa1,4,1,3.7500000000e-01
g249_g4391_A,sa1,4,1,3.7500000000e-01
g381_g4394_A,sa1,4,1,3.7500000000e-01
g384_g4409_A,sa1,4,1,3.7500000000e-01
g492_g4436_A,sa1,4,1,3.7500000000e-01
g3238_II8491_D,sa1,26,1,1.2195715681e-04
g518_g4473_A,sa1,4,1,3.7500000000e-01
g3264_II8529_C,sa1,0,1,0.0000000000e+00
g3359_II8551_C,sa1,16,1,1.2159347534e-04
g3341_II8568_D,sa1,22,1,1.2159347534e-04
g3316_II8569_A,sa1,16,1,1.0984949768e-04
g2057_II8594_B,sa1,13,1,1.7486810684e-03
g3398_II8612_B,sa1,16,1,1.2159347534e-04
g2752_II9535_D,sa1,3,1,3.4179687500e-03
g706_g6409_A,sa1,18,1,4.9902343750e-01
g146_g6771_A,sa1,18,1,4.9902343750e-01
g863_g8070_A,sa1,2,1,6.1035156250e-05
g834_g8081_A,sa1,2,1,6.1035156250e-05
g843_g8090_A,sa1,2,1,6.1035156250e-05
g846_g8150_A,sa1,2,1,6.1035156250e-05
g852_g8153_A,sa1,2,1,6.1035156250e-05
g336_g8327_A,sa1,2,1,6.1035156250e-05
g730_g8383_A,sa1,2,1,6.1035156250e-05
g661_g8542_A,sa1,2,1,6.1035156250e-05
g665_g8610_A,sa1,2,1,6.1035156250e-05
g255_g8813_A,sa1,26,1,4.9993896484e-01
g417_g8822_A,sa1,26,1,4.9993896484e-01
g342_g8825_A,sa1,26,1,4.9993896484e-01
g510_g8846_A,sa1,26,1,4.9993896484e-01
g4494_II9029_B,sa0,5,1,1.2207031250e-04
g979_II14219_A,sa0,4,1,1.6784667969e-04
g1481_II5598_A,sa1,4,1,1.0937500000e-01
g1838_II6906_A,sa1,1,1,6.2500000000e-02
g2242_II6996_B,sa1,1,1,1.2500000000e-01
g1639_II7069_A,sa1,1,1,1.2500000000e-01
g1918_II7087_A,sa1,2,1,3.7500000000e-01
g2397_II7138_B,sa1,1,1,6.2500000000e-02
g1658_II7239_A,sa1,2,1,1.2500000000e-01
g1708_II7485_B,sa1,30,0,4.5776367188e-04
g2481_II7568_A,sa1,30,0,2.8610229492e-05
g1718_II7574_B,sa1,30,0,4.5776367188e-04
g3771_II7609_B,sa1,30,0,2.8610229492e-05
g3614_II7938_A,sa1,7,1,5.4687500000e-02
g1138_II7939_A,sa1,3,1,5.4687500000e-02
g1925_II8394_A,sa1,3,1,4.3750000000e-01
g2986_II8503_A,sa1,13,1,2.1875000000e-01
g2487_II8606_A,sa1,30,0,7.1525573730e-06
g2471_II8658_A,sa1,30,0,7.1525573730e-06
g1908_II9383_A,sa1,4,1,2.3437500000e-01
g4038_II9476_A,sa1,8,1,4.6875000000e-01
g4307_II9549_A,sa1,1,1,1.2500000000e-01
g1509_II9826_B,sa1,30,0,6.6375732422e-03
g2128_II9946_A,sa1,3,1,1.0937500000e-01
g2145_II9992_A,sa1,7,1,1.2402343750e-01
g3398_II8019_B,sa1,16,1,1.2159347534e-04
g3398_II8028_B,sa1,16,1,1.2159347534e-04
g3359_II8057_C,sa1,16,1,1.2159347534e-04
g2149_II8089_B,sa1,16,1,1.2159347534e-04
g2677_II8127_C,sa1,13,1,3.6621093750e-04
g2692_II8157_C,sa1,4,1,1.8310546875e-04
g318_g4368_A,sa1,4,1,3.7500000000e-01
g3359_II8417_C,sa1,5,1,1.2207031250e-04
g3287_II8418_B,sa1,6,1,1.0681152344e-04
g3398_II8460_B,sa1,2,1,1.2207031250e-04
g3398_II8523_B,sa1,16,1,1.2159347534e-04
g3238_II8618_D,sa1,0,1,0.0000000000e+00
g3359_II8642_C,sa1,16,1,1.2159347534e-04
g3287_II8643_B,sa1,30,0,1.2129545212e-04
g146_g8257_A,sa1,2,1,6.1035156250e-05
g154_g8267_A,sa1,2,1,6.1035156250e-05
g158_g8272_A,sa1,2,1,6.1035156250e-05
g162_g8277_A,sa1,2,1,6.1035156250e-05
g118_g8285_A,sa1,2,1,6.1035156250e-05
g255_g8319_A,sa1,2,1,6.1035156250e-05
g639_g8403_A,sa1,2,1,6.1035156250e-05
g703_g8456_A,sa1,2,1,6.1035156250e-05
g718_g8513_A,sa1,2,1,6.1035156250e-05
g706_g8543_A,sa1,2,1,6.1035156250e-05
g673_g8612_A,sa1,2,1,6.1035156250e-05
g550_g8645_A,sa1,26,1,4.9993896484e-01
g270_g8835_A,sa1,26,1,4.9993896484e-01
g1481_II5599_A,sa1,8,1,1.0937500000e-01
g985_g2333_A,sa1,2,1,1.2500000000e-01
g1913_II6499_A,sa1,3,1,9.3750000000e-02
g2557_II6538_B,sa1,1,1,2.5000000000e-01
g2242_II6998_A,sa1,1,1,1.2500000000e-01
g1974_II7148_B,sa1,4,1,1.1718750000e-01
g1708_II7487_A,sa1,30,0,4.5776367188e-04
g3787_II7531_B,sa1,30,0,2.8610229492e-05
g1718_II7576_A,sa1,30,0,4.5776367188e-04
g2471_II8659_A,sa1,30,0,7.1525573730e-06
g1942_II9475_B,sa1,1,1,1.5625000000e-02
g1952_II9547_A,sa1,1,1,1.2500000000e-01
g1509_II9828_A,sa1,30,0,7.3822021484e-02
g2128_II9947_A,sa1,1,1,1.5625000000e-02
g2145_II9993_A,sa1,1,1,9.7656250000e-04
g819_g1753_A,sa1,6,1,2.5000000000e-01
g945_g3094_A,sa1,2,1,6.2500000000e-02
g3341_II7994_D,sa1,0,1,0.0000000000e+00
g2074_II7995_A,sa1,0,1,0.0000000000e+00
g1987_II8115_D,sa1,30,0,1.4009475708e-03
g2686_II8157_A,sa1,4,1,1.8310546875e-04
g3359_II8436_C,sa1,16,1,1.2159347534e-04
g3287_II8437_B,sa1,30,0,1.2129545212e-04
g495_g4453_A,sa1,4,1,3.7500000000e-01
g3359_II8490_C,sa1,5,1,1.2207031250e-04
g3238_II8529_D,sa1,0,1,0.0000000000e+00
g3238_II8547_D,sa1,26,1,1.2195715681e-04
g3398_II8551_B,sa1,16,1,1.2159347534e-04
g2057_II8569_B,sa1,16,1,1.0984949768e-04
g3238_II8574_D,sa1,0,1,0.0000000000e+00
g3341_II8588_D,sa1,30,0,1.2206658721e-04
g2074_II8589_A,sa1,30,0,1.2205243547e-04
g2584_II9166_C,sa1,1,1,3.1250000000e-02
g718_g6417_A,sa1,18,1,4.9902343750e-01
g168_g8281_A,sa1,2,1,6.1035156250e-05
g281_g8294_A,sa1,2,1,6.1035156250e-05
g351_g8296_A,sa1,2,1,6.1035156250e-05
g258_g8326_A,sa1,2,1,6.1035156250e-05
g570_g8338_A,sa1,2,1,6.1035156250e-05
g681_g8380_A,sa1,2,1,6.1035156250e-05
g746_g8441_A,sa1,2,1,6.1035156250e-05
g591_g8650_A,sa1,26,1,4.9993896484e-01
g339_g8821_A,sa1,26,1,4.9993896484e-01
g264_g8824_A,sa1,26,1,4.9993896484e-01
g432_g8845_A,sa1,26,1,4.9993896484e-01
g362_g8852_A,sa1,26,1,4.9993896484e-01
g4486_II9038_C,sa0,2,1,1.2207031250e-04
g1970_II6739_B,sa1,1,1,6.2500000000e-02
g2386_II6774_A,sa1,3,1,4.6875000000e-02
g2486_II7268_A,sa1,1,1,2.5000000000e-01
g3815_II7459_B,sa1,30,0,2.8610229492e-05
g3787_II7533_A,sa1,30,0,2.8610229492e-05
g2724_II8658_B,sa1,30,0,7.1525573730e-06
g4246_II8955_A,sa1,15,1,1.1718750000e-01
g1935_II9169_A,sa1,2,1,9.3750000000e-02
g1942_II9477_A,sa1,4,1,4.6875000000e-01
g1952_II9548_A,sa1,1,1,1.2500000000e-01
g4831_II9953_B,sa1,1,1,1.9531250000e-03
g792_g1844_A,sa1,2,1,2.5000000000e-01
g3398_II8057_B,sa1,16,1,1.2159347534e-04
g3707_II8296_C,sa1,4,1,3.9062500000e-03
g580_g4369_A,sa1,4,1,3.7500000000e-01
g1987_II8413_D,sa1,14,1,1.0577589273e-04
g3398_II8417_B,sa1,5,1,1.2207031250e-04
g489_g4424_A,sa1,4,1,3.7500000000e-01
g3359_II8455_C,sa1,16,1,1.2159347534e-04
g3287_II8456_B,sa1,16,1,1.0984949768e-04
g557_g4491_A,sa1,4,1,3.7500000000e-01
g3359_II8617_C,sa1,2,1,1.2207031250e-04
g3287_II8618_B,sa1,10,1,1.1825561523e-04
g3398_II8642_B,sa1,16,1,1.2159347534e-04
g828_g4724_A,sa1,3,1,3.1250000000e-02
g2595_II9166_B,sa1,1,1,3.1250000000e-02
g855_g6434_A,sa1,9,1,4.9902343750e-01
g734_g6447_A,sa1,18,1,4.9902343750e-01
g174_g6638_A,sa1,18,1,4.9902343750e-01
g270_g8288_A,sa1,2,1,6.1035156250e-05
g547_g8317_A,sa1,2,1,6.1035156250e-05
g345_g8339_A,sa1,2,1,6.1035156250e-05
g652_g8455_A,sa1,2,1,6.1035156250e-05
g563_g8652_A,sa1,26,1,4.9993896484e-01
g570_g8654_A,sa1,26,1,4.9993896484e-01
g336_g8816_A,sa1,26,1,4.9993896484e-01
g507_g8843_A,sa1,26,1,4.9993896484e-01
g4497_II9038_B,sa0,16,1,1.2159347534e-04
g878_g6214_A,sa0,2,1,6.2500000000e-02
g2386_II6775_A,sa1,3,1,4.6875000000e-02
g2486_II7269_A,sa1,1,1,2.5000000000e-01
g2982_II7466_A,sa1,30,0,4.5776367188e-04
g3780_II7567_B,sa1,30,0,2.8610229492e-05
g1545_II8938_B,sa1,1,1,7.8125000000e-03
g4246_II8956_A,sa1,15,1,1.1718750000e-01
g4831_II9955_A,sa1,1,1,1.9531250000e-03
g287_g3097_B,sa0,26,1,2.4996948242e-01
g822_g2949_A,sa1,5,1,1.2500000000e-01
g3287_II8079_B,sa1,30,0,2.0061708055e-03
g3583_II8186_D,sa1,0,1,0.0000000000e+00
g3549_II8186_B,sa1,0,1,0.0000000000e+00
g468_g4356_A,sa1,4,1,3.7500000000e-01
g480_g4389_A,sa1,4,1,3.7500000000e-01
g3398_II8436_B,sa1,16,1,1.2159347534e-04
g3398_II8490_B,sa1,5,1,1.2207031250e-04
g3359_II8528_C,sa1,2,1,1.2207031250e-04
g3359_II8546_C,sa1,5,1,1.2207031250e-04
g3359_II8573_C,sa1,2,1,1.2207031250e-04
g168_g6429_A,sa1,18,1,4.9902343750e-01
g831_g8079_A,sa1,2,1,6.1035156250e-05
g849_g8151_A,sa1,2,1,6.1035156250e-05
g267_g8283_A,sa1,2,1,6.1035156250e-05
g527_g8329_A,sa1,2,1,6.1035156250e-05
g738_g8622_A,sa1,2,1,6.1035156250e-05
g504_g8838_A,sa1,26,1,4.9993896484e-01
g284_g8851_A,sa1,26,1,4.9993896484e-01
g443_g8854_A,sa1,26,1,4.9993896484e-01
g527_g8860_A,sa1,26,1,4.9993896484e-01
g1537_II6499_B,sa1,1,1,3.1250000000e-02
g2497_II7277_A,sa1,1,1,1.2500000000e-01
g2982_II7467_A,sa1,30,0,4.5776367188e-04
g3780_II7569_A,sa1,30,0,2.8610229492e-05
g2966_II8338_A,sa1,30,0,4.5776367188e-04
g2790_II8558_B,sa1,30,0,7.1525573730e-06
g2498_II8581_A,sa1,30,0,7.1525573730e-06
g2706_II8678_B,sa1,30,0,7.1525573730e-06
g5096_II9691_A,sa1,30,0,5.8593750000e-02
g1549_II9745_B,sa1,1,1,3.9062500000e-03
g4826_II9745_A,sa1,30,0,1.1718750000e-01
g936_g3466_A,sa1,4,1,2.5000000000e-01
g576_g2845_B,sa0,16,1,2.4902343750e-01
g990_g3790_B,sa0,5,1,9.6790313721e-02
g929_g1834_B,sa1,2,1,2.5000000000e-01
g995_g4118_A,sa1,0,1,0.0000000000e+00
g1987_II8046_D,sa1,16,1,1.1844933033e-04
g1987_II8064_D,sa1,24,1,2.0049516170e-03
g3666_II8296_A,sa1,4,1,3.9062500000e-03
g3398_II8455_B,sa1,16,1,1.2159347534e-04
g1987_II8613_D,sa1,16,1,1.1844933033e-04
g3398_II8617_B,sa1,2,1,1.2207031250e-04
g746_g4546_B,sa1,0,1,0.0000000000e+00
g661_g6396_A,sa1,18,1,4.9902343750e-01
g681_g6727_A,sa1,18,1,4.9902343750e-01
g855_g8074_A,sa1,2,1,6.1035156250e-05
g840_g8089_A,sa1,2,1,6.1035156250e-05
g642_g8359_A,sa1,2,1,6.1035156250e-05
g507_g8377_A,sa1,2,1,6.1035156250e-05
g724_g8457_A,sa1,2,1,6.1035156250e-05
g669_g8611_A,sa1,2,1,6.1035156250e-05
g547_g8643_A,sa1,26,1,4.9993896484e-01
g553_g8646_A,sa1,26,1,4.9993896484e-01
g573_g8653_A,sa1,26,1,4.9993896484e-01
g258_g8815_A,sa1,26,1,4.9993896484e-01
g429_g8842_A,sa1,26,1,4.9993896484e-01
g2275_II6996_A,sa1,1,1,1.2500000000e-01
g2497_II7278_A,sa1,2,1,3.7500000000e-01
g3808_II7478_B,sa1,30,0,2.8610229492e-05
g2966_II8339_A,sa1,30,0,4.5776367188e-04
g2949_II8392_A,sa1,7,1,4.3750000000e-01
g2777_II8581_B,sa1,30,0,7.1525573730e-06
g2498_II8582_A,sa1,30,0,7.1525573730e-06
g4239_II8938_A,sa1,9,1,1.1718750000e-01
g5096_II9692_A,sa1,30,0,5.8593750000e-02
g4826_II9746_A,sa1,30,0,1.1718750000e-01
g1549_II9747_A,sa1,5,1,1.2109375000e-01
g4832_II9767_A,sa1,30,0,1.1718750000e-01
g878_g4317_A,sa1,1,1,6.2500000000e-02
g775_g5428_A,sa1,2,1,1.5625000000e-02
g1987_II8029_D,sa1,16,1,1.1844933033e-04
g2689_II8157_B,sa1,4,1,1.8310546875e-04
g3568_II8186_C,sa1,0,1,0.0000000000e+00
g3666_II8288_A,sa1,4,1,7.8125000000e-03
g3684_II8296_B,sa1,4,1,3.9062500000e-03
g483_g4397_A,sa1,4,1,3.7500000000e-01
g1987_II8524_D,sa1,16,1,1.1844933033e-04
g3398_II8528_B,sa1,2,1,1.2207031250e-04
g3398_II8546_B,sa1,5,1,1.2207031250e-04
g3398_II8573_B,sa1,2,1,1.2207031250e-04
g3264_II8589_C,sa1,30,0,1.2206612155e-04
g3359_II8593_C,sa1,10,1,1.7776489258e-03
g778_g6433_A,sa1,6,1,4.9218750000e-01
g685_g6733_A,sa1,18,1,4.9902343750e-01
g727_g6916_A,sa1,7,1,4.9609375000e-01
g636_g8384_A,sa1,2,1,6.1035156250e-05
g658_g8461_A,sa1,2,1,6.1035156250e-05
g426_g8837_A,sa1,26,1,4.9993896484e-01
g513_g8849_A,sa1,26,1,4.9993896484e-01
g365_g8853_A,sa1,26,1,4.9993896484e-01
g875_g6184_A,sa0,1,1,6.2500000000e-02
g1983_II6757_B,sa1,1,1,6.2500000000e-02
g2275_II6997_A,sa1,1,1,1.2500000000e-01
g866_g3681_A,sa1,30,0,2.3345947266e-02
g1698_II8338_B,sa1,30,0,4.5776367188e-04
g2949_II8393_A,sa1,13,1,4.3750000000e-01
g2777_II8583_A,sa1,30,0,7.1525573730e-06
g4239_II8939_A,sa1,23,1,1.1718750000e-01
g4832_II9768_A,sa1,30,0,1.1718750000e-01
g4729_II9826_A,sa1,30,0,2.8503417969e-02
g4905_II9946_B,sa1,1,1,1.5625000000e-02
g2092_II9978_B,sa1,7,1,2.4804687500e-01
g795_g1844_B,sa1,2,1,2.5000000000e-01
g806_g2986_A,sa1,5,1,7.0312500000e-02
g3684_II8288_B,sa1,4,1,7.8125000000e-03
g3707_II8299_D,sa1,4,1,1.9531250000e-03
g297_g4377_A,sa1,4,1,3.7500000000e-01
g3359_II8495_C,sa1,16,1,1.2159347534e-04
g3287_II8496_B,sa1,16,1,1.2046098709e-04
g1987_II8552_D,sa1,16,1,1.2159347534e-04
g669_g6408_A,sa1,18,1,4.9902343750e-01
g863_g4829_A,sa0,9,1,2.4951171875e-01
g677_g6715_A,sa1,18,1,4.9902343750e-01
g281_g8848_A,sa1,26,1,4.9993896484e-01
g1983_II6759_A,sa1,1,1,6.2500000000e-02
g2467_II8678_A,sa1,30,0,7.1525573730e-06
g4729_II9827_A,sa1,30,0,1.9741821289e-01
g4905_II9948_A,sa1,1,1,1.5625000000e-02
g1938_II9963_A,sa1,7,1,1.1718750000e-01
g985_g3790_A,sa0,5,1,9.6790313721e-02
g3238_II7995_D,sa1,0,1,0.0000000000e+00
g1987_II8058_D,sa1,16,1,1.1844933033e-04
g3666_II8299_A,sa1,4,1,1.9531250000e-03
g378_g4387_A,sa1,4,1,3.7500000000e-01
g459_g4396_A,sa1,4,1,3.7500000000e-01
g3359_II8568_C,sa1,16,1,1.2159347534e-04
g3238_II8589_D,sa1,30,0,1.2205648454e-04
g3398_II8593_B,sa1,10,1,1.7776489258e-03
g1987_II8643_D,sa1,16,1,1.2159347534e-04
g588_g8290_A,sa1,2,1,6.1035156250e-05
g553_g8298_A,sa1,2,1,6.1035156250e-05
g685_g8382_A,sa1,2,1,6.1035156250e-05
g348_g8836_A,sa1,26,1,4.9993896484e-01
g524_g8858_A,sa1,26,1,4.9993896484e-01
g2996_II7538_A,sa1,30,0,4.5776367188e-04
g1499_II7891_B,sa1,4,1,2.7343750000e-02
g2798_II8536_B,sa1,30,0,7.1525573730e-06
g2467_II8679_A,sa1,30,0,7.1525573730e-06
g1938_II9964_A,sa1,3,1,6.8359375000e-03
g2096_II9985_B,sa1,8,1,2.4902343750e-01
II11101_II11102_B,sa1,1,1,2.5000000000e-01
g976_g2781_B,sa1,1,1,1.9531250000e-03
g3694_II8288_C,sa1,4,1,7.8125000000e-03
g3684_II8299_B,sa1,4,1,1.9531250000e-03
g1987_II8437_D,sa1,16,1,1.2046098709e-04
g3398_II8495_B,sa1,16,1,1.2159347534e-04
g429_g8297_A,sa1,2,1,6.1035156250e-05
g1489_II5598_B,sa1,4,1,1.0937500000e-01
g1967_II6876_A,sa1,2,1,1.2500000000e-01
g1898_II7277_B,sa1,3,1,3.7500000000e-01
g2996_II7539_A,sa1,30,0,4.5776367188e-04
g1499_II7893_A,sa1,28,1,1.9140625000e-01
g2798_II8538_A,sa1,30,0,7.1525573730e-06
g2096_II9987_A,sa1,1,1,9.7656250000e-04
g4871_II9992_B,sa1,1,1,9.7656250000e-04
II11101_II11103_B,sa1,1,1,2.5000000000e-01
g3359_II7994_C,sa1,2,1,1.2207031250e-04
g3287_II7995_B,sa1,0,1,0.0000000000e+00
g567_g4398_A,sa1,4,1,3.7500000000e-01
g1987_II8456_D,sa1,16,1,1.1844933033e-04
g3398_II8568_B,sa1,16,1,1.2159347534e-04
g3359_II8588_C,sa1,5,1,1.2207031250e-04
g3287_II8589_B,sa1,30,0,1.2205475605e-04
g859_g6437_A,sa1,9,1,4.9902343750e-01
g837_g8088_A,sa1,2,1,6.1035156250e-05
g348_g8289_A,sa1,2,1,6.1035156250e-05
g498_g8337_A,sa1,2,1,6.1035156250e-05
g649_g8438_A,sa1,2,1,6.1035156250e-05
g655_g8459_A,sa1,2,1,6.1035156250e-05
g267_g8829_A,sa1,26,1,4.9993896484e-01
g446_g8857_A,sa1,26,1,4.9993896484e-01
g875_g6197_A,sa0,1,1,1.5625000000e-02
g1967_II6877_A,sa1,0,1,0.0000000000e+00
g1898_II7279_A,sa1,3,1,3.7500000000e-01
g4871_II9994_A,sa1,1,1,9.7656250000e-04
g973_g2768_B,sa1,1,1,1.9531250000e-03
g786_g5287_A,sa1,2,1,1.5625000000e-02
g985_g4098_A,sa1,1,1,6.2500000000e-02
g1987_II8079_D,sa1,30,0,2.0034369809e-03
g3694_II8299_C,sa1,4,1,1.9531250000e-03
g591_g8299_A,sa1,2,1,6.1035156250e-05
g691_g8379_A,sa1,2,1,6.1035156250e-05
g866_g6197_B,sa0,1,1,1.5625000000e-02
g2989_II7485_A,sa1,30,0,4.5776367188e-04
g2999_II7574_A,sa1,30,0,4.5776367188e-04
g2979_II7891_A,sa1,30,0,1.5039062500e-01
g4836_II9985_A,sa1,1,1,9.7656250000e-04
II10009_II10010_B,sa1,5,1,1.2109375000e-01
g1612_stem,sa0,1,1,5.0000000000e-01
II5475,sa1,,,5.0000000000e-01
g1084_II5475_A,sa0,,,5.0000000000e-01
g3398_II7994_B,sa1,2,1,1.2207031250e-04
g399_g4379_A,sa1,4,1,3.7500000000e-01
g3398_II8588_B,sa1,5,1,1.2207031250e-04
g859_g8077_A,sa1,2,1,6.1035156250e-05
g695_g8385_A,sa1,2,1,6.1035156250e-05
g2989_II7486_A,sa1,30,0,4.5776367188e-04
g2999_II7575_A,sa1,30,0,4.5776367188e-04
g2979_II7892_A,sa1,30,0,1.1425781250e-01
g4880_II9978_A,sa1,1,1,1.9531250000e-03
g4836_II9986_A,sa1,1,1,9.7656250000e-04
II10009_II10011_B,sa1,5,1,1.2109375000e-01
II10320_II10321_B,sa1,1,1,2.5000000000e-01
II13002_II13003_B,sa1,1,1,1.2207031250e-04
g1612_stem,sa1,1,1,5.0000000000e-01
II5475,sa0,,,5.0000000000e-01
g1084_II5475_A,sa1,,,5.0000000000e-01
g1987_II8594_D,sa1,13,1,1.7690658569e-03
g4880_II9979_A,sa1,1,1,1.9531250000e-03
II10320_II10322_B,sa1,1,1,2.5000000000e-01
II13002_II13004_B,sa1,1,1,1.2207031250e-04
g799_g1739_B,sa1,6,1,1.3281250000e-01
g955_g1898_B,sa1,2,1,2.5000000000e-01
g1987_II8496_D,sa1,16,1,1.2135505676e-04
g789_g6439_A,sa1,6,1,4.9218750000e-01
g677_g8378_A,sa1,2,1,6.1035156250e-05
g498_g8827_A,sa1,26,1,4.9993896484e-01
g4869_II9963_B,sa1,1,1,7.8125000000e-03
II10060_II10061_B,sa1,8,1,2.3437500000e-01
II11108_II11110_B,sa1,1,1,2.5000000000e-01
II11122_II11123_B,sa1,1,1,2.5000000000e-01
II12031_II12032_B,sa1,30,0,3.2226562500e-02
g1987_II8569_D,sa1,16,1,1.1844933033e-04
g815_g6999_A,sa1,5,1,5.0000000000e-01
g588_g8648_A,sa1,26,1,4.9993896484e-01
g4869_II9965_A,sa1,3,1,6.8359375000e-03
II10060_II10062_B,sa1,8,1,2.3437500000e-01
II11122_II11124_B,sa1,1,1,2.5000000000e-01
II12031_II12033_B,sa1,30,0,3.2226562500e-02
g699_g8439_A,sa1,2,1,6.1035156250e-05
II10038_II10040_B,sa1,10,1,2.4218750000e-01
II10142_II10143_B,sa1,1,1,7.8125000000e-03
II10223_II10224_B,sa1,4,1,2.3437500000e-01
II10313_II10314_B,sa1,1,1,9.7656250000e-04
g959_g1898_A,sa1,2,1,2.5000000000e-01
g799_g6990_A,sa1,5,1,2.5000000000e-01
g1929_II9999_B,sa1,6,1,2.4609375000e-01
II10142_II10144_B,sa1,1,1,7.8125000000e-03
II10223_II10225_B,sa1,4,1,2.3437500000e-01
II10313_II10315_B,sa1,1,1,9.7656250000e-04
II8000,sa1,30,0,2.5129318237e-04
II6102,sa0,30,0,2.8610229492e-05
g849_II6102_A,sa0,,,2.8610229492e-05
g921_II6102_B,sa0,,,2.8610229492e-05
II6201,sa0,30,0,2.8610229492e-05
g831_II6201_A,sa0,,,2.8610229492e-05
g891_II6201_B,sa0,,,2.8610229492e-05
II7010,sa1,1,1,6.2500000000e-02
II10017_II10018_B,sa1,6,1,2.1875000000e-01
g2202_II10040_A,sa1,2,1,7.8125000000e-03
II10071_II10072_B,sa1,14,1,2.4804687500e-01
II10305_II10306_B,sa1,1,1,2.5000000000e-01
II11115_II11116_B,sa1,1,1,2.5000000000e-01
II11142_II11143_B,sa1,1,1,2.5000000000e-01
II12015_II12016_B,sa1,30,0,3.9062500000e-02
II12051_II12052_B,sa1,30,0,3.7597656250e-02
II8001,sa1,30,0,2.6922672987e-04
g100,sa0,1,1,5.0000000000e-01
II6102,sa1,30,0,2.8610229492e-05
II6201,sa1,30,0,2.8610229492e-05
II7011,sa1,2,1,1.2500000000e-01
g4839_II9999_A,sa1,1,1,3.9062500000e-03
II10017_II10019_B,sa1,6,1,2.1875000000e-01
II10071_II10073_B,sa1,14,1,2.4804687500e-01
II10305_II10307_B,sa1,1,1,2.5000000000e-01
II11115_II11117_B,sa1,1,1,2.5000000000e-01
II11142_II11144_B,sa1,1,1,2.5000000000e-01
II12015_II12017_B,sa1,30,0,3.9062500000e-02
II12051_II12053_B,sa1,30,0,3.7597656250e-02
II8020,sa1,30,0,2.2227410227e-04
g100,sa1,1,1,5.0000000000e-01
g110,sa0,1,1,5.0000000000e-01
g2655_stem,sa0,1,1,5.0000000000e-01
g1611,sa1,,,5.0000000000e-01
g1073_g1611_A,sa0,,,5.0000000000e-01
II6103,sa1,30,0,2.8610229492e-05
II6202,sa1,30,0,2.8610229492e-05
II11170_II11171_B,sa1,1,1,2.5000000000e-01
II13213_II13214_B,sa1,30,0,3.5156250000e-02
g300,sa0,4,1,2.5003051758e-01
g110,sa1,1,1,5.0000000000e-01
g2655_stem,sa1,1,1,5.0000000000e-01
g1611,sa0,,,5.0000000000e-01
g1073_g1611_A,sa1,,,5.0000000000e-01
II5600,sa1,4,1,1.0937500000e-01
II6104,sa1,30,0,2.8610229492e-05
II6203,sa1,30,0,2.8610229492e-05
II6500,sa1,1,1,3.1250000000e-02
g210,sa0,2,1,1.2500000000e-01
II8120,sa1,2,1,2.3437500000e-02
II11170_II11172_B,sa1,1,1,2.5000000000e-01
g7010_II13002_A,sa1,30,0,3.6621093750e-03
II13213_II13215_B,sa1,30,0,3.5156250000e-02
II8040,sa1,30,0,8.5449218750e-04
g300,sa1,4,1,2.5003051758e-01
II8400,sa1,30,0,2.0914822817e-03
g202,sa0,1,1,5.0000000000e-01
g130,sa0,1,1,5.0000000000e-01
II5520,sa1,1,1,6.2500000000e-02
II6133,sa0,30,0,2.8610229492e-05
g846_II6133_A,sa0,,,2.8610229492e-05
g916_II6133_B,sa0,,,2.8610229492e-05
II6232,sa0,30,0,2.8610229492e-05
g834_II6232_A,sa0,,,2.8610229492e-05
g896_II6232_B,sa0,,,2.8610229492e-05
II6501,sa1,2,1,9.3750000000e-02
g210,sa1,2,1,1.2500000000e-01
II7140,sa1,1,1,6.2500000000e-02
II7510,sa0,30,0,4.5776367188e-04
g2992_II7510_A,sa0,,,4.5776367188e-04
g1711_II7510_B,sa0,,,4.5776367188e-04
II8121,sa1,2,1,4.6875000000e-02
II6102_II6103_B,sa1,30,0,2.8610229492e-05
II6201_II6202_B,sa1,30,0,2.8610229492e-05
g1041_II10313_B,sa1,1,1,9.7656250000e-04
II10334_II10335_B,sa1,1,1,2.5000000000e-01
II11108_II11109_B,sa1,1,1,2.5000000000e-01
II11135_II11136_B,sa1,1,1,2.5000000000e-01
g7010_II13003_A,sa1,30,0,3.6621093750e-03
II13016_II13017_B,sa1,1,1,2.4414062500e-04
g121,sa1,1,1,2.5000000000e-01
g103,sa1,1,1,2.5000000000e-01
II8005,sa1,14,1,6.2548828125e-01
II8014,sa1,30,0,1.2013912201e-03
II8041,sa1,30,0,3.0142068863e-04
II8401,sa1,30,0,3.5530608147e-03
g202,sa1,1,1,5.0000000000e-01
II9202,sa1,7,1,2.1875000000e-01
g211,sa1,2,1,1.2500000000e-01
g130,sa1,1,1,5.0000000000e-01
g122,sa0,1,1,5.0000000000e-01
II7232,sa0,30,0,2.8610229492e-05
II9041,sa0,30,0,2.4271011353e-04
II5521,sa1,1,1,6.2500000000e-02
II5620,sa1,1,1,3.1250000000e-02
II6133,sa1,30,0,2.8610229492e-05
II6170,sa0,30,0,2.8610229492e-05
g843_II6170_A,sa0,,,2.8610229492e-05
g911_II6170_B,sa0,,,2.8610229492e-05
II6232,sa1,30,0,2.8610229492e-05
II7150,sa1,1,1,1.2500000000e-01
II7214,sa0,5,1,4.8437500000e-01
g815_II7214_A,sa0,,,4.8437500000e-01
g2091_II7214_B,sa0,,,4.8437500000e-01
II7240,sa1,2,1,1.2500000000e-01
II7421,sa0,30,0,2.8610229492e-05
g2525_II7421_A,sa0,,,2.8610229492e-05
g2703_II7421_B,sa0,,,2.8610229492e-05
II7510,sa1,30,0,4.5776367188e-04
II8132,sa0,3,1,1.2500000000e-01
g3232_II8132_A,sa0,,,1.2500000000e-01
g1646_II8132_B,sa0,,,1.2500000000e-01
II8150,sa0,8,1,2.5000000000e-01
g3229_II8150_A,sa0,,,2.5000000000e-01
g38_II8150_B,sa0,,,2.5000000000e-01
II8510,sa0,30,0,7.1525573730e-06
g2517_II8510_A,sa0,,,7.1525573730e-06
g2807_II8510_B,sa0,,,7.1525573730e-06
II6102_II6104_B,sa1,30,0,2.8610229492e-05
II6201_II6203_B,sa1,30,0,2.8610229492e-05
II10298_II10300_B,sa1,1,1,2.5000000000e-01
g1041_II10315_A,sa1,6,1,6.1523437500e-02
II10334_II10336_B,sa1,1,1,2.5000000000e-01
II11135_II11137_B,sa1,1,1,2.5000000000e-01
II11149_II11150_B,sa1,1,1,2.5000000000e-01
g1053_II13002_B,sa1,1,1,1.2207031250e-04
II13016_II13018_B,sa1,1,1,2.4414062500e-04
g113,sa1,1,1,2.5000000000e-01
II8006,sa1,30,1,4.8398971558e-04
II8015,sa1,30,0,3.0142068863e-04
II8033,sa1,30,0,7.1722269058e-04
II8114,sa1,30,0,4.6283900738e-03
II8240,sa1,30,1,2.9296875000e-02
g240,sa0,4,1,2.5003051758e-01
g321,sa0,4,1,2.5003051758e-01
g222,sa0,4,1,2.5003051758e-01
g402,sa0,4,1,2.5003051758e-01
g303,sa0,4,1,2.5003051758e-01
g330,sa0,4,1,2.5003051758e-01
g411,sa0,4,1,2.5003051758e-01
g212,sa1,2,1,1.2500000000e-01
g105,sa0,1,1,5.0000000000e-01
g150,sa0,30,0,4.9892304838e-01
g114,sa0,1,1,5.0000000000e-01
g122,sa1,1,1,5.0000000000e-01
g420,sa0,20,1,4.9951171875e-01
g501,sa0,26,1,4.9993896484e-01
g510,sa0,26,1,4.9993896484e-01
II7233,sa0,30,0,2.8610229492e-05
II5505,sa0,2,1,1.2500000000e-01
g1532_II5505_A,sa0,,,1.2500000000e-01
g1528_II5505_B,sa0,,,1.2500000000e-01
II5621,sa1,1,1,3.1250000000e-02
II6134,sa1,30,0,2.8610229492e-05
II6170,sa1,30,0,2.8610229492e-05
II6233,sa1,30,0,2.8610229492e-05
II6522,sa0,4,1,1.2500000000e-01
g1919_II6522_A,sa0,,,1.2500000000e-01
g1102_II6522_B,sa0,,,1.2500000000e-01
II7070,sa1,1,1,1.2500000000e-01
II7214,sa1,5,1,2.5000000000e-01
II7241,sa1,2,1,1.2500000000e-01
II7421,sa1,30,0,2.8610229492e-05
II7430,sa1,3,1,1.0937500000e-01
II7503,sa0,30,0,2.8610229492e-05
g2498_II7503_A,sa0,,,2.8610229492e-05
g3802_II7503_B,sa0,,,2.8610229492e-05
II7511,sa1,30,0,4.5776367188e-04
II7610,sa1,30,0,2.8610229492e-05
II8132,sa1,2,1,9.3750000000e-02
II8150,sa1,1,1,3.1250000000e-02
II8502,sa0,9,1,2.4218750000e-01
g2986_II8502_A,sa0,,,2.4218750000e-01
g2038_II8502_B,sa0,,,2.4218750000e-01
II8510,sa1,30,0,7.1525573730e-06
II10038_II10039_B,sa1,10,1,2.4218750000e-01
II10078_II10080_B,sa1,16,1,2.4902343750e-01
II10092_II10093_B,sa1,12,1,2.4609375000e-01
g2712_II11101_B,sa1,1,1,2.5000000000e-01
II11149_II11151_B,sa1,1,1,2.5000000000e-01
II11163_II11164_B,sa1,1,1,2.5000000000e-01
g1053_II13004_A,sa1,9,1,6.2377929688e-02
II13800_II13801_B,sa1,1,1,3.0517578125e-05
g141,sa1,1,1,2.5000000000e-01
II8034,sa1,30,0,6.2734042178e-02
II8052,sa1,30,0,9.3011856079e-03
II8115,sa1,30,0,1.4418745041e-01
g240,sa1,4,1,2.5003051758e-01
g321,sa1,4,1,2.5003051758e-01
g222,sa1,4,1,2.5003051758e-01
g402,sa1,4,1,2.5003051758e-01
g303,sa1,4,1,2.5003051758e-01
g330,sa1,4,1,2.5003051758e-01
II8412,sa1,30,0,6.0220435262e-04
g411,sa1,4,1,2.5003051758e-01
II9222,sa1,7,1,2.1875000000e-01
II9330,sa1,20,1,8.5449218750e-04
g231,sa1,2,1,1.2500000000e-01
g312,sa1,2,1,1.2500000000e-01
g213,sa1,2,1,1.2500000000e-01
g142,sa0,1,1,5.0000000000e-01
g105,sa1,1,1,5.0000000000e-01
g150,sa1,30,0,4.9892304838e-01
g114,sa1,1,1,5.0000000000e-01
g420,sa1,20,1,4.9951171875e-01
g501,sa1,26,1,4.9993896484e-01
g510,sa1,26,1,4.9993896484e-01
II6208,sa0,30,0,1.1444091797e-03
II8224,sa0,15,1,5.8593750000e-02
II5505,sa1,4,1,5.8593750000e-02
II6064,sa0,30,0,2.8610229492e-05
g852_II6064_A,sa0,,,2.8610229492e-05
g883_II6064_B,sa0,,,2.8610229492e-05
II6135,sa1,30,0,2.8610229492e-05
II6171,sa1,30,0,2.8610229492e-05
II6234,sa1,30,0,2.8610229492e-05
II6522,sa1,1,1,3.1250000000e-02
II6540,sa1,1,1,2.5000000000e-01
g205,sa0,2,1,1.2500000000e-01
II7009,sa0,3,1,1.8750000000e-01
g2295_II7009_A,sa0,,,1.8750000000e-01
g2333_II7009_B,sa0,,,1.8750000000e-01
II7215,sa1,4,1,2.3437500000e-01
II7422,sa1,30,0,2.8610229492e-05
II7503,sa1,30,0,2.8610229492e-05
II7512,sa1,30,0,4.5776367188e-04
II7531,sa0,30,0,2.8610229492e-05
g2487_II7531_A,sa0,,,2.8610229492e-05
g3787_II7531_B,sa0,,,2.8610229492e-05
II7611,sa1,30,0,2.8610229492e-05
II8133,sa1,2,1,9.3750000000e-02
II8151,sa1,1,1,3.1250000000e-02
II8340,sa1,30,0,4.5776367188e-04
II8502,sa1,3,1,3.1250000000e-02
II8511,sa1,30,0,7.1525573730e-06
II9151,sa0,4,1,2.5000000000e-01
g3883_II9151_A,sa0,,,2.5000000000e-01
g1649_II9151_B,sa0,,,2.5000000000e-01
II9241,sa0,4,1,2.5000000000e-01
g2540_II9241_A,sa0,,,2.5000000000e-01
g4305_II9241_B,sa0,,,2.5000000000e-01
g4821_II10011_A,sa1,1,1,3.9062500000e-03
II10092_II10094_B,sa1,12,1,2.4609375000e-01
g2712_II11103_A,sa1,1,1,2.5000000000e-01
II11163_II11165_B,sa1,1,1,2.5000000000e-01
II13800_II13802_B,sa1,1,1,3.0517578125e-05
g206,sa0,1,1,5.0000000000e-01
II5353,sa1,,,5.0000000000e-01
g3833,sa0,,,5.0000000000e-01
II7302,sa1,,,5.0000000000e-01
g2825,sa0,,,5.0000000000e-01
II6553,sa1,,,5.0000000000e-01
g2246_II6553_A,sa0,,,5.0000000000e-01
g530,sa0,1,1,5.0000000000e-01
g133,sa1,1,1,2.5000000000e-01
II8053,sa1,30,0,8.5269026458e-03
II8071,sa1,30,0,6.4263045788e-03
II8143,sa1,30,0,7.0953369141e-04
II8413,sa1,30,0,2.6767328382e-04
II8431,sa1,30,0,6.2751770020e-04
g440,sa0,4,1,2.5003051758e-01
g521,sa0,4,1,2.5003051758e-01
g214,sa1,2,1,1.2500000000e-01
g232,sa1,2,1,1.2500000000e-01
g313,sa1,2,1,1.2500000000e-01
g142,sa1,1,1,5.0000000000e-01
g134,sa0,1,1,5.0000000000e-01
g710,sa0,4,1,2.5003051758e-01
II6209,sa0,30,0,1.1444091797e-03
II8225,sa0,15,1,5.8593750000e-02
II9044,sa0,30,0,3.6406517029e-04
II9107,sa0,30,0,1.9591450691e-03
II5506,sa1,1,1,6.2500000000e-02
II6064,sa1,30,0,2.8610229492e-05
II6172,sa1,30,0,2.8610229492e-05
II6523,sa1,1,1,3.1250000000e-02
g205,sa1,2,1,1.2500000000e-01
II7009,sa1,2,1,1.8750000000e-01
II7172,sa0,6,1,2.4218750000e-01
g1739_II7172_A,sa0,,,2.4218750000e-01
g2006_II7172_B,sa0,,,2.4218750000e-01
II7180,sa1,1,1,2.5000000000e-01
II7216,sa1,1,1,2.5000000000e-01
II7270,sa1,1,1,2.5000000000e-01
II7423,sa1,30,0,2.8610229492e-05
II7504,sa1,30,0,2.8610229492e-05
II7531,sa1,30,0,2.8610229492e-05
II7540,sa1,30,0,4.5776367188e-04
II8134,sa1,1,1,3.1250000000e-02
II8152,sa1,3,1,2.1875000000e-01
II8243,sa0,30,0,7.1525573730e-06
g2011_II8243_A,sa0,,,7.1525573730e-06
g3506_II8243_B,sa0,,,7.1525573730e-06
II8503,sa1,2,1,2.3437500000e-02
II8512,sa1,30,0,7.1525573730e-06
II9070,sa1,1,1,3.9062500000e-03
II9151,sa1,3,1,2.1875000000e-01
II9233,sa0,6,1,2.5000000000e-01
g4310_II9233_A,sa0,,,2.5000000000e-01
g2180_II9233_B,sa0,,,2.5000000000e-01
II9241,sa1,3,1,2.1875000000e-01
g2202_II10038_B,sa1,10,1,2.4218750000e-01
g2522_II10223_A,sa1,4,1,2.3437500000e-01
g2562_II10300_A,sa1,1,1,2.5000000000e-01
II10327_II10328_B,sa1,1,1,2.5000000000e-01
g2100_II10743_B,sa1,9,1,2.4951171875e-01
II11078_II11080_B,sa1,24,1,2.4993896484e-01
g2511_II11080_A,sa1,2,1,6.1035156250e-05
II11614_II11615_B,sa1,22,1,1.5716552734e-03
II12550_II12551_B,sa1,15,1,7.1716308594e-04
g206,sa1,1,1,5.0000000000e-01
II5353,sa0,,,5.0000000000e-01
g3833,sa1,,,5.0000000000e-01
II7302,sa0,,,5.0000000000e-01
g2825,sa1,,,5.0000000000e-01
II6553,sa0,,,5.0000000000e-01
g2246_II6553_A,sa1,,,5.0000000000e-01
g530,sa1,1,1,5.0000000000e-01
g125,sa1,1,1,2.5000000000e-01
II8045,sa1,30,0,1.3103938103e-01
II8063,sa1,30,0,7.7110975981e-03
II8072,sa1,30,0,5.9234621003e-03
II8090,sa1,30,0,3.7594139576e-04
II8108,sa1,26,1,1.5869140625e-03
g225,sa0,4,1,2.5003051758e-01
g306,sa0,4,1,2.5003051758e-01
g216,sa0,4,1,2.5003051758e-01
g243,sa0,4,1,2.5003051758e-01
g324,sa0,4,1,2.5003051758e-01
g405,sa0,4,1,2.5003051758e-01
g252,sa0,4,1,2.5003051758e-01
g333,sa0,4,1,2.5003051758e-01
II8432,sa1,30,0,3.0732154846e-04
g414,sa0,4,1,2.5003051758e-01
g540,sa0,4,1,2.5003051758e-01
g440,sa1,4,1,2.5003051758e-01
g521,sa1,4,1,2.5003051758e-01
II8612,sa1,30,0,4.3356418610e-04
g207,sa0,1,1,5.0000000000e-01
g215,sa1,2,1,1.2500000000e-01
g233,sa1,2,1,1.2500000000e-01
g314,sa1,2,1,1.2500000000e-01
g134,sa1,1,1,5.0000000000e-01
g162,sa0,13,1,4.9806308001e-01
g126,sa0,1,1,5.0000000000e-01
g710,sa1,4,1,2.5003051758e-01
g261,sa0,20,1,4.9951171875e-01
g342,sa0,20,1,4.9951171875e-01
g423,sa0,20,1,4.9951171875e-01
g270,sa0,26,1,4.9993896484e-01
g504,sa0,26,1,4.9993896484e-01
g351,sa0,26,1,4.9993896484e-01
g432,sa0,26,1,4.9993896484e-01
g513,sa0,26,1,4.9993896484e-01
II5507,sa1,1,1,6.2500000000e-02
II6065,sa1,30,0,2.8610229492e-05
II6273,sa0,30,0,2.8610229492e-05
g840_II6273_A,sa0,,,2.8610229492e-05
g906_II6273_B,sa0,,,2.8610229492e-05
II6524,sa1,2,1,9.3750000000e-02
II6740,sa1,1,1,6.2500000000e-02
II6750,sa0,20,1,2.1875000000e-01
g1733_II6750_A,sa0,,,2.1875000000e-01
g1494_II6750_B,sa0,,,2.1875000000e-01
II6813,sa0,2,1,1.2500000000e-01
g210_II6813_A,sa0,,,1.2500000000e-01
g2052_II6813_B,sa0,,,1.2500000000e-01
II7172,sa1,4,1,6.2500000000e-02
II7181,sa1,1,1,2.5000000000e-01
II7443,sa0,30,0,4.5776367188e-04
g2973_II7443_A,sa0,,,4.5776367188e-04
g1701_II7443_B,sa0,,,4.5776367188e-04
II7452,sa0,8,1,1.2500000000e-01
g3226_II7452_A,sa0,,,1.2500000000e-01
g1106_II7452_B,sa0,,,1.2500000000e-01
II7460,sa1,30,0,2.8610229492e-05
II7505,sa1,30,0,2.8610229492e-05
II7532,sa1,30,0,2.8610229492e-05
II8243,sa1,30,0,7.1525573730e-06
II8253,sa0,30,0,7.1525573730e-06
g2454_II8253_A,sa0,,,7.1525573730e-06
g3825_II8253_B,sa0,,,7.1525573730e-06
II8504,sa1,3,1,2.1875000000e-01
II9071,sa1,4,1,5.8593750000e-02
II9152,sa1,3,1,2.1875000000e-01
II9170,sa1,1,1,3.1250000000e-02
II9233,sa1,4,1,1.8750000000e-01
II9242,sa1,1,1,3.1250000000e-02
II7009_II7010_B,sa1,2,1,1.8750000000e-01
g4700_II10017_A,sa1,2,1,3.1250000000e-02
g2226_II10060_B,sa1,8,1,2.3437500000e-01
g2522_II10224_A,sa1,1,1,1.5625000000e-02
II10327_II10329_B,sa1,1,1,2.5000000000e-01
II10359_II10360_B,sa1,1,1,1.9531250000e-03
g2100_II10745_A,sa1,1,1,4.8828125000e-04
g2734_II11110_A,sa1,1,1,2.5000000000e-01
g2712_II11122_B,sa1,1,1,2.5000000000e-01
II11614_II11616_B,sa1,22,1,1.5716552734e-03
II12550_II12552_B,sa1,15,1,7.1716308594e-04
g1142_II13016_B,sa1,1,1,2.4414062500e-04
g190,sa0,12,1,4.9804687500e-01
g117,sa1,1,1,2.5000000000e-01
g108,sa1,1,1,2.5000000000e-01
II8019,sa1,30,0,6.2516593933e-01
II8028,sa1,30,0,1.5154480934e-04
II8046,sa1,30,0,2.3863464594e-04
II8064,sa1,30,0,7.7041685581e-03
II8109,sa1,14,1,1.5673828125e-01
II8127,sa1,30,0,1.3885498047e-03
g225,sa1,4,1,2.5003051758e-01
g306,sa1,4,1,2.5003051758e-01
g216,sa1,4,1,2.5003051758e-01
g243,sa1,4,1,2.5003051758e-01
g324,sa1,4,1,2.5003051758e-01
g405,sa1,4,1,2.5003051758e-01
g252,sa1,4,1,2.5003051758e-01
g333,sa1,4,1,2.5003051758e-01
g414,sa1,4,1,2.5003051758e-01
g540,sa1,4,1,2.5003051758e-01
II8460,sa1,30,0,6.2542247772e-01
II8523,sa1,30,0,2.8920173645e-04
II8613,sa1,30,0,2.5299750268e-04
g207,sa1,1,1,5.0000000000e-01
II9261,sa1,14,1,4.2724609375e-04
g234,sa1,2,1,1.2500000000e-01
g315,sa1,2,1,1.2500000000e-01
g154,sa0,4,1,2.8127670288e-01
g162,sa1,13,1,4.9806308001e-01
g118,sa0,1,1,5.0000000000e-01
g180,sa1,2,1,6.1035156250e-05
g126,sa1,1,1,5.0000000000e-01
g730,sa0,4,1,2.5003051758e-01
g703,sa0,2,1,6.1035156250e-05
II5398,sa1,,,6.1035156250e-05
g702,sa0,,,6.1035156250e-05
g550,sa0,20,1,4.9951171875e-01
g261,sa1,20,1,4.9951171875e-01
g342,sa1,20,1,4.9951171875e-01
g423,sa1,20,1,4.9951171875e-01
g270,sa1,26,1,4.9993896484e-01
g504,sa1,26,1,4.9993896484e-01
g351,sa1,26,1,4.9993896484e-01
g432,sa1,26,1,4.9993896484e-01
g513,sa1,26,1,4.9993896484e-01
II6066,sa1,30,0,2.8610229492e-05
g901,sa0,1,1,5.0000000000e-01
II6273,sa1,30,0,2.8610229492e-05
II6741,sa1,1,1,6.2500000000e-02
II6750,sa1,30,0,5.2032470703e-02
II6813,sa1,1,1,6.2500000000e-02
II6904,sa0,2,1,1.8750000000e-01
g2105_II6904_A,sa0,,,1.8750000000e-01
g1838_II6904_B,sa0,,,1.8750000000e-01
II7138,sa0,2,1,1.2500000000e-01
g2404_II7138_A,sa0,,,1.2500000000e-01
g2397_II7138_B,sa0,,,1.2500000000e-01
II7156,sa0,2,1,5.0000000000e-01
g2331_II7156_A,sa0,,,5.0000000000e-01
g929_II7156_B,sa0,,,5.0000000000e-01
II7173,sa1,3,1,5.4687500000e-02
II7443,sa1,30,0,4.5776367188e-04
II7452,sa1,1,1,1.5625000000e-02
II7461,sa1,30,0,2.8610229492e-05
II7533,sa1,30,0,2.8610229492e-05
II8119,sa0,4,1,7.0312500000e-02
g1904_II8119_A,sa0,,,7.0312500000e-02
g3220_II8119_B,sa0,,,7.0312500000e-02
II8164,sa0,4,1,7.0312500000e-02
g1943_II8164_A,sa0,,,7.0312500000e-02
g3231_II8164_B,sa0,,,7.0312500000e-02
II8244,sa1,30,0,7.1525573730e-06
II8253,sa1,30,0,7.1525573730e-06
II8326,sa0,30,0,2.8610229492e-05
g2011_II8326_A,sa0,,,2.8610229492e-05
g2721_II8326_B,sa0,,,2.8610229492e-05
II8470,sa0,30,0,7.1525573730e-06
g2525_II8470_A,sa0,,,7.1525573730e-06
g2821_II8470_B,sa0,,,7.1525573730e-06
II8605,sa0,30,0,7.1525573730e-06
g2487_II8605_A,sa0,,,7.1525573730e-06
g2764_II8605_B,sa0,,,7.1525573730e-06
II9153,sa1,1,1,3.1250000000e-02
II9171,sa1,2,1,9.3750000000e-02
II9181,sa0,6,1,2.5000000000e-01
g4231_II9181_A,sa0,,,2.5000000000e-01
g2007_II9181_B,sa0,,,2.5000000000e-01
II9234,sa1,4,1,1.8750000000e-01
II9243,sa1,3,1,2.1875000000e-01
g8111_II15040_B,sa0,2,1,6.1035156250e-05
II7009_II7011_B,sa1,2,1,1.8750000000e-01
g4700_II10018_A,sa1,2,1,3.1250000000e-02
g4910_II10060_A,sa1,2,1,1.5625000000e-02
g2226_II10062_A,sa1,2,1,1.5625000000e-02
II10359_II10361_B,sa1,1,1,1.9531250000e-03
II10625_II10626_B,sa1,28,1,3.2806396484e-03
II10818_II10820_B,sa1,10,1,2.4975585938e-01
g3062_II11115_B,sa1,1,1,2.5000000000e-01
g2712_II11124_A,sa1,1,1,2.5000000000e-01
g3062_II11142_B,sa1,1,1,2.5000000000e-01
II11156_II11157_B,sa1,1,1,2.5000000000e-01
II11750_II11751_B,sa1,4,1,2.7465820313e-04
II12078_II12080_B,sa1,30,0,3.7597656250e-02
g1142_II13018_A,sa1,9,1,1.2475585938e-01
g1061_II13800_B,sa1,1,1,3.0517578125e-05
g190,sa1,12,1,4.9804687500e-01
g803,sa0,7,1,2.5781250000e-01
II8029,sa1,30,0,2.6159733534e-04
g145,sa1,1,1,2.5000000000e-01
II8209,sa1,14,1,5.4687500000e-02
g560,sa0,4,1,2.5003051758e-01
II8461,sa1,30,0,8.0513954163e-04
II8524,sa1,30,0,2.5299750268e-04
II8551,sa1,30,0,6.2525892258e-01
g812,sa0,7,1,2.5781250000e-01
g235,sa1,2,1,1.2500000000e-01
g316,sa1,2,1,1.2500000000e-01
g146,sa0,3,1,1.2504577637e-01
g154,sa1,4,1,2.8127670288e-01
g118,sa1,1,1,5.0000000000e-01
g181,sa1,2,1,6.1035156250e-05
g730,sa1,4,1,2.5003051758e-01
g703,sa1,2,1,6.1035156250e-05
II5398,sa0,,,6.1035156250e-05
g702,sa1,,,6.1035156250e-05
g550,sa1,20,1,4.9951171875e-01
g281,sa0,26,1,4.9993896484e-01
g362,sa0,26,1,4.9993896484e-01
g443,sa0,26,1,4.9993896484e-01
g524,sa0,26,1,4.9993896484e-01
II8363,sa0,7,1,1.0937500000e-01
II9029,sa0,30,0,3.3497810364e-04
II9038,sa0,20,1,3.6573410034e-04
II9047,sa0,30,0,2.4247169495e-04
II5519,sa0,2,1,1.2500000000e-01
g1087_II5519_A,sa0,,,1.2500000000e-01
g1098_II5519_B,sa0,,,1.2500000000e-01
g911,sa0,1,1,5.0000000000e-01
II6257,sa0,30,0,2.8610229492e-05
g837_II6257_A,sa0,,,2.8610229492e-05
g901_II6257_B,sa0,,,2.8610229492e-05
g901,sa1,1,1,5.0000000000e-01
II6274,sa1,30,0,2.8610229492e-05
II6751,sa1,4,1,5.4687500000e-02
II6814,sa1,1,1,6.2500000000e-02
II6842,sa0,2,1,1.2500000000e-01
g205_II6842_A,sa0,,,1.2500000000e-01
g2016_II6842_B,sa0,,,1.2500000000e-01
II6904,sa1,2,1,1.2500000000e-01
II6923,sa0,4,1,2.5000000000e-01
g1728_II6923_A,sa0,,,2.5000000000e-01
g33_II6923_B,sa0,,,2.5000000000e-01
II6940,sa1,1,1,6.2500000000e-02
II7085,sa0,6,1,4.8437500000e-01
g1753_II7085_A,sa0,,,4.8437500000e-01
g1918_II7085_B,sa0,,,4.8437500000e-01
II7138,sa1,1,1,6.2500000000e-02
II7148,sa0,5,1,2.4218750000e-01
g799_II7148_A,sa0,,,2.4218750000e-01
g1974_II7148_B,sa0,,,2.4218750000e-01
II7156,sa1,1,1,2.5000000000e-01
II7174,sa1,2,1,1.8750000000e-01
II7436,sa0,30,0,2.8610229492e-05
g2517_II7436_A,sa0,,,2.8610229492e-05
g3822_II7436_B,sa0,,,2.8610229492e-05
II7444,sa1,30,0,4.5776367188e-04
II7453,sa1,1,1,1.5625000000e-02
II7480,sa1,30,0,2.8610229492e-05
II7616,sa0,30,0,4.5776367188e-04
g3008_II7616_A,sa0,,,4.5776367188e-04
g1721_II7616_B,sa0,,,4.5776367188e-04
II8119,sa1,2,1,4.6875000000e-02
II8164,sa1,4,1,7.0312500000e-02
II8245,sa1,30,0,7.1525573730e-06
II8254,sa1,30,0,7.1525573730e-06
II8326,sa1,30,0,2.8610229492e-05
II8470,sa1,30,0,7.1525573730e-06
II8560,sa1,30,0,7.1525573730e-06
II8605,sa1,30,0,7.1525573730e-06
II9181,sa1,5,1,2.4218750000e-01
II9235,sa1,2,1,6.2500000000e-02
g8131_II15040_A,sa0,2,1,6.1035156250e-05
g4910_II10061_A,sa1,2,1,1.5625000000e-02
g2253_II10071_B,sa1,14,1,2.4804687500e-01
g1118_II10361_A,sa1,6,1,1.2304687500e-01
II10625_II10627_B,sa1,28,1,3.2806396484e-03
g5520_II10900_A,sa1,1,1,2.5000000000e-01
g3062_II11117_A,sa1,1,1,2.5000000000e-01
g3052_II11135_B,sa1,1,1,2.5000000000e-01
g3062_II11144_A,sa1,1,1,2.5000000000e-01
II11156_II11158_B,sa1,1,1,2.5000000000e-01
II11750_II11752_B,sa1,4,1,2.7465820313e-04
g1061_II13802_A,sa1,11,1,6.2469482422e-02
g291,sa0,1,1,5.0000000000e-01
II5356,sa1,,,5.0000000000e-01
g3837,sa0,,,5.0000000000e-01
II7314,sa1,,,5.0000000000e-01
g2916,sa0,,,5.0000000000e-01
II6646,sa1,,,5.0000000000e-01
g2246_II6646_A,sa0,,,5.0000000000e-01
g372,sa0,1,1,5.0000000000e-01
II5359,sa1,,,5.0000000000e-01
g3839,sa0,,,5.0000000000e-01
II7320,sa1,,,5.0000000000e-01
g2927,sa0,,,5.0000000000e-01
II6663,sa1,,,5.0000000000e-01
g2246_II6663_A,sa0,,,5.0000000000e-01
g453,sa0,1,1,5.0000000000e-01
II5362,sa1,,,5.0000000000e-01
g3841,sa0,,,5.0000000000e-01
II7326,sa1,,,5.0000000000e-01
g2940,sa0,,,5.0000000000e-01
II6686,sa1,,,5.0000000000e-01
g2246_II6686_A,sa0,,,5.0000000000e-01
g534,sa0,1,1,5.0000000000e-01
II5365,sa1,,,5.0000000000e-01
g3843,sa0,,,5.0000000000e-01
II7332,sa1,,,5.0000000000e-01
g2947,sa0,,,5.0000000000e-01
II6695,sa1,,,5.0000000000e-01
g2246_II6695_A,sa0,,,5.0000000000e-01
g803,sa1,7,1,2.5781250000e-01
g822,sa0,7,1,5.0000000000e-01
g137,sa1,1,1,2.5000000000e-01
II8057,sa1,30,0,6.1392784119e-04
II8237,sa1,14,1,2.7343750000e-02
g228,sa0,4,1,2.5003051758e-01
g309,sa0,4,1,2.5003051758e-01
g390,sa0,4,1,2.5003051758e-01
g471,sa0,4,1,2.5003051758e-01
g237,sa0,4,1,2.5003051758e-01
g318,sa0,4,1,2.5003051758e-01
g219,sa0,4,1,2.5003051758e-01
g246,sa0,4,1,2.5003051758e-01
g480,sa0,4,1,2.5003051758e-01
g560,sa1,4,1,2.5003051758e-01
g327,sa0,4,1,2.5003051758e-01
g381,sa0,4,1,2.5003051758e-01
g408,sa0,4,1,2.5003051758e-01
g462,sa0,4,1,2.5003051758e-01
II8417,sa1,30,0,8.7738037109e-04
II8552,sa1,30,0,2.2084359080e-04
II8642,sa1,30,0,5.0011754036e-01
g812,sa1,7,1,2.5781250000e-01
g236,sa1,2,1,1.2500000000e-01
g317,sa1,2,1,1.2500000000e-01
g146,sa1,3,1,1.2504577637e-01
g138,sa0,1,1,5.0000000000e-01
g174,sa0,30,0,4.9905459024e-01
g182,sa1,2,1,6.1035156250e-05
g642,sa0,2,1,6.1035156250e-05
II5377,sa1,,,6.1035156250e-05
g635,sa0,,,6.1035156250e-05
g741,sa0,30,0,3.5964870453e-01
g714,sa0,4,1,2.5003051758e-01
g570,sa0,20,1,4.9951171875e-01
g255,sa0,20,1,4.9951171875e-01
g336,sa0,20,1,4.9951171875e-01
g417,sa0,20,1,4.9951171875e-01
g264,sa0,20,1,4.9951171875e-01
g345,sa0,20,1,4.9951171875e-01
g426,sa0,20,1,4.9951171875e-01
g507,sa0,26,1,4.9993896484e-01
g281,sa1,26,1,4.9993896484e-01
g362,sa1,26,1,4.9993896484e-01
g443,sa1,26,1,4.9993896484e-01
g524,sa1,26,1,4.9993896484e-01
II5519,sa1,1,1,6.2500000000e-02
II5619,sa0,2,1,6.2500000000e-02
g1092_II5619_A,sa0,,,6.2500000000e-02
g1130_II5619_B,sa0,,,6.2500000000e-02
g921,sa0,1,1,5.0000000000e-01
g911,sa1,1,1,5.0000000000e-01
g831,sa0,3,1,6.1988714151e-05
II6257,sa1,30,0,2.8610229492e-05
g840,sa0,3,1,6.1988714151e-05
II6275,sa1,30,0,2.8610229492e-05
II6752,sa1,11,1,1.6406250000e-01
II6815,sa1,1,1,6.2500000000e-02
II6842,sa1,1,1,6.2500000000e-02
II6905,sa1,1,1,6.2500000000e-02
II6923,sa1,1,1,6.2500000000e-02
II6941,sa1,1,1,1.2500000000e-01
II7068,sa0,2,1,2.5000000000e-01
g1639_II7068_A,sa0,,,2.5000000000e-01
g1643_II7068_B,sa0,,,2.5000000000e-01
II7085,sa1,4,1,1.2500000000e-01
II7139,sa1,1,1,6.2500000000e-02
II7148,sa1,5,1,1.2500000000e-01
II7157,sa1,1,1,2.5000000000e-01
II7239,sa0,4,1,2.5000000000e-01
g1658_II7239_A,sa0,,,2.5000000000e-01
g2134_II7239_B,sa0,,,2.5000000000e-01
II7428,sa0,10,1,1.2500000000e-01
g3222_II7428_A,sa0,,,1.2500000000e-01
g1541_II7428_B,sa0,,,1.2500000000e-01
II7436,sa1,30,0,2.8610229492e-05
II7445,sa1,30,0,4.5776367188e-04
II7454,sa1,3,1,1.0937500000e-01
II7616,sa1,30,0,4.5776367188e-04
II8165,sa1,0,1,0.0000000000e+00
II8255,sa1,30,0,7.1525573730e-06
II8327,sa1,30,0,2.8610229492e-05
II8471,sa1,30,0,7.1525573730e-06
II8606,sa1,30,0,7.1525573730e-06
II8660,sa1,30,0,7.1525573730e-06
II9057,sa0,30,0,7.4707031250e-02
g4059_II9057_A,sa0,,,7.4707031250e-02
g1504_II9057_B,sa0,,,7.4707031250e-02
II9182,sa1,5,1,2.4218750000e-01
II9381,sa0,16,1,2.4218750000e-01
g4062_II9381_A,sa0,,,2.4218750000e-01
g1908_II9381_B,sa0,,,2.4218750000e-01
g1421_g2014_A,sa0,1,1,1.2500000000e-01
g8111_II15051_B,sa0,2,1,6.1035156250e-05
II6133_II6134_B,sa1,30,0,2.8610229492e-05
II6232_II6233_B,sa1,30,0,2.8610229492e-05
II7510_II7511_B,sa1,30,0,4.5776367188e-04
g1929_II10001_A,sa1,1,1,3.9062500000e-03
g2253_II10073_A,sa1,2,1,1.9531250000e-03
g3019_II10305_B,sa1,1,1,2.5000000000e-01
II10743_II10744_B,sa1,9,1,2.4951171875e-01
II10923_II10924_B,sa1,1,1,2.5000000000e-01
II11094_II11095_B,sa1,1,1,2.5000000000e-01
g5491_II11101_A,sa1,1,1,2.5000000000e-01
g3052_II11137_A,sa1,1,1,2.5000000000e-01
g3038_II11151_A,sa1,1,1,2.5000000000e-01
II11184_II11185_B,sa1,1,1,2.5000000000e-01
g1045_II11551_A,sa1,7,1,6.2011718750e-02
II11841_II11842_B,sa1,7,1,2.4804687500e-01
II14244_II14245_B,sa1,1,1,1.5258789063e-05
g291,sa1,1,1,5.0000000000e-01
II5356,sa0,,,5.0000000000e-01
g3837,sa1,,,5.0000000000e-01
II7314,sa0,,,5.0000000000e-01
g2916,sa1,,,5.0000000000e-01
II6646,sa0,,,5.0000000000e-01
g2246_II6646_A,sa1,,,5.0000000000e-01
g372,sa1,1,1,5.0000000000e-01
II5359,sa0,,,5.0000000000e-01
g3839,sa1,,,5.0000000000e-01
II7320,sa0,,,5.0000000000e-01
g2927,sa1,,,5.0000000000e-01
II6663,sa0,,,5.0000000000e-01
g2246_II6663_A,sa1,,,5.0000000000e-01
g453,sa1,1,1,5.0000000000e-01
II5362,sa0,,,5.0000000000e-01
g3841,sa1,,,5.0000000000e-01
II7326,sa0,,,5.0000000000e-01
g2940,sa1,,,5.0000000000e-01
II6686,sa0,,,5.0000000000e-01
g2246_II6686_A,sa1,,,5.0000000000e-01
g534,sa1,1,1,5.0000000000e-01
II5365,sa0,,,5.0000000000e-01
g3843,sa1,,,5.0000000000e-01
II7332,sa0,,,5.0000000000e-01
g2947,sa1,,,5.0000000000e-01
II6695,sa0,,,5.0000000000e-01
g2246_II6695_A,sa1,,,5.0000000000e-01
g822,sa1,7,1,5.0000000000e-01
g129,sa1,1,1,2.5000000000e-01
II8058,sa1,30,0,2.3750029504e-04
II8157,sa1,30,0,1.1596679688e-03
g228,sa1,4,1,2.5003051758e-01
g309,sa1,4,1,2.5003051758e-01
g390,sa1,4,1,2.5003051758e-01
g471,sa1,4,1,2.5003051758e-01
g237,sa1,4,1,2.5003051758e-01
g318,sa1,4,1,2.5003051758e-01
g580,sa0,4,1,2.5003051758e-01
g219,sa1,4,1,2.5003051758e-01
g246,sa1,4,1,2.5003051758e-01
g480,sa1,4,1,2.5003051758e-01
g327,sa1,4,1,2.5003051758e-01
g381,sa1,4,1,2.5003051758e-01
g408,sa1,4,1,2.5003051758e-01
g462,sa1,4,1,2.5003051758e-01
II8418,sa1,30,0,2.9313564301e-04
II8436,sa1,30,0,2.4414062500e-04
g544,sa0,4,1,2.5003051758e-01
II8490,sa1,30,0,3.3569335938e-04
II8643,sa1,30,0,2.5554001331e-04
g273,sa1,2,1,1.2500000000e-01
g354,sa1,2,1,1.2500000000e-01
g435,sa1,2,1,1.2500000000e-01
g543,sa1,2,1,1.2500000000e-01
g516,sa1,2,1,1.2500000000e-01
II9534,sa1,30,0,4.2480468750e-02
g138,sa1,1,1,5.0000000000e-01
g174,sa1,30,0,4.9905459024e-01
g183,sa1,2,1,6.1035156250e-05
g642,sa1,2,1,6.1035156250e-05
II5377,sa0,,,6.1035156250e-05
g635,sa1,,,6.1035156250e-05
g741,sa1,30,0,3.8354492188e-01
g714,sa1,4,1,2.5003051758e-01
g652,sa0,2,1,6.1035156250e-05
g724,sa0,2,1,6.1035156250e-05
II5401,sa1,,,6.1035156250e-05
g723,sa0,,,6.1035156250e-05
g661,sa0,3,1,1.2504577637e-01
g706,sa0,3,1,1.2504577637e-01
g553,sa0,20,1,4.9951171875e-01
g570,sa1,20,1,4.9951171875e-01
g255,sa1,20,1,4.9951171875e-01
g336,sa1,20,1,4.9951171875e-01
g417,sa1,20,1,4.9951171875e-01
g264,sa1,20,1,4.9951171875e-01
g345,sa1,20,1,4.9951171875e-01
g426,sa1,20,1,4.9951171875e-01
g507,sa1,26,1,4.9993896484e-01
II5619,sa1,1,1,3.1250000000e-02
g921,sa1,1,1,5.0000000000e-01
g831,sa1,3,1,6.1988714151e-05
II6258,sa1,30,0,2.8610229492e-05
g840,sa1,3,1,6.1988714151e-05
II6538,sa0,2,1,5.0000000000e-01
g2555_II6538_A,sa0,,,5.0000000000e-01
g2557_II6538_B,sa0,,,5.0000000000e-01
II6843,sa1,1,1,6.2500000000e-02
II6906,sa1,1,1,1.2500000000e-01
II6916,sa0,2,1,1.8750000000e-01
g2360_II6916_A,sa0,,,1.8750000000e-01
g1732_II6916_B,sa0,,,1.8750000000e-01
II6924,sa1,1,1,6.2500000000e-02
II7068,sa1,1,1,1.2500000000e-01
II7086,sa1,3,1,1.0937500000e-01
II7149,sa1,4,1,1.1718750000e-01
II7158,sa1,1,1,2.5000000000e-01
II7186,sa0,4,1,5.0000000000e-01
g2353_II7186_A,sa0,,,5.0000000000e-01
g1834_II7186_B,sa0,,,5.0000000000e-01
II7239,sa1,2,1,1.2500000000e-01
II7428,sa1,2,1,1.1718750000e-02
II7437,sa1,30,0,2.8610229492e-05
II7609,sa0,30,0,2.8610229492e-05
g2471_II7609_A,sa0,,,2.8610229492e-05
g3771_II7609_B,sa0,,,2.8610229492e-05
II7617,sa1,30,0,4.5776367188e-04
II8166,sa1,4,1,7.0312500000e-02
II8328,sa1,30,0,2.8610229492e-05
II8338,sa0,30,0,4.5776367188e-04
g2966_II8338_A,sa0,,,4.5776367188e-04
g1698_II8338_B,sa0,,,4.5776367188e-04
II8392,sa0,9,1,4.8437500000e-01
g2949_II8392_A,sa0,,,4.8437500000e-01
g1925_II8392_B,sa0,,,4.8437500000e-01
II8472,sa1,30,0,7.1525573730e-06
II8536,sa0,30,0,7.1525573730e-06
g2506_II8536_A,sa0,,,7.1525573730e-06
g2798_II8536_B,sa0,,,7.1525573730e-06
II8581,sa0,30,0,7.1525573730e-06
g2498_II8581_A,sa0,,,7.1525573730e-06
g2777_II8581_B,sa0,,,7.1525573730e-06
II8607,sa1,30,0,7.1525573730e-06
II8635,sa0,30,0,7.1525573730e-06
g2481_II8635_A,sa0,,,7.1525573730e-06
g2743_II8635_B,sa0,,,7.1525573730e-06
II8940,sa1,4,1,1.1718750000e-01
II9057,sa1,30,0,1.3275146484e-02
II9183,sa1,1,1,7.8125000000e-03
II9381,sa1,2,1,1.5625000000e-02
g1021_g3225_A,sa0,30,0,6.1812877655e-02
g1000_g6270_A,sa0,30,0,3.3486902714e-02
g58_II13220_A,sa0,0,1,0.0000000000e+00
g1030_II14366_B,sa0,30,0,1.1985778809e-01
g8131_II15051_A,sa0,2,1,6.1035156250e-05
II6133_II6135_B,sa1,30,0,2.8610229492e-05
II6232_II6234_B,sa1,30,0,2.8610229492e-05
II7510_II7512_B,sa1,30,0,4.5776367188e-04
g2174_II10017_B,sa1,6,1,2.1875000000e-01
g2256_II10080_A,sa1,2,1,9.7656250000e-04
g3019_II10307_A,sa1,1,1,2.5000000000e-01
g2573_II10320_B,sa1,1,1,2.5000000000e-01
II10743_II10745_B,sa1,9,1,2.4951171875e-01
II10923_II10925_B,sa1,1,1,2.5000000000e-01
g2210_II10980_B,sa1,20,1,2.4975585938e-01
II11094_II11096_B,sa1,1,1,2.5000000000e-01
g5491_II11102_A,sa1,1,1,2.5000000000e-01
II11184_II11186_B,sa1,1,1,2.5000000000e-01
II11549_II11550_B,sa1,1,1,4.8828125000e-04
g6112_II11750_A,sa1,30,0,3.7390136719e-01
II11841_II11843_B,sa1,7,1,2.4804687500e-01
II12179_II12180_B,sa1,5,1,2.4218750000e-01
II14244_II14246_B,sa1,1,1,1.5258789063e-05
g806,sa0,7,1,2.5781250000e-01
g580,sa1,4,1,2.5003051758e-01
g275,sa0,4,1,2.5003051758e-01
g536,sa0,4,1,2.5003051758e-01
II8437,sa1,30,0,2.1066889167e-04
g356,sa0,4,1,2.5003051758e-01
II8455,sa1,30,0,2.3221969604e-04
g437,sa0,4,1,2.5003051758e-01
g544,sa1,4,1,2.5003051758e-01
II8491,sa1,30,0,2.9796361923e-04
g518,sa0,4,1,2.5003051758e-01
II8617,sa1,15,1,6.2536621094e-01
II9166,sa1,7,1,2.1875000000e-01
g292,sa1,2,1,1.2500000000e-01
g373,sa1,2,1,1.2500000000e-01
g454,sa1,2,1,1.2500000000e-01
g535,sa1,2,1,1.2500000000e-01
g274,sa1,2,1,1.2500000000e-01
g355,sa1,2,1,1.2500000000e-01
g436,sa1,2,1,1.2500000000e-01
g517,sa1,2,1,1.2500000000e-01
II9535,sa1,30,0,4.2480468750e-02
g158,sa0,1,1,5.0000000000e-01
g184,sa1,2,1,6.1035156250e-05
g652,sa1,2,1,6.1035156250e-05
g724,sa1,2,1,6.1035156250e-05
II5401,sa0,,,6.1035156250e-05
g723,sa1,,,6.1035156250e-05
g661,sa1,3,1,1.2504577637e-01
g706,sa1,3,1,1.2504577637e-01
g751,sa1,2,1,6.1035156250e-05
g734,sa0,4,1,2.5003051758e-01
g553,sa1,20,1,4.9951171875e-01
g563,sa0,20,1,4.9951171875e-01
g284,sa0,26,1,4.9993896484e-01
g365,sa0,26,1,4.9993896484e-01
g446,sa0,26,1,4.9993896484e-01
g527,sa0,26,1,4.9993896484e-01
II6259,sa1,30,0,2.8610229492e-05
II6538,sa1,1,1,2.5000000000e-01
II6844,sa1,1,1,6.2500000000e-02
II6916,sa1,2,1,1.2500000000e-01
II6925,sa1,2,1,1.8750000000e-01
II7069,sa1,1,1,1.2500000000e-01
II7087,sa1,2,1,3.7500000000e-01
II7186,sa1,1,1,1.2500000000e-01
g815,sa0,7,1,5.0000000000e-01
II7268,sa0,2,1,5.0000000000e-01
g2486_II7268_A,sa0,,,5.0000000000e-01
g955_II7268_B,sa0,,,5.0000000000e-01
II7277,sa0,4,1,5.0000000000e-01
g2497_II7277_A,sa0,,,5.0000000000e-01
g1898_II7277_B,sa0,,,5.0000000000e-01
II7429,sa1,1,1,1.5625000000e-02
II7438,sa1,30,0,2.8610229492e-05
II7466,sa0,30,0,4.5776367188e-04
g2982_II7466_A,sa0,,,4.5776367188e-04
g1704_II7466_B,sa0,,,4.5776367188e-04
II7538,sa0,30,0,4.5776367188e-04
g2996_II7538_A,sa0,,,4.5776367188e-04
g1715_II7538_B,sa0,,,4.5776367188e-04
II7574,sa0,30,0,4.5776367188e-04
g2999_II7574_A,sa0,,,4.5776367188e-04
g1718_II7574_B,sa0,,,4.5776367188e-04
II7609,sa1,30,0,2.8610229492e-05
II7618,sa1,30,0,4.5776367188e-04
II8338,sa1,30,0,4.5776367188e-04
II8392,sa1,3,1,6.2500000000e-02
II8536,sa1,30,0,7.1525573730e-06
II8581,sa1,30,0,7.1525573730e-06
II8635,sa1,30,0,7.1525573730e-06
II8680,sa1,30,0,7.1525573730e-06
II9058,sa1,21,1,1.3488769531e-02
II9194,sa0,5,1,2.5000000000e-01
g4252_II9194_A,sa0,,,2.5000000000e-01
g1652_II9194_B,sa0,,,2.5000000000e-01
II9382,sa1,1,1,7.8125000000e-03
g8111_II15017_B,sa0,2,1,6.1035156250e-05
g8342_II15020_B,sa0,2,1,6.1035156250e-05
g8042_II15040_C,sa0,2,1,6.1035156250e-05
g8111_II15071_B,sa0,2,1,6.1035156250e-05
g7920_II15100_B,sa0,2,1,6.1035156250e-05
g8342_II15101_B,sa0,2,1,6.1035156250e-05
II6170_II6171_B,sa1,30,0,2.8610229492e-05
g831_II6201_A,sa1,30,0,2.8610229492e-05
g210_II6813_A,sa1,1,1,6.2500000000e-02
II7214_II7215_B,sa1,5,1,2.5000000000e-01
II7421_II7422_B,sa1,30,0,2.8610229492e-05
II8132_II8133_B,sa1,2,1,9.3750000000e-02
II8150_II8151_B,sa1,1,1,3.1250000000e-02
II8510_II8511_B,sa1,30,0,7.1525573730e-06
g4839_II10000_A,sa1,1,1,3.9062500000e-03
g1949_II10010_A,sa1,1,1,3.9062500000e-03
g2174_II10019_A,sa1,2,1,3.1250000000e-02
II10078_II10079_B,sa1,16,1,2.4902343750e-01
g5470_II10305_A,sa1,1,1,2.5000000000e-01
g2573_II10322_A,sa1,1,1,2.5000000000e-01
g2039_II10820_A,sa1,1,1,2.4414062500e-04
II10834_II10835_B,sa1,1,1,2.5000000000e-01
II10906_II10907_B,sa1,1,1,2.5000000000e-01
g2210_II10982_A,sa1,2,1,2.4414062500e-04
g5522_II11108_A,sa1,1,1,2.5000000000e-01
g5517_II11122_A,sa1,1,1,2.5000000000e-01
g3052_II11156_B,sa1,1,1,2.5000000000e-01
g3038_II11170_B,sa1,1,1,2.5000000000e-01
II11549_II11551_B,sa1,1,1,4.8828125000e-04
g1122_II11574_B,sa1,1,1,9.7656250000e-04
g6112_II11751_A,sa1,30,0,3.2720947266e-01
II12179_II12181_B,sa1,5,1,2.4218750000e-01
II12832_II12833_B,sa1,30,0,3.6132812500e-02
g933,sa0,3,1,5.0000000000e-01
g806,sa1,7,1,2.5781250000e-01
g825,sa0,7,1,5.0000000000e-01
II8078,sa1,30,0,6.4073931426e-03
II8186,sa1,1,1,3.9062500000e-03
g249,sa0,4,1,2.5003051758e-01
g483,sa0,4,1,2.5003051758e-01
g384,sa0,4,1,2.5003051758e-01
g275,sa1,4,1,2.5003051758e-01
g465,sa0,4,1,2.5003051758e-01
g536,sa1,4,1,2.5003051758e-01
g356,sa1,4,1,2.5003051758e-01
g492,sa0,4,1,2.5003051758e-01
II8456,sa1,30,0,2.7674250305e-04
g437,sa1,4,1,2.5003051758e-01
g518,sa1,4,1,2.5003051758e-01
II8528,sa1,17,1,6.2548828125e-01
II8546,sa1,30,0,3.7781614810e-04
II8573,sa1,30,0,5.6298780441e-01
II8618,sa1,30,1,4.8398971558e-04
g950,sa1,2,1,3.7500000000e-01
g293,sa1,2,1,1.2500000000e-01
g374,sa1,2,1,1.2500000000e-01
g455,sa1,2,1,1.2500000000e-01
g158,sa1,1,1,5.0000000000e-01
g185,sa1,2,1,6.1035156250e-05
g168,sa0,1,1,5.0000000000e-01
g681,sa0,4,1,2.5003051758e-01
g636,sa0,2,1,6.1035156250e-05
II5371,sa1,,,6.1035156250e-05
g633,sa0,,,6.1035156250e-05
g734,sa1,4,1,2.5003051758e-01
g752,sa1,2,1,6.1035156250e-05
g591,sa0,20,1,4.9951171875e-01
g563,sa1,20,1,4.9951171875e-01
g573,sa0,20,1,4.9951171875e-01
g258,sa0,20,1,4.9951171875e-01
g339,sa0,20,1,4.9951171875e-01
g267,sa0,20,1,4.9951171875e-01
g348,sa0,20,1,4.9951171875e-01
g429,sa0,20,1,4.9951171875e-01
g284,sa1,26,1,4.9993896484e-01
g365,sa1,26,1,4.9993896484e-01
g446,sa1,26,1,4.9993896484e-01
g527,sa1,26,1,4.9993896484e-01
II5757,sa0,30,1,1.1718750000e-01
g852,sa0,3,1,6.1988714151e-05
g843,sa0,3,1,6.1988714151e-05
g834,sa0,3,1,6.1988714151e-05
g906,sa0,1,1,5.0000000000e-01
II6539,sa1,1,1,2.5000000000e-01
g195,sa0,2,1,1.2500000000e-01
g186,sa0,2,1,1.2500000000e-01
II6774,sa0,4,1,6.2500000000e-02
g2386_II6774_A,sa0,,,6.2500000000e-02
g1134_II6774_B,sa0,,,6.2500000000e-02
II6917,sa1,1,1,6.2500000000e-02
II7179,sa0,2,1,5.0000000000e-01
g2351_II7179_A,sa0,,,5.0000000000e-01
g795_II7179_B,sa0,,,5.0000000000e-01
II7187,sa1,2,1,3.7500000000e-01
g815,sa1,7,1,5.0000000000e-01
II7268,sa1,1,1,2.5000000000e-01
II7277,sa1,1,1,1.2500000000e-01
II7466,sa1,30,0,4.5776367188e-04
II7485,sa0,30,0,4.5776367188e-04
g2989_II7485_A,sa0,,,4.5776367188e-04
g1708_II7485_B,sa0,,,4.5776367188e-04
II7538,sa1,30,0,4.5776367188e-04
II7574,sa1,30,0,4.5776367188e-04
II8339,sa1,30,0,4.5776367188e-04
II8393,sa1,2,1,4.6875000000e-02
II8537,sa1,30,0,7.1525573730e-06
II8582,sa1,30,0,7.1525573730e-06
II8636,sa1,30,0,7.1525573730e-06
II9059,sa1,25,1,2.0507812500e-01
II9069,sa0,16,1,6.2500000000e-02
g4400_II9069_A,sa0,,,6.2500000000e-02
g1149_II9069_B,sa0,,,6.2500000000e-02
II9194,sa1,4,1,2.3437500000e-01
II9276,sa0,3,1,2.5000000000e-01
g2533_II9276_A,sa0,,,2.5000000000e-01
g4313_II9276_B,sa0,,,2.5000000000e-01
II9383,sa1,4,1,2.3437500000e-01
g1102_g3226_A,sa1,3,1,3.1982421875e-02
g1231_g4160_A,sa0,14,1,1.8750000000e-01
g8131_II15017_A,sa0,2,1,1.2207031250e-04
g8131_II15071_A,sa0,2,1,1.2207031250e-04
g921_II6102_B,sa1,30,0,2.8610229492e-05
II6170_II6172_B,sa1,30,0,2.8610229492e-05
g831_II6202_A,sa1,30,0,2.8610229492e-05
g210_II6814_A,sa1,1,1,6.2500000000e-02
II7214_II7216_B,sa1,1,1,2.5000000000e-01
II7421_II7423_B,sa1,30,0,2.8610229492e-05
II8119_II8120_B,sa1,2,1,4.6875000000e-02
II8132_II8134_B,sa1,2,1,9.3750000000e-02
II8150_II8152_B,sa1,1,1,3.1250000000e-02
II8510_II8512_B,sa1,30,0,7.1525573730e-06
g4821_II10009_B,sa1,1,1,3.9062500000e-03
g1916_II10142_B,sa1,0,1,0.0000000000e+00
g4707_II10142_A,sa1,30,0,2.3437500000e-01
g5470_II10306_A,sa1,1,1,2.5000000000e-01
g1514_II10625_B,sa1,22,1,3.3721923828e-03
II10834_II10836_B,sa1,1,1,2.5000000000e-01
II10906_II10908_B,sa1,1,1,2.5000000000e-01
g5522_II11109_A,sa1,1,1,2.5000000000e-01
g5517_II11123_A,sa1,1,1,2.5000000000e-01
g3052_II11158_A,sa1,1,1,2.5000000000e-01
g3038_II11172_A,sa1,1,1,2.5000000000e-01
g1122_II11576_A,sa1,7,1,1.2402343750e-01
II12832_II12834_B,sa1,30,0,3.6132812500e-02
g871,sa0,3,1,5.0000000000e-01
g933,sa1,3,1,5.0000000000e-01
g825,sa1,7,1,5.0000000000e-01
II8079,sa1,30,0,4.8915186198e-03
g249,sa1,4,1,2.5003051758e-01
g483,sa1,4,1,2.5003051758e-01
g384,sa1,4,1,2.5003051758e-01
g465,sa1,4,1,2.5003051758e-01
g492,sa1,4,1,2.5003051758e-01
II8529,sa1,30,1,4.8398971558e-04
II8547,sa1,30,0,2.9796361923e-04
II8574,sa1,30,1,4.8398971558e-04
g196,sa0,1,1,5.0000000000e-01
g187,sa0,1,1,5.0000000000e-01
g951,sa1,2,1,3.7500000000e-01
g393,sa1,2,1,1.2500000000e-01
g474,sa1,2,1,1.2500000000e-01
g294,sa1,2,1,1.2500000000e-01
g375,sa1,2,1,1.2500000000e-01
g456,sa1,2,1,1.2500000000e-01
g727,sa0,8,1,5.0000000000e-01
g168,sa1,1,1,5.0000000000e-01
g691,sa0,2,1,6.1035156250e-05
II5389,sa1,,,6.1035156250e-05
g690,sa0,,,6.1035156250e-05
g681,sa1,4,1,2.5003051758e-01
g636,sa1,2,1,6.1035156250e-05
II5371,sa0,,,6.1035156250e-05
g633,sa1,,,6.1035156250e-05
g655,sa0,2,1,6.1035156250e-05
II5383,sa1,,,6.1035156250e-05
g647,sa0,,,6.1035156250e-05
g718,sa0,4,1,2.5003051758e-01
g673,sa0,4,1,2.5003051758e-01
g753,sa1,2,1,6.1035156250e-05
g547,sa0,20,1,4.9951171875e-01
g591,sa1,20,1,4.9951171875e-01
g573,sa1,20,1,4.9951171875e-01
g258,sa1,20,1,4.9951171875e-01
g339,sa1,20,1,4.9951171875e-01
g267,sa1,20,1,4.9951171875e-01
g348,sa1,20,1,4.9951171875e-01
g429,sa1,20,1,4.9951171875e-01
g970,sa0,2,1,7.8125000000e-03
g943,sa0,1,1,1.2500000000e-01
II5695,sa0,30,0,1.1569595337e-01
g1513_II5695_A,sa0,,,1.1569595337e-01
g1524_II5695_B,sa0,,,1.1569595337e-01
g852,sa1,3,1,6.1988714151e-05
g916,sa0,1,1,5.0000000000e-01
g843,sa1,3,1,6.1988714151e-05
g834,sa1,3,1,6.1988714151e-05
g906,sa1,1,1,5.0000000000e-01
g195,sa1,2,1,1.2500000000e-01
II6739,sa0,2,1,1.2500000000e-01
g195_II6739_A,sa0,,,1.2500000000e-01
g1970_II6739_B,sa0,,,1.2500000000e-01
g186,sa1,2,1,1.2500000000e-01
II6757,sa0,2,1,1.2500000000e-01
g186_II6757_A,sa0,,,1.2500000000e-01
g1983_II6757_B,sa0,,,1.2500000000e-01
II6774,sa1,1,1,1.5625000000e-02
II6918,sa1,1,1,1.2500000000e-01
II7179,sa1,1,1,2.5000000000e-01
II7188,sa1,1,1,1.2500000000e-01
II7269,sa1,1,1,2.5000000000e-01
II7278,sa1,2,1,3.7500000000e-01
II7459,sa0,30,0,2.8610229492e-05
g2506_II7459_A,sa0,,,2.8610229492e-05
g3815_II7459_B,sa0,,,2.8610229492e-05
II7467,sa1,30,0,4.5776367188e-04
II7485,sa1,30,0,4.5776367188e-04
II7539,sa1,30,0,4.5776367188e-04
II7567,sa0,30,0,2.8610229492e-05
g2481_II7567_A,sa0,,,2.8610229492e-05
g3780_II7567_B,sa0,,,2.8610229492e-05
II7575,sa1,30,0,4.5776367188e-04
II7891,sa0,30,0,1.6406250000e-01
g2979_II7891_A,sa0,,,1.6406250000e-01
g1499_II7891_B,sa0,,,1.6406250000e-01
II8394,sa1,3,1,4.3750000000e-01
II8538,sa1,30,0,7.1525573730e-06
II8583,sa1,30,0,7.1525573730e-06
II8637,sa1,30,0,7.1525573730e-06
II9069,sa1,1,1,3.9062500000e-03
II9169,sa0,3,1,1.2500000000e-01
g1935_II9169_A,sa0,,,1.2500000000e-01
g4244_II9169_B,sa0,,,1.2500000000e-01
II9195,sa1,4,1,2.3437500000e-01
II9276,sa1,2,1,1.8750000000e-01
II9475,sa0,16,1,4.8437500000e-01
g4038_II9475_A,sa0,,,4.8437500000e-01
g1942_II9475_B,sa0,,,4.8437500000e-01
II9547,sa0,2,1,2.5000000000e-01
g1952_II9547_A,sa0,,,2.5000000000e-01
g4307_II9547_B,sa0,,,2.5000000000e-01
II9691,sa0,30,0,5.8593750000e-02
g5096_II9691_A,sa0,,,5.8593750000e-02
g1037_II9691_B,sa0,,,5.8593750000e-02
II9745,sa0,30,0,1.1718750000e-01
g4826_II9745_A,sa0,,,1.1718750000e-01
g1549_II9745_B,sa0,,,1.1718750000e-01
II9826,sa0,30,0,2.2979736328e-02
g4729_II9826_A,sa0,,,2.2979736328e-02
g1509_II9826_B,sa0,,,2.2979736328e-02
g1304_g7220_A,sa0,8,1,2.4902343750e-01
g1300_g4073_A,sa1,1,1,1.2500000000e-01
g1041_g6042_A,sa1,2,1,3.1250000000e-01
g5418_II13220_C,sa0,0,1,0.0000000000e+00
g1170_II13553_C,sa0,10,1,6.2438964844e-02
g8363_II15020_A,sa0,2,1,1.2207031250e-04
g8042_II15051_C,sa0,2,1,6.1035156250e-05
g8111_II15082_B,sa0,2,1,6.1035156250e-05
g8181_II15100_D,sa0,2,1,6.1035156250e-05
g8363_II15101_A,sa0,2,1,6.1035156250e-05
g8111_II15109_B,sa0,2,1,6.1035156250e-05
g7920_II15111_B,sa0,2,1,6.1035156250e-05
g8342_II15112_B,sa0,2,1,6.1035156250e-05
II5505_II5506_B,sa1,4,1,5.8593750000e-02
g921_II6104_A,sa1,30,0,2.8610229492e-05
II6522_II6523_B,sa1,1,1,3.1250000000e-02
II7138_II7140_B,sa1,1,1,6.2500000000e-02
II7503_II7504_B,sa1,30,0,2.8610229492e-05
II8119_II8121_B,sa1,2,1,4.6875000000e-02
II8502_II8503_B,sa1,3,1,3.1250000000e-02
g4707_II10143_A,sa1,5,1,2.4218750000e-01
g1916_II10144_A,sa1,5,1,2.4218750000e-01
II10196_II10197_B,sa1,1,1,1.5625000000e-02
g5552_II10360_A,sa1,30,0,5.8593750000e-02
g5314_II10625_A,sa1,30,0,1.1871337891e-02
g1514_II10627_A,sa1,30,0,6.2622070313e-02
g2752_II10901_A,sa1,1,1,2.5000000000e-01
g2340_II10952_B,sa1,22,1,2.4987792969e-01
II10952_II10953_B,sa1,22,1,2.4987792969e-01
g2511_II11078_B,sa1,24,1,2.4993896484e-01
II11078_II11079_B,sa1,24,1,2.4993896484e-01
g5481_II11115_A,sa1,1,1,2.5000000000e-01
g5473_II11150_A,sa1,1,1,2.5000000000e-01
g3029_II11163_B,sa1,1,1,2.5000000000e-01
II11177_II11178_B,sa1,1,1,2.5000000000e-01
g1462_II12550_B,sa1,4,1,8.5449218750e-04
g7244_II13600_A,sa1,1,1,2.4414062500e-04
II13638_II13640_B,sa1,30,0,4.7851562500e-02
g926,sa0,1,1,5.0000000000e-01
g962,sa0,2,1,7.8125000000e-03
g971,sa0,2,1,7.8125000000e-03
g287,sa0,1,1,5.0000000000e-01
g368,sa0,1,1,5.0000000000e-01
g449,sa0,1,1,5.0000000000e-01
g871,sa1,3,1,5.0000000000e-01
g809,sa0,7,1,2.5781250000e-01
g782,sa0,3,1,5.0000000000e-01
II8089,sa1,30,0,4.7469139099e-04
II8296,sa1,20,1,2.7343750000e-02
g584,sa0,4,1,2.5003051758e-01
g278,sa0,4,1,2.5003051758e-01
g359,sa0,4,1,2.5003051758e-01
g557,sa0,4,1,2.5003051758e-01
II8593,sa1,30,0,2.5592994690e-01
g196,sa1,1,1,5.0000000000e-01
g187,sa1,1,1,5.0000000000e-01
g952,sa1,2,1,3.7500000000e-01
g295,sa1,2,1,1.2500000000e-01
g376,sa1,2,1,1.2500000000e-01
g457,sa1,2,1,1.2500000000e-01
g583,sa1,2,1,1.2500000000e-01
g394,sa1,2,1,1.2500000000e-01
g475,sa1,2,1,1.2500000000e-01
g556,sa1,2,1,1.2500000000e-01
g727,sa1,8,1,5.0000000000e-01
g863,sa0,5,1,2.1879577637e-01
g691,sa1,2,1,6.1035156250e-05
II5389,sa0,,,6.1035156250e-05
g690,sa1,,,6.1035156250e-05
g746,sa0,30,0,4.3652343750e-01
g655,sa1,2,1,6.1035156250e-05
II5383,sa0,,,6.1035156250e-05
g647,sa1,,,6.1035156250e-05
g718,sa1,4,1,2.5003051758e-01
g665,sa0,3,1,1.2504577637e-01
g673,sa1,4,1,2.5003051758e-01
g754,sa1,2,1,6.1035156250e-05
g547,sa1,20,1,4.9951171875e-01
II5695,sa1,30,0,6.2469482422e-02
g916,sa1,1,1,5.0000000000e-01
II6739,sa1,1,1,6.2500000000e-02
II6757,sa1,1,1,6.2500000000e-02
II6775,sa1,1,1,1.5625000000e-02
II7279,sa1,1,1,1.2500000000e-01
II7459,sa1,30,0,2.8610229492e-05
II7468,sa1,30,0,4.5776367188e-04
II7478,sa0,30,0,2.8610229492e-05
g2502_II7478_A,sa0,,,2.8610229492e-05
g3808_II7478_B,sa0,,,2.8610229492e-05
II7486,sa1,30,0,4.5776367188e-04
II7567,sa1,30,0,2.8610229492e-05
II7576,sa1,30,0,4.5776367188e-04
II7891,sa1,30,0,2.6611328125e-02
II7937,sa0,8,1,6.2500000000e-02
g3614_II7937_A,sa0,,,6.2500000000e-02
g1138_II7937_B,sa0,,,6.2500000000e-02
II8558,sa0,30,0,7.1525573730e-06
g2502_II8558_A,sa0,,,7.1525573730e-06
g2790_II8558_B,sa0,,,7.1525573730e-06
II9169,sa1,2,1,9.3750000000e-02
II9196,sa1,1,1,1.5625000000e-02
II9277,sa1,1,1,6.2500000000e-02
II9475,sa1,2,1,3.1250000000e-02
II9547,sa1,1,1,1.2500000000e-01
II9691,sa1,1,1,1.9531250000e-03
II9745,sa1,0,1,0.0000000000e+00
II9826,sa1,30,0,6.6375732422e-03
II9953,sa0,7,1,1.2500000000e-01
g2131_II9953_A,sa0,,,1.2500000000e-01
g4831_II9953_B,sa0,,,1.2500000000e-01
g1021_g1690_A,sa0,2,1,2.3437500000e-02
g1416_g2014_B,sa0,1,1,1.2500000000e-01
g3492_II14302_B,sa0,30,0,2.7618408203e-02
g8407_II15020_C,sa0,2,1,1.2207031250e-04
g8111_II15029_B,sa0,2,1,6.1035156250e-05
g7920_II15031_B,sa0,2,1,6.1035156250e-05
g8342_II15032_B,sa0,2,1,6.1035156250e-05
g8131_II15082_A,sa0,2,1,6.1035156250e-05
g7951_II15100_A,sa0,2,1,6.1035156250e-05
g8407_II15101_C,sa0,2,1,6.1035156250e-05
g8131_II15109_A,sa0,2,1,6.1035156250e-05
II5505_II5507_B,sa1,4,1,5.8593750000e-02
II5519_II5520_B,sa1,1,1,6.2500000000e-02
g1450_g2051_B,sa1,2,1,1.2500000000e-01
II6522_II6524_B,sa1,1,1,3.1250000000e-02
II7503_II7505_B,sa1,30,0,2.8610229492e-05
II8502_II8504_B,sa1,1,1,3.1250000000e-02
g5002_g5312_B,sa1,9,1,1.0937500000e-01
II10196_II10198_B,sa1,1,1,1.5625000000e-02
g5462_II10334_A,sa1,1,1,2.5000000000e-01
g5314_II10626_A,sa1,30,0,1.9377899170e-01
g2170_II10791_A,sa1,1,1,6.1035156250e-05
II10952_II10954_B,sa1,22,1,2.4987792969e-01
g2340_II10954_A,sa1,2,1,1.2207031250e-04
g2734_II11108_B,sa1,1,1,2.5000000000e-01
g5481_II11116_A,sa1,1,1,2.5000000000e-01
g3029_II11165_A,sa1,1,1,2.5000000000e-01
II11177_II11179_B,sa1,1,1,2.5000000000e-01
g1462_II12552_A,sa1,30,0,5.8471679688e-02
g7003_II12951_A,sa1,30,0,2.1934509277e-03
g7082_II13213_B,sa1,30,0,3.5156250000e-02
g7065_II13213_A,sa1,30,0,3.5156250000e-02
II13598_II13600_B,sa1,10,1,2.4975585938e-01
g1065_II14244_B,sa1,1,1,1.5258789063e-05
g594,sa0,1,1,5.0000000000e-01
II5368,sa1,,,5.0000000000e-01
g3853,sa0,,,5.0000000000e-01
II7362,sa1,,,5.0000000000e-01
g2933,sa0,,,5.0000000000e-01
II6673,sa1,,,5.0000000000e-01
g2246_II6673_A,sa0,,,5.0000000000e-01
g926,sa1,1,1,5.0000000000e-01
g972,sa0,2,1,7.8125000000e-03
g792,sa0,3,1,5.0000000000e-01
g287,sa1,1,1,5.0000000000e-01
g368,sa1,1,1,5.0000000000e-01
g449,sa1,1,1,5.0000000000e-01
g576,sa0,1,1,5.0000000000e-01
g819,sa0,7,1,5.0000000000e-01
g945,sa0,3,1,5.0000000000e-01
g809,sa1,7,1,2.5781250000e-01
g782,sa1,3,1,5.0000000000e-01
II8288,sa1,20,1,5.4687500000e-02
g387,sa0,4,1,2.5003051758e-01
g468,sa0,4,1,2.5003051758e-01
g297,sa0,4,1,2.5003051758e-01
g584,sa1,4,1,2.5003051758e-01
g378,sa0,4,1,2.5003051758e-01
g459,sa0,4,1,2.5003051758e-01
g567,sa0,4,1,2.5003051758e-01
g486,sa0,4,1,2.5003051758e-01
g278,sa1,4,1,2.5003051758e-01
g359,sa1,4,1,2.5003051758e-01
g495,sa0,4,1,2.5003051758e-01
II8495,sa1,30,0,2.5017881393e-01
g557,sa1,4,1,2.5003051758e-01
II8594,sa1,30,0,4.9239769578e-03
g828,sa0,7,1,5.0000000000e-01
g953,sa1,2,1,3.7500000000e-01
g296,sa1,2,1,1.2500000000e-01
g377,sa1,2,1,1.2500000000e-01
g458,sa1,2,1,1.2500000000e-01
g395,sa1,2,1,1.2500000000e-01
g566,sa1,2,1,1.2500000000e-01
g476,sa1,2,1,1.2500000000e-01
g539,sa1,2,1,1.2500000000e-01
g863,sa1,5,1,2.1879577637e-01
g855,sa0,6,1,4.6878051758e-01
g179,sa1,2,1,6.1035156250e-05
g639,sa0,2,1,6.1035156250e-05
II5374,sa1,,,6.1035156250e-05
g634,sa0,,,6.1035156250e-05
g746,sa1,30,0,4.3652343750e-01
g665,sa1,3,1,1.2504577637e-01
g738,sa0,2,1,6.1035156250e-05
II5404,sa1,,,6.1035156250e-05
g722,sa0,,,6.1035156250e-05
g755,sa1,2,1,6.1035156250e-05
g963,sa0,1,1,5.0000000000e-01
II9099,sa0,30,0,1.9315779209e-03
II5598,sa0,8,1,2.1875000000e-01
g1481_II5598_A,sa0,,,2.1875000000e-01
g1489_II5598_B,sa0,,,2.1875000000e-01
II5696,sa1,26,1,6.2484741211e-02
g846,sa0,3,1,6.1988714151e-05
g990,sa0,7,1,2.8429031372e-01
g891,sa0,1,1,5.0000000000e-01
g837,sa0,3,1,6.1988714151e-05
II6758,sa1,1,1,6.2500000000e-02
II6776,sa1,2,1,4.6875000000e-02
II6876,sa0,3,1,1.8750000000e-01
g1967_II6876_A,sa0,,,1.8750000000e-01
g1910_II6876_B,sa0,,,1.8750000000e-01
II6939,sa0,3,1,1.8750000000e-01
g2161_II6939_A,sa0,,,1.8750000000e-01
g2051_II6939_B,sa0,,,1.8750000000e-01
II7478,sa1,30,0,2.8610229492e-05
II7487,sa1,30,0,4.5776367188e-04
II7568,sa1,30,0,2.8610229492e-05
II7892,sa1,4,1,2.7343750000e-02
II7937,sa1,1,1,7.8125000000e-03
II8558,sa1,30,0,7.1525573730e-06
II8658,sa0,30,0,7.1525573730e-06
g2471_II8658_A,sa0,,,7.1525573730e-06
g2724_II8658_B,sa0,,,7.1525573730e-06
II8955,sa0,16,1,1.2500000000e-01
g4246_II8955_A,sa0,,,1.2500000000e-01
g1110_II8955_B,sa0,,,1.2500000000e-01
II9278,sa1,2,1,1.8750000000e-01
II9476,sa1,1,1,1.5625000000e-02
II9548,sa1,1,1,1.2500000000e-01
II9692,sa1,1,1,1.9531250000e-03
II9746,sa1,1,1,3.9062500000e-03
II9827,sa1,30,0,6.6375732422e-03
II9953,sa1,6,1,1.2304687500e-01
II9963,sa0,7,1,1.2500000000e-01
g1938_II9963_A,sa0,,,1.2500000000e-01
g4869_II9963_B,sa0,,,1.2500000000e-01
II9980,sa1,1,1,1.9531250000e-03
g936,sa0,8,1,5.0000000000e-01
g1025_g3225_B,sa0,30,0,6.1812877655e-02
g1110_g4175_A,sa1,1,1,1.2500000000e-01
g1114_g4180_A,sa1,1,1,1.2500000000e-01
g1122_g4190_A,sa1,1,1,1.2500000000e-01
g3160_g4410_B,sa1,1,1,6.2500000000e-02
g3131_g4421_B,sa1,1,1,6.2500000000e-02
g1110_g4832_A,sa1,3,1,8.5449218750e-03
g4320_g5005_B,sa1,30,0,1.4953613281e-03
g3002_g5614_A,sa0,15,1,3.9215087891e-03
g1263_g2043_A,sa0,1,1,4.8828125000e-04
g8042_II15017_C,sa0,2,1,6.1035156250e-05
g8131_II15029_A,sa0,2,1,1.2207031250e-04
g8042_II15071_C,sa0,2,1,6.1035156250e-05
g8181_II15111_D,sa0,2,1,6.1035156250e-05
g8363_II15112_A,sa0,2,1,6.1035156250e-05
II5519_II5521_B,sa1,1,1,6.2500000000e-02
II6064_II6065_B,sa1,30,0,2.8610229492e-05
II7148_II7150_B,sa1,1,1,1.2500000000e-01
II7531_II7532_B,sa1,30,0,2.8610229492e-05
II9151_II9152_B,sa1,3,1,2.1875000000e-01
II9241_II9242_B,sa1,3,1,2.1875000000e-01
g5484_II10313_A,sa1,30,0,2.9296875000e-02
g5459_II10320_A,sa1,1,1,2.5000000000e-01
g2562_II10327_B,sa1,1,1,2.5000000000e-01
g2573_II10334_B,sa1,1,1,2.5000000000e-01
g5462_II10335_A,sa1,1,1,2.5000000000e-01
II10818_II10819_B,sa1,10,1,2.4975585938e-01
II10854_II10855_B,sa1,1,1,2.5000000000e-01
II10899_II10900_B,sa1,1,1,2.5000000000e-01
II10980_II10981_B,sa1,20,1,2.4975585938e-01
II11574_II11575_B,sa1,1,1,9.7656250000e-04
II12078_II12079_B,sa1,30,0,3.7597656250e-02
g1961_II12180_A,sa1,1,1,7.8125000000e-03
g6163_II12181_A,sa1,1,1,7.8125000000e-03
II12852_II12853_B,sa1,30,0,3.9062500000e-02
II12951_II12952_B,sa1,8,1,2.8991699219e-04
g7003_II12952_A,sa1,30,0,2.1820068359e-03
g7065_II13214_A,sa1,30,0,3.5156250000e-02
g7082_II13215_A,sa1,30,0,3.5156250000e-02
g1065_II14246_A,sa1,12,1,6.2484741211e-02
II14472_II14473_B,sa1,1,1,7.6293945313e-06
g594,sa1,1,1,5.0000000000e-01
II5368,sa0,,,5.0000000000e-01
g3853,sa1,,,5.0000000000e-01
II7362,sa0,,,5.0000000000e-01
g2933,sa1,,,5.0000000000e-01
II6673,sa0,,,5.0000000000e-01
g2246_II6673_A,sa1,,,5.0000000000e-01
g792,sa1,3,1,5.0000000000e-01
g576,sa1,1,1,5.0000000000e-01
g973,sa0,1,1,1.9531250000e-03
g775,sa0,7,1,2.5781250000e-01
g819,sa1,7,1,5.0000000000e-01
g945,sa1,3,1,5.0000000000e-01
g387,sa1,4,1,2.5003051758e-01
g468,sa1,4,1,2.5003051758e-01
g297,sa1,4,1,2.5003051758e-01
g378,sa1,4,1,2.5003051758e-01
g459,sa1,4,1,2.5003051758e-01
g567,sa1,4,1,2.5003051758e-01
g486,sa1,4,1,2.5003051758e-01
g495,sa1,4,1,2.5003051758e-01
II8496,sa1,30,0,2.0551681519e-04
II8568,sa1,30,0,2.4104118347e-04
g828,sa1,7,1,5.0000000000e-01
g954,sa1,2,1,3.7500000000e-01
g396,sa1,2,1,1.2500000000e-01
g477,sa1,2,1,1.2500000000e-01
g855,sa1,6,1,4.6878051758e-01
g685,sa0,4,1,2.5003051758e-01
g639,sa1,2,1,6.1035156250e-05
II5374,sa0,,,6.1035156250e-05
g634,sa1,,,6.1035156250e-05
g649,sa0,2,1,6.1035156250e-05
II5380,sa1,,,6.1035156250e-05
g645,sa0,,,6.1035156250e-05
g756,sa1,2,1,6.1035156250e-05
g658,sa0,2,1,6.1035156250e-05
II5386,sa1,,,6.1035156250e-05
g648,sa0,,,6.1035156250e-05
g738,sa1,2,1,6.1035156250e-05
II5404,sa0,,,6.1035156250e-05
g722,sa1,,,6.1035156250e-05
g963,sa1,1,1,5.0000000000e-01
II5598,sa1,30,0,1.0003662109e-01
II5697,sa1,26,1,6.2484741211e-02
g883,sa0,1,1,5.0000000000e-01
g846,sa1,3,1,6.1988714151e-05
g990,sa1,7,1,2.8429031372e-01
g891,sa1,1,1,5.0000000000e-01
g837,sa1,3,1,6.1988714151e-05
II6499,sa0,4,1,1.2500000000e-01
g1913_II6499_A,sa0,,,1.2500000000e-01
g1537_II6499_B,sa0,,,1.2500000000e-01
II6759,sa1,1,1,6.2500000000e-02
II6876,sa1,2,1,1.8750000000e-01
II6939,sa1,2,1,1.8750000000e-01
g955,sa0,1,1,5.0000000000e-01
II7479,sa1,30,0,2.8610229492e-05
II7569,sa1,30,0,2.8610229492e-05
II7893,sa1,18,1,1.9140625000e-01
II7938,sa1,1,1,7.8125000000e-03
II8559,sa1,30,0,7.1525573730e-06
II8658,sa1,30,0,7.1525573730e-06
II8938,sa0,10,1,1.2500000000e-01
g4239_II8938_A,sa0,,,1.2500000000e-01
g1545_II8938_B,sa0,,,1.2500000000e-01
II8955,sa1,1,1,7.8125000000e-03
II9477,sa1,4,1,4.6875000000e-01
II9549,sa1,1,1,1.2500000000e-01
II9693,sa1,5,1,6.0546875000e-02
II9747,sa1,5,1,1.2109375000e-01
II9828,sa1,30,0,1.5927124023e-01
II9946,sa0,4,1,1.2500000000e-01
g2128_II9946_A,sa0,,,1.2500000000e-01
g4905_II9946_B,sa0,,,1.2500000000e-01
II9954,sa1,1,1,1.9531250000e-03
II9963,sa1,4,1,1.1718750000e-01
g936,sa1,8,1,5.0000000000e-01
g3124_g4302_C,sa1,1,1,1.2500000000e-01
g1000_g8625_A,sa0,1,1,3.0517578125e-05
g1138_g4400_A,sa1,2,1,7.8125000000e-03
g3002_g4309_A,sa1,7,1,1.0937500000e-01
g4202_g5142_B,sa1,1,1,1.2500000000e-01
g2407_g6001_B,sa1,1,1,1.9531250000e-03
g7010_g7212_B,sa1,30,0,1.8310546875e-03
g1053_g7212_A,sa1,2,1,1.2207031250e-04
g1421_g3541_B,sa0,1,1,1.2500000000e-01
g8181_II15031_D,sa0,2,1,6.1035156250e-05
g8363_II15032_A,sa0,2,1,1.2207031250e-04
g7920_II15042_B,sa0,2,1,6.1035156250e-05
g8342_II15043_B,sa0,2,1,6.1035156250e-05
g7905_II15110_C,sa0,2,1,6.1035156250e-05
g7951_II15111_A,sa0,2,1,6.1035156250e-05
g8407_II15112_C,sa0,2,1,6.1035156250e-05
II5619_II5620_B,sa1,1,1,3.1250000000e-02
g1444_g2051_A,sa1,1,1,6.2500000000e-02
II6064_II6066_B,sa1,30,0,2.8610229492e-05
g911_II6170_B,sa1,30,0,2.8610229492e-05
II7239_II7240_B,sa1,2,1,1.2500000000e-01
II7531_II7533_B,sa1,30,0,2.8610229492e-05
g2460_g4310_B,sa1,4,1,1.2500000000e-01
II9151_II9153_B,sa1,3,1,2.1875000000e-01
II9241_II9243_B,sa1,3,1,2.1875000000e-01
g2177_II10092_B,sa1,12,1,2.4609375000e-01
g5484_II10314_A,sa1,30,0,2.9296875000e-02
g5459_II10321_A,sa1,1,1,2.5000000000e-01
g2562_II10329_A,sa1,1,1,2.5000000000e-01
g2573_II10336_A,sa1,1,1,2.5000000000e-01
g1118_II10359_B,sa1,1,1,1.9531250000e-03
g5550_II10743_A,sa1,1,1,4.8828125000e-04
g5512_II10790_A,sa1,1,1,6.1035156250e-05
II10854_II10856_B,sa1,1,1,2.5000000000e-01
II10899_II10901_B,sa1,1,1,2.5000000000e-01
g2605_II10906_B,sa1,1,1,2.5000000000e-01
II10980_II10982_B,sa1,20,1,2.4975585938e-01
g5493_II11142_A,sa1,1,1,2.5000000000e-01
g3029_II11184_B,sa1,1,1,2.5000000000e-01
II11574_II11576_B,sa1,1,1,9.7656250000e-04
g1519_II11614_B,sa1,4,1,1.7089843750e-03
g5918_II12031_A,sa1,30,0,3.2226562500e-02
II12852_II12854_B,sa1,30,0,3.9062500000e-02
II12951_II12953_B,sa1,8,1,2.8991699219e-04
II14472_II14474_B,sa1,1,1,7.6293945313e-06
g785,sa0,1,1,5.0000000000e-01
II5407,sa1,,,5.0000000000e-01
g4653,sa0,,,5.0000000000e-01
II8874,sa1,,,5.0000000000e-01
g3884,sa0,,,5.0000000000e-01
II7417,sa1,,,5.0000000000e-01
g3659_II7417_A,sa0,,,5.0000000000e-01
g973,sa1,1,1,1.9531250000e-03
g775,sa1,7,1,2.5781250000e-01
II8299,sa1,30,0,1.6693115234e-02
II8569,sa1,30,0,2.5299750268e-04
g397,sa1,2,1,1.2500000000e-01
g478,sa1,2,1,1.2500000000e-01
g677,sa0,4,1,2.5003051758e-01
g685,sa1,4,1,2.5003051758e-01
g695,sa0,2,1,6.1035156250e-05
II5392,sa1,,,6.1035156250e-05
g694,sa0,,,6.1035156250e-05
g649,sa1,2,1,6.1035156250e-05
II5380,sa0,,,6.1035156250e-05
g645,sa1,,,6.1035156250e-05
g757,sa1,2,1,6.1035156250e-05
g658,sa1,2,1,6.1035156250e-05
II5386,sa0,,,6.1035156250e-05
g648,sa1,,,6.1035156250e-05
g875,sa0,2,1,6.2500000000e-02
II5599,sa1,4,1,1.0937500000e-01
g883,sa1,1,1,5.0000000000e-01
II6499,sa1,3,1,2.7343750000e-02
II6877,sa1,1,1,6.2500000000e-02
g929,sa0,1,1,5.0000000000e-01
g866,sa0,30,0,2.9326766729e-01
g955,sa1,1,1,5.0000000000e-01
II7939,sa1,3,1,5.4687500000e-02
II8659,sa1,30,0,7.1525573730e-06
II8678,sa0,30,0,7.1525573730e-06
g2467_II8678_A,sa0,,,7.1525573730e-06
g2706_II8678_B,sa0,,,7.1525573730e-06
II8938,sa1,1,1,3.9062500000e-03
II8956,sa1,1,1,7.8125000000e-03
II9767,sa0,30,0,1.1718750000e-01
g4832_II9767_A,sa0,,,1.1718750000e-01
g1114_II9767_B,sa0,,,1.1718750000e-01
II9946,sa1,3,1,1.0937500000e-01
II9955,sa1,6,1,1.2304687500e-01
II9964,sa1,1,1,7.8125000000e-03
II9992,sa0,8,1,1.2500000000e-01
g2145_II9992_A,sa0,,,1.2500000000e-01
g4871_II9992_B,sa0,,,1.2500000000e-01
g62_g2521_B,sa0,1,1,1.2500000000e-01
g1834_g3002_B,sa1,3,1,3.7500000000e-01
g2334_g3313_A,sa1,2,1,3.1250000000e-02
g1142_g4181_A,sa1,1,1,1.2500000000e-01
g3533_g4220_A,sa1,4,1,7.8125000000e-03
g3131_g4351_B,sa1,1,1,6.2500000000e-02
g2407_g6002_B,sa1,1,1,1.5625000000e-02
g2424_g6021_B,sa1,8,1,1.2500000000e-01
g3002_g5615_B,sa0,9,1,1.1703491211e-02
g1049_g7010_A,sa1,2,1,2.4414062500e-04
g901_II6208_C,sa0,6,1,2.1362304688e-04
g911_II6209_A,sa0,6,1,2.1362304688e-04
g6664_II14302_A,sa0,2,1,3.8146972656e-05
g7905_II15030_C,sa0,2,1,1.2207031250e-04
g7951_II15031_A,sa0,2,1,1.2207031250e-04
g8407_II15032_C,sa0,2,1,1.2207031250e-04
g8042_II15082_C,sa0,2,1,6.1035156250e-05
g8042_II15109_C,sa0,2,1,6.1035156250e-05
II5619_II5621_B,sa1,1,1,3.1250000000e-02
g911_II6172_A,sa1,30,0,2.8610229492e-05
g205_II6842_A,sa1,1,1,6.2500000000e-02
II7068_II7070_B,sa1,1,1,1.2500000000e-01
II7172_II7173_B,sa1,4,1,6.2500000000e-02
II7239_II7241_B,sa1,2,1,1.2500000000e-01
II7428_II7430_B,sa1,2,1,1.1718750000e-02
II8243_II8244_B,sa1,30,0,7.1525573730e-06
g3700_g4313_B,sa1,2,1,1.2500000000e-01
II9233_II9234_B,sa1,4,1,1.8750000000e-01
g4954_II10071_A,sa1,2,1,1.9531250000e-03
g4911_II10078_A,sa1,2,1,9.7656250000e-04
g2177_II10094_A,sa1,2,1,3.9062500000e-03
g5550_II10744_A,sa1,1,1,4.8828125000e-04
g5514_II10834_A,sa1,1,1,2.5000000000e-01
g5521_II10854_A,sa1,1,1,2.5000000000e-01
II10873_II10874_B,sa1,1,1,2.5000000000e-01
g2605_II10908_A,sa1,1,1,2.5000000000e-01
g5515_II11094_A,sa1,1,1,2.5000000000e-01
g5493_II11143_A,sa1,1,1,2.5000000000e-01
g3038_II11149_B,sa1,1,1,2.5000000000e-01
g3019_II11177_B,sa1,1,1,2.5000000000e-01
g3029_II11186_A,sa1,1,1,2.5000000000e-01
g1045_II11549_B,sa1,1,1,4.8828125000e-04
g1519_II11616_A,sa1,30,0,6.1523437500e-02
g5918_II12032_A,sa1,30,0,3.2226562500e-02
g6941_II13016_A,sa1,30,0,7.3242187500e-03
g785,sa1,1,1,5.0000000000e-01
II5407,sa0,,,5.0000000000e-01
g4653,sa1,,,5.0000000000e-01
II8874,sa0,,,5.0000000000e-01
g3884,sa1,,,5.0000000000e-01
II7417,sa0,,,5.0000000000e-01
g3659_II7417_A,sa1,,,5.0000000000e-01
g786,sa0,7,1,5.0000000000e-01
II7994,sa1,28,1,1.7089843750e-03
g399,sa0,4,1,2.5003051758e-01
g489,sa0,4,1,2.5003051758e-01
II8588,sa1,30,0,3.1524151564e-04
g587,sa1,2,1,1.2500000000e-01
g398,sa1,2,1,1.2500000000e-01
g479,sa1,2,1,1.2500000000e-01
g677,sa1,4,1,2.5003051758e-01
g695,sa1,2,1,6.1035156250e-05
II5392,sa0,,,6.1035156250e-05
g694,sa1,,,6.1035156250e-05
g669,sa0,4,1,2.5003051758e-01
g588,sa0,20,1,4.9951171875e-01
g498,sa0,26,1,4.9993896484e-01
g966,sa0,1,1,5.0000000000e-01
g875,sa1,2,1,6.2500000000e-02
g849,sa0,3,1,6.1988714151e-05
II6878,sa1,1,1,1.2500000000e-01
II6996,sa0,2,1,2.5000000000e-01
g2275_II6996_A,sa0,,,2.5000000000e-01
g2242_II6996_B,sa0,,,2.5000000000e-01
g929,sa1,1,1,5.0000000000e-01
g795,sa0,1,1,5.0000000000e-01
g866,sa1,30,0,2.9938310385e-01
II8678,sa1,30,0,7.1525573730e-06
II8939,sa1,1,1,7.8125000000e-03
II8957,sa1,4,1,1.1718750000e-01
II9767,sa1,1,1,3.9062500000e-03
II9947,sa1,1,1,1.5625000000e-02
II9965,sa1,16,1,1.1718750000e-01
II9992,sa1,7,1,1.2402343750e-01
g4202_g6125_B,sa1,3,1,7.8125000000e-03
g2316_g3313_B,sa1,2,1,3.1250000000e-02
g1134_g3614_A,sa1,2,1,1.5625000000e-02
g1102_g4159_A,sa1,1,1,1.2500000000e-01
g3131_g4343_B,sa1,1,1,6.2500000000e-02
g3614_g4400_B,sa1,14,1,5.4687500000e-02
g3160_g4422_B,sa1,1,1,6.2500000000e-02
g3131_g4451_B,sa1,1,1,6.2500000000e-02
g2424_g6013_B,sa1,5,1,1.2500000000e-01
g2424_g6022_B,sa1,9,1,1.2500000000e-01
g1462_g6040_A,sa1,4,1,2.1875000000e-01
g1053_g6053_A,sa1,2,1,3.1250000000e-01
g1504_g6160_A,sa1,4,1,2.1875000000e-01
g1462_g7003_A,sa1,8,1,8.5449218750e-04
g8111_g8300_B,sa1,30,0,1.0375976563e-03
g1167_II13553_B,sa0,10,1,6.2438964844e-02
g8042_II15029_C,sa0,2,1,6.1035156250e-05
g8156_II15040_D,sa0,2,1,6.1035156250e-05
g8181_II15042_D,sa0,2,1,6.1035156250e-05
g8363_II15043_A,sa0,2,1,6.1035156250e-05
g7920_II15053_B,sa0,2,1,6.1035156250e-05
g8342_II15054_B,sa0,2,1,6.1035156250e-05
g7870_II15110_D,sa0,2,1,6.1035156250e-05
g7855_II15110_A,sa0,2,1,6.1035156250e-05
g891_II6201_B,sa1,30,0,2.8610229492e-05
g834_II6232_A,sa1,30,0,2.8610229492e-05
g205_II6843_A,sa1,1,1,6.2500000000e-02
II7172_II7174_B,sa1,1,1,6.2500000000e-02
g815_II7214_A,sa1,1,1,2.5000000000e-01
II7609_II7610_B,sa1,30,0,2.8610229492e-05
II8243_II8245_B,sa1,30,0,7.1525573730e-06
g3700_g4305_B,sa1,2,1,6.2500000000e-02
g2460_g4700_A,sa1,4,1,6.2500000000e-02
g4220_g4821_A,sa1,30,1,1.1718750000e-01
II9233_II9235_B,sa1,4,1,1.8750000000e-01
g5009_g5310_A,sa1,1,1,6.2500000000e-02
g4954_II10072_A,sa1,2,1,1.9531250000e-03
g2256_II10078_B,sa1,16,1,2.4902343750e-01
g4911_II10079_A,sa1,2,1,9.7656250000e-04
g5514_II10835_A,sa1,1,1,2.5000000000e-01
g5521_II10855_A,sa1,1,1,2.5000000000e-01
II10873_II10875_B,sa1,1,1,2.5000000000e-01
g2752_II10923_B,sa1,1,1,2.5000000000e-01
g5525_II10923_A,sa1,1,1,2.5000000000e-01
g2734_II11094_B,sa1,1,1,2.5000000000e-01
g5515_II11095_A,sa1,1,1,2.5000000000e-01
g3019_II11179_A,sa1,1,1,2.5000000000e-01
g6701_II12852_A,sa1,30,0,3.9062500000e-02
g6941_II13017_A,sa1,30,0,7.3242187500e-03
g976,sa0,1,1,1.9531250000e-03
g786,sa1,7,1,5.0000000000e-01
II7995,sa1,0,1,0.0000000000e+00
g399,sa1,4,1,2.5003051758e-01
g489,sa1,4,1,2.5003051758e-01
II8589,sa1,30,0,2.5627017021e-04
g948,sa1,2,1,3.7500000000e-01
g579,sa1,2,1,1.2500000000e-01
g778,sa0,7,1,5.0000000000e-01
g859,sa0,5,1,4.3753051758e-01
g669,sa1,4,1,2.5003051758e-01
g588,sa1,20,1,4.9951171875e-01
g498,sa1,26,1,4.9993896484e-01
g966,sa1,1,1,5.0000000000e-01
g849,sa1,3,1,6.1988714151e-05
g985,sa0,7,1,2.8429031372e-01
II6996,sa1,1,1,6.2500000000e-02
g795,sa1,1,1,5.0000000000e-01
II8679,sa1,30,0,7.1525573730e-06
II9768,sa1,1,1,3.9062500000e-03
II9948,sa1,3,1,1.0937500000e-01
II9985,sa0,9,1,2.5000000000e-01
g4836_II9985_A,sa0,,,2.5000000000e-01
g2096_II9985_B,sa0,,,2.5000000000e-01
II9993,sa1,1,1,9.7656250000e-04
g65_g2521_A,sa0,1,1,1.2500000000e-01
g1600_g7406_B,sa0,1,1,1.9531250000e-03
g1450_g1714_B,sa1,1,1,1.2500000000e-01
g1130_g2386_A,sa1,2,1,3.1250000000e-02
g1025_g1690_B,sa0,2,1,2.3437500000e-02
g1913_g3222_B,sa1,18,1,1.0546875000e-01
g1106_g4246_A,sa1,3,1,1.6357421875e-02
g3131_g4434_B,sa1,1,1,6.2500000000e-02
g4202_g5442_B,sa1,1,1,7.8125000000e-03
g1114_g5552_A,sa1,3,1,4.6386718750e-03
g1065_g6060_A,sa1,2,1,3.1250000000e-01
g1130_g6157_A,sa1,4,1,3.1250000000e-01
g1134_g6162_A,sa1,2,1,3.1250000000e-01
g1257_g2043_B,sa0,1,1,4.8828125000e-04
g7870_II15030_D,sa0,2,1,6.1035156250e-05
g7855_II15030_A,sa0,2,1,1.2207031250e-04
g7905_II15041_C,sa0,2,1,6.1035156250e-05
g7951_II15042_A,sa0,2,1,6.1035156250e-05
g8407_II15043_C,sa0,2,1,6.1035156250e-05
g8514_II15152_C,sa0,2,1,1.2207031250e-04
g1435_g1910_A,sa1,1,1,6.2500000000e-02
g843_II6170_A,sa1,30,0,2.8610229492e-05
g891_II6203_A,sa1,30,0,2.8610229492e-05
g834_II6233_A,sa1,30,0,2.8610229492e-05
II6273_II6274_B,sa1,30,0,2.8610229492e-05
II6538_II6540_B,sa1,1,1,2.5000000000e-01
II6750_II6751_B,sa1,30,0,5.2032470703e-02
II6813_II6814_B,sa1,1,1,6.2500000000e-02
g1904_g3231_B,sa1,4,1,7.0312500000e-02
g815_II7215_A,sa1,5,1,2.5000000000e-01
II7443_II7444_B,sa1,30,0,4.5776367188e-04
II7452_II7453_B,sa1,1,1,1.5625000000e-02
II7609_II7611_B,sa1,30,0,2.8610229492e-05
II8253_II8254_B,sa1,30,0,7.1525573730e-06
g3712_g4313_A,sa1,2,1,1.2500000000e-01
II8338_II8340_B,sa1,30,0,4.5776367188e-04
g4320_g4911_A,sa1,30,0,2.2460937500e-02
g1949_II10009_A,sa1,5,1,1.2109375000e-01
g4881_II10092_A,sa1,2,1,3.9062500000e-03
II10298_II10299_B,sa1,1,1,2.5000000000e-01
g2039_II10818_B,sa1,10,1,2.4975585938e-01
II10847_II10848_B,sa1,1,1,2.5000000000e-01
g5525_II10924_A,sa1,1,1,2.5000000000e-01
g2752_II10925_A,sa1,1,1,2.5000000000e-01
II10991_II10992_B,sa1,12,1,1.2496948242e-01
g2734_II11096_A,sa1,1,1,2.5000000000e-01
g5476_II11135_A,sa1,1,1,2.5000000000e-01
g5482_II11156_A,sa1,1,1,2.5000000000e-01
g5477_II11170_A,sa1,1,1,2.5000000000e-01
g6239_II11614_A,sa1,30,0,6.7329406738e-03
II11873_II11874_B,sa1,6,1,2.4609375000e-01
g5874_II12015_A,sa1,30,0,3.9062500000e-02
g5971_II12080_A,sa1,30,0,3.7597656250e-02
II12575_II12576_B,sa1,1,1,2.4414062500e-04
g6722_II12832_A,sa1,30,0,3.8085937500e-02
g6701_II12853_A,sa1,30,0,4.1015625000e-02
II13376_II13377_B,sa1,5,1,7.6293945313e-05
g7212_II13395_A,sa1,30,0,1.8310546875e-03
g976,sa1,1,1,1.9531250000e-03
g959,sa0,3,1,5.0000000000e-01
g995,sa0,8,1,2.8429031372e-01
g949,sa1,2,1,3.7500000000e-01
g778,sa1,7,1,5.0000000000e-01
g859,sa1,5,1,4.3753051758e-01
g878,sa0,1,1,5.0000000000e-01
g985,sa1,7,1,2.8429031372e-01
g896,sa0,1,1,5.0000000000e-01
II6997,sa1,1,1,1.2500000000e-01
II9769,sa1,5,1,1.2109375000e-01
II9985,sa1,8,1,2.4902343750e-01
II9994,sa1,7,1,1.2402343750e-01
g1600_g2781_A,sa1,1,1,1.9531250000e-03
g3617_g6120_A,sa0,8,1,2.5000000000e-01
g3390_g7021_A,sa1,7,1,2.5000000000e-01
g3617_g7020_A,sa0,14,1,3.7500000000e-01
g1142_g7217_A,sa1,1,1,9.7656250000e-04
g1537_g3222_A,sa1,5,1,3.5156250000e-02
g3750_g4320_B,sa1,4,1,1.9531250000e-03
g3160_g4352_B,sa1,1,1,6.2500000000e-02
g3131_g4408_B,sa1,1,1,6.2500000000e-02
g2242_g4740_A,sa1,1,1,2.5000000000e-01
g2407_g6005_B,sa1,1,1,9.7656250000e-04
g2424_g6006_B,sa1,6,1,1.2500000000e-01
g4202_g6055_B,sa1,1,1,3.9062500000e-03
g2700_g8701_A,sa1,2,1,6.1035156250e-05
g921_II6209_C,sa0,6,1,2.1362304688e-04
g7202_g7421_B,sa0,9,1,2.5000000000e-01
g7920_II15019_B,sa0,2,1,6.1035156250e-05
g8156_II15051_D,sa0,2,1,6.1035156250e-05
g8181_II15053_D,sa0,2,1,6.1035156250e-05
g8363_II15054_A,sa0,2,1,6.1035156250e-05
g7920_II15073_B,sa0,2,1,6.1035156250e-05
g8342_II15074_B,sa0,2,1,6.1035156250e-05
g8111_II15098_B,sa0,2,1,6.1035156250e-05
g7838_II15110_B,sa0,2,1,6.1035156250e-05
II5598_II5600_B,sa1,30,0,1.0003662109e-01
g849_II6102_A,sa1,30,0,2.8610229492e-05
g916_II6133_B,sa1,30,0,2.8610229492e-05
g843_II6171_A,sa1,30,0,2.8610229492e-05
g840_II6273_A,sa1,30,0,2.8610229492e-05
II6273_II6275_B,sa1,30,0,2.8610229492e-05
II6750_II6752_B,sa1,30,0,5.2032470703e-02
II6813_II6815_B,sa1,1,1,6.2500000000e-02
II7443_II7445_B,sa1,30,0,4.5776367188e-04
II7452_II7454_B,sa1,1,1,1.5625000000e-02
II8253_II8255_B,sa1,30,0,7.1525573730e-06
g3712_g4305_A,sa1,2,1,6.2500000000e-02
g5002_g5291_B,sa1,3,1,3.9062500000e-02
g4335_g5310_B,sa1,1,1,7.8125000000e-03
g5009_g5312_A,sa1,9,1,9.5703125000e-02
g4881_II10093_A,sa1,2,1,3.9062500000e-03
g4724_II10196_A,sa1,30,0,4.6875000000e-01
II10789_II10790_B,sa1,11,1,1.2493896484e-01
II10847_II10849_B,sa1,1,1,2.5000000000e-01
II10991_II10993_B,sa1,12,1,1.2496948242e-01
g5476_II11136_A,sa1,1,1,2.5000000000e-01
g5482_II11157_A,sa1,1,1,2.5000000000e-01
g5477_II11171_A,sa1,1,1,2.5000000000e-01
g6239_II11615_A,sa1,30,0,1.0253906250e-02
g1486_II11750_B,sa1,4,1,2.7465820313e-04
g2548_II11841_A,sa1,7,1,2.4804687500e-01
g2543_II11873_A,sa1,6,1,2.4609375000e-01
II11873_II11875_B,sa1,6,1,2.4609375000e-01
g5847_II12015_B,sa1,30,0,3.9062500000e-02
g5874_II12016_A,sa1,30,0,3.9062500000e-02
g5956_II12051_A,sa1,30,0,3.7109375000e-02
II12575_II12577_B,sa1,1,1,2.4414062500e-04
g1126_II12596_B,sa1,1,1,4.8828125000e-04
g6722_II12833_A,sa1,30,0,3.8085937500e-02
g2536_II12870_A,sa1,1,1,9.7656250000e-04
II13376_II13378_B,sa1,5,1,7.6293945313e-05
g7212_II13396_A,sa1,30,0,1.8310546875e-03
g7429_II13800_A,sa1,30,0,9.1552734375e-04
g959,sa1,3,1,5.0000000000e-01
g995,sa1,8,1,2.8429031372e-01
g789,sa0,7,1,5.0000000000e-01
g699,sa0,2,1,6.1035156250e-05
II5395,sa1,,,6.1035156250e-05
g698,sa0,,,6.1035156250e-05
g969,sa0,2,1,7.8125000000e-03
g878,sa1,1,1,5.0000000000e-01
g896,sa1,1,1,5.0000000000e-01
II6998,sa1,1,1,1.2500000000e-01
II9978,sa0,8,1,2.5000000000e-01
g4880_II9978_A,sa0,,,2.5000000000e-01
g2092_II9978_B,sa0,,,2.5000000000e-01
II9986,sa1,8,1,2.4902343750e-01
g1412_g2474_B,sa1,3,1,2.5000000000e-01
g3086_g4302_A,sa1,1,1,1.2500000000e-01
g3260_g4236_A,sa1,4,1,3.1250000000e-01
g1424_g4354_A,sa0,1,1,1.2500000000e-01
g3233_g4272_A,sa1,4,1,3.1250000000e-01
g3260_g4263_A,sa1,4,1,3.1250000000e-01
g3716_g6003_A,sa1,2,1,1.9531250000e-03
g3390_g7031_A,sa1,9,1,2.5000000000e-01
g7071_g7202_B,sa0,7,1,1.2402343750e-01
g6028_g7202_A,sa0,8,1,2.5000000000e-01
g1532_g1913_B,sa1,7,1,6.6406250000e-02
g2424_g3190_B,sa1,1,1,1.2500000000e-01
g1292_g4053_A,sa1,1,1,1.2500000000e-01
g2424_g4054_B,sa1,2,1,1.2500000000e-01
g1126_g4192_A,sa1,1,1,1.2500000000e-01
g2490_g3260_B,sa0,3,1,3.1250000000e-01
g3192_g4411_B,sa1,1,1,6.2500000000e-02
g3160_g4452_B,sa1,1,1,6.2500000000e-02
g2407_g5313_B,sa1,1,1,3.1250000000e-02
g1061_g6057_A,sa1,2,1,3.1250000000e-01
g3002_g6259_A,sa0,2,1,1.5625000000e-02
g1030_g8176_B,sa0,23,1,2.1838378906e-01
g8386_II15020_D,sa0,2,1,6.1035156250e-05
g7838_II15030_B,sa0,2,1,6.1035156250e-05
g7870_II15041_D,sa0,2,1,6.1035156250e-05
g7855_II15041_A,sa0,2,1,6.1035156250e-05
g7905_II15052_C,sa0,2,1,6.1035156250e-05
g7951_II15053_A,sa0,2,1,6.1035156250e-05
g8407_II15054_C,sa0,2,1,6.1035156250e-05
g8131_II15098_A,sa0,2,1,6.1035156250e-05
g7983_II15100_C,sa0,2,1,1.2207031250e-04
g8386_II15101_D,sa0,2,1,6.1035156250e-05
g8514_II15172_C,sa0,2,1,1.2207031250e-04
g852_II6064_A,sa1,30,0,2.8610229492e-05
g849_II6103_A,sa1,30,0,2.8610229492e-05
g846_II6133_A,sa1,30,0,2.8610229492e-05
g916_II6135_A,sa1,30,0,2.8610229492e-05
g901_II6257_B,sa1,30,0,2.8610229492e-05
g840_II6274_A,sa1,30,0,2.8610229492e-05
II6499_II6500_B,sa1,3,1,2.7343750000e-02
II6904_II6905_B,sa1,2,1,1.2500000000e-01
II7138_II7139_B,sa1,1,1,6.2500000000e-02
II7156_II7157_B,sa1,1,1,2.5000000000e-01
II7268_II7270_B,sa1,1,1,2.5000000000e-01
II7538_II7540_B,sa1,30,0,4.5776367188e-04
II8164_II8165_B,sa1,4,1,7.0312500000e-02
II8326_II8327_B,sa1,30,0,2.8610229492e-05
II8470_II8471_B,sa1,30,0,7.1525573730e-06
II8605_II8606_B,sa1,30,0,7.1525573730e-06
II9181_II9182_B,sa1,5,1,2.4218750000e-01
g4220_g4831_C,sa1,30,1,5.8593750000e-02
g2460_g4910_A,sa1,4,1,3.1250000000e-02
g2044_g4911_B,sa1,4,1,1.9531250000e-03
g4724_II10197_A,sa1,5,1,4.8437500000e-01
g4895_II10223_B,sa1,1,1,1.5625000000e-02
g5467_II10327_A,sa1,1,1,2.5000000000e-01
g5552_II10359_A,sa1,30,0,5.8593750000e-02
II10789_II10791_B,sa1,11,1,1.2493896484e-01
g2605_II10866_B,sa1,1,1,2.5000000000e-01
II10866_II10867_B,sa1,1,1,2.5000000000e-01
II10888_II10890_B,sa1,18,1,2.4951171875e-01
g5473_II11149_A,sa1,1,1,2.5000000000e-01
g5474_II11184_A,sa1,1,1,2.5000000000e-01
g1486_II11752_A,sa1,30,0,3.5028076172e-01
II11757_II11758_B,sa1,3,1,4.3750000000e-01
g2548_II11842_A,sa1,1,1,1.9531250000e-03
g2543_II11874_A,sa1,1,1,3.9062500000e-03
g5847_II12017_A,sa1,30,0,3.9062500000e-02
g5956_II12052_A,sa1,30,0,3.7597656250e-02
g1049_II12575_B,sa1,1,1,2.4414062500e-04
g1126_II12598_A,sa1,8,1,1.2451171875e-01
g1472_II13376_B,sa1,4,1,2.1362304688e-04
g1057_II13395_B,sa1,1,1,6.1035156250e-05
II13395_II13396_B,sa1,1,1,6.1035156250e-05
II13638_II13639_B,sa1,30,0,4.7851562500e-02
g7429_II13801_A,sa1,30,0,9.1552734375e-04
g1069_II14472_B,sa1,1,1,7.6293945313e-06
g1073_II14837_B,sa1,1,1,7.6293945313e-06
g2557_g3310_B,sa0,4,1,2.3437500000e-01
g789,sa1,7,1,5.0000000000e-01
g699,sa1,2,1,6.1035156250e-05
II5395,sa0,,,6.1035156250e-05
g698,sa1,,,6.1035156250e-05
g979,sa0,1,1,5.0000000000e-01
g799,sa0,7,1,2.5781250000e-01
II9978,sa1,7,1,2.4804687500e-01
II9987,sa1,1,1,9.7656250000e-04
g1405_g2474_A,sa1,3,1,2.5000000000e-01
g1444_g3237_A,sa0,1,1,1.2500000000e-01
g3310_g4349_B,sa0,1,1,1.2500000000e-01
g5633_g6003_B,sa1,30,1,2.9296875000e-02
g6112_g6525_A,sa0,26,1,4.5776367188e-04
g1454_g1714_A,sa1,2,1,1.2500000000e-01
g1018_g1690_C,sa0,0,1,0.0000000000e+00
g1616_g3081_B,sa1,1,1,6.2500000000e-02
g1272_g4047_A,sa1,1,1,1.2500000000e-01
g1276_g4052_A,sa1,1,1,1.2500000000e-01
g1280_g4066_A,sa1,1,1,1.2500000000e-01
g1106_g4168_A,sa1,1,1,1.2500000000e-01
g3131_g4392_B,sa1,1,1,6.2500000000e-02
g3192_g4412_B,sa1,1,1,6.2500000000e-02
g3160_g4435_B,sa1,1,1,6.2500000000e-02
g3124_g4309_B,sa1,1,1,1.5625000000e-02
g1073_g6046_A,sa1,2,1,3.7500000000e-01
g1049_g6052_A,sa1,2,1,3.1250000000e-01
g1514_g6172_A,sa1,4,1,2.1875000000e-01
g1122_g6582_A,sa1,3,1,1.7089843750e-03
g55_g6710_A,sa0,1,1,3.1250000000e-02
g1008_g6910_D,sa0,30,0,9.9639892578e-03
g8018_II14480_D,sa0,2,1,6.1035156250e-05
g8514_II14831_C,sa0,2,1,1.2207031250e-04
g8156_II15017_D,sa0,2,1,6.1035156250e-05
g8181_II15019_D,sa0,2,1,6.1035156250e-05
g8156_II15071_D,sa0,2,1,1.2207031250e-04
g8181_II15073_D,sa0,2,1,6.1035156250e-05
g8363_II15074_A,sa0,2,1,1.2207031250e-04
g7920_II15084_B,sa0,2,1,6.1035156250e-05
g8342_II15085_B,sa0,2,1,6.1035156250e-05
g8464_II15152_B,sa0,2,1,6.1035156250e-05
g8483_II15152_A,sa0,2,1,1.2207031250e-04
g852_II6065_A,sa1,30,0,2.8610229492e-05
g846_II6134_A,sa1,30,0,2.8610229492e-05
g901_II6259_A,sa1,30,0,2.8610229492e-05
II6499_II6501_B,sa1,3,1,2.7343750000e-02
g195_II6740_A,sa1,1,1,6.2500000000e-02
II6904_II6906_B,sa1,1,1,1.2500000000e-01
II7156_II7158_B,sa1,1,1,2.5000000000e-01
II7179_II7180_B,sa1,1,1,2.5000000000e-01
g2276_g4231_A,sa1,2,1,1.5625000000e-02
II8164_II8166_B,sa1,4,1,7.0312500000e-02
II8326_II8328_B,sa1,30,0,2.8610229492e-05
II8470_II8472_B,sa1,30,0,7.1525573730e-06
II8605_II8607_B,sa1,30,0,7.1525573730e-06
II9069_II9070_B,sa1,1,1,3.9062500000e-03
II9181_II9183_B,sa1,5,1,2.4218750000e-01
g5009_g5305_A,sa1,12,1,9.7549438477e-02
g4893_II10038_A,sa1,2,1,7.8125000000e-03
g4895_II10225_A,sa1,1,1,1.5625000000e-02
g2562_II10298_B,sa1,1,1,2.5000000000e-01
g5461_II10298_A,sa1,1,1,2.5000000000e-01
g5467_II10328_A,sa1,1,1,2.5000000000e-01
g2170_II10789_B,sa1,11,1,1.2493896484e-01
g2584_II10834_B,sa1,1,1,2.5000000000e-01
II10866_II10868_B,sa1,1,1,2.5000000000e-01
g2605_II10868_A,sa1,1,1,2.5000000000e-01
g5516_II10873_A,sa1,1,1,2.5000000000e-01
g2259_II10890_A,sa1,2,1,4.8828125000e-04
g5492_II10906_A,sa1,1,1,2.5000000000e-01
g5625_II10980_A,sa1,2,1,2.4414062500e-04
g5632_II10991_A,sa1,1,1,3.0517578125e-05
g5469_II11163_A,sa1,1,1,2.5000000000e-01
g5474_II11185_A,sa1,1,1,2.5000000000e-01
II11757_II11759_B,sa1,6,1,4.3750000000e-01
g6158_II11841_B,sa1,1,1,1.9531250000e-03
g5939_II12051_B,sa1,30,0,3.7109375000e-02
g1049_II12577_A,sa1,8,1,6.2255859375e-02
II12869_II12870_B,sa1,8,1,2.4902343750e-01
g1472_II13378_A,sa1,30,0,6.8359375000e-02
II13395_II13397_B,sa1,1,1,6.1035156250e-05
g1057_II13397_A,sa1,10,1,6.2438964844e-02
g7069_II13640_A,sa1,30,0,2.9296875000e-02
g1069_II14474_A,sa1,13,1,6.2492370605e-02
g1073_II14839_A,sa1,14,1,1.2499237061e-01
g979,sa1,1,1,5.0000000000e-01
g799,sa1,7,1,2.5781250000e-01
II9979,sa1,7,1,2.4804687500e-01
g1424_g3339_A,sa0,2,1,3.7500000000e-01
g3233_g4256_A,sa1,4,1,3.1250000000e-01
g3617_g6123_A,sa0,9,1,2.5000000000e-01
g1416_g1725_B,sa1,1,1,6.2500000000e-02
g1432_g1728_A,sa1,2,1,1.2500000000e-01
g2680_g4224_A,sa1,13,1,3.6621093750e-04
g2683_g4230_A,sa1,14,1,1.8310546875e-04
g1728_g3260_A,sa0,2,1,1.2500000000e-01
g3222_g4239_B,sa1,30,0,1.0546875000e-01
g3160_g4355_B,sa1,1,1,6.2500000000e-02
g3131_g4393_B,sa1,1,1,6.2500000000e-02
g3160_g4409_B,sa1,1,1,6.2500000000e-02
g3160_g4472_B,sa1,1,1,6.2500000000e-02
g2834_g4160_B,sa0,14,1,1.8750000000e-01
g4320_g4906_A,sa1,30,0,1.1230468750e-02
g1509_g5314_A,sa1,30,0,5.1002502441e-03
g2424_g5334_B,sa1,3,1,1.2500000000e-01
g1532_g5714_A,sa1,1,1,1.2500000000e-01
g1057_g6054_A,sa1,2,1,3.1250000000e-01
g1616_g6061_B,sa1,1,1,3.9062500000e-03
g4841_g6112_B,sa1,8,1,5.4931640625e-04
g5542_g6204_A,sa1,2,1,2.5000000000e-01
g6562_g7001_B,sa1,0,1,0.0000000000e+00
g8111_g8260_B,sa1,30,0,9.7656250000e-04
g906_II6208_D,sa0,6,1,2.1362304688e-04
g891_II6208_A,sa0,6,1,2.1362304688e-04
g916_II6209_B,sa0,6,1,2.1362304688e-04
g8029_II14480_C,sa0,2,1,1.2207031250e-04
g7905_II15018_C,sa0,2,1,1.2207031250e-04
g7951_II15019_A,sa0,2,1,1.2207031250e-04
g7838_II15041_B,sa0,2,1,6.1035156250e-05
g7870_II15052_D,sa0,2,1,6.1035156250e-05
g7855_II15052_A,sa0,2,1,6.1035156250e-05
g7905_II15072_C,sa0,2,1,1.2207031250e-04
g7951_II15073_A,sa0,2,1,1.2207031250e-04
g8407_II15074_C,sa0,2,1,1.2207031250e-04
g7983_II15111_C,sa0,2,1,1.2207031250e-04
g8386_II15112_D,sa0,2,1,6.1035156250e-05
g8514_II15147_C,sa0,2,1,1.2207031250e-04
g8514_II15165_C,sa0,2,1,1.2207031250e-04
II6257_II6258_B,sa1,30,0,2.8610229492e-05
II6842_II6843_B,sa1,1,1,6.2500000000e-02
g2276_g3232_B,sa1,2,1,6.2500000000e-02
II6923_II6924_B,sa1,1,1,6.2500000000e-02
II7085_II7086_B,sa1,4,1,1.2500000000e-01
II7148_II7149_B,sa1,5,1,1.2500000000e-01
II7179_II7181_B,sa1,1,1,2.5000000000e-01
II7436_II7437_B,sa1,30,0,2.8610229492e-05
II7616_II7617_B,sa1,30,0,4.5776367188e-04
II9069_II9071_B,sa1,1,1,3.9062500000e-03
g4893_II10039_A,sa1,2,1,7.8125000000e-03
g2044_g5625_A,sa1,4,1,4.8828125000e-04
g5461_II10299_A,sa1,1,1,2.5000000000e-01
g2584_II10836_A,sa1,1,1,2.5000000000e-01
g5516_II10874_A,sa1,1,1,2.5000000000e-01
g5492_II10907_A,sa1,1,1,2.5000000000e-01
g5625_II10981_A,sa1,2,1,2.4414062500e-04
g5632_II10992_A,sa1,1,1,3.0517578125e-05
g5469_II11164_A,sa1,1,1,2.5000000000e-01
g6158_II11843_A,sa1,1,1,1.9531250000e-03
g5897_II12031_B,sa1,30,0,3.2226562500e-02
g5939_II12053_A,sa1,30,0,3.7597656250e-02
g6163_II12179_B,sa1,1,1,7.8125000000e-03
g1961_II12179_A,sa1,5,1,2.4218750000e-01
II12869_II12871_B,sa1,8,1,2.4902343750e-01
g1467_II12951_B,sa1,4,1,4.2724609375e-04
II15817_II15818_B,sa1,30,0,2.5484085083e-01
II15848_II15850_B,sa1,30,0,2.5482606888e-01
II15862_II15863_B,sa1,30,0,2.5482606888e-01
II15880_II15881_B,sa1,30,0,7.1525573730e-06
II9999,sa0,7,1,2.5000000000e-01
g4839_II9999_A,sa0,,,2.5000000000e-01
g1929_II9999_B,sa0,,,2.5000000000e-01
g1182_g4374_A,sa0,1,1,1.5625000000e-02
g3591_g4232_B,sa0,1,1,2.5000000000e-01
g3260_g4284_A,sa1,4,1,3.1250000000e-01
g1435_g4263_B,sa1,2,1,1.8750000000e-01
g2490_g4812_A,sa0,4,1,2.5000000000e-01
g3617_g6115_A,sa0,7,1,2.5000000000e-01
g3390_g6611_A,sa1,4,1,2.5000000000e-01
g2424_g6460_B,sa1,2,1,2.5003051758e-01
g4403_g7713_A,sa1,30,0,5.2404403687e-04
g1409_g1725_A,sa1,1,1,2.5000000000e-01
g1481_g1733_B,sa1,18,1,1.0937500000e-01
g1612_g2935_A,sa1,3,1,4.3750000000e-01
g1541_g4239_A,sa1,4,1,1.9531250000e-02
g3728_g4320_A,sa1,4,1,1.9531250000e-03
g1087_g4333_A,sa1,1,1,1.2500000000e-01
g3131_g4385_B,sa1,1,1,6.2500000000e-02
g3192_g4423_B,sa1,1,1,6.2500000000e-02
g3723_g4901_A,sa1,2,1,6.1035156250e-05
g2728_g5005_A,sa1,4,1,1.2207031250e-04
g4400_g5096_B,sa1,30,1,5.8593750000e-02
g1541_g5436_A,sa1,1,1,1.2500000000e-01
g1037_g6039_A,sa1,2,1,3.1250000000e-01
g1069_g6043_A,sa1,2,1,3.1250000000e-01
g1472_g6045_A,sa1,4,1,2.1875000000e-01
g1045_g6049_A,sa1,2,1,3.1250000000e-01
g5317_g9021_B,sa1,30,0,1.2817382813e-03
g7983_II15031_C,sa0,2,1,1.2207031250e-04
g8386_II15032_D,sa0,2,1,6.1035156250e-05
g8156_II15082_D,sa0,2,1,6.1035156250e-05
g8181_II15084_D,sa0,2,1,6.1035156250e-05
g8363_II15085_A,sa0,2,1,6.1035156250e-05
g8042_II15098_C,sa0,2,1,6.1035156250e-05
g8156_II15109_D,sa0,2,1,6.1035156250e-05
g8464_II15172_B,sa0,2,1,6.1035156250e-05
g8483_II15172_A,sa0,2,1,1.2207031250e-04
g8514_II15175_C,sa0,2,1,1.2207031250e-04
g1439_g1910_B,sa1,2,1,1.2500000000e-01
II6257_II6259_B,sa1,30,0,2.8610229492e-05
g906_II6273_B,sa1,30,0,2.8610229492e-05
II6739_II6740_B,sa1,1,1,6.2500000000e-02
II6842_II6844_B,sa1,1,1,6.2500000000e-02
II6923_II6925_B,sa1,1,1,6.2500000000e-02
II7085_II7087_B,sa1,1,1,1.2500000000e-01
II7436_II7438_B,sa1,30,0,2.8610229492e-05
II7459_II7460_B,sa1,30,0,2.8610229492e-05
II7616_II7618_B,sa1,30,0,4.5776367188e-04
g3533_g4244_B,sa1,2,1,6.2500000000e-02
g3732_g4305_C,sa1,2,1,6.2500000000e-02
g3666_g4310_A,sa1,4,1,1.2500000000e-01
II9169_II9170_B,sa1,2,1,9.3750000000e-02
g4335_g5305_B,sa1,2,1,1.2500000000e-01
g2044_g5590_A,sa1,4,1,9.7656250000e-04
g5512_II10789_A,sa1,1,1,6.1035156250e-05
g5490_II10847_A,sa1,1,1,2.5000000000e-01
g2584_II10854_B,sa1,1,1,2.5000000000e-01
g5480_II10866_A,sa1,1,1,2.5000000000e-01
g5565_II10952_A,sa1,2,1,1.2207031250e-04
g5466_II11177_A,sa1,1,1,2.5000000000e-01
g5984_II11550_A,sa1,30,0,1.4648437500e-02
g6118_II11757_B,sa1,1,1,6.2500000000e-02
g5897_II12033_A,sa1,30,0,3.2226562500e-02
g1467_II12953_A,sa1,30,0,7.3974609375e-02
g7050_g7244_A,sa1,30,0,7.3242187500e-03
g8147_II14472_A,sa1,30,0,2.2888183594e-04
g9151_II15817_A,sa1,30,0,3.7193298340e-05
II15817_II15819_B,sa1,30,0,2.5484085083e-01
g9154_II15850_A,sa1,30,0,1.5878677368e-04
II15862_II15864_B,sa1,30,0,2.5482606888e-01
II15880_II15882_B,sa1,30,0,7.1525573730e-06
g1034_g8635_A,sa0,30,0,2.5424194336e-01
II9999,sa1,6,1,2.4609375000e-01
g1454_g3237_C,sa0,1,1,1.2500000000e-01
g2490_g4264_A,sa0,3,1,2.5000000000e-01
g1690_g4702_B,sa1,2,1,2.3437500000e-02
g3390_g7017_A,sa1,5,1,2.5000000000e-01
g1173_g7426_A,sa0,10,1,6.2438964844e-02
g1528_g1913_A,sa1,6,1,6.6406250000e-02
g1118_g4186_A,sa1,1,1,1.2500000000e-01
g3583_g4220_D,sa1,4,1,7.8125000000e-03
g3549_g4220_B,sa1,4,1,7.8125000000e-03
g3226_g4246_B,sa1,21,1,1.1450195313e-01
g3605_g4255_A,sa1,0,1,0.0000000000e+00
g2216_g4276_A,sa1,4,1,1.4062500000e-01
g3707_g4312_D,sa1,4,1,1.5625000000e-02
g3707_g4315_A,sa1,4,1,7.8125000000e-03
g3192_g4361_B,sa1,1,1,6.2500000000e-02
g3131_g4368_B,sa1,1,1,6.2500000000e-02
g3131_g4377_B,sa1,1,1,6.2500000000e-02
g3131_g4386_B,sa1,1,1,6.2500000000e-02
g3097_g4420_B,sa1,1,1,6.2500000000e-02
g3192_g4424_B,sa1,1,1,6.2500000000e-02
g4320_g4933_C,sa1,30,0,2.9907226563e-03
g1537_g5432_A,sa1,1,1,1.2500000000e-01
g3681_g4332_A,sa1,24,1,2.7236938477e-02
g1126_g6941_A,sa1,2,1,1.2207031250e-03
g5101_g7096_B,sa1,0,1,0.0000000000e+00
g7460_g7600_A,sa1,2,1,1.2500000000e-01
g8111_g8271_B,sa1,30,0,1.0375976563e-03
g8111_g8280_B,sa1,30,0,1.3427734375e-03
g2703_g8721_A,sa1,2,1,6.1035156250e-05
g5317_g9022_B,sa1,30,0,1.3427734375e-03
g5345_g9120_B,sa1,18,1,8.5449218750e-04
g5261_g9240_B,sa1,0,1,0.0000000000e+00
g5305_g6209_B,sa0,4,1,1.4062500000e-01
g7811_II14753_D,sa0,2,1,6.1035156250e-05
g7811_II14771_D,sa0,2,1,1.2207031250e-04
g8464_II14831_B,sa0,2,1,6.1035156250e-05
g8483_II14831_A,sa0,2,1,1.2207031250e-04
g8514_II14834_C,sa0,2,1,1.2207031250e-04
g7870_II15018_D,sa0,2,1,6.1035156250e-05
g7855_II15018_A,sa0,2,1,1.2207031250e-04
g8156_II15029_D,sa0,2,1,6.1035156250e-05
g7838_II15052_B,sa0,2,1,6.1035156250e-05
g7870_II15072_D,sa0,2,1,6.1035156250e-05
g7855_II15072_A,sa0,2,1,1.2207031250e-04
g7905_II15083_C,sa0,2,1,6.1035156250e-05
g7951_II15084_A,sa0,2,1,6.1035156250e-05
g8407_II15085_C,sa0,2,1,6.1035156250e-05
g906_II6275_A,sa1,30,0,2.8610229492e-05
II6739_II6741_B,sa1,1,1,6.2500000000e-02
II7068_II7069_B,sa1,1,1,1.2500000000e-01
g955_II7270_A,sa1,1,1,2.5000000000e-01
II7428_II7429_B,sa1,2,1,1.1718750000e-02
II7459_II7461_B,sa1,30,0,2.8610229492e-05
g2276_g4252_A,sa1,2,1,3.1250000000e-02
II9057_II9058_B,sa1,30,0,1.3275146484e-02
II9169_II9171_B,sa1,2,1,9.3750000000e-02
g3605_g4821_B,sa1,2,1,7.8125000000e-03
g4220_g4871_C,sa1,30,1,2.9296875000e-02
II9381_II9382_B,sa1,2,1,1.5625000000e-02
g5490_II10848_A,sa1,1,1,2.5000000000e-01
g2584_II10856_A,sa1,1,1,2.5000000000e-01
g5480_II10867_A,sa1,1,1,2.5000000000e-01
g5520_II10899_A,sa1,1,1,2.5000000000e-01
g5565_II10953_A,sa1,2,1,1.2207031250e-04
g5466_II11178_A,sa1,1,1,2.5000000000e-01
g6118_II11759_A,sa1,5,1,2.8125000000e-01
II12596_II12597_B,sa1,1,1,4.8828125000e-04
g6709_II12832_B,sa1,30,0,3.8085937500e-02
g7050_g7234_C,sa1,30,0,3.6621093750e-03
g2551_II13598_A,sa1,10,1,2.4975585938e-01
II13685_II13686_B,sa1,9,1,2.4951171875e-01
g7683_II14244_A,sa1,30,0,4.5776367188e-04
g8147_II14473_A,sa1,30,0,2.2888183594e-04
II14837_II14838_B,sa1,0,1,0.0000000000e+00
g9151_II15818_A,sa1,30,0,1.5878677368e-04
g3310_g3885_A,sa0,3,1,2.1875000000e-01
g16_g1955_B,sa0,1,1,2.5000000000e-01
g1444_g4256_B,sa1,2,1,1.8750000000e-01
g2216_g4268_A,sa1,1,1,2.5000000000e-01
g4344_g4714_A,sa1,30,0,7.4908852577e-02
g1236_g5572_B,sa0,2,1,3.7500000000e-01
g3390_g5560_A,sa1,2,1,2.5000000000e-01
g6125_g6543_A,sa0,1,1,3.9062500000e-03
g3390_g7027_A,sa1,8,1,2.5000000000e-01
g4504_g7703_B,sa1,30,0,5.4883956909e-04
g2316_g3258_B,sa1,2,1,1.5625000000e-02
g2407_g4058_B,sa1,1,1,6.2500000000e-02
g3666_g4312_A,sa1,4,1,1.5625000000e-02
g3131_g4378_B,sa1,1,1,6.2500000000e-02
g3160_g4394_B,sa1,1,1,6.2500000000e-02
g4062_g4707_B,sa1,30,0,2.3437500000e-01
g3723_g4830_B,sa1,2,1,9.7656250000e-04
g5132_g5681_A,sa1,30,0,2.3437500000e-02
g1494_g6151_A,sa1,12,1,2.1875000000e-01
g1590_g5614_B,sa0,30,0,2.7343750000e-02
g1514_g6239_A,sa1,25,1,3.3721923828e-03
g2424_g6462_B,sa1,11,1,1.2500000000e-01
g6574_g7010_B,sa1,30,0,3.6621093750e-03
g8131_g8270_B,sa1,30,0,9.7656250000e-04
g8181_g8310_B,sa1,30,0,1.0070800781e-03
g3542_g8711_A,sa1,2,1,6.1035156250e-05
g5317_g9023_B,sa1,30,0,1.2207031250e-03
g5345_g9130_B,sa1,18,1,8.5449218750e-04
g9223_g9240_A,sa1,30,0,1.0375976563e-03
g4403_g4735_C,sa0,16,1,1.2159347534e-04
g1590_g4318_B,sa0,0,1,0.0000000000e+00
g5335_g6270_B,sa0,30,0,1.2211512029e-01
g5305_g6174_B,sa0,12,1,3.2031250000e-01
g6270_g6452_A,sa0,30,0,2.5281047821e-01
g7811_II14484_D,sa0,2,1,6.1035156250e-05
g8018_II14754_D,sa0,2,1,6.1035156250e-05
g8018_II14772_D,sa0,2,1,1.2207031250e-04
g7983_II15042_C,sa0,2,1,1.2207031250e-04
g8386_II15043_D,sa0,2,1,6.1035156250e-05
g8464_II15147_B,sa0,2,1,6.1035156250e-05
g8483_II15147_A,sa0,2,1,1.2207031250e-04
g8464_II15165_B,sa0,2,1,6.1035156250e-05
g8483_II15165_A,sa0,2,1,1.2207031250e-04
g883_II6064_B,sa1,30,0,2.8610229492e-05
g2298_g3232_A,sa1,2,1,6.2500000000e-02
II9057_II9059_B,sa1,30,0,1.3275146484e-02
g3605_g4831_B,sa1,2,1,3.9062500000e-03
II9381_II9383_B,sa1,1,1,1.5625000000e-02
g2044_g5565_A,sa1,4,1,2.4414062500e-04
II12596_II12598_B,sa1,1,1,4.8828125000e-04
g6709_II12834_A,sa1,30,0,3.8085937500e-02
g6618_II12871_A,sa1,1,1,9.7656250000e-04
g7050_g7237_A,sa1,30,0,1.4648437500e-02
g2551_II13599_A,sa1,1,1,2.4414062500e-04
II13685_II13687_B,sa1,9,1,2.4951171875e-01
g7683_II14245_A,sa1,30,0,4.5776367188e-04
II14837_II14839_B,sa1,0,1,0.0000000000e+00
g1454_g3429_A,sa1,1,1,1.2500000000e-01
g3700_g4078_D,sa1,2,1,3.1250000000e-02
g4335_g4714_B,sa1,30,0,1.0157817602e-01
g5132_g5538_A,sa1,30,0,5.8593750000e-02
g1092_g2386_B,sa1,2,1,3.1250000000e-02
g2334_g3258_C,sa1,2,1,1.5625000000e-02
g1616_g3509_B,sa1,1,1,1.2500000000e-01
g1296_g4082_A,sa1,1,1,1.2500000000e-01
g2618_g4127_B,sa1,30,0,6.2035024166e-04
g1098_g4154_A,sa1,1,1,1.2500000000e-01
g3568_g4220_C,sa1,4,1,7.8125000000e-03
g2683_g4224_B,sa1,13,1,3.6621093750e-04
g2784_g4304_A,sa1,1,1,3.0517578125e-05
g3684_g4312_B,sa1,4,1,1.5625000000e-02
g3160_g4395_B,sa1,1,1,6.2500000000e-02
g3192_g4453_B,sa1,1,1,6.2500000000e-02
g1179_g4712_A,sa1,2,1,9.3750000000e-02
g1504_g4729_A,sa1,30,0,1.0040283203e-02
g4202_g4793_B,sa1,1,1,1.5625000000e-02
g2770_g4902_B,sa1,1,1,3.0517578125e-05
g1528_g5425_A,sa1,2,1,1.2500000000e-01
g1037_g5484_A,sa1,2,1,1.9531250000e-03
g1041_g5984_A,sa1,2,1,9.7656250000e-04
g1467_g6044_A,sa1,4,1,2.1875000000e-01
g5618_g6105_A,sa1,1,1,2.5000000000e-01
g2368_g4332_B,sa1,3,1,2.1362304688e-04
g4714_g5615_A,sa0,30,0,1.5957641602e-01
g1045_g6574_A,sa1,2,1,4.8828125000e-04
g4841_g7412_B,sa1,4,1,4.2724609375e-04
g4507_g7611_B,sa1,0,1,0.0000000000e+00
g1061_g7683_A,sa1,2,1,3.0517578125e-05
g4841_g8060_B,sa1,4,1,1.0681152344e-04
g1065_g8147_A,sa1,2,1,1.5258789063e-05
g8042_g8261_B,sa1,30,0,1.0375976563e-03
g8111_g8291_B,sa1,30,0,1.2817382813e-03
g8421_g8710_B,sa1,30,0,1.2817382813e-03
g2804_g8712_A,sa1,2,1,6.1035156250e-05
g5317_g9024_B,sa1,30,0,1.2207031250e-03
g5345_g9131_B,sa1,18,1,8.5449218750e-04
g5403_g9226_B,sa1,30,0,1.2210607529e-03
g9230_g9251_B,sa1,30,0,1.1596679688e-03
g5403_g6465_A,sa0,30,0,2.1167874336e-02
g4414_g4735_B,sa0,5,1,1.2207031250e-04
g5305_g6185_A,sa0,25,1,3.0848693848e-01
g7071_g7191_A,sa0,7,1,1.2402343750e-01
g7566_II14219_B,sa0,2,1,2.2888183594e-05
g7811_II14467_D,sa0,2,1,6.1035156250e-05
g8018_II14485_D,sa0,2,1,1.2207031250e-04
g8029_II14754_C,sa0,2,1,1.2207031250e-04
g8029_II14772_C,sa0,2,1,1.2207031250e-04
g7838_II15018_B,sa0,2,1,6.1035156250e-05
g7838_II15072_B,sa0,2,1,6.1035156250e-05
g7870_II15083_D,sa0,2,1,6.1035156250e-05
g7855_II15083_A,sa0,2,1,6.1035156250e-05
g8514_II15169_C,sa0,2,1,1.2207031250e-04
g8464_II15175_B,sa0,2,1,6.1035156250e-05
g8483_II15175_A,sa0,2,1,6.1035156250e-05
g883_II6066_A,sa1,30,0,2.8610229492e-05
g896_II6232_B,sa1,30,0,2.8610229492e-05
II6538_II6539_B,sa1,1,1,2.5000000000e-01
II6916_II6917_B,sa1,2,1,1.2500000000e-01
II7186_II7187_B,sa1,1,1,1.2500000000e-01
II7478_II7480_B,sa1,30,0,2.8610229492e-05
II8338_II8339_B,sa1,30,0,4.5776367188e-04
II8392_II8393_B,sa1,3,1,6.2500000000e-02
II8536_II8537_B,sa1,30,0,7.1525573730e-06
II8558_II8560_B,sa1,30,0,7.1525573730e-06
II8581_II8582_B,sa1,30,0,7.1525573730e-06
II8635_II8636_B,sa1,30,0,7.1525573730e-06
g4344_g5291_A,sa1,2,1,7.8125000000e-03
g4328_g5305_C,sa1,2,1,7.8125000000e-02
g1958_II10196_B,sa1,0,1,0.0000000000e+00
g5567_II10818_A,sa1,1,1,2.4414062500e-04
g2595_II10873_B,sa1,1,1,2.5000000000e-01
g5403_g6680_A,sa1,30,0,1.4648437500e-02
g5971_II12078_B,sa1,30,0,3.7109375000e-02
g7234_II13587_B,sa1,1,1,1.2207031250e-04
II13587_II13588_B,sa1,11,1,2.4987792969e-01
II13785_II13786_B,sa1,2,1,1.5258789063e-05
II15855_II15856_B,sa1,30,0,2.5482606888e-01
g9171_II15862_B,sa1,30,0,7.1525573730e-06
g9190_II15880_A,sa1,30,0,7.1525573730e-06
g1444_g3429_C,sa1,1,1,1.2500000000e-01
g3086_g4317_B,sa1,1,1,6.2500000000e-02
g3659_g4302_B,sa1,1,1,1.2500000000e-01
g1901_g6664_B,sa0,1,1,1.2500000000e-01
g1603_g6565_C,sa0,3,1,1.2500000000e-01
g7083_g7152_B,sa0,7,1,2.1875000000e-01
g2316_g3188_B,sa1,2,1,6.2500000000e-02
g1658_g3190_A,sa1,2,1,2.5000000000e-01
g2298_g3313_C,sa1,2,1,3.1250000000e-02
g1284_g4077_A,sa1,1,1,1.2500000000e-01
g1616_g4167_B,sa1,1,1,3.1250000000e-02
g3097_g4342_B,sa1,1,1,6.2500000000e-02
g3160_g4387_B,sa1,1,1,6.2500000000e-02
g3192_g4436_B,sa1,1,1,6.2500000000e-02
g3192_g4490_B,sa1,1,1,6.2500000000e-02
g4038_g4724_B,sa1,30,0,3.1250000000e-01
g4202_g4785_B,sa1,1,1,6.2500000000e-02
g3735_II10597_C,sa1,2,1,1.9531250000e-03
g3754_II10597_B,sa1,2,1,1.9531250000e-03
g5335_g6109_B,sa1,30,0,1.4432396740e-02
g5453_g6109_A,sa1,30,0,9.8772849888e-03
g4841_g6171_B,sa1,9,1,6.8359375000e-03
g4714_g5614_C,sa0,30,0,6.5078735352e-02
g1519_g6182_A,sa1,4,1,2.1875000000e-01
g5294_g6204_B,sa1,1,1,1.2500000000e-01
g5367_g6401_B,sa1,30,0,1.4648437500e-02
g5971_g6401_A,sa1,2,1,9.7656250000e-04
g6125_g6444_B,sa1,30,0,1.1718750000e-01
g4681_g6116_B,sa0,1,1,9.7656250000e-04
g2424_g6464_B,sa1,10,1,1.2500000000e-01
g3466_g7600_B,sa1,3,1,1.8750000000e-01
g8111_g8265_B,sa1,30,0,9.7656250000e-04
g8156_g8301_B,sa1,30,0,9.4604492188e-04
g7920_g8321_B,sa1,30,0,9.1552734375e-04
g8342_g8700_B,sa1,30,0,1.0070800781e-03
g8421_g8720_B,sa1,30,0,9.1552734375e-04
g3008_g8725_A,sa1,2,1,6.1035156250e-05
g5317_g9025_B,sa1,30,0,1.4953613281e-03
g883_II6209_D,sa0,6,1,2.1362304688e-04
g4532_g4736_A,sa0,2,1,1.2207031250e-04
g4135_g4737_A,sa0,2,1,1.2207031250e-04
g3681_g4318_A,sa0,6,1,2.7450561523e-02
g8018_II14468_D,sa0,2,1,1.2207031250e-04
g7937_II14480_A,sa0,2,1,6.1035156250e-05
g8029_II14485_C,sa0,2,1,1.2207031250e-04
g7811_II14495_D,sa0,2,1,6.1035156250e-05
g8464_II14834_B,sa0,2,1,6.1035156250e-05
g8483_II14834_A,sa0,2,1,1.2207031250e-04
g7983_II15053_C,sa0,2,1,1.2207031250e-04
g8386_II15054_D,sa0,2,1,6.1035156250e-05
g8421_g8811_B,sa0,2,1,6.1035156250e-05
g896_II6234_A,sa1,30,0,2.8610229492e-05
g837_II6257_A,sa1,30,0,2.8610229492e-05
II6916_II6918_B,sa1,1,1,1.2500000000e-01
II6939_II6940_B,sa1,2,1,1.8750000000e-01
g795_II7181_A,sa1,1,1,2.5000000000e-01
II7186_II7188_B,sa1,1,1,1.2500000000e-01
II8392_II8394_B,sa1,1,1,6.2500000000e-02
II8536_II8538_B,sa1,30,0,7.1525573730e-06
II8581_II8583_B,sa1,30,0,7.1525573730e-06
II8635_II8637_B,sa1,30,0,7.1525573730e-06
g3635_g4831_A,sa1,2,1,3.9062500000e-03
g2460_g4881_A,sa1,4,1,7.8125000000e-03
g3533_g4905_B,sa1,2,1,3.1250000000e-02
g4963_g5310_C,sa1,1,1,3.1250000000e-02
g2276_g5632_A,sa1,2,1,6.1035156250e-05
g1958_II10198_A,sa1,5,1,4.8437500000e-01
g5567_II10819_A,sa1,1,1,2.4414062500e-04
g5633_g6163_A,sa1,30,1,2.3437500000e-01
g2595_II10847_B,sa1,1,1,2.5000000000e-01
g2595_II10875_A,sa1,1,1,2.5000000000e-01
g1758_II11757_A,sa1,3,1,2.1875000000e-01
g6689_II12550_A,sa1,30,0,4.3640136719e-03
g6574_II12575_A,sa1,30,0,7.3242187500e-03
g2536_II12869_A,sa1,8,1,2.4902343750e-01
g2556_II13587_A,sa1,11,1,2.4987792969e-01
II13587_II13589_B,sa1,11,1,2.4987792969e-01
g7234_II13589_A,sa1,1,1,1.2207031250e-04
g7257_II13638_A,sa1,30,0,4.5898437500e-02
II13785_II13787_B,sa1,2,1,1.5258789063e-05
II15855_II15857_B,sa1,30,0,2.5482606888e-01
g9171_II15864_A,sa1,30,0,1.5878677368e-04
g9190_II15881_A,sa1,30,0,2.5484085083e-01
g1186_g4374_B,sa0,1,1,1.5625000000e-02
g3712_g4078_C,sa1,2,1,3.1250000000e-02
g3533_g4681_B,sa1,0,1,0.0000000000e+00
g3390_g5563_A,sa1,3,1,2.5000000000e-01
g1860_g6643_A,sa1,1,1,2.5000000000e-01
g5278_g6510_A,sa1,30,0,2.9296875000e-02
g1872_g7071_B,sa1,1,1,3.9062500000e-03
g5418_g7152_C,sa0,1,1,3.1250000000e-02
g3591_g7252_A,sa1,3,1,4.3750000000e-01
g5403_g7258_B,sa0,1,1,7.8125000000e-03
g4514_g7705_B,sa1,30,0,3.4139771014e-04
g4135_g7553_B,sa1,0,1,0.0000000000e+00
g4163_g7561_B,sa1,30,0,4.1770935059e-04
g4414_g7536_A,sa1,30,0,3.6096572876e-04
g6232_g8633_B,sa1,4,1,3.0891418457e-01
g1945_g2912_B,sa1,1,1,1.2500000000e-01
g2407_g2972_B,sa1,1,1,1.2500000000e-01
g1844_g3049_B,sa1,3,1,3.7500000000e-01
g1919_g3226_B,sa1,9,1,9.5947265625e-02
g1728_g3229_A,sa1,6,1,1.8750000000e-01
g2386_g3614_B,sa1,6,1,4.6875000000e-02
g3790_g4109_B,sa1,1,1,1.2500000000e-01
g3790_g4118_B,sa1,1,1,6.2500000000e-02
g2692_g4225_C,sa1,4,1,3.6621093750e-04
g3583_g4254_A,sa1,4,1,1.5625000000e-02
g3644_g4255_B,sa1,1,1,3.9062500000e-03
g2334_g4287_B,sa1,2,1,3.9062500000e-03
g3694_g4312_C,sa1,4,1,1.5625000000e-02
g3684_g4314_B,sa1,4,1,3.1250000000e-02
g3694_g4314_A,sa1,4,1,3.1250000000e-02
g3728_g4315_B,sa1,4,1,7.8125000000e-03
g3750_g4319_C,sa1,4,1,3.9062500000e-03
g3097_g4334_B,sa1,1,1,6.2500000000e-02
g3192_g4356_B,sa1,1,1,6.2500000000e-02
g3160_g4379_B,sa1,1,1,6.2500000000e-02
g3160_g4388_B,sa1,1,1,6.2500000000e-02
g3097_g4433_B,sa1,1,1,6.2500000000e-02
g3192_g4473_B,sa1,1,1,6.2500000000e-02
g4276_g4712_B,sa1,6,1,2.8125000000e-01
g4246_g4832_B,sa1,30,0,8.3251953125e-02
g2424_g5970_B,sa1,7,1,1.2500000000e-01
g1509_g6166_A,sa1,4,1,2.1875000000e-01
g1138_g6168_A,sa1,2,1,3.1250000000e-01
g5314_g6239_B,sa1,30,0,6.0462951660e-03
g1481_g6266_A,sa1,4,1,2.1875000000e-01
g1092_g6268_A,sa1,2,1,3.1250000000e-01
g5367_g6420_B,sa1,30,0,1.4648437500e-02
g5384_g6421_B,sa1,30,0,1.4648437500e-02
g5384_g6430_B,sa1,30,0,1.4648437500e-02
g2424_g6474_B,sa1,12,1,1.2500000000e-01
g5412_g6762_B,sa1,30,0,3.6010742188e-03
g1616_g7417_B,sa1,1,1,2.4414062500e-04
g1472_g7427_A,sa1,9,1,2.1362304688e-04
g4142_g7654_B,sa1,0,1,0.0000000000e+00
g8131_g8237_B,sa1,30,0,1.0375976563e-03
g8131_g8264_B,sa1,30,0,9.7656250000e-04
g8042_g8272_B,sa1,30,0,9.4604492188e-04
g8042_g8281_B,sa1,30,0,9.4604492188e-04
g7920_g8340_B,sa1,30,0,1.2817382813e-03
g2790_g8710_A,sa1,2,1,6.1035156250e-05
g896_II6208_B,sa0,6,1,2.1362304688e-04
g4172_g4727_B,sa0,16,1,1.2159347534e-04
g7406_g8009_B,sa0,2,1,3.8146972656e-05
g3591_g8009_A,sa0,3,1,1.6021728516e-04
g7611_g8082_C,sa0,2,1,1.2207031250e-04
g6664_II14366_C,sa0,18,1,1.9454956055e-02
g7566_II14366_A,sa0,12,1,2.2888183594e-04
g8029_II14468_C,sa0,2,1,1.2207031250e-04
g8018_II14496_D,sa0,2,1,1.2207031250e-04
g7811_II14766_D,sa0,2,1,1.2207031250e-04
g7838_II15083_B,sa0,2,1,6.1035156250e-05
g8421_g8812_B,sa0,2,1,6.1035156250e-05
g8421_g8803_B,sa0,2,1,6.1035156250e-05
g837_II6258_A,sa1,30,0,2.8610229492e-05
II6939_II6941_B,sa1,2,1,1.8750000000e-01
II7268_II7269_B,sa1,1,1,2.5000000000e-01
II7277_II7278_B,sa1,1,1,1.2500000000e-01
II7466_II7467_B,sa1,30,0,4.5776367188e-04
II7538_II7539_B,sa1,30,0,4.5776367188e-04
II7574_II7575_B,sa1,30,0,4.5776367188e-04
II8658_II8660_B,sa1,30,0,7.1525573730e-06
II9194_II9195_B,sa1,4,1,2.3437500000e-01
g4344_g5284_A,sa1,2,1,6.2500000000e-02
g2044_g5568_A,sa1,1,1,3.0517578125e-05
g3716_g6163_B,sa1,2,1,1.5625000000e-02
g2595_II10849_A,sa1,1,1,2.5000000000e-01
II10888_II10889_B,sa1,18,1,2.4951171875e-01
g2389_II10991_B,sa1,12,1,1.2496948242e-01
g1758_II11758_A,sa1,2,1,2.8125000000e-01
g6187_II11873_B,sa1,1,1,3.9062500000e-03
g6689_II12551_A,sa1,30,0,4.3640136719e-03
g6574_II12576_A,sa1,30,0,7.3242187500e-03
g2556_II13588_A,sa1,1,1,1.2207031250e-04
g7257_II13639_A,sa1,30,0,2.9296875000e-02
g7237_II13685_B,sa1,1,1,4.8828125000e-04
g8660_II14837_A,sa1,0,1,0.0000000000e+00
g9174_II15862_A,sa1,30,0,7.1525573730e-06
g9202_II15897_A,sa1,30,0,7.1525573730e-06
g1838_g3237_B,sa0,1,1,1.2500000000e-01
g3233_g4299_A,sa1,4,1,3.1250000000e-01
g3732_g4078_B,sa1,2,1,3.1250000000e-02
g3617_g4249_A,sa0,1,1,2.5000000000e-01
g4328_g4714_C,sa1,30,0,7.2166860104e-02
g1760_g4781_B,sa1,10,1,1.8920898438e-03
g4182_g4781_A,sa1,30,0,9.5062255859e-03
g1980_g4840_B,sa1,6,1,5.6250000000e-01
g3617_g5545_A,sa0,6,1,2.5000000000e-01
g5132_g5559_A,sa1,30,0,5.8593750000e-02
g1077_g2935_B,sa1,3,1,2.1875000000e-01
g2474_g2952_A,sa1,2,1,1.2500000000e-01
g2354_g3258_D,sa1,2,1,1.5625000000e-02
g1288_g4048_A,sa1,1,1,1.2500000000e-01
g2686_g4225_A,sa1,4,1,3.6621093750e-04
g3635_g4255_C,sa1,1,1,3.9062500000e-03
g2354_g4269_A,sa1,2,1,7.8125000000e-03
g3666_g4271_A,sa1,4,1,6.2500000000e-02
g3666_g4314_C,sa1,4,1,3.1250000000e-02
g2845_g4380_B,sa1,1,1,6.2500000000e-02
g3097_g4407_B,sa1,1,1,6.2500000000e-02
g2845_g4425_B,sa1,1,1,6.2500000000e-02
g1545_g4826_A,sa1,4,1,1.1718750000e-02
g1149_g5096_A,sa1,2,1,3.9062500000e-03
g1545_g5438_A,sa1,1,1,1.2500000000e-01
g1549_g5443_A,sa1,1,1,1.2500000000e-01
g4832_g5552_B,sa1,30,0,3.8574218750e-02
g4841_g5570_B,sa1,4,1,1.0937500000e-01
g1149_g6176_A,sa1,2,1,3.1250000000e-01
g5494_g6411_B,sa1,30,0,7.3242187500e-03
g5918_g6411_A,sa1,2,1,4.8828125000e-04
g5918_g6420_A,sa1,2,1,9.7656250000e-04
g2407_g6456_B,sa1,1,1,7.8125000000e-03
g1616_g6554_B,sa1,1,1,1.9531250000e-03
g1616_g7193_B,sa1,1,1,4.8828125000e-04
g7212_g7429_B,sa1,30,0,9.1552734375e-04
g1057_g7429_A,sa1,2,1,6.1035156250e-05
g3466_g7602_B,sa1,3,1,1.8750000000e-01
g8131_g8238_B,sa1,30,0,9.7656250000e-04
g8131_g8256_B,sa1,30,0,1.0375976563e-03
g8111_g8258_B,sa1,30,0,9.7656250000e-04
g8111_g8285_B,sa1,30,0,1.2817382813e-03
g7905_g8311_B,sa1,30,0,9.1552734375e-04
g7920_g8314_B,sa1,30,0,9.1552734375e-04
g7920_g8332_B,sa1,30,0,1.3427734375e-03
g8018_g8405_B,sa1,16,1,3.3569335938e-04
g8018_g8441_B,sa1,16,1,3.3569335938e-04
g8421_g8713_B,sa1,30,0,1.2817382813e-03
g3825_g8720_A,sa1,2,1,6.1035156250e-05
g2706_g8723_A,sa1,2,1,6.1035156250e-05
g8421_g8731_B,sa1,30,0,9.7656250000e-04
g2743_g8731_A,sa1,2,1,6.1035156250e-05
g8239_g9012_B,sa1,8,1,3.6621093750e-04
g9241_g9270_B,sa1,30,0,1.2207031250e-03
g4163_g4727_C,sa0,5,1,1.2207031250e-04
g4417_g4727_A,sa0,5,1,1.2207031250e-04
g4427_g4735_A,sa0,5,1,1.2207031250e-04
g1590_g6185_B,sa0,2,1,6.2500000000e-02
g6745_g7421_A,sa0,7,1,1.2402343750e-01
g6452_g8091_B,sa0,0,1,0.0000000000e+00
g7811_II14479_D,sa0,2,1,6.1035156250e-05
g8029_II14496_C,sa0,2,1,1.2207031250e-04
g8082_g8613_A,sa0,6,1,3.6621093750e-04
g7811_II14758_D,sa0,2,1,1.2207031250e-04
g8018_II14767_D,sa0,2,1,1.2207031250e-04
g7983_II15019_C,sa0,2,1,1.2207031250e-04
g7983_II15073_C,sa0,2,1,1.2207031250e-04
g8386_II15074_D,sa0,2,1,6.1035156250e-05
g8464_II15169_B,sa0,2,1,6.1035156250e-05
g8483_II15169_A,sa0,2,1,1.2207031250e-04
g195_II6739_A,sa1,1,1,6.2500000000e-02
g186_II6757_A,sa1,1,1,6.2500000000e-02
g1889_g3231_A,sa1,4,1,7.0312500000e-02
g929_II7156_B,sa1,1,1,2.5000000000e-01
II7277_II7279_B,sa1,1,1,1.2500000000e-01
II7466_II7468_B,sa1,30,0,4.5776367188e-04
II7574_II7576_B,sa1,30,0,4.5776367188e-04
g3549_g4244_A,sa1,2,1,6.2500000000e-02
II9194_II9196_B,sa1,4,1,2.3437500000e-01
g3605_g4871_B,sa1,2,1,1.9531250000e-03
g2460_g4954_B,sa1,4,1,3.9062500000e-03
g4335_g5284_B,sa1,1,1,3.1250000000e-02
g4963_g5312_C,sa1,3,1,1.0937500000e-01
g4320_g5568_C,sa1,30,0,9.1552734375e-04
g2259_II10888_B,sa1,18,1,2.4951171875e-01
g5590_II10888_A,sa1,2,1,4.8828125000e-04
g2752_II10899_B,sa1,1,1,2.5000000000e-01
g2389_II10993_A,sa1,1,1,3.0517578125e-05
g5697_II11078_A,sa1,2,1,6.1035156250e-05
g5894_II11574_A,sa1,30,0,2.9296875000e-02
g6187_II11875_A,sa1,1,1,3.9062500000e-03
g6582_II12596_A,sa1,30,0,1.4648437500e-02
g7244_II13598_B,sa1,1,1,2.4414062500e-04
g7069_II13638_B,sa1,30,0,2.9296875000e-02
g7237_II13687_A,sa1,1,1,4.8828125000e-04
g1477_II13785_B,sa1,5,1,6.1035156250e-05
g7427_II13785_A,sa1,30,0,5.9509277344e-04
g8660_II14838_A,sa1,30,0,2.2888183594e-04
g9162_II15848_A,sa1,30,0,7.1525573730e-06
g9174_II15863_A,sa1,30,0,1.5878677368e-04
g9202_II15898_A,sa1,30,0,3.5243391991e-01
g1690_g2827_B,sa1,2,1,2.3437500000e-02
g2665_g4283_B,sa0,1,1,1.2500000000e-01
g1760_g4782_B,sa1,16,1,1.9454956055e-03
g5132_g5686_A,sa1,30,0,5.8593750000e-02
g3617_g5537_A,sa0,5,1,2.5000000000e-01
g5269_g6503_A,sa1,30,0,2.9296875000e-02
g3617_g6590_A,sa0,11,1,2.5000000000e-01
g7217_g7426_B,sa0,1,1,6.1035156250e-05
g4494_g7700_B,sa1,30,0,3.4139771014e-04
g4182_g7625_B,sa1,30,0,8.6730957031e-02
g4430_g7692_B,sa1,30,0,7.3814392090e-04
g3591_g8630_C,sa0,2,1,1.3732910156e-04
g6232_g8627_A,sa1,7,1,3.9424324036e-01
g3790_g8801_B,sa0,4,1,6.7493438721e-02
g1439_g1728_B,sa1,2,1,1.2500000000e-01
g1489_g1733_A,sa1,18,1,1.0937500000e-01
g3684_g4271_B,sa1,4,1,6.2500000000e-02
g2845_g4390_B,sa1,1,1,6.2500000000e-02
g2665_g4228_B,sa1,1,1,6.2500000000e-02
g2746_g4902_C,sa1,1,1,3.0517578125e-05
g4320_g4957_C,sa1,30,0,5.6152343750e-03
g4729_g5314_B,sa1,30,0,1.2603759766e-02
g1477_g6047_A,sa1,4,1,2.1875000000e-01
g5367_g6413_B,sa1,30,0,1.4648437500e-02
g5384_g6423_B,sa1,30,0,1.4648437500e-02
g5526_g6633_A,sa1,2,1,2.5000000000e-01
g4841_g7038_B,sa1,4,1,1.7089843750e-03
g7616_g8070_B,sa1,10,1,4.8828125000e-04
g7951_g8320_B,sa1,30,0,9.4604492188e-04
g8181_g8333_B,sa1,30,0,1.3427734375e-03
g7811_g8622_B,sa1,16,1,3.6621093750e-04
g1069_g8660_A,sa1,1,1,7.6293945313e-06
g8421_g8705_B,sa1,30,0,1.3427734375e-03
g3506_g8716_A,sa1,2,1,6.1035156250e-05
g8421_g8723_B,sa1,30,0,9.1552734375e-04
g3822_g8724_A,sa1,2,1,6.1035156250e-05
g3802_g8744_A,sa1,2,1,6.1035156250e-05
g8239_g9013_B,sa1,8,1,3.6621093750e-04
g5802_g6465_B,sa0,30,0,4.2319297791e-04
g4514_g4737_C,sa0,5,1,1.2207031250e-04
g5291_g6184_B,sa0,17,1,3.2031250000e-01
g1926_g6193_A,sa0,1,1,6.2500000000e-02
g8018_II14759_D,sa0,2,1,1.2207031250e-04
g8029_II14767_C,sa0,2,1,1.2207031250e-04
g8082_g8360_C,sa0,6,1,3.6621093750e-04
g8156_II15098_D,sa0,2,1,6.1035156250e-05
g8421_g8805_B,sa0,2,1,6.1035156250e-05
g8443_g8811_A,sa0,2,1,1.2207031250e-04
g186_II6758_A,sa1,1,1,6.2500000000e-02
II6774_II6775_B,sa1,1,1,1.5625000000e-02
g929_II7158_A,sa1,1,1,2.5000000000e-01
II7485_II7486_B,sa1,30,0,4.5776367188e-04
II8938_II8940_B,sa1,1,1,3.9062500000e-03
g2460_g4893_A,sa1,4,1,1.5625000000e-02
II9276_II9277_B,sa1,2,1,1.8750000000e-01
g5590_II10889_A,sa1,2,1,4.8828125000e-04
g5697_II11079_A,sa1,2,1,6.1035156250e-05
g5894_II11575_A,sa1,30,0,2.9296875000e-02
g6582_II12597_A,sa1,30,0,1.4648437500e-02
g6695_II12852_B,sa1,30,0,4.1015625000e-02
II13598_II13599_B,sa1,10,1,2.4975585938e-01
g7427_II13786_A,sa1,30,0,7.8514099121e-02
g1477_II13787_A,sa1,30,0,6.5002441406e-02
g7611_g8092_D,sa0,2,1,1.2207031250e-04
g9148_II15817_B,sa1,30,0,3.7193298340e-05
II15848_II15849_B,sa1,30,0,2.5482606888e-01
g9162_II15849_A,sa1,30,0,1.5878677368e-04
g9203_II15897_B,sa1,30,0,7.1525573730e-06
g1179_g4374_C,sa0,1,1,1.5625000000e-02
g1690_g4691_B,sa1,2,1,2.3437500000e-02
g5874_g6510_B,sa1,1,1,9.7656250000e-04
g5269_g6504_A,sa1,30,0,2.9296875000e-02
g4160_g6577_B,sa1,30,0,3.7304687500e-01
g4176_g7614_B,sa1,30,0,3.1631663442e-02
g7367_g7700_A,sa1,30,0,6.8473815918e-04
g4172_g7564_B,sa1,30,0,3.6954879761e-04
g1860_g8625_C,sa0,1,1,3.0517578125e-05
g1087_g1919_B,sa1,3,1,6.3232421875e-02
g2618_g4276_B,sa1,4,1,1.4062500000e-01
g3549_g4282_A,sa1,2,1,3.1250000000e-02
g3728_g4319_A,sa1,4,1,3.9062500000e-03
g3097_g4391_B,sa1,1,1,6.2500000000e-02
g2845_g4454_B,sa1,1,1,6.2500000000e-02
g4202_g4789_B,sa1,1,1,3.1250000000e-02
g4288_g4830_A,sa1,30,0,1.4648437500e-02
g2668_g4235_B,sa1,1,1,6.2500000000e-02
g4288_g4901_B,sa1,30,0,9.1552734375e-04
g2728_g4902_D,sa1,1,1,3.0517578125e-05
g1616_g5458_B,sa1,1,1,7.8125000000e-03
g1118_g5894_A,sa1,3,1,2.6855468750e-03
g1849_g6107_B,sa1,1,1,1.2500000000e-01
g1590_g4927_B,sa0,3,1,5.4687500000e-02
g5847_g6421_A,sa1,2,1,9.7656250000e-04
g5874_g6430_A,sa1,2,1,9.7656250000e-04
g5494_g6431_B,sa1,30,0,1.4648437500e-02
g2424_g6567_B,sa1,13,1,1.2500000000e-01
g7003_g7199_B,sa1,30,0,9.7656250000e-04
g3466_g7604_B,sa1,3,1,1.8750000000e-01
g4150_g7658_B,sa1,30,0,9.0670585632e-04
g7634_g8062_B,sa1,10,1,5.4931640625e-04
g7460_g8075_A,sa1,2,1,6.1035156250e-05
g7634_g8080_B,sa1,10,1,5.4931640625e-04
g8042_g8257_B,sa1,30,0,1.3427734375e-03
g8042_g8266_B,sa1,30,0,1.2817382813e-03
g2157_g8266_A,sa1,2,1,6.1035156250e-05
g7905_g8304_B,sa1,30,0,9.7656250000e-04
g7920_g8307_B,sa1,30,0,9.1552734375e-04
g7870_g8312_B,sa1,30,0,9.1552734375e-04
g7920_g8361_B,sa1,30,0,1.0375976563e-03
g49_g8462_A,sa1,2,1,6.1035156250e-05
g3784_g8700_A,sa1,2,1,6.1035156250e-05
g8363_g8701_B,sa1,30,0,9.7656250000e-04
g2837_g8702_A,sa1,2,1,6.1035156250e-05
g3574_g8703_A,sa1,2,1,6.1035156250e-05
g8407_g8711_B,sa1,30,0,9.1552734375e-04
g2761_g8715_A,sa1,2,1,6.1035156250e-05
g2863_g8730_A,sa1,2,1,6.1035156250e-05
g8239_g9014_B,sa1,8,1,3.6621093750e-04
g5345_g9037_B,sa1,18,1,6.1035156250e-04
g5345_g9118_B,sa1,18,1,6.7138671875e-04
g4517_g4736_B,sa0,5,1,1.2207031250e-04
g6452_g8128_C,sa0,30,0,3.5156250000e-02
g7937_II14754_A,sa0,2,1,6.1035156250e-05
g8029_II14759_C,sa0,2,1,1.2207031250e-04
g7937_II14772_A,sa0,2,1,1.2207031250e-04
g8082_g8523_C,sa0,6,1,3.6621093750e-04
g7616_g8360_B,sa0,2,1,6.1035156250e-05
g7983_II15084_C,sa0,2,1,1.2207031250e-04
g8386_II15085_D,sa0,2,1,6.1035156250e-05
g7905_II15099_C,sa0,2,1,6.1035156250e-05
g8421_g8806_B,sa0,2,1,6.1035156250e-05
g8443_g8812_A,sa0,2,1,6.1035156250e-05
g8443_g8803_A,sa0,2,1,1.2207031250e-04
II6774_II6776_B,sa1,1,1,1.5625000000e-02
II7485_II7487_B,sa1,30,0,4.5776367188e-04
g3635_g4871_A,sa1,2,1,1.9531250000e-03
II9276_II9278_B,sa1,2,1,1.8750000000e-01
g2044_g5697_A,sa1,4,1,1.2207031250e-04
g5984_II11549_A,sa1,30,0,1.4648437500e-02
g6695_II12854_A,sa1,30,0,4.1015625000e-02
g7199_II13376_A,sa1,30,0,1.1596679688e-03
g9148_II15819_A,sa1,30,0,1.5878677368e-04
g9154_II15848_B,sa1,30,0,7.1525573730e-06
g9165_II15855_B,sa1,30,0,7.1525573730e-06
g9203_II15899_A,sa1,30,0,3.5243391991e-01
g2295_g3790_C,sa0,5,1,9.6790313721e-02
g1857_g4317_C,sa1,1,1,6.2500000000e-02
g3617_g4297_A,sa0,2,1,2.5000000000e-01
g1639_g4249_B,sa0,1,1,2.5000000000e-01
g1760_g4838_B,sa1,7,1,1.7089843750e-03
g4160_g4868_B,sa1,9,1,3.7500000000e-01
g2562_g4819_B,sa1,1,1,3.1250000000e-02
g2562_g4837_B,sa1,1,1,3.1250000000e-02
g4403_g4968_A,sa1,30,0,7.4990093708e-03
g3617_g5566_A,sa0,4,1,2.5000000000e-01
g1263_g5686_B,sa1,1,1,1.9531250000e-03
g4707_g5428_B,sa1,30,0,2.3437500000e-01
g1247_g6098_B,sa1,9,1,4.9853515625e-01
g6941_g7217_B,sa1,30,0,2.9296875000e-02
g4187_g7631_B,sa1,30,0,4.1062384844e-04
g7367_g7701_A,sa1,30,0,4.7779083252e-04
g1098_g1919_A,sa1,3,1,6.3232421875e-02
g2986_g4062_B,sa1,28,1,2.7343750000e-01
g2695_g4225_D,sa1,4,1,3.6621093750e-04
g3549_g4254_C,sa1,4,1,1.5625000000e-02
g3568_g4254_B,sa1,4,1,1.5625000000e-02
g3563_g4287_A,sa1,2,1,3.9062500000e-03
g3097_g4365_B,sa1,1,1,6.2500000000e-02
g3097_g4383_B,sa1,1,1,6.2500000000e-02
g3192_g4396_B,sa1,1,1,6.2500000000e-02
g2845_g4437_B,sa1,1,1,6.2500000000e-02
g2845_g4491_B,sa1,1,1,6.2500000000e-02
g2770_g4933_D,sa1,4,1,2.4414062500e-04
g2746_g4933_A,sa1,4,1,2.4414062500e-04
g4814_g5547_A,sa1,30,0,2.0018386841e-01
g4841_g5573_B,sa1,4,1,5.4687500000e-02
g2407_g5937_B,sa1,1,1,3.9062500000e-03
g1489_g6145_A,sa1,8,1,2.1875000000e-01
g2157_g6395_A,sa1,18,1,4.9902343750e-01
g5494_g6405_B,sa1,30,0,1.4648437500e-02
g5367_g6415_B,sa1,30,0,1.4648437500e-02
g5847_g6431_A,sa1,2,1,9.7656250000e-04
g5412_g6757_B,sa1,30,0,1.1433362961e-03
g5246_g6914_B,sa1,30,0,1.4648437500e-02
g4841_g7175_B,sa1,4,1,8.5449218750e-04
g7471_g7606_A,sa1,2,1,1.2500000000e-01
g7367_g7611_A,sa1,30,0,1.8310546875e-03
g4517_g7616_B,sa1,30,0,9.6893310547e-04
g4532_g7628_B,sa1,0,1,0.0000000000e+00
g8042_g8267_B,sa1,30,0,1.0070800781e-03
g8042_g8276_B,sa1,30,0,1.2817382813e-03
g8181_g8290_B,sa1,30,0,1.2817382813e-03
g7951_g8313_B,sa1,30,0,1.0070800781e-03
g8181_g8317_B,sa1,30,0,9.4604492188e-04
g7870_g8331_B,sa1,30,0,1.2817382813e-03
g8407_g8703_B,sa1,30,0,9.7656250000e-04
g2821_g8719_A,sa1,2,1,6.1035156250e-05
g8407_g8730_B,sa1,30,0,9.1552734375e-04
g8524_g8820_B,sa1,1,1,3.0517578125e-05
g8239_g9015_B,sa1,8,1,3.6621093750e-04
g5345_g9038_B,sa1,18,1,6.7138671875e-04
g5345_g9119_B,sa1,18,1,6.7138671875e-04
g4448_g4734_B,sa0,2,1,1.2207031250e-04
g5448_g7083_A,sa0,1,1,3.1250000000e-02
g7887_II14480_B,sa0,2,1,6.1035156250e-05
g7937_II14485_A,sa0,2,1,6.1035156250e-05
g7616_g8613_B,sa0,2,1,1.2207031250e-04
g7793_II14753_C,sa0,2,1,6.1035156250e-05
g7993_II14753_A,sa0,2,1,6.1035156250e-05
g7793_II14771_C,sa0,2,1,6.1035156250e-05
g7993_II14771_A,sa0,2,1,1.2207031250e-04
g7616_g8523_B,sa0,2,1,6.1035156250e-05
g8421_g8807_B,sa0,2,1,6.1035156250e-05
II5695_II5696_B,sa1,26,1,6.2484741211e-02
II6757_II6758_B,sa1,1,1,6.2500000000e-02
g2368_g3681_B,sa1,3,1,1.0681152344e-04
g955_II7268_B,sa1,1,1,2.5000000000e-01
II7567_II7568_B,sa1,30,0,2.8610229492e-05
II7891_II7892_B,sa1,30,0,2.6611328125e-02
II8678_II8680_B,sa1,30,0,7.1525573730e-06
II9475_II9476_B,sa1,2,1,3.1250000000e-02
II9547_II9548_B,sa1,1,1,1.2500000000e-01
II9691_II9692_B,sa1,1,1,1.9531250000e-03
II9745_II9746_B,sa1,0,1,0.0000000000e+00
II9826_II9827_B,sa1,30,0,6.6375732422e-03
g1879_g5512_A,sa1,2,1,1.2207031250e-04
g3716_g6158_B,sa1,2,1,3.9062500000e-03
g3735_g6158_A,sa1,2,1,3.9062500000e-03
g3757_g7234_A,sa1,2,1,2.4414062500e-04
g7199_II13377_A,sa1,30,0,1.0910034180e-03
g1977_II13685_A,sa1,9,1,2.4951171875e-01
g7634_g8092_A,sa0,16,1,1.2159347534e-04
g9165_II15857_A,sa1,30,0,1.5878677368e-04
g2557_g3466_B,sa1,4,1,2.5000000000e-01
g1889_g3225_C,sa0,30,0,6.1812877655e-02
g1838_g3429_B,sa1,1,1,1.2500000000e-01
g2573_g4819_A,sa1,1,1,3.1250000000e-02
g2573_g4837_A,sa1,1,1,3.1250000000e-02
g5428_g5772_A,sa0,1,1,7.8125000000e-03
g6028_g6980_B,sa0,8,1,2.5000000000e-01
g7083_g7258_A,sa0,1,1,6.2500000000e-02
g4139_g7554_B,sa1,30,0,3.6549568176e-04
g3591_g8641_D,sa0,1,1,7.6293945313e-06
g6270_g8629_A,sa0,14,1,9.6130371094e-04
g2298_g3258_A,sa1,2,1,1.5625000000e-02
g2689_g4225_B,sa1,4,1,3.6621093750e-04
g2695_g4238_A,sa1,4,1,1.8310546875e-04
g3563_g4269_B,sa1,2,1,7.8125000000e-03
g3568_g4282_B,sa1,2,1,3.1250000000e-02
g3563_g4288_A,sa1,2,1,1.9531250000e-03
g3097_g4366_B,sa1,1,1,6.2500000000e-02
g3097_g4375_B,sa1,1,1,6.2500000000e-02
g3097_g4384_B,sa1,1,1,6.2500000000e-02
g3192_g4397_B,sa1,1,1,6.2500000000e-02
g4239_g4826_B,sa1,30,0,9.5703125000e-02
g3723_g4883_B,sa1,2,1,4.8828125000e-04
g2728_g4906_B,sa1,4,1,9.7656250000e-04
g2728_g4933_B,sa1,4,1,2.4414062500e-04
g1499_g6154_A,sa1,4,1,2.1875000000e-01
g5367_g6407_B,sa1,30,0,1.4648437500e-02
g5246_g6915_B,sa1,30,0,7.3242187500e-03
g6520_g6991_B,sa1,0,1,0.0000000000e+00
g7476_g7602_A,sa1,2,1,1.2500000000e-01
g7456_g7604_A,sa1,2,1,1.2500000000e-01
g3466_g7606_B,sa1,3,1,1.8750000000e-01
g3466_g7615_B,sa1,0,1,0.0000000000e+00
g7634_g8064_B,sa1,10,1,5.4931640625e-04
g95_g8256_A,sa1,2,1,6.1035156250e-05
g8042_g8277_B,sa1,30,0,9.4604492188e-04
g7855_g8302_B,sa1,30,0,9.4604492188e-04
g7870_g8305_B,sa1,30,0,9.1552734375e-04
g8181_g8309_B,sa1,30,0,9.4604492188e-04
g8156_g8325_B,sa1,30,0,1.2817382813e-03
g7920_g8336_B,sa1,30,0,1.2817382813e-03
g8421_g8717_B,sa1,30,0,9.7656250000e-04
g2724_g8727_A,sa1,2,1,6.1035156250e-05
g3808_g8732_A,sa1,2,1,6.1035156250e-05
g2721_g8748_A,sa1,2,1,6.1035156250e-05
g8239_g9016_B,sa1,8,1,3.6621093750e-04
g5345_g9084_B,sa1,18,1,6.1035156250e-04
g9223_g9238_B,sa1,30,0,1.0375976563e-03
g9230_g9259_A,sa1,30,0,1.1596679688e-03
g9244_g9271_B,sa1,30,0,1.2207031250e-03
g9241_g9275_A,sa1,30,0,1.2207031250e-03
g963_II5757_D,sa0,2,1,7.8125000000e-03
g1590_g6197_C,sa0,1,1,1.5625000000e-02
g7654_g8082_A,sa0,2,1,1.2207031250e-04
g7937_II14468_A,sa0,2,1,6.1035156250e-05
g7793_II14484_C,sa0,2,1,6.1035156250e-05
g7993_II14484_A,sa0,2,1,6.1035156250e-05
g7966_II14753_B,sa0,2,1,6.1035156250e-05
g7966_II14771_B,sa0,2,1,6.1035156250e-05
g8199_g8230_A,sa0,2,1,6.1035156250e-05
g7634_g8360_D,sa0,2,1,6.1035156250e-05
g7870_II15099_D,sa0,2,1,6.1035156250e-05
g7855_II15099_A,sa0,2,1,6.1035156250e-05
g8443_g8805_A,sa0,2,1,1.2207031250e-04
g8613_g8706_B,sa0,8,1,4.8828125000e-04
II5695_II5697_B,sa1,26,1,6.2484741211e-02
II6757_II6759_B,sa1,1,1,6.2500000000e-02
g2276_g3883_A,sa1,2,1,6.2500000000e-02
II7567_II7569_B,sa1,30,0,2.8610229492e-05
II7891_II7893_B,sa1,30,0,2.6611328125e-02
II9475_II9477_B,sa1,1,1,3.1250000000e-02
II9547_II9549_B,sa1,1,1,1.2500000000e-01
II9691_II9693_B,sa1,1,1,1.9531250000e-03
II9745_II9747_B,sa1,0,1,0.0000000000e+00
II9826_II9828_B,sa1,30,0,6.6375732422e-03
g5633_g6158_C,sa1,30,1,5.8593750000e-02
g5633_g6187_A,sa1,30,1,1.1718750000e-01
g5988_II12078_A,sa1,30,0,3.7109375000e-02
g6618_II12869_B,sa1,1,1,9.7656250000e-04
g3739_g7234_B,sa1,2,1,2.4414062500e-04
g1977_II13686_A,sa1,1,1,4.8828125000e-04
g9168_II15855_A,sa1,30,0,7.1525573730e-06
g2216_g4969_B,sa1,3,1,2.5000000000e-01
g4517_g4838_A,sa1,30,0,1.1703491211e-02
g1964_g4825_B,sa1,6,1,5.6250000000e-01
g4724_g5287_B,sa1,30,0,2.3437500000e-01
g1257_g5559_B,sa1,1,1,1.9531250000e-03
g1695_g6056_C,sa1,16,1,6.2255859375e-02
g1872_g6745_A,sa1,1,1,3.9062500000e-03
g5874_g6504_B,sa1,1,1,9.7656250000e-04
g3617_g6585_A,sa0,10,1,2.5000000000e-01
g7367_g7703_A,sa1,30,0,2.4247169495e-04
g7367_g7631_A,sa1,30,0,4.7087669373e-04
g4216_g7676_B,sa1,30,0,3.2043457031e-02
g4497_g7701_B,sa1,30,0,4.1341781616e-04
g8009_g8625_D,sa0,30,0,3.3569335938e-03
g2949_g4038_B,sa1,28,1,4.3750000000e-01
g3694_g4319_B,sa1,4,1,3.9062500000e-03
g3097_g4367_B,sa1,1,1,6.2500000000e-02
g3097_g4376_B,sa1,1,1,6.2500000000e-02
g3192_g4389_B,sa1,1,1,6.2500000000e-02
g3086_g4937_A,sa1,19,1,3.3995056152e-01
g4969_g6041_B,sa1,3,1,9.7656250000e-03
g5956_g6405_A,sa1,2,1,9.7656250000e-04
g5939_g6413_A,sa1,2,1,9.7656250000e-04
g5494_g6641_B,sa1,30,0,1.4648437500e-02
g5367_g6732_B,sa1,30,0,1.4648437500e-02
g55_g6965_A,sa1,18,1,3.1188964844e-02
g6689_g7003_B,sa1,30,0,1.9989013672e-03
g7480_g7653_A,sa1,30,0,9.3383789063e-03
g7476_g8062_A,sa1,2,1,6.1035156250e-05
g7483_g8064_A,sa1,2,1,6.1035156250e-05
g7616_g8074_B,sa1,10,1,4.8828125000e-04
g7467_g8080_A,sa1,2,1,6.1035156250e-05
g7951_g8306_B,sa1,30,0,1.0375976563e-03
g3805_g8691_A,sa1,2,1,6.1035156250e-05
g3462_g8692_A,sa1,2,1,6.1035156250e-05
g2829_g8704_A,sa1,2,1,6.1035156250e-05
g8407_g8714_B,sa1,30,0,9.1552734375e-04
g2873_g8714_A,sa1,2,1,6.1035156250e-05
g8421_g8727_B,sa1,30,0,9.1552734375e-04
g2807_g8735_A,sa1,2,1,6.1035156250e-05
g8524_g8813_B,sa1,1,1,3.0517578125e-05
g4748_g9251_A,sa1,0,1,0.0000000000e+00
g9252_g9273_B,sa1,30,0,1.3732910156e-03
g9324_g9328_A,sa1,30,0,4.2319297791e-04
g4469_g4734_A,sa0,16,1,1.2159347534e-04
g7793_II14467_C,sa0,2,1,6.1035156250e-05
g7993_II14467_A,sa0,2,1,6.1035156250e-05
g7966_II14484_B,sa0,2,1,6.1035156250e-05
g7937_II14496_A,sa0,2,1,6.1035156250e-05
g7634_g8523_D,sa0,2,1,6.1035156250e-05
g8421_g8818_B,sa0,2,1,6.1035156250e-05
g8443_g8806_A,sa0,2,1,6.1035156250e-05
g8613_g8707_B,sa0,8,1,4.8828125000e-04
g799_II7148_A,sa1,1,1,1.2500000000e-01
II7478_II7479_B,sa1,30,0,2.8610229492e-05
II7937_II7938_B,sa1,1,1,7.8125000000e-03
II8558_II8559_B,sa1,30,0,7.1525573730e-06
g3644_g4871_D,sa1,2,1,1.9531250000e-03
II9953_II9954_B,sa1,6,1,1.2304687500e-01
g1879_g5550_A,sa1,2,1,9.7656250000e-04
g5988_II12079_A,sa1,30,0,3.7597656250e-02
g3757_g7244_B,sa1,2,1,4.8828125000e-04
g7654_g8073_B,sa0,2,1,1.2207031250e-04
g7616_g8092_C,sa0,8,1,1.2207031250e-04
g9168_II15856_A,sa1,30,0,1.5878677368e-04
g9179_II15880_B,sa1,30,0,7.1525573730e-06
g3659_g4317_D,sa1,1,1,6.2500000000e-02
g1760_g4778_B,sa1,4,1,1.8310546875e-03
g4187_g4782_A,sa1,30,0,9.3517303467e-03
g4216_g4798_A,sa1,30,0,4.1056275368e-03
g5278_g6516_B,sa1,30,0,2.9296875000e-02
g5971_g6472_A,sa1,1,1,9.7656250000e-04
g7367_g7614_A,sa1,30,0,4.7087669373e-04
g4147_g7557_B,sa1,30,0,4.1770935059e-04
g4427_g7691_B,sa1,30,0,5.1116943359e-04
g1753_g2949_B,sa1,15,1,3.7500000000e-01
g2397_g2972_A,sa1,1,1,1.2500000000e-01
g2298_g3188_A,sa1,2,1,6.2500000000e-02
g1499_g4059_A,sa1,9,1,2.7343750000e-02
g3790_g4098_B,sa1,1,1,2.5000000000e-01
g4059_g4729_B,sa1,30,0,3.8696289063e-02
g3659_g4309_C,sa1,1,1,1.5625000000e-02
g1549_g5548_A,sa1,3,1,7.8125000000e-03
g4841_g5585_B,sa1,9,1,1.3671875000e-02
g4969_g5700_B,sa1,3,1,3.1250000000e-01
g4841_g6629_B,sa1,5,1,3.4179687500e-03
g5246_g6908_B,sa1,30,0,1.4648437500e-02
g6483_g6914_A,sa1,2,1,9.7656250000e-04
g5802_g6489_A,sa0,18,1,3.1188964844e-02
g3466_g7626_B,sa1,3,1,1.8750000000e-01
g7463_g7626_A,sa1,2,1,1.2500000000e-01
g7634_g8066_B,sa1,10,1,5.4931640625e-04
g7634_g8075_B,sa1,10,1,4.8828125000e-04
g7658_g8150_B,sa1,10,1,4.8828125000e-04
g89_g8237_A,sa1,2,1,6.1035156250e-05
g7905_g8263_B,sa1,30,0,9.1552734375e-04
g8156_g8273_B,sa1,30,0,9.4604492188e-04
g8156_g8282_B,sa1,30,0,1.0375976563e-03
g7838_g8303_B,sa1,30,0,9.7656250000e-04
g8156_g8318_B,sa1,30,0,1.2817382813e-03
g7838_g8330_B,sa1,30,0,1.2817382813e-03
g8181_g8338_B,sa1,30,0,1.2817382813e-03
g7811_g8456_B,sa1,16,1,3.6621093750e-04
g8094_g8650_B,sa1,1,1,3.0517578125e-05
g8147_g8660_B,sa1,30,0,2.2888183594e-04
g8464_g8721_B,sa1,18,1,9.1552734375e-04
g5317_g8961_B,sa1,30,0,1.1596679688e-03
g4748_g9270_A,sa1,0,1,0.0000000000e+00
g9340_g9349_A,sa1,30,0,1.0256052017e-02
g966_II5757_C,sa0,2,1,7.8125000000e-03
g4529_g4737_B,sa0,16,1,1.2159347534e-04
g6980_g7191_B,sa0,9,1,2.5000000000e-01
g7628_g8082_B,sa0,2,1,1.2207031250e-04
g6452_g8176_D,sa0,0,1,0.0000000000e+00
g7966_II14467_B,sa0,2,1,6.1035156250e-05
g7793_II14495_C,sa0,2,1,6.1035156250e-05
g7993_II14495_A,sa0,2,1,6.1035156250e-05
g7937_II14767_A,sa0,2,1,1.2207031250e-04
g8199_g8232_A,sa0,2,1,6.1035156250e-05
g7838_II15099_B,sa0,2,1,6.1035156250e-05
g8421_g8819_B,sa0,2,1,6.1035156250e-05
g8443_g8807_A,sa0,2,1,1.2207031250e-04
g799_II7149_A,sa1,5,1,1.2500000000e-01
g795_II7179_B,sa1,1,1,2.5000000000e-01
II7937_II7939_B,sa1,1,1,7.8125000000e-03
g4963_g5291_C,sa1,2,1,6.2500000000e-02
II9953_II9955_B,sa1,6,1,1.2304687500e-01
g3716_g6187_C,sa1,2,1,7.8125000000e-03
g3735_g6187_B,sa1,2,1,7.8125000000e-03
g3739_g7244_C,sa1,2,1,4.8828125000e-04
g8128_g8644_B,sa0,30,0,3.3866882324e-02
g9179_II15882_A,sa1,30,0,2.5484085083e-01
g9191_II15887_B,sa1,30,0,7.1525573730e-06
g9192_II15887_A,sa1,30,0,7.1525573730e-06
g8128_g8635_B,sa0,30,0,3.1295776367e-02
g2668_g4295_B,sa0,1,1,1.2500000000e-01
g1760_g4779_B,sa1,8,1,1.9454956055e-03
g1760_g4968_B,sa1,16,1,1.9416809082e-03
g5269_g6473_A,sa1,30,0,2.9296875000e-02
g5269_g6472_B,sa1,30,0,2.9296875000e-02
g5269_g6482_A,sa1,30,0,2.9296875000e-02
g5278_g6463_B,sa1,30,0,2.9296875000e-02
g5918_g6463_A,sa1,1,1,9.7656250000e-04
g1789_g7209_A,sa0,1,1,3.1250000000e-02
g4169_g7608_B,sa1,30,0,8.6730957031e-02
g7367_g7705_A,sa1,30,0,6.8473815918e-04
g4155_g7559_B,sa1,30,0,3.9243698120e-04
g7367_g7561_A,sa1,30,0,1.3732910156e-03
g7367_g7713_B,sa1,30,0,2.4247169495e-04
g8009_g8629_B,sa0,30,0,5.8441162109e-03
g1733_g2979_B,sa1,30,0,1.1914062500e-01
g2845_g4369_B,sa1,1,1,6.2500000000e-02
g1616_g4797_B,sa1,1,1,1.5625000000e-02
g3723_g4877_B,sa1,2,1,1.2207031250e-04
g4814_g5298_B,sa1,30,0,1.4741516113e-01
g5096_g5484_B,sa1,30,0,2.9296875000e-02
g2424_g5969_B,sa1,4,1,1.2500000000e-01
g5956_g6407_A,sa1,2,1,9.7656250000e-04
g5494_g6418_B,sa1,30,0,1.4648437500e-02
g5874_g6732_A,sa1,2,1,9.7656250000e-04
g5384_g6753_B,sa1,30,0,1.4648437500e-02
g6582_g6941_B,sa1,30,0,2.2705078125e-02
g6490_g6970_B,sa1,0,1,0.0000000000e+00
g3466_g7609_B,sa1,3,1,1.8750000000e-01
g7471_g8087_A,sa1,2,1,6.1035156250e-05
g7658_g8151_B,sa1,10,1,4.8828125000e-04
g8156_g8292_B,sa1,30,0,9.4604492188e-04
g7870_g8335_B,sa1,30,0,1.2817382813e-03
g7811_g8385_B,sa1,16,1,3.3569335938e-04
g7793_g8403_B,sa1,16,1,4.8828125000e-04
g7811_g8439_B,sa1,16,1,3.3569335938e-04
g7811_g8457_B,sa1,16,1,3.6621093750e-04
g8342_g8691_B,sa1,30,0,1.2817382813e-03
g2777_g8713_A,sa1,2,1,6.1035156250e-05
g8443_g8716_B,sa1,30,0,9.1552734375e-04
g2764_g8717_A,sa1,2,1,6.1035156250e-05
g3815_g8728_A,sa1,2,1,6.1035156250e-05
g3771_g8736_A,sa1,2,1,6.1035156250e-05
g2966_g8740_A,sa1,2,1,6.1035156250e-05
g2973_g8742_A,sa1,2,1,6.1035156250e-05
g8524_g8815_B,sa1,1,1,3.0517578125e-05
g8545_g8821_B,sa1,1,1,3.0517578125e-05
g8524_g8824_B,sa1,1,1,3.0517578125e-05
g8545_g8830_B,sa1,1,1,3.0517578125e-05
g8524_g8851_B,sa1,1,1,3.0517578125e-05
g5317_g8962_B,sa1,30,0,1.3427734375e-03
g4748_g9271_A,sa1,0,1,0.0000000000e+00
g5291_g6197_D,sa0,17,1,7.2212219238e-02
g7406_g7784_A,sa0,2,1,2.2888183594e-05
g7566_g8009_C,sa0,2,1,3.8146972656e-05
g6559_g6910_C,sa0,30,0,2.0718574524e-02
g7566_g8128_A,sa0,30,0,7.1239471436e-04
g7966_II14495_B,sa0,2,1,6.1035156250e-05
g7887_II14754_B,sa0,2,1,6.1035156250e-05
g7937_II14759_A,sa0,2,1,1.2207031250e-04
g7793_II14766_C,sa0,2,1,6.1035156250e-05
g7993_II14766_A,sa0,2,1,1.2207031250e-04
g7887_II14772_B,sa0,2,1,6.1035156250e-05
g8199_g8233_A,sa0,2,1,6.1035156250e-05
g7658_g8360_A,sa0,2,1,6.1035156250e-05
g7634_g8706_C,sa0,2,1,6.1035156250e-05
II5598_II5599_B,sa1,30,0,1.0003662109e-01
II6876_II6877_B,sa1,2,1,1.8750000000e-01
II8658_II8659_B,sa1,30,0,7.1525573730e-06
II8955_II8956_B,sa1,1,1,7.8125000000e-03
g3533_g4869_B,sa1,2,1,1.5625000000e-02
II9963_II9964_B,sa1,4,1,1.1718750000e-01
g3754_g6158_D,sa1,2,1,3.9062500000e-03
g3739_g7237_B,sa1,2,1,9.7656250000e-04
g7628_g8092_B,sa0,2,1,1.2207031250e-04
II15887_II15888_B,sa1,30,0,7.1525573730e-06
g9192_II15888_A,sa1,30,0,3.6909699440e-01
g9191_II15889_A,sa1,30,0,3.6909699440e-01
II10000,sa1,6,1,2.4609375000e-01
g1760_g4798_B,sa1,30,0,1.3436079025e-03
g2562_g4878_B,sa1,1,1,3.1250000000e-02
g5836_g6664_A,sa0,1,1,1.2500000000e-01
g7367_g7625_A,sa1,30,0,1.0681152344e-03
g7367_g7553_A,sa1,30,0,1.8310546875e-03
g4445_g7693_B,sa1,30,0,2.7203559875e-04
g7367_g7652_A,sa1,30,0,4.8112869263e-04
g6559_g8641_A,sa0,7,1,2.6702880859e-04
g7784_g8630_B,sa0,30,0,5.8441162109e-03
g1077_g2889_B,sa1,3,1,2.1875000000e-01
g1898_g3094_B,sa1,6,1,1.8750000000e-01
g3746_g4883_A,sa1,2,1,4.8828125000e-04
g4826_g5548_B,sa1,30,0,8.9843750000e-02
g5428_g5765_B,sa1,30,0,2.3437500000e-01
g5494_g6428_B,sa1,30,0,1.4648437500e-02
g5384_g6448_B,sa1,30,0,1.4648437500e-02
g5939_g6641_A,sa1,2,1,9.7656250000e-04
g5367_g6726_B,sa1,30,0,1.4648437500e-02
g6493_g6915_A,sa1,2,1,9.7656250000e-04
g4259_g7079_A,sa1,0,1,0.0000000000e+00
g6984_g7215_B,sa1,20,1,1.1672973633e-02
g7367_g7616_A,sa1,30,0,1.3122558594e-03
g4549_g7634_B,sa1,30,0,8.5401535034e-04
g7367_g7634_A,sa1,30,0,4.8971176147e-04
g7616_g8077_B,sa1,10,1,4.8828125000e-04
g7463_g8078_A,sa1,2,1,6.1035156250e-05
g7870_g8327_B,sa1,30,0,1.3427734375e-03
g7937_g8404_B,sa1,16,1,3.3569335938e-04
g7937_g8440_B,sa1,16,1,3.3569335938e-04
g8094_g8643_B,sa1,1,1,3.0517578125e-05
g8094_g8652_B,sa1,1,1,3.0517578125e-05
g3485_g8690_A,sa1,2,1,6.1035156250e-05
g8386_g8702_B,sa1,30,0,1.3427734375e-03
g8407_g8708_B,sa1,30,0,9.7656250000e-04
g3557_g8708_A,sa1,2,1,6.1035156250e-05
g2818_g8709_A,sa1,2,1,6.1035156250e-05
g2787_g8722_A,sa1,2,1,6.1035156250e-05
g8464_g8732_B,sa1,18,1,9.1552734375e-04
g8443_g8735_B,sa1,30,0,9.1552734375e-04
g8464_g8741_B,sa1,18,1,8.5449218750e-04
g8239_g8912_B,sa1,8,1,3.6621093750e-04
g5317_g8963_B,sa1,30,0,1.4953613281e-03
g9227_g9247_B,sa1,30,0,1.0375976563e-03
g4748_g9272_A,sa1,0,1,0.0000000000e+00
g9244_g9276_A,sa1,30,0,1.2207031250e-03
g9340_g9359_B,sa1,30,0,1.0256052017e-02
g7793_II14479_C,sa0,2,1,6.1035156250e-05
g7993_II14479_A,sa0,2,1,6.1035156250e-05
g7887_II14485_B,sa0,2,1,6.1035156250e-05
g7793_II14758_C,sa0,2,1,6.1035156250e-05
g7993_II14758_A,sa0,2,1,1.2207031250e-04
g7966_II14766_B,sa0,2,1,6.1035156250e-05
g7658_g8523_A,sa0,2,1,6.1035156250e-05
g8443_g8818_A,sa0,2,1,6.1035156250e-05
g7634_g8707_C,sa0,2,1,6.1035156250e-05
g8239_g8850_B,sa0,12,1,5.4931640625e-04
II6876_II6878_B,sa1,2,1,1.8750000000e-01
II8955_II8957_B,sa1,1,1,7.8125000000e-03
g4288_g4836_A,sa1,30,0,2.9296875000e-02
g4963_g5284_C,sa1,2,1,6.2500000000e-02
II9963_II9965_B,sa1,4,1,1.1718750000e-01
g5814_g6559_A,sa1,15,1,1.4579892159e-02
g7658_g8073_A,sa0,16,1,1.2159347534e-04
II15887_II15889_B,sa1,30,0,7.1525573730e-06
g3466_g3885_B,sa0,3,1,2.1875000000e-01
II10001,sa1,1,1,3.9062500000e-03
II10010,sa1,1,1,3.9062500000e-03
g2573_g4878_A,sa1,1,1,3.1250000000e-02
g5897_g6503_B,sa1,1,1,9.7656250000e-04
g6745_g6980_A,sa0,7,1,1.2402343750e-01
g7367_g7608_A,sa1,30,0,1.0681152344e-03
g4529_g7709_B,sa1,30,0,5.4883956909e-04
g7367_g7680_A,sa1,30,0,4.8041343689e-04
g7367_g7554_A,sa1,30,0,4.8160552979e-04
g2845_g4398_B,sa1,1,1,6.2500000000e-02
g2746_g4957_A,sa1,4,1,4.8828125000e-04
g4841_g5579_B,sa1,4,1,2.7343750000e-02
g1695_g5765_A,sa1,1,1,7.8125000000e-03
g5552_g5894_B,sa1,30,0,2.8076171875e-02
g5897_g6423_A,sa1,2,1,9.7656250000e-04
g5874_g6428_A,sa1,2,1,9.7656250000e-04
g6517_g6990_B,sa1,0,1,0.0000000000e+00
g1616_g6995_B,sa1,1,1,9.7656250000e-04
g1467_g7199_A,sa1,8,1,4.2724609375e-04
g7634_g8069_B,sa1,10,1,4.8828125000e-04
g7634_g8078_B,sa1,10,1,4.8828125000e-04
g7658_g8081_B,sa1,10,1,5.4931640625e-04
g7634_g8087_B,sa1,10,1,5.4931640625e-04
g7658_g8090_B,sa1,10,1,5.4931640625e-04
g7658_g8153_B,sa1,10,1,4.8828125000e-04
g7855_g8262_B,sa1,30,0,9.4604492188e-04
g7951_g8274_B,sa1,30,0,9.4604492188e-04
g7993_g8322_B,sa1,16,1,3.0517578125e-04
g7937_g8513_B,sa1,16,1,3.6621093750e-04
g8199_g8620_B,sa1,16,1,4.8828125000e-04
g7937_g8621_B,sa1,16,1,3.6621093750e-04
g8094_g8653_B,sa1,1,1,3.0517578125e-05
g3812_g8688_A,sa1,2,1,6.1035156250e-05
g8363_g8690_B,sa1,30,0,1.0375976563e-03
g8342_g8693_B,sa1,30,0,1.0375976563e-03
g8386_g8712_B,sa1,30,0,1.0375976563e-03
g2774_g8718_A,sa1,2,1,6.1035156250e-05
g8464_g8724_B,sa1,18,1,9.1552734375e-04
g8493_g8740_B,sa1,18,1,7.9345703125e-04
g8564_g8822_B,sa1,1,1,3.0517578125e-05
g8564_g8831_B,sa1,1,1,3.0517578125e-05
g8524_g8835_B,sa1,1,1,3.0517578125e-05
g8545_g8841_B,sa1,1,1,3.0517578125e-05
g9227_g9258_A,sa1,30,0,1.0375976563e-03
g9248_g9272_B,sa1,30,0,1.3732910156e-03
g4748_g9273_A,sa1,0,1,0.0000000000e+00
g9255_g9274_B,sa1,30,0,1.3427734375e-03
g5645_g9275_B,sa1,0,1,0.0000000000e+00
g9252_g9278_A,sa1,30,0,1.3732910156e-03
g5790_g6465_D,sa0,30,0,4.2319297791e-04
g7887_II14468_B,sa0,2,1,6.1035156250e-05
g7966_II14479_B,sa0,2,1,6.1035156250e-05
g7966_II14758_B,sa0,2,1,6.1035156250e-05
g8443_g8819_A,sa0,2,1,1.2207031250e-04
g8613_g8855_B,sa0,8,1,4.8828125000e-04
g8493_g8850_A,sa0,2,1,6.1035156250e-05
g8239_g8680_B,sa0,12,1,6.1035156250e-04
II8938_II8939_B,sa1,1,1,3.9062500000e-03
II9946_II9947_B,sa1,3,1,1.0937500000e-01
II15897_II15898_B,sa1,30,0,7.1525573730e-06
II10011,sa1,5,1,1.2109375000e-01
II11101,sa0,2,1,5.0000000000e-01
g5491_II11101_A,sa0,,,5.0000000000e-01
g2712_II11101_B,sa0,,,5.0000000000e-01
g1597_g2768_A,sa1,1,1,1.9531250000e-03
g1889_g2827_A,sa1,2,1,9.3750000000e-02
g4176_g4779_A,sa1,30,0,1.1352539063e-02
g6259_g6458_B,sa0,6,1,1.0937500000e-01
g6259_g6459_A,sa0,6,1,1.0937500000e-01
g5847_g6482_B,sa1,1,1,9.7656250000e-04
g7367_g7564_A,sa1,30,0,5.3882598877e-04
g7367_g7536_B,sa1,30,0,3.6621093750e-04
g1494_g2979_A,sa1,18,1,5.4687500000e-02
g2728_g4957_B,sa1,4,1,4.8828125000e-04
g5494_g6394_B,sa1,30,0,1.4648437500e-02
g5918_g6448_A,sa1,2,1,9.7656250000e-04
g1519_g6689_A,sa1,8,1,1.7089843750e-03
g5847_g6762_A,sa1,1,1,9.7656250000e-04
g6511_g6979_B,sa1,0,1,0.0000000000e+00
g7367_g7654_A,sa1,30,0,1.8310546875e-03
g7456_g8069_A,sa1,2,1,6.1035156250e-05
g4969_g8071_B,sa1,3,1,1.5258789063e-04
g7683_g8147_B,sa1,30,0,2.2888183594e-04
g8156_g8286_B,sa1,30,0,1.0070800781e-03
g7920_g8297_B,sa1,30,0,9.7656250000e-04
g7966_g8323_B,sa1,16,1,2.7465820313e-04
g7838_g8334_B,sa1,30,0,1.0375976563e-03
g7966_g8341_B,sa1,16,1,3.9672851563e-04
g8094_g8645_B,sa1,1,1,3.0517578125e-05
g8094_g8654_B,sa1,1,1,3.0517578125e-05
g8386_g8704_B,sa1,30,0,1.2817382813e-03
g8443_g8719_B,sa1,30,0,9.1552734375e-04
g8386_g8722_B,sa1,30,0,9.1552734375e-04
g3780_g8739_A,sa1,2,1,6.1035156250e-05
g3787_g8741_A,sa1,2,1,6.1035156250e-05
g2982_g8745_A,sa1,2,1,6.1035156250e-05
g8239_g8914_B,sa1,8,1,3.6621093750e-04
g4748_g9238_A,sa1,0,1,0.0000000000e+00
g4748_g9247_A,sa1,0,1,0.0000000000e+00
g4748_g9274_A,sa1,0,1,0.0000000000e+00
g3492_g7784_C,sa0,30,0,1.6662597656e-02
g6664_g8176_C,sa0,10,1,3.1127929688e-02
g7566_g8176_A,sa0,6,1,3.6621093750e-04
g7887_II14496_B,sa0,2,1,6.1035156250e-05
g8199_g8236_A,sa0,2,1,6.1035156250e-05
g8082_g8279_C,sa0,6,1,3.6621093750e-04
g8613_g8694_B,sa0,8,1,4.8828125000e-04
g8239_g8861_B,sa0,12,1,6.1035156250e-04
g8493_g8680_A,sa0,2,1,6.1035156250e-05
II9946_II9948_B,sa1,3,1,1.0937500000e-01
II15897_II15899_B,sa1,30,0,7.1525573730e-06
II10300,sa1,1,1,2.5000000000e-01
II11101,sa1,1,1,2.5000000000e-01
II11110,sa1,1,1,2.5000000000e-01
g4169_g4778_A,sa1,30,0,2.0996093750e-02
g5269_g6476_B,sa1,30,0,2.9296875000e-02
g5269_g6477_A,sa1,30,0,2.9296875000e-02
g5269_g6467_B,sa1,30,0,2.9296875000e-02
g6984_g7209_C,sa0,7,1,2.1875000000e-01
g1597_g7566_B,sa0,1,1,1.9531250000e-03
g7367_g7709_A,sa1,30,0,5.2118301392e-04
g7367_g7691_A,sa1,30,0,7.7819824219e-04
g7784_g8641_C,sa0,30,0,1.5487670898e-03
g1739_g2986_B,sa1,15,1,2.1093750000e-01
g2979_g4059_B,sa1,30,0,8.2763671875e-02
g3746_g4877_A,sa1,2,1,1.2207031250e-04
g5287_g5783_B,sa1,30,0,2.3437500000e-01
g5988_g6415_A,sa1,2,1,9.7656250000e-04
g5367_g6738_B,sa1,30,0,1.4648437500e-02
g4841_g7597_B,sa1,4,1,2.1362304688e-04
g7467_g7609_A,sa1,2,1,1.2500000000e-01
g7488_g7615_A,sa1,1,1,1.2500000000e-01
g7367_g7628_A,sa1,30,0,1.8310546875e-03
g7905_g8268_B,sa1,30,0,9.1552734375e-04
g7905_g8295_B,sa1,30,0,9.7656250000e-04
g8181_g8298_B,sa1,30,0,9.4604492188e-04
g7993_g8315_B,sa1,16,1,3.0517578125e-04
g7838_g8326_B,sa1,30,0,1.2817382813e-03
g7870_g8339_B,sa1,30,0,1.0375976563e-03
g8199_g8460_B,sa1,16,1,3.3569335938e-04
g7793_g8461_B,sa1,16,1,3.3569335938e-04
g7887_g8610_B,sa1,16,1,4.8828125000e-04
g8094_g8646_B,sa1,1,1,3.0517578125e-05
g8342_g8686_B,sa1,30,0,1.3427734375e-03
g8363_g8692_B,sa1,30,0,9.7656250000e-04
g2709_g8695_A,sa1,2,1,6.1035156250e-05
g3743_g8696_A,sa1,2,1,6.1035156250e-05
g2798_g8705_A,sa1,2,1,6.1035156250e-05
g2795_g8726_A,sa1,2,1,6.1035156250e-05
g8493_g8733_B,sa1,18,1,9.1552734375e-04
g8493_g8742_B,sa1,18,1,8.5449218750e-04
g8464_g8744_B,sa1,18,1,9.1552734375e-04
g8545_g8816_B,sa1,1,1,3.0517578125e-05
g8545_g8825_B,sa1,1,1,3.0517578125e-05
g8564_g8842_B,sa1,1,1,3.0517578125e-05
g8545_g8852_B,sa1,1,1,3.0517578125e-05
g8239_g8915_B,sa1,8,1,3.0517578125e-04
g5628_g9258_B,sa1,0,1,0.0000000000e+00
g5654_g9277_B,sa1,0,1,0.0000000000e+00
g5690_g9349_B,sa1,0,1,0.0000000000e+00
g7887_II14767_B,sa0,2,1,6.1035156250e-05
g7616_g8279_B,sa0,2,1,6.1035156250e-05
g7658_g8706_A,sa0,2,1,6.1035156250e-05
g8239_g8862_B,sa0,12,1,6.1035156250e-04
g8493_g8861_A,sa0,2,1,6.1035156250e-05
II8678_II8679_B,sa1,30,0,7.1525573730e-06
g1879_g4880_B,sa1,2,1,3.9062500000e-03
II9767_II9768_B,sa1,1,1,3.9062500000e-03
II9978_II9980_B,sa1,7,1,2.4804687500e-01
II9992_II9993_B,sa1,7,1,1.2402343750e-01
II10040,sa1,2,1,7.8125000000e-03
II10320,sa0,2,1,5.0000000000e-01
g5459_II10320_A,sa0,,,5.0000000000e-01
g2573_II10320_B,sa0,,,5.0000000000e-01
II11102,sa1,1,1,2.5000000000e-01
II13002,sa0,30,0,3.6621093750e-03
g7010_II13002_A,sa0,,,3.6621093750e-03
g1053_II13002_B,sa0,,,3.6621093750e-03
g6198_g6745_B,sa1,7,1,4.9609375000e-01
g5868_g6643_B,sa1,1,1,2.5000000000e-01
g5897_g6516_A,sa1,1,1,9.7656250000e-04
g7367_g7557_A,sa1,30,0,1.3732910156e-03
g4417_g7689_B,sa1,30,0,5.5694580078e-04
g7367_g7692_A,sa1,30,0,5.0783157349e-04
g4448_g7694_B,sa1,18,1,7.9345703125e-04
g3579_g4287_C,sa1,2,1,3.9062500000e-03
g3579_g4288_B,sa1,2,1,1.9531250000e-03
g4288_g4883_C,sa1,30,0,7.3242187500e-03
g4841_g5699_B,sa1,4,1,2.1875000000e-01
g5939_g6753_A,sa1,2,1,9.7656250000e-04
g4969_g7182_B,sa1,3,1,1.2207031250e-03
g4969_g7416_B,sa1,3,1,6.1035156250e-04
g7199_g7427_B,sa1,30,0,6.9427490234e-04
g7429_g7683_B,sa1,30,0,4.5776367188e-04
g7488_g8066_A,sa1,2,1,6.1035156250e-05
g8181_g8299_B,sa1,30,0,1.0375976563e-03
g7966_g8316_B,sa1,16,1,3.0517578125e-04
g7887_g8611_B,sa1,16,1,3.6621093750e-04
g8199_g8623_B,sa1,16,1,4.8828125000e-04
g8342_g8696_B,sa1,30,0,9.4604492188e-04
g3761_g8697_A,sa1,2,1,6.1035156250e-05
g8386_g8715_B,sa1,30,0,9.1552734375e-04
g8493_g8725_B,sa1,18,1,9.1552734375e-04
g2996_g8733_A,sa1,2,1,6.1035156250e-05
g8464_g8736_B,sa1,18,1,7.9345703125e-04
g2992_g8737_A,sa1,2,1,6.1035156250e-05
g8524_g8829_B,sa1,1,1,3.0517578125e-05
g8545_g8853_B,sa1,1,1,3.0517578125e-05
g7887_II14759_B,sa0,2,1,6.1035156250e-05
g7658_g8707_A,sa0,2,1,6.1035156250e-05
g7634_g8855_C,sa0,2,1,6.1035156250e-05
g8239_g8863_B,sa0,12,1,5.4931640625e-04
g8493_g8862_A,sa0,2,1,6.1035156250e-05
g1879_g4836_B,sa1,2,1,1.9531250000e-03
II9767_II9769_B,sa1,1,1,3.9062500000e-03
II9992_II9994_B,sa1,7,1,1.2402343750e-01
II15100,sa0,8,1,3.0517578125e-04
II10060,sa0,10,1,2.5000000000e-01
g4910_II10060_A,sa0,,,2.5000000000e-01
g2226_II10060_B,sa0,,,2.5000000000e-01
II10320,sa1,1,1,2.5000000000e-01
II11103,sa1,1,1,2.5000000000e-01
II11122,sa0,2,1,5.0000000000e-01
g5517_II11122_A,sa0,,,5.0000000000e-01
g2712_II11122_B,sa0,,,5.0000000000e-01
II12031,sa0,30,0,3.3203125000e-02
g5918_II12031_A,sa0,,,3.3203125000e-02
g5897_II12031_B,sa0,,,3.3203125000e-02
II13002,sa1,1,1,1.2207031250e-04
g2584_g4879_B,sa1,1,1,6.2500000000e-02
g5918_g6477_B,sa1,1,1,9.7656250000e-04
g5278_g6469_B,sa1,30,0,2.9296875000e-02
g5918_g6469_A,sa1,1,1,9.7656250000e-04
g5956_g6467_A,sa1,1,1,9.7656250000e-04
g5278_g6497_A,sa1,30,0,2.9296875000e-02
g4466_g7695_B,sa1,30,0,3.4139771014e-04
g7367_g7657_A,sa1,30,0,1.8310546875e-03
g7367_g7693_A,sa1,30,0,2.4247169495e-04
g4276_g4699_B,sa1,6,1,2.8125000000e-01
g5484_g5984_B,sa1,30,0,1.4648437500e-02
g5897_g6418_A,sa1,2,1,9.7656250000e-04
g5894_g6582_B,sa1,30,0,2.3681640625e-02
g5847_g6738_A,sa1,2,1,9.7656250000e-04
g6478_g6908_A,sa1,2,1,9.7656250000e-04
g6677_g7096_A,sa1,1,1,1.2500000000e-01
g7951_g8269_B,sa1,30,0,9.4604492188e-04
g7838_g8283_B,sa1,30,0,1.0375976563e-03
g7855_g8293_B,sa1,30,0,1.0070800781e-03
g7870_g8296_B,sa1,30,0,9.1552734375e-04
g7966_g8308_B,sa1,16,1,3.0517578125e-04
g7838_g8319_B,sa1,30,0,1.3427734375e-03
g7966_g8362_B,sa1,16,1,3.9672851563e-04
g8199_g8462_B,sa1,16,1,3.3569335938e-04
g7887_g8612_B,sa1,16,1,3.6621093750e-04
g8199_g8624_B,sa1,16,1,4.8828125000e-04
g8094_g8648_B,sa1,1,1,3.0517578125e-05
g8342_g8688_B,sa1,30,0,1.2817382813e-03
g8342_g8697_B,sa1,30,0,9.4604492188e-04
g8464_g8728_B,sa1,18,1,9.1552734375e-04
g8564_g8826_B,sa1,1,1,3.0517578125e-05
g8585_g8832_B,sa1,1,1,3.0517578125e-05
g8545_g8836_B,sa1,1,1,3.0517578125e-05
g8524_g8848_B,sa1,1,1,3.0517578125e-05
g9248_g9277_A,sa1,30,0,1.3732910156e-03
g9255_g9279_A,sa1,30,0,1.3427734375e-03
g6664_g7784_B,sa0,2,1,2.2888183594e-05
g7634_g8279_D,sa0,2,1,6.1035156250e-05
g7634_g8694_C,sa0,2,1,6.1035156250e-05
g8493_g8863_A,sa0,2,1,6.1035156250e-05
II6996_II6997_B,sa1,1,1,6.2500000000e-02
g1879_g5567_A,sa1,2,1,4.8828125000e-04
II13220,sa0,0,1,0.0000000000e+00
II15020,sa0,8,1,3.6621093750e-04
II15101,sa0,8,1,2.4414062500e-04
II15110,sa0,8,1,2.4414062500e-04
II10060,sa1,8,1,2.3437500000e-01
II10142,sa0,30,0,2.3437500000e-01
g4707_II10142_A,sa0,,,2.3437500000e-01
g1916_II10142_B,sa0,,,2.3437500000e-01
II10223,sa0,5,1,2.5000000000e-01
g2522_II10223_A,sa0,,,2.5000000000e-01
g4895_II10223_B,sa0,,,2.5000000000e-01
II10313,sa0,30,0,2.9296875000e-02
g5484_II10313_A,sa0,,,2.9296875000e-02
g1041_II10313_B,sa0,,,2.9296875000e-02
II10321,sa1,1,1,2.5000000000e-01
II11122,sa1,1,1,2.5000000000e-01
II12031,sa1,30,0,3.2226562500e-02
II13003,sa1,1,1,1.2207031250e-04
g2595_g4879_A,sa1,1,1,6.2500000000e-02
g5939_g6476_A,sa1,1,1,9.7656250000e-04
g6098_g6579_A,sa0,9,1,2.4926757813e-01
g7367_g7559_A,sa1,30,0,5.3262710571e-04
g7367_g7676_A,sa1,30,0,1.5869140625e-03
g7367_g7694_A,sa1,30,0,1.5869140625e-03
g3764_g4877_D,sa1,2,1,1.2207031250e-04
g1667_g5699_A,sa1,4,1,2.1875000000e-01
g5971_g6399_A,sa1,2,1,9.7656250000e-04
g5984_g6574_B,sa1,30,0,7.3242187500e-03
g5874_g6757_A,sa1,1,1,9.7656250000e-04
g5790_g6489_C,sa0,18,1,3.1188964844e-02
g6984_g7195_A,sa1,4,1,4.6875000000e-02
g3466_g7598_B,sa1,3,1,1.8750000000e-01
g4969_g7607_B,sa1,3,1,3.0517578125e-04
g7367_g7658_A,sa1,30,0,4.7779083252e-04
g7937_g8383_B,sa1,16,1,3.6621093750e-04
g7793_g8455_B,sa1,16,1,3.6621093750e-04
g3819_g8686_A,sa1,2,1,6.1035156250e-05
g8363_g8695_B,sa1,30,0,9.7656250000e-04
g8342_g8698_B,sa1,30,0,9.4604492188e-04
g8386_g8726_B,sa1,30,0,9.7656250000e-04
g8493_g8745_B,sa1,18,1,8.5449218750e-04
g8564_g8845_B,sa1,1,1,3.0517578125e-05
g8564_g8854_B,sa1,1,1,3.0517578125e-05
g8585_g8860_B,sa1,1,1,3.0517578125e-05
g5639_g9259_B,sa1,0,1,0.0000000000e+00
g5649_g9276_B,sa1,0,1,0.0000000000e+00
g5769_g6465_C,sa0,30,0,4.2319297791e-04
g4748_g9359_A,sa1,0,1,0.0000000000e+00
g8239_g8847_B,sa0,12,1,5.4931640625e-04
II6996_II6998_B,sa1,1,1,6.2500000000e-02
g1879_g4839_A,sa1,2,1,7.8125000000e-03
II15030,sa0,8,1,3.6621093750e-04
II15111,sa0,8,1,3.0517578125e-04
II15102,sa0,30,0,9.4604492188e-04
II15021,sa0,30,0,1.2817382813e-03
II10017,sa0,8,1,2.5000000000e-01
g4700_II10017_A,sa0,,,2.5000000000e-01
g2174_II10017_B,sa0,,,2.5000000000e-01
II10061,sa1,8,1,2.3437500000e-01
II10071,sa0,16,1,2.5000000000e-01
g4954_II10071_A,sa0,,,2.5000000000e-01
g2253_II10071_B,sa0,,,2.5000000000e-01
II10142,sa1,1,1,7.8125000000e-03
II10223,sa1,4,1,2.3437500000e-01
II10305,sa0,2,1,5.0000000000e-01
g5470_II10305_A,sa0,,,5.0000000000e-01
g3019_II10305_B,sa0,,,5.0000000000e-01
II10313,sa1,1,1,9.7656250000e-04
II10322,sa1,1,1,2.5000000000e-01
II11115,sa0,2,1,5.0000000000e-01
g5481_II11115_A,sa0,,,5.0000000000e-01
g3062_II11115_B,sa0,,,5.0000000000e-01
II11123,sa1,1,1,2.5000000000e-01
II11142,sa0,2,1,5.0000000000e-01
g5493_II11142_A,sa0,,,5.0000000000e-01
g3062_II11142_B,sa0,,,5.0000000000e-01
II11150,sa1,1,1,2.5000000000e-01
II12015,sa0,30,0,3.9062500000e-02
g5874_II12015_A,sa0,,,3.9062500000e-02
g5847_II12015_B,sa0,,,3.9062500000e-02
II12032,sa1,30,0,3.2226562500e-02
II12051,sa0,30,0,4.7363281250e-02
g5956_II12051_A,sa0,,,4.7363281250e-02
g5939_II12051_B,sa0,,,4.7363281250e-02
II13004,sa1,9,1,6.2377929688e-02
g4483_g7698_B,sa1,30,0,5.4883956909e-04
g7367_g7695_A,sa1,30,0,6.8473815918e-04
g4288_g4877_C,sa1,30,0,1.8310546875e-03
g4969_g5583_B,sa1,3,1,1.5625000000e-01
g5494_g6399_B,sa1,30,0,1.4648437500e-02
g6239_g6689_B,sa1,30,0,2.7465820313e-03
g5897_g6726_A,sa1,2,1,9.7656250000e-04
g6677_g7079_B,sa1,2,1,3.7500000000e-01
g7855_g8259_B,sa1,30,0,9.4604492188e-04
g7870_g8289_B,sa1,30,0,9.7656250000e-04
g7838_g8294_B,sa1,30,0,9.7656250000e-04
g7993_g8328_B,sa1,16,1,3.0517578125e-04
g7966_g8337_B,sa1,16,1,3.9672851563e-04
g7887_g8380_B,sa1,16,1,3.3569335938e-04
g7793_g8384_B,sa1,16,1,4.8828125000e-04
g7793_g8438_B,sa1,16,1,3.6621093750e-04
g7887_g8542_B,sa1,16,1,4.8828125000e-04
g8199_g8626_B,sa1,16,1,3.6621093750e-04
g8363_g8687_B,sa1,30,0,9.7656250000e-04
g8386_g8709_B,sa1,30,0,1.2817382813e-03
g8386_g8718_B,sa1,30,0,9.1552734375e-04
g8493_g8737_B,sa1,18,1,9.1552734375e-04
g8464_g8739_B,sa1,18,1,8.5449218750e-04
g8564_g8837_B,sa1,1,1,3.0517578125e-05
g8585_g8843_B,sa1,1,1,3.0517578125e-05
g5665_g9279_B,sa1,0,1,0.0000000000e+00
g8199_g8655_A,sa0,2,1,6.1035156250e-05
g8613_g8699_B,sa0,8,1,4.8828125000e-04
g8493_g8847_A,sa0,2,1,6.1035156250e-05
II9985_II9986_B,sa1,8,1,2.4902343750e-01
g1000,sa0,1,1,5.0000000000e-01
II14302,sa0,30,0,6.8710327148e-02
II15031,sa0,8,1,3.6621093750e-04
II15040,sa0,8,1,2.4414062500e-04
II15112,sa0,8,1,2.4414062500e-04
II15400,sa0,6,1,1.8310546875e-04
II10009,sa0,6,1,1.2500000000e-01
g1949_II10009_A,sa0,,,1.2500000000e-01
g4821_II10009_B,sa0,,,1.2500000000e-01
II10017,sa1,6,1,2.1875000000e-01
II10062,sa1,2,1,1.5625000000e-02
II10071,sa1,14,1,2.4804687500e-01
II10080,sa1,2,1,9.7656250000e-04
II10143,sa1,0,1,0.0000000000e+00
II10224,sa1,1,1,1.5625000000e-02
II10305,sa1,1,1,2.5000000000e-01
II10314,sa1,1,1,9.7656250000e-04
II11115,sa1,1,1,2.5000000000e-01
II11124,sa1,1,1,2.5000000000e-01
II11142,sa1,1,1,2.5000000000e-01
II11151,sa1,1,1,2.5000000000e-01
II11170,sa0,2,1,5.0000000000e-01
g5477_II11170_A,sa0,,,5.0000000000e-01
g3038_II11170_B,sa0,,,5.0000000000e-01
II12015,sa1,30,0,3.9062500000e-02
II12033,sa1,30,0,3.2226562500e-02
II12051,sa1,30,0,3.7597656250e-02
II13213,sa0,30,0,3.9062500000e-02
g7065_II13213_A,sa0,,,3.9062500000e-02
g7082_II13213_B,sa0,,,3.9062500000e-02
g5988_g6473_B,sa1,1,1,9.7656250000e-04
g5847_g6497_B,sa1,1,1,9.7656250000e-04
g7367_g7678_A,sa1,30,0,5.8719515800e-04
g7367_g7696_A,sa1,30,0,4.7826766968e-04
g4969_g5593_B,sa1,3,1,3.9062500000e-02
g6538_g6994_B,sa1,0,1,0.0000000000e+00
g7483_g7598_A,sa1,2,1,1.2500000000e-01
g7658_g8079_B,sa1,10,1,5.4931640625e-04
g7658_g8088_B,sa1,10,1,5.4931640625e-04
g7993_g8275_B,sa1,16,1,2.7465820313e-04
g7855_g8287_B,sa1,30,0,1.0070800781e-03
g7966_g8329_B,sa1,16,1,2.7465820313e-04
g7887_g8543_B,sa1,16,1,4.8828125000e-04
g8493_g8729_B,sa1,18,1,9.1552734375e-04
g8483_g8748_B,sa1,18,1,7.9345703125e-04
g5658_g9278_B,sa1,0,1,0.0000000000e+00
g8199_g8656_A,sa0,2,1,6.1035156250e-05
g7658_g8279_A,sa0,2,1,6.1035156250e-05
g7658_g8855_A,sa0,2,1,6.1035156250e-05
II9985_II9987_B,sa1,8,1,2.4902343750e-01
g1000,sa1,1,1,5.0000000000e-01
II11603,sa0,30,0,1.0144042969e-01
II15032,sa0,8,1,3.6621093750e-04
II15041,sa0,8,1,2.4414062500e-04
II15230,sa0,8,1,2.4414062500e-04
II15113,sa0,30,0,9.4604492188e-04
II10009,sa1,5,1,1.2109375000e-01
II10018,sa1,6,1,2.1875000000e-01
II10072,sa1,14,1,2.4804687500e-01
II10144,sa1,5,1,2.4218750000e-01
II10225,sa1,4,1,2.3437500000e-01
II10306,sa1,1,1,2.5000000000e-01
II10315,sa1,6,1,6.1523437500e-02
II10334,sa0,2,1,5.0000000000e-01
g5462_II10334_A,sa0,,,5.0000000000e-01
g2573_II10334_B,sa0,,,5.0000000000e-01
II10360,sa1,1,1,1.9531250000e-03
II10900,sa1,1,1,2.5000000000e-01
II11080,sa1,2,1,6.1035156250e-05
II11108,sa0,2,1,5.0000000000e-01
g5522_II11108_A,sa0,,,5.0000000000e-01
g2734_II11108_B,sa0,,,5.0000000000e-01
II11116,sa1,1,1,2.5000000000e-01
II11135,sa0,2,1,5.0000000000e-01
g5476_II11135_A,sa0,,,5.0000000000e-01
g3052_II11135_B,sa0,,,5.0000000000e-01
II11143,sa1,1,1,2.5000000000e-01
II11170,sa1,1,1,2.5000000000e-01
II12016,sa1,30,0,3.9062500000e-02
II12052,sa1,30,0,3.7109375000e-02
II13016,sa0,30,0,7.3242187500e-03
g6941_II13016_A,sa0,,,7.3242187500e-03
g1142_II13016_B,sa0,,,7.3242187500e-03
II13213,sa1,30,0,3.5156250000e-02
II13600,sa1,10,1,2.4975585938e-01
g4469_g7696_B,sa1,30,0,8.0657005310e-04
g5988_g6394_A,sa1,2,1,9.7656250000e-04
g4969_g6971_B,sa1,3,1,2.4414062500e-03
g6498_g6972_B,sa1,0,1,0.0000000000e+00
g7658_g8089_B,sa1,10,1,5.4931640625e-04
g7793_g8359_B,sa1,16,1,3.6621093750e-04
g7887_g8382_B,sa1,16,1,3.3569335938e-04
g4969_g8609_B,sa1,3,1,7.6293945313e-05
g8199_g8628_B,sa1,16,1,3.6621093750e-04
g3488_g8687_A,sa1,2,1,6.1035156250e-05
g3774_g8698_A,sa1,2,1,6.1035156250e-05
g8585_g8827_B,sa1,1,1,3.0517578125e-05
g8564_g8857_B,sa1,1,1,3.0517578125e-05
g7658_g8694_A,sa0,2,1,6.1035156250e-05
g8239_g8679_B,sa0,12,1,6.1035156250e-04
g8239_g8859_B,sa0,12,1,6.1035156250e-04
g1011,sa0,30,0,9.9639892578e-03
II5413,sa1,,,9.9639892578e-03
g1016,sa0,,,9.9639892578e-03
II15042,sa0,8,1,3.0517578125e-04
II15051,sa0,8,1,2.4414062500e-04
II15231,sa0,8,1,2.4414062500e-04
II15240,sa0,8,1,2.4414062500e-04
II15033,sa0,30,0,1.2817382813e-03
g1110,sa0,7,1,2.5048828125e-01
II10019,sa1,2,1,3.1250000000e-02
II10038,sa0,12,1,2.5000000000e-01
g4893_II10038_A,sa0,,,2.5000000000e-01
g2202_II10038_B,sa0,,,2.5000000000e-01
II10073,sa1,2,1,1.9531250000e-03
II10092,sa0,14,1,2.5000000000e-01
g4881_II10092_A,sa0,,,2.5000000000e-01
g2177_II10092_B,sa0,,,2.5000000000e-01
II10307,sa1,1,1,2.5000000000e-01
II10334,sa1,1,1,2.5000000000e-01
II10361,sa1,6,1,1.2304687500e-01
g2100,sa0,1,1,5.0000000000e-01
g1227,sa1,,,5.0000000000e-01
II10820,sa1,1,1,2.4414062500e-04
II10901,sa1,1,1,2.5000000000e-01
II11108,sa1,1,1,2.5000000000e-01
II11117,sa1,1,1,2.5000000000e-01
II11135,sa1,1,1,2.5000000000e-01
II11144,sa1,1,1,2.5000000000e-01
II11163,sa0,2,1,5.0000000000e-01
g5469_II11163_A,sa0,,,5.0000000000e-01
g3029_II11163_B,sa0,,,5.0000000000e-01
II11171,sa1,1,1,2.5000000000e-01
II12017,sa1,30,0,3.9062500000e-02
II12053,sa1,30,0,3.7109375000e-02
II12080,sa1,30,0,3.7109375000e-02
II13016,sa1,1,1,2.4414062500e-04
II13214,sa1,30,0,3.5156250000e-02
II13800,sa0,30,0,9.1552734375e-04
g7429_II13800_A,sa0,,,9.1552734375e-04
g1061_II13800_B,sa0,,,9.1552734375e-04
g7367_g7698_A,sa1,30,0,2.4247169495e-04
g7367_g7689_A,sa1,30,0,1.3122558594e-03
g7838_g8288_B,sa1,30,0,9.7656250000e-04
g8199_g8458_B,sa1,16,1,3.6621093750e-04
g7793_g8459_B,sa1,16,1,3.3569335938e-04
g3798_g8693_A,sa1,2,1,6.1035156250e-05
g8493_g8749_B,sa1,18,1,9.1552734375e-04
g8585_g8846_B,sa1,1,1,3.0517578125e-05
g8199_g8658_A,sa0,2,1,6.1035156250e-05
g7634_g8699_C,sa0,2,1,6.1035156250e-05
g8493_g8679_A,sa0,2,1,6.1035156250e-05
g8493_g8859_A,sa0,2,1,6.1035156250e-05
g1021,sa0,30,0,1.4244079590e-01
g1300,sa0,1,1,5.0000000000e-01
g2020,sa0,30,0,4.2986869812e-04
II5855,sa1,,,4.2986869812e-04
g71_II5855_A,sa0,,,4.2986869812e-04
g1030,sa0,25,1,2.1838378906e-01
II15043,sa0,8,1,2.4414062500e-04
II15052,sa0,8,1,2.4414062500e-04
II15232,sa0,30,0,9.1552734375e-04
II15241,sa0,8,1,2.4414062500e-04
II15250,sa0,8,1,2.4414062500e-04
g1102,sa0,5,1,2.5048828125e-01
g2011,sa0,30,0,7.8673474491e-06
II5847,sa1,,,7.8673474491e-06
g1360_II5847_A,sa0,,,7.8673474491e-06
g1110,sa1,7,1,2.5048828125e-01
II10038,sa1,10,1,2.4218750000e-01
II10092,sa1,12,1,2.4609375000e-01
II10327,sa0,2,1,5.0000000000e-01
g5467_II10327_A,sa0,,,5.0000000000e-01
g2562_II10327_B,sa0,,,5.0000000000e-01
II10335,sa1,1,1,2.5000000000e-01
g2100,sa1,1,1,5.0000000000e-01
g1227,sa0,,,5.0000000000e-01
II11109,sa1,1,1,2.5000000000e-01
II11136,sa1,1,1,2.5000000000e-01
II11163,sa1,1,1,2.5000000000e-01
II11172,sa1,1,1,2.5000000000e-01
II11550,sa1,1,1,4.8828125000e-04
II11614,sa0,30,0,7.5645446777e-03
g6239_II11614_A,sa0,,,7.5645446777e-03
g1519_II11614_B,sa0,,,7.5645446777e-03
II12180,sa1,1,1,7.8125000000e-03
II12550,sa0,30,0,4.7111511230e-03
g6689_II12550_A,sa0,,,4.7111511230e-03
g1462_II12550_B,sa0,,,4.7111511230e-03
II13017,sa1,1,1,2.4414062500e-04
II13215,sa1,30,0,3.5156250000e-02
II13800,sa1,1,1,3.0517578125e-05
g4486_g7699_B,sa1,0,1,0.0000000000e+00
g7367_g7699_A,sa1,30,0,1.8310546875e-03
g4969_g6487_B,sa1,3,1,4.8828125000e-03
g5769_g6489_B,sa0,18,1,3.1188964844e-02
g7993_g8278_B,sa1,16,1,2.7465820313e-04
g7966_g8377_B,sa1,16,1,3.0517578125e-04
g7793_g8379_B,sa1,16,1,4.8828125000e-04
g4969_g8764_B,sa1,3,1,3.8146972656e-05
g8585_g8838_B,sa1,1,1,3.0517578125e-05
g8199_g8659_A,sa0,2,1,6.1035156250e-05
II9978_II9979_B,sa1,7,1,2.4804687500e-01
g1211,sa0,1,1,5.0000000000e-01
g1220,sa0,1,1,5.0000000000e-01
g1021,sa1,30,0,1.3592147827e-01
g1300,sa1,1,1,5.0000000000e-01
g4100,sa0,1,1,2.5000000000e-01
g113,sa0,,,2.5000000000e-01
g3648,sa0,,,2.5000000000e-01
g2424_g3648_A,sa1,,,2.5000000000e-01
g2020,sa1,30,0,2.8042774647e-04
II5855,sa0,,,2.8042774647e-04
g71_II5855_A,sa1,,,2.8042774647e-04
g4000,sa1,3,1,1.8750000000e-01
g3131_g4000_A,sa0,,,1.8750000000e-01
g3002,sa0,1,1,1.2500000000e-01
g871_g3002_A,sa0,,,1.2500000000e-01
g1834_g3002_B,sa0,,,1.2500000000e-01
g1030,sa1,25,1,2.1838378906e-01
II15017,sa0,8,1,3.0517578125e-04
II15053,sa0,8,1,3.0517578125e-04
II15071,sa0,8,1,3.6621093750e-04
II15242,sa0,8,1,2.4414062500e-04
II15044,sa0,30,0,9.4604492188e-04
II15251,sa0,8,1,2.4414062500e-04
II15152,sa0,6,1,3.0517578125e-04
g1130,sa0,4,1,3.7500000000e-01
g1102,sa1,5,1,2.5048828125e-01
g2011,sa1,30,0,7.8673474491e-06
II5847,sa0,,,7.8673474491e-06
g1360_II5847_A,sa1,,,7.8673474491e-06
II10039,sa1,10,1,2.4218750000e-01
II10093,sa1,12,1,2.4609375000e-01
II10327,sa1,1,1,2.5000000000e-01
II10336,sa1,1,1,2.5000000000e-01
II10625,sa0,30,0,9.9029541016e-03
g5314_II10625_A,sa0,,,9.9029541016e-03
g1514_II10625_B,sa0,,,9.9029541016e-03
g2210,sa0,22,1,2.5000000000e-01
g1326,sa1,,,2.5000000000e-01
II11137,sa1,1,1,2.5000000000e-01
II11156,sa0,2,1,5.0000000000e-01
g5482_II11156_A,sa0,,,5.0000000000e-01
g3052_II11156_B,sa0,,,5.0000000000e-01
II11164,sa1,1,1,2.5000000000e-01
II11551,sa1,7,1,6.2011718750e-02
II11614,sa1,22,1,1.5716552734e-03
II11750,sa0,30,0,3.7246704102e-01
g6112_II11750_A,sa0,,,3.7246704102e-01
g1486_II11750_B,sa0,,,3.7246704102e-01
II12181,sa1,5,1,2.4218750000e-01
II12550,sa1,15,1,7.1716308594e-04
II13018,sa1,9,1,1.2475585938e-01
II13801,sa1,1,1,3.0517578125e-05
g4969_g5588_B,sa1,3,1,7.8125000000e-02
g2999_g8729_A,sa1,2,1,6.1035156250e-05
g1211,sa1,1,1,5.0000000000e-01
g1220,sa1,1,1,5.0000000000e-01
g1401,sa0,1,1,2.5000000000e-01
g4101,sa0,1,1,2.5000000000e-01
g108,sa0,,,2.5000000000e-01
g3649,sa0,,,2.5000000000e-01
g2424_g3649_A,sa1,,,2.5000000000e-01
g5001,sa0,2,1,1.2500000000e-01
g458,sa0,,,1.2500000000e-01
g3912,sa0,,,1.2500000000e-01
g3192_g3912_A,sa1,,,1.2500000000e-01
g4001,sa1,3,1,1.8750000000e-01
g3160_g4001_A,sa0,,,1.8750000000e-01
g4010,sa1,3,1,1.8750000000e-01
g3097_g4010_A,sa0,,,1.8750000000e-01
g3011,sa1,30,0,1.3977050781e-01
g3012,sa0,2,1,1.2500000000e-01
II6758,sa0,,,1.2500000000e-01
g186_II6758_A,sa0,,,1.2500000000e-01
II6757_II6758_B,sa0,,,1.2500000000e-01
II6759,sa0,,,1.2500000000e-01
g1983_II6759_A,sa0,,,1.2500000000e-01
II6757_II6759_B,sa0,,,1.2500000000e-01
g3002,sa1,7,1,8.7500000000e-01
II15018,sa0,8,1,3.6621093750e-04
II15054,sa0,8,1,2.4414062500e-04
II15072,sa0,8,1,3.6621093750e-04
II15243,sa0,30,0,9.1552734375e-04
II15252,sa0,8,1,2.4414062500e-04
II15261,sa0,8,1,2.4414062500e-04
g1130,sa1,4,1,3.7500000000e-01
g2202,sa0,12,1,2.5000000000e-01
g1321,sa1,,,2.5000000000e-01
II10094,sa1,2,1,3.9062500000e-03
g1041,sa0,9,1,3.7500000000e-01
II10328,sa1,1,1,2.5000000000e-01
II10625,sa1,28,1,3.2806396484e-03
II10743,sa0,10,1,2.5000000000e-01
g5550_II10743_A,sa0,,,2.5000000000e-01
g2100_II10743_B,sa0,,,2.5000000000e-01
II10923,sa0,2,1,5.0000000000e-01
g5525_II10923_A,sa0,,,5.0000000000e-01
g2752_II10923_B,sa0,,,5.0000000000e-01
g2210,sa1,22,1,2.5000000000e-01
g1326,sa0,,,2.5000000000e-01
II11094,sa0,2,1,5.0000000000e-01
g5515_II11094_A,sa0,,,5.0000000000e-01
g2734_II11094_B,sa0,,,5.0000000000e-01
II11156,sa1,1,1,2.5000000000e-01
II11165,sa1,1,1,2.5000000000e-01
II11184,sa0,2,1,5.0000000000e-01
g5474_II11184_A,sa0,,,5.0000000000e-01
g3029_II11184_B,sa0,,,5.0000000000e-01
g1122,sa0,10,1,2.5048828125e-01
II11615,sa1,4,1,1.7089843750e-03
II11750,sa1,4,1,2.7465820313e-04
II11841,sa0,8,1,2.5000000000e-01
g2548_II11841_A,sa0,,,2.5000000000e-01
g6158_II11841_B,sa0,,,2.5000000000e-01
II12551,sa1,4,1,8.5449218750e-04
II13640,sa1,30,0,4.5898437500e-02
II13802,sa1,11,1,6.2469482422e-02
II14244,sa0,30,0,4.5776367188e-04
g7683_II14244_A,sa0,,,4.5776367188e-04
g1065_II14244_B,sa0,,,4.5776367188e-04
g6556_g6999_B,sa1,0,1,0.0000000000e+00
g2989_g8749_A,sa1,2,1,6.1035156250e-05
g8585_g8849_B,sa1,1,1,3.0517578125e-05
g8585_g8858_B,sa1,1,1,3.0517578125e-05
g4969_g8892_B,sa1,3,1,2.2888183594e-05
g1006,sa0,1,1,3.0517578125e-05
II5410,sa1,,,3.0517578125e-05
g8866,sa0,,,3.0517578125e-05
II15184,sa1,,,3.0517578125e-05
g8684,sa0,,,3.0517578125e-05
II14848,sa1,,,3.0517578125e-05
g8625,sa0,,,3.0517578125e-05
g1015,sa0,2,1,1.3732910156e-04
II5416,sa1,,,1.3732910156e-04
g8868,sa0,,,1.3732910156e-04
II15190,sa1,,,1.3732910156e-04
g8685,sa0,,,1.3732910156e-04
II14851,sa1,,,1.3732910156e-04
g8630,sa0,,,1.3732910156e-04
g3130,sa0,1,1,5.0000000000e-01
II6849,sa1,,,5.0000000000e-01
g368_II6849_A,sa0,,,5.0000000000e-01
g1240,sa0,1,1,5.0000000000e-01
g1330,sa0,30,0,2.5001347065e-01
g1600,sa0,1,1,1.9531250000e-03
g976_g1600_A,sa1,,,1.9531250000e-03
g1231,sa0,1,1,5.0000000000e-01
g5020,sa0,2,1,1.2500000000e-01
g579,sa0,,,1.2500000000e-01
g3937,sa0,,,1.2500000000e-01
g2845_g3937_A,sa1,,,1.2500000000e-01
g4002,sa1,3,1,1.8750000000e-01
g3192_g4002_A,sa0,,,1.8750000000e-01
g4110,sa1,4,1,6.2500000000e-02
g6001,sa0,7,1,1.2500000000e-01
g5540,sa0,,,1.2500000000e-01
II9954,sa0,,,1.2500000000e-01
g2131_II9954_A,sa0,,,1.2500000000e-01
II9953_II9954_B,sa0,,,1.2500000000e-01
II9955,sa0,,,1.2500000000e-01
g4831_II9955_A,sa0,,,1.2500000000e-01
II9953_II9955_B,sa0,,,1.2500000000e-01
g2407_g6001_B,sa0,,,1.2500000000e-01
g5101,sa0,1,1,1.2500000000e-01
g4259_g5101_A,sa1,,,1.2500000000e-01
g2230,sa0,15,1,1.8310546875e-03
g2014,sa0,1,1,1.2500000000e-01
II15019,sa0,8,1,3.6621093750e-04
II15073,sa0,8,1,3.6621093750e-04
II15082,sa0,8,1,2.4414062500e-04
II15109,sa0,8,1,2.4414062500e-04
II15253,sa0,8,1,2.4414062500e-04
II15262,sa0,8,1,2.4414062500e-04
II15055,sa0,30,0,9.1552734375e-04
II15172,sa0,6,1,3.0517578125e-04
g3220,sa0,4,1,9.3750000000e-02
g1889_g3220_A,sa1,,,9.3750000000e-02
g1114,sa0,8,1,2.5048828125e-01
g5002,sa0,7,1,1.7187500000e-01
g4335_g5002_A,sa1,,,1.7187500000e-01
g2131,sa0,8,1,1.2792968750e-01
g1300_g2131_A,sa1,,,1.2792968750e-01
g2202,sa1,12,1,2.5000000000e-01
g1321,sa0,,,2.5000000000e-01
II10078,sa0,18,1,2.5000000000e-01
g4911_II10078_A,sa0,,,2.5000000000e-01
g2256_II10078_B,sa0,,,2.5000000000e-01
g1041,sa1,9,1,3.7500000000e-01
II10329,sa1,1,1,2.5000000000e-01
II10626,sa1,22,1,3.3721923828e-03
II10743,sa1,9,1,2.4951171875e-01
II10834,sa0,2,1,5.0000000000e-01
g5514_II10834_A,sa0,,,5.0000000000e-01
g2584_II10834_B,sa0,,,5.0000000000e-01
II10906,sa0,2,1,5.0000000000e-01
g5492_II10906_A,sa0,,,5.0000000000e-01
g2605_II10906_B,sa0,,,5.0000000000e-01
II10923,sa1,1,1,2.5000000000e-01
II11094,sa1,1,1,2.5000000000e-01
II11149,sa0,2,1,5.0000000000e-01
g5473_II11149_A,sa0,,,5.0000000000e-01
g3038_II11149_B,sa0,,,5.0000000000e-01
II11157,sa1,1,1,2.5000000000e-01
II11184,sa1,1,1,2.5000000000e-01
g1122,sa1,10,1,2.5048828125e-01
II11616,sa1,30,0,7.0266723633e-02
II11751,sa1,4,1,2.7465820313e-04
II11841,sa1,7,1,2.4804687500e-01
II12552,sa1,30,0,1.0925292969e-01
II12832,sa0,30,0,3.8085937500e-02
g6722_II12832_A,sa0,,,3.8085937500e-02
g6709_II12832_B,sa0,,,3.8085937500e-02
II14244,sa1,1,1,1.5258789063e-05
g3310,sa0,4,1,2.3437500000e-01
g4969_g5599_B,sa1,3,1,1.9531250000e-02
g7887_g8378_B,sa1,16,1,3.6621093750e-04
g7658_g8699_A,sa0,2,1,6.1035156250e-05
g1006,sa1,30,0,3.6621093750e-03
II5410,sa0,,,3.6621093750e-03
g8866,sa1,,,3.6621093750e-03
II15184,sa0,,,3.6621093750e-03
g8684,sa1,,,3.6621093750e-03
II14848,sa0,,,3.6621093750e-03
g8625,sa1,,,3.6621093750e-03
g1000_g8625_A,sa1,,,3.6621093750e-03
g6573,sa1,,,3.6621093750e-03
g5868_g6573_A,sa0,,,3.6621093750e-03
g1860_g8625_C,sa1,,,3.6621093750e-03
g8009_g8625_D,sa1,,,3.6621093750e-03
g1015,sa1,30,0,4.7607421875e-03
II5416,sa0,,,4.7607421875e-03
g8868,sa1,,,4.7607421875e-03
II15190,sa0,,,4.7607421875e-03
g8685,sa1,,,4.7607421875e-03
II14851,sa0,,,4.7607421875e-03
g8630,sa1,,,4.7607421875e-03
g6110,sa1,,,4.7607421875e-03
g5335_g6110_A,sa0,,,4.7607421875e-03
g7784_g8630_B,sa1,,,4.7607421875e-03
g3591_g8630_C,sa1,,,4.7607421875e-03
g1864,sa1,,,4.7607421875e-03
g162_g1864_A,sa0,,,4.7607421875e-03
g3130,sa1,1,1,5.0000000000e-01
II6849,sa0,,,5.0000000000e-01
g368_II6849_A,sa1,,,5.0000000000e-01
g7100,sa0,15,1,2.9687500000e-01
II12888,sa1,,,2.9687500000e-01
g6948,sa0,,,2.9687500000e-01
II12655,sa1,,,2.9687500000e-01
g6458,sa0,,,2.9687500000e-01
g1240,sa1,1,1,5.0000000000e-01
g1214,sa0,1,1,5.0000000000e-01
g1313,sa0,2,1,2.5000000000e-01
g1330,sa1,30,0,2.5000631576e-01
g13,sa0,1,1,5.0000000000e-01
g1430,sa0,2,1,1.8750000000e-01
g1412,sa0,4,1,3.1250000000e-01
g3014,sa0,12,1,4.9987792969e-01
II6767,sa1,,,4.9987792969e-01
g1933,sa0,,,4.9987792969e-01
g1247_g1933_A,sa1,,,4.9987792969e-01
g1304,sa0,18,1,4.9707031250e-01
g1600,sa1,1,1,1.9531250000e-03
g976_g1600_A,sa0,,,1.9531250000e-03
g6110,sa0,2,1,1.3732910156e-04
g5335_g6110_A,sa1,,,1.3732910156e-04
g1025,sa0,30,0,1.2829780579e-01
g4201,sa1,30,0,9.4848632813e-02
g3131,sa0,30,0,6.8325805664e-01
g1231,sa1,1,1,5.0000000000e-01
g5030,sa0,2,1,1.2500000000e-01
g233,sa0,,,1.2500000000e-01
g3946,sa0,,,1.2500000000e-01
g3097_g3946_A,sa1,,,1.2500000000e-01
g4003,sa1,3,1,1.8750000000e-01
g3192_g4003_A,sa0,,,1.8750000000e-01
g4021,sa1,3,1,1.8750000000e-01
g3131_g4021_A,sa0,,,1.8750000000e-01
g4030,sa1,3,1,1.8750000000e-01
g3160_g4030_A,sa0,,,1.8750000000e-01
g4202,sa0,9,1,2.5390625000e-01
g2810_g4202_A,sa1,,,2.5390625000e-01
g7001,sa0,7,1,4.8437500000e-01
g3722,sa0,,,4.8437500000e-01
II7215,sa0,,,4.8437500000e-01
g815_II7215_A,sa0,,,4.8437500000e-01
II7214_II7215_B,sa0,,,4.8437500000e-01
II7216,sa0,,,4.8437500000e-01
g2091_II7216_A,sa0,,,4.8437500000e-01
II7214_II7216_B,sa0,,,4.8437500000e-01
g6562_g7001_B,sa0,,,4.8437500000e-01
g6002,sa0,4,1,1.2500000000e-01
g5539,sa0,,,1.2500000000e-01
II9947,sa0,,,1.2500000000e-01
g2128_II9947_A,sa0,,,1.2500000000e-01
II9946_II9947_B,sa0,,,1.2500000000e-01
II9948,sa0,,,1.2500000000e-01
g4905_II9948_A,sa0,,,1.2500000000e-01
II9946_II9948_B,sa0,,,1.2500000000e-01
g2407_g6002_B,sa0,,,1.2500000000e-01
g5101,sa1,0,1,0.0000000000e+00
g4259_g5101_A,sa0,,,0.0000000000e+00
g2213,sa0,15,1,1.8310546875e-03
g1421,sa0,2,1,2.5000000000e-01
g2330,sa0,30,0,2.8610229492e-05
II6134,sa0,,,2.8610229492e-05
g846_II6134_A,sa0,,,2.8610229492e-05
II6133_II6134_B,sa0,,,2.8610229492e-05
II6135,sa0,,,2.8610229492e-05
g916_II6135_A,sa0,,,2.8610229492e-05
II6133_II6135_B,sa0,,,2.8610229492e-05
g1160,sa0,1,1,5.0000000000e-01
II13553,sa0,30,0,1.8731689453e-01
II14219,sa0,13,1,6.1798095703e-04
II14480,sa0,8,1,3.0517578125e-04
II15029,sa0,8,1,3.0517578125e-04
II15074,sa0,8,1,3.6621093750e-04
II15083,sa0,8,1,2.4414062500e-04
II15254,sa0,30,0,9.1552734375e-04
II15263,sa0,8,1,2.4414062500e-04
II15272,sa0,8,1,2.4414062500e-04
II15290,sa0,8,1,2.4414062500e-04
II14831,sa0,6,1,3.0517578125e-04
g2105,sa0,2,1,1.8750000000e-01
g1444_g2105_A,sa1,,,1.8750000000e-01
g2051,sa0,5,1,3.1250000000e-01
g1444_g2051_A,sa0,,,3.1250000000e-01
g1450_g2051_B,sa0,,,3.1250000000e-01
g2006,sa0,5,1,2.5000000000e-01
g806_g2006_A,sa1,,,2.5000000000e-01
g1106,sa0,6,1,2.5048828125e-01
g3220,sa1,4,1,7.0312500000e-02
g1889_g3220_A,sa0,,,7.0312500000e-02
g4400,sa0,2,1,7.8125000000e-03
g1138_g4400_A,sa0,,,7.8125000000e-03
g3614_g4400_B,sa0,,,7.8125000000e-03
g4220,sa0,4,1,7.8125000000e-03
g3533_g4220_A,sa0,,,7.8125000000e-03
g3549_g4220_B,sa0,,,7.8125000000e-03
g3568_g4220_C,sa0,,,7.8125000000e-03
g3583_g4220_D,sa0,,,7.8125000000e-03
g4310,sa0,9,1,3.7500000000e-01
g3666_g4310_A,sa0,,,3.7500000000e-01
g2460_g4310_B,sa0,,,3.7500000000e-01
g1114,sa1,8,1,2.5048828125e-01
g5002,sa1,13,1,1.4843750000e-01
g4335_g5002_A,sa0,,,1.4843750000e-01
g2131,sa1,8,1,1.2792968750e-01
g1300_g2131_A,sa0,,,1.2792968750e-01
II10078,sa1,16,1,2.4902343750e-01
II10196,sa0,30,0,4.6875000000e-01
g4724_II10196_A,sa0,,,4.6875000000e-01
g1958_II10196_B,sa0,,,4.6875000000e-01
II10627,sa1,30,0,8.7646484375e-02
II10744,sa1,9,1,2.4951171875e-01
II10834,sa1,1,1,2.5000000000e-01
II10906,sa1,1,1,2.5000000000e-01
II10924,sa1,1,1,2.5000000000e-01
II10952,sa0,24,1,2.5000000000e-01
g5565_II10952_A,sa0,,,2.5000000000e-01
g2340_II10952_B,sa0,,,2.5000000000e-01
II11078,sa0,26,1,2.5000000000e-01
g5697_II11078_A,sa0,,,2.5000000000e-01
g2511_II11078_B,sa0,,,2.5000000000e-01
II11095,sa1,1,1,2.5000000000e-01
II11149,sa1,1,1,2.5000000000e-01
II11158,sa1,1,1,2.5000000000e-01
II11177,sa0,2,1,5.0000000000e-01
g5466_II11177_A,sa0,,,5.0000000000e-01
g3019_II11177_B,sa0,,,5.0000000000e-01
II11185,sa1,1,1,2.5000000000e-01
II11752,sa1,30,0,3.5028076172e-01
II11842,sa1,1,1,1.9531250000e-03
II12832,sa1,30,0,3.6132812500e-02
g7010,sa0,2,1,2.4414062500e-04
g1049_g7010_A,sa0,,,2.4414062500e-04
g6574_g7010_B,sa0,,,2.4414062500e-04
g1142,sa0,11,1,2.5048828125e-01
g1061,sa0,14,1,3.7500000000e-01
II14245,sa1,1,1,1.5258789063e-05
g3310,sa1,9,1,5.9375000000e-01
g936_g3310_A,sa1,,,5.9375000000e-01
g2557_g3310_B,sa1,,,5.9375000000e-01
g1034,sa0,1,1,5.0000000000e-01
g2020_II8001_C,sa1,16,1,1.0984949768e-04
g1017,sa0,1,1,5.0000000000e-01
II5419,sa1,,,5.0000000000e-01
g1603_II5419_A,sa0,,,5.0000000000e-01
g6300,sa0,1,1,5.0000000000e-01
II11227,sa1,,,5.0000000000e-01
g6130,sa0,,,5.0000000000e-01
II10761,sa1,,,5.0000000000e-01
g5302_II10761_A,sa0,,,5.0000000000e-01
g7110,sa0,12,1,1.2500000000e-01
II12918,sa1,,,1.2500000000e-01
g7013,sa0,,,1.2500000000e-01
II12757,sa1,,,1.2500000000e-01
g6577,sa0,,,1.2500000000e-01
g6142,sa0,,,1.2500000000e-01
II10790,sa0,,,1.2500000000e-01
g5512_II10790_A,sa0,,,1.2500000000e-01
II10789_II10790_B,sa0,,,1.2500000000e-01
II10791,sa0,,,1.2500000000e-01
g2170_II10791_A,sa0,,,1.2500000000e-01
II10789_II10791_B,sa0,,,1.2500000000e-01
g4160_g6577_B,sa0,,,1.2500000000e-01
g7100,sa1,10,1,7.0312500000e-01
II12888,sa0,,,7.0312500000e-01
g6948,sa1,,,7.0312500000e-01
II12655,sa0,,,7.0312500000e-01
g6458,sa1,,,7.0312500000e-01
g6184,sa1,,,7.0312500000e-01
g875_g6184_A,sa1,,,7.0312500000e-01
g5291_g6184_B,sa1,,,7.0312500000e-01
g6259_g6458_B,sa1,,,7.0312500000e-01
g6174,sa1,,,7.0312500000e-01
g1855,sa1,,,7.0312500000e-01
g866_g1855_A,sa0,,,7.0312500000e-01
g5305_g6174_B,sa1,,,7.0312500000e-01
g6214,sa1,,,7.0312500000e-01
g878_g6214_A,sa1,,,7.0312500000e-01
g5284,sa1,,,7.0312500000e-01
g7101,sa0,30,0,2.6962280273e-01
II12891,sa1,,,2.6962280273e-01
g6950,sa0,,,2.6962280273e-01
II12659,sa1,,,2.6962280273e-01
g6459,sa0,,,2.6962280273e-01
g1214,sa1,1,1,5.0000000000e-01
g1313,sa1,2,1,2.5000000000e-01
g1260,sa0,1,1,5.0000000000e-01
g13,sa1,1,1,5.0000000000e-01
g1431,sa0,2,1,1.8750000000e-01
g1412,sa1,4,1,3.1250000000e-01
g2510,sa1,1,1,2.5000000000e-01
g58_g2510_A,sa0,,,2.5000000000e-01
g3014,sa1,12,1,4.9987792969e-01
II6767,sa0,,,4.9987792969e-01
g1933,sa1,,,4.9987792969e-01
g1247_g1933_A,sa0,,,4.9987792969e-01
g1304,sa1,18,1,4.9707031250e-01
g6210,sa0,0,1,0.0000000000e+00
II10969,sa1,,,0.0000000000e+00
g5606,sa0,,,0.0000000000e+00
g4748_g5606_A,sa1,,,0.0000000000e+00
g1025,sa1,30,0,1.3568115234e-01
g2015,sa1,2,1,6.2500000000e-02
g33_g2015_A,sa0,,,6.2500000000e-02
g3500,sa1,1,1,1.5625000000e-02
g1616_g3500_A,sa0,,,1.5625000000e-02
g3221,sa1,2,1,1.8750000000e-01
g4410,sa0,4,1,3.7500000000e-01
g408_g4410_A,sa0,,,3.7500000000e-01
g3160_g4410_B,sa0,,,3.7500000000e-01
g3131,sa1,26,1,2.4996948242e-01
g1749,sa1,,,2.4996948242e-01
g371,sa0,,,2.4996948242e-01
g368_g3131_B,sa1,,,2.4996948242e-01
g2106,sa0,30,0,3.0682682991e-03
II5883,sa1,,,3.0682682991e-03
g80_II5883_A,sa0,,,3.0682682991e-03
g4041,sa0,2,1,6.2500000000e-02
g2605_g4041_A,sa1,,,6.2500000000e-02
g5031,sa0,2,1,1.2500000000e-01
g292,sa0,,,1.2500000000e-01
g3948,sa0,,,1.2500000000e-01
g3131_g3948_A,sa1,,,1.2500000000e-01
g4004,sa1,3,1,1.8750000000e-01
g2845_g4004_A,sa0,,,1.8750000000e-01
g4013,sa1,3,1,1.8750000000e-01
g3131_g4013_A,sa0,,,1.8750000000e-01
g6021,sa0,9,1,2.5000000000e-01
g5594,sa0,,,2.5000000000e-01
II10072,sa0,,,2.5000000000e-01
g4954_II10072_A,sa0,,,2.5000000000e-01
II10071_II10072_B,sa0,,,2.5000000000e-01
II10073,sa0,,,2.5000000000e-01
g2253_II10073_A,sa0,,,2.5000000000e-01
II10071_II10073_B,sa0,,,2.5000000000e-01
g2424_g6021_B,sa0,,,2.5000000000e-01
g4202,sa1,9,1,2.5390625000e-01
g2810_g4202_A,sa0,,,2.5390625000e-01
g6011,sa1,1,1,4.8828125000e-04
g5494_g6011_A,sa0,,,4.8828125000e-04
g6020,sa1,1,1,4.8828125000e-04
g5367_g6020_A,sa0,,,4.8828125000e-04
g2700,sa0,2,1,5.0000000000e-01
g1744,sa1,,,5.0000000000e-01
g600,sa0,,,5.0000000000e-01
g6101,sa1,30,0,1.2207031250e-03
g5317_g6101_A,sa0,,,1.2207031250e-03
g2214,sa0,15,1,1.8310546875e-03
g1421,sa1,2,1,2.5000000000e-01
g1160,sa1,1,1,5.0000000000e-01
g4131,sa0,30,0,6.2035024166e-04
g2630,sa0,,,6.2035024166e-04
g1575,sa1,,,6.2035024166e-04
g685_g1575_A,sa0,,,6.2035024166e-04
g2622,sa0,,,6.2035024166e-04
g1568,sa1,,,6.2035024166e-04
g658_g1568_A,sa0,,,6.2035024166e-04
g5021,sa1,1,1,1.2500000000e-01
g943,sa1,,,1.2500000000e-01
g4501,sa1,,,1.2500000000e-01
g2801_g4501_A,sa0,,,1.2500000000e-01
g5040,sa0,30,0,4.5776367188e-04
g1170,sa0,1,1,5.0000000000e-01
g1008,sa0,1,1,5.0000000000e-01
II15084,sa0,8,1,3.0517578125e-04
II15228,sa0,8,1,2.4414062500e-04
II15264,sa0,8,1,2.4414062500e-04
II15273,sa0,8,1,2.4414062500e-04
II15291,sa0,8,1,2.4414062500e-04
II15075,sa0,30,0,1.3427734375e-03
II15147,sa0,6,1,3.0517578125e-04
II15165,sa0,6,1,3.0517578125e-04
g1134,sa0,5,1,3.7500000000e-01
g2052,sa0,1,1,5.0000000000e-01
II5865,sa1,,,5.0000000000e-01
g1206,sa0,,,5.0000000000e-01
g2016,sa0,1,1,5.0000000000e-01
II5852,sa1,,,5.0000000000e-01
g1202,sa0,,,5.0000000000e-01
g2105,sa1,2,1,1.8750000000e-01
g1444_g2105_A,sa0,,,1.8750000000e-01
g2051,sa1,1,1,6.2500000000e-02
g2331,sa0,2,1,5.0000000000e-01
g933_g2331_A,sa1,,,5.0000000000e-01
g2006,sa1,5,1,2.4218750000e-01
g806_g2006_A,sa0,,,2.4218750000e-01
g3222,sa0,5,1,3.5156250000e-02
g1537_g3222_A,sa0,,,3.5156250000e-02
g1913_g3222_B,sa0,,,3.5156250000e-02
g1701,sa0,1,1,5.0000000000e-01
II5545,sa1,,,5.0000000000e-01
g1276_II5545_A,sa0,,,5.0000000000e-01
g1106,sa1,6,1,2.5048828125e-01
g3231,sa0,10,1,1.4062500000e-01
g1889_g3231_A,sa0,,,1.4062500000e-01
g1904_g3231_B,sa0,,,1.4062500000e-01
g2502,sa0,30,0,2.7894973755e-05
II6337,sa1,,,2.7894973755e-05
g1348_II6337_A,sa0,,,2.7894973755e-05
g4400,sa1,30,1,1.1718750000e-01
g2007,sa0,1,1,5.0000000000e-01
g1223,sa1,,,5.0000000000e-01
g4220,sa1,30,0,5.9570312500e-02
g4310,sa1,4,1,1.2500000000e-01
g5310,sa0,27,1,3.3002471924e-01
g5009_g5310_A,sa0,,,3.3002471924e-01
g4335_g5310_B,sa0,,,3.3002471924e-01
g4963_g5310_C,sa0,,,3.3002471924e-01
g4320,sa0,4,1,1.9531250000e-03
g3728_g4320_A,sa0,,,1.9531250000e-03
g3750_g4320_B,sa0,,,1.9531250000e-03
g3768,sa0,,,1.9531250000e-03
g2253_g3768_A,sa1,,,1.9531250000e-03
II8299,sa0,,,1.9531250000e-03
g3666_II8299_A,sa0,,,1.9531250000e-03
g3684_II8299_B,sa0,,,1.9531250000e-03
g3694_II8299_C,sa0,,,1.9531250000e-03
g3707_II8299_D,sa0,,,1.9531250000e-03
II10079,sa1,16,1,2.4902343750e-01
II10196,sa1,1,1,1.5625000000e-02
II10359,sa0,30,0,5.8593750000e-02
g5552_II10359_A,sa0,,,5.8593750000e-02
g1118_II10359_B,sa0,,,5.8593750000e-02
II10745,sa1,1,1,4.8828125000e-04
II10790,sa1,11,1,1.2493896484e-01
II10818,sa0,11,1,2.5000000000e-01
g5567_II10818_A,sa0,,,2.5000000000e-01
g2039_II10818_B,sa0,,,2.5000000000e-01
II10835,sa1,1,1,2.5000000000e-01
II10854,sa0,2,1,5.0000000000e-01
g5521_II10854_A,sa0,,,5.0000000000e-01
g2584_II10854_B,sa0,,,5.0000000000e-01
II10907,sa1,1,1,2.5000000000e-01
II10925,sa1,1,1,2.5000000000e-01
II10952,sa1,22,1,2.4987792969e-01
g2340,sa0,24,1,2.5000000000e-01
g1327,sa1,,,2.5000000000e-01
II10980,sa0,22,1,2.5000000000e-01
g5625_II10980_A,sa0,,,2.5000000000e-01
g2210_II10980_B,sa0,,,2.5000000000e-01
II11078,sa1,24,1,2.4993896484e-01
g2511,sa0,27,1,2.5000000000e-01
g1328,sa1,,,2.5000000000e-01
II11096,sa1,1,1,2.5000000000e-01
II11177,sa1,1,1,2.5000000000e-01
II11186,sa1,1,1,2.5000000000e-01
II11574,sa0,30,0,2.9296875000e-02
g5894_II11574_A,sa0,,,2.9296875000e-02
g1122_II11574_B,sa0,,,2.9296875000e-02
II11843,sa1,7,1,2.4804687500e-01
II12078,sa0,30,0,4.7363281250e-02
g5988_II12078_A,sa0,,,4.7363281250e-02
g5971_II12078_B,sa0,,,4.7363281250e-02
II12833,sa1,30,0,3.8085937500e-02
II12852,sa0,30,0,3.9062500000e-02
g6701_II12852_A,sa0,,,3.9062500000e-02
g6695_II12852_B,sa0,,,3.9062500000e-02
II12951,sa0,30,0,2.5177001953e-03
g7003_II12951_A,sa0,,,2.5177001953e-03
g1467_II12951_B,sa0,,,2.5177001953e-03
g7010,sa1,30,0,3.6621093750e-03
g1053,sa0,12,1,3.7500000000e-01
g1142,sa1,11,1,2.5048828125e-01
g1061,sa1,14,1,3.7500000000e-01
II14246,sa1,12,1,6.2484741211e-02
II14472,sa0,30,0,2.2888183594e-04
g8147_II14472_A,sa0,,,2.2888183594e-04
g1069_II14472_B,sa0,,,2.2888183594e-04
g1034,sa1,1,1,5.0000000000e-01
g1612,sa0,1,1,5.0000000000e-01
g2020_II8020_C,sa1,16,1,1.0984949768e-04
g6984_g8798_A,sa1,30,0,4.3905258179e-02
g1017,sa1,1,1,5.0000000000e-01
II5419,sa0,,,5.0000000000e-01
g1603_II5419_A,sa1,,,5.0000000000e-01
g1810,sa0,1,1,5.0000000000e-01
II5676,sa1,,,5.0000000000e-01
g911_II5676_A,sa0,,,5.0000000000e-01
g6301,sa0,1,1,5.0000000000e-01
II11230,sa1,,,5.0000000000e-01
g6140,sa0,,,5.0000000000e-01
II10783,sa1,,,5.0000000000e-01
g5542_II10783_A,sa0,,,5.0000000000e-01
g6300,sa1,1,1,5.0000000000e-01
II11227,sa0,,,5.0000000000e-01
g6130,sa1,,,5.0000000000e-01
II10761,sa0,,,5.0000000000e-01
g5302_II10761_A,sa1,,,5.0000000000e-01
g7110,sa1,15,1,8.7500000000e-01
II12918,sa0,,,8.7500000000e-01
g7013,sa1,,,8.7500000000e-01
II12757,sa0,,,8.7500000000e-01
g6577,sa1,,,8.7500000000e-01
g7300,sa0,16,1,6.2500000000e-01
II13332,sa1,,,6.2500000000e-01
g7241,sa0,,,6.2500000000e-01
II13185,sa1,,,6.2500000000e-01
g7020,sa0,,,6.2500000000e-01
g7111,sa0,11,1,7.4926757813e-01
II12921,sa1,,,7.4926757813e-01
g6993,sa0,,,7.4926757813e-01
II12731,sa1,,,7.4926757813e-01
g6579,sa0,,,7.4926757813e-01
g6310,sa0,1,1,5.0000000000e-01
II11257,sa1,,,5.0000000000e-01
g5805,sa0,,,5.0000000000e-01
II10448,sa1,,,5.0000000000e-01
g5335_II10448_A,sa0,,,5.0000000000e-01
g4600,sa0,1,1,5.0000000000e-01
II8715,sa1,,,5.0000000000e-01
g3903,sa0,,,5.0000000000e-01
II7498,sa1,,,5.0000000000e-01
g2752_II7498_A,sa0,,,5.0000000000e-01
g9100,sa0,19,1,5.0000000000e-01
II15690,sa1,,,5.0000000000e-01
g9074,sa0,,,5.0000000000e-01
II15616,sa1,,,5.0000000000e-01
g8997,sa0,,,5.0000000000e-01
g7102,sa0,2,1,5.0000000000e-01
II12894,sa1,,,5.0000000000e-01
g7009,sa0,,,5.0000000000e-01
II12753,sa1,,,5.0000000000e-01
g6445,sa0,,,5.0000000000e-01
g7101,sa1,22,1,7.2254943848e-01
II12891,sa0,,,7.2254943848e-01
g6950,sa1,,,7.2254943848e-01
II12659,sa0,,,7.2254943848e-01
g6459,sa1,,,7.2254943848e-01
g6259_g6459_A,sa1,,,7.2254943848e-01
g6185,sa1,,,7.2254943848e-01
g5305_g6185_A,sa1,,,7.2254943848e-01
g1590_g6185_B,sa1,,,7.2254943848e-01
II11603,sa1,,,7.2254943848e-01
g6193,sa1,,,7.2254943848e-01
g1926_g6193_A,sa1,,,7.2254943848e-01
g5310,sa1,,,7.2254943848e-01
g6197,sa1,,,7.2254943848e-01
g875_g6197_A,sa1,,,7.2254943848e-01
g866_g6197_B,sa1,,,7.2254943848e-01
g1590_g6197_C,sa1,,,7.2254943848e-01
g5291_g6197_D,sa1,,,7.2254943848e-01
g6175,sa1,,,7.2254943848e-01
g1081,sa0,1,1,5.0000000000e-01
g1207,sa0,1,1,5.0000000000e-01
g1333,sa0,30,0,2.5000417233e-01
g1342,sa0,30,0,2.3437952995e-01
g1260,sa1,1,1,5.0000000000e-01
g1351,sa0,30,0,2.2070765495e-01
g1360,sa0,30,0,2.5000250340e-01
g1405,sa0,4,1,3.1250000000e-01
g5302,sa0,1,1,5.0000000000e-01
g5028,sa1,,,5.0000000000e-01
II9372,sa0,,,5.0000000000e-01
g3902,sa1,,,5.0000000000e-01
II7495,sa0,,,5.0000000000e-01
g3562,sa1,,,5.0000000000e-01
II7044,sa0,,,5.0000000000e-01
g2402,sa1,,,5.0000000000e-01
g29,sa0,,,5.0000000000e-01
g5022,sa1,1,1,2.5000000000e-01
g4438_g5022_A,sa0,,,2.5000000000e-01
g1603,sa0,1,1,5.0000000000e-01
II5471,sa1,,,5.0000000000e-01
g1029,sa0,,,5.0000000000e-01
g1432,sa0,4,1,5.0000000000e-01
g1018,sa0,30,0,1.2174797058e-01
g1080,sa1,1,1,2.5000000000e-01
g2403,sa1,2,1,2.5000000000e-01
g1176_g2403_A,sa0,,,2.5000000000e-01
g4411,sa0,4,1,3.7500000000e-01
g462_g4411_A,sa0,,,3.7500000000e-01
g3192_g4411_B,sa0,,,3.7500000000e-01
g4420,sa0,4,1,3.7500000000e-01
g275_g4420_A,sa0,,,3.7500000000e-01
g3097_g4420_B,sa0,,,3.7500000000e-01
g3160,sa0,30,0,6.8325805664e-01
g2106,sa1,30,0,5.7602524757e-03
II5883,sa0,,,5.7602524757e-03
g80_II5883_A,sa1,,,5.7602524757e-03
g3430,sa0,30,0,1.0063648224e-03
II6956,sa1,,,1.0063648224e-03
g1907,sa0,,,1.0063648224e-03
g52_g1907_A,sa1,,,1.0063648224e-03
g4230,sa1,30,0,8.2397460938e-04
g4041,sa1,2,1,6.2500000000e-02
g2605_g4041_A,sa0,,,6.2500000000e-02
g3124,sa0,30,0,3.2981026173e-01
g1857_g3124_A,sa1,,,3.2981026173e-01
g5032,sa0,2,1,1.2500000000e-01
g313,sa0,,,1.2500000000e-01
g3950,sa0,,,1.2500000000e-01
g3131_g3950_A,sa1,,,1.2500000000e-01
g5050,sa0,2,1,1.2500000000e-01
g587,sa0,,,1.2500000000e-01
g3970,sa0,,,1.2500000000e-01
g2845_g3970_A,sa1,,,1.2500000000e-01
g5104,sa0,2,1,1.2500000000e-01
g274,sa0,,,1.2500000000e-01
g4010,sa0,,,1.2500000000e-01
g3097_g4010_A,sa1,,,1.2500000000e-01
g5122,sa0,2,1,1.2500000000e-01
g436,sa0,,,1.2500000000e-01
g4030,sa0,,,1.2500000000e-01
g3160_g4030_A,sa1,,,1.2500000000e-01
g6013,sa0,6,1,2.5000000000e-01
g5589,sa0,,,2.5000000000e-01
II10061,sa0,,,2.5000000000e-01
g4910_II10061_A,sa0,,,2.5000000000e-01
II10060_II10061_B,sa0,,,2.5000000000e-01
II10062,sa0,,,2.5000000000e-01
g2226_II10062_A,sa0,,,2.5000000000e-01
II10060_II10062_B,sa0,,,2.5000000000e-01
g2424_g6013_B,sa0,,,2.5000000000e-01
g6022,sa0,10,1,2.5000000000e-01
g5595,sa0,,,2.5000000000e-01
II10079,sa0,,,2.5000000000e-01
g4911_II10079_A,sa0,,,2.5000000000e-01
II10078_II10079_B,sa0,,,2.5000000000e-01
II10080,sa0,,,2.5000000000e-01
g2256_II10080_A,sa0,,,2.5000000000e-01
II10078_II10080_B,sa0,,,2.5000000000e-01
g2424_g6022_B,sa0,,,2.5000000000e-01
g3501,sa1,0,1,0.0000000000e+00
g2185_g3501_A,sa0,,,0.0000000000e+00
g6400,sa0,18,1,4.9902343750e-01
g150_g6400_A,sa0,,,4.9902343750e-01
g6011,sa0,,,4.9902343750e-01
g5494_g6011_A,sa1,,,4.9902343750e-01
g6012,sa1,1,1,4.8828125000e-04
g5367_g6012_A,sa0,,,4.8828125000e-04
g4051,sa0,9,1,2.4951171875e-01
g3093,sa1,,,2.4951171875e-01
g1686,sa0,,,2.4951171875e-01
II5531,sa1,,,2.4951171875e-01
g866_II5531_A,sa0,,,2.4951171875e-01
g2205,sa1,13,1,2.4996948242e-01
g13_g2205_A,sa0,,,2.4996948242e-01
g3510,sa1,0,1,0.0000000000e+00
g2185_g3510_A,sa0,,,0.0000000000e+00
g6111,sa1,30,0,9.6565246582e-02
g5453_g6111_A,sa0,,,9.6565246582e-02
g6040,sa0,4,1,2.1875000000e-01
g1462_g6040_A,sa0,,,2.1875000000e-01
g5578,sa0,,,2.1875000000e-01
g4841_g5578_A,sa1,,,2.1875000000e-01
g4500,sa1,2,1,6.1035156250e-05
g2832,sa0,,,6.1035156250e-05
g2184,sa1,,,6.1035156250e-05
II5911,sa0,,,6.1035156250e-05
g216_II5911_A,sa1,,,6.1035156250e-05
g2700,sa1,2,1,5.0000000000e-01
g1744,sa0,,,5.0000000000e-01
g600,sa1,,,5.0000000000e-01
g4050,sa1,2,1,6.1035156250e-05
g3080,sa0,,,6.1035156250e-05
g1679,sa1,,,6.1035156250e-05
II5512,sa0,,,6.1035156250e-05
g557_II5512_A,sa1,,,6.1035156250e-05
g6102,sa1,20,1,9.1552734375e-04
g5345_g6102_A,sa0,,,9.1552734375e-04
g2043,sa1,1,1,4.8828125000e-04
g1263_g2043_A,sa1,,,4.8828125000e-04
g1257_g2043_B,sa1,,,4.8828125000e-04
g2206,sa0,15,1,1.8310546875e-03
g4150,sa0,16,1,1.2159347534e-04
II8019,sa0,,,1.2159347534e-04
g3430_II8019_A,sa0,,,1.2159347534e-04
g3398_II8019_B,sa0,,,1.2159347534e-04
g3359_II8019_C,sa0,,,1.2159347534e-04
g2106_II8019_D,sa0,,,1.2159347534e-04
II8020,sa0,,,1.2159347534e-04
g2074_II8020_A,sa0,,,1.2159347534e-04
g3287_II8020_B,sa0,,,1.2159347534e-04
g2020_II8020_C,sa0,,,1.2159347534e-04
g1987_II8020_D,sa0,,,1.2159347534e-04
g4123,sa0,30,0,6.2035024166e-04
g2627,sa0,,,6.2035024166e-04
g1572,sa1,,,6.2035024166e-04
g673_g1572_A,sa0,,,6.2035024166e-04
g2617,sa0,,,6.2035024166e-04
g1565,sa1,,,6.2035024166e-04
g649_g1565_A,sa0,,,6.2035024166e-04
g4132,sa0,30,0,6.2035024166e-04
g2637,sa0,,,6.2035024166e-04
g1581,sa1,,,6.2035024166e-04
g710_g1581_A,sa0,,,6.2035024166e-04
g2633,sa0,,,6.2035024166e-04
g1577,sa1,,,6.2035024166e-04
g695_g1577_A,sa0,,,6.2035024166e-04
g4501,sa0,2,1,2.5000000000e-01
g2801_g4501_A,sa1,,,2.5000000000e-01
g2332,sa0,3,1,6.2500000000e-02
g926_g2332_A,sa1,,,6.2500000000e-02
g1170,sa1,1,1,5.0000000000e-01
g1008,sa1,1,1,5.0000000000e-01
II14932,sa0,8,1,2.4414062500e-04
II14941,sa0,8,1,2.4414062500e-04
II15085,sa0,8,1,2.4414062500e-04
II15229,sa0,8,1,2.4414062500e-04
II15265,sa0,30,0,9.1552734375e-04
II15274,sa0,8,1,2.4414062500e-04
II15283,sa0,8,1,2.4414062500e-04
II15292,sa0,30,0,7.5378417969e-03
II15175,sa0,6,1,2.4414062500e-04
g1513,sa0,30,0,1.1569595337e-01
g1450,sa0,4,1,3.7500000000e-01
g1134,sa1,5,1,3.7500000000e-01
g2052,sa1,1,1,5.0000000000e-01
II5865,sa0,,,5.0000000000e-01
g1206,sa1,,,5.0000000000e-01
g2016,sa1,1,1,5.0000000000e-01
II5852,sa0,,,5.0000000000e-01
g1202,sa1,,,5.0000000000e-01
g33,sa0,1,1,5.0000000000e-01
g2161,sa0,3,1,2.5000000000e-01
g1454_g2161_A,sa1,,,2.5000000000e-01
g2242,sa0,2,1,1.8750000000e-01
g985_g2242_A,sa1,,,1.8750000000e-01
g2404,sa0,3,1,1.2792968750e-01
g1276_g2404_A,sa1,,,1.2792968750e-01
g2331,sa1,2,1,5.0000000000e-01
g933_g2331_A,sa0,,,5.0000000000e-01
g2134,sa0,4,1,2.5000000000e-01
g1317,sa1,,,2.5000000000e-01
g3222,sa1,30,0,1.5234375000e-01
g1701,sa1,1,1,5.0000000000e-01
II5545,sa0,,,5.0000000000e-01
g1276_II5545_A,sa1,,,5.0000000000e-01
g1711,sa0,1,1,5.0000000000e-01
II5555,sa1,,,5.0000000000e-01
g1288_II5555_A,sa0,,,5.0000000000e-01
g3232,sa0,6,1,1.8750000000e-01
g2298_g3232_A,sa0,,,1.8750000000e-01
g2276_g3232_B,sa0,,,1.8750000000e-01
g3231,sa1,2,1,2.3437500000e-02
g3700,sa0,3,1,2.5000000000e-01
g2514_g3700_A,sa1,,,2.5000000000e-01
g2502,sa1,30,0,2.7894973755e-05
II6337,sa0,,,2.7894973755e-05
g1348_II6337_A,sa1,,,2.7894973755e-05
g1504,sa0,30,0,4.0100097656e-01
g4231,sa0,30,0,2.3437500000e-01
g2276_g4231_A,sa0,,,2.3437500000e-01
g3258,sa0,,,2.3437500000e-01
g2298_g3258_A,sa0,,,2.3437500000e-01
g2316_g3258_B,sa0,,,2.3437500000e-01
g2334_g3258_C,sa0,,,2.3437500000e-01
g2354_g3258_D,sa0,,,2.3437500000e-01
g2007,sa1,1,1,5.0000000000e-01
g1223,sa0,,,5.0000000000e-01
g4320,sa1,30,0,1.3916015625e-02
II10197,sa1,0,1,0.0000000000e+00
g2044,sa0,4,1,1.9531250000e-03
II5861,sa1,,,1.9531250000e-03
g1313_II5861_A,sa0,,,1.9531250000e-03
II10359,sa1,1,1,1.9531250000e-03
II10791,sa1,1,1,6.1035156250e-05
g2170,sa0,1,1,5.0000000000e-01
g1229,sa1,,,5.0000000000e-01
II10818,sa1,10,1,2.4975585938e-01
II10836,sa1,1,1,2.5000000000e-01
II10854,sa1,1,1,2.5000000000e-01
II10873,sa0,2,1,5.0000000000e-01
g5516_II10873_A,sa0,,,5.0000000000e-01
g2595_II10873_B,sa0,,,5.0000000000e-01
II10890,sa1,2,1,4.8828125000e-04
II10908,sa1,1,1,2.5000000000e-01
II10953,sa1,22,1,2.4987792969e-01
g2340,sa1,24,1,2.5000000000e-01
g1327,sa0,,,2.5000000000e-01
II10980,sa1,20,1,2.4975585938e-01
II11079,sa1,24,1,2.4993896484e-01
g2511,sa1,27,1,2.5000000000e-01
g1328,sa0,,,2.5000000000e-01
g3052,sa0,1,1,5.0000000000e-01
g2096_g3052_A,sa1,,,5.0000000000e-01
II11178,sa1,1,1,2.5000000000e-01
g1045,sa0,10,1,3.7500000000e-01
II11574,sa1,1,1,9.7656250000e-04
g6112,sa0,26,1,5.4931640625e-04
g5673,sa0,,,5.4931640625e-04
g4841_g6112_B,sa0,,,5.4931640625e-04
g5541,sa0,,,5.4931640625e-04
g4814_g5541_A,sa1,,,5.4931640625e-04
II12078,sa1,30,0,3.7597656250e-02
g1126,sa0,11,1,2.5048828125e-01
II12834,sa1,30,0,3.8085937500e-02
II12852,sa1,30,0,3.9062500000e-02
II12870,sa1,1,1,9.7656250000e-04
g7003,sa0,13,1,7.1716308594e-04
g1462_g7003_A,sa0,,,7.1716308594e-04
g6689_g7003_B,sa0,,,7.1716308594e-04
II12951,sa1,8,1,2.8991699219e-04
g1053,sa1,12,1,3.7500000000e-01
II14472,sa1,1,1,7.6293945313e-06
g1612,sa1,1,1,5.0000000000e-01
g1810,sa1,1,1,5.0000000000e-01
II5676,sa0,,,5.0000000000e-01
g911_II5676_A,sa1,,,5.0000000000e-01
g6212,sa0,1,1,5.0000000000e-01
II10973,sa1,,,5.0000000000e-01
g5726_II10973_A,sa0,,,5.0000000000e-01
g7103,sa0,7,1,4.9609375000e-01
II12897,sa1,,,4.9609375000e-01
g6962,sa0,,,4.9609375000e-01
II12687,sa1,,,4.9609375000e-01
g6745_II12687_A,sa0,,,4.9609375000e-01
g6302,sa0,1,1,5.0000000000e-01
II11233,sa1,,,5.0000000000e-01
g6147,sa0,,,5.0000000000e-01
II10804,sa1,,,5.0000000000e-01
g5526_II10804_A,sa0,,,5.0000000000e-01
g6301,sa1,1,1,5.0000000000e-01
II11230,sa0,,,5.0000000000e-01
g6140,sa1,,,5.0000000000e-01
II10783,sa0,,,5.0000000000e-01
g5542_II10783_A,sa1,,,5.0000000000e-01
g7300,sa1,14,1,3.7500000000e-01
II13332,sa0,,,3.7500000000e-01
g7241,sa1,,,3.7500000000e-01
II13185,sa0,,,3.7500000000e-01
g7020,sa1,,,3.7500000000e-01
g3617_g7020_A,sa1,,,3.7500000000e-01
g6578,sa1,,,3.7500000000e-01
g1235,sa0,1,1,5.0000000000e-01
II5422,sa1,,,5.0000000000e-01
g1234,sa0,,,5.0000000000e-01
g7112,sa0,4,1,2.5000000000e-01
II12924,sa1,,,2.5000000000e-01
g6983,sa0,,,2.5000000000e-01
II12722,sa1,,,2.5000000000e-01
g6611,sa0,,,2.5000000000e-01
g3390_g6611_A,sa0,,,2.5000000000e-01
g6249,sa0,,,2.5000000000e-01
g7301,sa0,5,1,2.5000000000e-01
II13335,sa1,,,2.5000000000e-01
g7206,sa0,,,2.5000000000e-01
II13134,sa1,,,2.5000000000e-01
g7017,sa0,,,2.5000000000e-01
g3390_g7017_A,sa0,,,2.5000000000e-01
g6706,sa0,,,2.5000000000e-01
g7111,sa1,3,1,2.5073242188e-01
II12921,sa0,,,2.5073242188e-01
g6993,sa1,,,2.5073242188e-01
II12731,sa0,,,2.5073242188e-01
g6579,sa1,,,2.5073242188e-01
g6098_g6579_A,sa1,,,2.5073242188e-01
g1975,sa1,,,2.5073242188e-01
g1253,sa0,,,2.5073242188e-01
g6310,sa1,1,1,5.0000000000e-01
II11257,sa0,,,5.0000000000e-01
g5805,sa1,,,5.0000000000e-01
II10448,sa0,,,5.0000000000e-01
g5335_II10448_A,sa1,,,5.0000000000e-01
g5150,sa0,1,1,5.0000000000e-01
II9576,sa1,,,5.0000000000e-01
g4706,sa0,,,5.0000000000e-01
II9005,sa1,,,5.0000000000e-01
g4585,sa0,,,5.0000000000e-01
g2925,sa1,,,5.0000000000e-01
g2324,sa0,,,5.0000000000e-01
II6115,sa1,,,5.0000000000e-01
g134_II6115_A,sa0,,,5.0000000000e-01
g4600,sa1,1,1,5.0000000000e-01
II8715,sa0,,,5.0000000000e-01
g3903,sa1,,,5.0000000000e-01
II7498,sa0,,,5.0000000000e-01
g2752_II7498_A,sa1,,,5.0000000000e-01
g6311,sa0,6,1,5.0000000000e-01
II11260,sa1,,,5.0000000000e-01
g5779,sa0,,,5.0000000000e-01
II10384,sa1,,,5.0000000000e-01
g5193,sa0,,,5.0000000000e-01
g4601,sa0,1,1,5.0000000000e-01
II8718,sa1,,,5.0000000000e-01
g3909,sa0,,,5.0000000000e-01
II7520,sa1,,,5.0000000000e-01
g2734_II7520_A,sa0,,,5.0000000000e-01
g6320,sa0,6,1,5.0000000000e-01
II11287,sa1,,,5.0000000000e-01
g5806,sa0,,,5.0000000000e-01
II10451,sa1,,,5.0000000000e-01
g5216,sa0,,,5.0000000000e-01
g4610,sa0,1,1,5.0000000000e-01
II8745,sa1,,,5.0000000000e-01
g3929,sa0,,,5.0000000000e-01
II7588,sa1,,,5.0000000000e-01
g2584_II7588_A,sa0,,,5.0000000000e-01
g9100,sa1,15,1,5.0000000000e-01
II15690,sa0,,,5.0000000000e-01
g9074,sa1,,,5.0000000000e-01
II15616,sa0,,,5.0000000000e-01
g8997,sa1,,,5.0000000000e-01
g8937,sa1,,,5.0000000000e-01
g8841,sa1,,,5.0000000000e-01
g9101,sa0,19,1,5.0000000000e-01
II15693,sa1,,,5.0000000000e-01
g9048,sa0,,,5.0000000000e-01
II15546,sa1,,,5.0000000000e-01
g9007,sa0,,,5.0000000000e-01
g9110,sa0,23,1,5.0000000000e-01
II15720,sa1,,,5.0000000000e-01
g9053,sa0,,,5.0000000000e-01
II15557,sa1,,,5.0000000000e-01
g9010,sa0,,,5.0000000000e-01
g7102,sa1,2,1,5.0000000000e-01
II12894,sa0,,,5.0000000000e-01
g7009,sa1,,,5.0000000000e-01
II12753,sa0,,,5.0000000000e-01
g6445,sa1,,,5.0000000000e-01
g6105,sa1,,,5.0000000000e-01
g6107,sa1,,,5.0000000000e-01
g1081,sa1,1,1,5.0000000000e-01
g52,sa0,30,0,4.0605664253e-03
g1207,sa1,1,1,5.0000000000e-01
g1217,sa0,1,1,5.0000000000e-01
g1333,sa1,30,0,2.5001168251e-01
g1342,sa1,30,0,2.3437952995e-01
g1351,sa1,30,0,2.3633253574e-01
g1360,sa1,30,0,2.4634087086e-01
g16,sa0,1,1,5.0000000000e-01
g1405,sa1,4,1,3.1250000000e-01
g2810,sa0,1,1,5.0000000000e-01
g1922,sa1,,,5.0000000000e-01
g1251,sa0,,,5.0000000000e-01
g2801,sa0,2,1,5.0000000000e-01
II6539,sa0,,,5.0000000000e-01
g2555_II6539_A,sa0,,,5.0000000000e-01
II6538_II6539_B,sa0,,,5.0000000000e-01
II6540,sa0,,,5.0000000000e-01
g2557_II6540_A,sa0,,,5.0000000000e-01
II6538_II6540_B,sa0,,,5.0000000000e-01
g3071,sa0,1,1,5.0000000000e-01
g1948,sa1,,,5.0000000000e-01
g1250,sa0,,,5.0000000000e-01
g1424,sa0,1,1,5.0000000000e-01
g4232,sa0,1,1,2.5000000000e-01
g5051,sa0,1,1,1.2500000000e-01
II9407,sa1,,,1.2500000000e-01
g4232_II9407_A,sa0,,,1.2500000000e-01
g5302,sa1,1,1,5.0000000000e-01
g5028,sa0,,,5.0000000000e-01
II9372,sa1,,,5.0000000000e-01
g3902,sa0,,,5.0000000000e-01
II7495,sa1,,,5.0000000000e-01
g3562,sa0,,,5.0000000000e-01
II7044,sa1,,,5.0000000000e-01
g2402,sa0,,,5.0000000000e-01
g29,sa1,,,5.0000000000e-01
g5600,sa0,1,1,5.0000000000e-01
g5128,sa1,,,5.0000000000e-01
II9528,sa0,,,5.0000000000e-01
g4006,sa1,,,5.0000000000e-01
II7749,sa0,,,5.0000000000e-01
g3692,sa1,,,5.0000000000e-01
II7198,sa0,,,5.0000000000e-01
g2509,sa1,,,5.0000000000e-01
g37,sa0,,,5.0000000000e-01
g1901,sa0,2,1,1.2548828125e-01
II5781,sa1,,,1.2548828125e-01
g979_II5781_A,sa0,,,1.2548828125e-01
g1603,sa1,1,1,5.0000000000e-01
II5471,sa0,,,5.0000000000e-01
g1029,sa1,,,5.0000000000e-01
g6131,sa0,1,1,1.2500000000e-01
g5529_g6131_A,sa1,,,1.2500000000e-01
g5311,sa1,2,1,1.2500000000e-01
g4938_g5311_A,sa0,,,1.2500000000e-01
g6221,sa0,0,1,0.0000000000e+00
II11004,sa1,,,0.0000000000e+00
g5613,sa0,,,0.0000000000e+00
g4748_g5613_A,sa1,,,0.0000000000e+00
g6230,sa0,0,1,0.0000000000e+00
II11025,sa1,,,0.0000000000e+00
g5638,sa0,,,0.0000000000e+00
g4748_g5638_A,sa1,,,0.0000000000e+00
g1432,sa1,4,1,5.0000000000e-01
g1018,sa1,30,0,1.2829780579e-01
g2215,sa1,2,1,1.8750000000e-01
g1416_g2215_A,sa0,,,1.8750000000e-01
g1280,sa0,1,1,5.0000000000e-01
g3610,sa1,6,1,1.2500000000e-01
g2424_g3610_A,sa0,,,1.2500000000e-01
g3502,sa1,1,1,7.8125000000e-03
g1616_g3502_A,sa0,,,7.8125000000e-03
g3511,sa1,1,1,3.9062500000e-03
g1616_g3511_A,sa0,,,3.9062500000e-03
g3520,sa1,1,1,1.9531250000e-03
g1616_g3520_A,sa0,,,1.9531250000e-03
g2162,sa0,30,0,4.7941161320e-03
II5901,sa1,,,4.7941161320e-03
g52_II5901_A,sa0,,,4.7941161320e-03
g3260,sa0,3,1,3.1250000000e-01
g3233,sa0,3,1,3.1250000000e-01
g2216,sa0,1,1,5.0000000000e-01
II5933,sa1,,,5.0000000000e-01
g1158,sa0,,,5.0000000000e-01
g4412,sa0,4,1,3.7500000000e-01
g486_g4412_A,sa0,,,3.7500000000e-01
g3192_g4412_B,sa0,,,3.7500000000e-01
g4421,sa0,4,1,3.7500000000e-01
g333_g4421_A,sa0,,,3.7500000000e-01
g3131_g4421_B,sa0,,,3.7500000000e-01
g3160,sa1,26,1,2.4996948242e-01
g1751,sa1,,,2.4996948242e-01
g452,sa0,,,2.4996948242e-01
g449_g3160_B,sa1,,,2.4996948242e-01
g3341,sa0,30,0,2.0046657883e-03
II6936,sa1,,,2.0046657883e-03
g1878,sa0,,,2.0046657883e-03
g80_g1878_A,sa1,,,2.0046657883e-03
g3430,sa1,30,0,4.8756599426e-04
II6956,sa0,,,4.8756599426e-04
g1907,sa1,,,4.8756599426e-04
g52_g1907_A,sa0,,,4.8756599426e-04
g4160,sa0,14,1,1.8750000000e-01
g3124,sa1,30,0,3.2996344566e-01
g1857_g3124_A,sa0,,,3.2996344566e-01
g5033,sa0,2,1,1.2500000000e-01
g393,sa0,,,1.2500000000e-01
g3953,sa0,,,1.2500000000e-01
g3160_g3953_A,sa1,,,1.2500000000e-01
g5105,sa0,2,1,1.2500000000e-01
g354,sa0,,,1.2500000000e-01
g4013,sa0,,,1.2500000000e-01
g3131_g4013_A,sa1,,,1.2500000000e-01
g4015,sa1,3,1,1.8750000000e-01
g3160_g4015_A,sa0,,,1.8750000000e-01
g4024,sa1,3,1,1.8750000000e-01
g3160_g4024_A,sa0,,,1.8750000000e-01
g5123,sa0,2,1,1.2500000000e-01
g516,sa0,,,1.2500000000e-01
g4033,sa0,,,1.2500000000e-01
g3192_g4033_A,sa1,,,1.2500000000e-01
g4033,sa1,3,1,1.8750000000e-01
g3192_g4033_A,sa0,,,1.8750000000e-01
g4052,sa0,1,1,1.2500000000e-01
g1276_g4052_A,sa0,,,1.2500000000e-01
g3522,sa0,,,1.2500000000e-01
g2407_g3522_A,sa1,,,1.2500000000e-01
g5140,sa1,2,1,2.5000000000e-01
g4333,sa1,,,2.5000000000e-01
g3509,sa1,,,2.5000000000e-01
g5132,sa0,3,1,3.4179687500e-03
II9534,sa0,,,3.4179687500e-03
g3019_II9534_A,sa0,,,3.4179687500e-03
g3029_II9534_B,sa0,,,3.4179687500e-03
g3038_II9534_C,sa0,,,3.4179687500e-03
g3052_II9534_D,sa0,,,3.4179687500e-03
II9535,sa0,,,3.4179687500e-03
g3062_II9535_A,sa0,,,3.4179687500e-03
g2712_II9535_B,sa0,,,3.4179687500e-03
g4253,sa0,,,3.4179687500e-03
g2734_g4253_A,sa1,,,3.4179687500e-03
g2752_II9535_D,sa0,,,3.4179687500e-03
g6401,sa0,2,1,9.7656250000e-04
g5971_g6401_A,sa0,,,9.7656250000e-04
g5367_g6401_B,sa0,,,9.7656250000e-04
g6004,sa1,1,1,4.8828125000e-04
g5494_g6004_A,sa0,,,4.8828125000e-04
g6041,sa0,6,1,6.2500000000e-02
g5189,sa0,,,6.2500000000e-02
II9692,sa0,,,6.2500000000e-02
g5096_II9692_A,sa0,,,6.2500000000e-02
II9691_II9692_B,sa0,,,6.2500000000e-02
II9693,sa0,,,6.2500000000e-02
g1037_II9693_A,sa0,,,6.2500000000e-02
II9691_II9693_B,sa0,,,6.2500000000e-02
g4969_g6041_B,sa0,,,6.2500000000e-02
g6005,sa0,8,1,1.2500000000e-01
g5557,sa0,,,1.2500000000e-01
II9993,sa0,,,1.2500000000e-01
g2145_II9993_A,sa0,,,1.2500000000e-01
II9992_II9993_B,sa0,,,1.2500000000e-01
II9994,sa0,,,1.2500000000e-01
g4871_II9994_A,sa0,,,1.2500000000e-01
II9992_II9994_B,sa0,,,1.2500000000e-01
g2407_g6005_B,sa0,,,1.2500000000e-01
g6121,sa1,10,1,2.4609375000e-01
g5425,sa1,,,2.4609375000e-01
g4785,sa1,,,2.4609375000e-01
g4510,sa1,2,1,6.1035156250e-05
g2840,sa0,,,6.1035156250e-05
g2207,sa1,,,6.1035156250e-05
II5920,sa0,,,6.1035156250e-05
g219_II5920_A,sa1,,,6.1035156250e-05
g6103,sa1,30,0,1.2817382813e-03
g5317_g6103_A,sa0,,,1.2817382813e-03
g6211,sa1,30,0,1.2207031250e-03
g5645_g6211_A,sa0,,,1.2207031250e-03
g1370,sa0,1,1,1.2207031250e-04
g2315,sa0,30,0,2.8610229492e-05
II6103,sa0,,,2.8610229492e-05
g849_II6103_A,sa0,,,2.8610229492e-05
II6102_II6103_B,sa0,,,2.8610229492e-05
II6104,sa0,,,2.8610229492e-05
g921_II6104_A,sa0,,,2.8610229492e-05
II6102_II6104_B,sa0,,,2.8610229492e-05
g3602,sa0,2,1,2.5000000000e-01
II7069,sa0,,,2.5000000000e-01
g1639_II7069_A,sa0,,,2.5000000000e-01
II7068_II7069_B,sa0,,,2.5000000000e-01
II7070,sa0,,,2.5000000000e-01
g1643_II7070_A,sa0,,,2.5000000000e-01
II7068_II7070_B,sa0,,,2.5000000000e-01
g1163,sa0,1,1,5.0000000000e-01
g4430,sa0,16,1,1.2159347534e-04
II8436,sa0,,,1.2159347534e-04
g3430_II8436_A,sa0,,,1.2159347534e-04
g3398_II8436_B,sa0,,,1.2159347534e-04
g3359_II8436_C,sa0,,,1.2159347534e-04
g2106_II8436_D,sa0,,,1.2159347534e-04
II8437,sa0,,,1.2159347534e-04
g3316_II8437_A,sa0,,,1.2159347534e-04
g3287_II8437_B,sa0,,,1.2159347534e-04
g3264_II8437_C,sa0,,,1.2159347534e-04
g1987_II8437_D,sa0,,,1.2159347534e-04
g4403,sa0,30,0,1.9945167005e-03
II8400,sa0,,,1.9945167005e-03
g3430_II8400_A,sa0,,,1.9945167005e-03
g3398_II8400_B,sa0,,,1.9945167005e-03
g3359_II8400_C,sa0,,,1.9945167005e-03
g3341_II8400_D,sa0,,,1.9945167005e-03
II8401,sa0,,,1.9945167005e-03
g3316_II8401_A,sa0,,,1.9945167005e-03
g3287_II8401_B,sa0,,,1.9945167005e-03
g3264_II8401_C,sa0,,,1.9945167005e-03
g3238_II8401_D,sa0,,,1.9945167005e-03
g4142,sa0,2,1,1.2207031250e-04
II8005,sa0,,,1.2207031250e-04
g3430_II8005_A,sa0,,,1.2207031250e-04
g3398_II8005_B,sa0,,,1.2207031250e-04
g3359_II8005_C,sa0,,,1.2207031250e-04
g2106_II8005_D,sa0,,,1.2207031250e-04
II8006,sa0,,,1.2207031250e-04
g2074_II8006_A,sa0,,,1.2207031250e-04
g3287_II8006_B,sa0,,,1.2207031250e-04
g2020_II8006_C,sa0,,,1.2207031250e-04
g3238_II8006_D,sa0,,,1.2207031250e-04
g4150,sa1,30,0,2.5021824148e-01
g4124,sa0,30,0,6.2035024166e-04
g2641,sa0,,,6.2035024166e-04
g1587,sa1,,,6.2035024166e-04
g734_g1587_A,sa0,,,6.2035024166e-04
g2640,sa0,,,6.2035024166e-04
g1584,sa1,,,6.2035024166e-04
g738_g1584_A,sa0,,,6.2035024166e-04
g4133,sa0,30,0,6.2035024166e-04
g2631,sa0,,,6.2035024166e-04
g1586,sa1,,,6.2035024166e-04
g730_g1586_A,sa0,,,6.2035024166e-04
g2623,sa0,,,6.2035024166e-04
g1585,sa1,,,6.2035024166e-04
g724_g1585_A,sa0,,,6.2035024166e-04
g7202,sa0,16,1,4.9804687500e-01
II14366,sa0,30,0,9.7846984863e-02
II14933,sa0,8,1,2.4414062500e-04
II14753,sa0,8,1,2.4414062500e-04
II14942,sa0,8,1,2.4414062500e-04
II14951,sa0,8,1,2.4414062500e-04
II14960,sa0,30,0,6.7279052734e-01
II14771,sa0,8,1,3.6621093750e-04
g8111,sa0,16,1,1.2159347534e-04
II14374,sa1,,,1.2159347534e-04
g7693,sa0,,,1.2159347534e-04
g7367_g7693_A,sa0,,,1.2159347534e-04
g4445_g7693_B,sa0,,,1.2159347534e-04
II15239,sa0,8,1,2.4414062500e-04
II15086,sa0,30,0,9.4604492188e-04
g8300,sa0,2,1,6.1035156250e-05
g126_g8300_A,sa0,,,6.1035156250e-05
g8111_g8300_B,sa0,,,6.1035156250e-05
II15275,sa0,8,1,2.4414062500e-04
II15284,sa0,8,1,2.4414062500e-04
II14834,sa0,6,1,3.0517578125e-04
g1532,sa0,9,1,2.5390625000e-01
g1513,sa1,30,0,1.1569595337e-01
g1450,sa1,4,1,3.7500000000e-01
g1910,sa0,5,1,3.1250000000e-01
g1435_g1910_A,sa0,,,3.1250000000e-01
g1439_g1910_B,sa0,,,3.1250000000e-01
g2360,sa0,2,1,1.8750000000e-01
g1435_g2360_A,sa1,,,1.8750000000e-01
g33,sa1,1,1,5.0000000000e-01
g2161,sa1,2,1,1.2500000000e-01
g1454_g2161_A,sa0,,,1.2500000000e-01
g2242,sa1,2,1,2.5000000000e-01
g985_g2242_A,sa0,,,2.5000000000e-01
g2333,sa0,5,1,3.1250000000e-01
g985_g2333_A,sa0,,,3.1250000000e-01
g990_g2333_B,sa0,,,3.1250000000e-01
g2404,sa1,3,1,1.2792968750e-01
g1276_g2404_A,sa0,,,1.2792968750e-01
g2351,sa0,2,1,5.0000000000e-01
g792_g2351_A,sa1,,,5.0000000000e-01
g2134,sa1,4,1,2.5000000000e-01
g1317,sa0,,,2.5000000000e-01
g1541,sa0,9,1,2.5390625000e-01
g1711,sa1,1,1,5.0000000000e-01
II5555,sa0,,,5.0000000000e-01
g1288_II5555_A,sa1,,,5.0000000000e-01
g3008,sa0,3,1,7.6292082667e-05
g1816,sa1,,,7.6292082667e-05
g767,sa0,,,7.6292082667e-05
g1721,sa0,1,1,5.0000000000e-01
II5565,sa1,,,5.0000000000e-01
g1296_II5565_A,sa0,,,5.0000000000e-01
g3232,sa1,2,1,6.2500000000e-02
g3313,sa1,14,1,2.1875000000e-01
g3700,sa1,3,1,2.5000000000e-01
g2514_g3700_A,sa0,,,2.5000000000e-01
g1504,sa1,30,0,4.0075683594e-01
g4231,sa1,2,1,1.5625000000e-02
g2180,sa0,6,1,2.5000000000e-01
g1318,sa1,,,2.5000000000e-01
g2540,sa0,4,1,2.5000000000e-01
g1339_g2540_A,sa1,,,2.5000000000e-01
g4312,sa1,30,0,1.8750000000e-01
g4313,sa0,6,1,3.7500000000e-01
g3712_g4313_A,sa0,,,3.7500000000e-01
g3700_g4313_B,sa0,,,3.7500000000e-01
g1037,sa0,8,1,3.7500000000e-01
g5312,sa0,30,0,5.7788085938e-01
g5009_g5312_A,sa0,,,5.7788085938e-01
g5002_g5312_B,sa0,,,5.7788085938e-01
g4963_g5312_C,sa0,,,5.7788085938e-01
g4700,sa0,21,1,4.3750000000e-01
g2460_g4700_A,sa0,,,4.3750000000e-01
g4271,sa0,,,4.3750000000e-01
g3666_g4271_A,sa0,,,4.3750000000e-01
g3684_g4271_B,sa0,,,4.3750000000e-01
g4502,sa0,30,0,7.1525573730e-06
II8559,sa0,,,7.1525573730e-06
g2502_II8559_A,sa0,,,7.1525573730e-06
II8558_II8559_B,sa0,,,7.1525573730e-06
II8560,sa0,,,7.1525573730e-06
g2790_II8560_A,sa0,,,7.1525573730e-06
II8558_II8560_B,sa0,,,7.1525573730e-06
g5023,sa1,30,0,2.8610229492e-05
g3894,sa1,,,2.8610229492e-05
g3889,sa1,,,2.8610229492e-05
g3886,sa1,,,2.8610229492e-05
g4359,sa1,,,2.8610229492e-05
II10198,sa1,5,1,4.8437500000e-01
g5005,sa1,30,0,1.5258789063e-03
g2044,sa1,4,1,1.9531250000e-03
II5861,sa0,,,1.9531250000e-03
g1313_II5861_A,sa1,,,1.9531250000e-03
g2522,sa0,5,1,2.5000000000e-01
g1342_g2522_A,sa1,,,2.5000000000e-01
II10298,sa0,2,1,5.0000000000e-01
g5461_II10298_A,sa0,,,5.0000000000e-01
g2562_II10298_B,sa0,,,5.0000000000e-01
g1118,sa0,9,1,2.5048828125e-01
g1514,sa0,30,0,2.8576660156e-01
g2170,sa1,1,1,5.0000000000e-01
g1229,sa0,,,5.0000000000e-01
II10819,sa1,10,1,2.4975585938e-01
II10847,sa0,2,1,5.0000000000e-01
g5490_II10847_A,sa0,,,5.0000000000e-01
g2595_II10847_B,sa0,,,5.0000000000e-01
II10855,sa1,1,1,2.5000000000e-01
II10873,sa1,1,1,2.5000000000e-01
II10954,sa1,2,1,1.2207031250e-04
II10981,sa1,20,1,2.4975585938e-01
II10991,sa0,13,1,1.2500000000e-01
g5632_II10991_A,sa0,,,1.2500000000e-01
g2389_II10991_B,sa0,,,1.2500000000e-01
g3062,sa0,1,1,5.0000000000e-01
g2100_g3062_A,sa1,,,5.0000000000e-01
g3052,sa1,1,1,5.0000000000e-01
g2096_g3052_A,sa0,,,5.0000000000e-01
II11179,sa1,1,1,2.5000000000e-01
II11549,sa0,30,0,1.4648437500e-02
g5984_II11549_A,sa0,,,1.4648437500e-02
g1045_II11549_B,sa0,,,1.4648437500e-02
g1045,sa1,10,1,3.7500000000e-01
II11575,sa1,1,1,9.7656250000e-04
g6112,sa1,30,0,5.4909896851e-01
II11873,sa0,7,1,2.5000000000e-01
g2543_II11873_A,sa0,,,2.5000000000e-01
g6187_II11873_B,sa0,,,2.5000000000e-01
II12079,sa1,30,0,3.7109375000e-02
II12179,sa0,6,1,2.5000000000e-01
g1961_II12179_A,sa0,,,2.5000000000e-01
g6163_II12179_B,sa0,,,2.5000000000e-01
II12575,sa0,30,0,7.3242187500e-03
g6574_II12575_A,sa0,,,7.3242187500e-03
g1049_II12575_B,sa0,,,7.3242187500e-03
g1126,sa1,11,1,2.5048828125e-01
II12853,sa1,30,0,4.1015625000e-02
II12871,sa1,8,1,2.4902343750e-01
II12952,sa1,4,1,4.2724609375e-04
g7003,sa1,30,0,2.1209716797e-03
II13376,sa0,30,0,1.3122558594e-03
g7199_II13376_A,sa0,,,1.3122558594e-03
g1472_II13376_B,sa0,,,1.3122558594e-03
II14473,sa1,1,1,7.6293945313e-06
g1073,sa0,1,1,5.0000000000e-01
II15850,sa1,30,0,7.1525573730e-06
g3430_II8000_A,sa1,16,1,1.2159347534e-04
g1911,sa0,1,1,5.0000000000e-01
II5789,sa1,,,5.0000000000e-01
g1524_II5789_A,sa0,,,5.0000000000e-01
g6212,sa1,1,1,5.0000000000e-01
II10973,sa0,,,5.0000000000e-01
g5726_II10973_A,sa1,,,5.0000000000e-01
g7103,sa1,9,1,5.0390625000e-01
II12897,sa0,,,5.0390625000e-01
g6962,sa1,,,5.0390625000e-01
II12687,sa0,,,5.0390625000e-01
g6745_II12687_A,sa1,,,5.0390625000e-01
g6302,sa1,1,1,5.0000000000e-01
II11233,sa0,,,5.0000000000e-01
g6147,sa1,,,5.0000000000e-01
II10804,sa0,,,5.0000000000e-01
g5526_II10804_A,sa1,,,5.0000000000e-01
g6303,sa0,1,1,5.0000000000e-01
II11236,sa1,,,5.0000000000e-01
g6148,sa0,,,5.0000000000e-01
II10807,sa1,,,5.0000000000e-01
g5294_II10807_A,sa0,,,5.0000000000e-01
g1235,sa1,1,1,5.0000000000e-01
II5422,sa0,,,5.0000000000e-01
g1234,sa1,,,5.0000000000e-01
g7112,sa1,5,1,7.5000000000e-01
II12924,sa0,,,7.5000000000e-01
g6983,sa1,,,7.5000000000e-01
II12722,sa0,,,7.5000000000e-01
g6611,sa1,,,7.5000000000e-01
g7301,sa1,6,1,7.5000000000e-01
II13335,sa0,,,7.5000000000e-01
g7206,sa1,,,7.5000000000e-01
II13134,sa0,,,7.5000000000e-01
g7017,sa1,,,7.5000000000e-01
g7302,sa0,7,1,2.5000000000e-01
II13338,sa1,,,2.5000000000e-01
g7190,sa0,,,2.5000000000e-01
II13112,sa1,,,2.5000000000e-01
g7021,sa0,,,2.5000000000e-01
g3390_g7021_A,sa0,,,2.5000000000e-01
g6673,sa0,,,2.5000000000e-01
g7113,sa0,6,1,5.0000000000e-01
II12927,sa1,,,5.0000000000e-01
g7014,sa0,,,5.0000000000e-01
II12760,sa1,,,5.0000000000e-01
g6685,sa0,,,5.0000000000e-01
g7104,sa0,1,1,1.2500000000e-01
II12900,sa1,,,1.2500000000e-01
g6947,sa0,,,1.2500000000e-01
II12652,sa1,,,1.2500000000e-01
g6664_II12652_A,sa0,,,1.2500000000e-01
g5160,sa0,1,1,5.0000000000e-01
II9606,sa1,,,5.0000000000e-01
g4687,sa0,,,5.0000000000e-01
II8962,sa1,,,5.0000000000e-01
g4553,sa0,,,5.0000000000e-01
g2891,sa1,,,5.0000000000e-01
g2265,sa0,,,5.0000000000e-01
II6000,sa1,,,5.0000000000e-01
g202_II6000_A,sa0,,,5.0000000000e-01
g5150,sa1,1,1,5.0000000000e-01
II9576,sa0,,,5.0000000000e-01
g4706,sa1,,,5.0000000000e-01
II9005,sa0,,,5.0000000000e-01
g4585,sa1,,,5.0000000000e-01
g2925,sa0,,,5.0000000000e-01
g2324,sa1,,,5.0000000000e-01
II6115,sa0,,,5.0000000000e-01
g134_II6115_A,sa1,,,5.0000000000e-01
g5151,sa0,1,1,5.0000000000e-01
II9579,sa1,,,5.0000000000e-01
g4713,sa0,,,5.0000000000e-01
II9014,sa1,,,5.0000000000e-01
g3864,sa0,,,5.0000000000e-01
g2943,sa1,,,5.0000000000e-01
g2362,sa0,,,5.0000000000e-01
II6186,sa1,,,5.0000000000e-01
g138_II6186_A,sa0,,,5.0000000000e-01
g6311,sa1,4,1,5.0000000000e-01
II11260,sa0,,,5.0000000000e-01
g5779,sa1,,,5.0000000000e-01
II10384,sa0,,,5.0000000000e-01
g5193,sa1,,,5.0000000000e-01
g5017,sa1,,,5.0000000000e-01
g4366,sa1,,,5.0000000000e-01
g4601,sa1,1,1,5.0000000000e-01
II8718,sa0,,,5.0000000000e-01
g3909,sa1,,,5.0000000000e-01
II7520,sa0,,,5.0000000000e-01
g2734_II7520_A,sa1,,,5.0000000000e-01
g6312,sa0,6,1,5.0000000000e-01
II11263,sa1,,,5.0000000000e-01
g5784,sa0,,,5.0000000000e-01
II10397,sa1,,,5.0000000000e-01
g5200,sa0,,,5.0000000000e-01
g4602,sa0,1,1,5.0000000000e-01
II8721,sa1,,,5.0000000000e-01
g3918,sa0,,,5.0000000000e-01
II7551,sa1,,,5.0000000000e-01
g2712_II7551_A,sa0,,,5.0000000000e-01
g6320,sa1,4,1,5.0000000000e-01
II11287,sa0,,,5.0000000000e-01
g5806,sa1,,,5.0000000000e-01
II10451,sa0,,,5.0000000000e-01
g5216,sa1,,,5.0000000000e-01
g5062,sa1,,,5.0000000000e-01
g4391,sa1,,,5.0000000000e-01
g4610,sa1,1,1,5.0000000000e-01
II8745,sa0,,,5.0000000000e-01
g3929,sa1,,,5.0000000000e-01
II7588,sa0,,,5.0000000000e-01
g2584_II7588_A,sa1,,,5.0000000000e-01
g6321,sa0,6,1,5.0000000000e-01
II11290,sa1,,,5.0000000000e-01
g5818,sa0,,,5.0000000000e-01
II10479,sa1,,,5.0000000000e-01
g5227,sa0,,,5.0000000000e-01
g4611,sa0,1,1,5.0000000000e-01
II8748,sa1,,,5.0000000000e-01
g3997,sa0,,,5.0000000000e-01
II7734,sa1,,,5.0000000000e-01
g2595_II7734_A,sa0,,,5.0000000000e-01
g6330,sa0,6,1,5.0000000000e-01
II11317,sa1,,,5.0000000000e-01
g5787,sa0,,,5.0000000000e-01
II10406,sa1,,,5.0000000000e-01
g5203,sa0,,,5.0000000000e-01
g4620,sa0,1,1,5.0000000000e-01
II8775,sa1,,,5.0000000000e-01
g4019,sa0,,,5.0000000000e-01
II7778,sa1,,,5.0000000000e-01
g3019_II7778_A,sa0,,,5.0000000000e-01
g9101,sa1,15,1,5.0000000000e-01
II15693,sa0,,,5.0000000000e-01
g9048,sa1,,,5.0000000000e-01
II15546,sa0,,,5.0000000000e-01
g9007,sa1,,,5.0000000000e-01
g8947,sa1,,,5.0000000000e-01
g8854,sa1,,,5.0000000000e-01
g9102,sa0,19,1,5.0000000000e-01
II15696,sa1,,,5.0000000000e-01
g9050,sa0,,,5.0000000000e-01
II15550,sa1,,,5.0000000000e-01
g9008,sa0,,,5.0000000000e-01
g9111,sa0,22,1,5.0000000000e-01
II15723,sa1,,,5.0000000000e-01
g9065,sa0,,,5.0000000000e-01
II15589,sa1,,,5.0000000000e-01
g8988,sa0,,,5.0000000000e-01
g9110,sa1,15,1,5.0000000000e-01
II15720,sa0,,,5.0000000000e-01
g9053,sa1,,,5.0000000000e-01
II15557,sa0,,,5.0000000000e-01
g9010,sa1,,,5.0000000000e-01
g8950,sa1,,,5.0000000000e-01
g8860,sa1,,,5.0000000000e-01
g9030,sa0,22,1,5.0000000000e-01
II15504,sa1,,,5.0000000000e-01
g8967,sa0,,,5.0000000000e-01
II15405,sa1,,,5.0000000000e-01
g8902,sa0,,,5.0000000000e-01
g8220,sa0,11,1,5.0000000000e-01
II14439,sa1,,,5.0000000000e-01
g8063,sa0,,,5.0000000000e-01
II14334,sa1,,,5.0000000000e-01
g7578,sa0,,,5.0000000000e-01
II13879,sa1,,,5.0000000000e-01
g7332,sa0,,,5.0000000000e-01
II13416,sa1,,,5.0000000000e-01
g7165,sa0,,,5.0000000000e-01
g71,sa0,30,0,2.9685971676e-03
g1254,sa0,1,1,5.0000000000e-01
g80,sa0,30,0,4.0523707867e-03
g52,sa1,30,0,4.1140615940e-03
g1217,sa1,1,1,5.0000000000e-01
g16,sa1,1,1,5.0000000000e-01
g62,sa0,30,0,1.2770819664e-01
g2514,sa0,1,1,2.5000000000e-01
g1330_g2514_A,sa1,,,2.5000000000e-01
g2343,sa0,1,1,2.5000000000e-01
g1392,sa1,,,2.5000000000e-01
g2810,sa1,1,1,5.0000000000e-01
g1922,sa0,,,5.0000000000e-01
g1251,sa1,,,5.0000000000e-01
g2801,sa1,2,1,5.0000000000e-01
g3071,sa1,1,1,5.0000000000e-01
g1948,sa0,,,5.0000000000e-01
g1250,sa1,,,5.0000000000e-01
g1182,sa0,1,1,5.0000000000e-01
g1424,sa1,1,1,5.0000000000e-01
g4232,sa1,3,1,7.5000000000e-01
g1934,sa1,,,7.5000000000e-01
g154_g1934_A,sa0,,,7.5000000000e-01
g3591_g4232_B,sa1,,,7.5000000000e-01
g1236,sa0,1,1,5.0000000000e-01
g5600,sa1,1,1,5.0000000000e-01
g5128,sa0,,,5.0000000000e-01
II9528,sa1,,,5.0000000000e-01
g4006,sa0,,,5.0000000000e-01
II7749,sa1,,,5.0000000000e-01
g3692,sa0,,,5.0000000000e-01
II7198,sa1,,,5.0000000000e-01
g2509,sa0,,,5.0000000000e-01
g37,sa1,,,5.0000000000e-01
g6015,sa0,1,1,5.0000000000e-01
II10617,sa1,,,5.0000000000e-01
g5677,sa0,,,5.0000000000e-01
II10166,sa1,,,5.0000000000e-01
g5016,sa0,,,5.0000000000e-01
II9350,sa1,,,5.0000000000e-01
g4503,sa0,,,5.0000000000e-01
II8565,sa1,,,5.0000000000e-01
g3071_II8565_A,sa0,,,5.0000000000e-01
g1901,sa1,2,1,1.2548828125e-01
II5781,sa0,,,1.2548828125e-01
g979_II5781_A,sa1,,,1.2548828125e-01
g1173,sa0,1,1,5.0000000000e-01
g3521,sa1,11,1,2.5000000000e-01
g2185_g3521_A,sa0,,,2.5000000000e-01
g3503,sa1,1,1,1.2500000000e-01
g2407_g3503_A,sa0,,,1.2500000000e-01
g1272,sa0,1,1,5.0000000000e-01
g1280,sa1,1,1,5.0000000000e-01
g2621,sa1,30,0,6.2035024166e-04
g1567,sa0,,,6.2035024166e-04
g655_g1567_A,sa1,,,6.2035024166e-04
g2630,sa1,30,0,6.2035024166e-04
g1575,sa0,,,6.2035024166e-04
g685_g1575_A,sa1,,,6.2035024166e-04
g3512,sa1,1,1,2.4414062500e-04
g1616_g3512_A,sa0,,,2.4414062500e-04
g2162,sa1,30,0,4.7941161320e-03
II5901,sa0,,,4.7941161320e-03
g52_II5901_A,sa1,,,4.7941161320e-03
g3260,sa1,7,1,5.6250000000e-01
g1728_g3260_A,sa1,,,5.6250000000e-01
g2490_g3260_B,sa1,,,5.6250000000e-01
g3233,sa1,7,1,5.6250000000e-01
g1714,sa1,,,5.6250000000e-01
g1459,sa1,,,5.6250000000e-01
g2216,sa1,1,1,5.0000000000e-01
II5933,sa0,,,5.0000000000e-01
g1158,sa1,,,5.0000000000e-01
g3314,sa1,3,1,1.8750000000e-01
g2334,sa0,3,1,3.1250000000e-02
II6143,sa1,,,3.1250000000e-02
g1217_II6143_A,sa0,,,3.1250000000e-02
g2316,sa0,3,1,6.2500000000e-02
II6109,sa1,,,6.2500000000e-02
g1214_II6109_A,sa0,,,6.2500000000e-02
g4422,sa0,4,1,3.7500000000e-01
g411_g4422_A,sa0,,,3.7500000000e-01
g3160_g4422_B,sa0,,,3.7500000000e-01
g3341,sa1,30,0,1.9364557229e-03
II6936,sa0,,,1.9364557229e-03
g1878,sa1,,,1.9364557229e-03
g80_g1878_A,sa0,,,1.9364557229e-03
g1415,sa1,1,1,6.2500000000e-02
g4160,sa1,30,0,4.6875000000e-01
g1231_g4160_A,sa1,,,4.6875000000e-01
g2834_g4160_B,sa1,,,4.6875000000e-01
g4044,sa0,2,1,6.2500000000e-02
g2595_g4044_A,sa1,,,6.2500000000e-02
g4304,sa1,3,1,9.1552734375e-05
g5034,sa0,2,1,1.2500000000e-01
g583,sa0,,,1.2500000000e-01
g3956,sa0,,,1.2500000000e-01
g2845_g3956_A,sa1,,,1.2500000000e-01
g5043,sa0,2,1,1.2500000000e-01
g213,sa0,,,1.2500000000e-01
g3958,sa0,,,1.2500000000e-01
g3097_g3958_A,sa1,,,1.2500000000e-01
g5106,sa0,2,1,1.2500000000e-01
g398,sa0,,,1.2500000000e-01
g4015,sa0,,,1.2500000000e-01
g3160_g4015_A,sa1,,,1.2500000000e-01
g4016,sa1,3,1,1.8750000000e-01
g3192_g4016_A,sa0,,,1.8750000000e-01
g3081,sa0,2,1,1.2500000000e-01
g1682,sa0,,,1.2500000000e-01
II5520,sa0,,,1.2500000000e-01
g1087_II5520_A,sa0,,,1.2500000000e-01
II5519_II5520_B,sa0,,,1.2500000000e-01
II5521,sa0,,,1.2500000000e-01
g1098_II5521_A,sa0,,,1.2500000000e-01
II5519_II5521_B,sa0,,,1.2500000000e-01
g1616_g3081_B,sa0,,,1.2500000000e-01
g5141,sa1,2,1,2.5000000000e-01
g6006,sa0,7,1,2.5000000000e-01
g5575,sa0,,,2.5000000000e-01
II10039,sa0,,,2.5000000000e-01
g4893_II10039_A,sa0,,,2.5000000000e-01
II10038_II10039_B,sa0,,,2.5000000000e-01
II10040,sa0,,,2.5000000000e-01
g2202_II10040_A,sa0,,,2.5000000000e-01
II10038_II10040_B,sa0,,,2.5000000000e-01
g2424_g6006_B,sa0,,,2.5000000000e-01
g5132,sa1,30,0,5.1757812500e-02
g6105,sa0,1,1,2.5000000000e-01
g5618_g6105_A,sa0,,,2.5000000000e-01
g2817,sa0,,,2.5000000000e-01
g1849_g2817_A,sa1,,,2.5000000000e-01
g6204,sa0,2,1,2.5000000000e-01
g5542_g6204_A,sa0,,,2.5000000000e-01
g5294_g6204_B,sa0,,,2.5000000000e-01
g6402,sa0,18,1,4.9902343750e-01
g665_g6402_A,sa0,,,4.9902343750e-01
g6012,sa0,,,4.9902343750e-01
g5367_g6012_A,sa1,,,4.9902343750e-01
g6032,sa1,1,1,4.8828125000e-04
g5494_g6032_A,sa0,,,4.8828125000e-04
g6420,sa0,2,1,9.7656250000e-04
g5918_g6420_A,sa0,,,9.7656250000e-04
g5367_g6420_B,sa0,,,9.7656250000e-04
g6050,sa1,1,1,4.8828125000e-04
g5246_g6050_A,sa0,,,4.8828125000e-04
g6203,sa1,24,1,2.5000000000e-01
g2424,sa0,30,0,4.8893697560e-01
g1329,sa1,,,4.8893697560e-01
g5313,sa0,3,1,1.2500000000e-01
g4820,sa0,,,1.2500000000e-01
II9170,sa0,,,1.2500000000e-01
g1935_II9170_A,sa0,,,1.2500000000e-01
II9169_II9170_B,sa0,,,1.2500000000e-01
II9171,sa0,,,1.2500000000e-01
g4244_II9171_A,sa0,,,1.2500000000e-01
II9169_II9171_B,sa0,,,1.2500000000e-01
g2407_g5313_B,sa0,,,1.2500000000e-01
g6023,sa1,30,0,6.2988281250e-02
g5412,sa0,30,0,1.3435482979e-03
II9850,sa1,,,1.3435482979e-03
g4798,sa0,,,1.3435482979e-03
g4216_g4798_A,sa0,,,1.3435482979e-03
g1760_g4798_B,sa0,,,1.3435482979e-03
g4053,sa0,1,1,1.2500000000e-01
g1292_g4053_A,sa0,,,1.2500000000e-01
g3523,sa0,,,1.2500000000e-01
g2407_g3523_A,sa1,,,1.2500000000e-01
g5700,sa0,1,1,6.2500000000e-02
g1638,sa0,,,6.2500000000e-02
g1092_g1638_A,sa1,,,6.2500000000e-02
g4969_g5700_B,sa0,,,6.2500000000e-02
g6411,sa0,2,1,4.8828125000e-04
g5918_g6411_A,sa0,,,4.8828125000e-04
g5494_g6411_B,sa0,,,4.8828125000e-04
g6042,sa0,2,1,3.1250000000e-01
g1041_g6042_A,sa0,,,3.1250000000e-01
g5581,sa0,,,3.1250000000e-01
g4969_g5581_A,sa1,,,3.1250000000e-01
g5142,sa0,1,1,1.2500000000e-01
g1677,sa0,,,1.2500000000e-01
g1532_g1677_A,sa1,,,1.2500000000e-01
g4202_g5142_B,sa0,,,1.2500000000e-01
g7121,sa1,30,0,7.6171875000e-02
g3530,sa1,0,1,0.0000000000e+00
g2185_g3530_A,sa0,,,0.0000000000e+00
g6104,sa1,20,1,9.7656250000e-04
g5345_g6104_A,sa0,,,9.7656250000e-04
g6060,sa0,2,1,3.1250000000e-01
g1065_g6060_A,sa0,,,3.1250000000e-01
g5623,sa0,,,3.1250000000e-01
g4969_g5623_A,sa1,,,3.1250000000e-01
g4511,sa1,2,1,6.1035156250e-05
g2841,sa0,,,6.1035156250e-05
g2208,sa1,,,6.1035156250e-05
II5923,sa0,,,6.1035156250e-05
g252_II5923_A,sa1,,,6.1035156250e-05
g9021,sa0,30,0,7.8735351563e-03
g8886,sa0,,,7.8735351563e-03
g5317_g9021_B,sa0,,,7.8735351563e-03
g9011,sa1,16,1,4.9999237061e-01
g6046,sa1,,,4.9999237061e-01
g8892,sa1,,,4.9999237061e-01
g9012,sa0,4,1,1.2207031250e-04
g8908,sa0,,,1.2207031250e-04
g8239_g9012_B,sa0,,,1.2207031250e-04
g9120,sa0,30,0,1.0437011719e-02
g9052,sa0,,,1.0437011719e-02
g5345_g9120_B,sa0,,,1.0437011719e-02
g1263,sa0,1,1,1.9531250000e-03
g1371,sa0,1,1,1.2207031250e-04
g1380,sa0,1,1,1.2207031250e-04
g2262,sa0,15,1,1.8310546875e-03
g1416,sa0,4,1,3.1250000000e-01
g2352,sa0,30,0,2.8610229492e-05
II6171,sa0,,,2.8610229492e-05
g843_II6171_A,sa0,,,2.8610229492e-05
II6170_II6171_B,sa0,,,2.8610229492e-05
II6172,sa0,,,2.8610229492e-05
g911_II6172_A,sa0,,,2.8610229492e-05
II6170_II6172_B,sa0,,,2.8610229492e-05
g3315,sa0,3,1,2.5000000000e-01
II6924,sa0,,,2.5000000000e-01
g1728_II6924_A,sa0,,,2.5000000000e-01
II6923_II6924_B,sa0,,,2.5000000000e-01
II6925,sa0,,,2.5000000000e-01
g33_II6925_A,sa0,,,2.5000000000e-01
II6923_II6925_B,sa0,,,2.5000000000e-01
g1163,sa1,1,1,5.0000000000e-01
g4430,sa1,30,0,2.8944015503e-04
g4403,sa1,30,0,3.7404228642e-03
g4142,sa1,30,0,4.3843817711e-01
g4107,sa0,30,0,6.2035024166e-04
g2625,sa0,,,6.2035024166e-04
g1570,sa1,,,6.2035024166e-04
g665_g1570_A,sa0,,,6.2035024166e-04
g2615,sa0,,,6.2035024166e-04
g1563,sa1,,,6.2035024166e-04
g639_g1563_A,sa0,,,6.2035024166e-04
g3900,sa0,30,0,4.5776367188e-04
II7486,sa0,,,4.5776367188e-04
g2989_II7486_A,sa0,,,4.5776367188e-04
II7485_II7486_B,sa0,,,4.5776367188e-04
II7487,sa0,,,4.5776367188e-04
g1708_II7487_A,sa0,,,4.5776367188e-04
II7485_II7487_B,sa0,,,4.5776367188e-04
g7202,sa1,8,1,2.5000000000e-01
g6028_g7202_A,sa1,,,2.5000000000e-01
g7071_g7202_B,sa1,,,2.5000000000e-01
II14754,sa0,8,1,3.0517578125e-04
II14952,sa0,30,0,6.0894775391e-01
II14484,sa0,8,1,2.4414062500e-04
II14970,sa0,30,0,5.6921386719e-01
II14772,sa0,8,1,4.2724609375e-04
g8111,sa1,30,0,3.9498806000e-03
II14374,sa0,,,3.9498806000e-03
g7693,sa1,,,3.9498806000e-03
g8301,sa0,2,1,6.1035156250e-05
g182,sa0,,,6.1035156250e-05
g8156_g8301_B,sa0,,,6.1035156250e-05
g8310,sa0,2,1,6.1035156250e-05
g573_g8310_A,sa0,,,6.1035156250e-05
g8181_g8310_B,sa0,,,6.1035156250e-05
II15276,sa0,30,0,9.1552734375e-04
II15285,sa0,30,0,7.5378417969e-03
g1532,sa1,9,1,2.5390625000e-01
g1092,sa0,4,1,3.7500000000e-01
g1524,sa0,1,1,5.0000000000e-01
g1910,sa1,1,1,6.2500000000e-02
g2360,sa1,2,1,1.8750000000e-01
g1435_g2360_A,sa0,,,1.8750000000e-01
g2333,sa1,2,1,1.2500000000e-01
g2351,sa1,2,1,5.0000000000e-01
g792_g2351_A,sa0,,,5.0000000000e-01
g2091,sa0,5,1,5.0000000000e-01
g819_g2091_A,sa1,,,5.0000000000e-01
g2703,sa0,3,1,6.1988714151e-05
g1809,sa1,,,6.1988714151e-05
g759,sa0,,,6.1988714151e-05
g1541,sa1,9,1,2.5390625000e-01
g1704,sa0,1,1,5.0000000000e-01
II5548,sa1,,,5.0000000000e-01
g1280_II5548_A,sa0,,,5.0000000000e-01
g3008,sa1,3,1,7.6292082667e-05
g1816,sa0,,,7.6292082667e-05
g767,sa1,,,7.6292082667e-05
g1721,sa1,1,1,5.0000000000e-01
II5565,sa0,,,5.0000000000e-01
g1296_II5565_A,sa1,,,5.0000000000e-01
g2721,sa0,3,1,6.1988714151e-05
g1803,sa1,,,6.1988714151e-05
g758,sa0,,,6.1988714151e-05
g2180,sa1,6,1,2.5000000000e-01
g1318,sa0,,,2.5000000000e-01
g2540,sa1,4,1,2.5000000000e-01
g1339_g2540_A,sa0,,,2.5000000000e-01
g4305,sa0,14,1,4.3750000000e-01
g3712_g4305_A,sa0,,,4.3750000000e-01
g3700_g4305_B,sa0,,,4.3750000000e-01
g3732_g4305_C,sa0,,,4.3750000000e-01
g4313,sa1,2,1,1.2500000000e-01
g2460,sa0,4,1,1.2500000000e-01
II6302,sa1,,,1.2500000000e-01
g1313_II6302_A,sa0,,,1.2500000000e-01
g4062,sa0,4,1,3.9062500000e-02
g809_g4062_A,sa0,,,3.9062500000e-02
g2986_g4062_B,sa0,,,3.9062500000e-02
g1037,sa1,8,1,3.7500000000e-01
g2145,sa0,8,1,1.2792968750e-01
g1296_g2145_A,sa1,,,1.2792968750e-01
g4700,sa1,4,1,6.2500000000e-02
g2226,sa0,10,1,2.5000000000e-01
g1320,sa1,,,2.5000000000e-01
g2253,sa0,16,1,2.5000000000e-01
g1323,sa1,,,2.5000000000e-01
g2522,sa1,5,1,2.5000000000e-01
g1342_g2522_A,sa0,,,2.5000000000e-01
II10298,sa1,1,1,2.5000000000e-01
g1118,sa1,9,1,2.5048828125e-01
g1514,sa1,30,0,2.8576660156e-01
II10847,sa1,1,1,2.5000000000e-01
II10856,sa1,1,1,2.5000000000e-01
II10866,sa0,2,1,5.0000000000e-01
g5480_II10866_A,sa0,,,5.0000000000e-01
g2605_II10866_B,sa0,,,5.0000000000e-01
II10874,sa1,1,1,2.5000000000e-01
g5520,sa0,2,1,5.0000000000e-01
g4928,sa1,,,5.0000000000e-01
g4119,sa0,,,5.0000000000e-01
II7964,sa1,,,5.0000000000e-01
g3488_II7964_A,sa0,,,5.0000000000e-01
II10982,sa1,2,1,2.4414062500e-04
II10991,sa1,12,1,1.2496948242e-01
g2712,sa0,1,1,5.0000000000e-01
g2039_g2712_A,sa1,,,5.0000000000e-01
g3062,sa1,1,1,5.0000000000e-01
g2100_g3062_A,sa0,,,5.0000000000e-01
II11549,sa1,1,1,4.8828125000e-04
II11576,sa1,7,1,1.2402343750e-01
II11757,sa0,4,1,2.8125000000e-01
g1758_II11757_A,sa0,,,2.8125000000e-01
g6118_II11757_B,sa0,,,2.8125000000e-01
II11873,sa1,6,1,2.4609375000e-01
g5403,sa0,1,1,5.0000000000e-01
g5088,sa1,,,5.0000000000e-01
II9466,sa0,,,5.0000000000e-01
g3943,sa1,,,5.0000000000e-01
II7632,sa0,,,5.0000000000e-01
g3634,sa1,,,5.0000000000e-01
II7107,sa0,,,5.0000000000e-01
g2480,sa1,,,5.0000000000e-01
g44,sa0,,,5.0000000000e-01
II12179,sa1,5,1,2.4218750000e-01
II12575,sa1,1,1,2.4414062500e-04
II12854,sa1,30,0,3.9062500000e-02
II12953,sa1,30,0,7.3059082031e-02
g7050,sa0,3,1,9.7656250000e-04
g6618_g7050_A,sa1,,,9.7656250000e-04
II13376,sa1,5,1,7.6293945313e-05
g7212,sa0,2,1,1.2207031250e-04
g1053_g7212_A,sa0,,,1.2207031250e-04
g7010_g7212_B,sa0,,,1.2207031250e-04
II13395,sa0,30,0,1.8310546875e-03
g7212_II13395_A,sa0,,,1.8310546875e-03
g1057_II13395_B,sa0,,,1.8310546875e-03
II13638,sa0,30,0,4.7363281250e-02
g7257_II13638_A,sa0,,,4.7363281250e-02
g7069_II13638_B,sa0,,,4.7363281250e-02
g1065,sa0,15,1,3.7500000000e-01
II14474,sa1,13,1,6.2492370605e-02
g1073,sa1,1,1,5.0000000000e-01
g2020_II8041_C,sa1,10,1,9.3102455139e-05
g1130_II5621_A,sa1,1,1,3.1250000000e-02
g3220_II8121_A,sa1,2,1,4.6875000000e-02
g1246,sa0,1,1,5.0000000000e-01
II5425,sa1,,,5.0000000000e-01
g1245,sa0,,,5.0000000000e-01
g1804,sa0,1,1,5.0000000000e-01
II5664,sa1,,,5.0000000000e-01
g916_II5664_A,sa0,,,5.0000000000e-01
g1911,sa1,1,1,5.0000000000e-01
II5789,sa0,,,5.0000000000e-01
g1524_II5789_A,sa1,,,5.0000000000e-01
g5143,sa0,1,1,5.0000000000e-01
II9555,sa1,,,5.0000000000e-01
g4892,sa0,,,5.0000000000e-01
II9250,sa1,,,5.0000000000e-01
g4134,sa0,,,5.0000000000e-01
g3676,sa1,,,5.0000000000e-01
g2380,sa0,,,5.0000000000e-01
II6242,sa1,,,5.0000000000e-01
g1554,sa0,,,5.0000000000e-01
g6223,sa0,1,1,5.0000000000e-01
II11008,sa1,,,5.0000000000e-01
g5693_II11008_A,sa0,,,5.0000000000e-01
g9310,sa0,30,0,8.7716674805e-01
II16046,sa1,,,8.7716674805e-01
g9288_II16046_A,sa0,,,8.7716674805e-01
g6304,sa0,1,1,5.0000000000e-01
II11239,sa1,,,5.0000000000e-01
g6173,sa0,,,5.0000000000e-01
II10882,sa1,,,5.0000000000e-01
g5600_II10882_A,sa0,,,5.0000000000e-01
g6303,sa1,1,1,5.0000000000e-01
II11236,sa0,,,5.0000000000e-01
g6148,sa1,,,5.0000000000e-01
II10807,sa0,,,5.0000000000e-01
g5294_II10807_A,sa1,,,5.0000000000e-01
g7302,sa1,8,1,7.5000000000e-01
II13338,sa0,,,7.5000000000e-01
g7190,sa1,,,7.5000000000e-01
II13112,sa0,,,7.5000000000e-01
g7021,sa1,,,7.5000000000e-01
g7303,sa0,8,1,2.5000000000e-01
II13341,sa1,,,2.5000000000e-01
g7207,sa0,,,2.5000000000e-01
II13137,sa1,,,2.5000000000e-01
g7027,sa0,,,2.5000000000e-01
g3390_g7027_A,sa0,,,2.5000000000e-01
g6698,sa0,,,2.5000000000e-01
g7113,sa1,9,1,5.0000000000e-01
II12927,sa0,,,5.0000000000e-01
g7014,sa1,,,5.0000000000e-01
II12760,sa0,,,5.0000000000e-01
g6685,sa1,,,5.0000000000e-01
g4067,sa1,,,5.0000000000e-01
g5969,sa1,,,5.0000000000e-01
g7114,sa0,7,1,5.0000000000e-01
II12930,sa1,,,5.0000000000e-01
g7019,sa0,,,5.0000000000e-01
II12771,sa1,,,5.0000000000e-01
g6735,sa0,,,5.0000000000e-01
g7104,sa1,7,1,8.7500000000e-01
II12900,sa0,,,8.7500000000e-01
g6947,sa1,,,8.7500000000e-01
II12652,sa0,,,8.7500000000e-01
g6664_II12652_A,sa1,,,8.7500000000e-01
g7105,sa0,1,1,2.5000000000e-01
II12903,sa1,,,2.5000000000e-01
g6905,sa0,,,2.5000000000e-01
II12586,sa1,,,2.5000000000e-01
g6643,sa0,,,2.5000000000e-01
g1860_g6643_A,sa0,,,2.5000000000e-01
g5868_g6643_B,sa0,,,2.5000000000e-01
g5160,sa1,1,1,5.0000000000e-01
II9606,sa0,,,5.0000000000e-01
g4687,sa1,,,5.0000000000e-01
II8962,sa0,,,5.0000000000e-01
g4553,sa1,,,5.0000000000e-01
g2891,sa0,,,5.0000000000e-01
g2265,sa1,,,5.0000000000e-01
II6000,sa0,,,5.0000000000e-01
g202_II6000_A,sa1,,,5.0000000000e-01
g5161,sa0,1,1,5.0000000000e-01
II9609,sa1,,,5.0000000000e-01
g4780,sa0,,,5.0000000000e-01
II9089,sa1,,,5.0000000000e-01
g4566,sa0,,,5.0000000000e-01
g2902,sa1,,,5.0000000000e-01
g2285,sa0,,,5.0000000000e-01
II6039,sa1,,,5.0000000000e-01
g207_II6039_A,sa0,,,5.0000000000e-01
g5151,sa1,1,1,5.0000000000e-01
II9579,sa0,,,5.0000000000e-01
g4713,sa1,,,5.0000000000e-01
II9014,sa0,,,5.0000000000e-01
g3864,sa1,,,5.0000000000e-01
g2943,sa0,,,5.0000000000e-01
g2362,sa1,,,5.0000000000e-01
II6186,sa0,,,5.0000000000e-01
g138_II6186_A,sa1,,,5.0000000000e-01
g5152,sa0,1,1,5.0000000000e-01
II9582,sa1,,,5.0000000000e-01
g4694,sa0,,,5.0000000000e-01
II8977,sa1,,,5.0000000000e-01
g3877,sa0,,,5.0000000000e-01
g2960,sa1,,,5.0000000000e-01
g2381,sa0,,,5.0000000000e-01
II6245,sa1,,,5.0000000000e-01
g142_II6245_A,sa0,,,5.0000000000e-01
g6312,sa1,4,1,5.0000000000e-01
II11263,sa0,,,5.0000000000e-01
g5784,sa1,,,5.0000000000e-01
II10397,sa0,,,5.0000000000e-01
g5200,sa1,,,5.0000000000e-01
g5029,sa1,,,5.0000000000e-01
g4375,sa1,,,5.0000000000e-01
g4602,sa1,1,1,5.0000000000e-01
II8721,sa0,,,5.0000000000e-01
g3918,sa1,,,5.0000000000e-01
II7551,sa0,,,5.0000000000e-01
g2712_II7551_A,sa1,,,5.0000000000e-01
g6313,sa0,6,1,5.0000000000e-01
II11266,sa1,,,5.0000000000e-01
g5794,sa0,,,5.0000000000e-01
II10421,sa1,,,5.0000000000e-01
g5208,sa0,,,5.0000000000e-01
g4603,sa0,1,1,5.0000000000e-01
II8724,sa1,,,5.0000000000e-01
g3927,sa0,,,5.0000000000e-01
II7584,sa1,,,5.0000000000e-01
g3062_II7584_A,sa0,,,5.0000000000e-01
g6321,sa1,4,1,5.0000000000e-01
II11290,sa0,,,5.0000000000e-01
g5818,sa1,,,5.0000000000e-01
II10479,sa0,,,5.0000000000e-01
g5227,sa1,,,5.0000000000e-01
g5077,sa1,,,5.0000000000e-01
g4407,sa1,,,5.0000000000e-01
g4611,sa1,1,1,5.0000000000e-01
II8748,sa0,,,5.0000000000e-01
g3997,sa1,,,5.0000000000e-01
II7734,sa0,,,5.0000000000e-01
g2595_II7734_A,sa1,,,5.0000000000e-01
g6322,sa0,6,1,5.0000000000e-01
II11293,sa1,,,5.0000000000e-01
g5824,sa0,,,5.0000000000e-01
II10497,sa1,,,5.0000000000e-01
g5233,sa0,,,5.0000000000e-01
g4612,sa0,1,1,5.0000000000e-01
II8751,sa1,,,5.0000000000e-01
g4009,sa0,,,5.0000000000e-01
II7758,sa1,,,5.0000000000e-01
g2605_II7758_A,sa0,,,5.0000000000e-01
g6330,sa1,4,1,5.0000000000e-01
II11317,sa0,,,5.0000000000e-01
g5787,sa1,,,5.0000000000e-01
II10406,sa0,,,5.0000000000e-01
g5203,sa1,,,5.0000000000e-01
g5032,sa1,,,5.0000000000e-01
g4378,sa1,,,5.0000000000e-01
g4620,sa1,1,1,5.0000000000e-01
II8775,sa0,,,5.0000000000e-01
g4019,sa1,,,5.0000000000e-01
II7778,sa0,,,5.0000000000e-01
g3019_II7778_A,sa1,,,5.0000000000e-01
g6331,sa0,6,1,5.0000000000e-01
II11320,sa1,,,5.0000000000e-01
g5797,sa0,,,5.0000000000e-01
II10430,sa1,,,5.0000000000e-01
g5211,sa0,,,5.0000000000e-01
g4621,sa0,1,1,5.0000000000e-01
II8778,sa1,,,5.0000000000e-01
g3922,sa0,,,5.0000000000e-01
II7561,sa1,,,5.0000000000e-01
g2562_II7561_A,sa0,,,5.0000000000e-01
g9103,sa0,18,1,5.0000000000e-01
II15699,sa1,,,5.0000000000e-01
g9061,sa0,,,5.0000000000e-01
II15577,sa1,,,5.0000000000e-01
g8984,sa0,,,5.0000000000e-01
g9102,sa1,15,1,5.0000000000e-01
II15696,sa0,,,5.0000000000e-01
g9050,sa1,,,5.0000000000e-01
II15550,sa0,,,5.0000000000e-01
g9008,sa1,,,5.0000000000e-01
g8948,sa1,,,5.0000000000e-01
g8857,sa1,,,5.0000000000e-01
g6340,sa0,6,1,5.0000000000e-01
II11347,sa1,,,5.0000000000e-01
g5761,sa0,,,5.0000000000e-01
II10356,sa1,,,5.0000000000e-01
g5711,sa0,,,5.0000000000e-01
g4630,sa0,1,1,5.0000000000e-01
II8805,sa1,,,5.0000000000e-01
g3976,sa0,,,5.0000000000e-01
II7697,sa1,,,5.0000000000e-01
g3052_II7697_A,sa0,,,5.0000000000e-01
g9111,sa1,15,1,5.0000000000e-01
II15723,sa0,,,5.0000000000e-01
g9065,sa1,,,5.0000000000e-01
II15589,sa0,,,5.0000000000e-01
g8988,sa1,,,5.0000000000e-01
g8928,sa1,,,5.0000000000e-01
g8827,sa1,,,5.0000000000e-01
g9112,sa0,22,1,5.0000000000e-01
II15726,sa1,,,5.0000000000e-01
g9069,sa0,,,5.0000000000e-01
II15601,sa1,,,5.0000000000e-01
g8992,sa0,,,5.0000000000e-01
g9030,sa1,15,1,5.0000000000e-01
II15504,sa0,,,5.0000000000e-01
g8967,sa1,,,5.0000000000e-01
II15405,sa0,,,5.0000000000e-01
g8902,sa1,,,5.0000000000e-01
g8844,sa1,,,5.0000000000e-01
g8654,sa1,,,5.0000000000e-01
g9031,sa0,22,1,5.0000000000e-01
II15507,sa1,,,5.0000000000e-01
g8968,sa0,,,5.0000000000e-01
II15408,sa1,,,5.0000000000e-01
g8896,sa0,,,5.0000000000e-01
g7510,sa0,17,1,7.5781250000e-01
II13710,sa1,,,7.5781250000e-01
g7340,sa0,,,7.5781250000e-01
II13438,sa1,,,7.5781250000e-01
g7143,sa0,,,7.5781250000e-01
g6996,sa1,,,7.5781250000e-01
g5170,sa0,3,1,5.0000000000e-01
II9636,sa1,,,5.0000000000e-01
g4802,sa0,,,5.0000000000e-01
II9129,sa1,,,5.0000000000e-01
g4475,sa0,,,5.0000000000e-01
g3818,sa1,,,5.0000000000e-01
g8220,sa1,11,1,5.0000000000e-01
II14439,sa0,,,5.0000000000e-01
g8063,sa1,,,5.0000000000e-01
II14334,sa0,,,5.0000000000e-01
g7578,sa1,,,5.0000000000e-01
II13879,sa0,,,5.0000000000e-01
g7332,sa1,,,5.0000000000e-01
II13416,sa0,,,5.0000000000e-01
g7165,sa1,,,5.0000000000e-01
g6434,sa1,,,5.0000000000e-01
g6908,sa1,,,5.0000000000e-01
g8221,sa0,11,1,5.0000000000e-01
II14442,sa1,,,5.0000000000e-01
g8065,sa0,,,5.0000000000e-01
II14338,sa1,,,5.0000000000e-01
g7581,sa0,,,5.0000000000e-01
II13888,sa1,,,5.0000000000e-01
g7335,sa0,,,5.0000000000e-01
II13425,sa1,,,5.0000000000e-01
g7166,sa0,,,5.0000000000e-01
g2650,sa0,1,1,5.0000000000e-01
II6434,sa1,,,5.0000000000e-01
g1830,sa0,,,5.0000000000e-01
II5718,sa1,,,5.0000000000e-01
g896_II5718_A,sa0,,,5.0000000000e-01
g1084,sa0,1,1,5.0000000000e-01
g71,sa1,30,0,3.0021667480e-03
g1254,sa1,1,1,5.0000000000e-01
g80,sa1,30,0,5.1816552877e-03
g1345,sa0,30,0,2.2266006470e-01
g1336,sa0,30,0,2.5000417233e-01
g1354,sa0,30,0,2.1973109245e-01
g62,sa1,30,0,1.2770819664e-01
g2514,sa1,1,1,2.5000000000e-01
g1330_g2514_A,sa0,,,2.5000000000e-01
g2263,sa0,1,1,2.5000000000e-01
g1394,sa1,,,2.5000000000e-01
g1182,sa1,1,1,5.0000000000e-01
g2371,sa0,1,1,2.5000000000e-01
g944,sa1,,,2.5000000000e-01
g1236,sa1,1,1,5.0000000000e-01
g5224,sa0,1,1,5.0000000000e-01
g5114,sa1,,,5.0000000000e-01
II9502,sa0,,,5.0000000000e-01
g3972,sa1,,,5.0000000000e-01
II7691,sa0,,,5.0000000000e-01
g3651,sa1,,,5.0000000000e-01
II7129,sa0,,,5.0000000000e-01
g2495,sa1,,,5.0000000000e-01
g26,sa0,,,5.0000000000e-01
g5701,sa0,1,1,5.0000000000e-01
g5120,sa1,,,5.0000000000e-01
II9512,sa0,,,5.0000000000e-01
g3985,sa1,,,5.0000000000e-01
II7712,sa0,,,5.0000000000e-01
g3657,sa1,,,5.0000000000e-01
II7145,sa0,,,5.0000000000e-01
g2501,sa1,,,5.0000000000e-01
g27,sa0,,,5.0000000000e-01
g3801,sa1,1,1,2.5000000000e-01
II7262,sa0,,,2.5000000000e-01
g2514_II7262_A,sa1,,,2.5000000000e-01
g6015,sa1,1,1,5.0000000000e-01
II10617,sa0,,,5.0000000000e-01
g5677,sa1,,,5.0000000000e-01
II10166,sa0,,,5.0000000000e-01
g5016,sa1,,,5.0000000000e-01
II9350,sa0,,,5.0000000000e-01
g4503,sa1,,,5.0000000000e-01
II8565,sa0,,,5.0000000000e-01
g3071_II8565_A,sa1,,,5.0000000000e-01
g1173,sa1,1,1,5.0000000000e-01
g4801,sa0,3,1,7.5000000000e-01
II9126,sa1,,,7.5000000000e-01
g3870,sa0,,,7.5000000000e-01
g3466_g3870_A,sa1,,,7.5000000000e-01
g7032,sa1,30,0,6.2255859375e-02
g6525_g7032_A,sa0,,,6.2255859375e-02
g5610,sa1,11,1,1.2500000000e-01
g4938_g5610_A,sa0,,,1.2500000000e-01
g6232,sa0,6,1,3.7913513184e-01
II11031,sa1,,,3.7913513184e-01
g5335_II11031_A,sa0,,,3.7913513184e-01
g3190,sa0,2,1,2.5000000000e-01
g1658_g3190_A,sa0,,,2.5000000000e-01
g2424_g3190_B,sa0,,,2.5000000000e-01
g1272,sa1,1,1,5.0000000000e-01
g3513,sa1,3,1,6.8359375000e-03
g2407_g3513_A,sa0,,,6.8359375000e-03
g3522,sa1,1,1,6.2500000000e-02
g2407_g3522_A,sa0,,,6.2500000000e-02
g4054,sa0,4,1,2.5000000000e-01
g3767,sa0,,,2.5000000000e-01
II7240,sa0,,,2.5000000000e-01
g1658_II7240_A,sa0,,,2.5000000000e-01
II7239_II7240_B,sa0,,,2.5000000000e-01
II7241,sa0,,,2.5000000000e-01
g2134_II7241_A,sa0,,,2.5000000000e-01
II7239_II7241_B,sa0,,,2.5000000000e-01
g2424_g4054_B,sa0,,,2.5000000000e-01
g3540,sa1,7,1,1.2500000000e-01
g2424_g3540_A,sa0,,,1.2500000000e-01
g4108,sa0,2,1,3.7500000000e-01
g782_g4108_A,sa0,,,3.7500000000e-01
g3655,sa0,,,3.7500000000e-01
g1844_g3655_A,sa1,,,3.7500000000e-01
g2640,sa1,30,0,6.2035024166e-04
g1584,sa0,,,6.2035024166e-04
g738_g1584_A,sa1,,,6.2035024166e-04
g2622,sa1,30,0,6.2035024166e-04
g1568,sa0,,,6.2035024166e-04
g658_g1568_A,sa1,,,6.2035024166e-04
g2631,sa1,30,0,6.2035024166e-04
g1586,sa0,,,6.2035024166e-04
g730_g1586_A,sa1,,,6.2035024166e-04
g3531,sa1,1,1,4.8828125000e-04
g1616_g3531_A,sa0,,,4.8828125000e-04
g2137,sa0,30,0,4.7941161320e-03
II5889,sa1,,,4.7941161320e-03
g83_II5889_A,sa0,,,4.7941161320e-03
g4216,sa0,30,0,1.4200806618e-03
II8114,sa0,,,1.4200806618e-03
g2162_II8114_A,sa0,,,1.4200806618e-03
g2149_II8114_B,sa0,,,1.4200806618e-03
g2137_II8114_C,sa0,,,1.4200806618e-03
g2106_II8114_D,sa0,,,1.4200806618e-03
II8115,sa0,,,1.4200806618e-03
g2074_II8115_A,sa0,,,1.4200806618e-03
g3287_II8115_B,sa0,,,1.4200806618e-03
g3264_II8115_C,sa0,,,1.4200806618e-03
g1987_II8115_D,sa0,,,1.4200806618e-03
g1714,sa0,2,1,1.2500000000e-01
g1454_g1714_A,sa0,,,1.2500000000e-01
g1450_g1714_B,sa0,,,1.2500000000e-01
g2334,sa1,3,1,3.1250000000e-02
II6143,sa0,,,3.1250000000e-02
g1217_II6143_A,sa1,,,3.1250000000e-02
g2316,sa1,3,1,6.2500000000e-02
II6109,sa0,,,6.2500000000e-02
g1214_II6109_A,sa1,,,6.2500000000e-02
g3603,sa1,2,1,1.9531250000e-03
g2092_g3603_A,sa0,,,1.9531250000e-03
g4342,sa0,4,1,3.7500000000e-01
g228_g4342_A,sa0,,,3.7500000000e-01
g3097_g4342_B,sa0,,,3.7500000000e-01
g4351,sa0,4,1,3.7500000000e-01
g309_g4351_A,sa0,,,3.7500000000e-01
g3131_g4351_B,sa0,,,3.7500000000e-01
g4423,sa0,4,1,3.7500000000e-01
g465_g4423_A,sa0,,,3.7500000000e-01
g3192_g4423_B,sa0,,,3.7500000000e-01
g3316,sa0,30,0,2.2199749947e-03
II6930,sa1,,,2.2199749947e-03
g1876,sa0,,,2.2199749947e-03
g77_g1876_A,sa1,,,2.2199749947e-03
g2074,sa0,30,0,1.3940334320e-03
II5872,sa1,,,1.3940334320e-03
g77_II5872_A,sa0,,,1.3940334320e-03
g4224,sa1,30,0,1.4038085938e-03
g4044,sa1,2,1,6.2500000000e-02
g2595_g4044_A,sa0,,,6.2500000000e-02
g5008,sa0,2,1,1.2500000000e-01
g231,sa0,,,1.2500000000e-01
g3920,sa0,,,1.2500000000e-01
g3097_g3920_A,sa1,,,1.2500000000e-01
g5017,sa0,2,1,1.2500000000e-01
g211,sa0,,,1.2500000000e-01
g3928,sa0,,,1.2500000000e-01
g3097_g3928_A,sa1,,,1.2500000000e-01
g5044,sa0,2,1,1.2500000000e-01
g234,sa0,,,1.2500000000e-01
g3959,sa0,,,1.2500000000e-01
g3097_g3959_A,sa1,,,1.2500000000e-01
g5062,sa0,2,1,1.2500000000e-01
g235,sa0,,,1.2500000000e-01
g3973,sa0,,,1.2500000000e-01
g3097_g3973_A,sa1,,,1.2500000000e-01
g5080,sa0,2,1,1.2500000000e-01
g396,sa0,,,1.2500000000e-01
g3991,sa0,,,1.2500000000e-01
g3160_g3991_A,sa1,,,1.2500000000e-01
g5107,sa0,2,1,1.2500000000e-01
g478,sa0,,,1.2500000000e-01
g4016,sa0,,,1.2500000000e-01
g3192_g4016_A,sa1,,,1.2500000000e-01
g4017,sa1,3,1,1.8750000000e-01
g2845_g4017_A,sa0,,,1.8750000000e-01
g5116,sa0,2,1,1.2500000000e-01
g355,sa0,,,1.2500000000e-01
g4021,sa0,,,1.2500000000e-01
g3131_g4021_A,sa1,,,1.2500000000e-01
g4026,sa1,3,1,1.8750000000e-01
g3192_g4026_A,sa0,,,1.8750000000e-01
g5125,sa0,2,1,1.2500000000e-01
g517,sa0,,,1.2500000000e-01
g4036,sa0,,,1.2500000000e-01
g3192_g4036_A,sa1,,,1.2500000000e-01
g5070,sa1,3,1,2.5000000000e-01
g4052,sa1,,,2.5000000000e-01
g4058,sa1,,,2.5000000000e-01
g4333,sa0,1,1,1.2500000000e-01
g1087_g4333_A,sa0,,,1.2500000000e-01
g2782,sa0,,,1.2500000000e-01
g1616_g2782_A,sa1,,,1.2500000000e-01
g4332,sa1,24,1,2.7236938477e-02
g6412,sa0,18,1,4.9902343750e-01
g158_g6412_A,sa0,,,4.9902343750e-01
g6024,sa0,,,4.9902343750e-01
g5494_g6024_A,sa1,,,4.9902343750e-01
g6024,sa1,1,1,4.8828125000e-04
g5494_g6024_A,sa0,,,4.8828125000e-04
g6421,sa0,2,1,9.7656250000e-04
g5847_g6421_A,sa0,,,9.7656250000e-04
g5384_g6421_B,sa0,,,9.7656250000e-04
g6033,sa1,1,1,4.8828125000e-04
g5384_g6033_A,sa0,,,4.8828125000e-04
g6430,sa0,2,1,9.7656250000e-04
g5874_g6430_A,sa0,,,9.7656250000e-04
g5384_g6430_B,sa0,,,9.7656250000e-04
g6051,sa1,2,1,7.3242187500e-04
g5246_g6051_A,sa0,,,7.3242187500e-04
g6150,sa1,1,1,7.8125000000e-03
g5287_g6150_A,sa0,,,7.8125000000e-03
g2407,sa0,2,1,2.5000000000e-01
II6286,sa1,,,2.5000000000e-01
g1307,sa0,,,2.5000000000e-01
g2424,sa1,30,0,4.8730623722e-01
g1329,sa0,,,4.8730623722e-01
g5412,sa1,30,0,4.1056275368e-03
II9850,sa0,,,4.1056275368e-03
g4798,sa1,,,4.1056275368e-03
g5511,sa1,2,1,2.5000000000e-01
g4743,sa1,,,2.5000000000e-01
g4109,sa1,,,2.5000000000e-01
g6511,sa0,30,0,4.6875000000e-01
II11693,sa1,,,4.6875000000e-01
g6076_II11693_A,sa0,,,4.6875000000e-01
g6520,sa0,30,0,4.6875000000e-01
II11704,sa1,,,4.6875000000e-01
g6076_II11704_A,sa0,,,4.6875000000e-01
g6061,sa0,6,1,1.2500000000e-01
g5257,sa0,,,1.2500000000e-01
II9768,sa0,,,1.2500000000e-01
g4832_II9768_A,sa0,,,1.2500000000e-01
II9767_II9768_B,sa0,,,1.2500000000e-01
II9769,sa0,,,1.2500000000e-01
g1114_II9769_A,sa0,,,1.2500000000e-01
II9767_II9769_B,sa0,,,1.2500000000e-01
g1616_g6061_B,sa0,,,1.2500000000e-01
g4180,sa0,1,1,1.2500000000e-01
g1114_g4180_A,sa0,,,1.2500000000e-01
g3511,sa0,,,1.2500000000e-01
g1616_g3511_A,sa1,,,1.2500000000e-01
g6132,sa1,9,1,2.4609375000e-01
g5436,sa1,,,2.4609375000e-01
g4793,sa1,,,2.4609375000e-01
g6600,sa1,6,1,2.4609375000e-01
g5443,sa1,,,2.4609375000e-01
g6055,sa1,,,2.4609375000e-01
g6151,sa0,4,1,2.1875000000e-01
g1494_g6151_A,sa0,,,2.1875000000e-01
g5709,sa0,,,2.1875000000e-01
g4841_g5709_A,sa1,,,2.1875000000e-01
g6160,sa0,4,1,2.1875000000e-01
g1504_g6160_A,sa0,,,2.1875000000e-01
g5718,sa0,,,2.1875000000e-01
g4841_g5718_A,sa1,,,2.1875000000e-01
g7140,sa1,10,1,6.2500000000e-02
g7230,sa1,9,1,2.5000000000e-01
g4190,sa1,,,2.5000000000e-01
g6995,sa1,,,2.5000000000e-01
g7600,sa0,2,1,1.2500000000e-01
g7460_g7600_A,sa0,,,1.2500000000e-01
g3466_g7600_B,sa0,,,1.2500000000e-01
g6052,sa0,2,1,3.1250000000e-01
g1049_g6052_A,sa0,,,3.1250000000e-01
g5604,sa0,,,3.1250000000e-01
g4969_g5604_A,sa1,,,3.1250000000e-01
g4512,sa1,2,1,6.1035156250e-05
g2842,sa0,,,6.1035156250e-05
g2209,sa1,,,6.1035156250e-05
II5926,sa0,,,6.1035156250e-05
g297_II5926_A,sa1,,,6.1035156250e-05
g4521,sa1,2,1,6.1035156250e-05
g2866,sa0,,,6.1035156250e-05
g2221,sa1,,,6.1035156250e-05
II5936,sa0,,,6.1035156250e-05
g222_II5936_A,sa1,,,6.1035156250e-05
g6043,sa0,2,1,3.1250000000e-01
g1069_g6043_A,sa0,,,3.1250000000e-01
g5582,sa0,,,3.1250000000e-01
g4969_g5582_A,sa1,,,3.1250000000e-01
g9022,sa0,30,0,7.8735351563e-03
g8887,sa0,,,7.8735351563e-03
g5317_g9022_B,sa0,,,7.8735351563e-03
g9013,sa0,4,1,1.2207031250e-04
g8907,sa0,,,1.2207031250e-04
g8239_g9013_B,sa0,,,1.2207031250e-04
g9130,sa0,30,0,1.0437011719e-02
g9054,sa0,,,1.0437011719e-02
g5345_g9130_B,sa0,,,1.0437011719e-02
g6222,sa1,30,0,1.3732910156e-03
g5654_g6222_A,sa0,,,1.3732910156e-03
g1263,sa1,1,1,1.9531250000e-03
g1363,sa0,1,1,1.2207031250e-04
g1372,sa0,1,1,1.2207031250e-04
g1381,sa0,1,1,1.2207031250e-04
g1416,sa1,4,1,3.1250000000e-01
g3541,sa0,3,1,3.7500000000e-01
g4504,sa0,16,1,1.2159347534e-04
II8568,sa0,,,1.2159347534e-04
g3430_II8568_A,sa0,,,1.2159347534e-04
g3398_II8568_B,sa0,,,1.2159347534e-04
g3359_II8568_C,sa0,,,1.2159347534e-04
g3341_II8568_D,sa0,,,1.2159347534e-04
II8569,sa0,,,1.2159347534e-04
g3316_II8569_A,sa0,,,1.2159347534e-04
g2057_II8569_B,sa0,,,1.2159347534e-04
g2020_II8569_C,sa0,,,1.2159347534e-04
g1987_II8569_D,sa0,,,1.2159347534e-04
g4414,sa0,5,1,1.2207031250e-04
II8412,sa0,,,1.2207031250e-04
g3430_II8412_A,sa0,,,1.2207031250e-04
g3398_II8412_B,sa0,,,1.2207031250e-04
g3359_II8412_C,sa0,,,1.2207031250e-04
g3341_II8412_D,sa0,,,1.2207031250e-04
II8413,sa0,,,1.2207031250e-04
g3316_II8413_A,sa0,,,1.2207031250e-04
g3287_II8413_B,sa0,,,1.2207031250e-04
g3264_II8413_C,sa0,,,1.2207031250e-04
g1987_II8413_D,sa0,,,1.2207031250e-04
g4135,sa0,2,1,1.2207031250e-04
II7994,sa0,,,1.2207031250e-04
g3430_II7994_A,sa0,,,1.2207031250e-04
g3398_II7994_B,sa0,,,1.2207031250e-04
g3359_II7994_C,sa0,,,1.2207031250e-04
g3341_II7994_D,sa0,,,1.2207031250e-04
II7995,sa0,,,1.2207031250e-04
g2074_II7995_A,sa0,,,1.2207031250e-04
g3287_II7995_B,sa0,,,1.2207031250e-04
g2020_II7995_C,sa0,,,1.2207031250e-04
g3238_II7995_D,sa0,,,1.2207031250e-04
g4117,sa0,30,0,6.2035024166e-04
g2626,sa0,,,6.2035024166e-04
g1571,sa1,,,6.2035024166e-04
g669_g1571_A,sa0,,,6.2035024166e-04
g2616,sa0,,,6.2035024166e-04
g1564,sa1,,,6.2035024166e-04
g642_g1564_A,sa0,,,6.2035024166e-04
g4810,sa0,4,1,2.5000000000e-01
II9152,sa0,,,2.5000000000e-01
g3883_II9152_A,sa0,,,2.5000000000e-01
II9151_II9152_B,sa0,,,2.5000000000e-01
II9153,sa0,,,2.5000000000e-01
g1649_II9153_A,sa0,,,2.5000000000e-01
II9151_II9153_B,sa0,,,2.5000000000e-01
g6214,sa0,2,1,6.2500000000e-02
g2245,sa0,30,0,3.5156250000e-02
g999,sa1,,,3.5156250000e-02
II14467,sa0,8,1,2.4414062500e-04
g8230,sa0,30,0,7.3730468750e-01
II14485,sa0,8,1,3.6621093750e-04
II14980,sa0,6,1,1.8310546875e-04
g8131,sa0,9,1,1.2207031250e-04
II14378,sa1,,,1.2207031250e-04
g7691,sa0,,,1.2207031250e-04
g7367_g7691_A,sa0,,,1.2207031250e-04
g4427_g7691_B,sa0,,,1.2207031250e-04
g8311,sa0,2,1,6.1035156250e-05
g4540,sa0,,,6.1035156250e-05
g2882,sa1,,,6.1035156250e-05
g2236,sa0,,,6.1035156250e-05
II5969,sa1,,,6.1035156250e-05
g303_II5969_A,sa0,,,6.1035156250e-05
g7905_g8311_B,sa0,,,6.1035156250e-05
g8302,sa0,2,1,6.1035156250e-05
g4521,sa0,,,6.1035156250e-05
g2866,sa1,,,6.1035156250e-05
g2221,sa0,,,6.1035156250e-05
II5936,sa1,,,6.1035156250e-05
g222_II5936_A,sa0,,,6.1035156250e-05
g7855_g8302_B,sa0,,,6.1035156250e-05
g8320,sa0,2,1,6.1035156250e-05
g4557,sa0,,,6.1035156250e-05
g2896,sa1,,,6.1035156250e-05
g2269,sa0,,,6.1035156250e-05
II6012,sa1,,,6.1035156250e-05
g384_II6012_A,sa0,,,6.1035156250e-05
g7951_g8320_B,sa0,,,6.1035156250e-05
II15169,sa0,6,1,3.0517578125e-04
g1092,sa1,4,1,3.7500000000e-01
g1524,sa1,1,1,5.0000000000e-01
g1435,sa0,2,1,1.8750000000e-01
g1444,sa0,3,1,3.1250000000e-01
g1732,sa0,2,1,2.5000000000e-01
g1439_g1732_A,sa1,,,2.5000000000e-01
g2353,sa0,3,1,5.0000000000e-01
g871_g2353_A,sa1,,,5.0000000000e-01
g2091,sa1,5,1,4.8437500000e-01
g819_g2091_A,sa0,,,4.8437500000e-01
g2703,sa1,3,1,6.1988714151e-05
g1809,sa0,,,6.1988714151e-05
g759,sa1,,,6.1988714151e-05
g3226,sa0,3,1,3.1982421875e-02
g1102_g3226_A,sa0,,,3.1982421875e-02
g1919_g3226_B,sa0,,,3.1982421875e-02
g1704,sa1,1,1,5.0000000000e-01
II5548,sa0,,,5.0000000000e-01
g1280_II5548_A,sa1,,,5.0000000000e-01
g3802,sa0,3,1,6.1988714151e-05
g1832,sa1,,,6.1988714151e-05
g763,sa0,,,6.1988714151e-05
g1138,sa0,6,1,3.7500000000e-01
g3712,sa0,3,1,1.2500000000e-01
g1952_g3712_A,sa1,,,1.2500000000e-01
g2721,sa1,3,1,6.1988714151e-05
g1803,sa0,,,6.1988714151e-05
g758,sa1,,,6.1988714151e-05
g2821,sa0,3,1,6.1273545725e-05
g1786,sa1,,,6.1273545725e-05
g623,sa0,,,6.1273545725e-05
g2038,sa0,5,1,2.5000000000e-01
g809_g2038_A,sa1,,,2.5000000000e-01
g2506,sa0,30,0,2.7894973755e-05
II6341,sa1,,,2.7894973755e-05
g1351_II6341_A,sa0,,,2.7894973755e-05
g4252,sa0,30,1,4.6875000000e-01
g2276_g4252_A,sa0,,,4.6875000000e-01
g3313,sa0,,,4.6875000000e-01
g2334_g3313_A,sa0,,,4.6875000000e-01
g2316_g3313_B,sa0,,,4.6875000000e-01
g2298_g3313_C,sa0,,,4.6875000000e-01
g4305,sa1,2,1,6.2500000000e-02
g4314,sa1,20,1,2.1875000000e-01
g2533,sa0,4,1,2.5000000000e-01
g1336_g2533_A,sa1,,,2.5000000000e-01
g2460,sa1,4,1,1.2500000000e-01
II6302,sa0,,,1.2500000000e-01
g1313_II6302_A,sa1,,,1.2500000000e-01
g4062,sa1,30,0,2.9687500000e-01
g5305,sa0,30,0,5.5458068848e-01
g5009_g5305_A,sa0,,,5.5458068848e-01
g4335_g5305_B,sa0,,,5.5458068848e-01
g4328_g5305_C,sa0,,,5.5458068848e-01
g2128,sa0,5,1,1.2792968750e-01
g1284_g2128_A,sa1,,,1.2792968750e-01
g2092,sa0,1,1,5.0000000000e-01
g1225,sa1,,,5.0000000000e-01
g2145,sa1,8,1,1.2792968750e-01
g1296_g2145_A,sa0,,,1.2792968750e-01
g4513,sa0,30,0,7.1525573730e-06
II8582,sa0,,,7.1525573730e-06
g2498_II8582_A,sa0,,,7.1525573730e-06
II8581_II8582_B,sa0,,,7.1525573730e-06
II8583,sa0,,,7.1525573730e-06
g2777_II8583_A,sa0,,,7.1525573730e-06
II8581_II8583_B,sa0,,,7.1525573730e-06
g2226,sa1,10,1,2.5000000000e-01
g1320,sa0,,,2.5000000000e-01
g2253,sa1,16,1,2.5000000000e-01
g1323,sa0,,,2.5000000000e-01
II10299,sa1,1,1,2.5000000000e-01
g5314,sa0,30,0,5.1002502441e-03
g1509_g5314_A,sa0,,,5.1002502441e-03
g4729_g5314_B,sa0,,,5.1002502441e-03
g5512,sa0,30,0,1.8310546875e-03
g1879_g5512_A,sa0,,,1.8310546875e-03
g4877,sa0,,,1.8310546875e-03
g3746_g4877_A,sa0,,,1.8310546875e-03
g3723_g4877_B,sa0,,,1.8310546875e-03
g4288_g4877_C,sa0,,,1.8310546875e-03
g3764_g4877_D,sa0,,,1.8310546875e-03
II10848,sa1,1,1,2.5000000000e-01
g5521,sa0,2,1,5.0000000000e-01
g4929,sa1,,,5.0000000000e-01
g4120,sa0,,,5.0000000000e-01
II7967,sa1,,,5.0000000000e-01
g2787_II7967_A,sa0,,,5.0000000000e-01
II10866,sa1,1,1,2.5000000000e-01
II10875,sa1,1,1,2.5000000000e-01
g5520,sa1,2,1,5.0000000000e-01
g4928,sa0,,,5.0000000000e-01
g4119,sa1,,,5.0000000000e-01
II7964,sa0,,,5.0000000000e-01
g3488_II7964_A,sa1,,,5.0000000000e-01
g2605,sa0,1,1,5.0000000000e-01
g1639_g2605_A,sa1,,,5.0000000000e-01
II10992,sa1,12,1,1.2496948242e-01
g2712,sa1,1,1,5.0000000000e-01
g2039_g2712_A,sa0,,,5.0000000000e-01
g3019,sa0,1,1,5.0000000000e-01
g2007_g3019_A,sa1,,,5.0000000000e-01
II11757,sa1,3,1,4.3750000000e-01
II11874,sa1,1,1,3.9062500000e-03
g5403,sa1,1,1,5.0000000000e-01
g5088,sa0,,,5.0000000000e-01
II9466,sa1,,,5.0000000000e-01
g3943,sa0,,,5.0000000000e-01
II7632,sa1,,,5.0000000000e-01
g3634,sa0,,,5.0000000000e-01
II7107,sa1,,,5.0000000000e-01
g2480,sa0,,,5.0000000000e-01
g44,sa1,,,5.0000000000e-01
g1462,sa0,30,0,3.3079147339e-01
II12576,sa1,1,1,2.4414062500e-04
g7050,sa1,30,0,9.6435546875e-03
g6618_g7050_A,sa0,,,9.6435546875e-03
II13377,sa1,4,1,2.1362304688e-04
g7212,sa1,30,0,1.8310546875e-03
II13395,sa1,1,1,6.1035156250e-05
g1057,sa0,13,1,3.7500000000e-01
g2551,sa0,12,1,2.5000000000e-01
g1360_g2551_A,sa1,,,2.5000000000e-01
II13638,sa1,30,0,4.7851562500e-02
g1065,sa1,15,1,3.7500000000e-01
II15817,sa0,30,0,7.1525573730e-06
g9151_II15817_A,sa0,,,7.1525573730e-06
g9148_II15817_B,sa0,,,7.1525573730e-06
II15862,sa0,30,0,7.1525573730e-06
g9174_II15862_A,sa0,,,7.1525573730e-06
g9171_II15862_B,sa0,,,7.1525573730e-06
II15880,sa0,30,0,7.1525573730e-06
g9190_II15880_A,sa0,,,7.1525573730e-06
g9179_II15880_B,sa0,,,7.1525573730e-06
g9202,sa0,30,0,7.1525573730e-06
II15881,sa0,,,7.1525573730e-06
g9190_II15881_A,sa0,,,7.1525573730e-06
II15880_II15881_B,sa0,,,7.1525573730e-06
II15882,sa0,,,7.1525573730e-06
g9179_II15882_A,sa0,,,7.1525573730e-06
II15880_II15882_B,sa0,,,7.1525573730e-06
g2020_II8006_C,sa1,0,1,0.0000000000e+00
g1102_II6522_B,sa1,1,1,3.1250000000e-02
g2333_II7011_A,sa1,1,1,6.2500000000e-02
g1246,sa1,1,1,5.0000000000e-01
II5425,sa0,,,5.0000000000e-01
g1245,sa1,,,5.0000000000e-01
g1724,sa0,1,1,5.0000000000e-01
II5568,sa1,,,5.0000000000e-01
g1409_II5568_A,sa0,,,5.0000000000e-01
g1804,sa1,1,1,5.0000000000e-01
II5664,sa0,,,5.0000000000e-01
g916_II5664_A,sa1,,,5.0000000000e-01
g3191,sa0,1,1,5.0000000000e-01
II6868,sa1,,,5.0000000000e-01
g530_II6868_A,sa0,,,5.0000000000e-01
g4316,sa0,1,1,5.0000000000e-01
II8291,sa1,,,5.0000000000e-01
g878_II8291_A,sa0,,,5.0000000000e-01
g4370,sa0,1,1,5.0000000000e-01
II8351,sa1,,,5.0000000000e-01
g1160_II8351_A,sa0,,,5.0000000000e-01
g5143,sa1,1,1,5.0000000000e-01
II9555,sa0,,,5.0000000000e-01
g4892,sa1,,,5.0000000000e-01
II9250,sa0,,,5.0000000000e-01
g4134,sa1,,,5.0000000000e-01
g3676,sa0,,,5.0000000000e-01
g2380,sa1,,,5.0000000000e-01
II6242,sa0,,,5.0000000000e-01
g1554,sa1,,,5.0000000000e-01
g6223,sa1,1,1,5.0000000000e-01
II11008,sa0,,,5.0000000000e-01
g5693_II11008_A,sa1,,,5.0000000000e-01
g9310,sa1,30,0,1.3732910156e-03
II16046,sa0,,,1.3732910156e-03
g9288_II16046_A,sa1,,,1.3732910156e-03
g6305,sa0,1,1,5.0000000000e-01
II11242,sa1,,,5.0000000000e-01
g6183,sa0,,,5.0000000000e-01
II10914,sa1,,,5.0000000000e-01
g5448_II10914_A,sa0,,,5.0000000000e-01
g6304,sa1,1,1,5.0000000000e-01
II11239,sa0,,,5.0000000000e-01
g6173,sa1,,,5.0000000000e-01
II10882,sa0,,,5.0000000000e-01
g5600_II10882_A,sa1,,,5.0000000000e-01
g2660,sa0,1,1,5.0000000000e-01
II6451,sa1,,,5.0000000000e-01
g1895,sa0,,,5.0000000000e-01
II5775,sa1,,,5.0000000000e-01
g1240_II5775_A,sa0,,,5.0000000000e-01
g7303,sa1,9,1,7.5000000000e-01
II13341,sa0,,,7.5000000000e-01
g7207,sa1,,,7.5000000000e-01
II13137,sa0,,,7.5000000000e-01
g7027,sa1,,,7.5000000000e-01
g7304,sa0,9,1,2.5000000000e-01
II13344,sa1,,,2.5000000000e-01
g7210,sa0,,,2.5000000000e-01
II13144,sa1,,,2.5000000000e-01
g7031,sa0,,,2.5000000000e-01
g3390_g7031_A,sa0,,,2.5000000000e-01
g6717,sa0,,,2.5000000000e-01
g7114,sa1,11,1,5.0000000000e-01
II12930,sa0,,,5.0000000000e-01
g7019,sa1,,,5.0000000000e-01
II12771,sa0,,,5.0000000000e-01
g6735,sa1,,,5.0000000000e-01
g4091,sa1,,,5.0000000000e-01
g6013,sa1,,,5.0000000000e-01
g7115,sa0,8,1,5.0000000000e-01
II12933,sa1,,,5.0000000000e-01
g7018,sa0,,,5.0000000000e-01
II12768,sa1,,,5.0000000000e-01
g6718,sa0,,,5.0000000000e-01
g5180,sa0,7,1,8.7500000000e-01
II9666,sa1,,,8.7500000000e-01
g4931,sa0,,,8.7500000000e-01
II9301,sa1,,,8.7500000000e-01
g4295,sa0,,,8.7500000000e-01
g5171,sa0,1,1,5.0000000000e-01
II9639,sa1,,,5.0000000000e-01
g4685,sa0,,,5.0000000000e-01
II8952,sa1,,,5.0000000000e-01
g4197,sa0,,,5.0000000000e-01
g3591_g4197_A,sa1,,,5.0000000000e-01
g7105,sa1,3,1,7.5000000000e-01
II12903,sa0,,,7.5000000000e-01
g6905,sa1,,,7.5000000000e-01
II12586,sa0,,,7.5000000000e-01
g6643,sa1,,,7.5000000000e-01
g7106,sa0,4,1,2.8125000000e-01
II12906,sa1,,,2.8125000000e-01
g6918,sa0,,,2.8125000000e-01
II12609,sa1,,,2.8125000000e-01
g6571,sa0,,,2.8125000000e-01
II11758,sa0,,,2.8125000000e-01
g1758_II11758_A,sa0,,,2.8125000000e-01
II11757_II11758_B,sa0,,,2.8125000000e-01
II11759,sa0,,,2.8125000000e-01
g6118_II11759_A,sa0,,,2.8125000000e-01
II11757_II11759_B,sa0,,,2.8125000000e-01
g7520,sa0,3,1,3.7500000000e-01
II13740,sa1,,,3.7500000000e-01
g7364,sa0,,,3.7500000000e-01
II13506,sa1,,,3.7500000000e-01
g7148,sa0,,,3.7500000000e-01
II13028,sa1,,,3.7500000000e-01
g7087,sa0,,,3.7500000000e-01
g6440,sa0,,,3.7500000000e-01
g5311,sa0,,,3.7500000000e-01
g4938_g5311_A,sa1,,,3.7500000000e-01
g3830,sa0,1,1,5.0000000000e-01
II7293,sa1,,,5.0000000000e-01
g2955,sa0,,,5.0000000000e-01
II6703,sa1,,,5.0000000000e-01
g1983_II6703_A,sa0,,,5.0000000000e-01
g5161,sa1,1,1,5.0000000000e-01
II9609,sa0,,,5.0000000000e-01
g4780,sa1,,,5.0000000000e-01
II9089,sa0,,,5.0000000000e-01
g4566,sa1,,,5.0000000000e-01
g2902,sa0,,,5.0000000000e-01
g2285,sa1,,,5.0000000000e-01
II6039,sa0,,,5.0000000000e-01
g207_II6039_A,sa1,,,5.0000000000e-01
g5153,sa0,1,1,5.0000000000e-01
II9585,sa1,,,5.0000000000e-01
g4697,sa0,,,5.0000000000e-01
II8986,sa1,,,5.0000000000e-01
g4552,sa0,,,5.0000000000e-01
g2890,sa1,,,5.0000000000e-01
g2264,sa0,,,5.0000000000e-01
II5997,sa1,,,5.0000000000e-01
g114_II5997_A,sa0,,,5.0000000000e-01
g5152,sa1,1,1,5.0000000000e-01
II9582,sa0,,,5.0000000000e-01
g4694,sa1,,,5.0000000000e-01
II8977,sa0,,,5.0000000000e-01
g3877,sa1,,,5.0000000000e-01
g2960,sa0,,,5.0000000000e-01
g2381,sa1,,,5.0000000000e-01
II6245,sa0,,,5.0000000000e-01
g142_II6245_A,sa1,,,5.0000000000e-01
g6313,sa1,4,1,5.0000000000e-01
II11266,sa0,,,5.0000000000e-01
g5794,sa1,,,5.0000000000e-01
II10421,sa0,,,5.0000000000e-01
g5208,sa1,,,5.0000000000e-01
g5043,sa1,,,5.0000000000e-01
g4383,sa1,,,5.0000000000e-01
g4603,sa1,1,1,5.0000000000e-01
II8724,sa0,,,5.0000000000e-01
g3927,sa1,,,5.0000000000e-01
II7584,sa0,,,5.0000000000e-01
g3062_II7584_A,sa1,,,5.0000000000e-01
g6314,sa0,6,1,5.0000000000e-01
II11269,sa1,,,5.0000000000e-01
g5756,sa0,,,5.0000000000e-01
II10343,sa1,,,5.0000000000e-01
g5704,sa0,,,5.0000000000e-01
g4604,sa0,1,1,5.0000000000e-01
II8727,sa1,,,5.0000000000e-01
g3944,sa0,,,5.0000000000e-01
II7635,sa1,,,5.0000000000e-01
g3052_II7635_A,sa0,,,5.0000000000e-01
g6322,sa1,4,1,5.0000000000e-01
II11293,sa0,,,5.0000000000e-01
g5824,sa1,,,5.0000000000e-01
II10497,sa0,,,5.0000000000e-01
g5233,sa1,,,5.0000000000e-01
g5089,sa1,,,5.0000000000e-01
g4420,sa1,,,5.0000000000e-01
g4612,sa1,1,1,5.0000000000e-01
II8751,sa0,,,5.0000000000e-01
g4009,sa1,,,5.0000000000e-01
II7758,sa0,,,5.0000000000e-01
g2605_II7758_A,sa1,,,5.0000000000e-01
g6323,sa0,6,1,5.0000000000e-01
II11296,sa1,,,5.0000000000e-01
g5831,sa0,,,5.0000000000e-01
II10516,sa1,,,5.0000000000e-01
g5241,sa0,,,5.0000000000e-01
g4613,sa0,1,1,5.0000000000e-01
II8754,sa1,,,5.0000000000e-01
g3911,sa0,,,5.0000000000e-01
II7526,sa1,,,5.0000000000e-01
g2752_II7526_A,sa0,,,5.0000000000e-01
g6331,sa1,4,1,5.0000000000e-01
II11320,sa0,,,5.0000000000e-01
g5797,sa1,,,5.0000000000e-01
II10430,sa0,,,5.0000000000e-01
g5211,sa1,,,5.0000000000e-01
g5046,sa1,,,5.0000000000e-01
g4386,sa1,,,5.0000000000e-01
g4621,sa1,1,1,5.0000000000e-01
II8778,sa0,,,5.0000000000e-01
g3922,sa1,,,5.0000000000e-01
II7561,sa0,,,5.0000000000e-01
g2562_II7561_A,sa1,,,5.0000000000e-01
g6332,sa0,6,1,5.0000000000e-01
II11323,sa1,,,5.0000000000e-01
g5808,sa0,,,5.0000000000e-01
II10457,sa1,,,5.0000000000e-01
g5218,sa0,,,5.0000000000e-01
g4622,sa0,1,1,5.0000000000e-01
II8781,sa1,,,5.0000000000e-01
g3932,sa0,,,5.0000000000e-01
II7595,sa1,,,5.0000000000e-01
g2573_II7595_A,sa0,,,5.0000000000e-01
g9103,sa1,15,1,5.0000000000e-01
II15699,sa0,,,5.0000000000e-01
g9061,sa1,,,5.0000000000e-01
II15577,sa0,,,5.0000000000e-01
g8984,sa1,,,5.0000000000e-01
g8924,sa1,,,5.0000000000e-01
g8822,sa1,,,5.0000000000e-01
g9104,sa0,19,1,5.0000000000e-01
II15702,sa1,,,5.0000000000e-01
g9064,sa0,,,5.0000000000e-01
II15586,sa1,,,5.0000000000e-01
g8987,sa0,,,5.0000000000e-01
g6340,sa1,4,1,5.0000000000e-01
II11347,sa0,,,5.0000000000e-01
g5761,sa1,,,5.0000000000e-01
II10356,sa0,,,5.0000000000e-01
g5711,sa1,,,5.0000000000e-01
g4959,sa1,,,5.0000000000e-01
g4352,sa1,,,5.0000000000e-01
g4630,sa1,1,1,5.0000000000e-01
II8805,sa0,,,5.0000000000e-01
g3976,sa1,,,5.0000000000e-01
II7697,sa0,,,5.0000000000e-01
g3052_II7697_A,sa1,,,5.0000000000e-01
g6341,sa0,6,1,5.0000000000e-01
II11350,sa1,,,5.0000000000e-01
g5763,sa0,,,5.0000000000e-01
II10366,sa1,,,5.0000000000e-01
g5715,sa0,,,5.0000000000e-01
g4631,sa0,1,1,5.0000000000e-01
II8808,sa1,,,5.0000000000e-01
g4014,sa0,,,5.0000000000e-01
II7769,sa1,,,5.0000000000e-01
g3038_II7769_A,sa0,,,5.0000000000e-01
g9112,sa1,15,1,5.0000000000e-01
II15726,sa0,,,5.0000000000e-01
g9069,sa1,,,5.0000000000e-01
II15601,sa0,,,5.0000000000e-01
g8992,sa1,,,5.0000000000e-01
g8932,sa1,,,5.0000000000e-01
g8832,sa1,,,5.0000000000e-01
g9113,sa0,22,1,5.0000000000e-01
II15729,sa1,,,5.0000000000e-01
g9073,sa0,,,5.0000000000e-01
II15613,sa1,,,5.0000000000e-01
g8996,sa0,,,5.0000000000e-01
g6350,sa0,6,1,5.0000000000e-01
II11377,sa1,,,5.0000000000e-01
g5811,sa0,,,5.0000000000e-01
II10466,sa1,,,5.0000000000e-01
g5221,sa0,,,5.0000000000e-01
g4640,sa0,1,1,5.0000000000e-01
II8835,sa1,,,5.0000000000e-01
g3954,sa0,,,5.0000000000e-01
II7655,sa1,,,5.0000000000e-01
g2734_II7655_A,sa0,,,5.0000000000e-01
g9031,sa1,15,1,5.0000000000e-01
II15507,sa0,,,5.0000000000e-01
g8968,sa1,,,5.0000000000e-01
II15408,sa0,,,5.0000000000e-01
g8896,sa1,,,5.0000000000e-01
g8828,sa1,,,5.0000000000e-01
g8648,sa1,,,5.0000000000e-01
g9032,sa0,22,1,5.0000000000e-01
II15510,sa1,,,5.0000000000e-01
g8969,sa0,,,5.0000000000e-01
II15411,sa1,,,5.0000000000e-01
g8897,sa0,,,5.0000000000e-01
g6800,sa0,1,1,5.0000000000e-01
II12271,sa1,,,5.0000000000e-01
g6663,sa0,,,5.0000000000e-01
II11967,sa1,,,5.0000000000e-01
g5971_II11967_A,sa0,,,5.0000000000e-01
g5162,sa0,2,1,5.0000000000e-01
II9612,sa1,,,5.0000000000e-01
g4776,sa0,,,5.0000000000e-01
II9081,sa1,,,5.0000000000e-01
g4357,sa0,,,5.0000000000e-01
g3679,sa1,,,5.0000000000e-01
g7510,sa1,5,1,2.4218750000e-01
II13710,sa0,,,2.4218750000e-01
g7340,sa1,,,2.4218750000e-01
II13438,sa0,,,2.4218750000e-01
g7143,sa1,,,2.4218750000e-01
g6996,sa0,,,2.4218750000e-01
g3678,sa0,,,2.4218750000e-01
II7173,sa0,,,2.4218750000e-01
g1739_II7173_A,sa0,,,2.4218750000e-01
II7172_II7173_B,sa0,,,2.4218750000e-01
II7174,sa0,,,2.4218750000e-01
g2006_II7174_A,sa0,,,2.4218750000e-01
II7172_II7174_B,sa0,,,2.4218750000e-01
g6552,sa0,,,2.4218750000e-01
II11722,sa1,,,2.4218750000e-01
g5772_II11722_A,sa0,,,2.4218750000e-01
g7511,sa0,19,1,7.5781250000e-01
II13713,sa1,,,7.5781250000e-01
g7341,sa0,,,7.5781250000e-01
II13441,sa1,,,7.5781250000e-01
g7146,sa0,,,7.5781250000e-01
g6998,sa1,,,7.5781250000e-01
g5170,sa1,3,1,5.0000000000e-01
II9636,sa0,,,5.0000000000e-01
g4802,sa1,,,5.0000000000e-01
II9129,sa0,,,5.0000000000e-01
g4475,sa1,,,5.0000000000e-01
g3818,sa0,,,5.0000000000e-01
II7278,sa0,,,5.0000000000e-01
g2497_II7278_A,sa0,,,5.0000000000e-01
II7277_II7278_B,sa0,,,5.0000000000e-01
II7279,sa0,,,5.0000000000e-01
g1898_II7279_A,sa0,,,5.0000000000e-01
II7277_II7279_B,sa0,,,5.0000000000e-01
g8221,sa1,11,1,5.0000000000e-01
II14442,sa0,,,5.0000000000e-01
g8065,sa1,,,5.0000000000e-01
II14338,sa0,,,5.0000000000e-01
g7581,sa1,,,5.0000000000e-01
II13888,sa0,,,5.0000000000e-01
g7335,sa1,,,5.0000000000e-01
II13425,sa0,,,5.0000000000e-01
g7166,sa1,,,5.0000000000e-01
g6437,sa1,,,5.0000000000e-01
g6914,sa1,,,5.0000000000e-01
g8222,sa0,20,1,7.4951171875e-01
II14445,sa1,,,7.4951171875e-01
g8067,sa0,,,7.4951171875e-01
II14342,sa1,,,7.4951171875e-01
g7582,sa0,,,7.4951171875e-01
II13891,sa1,,,7.4951171875e-01
g7336,sa0,,,7.4951171875e-01
II13428,sa1,,,7.4951171875e-01
g7167,sa0,,,7.4951171875e-01
g2651,sa0,1,1,5.0000000000e-01
II6437,sa1,,,5.0000000000e-01
g1784,sa0,,,5.0000000000e-01
II5636,sa1,,,5.0000000000e-01
g891_II5636_A,sa0,,,5.0000000000e-01
g2650,sa1,1,1,5.0000000000e-01
II6434,sa0,,,5.0000000000e-01
g1830,sa1,,,5.0000000000e-01
II5718,sa0,,,5.0000000000e-01
g896_II5718_A,sa1,,,5.0000000000e-01
g1084,sa1,1,1,5.0000000000e-01
g1345,sa1,30,0,2.2266006470e-01
g1336,sa1,30,0,2.5000417233e-01
g1354,sa1,30,0,2.3535597324e-01
g2246,sa0,1,1,5.0000000000e-01
II5989,sa1,,,5.0000000000e-01
g1460,sa0,,,5.0000000000e-01
g1751,sa0,26,1,2.4996948242e-01
g452,sa1,,,2.4996948242e-01
g2282,sa0,1,1,2.5000000000e-01
g1400,sa1,,,2.5000000000e-01
g1391,sa0,1,1,2.5000000000e-01
g4270,sa1,1,1,6.2500000000e-02
g2573_g4270_A,sa0,,,6.2500000000e-02
g1760,sa0,30,0,7.8704655170e-03
II5605,sa1,,,7.8704655170e-03
g58_II5605_A,sa0,,,7.8704655170e-03
g4721,sa0,1,1,5.0000000000e-01
II9025,sa1,,,5.0000000000e-01
g4462,sa0,,,5.0000000000e-01
II8480,sa1,,,5.0000000000e-01
g3640,sa0,,,5.0000000000e-01
II7112,sa1,,,5.0000000000e-01
g2546,sa0,,,5.0000000000e-01
II6368,sa1,,,5.0000000000e-01
g20,sa0,,,5.0000000000e-01
g5224,sa1,1,1,5.0000000000e-01
g5114,sa0,,,5.0000000000e-01
II9502,sa1,,,5.0000000000e-01
g3972,sa0,,,5.0000000000e-01
II7691,sa1,,,5.0000000000e-01
g3651,sa0,,,5.0000000000e-01
II7129,sa1,,,5.0000000000e-01
g2495,sa0,,,5.0000000000e-01
g26,sa1,,,5.0000000000e-01
g5701,sa1,1,1,5.0000000000e-01
g5120,sa0,,,5.0000000000e-01
II9512,sa1,,,5.0000000000e-01
g3985,sa0,,,5.0000000000e-01
II7712,sa1,,,5.0000000000e-01
g3657,sa0,,,5.0000000000e-01
II7145,sa1,,,5.0000000000e-01
g2501,sa0,,,5.0000000000e-01
g27,sa1,,,5.0000000000e-01
g5053,sa1,3,1,2.5000000000e-01
g4438_g5053_A,sa0,,,2.5000000000e-01
g5071,sa1,4,1,2.5000000000e-01
g4438_g5071_A,sa0,,,2.5000000000e-01
g1247,sa0,21,1,4.9999964237e-01
g1553,sa0,19,1,4.8828125000e-01
g3092,sa0,1,1,5.0000000000e-01
II6826,sa1,,,5.0000000000e-01
g2185_II6826_A,sa0,,,5.0000000000e-01
g6601,sa1,4,1,2.5000000000e-01
g6083_g6601_A,sa0,,,2.5000000000e-01
g5206,sa1,6,1,1.2500000000e-01
g4938_g5206_A,sa0,,,1.2500000000e-01
g3128,sa0,1,1,5.0000000000e-01
II6839,sa1,,,5.0000000000e-01
g2185_II6839_A,sa0,,,5.0000000000e-01
g7411,sa1,7,1,2.4804687500e-01
g7202_g7411_A,sa0,,,2.4804687500e-01
g6232,sa1,7,1,3.9424324036e-01
II11031,sa0,,,3.9424324036e-01
g5335_II11031_A,sa1,,,3.9424324036e-01
g6242,sa0,0,1,0.0000000000e+00
II11047,sa1,,,0.0000000000e+00
g5653,sa0,,,0.0000000000e+00
g4748_g5653_A,sa1,,,0.0000000000e+00
g1454,sa0,4,1,3.7500000000e-01
g1409,sa0,1,1,5.0000000000e-01
g2912,sa0,1,1,2.5000000000e-01
g1080,sa0,,,2.5000000000e-01
g1945_g2912_B,sa0,,,2.5000000000e-01
g3514,sa1,2,1,1.2500000000e-01
g2424_g3514_A,sa0,,,1.2500000000e-01
g3523,sa1,1,1,3.9062500000e-03
g2407_g3523_A,sa0,,,3.9062500000e-03
g1292,sa0,1,1,5.0000000000e-01
g3532,sa1,1,1,3.1250000000e-02
g2407_g3532_A,sa0,,,3.1250000000e-02
g3604,sa1,1,1,9.7656250000e-04
g2407_g3604_A,sa0,,,9.7656250000e-04
g4091,sa0,1,1,2.5000000000e-01
g129,sa0,,,2.5000000000e-01
g3639,sa0,,,2.5000000000e-01
g2424_g3639_A,sa1,,,2.5000000000e-01
g2614,sa1,30,0,6.2035024166e-04
g1562,sa0,,,6.2035024166e-04
g636_g1562_A,sa1,,,6.2035024166e-04
g2641,sa1,30,0,6.2035024166e-04
g1587,sa0,,,6.2035024166e-04
g734_g1587_A,sa1,,,6.2035024166e-04
g2623,sa1,30,0,6.2035024166e-04
g1585,sa0,,,6.2035024166e-04
g724_g1585_A,sa1,,,6.2035024166e-04
g2632,sa1,30,0,6.2035024166e-04
g1576,sa0,,,6.2035024166e-04
g691_g1576_A,sa1,,,6.2035024166e-04
g2137,sa1,30,0,4.7941161320e-03
II5889,sa0,,,4.7941161320e-03
g83_II5889_A,sa1,,,4.7941161320e-03
g4216,sa1,30,0,7.2642564774e-03
g2354,sa0,2,1,1.5625000000e-02
II6178,sa1,,,1.5625000000e-02
g1220_II6178_A,sa0,,,1.5625000000e-02
g4334,sa0,4,1,3.7500000000e-01
g225_g4334_A,sa0,,,3.7500000000e-01
g3097_g4334_B,sa0,,,3.7500000000e-01
g4343,sa0,4,1,3.7500000000e-01
g306_g4343_A,sa0,,,3.7500000000e-01
g3131_g4343_B,sa0,,,3.7500000000e-01
g4352,sa0,4,1,3.7500000000e-01
g387_g4352_A,sa0,,,3.7500000000e-01
g3160_g4352_B,sa0,,,3.7500000000e-01
g4361,sa0,4,1,3.7500000000e-01
g471_g4361_A,sa0,,,3.7500000000e-01
g3192_g4361_B,sa0,,,3.7500000000e-01
g4424,sa0,4,1,3.7500000000e-01
g489_g4424_A,sa0,,,3.7500000000e-01
g3192_g4424_B,sa0,,,3.7500000000e-01
g4433,sa0,4,1,3.7500000000e-01
g278_g4433_A,sa0,,,3.7500000000e-01
g3097_g4433_B,sa0,,,3.7500000000e-01
g4451,sa0,4,1,3.7500000000e-01
g359_g4451_A,sa0,,,3.7500000000e-01
g3131_g4451_B,sa0,,,3.7500000000e-01
g2057,sa0,30,0,4.5275688171e-04
II5868,sa1,,,4.5275688171e-04
g74_II5868_A,sa0,,,4.5275688171e-04
g3316,sa1,30,0,2.1224514348e-03
II6930,sa0,,,2.1224514348e-03
g1876,sa1,,,2.1224514348e-03
g77_g1876_A,sa0,,,2.1224514348e-03
g2074,sa1,30,0,1.4020986855e-03
II5872,sa0,,,1.4020986855e-03
g77_II5872_A,sa1,,,1.4020986855e-03
g4081,sa1,4,1,1.1718750000e-01
II7870,sa0,,,1.1718750000e-01
g2827,sa1,,,1.1718750000e-01
g4243,sa1,7,1,9.3750000000e-02
g4072,sa1,2,1,1.2500000000e-01
g196_g4072_A,sa1,,,1.2500000000e-01
g2995,sa1,,,1.2500000000e-01
g4712,sa0,2,1,9.3750000000e-02
g1179_g4712_A,sa0,,,9.3750000000e-02
g4276_g4712_B,sa0,,,9.3750000000e-02
g1408,sa1,1,1,6.2500000000e-02
g4225,sa1,30,0,2.5024414063e-03
g5018,sa0,2,1,1.2500000000e-01
g232,sa0,,,1.2500000000e-01
g3930,sa0,,,1.2500000000e-01
g3097_g3930_A,sa1,,,1.2500000000e-01
g5045,sa0,2,1,1.2500000000e-01
g293,sa0,,,1.2500000000e-01
g3961,sa0,,,1.2500000000e-01
g3131_g3961_A,sa1,,,1.2500000000e-01
g5063,sa0,2,1,1.2500000000e-01
g294,sa0,,,1.2500000000e-01
g3974,sa0,,,1.2500000000e-01
g3131_g3974_A,sa1,,,1.2500000000e-01
g5081,sa0,2,1,1.2500000000e-01
g455,sa0,,,1.2500000000e-01
g3993,sa0,,,1.2500000000e-01
g3192_g3993_A,sa1,,,1.2500000000e-01
g5090,sa0,2,1,1.2500000000e-01
g317,sa0,,,1.2500000000e-01
g4000,sa0,,,1.2500000000e-01
g3131_g4000_A,sa1,,,1.2500000000e-01
g5108,sa0,2,1,1.2500000000e-01
g539,sa0,,,1.2500000000e-01
g4017,sa0,,,1.2500000000e-01
g2845_g4017_A,sa1,,,1.2500000000e-01
g5117,sa0,2,1,1.2500000000e-01
g435,sa0,,,1.2500000000e-01
g4024,sa0,,,1.2500000000e-01
g3160_g4024_A,sa1,,,1.2500000000e-01
g4027,sa1,3,1,1.8750000000e-01
g2845_g4027_A,sa0,,,1.8750000000e-01
g4036,sa1,3,1,1.8750000000e-01
g3192_g4036_A,sa0,,,1.8750000000e-01
g5126,sa0,2,1,1.2500000000e-01
g556,sa0,,,1.2500000000e-01
g4037,sa0,,,1.2500000000e-01
g2845_g4037_A,sa1,,,1.2500000000e-01
g1912,sa1,1,1,1.2500000000e-01
g1524_g1912_A,sa0,,,1.2500000000e-01
g4154,sa0,1,1,1.2500000000e-01
g1098_g4154_A,sa0,,,1.2500000000e-01
g3495,sa0,,,1.2500000000e-01
g1616_g3495_A,sa1,,,1.2500000000e-01
g4090,sa1,30,0,1.0800170898e-01
g3028,sa1,3,1,6.2500000000e-02
g3091,sa1,0,1,0.0000000000e+00
g1603_g3091_A,sa0,,,0.0000000000e+00
II10597,sa1,14,1,1.3671875000e-02
g5611,sa1,1,1,6.1035156250e-05
g4969_g5611_A,sa0,,,6.1035156250e-05
g6107,sa0,1,1,2.5000000000e-01
g5478,sa0,,,2.5000000000e-01
g5025,sa1,,,2.5000000000e-01
II9363,sa0,,,2.5000000000e-01
g4258,sa1,,,2.5000000000e-01
II8193,sa0,,,2.5000000000e-01
g3547,sa1,,,2.5000000000e-01
g2345,sa0,,,2.5000000000e-01
II6151,sa1,,,2.5000000000e-01
g12,sa0,,,2.5000000000e-01
g1849_g6107_B,sa0,,,2.5000000000e-01
g6007,sa1,1,1,4.8828125000e-04
g5494_g6007_A,sa0,,,4.8828125000e-04
g6413,sa0,2,1,9.7656250000e-04
g5939_g6413_A,sa0,,,9.7656250000e-04
g5367_g6413_B,sa0,,,9.7656250000e-04
g6025,sa1,1,1,4.8828125000e-04
g5367_g6025_A,sa0,,,4.8828125000e-04
g6422,sa0,18,1,4.9902343750e-01
g714_g6422_A,sa0,,,4.9902343750e-01
g6033,sa0,,,4.9902343750e-01
g5384_g6033_A,sa1,,,4.9902343750e-01
g6431,sa0,2,1,9.7656250000e-04
g5847_g6431_A,sa0,,,9.7656250000e-04
g5494_g6431_B,sa0,,,9.7656250000e-04
g6125,sa0,3,1,7.8125000000e-03
g5548,sa0,,,7.8125000000e-03
g1549_g5548_A,sa0,,,7.8125000000e-03
g4826_g5548_B,sa0,,,7.8125000000e-03
g4202_g6125_B,sa0,,,7.8125000000e-03
g2407,sa1,2,1,2.5000000000e-01
II6286,sa0,,,2.5000000000e-01
g1307,sa1,,,2.5000000000e-01
g6142,sa1,12,1,1.2500000000e-01
g4109,sa0,0,1,0.0000000000e+00
g990_g4109_A,sa0,,,0.0000000000e+00
g3790_g4109_B,sa0,,,0.0000000000e+00
g4118,sa0,1,1,6.2500000000e-02
g995_g4118_A,sa0,,,6.2500000000e-02
g3790_g4118_B,sa0,,,6.2500000000e-02
g5035,sa1,10,1,2.5000000000e-01
g3613,sa1,9,1,5.0000000000e-01
g6511,sa1,0,1,0.0000000000e+00
II11693,sa0,,,0.0000000000e+00
g6076_II11693_A,sa1,,,0.0000000000e+00
g6520,sa1,0,1,0.0000000000e+00
II11704,sa0,,,0.0000000000e+00
g6076_II11704_A,sa1,,,0.0000000000e+00
g6610,sa1,7,1,2.5000000000e-01
g4180,sa1,,,2.5000000000e-01
g6061,sa1,,,2.5000000000e-01
g4073,sa0,1,1,1.2500000000e-01
g1300_g4073_A,sa0,,,1.2500000000e-01
g3567,sa0,,,1.2500000000e-01
g2407_g3567_A,sa1,,,1.2500000000e-01
g4082,sa0,1,1,1.2500000000e-01
g1296_g4082_A,sa0,,,1.2500000000e-01
g3604,sa0,,,1.2500000000e-01
g2407_g3604_A,sa1,,,1.2500000000e-01
g6124,sa1,8,1,2.4609375000e-01
g5432,sa1,,,2.4609375000e-01
g4789,sa1,,,2.4609375000e-01
g5432,sa0,1,1,1.2500000000e-01
g1537_g5432_A,sa0,,,1.2500000000e-01
g4921,sa0,,,1.2500000000e-01
g4202_g4921_A,sa1,,,1.2500000000e-01
g7042,sa1,0,1,0.0000000000e+00
g6543_g7042_A,sa0,,,0.0000000000e+00
g7222,sa1,10,1,3.7500000000e-01
g6049,sa1,,,3.7500000000e-01
g6971,sa1,,,3.7500000000e-01
g1616,sa0,2,1,2.5000000000e-01
II5478,sa1,,,2.5000000000e-01
g1148,sa0,,,2.5000000000e-01
g4190,sa0,1,1,1.2500000000e-01
g1122_g4190_A,sa0,,,1.2500000000e-01
g3527,sa0,,,1.2500000000e-01
g1616_g3527_A,sa1,,,1.2500000000e-01
g7142,sa0,7,1,2.4804687500e-01
II13012,sa1,,,2.4804687500e-01
g7071_II13012_A,sa0,,,2.4804687500e-01
g7412,sa0,30,0,9.4024658203e-02
g7121,sa0,,,9.4024658203e-02
II12952,sa0,,,9.4024658203e-02
g7003_II12952_A,sa0,,,9.4024658203e-02
II12951_II12952_B,sa0,,,9.4024658203e-02
II12953,sa0,,,9.4024658203e-02
g1467_II12953_A,sa0,,,9.4024658203e-02
II12951_II12953_B,sa0,,,9.4024658203e-02
g4841_g7412_B,sa0,,,9.4024658203e-02
g6044,sa0,4,1,2.1875000000e-01
g1467_g6044_A,sa0,,,2.1875000000e-01
g5584,sa0,,,2.1875000000e-01
g4841_g5584_A,sa1,,,2.1875000000e-01
g6053,sa0,2,1,3.1250000000e-01
g1053_g6053_A,sa0,,,3.1250000000e-01
g5608,sa0,,,3.1250000000e-01
g4969_g5608_A,sa1,,,3.1250000000e-01
g4181,sa0,1,1,1.2500000000e-01
g1142_g4181_A,sa0,,,1.2500000000e-01
g3512,sa0,,,1.2500000000e-01
g1616_g3512_A,sa1,,,1.2500000000e-01
g4540,sa1,2,1,6.1035156250e-05
g2882,sa0,,,6.1035156250e-05
g2236,sa1,,,6.1035156250e-05
II5969,sa0,,,6.1035156250e-05
g303_II5969_A,sa1,,,6.1035156250e-05
g3812,sa0,2,1,5.0000000000e-01
g1750,sa1,,,5.0000000000e-01
g602,sa0,,,5.0000000000e-01
g3542,sa0,2,1,5.0000000000e-01
g1777,sa1,,,5.0000000000e-01
g611,sa0,,,5.0000000000e-01
g2804,sa0,2,1,5.0000000000e-01
g1796,sa1,,,5.0000000000e-01
g617,sa0,,,5.0000000000e-01
g8060,sa0,30,0,7.4707031250e-02
g7535,sa0,,,7.4707031250e-02
II13786,sa0,,,7.4707031250e-02
g7427_II13786_A,sa0,,,7.4707031250e-02
II13785_II13786_B,sa0,,,7.4707031250e-02
II13787,sa0,,,7.4707031250e-02
g1477_II13787_A,sa0,,,7.4707031250e-02
II13785_II13787_B,sa0,,,7.4707031250e-02
g4841_g8060_B,sa0,,,7.4707031250e-02
g6106,sa1,20,1,9.7656250000e-04
g5345_g6106_A,sa0,,,9.7656250000e-04
g8150,sa0,2,1,6.1035156250e-05
g846_g8150_A,sa0,,,6.1035156250e-05
g7658_g8150_B,sa0,,,6.1035156250e-05
g4522,sa1,2,1,6.1035156250e-05
g2867,sa0,,,6.1035156250e-05
g2222,sa1,,,6.1035156250e-05
II5939,sa0,,,6.1035156250e-05
g275_II5939_A,sa1,,,6.1035156250e-05
g9023,sa0,30,0,7.8735351563e-03
g8888,sa0,,,7.8735351563e-03
g5317_g9023_B,sa0,,,7.8735351563e-03
g9014,sa0,4,1,1.2207031250e-04
g8906,sa0,,,1.2207031250e-04
g8239_g9014_B,sa0,,,1.2207031250e-04
g9131,sa0,30,0,1.0437011719e-02
g9055,sa0,,,1.0437011719e-02
g5345_g9131_B,sa0,,,1.0437011719e-02
g6070,sa1,30,0,9.7656250000e-04
g5317_g6070_A,sa0,,,9.7656250000e-04
g9220,sa1,30,0,7.1525573730e-06
g9205,sa0,,,7.1525573730e-06
II15898,sa0,,,7.1525573730e-06
g9202_II15898_A,sa0,,,7.1525573730e-06
II15897_II15898_B,sa0,,,7.1525573730e-06
II15899,sa0,,,7.1525573730e-06
g9203_II15899_A,sa0,,,7.1525573730e-06
II15897_II15899_B,sa0,,,7.1525573730e-06
g5261,sa0,30,0,1.0375976563e-03
g4748_g5261_A,sa1,,,1.0375976563e-03
g9230,sa0,30,0,6.9131469727e-01
II15950,sa1,,,6.9131469727e-01
g9222,sa0,,,6.9131469727e-01
II15940,sa1,,,6.9131469727e-01
g9213,sa0,,,6.9131469727e-01
II15915,sa1,,,6.9131469727e-01
g9194,sa0,,,6.9131469727e-01
g9182,sa1,,,6.9131469727e-01
g9178,sa0,,,6.9131469727e-01
II15814,sa1,,,6.9131469727e-01
g9154_II15814_A,sa0,,,6.9131469727e-01
g6205,sa1,30,0,1.0375976563e-03
g5628_g6205_A,sa0,,,1.0375976563e-03
g1364,sa0,1,1,1.2207031250e-04
g1373,sa0,1,1,1.2207031250e-04
g1382,sa0,1,1,1.2207031250e-04
g3083,sa0,2,1,1.2500000000e-01
II6814,sa0,,,1.2500000000e-01
g210_II6814_A,sa0,,,1.2500000000e-01
II6813_II6814_B,sa0,,,1.2500000000e-01
II6815,sa0,,,1.2500000000e-01
g2052_II6815_A,sa0,,,1.2500000000e-01
II6813_II6815_B,sa0,,,1.2500000000e-01
g4504,sa1,30,0,2.9502063990e-04
g4163,sa0,5,1,1.2207031250e-04
II8040,sa0,,,1.2207031250e-04
g3430_II8040_A,sa0,,,1.2207031250e-04
g3398_II8040_B,sa0,,,1.2207031250e-04
g3359_II8040_C,sa0,,,1.2207031250e-04
g3341_II8040_D,sa0,,,1.2207031250e-04
II8041,sa0,,,1.2207031250e-04
g2074_II8041_A,sa0,,,1.2207031250e-04
g2057_II8041_B,sa0,,,1.2207031250e-04
g2020_II8041_C,sa0,,,1.2207031250e-04
g3238_II8041_D,sa0,,,1.2207031250e-04
g4172,sa0,16,1,1.2159347534e-04
II8057,sa0,,,1.2159347534e-04
g3430_II8057_A,sa0,,,1.2159347534e-04
g3398_II8057_B,sa0,,,1.2159347534e-04
g3359_II8057_C,sa0,,,1.2159347534e-04
g3341_II8057_D,sa0,,,1.2159347534e-04
II8058,sa0,,,1.2159347534e-04
g2074_II8058_A,sa0,,,1.2159347534e-04
g2057_II8058_B,sa0,,,1.2159347534e-04
g2020_II8058_C,sa0,,,1.2159347534e-04
g1987_II8058_D,sa0,,,1.2159347534e-04
g4414,sa1,30,0,6.7234039307e-04
g4532,sa0,2,1,1.2207031250e-04
II8617,sa0,,,1.2207031250e-04
g3430_II8617_A,sa0,,,1.2207031250e-04
g3398_II8617_B,sa0,,,1.2207031250e-04
g3359_II8617_C,sa0,,,1.2207031250e-04
g2106_II8617_D,sa0,,,1.2207031250e-04
II8618,sa0,,,1.2207031250e-04
g2074_II8618_A,sa0,,,1.2207031250e-04
g3287_II8618_B,sa0,,,1.2207031250e-04
g3264_II8618_C,sa0,,,1.2207031250e-04
g3238_II8618_D,sa0,,,1.2207031250e-04
g4514,sa0,5,1,1.2207031250e-04
II8588,sa0,,,1.2207031250e-04
g3430_II8588_A,sa0,,,1.2207031250e-04
g3398_II8588_B,sa0,,,1.2207031250e-04
g3359_II8588_C,sa0,,,1.2207031250e-04
g3341_II8588_D,sa0,,,1.2207031250e-04
II8589,sa0,,,1.2207031250e-04
g2074_II8589_A,sa0,,,1.2207031250e-04
g3287_II8589_B,sa0,,,1.2207031250e-04
g3264_II8589_C,sa0,,,1.2207031250e-04
g3238_II8589_D,sa0,,,1.2207031250e-04
g4135,sa1,30,0,9.1505050659e-04
g4127,sa0,30,0,6.2035024166e-04
g2628,sa0,,,6.2035024166e-04
g1573,sa1,,,6.2035024166e-04
g677_g1573_A,sa0,,,6.2035024166e-04
g2618_g4127_B,sa0,,,6.2035024166e-04
g4145,sa0,30,0,6.2035024166e-04
g2639,sa0,,,6.2035024166e-04
g1583,sa1,,,6.2035024166e-04
g718_g1583_A,sa0,,,6.2035024166e-04
g2635,sa0,,,6.2035024166e-04
g1579,sa1,,,6.2035024166e-04
g703_g1579_A,sa0,,,6.2035024166e-04
g55,sa0,19,1,4.6844482422e-02
g6710,sa0,2,1,4.6875000000e-02
g7421,sa0,23,1,4.9804687500e-01
g1166,sa0,10,1,6.2438964844e-02
II14495,sa0,8,1,2.4414062500e-04
II14468,sa0,8,1,3.6621093750e-04
II14990,sa0,6,1,1.8310546875e-04
II15098,sa0,8,1,2.4414062500e-04
g8042,sa0,16,1,1.2159347534e-04
II14325,sa1,,,1.2159347534e-04
g7713,sa0,,,1.2159347534e-04
g4403_g7713_A,sa0,,,1.2159347534e-04
g7367_g7713_B,sa0,,,1.2159347534e-04
g8131,sa1,30,0,8.2015991211e-03
II14378,sa0,,,8.2015991211e-03
g7691,sa1,,,8.2015991211e-03
g8312,sa0,2,1,6.1035156250e-05
g365_g8312_A,sa0,,,6.1035156250e-05
g7870_g8312_B,sa0,,,6.1035156250e-05
g8303,sa0,2,1,6.1035156250e-05
g284_g8303_A,sa0,,,6.1035156250e-05
g7838_g8303_B,sa0,,,6.1035156250e-05
g8321,sa0,2,1,6.1035156250e-05
g446_g8321_A,sa0,,,6.1035156250e-05
g7920_g8321_B,sa0,,,6.1035156250e-05
g8330,sa0,2,1,6.1035156250e-05
g261_g8330_A,sa0,,,6.1035156250e-05
g7838_g8330_B,sa0,,,6.1035156250e-05
g1481,sa0,30,0,4.2526245117e-01
g1435,sa1,2,1,1.8750000000e-01
g1444,sa1,3,1,3.1250000000e-01
g1913,sa0,7,1,6.6406250000e-02
g1528_g1913_A,sa0,,,6.6406250000e-02
g1532_g1913_B,sa0,,,6.6406250000e-02
g1733,sa0,30,0,7.9132080078e-02
g1489_g1733_A,sa0,,,7.9132080078e-02
g1481_g1733_B,sa0,,,7.9132080078e-02
g1732,sa1,2,1,1.2500000000e-01
g1439_g1732_A,sa0,,,1.2500000000e-01
g1643,sa0,1,1,5.0000000000e-01
g1211_g1643_A,sa1,,,5.0000000000e-01
g2353,sa1,3,1,5.0000000000e-01
g871_g2353_A,sa0,,,5.0000000000e-01
g3226,sa1,21,1,2.2387695313e-01
g3802,sa1,3,1,6.1988714151e-05
g1832,sa0,,,6.1988714151e-05
g763,sa1,,,6.1988714151e-05
g1715,sa0,1,1,5.0000000000e-01
II5559,sa1,,,5.0000000000e-01
g1292_II5559_A,sa0,,,5.0000000000e-01
g3614,sa0,2,1,1.5625000000e-02
g1134_g3614_A,sa0,,,1.5625000000e-02
g2386_g3614_B,sa0,,,1.5625000000e-02
g1138,sa1,6,1,3.7500000000e-01
g1904,sa0,4,1,7.0312500000e-02
g1021_g1904_A,sa1,,,7.0312500000e-02
g3506,sa0,3,1,6.1273545725e-05
g1781,sa1,,,6.1273545725e-05
g622,sa0,,,6.1273545725e-05
g3712,sa1,3,1,1.2500000000e-01
g1952_g3712_A,sa0,,,1.2500000000e-01
g2525,sa0,30,0,2.7894973755e-05
II6354,sa1,,,2.7894973755e-05
g1357_II6354_A,sa0,,,2.7894973755e-05
g2821,sa1,3,1,6.1273545725e-05
g1786,sa0,,,6.1273545725e-05
g623,sa1,,,6.1273545725e-05
g2038,sa1,5,1,2.4218750000e-01
g809_g2038_A,sa0,,,2.4218750000e-01
g2506,sa1,30,0,2.7894973755e-05
II6341,sa0,,,2.7894973755e-05
g1351_II6341_A,sa1,,,2.7894973755e-05
g2471,sa0,30,0,2.7894973755e-05
II6309,sa1,,,2.7894973755e-05
g1336_II6309_A,sa0,,,2.7894973755e-05
g4244,sa0,6,1,1.8750000000e-01
g3549_g4244_A,sa0,,,1.8750000000e-01
g3533_g4244_B,sa0,,,1.8750000000e-01
g4252,sa1,2,1,3.1250000000e-02
g1652,sa0,1,1,5.0000000000e-01
g1220_g1652_A,sa1,,,5.0000000000e-01
g3605,sa0,4,1,1.0742187500e-02
g1938_g3605_A,sa1,,,1.0742187500e-02
g4315,sa1,30,0,8.9843750000e-02
g3533,sa0,3,1,6.5429687500e-02
g2397_g3533_A,sa1,,,6.5429687500e-02
g2533,sa1,4,1,2.5000000000e-01
g1336_g2533_A,sa0,,,2.5000000000e-01
g4307,sa0,2,1,2.5000000000e-01
g3700_g4307_A,sa1,,,2.5000000000e-01
g5305,sa1,3,1,1.2500000000e-01
g5009,sa0,12,1,2.9687500000e-01
g4344_g5009_A,sa1,,,2.9687500000e-01
g2128,sa1,5,1,1.2792968750e-01
g1284_g2128_A,sa0,,,1.2792968750e-01
g2092,sa1,1,1,5.0000000000e-01
g1225,sa0,,,5.0000000000e-01
g2174,sa0,8,1,2.5000000000e-01
g1319,sa1,,,2.5000000000e-01
g4910,sa0,30,0,3.5937500000e-01
g2460_g4910_A,sa0,,,3.5937500000e-01
g4314,sa0,,,3.5937500000e-01
g3694_g4314_A,sa0,,,3.5937500000e-01
g3684_g4314_B,sa0,,,3.5937500000e-01
g3666_g4314_C,sa0,,,3.5937500000e-01
g5314,sa1,30,0,1.0677337646e-02
g5512,sa1,2,1,1.2207031250e-04
g2039,sa0,1,1,5.0000000000e-01
g1228,sa1,,,5.0000000000e-01
II10849,sa1,1,1,2.5000000000e-01
g5521,sa1,2,1,5.0000000000e-01
g4929,sa0,,,5.0000000000e-01
g4120,sa1,,,5.0000000000e-01
II7967,sa0,,,5.0000000000e-01
g2787_II7967_A,sa1,,,5.0000000000e-01
II10867,sa1,1,1,2.5000000000e-01
g2605,sa1,1,1,5.0000000000e-01
g1639_g2605_A,sa0,,,5.0000000000e-01
II10993,sa1,1,1,3.0517578125e-05
g5522,sa0,2,1,5.0000000000e-01
g4930,sa1,,,5.0000000000e-01
g4121,sa0,,,5.0000000000e-01
II7970,sa1,,,5.0000000000e-01
g3557_II7970_A,sa0,,,5.0000000000e-01
g3038,sa0,1,1,5.0000000000e-01
g2092_g3038_A,sa1,,,5.0000000000e-01
g3019,sa1,1,1,5.0000000000e-01
g2007_g3019_A,sa0,,,5.0000000000e-01
g3029,sa0,1,1,5.0000000000e-01
g1929_g3029_A,sa1,,,5.0000000000e-01
II11758,sa1,1,1,6.2500000000e-02
g2543,sa0,8,1,2.5000000000e-01
g1348_g2543_A,sa1,,,2.5000000000e-01
II11875,sa1,6,1,2.4609375000e-01
g1462,sa1,30,0,3.3079147339e-01
II12577,sa1,8,1,6.2255859375e-02
g1049,sa0,11,1,3.7500000000e-01
II12596,sa0,30,0,1.4648437500e-02
g6582_II12596_A,sa0,,,1.4648437500e-02
g1126_II12596_B,sa0,,,1.4648437500e-02
g6701,sa0,30,0,3.3203125000e-02
II12032,sa0,,,3.3203125000e-02
g5918_II12032_A,sa0,,,3.3203125000e-02
II12031_II12032_B,sa0,,,3.3203125000e-02
II12033,sa0,,,3.3203125000e-02
g5897_II12033_A,sa0,,,3.3203125000e-02
II12031_II12033_B,sa0,,,3.3203125000e-02
II13378,sa1,30,0,6.7443847656e-02
g1472,sa0,30,0,2.2314453125e-01
II13396,sa1,1,1,6.1035156250e-05
g1057,sa1,13,1,3.7500000000e-01
g2551,sa1,12,1,2.5000000000e-01
g1360_g2551_A,sa0,,,2.5000000000e-01
II13639,sa1,30,0,2.9296875000e-02
II13685,sa0,10,1,2.5000000000e-01
g1977_II13685_A,sa0,,,2.5000000000e-01
g7237_II13685_B,sa0,,,2.5000000000e-01
II14837,sa0,1,1,7.6293945313e-06
g8660_II14837_A,sa0,,,7.6293945313e-06
g1073_II14837_B,sa0,,,7.6293945313e-06
II15817,sa1,30,0,2.5484085083e-01
II15862,sa1,30,0,2.5482606888e-01
II15880,sa1,30,0,7.1525573730e-06
g9202,sa1,30,0,2.5485563278e-01
g9203,sa0,30,0,7.1525573730e-06
II15888,sa0,,,7.1525573730e-06
g9192_II15888_A,sa0,,,7.1525573730e-06
II15887_II15888_B,sa0,,,7.1525573730e-06
II15889,sa0,,,7.1525573730e-06
g9191_II15889_A,sa0,,,7.1525573730e-06
II15887_II15889_B,sa0,,,7.1525573730e-06
g1102_II6524_A,sa1,2,1,9.3750000000e-02
g2011_II8243_A,sa1,30,0,7.1525573730e-06
g1724,sa1,1,1,5.0000000000e-01
II5568,sa0,,,5.0000000000e-01
g1409_II5568_A,sa1,,,5.0000000000e-01
g1824,sa0,1,1,5.0000000000e-01
II5706,sa1,,,5.0000000000e-01
g901_II5706_A,sa0,,,5.0000000000e-01
g3191,sa1,1,1,5.0000000000e-01
II6868,sa0,,,5.0000000000e-01
g530_II6868_A,sa1,,,5.0000000000e-01
g4316,sa1,1,1,5.0000000000e-01
II8291,sa0,,,5.0000000000e-01
g878_II8291_A,sa1,,,5.0000000000e-01
g4370,sa1,1,1,5.0000000000e-01
II8351,sa0,,,5.0000000000e-01
g1160_II8351_A,sa1,,,5.0000000000e-01
g4371,sa0,1,1,5.0000000000e-01
II8354,sa1,,,5.0000000000e-01
g1163_II8354_A,sa0,,,5.0000000000e-01
g6207,sa0,1,1,5.0000000000e-01
II10962,sa1,,,5.0000000000e-01
g5719_II10962_A,sa0,,,5.0000000000e-01
g9132,sa0,7,1,8.7500000000e-01
II15770,sa1,,,8.7500000000e-01
g9121,sa0,,,8.7500000000e-01
II15747,sa1,,,8.7500000000e-01
g9042,sa0,,,8.7500000000e-01
II15530,sa1,,,8.7500000000e-01
g8972,sa0,,,8.7500000000e-01
II15420,sa1,,,8.7500000000e-01
g8881,sa0,,,8.7500000000e-01
g8683,sa1,,,8.7500000000e-01
g8235,sa0,,,8.7500000000e-01
II14492,sa1,,,8.7500000000e-01
g7829_II14492_A,sa0,,,8.7500000000e-01
g9204,sa0,4,1,5.0000000000e-01
II15894,sa1,,,5.0000000000e-01
g9195,sa0,,,5.0000000000e-01
II15871,sa1,,,5.0000000000e-01
g9184,sa0,,,5.0000000000e-01
II15830,sa1,,,5.0000000000e-01
g9180,sa0,,,5.0000000000e-01
II15824,sa1,,,5.0000000000e-01
g9157,sa0,,,5.0000000000e-01
g9141,sa1,,,5.0000000000e-01
g9129,sa0,,,5.0000000000e-01
II15765,sa1,,,5.0000000000e-01
g9039_II15765_A,sa0,,,5.0000000000e-01
g9312,sa0,30,0,8.7716674805e-01
II16052,sa1,,,8.7716674805e-01
g9291_II16052_A,sa0,,,8.7716674805e-01
g6306,sa0,1,1,5.0000000000e-01
II11245,sa1,,,5.0000000000e-01
g6143,sa0,,,5.0000000000e-01
II10796,sa1,,,5.0000000000e-01
g5397_II10796_A,sa0,,,5.0000000000e-01
g6305,sa1,1,1,5.0000000000e-01
II11242,sa0,,,5.0000000000e-01
g6183,sa1,,,5.0000000000e-01
II10914,sa0,,,5.0000000000e-01
g5448_II10914_A,sa1,,,5.0000000000e-01
g2660,sa1,1,1,5.0000000000e-01
II6451,sa0,,,5.0000000000e-01
g1895,sa1,,,5.0000000000e-01
II5775,sa0,,,5.0000000000e-01
g1240_II5775_A,sa1,,,5.0000000000e-01
g7304,sa1,10,1,7.5000000000e-01
II13344,sa0,,,7.5000000000e-01
g7210,sa1,,,7.5000000000e-01
II13144,sa0,,,7.5000000000e-01
g7031,sa1,,,7.5000000000e-01
g7530,sa0,8,1,2.5000000000e-01
II13770,sa1,,,2.5000000000e-01
g7491,sa0,,,2.5000000000e-01
II13653,sa1,,,2.5000000000e-01
g7246,sa0,,,2.5000000000e-01
II13196,sa1,,,2.5000000000e-01
g7008,sa0,,,2.5000000000e-01
g6615,sa0,,,2.5000000000e-01
II11842,sa0,,,2.5000000000e-01
g2548_II11842_A,sa0,,,2.5000000000e-01
II11841_II11842_B,sa0,,,2.5000000000e-01
II11843,sa0,,,2.5000000000e-01
g6158_II11843_A,sa0,,,2.5000000000e-01
II11841_II11843_B,sa0,,,2.5000000000e-01
g5083,sa0,,,2.5000000000e-01
g4457_g5083_A,sa1,,,2.5000000000e-01
g2661,sa0,1,1,5.0000000000e-01
II6454,sa1,,,5.0000000000e-01
g1868,sa0,,,5.0000000000e-01
II5747,sa1,,,5.0000000000e-01
g1260_II5747_A,sa0,,,5.0000000000e-01
g7115,sa1,13,1,5.0000000000e-01
II12933,sa0,,,5.0000000000e-01
g7018,sa1,,,5.0000000000e-01
II12768,sa0,,,5.0000000000e-01
g6718,sa1,,,5.0000000000e-01
g4083,sa1,,,5.0000000000e-01
g6006,sa1,,,5.0000000000e-01
g7116,sa0,9,1,5.0000000000e-01
II12936,sa1,,,5.0000000000e-01
g7015,sa0,,,5.0000000000e-01
II12763,sa1,,,5.0000000000e-01
g6686,sa0,,,5.0000000000e-01
g7305,sa0,12,1,5.0000000000e-01
II13347,sa1,,,5.0000000000e-01
g7224,sa0,,,5.0000000000e-01
II13164,sa1,,,5.0000000000e-01
g7086,sa0,,,5.0000000000e-01
g5180,sa1,1,1,1.2500000000e-01
II9666,sa0,,,1.2500000000e-01
g4931,sa1,,,1.2500000000e-01
II9301,sa0,,,1.2500000000e-01
g4295,sa1,,,1.2500000000e-01
g2828,sa1,,,1.2500000000e-01
g1980_g2828_A,sa0,,,1.2500000000e-01
g2668_g4295_B,sa1,,,1.2500000000e-01
g5181,sa0,10,1,8.1250000000e-01
II9669,sa1,,,8.1250000000e-01
g4909,sa0,,,8.1250000000e-01
II9271,sa1,,,8.1250000000e-01
g4263,sa0,,,8.1250000000e-01
g3260_g4263_A,sa0,,,8.1250000000e-01
g1435_g4263_B,sa0,,,8.1250000000e-01
g8223,sa0,1,1,1.9531250000e-03
II14448,sa1,,,1.9531250000e-03
g7792,sa0,,,1.9531250000e-03
II14231,sa1,,,1.9531250000e-03
g7566_II14231_A,sa0,,,1.9531250000e-03
g5171,sa1,1,1,5.0000000000e-01
II9639,sa0,,,5.0000000000e-01
g4685,sa1,,,5.0000000000e-01
II8952,sa0,,,5.0000000000e-01
g4197,sa1,,,5.0000000000e-01
g3591_g4197_A,sa0,,,5.0000000000e-01
g7106,sa1,5,1,7.1875000000e-01
II12906,sa0,,,7.1875000000e-01
g6918,sa1,,,7.1875000000e-01
II12609,sa0,,,7.1875000000e-01
g6571,sa1,,,7.1875000000e-01
g7107,sa0,6,1,7.5000000000e-01
II12909,sa1,,,7.5000000000e-01
g7046,sa0,,,7.5000000000e-01
II12806,sa1,,,7.5000000000e-01
g6602,sa0,,,7.5000000000e-01
g7521,sa0,8,1,7.5000000000e-01
II13743,sa1,,,7.5000000000e-01
g7454,sa0,,,7.5000000000e-01
II13610,sa1,,,7.5000000000e-01
g7227,sa0,,,7.5000000000e-01
g7520,sa1,6,1,6.2500000000e-01
II13740,sa0,,,6.2500000000e-01
g7364,sa1,,,6.2500000000e-01
II13506,sa0,,,6.2500000000e-01
g7148,sa1,,,6.2500000000e-01
II13028,sa0,,,6.2500000000e-01
g7087,sa1,,,6.2500000000e-01
g5172,sa0,30,0,4.6875000000e-01
II9642,sa1,,,4.6875000000e-01
g4788,sa0,,,4.6875000000e-01
II9103,sa1,,,4.6875000000e-01
g4374,sa0,,,4.6875000000e-01
g3831,sa0,1,1,5.0000000000e-01
II7296,sa1,,,5.0000000000e-01
g2915,sa0,,,5.0000000000e-01
II6643,sa1,,,5.0000000000e-01
g1970_II6643_A,sa0,,,5.0000000000e-01
g3830,sa1,1,1,5.0000000000e-01
II7293,sa0,,,5.0000000000e-01
g2955,sa1,,,5.0000000000e-01
II6703,sa0,,,5.0000000000e-01
g1983_II6703_A,sa1,,,5.0000000000e-01
g5730,sa0,3,1,3.7500000000e-01
II10247,sa1,,,3.7500000000e-01
g5266,sa0,,,3.7500000000e-01
II9782,sa1,,,3.7500000000e-01
g4720,sa0,,,3.7500000000e-01
g190_g4720_A,sa0,,,3.7500000000e-01
g4055,sa0,,,3.7500000000e-01
g5145,sa0,1,1,5.0000000000e-01
II9561,sa1,,,5.0000000000e-01
g4695,sa0,,,5.0000000000e-01
II8980,sa1,,,5.0000000000e-01
g4535,sa0,,,5.0000000000e-01
g2876,sa1,,,5.0000000000e-01
g2231,sa0,,,5.0000000000e-01
II5954,sa1,,,5.0000000000e-01
g89_II5954_A,sa0,,,5.0000000000e-01
g5153,sa1,1,1,5.0000000000e-01
II9585,sa0,,,5.0000000000e-01
g4697,sa1,,,5.0000000000e-01
II8986,sa0,,,5.0000000000e-01
g4552,sa1,,,5.0000000000e-01
g2890,sa0,,,5.0000000000e-01
g2264,sa1,,,5.0000000000e-01
II5997,sa0,,,5.0000000000e-01
g114_II5997_A,sa1,,,5.0000000000e-01
g5154,sa0,1,1,5.0000000000e-01
II9588,sa1,,,5.0000000000e-01
g4704,sa0,,,5.0000000000e-01
II9001,sa1,,,5.0000000000e-01
g4577,sa0,,,5.0000000000e-01
g2914,sa1,,,5.0000000000e-01
g2308,sa0,,,5.0000000000e-01
II6081,sa1,,,5.0000000000e-01
g118_II6081_A,sa0,,,5.0000000000e-01
g6314,sa1,4,1,5.0000000000e-01
II11269,sa0,,,5.0000000000e-01
g5756,sa1,,,5.0000000000e-01
II10343,sa0,,,5.0000000000e-01
g5704,sa1,,,5.0000000000e-01
g4936,sa1,,,5.0000000000e-01
g4334,sa1,,,5.0000000000e-01
g4604,sa1,1,1,5.0000000000e-01
II8727,sa0,,,5.0000000000e-01
g3944,sa1,,,5.0000000000e-01
II7635,sa0,,,5.0000000000e-01
g3052_II7635_A,sa1,,,5.0000000000e-01
g6315,sa0,6,1,5.0000000000e-01
II11272,sa1,,,5.0000000000e-01
g5758,sa0,,,5.0000000000e-01
II10347,sa1,,,5.0000000000e-01
g5706,sa0,,,5.0000000000e-01
g4605,sa0,1,1,5.0000000000e-01
II8730,sa1,,,5.0000000000e-01
g3987,sa0,,,5.0000000000e-01
II7716,sa1,,,5.0000000000e-01
g3038_II7716_A,sa0,,,5.0000000000e-01
g6323,sa1,4,1,5.0000000000e-01
II11296,sa0,,,5.0000000000e-01
g5831,sa1,,,5.0000000000e-01
II10516,sa0,,,5.0000000000e-01
g5241,sa1,,,5.0000000000e-01
g5104,sa1,,,5.0000000000e-01
g4433,sa1,,,5.0000000000e-01
g4613,sa1,1,1,5.0000000000e-01
II8754,sa0,,,5.0000000000e-01
g3911,sa1,,,5.0000000000e-01
II7526,sa0,,,5.0000000000e-01
g2752_II7526_A,sa1,,,5.0000000000e-01
g6324,sa0,6,1,5.0000000000e-01
II11299,sa1,,,5.0000000000e-01
g5786,sa0,,,5.0000000000e-01
II10403,sa1,,,5.0000000000e-01
g5202,sa0,,,5.0000000000e-01
g4614,sa0,1,1,5.0000000000e-01
II8757,sa1,,,5.0000000000e-01
g3921,sa0,,,5.0000000000e-01
II7558,sa1,,,5.0000000000e-01
g2734_II7558_A,sa0,,,5.0000000000e-01
g6332,sa1,4,1,5.0000000000e-01
II11323,sa0,,,5.0000000000e-01
g5808,sa1,,,5.0000000000e-01
II10457,sa0,,,5.0000000000e-01
g5218,sa1,,,5.0000000000e-01
g5064,sa1,,,5.0000000000e-01
g4393,sa1,,,5.0000000000e-01
g4622,sa1,1,1,5.0000000000e-01
II8781,sa0,,,5.0000000000e-01
g3932,sa1,,,5.0000000000e-01
II7595,sa0,,,5.0000000000e-01
g2573_II7595_A,sa1,,,5.0000000000e-01
g6333,sa0,6,1,5.0000000000e-01
II11326,sa1,,,5.0000000000e-01
g5819,sa0,,,5.0000000000e-01
II10482,sa1,,,5.0000000000e-01
g5228,sa0,,,5.0000000000e-01
g4623,sa0,1,1,5.0000000000e-01
II8784,sa1,,,5.0000000000e-01
g3949,sa0,,,5.0000000000e-01
II7644,sa1,,,5.0000000000e-01
g2584_II7644_A,sa0,,,5.0000000000e-01
g3840,sa0,1,1,5.0000000000e-01
II7323,sa1,,,5.0000000000e-01
g2905,sa0,,,5.0000000000e-01
II6629,sa1,,,5.0000000000e-01
g2052_II6629_A,sa0,,,5.0000000000e-01
g9104,sa1,15,1,5.0000000000e-01
II15702,sa0,,,5.0000000000e-01
g9064,sa1,,,5.0000000000e-01
II15586,sa0,,,5.0000000000e-01
g8987,sa1,,,5.0000000000e-01
g8927,sa1,,,5.0000000000e-01
g8826,sa1,,,5.0000000000e-01
g9105,sa0,19,1,5.0000000000e-01
II15705,sa1,,,5.0000000000e-01
g9068,sa0,,,5.0000000000e-01
II15598,sa1,,,5.0000000000e-01
g8991,sa0,,,5.0000000000e-01
g6341,sa1,4,1,5.0000000000e-01
II11350,sa0,,,5.0000000000e-01
g5763,sa1,,,5.0000000000e-01
II10366,sa0,,,5.0000000000e-01
g5715,sa1,,,5.0000000000e-01
g4961,sa1,,,5.0000000000e-01
g4355,sa1,,,5.0000000000e-01
g4631,sa1,1,1,5.0000000000e-01
II8808,sa0,,,5.0000000000e-01
g4014,sa1,,,5.0000000000e-01
II7769,sa0,,,5.0000000000e-01
g3038_II7769_A,sa1,,,5.0000000000e-01
g6342,sa0,6,1,5.0000000000e-01
II11353,sa1,,,5.0000000000e-01
g5788,sa0,,,5.0000000000e-01
II10409,sa1,,,5.0000000000e-01
g5204,sa0,,,5.0000000000e-01
g4632,sa0,1,1,5.0000000000e-01
II8811,sa1,,,5.0000000000e-01
g4022,sa0,,,5.0000000000e-01
II7785,sa1,,,5.0000000000e-01
g3029_II7785_A,sa0,,,5.0000000000e-01
g9113,sa1,15,1,5.0000000000e-01
II15729,sa0,,,5.0000000000e-01
g9073,sa1,,,5.0000000000e-01
II15613,sa0,,,5.0000000000e-01
g8996,sa1,,,5.0000000000e-01
g8936,sa1,,,5.0000000000e-01
g8838,sa1,,,5.0000000000e-01
g9114,sa0,22,1,5.0000000000e-01
II15732,sa1,,,5.0000000000e-01
g9076,sa0,,,5.0000000000e-01
II15622,sa1,,,5.0000000000e-01
g8999,sa0,,,5.0000000000e-01
g6350,sa1,4,1,5.0000000000e-01
II11377,sa0,,,5.0000000000e-01
g5811,sa1,,,5.0000000000e-01
II10466,sa0,,,5.0000000000e-01
g5221,sa1,,,5.0000000000e-01
g5067,sa1,,,5.0000000000e-01
g4396,sa1,,,5.0000000000e-01
g4640,sa1,1,1,5.0000000000e-01
II8835,sa0,,,5.0000000000e-01
g3954,sa1,,,5.0000000000e-01
II7655,sa0,,,5.0000000000e-01
g2734_II7655_A,sa1,,,5.0000000000e-01
g6351,sa0,6,1,5.0000000000e-01
II11380,sa1,,,5.0000000000e-01
g5822,sa0,,,5.0000000000e-01
II10491,sa1,,,5.0000000000e-01
g5231,sa0,,,5.0000000000e-01
g4641,sa0,1,1,5.0000000000e-01
II8838,sa1,,,5.0000000000e-01
g3967,sa0,,,5.0000000000e-01
II7680,sa1,,,5.0000000000e-01
g2712_II7680_A,sa0,,,5.0000000000e-01
g6360,sa0,6,1,5.0000000000e-01
II11407,sa1,,,5.0000000000e-01
g5841,sa0,,,5.0000000000e-01
II10538,sa1,,,5.0000000000e-01
g5255,sa0,,,5.0000000000e-01
g4650,sa0,1,1,5.0000000000e-01
II8865,sa1,,,5.0000000000e-01
g4032,sa0,,,5.0000000000e-01
II7807,sa1,,,5.0000000000e-01
g2595_II7807_A,sa0,,,5.0000000000e-01
g9032,sa1,15,1,5.0000000000e-01
II15510,sa0,,,5.0000000000e-01
g8969,sa1,,,5.0000000000e-01
II15411,sa0,,,5.0000000000e-01
g8897,sa1,,,5.0000000000e-01
g8833,sa1,,,5.0000000000e-01
g8650,sa1,,,5.0000000000e-01
g9033,sa0,22,1,5.0000000000e-01
II15513,sa1,,,5.0000000000e-01
g8970,sa0,,,5.0000000000e-01
II15414,sa1,,,5.0000000000e-01
g8900,sa0,,,5.0000000000e-01
g6800,sa1,1,1,5.0000000000e-01
II12271,sa0,,,5.0000000000e-01
g6663,sa1,,,5.0000000000e-01
II11967,sa0,,,5.0000000000e-01
g5971_II11967_A,sa1,,,5.0000000000e-01
g6801,sa0,1,1,5.0000000000e-01
II12274,sa1,,,5.0000000000e-01
g6672,sa0,,,5.0000000000e-01
II11974,sa1,,,5.0000000000e-01
g5956_II11974_A,sa0,,,5.0000000000e-01
g6810,sa0,1,1,5.0000000000e-01
II12301,sa1,,,5.0000000000e-01
g6703,sa0,,,5.0000000000e-01
II12041,sa1,,,5.0000000000e-01
g5897_II12041_A,sa0,,,5.0000000000e-01
g5162,sa1,2,1,5.0000000000e-01
II9612,sa0,,,5.0000000000e-01
g4776,sa1,,,5.0000000000e-01
II9081,sa0,,,5.0000000000e-01
g4357,sa1,,,5.0000000000e-01
g3679,sa0,,,5.0000000000e-01
II7180,sa0,,,5.0000000000e-01
g2351_II7180_A,sa0,,,5.0000000000e-01
II7179_II7180_B,sa0,,,5.0000000000e-01
II7181,sa0,,,5.0000000000e-01
g795_II7181_A,sa0,,,5.0000000000e-01
II7179_II7181_B,sa0,,,5.0000000000e-01
g7511,sa1,5,1,2.4218750000e-01
II13713,sa0,,,2.4218750000e-01
g7341,sa1,,,2.4218750000e-01
II13441,sa0,,,2.4218750000e-01
g7146,sa1,,,2.4218750000e-01
g6998,sa0,,,2.4218750000e-01
g4474,sa0,,,2.4218750000e-01
II8503,sa0,,,2.4218750000e-01
g2986_II8503_A,sa0,,,2.4218750000e-01
II8502_II8503_B,sa0,,,2.4218750000e-01
II8504,sa0,,,2.4218750000e-01
g2038_II8504_A,sa0,,,2.4218750000e-01
II8502_II8504_B,sa0,,,2.4218750000e-01
g6555,sa0,,,2.4218750000e-01
II11729,sa1,,,2.4218750000e-01
g5772_II11729_A,sa0,,,2.4218750000e-01
g7512,sa0,10,1,5.1562500000e-01
II13716,sa1,,,5.1562500000e-01
g7331,sa0,,,5.1562500000e-01
II13413,sa1,,,5.1562500000e-01
g7127,sa0,,,5.1562500000e-01
g6974,sa1,,,5.1562500000e-01
g2652,sa0,1,1,5.0000000000e-01
II6440,sa1,,,5.0000000000e-01
g1806,sa0,,,5.0000000000e-01
II5670,sa1,,,5.0000000000e-01
g941,sa0,,,5.0000000000e-01
g8222,sa1,11,1,2.5048828125e-01
II14445,sa0,,,2.5048828125e-01
g8067,sa1,,,2.5048828125e-01
II14342,sa0,,,2.5048828125e-01
g7582,sa1,,,2.5048828125e-01
II13891,sa0,,,2.5048828125e-01
g7336,sa1,,,2.5048828125e-01
II13428,sa0,,,2.5048828125e-01
g7167,sa1,,,2.5048828125e-01
g6438,sa1,,,2.5048828125e-01
g6915,sa1,,,2.5048828125e-01
g2651,sa1,1,1,5.0000000000e-01
II6437,sa0,,,5.0000000000e-01
g1784,sa1,,,5.0000000000e-01
II5636,sa0,,,5.0000000000e-01
g891_II5636_A,sa1,,,5.0000000000e-01
g5163,sa0,1,1,2.5000000000e-01
II9615,sa1,,,2.5000000000e-01
g4739,sa0,,,2.5000000000e-01
II9053,sa1,,,2.5000000000e-01
g4327,sa0,,,2.5000000000e-01
g2959,sa0,,,2.5000000000e-01
g1926_g2959_A,sa1,,,2.5000000000e-01
g1867,sa0,,,2.5000000000e-01
g878_g1867_A,sa1,,,2.5000000000e-01
g74,sa0,30,0,3.7467926741e-03
g83,sa0,30,0,4.0605664253e-03
g1176,sa0,4,1,2.9687500000e-01
g2246,sa1,1,1,5.0000000000e-01
II5989,sa0,,,5.0000000000e-01
g1460,sa1,,,5.0000000000e-01
g1428,sa0,2,1,1.8750000000e-01
g65,sa0,2,1,3.1250000000e-01
g1760,sa1,30,0,7.7789127827e-03
II5605,sa0,,,7.7789127827e-03
g58_II5605_A,sa1,,,7.7789127827e-03
g5109,sa0,1,1,5.0000000000e-01
II9493,sa1,,,5.0000000000e-01
g4426,sa0,,,5.0000000000e-01
II8428,sa1,,,5.0000000000e-01
g3611,sa0,,,5.0000000000e-01
II7079,sa1,,,5.0000000000e-01
g2532,sa0,,,5.0000000000e-01
II6358,sa1,,,5.0000000000e-01
g13_II6358_A,sa0,,,5.0000000000e-01
g4721,sa1,1,1,5.0000000000e-01
II9025,sa0,,,5.0000000000e-01
g4462,sa1,,,5.0000000000e-01
II8480,sa0,,,5.0000000000e-01
g3640,sa1,,,5.0000000000e-01
II7112,sa0,,,5.0000000000e-01
g2546,sa1,,,5.0000000000e-01
II6368,sa0,,,5.0000000000e-01
g20,sa1,,,5.0000000000e-01
g1247,sa1,21,1,4.9999964237e-01
g6441,sa0,3,1,7.5000000000e-01
II11586,sa1,,,7.5000000000e-01
g6256,sa0,,,7.5000000000e-01
II11069,sa1,,,7.5000000000e-01
g5671,sa0,,,7.5000000000e-01
II10160,sa1,,,7.5000000000e-01
g5139,sa0,,,7.5000000000e-01
II9543,sa1,,,7.5000000000e-01
g4279,sa0,,,7.5000000000e-01
g3340,sa1,,,7.5000000000e-01
g2474_g3340_A,sa0,,,7.5000000000e-01
g3390,sa0,17,1,4.9609375000e-01
II6949,sa1,,,4.9609375000e-01
g2148,sa0,,,4.9609375000e-01
g1304_g2148_A,sa1,,,4.9609375000e-01
g5054,sa1,6,1,2.5000000000e-01
g4457_g5054_A,sa0,,,2.5000000000e-01
g5072,sa1,7,1,2.5000000000e-01
g4457_g5072_A,sa0,,,2.5000000000e-01
g3047,sa1,10,1,2.5000000000e-01
g1736,sa0,,,2.5000000000e-01
II5577,sa1,,,2.5000000000e-01
g172,sa0,,,2.5000000000e-01
g7152,sa0,1,1,3.1250000000e-02
g6090,sa0,5,1,2.1875000000e-01
g5529_g6090_A,sa1,,,2.1875000000e-01
g5603,sa1,9,1,1.2500000000e-01
g4938_g5603_A,sa0,,,1.2500000000e-01
g7601,sa1,4,1,1.1718750000e-01
g7450_g7601_A,sa0,,,1.1718750000e-01
g7610,sa1,8,1,4.9218750000e-01
g7450_g7610_A,sa0,,,4.9218750000e-01
g3219,sa0,1,1,5.0000000000e-01
II6872,sa1,,,5.0000000000e-01
g2185_II6872_A,sa0,,,5.0000000000e-01
g1860,sa0,1,1,2.5000000000e-01
g162_g1860_A,sa1,,,2.5000000000e-01
g7034,sa1,30,0,6.0787200928e-02
g6525_g7034_A,sa0,,,6.0787200928e-02
g6225,sa0,0,1,0.0000000000e+00
II11014,sa1,,,0.0000000000e+00
g5621,sa0,,,0.0000000000e+00
g4748_g5621_A,sa1,,,0.0000000000e+00
g6216,sa0,0,1,0.0000000000e+00
II10987,sa1,,,0.0000000000e+00
g5609,sa0,,,0.0000000000e+00
g4748_g5609_A,sa1,,,0.0000000000e+00
g1454,sa1,4,1,3.7500000000e-01
g1725,sa0,1,1,2.5000000000e-01
g1409_g1725_A,sa0,,,2.5000000000e-01
g1416_g1725_B,sa0,,,2.5000000000e-01
g1409,sa1,1,1,5.0000000000e-01
g1077,sa0,4,1,2.3437500000e-01
g1292,sa1,1,1,5.0000000000e-01
g4074,sa0,1,1,2.5000000000e-01
g137,sa0,,,2.5000000000e-01
g3573,sa0,,,2.5000000000e-01
g2424_g3573_A,sa1,,,2.5000000000e-01
g1284,sa0,1,1,5.0000000000e-01
g4083,sa0,1,1,2.5000000000e-01
g125,sa0,,,2.5000000000e-01
g3610,sa0,,,2.5000000000e-01
g2424_g3610_A,sa1,,,2.5000000000e-01
g2624,sa1,30,0,6.2035024166e-04
g1569,sa0,,,6.2035024166e-04
g661_g1569_A,sa1,,,6.2035024166e-04
g2615,sa1,30,0,6.2035024166e-04
g1563,sa0,,,6.2035024166e-04
g639_g1563_A,sa1,,,6.2035024166e-04
g4128,sa0,1,1,2.5000000000e-01
g98,sa0,,,2.5000000000e-01
g3693,sa0,,,2.5000000000e-01
g2424_g3693_A,sa1,,,2.5000000000e-01
g2633,sa1,30,0,6.2035024166e-04
g1577,sa0,,,6.2035024166e-04
g695_g1577_A,sa1,,,6.2035024166e-04
g4182,sa0,17,1,1.9550323486e-03
II8071,sa0,,,1.9550323486e-03
g2162_II8071_A,sa0,,,1.9550323486e-03
g2149_II8071_B,sa0,,,1.9550323486e-03
g2137_II8071_C,sa0,,,1.9550323486e-03
g2106_II8071_D,sa0,,,1.9550323486e-03
II8072,sa0,,,1.9550323486e-03
g3316_II8072_A,sa0,,,1.9550323486e-03
g3287_II8072_B,sa0,,,1.9550323486e-03
g2020_II8072_C,sa0,,,1.9550323486e-03
g3238_II8072_D,sa0,,,1.9550323486e-03
g2490,sa0,7,1,4.5312500000e-01
II6326,sa1,,,4.5312500000e-01
g1443,sa0,,,4.5312500000e-01
g2354,sa1,2,1,1.5625000000e-02
II6178,sa0,,,1.5625000000e-02
g1220_II6178_A,sa1,,,1.5625000000e-02
g3750,sa0,4,1,3.9062500000e-03
g2177_g3750_A,sa1,,,3.9062500000e-03
g4380,sa0,4,1,3.7500000000e-01
g584_g4380_A,sa0,,,3.7500000000e-01
g2845_g4380_B,sa0,,,3.7500000000e-01
g4407,sa0,4,1,3.7500000000e-01
g252_g4407_A,sa0,,,3.7500000000e-01
g3097_g4407_B,sa0,,,3.7500000000e-01
g4425,sa0,4,1,3.7500000000e-01
g536_g4425_A,sa0,,,3.7500000000e-01
g2845_g4425_B,sa0,,,3.7500000000e-01
g4434,sa0,4,1,3.7500000000e-01
g356_g4434_A,sa0,,,3.7500000000e-01
g3131_g4434_B,sa0,,,3.7500000000e-01
g4452,sa0,4,1,3.7500000000e-01
g437_g4452_A,sa0,,,3.7500000000e-01
g3160_g4452_B,sa0,,,3.7500000000e-01
g3192,sa0,30,0,6.8325805664e-01
g2057,sa1,30,0,9.8246149719e-04
II5868,sa0,,,9.8246149719e-04
g74_II5868_A,sa1,,,9.8246149719e-04
g2642,sa1,0,1,0.0000000000e+00
g1588,sa0,,,0.0000000000e+00
g741_g1588_A,sa1,,,0.0000000000e+00
g3264,sa0,30,0,3.0382275581e-03
II6900,sa1,,,3.0382275581e-03
g1866,sa0,,,3.0382275581e-03
g71_g1866_A,sa1,,,3.0382275581e-03
g4055,sa1,2,1,1.2500000000e-01
g187_g4055_A,sa1,,,1.2500000000e-01
g3012,sa1,,,1.2500000000e-01
g4235,sa1,1,1,6.2500000000e-02
g3723,sa0,3,1,9.7656250000e-04
g2096_g3723_A,sa1,,,9.7656250000e-04
g3920,sa1,3,1,1.8750000000e-01
g3097_g3920_A,sa0,,,1.8750000000e-01
g5019,sa0,2,1,1.2500000000e-01
g312,sa0,,,1.2500000000e-01
g3933,sa0,,,1.2500000000e-01
g3131_g3933_A,sa1,,,1.2500000000e-01
g5046,sa0,2,1,1.2500000000e-01
g314,sa0,,,1.2500000000e-01
g3962,sa0,,,1.2500000000e-01
g3131_g3962_A,sa1,,,1.2500000000e-01
g5064,sa0,2,1,1.2500000000e-01
g315,sa0,,,1.2500000000e-01
g3975,sa0,,,1.2500000000e-01
g3131_g3975_A,sa1,,,1.2500000000e-01
g5082,sa0,2,1,1.2500000000e-01
g476,sa0,,,1.2500000000e-01
g3994,sa0,,,1.2500000000e-01
g3192_g3994_A,sa1,,,1.2500000000e-01
g5091,sa0,2,1,1.2500000000e-01
g397,sa0,,,1.2500000000e-01
g4001,sa0,,,1.2500000000e-01
g3160_g4001_A,sa1,,,1.2500000000e-01
g5118,sa0,2,1,1.2500000000e-01
g479,sa0,,,1.2500000000e-01
g4026,sa0,,,1.2500000000e-01
g3192_g4026_A,sa1,,,1.2500000000e-01
g4037,sa1,3,1,1.8750000000e-01
g2845_g4037_A,sa0,,,1.8750000000e-01
g4253,sa1,3,1,3.4179687500e-03
g2734_g4253_A,sa0,,,3.4179687500e-03
g4820,sa1,3,1,1.2500000000e-01
g5334,sa0,4,1,2.5000000000e-01
g4887,sa0,,,2.5000000000e-01
II9234,sa0,,,2.5000000000e-01
g4310_II9234_A,sa0,,,2.5000000000e-01
II9233_II9234_B,sa0,,,2.5000000000e-01
II9235,sa0,,,2.5000000000e-01
g2180_II9235_A,sa0,,,2.5000000000e-01
II9233_II9235_B,sa0,,,2.5000000000e-01
g2424_g5334_B,sa0,,,2.5000000000e-01
g5036,sa1,2,1,2.5000000000e-01
g4047,sa1,,,2.5000000000e-01
g2972,sa1,,,2.5000000000e-01
g4047,sa0,1,1,1.2500000000e-01
g1272_g4047_A,sa0,,,1.2500000000e-01
g3503,sa0,,,1.2500000000e-01
g2407_g3503_A,sa1,,,1.2500000000e-01
g5540,sa1,7,1,1.2500000000e-01
g6008,sa1,1,1,4.8828125000e-04
g5367_g6008_A,sa0,,,4.8828125000e-04
g6405,sa0,2,1,9.7656250000e-04
g5956_g6405_A,sa0,,,9.7656250000e-04
g5494_g6405_B,sa0,,,9.7656250000e-04
g6414,sa0,18,1,4.9902343750e-01
g673_g6414_A,sa0,,,4.9902343750e-01
g6025,sa0,,,4.9902343750e-01
g5367_g6025_A,sa1,,,4.9902343750e-01
g6026,sa1,1,1,4.8828125000e-04
g5384_g6026_A,sa0,,,4.8828125000e-04
g6423,sa0,2,1,9.7656250000e-04
g5897_g6423_A,sa0,,,9.7656250000e-04
g5384_g6423_B,sa0,,,9.7656250000e-04
g6035,sa1,1,1,4.8828125000e-04
g5494_g6035_A,sa0,,,4.8828125000e-04
g6134,sa1,1,1,7.8125000000e-03
g5428_g6134_A,sa0,,,7.8125000000e-03
g6125,sa1,30,0,1.0156250000e-01
g6116,sa1,7,1,1.2402343750e-01
g5546,sa1,,,1.2402343750e-01
g4681_g6116_B,sa1,,,1.2402343750e-01
g6215,sa1,22,1,2.5000000000e-01
g5612,sa1,1,1,6.2500000000e-02
g4814_g5612_A,sa0,,,6.2500000000e-02
g4740,sa0,2,1,1.8750000000e-01
g2242_g4740_A,sa0,,,1.8750000000e-01
g4275,sa0,,,1.8750000000e-01
g3790_g4275_A,sa1,,,1.8750000000e-01
g3722,sa1,6,1,5.0000000000e-01
g6162,sa0,2,1,3.1250000000e-01
g1134_g6162_A,sa0,,,3.1250000000e-01
g5724,sa0,,,3.1250000000e-01
g4969_g5724_A,sa1,,,3.1250000000e-01
g6440,sa1,3,1,3.7500000000e-01
g6268,sa1,,,3.7500000000e-01
g5700,sa1,,,3.7500000000e-01
g7016,sa1,9,1,3.7500000000e-01
g6042,sa1,,,3.7500000000e-01
g6487,sa1,,,3.7500000000e-01
g5442,sa0,10,1,1.2500000000e-01
g4679,sa0,,,1.2500000000e-01
II8939,sa0,,,1.2500000000e-01
g4239_II8939_A,sa0,,,1.2500000000e-01
II8938_II8939_B,sa0,,,1.2500000000e-01
II8940,sa0,,,1.2500000000e-01
g1545_II8940_A,sa0,,,1.2500000000e-01
II8938_II8940_B,sa0,,,1.2500000000e-01
g4202_g5442_B,sa0,,,1.2500000000e-01
g7043,sa1,0,1,0.0000000000e+00
g6543_g7043_A,sa0,,,0.0000000000e+00
g4226,sa1,5,1,1.7187500000e-01
g3591_g4226_A,sa0,,,1.7187500000e-01
g6171,sa0,30,0,1.3304901123e-01
g5363,sa0,,,1.3304901123e-01
II9827,sa0,,,1.3304901123e-01
g4729_II9827_A,sa0,,,1.3304901123e-01
II9826_II9827_B,sa0,,,1.3304901123e-01
II9828,sa0,,,1.3304901123e-01
g1509_II9828_A,sa0,,,1.3304901123e-01
II9826_II9828_B,sa0,,,1.3304901123e-01
g4841_g6171_B,sa0,,,1.3304901123e-01
g1616,sa1,2,1,2.5000000000e-01
II5478,sa0,,,2.5000000000e-01
g1148,sa1,,,2.5000000000e-01
g7602,sa0,2,1,1.2500000000e-01
g7476_g7602_A,sa0,,,1.2500000000e-01
g3466_g7602_B,sa0,,,1.2500000000e-01
g7323,sa0,0,1,0.0000000000e+00
g4065,sa0,,,0.0000000000e+00
II7838,sa1,,,0.0000000000e+00
g2781,sa0,,,0.0000000000e+00
g1600_g2781_A,sa0,,,0.0000000000e+00
g976_g2781_B,sa0,,,0.0000000000e+00
g7171,sa0,,,0.0000000000e+00
g7071_g7171_A,sa1,,,0.0000000000e+00
g2157,sa0,1,1,5.0000000000e-01
II5897,sa1,,,5.0000000000e-01
g173,sa0,,,5.0000000000e-01
g4523,sa1,2,1,6.1035156250e-05
g2868,sa0,,,6.1035156250e-05
g2223,sa1,,,6.1035156250e-05
II5942,sa0,,,6.1035156250e-05
g300_II5942_A,sa1,,,6.1035156250e-05
g6045,sa0,4,1,2.1875000000e-01
g1472_g6045_A,sa0,,,2.1875000000e-01
g5591,sa0,,,2.1875000000e-01
g4841_g5591_A,sa1,,,2.1875000000e-01
g6054,sa0,2,1,3.1250000000e-01
g1057_g6054_A,sa0,,,3.1250000000e-01
g5611,sa0,,,3.1250000000e-01
g4969_g5611_A,sa1,,,3.1250000000e-01
g3812,sa1,2,1,5.0000000000e-01
g1750,sa0,,,5.0000000000e-01
g602,sa1,,,5.0000000000e-01
g3462,sa0,2,1,5.0000000000e-01
g1743,sa1,,,5.0000000000e-01
g598,sa0,,,5.0000000000e-01
g3542,sa1,2,1,5.0000000000e-01
g1777,sa0,,,5.0000000000e-01
g611,sa1,,,5.0000000000e-01
g2804,sa1,2,1,5.0000000000e-01
g1796,sa0,,,5.0000000000e-01
g617,sa1,,,5.0000000000e-01
g8231,sa1,14,1,6.2500000000e-02
g8070,sa0,2,1,6.1035156250e-05
g863_g8070_A,sa0,,,6.1035156250e-05
g7616_g8070_B,sa0,,,6.1035156250e-05
g8151,sa0,2,1,6.1035156250e-05
g849_g8151_A,sa0,,,6.1035156250e-05
g7658_g8151_B,sa0,,,6.1035156250e-05
g4541,sa1,2,1,6.1035156250e-05
g2883,sa0,,,6.1035156250e-05
g2237,sa1,,,6.1035156250e-05
II5972,sa0,,,6.1035156250e-05
g356_II5972_A,sa1,,,6.1035156250e-05
g9024,sa0,30,0,7.8735351563e-03
g8884,sa0,,,7.8735351563e-03
g5317_g9024_B,sa0,,,7.8735351563e-03
g9015,sa0,4,1,1.2207031250e-04
g8905,sa0,,,1.2207031250e-04
g8239_g9015_B,sa0,,,1.2207031250e-04
g9122,sa1,30,0,1.2207031250e-03
g8953,sa1,,,1.2207031250e-03
g9084,sa1,,,1.2207031250e-03
g9240,sa0,30,0,4.2669677734e-01
g9223_g9240_A,sa0,,,4.2669677734e-01
g5261_g9240_B,sa0,,,4.2669677734e-01
g5261,sa1,0,1,0.0000000000e+00
g4748_g5261_A,sa0,,,0.0000000000e+00
g9230,sa1,30,0,1.0375976563e-03
II15950,sa0,,,1.0375976563e-03
g9222,sa1,,,1.0375976563e-03
II15940,sa0,,,1.0375976563e-03
g9213,sa1,,,1.0375976563e-03
II15915,sa0,,,1.0375976563e-03
g9194,sa1,,,1.0375976563e-03
g9182,sa0,,,1.0375976563e-03
g9178,sa1,,,1.0375976563e-03
II15814,sa0,,,1.0375976563e-03
g9154_II15814_A,sa1,,,1.0375976563e-03
g5802,sa0,30,0,3.1463623047e-02
II10445,sa1,,,3.1463623047e-02
g5418_II10445_A,sa0,,,3.1463623047e-02
g6206,sa1,30,0,1.1596679688e-03
g5639_g6206_A,sa0,,,1.1596679688e-03
g9320,sa1,30,0,1.1596679688e-03
g9307,sa0,,,1.1596679688e-03
g9300,sa1,,,1.1596679688e-03
II16026,sa0,,,1.1596679688e-03
g9267_II16026_A,sa1,,,1.1596679688e-03
g1257,sa0,1,1,1.9531250000e-03
g1365,sa0,1,1,1.2207031250e-04
g2229,sa0,15,1,1.8310546875e-03
g1374,sa0,1,1,1.2207031250e-04
g1383,sa0,1,1,1.2207031250e-04
g3129,sa0,2,1,1.2500000000e-01
II6843,sa0,,,1.2500000000e-01
g205_II6843_A,sa0,,,1.2500000000e-01
II6842_II6843_B,sa0,,,1.2500000000e-01
II6844,sa0,,,1.2500000000e-01
g2016_II6844_A,sa0,,,1.2500000000e-01
II6842_II6844_B,sa0,,,1.2500000000e-01
g4163,sa1,30,0,5.7196617126e-04
g4172,sa1,30,0,2.8944015503e-04
g4532,sa1,30,0,4.3843817711e-01
g4155,sa0,16,1,1.2159347534e-04
II8028,sa0,,,1.2159347534e-04
g3430_II8028_A,sa0,,,1.2159347534e-04
g3398_II8028_B,sa0,,,1.2159347534e-04
g3359_II8028_C,sa0,,,1.2159347534e-04
g3341_II8028_D,sa0,,,1.2159347534e-04
II8029,sa0,,,1.2159347534e-04
g2074_II8029_A,sa0,,,1.2159347534e-04
g2057_II8029_B,sa0,,,1.2159347534e-04
g3264_II8029_C,sa0,,,1.2159347534e-04
g1987_II8029_D,sa0,,,1.2159347534e-04
g4514,sa1,30,0,2.0979717374e-04
g1590,sa0,1,1,5.0000000000e-01
II5466,sa1,,,5.0000000000e-01
g926_II5466_A,sa0,,,5.0000000000e-01
g6153,sa0,11,1,2.5000000000e-01
II10819,sa0,,,2.5000000000e-01
g5567_II10819_A,sa0,,,2.5000000000e-01
II10818_II10819_B,sa0,,,2.5000000000e-01
II10820,sa0,,,2.5000000000e-01
g2039_II10820_A,sa0,,,2.5000000000e-01
II10818_II10820_B,sa0,,,2.5000000000e-01
g55,sa1,19,1,4.6844482422e-02
g7062,sa0,7,1,2.5097656250e-01
g7071,sa0,7,1,4.9609375000e-01
g6639,sa0,,,4.9609375000e-01
g6198_g6639_A,sa1,,,4.9609375000e-01
g1872_g7071_B,sa0,,,4.9609375000e-01
g1167,sa0,1,1,5.0000000000e-01
g6270,sa0,30,0,2.5034141541e-01
g7215,sa0,30,0,9.6565246582e-02
g6111,sa0,,,9.6565246582e-02
g5453_g6111_A,sa1,,,9.6565246582e-02
g6984_g7215_B,sa0,,,9.6565246582e-02
g8232,sa0,30,0,7.8247070313e-01
II14496,sa0,8,1,3.6621093750e-04
g8322,sa0,2,1,6.1035156250e-05
g4559,sa0,,,6.1035156250e-05
g2898,sa1,,,6.1035156250e-05
g2271,sa0,,,6.1035156250e-05
II6018,sa1,,,6.1035156250e-05
g462_II6018_A,sa0,,,6.1035156250e-05
g7993_g8322_B,sa0,,,6.1035156250e-05
g8610,sa0,2,1,6.1035156250e-05
g665_g8610_A,sa0,,,6.1035156250e-05
g7887_g8610_B,sa0,,,6.1035156250e-05
g8403,sa0,2,1,6.1035156250e-05
g639_g8403_A,sa0,,,6.1035156250e-05
g7793_g8403_B,sa0,,,6.1035156250e-05
II14766,sa0,8,1,3.6621093750e-04
II15099,sa0,8,1,2.4414062500e-04
g8042,sa1,30,0,2.1653175354e-03
II14325,sa0,,,2.1653175354e-03
g7713,sa1,,,2.1653175354e-03
g8304,sa0,2,1,6.1035156250e-05
g4523,sa0,,,6.1035156250e-05
g2868,sa1,,,6.1035156250e-05
g2223,sa0,,,6.1035156250e-05
II5942,sa1,,,6.1035156250e-05
g300_II5942_A,sa0,,,6.1035156250e-05
g7905_g8304_B,sa0,,,6.1035156250e-05
g8313,sa0,2,1,6.1035156250e-05
g4542,sa0,,,6.1035156250e-05
g2884,sa1,,,6.1035156250e-05
g2238,sa0,,,6.1035156250e-05
II5975,sa1,,,6.1035156250e-05
g381_II5975_A,sa0,,,6.1035156250e-05
g7951_g8313_B,sa0,,,6.1035156250e-05
g8700,sa0,2,1,6.1035156250e-05
g3784_g8700_A,sa0,,,6.1035156250e-05
g8342_g8700_B,sa0,,,6.1035156250e-05
g8340,sa0,2,1,6.1035156250e-05
g423_g8340_A,sa0,,,6.1035156250e-05
g7920_g8340_B,sa0,,,6.1035156250e-05
g8331,sa0,2,1,6.1035156250e-05
g339_g8331_A,sa0,,,6.1035156250e-05
g7870_g8331_B,sa0,,,6.1035156250e-05
II15297,sa0,8,1,2.4414062500e-04
g8421,sa0,16,1,1.2159347534e-04
g8017,sa1,,,1.2159347534e-04
g7692,sa0,,,1.2159347534e-04
g7367_g7692_A,sa0,,,1.2159347534e-04
g4430_g7692_B,sa0,,,1.2159347534e-04
g1481,sa1,30,0,4.3347167969e-01
g1913,sa1,21,1,1.9921875000e-01
g1733,sa1,30,0,1.9726562500e-01
g1643,sa1,1,1,5.0000000000e-01
g1211_g1643_A,sa0,,,5.0000000000e-01
g3822,sa0,3,1,6.1988714151e-05
g1815,sa1,,,6.1988714151e-05
g760,sa0,,,6.1988714151e-05
g1715,sa1,1,1,5.0000000000e-01
II5559,sa0,,,5.0000000000e-01
g1292_II5559_A,sa1,,,5.0000000000e-01
g3614,sa1,14,1,1.0937500000e-01
g1904,sa1,4,1,9.3750000000e-02
g1021_g1904_A,sa0,,,9.3750000000e-02
g38,sa0,1,1,5.0000000000e-01
g3506,sa1,3,1,6.1273545725e-05
g1781,sa0,,,6.1273545725e-05
g622,sa1,,,6.1273545725e-05
g2454,sa0,30,0,2.7894973755e-05
II6294,sa1,,,2.7894973755e-05
g1330_II6294_A,sa0,,,2.7894973755e-05
g3732,sa0,2,1,6.2500000000e-02
g2533_g3732_A,sa1,,,6.2500000000e-02
g2525,sa1,30,0,2.7894973755e-05
II6354,sa0,,,2.7894973755e-05
g1357_II6354_A,sa1,,,2.7894973755e-05
g2517,sa0,30,0,2.7894973755e-05
II6348,sa1,,,2.7894973755e-05
g1354_II6348_A,sa0,,,2.7894973755e-05
g2481,sa0,30,0,2.7894973755e-05
II6317,sa1,,,2.7894973755e-05
g1339_II6317_A,sa0,,,2.7894973755e-05
g2471,sa1,30,0,2.7894973755e-05
II6309,sa0,,,2.7894973755e-05
g1336_II6309_A,sa1,,,2.7894973755e-05
g2724,sa0,3,1,6.1273545725e-05
g1814,sa1,,,6.1273545725e-05
g630,sa0,,,6.1273545725e-05
g2706,sa0,3,1,6.1273545725e-05
g1821,sa1,,,6.1273545725e-05
g631,sa0,,,6.1273545725e-05
g1545,sa0,9,1,2.5390625000e-01
g4271,sa1,9,1,1.8750000000e-01
g1149,sa0,7,1,3.7500000000e-01
g4244,sa1,2,1,6.2500000000e-02
g1652,sa1,1,1,5.0000000000e-01
g1220_g1652_A,sa0,,,5.0000000000e-01
g3605,sa1,4,1,1.0742187500e-02
g1938_g3605_A,sa0,,,1.0742187500e-02
g3533,sa1,3,1,6.5429687500e-02
g2397_g3533_A,sa0,,,6.5429687500e-02
g4038,sa0,4,1,6.2500000000e-02
g825_g4038_A,sa0,,,6.2500000000e-02
g2949_g4038_B,sa0,,,6.2500000000e-02
g4307,sa1,2,1,2.5000000000e-01
g3700_g4307_A,sa0,,,2.5000000000e-01
g4344,sa0,30,0,2.4192789197e-01
g3124_g4344_A,sa1,,,2.4192789197e-01
g4335,sa0,30,0,2.7028316259e-01
g3659_g4335_A,sa1,,,2.7028316259e-01
g5009,sa1,23,1,2.5575256348e-01
g4344_g5009_A,sa0,,,2.5575256348e-01
g1509,sa0,30,0,3.2360839844e-01
g4821,sa0,30,0,1.1718750000e-01
g4220_g4821_A,sa0,,,1.1718750000e-01
g3605_g4821_B,sa0,,,1.1718750000e-01
g2174,sa1,8,1,2.5000000000e-01
g1319,sa0,,,2.5000000000e-01
g4910,sa1,4,1,3.1250000000e-02
g4911,sa0,30,0,2.1484375000e-02
g4320_g4911_A,sa0,,,2.1484375000e-02
g2044_g4911_B,sa0,,,2.1484375000e-02
g2256,sa0,18,1,2.5000000000e-01
g1324,sa1,,,2.5000000000e-01
g4901,sa1,30,0,9.1552734375e-04
g2562,sa0,1,1,5.0000000000e-01
g1652_g2562_A,sa1,,,5.0000000000e-01
g5550,sa0,30,0,1.4648437500e-02
g1879_g5550_A,sa0,,,1.4648437500e-02
g4830,sa0,,,1.4648437500e-02
g4288_g4830_A,sa0,,,1.4648437500e-02
g3723_g4830_B,sa0,,,1.4648437500e-02
g2039,sa1,1,1,5.0000000000e-01
g1228,sa0,,,5.0000000000e-01
g5514,sa0,2,1,5.0000000000e-01
g4922,sa1,,,5.0000000000e-01
g4111,sa0,,,5.0000000000e-01
II7944,sa1,,,5.0000000000e-01
g3774_II7944_A,sa0,,,5.0000000000e-01
II10868,sa1,1,1,2.5000000000e-01
g5522,sa1,2,1,5.0000000000e-01
g4930,sa0,,,5.0000000000e-01
g4121,sa1,,,5.0000000000e-01
II7970,sa0,,,5.0000000000e-01
g3557_II7970_A,sa1,,,5.0000000000e-01
g3038,sa1,1,1,5.0000000000e-01
g2092_g3038_A,sa0,,,5.0000000000e-01
g3029,sa1,1,1,5.0000000000e-01
g1929_g3029_A,sa0,,,5.0000000000e-01
II11759,sa1,3,1,2.1875000000e-01
g2543,sa1,8,1,2.5000000000e-01
g1348_g2543_A,sa0,,,2.5000000000e-01
g1049,sa1,11,1,3.7500000000e-01
II12596,sa1,1,1,4.8828125000e-04
g6701,sa1,30,0,3.3203125000e-02
g1472,sa1,30,0,2.2314453125e-01
II13397,sa1,10,1,6.2438964844e-02
II13587,sa0,12,1,2.5000000000e-01
g2556_II13587_A,sa0,,,2.5000000000e-01
g7234_II13587_B,sa0,,,2.5000000000e-01
II13685,sa1,9,1,2.4951171875e-01
II13785,sa0,30,0,5.5313110352e-04
g7427_II13785_A,sa0,,,5.5313110352e-04
g1477_II13785_B,sa0,,,5.5313110352e-04
g7611,sa0,2,1,1.2207031250e-04
g7367_g7611_A,sa0,,,1.2207031250e-04
g4507_g7611_B,sa0,,,1.2207031250e-04
II14837,sa1,0,1,0.0000000000e+00
g4146,sa0,30,0,6.1812877655e-02
II8011,sa1,,,6.1812877655e-02
g3225,sa0,,,6.1812877655e-02
II15818,sa1,30,0,3.7193298340e-05
II15855,sa0,30,0,7.1525573730e-06
g9168_II15855_A,sa0,,,7.1525573730e-06
g9165_II15855_B,sa0,,,7.1525573730e-06
II15863,sa1,30,0,7.1525573730e-06
II15881,sa1,30,0,7.1525573730e-06
g9203,sa1,30,0,3.7204146385e-01
g3341_II8000_D,sa1,30,0,1.2129545212e-04
g2074_II8001_A,sa1,16,1,1.0984949768e-04
g3430_II8040_A,sa1,5,1,1.2207031250e-04
g3430_II8400_A,sa1,30,0,1.9945167005e-03
g2011_II8244_A,sa1,30,0,7.1525573730e-06
g1824,sa1,1,1,5.0000000000e-01
II5706,sa0,,,5.0000000000e-01
g901_II5706_A,sa1,,,5.0000000000e-01
g1870,sa0,1,1,5.0000000000e-01
II5751,sa1,,,5.0000000000e-01
g963_II5751_A,sa0,,,5.0000000000e-01
g2662,sa0,1,1,5.0000000000e-01
II6457,sa1,,,5.0000000000e-01
g1886,sa0,,,5.0000000000e-01
II5766,sa1,,,5.0000000000e-01
g1254_II5766_A,sa0,,,5.0000000000e-01
g4371,sa1,1,1,5.0000000000e-01
II8354,sa0,,,5.0000000000e-01
g1163_II8354_A,sa1,,,5.0000000000e-01
g4372,sa0,1,1,5.0000000000e-01
II8357,sa1,,,5.0000000000e-01
g1182_II8357_A,sa0,,,5.0000000000e-01
g4660,sa0,1,1,2.5000000000e-01
II8895,sa1,,,2.5000000000e-01
g4130,sa0,,,2.5000000000e-01
II7987,sa1,,,2.5000000000e-01
g3528,sa0,,,2.5000000000e-01
g5164,sa0,1,1,1.2500000000e-01
II9618,sa1,,,1.2500000000e-01
g4742,sa0,,,1.2500000000e-01
II9064,sa1,,,1.2500000000e-01
g4302,sa0,,,1.2500000000e-01
g3086_g4302_A,sa0,,,1.2500000000e-01
g3659_g4302_B,sa0,,,1.2500000000e-01
g3124_g4302_C,sa0,,,1.2500000000e-01
g6207,sa1,1,1,5.0000000000e-01
II10962,sa0,,,5.0000000000e-01
g5719_II10962_A,sa1,,,5.0000000000e-01
g7063,sa0,3,1,7.5000000000e-01
II12826,sa1,,,7.5000000000e-01
g6441_II12826_A,sa0,,,7.5000000000e-01
g7423,sa0,1,1,5.0000000000e-01
II13544,sa1,,,5.0000000000e-01
g1167_II13544_A,sa0,,,5.0000000000e-01
g7504,sa0,1,1,5.0000000000e-01
II13692,sa1,,,5.0000000000e-01
g7343,sa0,,,5.0000000000e-01
II13447,sa1,,,5.0000000000e-01
g7261,sa0,,,5.0000000000e-01
II13225,sa1,,,5.0000000000e-01
g7095,sa0,,,5.0000000000e-01
II12877,sa1,,,5.0000000000e-01
g6700,sa0,,,5.0000000000e-01
g6244,sa1,,,5.0000000000e-01
g5670,sa0,,,5.0000000000e-01
II10157,sa1,,,5.0000000000e-01
g5109_II10157_A,sa0,,,5.0000000000e-01
g9132,sa1,1,1,1.2500000000e-01
II15770,sa0,,,1.2500000000e-01
g9121,sa1,,,1.2500000000e-01
II15747,sa0,,,1.2500000000e-01
g9042,sa1,,,1.2500000000e-01
II15530,sa0,,,1.2500000000e-01
g8972,sa1,,,1.2500000000e-01
II15420,sa0,,,1.2500000000e-01
g8881,sa1,,,1.2500000000e-01
g8683,sa0,,,1.2500000000e-01
g8235,sa1,,,1.2500000000e-01
II14492,sa0,,,1.2500000000e-01
g7829_II14492_A,sa1,,,1.2500000000e-01
g9204,sa1,3,1,5.0000000000e-01
II15894,sa0,,,5.0000000000e-01
g9195,sa1,,,5.0000000000e-01
II15871,sa0,,,5.0000000000e-01
g9184,sa1,,,5.0000000000e-01
II15830,sa0,,,5.0000000000e-01
g9180,sa1,,,5.0000000000e-01
II15824,sa0,,,5.0000000000e-01
g9157,sa1,,,5.0000000000e-01
g9141,sa0,,,5.0000000000e-01
g9129,sa1,,,5.0000000000e-01
II15765,sa0,,,5.0000000000e-01
g9039_II15765_A,sa1,,,5.0000000000e-01
g9312,sa1,30,0,1.3732910156e-03
II16052,sa0,,,1.3732910156e-03
g9291_II16052_A,sa1,,,1.3732910156e-03
g6307,sa0,1,1,5.0000000000e-01
II11248,sa1,,,5.0000000000e-01
g6149,sa0,,,5.0000000000e-01
II10810,sa1,,,5.0000000000e-01
g5403_II10810_A,sa0,,,5.0000000000e-01
g6306,sa1,1,1,5.0000000000e-01
II11245,sa0,,,5.0000000000e-01
g6143,sa1,,,5.0000000000e-01
II10796,sa0,,,5.0000000000e-01
g5397_II10796_A,sa1,,,5.0000000000e-01
g5173,sa0,3,1,7.5000000000e-01
II9645,sa1,,,7.5000000000e-01
g4900,sa0,,,7.5000000000e-01
II9258,sa1,,,7.5000000000e-01
g4249,sa0,,,7.5000000000e-01
g7108,sa0,22,1,7.5000000000e-01
II12912,sa1,,,7.5000000000e-01
g7006,sa0,,,7.5000000000e-01
II12748,sa1,,,7.5000000000e-01
g6585,sa0,,,7.5000000000e-01
g7530,sa1,9,1,7.5000000000e-01
II13770,sa0,,,7.5000000000e-01
g7491,sa1,,,7.5000000000e-01
II13653,sa0,,,7.5000000000e-01
g7246,sa1,,,7.5000000000e-01
II13196,sa0,,,7.5000000000e-01
g7008,sa1,,,7.5000000000e-01
g2661,sa1,1,1,5.0000000000e-01
II6454,sa0,,,5.0000000000e-01
g1868,sa1,,,5.0000000000e-01
II5747,sa0,,,5.0000000000e-01
g1260_II5747_A,sa1,,,5.0000000000e-01
g5740,sa0,15,1,9.3750000000e-01
II10277,sa1,,,9.3750000000e-01
g5472,sa0,,,9.3750000000e-01
II9892,sa1,,,9.3750000000e-01
g4879,sa0,,,9.3750000000e-01
g2595_g4879_A,sa0,,,9.3750000000e-01
g2584_g4879_B,sa0,,,9.3750000000e-01
g4270,sa0,,,9.3750000000e-01
g2573_g4270_A,sa1,,,9.3750000000e-01
g4281,sa0,,,9.3750000000e-01
g2562_g4281_A,sa1,,,9.3750000000e-01
g7116,sa1,15,1,5.0000000000e-01
II12936,sa0,,,5.0000000000e-01
g7015,sa1,,,5.0000000000e-01
II12763,sa0,,,5.0000000000e-01
g6686,sa1,,,5.0000000000e-01
g4068,sa1,,,5.0000000000e-01
g5970,sa1,,,5.0000000000e-01
g7117,sa0,10,1,5.0000000000e-01
II12939,sa1,,,5.0000000000e-01
g7022,sa0,,,5.0000000000e-01
II12776,sa1,,,5.0000000000e-01
g6739,sa0,,,5.0000000000e-01
g7305,sa1,21,1,5.0000000000e-01
II13347,sa0,,,5.0000000000e-01
g7224,sa1,,,5.0000000000e-01
II13164,sa0,,,5.0000000000e-01
g7086,sa1,,,5.0000000000e-01
g4101,sa1,,,5.0000000000e-01
g6464,sa1,,,5.0000000000e-01
g7306,sa0,13,1,5.0000000000e-01
II13350,sa1,,,5.0000000000e-01
g7223,sa0,,,5.0000000000e-01
II13161,sa1,,,5.0000000000e-01
g7080,sa0,,,5.0000000000e-01
g2671,sa0,1,1,5.0000000000e-01
II6468,sa1,,,5.0000000000e-01
g1917,sa0,,,5.0000000000e-01
II5795,sa1,,,5.0000000000e-01
g1236_II5795_A,sa0,,,5.0000000000e-01
g5181,sa1,2,1,1.8750000000e-01
II9669,sa0,,,1.8750000000e-01
g4909,sa1,,,1.8750000000e-01
II9271,sa0,,,1.8750000000e-01
g4263,sa1,,,1.8750000000e-01
g5182,sa0,2,1,1.8750000000e-01
II9672,sa1,,,1.8750000000e-01
g4803,sa0,,,1.8750000000e-01
II9132,sa1,,,1.8750000000e-01
g4284,sa0,,,1.8750000000e-01
g3260_g4284_A,sa0,,,1.8750000000e-01
g3314,sa0,,,1.8750000000e-01
II6917,sa0,,,1.8750000000e-01
g2360_II6917_A,sa0,,,1.8750000000e-01
II6916_II6917_B,sa0,,,1.8750000000e-01
II6918,sa0,,,1.8750000000e-01
g1732_II6918_A,sa0,,,1.8750000000e-01
II6916_II6918_B,sa0,,,1.8750000000e-01
g8223,sa1,29,1,9.9804687500e-01
II14448,sa0,,,9.9804687500e-01
g7792,sa1,,,9.9804687500e-01
II14231,sa0,,,9.9804687500e-01
g7566_II14231_A,sa1,,,9.9804687500e-01
g2653,sa0,1,1,5.0000000000e-01
II6443,sa1,,,5.0000000000e-01
g1774,sa0,,,5.0000000000e-01
II5616,sa1,,,5.0000000000e-01
g979_II5616_A,sa0,,,5.0000000000e-01
g9133,sa0,1,1,9.7656250000e-04
II15773,sa1,,,9.7656250000e-04
g9126,sa0,,,9.7656250000e-04
II15756,sa1,,,9.7656250000e-04
g9081,sa0,,,9.7656250000e-04
II15635,sa1,,,9.7656250000e-04
g8976,sa0,,,9.7656250000e-04
g8903,sa0,,,9.7656250000e-04
II15315,sa1,,,9.7656250000e-04
g8738,sa0,,,9.7656250000e-04
g8619,sa0,,,9.7656250000e-04
II14695,sa1,,,9.7656250000e-04
g8016,sa0,,,9.7656250000e-04
II14311,sa1,,,9.7656250000e-04
g7566_II14311_A,sa0,,,9.7656250000e-04
g3338,sa0,,,9.7656250000e-04
g1901_g3338_A,sa1,,,9.7656250000e-04
g6588,sa0,,,9.7656250000e-04
g5836_g6588_A,sa1,,,9.7656250000e-04
g9034,sa0,30,0,2.7317810059e-01
II15516,sa1,,,2.7317810059e-01
g8977,sa0,,,2.7317810059e-01
II15433,sa1,,,2.7317810059e-01
g8911,sa0,,,2.7317810059e-01
g8798,sa0,,,2.7317810059e-01
g6984_g8798_A,sa0,,,2.7317810059e-01
g8644,sa0,,,2.7317810059e-01
g7688,sa0,,,2.7317810059e-01
g7406_g7688_A,sa1,,,2.7317810059e-01
g7107,sa1,5,1,2.5000000000e-01
II12909,sa0,,,2.5000000000e-01
g7046,sa1,,,2.5000000000e-01
II12806,sa0,,,2.5000000000e-01
g6602,sa1,,,2.5000000000e-01
g6058,sa1,,,2.5000000000e-01
g3092,sa1,,,2.5000000000e-01
II6826,sa0,,,2.5000000000e-01
g2185_II6826_A,sa1,,,2.5000000000e-01
g7521,sa1,7,1,2.5000000000e-01
II13743,sa0,,,2.5000000000e-01
g7454,sa1,,,2.5000000000e-01
II13610,sa0,,,2.5000000000e-01
g7227,sa1,,,2.5000000000e-01
g6992,sa1,,,2.5000000000e-01
g3128,sa1,,,2.5000000000e-01
II6839,sa0,,,2.5000000000e-01
g2185_II6839_A,sa1,,,2.5000000000e-01
g7522,sa0,4,1,3.7500000000e-01
II13746,sa1,,,3.7500000000e-01
g7311,sa0,,,3.7500000000e-01
II13365,sa1,,,3.7500000000e-01
g7267,sa0,,,3.7500000000e-01
II13241,sa1,,,3.7500000000e-01
g7030,sa0,,,3.7500000000e-01
g6705,sa0,,,3.7500000000e-01
g5723,sa0,,,3.7500000000e-01
g4938_g5723_A,sa1,,,3.7500000000e-01
g8224,sa0,10,1,3.7500000000e-01
II14451,sa1,,,3.7500000000e-01
g8172,sa0,,,3.7500000000e-01
II14397,sa1,,,3.7500000000e-01
g7686,sa0,,,3.7500000000e-01
II13979,sa1,,,3.7500000000e-01
g7415,sa0,,,3.7500000000e-01
g7222,sa0,,,3.7500000000e-01
g5603,sa0,,,3.7500000000e-01
g4938_g5603_A,sa1,,,3.7500000000e-01
g5172,sa1,1,1,1.5625000000e-02
II9642,sa0,,,1.5625000000e-02
g4788,sa1,,,1.5625000000e-02
II9103,sa0,,,1.5625000000e-02
g4374,sa1,,,1.5625000000e-02
g1182_g4374_A,sa1,,,1.5625000000e-02
g1186_g4374_B,sa1,,,1.5625000000e-02
g1179_g4374_C,sa1,,,1.5625000000e-02
II8363,sa1,,,1.5625000000e-02
g2655_II8363_A,sa1,,,1.5625000000e-02
g1163_II8363_B,sa1,,,1.5625000000e-02
g1160_II8363_C,sa1,,,1.5625000000e-02
g3832,sa0,1,1,5.0000000000e-01
II7299,sa1,,,5.0000000000e-01
g2961,sa0,,,5.0000000000e-01
II6711,sa1,,,5.0000000000e-01
g1726,sa0,,,5.0000000000e-01
g158_g1726_A,sa1,,,5.0000000000e-01
g3831,sa1,1,1,5.0000000000e-01
II7296,sa0,,,5.0000000000e-01
g2915,sa1,,,5.0000000000e-01
II6643,sa0,,,5.0000000000e-01
g1970_II6643_A,sa1,,,5.0000000000e-01
g5731,sa0,3,1,3.7500000000e-01
II10250,sa1,,,3.7500000000e-01
g5268,sa0,,,3.7500000000e-01
II9788,sa1,,,3.7500000000e-01
g4711,sa0,,,3.7500000000e-01
g190_g4711_A,sa0,,,3.7500000000e-01
g4072,sa0,,,3.7500000000e-01
g5730,sa1,3,1,6.2500000000e-01
II10247,sa0,,,6.2500000000e-01
g5266,sa1,,,6.2500000000e-01
II9782,sa0,,,6.2500000000e-01
g4720,sa1,,,6.2500000000e-01
g5145,sa1,1,1,5.0000000000e-01
II9561,sa0,,,5.0000000000e-01
g4695,sa1,,,5.0000000000e-01
II8980,sa0,,,5.0000000000e-01
g4535,sa1,,,5.0000000000e-01
g2876,sa0,,,5.0000000000e-01
g2231,sa1,,,5.0000000000e-01
II5954,sa0,,,5.0000000000e-01
g89_II5954_A,sa1,,,5.0000000000e-01
g5146,sa0,1,1,5.0000000000e-01
II9564,sa1,,,5.0000000000e-01
g4703,sa0,,,5.0000000000e-01
II8998,sa1,,,5.0000000000e-01
g4576,sa0,,,5.0000000000e-01
g2913,sa1,,,5.0000000000e-01
g2307,sa0,,,5.0000000000e-01
II6078,sa1,,,5.0000000000e-01
g95_II6078_A,sa0,,,5.0000000000e-01
g5154,sa1,1,1,5.0000000000e-01
II9588,sa0,,,5.0000000000e-01
g4704,sa1,,,5.0000000000e-01
II9001,sa0,,,5.0000000000e-01
g4577,sa1,,,5.0000000000e-01
g2914,sa0,,,5.0000000000e-01
g2308,sa1,,,5.0000000000e-01
II6081,sa0,,,5.0000000000e-01
g118_II6081_A,sa1,,,5.0000000000e-01
g5155,sa0,1,1,5.0000000000e-01
II9591,sa1,,,5.0000000000e-01
g4710,sa0,,,5.0000000000e-01
II9009,sa1,,,5.0000000000e-01
g4591,sa0,,,5.0000000000e-01
g2937,sa1,,,5.0000000000e-01
g2346,sa0,,,5.0000000000e-01
II6154,sa1,,,5.0000000000e-01
g122_II6154_A,sa0,,,5.0000000000e-01
g6315,sa1,4,1,5.0000000000e-01
II11272,sa0,,,5.0000000000e-01
g5758,sa1,,,5.0000000000e-01
II10347,sa0,,,5.0000000000e-01
g5706,sa1,,,5.0000000000e-01
g4955,sa1,,,5.0000000000e-01
g4342,sa1,,,5.0000000000e-01
g4605,sa1,1,1,5.0000000000e-01
II8730,sa0,,,5.0000000000e-01
g3987,sa1,,,5.0000000000e-01
II7716,sa0,,,5.0000000000e-01
g3038_II7716_A,sa1,,,5.0000000000e-01
g6316,sa0,6,1,5.0000000000e-01
II11275,sa1,,,5.0000000000e-01
g5768,sa0,,,5.0000000000e-01
II10377,sa1,,,5.0000000000e-01
g5188,sa0,,,5.0000000000e-01
g4606,sa0,1,1,5.0000000000e-01
II8733,sa1,,,5.0000000000e-01
g3996,sa0,,,5.0000000000e-01
II7731,sa1,,,5.0000000000e-01
g3029_II7731_A,sa0,,,5.0000000000e-01
g6324,sa1,4,1,5.0000000000e-01
II11299,sa0,,,5.0000000000e-01
g5786,sa1,,,5.0000000000e-01
II10403,sa0,,,5.0000000000e-01
g5202,sa1,,,5.0000000000e-01
g5031,sa1,,,5.0000000000e-01
g4377,sa1,,,5.0000000000e-01
g4614,sa1,1,1,5.0000000000e-01
II8757,sa0,,,5.0000000000e-01
g3921,sa1,,,5.0000000000e-01
II7558,sa0,,,5.0000000000e-01
g2734_II7558_A,sa1,,,5.0000000000e-01
g6325,sa0,6,1,5.0000000000e-01
II11302,sa1,,,5.0000000000e-01
g5796,sa0,,,5.0000000000e-01
II10427,sa1,,,5.0000000000e-01
g5210,sa0,,,5.0000000000e-01
g4615,sa0,1,1,5.0000000000e-01
II8760,sa1,,,5.0000000000e-01
g3931,sa0,,,5.0000000000e-01
II7592,sa1,,,5.0000000000e-01
g2712_II7592_A,sa0,,,5.0000000000e-01
g6333,sa1,4,1,5.0000000000e-01
II11326,sa0,,,5.0000000000e-01
g5819,sa1,,,5.0000000000e-01
II10482,sa0,,,5.0000000000e-01
g5228,sa1,,,5.0000000000e-01
g5078,sa1,,,5.0000000000e-01
g4408,sa1,,,5.0000000000e-01
g4623,sa1,1,1,5.0000000000e-01
II8784,sa0,,,5.0000000000e-01
g3949,sa1,,,5.0000000000e-01
II7644,sa0,,,5.0000000000e-01
g2584_II7644_A,sa1,,,5.0000000000e-01
g6334,sa0,6,1,5.0000000000e-01
II11329,sa1,,,5.0000000000e-01
g5825,sa0,,,5.0000000000e-01
II10500,sa1,,,5.0000000000e-01
g5234,sa0,,,5.0000000000e-01
g4624,sa0,1,1,5.0000000000e-01
II8787,sa1,,,5.0000000000e-01
g4012,sa0,,,5.0000000000e-01
II7765,sa1,,,5.0000000000e-01
g2595_II7765_A,sa0,,,5.0000000000e-01
g3840,sa1,1,1,5.0000000000e-01
II7323,sa0,,,5.0000000000e-01
g2905,sa1,,,5.0000000000e-01
II6629,sa0,,,5.0000000000e-01
g2052_II6629_A,sa1,,,5.0000000000e-01
g9105,sa1,15,1,5.0000000000e-01
II15705,sa0,,,5.0000000000e-01
g9068,sa1,,,5.0000000000e-01
II15598,sa0,,,5.0000000000e-01
g8991,sa1,,,5.0000000000e-01
g8931,sa1,,,5.0000000000e-01
g8831,sa1,,,5.0000000000e-01
g9106,sa0,19,1,5.0000000000e-01
II15708,sa1,,,5.0000000000e-01
g9072,sa0,,,5.0000000000e-01
II15610,sa1,,,5.0000000000e-01
g8995,sa0,,,5.0000000000e-01
g6342,sa1,4,1,5.0000000000e-01
II11353,sa0,,,5.0000000000e-01
g5788,sa1,,,5.0000000000e-01
II10409,sa0,,,5.0000000000e-01
g5204,sa1,,,5.0000000000e-01
g5033,sa1,,,5.0000000000e-01
g4379,sa1,,,5.0000000000e-01
g4632,sa1,1,1,5.0000000000e-01
II8811,sa0,,,5.0000000000e-01
g4022,sa1,,,5.0000000000e-01
II7785,sa0,,,5.0000000000e-01
g3029_II7785_A,sa1,,,5.0000000000e-01
g6343,sa0,6,1,5.0000000000e-01
II11356,sa1,,,5.0000000000e-01
g5799,sa0,,,5.0000000000e-01
II10436,sa1,,,5.0000000000e-01
g5213,sa0,,,5.0000000000e-01
g4633,sa0,1,1,5.0000000000e-01
II8814,sa1,,,5.0000000000e-01
g4028,sa0,,,5.0000000000e-01
II7797,sa1,,,5.0000000000e-01
g3019_II7797_A,sa0,,,5.0000000000e-01
g9114,sa1,15,1,5.0000000000e-01
II15732,sa0,,,5.0000000000e-01
g9076,sa1,,,5.0000000000e-01
II15622,sa0,,,5.0000000000e-01
g8999,sa1,,,5.0000000000e-01
g8939,sa1,,,5.0000000000e-01
g8843,sa1,,,5.0000000000e-01
g9115,sa0,22,1,5.0000000000e-01
II15735,sa1,,,5.0000000000e-01
g9078,sa0,,,5.0000000000e-01
II15628,sa1,,,5.0000000000e-01
g9001,sa0,,,5.0000000000e-01
g6351,sa1,4,1,5.0000000000e-01
II11380,sa0,,,5.0000000000e-01
g5822,sa1,,,5.0000000000e-01
II10491,sa0,,,5.0000000000e-01
g5231,sa1,,,5.0000000000e-01
g5081,sa1,,,5.0000000000e-01
g4411,sa1,,,5.0000000000e-01
g4641,sa1,1,1,5.0000000000e-01
II8838,sa0,,,5.0000000000e-01
g3967,sa1,,,5.0000000000e-01
II7680,sa0,,,5.0000000000e-01
g2712_II7680_A,sa1,,,5.0000000000e-01
g6352,sa0,6,1,5.0000000000e-01
II11383,sa1,,,5.0000000000e-01
g5827,sa0,,,5.0000000000e-01
II10506,sa1,,,5.0000000000e-01
g5236,sa0,,,5.0000000000e-01
g4642,sa0,1,1,5.0000000000e-01
II8841,sa1,,,5.0000000000e-01
g3979,sa0,,,5.0000000000e-01
II7702,sa1,,,5.0000000000e-01
g3062_II7702_A,sa0,,,5.0000000000e-01
g6360,sa1,4,1,5.0000000000e-01
II11407,sa0,,,5.0000000000e-01
g5841,sa1,,,5.0000000000e-01
II10538,sa0,,,5.0000000000e-01
g5255,sa1,,,5.0000000000e-01
g5118,sa1,,,5.0000000000e-01
g4453,sa1,,,5.0000000000e-01
g4650,sa1,1,1,5.0000000000e-01
II8865,sa0,,,5.0000000000e-01
g4032,sa1,,,5.0000000000e-01
II7807,sa0,,,5.0000000000e-01
g2595_II7807_A,sa1,,,5.0000000000e-01
g6361,sa0,6,1,5.0000000000e-01
II11410,sa1,,,5.0000000000e-01
g5845,sa0,,,5.0000000000e-01
II10548,sa1,,,5.0000000000e-01
g5260,sa0,,,5.0000000000e-01
g4651,sa0,1,1,5.0000000000e-01
II8868,sa1,,,5.0000000000e-01
g4035,sa0,,,5.0000000000e-01
II7814,sa1,,,5.0000000000e-01
g2605_II7814_A,sa0,,,5.0000000000e-01
g3850,sa0,1,1,5.0000000000e-01
II7353,sa1,,,5.0000000000e-01
g2833,sa0,,,5.0000000000e-01
II6561,sa1,,,5.0000000000e-01
g1715_II6561_A,sa0,,,5.0000000000e-01
g6370,sa0,6,1,5.0000000000e-01
II11437,sa1,,,5.0000000000e-01
g5801,sa0,,,5.0000000000e-01
II10442,sa1,,,5.0000000000e-01
g5215,sa0,,,5.0000000000e-01
g9033,sa1,15,1,5.0000000000e-01
II15513,sa0,,,5.0000000000e-01
g8970,sa1,,,5.0000000000e-01
II15414,sa0,,,5.0000000000e-01
g8900,sa1,,,5.0000000000e-01
g8840,sa1,,,5.0000000000e-01
g8653,sa1,,,5.0000000000e-01
g6801,sa1,1,1,5.0000000000e-01
II12274,sa0,,,5.0000000000e-01
g6672,sa1,,,5.0000000000e-01
II11974,sa0,,,5.0000000000e-01
g5956_II11974_A,sa1,,,5.0000000000e-01
g6802,sa0,1,1,5.0000000000e-01
II12277,sa1,,,5.0000000000e-01
g6681,sa0,,,5.0000000000e-01
II11991,sa1,,,5.0000000000e-01
g5939_II11991_A,sa0,,,5.0000000000e-01
g6810,sa1,1,1,5.0000000000e-01
II12301,sa0,,,5.0000000000e-01
g6703,sa1,,,5.0000000000e-01
II12041,sa0,,,5.0000000000e-01
g5897_II12041_A,sa1,,,5.0000000000e-01
g6811,sa0,1,1,5.0000000000e-01
II12304,sa1,,,5.0000000000e-01
g6711,sa0,,,5.0000000000e-01
II12059,sa1,,,5.0000000000e-01
g5874_II12059_A,sa0,,,5.0000000000e-01
g6820,sa0,1,1,5.0000000000e-01
II12331,sa1,,,5.0000000000e-01
g6704,sa0,,,5.0000000000e-01
II12044,sa1,,,5.0000000000e-01
g5847_II12044_A,sa0,,,5.0000000000e-01
g7512,sa1,5,1,4.8437500000e-01
II13716,sa0,,,4.8437500000e-01
g7331,sa1,,,4.8437500000e-01
II13413,sa0,,,4.8437500000e-01
g7127,sa1,,,4.8437500000e-01
g6974,sa0,,,4.8437500000e-01
g3613,sa0,,,4.8437500000e-01
II7086,sa0,,,4.8437500000e-01
g1753_II7086_A,sa0,,,4.8437500000e-01
II7085_II7086_B,sa0,,,4.8437500000e-01
II7087,sa0,,,4.8437500000e-01
g1918_II7087_A,sa0,,,4.8437500000e-01
II7085_II7087_B,sa0,,,4.8437500000e-01
g6505,sa0,,,4.8437500000e-01
II11677,sa1,,,4.8437500000e-01
g6076_II11677_A,sa0,,,4.8437500000e-01
g7513,sa0,13,1,5.1562500000e-01
II13719,sa1,,,5.1562500000e-01
g7334,sa0,,,5.1562500000e-01
II13422,sa1,,,5.1562500000e-01
g7131,sa0,,,5.1562500000e-01
g6976,sa1,,,5.1562500000e-01
g2652,sa1,1,1,5.0000000000e-01
II6440,sa0,,,5.0000000000e-01
g1806,sa1,,,5.0000000000e-01
II5670,sa0,,,5.0000000000e-01
g941,sa1,,,5.0000000000e-01
g2644,sa0,1,1,5.0000000000e-01
II6416,sa1,,,5.0000000000e-01
g1794,sa0,,,5.0000000000e-01
II5646,sa1,,,5.0000000000e-01
g883_II5646_A,sa0,,,5.0000000000e-01
g5163,sa1,3,1,7.5000000000e-01
II9615,sa0,,,7.5000000000e-01
g4739,sa1,,,7.5000000000e-01
II9053,sa0,,,7.5000000000e-01
g4327,sa1,,,7.5000000000e-01
g74,sa1,30,0,3.0026677996e-03
g83,sa1,30,0,4.1140615940e-03
g1176,sa1,4,1,2.9687500000e-01
g1357,sa0,30,0,2.1899783611e-01
g1339,sa0,30,0,2.5000417233e-01
g1348,sa0,30,0,2.2070765495e-01
g2185,sa0,20,1,4.9951171875e-01
II5914,sa1,,,4.9951171875e-01
g1097,sa0,,,4.9951171875e-01
g1429,sa0,2,1,1.8750000000e-01
g65,sa1,2,1,3.1250000000e-01
g1375,sa0,1,1,1.2207031250e-04
g1186,sa0,1,1,5.0000000000e-01
g4362,sa1,3,1,1.2500000000e-01
g2810_g4362_A,sa0,,,1.2500000000e-01
g4281,sa1,1,1,6.2500000000e-02
g2562_g4281_A,sa0,,,6.2500000000e-02
g5109,sa1,1,1,5.0000000000e-01
II9493,sa0,,,5.0000000000e-01
g4426,sa1,,,5.0000000000e-01
II8428,sa0,,,5.0000000000e-01
g3611,sa1,,,5.0000000000e-01
II7079,sa0,,,5.0000000000e-01
g2532,sa1,,,5.0000000000e-01
II6358,sa0,,,5.0000000000e-01
g13_II6358_A,sa1,,,5.0000000000e-01
g1266,sa1,1,1,1.9531250000e-03
g5037,sa1,2,1,2.5000000000e-01
g4438_g5037_A,sa0,,,2.5000000000e-01
g6190,sa0,1,1,5.0000000000e-01
II10933,sa1,,,5.0000000000e-01
g5668,sa0,,,5.0000000000e-01
II10151,sa1,,,5.0000000000e-01
g5007,sa0,,,5.0000000000e-01
II9336,sa1,,,5.0000000000e-01
g4493,sa0,,,5.0000000000e-01
II8543,sa1,,,5.0000000000e-01
g2810_II8543_A,sa0,,,5.0000000000e-01
g6441,sa1,1,1,2.5000000000e-01
II11586,sa0,,,2.5000000000e-01
g6256,sa1,,,2.5000000000e-01
II11069,sa0,,,2.5000000000e-01
g5671,sa1,,,2.5000000000e-01
II10160,sa0,,,2.5000000000e-01
g5139,sa1,,,2.5000000000e-01
II9543,sa0,,,2.5000000000e-01
g4279,sa1,,,2.5000000000e-01
g3340,sa0,,,2.5000000000e-01
g2474_g3340_A,sa1,,,2.5000000000e-01
g3390,sa1,17,1,4.9609375000e-01
II6949,sa0,,,4.9609375000e-01
g2148,sa1,,,4.9609375000e-01
g1304_g2148_A,sa0,,,4.9609375000e-01
g5190,sa1,4,1,1.2500000000e-01
g4938_g5190_A,sa0,,,1.2500000000e-01
g6253,sa0,0,1,0.0000000000e+00
g5403_g6253_A,sa1,,,0.0000000000e+00
g6028,sa0,1,1,5.0000000000e-01
g5529_g6028_A,sa1,,,5.0000000000e-01
g7152,sa1,30,0,9.3750000000e-01
g6253,sa1,,,9.3750000000e-01
g5403_g6253_A,sa0,,,9.3750000000e-01
g7083_g7152_B,sa1,,,9.3750000000e-01
g5418_g7152_C,sa1,,,9.3750000000e-01
g7035,sa1,3,1,2.5000000000e-01
g6543_g7035_A,sa0,,,2.5000000000e-01
g7044,sa1,7,1,2.5000000000e-01
g6543_g7044_A,sa0,,,2.5000000000e-01
g5055,sa1,9,1,2.5000000000e-01
g4477_g5055_A,sa0,,,2.5000000000e-01
g7180,sa0,2,1,5.0781250000e-01
II13092,sa1,,,5.0781250000e-01
g7047,sa0,,,5.0781250000e-01
g6498_g7047_A,sa1,,,5.0781250000e-01
g7450,sa0,12,1,6.0937500000e-01
g5073,sa1,10,1,2.5000000000e-01
g4477_g5073_A,sa0,,,2.5000000000e-01
g1860,sa1,1,1,2.5000000000e-01
g162_g1860_A,sa0,,,2.5000000000e-01
g5622,sa1,13,1,1.2500000000e-01
g4938_g5622_A,sa0,,,1.2500000000e-01
g5631,sa1,14,1,1.2500000000e-01
g4938_g5631_A,sa0,,,1.2500000000e-01
g6235,sa0,0,1,0.0000000000e+00
II11034,sa1,,,0.0000000000e+00
g5644,sa0,,,0.0000000000e+00
g4748_g5644_A,sa1,,,0.0000000000e+00
g1690,sa0,12,1,1.4062500000e-01
g1077,sa1,4,1,2.3437500000e-01
g3049,sa0,1,1,1.2500000000e-01
g2274,sa0,,,1.2500000000e-01
g782_g2274_A,sa1,,,1.2500000000e-01
g1844_g3049_B,sa0,,,1.2500000000e-01
g2274,sa1,1,1,1.2500000000e-01
g782_g2274_A,sa0,,,1.2500000000e-01
g3094,sa0,2,1,6.2500000000e-02
g945_g3094_A,sa0,,,6.2500000000e-02
g1898_g3094_B,sa0,,,6.2500000000e-02
g1276,sa0,1,1,5.0000000000e-01
g1284,sa1,1,1,5.0000000000e-01
g2625,sa1,30,0,6.2035024166e-04
g1570,sa0,,,6.2035024166e-04
g665_g1570_A,sa1,,,6.2035024166e-04
g2616,sa1,30,0,6.2035024166e-04
g1564,sa0,,,6.2035024166e-04
g642_g1564_A,sa1,,,6.2035024166e-04
g2634,sa1,30,0,6.2035024166e-04
g1578,sa0,,,6.2035024166e-04
g699_g1578_A,sa1,,,6.2035024166e-04
g4182,sa1,30,0,9.7031891346e-03
g2149,sa0,30,0,4.7941161320e-03
II5894,sa1,,,4.7941161320e-03
g86_II5894_A,sa0,,,4.7941161320e-03
g2680,sa0,20,1,5.4931640625e-04
g1665,sa1,,,5.4931640625e-04
g1467_g1665_A,sa0,,,5.4931640625e-04
g2490,sa1,7,1,4.5312500000e-01
II6326,sa0,,,4.5312500000e-01
g1443,sa1,,,4.5312500000e-01
g3750,sa1,4,1,3.9062500000e-03
g2177_g3750_A,sa0,,,3.9062500000e-03
g4390,sa0,4,1,3.7500000000e-01
g560_g4390_A,sa0,,,3.7500000000e-01
g2845_g4390_B,sa0,,,3.7500000000e-01
g4408,sa0,4,1,3.7500000000e-01
g330_g4408_A,sa0,,,3.7500000000e-01
g3131_g4408_B,sa0,,,3.7500000000e-01
g4435,sa0,4,1,3.7500000000e-01
g414_g4435_A,sa0,,,3.7500000000e-01
g3160_g4435_B,sa0,,,3.7500000000e-01
g4453,sa0,4,1,3.7500000000e-01
g495_g4453_A,sa0,,,3.7500000000e-01
g3192_g4453_B,sa0,,,3.7500000000e-01
g3192,sa1,26,1,2.4996948242e-01
g1756,sa1,,,2.4996948242e-01
g533,sa0,,,2.4996948242e-01
g530_g3192_B,sa1,,,2.4996948242e-01
g3238,sa0,30,0,2.4354457855e-03
II6894,sa1,,,2.4354457855e-03
g1863,sa0,,,2.4354457855e-03
g68_g1863_A,sa1,,,2.4354457855e-03
g2643,sa1,0,1,0.0000000000e+00
g1589,sa0,,,0.0000000000e+00
g746_g1589_A,sa1,,,0.0000000000e+00
g3264,sa1,30,0,2.9760937305e-03
II6900,sa0,,,2.9760937305e-03
g1866,sa1,,,2.9760937305e-03
g71_g1866_A,sa0,,,2.9760937305e-03
g3525,sa1,3,1,2.5000000000e-01
g2751,sa1,7,1,1.2109375000e-01
g4804,sa0,2,1,3.7500000000e-01
g952,sa0,,,3.7500000000e-01
g3876,sa0,,,3.7500000000e-01
g3466_g3876_A,sa1,,,3.7500000000e-01
g4227,sa1,3,1,1.2500000000e-01
g3723,sa1,3,1,9.7656250000e-04
g2096_g3723_A,sa0,,,9.7656250000e-04
g3912,sa1,3,1,1.8750000000e-01
g3192_g3912_A,sa0,,,1.8750000000e-01
g2770,sa0,5,1,2.4414062500e-04
g2210_g2770_A,sa1,,,2.4414062500e-04
g3930,sa1,3,1,1.8750000000e-01
g3097_g3930_A,sa0,,,1.8750000000e-01
g5029,sa0,2,1,1.2500000000e-01
g212,sa0,,,1.2500000000e-01
g3945,sa0,,,1.2500000000e-01
g3097_g3945_A,sa1,,,1.2500000000e-01
g5047,sa0,2,1,1.2500000000e-01
g373,sa0,,,1.2500000000e-01
g3964,sa0,,,1.2500000000e-01
g3160_g3964_A,sa1,,,1.2500000000e-01
g5065,sa0,2,1,1.2500000000e-01
g374,sa0,,,1.2500000000e-01
g3977,sa0,,,1.2500000000e-01
g3160_g3977_A,sa1,,,1.2500000000e-01
g5092,sa0,2,1,1.2500000000e-01
g456,sa0,,,1.2500000000e-01
g4002,sa0,,,1.2500000000e-01
g3192_g4002_A,sa1,,,1.2500000000e-01
g5119,sa0,2,1,1.2500000000e-01
g543,sa0,,,1.2500000000e-01
g4027,sa0,,,1.2500000000e-01
g2845_g4027_A,sa1,,,1.2500000000e-01
g5604,sa1,1,1,2.4414062500e-04
g4969_g5604_A,sa0,,,2.4414062500e-04
g5712,sa1,5,1,2.5000000000e-01
g5541,sa1,10,1,7.6293945313e-05
g4814_g5541_A,sa0,,,7.6293945313e-05
g4714,sa0,30,0,1.5251505375e-01
g4344_g4714_A,sa0,,,1.5251505375e-01
g4335_g4714_B,sa0,,,1.5251505375e-01
g4328_g4714_C,sa0,,,1.5251505375e-01
g5542,sa0,1,1,5.0000000000e-01
g5061,sa1,,,5.0000000000e-01
II9425,sa0,,,5.0000000000e-01
g3917,sa1,,,5.0000000000e-01
II7548,sa0,,,5.0000000000e-01
g3590,sa1,,,5.0000000000e-01
II7064,sa0,,,5.0000000000e-01
g2458,sa1,,,5.0000000000e-01
g30,sa0,,,5.0000000000e-01
g6018,sa1,1,1,2.4414062500e-04
g5494_g6018_A,sa0,,,2.4414062500e-04
g6415,sa0,2,1,9.7656250000e-04
g5988_g6415_A,sa0,,,9.7656250000e-04
g5367_g6415_B,sa0,,,9.7656250000e-04
g6027,sa1,1,1,4.8828125000e-04
g5384_g6027_A,sa0,,,4.8828125000e-04
g6433,sa0,6,1,4.9218750000e-01
g778_g6433_A,sa0,,,4.9218750000e-01
g6134,sa0,,,4.9218750000e-01
g5428_g6134_A,sa1,,,4.9218750000e-01
g6541,sa0,6,1,2.5000000000e-01
g6144,sa0,,,2.5000000000e-01
g3510,sa0,,,2.5000000000e-01
g2185_g3510_A,sa1,,,2.5000000000e-01
g6144,sa1,6,1,2.5000000000e-01
g4175,sa1,,,2.5000000000e-01
g5458,sa1,,,2.5000000000e-01
g4066,sa0,1,1,1.2500000000e-01
g1280_g4066_A,sa0,,,1.2500000000e-01
g3532,sa0,,,1.2500000000e-01
g2407_g3532_A,sa1,,,1.2500000000e-01
g6406,sa0,18,1,2.4951171875e-01
g154_g6406_A,sa0,,,2.4951171875e-01
g6018,sa0,,,2.4951171875e-01
g5494_g6018_A,sa1,,,2.4951171875e-01
g5425,sa0,1,1,1.2500000000e-01
g1528_g5425_A,sa0,,,1.2500000000e-01
g4916,sa0,,,1.2500000000e-01
g4202_g4916_A,sa1,,,1.2500000000e-01
g6055,sa0,6,1,1.2500000000e-01
g5239,sa0,,,1.2500000000e-01
II9746,sa0,,,1.2500000000e-01
g4826_II9746_A,sa0,,,1.2500000000e-01
II9745_II9746_B,sa0,,,1.2500000000e-01
II9747,sa0,,,1.2500000000e-01
g1549_II9747_A,sa0,,,1.2500000000e-01
II9745_II9747_B,sa0,,,1.2500000000e-01
g4202_g6055_B,sa0,,,1.2500000000e-01
g5443,sa0,1,1,1.2500000000e-01
g1549_g5443_A,sa0,,,1.2500000000e-01
g4935,sa0,,,1.2500000000e-01
g4202_g4935_A,sa1,,,1.2500000000e-01
g7026,sa1,8,1,2.5000000000e-01
g4186,sa1,,,2.5000000000e-01
g6554,sa1,,,2.5000000000e-01
g6145,sa0,4,1,2.1875000000e-01
g1489_g6145_A,sa0,,,2.1875000000e-01
g5705,sa0,,,2.1875000000e-01
g4841_g5705_A,sa1,,,2.1875000000e-01
g6154,sa0,4,1,2.1875000000e-01
g1499_g6154_A,sa0,,,2.1875000000e-01
g5713,sa0,,,2.1875000000e-01
g4841_g5713_A,sa1,,,2.1875000000e-01
g6172,sa0,4,1,2.1875000000e-01
g1514_g6172_A,sa0,,,2.1875000000e-01
g5192,sa0,,,2.1875000000e-01
g4841_g5192_A,sa1,,,2.1875000000e-01
g4065,sa1,2,1,3.9062500000e-03
II7838,sa0,,,3.9062500000e-03
g2781,sa1,,,3.9062500000e-03
g4192,sa0,1,1,1.2500000000e-01
g1126_g4192_A,sa0,,,1.2500000000e-01
g3531,sa0,,,1.2500000000e-01
g1616_g3531_A,sa1,,,1.2500000000e-01
g7503,sa1,10,1,2.5000000000e-01
g5343,sa1,4,1,1.1718750000e-01
g4690,sa1,,,1.1718750000e-01
g2862,sa1,,,1.1718750000e-01
II6578,sa0,,,1.1718750000e-01
g1603_II6578_A,sa1,,,1.1718750000e-01
g2157,sa1,1,1,5.0000000000e-01
II5897,sa0,,,5.0000000000e-01
g173,sa1,,,5.0000000000e-01
g4542,sa1,2,1,6.1035156250e-05
g2884,sa0,,,6.1035156250e-05
g2238,sa1,,,6.1035156250e-05
II5975,sa0,,,6.1035156250e-05
g381_II5975_A,sa1,,,6.1035156250e-05
g3805,sa0,2,1,5.0000000000e-01
g1752,sa1,,,5.0000000000e-01
g603,sa0,,,5.0000000000e-01
g3462,sa1,2,1,5.0000000000e-01
g1743,sa0,,,5.0000000000e-01
g598,sa1,,,5.0000000000e-01
g2761,sa0,2,1,5.0000000000e-01
g1820,sa1,,,5.0000000000e-01
g621,sa0,,,5.0000000000e-01
g8071,sa0,12,1,6.2500000000e-02
g7540,sa0,,,6.2500000000e-02
II13801,sa0,,,6.2500000000e-02
g7429_II13801_A,sa0,,,6.2500000000e-02
II13800_II13801_B,sa0,,,6.2500000000e-02
II13802,sa0,,,6.2500000000e-02
g1061_II13802_A,sa0,,,6.2500000000e-02
II13800_II13802_B,sa0,,,6.2500000000e-02
g4969_g8071_B,sa0,,,6.2500000000e-02
g4056,sa1,2,1,6.1035156250e-05
g3082,sa0,,,6.1035156250e-05
g1680,sa1,,,6.1035156250e-05
II5515,sa0,,,6.1035156250e-05
g567_II5515_A,sa1,,,6.1035156250e-05
g6108,sa1,20,1,9.7656250000e-04
g5345_g6108_A,sa0,,,9.7656250000e-04
g4524,sa1,2,1,6.1035156250e-05
g2869,sa0,,,6.1035156250e-05
g2224,sa1,,,6.1035156250e-05
II5945,sa0,,,6.1035156250e-05
g333_II5945_A,sa1,,,6.1035156250e-05
g4560,sa1,2,1,6.1035156250e-05
g2899,sa0,,,6.1035156250e-05
g2272,sa1,,,6.1035156250e-05
II6021,sa0,,,6.1035156250e-05
g495_II6021_A,sa1,,,6.1035156250e-05
g6072,sa1,20,1,9.7656250000e-04
g5345_g6072_A,sa0,,,9.7656250000e-04
g8620,sa0,2,1,6.1035156250e-05
g751,sa0,,,6.1035156250e-05
g8199_g8620_B,sa0,,,6.1035156250e-05
g8062,sa0,2,1,6.1035156250e-05
g7476_g8062_A,sa0,,,6.1035156250e-05
g7634_g8062_B,sa0,,,6.1035156250e-05
g8080,sa0,2,1,6.1035156250e-05
g7467_g8080_A,sa0,,,6.1035156250e-05
g7634_g8080_B,sa0,,,6.1035156250e-05
g9025,sa0,30,0,7.8735351563e-03
g8889,sa0,,,7.8735351563e-03
g5317_g9025_B,sa0,,,7.8735351563e-03
g5317,sa0,30,0,3.6549568176e-04
g6046,sa0,1,1,2.5000000000e-01
g1073_g6046_A,sa0,,,2.5000000000e-01
g5592,sa0,,,2.5000000000e-01
g4969_g5592_A,sa1,,,2.5000000000e-01
g9016,sa0,4,1,1.2207031250e-04
g8904,sa0,,,1.2207031250e-04
g8239_g9016_B,sa0,,,1.2207031250e-04
g9142,sa0,30,0,8.1753540039e-01
g9124,sa0,,,8.1753540039e-01
g6059,sa0,,,8.1753540039e-01
g5317_g6059_A,sa1,,,8.1753540039e-01
g9123,sa1,30,0,1.1596679688e-03
g8954,sa1,,,1.1596679688e-03
g9037,sa1,,,1.1596679688e-03
g9160,sa0,30,0,8.1753540039e-01
g9139,sa0,,,8.1753540039e-01
g6092,sa0,,,8.1753540039e-01
g5317_g6092_A,sa1,,,8.1753540039e-01
g9223,sa0,30,0,6.9131469727e-01
II15943,sa1,,,6.9131469727e-01
g9214,sa0,,,6.9131469727e-01
II15918,sa1,,,6.9131469727e-01
g9211,sa0,,,6.9131469727e-01
II15909,sa1,,,6.9131469727e-01
g9201,sa0,,,6.9131469727e-01
g9183,sa1,,,6.9131469727e-01
g9161,sa0,,,6.9131469727e-01
II15803,sa1,,,6.9131469727e-01
g9148_II15803_A,sa0,,,6.9131469727e-01
g9241,sa0,30,0,6.9226074219e-01
II15971,sa1,,,6.9226074219e-01
g9233,sa0,,,6.9226074219e-01
II15953,sa1,,,6.9226074219e-01
g9215,sa0,,,6.9226074219e-01
II15921,sa1,,,6.9226074219e-01
g9206,sa0,,,6.9226074219e-01
g9196,sa1,,,6.9226074219e-01
g9185,sa0,,,6.9226074219e-01
II15833,sa1,,,6.9226074219e-01
g9162_II15833_A,sa0,,,6.9226074219e-01
g5802,sa1,30,0,3.1463623047e-02
II10445,sa0,,,3.1463623047e-02
g5418_II10445_A,sa1,,,3.1463623047e-02
g9330,sa1,30,0,1.2207031250e-03
g9319,sa0,,,1.2207031250e-03
g9309,sa1,,,1.2207031250e-03
II16043,sa0,,,1.2207031250e-03
g9285_II16043_A,sa1,,,1.2207031250e-03
g9340,sa0,30,0,4.5410156250e-02
II16090,sa1,,,4.5410156250e-02
g9336,sa0,,,4.5410156250e-02
II16084,sa1,,,4.5410156250e-02
g9324_II16084_A,sa0,,,4.5410156250e-02
g1257,sa1,1,1,1.9531250000e-03
g1366,sa0,1,1,1.2207031250e-04
g1384,sa0,1,1,1.2207031250e-04
g1663,sa0,1,1,1.2500000000e-01
g1416_g1663_A,sa1,,,1.2500000000e-01
g4417,sa0,5,1,1.2207031250e-04
II8417,sa0,,,1.2207031250e-04
g3430_II8417_A,sa0,,,1.2207031250e-04
g3398_II8417_B,sa0,,,1.2207031250e-04
g3359_II8417_C,sa0,,,1.2207031250e-04
g2106_II8417_D,sa0,,,1.2207031250e-04
II8418,sa0,,,1.2207031250e-04
g3316_II8418_A,sa0,,,1.2207031250e-04
g3287_II8418_B,sa0,,,1.2207031250e-04
g3264_II8418_C,sa0,,,1.2207031250e-04
g3238_II8418_D,sa0,,,1.2207031250e-04
g4507,sa0,2,1,1.2207031250e-04
II8573,sa0,,,1.2207031250e-04
g3430_II8573_A,sa0,,,1.2207031250e-04
g3398_II8573_B,sa0,,,1.2207031250e-04
g3359_II8573_C,sa0,,,1.2207031250e-04
g2106_II8573_D,sa0,,,1.2207031250e-04
II8574,sa0,,,1.2207031250e-04
g3316_II8574_A,sa0,,,1.2207031250e-04
g2057_II8574_B,sa0,,,1.2207031250e-04
g2020_II8574_C,sa0,,,1.2207031250e-04
g3238_II8574_D,sa0,,,1.2207031250e-04
g4147,sa0,5,1,1.2207031250e-04
II8014,sa0,,,1.2207031250e-04
g3430_II8014_A,sa0,,,1.2207031250e-04
g3398_II8014_B,sa0,,,1.2207031250e-04
g3359_II8014_C,sa0,,,1.2207031250e-04
g3341_II8014_D,sa0,,,1.2207031250e-04
II8015,sa0,,,1.2207031250e-04
g2074_II8015_A,sa0,,,1.2207031250e-04
g2057_II8015_B,sa0,,,1.2207031250e-04
g3264_II8015_C,sa0,,,1.2207031250e-04
g3238_II8015_D,sa0,,,1.2207031250e-04
g4155,sa1,30,0,2.8944015503e-04
g4138,sa0,30,0,6.2035024166e-04
g2638,sa0,,,6.2035024166e-04
g1582,sa1,,,6.2035024166e-04
g714_g1582_A,sa0,,,6.2035024166e-04
g2634,sa0,,,6.2035024166e-04
g1578,sa1,,,6.2035024166e-04
g699_g1578_A,sa0,,,6.2035024166e-04
g4129,sa0,30,0,6.2035024166e-04
g2629,sa0,,,6.2035024166e-04
g1574,sa1,,,6.2035024166e-04
g681_g1574_A,sa0,,,6.2035024166e-04
g2621,sa0,,,6.2035024166e-04
g1567,sa1,,,6.2035024166e-04
g655_g1567_A,sa0,,,6.2035024166e-04
g4237,sa0,4,1,2.5000000000e-01
II8151,sa0,,,2.5000000000e-01
g3229_II8151_A,sa0,,,2.5000000000e-01
II8150_II8151_B,sa0,,,2.5000000000e-01
II8152,sa0,,,2.5000000000e-01
g38_II8152_A,sa0,,,2.5000000000e-01
II8150_II8152_B,sa0,,,2.5000000000e-01
g4318,sa0,24,1,2.7236938477e-02
g4363,sa0,30,0,4.5776367188e-04
II8339,sa0,,,4.5776367188e-04
g2966_II8339_A,sa0,,,4.5776367188e-04
II8338_II8339_B,sa0,,,4.5776367188e-04
II8340,sa0,,,4.5776367188e-04
g1698_II8340_A,sa0,,,4.5776367188e-04
II8338_II8340_B,sa0,,,4.5776367188e-04
g5335,sa0,1,1,5.0000000000e-01
g4677,sa1,,,5.0000000000e-01
II8932,sa0,,,5.0000000000e-01
g4096,sa1,,,5.0000000000e-01
II7911,sa0,,,5.0000000000e-01
g2767,sa1,,,5.0000000000e-01
II6509,sa0,,,5.0000000000e-01
g1684,sa1,,,5.0000000000e-01
g1,sa0,,,5.0000000000e-01
g1590,sa1,1,1,5.0000000000e-01
II5466,sa0,,,5.0000000000e-01
g926_II5466_A,sa1,,,5.0000000000e-01
g4048,sa0,1,1,1.2500000000e-01
g1288_g4048_A,sa0,,,1.2500000000e-01
g3513,sa0,,,1.2500000000e-01
g2407_g3513_A,sa1,,,1.2500000000e-01
g7071,sa1,9,1,5.0390625000e-01
g1167,sa1,1,1,5.0000000000e-01
g6270,sa1,30,0,3.3486902714e-02
g1000_g6270_A,sa1,,,3.3486902714e-02
g5335_g6270_B,sa1,,,3.3486902714e-02
g1909,sa1,,,3.3486902714e-02
g998,sa0,,,3.3486902714e-02
g6910,sa0,30,0,9.9639892578e-03
g8404,sa0,2,1,6.1035156250e-05
g710_g8404_A,sa0,,,6.1035156250e-05
g7937_g8404_B,sa0,,,6.1035156250e-05
g8323,sa0,2,1,6.1035156250e-05
g524_g8323_A,sa0,,,6.1035156250e-05
g7966_g8323_B,sa0,,,6.1035156250e-05
g8440,sa0,2,1,6.1035156250e-05
g714_g8440_A,sa0,,,6.1035156250e-05
g7937_g8440_B,sa0,,,6.1035156250e-05
II14479,sa0,8,1,2.4414062500e-04
g8611,sa0,2,1,6.1035156250e-05
g669_g8611_A,sa0,,,6.1035156250e-05
g7887_g8611_B,sa0,,,6.1035156250e-05
g8233,sa0,30,0,7.3730468750e-01
g8341,sa0,2,1,6.1035156250e-05
g501_g8341_A,sa0,,,6.1035156250e-05
g7966_g8341_B,sa0,,,6.1035156250e-05
II14758,sa0,8,1,3.6621093750e-04
II14767,sa0,8,1,4.2724609375e-04
g8701,sa0,2,1,6.1035156250e-05
g2700_g8701_A,sa0,,,6.1035156250e-05
g8363_g8701_B,sa0,,,6.1035156250e-05
g8260,sa0,2,1,6.1035156250e-05
g138_g8260_A,sa0,,,6.1035156250e-05
g8111_g8260_B,sa0,,,6.1035156250e-05
g8305,sa0,2,1,6.1035156250e-05
g362_g8305_A,sa0,,,6.1035156250e-05
g7870_g8305_B,sa0,,,6.1035156250e-05
g8314,sa0,2,1,6.1035156250e-05
g443_g8314_A,sa0,,,6.1035156250e-05
g7920_g8314_B,sa0,,,6.1035156250e-05
g8710,sa0,2,1,6.1035156250e-05
g2790_g8710_A,sa0,,,6.1035156250e-05
g8421_g8710_B,sa0,,,6.1035156250e-05
II15298,sa0,8,1,2.4414062500e-04
g8332,sa0,2,1,6.1035156250e-05
g417_g8332_A,sa0,,,6.1035156250e-05
g7920_g8332_B,sa0,,,6.1035156250e-05
g8421,sa1,30,0,5.0697326660e-03
g8017,sa0,,,5.0697326660e-03
g7692,sa1,,,5.0697326660e-03
g1528,sa0,9,1,2.5390625000e-01
g1087,sa0,3,1,2.5048828125e-01
g1537,sa0,9,1,2.5390625000e-01
g2275,sa0,2,1,1.8750000000e-01
g990_g2275_A,sa1,,,1.8750000000e-01
g1753,sa0,6,1,2.5000000000e-01
g819_g1753_A,sa0,,,2.5000000000e-01
g815_g1753_B,sa0,,,2.5000000000e-01
g1834,sa0,2,1,2.5000000000e-01
g933_g1834_A,sa0,,,2.5000000000e-01
g929_g1834_B,sa0,,,2.5000000000e-01
g3822,sa1,3,1,6.1988714151e-05
g1815,sa0,,,6.1988714151e-05
g760,sa1,,,6.1988714151e-05
g1708,sa0,1,1,5.0000000000e-01
II5552,sa1,,,5.0000000000e-01
g1284_II5552_A,sa0,,,5.0000000000e-01
g3229,sa0,2,1,6.2500000000e-02
g1728_g3229_A,sa0,,,6.2500000000e-02
g2015,sa0,,,6.2500000000e-02
g33_g2015_A,sa1,,,6.2500000000e-02
g38,sa1,1,1,5.0000000000e-01
g2454,sa1,30,0,1.6444362700e-05
II6294,sa0,,,1.6444362700e-05
g1330_II6294_A,sa1,,,1.6444362700e-05
g3732,sa1,2,1,6.2500000000e-02
g2533_g3732_A,sa0,,,6.2500000000e-02
g2517,sa1,30,0,2.7894973755e-05
II6348,sa0,,,2.7894973755e-05
g1354_II6348_A,sa1,,,2.7894973755e-05
g2481,sa1,30,0,2.7894973755e-05
II6317,sa0,,,2.7894973755e-05
g1339_II6317_A,sa1,,,2.7894973755e-05
g2743,sa0,3,1,6.1273545725e-05
g1808,sa1,,,6.1273545725e-05
g629,sa0,,,6.1273545725e-05
g2724,sa1,3,1,6.1273545725e-05
g1814,sa0,,,6.1273545725e-05
g630,sa1,,,6.1273545725e-05
g2706,sa1,3,1,6.1273545725e-05
g1821,sa0,,,6.1273545725e-05
g631,sa1,,,6.1273545725e-05
g1545,sa1,9,1,2.5390625000e-01
g4246,sa0,3,1,1.6357421875e-02
g1106_g4246_A,sa0,,,1.6357421875e-02
g3226_g4246_B,sa0,,,1.6357421875e-02
g1149,sa1,7,1,3.7500000000e-01
g4254,sa1,10,1,1.0937500000e-01
g4038,sa1,30,0,4.6875000000e-01
g1942,sa0,5,1,5.0000000000e-01
g828_g1942_A,sa1,,,5.0000000000e-01
g4344,sa1,30,0,2.8506469727e-01
g3124_g4344_A,sa0,,,2.8506469727e-01
g4335,sa1,30,0,2.7037847042e-01
g3659_g4335_A,sa0,,,2.7037847042e-01
g1509,sa1,30,0,3.2360839844e-01
g4831,sa0,30,0,5.8593750000e-02
g3635_g4831_A,sa0,,,5.8593750000e-02
g3605_g4831_B,sa0,,,5.8593750000e-02
g4220_g4831_C,sa0,,,5.8593750000e-02
g4830,sa1,30,0,1.4648437500e-02
g4821,sa1,2,1,7.8125000000e-03
g4902,sa1,30,0,9.1552734375e-04
g4911,sa1,4,1,1.9531250000e-03
g2256,sa1,18,1,2.5000000000e-01
g1324,sa0,,,2.5000000000e-01
g5461,sa0,2,1,5.0000000000e-01
g4885,sa1,,,5.0000000000e-01
g4070,sa0,,,5.0000000000e-01
II7847,sa1,,,5.0000000000e-01
g3798_II7847_A,sa0,,,5.0000000000e-01
g5470,sa0,2,1,5.0000000000e-01
g4899,sa1,,,5.0000000000e-01
g4080,sa0,,,5.0000000000e-01
II7867,sa1,,,5.0000000000e-01
g2818_II7867_A,sa0,,,5.0000000000e-01
g2562,sa1,1,1,5.0000000000e-01
g1652_g2562_A,sa0,,,5.0000000000e-01
g5550,sa1,2,1,9.7656250000e-04
II10789,sa0,12,1,1.2500000000e-01
g5512_II10789_A,sa0,,,1.2500000000e-01
g2170_II10789_B,sa0,,,1.2500000000e-01
g5514,sa1,2,1,5.0000000000e-01
g4922,sa0,,,5.0000000000e-01
g4111,sa1,,,5.0000000000e-01
II7944,sa0,,,5.0000000000e-01
g3774_II7944_A,sa1,,,5.0000000000e-01
II10888,sa0,20,1,2.5000000000e-01
g5590_II10888_A,sa0,,,2.5000000000e-01
g2259_II10888_B,sa0,,,2.5000000000e-01
g2752,sa0,1,1,5.0000000000e-01
g2389_g2752_A,sa1,,,5.0000000000e-01
g5632,sa0,30,0,9.1552734375e-04
g2276_g5632_A,sa0,,,9.1552734375e-04
g4901,sa0,,,9.1552734375e-04
g3723_g4901_A,sa0,,,9.1552734375e-04
g4288_g4901_B,sa0,,,9.1552734375e-04
II9261,sa0,,,9.1552734375e-04
g3777,sa0,,,9.1552734375e-04
g2170_g3777_A,sa1,,,9.1552734375e-04
g3764_II9261_B,sa0,,,9.1552734375e-04
g3746_II9261_C,sa0,,,9.1552734375e-04
g5515,sa0,2,1,5.0000000000e-01
g4923,sa1,,,5.0000000000e-01
g4112,sa0,,,5.0000000000e-01
II7947,sa1,,,5.0000000000e-01
g3485_II7947_A,sa0,,,5.0000000000e-01
g2734,sa0,1,1,5.0000000000e-01
g2170_g2734_A,sa1,,,5.0000000000e-01
g1519,sa0,30,0,3.1562423706e-01
g6118,sa0,6,1,6.5625000000e-01
g5549,sa1,,,6.5625000000e-01
g2935,sa1,,,6.5625000000e-01
g4712,sa1,,,6.5625000000e-01
g6252,sa1,0,1,0.0000000000e+00
g5418_g6252_A,sa0,,,0.0000000000e+00
g6163,sa0,30,0,2.3437500000e-01
g5633_g6163_A,sa0,,,2.3437500000e-01
g3716_g6163_B,sa0,,,2.3437500000e-01
II12597,sa1,1,1,4.8828125000e-04
g2536,sa0,9,1,2.5000000000e-01
g1354_g2536_A,sa1,,,2.5000000000e-01
II13587,sa1,11,1,2.4987792969e-01
g7234,sa0,30,0,3.6621093750e-03
g3757_g7234_A,sa0,,,3.6621093750e-03
g3739_g7234_B,sa0,,,3.6621093750e-03
g7050_g7234_C,sa0,,,3.6621093750e-03
g3770,sa0,,,3.6621093750e-03
g2551_g3770_A,sa1,,,3.6621093750e-03
II13686,sa1,1,1,4.8828125000e-04
II13785,sa1,2,1,1.5258789063e-05
g1069,sa0,16,1,3.7500000000e-01
g7611,sa1,30,0,1.4099121094e-02
II14838,sa1,1,1,7.6293945313e-06
g9151,sa0,30,0,7.0419311523e-01
II15819,sa1,30,0,3.7193298340e-05
II15855,sa1,30,0,2.5482606888e-01
II15864,sa1,30,0,7.1525573730e-06
II15882,sa1,30,0,7.1525573730e-06
g3430_II8005_A,sa1,2,1,1.2207031250e-04
g3430_II8014_A,sa1,5,1,1.2207031250e-04
g2074_II8020_A,sa1,16,1,1.0984949768e-04
g2020_II8072_C,sa1,20,1,1.9400957972e-03
g2020_II8090_C,sa1,16,1,1.2159347534e-04
g2020_II8432_C,sa1,10,1,9.3102455139e-05
g2011_II8326_A,sa1,30,0,2.8610229492e-05
g1817,sa0,1,1,5.0000000000e-01
II5689,sa1,,,5.0000000000e-01
g906_II5689_A,sa0,,,5.0000000000e-01
g1870,sa1,1,1,5.0000000000e-01
II5751,sa0,,,5.0000000000e-01
g963_II5751_A,sa1,,,5.0000000000e-01
g1871,sa0,1,1,5.0000000000e-01
II5754,sa1,,,5.0000000000e-01
g966_II5754_A,sa0,,,5.0000000000e-01
g2662,sa1,1,1,5.0000000000e-01
II6457,sa0,,,5.0000000000e-01
g1886,sa1,,,5.0000000000e-01
II5766,sa0,,,5.0000000000e-01
g1254_II5766_A,sa1,,,5.0000000000e-01
g3077,sa0,1,1,5.0000000000e-01
II6805,sa1,,,5.0000000000e-01
g1603_II6805_A,sa0,,,5.0000000000e-01
g3860,sa0,1,1,5.0000000000e-01
II7383,sa1,,,5.0000000000e-01
g3465,sa0,,,5.0000000000e-01
II6963,sa1,,,5.0000000000e-01
g1558_II6963_A,sa0,,,5.0000000000e-01
g4372,sa1,1,1,5.0000000000e-01
II8357,sa0,,,5.0000000000e-01
g1182_II8357_A,sa1,,,5.0000000000e-01
g4373,sa0,1,1,5.0000000000e-01
II8360,sa1,,,5.0000000000e-01
g1186_II8360_A,sa0,,,5.0000000000e-01
g4660,sa1,3,1,7.5000000000e-01
II8895,sa0,,,7.5000000000e-01
g4130,sa1,,,7.5000000000e-01
II7987,sa0,,,7.5000000000e-01
g3528,sa1,,,7.5000000000e-01
g2343,sa1,,,7.5000000000e-01
g1392,sa0,,,7.5000000000e-01
g1391,sa1,,,7.5000000000e-01
g4661,sa0,1,1,2.5000000000e-01
II8898,sa1,,,2.5000000000e-01
g4089,sa0,,,2.5000000000e-01
II7888,sa1,,,2.5000000000e-01
g3505,sa0,,,2.5000000000e-01
g5164,sa1,7,1,8.7500000000e-01
II9618,sa0,,,8.7500000000e-01
g4742,sa1,,,8.7500000000e-01
II9064,sa0,,,8.7500000000e-01
g4302,sa1,,,8.7500000000e-01
g6236,sa0,3,1,7.5000000000e-01
II11037,sa1,,,7.5000000000e-01
g5299_II11037_A,sa0,,,7.5000000000e-01
g6425,sa0,1,1,5.0000000000e-01
II11556,sa1,,,5.0000000000e-01
g6065_II11556_A,sa0,,,5.0000000000e-01
g7063,sa1,1,1,2.5000000000e-01
II12826,sa0,,,2.5000000000e-01
g6441_II12826_A,sa1,,,2.5000000000e-01
g7423,sa1,1,1,5.0000000000e-01
II13544,sa0,,,5.0000000000e-01
g1167_II13544_A,sa1,,,5.0000000000e-01
g7424,sa0,1,1,5.0000000000e-01
II13547,sa1,,,5.0000000000e-01
g1170_II13547_A,sa0,,,5.0000000000e-01
g7504,sa1,1,1,5.0000000000e-01
II13692,sa0,,,5.0000000000e-01
g7343,sa1,,,5.0000000000e-01
II13447,sa0,,,5.0000000000e-01
g7261,sa1,,,5.0000000000e-01
II13225,sa0,,,5.0000000000e-01
g7095,sa1,,,5.0000000000e-01
II12877,sa0,,,5.0000000000e-01
g6700,sa1,,,5.0000000000e-01
g6244,sa0,,,5.0000000000e-01
g5670,sa1,,,5.0000000000e-01
II10157,sa0,,,5.0000000000e-01
g5109_II10157_A,sa1,,,5.0000000000e-01
g7505,sa0,1,1,5.0000000000e-01
II13695,sa1,,,5.0000000000e-01
g7345,sa0,,,5.0000000000e-01
II13451,sa1,,,5.0000000000e-01
g7262,sa0,,,5.0000000000e-01
II13228,sa1,,,5.0000000000e-01
g6892,sa0,,,5.0000000000e-01
II12547,sa1,,,5.0000000000e-01
g6708,sa0,,,5.0000000000e-01
g6250,sa1,,,5.0000000000e-01
g5679,sa0,,,5.0000000000e-01
II10172,sa1,,,5.0000000000e-01
g4873_II10172_A,sa0,,,5.0000000000e-01
g7514,sa0,3,1,4.3750000000e-01
II13722,sa1,,,4.3750000000e-01
g7442,sa0,,,4.3750000000e-01
II13583,sa1,,,4.3750000000e-01
g7252,sa0,,,4.3750000000e-01
g3591_g7252_A,sa0,,,4.3750000000e-01
g6977,sa0,,,4.3750000000e-01
g6664_g6977_A,sa1,,,4.3750000000e-01
g7730,sa0,1,1,5.0000000000e-01
II14061,sa1,,,5.0000000000e-01
g7546,sa0,,,5.0000000000e-01
II13822,sa1,,,5.0000000000e-01
g7459,sa0,,,5.0000000000e-01
II13617,sa1,,,5.0000000000e-01
g7276,sa0,,,5.0000000000e-01
II13264,sa1,,,5.0000000000e-01
g7061,sa0,,,5.0000000000e-01
g6650,sa1,,,5.0000000000e-01
g6213,sa0,,,5.0000000000e-01
II10976,sa1,,,5.0000000000e-01
g5726_II10976_A,sa0,,,5.0000000000e-01
g8216,sa0,1,1,5.0000000000e-01
II14427,sa1,,,5.0000000000e-01
g7835,sa0,,,5.0000000000e-01
II14257,sa1,,,5.0000000000e-01
g7716,sa0,,,5.0000000000e-01
II14025,sa1,,,5.0000000000e-01
g7500,sa0,,,5.0000000000e-01
II13676,sa1,,,5.0000000000e-01
g7256,sa0,,,5.0000000000e-01
g7058,sa1,,,5.0000000000e-01
g6649,sa0,,,5.0000000000e-01
II11929,sa1,,,5.0000000000e-01
g6190_II11929_A,sa0,,,5.0000000000e-01
g8234,sa0,7,1,8.7500000000e-01
II14489,sa1,,,8.7500000000e-01
g7829_II14489_A,sa0,,,8.7500000000e-01
g9305,sa0,30,0,8.7716674805e-01
II16033,sa1,,,8.7716674805e-01
g9282_II16033_A,sa0,,,8.7716674805e-01
g9314,sa0,30,0,8.7716674805e-01
II16058,sa1,,,8.7716674805e-01
g9294_II16058_A,sa0,,,8.7716674805e-01
g6290,sa0,1,1,5.0000000000e-01
II11197,sa1,,,5.0000000000e-01
g6122,sa0,,,5.0000000000e-01
II10752,sa1,,,5.0000000000e-01
g5618_II10752_A,sa0,,,5.0000000000e-01
g6308,sa0,1,1,5.0000000000e-01
II11251,sa1,,,5.0000000000e-01
g6152,sa0,,,5.0000000000e-01
II10815,sa1,,,5.0000000000e-01
g5418_II10815_A,sa0,,,5.0000000000e-01
g6307,sa1,1,1,5.0000000000e-01
II11248,sa0,,,5.0000000000e-01
g6149,sa1,,,5.0000000000e-01
II10810,sa0,,,5.0000000000e-01
g5403_II10810_A,sa1,,,5.0000000000e-01
g5173,sa1,1,1,2.5000000000e-01
II9645,sa0,,,2.5000000000e-01
g4900,sa1,,,2.5000000000e-01
II9258,sa0,,,2.5000000000e-01
g4249,sa1,,,2.5000000000e-01
g3617_g4249_A,sa1,,,2.5000000000e-01
g1639_g4249_B,sa1,,,2.5000000000e-01
g5174,sa0,6,1,7.5000000000e-01
II9648,sa1,,,7.5000000000e-01
g4795,sa0,,,7.5000000000e-01
II9116,sa1,,,7.5000000000e-01
g4297,sa0,,,7.5000000000e-01
g7108,sa1,10,1,2.5000000000e-01
II12912,sa0,,,2.5000000000e-01
g7006,sa1,,,2.5000000000e-01
II12748,sa0,,,2.5000000000e-01
g6585,sa1,,,2.5000000000e-01
g3617_g6585_A,sa1,,,2.5000000000e-01
g6119,sa1,,,2.5000000000e-01
g7109,sa0,24,1,7.5000000000e-01
II12915,sa1,,,7.5000000000e-01
g7000,sa0,,,7.5000000000e-01
II12742,sa1,,,7.5000000000e-01
g6590,sa0,,,7.5000000000e-01
g5741,sa0,1,1,3.9062500000e-03
II10280,sa1,,,3.9062500000e-03
g5488,sa0,,,3.9062500000e-03
II9910,sa1,,,3.9062500000e-03
g4681_II9910_A,sa0,,,3.9062500000e-03
g6380,sa0,30,0,5.8593750000e-02
II11467,sa1,,,5.8593750000e-02
g6064,sa0,,,5.8593750000e-02
II10681,sa1,,,5.8593750000e-02
g5686,sa0,,,5.8593750000e-02
g5132_g5686_A,sa0,,,5.8593750000e-02
g1263_g5686_B,sa0,,,5.8593750000e-02
g5740,sa1,1,1,6.2500000000e-02
II10277,sa0,,,6.2500000000e-02
g5472,sa1,,,6.2500000000e-02
II9892,sa0,,,6.2500000000e-02
g4879,sa1,,,6.2500000000e-02
g7117,sa1,17,1,5.0000000000e-01
II12939,sa0,,,5.0000000000e-01
g7022,sa1,,,5.0000000000e-01
II12776,sa0,,,5.0000000000e-01
g6739,sa1,,,5.0000000000e-01
g4099,sa1,,,5.0000000000e-01
g6021,sa1,,,5.0000000000e-01
g7118,sa0,11,1,5.0000000000e-01
II12942,sa1,,,5.0000000000e-01
g7023,sa0,,,5.0000000000e-01
II12779,sa1,,,5.0000000000e-01
g6740,sa0,,,5.0000000000e-01
g7306,sa1,23,1,5.0000000000e-01
II13350,sa0,,,5.0000000000e-01
g7223,sa1,,,5.0000000000e-01
II13161,sa0,,,5.0000000000e-01
g7080,sa1,,,5.0000000000e-01
g4086,sa1,,,5.0000000000e-01
g6462,sa1,,,5.0000000000e-01
g7307,sa0,14,1,5.0000000000e-01
II13353,sa1,,,5.0000000000e-01
g7231,sa0,,,5.0000000000e-01
II13173,sa1,,,5.0000000000e-01
g7089,sa0,,,5.0000000000e-01
g2663,sa0,1,1,5.0000000000e-01
II6460,sa1,,,5.0000000000e-01
g2104,sa0,,,5.0000000000e-01
II5879,sa1,,,5.0000000000e-01
g1267,sa0,,,5.0000000000e-01
g2671,sa1,1,1,5.0000000000e-01
II6468,sa0,,,5.0000000000e-01
g1917,sa1,,,5.0000000000e-01
II5795,sa0,,,5.0000000000e-01
g1236_II5795_A,sa1,,,5.0000000000e-01
g2672,sa0,1,1,5.0000000000e-01
II6471,sa1,,,5.0000000000e-01
g1923,sa0,,,5.0000000000e-01
II5801,sa1,,,5.0000000000e-01
g1424_II5801_A,sa0,,,5.0000000000e-01
g5182,sa1,9,1,8.1250000000e-01
II9672,sa0,,,8.1250000000e-01
g4803,sa1,,,8.1250000000e-01
II9132,sa0,,,8.1250000000e-01
g4284,sa1,,,8.1250000000e-01
g5183,sa0,2,1,1.8750000000e-01
II9675,sa1,,,1.8750000000e-01
g4807,sa0,,,1.8750000000e-01
II9142,sa1,,,1.8750000000e-01
g4236,sa0,,,1.8750000000e-01
g3260_g4236_A,sa0,,,1.8750000000e-01
g3221,sa0,,,1.8750000000e-01
II6877,sa0,,,1.8750000000e-01
g1967_II6877_A,sa0,,,1.8750000000e-01
II6876_II6877_B,sa0,,,1.8750000000e-01
II6878,sa0,,,1.8750000000e-01
g1910_II6878_A,sa0,,,1.8750000000e-01
II6876_II6878_B,sa0,,,1.8750000000e-01
g2653,sa1,1,1,5.0000000000e-01
II6443,sa0,,,5.0000000000e-01
g1774,sa1,,,5.0000000000e-01
II5616,sa0,,,5.0000000000e-01
g979_II5616_A,sa1,,,5.0000000000e-01
g9133,sa1,30,1,9.9902343750e-01
II15773,sa0,,,9.9902343750e-01
g9126,sa1,,,9.9902343750e-01
II15756,sa0,,,9.9902343750e-01
g9081,sa1,,,9.9902343750e-01
II15635,sa0,,,9.9902343750e-01
g8976,sa1,,,9.9902343750e-01
g2654,sa0,1,1,5.0000000000e-01
II6446,sa1,,,5.0000000000e-01
g1812,sa0,,,5.0000000000e-01
II5682,sa1,,,5.0000000000e-01
g168_II5682_A,sa0,,,5.0000000000e-01
g9034,sa1,30,0,2.9251480103e-01
II15516,sa0,,,2.9251480103e-01
g8977,sa1,,,2.9251480103e-01
II15433,sa0,,,2.9251480103e-01
g8911,sa1,,,2.9251480103e-01
g8225,sa0,10,1,7.5000000000e-01
II14454,sa1,,,7.5000000000e-01
g8177,sa0,,,7.5000000000e-01
II14410,sa1,,,7.5000000000e-01
g7697,sa0,,,7.5000000000e-01
g7522,sa1,10,1,6.2500000000e-01
II13746,sa0,,,6.2500000000e-01
g7311,sa1,,,6.2500000000e-01
II13365,sa0,,,6.2500000000e-01
g7267,sa1,,,6.2500000000e-01
II13241,sa0,,,6.2500000000e-01
g7030,sa1,,,6.2500000000e-01
g7523,sa0,5,1,3.7500000000e-01
II13749,sa1,,,3.7500000000e-01
g7313,sa0,,,3.7500000000e-01
II13369,sa1,,,3.7500000000e-01
g7268,sa0,,,3.7500000000e-01
II13244,sa1,,,3.7500000000e-01
g7033,sa0,,,3.7500000000e-01
g6716,sa0,,,3.7500000000e-01
g5190,sa0,,,3.7500000000e-01
g4938_g5190_A,sa1,,,3.7500000000e-01
g8224,sa1,11,1,6.2500000000e-01
II14451,sa0,,,6.2500000000e-01
g8172,sa1,,,6.2500000000e-01
II14397,sa0,,,6.2500000000e-01
g7686,sa1,,,6.2500000000e-01
II13979,sa0,,,6.2500000000e-01
g7415,sa1,,,6.2500000000e-01
g9035,sa0,14,1,3.7500000000e-01
II15519,sa1,,,3.7500000000e-01
g9019,sa0,,,3.7500000000e-01
II15481,sa1,,,3.7500000000e-01
g8913,sa0,,,3.7500000000e-01
II15329,sa1,,,3.7500000000e-01
g8793,sa0,,,3.7500000000e-01
g8637,sa0,,,3.7500000000e-01
g5622,sa0,,,3.7500000000e-01
g4938_g5622_A,sa1,,,3.7500000000e-01
g9134,sa0,16,1,3.7500000000e-01
II15776,sa1,,,3.7500000000e-01
g9127,sa0,,,3.7500000000e-01
II15759,sa1,,,3.7500000000e-01
g9082,sa0,,,3.7500000000e-01
II15638,sa1,,,3.7500000000e-01
g8978,sa0,,,3.7500000000e-01
g8909,sa0,,,3.7500000000e-01
g5587,sa0,,,3.7500000000e-01
g4938_g5587_A,sa1,,,3.7500000000e-01
g3832,sa1,1,1,5.0000000000e-01
II7299,sa0,,,5.0000000000e-01
g2961,sa1,,,5.0000000000e-01
II6711,sa0,,,5.0000000000e-01
g1726,sa1,,,5.0000000000e-01
g158_g1726_A,sa0,,,5.0000000000e-01
g5731,sa1,3,1,6.2500000000e-01
II10250,sa0,,,6.2500000000e-01
g5268,sa1,,,6.2500000000e-01
II9788,sa0,,,6.2500000000e-01
g4711,sa1,,,6.2500000000e-01
g5732,sa0,3,1,3.7500000000e-01
II10253,sa1,,,3.7500000000e-01
g5240,sa0,,,3.7500000000e-01
II9752,sa1,,,3.7500000000e-01
g4705,sa0,,,3.7500000000e-01
g190_g4705_A,sa0,,,3.7500000000e-01
g3986,sa0,,,3.7500000000e-01
g5146,sa1,1,1,5.0000000000e-01
II9564,sa0,,,5.0000000000e-01
g4703,sa1,,,5.0000000000e-01
II8998,sa0,,,5.0000000000e-01
g4576,sa1,,,5.0000000000e-01
g2913,sa0,,,5.0000000000e-01
g2307,sa1,,,5.0000000000e-01
II6078,sa0,,,5.0000000000e-01
g95_II6078_A,sa1,,,5.0000000000e-01
g5147,sa0,1,1,5.0000000000e-01
II9567,sa1,,,5.0000000000e-01
g4693,sa0,,,5.0000000000e-01
II8974,sa1,,,5.0000000000e-01
g3871,sa0,,,5.0000000000e-01
g2953,sa1,,,5.0000000000e-01
g2373,sa0,,,5.0000000000e-01
II6217,sa1,,,5.0000000000e-01
g105_II6217_A,sa0,,,5.0000000000e-01
g5155,sa1,1,1,5.0000000000e-01
II9591,sa0,,,5.0000000000e-01
g4710,sa1,,,5.0000000000e-01
II9009,sa0,,,5.0000000000e-01
g4591,sa1,,,5.0000000000e-01
g2937,sa0,,,5.0000000000e-01
g2346,sa1,,,5.0000000000e-01
II6154,sa0,,,5.0000000000e-01
g122_II6154_A,sa1,,,5.0000000000e-01
g5156,sa0,1,1,5.0000000000e-01
II9594,sa1,,,5.0000000000e-01
g4718,sa0,,,5.0000000000e-01
II9018,sa1,,,5.0000000000e-01
g3872,sa0,,,5.0000000000e-01
g2954,sa1,,,5.0000000000e-01
g2374,sa0,,,5.0000000000e-01
II6220,sa1,,,5.0000000000e-01
g126_II6220_A,sa0,,,5.0000000000e-01
g6316,sa1,4,1,5.0000000000e-01
II11275,sa0,,,5.0000000000e-01
g5768,sa1,,,5.0000000000e-01
II10377,sa0,,,5.0000000000e-01
g5188,sa1,,,5.0000000000e-01
g5008,sa1,,,5.0000000000e-01
g4365,sa1,,,5.0000000000e-01
g4606,sa1,1,1,5.0000000000e-01
II8733,sa0,,,5.0000000000e-01
g3996,sa1,,,5.0000000000e-01
II7731,sa0,,,5.0000000000e-01
g3029_II7731_A,sa1,,,5.0000000000e-01
g6317,sa0,6,1,5.0000000000e-01
II11278,sa1,,,5.0000000000e-01
g5780,sa0,,,5.0000000000e-01
II10387,sa1,,,5.0000000000e-01
g5194,sa0,,,5.0000000000e-01
g4607,sa0,1,1,5.0000000000e-01
II8736,sa1,,,5.0000000000e-01
g4008,sa0,,,5.0000000000e-01
II7755,sa1,,,5.0000000000e-01
g3019_II7755_A,sa0,,,5.0000000000e-01
g6325,sa1,4,1,5.0000000000e-01
II11302,sa0,,,5.0000000000e-01
g5796,sa1,,,5.0000000000e-01
II10427,sa0,,,5.0000000000e-01
g5210,sa1,,,5.0000000000e-01
g5045,sa1,,,5.0000000000e-01
g4385,sa1,,,5.0000000000e-01
g4615,sa1,1,1,5.0000000000e-01
II8760,sa0,,,5.0000000000e-01
g3931,sa1,,,5.0000000000e-01
II7592,sa0,,,5.0000000000e-01
g2712_II7592_A,sa1,,,5.0000000000e-01
g6326,sa0,6,1,5.0000000000e-01
II11305,sa1,,,5.0000000000e-01
g5807,sa0,,,5.0000000000e-01
II10454,sa1,,,5.0000000000e-01
g5217,sa0,,,5.0000000000e-01
g4616,sa0,1,1,5.0000000000e-01
II8763,sa1,,,5.0000000000e-01
g3947,sa0,,,5.0000000000e-01
II7640,sa1,,,5.0000000000e-01
g3062_II7640_A,sa0,,,5.0000000000e-01
g6334,sa1,4,1,5.0000000000e-01
II11329,sa0,,,5.0000000000e-01
g5825,sa1,,,5.0000000000e-01
II10500,sa0,,,5.0000000000e-01
g5234,sa1,,,5.0000000000e-01
g5090,sa1,,,5.0000000000e-01
g4421,sa1,,,5.0000000000e-01
g4624,sa1,1,1,5.0000000000e-01
II8787,sa0,,,5.0000000000e-01
g4012,sa1,,,5.0000000000e-01
II7765,sa0,,,5.0000000000e-01
g2595_II7765_A,sa1,,,5.0000000000e-01
g6335,sa0,6,1,5.0000000000e-01
II11332,sa1,,,5.0000000000e-01
g5832,sa0,,,5.0000000000e-01
II10519,sa1,,,5.0000000000e-01
g5242,sa0,,,5.0000000000e-01
g4625,sa0,1,1,5.0000000000e-01
II8790,sa1,,,5.0000000000e-01
g4020,sa0,,,5.0000000000e-01
II7781,sa1,,,5.0000000000e-01
g2605_II7781_A,sa0,,,5.0000000000e-01
g9106,sa1,15,1,5.0000000000e-01
II15708,sa0,,,5.0000000000e-01
g9072,sa1,,,5.0000000000e-01
II15610,sa0,,,5.0000000000e-01
g8995,sa1,,,5.0000000000e-01
g8935,sa1,,,5.0000000000e-01
g8837,sa1,,,5.0000000000e-01
g9107,sa0,19,1,5.0000000000e-01
II15711,sa1,,,5.0000000000e-01
g9075,sa0,,,5.0000000000e-01
II15619,sa1,,,5.0000000000e-01
g8998,sa0,,,5.0000000000e-01
g6343,sa1,4,1,5.0000000000e-01
II11356,sa0,,,5.0000000000e-01
g5799,sa1,,,5.0000000000e-01
II10436,sa0,,,5.0000000000e-01
g5213,sa1,,,5.0000000000e-01
g5048,sa1,,,5.0000000000e-01
g4388,sa1,,,5.0000000000e-01
g4633,sa1,1,1,5.0000000000e-01
II8814,sa0,,,5.0000000000e-01
g4028,sa1,,,5.0000000000e-01
II7797,sa0,,,5.0000000000e-01
g3019_II7797_A,sa1,,,5.0000000000e-01
g6344,sa0,6,1,5.0000000000e-01
II11359,sa1,,,5.0000000000e-01
g5810,sa0,,,5.0000000000e-01
II10463,sa1,,,5.0000000000e-01
g5220,sa0,,,5.0000000000e-01
g4634,sa0,1,1,5.0000000000e-01
II8817,sa1,,,5.0000000000e-01
g3935,sa0,,,5.0000000000e-01
II7602,sa1,,,5.0000000000e-01
g2562_II7602_A,sa0,,,5.0000000000e-01
g3842,sa0,1,1,5.0000000000e-01
II7329,sa1,,,5.0000000000e-01
g2920,sa0,,,5.0000000000e-01
II6652,sa1,,,5.0000000000e-01
g2016_II6652_A,sa0,,,5.0000000000e-01
g9115,sa1,15,1,5.0000000000e-01
II15735,sa0,,,5.0000000000e-01
g9078,sa1,,,5.0000000000e-01
II15628,sa0,,,5.0000000000e-01
g9001,sa1,,,5.0000000000e-01
g8941,sa1,,,5.0000000000e-01
g8846,sa1,,,5.0000000000e-01
g9116,sa0,22,1,5.0000000000e-01
II15738,sa1,,,5.0000000000e-01
g9079,sa0,,,5.0000000000e-01
II15631,sa1,,,5.0000000000e-01
g9003,sa0,,,5.0000000000e-01
g6352,sa1,4,1,5.0000000000e-01
II11383,sa0,,,5.0000000000e-01
g5827,sa1,,,5.0000000000e-01
II10506,sa0,,,5.0000000000e-01
g5236,sa1,,,5.0000000000e-01
g5092,sa1,,,5.0000000000e-01
g4423,sa1,,,5.0000000000e-01
g4642,sa1,1,1,5.0000000000e-01
II8841,sa0,,,5.0000000000e-01
g3979,sa1,,,5.0000000000e-01
II7702,sa0,,,5.0000000000e-01
g3062_II7702_A,sa1,,,5.0000000000e-01
g6353,sa0,6,1,5.0000000000e-01
II11386,sa1,,,5.0000000000e-01
g5764,sa0,,,5.0000000000e-01
II10369,sa1,,,5.0000000000e-01
g5716,sa0,,,5.0000000000e-01
g4643,sa0,1,1,5.0000000000e-01
II8844,sa1,,,5.0000000000e-01
g3992,sa0,,,5.0000000000e-01
II7723,sa1,,,5.0000000000e-01
g3052_II7723_A,sa0,,,5.0000000000e-01
g6361,sa1,4,1,5.0000000000e-01
II11410,sa0,,,5.0000000000e-01
g5845,sa1,,,5.0000000000e-01
II10548,sa0,,,5.0000000000e-01
g5260,sa1,,,5.0000000000e-01
g5123,sa1,,,5.0000000000e-01
g4473,sa1,,,5.0000000000e-01
g4651,sa1,1,1,5.0000000000e-01
II8868,sa0,,,5.0000000000e-01
g4035,sa1,,,5.0000000000e-01
II7814,sa0,,,5.0000000000e-01
g2605_II7814_A,sa1,,,5.0000000000e-01
g6362,sa0,6,1,5.0000000000e-01
II11413,sa1,,,5.0000000000e-01
g5871,sa0,,,5.0000000000e-01
II10558,sa1,,,5.0000000000e-01
g5264,sa0,,,5.0000000000e-01
g9026,sa0,21,1,5.0000000000e-01
II15492,sa1,,,5.0000000000e-01
g8971,sa0,,,5.0000000000e-01
II15417,sa1,,,5.0000000000e-01
g8893,sa0,,,5.0000000000e-01
g3850,sa1,1,1,5.0000000000e-01
II7353,sa0,,,5.0000000000e-01
g2833,sa1,,,5.0000000000e-01
II6561,sa0,,,5.0000000000e-01
g1715_II6561_A,sa1,,,5.0000000000e-01
g3851,sa0,1,1,5.0000000000e-01
II7356,sa1,,,5.0000000000e-01
g2843,sa0,,,5.0000000000e-01
II6571,sa1,,,5.0000000000e-01
g1711_II6571_A,sa0,,,5.0000000000e-01
g6370,sa1,4,1,5.0000000000e-01
II11437,sa0,,,5.0000000000e-01
g5801,sa1,,,5.0000000000e-01
II10442,sa0,,,5.0000000000e-01
g5215,sa1,,,5.0000000000e-01
g5050,sa1,,,5.0000000000e-01
g4390,sa1,,,5.0000000000e-01
g6802,sa1,1,1,5.0000000000e-01
II12277,sa0,,,5.0000000000e-01
g6681,sa1,,,5.0000000000e-01
II11991,sa0,,,5.0000000000e-01
g5939_II11991_A,sa1,,,5.0000000000e-01
g6803,sa0,1,1,5.0000000000e-01
II12280,sa1,,,5.0000000000e-01
g6684,sa0,,,5.0000000000e-01
II11998,sa1,,,5.0000000000e-01
g5918_II11998_A,sa0,,,5.0000000000e-01
g6811,sa1,1,1,5.0000000000e-01
II12304,sa0,,,5.0000000000e-01
g6711,sa1,,,5.0000000000e-01
II12059,sa0,,,5.0000000000e-01
g5874_II12059_A,sa1,,,5.0000000000e-01
g6820,sa1,1,1,5.0000000000e-01
II12331,sa0,,,5.0000000000e-01
g6704,sa1,,,5.0000000000e-01
II12044,sa0,,,5.0000000000e-01
g5847_II12044_A,sa1,,,5.0000000000e-01
g6812,sa0,1,1,5.0000000000e-01
II12307,sa1,,,5.0000000000e-01
g6712,sa0,,,5.0000000000e-01
II12062,sa1,,,5.0000000000e-01
g5988_II12062_A,sa0,,,5.0000000000e-01
g6821,sa0,1,1,5.0000000000e-01
II12334,sa1,,,5.0000000000e-01
g6713,sa0,,,5.0000000000e-01
II12065,sa1,,,5.0000000000e-01
g5897_II12065_A,sa0,,,5.0000000000e-01
g6830,sa0,1,1,5.0000000000e-01
II12361,sa1,,,5.0000000000e-01
g6765,sa0,,,5.0000000000e-01
II12164,sa1,,,5.0000000000e-01
g5847_II12164_A,sa0,,,5.0000000000e-01
g4652,sa0,1,1,5.0000000000e-01
II8871,sa1,,,5.0000000000e-01
g3869,sa0,,,5.0000000000e-01
II7400,sa1,,,5.0000000000e-01
g3075,sa0,,,5.0000000000e-01
g2216_g3075_A,sa1,,,5.0000000000e-01
g6371,sa0,30,0,7.0031738281e-01
II11440,sa1,,,7.0031738281e-01
g6009,sa0,,,7.0031738281e-01
II10605,sa1,,,7.0031738281e-01
g5440,sa0,,,7.0031738281e-01
g7513,sa1,5,1,4.8437500000e-01
II13719,sa0,,,4.8437500000e-01
g7334,sa1,,,4.8437500000e-01
II13422,sa0,,,4.8437500000e-01
g7131,sa1,,,4.8437500000e-01
g6976,sa0,,,4.8437500000e-01
g4399,sa0,,,4.8437500000e-01
II8393,sa0,,,4.8437500000e-01
g2949_II8393_A,sa0,,,4.8437500000e-01
II8392_II8393_B,sa0,,,4.8437500000e-01
II8394,sa0,,,4.8437500000e-01
g1925_II8394_A,sa0,,,4.8437500000e-01
II8392_II8394_B,sa0,,,4.8437500000e-01
g6508,sa0,,,4.8437500000e-01
II11686,sa1,,,4.8437500000e-01
g6076_II11686_A,sa0,,,4.8437500000e-01
g2645,sa0,1,1,5.0000000000e-01
II6419,sa1,,,5.0000000000e-01
g1799,sa0,,,5.0000000000e-01
II5657,sa1,,,5.0000000000e-01
g921_II5657_A,sa0,,,5.0000000000e-01
g2644,sa1,1,1,5.0000000000e-01
II6416,sa0,,,5.0000000000e-01
g1794,sa1,,,5.0000000000e-01
II5646,sa0,,,5.0000000000e-01
g883_II5646_A,sa1,,,5.0000000000e-01
g5165,sa0,1,1,6.2500000000e-02
II9621,sa1,,,6.2500000000e-02
g4732,sa0,,,6.2500000000e-02
II9034,sa1,,,6.2500000000e-02
g4317,sa0,,,6.2500000000e-02
g878_g4317_A,sa0,,,6.2500000000e-02
g3086_g4317_B,sa0,,,6.2500000000e-02
g1857_g4317_C,sa0,,,6.2500000000e-02
g3659_g4317_D,sa0,,,6.2500000000e-02
g1357,sa1,30,0,2.5000619609e-01
g1339,sa1,30,0,2.5000417233e-01
g1348,sa1,30,0,2.3828554153e-01
g2528,sa0,1,1,5.0000000000e-01
g1260_g2528_A,sa1,,,5.0000000000e-01
g2185,sa1,20,1,4.9951171875e-01
II5914,sa0,,,4.9951171875e-01
g1097,sa1,,,4.9951171875e-01
g1655,sa0,1,1,5.0000000000e-01
g1231_g1655_A,sa1,,,5.0000000000e-01
g1960,sa1,1,1,2.5000000000e-01
g1268,sa0,,,2.5000000000e-01
g1186,sa1,1,1,5.0000000000e-01
g1934,sa0,1,1,2.5000000000e-01
g154_g1934_A,sa1,,,2.5000000000e-01
g5129,sa0,1,1,5.0000000000e-01
II9531,sa1,,,5.0000000000e-01
g4463,sa0,,,5.0000000000e-01
II8483,sa1,,,5.0000000000e-01
g3641,sa0,,,5.0000000000e-01
II7115,sa1,,,5.0000000000e-01
g2547,sa0,,,5.0000000000e-01
II6371,sa1,,,5.0000000000e-01
g33_II6371_A,sa0,,,5.0000000000e-01
g4670,sa0,1,1,5.0000000000e-01
II8925,sa1,,,5.0000000000e-01
g4482,sa0,,,5.0000000000e-01
II8520,sa1,,,5.0000000000e-01
g3652,sa0,,,5.0000000000e-01
II7132,sa1,,,5.0000000000e-01
g2554,sa0,,,5.0000000000e-01
II6376,sa1,,,5.0000000000e-01
g38_II6376_A,sa0,,,5.0000000000e-01
g4381,sa1,1,1,1.2500000000e-01
g3466_g4381_A,sa0,,,1.2500000000e-01
g6065,sa0,1,1,5.0000000000e-01
II10684,sa1,,,5.0000000000e-01
g5258,sa0,,,5.0000000000e-01
II9774,sa1,,,5.0000000000e-01
g4678,sa0,,,5.0000000000e-01
II8935,sa1,,,5.0000000000e-01
g4005,sa0,,,5.0000000000e-01
II7746,sa1,,,5.0000000000e-01
g3591_II7746_A,sa0,,,5.0000000000e-01
g5344,sa1,7,1,1.1718750000e-01
II9819,sa0,,,1.1718750000e-01
g4691,sa1,,,1.1718750000e-01
g6083,sa0,5,1,4.3750000000e-01
II10702,sa1,,,4.3750000000e-01
g5529_II10702_A,sa0,,,4.3750000000e-01
g5038,sa1,5,1,2.5000000000e-01
g4457_g5038_A,sa0,,,2.5000000000e-01
g6190,sa1,1,1,5.0000000000e-01
II10933,sa0,,,5.0000000000e-01
g5668,sa1,,,5.0000000000e-01
II10151,sa0,,,5.0000000000e-01
g5007,sa1,,,5.0000000000e-01
II9336,sa0,,,5.0000000000e-01
g4493,sa1,,,5.0000000000e-01
II8543,sa0,,,5.0000000000e-01
g2810_II8543_A,sa1,,,5.0000000000e-01
g6505,sa1,1,1,1.5625000000e-02
II11677,sa0,,,1.5625000000e-02
g6076_II11677_A,sa1,,,1.5625000000e-02
g3617,sa0,12,1,4.9987792969e-01
g1655_g3617_A,sa1,,,4.9987792969e-01
g5083,sa1,8,1,2.5000000000e-01
g4457_g5083_A,sa0,,,2.5000000000e-01
g3095,sa0,1,1,5.0000000000e-01
II6831,sa1,,,5.0000000000e-01
g2185_II6831_A,sa0,,,5.0000000000e-01
g6028,sa1,1,1,5.0000000000e-01
g5529_g6028_A,sa0,,,5.0000000000e-01
g7090,sa1,6,1,6.2500000000e-02
g6525_g7090_A,sa0,,,6.2500000000e-02
g7217,sa0,1,1,9.7656250000e-04
g1142_g7217_A,sa0,,,9.7656250000e-04
g6941_g7217_B,sa0,,,9.7656250000e-04
g7450,sa1,9,1,2.6562500000e-01
g6090,sa1,,,2.6562500000e-01
g5529_g6090_A,sa0,,,2.6562500000e-01
g7195,sa1,,,2.6562500000e-01
g3158,sa0,1,1,5.0000000000e-01
II6853,sa1,,,5.0000000000e-01
g2185_II6853_A,sa0,,,5.0000000000e-01
g6901,sa1,30,0,5.5583953857e-02
g6525_g6901_A,sa0,,,5.5583953857e-02
g6227,sa0,0,1,0.0000000000e+00
II11018,sa1,,,0.0000000000e+00
g5626,sa0,,,0.0000000000e+00
g4748_g5626_A,sa1,,,0.0000000000e+00
g1690,sa1,2,1,2.3437500000e-02
g1021_g1690_A,sa1,,,2.3437500000e-02
g1025_g1690_B,sa1,,,2.3437500000e-02
g1018_g1690_C,sa1,,,2.3437500000e-02
g2474,sa0,9,1,7.5000000000e-01
g1405_g2474_A,sa0,,,7.5000000000e-01
g1412_g2474_B,sa0,,,7.5000000000e-01
g1844,sa0,2,1,2.5000000000e-01
g792_g1844_A,sa0,,,2.5000000000e-01
g795_g1844_B,sa0,,,2.5000000000e-01
g3085,sa1,1,1,1.2500000000e-01
g1945_g3085_A,sa0,,,1.2500000000e-01
g4049,sa0,1,1,2.5000000000e-01
g141,sa0,,,2.5000000000e-01
g3514,sa0,,,2.5000000000e-01
g2424_g3514_A,sa1,,,2.5000000000e-01
g1276,sa1,1,1,5.0000000000e-01
g4067,sa0,1,1,2.5000000000e-01
g133,sa0,,,2.5000000000e-01
g3539,sa0,,,2.5000000000e-01
g2424_g3539_A,sa1,,,2.5000000000e-01
g2626,sa1,30,0,6.2035024166e-04
g1571,sa0,,,6.2035024166e-04
g669_g1571_A,sa1,,,6.2035024166e-04
g2617,sa1,30,0,6.2035024166e-04
g1565,sa0,,,6.2035024166e-04
g649_g1565_A,sa1,,,6.2035024166e-04
g2635,sa1,30,0,6.2035024166e-04
g1579,sa0,,,6.2035024166e-04
g703_g1579_A,sa1,,,6.2035024166e-04
g4193,sa0,1,1,2.5000000000e-01
g145,sa0,,,2.5000000000e-01
g2727,sa0,,,2.5000000000e-01
g2424_g2727_A,sa1,,,2.5000000000e-01
g93,sa1,1,1,2.5000000000e-01
g2149,sa1,30,0,4.7941161320e-03
II5894,sa0,,,4.7941161320e-03
g86_II5894_A,sa1,,,4.7941161320e-03
g2680,sa1,20,1,5.4931640625e-04
g1665,sa0,,,5.4931640625e-04
g1467_g1665_A,sa1,,,5.4931640625e-04
g4255,sa1,30,0,1.1718750000e-01
g2618,sa0,30,0,1.4101039618e-01
g1566,sa1,,,1.4101039618e-01
g652_g1566_A,sa0,,,1.4101039618e-01
g3563,sa0,3,1,7.8125000000e-03
g2007_g3563_A,sa1,,,7.8125000000e-03
g3707,sa0,4,1,1.5625000000e-02
g2226_g3707_A,sa1,,,1.5625000000e-02
g4355,sa0,4,1,3.7500000000e-01
g390_g4355_A,sa0,,,3.7500000000e-01
g3160_g4355_B,sa0,,,3.7500000000e-01
g4391,sa0,4,1,3.7500000000e-01
g249_g4391_A,sa0,,,3.7500000000e-01
g3097_g4391_B,sa0,,,3.7500000000e-01
g4409,sa0,4,1,3.7500000000e-01
g384_g4409_A,sa0,,,3.7500000000e-01
g3160_g4409_B,sa0,,,3.7500000000e-01
g4436,sa0,4,1,3.7500000000e-01
g492_g4436_A,sa0,,,3.7500000000e-01
g3192_g4436_B,sa0,,,3.7500000000e-01
g4454,sa0,4,1,3.7500000000e-01
g544_g4454_A,sa0,,,3.7500000000e-01
g2845_g4454_B,sa0,,,3.7500000000e-01
g4472,sa0,4,1,3.7500000000e-01
g440_g4472_A,sa0,,,3.7500000000e-01
g3160_g4472_B,sa0,,,3.7500000000e-01
g4490,sa0,4,1,3.7500000000e-01
g521_g4490_A,sa0,,,3.7500000000e-01
g3192_g4490_B,sa0,,,3.7500000000e-01
g3238,sa1,30,0,2.3788423277e-04
II6894,sa0,,,2.3788423277e-04
g1863,sa1,,,2.3788423277e-04
g68_g1863_A,sa0,,,2.3788423277e-04
g4219,sa1,5,1,9.3750000000e-02
g4228,sa1,1,1,6.2500000000e-02
g2834,sa0,17,1,2.1875000000e-01
II6564,sa1,,,2.1875000000e-01
g2073,sa0,,,2.1875000000e-01
g1254_g2073_A,sa1,,,2.1875000000e-01
g1924,sa1,15,1,2.7465820313e-04
g174_g1924_A,sa0,,,2.7465820313e-04
g4309,sa1,1,1,1.5625000000e-02
g3086,sa0,30,0,4.6668374538e-01
g1852,sa1,,,4.6668374538e-01
g887,sa0,,,4.6668374538e-01
g3904,sa1,3,1,1.8750000000e-01
g3160_g3904_A,sa0,,,1.8750000000e-01
g2770,sa1,5,1,2.4414062500e-04
g2210_g2770_A,sa0,,,2.4414062500e-04
g5048,sa0,2,1,1.2500000000e-01
g394,sa0,,,1.2500000000e-01
g3966,sa0,,,1.2500000000e-01
g3160_g3966_A,sa1,,,1.2500000000e-01
g5066,sa0,2,1,1.2500000000e-01
g395,sa0,,,1.2500000000e-01
g3978,sa0,,,1.2500000000e-01
g3160_g3978_A,sa1,,,1.2500000000e-01
g5093,sa0,2,1,1.2500000000e-01
g477,sa0,,,1.2500000000e-01
g4003,sa0,,,1.2500000000e-01
g3192_g4003_A,sa1,,,1.2500000000e-01
g4921,sa1,3,1,2.7343750000e-02
g4202_g4921_A,sa0,,,2.7343750000e-02
g4912,sa1,3,1,2.5000000000e-01
g4814,sa0,30,0,1.5220832825e-01
g150_g4814_A,sa0,,,1.5220832825e-01
g4265,sa0,,,1.5220832825e-01
g3591_g4265_A,sa1,,,1.5220832825e-01
g4058,sa0,2,1,1.2500000000e-01
g3656,sa0,,,1.2500000000e-01
II7139,sa0,,,1.2500000000e-01
g2404_II7139_A,sa0,,,1.2500000000e-01
II7138_II7139_B,sa0,,,1.2500000000e-01
II7140,sa0,,,1.2500000000e-01
g2397_II7140_A,sa0,,,1.2500000000e-01
II7138_II7140_B,sa0,,,1.2500000000e-01
g2407_g4058_B,sa0,,,1.2500000000e-01
g4741,sa1,30,0,9.8129272461e-02
g3509,sa0,1,1,1.2500000000e-01
g1637,sa0,,,1.2500000000e-01
g1087_g1637_A,sa1,,,1.2500000000e-01
g1616_g3509_B,sa0,,,1.2500000000e-01
g5605,sa1,14,1,2.5000000000e-01
g3760,sa1,30,0,2.8610229492e-05
II7232,sa1,,,2.8610229492e-05
g2367,sa1,,,2.8610229492e-05
g2352,sa1,,,2.8610229492e-05
g2378,sa1,,,2.8610229492e-05
g2330,sa1,,,2.8610229492e-05
II7233,sa1,,,2.8610229492e-05
g2315,sa1,,,2.8610229492e-05
g2385,sa1,,,2.8610229492e-05
g2294,sa1,,,2.8610229492e-05
g2395,sa1,,,2.8610229492e-05
g5623,sa1,1,1,1.5258789063e-05
g4969_g5623_A,sa0,,,1.5258789063e-05
g5453,sa0,1,1,5.0000000000e-01
g4680,sa1,,,5.0000000000e-01
II8945,sa0,,,5.0000000000e-01
g4106,sa1,,,5.0000000000e-01
II7931,sa0,,,5.0000000000e-01
g2780,sa1,,,5.0000000000e-01
II6517,sa0,,,5.0000000000e-01
g1687,sa1,,,5.0000000000e-01
g10,sa0,,,5.0000000000e-01
g4823,sa0,14,1,1.8310546875e-04
g4238,sa0,,,1.8310546875e-04
g2695_g4238_A,sa0,,,1.8310546875e-04
g2698,sa0,,,1.8310546875e-04
g1673,sa1,,,1.8310546875e-04
g1504_g1673_A,sa0,,,1.8310546875e-04
II8157,sa0,,,1.8310546875e-04
g2686_II8157_A,sa0,,,1.8310546875e-04
g2689_II8157_B,sa0,,,1.8310546875e-04
g2692_II8157_C,sa0,,,1.8310546875e-04
g4230,sa0,,,1.8310546875e-04
g2683_g4230_A,sa0,,,1.8310546875e-04
g3491,sa0,,,1.8310546875e-04
g1800,sa1,,,1.8310546875e-04
g1477_g1800_A,sa0,,,1.8310546875e-04
II8143,sa0,,,1.8310546875e-04
g2674_II8143_A,sa0,,,1.8310546875e-04
g2677_II8143_B,sa0,,,1.8310546875e-04
g2680_II8143_C,sa0,,,1.8310546875e-04
g174_g4823_C,sa0,,,1.8310546875e-04
g5713,sa1,30,0,2.6611328125e-02
g4841_g5713_A,sa0,,,2.6611328125e-02
g5191,sa1,1,1,7.8125000000e-03
g4969_g5191_A,sa0,,,7.8125000000e-03
g5614,sa1,30,0,5.7266235352e-02
g3002_g5614_A,sa1,,,5.7266235352e-02
g1590_g5614_B,sa1,,,5.7266235352e-02
g4714_g5614_C,sa1,,,5.7266235352e-02
g4714,sa1,30,0,1.0059779882e-01
g5542,sa1,1,1,5.0000000000e-01
g5061,sa0,,,5.0000000000e-01
II9425,sa1,,,5.0000000000e-01
g3917,sa0,,,5.0000000000e-01
II7548,sa1,,,5.0000000000e-01
g3590,sa0,,,5.0000000000e-01
II7064,sa1,,,5.0000000000e-01
g2458,sa0,,,5.0000000000e-01
g30,sa1,,,5.0000000000e-01
g6407,sa0,2,1,9.7656250000e-04
g5956_g6407_A,sa0,,,9.7656250000e-04
g5367_g6407_B,sa0,,,9.7656250000e-04
g6019,sa1,1,1,4.8828125000e-04
g5367_g6019_A,sa0,,,4.8828125000e-04
g6416,sa0,18,1,4.9902343750e-01
g710_g6416_A,sa0,,,4.9902343750e-01
g6026,sa0,,,4.9902343750e-01
g5384_g6026_A,sa1,,,4.9902343750e-01
g6434,sa0,9,1,4.9902343750e-01
g855_g6434_A,sa0,,,4.9902343750e-01
g6048,sa0,,,4.9902343750e-01
g5246_g6048_A,sa1,,,4.9902343750e-01
g6073,sa1,1,1,4.8828125000e-04
g5384_g6073_A,sa0,,,4.8828125000e-04
g4175,sa0,1,1,1.2500000000e-01
g1110_g4175_A,sa0,,,1.2500000000e-01
g3502,sa0,,,1.2500000000e-01
g1616_g3502_A,sa1,,,1.2500000000e-01
g3913,sa1,13,1,1.2500000000e-01
g2834_g3913_A,sa0,,,1.2500000000e-01
g6641,sa0,2,1,9.7656250000e-04
g5939_g6641_A,sa0,,,9.7656250000e-04
g5494_g6641_B,sa0,,,9.7656250000e-04
g5246,sa0,7,1,1.7089843750e-03
II9760,sa1,,,1.7089843750e-03
g4838,sa0,,,1.7089843750e-03
g4517_g4838_A,sa0,,,1.7089843750e-03
g1760_g4838_B,sa0,,,1.7089843750e-03
g6424,sa1,8,1,6.2500000000e-02
g4057,sa1,2,1,3.9062500000e-03
II7832,sa0,,,3.9062500000e-03
g2768,sa1,,,3.9062500000e-03
g3526,sa1,0,1,0.0000000000e+00
g2185_g3526_A,sa0,,,0.0000000000e+00
g5570,sa0,8,1,2.1875000000e-01
g1759,sa0,,,2.1875000000e-01
II5599,sa0,,,2.1875000000e-01
g1481_II5599_A,sa0,,,2.1875000000e-01
II5598_II5599_B,sa0,,,2.1875000000e-01
II5600,sa0,,,2.1875000000e-01
g1489_II5600_A,sa0,,,2.1875000000e-01
II5598_II5600_B,sa0,,,2.1875000000e-01
g4841_g5570_B,sa0,,,2.1875000000e-01
g7081,sa1,30,0,1.5185546875e-01
g6172,sa1,,,1.5185546875e-01
g6629,sa1,,,1.5185546875e-01
g5830,sa1,6,1,2.4609375000e-01
g5714,sa1,,,2.4609375000e-01
g5142,sa1,,,2.4609375000e-01
g5714,sa0,1,1,1.2500000000e-01
g1532_g5714_A,sa0,,,1.2500000000e-01
g4733,sa0,,,1.2500000000e-01
g4202_g4733_A,sa1,,,1.2500000000e-01
g7171,sa1,0,1,0.0000000000e+00
g7071_g7171_A,sa0,,,0.0000000000e+00
g7144,sa1,10,1,1.2500000000e-01
g6182,sa0,4,1,2.1875000000e-01
g1519_g6182_A,sa0,,,2.1875000000e-01
g5199,sa0,,,2.1875000000e-01
g4841_g5199_A,sa1,,,2.1875000000e-01
g7136,sa0,0,1,0.0000000000e+00
g4057,sa0,,,0.0000000000e+00
II7832,sa1,,,0.0000000000e+00
g2768,sa0,,,0.0000000000e+00
g1597_g2768_A,sa0,,,0.0000000000e+00
g973_g2768_B,sa0,,,0.0000000000e+00
g6953,sa0,,,0.0000000000e+00
g6745_g6953_A,sa1,,,0.0000000000e+00
g7604,sa0,2,1,1.2500000000e-01
g7456_g7604_A,sa0,,,1.2500000000e-01
g3466_g7604_B,sa0,,,1.2500000000e-01
g4841,sa0,30,0,4.3353271484e-01
g4250,sa1,,,4.3353271484e-01
II8177,sa0,,,4.3353271484e-01
g2810_II8177_A,sa1,,,4.3353271484e-01
g7540,sa1,12,1,6.2500000000e-02
g7460,sa0,4,1,1.2504577637e-01
g7172,sa1,,,1.2504577637e-01
g7092,sa0,,,1.2504577637e-01
II12866,sa1,,,1.2504577637e-01
g6483_II12866_A,sa0,,,1.2504577637e-01
g4525,sa1,2,1,6.1035156250e-05
g2870,sa0,,,6.1035156250e-05
g2225,sa1,,,6.1035156250e-05
II5948,sa0,,,6.1035156250e-05
g378_II5948_A,sa1,,,6.1035156250e-05
g49,sa0,1,1,5.0000000000e-01
g3805,sa1,2,1,5.0000000000e-01
g1752,sa0,,,5.0000000000e-01
g603,sa1,,,5.0000000000e-01
g3743,sa0,2,1,5.0000000000e-01
g1776,sa1,,,5.0000000000e-01
g608,sa0,,,5.0000000000e-01
g3761,sa0,2,1,5.0000000000e-01
g1772,sa1,,,5.0000000000e-01
g607,sa0,,,5.0000000000e-01
g2761,sa1,2,1,5.0000000000e-01
g1820,sa0,,,5.0000000000e-01
g621,sa1,,,5.0000000000e-01
g6047,sa0,4,1,2.1875000000e-01
g1477_g6047_A,sa0,,,2.1875000000e-01
g5596,sa0,,,2.1875000000e-01
g4841_g5596_A,sa1,,,2.1875000000e-01
g8512,sa1,30,0,9.1552734375e-04
g8094_g8512_A,sa0,,,9.1552734375e-04
g4561,sa1,2,1,6.1035156250e-05
g2900,sa0,,,6.1035156250e-05
g2273,sa1,,,6.1035156250e-05
II6024,sa0,,,6.1035156250e-05
g544_II6024_A,sa1,,,6.1035156250e-05
g8602,sa1,30,0,9.1552734375e-04
g8094_g8602_A,sa0,,,9.1552734375e-04
g8153,sa0,2,1,6.1035156250e-05
g852_g8153_A,sa0,,,6.1035156250e-05
g7658_g8153_B,sa0,,,6.1035156250e-05
g4543,sa1,2,1,6.1035156250e-05
g2885,sa0,,,6.1035156250e-05
g2239,sa1,,,6.1035156250e-05
II5978,sa0,,,6.1035156250e-05
g414_II5978_A,sa1,,,6.1035156250e-05
g4570,sa1,2,1,6.1035156250e-05
g2907,sa0,,,6.1035156250e-05
g2289,sa1,,,6.1035156250e-05
II6051,sa0,,,6.1035156250e-05
g440_II6051_A,sa1,,,6.1035156250e-05
g8081,sa0,2,1,6.1035156250e-05
g834_g8081_A,sa0,,,6.1035156250e-05
g7658_g8081_B,sa0,,,6.1035156250e-05
g8090,sa0,2,1,6.1035156250e-05
g843_g8090_A,sa0,,,6.1035156250e-05
g7658_g8090_B,sa0,,,6.1035156250e-05
g5317,sa1,30,0,6.7830085754e-04
g4727,sa1,,,6.7830085754e-04
g4417_g4727_A,sa1,,,6.7830085754e-04
g4172_g4727_B,sa1,,,6.7830085754e-04
g4163_g4727_C,sa1,,,6.7830085754e-04
II9029,sa1,,,6.7830085754e-04
g4504_II9029_A,sa1,,,6.7830085754e-04
g4494_II9029_B,sa1,,,6.7830085754e-04
g4430_II9029_C,sa1,,,6.7830085754e-04
g4737,sa1,,,6.7830085754e-04
g4135_g4737_A,sa1,,,6.7830085754e-04
g4529_g4737_B,sa1,,,6.7830085754e-04
g4514_g4737_C,sa1,,,6.7830085754e-04
II9047,sa1,,,6.7830085754e-04
g4155_II9047_A,sa1,,,6.7830085754e-04
g4147_II9047_B,sa1,,,6.7830085754e-04
g4139_II9047_C,sa1,,,6.7830085754e-04
g4735,sa1,,,6.7830085754e-04
g4427_g4735_A,sa1,,,6.7830085754e-04
g4414_g4735_B,sa1,,,6.7830085754e-04
g4403_g4735_C,sa1,,,6.7830085754e-04
II9041,sa1,,,6.7830085754e-04
g4483_II9041_A,sa1,,,6.7830085754e-04
g4466_II9041_B,sa1,,,6.7830085754e-04
g4445_II9041_C,sa1,,,6.7830085754e-04
g9052,sa1,20,1,9.7656250000e-04
g8728,sa1,,,9.7656250000e-04
g8733,sa1,,,9.7656250000e-04
g9014,sa1,,,9.7656250000e-04
g8679,sa1,,,9.7656250000e-04
g8493_g8679_A,sa1,,,9.7656250000e-04
g8239_g8679_B,sa1,,,9.7656250000e-04
II14831,sa1,,,9.7656250000e-04
g8483_II14831_A,sa1,,,9.7656250000e-04
g8464_II14831_B,sa1,,,9.7656250000e-04
g8514_II14831_C,sa1,,,9.7656250000e-04
g5345,sa0,30,0,6.6924095154e-04
g9124,sa1,30,0,1.2817382813e-03
g8876,sa1,,,1.2817382813e-03
g9038,sa1,,,1.2817382813e-03
g9143,sa0,30,0,8.1564331055e-01
g9122,sa0,,,8.1564331055e-01
g6089,sa0,,,8.1564331055e-01
g5317_g6089_A,sa1,,,8.1564331055e-01
g9223,sa1,30,0,9.7656250000e-04
II15943,sa0,,,9.7656250000e-04
g9214,sa1,,,9.7656250000e-04
II15918,sa0,,,9.7656250000e-04
g9211,sa1,,,9.7656250000e-04
II15909,sa0,,,9.7656250000e-04
g9201,sa1,,,9.7656250000e-04
g9183,sa0,,,9.7656250000e-04
g9161,sa1,,,9.7656250000e-04
II15803,sa0,,,9.7656250000e-04
g9148_II15803_A,sa1,,,9.7656250000e-04
g9251,sa0,30,0,3.7719726563e-01
g4748_g9251_A,sa0,,,3.7719726563e-01
g9230_g9251_B,sa0,,,3.7719726563e-01
g9241,sa1,30,0,1.1291503906e-03
II15971,sa0,,,1.1291503906e-03
g9233,sa1,,,1.1291503906e-03
II15953,sa0,,,1.1291503906e-03
g9215,sa1,,,1.1291503906e-03
II15921,sa0,,,1.1291503906e-03
g9206,sa1,,,1.1291503906e-03
g9196,sa0,,,1.1291503906e-03
g9185,sa1,,,1.1291503906e-03
II15833,sa0,,,1.1291503906e-03
g9162_II15833_A,sa1,,,1.1291503906e-03
g6217,sa1,30,0,1.2207031250e-03
g5649_g6217_A,sa0,,,1.2207031250e-03
g9331,sa1,30,0,1.3732910156e-03
g9321,sa0,,,1.3732910156e-03
g9311,sa1,,,1.3732910156e-03
II16049,sa0,,,1.3732910156e-03
g9288_II16049_A,sa1,,,1.3732910156e-03
g6226,sa1,30,0,1.3732910156e-03
g5658_g6226_A,sa0,,,1.3732910156e-03
g9340,sa1,30,0,1.4648437500e-02
II16090,sa0,,,1.4648437500e-02
g9336,sa1,,,1.4648437500e-02
II16084,sa0,,,1.4648437500e-02
g9324_II16084_A,sa1,,,1.4648437500e-02
g4526,sa0,18,1,4.9902343750e-01
g2642,sa0,,,4.9902343750e-01
g1588,sa1,,,4.9902343750e-01
g741_g1588_A,sa0,,,4.9902343750e-01
g741_g4526_B,sa0,,,4.9902343750e-01
g1367,sa0,1,1,1.2207031250e-04
g1376,sa0,1,1,1.2207031250e-04
g1385,sa0,1,1,1.2207031250e-04
g2294,sa0,30,0,2.8610229492e-05
II6065,sa0,,,2.8610229492e-05
g852_II6065_A,sa0,,,2.8610229492e-05
II6064_II6065_B,sa0,,,2.8610229492e-05
II6066,sa0,,,2.8610229492e-05
g883_II6066_A,sa0,,,2.8610229492e-05
II6064_II6066_B,sa0,,,2.8610229492e-05
g4417,sa1,30,0,7.8129768372e-04
g4507,sa1,30,0,4.3843817711e-01
g4445,sa0,16,1,1.2159347534e-04
II8455,sa0,,,1.2159347534e-04
g3430_II8455_A,sa0,,,1.2159347534e-04
g3398_II8455_B,sa0,,,1.2159347534e-04
g3359_II8455_C,sa0,,,1.2159347534e-04
g3341_II8455_D,sa0,,,1.2159347534e-04
II8456,sa0,,,1.2159347534e-04
g3316_II8456_A,sa0,,,1.2159347534e-04
g3287_II8456_B,sa0,,,1.2159347534e-04
g2020_II8456_C,sa0,,,1.2159347534e-04
g1987_II8456_D,sa0,,,1.2159347534e-04
g4427,sa0,5,1,1.2207031250e-04
II8431,sa0,,,1.2207031250e-04
g3430_II8431_A,sa0,,,1.2207031250e-04
g3398_II8431_B,sa0,,,1.2207031250e-04
g3359_II8431_C,sa0,,,1.2207031250e-04
g3341_II8431_D,sa0,,,1.2207031250e-04
II8432,sa0,,,1.2207031250e-04
g3316_II8432_A,sa0,,,1.2207031250e-04
g3287_II8432_B,sa0,,,1.2207031250e-04
g2020_II8432_C,sa0,,,1.2207031250e-04
g3238_II8432_D,sa0,,,1.2207031250e-04
g4517,sa0,10,1,1.7776489258e-03
II8593,sa0,,,1.7776489258e-03
g3430_II8593_A,sa0,,,1.7776489258e-03
g3398_II8593_B,sa0,,,1.7776489258e-03
g3359_II8593_C,sa0,,,1.7776489258e-03
g2106_II8593_D,sa0,,,1.7776489258e-03
II8594,sa0,,,1.7776489258e-03
g3316_II8594_A,sa0,,,1.7776489258e-03
g2057_II8594_B,sa0,,,1.7776489258e-03
g2020_II8594_C,sa0,,,1.7776489258e-03
g1987_II8594_D,sa0,,,1.7776489258e-03
g4139,sa0,16,1,1.2159347534e-04
II8000,sa0,,,1.2159347534e-04
g3430_II8000_A,sa0,,,1.2159347534e-04
g3398_II8000_B,sa0,,,1.2159347534e-04
g3359_II8000_C,sa0,,,1.2159347534e-04
g3341_II8000_D,sa0,,,1.2159347534e-04
II8001,sa0,,,1.2159347534e-04
g2074_II8001_A,sa0,,,1.2159347534e-04
g3287_II8001_B,sa0,,,1.2159347534e-04
g2020_II8001_C,sa0,,,1.2159347534e-04
g1987_II8001_D,sa0,,,1.2159347534e-04
g4147,sa1,30,0,8.4877014160e-04
g5057,sa0,30,0,4.5776367188e-04
g5335,sa1,1,1,5.0000000000e-01
g4677,sa0,,,5.0000000000e-01
II8932,sa1,,,5.0000000000e-01
g4096,sa0,,,5.0000000000e-01
II7911,sa1,,,5.0000000000e-01
g2767,sa0,,,5.0000000000e-01
II6509,sa1,,,5.0000000000e-01
g1684,sa0,,,5.0000000000e-01
g1,sa1,,,5.0000000000e-01
g6209,sa0,1,1,6.2500000000e-02
g6119,sa0,10,1,2.5000000000e-01
II10744,sa0,,,2.5000000000e-01
g5550_II10744_A,sa0,,,2.5000000000e-01
II10743_II10744_B,sa0,,,2.5000000000e-01
II10745,sa0,,,2.5000000000e-01
g2100_II10745_A,sa0,,,2.5000000000e-01
II10743_II10745_B,sa0,,,2.5000000000e-01
g58,sa0,30,0,2.5385893881e-01
g8009,sa0,30,0,4.4403076172e-03
g7406,sa0,1,1,1.9531250000e-03
g6452,sa0,30,0,3.5156250000e-02
g7811,sa0,10,1,1.2207031250e-04
II14238,sa1,,,1.2207031250e-04
g7608,sa0,,,1.2207031250e-04
g7367_g7608_A,sa0,,,1.2207031250e-04
g4169_g7608_B,sa0,,,1.2207031250e-04
g8018,sa0,4,1,1.2207031250e-04
II14315,sa1,,,1.2207031250e-04
g7676,sa0,,,1.2207031250e-04
g7367_g7676_A,sa0,,,1.2207031250e-04
g4216_g7676_B,sa0,,,1.2207031250e-04
g8441,sa0,2,1,6.1035156250e-05
g746_g8441_A,sa0,,,6.1035156250e-05
g8018_g8441_B,sa0,,,6.1035156250e-05
g8405,sa0,2,1,6.1035156250e-05
g741_g8405_A,sa0,,,6.1035156250e-05
g8018_g8405_B,sa0,,,6.1035156250e-05
g8513,sa0,2,1,6.1035156250e-05
g718_g8513_A,sa0,,,6.1035156250e-05
g7937_g8513_B,sa0,,,6.1035156250e-05
g8612,sa0,2,1,6.1035156250e-05
g673_g8612_A,sa0,,,6.1035156250e-05
g7887_g8612_B,sa0,,,6.1035156250e-05
g8621,sa0,2,1,6.1035156250e-05
g734_g8621_A,sa0,,,6.1035156250e-05
g7937_g8621_B,sa0,,,6.1035156250e-05
g8315,sa0,2,1,6.1035156250e-05
g4544,sa0,,,6.1035156250e-05
g2886,sa1,,,6.1035156250e-05
g2240,sa0,,,6.1035156250e-05
II5981,sa1,,,6.1035156250e-05
g459_II5981_A,sa0,,,6.1035156250e-05
g7993_g8315_B,sa0,,,6.1035156250e-05
II14759,sa0,8,1,4.2724609375e-04
g8360,sa0,0,1,0.0000000000e+00
g8342,sa0,16,1,1.2159347534e-04
g8008,sa1,,,1.2159347534e-04
g7559,sa0,,,1.2159347534e-04
g7367_g7559_A,sa0,,,1.2159347534e-04
g4155_g7559_B,sa0,,,1.2159347534e-04
g8270,sa0,2,1,6.1035156250e-05
g110_g8270_A,sa0,,,6.1035156250e-05
g8131_g8270_B,sa0,,,6.1035156250e-05
g8720,sa0,2,1,6.1035156250e-05
g3825_g8720_A,sa0,,,6.1035156250e-05
g8421_g8720_B,sa0,,,6.1035156250e-05
g8711,sa0,2,1,6.1035156250e-05
g3542_g8711_A,sa0,,,6.1035156250e-05
g8407_g8711_B,sa0,,,6.1035156250e-05
g8261,sa0,2,1,6.1035156250e-05
g174_g8261_A,sa0,,,6.1035156250e-05
g8042_g8261_B,sa0,,,6.1035156250e-05
g8306,sa0,2,1,6.1035156250e-05
g4525,sa0,,,6.1035156250e-05
g2870,sa1,,,6.1035156250e-05
g2225,sa0,,,6.1035156250e-05
II5948,sa1,,,6.1035156250e-05
g378_II5948_A,sa0,,,6.1035156250e-05
g7951_g8306_B,sa0,,,6.1035156250e-05
g8702,sa0,2,1,6.1035156250e-05
g2837_g8702_A,sa0,,,6.1035156250e-05
g8386_g8702_B,sa0,,,6.1035156250e-05
g8333,sa0,2,1,6.1035156250e-05
g563_g8333_A,sa0,,,6.1035156250e-05
g8181_g8333_B,sa0,,,6.1035156250e-05
g1528,sa1,9,1,2.5390625000e-01
g1087,sa1,3,1,2.5048828125e-01
g1439,sa0,5,1,2.5000000000e-01
g1537,sa1,9,1,2.5390625000e-01
g2555,sa0,2,1,5.0000000000e-01
g936_g2555_A,sa1,,,5.0000000000e-01
g1970,sa0,1,1,5.0000000000e-01
II5831,sa1,,,5.0000000000e-01
g1194,sa0,,,5.0000000000e-01
g2275,sa1,2,1,2.5000000000e-01
g990_g2275_A,sa0,,,2.5000000000e-01
g1753,sa1,18,1,7.5000000000e-01
g1834,sa1,6,1,7.5000000000e-01
g3815,sa0,3,1,6.1988714151e-05
g1822,sa1,,,6.1988714151e-05
g761,sa0,,,6.1988714151e-05
g1708,sa1,1,1,5.0000000000e-01
II5552,sa0,,,5.0000000000e-01
g1284_II5552_A,sa1,,,5.0000000000e-01
g1718,sa0,1,1,5.0000000000e-01
II5562,sa1,,,5.0000000000e-01
g1300_II5562_A,sa0,,,5.0000000000e-01
g1646,sa0,1,1,5.0000000000e-01
g1214_g1646_A,sa1,,,5.0000000000e-01
g3229,sa1,14,1,4.3750000000e-01
g1943,sa0,4,1,7.0312500000e-02
g1025_g1943_A,sa1,,,7.0312500000e-02
g1925,sa0,5,1,5.0000000000e-01
g825_g1925_A,sa1,,,5.0000000000e-01
g2807,sa0,3,1,6.1273545725e-05
g1782,sa1,,,6.1273545725e-05
g624,sa0,,,6.1273545725e-05
g2743,sa1,3,1,6.1273545725e-05
g1808,sa0,,,6.1273545725e-05
g629,sa1,,,6.1273545725e-05
g4246,sa1,30,0,1.5747070313e-01
g3644,sa0,2,1,4.8828125000e-03
g2131_g3644_A,sa1,,,4.8828125000e-03
g3635,sa0,3,1,6.8359375000e-03
g1949_g3635_A,sa1,,,6.8359375000e-03
g4282,sa1,6,1,9.3750000000e-02
g1942,sa1,5,1,4.8437500000e-01
g828_g1942_A,sa0,,,4.8437500000e-01
g1952,sa0,3,1,2.5000000000e-01
g1333_g1952_A,sa1,,,2.5000000000e-01
g4832,sa0,3,1,8.5449218750e-03
g1110_g4832_A,sa0,,,8.5449218750e-03
g4246_g4832_B,sa0,,,8.5449218750e-03
g5291,sa0,19,1,3.2812500000e-01
g4344_g5291_A,sa0,,,3.2812500000e-01
g5002_g5291_B,sa0,,,3.2812500000e-01
g4963_g5291_C,sa0,,,3.2812500000e-01
g4328,sa0,30,0,2.5183922052e-01
g3086_g4328_A,sa1,,,2.5183922052e-01
g4831,sa1,2,1,3.9062500000e-03
g2096,sa0,1,1,5.0000000000e-01
g1226,sa1,,,5.0000000000e-01
g2177,sa0,14,1,2.5000000000e-01
g1322,sa1,,,2.5000000000e-01
g2276,sa0,5,1,9.3750000000e-02
II6029,sa1,,,9.3750000000e-02
g1207_II6029_A,sa0,,,9.3750000000e-02
g1916,sa0,6,1,2.5000000000e-01
g775_g1916_A,sa1,,,2.5000000000e-01
g5056,sa1,30,0,4.0054321289e-05
g3556,sa1,,,4.0054321289e-05
II7036,sa0,,,4.0054321289e-05
g2454_II7036_A,sa1,,,4.0054321289e-05
g2872,sa1,,,4.0054321289e-05
II6590,sa0,,,4.0054321289e-05
g2467_II6590_A,sa1,,,4.0054321289e-05
g3938,sa1,,,4.0054321289e-05
g3914,sa0,30,0,2.8610229492e-05
II7532,sa0,,,2.8610229492e-05
g2487_II7532_A,sa0,,,2.8610229492e-05
II7531_II7532_B,sa0,,,2.8610229492e-05
II7533,sa0,,,2.8610229492e-05
g3787_II7533_A,sa0,,,2.8610229492e-05
II7531_II7533_B,sa0,,,2.8610229492e-05
g4724,sa0,3,1,3.1250000000e-02
g828_g4724_A,sa0,,,3.1250000000e-02
g4038_g4724_B,sa0,,,3.1250000000e-02
g5461,sa1,2,1,5.0000000000e-01
g4885,sa0,,,5.0000000000e-01
g4070,sa1,,,5.0000000000e-01
II7847,sa0,,,5.0000000000e-01
g3798_II7847_A,sa1,,,5.0000000000e-01
g5470,sa1,2,1,5.0000000000e-01
g4899,sa0,,,5.0000000000e-01
g4080,sa1,,,5.0000000000e-01
II7867,sa0,,,5.0000000000e-01
g2818_II7867_A,sa1,,,5.0000000000e-01
g5462,sa0,2,1,5.0000000000e-01
g4886,sa1,,,5.0000000000e-01
g4071,sa0,,,5.0000000000e-01
II7850,sa1,,,5.0000000000e-01
g2795_II7850_A,sa0,,,5.0000000000e-01
g2573,sa0,1,1,5.0000000000e-01
g1649_g2573_A,sa1,,,5.0000000000e-01
g5552,sa0,3,1,4.6386718750e-03
g1114_g5552_A,sa0,,,4.6386718750e-03
g4832_g5552_B,sa0,,,4.6386718750e-03
II10789,sa1,11,1,1.2493896484e-01
g5480,sa0,2,1,5.0000000000e-01
g4913,sa1,,,5.0000000000e-01
g4092,sa0,,,5.0000000000e-01
II7899,sa1,,,5.0000000000e-01
g3743_II7899_A,sa0,,,5.0000000000e-01
g5516,sa0,2,1,5.0000000000e-01
g4924,sa1,,,5.0000000000e-01
g4113,sa0,,,5.0000000000e-01
II7950,sa1,,,5.0000000000e-01
g2774_II7950_A,sa0,,,5.0000000000e-01
II10888,sa1,18,1,2.4951171875e-01
g3716,sa0,3,1,1.5625000000e-02
g2522_g3716_A,sa1,,,1.5625000000e-02
g5633,sa0,3,1,1.5625000000e-02
g4895_g5633_A,sa1,,,1.5625000000e-02
g5525,sa0,2,1,5.0000000000e-01
g4934,sa1,,,5.0000000000e-01
g4125,sa0,,,5.0000000000e-01
II7978,sa1,,,5.0000000000e-01
g3574_II7978_A,sa0,,,5.0000000000e-01
g2752,sa1,1,1,5.0000000000e-01
g2389_g2752_A,sa0,,,5.0000000000e-01
g5632,sa1,2,1,6.1035156250e-05
g5515,sa1,2,1,5.0000000000e-01
g4923,sa0,,,5.0000000000e-01
g4112,sa1,,,5.0000000000e-01
II7947,sa0,,,5.0000000000e-01
g3485_II7947_A,sa1,,,5.0000000000e-01
g2734,sa1,1,1,5.0000000000e-01
g2170_g2734_A,sa0,,,5.0000000000e-01
g1519,sa1,30,0,3.1562423706e-01
g6109,sa1,30,0,1.4424890280e-02
g6118,sa1,6,1,3.4375000000e-01
g5549,sa0,,,3.4375000000e-01
g1961,sa0,7,1,2.5000000000e-01
g1345_g1961_A,sa1,,,2.5000000000e-01
g6163,sa1,2,1,1.5625000000e-02
II12598,sa1,8,1,1.2451171875e-01
g6722,sa0,30,0,3.8085937500e-02
II12079,sa0,,,3.8085937500e-02
g5988_II12079_A,sa0,,,3.8085937500e-02
II12078_II12079_B,sa0,,,3.8085937500e-02
II12080,sa0,,,3.8085937500e-02
g5971_II12080_A,sa0,,,3.8085937500e-02
II12078_II12080_B,sa0,,,3.8085937500e-02
g2536,sa1,9,1,2.5000000000e-01
g1354_g2536_A,sa0,,,2.5000000000e-01
II12869,sa0,9,1,2.5000000000e-01
g2536_II12869_A,sa0,,,2.5000000000e-01
g6618_II12869_B,sa0,,,2.5000000000e-01
g7082,sa0,30,0,3.9062500000e-02
II12853,sa0,,,3.9062500000e-02
g6701_II12853_A,sa0,,,3.9062500000e-02
II12852_II12853_B,sa0,,,3.9062500000e-02
II12854,sa0,,,3.9062500000e-02
g6695_II12854_A,sa0,,,3.9062500000e-02
II12852_II12854_B,sa0,,,3.9062500000e-02
II13588,sa1,1,1,1.2207031250e-04
g7234,sa1,2,1,2.4414062500e-04
II13598,sa0,11,1,2.5000000000e-01
g2551_II13598_A,sa0,,,2.5000000000e-01
g7244_II13598_B,sa0,,,2.5000000000e-01
g7244,sa0,30,0,7.3242187500e-03
g7050_g7244_A,sa0,,,7.3242187500e-03
g3757_g7244_B,sa0,,,7.3242187500e-03
g3739_g7244_C,sa0,,,7.3242187500e-03
II13687,sa1,9,1,2.4951171875e-01
II13786,sa1,5,1,6.1035156250e-05
g1069,sa1,16,1,3.7500000000e-01
II14839,sa1,0,1,0.0000000000e+00
g9151,sa1,30,0,9.7656250000e-04
g9144,sa1,,,9.7656250000e-04
g8961,sa1,,,9.7656250000e-04
II15848,sa0,30,0,7.1525573730e-06
g9162_II15848_A,sa0,,,7.1525573730e-06
g9154_II15848_B,sa0,,,7.1525573730e-06
II15856,sa1,30,0,7.1525573730e-06
g3430_II8033_A,sa1,10,1,1.2207031250e-04
g4041_II9222_A,sa1,1,1,3.1250000000e-02
g2655,sa0,1,1,5.0000000000e-01
g2134_II7241_A,sa1,2,1,1.2500000000e-01
g1711_II7510_B,sa1,30,0,4.5776367188e-04
g3232_II8132_A,sa1,1,1,3.1250000000e-02
g2011_II8327_A,sa1,30,0,2.8610229492e-05
g4400_II9070_A,sa1,15,1,5.8593750000e-02
g1817,sa1,1,1,5.0000000000e-01
II5689,sa0,,,5.0000000000e-01
g906_II5689_A,sa1,,,5.0000000000e-01
g1871,sa1,1,1,5.0000000000e-01
II5754,sa0,,,5.0000000000e-01
g966_II5754_A,sa1,,,5.0000000000e-01
g1944,sa0,1,1,5.0000000000e-01
II5817,sa1,,,5.0000000000e-01
g1081_II5817_A,sa0,,,5.0000000000e-01
g2844,sa0,1,1,5.0000000000e-01
II6574,sa1,,,5.0000000000e-01
g576_II6574_A,sa0,,,5.0000000000e-01
g3077,sa1,1,1,5.0000000000e-01
II6805,sa0,,,5.0000000000e-01
g1603_II6805_A,sa1,,,5.0000000000e-01
g3096,sa0,1,1,5.0000000000e-01
II6834,sa1,,,5.0000000000e-01
g287_II6834_A,sa0,,,5.0000000000e-01
g3159,sa0,1,1,5.0000000000e-01
II6856,sa1,,,5.0000000000e-01
g449_II6856_A,sa0,,,5.0000000000e-01
g3860,sa1,1,1,5.0000000000e-01
II7383,sa0,,,5.0000000000e-01
g3465,sa1,,,5.0000000000e-01
II6963,sa0,,,5.0000000000e-01
g1558_II6963_A,sa1,,,5.0000000000e-01
g4373,sa1,1,1,5.0000000000e-01
II8360,sa0,,,5.0000000000e-01
g1186_II8360_A,sa1,,,5.0000000000e-01
g4661,sa1,3,1,7.5000000000e-01
II8898,sa0,,,7.5000000000e-01
g4089,sa1,,,7.5000000000e-01
II7888,sa0,,,7.5000000000e-01
g3505,sa1,,,7.5000000000e-01
g2263,sa1,,,7.5000000000e-01
g1394,sa0,,,7.5000000000e-01
g1395,sa1,,,7.5000000000e-01
g5571,sa0,1,1,5.0000000000e-01
II10032,sa1,,,5.0000000000e-01
g1236_II10032_A,sa0,,,5.0000000000e-01
g6236,sa1,1,1,2.5000000000e-01
II11037,sa0,,,2.5000000000e-01
g5299_II11037_A,sa1,,,2.5000000000e-01
g6425,sa1,1,1,5.0000000000e-01
II11556,sa0,,,5.0000000000e-01
g6065_II11556_A,sa1,,,5.0000000000e-01
g7290,sa0,30,0,2.9296875000e-02
II13302,sa1,,,2.9296875000e-02
g7164,sa0,,,2.9296875000e-02
II13066,sa1,,,2.9296875000e-02
g6957,sa0,,,2.9296875000e-02
II12672,sa1,,,2.9296875000e-02
g6473,sa0,,,2.9296875000e-02
g5269_g6473_A,sa0,,,2.9296875000e-02
g5988_g6473_B,sa0,,,2.9296875000e-02
g7424,sa1,1,1,5.0000000000e-01
II13547,sa0,,,5.0000000000e-01
g1170_II13547_A,sa1,,,5.0000000000e-01
g7425,sa0,1,1,5.0000000000e-01
II13550,sa1,,,5.0000000000e-01
g1173_II13550_A,sa0,,,5.0000000000e-01
g7505,sa1,1,1,5.0000000000e-01
II13695,sa0,,,5.0000000000e-01
g7345,sa1,,,5.0000000000e-01
II13451,sa0,,,5.0000000000e-01
g7262,sa1,,,5.0000000000e-01
II13228,sa0,,,5.0000000000e-01
g6892,sa1,,,5.0000000000e-01
II12547,sa0,,,5.0000000000e-01
g6708,sa1,,,5.0000000000e-01
g6250,sa0,,,5.0000000000e-01
g5679,sa1,,,5.0000000000e-01
II10172,sa0,,,5.0000000000e-01
g4873_II10172_A,sa1,,,5.0000000000e-01
g7506,sa0,1,1,5.0000000000e-01
II13698,sa1,,,5.0000000000e-01
g7348,sa0,,,5.0000000000e-01
II13460,sa1,,,5.0000000000e-01
g7263,sa0,,,5.0000000000e-01
II13231,sa1,,,5.0000000000e-01
g6897,sa0,,,5.0000000000e-01
II12564,sa1,,,5.0000000000e-01
g6720,sa0,,,5.0000000000e-01
g6254,sa1,,,5.0000000000e-01
g5683,sa0,,,5.0000000000e-01
II10180,sa1,,,5.0000000000e-01
g4721_II10180_A,sa0,,,5.0000000000e-01
g7514,sa1,4,1,5.6250000000e-01
II13722,sa0,,,5.6250000000e-01
g7442,sa1,,,5.6250000000e-01
II13583,sa0,,,5.6250000000e-01
g7252,sa1,,,5.6250000000e-01
g7730,sa1,1,1,5.0000000000e-01
II14061,sa0,,,5.0000000000e-01
g7546,sa1,,,5.0000000000e-01
II13822,sa0,,,5.0000000000e-01
g7459,sa1,,,5.0000000000e-01
II13617,sa0,,,5.0000000000e-01
g7276,sa1,,,5.0000000000e-01
II13264,sa0,,,5.0000000000e-01
g7061,sa1,,,5.0000000000e-01
g6650,sa0,,,5.0000000000e-01
g6213,sa1,,,5.0000000000e-01
II10976,sa0,,,5.0000000000e-01
g5726_II10976_A,sa1,,,5.0000000000e-01
g7731,sa0,3,1,7.5000000000e-01
II14064,sa1,,,7.5000000000e-01
g7556,sa0,,,7.5000000000e-01
II13846,sa1,,,7.5000000000e-01
g7487,sa0,,,7.5000000000e-01
II13649,sa1,,,7.5000000000e-01
g7281,sa0,,,7.5000000000e-01
II13277,sa1,,,7.5000000000e-01
g7078,sa0,,,7.5000000000e-01
g6683,sa1,,,7.5000000000e-01
g6237,sa0,,,7.5000000000e-01
II11040,sa1,,,7.5000000000e-01
g5299_II11040_A,sa0,,,7.5000000000e-01
g8216,sa1,1,1,5.0000000000e-01
II14427,sa0,,,5.0000000000e-01
g7835,sa1,,,5.0000000000e-01
II14257,sa0,,,5.0000000000e-01
g7716,sa1,,,5.0000000000e-01
II14025,sa0,,,5.0000000000e-01
g7500,sa1,,,5.0000000000e-01
II13676,sa0,,,5.0000000000e-01
g7256,sa1,,,5.0000000000e-01
g7058,sa0,,,5.0000000000e-01
g6649,sa1,,,5.0000000000e-01
II11929,sa0,,,5.0000000000e-01
g6190_II11929_A,sa1,,,5.0000000000e-01
g8217,sa0,1,1,5.0000000000e-01
II14430,sa1,,,5.0000000000e-01
g7836,sa0,,,5.0000000000e-01
II14260,sa1,,,5.0000000000e-01
g7717,sa0,,,5.0000000000e-01
II14028,sa1,,,5.0000000000e-01
g7501,sa0,,,5.0000000000e-01
II13679,sa1,,,5.0000000000e-01
g7259,sa0,,,5.0000000000e-01
g7060,sa1,,,5.0000000000e-01
g6654,sa0,,,5.0000000000e-01
II11942,sa1,,,5.0000000000e-01
g6015_II11942_A,sa0,,,5.0000000000e-01
g8234,sa1,1,1,1.2500000000e-01
II14489,sa0,,,1.2500000000e-01
g7829_II14489_A,sa1,,,1.2500000000e-01
g9305,sa1,30,0,1.2207031250e-03
II16033,sa0,,,1.2207031250e-03
g9282_II16033_A,sa1,,,1.2207031250e-03
g9314,sa1,30,0,1.3427734375e-03
II16058,sa0,,,1.3427734375e-03
g9294_II16058_A,sa1,,,1.3427734375e-03
g6290,sa1,1,1,5.0000000000e-01
II11197,sa0,,,5.0000000000e-01
g6122,sa1,,,5.0000000000e-01
II10752,sa0,,,5.0000000000e-01
g5618_II10752_A,sa1,,,5.0000000000e-01
g9360,sa0,30,0,7.4655151367e-01
II16116,sa1,,,7.4655151367e-01
g9350,sa0,,,7.4655151367e-01
II16100,sa1,,,7.4655151367e-01
g9338,sa0,,,7.4655151367e-01
g6291,sa0,1,1,5.0000000000e-01
II11200,sa1,,,5.0000000000e-01
g6251,sa0,,,5.0000000000e-01
II11060,sa1,,,5.0000000000e-01
g5453_II11060_A,sa0,,,5.0000000000e-01
g6308,sa1,1,1,5.0000000000e-01
II11251,sa0,,,5.0000000000e-01
g6152,sa1,,,5.0000000000e-01
II10815,sa0,,,5.0000000000e-01
g5418_II10815_A,sa1,,,5.0000000000e-01
g5174,sa1,2,1,2.5000000000e-01
II9648,sa0,,,2.5000000000e-01
g4795,sa1,,,2.5000000000e-01
II9116,sa0,,,2.5000000000e-01
g4297,sa1,,,2.5000000000e-01
g3617_g4297_A,sa1,,,2.5000000000e-01
g3602,sa1,,,2.5000000000e-01
g7109,sa1,11,1,2.5000000000e-01
II12915,sa0,,,2.5000000000e-01
g7000,sa1,,,2.5000000000e-01
II12742,sa0,,,2.5000000000e-01
g6590,sa1,,,2.5000000000e-01
g3617_g6590_A,sa1,,,2.5000000000e-01
g6153,sa1,,,2.5000000000e-01
g5741,sa1,30,0,1.1718750000e-01
II10280,sa0,,,1.1718750000e-01
g5488,sa1,,,1.1718750000e-01
II9910,sa0,,,1.1718750000e-01
g4681_II9910_A,sa1,,,1.1718750000e-01
g7119,sa0,5,1,2.5000000000e-01
II12945,sa1,,,2.5000000000e-01
g7066,sa0,,,2.5000000000e-01
II12839,sa1,,,2.5000000000e-01
g6630,sa0,,,2.5000000000e-01
II11884,sa1,,,2.5000000000e-01
g6091,sa0,,,2.5000000000e-01
g5712,sa0,,,2.5000000000e-01
II10224,sa0,,,2.5000000000e-01
g2522_II10224_A,sa0,,,2.5000000000e-01
II10223_II10224_B,sa0,,,2.5000000000e-01
II10225,sa0,,,2.5000000000e-01
g4895_II10225_A,sa0,,,2.5000000000e-01
II10223_II10225_B,sa0,,,2.5000000000e-01
g5038,sa0,,,2.5000000000e-01
g4457_g5038_A,sa1,,,2.5000000000e-01
g6380,sa1,1,1,1.9531250000e-03
II11467,sa0,,,1.9531250000e-03
g6064,sa1,,,1.9531250000e-03
II10681,sa0,,,1.9531250000e-03
g5686,sa1,,,1.9531250000e-03
g6381,sa0,30,0,5.8593750000e-02
II11470,sa1,,,5.8593750000e-02
g6095,sa0,,,5.8593750000e-02
II10719,sa1,,,5.8593750000e-02
g5559,sa0,,,5.8593750000e-02
g5132_g5559_A,sa0,,,5.8593750000e-02
g1257_g5559_B,sa0,,,5.8593750000e-02
g5175,sa0,30,0,1.1718750000e-01
II9651,sa1,,,1.1718750000e-01
g4805,sa0,,,1.1718750000e-01
II9136,sa1,,,1.1718750000e-01
g4280,sa0,,,1.1718750000e-01
g5742,sa0,3,1,5.0000000000e-01
II10283,sa1,,,5.0000000000e-01
g5643,sa0,,,5.0000000000e-01
II10128,sa1,,,5.0000000000e-01
g4688,sa0,,,5.0000000000e-01
g7118,sa1,19,1,5.0000000000e-01
II12942,sa0,,,5.0000000000e-01
g7023,sa1,,,5.0000000000e-01
II12779,sa0,,,5.0000000000e-01
g6740,sa1,,,5.0000000000e-01
g4100,sa1,,,5.0000000000e-01
g6022,sa1,,,5.0000000000e-01
g7307,sa1,25,1,5.0000000000e-01
II13353,sa0,,,5.0000000000e-01
g7231,sa1,,,5.0000000000e-01
II13173,sa0,,,5.0000000000e-01
g7089,sa1,,,5.0000000000e-01
g4128,sa1,,,5.0000000000e-01
g6474,sa1,,,5.0000000000e-01
g7308,sa0,2,1,2.5003051758e-01
II13356,sa1,,,2.5003051758e-01
g7221,sa0,,,2.5003051758e-01
II13157,sa1,,,2.5003051758e-01
g6997,sa0,,,2.5003051758e-01
II12737,sa1,,,2.5003051758e-01
g6460,sa0,,,2.5003051758e-01
g6178,sa0,,,2.5003051758e-01
g2205,sa0,,,2.5003051758e-01
g13_g2205_A,sa1,,,2.5003051758e-01
g5568,sa0,,,2.5003051758e-01
g2044_g5568_A,sa0,,,2.5003051758e-01
g4902,sa0,,,2.5003051758e-01
g4304,sa0,,,2.5003051758e-01
g2784_g4304_A,sa0,,,2.5003051758e-01
g3779,sa0,,,2.5003051758e-01
g2511_g3779_A,sa1,,,2.5003051758e-01
g2770_g4902_B,sa0,,,2.5003051758e-01
g2746_g4902_C,sa0,,,2.5003051758e-01
g2728_g4902_D,sa0,,,2.5003051758e-01
g4320_g5568_C,sa0,,,2.5003051758e-01
g2424_g6460_B,sa0,,,2.5003051758e-01
g2663,sa1,1,1,5.0000000000e-01
II6460,sa0,,,5.0000000000e-01
g2104,sa1,,,5.0000000000e-01
II5879,sa0,,,5.0000000000e-01
g1267,sa1,,,5.0000000000e-01
g2664,sa0,1,1,5.0000000000e-01
II6463,sa1,,,5.0000000000e-01
g1769,sa0,,,5.0000000000e-01
II5609,sa1,,,5.0000000000e-01
g16_II5609_A,sa0,,,5.0000000000e-01
g4662,sa0,1,1,5.0000000000e-01
II8901,sa1,,,5.0000000000e-01
g4122,sa0,,,5.0000000000e-01
II7973,sa1,,,5.0000000000e-01
g3071_II7973_A,sa0,,,5.0000000000e-01
g3861,sa0,3,1,7.5000000000e-01
II7386,sa1,,,7.5000000000e-01
g3013,sa0,,,7.5000000000e-01
II6764,sa1,,,7.5000000000e-01
g1955_II6764_A,sa0,,,7.5000000000e-01
g6390,sa0,1,1,5.0000000000e-01
II11497,sa1,,,5.0000000000e-01
g6014,sa0,,,5.0000000000e-01
II10614,sa1,,,5.0000000000e-01
g5302_II10614_A,sa0,,,5.0000000000e-01
g2672,sa1,1,1,5.0000000000e-01
II6471,sa0,,,5.0000000000e-01
g1923,sa1,,,5.0000000000e-01
II5801,sa0,,,5.0000000000e-01
g1424_II5801_A,sa1,,,5.0000000000e-01
g2673,sa0,1,1,5.0000000000e-01
II6474,sa1,,,5.0000000000e-01
g1941,sa0,,,5.0000000000e-01
II5812,sa1,,,5.0000000000e-01
g1243,sa0,,,5.0000000000e-01
g8226,sa0,30,0,4.7164916992e-01
II14457,sa1,,,4.7164916992e-01
g8093,sa0,,,4.7164916992e-01
II14370,sa1,,,4.7164916992e-01
g7603,sa0,,,4.7164916992e-01
II13940,sa1,,,4.7164916992e-01
g7355,sa0,,,4.7164916992e-01
II13481,sa1,,,4.7164916992e-01
g7254,sa0,,,4.7164916992e-01
g9036,sa0,30,0,3.9980316162e-01
II15522,sa1,,,3.9980316162e-01
g9018,sa0,,,3.9980316162e-01
II15478,sa1,,,3.9980316162e-01
g8910,sa0,,,3.9980316162e-01
II15324,sa1,,,3.9980316162e-01
g8779,sa0,,,3.9980316162e-01
g8634,sa0,,,3.9980316162e-01
g7037,sa0,,,3.9980316162e-01
g6525_g7037_A,sa1,,,3.9980316162e-01
g5183,sa1,8,1,8.1250000000e-01
II9675,sa0,,,8.1250000000e-01
g4807,sa1,,,8.1250000000e-01
II9142,sa0,,,8.1250000000e-01
g4236,sa1,,,8.1250000000e-01
g5184,sa0,9,1,7.5000000000e-01
II9678,sa1,,,7.5000000000e-01
g4808,sa0,,,7.5000000000e-01
II9145,sa1,,,7.5000000000e-01
g4264,sa0,,,7.5000000000e-01
g7515,sa0,2,1,1.8750000000e-01
II13725,sa1,,,1.8750000000e-01
g7437,sa0,,,1.8750000000e-01
II13570,sa1,,,1.8750000000e-01
g7198,sa0,,,1.8750000000e-01
II13126,sa1,,,1.8750000000e-01
g6949,sa0,,,1.8750000000e-01
g5483,sa0,,,1.8750000000e-01
g6589,sa0,,,1.8750000000e-01
g6083_g6589_A,sa1,,,1.8750000000e-01
g2654,sa1,1,1,5.0000000000e-01
II6446,sa0,,,5.0000000000e-01
g1812,sa1,,,5.0000000000e-01
II5682,sa0,,,5.0000000000e-01
g168_II5682_A,sa1,,,5.0000000000e-01
g8225,sa1,9,1,2.5000000000e-01
II14454,sa0,,,2.5000000000e-01
g8177,sa1,,,2.5000000000e-01
II14410,sa0,,,2.5000000000e-01
g7697,sa1,,,2.5000000000e-01
g7419,sa1,,,2.5000000000e-01
g3187,sa1,,,2.5000000000e-01
II6860,sa0,,,2.5000000000e-01
g2185_II6860_A,sa1,,,2.5000000000e-01
g7523,sa1,12,1,6.2500000000e-01
II13749,sa0,,,6.2500000000e-01
g7313,sa1,,,6.2500000000e-01
II13369,sa0,,,6.2500000000e-01
g7268,sa1,,,6.2500000000e-01
II13244,sa0,,,6.2500000000e-01
g7033,sa1,,,6.2500000000e-01
g7524,sa0,6,1,3.7500000000e-01
II13752,sa1,,,3.7500000000e-01
g7315,sa0,,,3.7500000000e-01
II13373,sa1,,,3.7500000000e-01
g7270,sa0,,,3.7500000000e-01
II13250,sa1,,,3.7500000000e-01
g7036,sa0,,,3.7500000000e-01
g6728,sa0,,,3.7500000000e-01
g5197,sa0,,,3.7500000000e-01
g4938_g5197_A,sa1,,,3.7500000000e-01
g9035,sa1,15,1,6.2500000000e-01
II15519,sa0,,,6.2500000000e-01
g9019,sa1,,,6.2500000000e-01
II15481,sa0,,,6.2500000000e-01
g8913,sa1,,,6.2500000000e-01
II15329,sa0,,,6.2500000000e-01
g8793,sa1,,,6.2500000000e-01
g9117,sa0,15,1,3.7500000000e-01
II15741,sa1,,,3.7500000000e-01
g9083,sa0,,,3.7500000000e-01
II15641,sa1,,,3.7500000000e-01
g9017,sa0,,,3.7500000000e-01
II15475,sa1,,,3.7500000000e-01
g8901,sa0,,,3.7500000000e-01
g8804,sa0,,,3.7500000000e-01
g5631,sa0,,,3.7500000000e-01
g4938_g5631_A,sa1,,,3.7500000000e-01
g9134,sa1,17,1,6.2500000000e-01
II15776,sa0,,,6.2500000000e-01
g9127,sa1,,,6.2500000000e-01
II15759,sa0,,,6.2500000000e-01
g9082,sa1,,,6.2500000000e-01
II15638,sa0,,,6.2500000000e-01
g8978,sa1,,,6.2500000000e-01
g5732,sa1,3,1,6.2500000000e-01
II10253,sa0,,,6.2500000000e-01
g5240,sa1,,,6.2500000000e-01
II9752,sa0,,,6.2500000000e-01
g4705,sa1,,,6.2500000000e-01
g3834,sa0,1,1,5.0000000000e-01
II7305,sa1,,,5.0000000000e-01
g3048,sa0,,,5.0000000000e-01
II6784,sa1,,,5.0000000000e-01
g2052_II6784_A,sa0,,,5.0000000000e-01
g5733,sa0,3,1,3.7500000000e-01
II10256,sa1,,,3.7500000000e-01
g5401,sa0,,,3.7500000000e-01
II9845,sa1,,,3.7500000000e-01
g4728,sa0,,,3.7500000000e-01
g190_g4728_A,sa0,,,3.7500000000e-01
g4179,sa0,,,3.7500000000e-01
g7740,sa0,13,1,5.0000000000e-01
II14091,sa1,,,5.0000000000e-01
g7589,sa0,,,5.0000000000e-01
II13912,sa1,,,5.0000000000e-01
g7359,sa0,,,5.0000000000e-01
II13493,sa1,,,5.0000000000e-01
g7132,sa0,,,5.0000000000e-01
II12980,sa1,,,5.0000000000e-01
g6929,sa0,,,5.0000000000e-01
g6309,sa0,1,1,5.0000000000e-01
II11254,sa1,,,5.0000000000e-01
g5793,sa0,,,5.0000000000e-01
II10418,sa1,,,5.0000000000e-01
g5453_II10418_A,sa0,,,5.0000000000e-01
g5157,sa0,1,1,5.0000000000e-01
II9597,sa1,,,5.0000000000e-01
g4738,sa0,,,5.0000000000e-01
II9050,sa1,,,5.0000000000e-01
g3881,sa0,,,5.0000000000e-01
g2969,sa1,,,5.0000000000e-01
g2393,sa0,,,5.0000000000e-01
II6267,sa1,,,5.0000000000e-01
g100_II6267_A,sa0,,,5.0000000000e-01
g5147,sa1,1,1,5.0000000000e-01
II9567,sa0,,,5.0000000000e-01
g4693,sa1,,,5.0000000000e-01
II8974,sa0,,,5.0000000000e-01
g3871,sa1,,,5.0000000000e-01
g2953,sa0,,,5.0000000000e-01
g2373,sa1,,,5.0000000000e-01
II6217,sa0,,,5.0000000000e-01
g105_II6217_A,sa1,,,5.0000000000e-01
g5148,sa0,1,1,5.0000000000e-01
II9570,sa1,,,5.0000000000e-01
g4696,sa0,,,5.0000000000e-01
II8983,sa1,,,5.0000000000e-01
g4536,sa0,,,5.0000000000e-01
g2877,sa1,,,5.0000000000e-01
g2232,sa0,,,5.0000000000e-01
II5957,sa1,,,5.0000000000e-01
g110_II5957_A,sa0,,,5.0000000000e-01
g5156,sa1,1,1,5.0000000000e-01
II9594,sa0,,,5.0000000000e-01
g4718,sa1,,,5.0000000000e-01
II9018,sa0,,,5.0000000000e-01
g3872,sa1,,,5.0000000000e-01
g2954,sa0,,,5.0000000000e-01
g2374,sa1,,,5.0000000000e-01
II6220,sa0,,,5.0000000000e-01
g126_II6220_A,sa1,,,5.0000000000e-01
g9090,sa0,18,1,5.0000000000e-01
II15660,sa1,,,5.0000000000e-01
g9062,sa0,,,5.0000000000e-01
II15580,sa1,,,5.0000000000e-01
g8985,sa0,,,5.0000000000e-01
g6317,sa1,4,1,5.0000000000e-01
II11278,sa0,,,5.0000000000e-01
g5780,sa1,,,5.0000000000e-01
II10387,sa0,,,5.0000000000e-01
g5194,sa1,,,5.0000000000e-01
g5018,sa1,,,5.0000000000e-01
g4367,sa1,,,5.0000000000e-01
g4607,sa1,1,1,5.0000000000e-01
II8736,sa0,,,5.0000000000e-01
g4008,sa1,,,5.0000000000e-01
II7755,sa0,,,5.0000000000e-01
g3019_II7755_A,sa1,,,5.0000000000e-01
g6318,sa0,6,1,5.0000000000e-01
II11281,sa1,,,5.0000000000e-01
g5785,sa0,,,5.0000000000e-01
II10400,sa1,,,5.0000000000e-01
g5201,sa0,,,5.0000000000e-01
g4608,sa0,1,1,5.0000000000e-01
II8739,sa1,,,5.0000000000e-01
g3910,sa0,,,5.0000000000e-01
II7523,sa1,,,5.0000000000e-01
g2562_II7523_A,sa0,,,5.0000000000e-01
g6326,sa1,4,1,5.0000000000e-01
II11305,sa0,,,5.0000000000e-01
g5807,sa1,,,5.0000000000e-01
II10454,sa0,,,5.0000000000e-01
g5217,sa1,,,5.0000000000e-01
g5063,sa1,,,5.0000000000e-01
g4392,sa1,,,5.0000000000e-01
g4616,sa1,1,1,5.0000000000e-01
II8763,sa0,,,5.0000000000e-01
g3947,sa1,,,5.0000000000e-01
II7640,sa0,,,5.0000000000e-01
g3062_II7640_A,sa1,,,5.0000000000e-01
g6327,sa0,6,1,5.0000000000e-01
II11308,sa1,,,5.0000000000e-01
g5759,sa0,,,5.0000000000e-01
II10350,sa1,,,5.0000000000e-01
g5707,sa0,,,5.0000000000e-01
g4617,sa0,1,1,5.0000000000e-01
II8766,sa1,,,5.0000000000e-01
g3960,sa0,,,5.0000000000e-01
II7667,sa1,,,5.0000000000e-01
g3052_II7667_A,sa0,,,5.0000000000e-01
g6335,sa1,4,1,5.0000000000e-01
II11332,sa0,,,5.0000000000e-01
g5832,sa1,,,5.0000000000e-01
II10519,sa0,,,5.0000000000e-01
g5242,sa1,,,5.0000000000e-01
g5105,sa1,,,5.0000000000e-01
g4434,sa1,,,5.0000000000e-01
g4625,sa1,1,1,5.0000000000e-01
II8790,sa0,,,5.0000000000e-01
g4020,sa1,,,5.0000000000e-01
II7781,sa0,,,5.0000000000e-01
g2605_II7781_A,sa1,,,5.0000000000e-01
g6336,sa0,6,1,5.0000000000e-01
II11335,sa1,,,5.0000000000e-01
g5839,sa0,,,5.0000000000e-01
II10532,sa1,,,5.0000000000e-01
g5253,sa0,,,5.0000000000e-01
g9107,sa1,15,1,5.0000000000e-01
II15711,sa0,,,5.0000000000e-01
g9075,sa1,,,5.0000000000e-01
II15619,sa0,,,5.0000000000e-01
g8998,sa1,,,5.0000000000e-01
g8938,sa1,,,5.0000000000e-01
g8842,sa1,,,5.0000000000e-01
g9108,sa0,19,1,5.0000000000e-01
II15714,sa1,,,5.0000000000e-01
g9077,sa0,,,5.0000000000e-01
II15625,sa1,,,5.0000000000e-01
g9000,sa0,,,5.0000000000e-01
g4626,sa0,1,1,5.0000000000e-01
II8793,sa1,,,5.0000000000e-01
g3923,sa0,,,5.0000000000e-01
II7564,sa1,,,5.0000000000e-01
g2752_II7564_A,sa0,,,5.0000000000e-01
g6344,sa1,4,1,5.0000000000e-01
II11359,sa0,,,5.0000000000e-01
g5810,sa1,,,5.0000000000e-01
II10463,sa0,,,5.0000000000e-01
g5220,sa1,,,5.0000000000e-01
g5066,sa1,,,5.0000000000e-01
g4395,sa1,,,5.0000000000e-01
g4634,sa1,1,1,5.0000000000e-01
II8817,sa0,,,5.0000000000e-01
g3935,sa1,,,5.0000000000e-01
II7602,sa0,,,5.0000000000e-01
g2562_II7602_A,sa1,,,5.0000000000e-01
g6345,sa0,6,1,5.0000000000e-01
II11362,sa1,,,5.0000000000e-01
g5821,sa0,,,5.0000000000e-01
II10488,sa1,,,5.0000000000e-01
g5230,sa0,,,5.0000000000e-01
g4635,sa0,1,1,5.0000000000e-01
II8820,sa1,,,5.0000000000e-01
g3952,sa0,,,5.0000000000e-01
II7651,sa1,,,5.0000000000e-01
g2573_II7651_A,sa0,,,5.0000000000e-01
g3842,sa1,1,1,5.0000000000e-01
II7329,sa0,,,5.0000000000e-01
g2920,sa1,,,5.0000000000e-01
II6652,sa0,,,5.0000000000e-01
g2016_II6652_A,sa1,,,5.0000000000e-01
g9116,sa1,15,1,5.0000000000e-01
II15738,sa0,,,5.0000000000e-01
g9079,sa1,,,5.0000000000e-01
II15631,sa0,,,5.0000000000e-01
g9003,sa1,,,5.0000000000e-01
g8943,sa1,,,5.0000000000e-01
g8849,sa1,,,5.0000000000e-01
g6353,sa1,4,1,5.0000000000e-01
II11386,sa0,,,5.0000000000e-01
g5764,sa1,,,5.0000000000e-01
II10369,sa0,,,5.0000000000e-01
g5716,sa1,,,5.0000000000e-01
g4962,sa1,,,5.0000000000e-01
g4356,sa1,,,5.0000000000e-01
g4643,sa1,1,1,5.0000000000e-01
II8844,sa0,,,5.0000000000e-01
g3992,sa1,,,5.0000000000e-01
II7723,sa0,,,5.0000000000e-01
g3052_II7723_A,sa1,,,5.0000000000e-01
g6354,sa0,6,1,5.0000000000e-01
II11389,sa1,,,5.0000000000e-01
g5766,sa0,,,5.0000000000e-01
II10373,sa1,,,5.0000000000e-01
g5722,sa0,,,5.0000000000e-01
g4644,sa0,1,1,5.0000000000e-01
II8847,sa1,,,5.0000000000e-01
g4025,sa0,,,5.0000000000e-01
II7792,sa1,,,5.0000000000e-01
g3038_II7792_A,sa0,,,5.0000000000e-01
g6362,sa1,4,1,5.0000000000e-01
II11413,sa0,,,5.0000000000e-01
g5871,sa1,,,5.0000000000e-01
II10558,sa0,,,5.0000000000e-01
g5264,sa1,,,5.0000000000e-01
g5125,sa1,,,5.0000000000e-01
g4490,sa1,,,5.0000000000e-01
g6363,sa0,6,1,5.0000000000e-01
II11416,sa1,,,5.0000000000e-01
g5829,sa0,,,5.0000000000e-01
II10512,sa1,,,5.0000000000e-01
g5238,sa0,,,5.0000000000e-01
g9026,sa1,15,1,5.0000000000e-01
II15492,sa0,,,5.0000000000e-01
g8971,sa1,,,5.0000000000e-01
II15417,sa0,,,5.0000000000e-01
g8893,sa1,,,5.0000000000e-01
g8814,sa1,,,5.0000000000e-01
g8643,sa1,,,5.0000000000e-01
g9027,sa0,22,1,5.0000000000e-01
II15495,sa1,,,5.0000000000e-01
g8973,sa0,,,5.0000000000e-01
II15423,sa1,,,5.0000000000e-01
g8894,sa0,,,5.0000000000e-01
g3851,sa1,1,1,5.0000000000e-01
II7356,sa0,,,5.0000000000e-01
g2843,sa1,,,5.0000000000e-01
II6571,sa0,,,5.0000000000e-01
g1711_II6571_A,sa1,,,5.0000000000e-01
g3852,sa0,1,1,5.0000000000e-01
II7359,sa1,,,5.0000000000e-01
g2871,sa0,,,5.0000000000e-01
II6587,sa1,,,5.0000000000e-01
g1708_II6587_A,sa0,,,5.0000000000e-01
g6803,sa1,1,1,5.0000000000e-01
II12280,sa0,,,5.0000000000e-01
g6684,sa1,,,5.0000000000e-01
II11998,sa0,,,5.0000000000e-01
g5918_II11998_A,sa1,,,5.0000000000e-01
g6804,sa0,1,1,5.0000000000e-01
II12283,sa1,,,5.0000000000e-01
g6692,sa0,,,5.0000000000e-01
II12008,sa1,,,5.0000000000e-01
g5897_II12008_A,sa0,,,5.0000000000e-01
g6812,sa1,1,1,5.0000000000e-01
II12307,sa0,,,5.0000000000e-01
g6712,sa1,,,5.0000000000e-01
II12062,sa0,,,5.0000000000e-01
g5988_II12062_A,sa1,,,5.0000000000e-01
g6813,sa0,1,1,5.0000000000e-01
II12310,sa1,,,5.0000000000e-01
g6723,sa0,,,5.0000000000e-01
II12085,sa1,,,5.0000000000e-01
g5971_II12085_A,sa0,,,5.0000000000e-01
g6821,sa1,1,1,5.0000000000e-01
II12334,sa0,,,5.0000000000e-01
g6713,sa1,,,5.0000000000e-01
II12065,sa0,,,5.0000000000e-01
g5897_II12065_A,sa1,,,5.0000000000e-01
g6822,sa0,1,1,5.0000000000e-01
II12337,sa1,,,5.0000000000e-01
g6724,sa0,,,5.0000000000e-01
II12088,sa1,,,5.0000000000e-01
g5874_II12088_A,sa0,,,5.0000000000e-01
g6831,sa0,1,1,5.0000000000e-01
II12364,sa1,,,5.0000000000e-01
g6714,sa0,,,5.0000000000e-01
II12068,sa1,,,5.0000000000e-01
g5847_II12068_A,sa0,,,5.0000000000e-01
g6830,sa1,1,1,5.0000000000e-01
II12361,sa0,,,5.0000000000e-01
g6765,sa1,,,5.0000000000e-01
II12164,sa0,,,5.0000000000e-01
g5847_II12164_A,sa1,,,5.0000000000e-01
g4652,sa1,1,1,5.0000000000e-01
II8871,sa0,,,5.0000000000e-01
g3869,sa1,,,5.0000000000e-01
II7400,sa0,,,5.0000000000e-01
g3075,sa1,,,5.0000000000e-01
g2216_g3075_A,sa0,,,5.0000000000e-01
g6371,sa1,30,0,1.2421458960e-03
II11440,sa0,,,1.2421458960e-03
g6009,sa1,,,1.2421458960e-03
II10605,sa0,,,1.2421458960e-03
g5440,sa1,,,1.2421458960e-03
g4790,sa1,,,1.2421458960e-03
g4185,sa1,,,1.2421458960e-03
g4131,sa1,,,1.2421458960e-03
g4129,sa1,,,1.2421458960e-03
II9107,sa1,,,1.2421458960e-03
g4133,sa1,,,1.2421458960e-03
g4145,sa1,,,1.2421458960e-03
g4138,sa1,,,1.2421458960e-03
g4132,sa1,,,1.2421458960e-03
g4786,sa1,,,1.2421458960e-03
g4107,sa1,,,1.2421458960e-03
g4097,sa1,,,1.2421458960e-03
g4124,sa1,,,1.2421458960e-03
II9099,sa1,,,1.2421458960e-03
g4127,sa1,,,1.2421458960e-03
g4123,sa1,,,1.2421458960e-03
g4117,sa1,,,1.2421458960e-03
g6840,sa0,1,1,5.0000000000e-01
II12391,sa1,,,5.0000000000e-01
g6744,sa0,,,5.0000000000e-01
II12124,sa1,,,5.0000000000e-01
g5847_II12124_A,sa0,,,5.0000000000e-01
g6372,sa0,2,1,3.7500000000e-01
II11443,sa1,,,3.7500000000e-01
g6038,sa0,,,3.7500000000e-01
II10649,sa1,,,3.7500000000e-01
g5657,sa0,,,3.7500000000e-01
g5021,sa0,,,3.7500000000e-01
g4381,sa0,,,3.7500000000e-01
g3466_g4381_A,sa1,,,3.7500000000e-01
g2646,sa0,1,1,5.0000000000e-01
II6422,sa1,,,5.0000000000e-01
g1805,sa0,,,5.0000000000e-01
II5667,sa1,,,5.0000000000e-01
g916_II5667_A,sa0,,,5.0000000000e-01
g2645,sa1,1,1,5.0000000000e-01
II6419,sa0,,,5.0000000000e-01
g1799,sa1,,,5.0000000000e-01
II5657,sa0,,,5.0000000000e-01
g921_II5657_A,sa1,,,5.0000000000e-01
g5165,sa1,15,1,9.3750000000e-01
II9621,sa0,,,9.3750000000e-01
g4732,sa1,,,9.3750000000e-01
II9034,sa0,,,9.3750000000e-01
g4317,sa1,,,9.3750000000e-01
g5166,sa0,2,1,5.0000000000e-01
II9624,sa1,,,5.0000000000e-01
g4746,sa0,,,5.0000000000e-01
II9076,sa1,,,5.0000000000e-01
g4353,sa0,,,5.0000000000e-01
g3665,sa1,,,5.0000000000e-01
g68,sa0,30,0,1.4398358762e-03
g77,sa0,30,0,1.3032316929e-03
g86,sa0,30,0,4.0605664253e-03
g2528,sa1,1,1,5.0000000000e-01
g1260_g2528_A,sa0,,,5.0000000000e-01
g1655,sa1,1,1,5.0000000000e-01
g1231_g1655_A,sa0,,,5.0000000000e-01
g1746,sa0,26,1,2.4996948242e-01
g290,sa1,,,2.4996948242e-01
g1395,sa0,1,1,2.5000000000e-01
g1556,sa1,1,1,2.5000000000e-01
g65_g1556_A,sa0,,,2.5000000000e-01
g3285,sa0,1,1,2.5000000000e-01
g1689,sa1,,,2.5000000000e-01
g855_g1689_A,sa0,,,2.5000000000e-01
g4265,sa1,30,0,1.5330696106e-01
g3591_g4265_A,sa0,,,1.5330696106e-01
g1980,sa0,2,1,1.8750000000e-01
g5129,sa1,1,1,5.0000000000e-01
II9531,sa0,,,5.0000000000e-01
g4463,sa1,,,5.0000000000e-01
II8483,sa0,,,5.0000000000e-01
g3641,sa1,,,5.0000000000e-01
II7115,sa0,,,5.0000000000e-01
g2547,sa1,,,5.0000000000e-01
II6371,sa0,,,5.0000000000e-01
g33_II6371_A,sa1,,,5.0000000000e-01
g4670,sa1,1,1,5.0000000000e-01
II8925,sa0,,,5.0000000000e-01
g4482,sa1,,,5.0000000000e-01
II8520,sa0,,,5.0000000000e-01
g3652,sa1,,,5.0000000000e-01
II7132,sa0,,,5.0000000000e-01
g2554,sa1,,,5.0000000000e-01
II6376,sa0,,,5.0000000000e-01
g38_II6376_A,sa1,,,5.0000000000e-01
g5445,sa0,1,1,5.0000000000e-01
g5059,sa1,,,5.0000000000e-01
II9419,sa0,,,5.0000000000e-01
g3916,sa1,,,5.0000000000e-01
II7545,sa0,,,5.0000000000e-01
g3589,sa1,,,5.0000000000e-01
II7061,sa0,,,5.0000000000e-01
g2457,sa1,,,5.0000000000e-01
g24,sa0,,,5.0000000000e-01
g5463,sa0,1,1,5.0000000000e-01
g5085,sa1,,,5.0000000000e-01
II9457,sa0,,,5.0000000000e-01
g3940,sa1,,,5.0000000000e-01
II7623,sa0,,,5.0000000000e-01
g3631,sa1,,,5.0000000000e-01
II7098,sa0,,,5.0000000000e-01
g2477,sa1,,,5.0000000000e-01
g25,sa0,,,5.0000000000e-01
g5364,sa0,1,1,5.0000000000e-01
g5124,sa1,,,5.0000000000e-01
II9520,sa0,,,5.0000000000e-01
g3995,sa1,,,5.0000000000e-01
II7728,sa0,,,5.0000000000e-01
g3675,sa1,,,5.0000000000e-01
II7167,sa0,,,5.0000000000e-01
g2505,sa1,,,5.0000000000e-01
g28,sa0,,,5.0000000000e-01
g6065,sa1,1,1,5.0000000000e-01
II10684,sa0,,,5.0000000000e-01
g5258,sa1,,,5.0000000000e-01
II9774,sa0,,,5.0000000000e-01
g4678,sa1,,,5.0000000000e-01
II8935,sa0,,,5.0000000000e-01
g4005,sa1,,,5.0000000000e-01
II7746,sa0,,,5.0000000000e-01
g3591_II7746_A,sa1,,,5.0000000000e-01
g6083,sa1,5,1,4.3750000000e-01
II10702,sa0,,,4.3750000000e-01
g5529_II10702_A,sa1,,,4.3750000000e-01
g6246,sa0,1,1,5.0000000000e-01
II11055,sa1,,,5.0000000000e-01
g5696,sa0,,,5.0000000000e-01
II10207,sa1,,,5.0000000000e-01
g5075,sa0,,,5.0000000000e-01
II9443,sa1,,,5.0000000000e-01
g4564,sa0,,,5.0000000000e-01
II8665,sa1,,,5.0000000000e-01
g3051,sa0,,,5.0000000000e-01
II6791,sa1,,,5.0000000000e-01
g1967_II6791_A,sa0,,,5.0000000000e-01
g6543,sa0,21,1,4.9609375000e-01
g6525,sa0,30,0,1.0857391357e-01
g1872,sa0,30,0,1.1718750000e-01
g3617,sa1,12,1,4.9987792969e-01
g1655_g3617_A,sa0,,,4.9987792969e-01
g5723,sa1,3,1,1.2500000000e-01
g4938_g5723_A,sa0,,,1.2500000000e-01
g5652,sa0,0,1,0.0000000000e+00
II10135,sa1,,,0.0000000000e+00
g4960,sa0,,,0.0000000000e+00
g4259_g4960_A,sa1,,,0.0000000000e+00
g7091,sa1,8,1,6.2500000000e-02
g6525_g7091_A,sa0,,,6.2500000000e-02
g7217,sa1,30,0,2.9296875000e-02
g7028,sa1,30,0,5.5023193359e-02
g6525_g7028_A,sa0,,,5.5023193359e-02
g5084,sa1,11,1,2.5000000000e-01
g4477_g5084_A,sa0,,,2.5000000000e-01
g6461,sa1,12,1,2.4218750000e-01
II11607,sa0,,,2.4218750000e-01
g5767,sa1,,,2.4218750000e-01
g3338,sa1,1,1,9.7656250000e-04
g1901_g3338_A,sa0,,,9.7656250000e-04
g7037,sa1,30,0,6.1569213867e-02
g6525_g7037_A,sa0,,,6.1569213867e-02
g9261,sa0,30,0,4.2669677734e-01
g2952,sa0,4,1,3.7500000000e-01
g2474_g2952_A,sa0,,,3.7500000000e-01
g2215,sa0,,,3.7500000000e-01
g1416_g2215_A,sa1,,,3.7500000000e-01
g2474,sa1,3,1,2.5000000000e-01
g1844,sa1,6,1,7.5000000000e-01
g1682,sa1,2,1,1.2500000000e-01
g1637,sa1,1,1,1.2500000000e-01
g1087_g1637_A,sa0,,,1.2500000000e-01
g4068,sa0,1,1,2.5000000000e-01
g121,sa0,,,2.5000000000e-01
g3540,sa0,,,2.5000000000e-01
g2424_g3540_A,sa1,,,2.5000000000e-01
g1296,sa0,1,1,5.0000000000e-01
g4086,sa0,1,1,2.5000000000e-01
g103,sa0,,,2.5000000000e-01
g3629,sa0,,,2.5000000000e-01
g2424_g3629_A,sa1,,,2.5000000000e-01
g2627,sa1,30,0,6.2035024166e-04
g1572,sa0,,,6.2035024166e-04
g673_g1572_A,sa1,,,6.2035024166e-04
g4166,sa1,30,0,6.1026094481e-03
g4176,sa0,24,1,2.0065298304e-03
II8063,sa0,,,2.0065298304e-03
g2162_II8063_A,sa0,,,2.0065298304e-03
g2149_II8063_B,sa0,,,2.0065298304e-03
g2137_II8063_C,sa0,,,2.0065298304e-03
g2106_II8063_D,sa0,,,2.0065298304e-03
II8064,sa0,,,2.0065298304e-03
g3316_II8064_A,sa0,,,2.0065298304e-03
g3287_II8064_B,sa0,,,2.0065298304e-03
g3264_II8064_C,sa0,,,2.0065298304e-03
g1987_II8064_D,sa0,,,2.0065298304e-03
g2636,sa1,30,0,6.2035024166e-04
g1580,sa0,,,6.2035024166e-04
g706_g1580_A,sa1,,,6.2035024166e-04
g3527,sa1,1,1,9.7656250000e-04
g1616_g3527_A,sa0,,,9.7656250000e-04
g3491,sa1,14,1,1.8310546875e-04
g1800,sa0,,,1.8310546875e-04
g1477_g1800_A,sa1,,,1.8310546875e-04
g2618,sa1,30,0,1.4101039618e-01
g1566,sa0,,,1.4101039618e-01
g652_g1566_A,sa1,,,1.4101039618e-01
g3563,sa1,3,1,7.8125000000e-03
g2007_g3563_A,sa0,,,7.8125000000e-03
g3707,sa1,4,1,1.5625000000e-02
g2226_g3707_A,sa0,,,1.5625000000e-02
g4356,sa0,4,1,3.7500000000e-01
g468_g4356_A,sa0,,,3.7500000000e-01
g3192_g4356_B,sa0,,,3.7500000000e-01
g4365,sa0,4,1,3.7500000000e-01
g237_g4365_A,sa0,,,3.7500000000e-01
g3097_g4365_B,sa0,,,3.7500000000e-01
g4383,sa0,4,1,3.7500000000e-01
g222_g4383_A,sa0,,,3.7500000000e-01
g3097_g4383_B,sa0,,,3.7500000000e-01
g4392,sa0,4,1,3.7500000000e-01
g303_g4392_A,sa0,,,3.7500000000e-01
g3131_g4392_B,sa0,,,3.7500000000e-01
g4437,sa0,4,1,3.7500000000e-01
g540_g4437_A,sa0,,,3.7500000000e-01
g2845_g4437_B,sa0,,,3.7500000000e-01
g4473,sa0,4,1,3.7500000000e-01
g518_g4473_A,sa0,,,3.7500000000e-01
g3192_g4473_B,sa0,,,3.7500000000e-01
g4491,sa0,4,1,3.7500000000e-01
g557_g4491_A,sa0,,,3.7500000000e-01
g2845_g4491_B,sa0,,,3.7500000000e-01
g1179,sa0,3,1,1.0644531250e-01
g3518,sa1,2,1,1.8750000000e-01
g4562,sa1,1,1,6.2500000000e-02
g3466_g4562_A,sa0,,,6.2500000000e-02
g4238,sa1,30,0,1.2664794922e-03
g2834,sa1,17,1,2.1875000000e-01
II6564,sa0,,,2.1875000000e-01
g2073,sa1,,,2.1875000000e-01
g1254_g2073_A,sa0,,,2.1875000000e-01
g3086,sa1,30,0,4.6617373824e-01
g1852,sa0,,,4.6617373824e-01
g887,sa1,,,4.6617373824e-01
g3905,sa1,3,1,1.8750000000e-01
g3192_g3905_A,sa0,,,1.8750000000e-01
g3950,sa1,3,1,1.8750000000e-01
g3131_g3950_A,sa0,,,1.8750000000e-01
g5049,sa0,2,1,1.2500000000e-01
g474,sa0,,,1.2500000000e-01
g3969,sa0,,,1.2500000000e-01
g3192_g3969_A,sa1,,,1.2500000000e-01
g5067,sa0,2,1,1.2500000000e-01
g454,sa0,,,1.2500000000e-01
g3980,sa0,,,1.2500000000e-01
g3192_g3980_A,sa1,,,1.2500000000e-01
g5094,sa0,2,1,1.2500000000e-01
g535,sa0,,,1.2500000000e-01
g4004,sa0,,,1.2500000000e-01
g2845_g4004_A,sa1,,,1.2500000000e-01
g4167,sa0,3,1,1.2500000000e-01
g2783,sa0,,,1.2500000000e-01
II6523,sa0,,,1.2500000000e-01
g1919_II6523_A,sa0,,,1.2500000000e-01
II6522_II6523_B,sa0,,,1.2500000000e-01
II6524,sa0,,,1.2500000000e-01
g1102_II6524_A,sa0,,,1.2500000000e-01
II6522_II6524_B,sa0,,,1.2500000000e-01
g1616_g4167_B,sa0,,,1.2500000000e-01
g4814,sa1,30,0,2.8760147095e-01
g4733,sa1,5,1,1.2109375000e-01
g4202_g4733_A,sa0,,,1.2109375000e-01
g5561,sa1,5,1,2.5000000000e-01
g4168,sa1,,,2.5000000000e-01
g4797,sa1,,,2.5000000000e-01
g5453,sa1,1,1,5.0000000000e-01
g4680,sa0,,,5.0000000000e-01
II8945,sa1,,,5.0000000000e-01
g4106,sa0,,,5.0000000000e-01
II7931,sa1,,,5.0000000000e-01
g2780,sa0,,,5.0000000000e-01
II6517,sa1,,,5.0000000000e-01
g1687,sa0,,,5.0000000000e-01
g10,sa1,,,5.0000000000e-01
g5705,sa1,30,0,1.0003662109e-01
g4841_g5705_A,sa0,,,1.0003662109e-01
g5363,sa1,30,0,1.1582946777e-01
g5192,sa1,28,1,3.2806396484e-03
g4841_g5192_A,sa0,,,3.2806396484e-03
g5615,sa1,30,0,2.0109558105e-01
g4714_g5615_A,sa1,,,2.0109558105e-01
g3002_g5615_B,sa1,,,2.0109558105e-01
g5309,sa1,1,1,6.2500000000e-02
g4969_g5309_A,sa0,,,6.2500000000e-02
g6408,sa0,18,1,4.9902343750e-01
g669_g6408_A,sa0,,,4.9902343750e-01
g6019,sa0,,,4.9902343750e-01
g5367_g6019_A,sa1,,,4.9902343750e-01
g6417,sa0,18,1,4.9902343750e-01
g718_g6417_A,sa0,,,4.9902343750e-01
g6027,sa0,,,4.9902343750e-01
g5384_g6027_A,sa1,,,4.9902343750e-01
g6444,sa0,1,1,3.9062500000e-03
g1676,sa0,,,3.9062500000e-03
g727_g1676_A,sa1,,,3.9062500000e-03
g6125_g6444_B,sa0,,,3.9062500000e-03
g6462,sa0,12,1,2.5000000000e-01
g6215,sa0,,,2.5000000000e-01
II10981,sa0,,,2.5000000000e-01
g5625_II10981_A,sa0,,,2.5000000000e-01
II10980_II10981_B,sa0,,,2.5000000000e-01
II10982,sa0,,,2.5000000000e-01
g2210_II10982_A,sa0,,,2.5000000000e-01
II10980_II10982_B,sa0,,,2.5000000000e-01
g2424_g6462_B,sa0,,,2.5000000000e-01
g5750,sa1,7,1,6.2500000000e-02
g6218,sa1,13,1,1.2500000000e-01
g6633,sa0,2,1,2.5000000000e-01
g5526_g6633_A,sa0,,,2.5000000000e-01
g5987,sa0,,,2.5000000000e-01
g5294_g5987_A,sa1,,,2.5000000000e-01
g5526,sa0,1,1,5.0000000000e-01
g5086,sa1,,,5.0000000000e-01
II9460,sa0,,,5.0000000000e-01
g3941,sa1,,,5.0000000000e-01
II7626,sa0,,,5.0000000000e-01
g3632,sa1,,,5.0000000000e-01
II7101,sa0,,,5.0000000000e-01
g2478,sa1,,,5.0000000000e-01
g31,sa0,,,5.0000000000e-01
g6732,sa0,2,1,9.7656250000e-04
g5874_g6732_A,sa0,,,9.7656250000e-04
g5367_g6732_B,sa0,,,9.7656250000e-04
g5246,sa1,30,0,1.1703491211e-02
II9760,sa0,,,1.1703491211e-02
g4838,sa1,,,1.1703491211e-02
g6515,sa1,1,1,3.9062500000e-03
g6125_g6515_A,sa0,,,3.9062500000e-03
g4743,sa0,2,1,2.5000000000e-01
g3518,sa0,,,2.5000000000e-01
II6997,sa0,,,2.5000000000e-01
g2275_II6997_A,sa0,,,2.5000000000e-01
II6996_II6997_B,sa0,,,2.5000000000e-01
II6998,sa0,,,2.5000000000e-01
g2242_II6998_A,sa0,,,2.5000000000e-01
II6996_II6998_B,sa0,,,2.5000000000e-01
g4286,sa0,,,2.5000000000e-01
g3790_g4286_A,sa1,,,2.5000000000e-01
g6039,sa0,2,1,3.1250000000e-01
g1037_g6039_A,sa0,,,3.1250000000e-01
g5574,sa0,,,3.1250000000e-01
g4969_g5574_A,sa1,,,3.1250000000e-01
g4077,sa0,1,1,1.2500000000e-01
g1284_g4077_A,sa0,,,1.2500000000e-01
g3582,sa0,,,1.2500000000e-01
g2407_g3582_A,sa1,,,1.2500000000e-01
g6902,sa1,9,1,6.2500000000e-02
g5436,sa0,1,1,1.2500000000e-01
g1541_g5436_A,sa0,,,1.2500000000e-01
g4926,sa0,,,1.2500000000e-01
g4202_g4926_A,sa1,,,1.2500000000e-01
g6911,sa1,9,1,1.2500000000e-01
g1745,sa1,0,1,0.0000000000e+00
g746_g1745_A,sa0,,,0.0000000000e+00
g7038,sa0,30,0,9.1369628906e-02
g6466,sa0,,,9.1369628906e-02
II11615,sa0,,,9.1369628906e-02
g6239_II11615_A,sa0,,,9.1369628906e-02
II11614_II11615_B,sa0,,,9.1369628906e-02
II11616,sa0,,,9.1369628906e-02
g1519_II11616_A,sa0,,,9.1369628906e-02
II11614_II11616_B,sa0,,,9.1369628906e-02
g4841_g7038_B,sa0,,,9.1369628906e-02
g6903,sa0,7,1,2.4804687500e-01
II12582,sa1,,,2.4804687500e-01
g6745_II12582_A,sa0,,,2.4804687500e-01
g7316,sa1,30,0,6.8359375000e-02
g7182,sa0,9,1,6.2500000000e-02
g6902,sa0,,,6.2500000000e-02
II12576,sa0,,,6.2500000000e-02
g6574_II12576_A,sa0,,,6.2500000000e-02
II12575_II12576_B,sa0,,,6.2500000000e-02
II12577,sa0,,,6.2500000000e-02
g1049_II12577_A,sa0,,,6.2500000000e-02
II12575_II12577_B,sa0,,,6.2500000000e-02
g4969_g7182_B,sa0,,,6.2500000000e-02
g7325,sa1,11,1,6.2500000000e-02
g7632,sa0,10,1,2.5000000000e-01
g7445,sa0,,,2.5000000000e-01
g3548,sa0,,,2.5000000000e-01
g2185_g3548_A,sa1,,,2.5000000000e-01
g2862,sa0,1,1,1.2500000000e-01
II6578,sa1,,,1.2500000000e-01
g1603_II6578_A,sa0,,,1.2500000000e-01
g6470,sa1,8,1,1.1718750000e-01
g5817,sa1,,,1.1718750000e-01
g2934,sa1,,,1.1718750000e-01
II6676,sa0,,,1.1718750000e-01
g1603_II6676_A,sa1,,,1.1718750000e-01
g2934,sa0,1,1,1.2500000000e-01
II6676,sa1,,,1.2500000000e-01
g1603_II6676_A,sa0,,,1.2500000000e-01
g4841,sa1,30,0,4.3353271484e-01
g4250,sa0,,,4.3353271484e-01
II8177,sa1,,,4.3353271484e-01
g2810_II8177_A,sa0,,,4.3353271484e-01
g7416,sa0,10,1,6.2500000000e-02
g7140,sa0,,,6.2500000000e-02
II13003,sa0,,,6.2500000000e-02
g7010_II13003_A,sa0,,,6.2500000000e-02
II13002_II13003_B,sa0,,,6.2500000000e-02
II13004,sa0,,,6.2500000000e-02
g1053_II13004_A,sa0,,,6.2500000000e-02
II13002_II13004_B,sa0,,,6.2500000000e-02
g4969_g7416_B,sa0,,,6.2500000000e-02
g7460,sa1,4,1,1.2504577637e-01
g7172,sa0,,,1.2504577637e-01
g7092,sa1,,,1.2504577637e-01
II12866,sa0,,,1.2504577637e-01
g6483_II12866_A,sa1,,,1.2504577637e-01
g8180,sa1,2,1,3.7500000000e-01
g7719,sa0,,,3.7500000000e-01
g7475,sa1,,,3.7500000000e-01
II13631,sa0,,,3.7500000000e-01
g7248_II13631_A,sa1,,,3.7500000000e-01
g95,sa0,1,1,5.0000000000e-01
g4580,sa1,2,1,6.1035156250e-05
g2919,sa0,,,6.1035156250e-05
g2311,sa1,,,6.1035156250e-05
II6090,sa0,,,6.1035156250e-05
g390_II6090_A,sa1,,,6.1035156250e-05
g4544,sa1,2,1,6.1035156250e-05
g2886,sa0,,,6.1035156250e-05
g2240,sa1,,,6.1035156250e-05
II5981,sa0,,,6.1035156250e-05
g459_II5981_A,sa1,,,6.1035156250e-05
g4571,sa1,2,1,6.1035156250e-05
g2908,sa0,,,6.1035156250e-05
g2290,sa1,,,6.1035156250e-05
II6054,sa0,,,6.1035156250e-05
g465_II6054_A,sa1,,,6.1035156250e-05
g49,sa1,1,1,5.0000000000e-01
g2709,sa0,2,1,5.0000000000e-01
g1747,sa1,,,5.0000000000e-01
g599,sa0,,,5.0000000000e-01
g3743,sa1,2,1,5.0000000000e-01
g1776,sa0,,,5.0000000000e-01
g608,sa1,,,5.0000000000e-01
g3761,sa1,2,1,5.0000000000e-01
g1772,sa0,,,5.0000000000e-01
g607,sa1,,,5.0000000000e-01
g6057,sa0,2,1,3.1250000000e-01
g1061_g6057_A,sa0,,,3.1250000000e-01
g5617,sa0,,,3.1250000000e-01
g4969_g5617_A,sa1,,,3.1250000000e-01
g8820,sa0,26,1,4.9993896484e-01
g261_g8820_A,sa0,,,4.9993896484e-01
g8524_g8820_B,sa0,,,4.9993896484e-01
g8064,sa0,2,1,6.1035156250e-05
g7483_g8064_A,sa0,,,6.1035156250e-05
g7634_g8064_B,sa0,,,6.1035156250e-05
g8721,sa0,2,1,6.1035156250e-05
g2703_g8721_A,sa0,,,6.1035156250e-05
g8464_g8721_B,sa0,,,6.1035156250e-05
g5345,sa1,30,0,6.4086914063e-04
g4736,sa1,,,6.4086914063e-04
g4532_g4736_A,sa1,,,6.4086914063e-04
g4517_g4736_B,sa1,,,6.4086914063e-04
II9044,sa1,,,6.4086914063e-04
g4150_II9044_A,sa1,,,6.4086914063e-04
g4142_II9044_B,sa1,,,6.4086914063e-04
g4549_II9044_C,sa1,,,6.4086914063e-04
g4734,sa1,,,6.4086914063e-04
g4469_g4734_A,sa1,,,6.4086914063e-04
g4448_g4734_B,sa1,,,6.4086914063e-04
II9038,sa1,,,6.4086914063e-04
g4507_II9038_A,sa1,,,6.4086914063e-04
g4497_II9038_B,sa1,,,6.4086914063e-04
g4486_II9038_C,sa1,,,6.4086914063e-04
g9144,sa0,30,0,8.1564331055e-01
g9123,sa0,,,8.1564331055e-01
g6096,sa0,,,8.1564331055e-01
g5317_g6096_A,sa1,,,8.1564331055e-01
g6074,sa1,30,0,9.7656250000e-04
g5317_g6074_A,sa0,,,9.7656250000e-04
g6092,sa1,30,0,1.2207031250e-03
g5317_g6092_A,sa0,,,1.2207031250e-03
g9270,sa0,30,0,3.7719726563e-01
g4748_g9270_A,sa0,,,3.7719726563e-01
g9241_g9270_B,sa0,,,3.7719726563e-01
g9252,sa0,30,0,6.9226074219e-01
II15982,sa1,,,6.9226074219e-01
g9236,sa0,,,6.9226074219e-01
II15962,sa1,,,6.9226074219e-01
g9218,sa0,,,6.9226074219e-01
II15930,sa1,,,6.9226074219e-01
g9209,sa0,,,6.9226074219e-01
g9199,sa1,,,6.9226074219e-01
g9188,sa0,,,6.9226074219e-01
II15842,sa1,,,6.9226074219e-01
g9171_II15842_A,sa0,,,6.9226074219e-01
g9324,sa0,30,0,1.8560791016e-01
II16072,sa1,,,1.8560791016e-01
g9303,sa0,,,1.8560791016e-01
g9301,sa1,,,1.8560791016e-01
g9260,sa0,,,1.8560791016e-01
II15990,sa1,,,1.8560791016e-01
g9239,sa0,,,1.8560791016e-01
g9332,sa1,30,0,1.3732910156e-03
g9322,sa0,,,1.3732910156e-03
g9313,sa1,,,1.3732910156e-03
II16055,sa0,,,1.3732910156e-03
g9291_II16055_A,sa1,,,1.3732910156e-03
g6245,sa1,30,0,1.0256052017e-02
g5690_g6245_A,sa0,,,1.0256052017e-02
g1368,sa0,1,1,1.2207031250e-04
g1377,sa0,1,1,1.2207031250e-04
g1386,sa0,1,1,1.2207031250e-04
g2367,sa0,30,0,2.8610229492e-05
II6202,sa0,,,2.8610229492e-05
g831_II6202_A,sa0,,,2.8610229492e-05
II6201_II6202_B,sa0,,,2.8610229492e-05
II6203,sa0,,,2.8610229492e-05
g891_II6203_A,sa0,,,2.8610229492e-05
II6201_II6203_B,sa0,,,2.8610229492e-05
g2385,sa0,30,0,2.8610229492e-05
II6258,sa0,,,2.8610229492e-05
g837_II6258_A,sa0,,,2.8610229492e-05
II6257_II6258_B,sa0,,,2.8610229492e-05
II6259,sa0,,,2.8610229492e-05
g901_II6259_A,sa0,,,2.8610229492e-05
II6257_II6259_B,sa0,,,2.8610229492e-05
g4734,sa0,30,0,6.0009956360e-04
g4445,sa1,30,0,2.2488739341e-04
g4427,sa1,30,0,5.3134560585e-04
g4517,sa1,30,0,2.5681698322e-01
g4139,sa1,30,0,2.5305058807e-04
g4185,sa0,30,0,6.2035024166e-04
g2636,sa0,,,6.2035024166e-04
g1580,sa1,,,6.2035024166e-04
g706_g1580_A,sa0,,,6.2035024166e-04
g2632,sa0,,,6.2035024166e-04
g1576,sa1,,,6.2035024166e-04
g691_g1576_A,sa0,,,6.2035024166e-04
g3915,sa0,30,0,4.5776367188e-04
II7539,sa0,,,4.5776367188e-04
g2996_II7539_A,sa0,,,4.5776367188e-04
II7538_II7539_B,sa0,,,4.5776367188e-04
II7540,sa0,,,4.5776367188e-04
g1715_II7540_A,sa0,,,4.5776367188e-04
II7538_II7540_B,sa0,,,4.5776367188e-04
g4824,sa0,6,1,2.5000000000e-01
II9182,sa0,,,2.5000000000e-01
g4231_II9182_A,sa0,,,2.5000000000e-01
II9181_II9182_B,sa0,,,2.5000000000e-01
II9183,sa0,,,2.5000000000e-01
g2007_II9183_A,sa0,,,2.5000000000e-01
II9181_II9183_B,sa0,,,2.5000000000e-01
g6174,sa0,1,1,6.2500000000e-02
g1926,sa0,2,1,2.8125000000e-01
g874,sa1,,,2.8125000000e-01
g6264,sa0,1,1,7.8125000000e-03
g5403_g6264_A,sa1,,,7.8125000000e-03
g7083,sa0,8,1,2.8125000000e-01
g7191,sa0,23,1,4.9804687500e-01
g5418,sa0,1,1,5.0000000000e-01
g5100,sa1,,,5.0000000000e-01
II9484,sa0,,,5.0000000000e-01
g3957,sa1,,,5.0000000000e-01
II7662,sa0,,,5.0000000000e-01
g3642,sa1,,,5.0000000000e-01
II7118,sa0,,,5.0000000000e-01
g2484,sa1,,,5.0000000000e-01
g45,sa0,,,5.0000000000e-01
g58,sa1,30,0,2.5373686850e-01
g3492,sa0,30,0,2.7519226074e-02
II6970,sa1,,,2.7519226074e-02
g1872_II6970_A,sa0,,,2.7519226074e-02
g8009,sa1,3,1,1.6021728516e-04
g3591_g8009_A,sa1,,,1.6021728516e-04
g7406_g8009_B,sa1,,,1.6021728516e-04
g7566_g8009_C,sa1,,,1.6021728516e-04
II14302,sa1,,,1.6021728516e-04
g6664_II14302_A,sa1,,,1.6021728516e-04
g3492_II14302_B,sa1,,,1.6021728516e-04
g979_II14302_C,sa1,,,1.6021728516e-04
g7406,sa1,29,1,9.9804687500e-01
g7191,sa1,,,9.9804687500e-01
g7071_g7191_A,sa1,,,9.9804687500e-01
g6980_g7191_B,sa1,,,9.9804687500e-01
g1600_g7406_B,sa1,,,9.9804687500e-01
g3591,sa0,1,1,5.0000000000e-01
g1789_g3591_A,sa1,,,5.0000000000e-01
g6452,sa1,30,0,2.5539278984e-01
g6270_g6452_A,sa1,,,2.5539278984e-01
g2245,sa1,,,2.5539278984e-01
g999,sa0,,,2.5539278984e-01
g7811,sa1,30,0,9.4419121742e-02
II14238,sa0,,,9.4419121742e-02
g7608,sa1,,,9.4419121742e-02
g8018,sa1,30,0,1.1596679688e-03
II14315,sa0,,,1.1596679688e-03
g7676,sa1,,,1.1596679688e-03
g8460,sa0,2,1,6.1035156250e-05
g757,sa0,,,6.1035156250e-05
g8199_g8460_B,sa0,,,6.1035156250e-05
g8316,sa0,2,1,6.1035156250e-05
g513_g8316_A,sa0,,,6.1035156250e-05
g7966_g8316_B,sa0,,,6.1035156250e-05
g8622,sa0,2,1,6.1035156250e-05
g738_g8622_A,sa0,,,6.1035156250e-05
g7811_g8622_B,sa0,,,6.1035156250e-05
II14985,sa0,6,1,1.8310546875e-04
g8523,sa0,0,1,0.0000000000e+00
g8082,sa0,6,1,3.6621093750e-04
g8181,sa0,16,1,1.2159347534e-04
II14420,sa1,,,1.2159347534e-04
g7554,sa0,,,1.2159347534e-04
g7367_g7554_A,sa0,,,1.2159347534e-04
g4139_g7554_B,sa0,,,1.2159347534e-04
g7920,sa0,16,1,1.2159347534e-04
II14282,sa1,,,1.2159347534e-04
g7709,sa0,,,1.2159347534e-04
g7367_g7709_A,sa0,,,1.2159347534e-04
g4529_g7709_B,sa0,,,1.2159347534e-04
g8342,sa1,30,0,4.9738883972e-03
g8008,sa0,,,4.9738883972e-03
g7559,sa1,,,4.9738883972e-03
g8514,sa0,2,1,1.2207031250e-04
g8040,sa1,,,1.2207031250e-04
g7699,sa0,,,1.2207031250e-04
g7367_g7699_A,sa0,,,1.2207031250e-04
g4486_g7699_B,sa0,,,1.2207031250e-04
g8262,sa0,2,1,6.1035156250e-05
g4554,sa0,,,6.1035156250e-05
g2892,sa1,,,6.1035156250e-05
g2266,sa0,,,6.1035156250e-05
II6003,sa1,,,6.1035156250e-05
g228_II6003_A,sa0,,,6.1035156250e-05
g7855_g8262_B,sa0,,,6.1035156250e-05
g8730,sa0,2,1,6.1035156250e-05
g2863_g8730_A,sa0,,,6.1035156250e-05
g8407_g8730_B,sa0,,,6.1035156250e-05
g8307,sa0,2,1,6.1035156250e-05
g432_g8307_A,sa0,,,6.1035156250e-05
g7920_g8307_B,sa0,,,6.1035156250e-05
g8271,sa0,2,1,6.1035156250e-05
g130_g8271_A,sa0,,,6.1035156250e-05
g8111_g8271_B,sa0,,,6.1035156250e-05
g8334,sa0,2,1,6.1035156250e-05
g264_g8334_A,sa0,,,6.1035156250e-05
g7838_g8334_B,sa0,,,6.1035156250e-05
g8361,sa0,2,1,6.1035156250e-05
g426_g8361_A,sa0,,,6.1035156250e-05
g7920_g8361_B,sa0,,,6.1035156250e-05
g8712,sa0,2,1,6.1035156250e-05
g2804_g8712_A,sa0,,,6.1035156250e-05
g8386_g8712_B,sa0,,,6.1035156250e-05
g8703,sa0,2,1,6.1035156250e-05
g3574_g8703_A,sa0,,,6.1035156250e-05
g8407_g8703_B,sa0,,,6.1035156250e-05
g8325,sa0,2,1,6.1035156250e-05
g184,sa0,,,6.1035156250e-05
g8156_g8325_B,sa0,,,6.1035156250e-05
g8280,sa0,2,1,6.1035156250e-05
g114_g8280_A,sa0,,,6.1035156250e-05
g8111_g8280_B,sa0,,,6.1035156250e-05
g8811,sa0,30,0,7.5683593750e-03
g8613,sa0,8,1,4.8828125000e-04
g1098,sa0,4,1,2.5048828125e-01
g1439,sa1,5,1,2.5000000000e-01
g2555,sa1,2,1,5.0000000000e-01
g936_g2555_A,sa0,,,5.0000000000e-01
g1970,sa1,1,1,5.0000000000e-01
II5831,sa0,,,5.0000000000e-01
g1194,sa1,,,5.0000000000e-01
g1494,sa0,30,0,4.0231323242e-01
g1728,sa0,2,1,1.2500000000e-01
g1432_g1728_A,sa0,,,1.2500000000e-01
g1439_g1728_B,sa0,,,1.2500000000e-01
g2295,sa0,8,1,2.8429031372e-01
g995_g2295_A,sa1,,,2.8429031372e-01
g3681,sa0,22,1,2.7450561523e-02
g866_g3681_A,sa0,,,2.7450561523e-02
g2368_g3681_B,sa0,,,2.7450561523e-02
g3815,sa1,3,1,6.1988714151e-05
g1822,sa0,,,6.1988714151e-05
g761,sa1,,,6.1988714151e-05
g3780,sa0,3,1,6.1988714151e-05
g1847,sa1,,,6.1988714151e-05
g765,sa0,,,6.1988714151e-05
g1718,sa1,1,1,5.0000000000e-01
II5562,sa0,,,5.0000000000e-01
g1300_II5562_A,sa1,,,5.0000000000e-01
g3771,sa0,3,1,6.1988714151e-05
g1853,sa1,,,6.1988714151e-05
g766,sa0,,,6.1988714151e-05
g1646,sa1,1,1,5.0000000000e-01
g1214_g1646_A,sa0,,,5.0000000000e-01
g1943,sa1,6,1,9.3750000000e-02
g1025_g1943_A,sa0,,,9.3750000000e-02
g3825,sa0,4,1,6.1511935201e-05
g1826,sa1,,,6.1511935201e-05
g632,sa0,,,6.1511935201e-05
g1925,sa1,5,1,4.8437500000e-01
g825_g1925_A,sa0,,,4.8437500000e-01
g2807,sa1,3,1,6.1273545725e-05
g1782,sa0,,,6.1273545725e-05
g624,sa1,,,6.1273545725e-05
g2790,sa0,3,1,6.1273545725e-05
g1793,sa1,,,6.1273545725e-05
g626,sa0,,,6.1273545725e-05
g4239,sa0,5,1,1.9531250000e-02
g1541_g4239_A,sa0,,,1.9531250000e-02
g3222_g4239_B,sa0,,,1.9531250000e-02
g4059,sa0,30,0,1.8676757813e-02
g1499_g4059_A,sa0,,,1.8676757813e-02
g2979_g4059_B,sa0,,,1.8676757813e-02
g1935,sa0,4,1,1.2792968750e-01
g1280_g1935_A,sa1,,,1.2792968750e-01
g3644,sa1,2,1,4.8828125000e-03
g2131_g3644_A,sa0,,,4.8828125000e-03
g3635,sa1,3,1,6.8359375000e-03
g1949_g3635_A,sa0,,,6.8359375000e-03
g4319,sa1,30,0,4.4921875000e-02
g1908,sa0,5,1,2.5000000000e-01
g812_g1908_A,sa1,,,2.5000000000e-01
g1952,sa1,3,1,2.5000000000e-01
g1333_g1952_A,sa0,,,2.5000000000e-01
g4832,sa1,30,0,7.4951171875e-02
g5291,sa1,2,1,6.2500000000e-02
g4328,sa1,30,0,2.5538757443e-01
g3086_g4328_A,sa0,,,2.5538757443e-01
g4905,sa0,14,1,2.1875000000e-01
g4282,sa0,,,2.1875000000e-01
g3549_g4282_A,sa0,,,2.1875000000e-01
g3568_g4282_B,sa0,,,2.1875000000e-01
g3533_g4905_B,sa0,,,2.1875000000e-01
g2096,sa1,1,1,5.0000000000e-01
g1226,sa0,,,5.0000000000e-01
g4563,sa0,30,0,7.1525573730e-06
II8659,sa0,,,7.1525573730e-06
g2471_II8659_A,sa0,,,7.1525573730e-06
II8658_II8659_B,sa0,,,7.1525573730e-06
II8660,sa0,,,7.1525573730e-06
g2724_II8660_A,sa0,,,7.1525573730e-06
II8658_II8660_B,sa0,,,7.1525573730e-06
g2177,sa1,14,1,2.5000000000e-01
g1322,sa0,,,2.5000000000e-01
g2276,sa1,5,1,9.3750000000e-02
II6029,sa0,,,9.3750000000e-02
g1207_II6029_A,sa1,,,9.3750000000e-02
g4707,sa0,3,1,2.3437500000e-02
g812_g4707_A,sa0,,,2.3437500000e-02
g4062_g4707_B,sa0,,,2.3437500000e-02
g1916,sa1,5,1,2.4218750000e-01
g775_g1916_A,sa0,,,2.4218750000e-01
g5039,sa1,30,0,2.8610229492e-05
g3924,sa1,,,2.8610229492e-05
g3914,sa1,,,2.8610229492e-05
g3906,sa1,,,2.8610229492e-05
g3899,sa1,,,2.8610229492e-05
g3906,sa0,30,0,2.8610229492e-05
II7504,sa0,,,2.8610229492e-05
g2498_II7504_A,sa0,,,2.8610229492e-05
II7503_II7504_B,sa0,,,2.8610229492e-05
II7505,sa0,,,2.8610229492e-05
g3802_II7505_A,sa0,,,2.8610229492e-05
II7503_II7505_B,sa0,,,2.8610229492e-05
g3924,sa0,30,0,2.8610229492e-05
II7568,sa0,,,2.8610229492e-05
g2481_II7568_A,sa0,,,2.8610229492e-05
II7567_II7568_B,sa0,,,2.8610229492e-05
II7569,sa0,,,2.8610229492e-05
g3780_II7569_A,sa0,,,2.8610229492e-05
II7567_II7569_B,sa0,,,2.8610229492e-05
g4724,sa1,30,0,2.7343750000e-01
g5462,sa1,2,1,5.0000000000e-01
g4886,sa0,,,5.0000000000e-01
g4071,sa1,,,5.0000000000e-01
II7850,sa0,,,5.0000000000e-01
g2795_II7850_A,sa1,,,5.0000000000e-01
g2573,sa1,1,1,5.0000000000e-01
g1649_g2573_A,sa0,,,5.0000000000e-01
g5552,sa1,30,0,3.6376953125e-02
g5490,sa0,2,1,5.0000000000e-01
g4917,sa1,,,5.0000000000e-01
g4102,sa0,,,5.0000000000e-01
II7919,sa1,,,5.0000000000e-01
g3761_II7919_A,sa0,,,5.0000000000e-01
g5480,sa1,2,1,5.0000000000e-01
g4913,sa0,,,5.0000000000e-01
g4092,sa1,,,5.0000000000e-01
II7899,sa0,,,5.0000000000e-01
g3743_II7899_A,sa1,,,5.0000000000e-01
g5516,sa1,2,1,5.0000000000e-01
g4924,sa0,,,5.0000000000e-01
g4113,sa1,,,5.0000000000e-01
II7950,sa0,,,5.0000000000e-01
g2774_II7950_A,sa1,,,5.0000000000e-01
II10889,sa1,18,1,2.4951171875e-01
g2259,sa0,20,1,2.5000000000e-01
g1325,sa1,,,2.5000000000e-01
II10899,sa0,2,1,5.0000000000e-01
g5520_II10899_A,sa0,,,5.0000000000e-01
g2752_II10899_B,sa0,,,5.0000000000e-01
g3716,sa1,3,1,1.5625000000e-02
g2522_g3716_A,sa0,,,1.5625000000e-02
g3735,sa0,3,1,7.8125000000e-03
g1961_g3735_A,sa1,,,7.8125000000e-03
g5633,sa1,30,0,1.4648437500e-01
g4895_g5633_A,sa0,,,1.4648437500e-01
g5525,sa1,2,1,5.0000000000e-01
g4934,sa0,,,5.0000000000e-01
g4125,sa1,,,5.0000000000e-01
II7978,sa0,,,5.0000000000e-01
g3574_II7978_A,sa1,,,5.0000000000e-01
g5625,sa0,30,0,5.3710937500e-03
g2044_g5625_A,sa0,,,5.3710937500e-03
g4957,sa0,,,5.3710937500e-03
g2746_g4957_A,sa0,,,5.3710937500e-03
g2728_g4957_B,sa0,,,5.3710937500e-03
g4320_g4957_C,sa0,,,5.3710937500e-03
g5481,sa0,2,1,5.0000000000e-01
g4914,sa1,,,5.0000000000e-01
g4093,sa0,,,5.0000000000e-01
II7902,sa1,,,5.0000000000e-01
g2709_II7902_A,sa0,,,5.0000000000e-01
g5517,sa0,2,1,5.0000000000e-01
g4925,sa1,,,5.0000000000e-01
g4114,sa0,,,5.0000000000e-01
II7953,sa1,,,5.0000000000e-01
g3542_II7953_A,sa0,,,5.0000000000e-01
g5814,sa0,1,1,5.0000000000e-01
II10475,sa1,,,5.0000000000e-01
g5529_II10475_A,sa0,,,5.0000000000e-01
g1961,sa1,7,1,2.5000000000e-01
g1345_g1961_A,sa0,,,2.5000000000e-01
g6722,sa1,30,0,3.8085937500e-02
g5435,sa1,30,0,2.9296875000e-02
g5121,sa0,,,2.9296875000e-02
II9515,sa1,,,2.9296875000e-02
g4301,sa0,,,2.9296875000e-02
II8264,sa1,,,2.9296875000e-02
g3653,sa0,,,2.9296875000e-02
g2459,sa1,,,2.9296875000e-02
II6299,sa0,,,2.9296875000e-02
g47,sa1,,,2.9296875000e-02
II12869,sa1,8,1,2.4902343750e-01
g1467,sa0,30,0,2.8234863281e-01
g3770,sa1,2,1,2.4414062500e-04
g2551_g3770_A,sa0,,,2.4414062500e-04
g7065,sa0,30,0,3.8085937500e-02
II12833,sa0,,,3.8085937500e-02
g6722_II12833_A,sa0,,,3.8085937500e-02
II12832_II12833_B,sa0,,,3.8085937500e-02
II12834,sa0,,,3.8085937500e-02
g6709_II12834_A,sa0,,,3.8085937500e-02
II12832_II12834_B,sa0,,,3.8085937500e-02
g7082,sa1,30,0,4.0039062500e-02
g2556,sa0,12,1,2.5000000000e-01
g1190,sa1,,,2.5000000000e-01
II13589,sa1,11,1,2.4987792969e-01
II13598,sa1,10,1,2.4975585938e-01
g7244,sa1,2,1,4.8828125000e-04
II13787,sa1,30,0,6.5002441406e-02
g9162,sa0,30,0,7.0562744141e-01
II15848,sa1,30,0,2.5482606888e-01
II15857,sa1,30,0,7.1525573730e-06
g9171,sa0,30,0,7.0562744141e-01
g2106_II8005_D,sa1,0,1,0.0000000000e+00
g2162_II8114_A,sa1,30,0,1.5272796154e-03
g3430_II8412_A,sa1,5,1,1.2207031250e-04
g2020_II8461_C,sa1,0,1,0.0000000000e+00
g150_g6400_A,sa1,18,1,4.9902343750e-01
g2655,sa1,1,1,5.0000000000e-01
g1092_II5620_A,sa1,1,1,3.1250000000e-02
g1913_II6500_A,sa1,6,1,9.3750000000e-02
g1541_II7430_A,sa1,9,1,1.0937500000e-01
g1711_II7512_A,sa1,30,0,4.5776367188e-04
g1904_II8120_A,sa1,2,1,4.6875000000e-02
g3232_II8133_A,sa1,1,1,3.1250000000e-02
g4310_II9233_A,sa1,2,1,6.2500000000e-02
g1783,sa0,1,1,5.0000000000e-01
II5633,sa1,,,5.0000000000e-01
g891_II5633_A,sa0,,,5.0000000000e-01
g1944,sa1,1,1,5.0000000000e-01
II5817,sa0,,,5.0000000000e-01
g1081_II5817_A,sa1,,,5.0000000000e-01
g2844,sa1,1,1,5.0000000000e-01
II6574,sa0,,,5.0000000000e-01
g576_II6574_A,sa1,,,5.0000000000e-01
g3096,sa1,1,1,5.0000000000e-01
II6834,sa0,,,5.0000000000e-01
g287_II6834_A,sa1,,,5.0000000000e-01
g3159,sa1,1,1,5.0000000000e-01
II6856,sa0,,,5.0000000000e-01
g449_II6856_A,sa1,,,5.0000000000e-01
g4267,sa0,1,1,5.0000000000e-01
II8205,sa1,,,5.0000000000e-01
g2655_stem_II8205_A,sa0,,,5.0000000000e-01
g4663,sa0,1,1,2.5000000000e-01
II8904,sa1,,,2.5000000000e-01
g4126,sa0,,,2.5000000000e-01
II7981,sa1,,,2.5000000000e-01
g3555,sa0,,,2.5000000000e-01
g5571,sa1,1,1,5.0000000000e-01
II10032,sa0,,,5.0000000000e-01
g1236_II10032_A,sa1,,,5.0000000000e-01
g6850,sa0,1,1,5.0000000000e-01
II12421,sa1,,,5.0000000000e-01
g6486,sa0,,,5.0000000000e-01
II11648,sa1,,,5.0000000000e-01
g6028_II11648_A,sa0,,,5.0000000000e-01
g7048,sa0,3,1,7.5000000000e-01
II12810,sa1,,,7.5000000000e-01
g6607_II12810_A,sa0,,,7.5000000000e-01
g7290,sa1,1,1,9.7656250000e-04
II13302,sa0,,,9.7656250000e-04
g7164,sa1,,,9.7656250000e-04
II13066,sa0,,,9.7656250000e-04
g6957,sa1,,,9.7656250000e-04
II12672,sa0,,,9.7656250000e-04
g6473,sa1,,,9.7656250000e-04
g7291,sa0,30,0,2.9296875000e-02
II13305,sa1,,,2.9296875000e-02
g7168,sa0,,,2.9296875000e-02
II13072,sa1,,,2.9296875000e-02
g6969,sa0,,,2.9296875000e-02
II12702,sa1,,,2.9296875000e-02
g6497,sa0,,,2.9296875000e-02
g5278_g6497_A,sa0,,,2.9296875000e-02
g5847_g6497_B,sa0,,,2.9296875000e-02
g7425,sa1,1,1,5.0000000000e-01
II13550,sa0,,,5.0000000000e-01
g1173_II13550_A,sa1,,,5.0000000000e-01
g7506,sa1,1,1,5.0000000000e-01
II13698,sa0,,,5.0000000000e-01
g7348,sa1,,,5.0000000000e-01
II13460,sa0,,,5.0000000000e-01
g7263,sa1,,,5.0000000000e-01
II13231,sa0,,,5.0000000000e-01
g6897,sa1,,,5.0000000000e-01
II12564,sa0,,,5.0000000000e-01
g6720,sa1,,,5.0000000000e-01
g6254,sa0,,,5.0000000000e-01
g5683,sa1,,,5.0000000000e-01
II10180,sa0,,,5.0000000000e-01
g4721_II10180_A,sa1,,,5.0000000000e-01
g7507,sa0,1,1,5.0000000000e-01
II13701,sa1,,,5.0000000000e-01
g7349,sa0,,,5.0000000000e-01
II13463,sa1,,,5.0000000000e-01
g7264,sa0,,,5.0000000000e-01
II13234,sa1,,,5.0000000000e-01
g6898,sa0,,,5.0000000000e-01
II12567,sa1,,,5.0000000000e-01
g6721,sa0,,,5.0000000000e-01
g6257,sa1,,,5.0000000000e-01
g5685,sa0,,,5.0000000000e-01
II10186,sa1,,,5.0000000000e-01
g5129_II10186_A,sa0,,,5.0000000000e-01
g7731,sa1,1,1,2.5000000000e-01
II14064,sa0,,,2.5000000000e-01
g7556,sa1,,,2.5000000000e-01
II13846,sa0,,,2.5000000000e-01
g7487,sa1,,,2.5000000000e-01
II13649,sa0,,,2.5000000000e-01
g7281,sa1,,,2.5000000000e-01
II13277,sa0,,,2.5000000000e-01
g7078,sa1,,,2.5000000000e-01
g6683,sa0,,,2.5000000000e-01
g6237,sa1,,,2.5000000000e-01
II11040,sa0,,,2.5000000000e-01
g5299_II11040_A,sa1,,,2.5000000000e-01
g7732,sa0,1,1,5.0000000000e-01
II14067,sa1,,,5.0000000000e-01
g7550,sa0,,,5.0000000000e-01
II13834,sa1,,,5.0000000000e-01
g7466,sa0,,,5.0000000000e-01
II13622,sa1,,,5.0000000000e-01
g7279,sa0,,,5.0000000000e-01
II13271,sa1,,,5.0000000000e-01
g7067,sa0,,,5.0000000000e-01
g6658,sa1,,,5.0000000000e-01
g6224,sa0,,,5.0000000000e-01
II11011,sa1,,,5.0000000000e-01
g5693_II11011_A,sa0,,,5.0000000000e-01
g8217,sa1,1,1,5.0000000000e-01
II14430,sa0,,,5.0000000000e-01
g7836,sa1,,,5.0000000000e-01
II14260,sa0,,,5.0000000000e-01
g7717,sa1,,,5.0000000000e-01
II14028,sa0,,,5.0000000000e-01
g7501,sa1,,,5.0000000000e-01
II13679,sa0,,,5.0000000000e-01
g7259,sa1,,,5.0000000000e-01
g7060,sa0,,,5.0000000000e-01
g6654,sa1,,,5.0000000000e-01
II11942,sa0,,,5.0000000000e-01
g6015_II11942_A,sa1,,,5.0000000000e-01
g8218,sa0,1,1,5.0000000000e-01
II14433,sa1,,,5.0000000000e-01
g8061,sa0,,,5.0000000000e-01
II14330,sa1,,,5.0000000000e-01
g7538,sa0,,,5.0000000000e-01
II13794,sa1,,,5.0000000000e-01
g7346,sa0,,,5.0000000000e-01
II13454,sa1,,,5.0000000000e-01
g7147,sa0,,,5.0000000000e-01
g6904,sa1,,,5.0000000000e-01
g6426,sa0,,,5.0000000000e-01
II11559,sa1,,,5.0000000000e-01
g6065_II11559_A,sa0,,,5.0000000000e-01
g9280,sa0,30,0,9.2663574219e-01
II16006,sa1,,,9.2663574219e-01
g9261_II16006_A,sa0,,,9.2663574219e-01
g6292,sa0,1,1,5.0000000000e-01
II11203,sa1,,,5.0000000000e-01
g6129,sa0,,,5.0000000000e-01
II10758,sa1,,,5.0000000000e-01
g5662_II10758_A,sa0,,,5.0000000000e-01
g9361,sa0,30,0,7.4945068359e-01
II16119,sa1,,,7.4945068359e-01
g9351,sa0,,,7.4945068359e-01
II16103,sa1,,,7.4945068359e-01
g9339,sa0,,,7.4945068359e-01
g9360,sa1,30,0,9.7656250000e-04
II16116,sa0,,,9.7656250000e-04
g9350,sa1,,,9.7656250000e-04
II16100,sa0,,,9.7656250000e-04
g9338,sa1,,,9.7656250000e-04
g9258,sa1,,,9.7656250000e-04
g9334,sa1,,,9.7656250000e-04
g6291,sa1,1,1,5.0000000000e-01
II11200,sa0,,,5.0000000000e-01
g6251,sa1,,,5.0000000000e-01
II11060,sa0,,,5.0000000000e-01
g5453_II11060_A,sa1,,,5.0000000000e-01
g7119,sa1,6,1,7.5000000000e-01
II12945,sa0,,,7.5000000000e-01
g7066,sa1,,,7.5000000000e-01
II12839,sa0,,,7.5000000000e-01
g6630,sa1,,,7.5000000000e-01
II11884,sa0,,,7.5000000000e-01
g6091,sa1,,,7.5000000000e-01
g6373,sa0,1,1,5.0000000000e-01
II11446,sa1,,,5.0000000000e-01
g6062,sa0,,,5.0000000000e-01
II10675,sa1,,,5.0000000000e-01
g5662_II10675_A,sa0,,,5.0000000000e-01
g6381,sa1,1,1,1.9531250000e-03
II11470,sa0,,,1.9531250000e-03
g6095,sa1,,,1.9531250000e-03
II10719,sa0,,,1.9531250000e-03
g5559,sa1,,,1.9531250000e-03
g6382,sa0,30,0,5.8593750000e-02
II11473,sa1,,,5.8593750000e-02
g6069,sa0,,,5.8593750000e-02
II10690,sa1,,,5.8593750000e-02
g5538,sa0,,,5.8593750000e-02
g5132_g5538_A,sa0,,,5.8593750000e-02
g1266,sa0,,,5.8593750000e-02
g5175,sa1,1,1,3.9062500000e-03
II9651,sa0,,,3.9062500000e-03
g4805,sa1,,,3.9062500000e-03
II9136,sa0,,,3.9062500000e-03
g4280,sa1,,,3.9062500000e-03
II8224,sa1,,,3.9062500000e-03
g3019_II8224_A,sa1,,,3.9062500000e-03
g3029_II8224_B,sa1,,,3.9062500000e-03
g3038_II8224_C,sa1,,,3.9062500000e-03
g3052_II8224_D,sa1,,,3.9062500000e-03
II8225,sa1,,,3.9062500000e-03
g3062_II8225_A,sa1,,,3.9062500000e-03
g2712_II8225_B,sa1,,,3.9062500000e-03
g2734_II8225_C,sa1,,,3.9062500000e-03
g2752_II8225_D,sa1,,,3.9062500000e-03
g5176,sa0,1,1,2.5000000000e-01
II9654,sa1,,,2.5000000000e-01
g4792,sa0,,,2.5000000000e-01
II9111,sa1,,,2.5000000000e-01
g4232_II9111_A,sa0,,,2.5000000000e-01
g5742,sa1,3,1,5.0000000000e-01
II10283,sa0,,,5.0000000000e-01
g5643,sa1,,,5.0000000000e-01
II10128,sa0,,,5.0000000000e-01
g4688,sa1,,,5.0000000000e-01
g4193,sa1,,,5.0000000000e-01
g3190,sa1,,,5.0000000000e-01
g5743,sa0,5,1,5.0000000000e-01
II10286,sa1,,,5.0000000000e-01
g5519,sa0,,,5.0000000000e-01
II9929,sa1,,,5.0000000000e-01
g5052,sa0,,,5.0000000000e-01
g7309,sa0,15,1,5.0000000000e-01
II13359,sa1,,,5.0000000000e-01
g7255,sa0,,,5.0000000000e-01
II13209,sa1,,,5.0000000000e-01
g6912,sa0,,,5.0000000000e-01
g7308,sa1,14,1,7.4996948242e-01
II13356,sa0,,,7.4996948242e-01
g7221,sa1,,,7.4996948242e-01
II13157,sa0,,,7.4996948242e-01
g6997,sa1,,,7.4996948242e-01
II12737,sa0,,,7.4996948242e-01
g6460,sa1,,,7.4996948242e-01
g2664,sa1,1,1,5.0000000000e-01
II6463,sa0,,,5.0000000000e-01
g1769,sa1,,,5.0000000000e-01
II5609,sa0,,,5.0000000000e-01
g16_II5609_A,sa1,,,5.0000000000e-01
g4662,sa1,1,1,5.0000000000e-01
II8901,sa0,,,5.0000000000e-01
g4122,sa1,,,5.0000000000e-01
II7973,sa0,,,5.0000000000e-01
g3071_II7973_A,sa1,,,5.0000000000e-01
g3861,sa1,1,1,2.5000000000e-01
II7386,sa0,,,2.5000000000e-01
g3013,sa1,,,2.5000000000e-01
II6764,sa0,,,2.5000000000e-01
g1955_II6764_A,sa1,,,2.5000000000e-01
g6390,sa1,1,1,5.0000000000e-01
II11497,sa0,,,5.0000000000e-01
g6014,sa1,,,5.0000000000e-01
II10614,sa0,,,5.0000000000e-01
g5302_II10614_A,sa1,,,5.0000000000e-01
g6391,sa0,30,0,2.8610229492e-05
II11500,sa1,,,2.8610229492e-05
g6219,sa0,,,2.8610229492e-05
II10998,sa1,,,2.8610229492e-05
g5672,sa0,,,2.8610229492e-05
g5056,sa0,,,2.8610229492e-05
g5039,sa0,,,2.8610229492e-05
g5023,sa0,,,2.8610229492e-05
g2673,sa1,1,1,5.0000000000e-01
II6474,sa0,,,5.0000000000e-01
g1941,sa1,,,5.0000000000e-01
II5812,sa0,,,5.0000000000e-01
g1243,sa1,,,5.0000000000e-01
g3862,sa0,1,1,5.0000000000e-01
II7389,sa1,,,5.0000000000e-01
g3496,sa0,,,5.0000000000e-01
II6974,sa1,,,5.0000000000e-01
g2528_II6974_A,sa0,,,5.0000000000e-01
g8226,sa1,30,0,4.8092651367e-01
II14457,sa0,,,4.8092651367e-01
g8093,sa1,,,4.8092651367e-01
II14370,sa0,,,4.8092651367e-01
g7603,sa1,,,4.8092651367e-01
II13940,sa0,,,4.8092651367e-01
g7355,sa1,,,4.8092651367e-01
II13481,sa0,,,4.8092651367e-01
g7254,sa1,,,4.8092651367e-01
g6923,sa1,,,4.8092651367e-01
g5298,sa1,,,4.8092651367e-01
g8227,sa0,30,0,3.4014892578e-01
II14460,sa1,,,3.4014892578e-01
g7789,sa0,,,3.4014892578e-01
II14224,sa1,,,3.4014892578e-01
g7722,sa0,,,3.4014892578e-01
II14039,sa1,,,3.4014892578e-01
g7449,sa0,,,3.4014892578e-01
g7272,sa0,,,3.4014892578e-01
g6901,sa0,,,3.4014892578e-01
g6525_g6901_A,sa1,,,3.4014892578e-01
g9036,sa1,30,0,1.3000488281e-01
II15522,sa0,,,1.3000488281e-01
g9018,sa1,,,1.3000488281e-01
II15478,sa0,,,1.3000488281e-01
g8910,sa1,,,1.3000488281e-01
II15324,sa0,,,1.3000488281e-01
g8779,sa1,,,1.3000488281e-01
g5184,sa1,3,1,2.5000000000e-01
II9678,sa0,,,2.5000000000e-01
g4808,sa1,,,2.5000000000e-01
II9145,sa0,,,2.5000000000e-01
g4264,sa1,,,2.5000000000e-01
g2490_g4264_A,sa1,,,2.5000000000e-01
g3315,sa1,,,2.5000000000e-01
g5185,sa0,10,1,8.1250000000e-01
II9681,sa1,,,8.1250000000e-01
g4811,sa0,,,8.1250000000e-01
II9158,sa1,,,8.1250000000e-01
g4256,sa0,,,8.1250000000e-01
g3233_g4256_A,sa0,,,8.1250000000e-01
g1444_g4256_B,sa0,,,8.1250000000e-01
g7515,sa1,6,1,8.1250000000e-01
II13725,sa0,,,8.1250000000e-01
g7437,sa1,,,8.1250000000e-01
II13570,sa0,,,8.1250000000e-01
g7198,sa1,,,8.1250000000e-01
II13126,sa0,,,8.1250000000e-01
g6949,sa1,,,8.1250000000e-01
g7516,sa0,2,1,2.5000000000e-01
II13728,sa1,,,2.5000000000e-01
g7439,sa0,,,2.5000000000e-01
II13574,sa1,,,2.5000000000e-01
g7205,sa0,,,2.5000000000e-01
II13131,sa1,,,2.5000000000e-01
g6951,sa0,,,2.5000000000e-01
g5511,sa0,,,2.5000000000e-01
g6595,sa0,,,2.5000000000e-01
g6083_g6595_A,sa1,,,2.5000000000e-01
g7524,sa1,7,1,6.2500000000e-01
II13752,sa0,,,6.2500000000e-01
g7315,sa1,,,6.2500000000e-01
II13373,sa0,,,6.2500000000e-01
g7270,sa1,,,6.2500000000e-01
II13250,sa0,,,6.2500000000e-01
g7036,sa1,,,6.2500000000e-01
g7525,sa0,7,1,3.7500000000e-01
II13755,sa1,,,3.7500000000e-01
g7317,sa0,,,3.7500000000e-01
II13383,sa1,,,3.7500000000e-01
g7275,sa0,,,3.7500000000e-01
II13261,sa1,,,3.7500000000e-01
g7041,sa0,,,3.7500000000e-01
g6734,sa0,,,3.7500000000e-01
g5206,sa0,,,3.7500000000e-01
g4938_g5206_A,sa1,,,3.7500000000e-01
g9117,sa1,16,1,6.2500000000e-01
II15741,sa0,,,6.2500000000e-01
g9083,sa1,,,6.2500000000e-01
II15641,sa0,,,6.2500000000e-01
g9017,sa1,,,6.2500000000e-01
II15475,sa0,,,6.2500000000e-01
g8901,sa1,,,6.2500000000e-01
g9145,sa0,2,1,2.5000762939e-01
II15791,sa1,,,2.5000762939e-01
g9140,sa0,,,2.5000762939e-01
II15784,sa1,,,2.5000762939e-01
g9125,sa0,,,2.5000762939e-01
II15753,sa1,,,2.5000762939e-01
g9080,sa0,,,2.5000762939e-01
g9011,sa0,,,2.5000762939e-01
g5598,sa0,,,2.5000762939e-01
g4938_g5598_A,sa1,,,2.5000762939e-01
g5158,sa0,1,1,5.0000000000e-01
II9600,sa1,,,5.0000000000e-01
g4698,sa0,,,5.0000000000e-01
II8989,sa1,,,5.0000000000e-01
g4537,sa0,,,5.0000000000e-01
g2878,sa1,,,5.0000000000e-01
g2233,sa0,,,5.0000000000e-01
II5960,sa1,,,5.0000000000e-01
g187_II5960_A,sa0,,,5.0000000000e-01
g3835,sa0,1,1,5.0000000000e-01
II7308,sa1,,,5.0000000000e-01
g3074,sa0,,,5.0000000000e-01
II6800,sa1,,,5.0000000000e-01
g2016_II6800_A,sa0,,,5.0000000000e-01
g3834,sa1,1,1,5.0000000000e-01
II7305,sa0,,,5.0000000000e-01
g3048,sa1,,,5.0000000000e-01
II6784,sa0,,,5.0000000000e-01
g2052_II6784_A,sa1,,,5.0000000000e-01
g5733,sa1,3,1,6.2500000000e-01
II10256,sa0,,,6.2500000000e-01
g5401,sa1,,,6.2500000000e-01
II9845,sa0,,,6.2500000000e-01
g4728,sa1,,,6.2500000000e-01
g7740,sa1,11,1,5.0000000000e-01
II14091,sa0,,,5.0000000000e-01
g7589,sa1,,,5.0000000000e-01
II13912,sa0,,,5.0000000000e-01
g7359,sa1,,,5.0000000000e-01
II13493,sa0,,,5.0000000000e-01
g7132,sa1,,,5.0000000000e-01
II12980,sa0,,,5.0000000000e-01
g6929,sa1,,,5.0000000000e-01
g6412,sa1,,,5.0000000000e-01
g6418,sa1,,,5.0000000000e-01
g7741,sa0,13,1,5.0000000000e-01
II14094,sa1,,,5.0000000000e-01
g7593,sa0,,,5.0000000000e-01
II13924,sa1,,,5.0000000000e-01
g7365,sa0,,,5.0000000000e-01
II13509,sa1,,,5.0000000000e-01
g7137,sa0,,,5.0000000000e-01
II12993,sa1,,,5.0000000000e-01
g6933,sa0,,,5.0000000000e-01
g6309,sa1,1,1,5.0000000000e-01
II11254,sa0,,,5.0000000000e-01
g5793,sa1,,,5.0000000000e-01
II10418,sa0,,,5.0000000000e-01
g5453_II10418_A,sa1,,,5.0000000000e-01
g5157,sa1,1,1,5.0000000000e-01
II9597,sa0,,,5.0000000000e-01
g4738,sa1,,,5.0000000000e-01
II9050,sa0,,,5.0000000000e-01
g3881,sa1,,,5.0000000000e-01
g2969,sa0,,,5.0000000000e-01
g2393,sa1,,,5.0000000000e-01
II6267,sa0,,,5.0000000000e-01
g100_II6267_A,sa1,,,5.0000000000e-01
g5148,sa1,1,1,5.0000000000e-01
II9570,sa0,,,5.0000000000e-01
g4696,sa1,,,5.0000000000e-01
II8983,sa0,,,5.0000000000e-01
g4536,sa1,,,5.0000000000e-01
g2877,sa0,,,5.0000000000e-01
g2232,sa1,,,5.0000000000e-01
II5957,sa0,,,5.0000000000e-01
g110_II5957_A,sa1,,,5.0000000000e-01
g5149,sa0,1,1,5.0000000000e-01
II9573,sa1,,,5.0000000000e-01
g4701,sa0,,,5.0000000000e-01
II8994,sa1,,,5.0000000000e-01
g4565,sa0,,,5.0000000000e-01
g2901,sa1,,,5.0000000000e-01
g2284,sa0,,,5.0000000000e-01
II6036,sa1,,,5.0000000000e-01
g130_II6036_A,sa0,,,5.0000000000e-01
g9090,sa1,15,1,5.0000000000e-01
II15660,sa0,,,5.0000000000e-01
g9062,sa1,,,5.0000000000e-01
II15580,sa0,,,5.0000000000e-01
g8985,sa1,,,5.0000000000e-01
g8925,sa1,,,5.0000000000e-01
g8824,sa1,,,5.0000000000e-01
g9091,sa0,18,1,5.0000000000e-01
II15663,sa1,,,5.0000000000e-01
g9066,sa0,,,5.0000000000e-01
II15592,sa1,,,5.0000000000e-01
g8989,sa0,,,5.0000000000e-01
g6318,sa1,4,1,5.0000000000e-01
II11281,sa0,,,5.0000000000e-01
g5785,sa1,,,5.0000000000e-01
II10400,sa0,,,5.0000000000e-01
g5201,sa1,,,5.0000000000e-01
g5030,sa1,,,5.0000000000e-01
g4376,sa1,,,5.0000000000e-01
g4608,sa1,1,1,5.0000000000e-01
II8739,sa0,,,5.0000000000e-01
g3910,sa1,,,5.0000000000e-01
II7523,sa0,,,5.0000000000e-01
g2562_II7523_A,sa1,,,5.0000000000e-01
g6319,sa0,6,1,5.0000000000e-01
II11284,sa1,,,5.0000000000e-01
g5795,sa0,,,5.0000000000e-01
II10424,sa1,,,5.0000000000e-01
g5209,sa0,,,5.0000000000e-01
g4609,sa0,1,1,5.0000000000e-01
II8742,sa1,,,5.0000000000e-01
g3919,sa0,,,5.0000000000e-01
II7554,sa1,,,5.0000000000e-01
g2573_II7554_A,sa0,,,5.0000000000e-01
g6327,sa1,4,1,5.0000000000e-01
II11308,sa0,,,5.0000000000e-01
g5759,sa1,,,5.0000000000e-01
II10350,sa0,,,5.0000000000e-01
g5707,sa1,,,5.0000000000e-01
g4956,sa1,,,5.0000000000e-01
g4343,sa1,,,5.0000000000e-01
g4617,sa1,1,1,5.0000000000e-01
II8766,sa0,,,5.0000000000e-01
g3960,sa1,,,5.0000000000e-01
II7667,sa0,,,5.0000000000e-01
g3052_II7667_A,sa1,,,5.0000000000e-01
g6328,sa0,6,1,5.0000000000e-01
II11311,sa1,,,5.0000000000e-01
g5760,sa0,,,5.0000000000e-01
II10353,sa1,,,5.0000000000e-01
g5710,sa0,,,5.0000000000e-01
g4618,sa0,1,1,5.0000000000e-01
II8769,sa1,,,5.0000000000e-01
g3999,sa0,,,5.0000000000e-01
II7738,sa1,,,5.0000000000e-01
g3038_II7738_A,sa0,,,5.0000000000e-01
g6336,sa1,4,1,5.0000000000e-01
II11335,sa0,,,5.0000000000e-01
g5839,sa1,,,5.0000000000e-01
II10532,sa0,,,5.0000000000e-01
g5253,sa1,,,5.0000000000e-01
g5116,sa1,,,5.0000000000e-01
g4451,sa1,,,5.0000000000e-01
g9108,sa1,15,1,5.0000000000e-01
II15714,sa0,,,5.0000000000e-01
g9077,sa1,,,5.0000000000e-01
II15625,sa0,,,5.0000000000e-01
g9000,sa1,,,5.0000000000e-01
g8940,sa1,,,5.0000000000e-01
g8845,sa1,,,5.0000000000e-01
g4626,sa1,1,1,5.0000000000e-01
II8793,sa0,,,5.0000000000e-01
g3923,sa1,,,5.0000000000e-01
II7564,sa0,,,5.0000000000e-01
g2752_II7564_A,sa1,,,5.0000000000e-01
g6337,sa0,6,1,5.0000000000e-01
II11338,sa1,,,5.0000000000e-01
g5798,sa0,,,5.0000000000e-01
II10433,sa1,,,5.0000000000e-01
g5212,sa0,,,5.0000000000e-01
g4627,sa0,1,1,5.0000000000e-01
II8796,sa1,,,5.0000000000e-01
g3934,sa0,,,5.0000000000e-01
II7599,sa1,,,5.0000000000e-01
g2734_II7599_A,sa0,,,5.0000000000e-01
g6345,sa1,4,1,5.0000000000e-01
II11362,sa0,,,5.0000000000e-01
g5821,sa1,,,5.0000000000e-01
II10488,sa0,,,5.0000000000e-01
g5230,sa1,,,5.0000000000e-01
g5080,sa1,,,5.0000000000e-01
g4410,sa1,,,5.0000000000e-01
g4635,sa1,1,1,5.0000000000e-01
II8820,sa0,,,5.0000000000e-01
g3952,sa1,,,5.0000000000e-01
II7651,sa0,,,5.0000000000e-01
g2573_II7651_A,sa1,,,5.0000000000e-01
g6346,sa0,6,1,5.0000000000e-01
II11365,sa1,,,5.0000000000e-01
g5826,sa0,,,5.0000000000e-01
II10503,sa1,,,5.0000000000e-01
g5235,sa0,,,5.0000000000e-01
g4636,sa0,1,1,5.0000000000e-01
II8823,sa1,,,5.0000000000e-01
g3965,sa0,,,5.0000000000e-01
II7676,sa1,,,5.0000000000e-01
g2584_II7676_A,sa0,,,5.0000000000e-01
g9109,sa0,23,1,5.0000000000e-01
II15717,sa1,,,5.0000000000e-01
g9051,sa0,,,5.0000000000e-01
II15553,sa1,,,5.0000000000e-01
g9009,sa0,,,5.0000000000e-01
g6354,sa1,4,1,5.0000000000e-01
II11389,sa0,,,5.0000000000e-01
g5766,sa1,,,5.0000000000e-01
II10373,sa0,,,5.0000000000e-01
g5722,sa1,,,5.0000000000e-01
g5001,sa1,,,5.0000000000e-01
g4361,sa1,,,5.0000000000e-01
g4644,sa1,1,1,5.0000000000e-01
II8847,sa0,,,5.0000000000e-01
g4025,sa1,,,5.0000000000e-01
II7792,sa0,,,5.0000000000e-01
g3038_II7792_A,sa1,,,5.0000000000e-01
g6355,sa0,6,1,5.0000000000e-01
II11392,sa1,,,5.0000000000e-01
g5800,sa0,,,5.0000000000e-01
II10439,sa1,,,5.0000000000e-01
g5214,sa0,,,5.0000000000e-01
g4645,sa0,1,1,5.0000000000e-01
II8850,sa1,,,5.0000000000e-01
g4031,sa0,,,5.0000000000e-01
II7804,sa1,,,5.0000000000e-01
g3029_II7804_A,sa0,,,5.0000000000e-01
g3844,sa0,1,1,5.0000000000e-01
II7335,sa1,,,5.0000000000e-01
g2910,sa0,,,5.0000000000e-01
II6636,sa1,,,5.0000000000e-01
g1704_II6636_A,sa0,,,5.0000000000e-01
g6363,sa1,4,1,5.0000000000e-01
II11416,sa0,,,5.0000000000e-01
g5829,sa1,,,5.0000000000e-01
II10512,sa0,,,5.0000000000e-01
g5238,sa1,,,5.0000000000e-01
g5094,sa1,,,5.0000000000e-01
g4425,sa1,,,5.0000000000e-01
g6364,sa0,6,1,5.0000000000e-01
II11419,sa1,,,5.0000000000e-01
g5835,sa0,,,5.0000000000e-01
II10528,sa1,,,5.0000000000e-01
g5245,sa0,,,5.0000000000e-01
g9027,sa1,15,1,5.0000000000e-01
II15495,sa0,,,5.0000000000e-01
g8973,sa1,,,5.0000000000e-01
II15423,sa0,,,5.0000000000e-01
g8894,sa1,,,5.0000000000e-01
g8817,sa1,,,5.0000000000e-01
g8645,sa1,,,5.0000000000e-01
g9028,sa0,22,1,5.0000000000e-01
II15498,sa1,,,5.0000000000e-01
g8974,sa0,,,5.0000000000e-01
II15426,sa1,,,5.0000000000e-01
g8895,sa0,,,5.0000000000e-01
g3852,sa1,1,1,5.0000000000e-01
II7359,sa0,,,5.0000000000e-01
g2871,sa1,,,5.0000000000e-01
II6587,sa0,,,5.0000000000e-01
g1708_II6587_A,sa1,,,5.0000000000e-01
g6804,sa1,1,1,5.0000000000e-01
II12283,sa0,,,5.0000000000e-01
g6692,sa1,,,5.0000000000e-01
II12008,sa0,,,5.0000000000e-01
g5897_II12008_A,sa1,,,5.0000000000e-01
g6805,sa0,1,1,5.0000000000e-01
II12286,sa1,,,5.0000000000e-01
g6696,sa0,,,5.0000000000e-01
II12022,sa1,,,5.0000000000e-01
g5874_II12022_A,sa0,,,5.0000000000e-01
g6813,sa1,1,1,5.0000000000e-01
II12310,sa0,,,5.0000000000e-01
g6723,sa1,,,5.0000000000e-01
II12085,sa0,,,5.0000000000e-01
g5971_II12085_A,sa1,,,5.0000000000e-01
g6814,sa0,1,1,5.0000000000e-01
II12313,sa1,,,5.0000000000e-01
g6730,sa0,,,5.0000000000e-01
II12098,sa1,,,5.0000000000e-01
g5956_II12098_A,sa0,,,5.0000000000e-01
g6822,sa1,1,1,5.0000000000e-01
II12337,sa0,,,5.0000000000e-01
g6724,sa1,,,5.0000000000e-01
II12088,sa0,,,5.0000000000e-01
g5874_II12088_A,sa1,,,5.0000000000e-01
g6831,sa1,1,1,5.0000000000e-01
II12364,sa0,,,5.0000000000e-01
g6714,sa1,,,5.0000000000e-01
II12068,sa0,,,5.0000000000e-01
g5847_II12068_A,sa1,,,5.0000000000e-01
g6823,sa0,1,1,5.0000000000e-01
II12340,sa1,,,5.0000000000e-01
g6725,sa0,,,5.0000000000e-01
II12091,sa1,,,5.0000000000e-01
g5988_II12091_A,sa0,,,5.0000000000e-01
g7750,sa0,20,1,5.0000000000e-01
II14121,sa1,,,5.0000000000e-01
g7587,sa0,,,5.0000000000e-01
II13906,sa1,,,5.0000000000e-01
g7358,sa0,,,5.0000000000e-01
II13490,sa1,,,5.0000000000e-01
g7130,sa0,,,5.0000000000e-01
II12976,sa1,,,5.0000000000e-01
g6928,sa0,,,5.0000000000e-01
g6840,sa1,1,1,5.0000000000e-01
II12391,sa0,,,5.0000000000e-01
g6744,sa1,,,5.0000000000e-01
II12124,sa0,,,5.0000000000e-01
g5847_II12124_A,sa1,,,5.0000000000e-01
g6832,sa0,1,1,5.0000000000e-01
II12367,sa1,,,5.0000000000e-01
g6754,sa0,,,5.0000000000e-01
II12135,sa1,,,5.0000000000e-01
g5988_II12135_A,sa0,,,5.0000000000e-01
g6841,sa0,1,1,5.0000000000e-01
II12394,sa1,,,5.0000000000e-01
g6759,sa0,,,5.0000000000e-01
II12148,sa1,,,5.0000000000e-01
g5988_II12148_A,sa0,,,5.0000000000e-01
g5734,sa0,3,1,5.0000000000e-01
II10259,sa1,,,5.0000000000e-01
g5362,sa0,,,5.0000000000e-01
II9823,sa1,,,5.0000000000e-01
g5138,sa0,,,5.0000000000e-01
g6372,sa1,3,1,6.2500000000e-01
II11443,sa0,,,6.2500000000e-01
g6038,sa1,,,6.2500000000e-01
II10649,sa0,,,6.2500000000e-01
g5657,sa1,,,6.2500000000e-01
g2647,sa0,1,1,5.0000000000e-01
II6425,sa1,,,5.0000000000e-01
g1811,sa0,,,5.0000000000e-01
II5679,sa1,,,5.0000000000e-01
g911_II5679_A,sa0,,,5.0000000000e-01
g2646,sa1,1,1,5.0000000000e-01
II6422,sa0,,,5.0000000000e-01
g1805,sa1,,,5.0000000000e-01
II5667,sa0,,,5.0000000000e-01
g916_II5667_A,sa1,,,5.0000000000e-01
g5166,sa1,2,1,5.0000000000e-01
II9624,sa0,,,5.0000000000e-01
g4746,sa1,,,5.0000000000e-01
II9076,sa0,,,5.0000000000e-01
g4353,sa1,,,5.0000000000e-01
g3665,sa0,,,5.0000000000e-01
II7157,sa0,,,5.0000000000e-01
g2331_II7157_A,sa0,,,5.0000000000e-01
II7156_II7157_B,sa0,,,5.0000000000e-01
II7158,sa0,,,5.0000000000e-01
g929_II7158_A,sa0,,,5.0000000000e-01
II7156_II7158_B,sa0,,,5.0000000000e-01
g5167,sa0,3,1,5.0000000000e-01
II9627,sa1,,,5.0000000000e-01
g4777,sa0,,,5.0000000000e-01
II9084,sa1,,,5.0000000000e-01
g4358,sa0,,,5.0000000000e-01
g3680,sa1,,,5.0000000000e-01
g4654,sa0,1,1,1.2500000000e-01
II8877,sa1,,,1.2500000000e-01
g4274,sa0,,,1.2500000000e-01
II8218,sa1,,,1.2500000000e-01
g3002_II8218_A,sa0,,,1.2500000000e-01
g68,sa1,30,0,1.0753003880e-03
g77,sa1,30,0,2.1672938019e-03
g86,sa1,30,0,4.1140615940e-03
g1189,sa0,1,1,2.5000000000e-01
g1558,sa0,1,1,5.0000000000e-01
II5435,sa1,,,5.0000000000e-01
g1461,sa0,,,5.0000000000e-01
g1756,sa0,26,1,2.4996948242e-01
g533,sa1,,,2.4996948242e-01
g2359,sa0,1,1,2.5000000000e-01
g1397,sa1,,,2.5000000000e-01
g3753,sa1,2,1,3.1250000000e-02
g2540_g3753_A,sa0,,,3.1250000000e-02
g4438,sa0,4,1,4.6875000000e-01
II8446,sa1,,,4.6875000000e-01
g3014_II8446_A,sa0,,,4.6875000000e-01
g1980,sa1,6,1,5.6250000000e-01
g1430,sa1,,,5.6250000000e-01
g1431,sa1,,,5.6250000000e-01
g5662,sa0,1,1,5.0000000000e-01
g5027,sa1,,,5.0000000000e-01
II9369,sa0,,,5.0000000000e-01
g3901,sa1,,,5.0000000000e-01
II7492,sa0,,,5.0000000000e-01
g3561,sa1,,,5.0000000000e-01
II7041,sa0,,,5.0000000000e-01
g2401,sa1,,,5.0000000000e-01
g22,sa0,,,5.0000000000e-01
g5445,sa1,1,1,5.0000000000e-01
g5059,sa0,,,5.0000000000e-01
II9419,sa1,,,5.0000000000e-01
g3916,sa0,,,5.0000000000e-01
II7545,sa1,,,5.0000000000e-01
g3589,sa0,,,5.0000000000e-01
II7061,sa1,,,5.0000000000e-01
g2457,sa0,,,5.0000000000e-01
g24,sa1,,,5.0000000000e-01
g5463,sa1,1,1,5.0000000000e-01
g5085,sa0,,,5.0000000000e-01
II9457,sa1,,,5.0000000000e-01
g3940,sa0,,,5.0000000000e-01
II7623,sa1,,,5.0000000000e-01
g3631,sa0,,,5.0000000000e-01
II7098,sa1,,,5.0000000000e-01
g2477,sa0,,,5.0000000000e-01
g25,sa1,,,5.0000000000e-01
g5364,sa1,1,1,5.0000000000e-01
g5124,sa0,,,5.0000000000e-01
II9520,sa1,,,5.0000000000e-01
g3995,sa0,,,5.0000000000e-01
II7728,sa1,,,5.0000000000e-01
g3675,sa0,,,5.0000000000e-01
II7167,sa1,,,5.0000000000e-01
g2505,sa0,,,5.0000000000e-01
g28,sa1,,,5.0000000000e-01
g6076,sa0,30,0,4.6875000000e-01
g5287_g6076_A,sa1,,,4.6875000000e-01
g6246,sa1,1,1,5.0000000000e-01
II11055,sa0,,,5.0000000000e-01
g5696,sa1,,,5.0000000000e-01
II10207,sa0,,,5.0000000000e-01
g5075,sa1,,,5.0000000000e-01
II9443,sa0,,,5.0000000000e-01
g4564,sa1,,,5.0000000000e-01
II8665,sa0,,,5.0000000000e-01
g3051,sa1,,,5.0000000000e-01
II6791,sa0,,,5.0000000000e-01
g1967_II6791_A,sa1,,,5.0000000000e-01
g6543,sa1,19,1,4.8828125000e-01
g6125_g6543_A,sa1,,,4.8828125000e-01
g1553,sa1,,,4.8828125000e-01
g6607,sa0,3,1,7.5000000000e-01
II11827,sa1,,,7.5000000000e-01
g6231,sa0,,,7.5000000000e-01
II11028,sa1,,,7.5000000000e-01
g5642,sa0,,,7.5000000000e-01
II10125,sa1,,,7.5000000000e-01
g5127,sa0,,,7.5000000000e-01
II9525,sa1,,,7.5000000000e-01
g4413,sa0,,,7.5000000000e-01
g6525,sa1,30,0,5.2325439453e-01
g6112_g6525_A,sa1,,,5.2325439453e-01
g5547,sa1,,,5.2325439453e-01
g1872,sa1,2,1,7.8125000000e-03
g971,sa1,,,7.8125000000e-03
g962,sa1,,,7.8125000000e-03
g972,sa1,,,7.8125000000e-03
II5757,sa1,,,7.8125000000e-03
g969,sa1,,,7.8125000000e-03
g970,sa1,,,7.8125000000e-03
g966_II5757_C,sa1,,,7.8125000000e-03
g963_II5757_D,sa1,,,7.8125000000e-03
g6552,sa1,6,1,2.5781250000e-01
II11722,sa0,,,2.5781250000e-01
g5772_II11722_A,sa1,,,2.5781250000e-01
g5580,sa1,7,1,1.2500000000e-01
g4938_g5580_A,sa0,,,1.2500000000e-01
g7705,sa0,9,1,1.2207031250e-04
g7367_g7705_A,sa0,,,1.2207031250e-04
g4514_g7705_B,sa0,,,1.2207031250e-04
g5607,sa1,10,1,1.2500000000e-01
g4938_g5607_A,sa0,,,1.2500000000e-01
g3187,sa0,1,1,5.0000000000e-01
II6860,sa1,,,5.0000000000e-01
g2185_II6860_A,sa0,,,5.0000000000e-01
g7173,sa1,7,1,2.4804687500e-01
g6980_g7173_A,sa0,,,2.4804687500e-01
g1864,sa0,2,1,1.3732910156e-04
g162_g1864_A,sa1,,,1.3732910156e-04
g5616,sa1,12,1,1.2500000000e-01
g4938_g5616_A,sa0,,,1.2500000000e-01
g9261,sa1,30,0,1.0375976563e-03
g9238,sa1,,,1.0375976563e-03
g6227,sa1,,,1.0375976563e-03
II11018,sa0,,,1.0375976563e-03
g5626,sa1,,,1.0375976563e-03
g4748_g5626_A,sa0,,,1.0375976563e-03
g6238,sa0,0,1,0.0000000000e+00
II11043,sa1,,,0.0000000000e+00
g5648,sa0,,,0.0000000000e+00
g4748_g5648_A,sa1,,,0.0000000000e+00
g1945,sa0,2,1,2.5000000000e-01
g1081_g1945_A,sa1,,,2.5000000000e-01
g2935,sa0,3,1,2.1875000000e-01
g1612_g2935_A,sa0,,,2.1875000000e-01
g1077_g2935_B,sa0,,,2.1875000000e-01
g1288,sa0,1,1,5.0000000000e-01
g3573,sa1,3,1,1.2500000000e-01
g2424_g3573_A,sa0,,,1.2500000000e-01
g3582,sa1,1,1,1.5625000000e-02
g2407_g3582_A,sa0,,,1.5625000000e-02
g1296,sa1,1,1,5.0000000000e-01
g3790,sa0,5,1,9.6790313721e-02
g2628,sa1,30,0,6.2035024166e-04
g1573,sa0,,,6.2035024166e-04
g677_g1573_A,sa1,,,6.2035024166e-04
g2637,sa1,30,0,6.2035024166e-04
g1581,sa0,,,6.2035024166e-04
g710_g1581_A,sa1,,,6.2035024166e-04
g4158,sa1,30,0,7.1722269058e-04
g4176,sa1,30,0,9.0661048889e-03
g2727,sa1,1,1,1.2500000000e-01
g2424_g2727_A,sa0,,,1.2500000000e-01
g4194,sa1,30,0,1.0966511071e-01
g2674,sa0,20,1,5.4931640625e-04
g1675,sa1,,,5.4931640625e-04
g1519_g1675_A,sa0,,,5.4931640625e-04
g2683,sa0,20,1,5.4931640625e-04
g1666,sa1,,,5.4931640625e-04
g1472_g1666_A,sa0,,,5.4931640625e-04
g2692,sa0,20,1,5.4931640625e-04
g1671,sa1,,,5.4931640625e-04
g1494_g1671_A,sa0,,,5.4931640625e-04
g3583,sa0,5,1,1.8554687500e-02
g2128_g3583_A,sa1,,,1.8554687500e-02
g1459,sa0,3,1,3.1250000000e-01
g4366,sa0,4,1,3.7500000000e-01
g216_g4366_A,sa0,,,3.7500000000e-01
g3097_g4366_B,sa0,,,3.7500000000e-01
g4375,sa0,4,1,3.7500000000e-01
g219_g4375_A,sa0,,,3.7500000000e-01
g3097_g4375_B,sa0,,,3.7500000000e-01
g4384,sa0,4,1,3.7500000000e-01
g246_g4384_A,sa0,,,3.7500000000e-01
g3097_g4384_B,sa0,,,3.7500000000e-01
g4393,sa0,4,1,3.7500000000e-01
g327_g4393_A,sa0,,,3.7500000000e-01
g3131_g4393_B,sa0,,,3.7500000000e-01
g3097,sa0,30,0,6.8325805664e-01
g2845,sa0,30,0,7.0971679688e-01
g3078,sa1,0,1,0.0000000000e+00
g1603_g3078_A,sa0,,,0.0000000000e+00
g1557,sa1,2,1,9.3750000000e-02
II5432,sa0,,,9.3750000000e-02
g1176_II5432_A,sa1,,,9.3750000000e-02
g4276,sa0,4,1,1.4062500000e-01
g2216_g4276_A,sa0,,,1.4062500000e-01
g2618_g4276_B,sa0,,,1.4062500000e-01
g1179,sa1,3,1,1.0644531250e-01
g4275,sa1,1,1,6.2500000000e-02
g3790_g4275_A,sa0,,,6.2500000000e-02
g4527,sa1,1,1,6.2500000000e-02
g3466_g4527_A,sa0,,,6.2500000000e-02
g2665,sa0,1,1,1.2500000000e-01
g1661,sa1,,,1.2500000000e-01
g1405_g1661_A,sa0,,,1.2500000000e-01
g2746,sa0,4,1,4.8828125000e-04
g2259_g2746_A,sa1,,,4.8828125000e-04
g2728,sa0,4,1,9.7656250000e-04
g2256_g2728_A,sa1,,,9.7656250000e-04
g3933,sa1,3,1,1.8750000000e-01
g3131_g3933_A,sa0,,,1.8750000000e-01
g5068,sa0,2,1,1.2500000000e-01
g475,sa0,,,1.2500000000e-01
g3982,sa0,,,1.2500000000e-01
g3192_g3982_A,sa1,,,1.2500000000e-01
g5077,sa0,2,1,1.2500000000e-01
g236,sa0,,,1.2500000000e-01
g3988,sa0,,,1.2500000000e-01
g3097_g3988_A,sa1,,,1.2500000000e-01
g4932,sa1,1,1,3.9062500000e-03
g4202_g4932_A,sa0,,,3.9062500000e-03
g4159,sa0,1,1,1.2500000000e-01
g1102_g4159_A,sa0,,,1.2500000000e-01
g3498,sa0,,,1.2500000000e-01
g1616_g3498_A,sa1,,,1.2500000000e-01
g1638,sa1,1,1,6.2500000000e-02
g1092_g1638_A,sa0,,,6.2500000000e-02
g5428,sa0,2,1,1.5625000000e-02
g775_g5428_A,sa0,,,1.5625000000e-02
g4707_g5428_B,sa0,,,1.5625000000e-02
g5562,sa1,6,1,1.2500000000e-01
g4168,sa0,1,1,1.2500000000e-01
g1106_g4168_A,sa0,,,1.2500000000e-01
g3500,sa0,,,1.2500000000e-01
g1616_g3500_A,sa1,,,1.2500000000e-01
g6058,sa0,5,1,2.5000000000e-01
g5561,sa0,,,2.5000000000e-01
g3501,sa0,,,2.5000000000e-01
g2185_g3501_A,sa1,,,2.5000000000e-01
g2817,sa1,1,1,1.2500000000e-01
g1849_g2817_A,sa0,,,1.2500000000e-01
g5724,sa1,1,1,1.5625000000e-02
g4969_g5724_A,sa0,,,1.5625000000e-02
g6409,sa0,18,1,4.9902343750e-01
g706_g6409_A,sa0,,,4.9902343750e-01
g6020,sa0,,,4.9902343750e-01
g5367_g6020_A,sa1,,,4.9902343750e-01
g6418,sa0,2,1,9.7656250000e-04
g5897_g6418_A,sa0,,,9.7656250000e-04
g5494_g6418_B,sa0,,,9.7656250000e-04
g6048,sa1,1,1,4.8828125000e-04
g5246_g6048_A,sa0,,,4.8828125000e-04
g4681,sa0,1,1,3.9062500000e-03
g4255,sa0,,,3.9062500000e-03
g3605_g4255_A,sa0,,,3.9062500000e-03
g3644_g4255_B,sa0,,,3.9062500000e-03
g3635_g4255_C,sa0,,,3.9062500000e-03
II8186,sa0,,,3.9062500000e-03
g3778,sa0,,,3.9062500000e-03
g2145_g3778_A,sa1,,,3.9062500000e-03
g3549_II8186_B,sa0,,,3.9062500000e-03
g3568_II8186_C,sa0,,,3.9062500000e-03
g3583_II8186_D,sa0,,,3.9062500000e-03
g3533_g4681_B,sa0,,,3.9062500000e-03
g5526,sa1,1,1,5.0000000000e-01
g5086,sa0,,,5.0000000000e-01
II9460,sa1,,,5.0000000000e-01
g3941,sa0,,,5.0000000000e-01
II7626,sa1,,,5.0000000000e-01
g3632,sa0,,,5.0000000000e-01
II7101,sa1,,,5.0000000000e-01
g2478,sa0,,,5.0000000000e-01
g31,sa1,,,5.0000000000e-01
g6715,sa0,18,1,4.9902343750e-01
g677_g6715_A,sa0,,,4.9902343750e-01
g5843,sa0,,,4.9902343750e-01
g5367_g5843_A,sa1,,,4.9902343750e-01
g6733,sa0,18,1,4.9902343750e-01
g685_g6733_A,sa0,,,4.9902343750e-01
g5873,sa0,,,4.9902343750e-01
g5367_g5873_A,sa1,,,4.9902343750e-01
g6570,sa1,30,0,3.5586547852e-01
g4744,sa0,3,1,1.8750000000e-01
g3525,sa0,,,1.8750000000e-01
II7010,sa0,,,1.8750000000e-01
g2295_II7010_A,sa0,,,1.8750000000e-01
II7009_II7010_B,sa0,,,1.8750000000e-01
II7011,sa0,,,1.8750000000e-01
g2333_II7011_A,sa0,,,1.8750000000e-01
II7009_II7011_B,sa0,,,1.8750000000e-01
g4296,sa0,,,1.8750000000e-01
g3790_g4296_A,sa1,,,1.8750000000e-01
g6490,sa0,5,1,2.5000000000e-01
II11656,sa1,,,2.5000000000e-01
g5772_II11656_A,sa0,,,2.5000000000e-01
g5661,sa1,6,1,2.5000000000e-01
g6517,sa0,1,1,2.5000000000e-01
II11701,sa1,,,2.5000000000e-01
g5772_II11701_A,sa0,,,2.5000000000e-01
g3519,sa1,0,1,0.0000000000e+00
g2185_g3519_A,sa0,,,0.0000000000e+00
g6435,sa1,8,1,1.2500000000e-01
g6562,sa0,30,0,4.6875000000e-01
II11736,sa1,,,4.6875000000e-01
g6076_II11736_A,sa0,,,4.6875000000e-01
g6615,sa1,8,1,2.5000000000e-01
g6705,sa1,5,1,3.7500000000e-01
g6157,sa1,,,3.7500000000e-01
g5583,sa1,,,3.7500000000e-01
g6157,sa0,2,1,3.1250000000e-01
g1130_g6157_A,sa0,,,3.1250000000e-01
g5717,sa0,,,3.1250000000e-01
g4969_g5717_A,sa1,,,3.1250000000e-01
g7183,sa0,9,1,2.5000000000e-01
g6132,sa0,,,2.5000000000e-01
g7042,sa0,,,2.5000000000e-01
g6543_g7042_A,sa1,,,2.5000000000e-01
g6138,sa1,10,1,2.4609375000e-01
g5438,sa1,,,2.4609375000e-01
g5442,sa1,,,2.4609375000e-01
g4186,sa0,1,1,1.2500000000e-01
g1118_g4186_A,sa0,,,1.2500000000e-01
g3520,sa0,,,1.2500000000e-01
g1616_g3520_A,sa1,,,1.2500000000e-01
g7192,sa0,8,1,2.5000000000e-01
g7026,sa0,,,2.5000000000e-01
g3526,sa0,,,2.5000000000e-01
g2185_g3526_A,sa1,,,2.5000000000e-01
g6166,sa0,4,1,2.1875000000e-01
g1509_g6166_A,sa0,,,2.1875000000e-01
g5725,sa0,,,2.1875000000e-01
g4841_g5725_A,sa1,,,2.1875000000e-01
g6049,sa0,2,1,3.1250000000e-01
g1045_g6049_A,sa0,,,3.1250000000e-01
g5597,sa0,,,3.1250000000e-01
g4969_g5597_A,sa1,,,3.1250000000e-01
g7272,sa1,30,0,1.2304687500e-01
g6182,sa1,,,1.2304687500e-01
g7038,sa1,,,1.2304687500e-01
g7606,sa0,2,1,1.2500000000e-01
g7471_g7606_A,sa0,,,1.2500000000e-01
g3466_g7606_B,sa0,,,1.2500000000e-01
g7615,sa0,1,1,1.2500000000e-01
g7488_g7615_A,sa0,,,1.2500000000e-01
g3466_g7615_B,sa0,,,1.2500000000e-01
g7480,sa0,30,0,3.8574218750e-02
II13639,sa0,,,3.8574218750e-02
g7257_II13639_A,sa0,,,3.8574218750e-02
II13638_II13639_B,sa0,,,3.8574218750e-02
II13640,sa0,,,3.8574218750e-02
g7069_II13640_A,sa0,,,3.8574218750e-02
II13638_II13640_B,sa0,,,3.8574218750e-02
g4546,sa0,18,1,4.9902343750e-01
g2643,sa0,,,4.9902343750e-01
g1589,sa1,,,4.9902343750e-01
g746_g1589_A,sa0,,,4.9902343750e-01
g746_g4546_B,sa0,,,4.9902343750e-01
g4690,sa0,4,1,7.0312500000e-02
g4081,sa0,,,7.0312500000e-02
II7870,sa1,,,7.0312500000e-02
g2827,sa0,,,7.0312500000e-02
g1889_g2827_A,sa0,,,7.0312500000e-02
g1690_g2827_B,sa0,,,7.0312500000e-02
g3078,sa0,,,7.0312500000e-02
g1603_g3078_A,sa1,,,7.0312500000e-02
g7417,sa0,10,1,1.2500000000e-01
g7144,sa0,,,1.2500000000e-01
II13017,sa0,,,1.2500000000e-01
g6941_II13017_A,sa0,,,1.2500000000e-01
II13016_II13017_B,sa0,,,1.2500000000e-01
II13018,sa0,,,1.2500000000e-01
g1142_II13018_A,sa0,,,1.2500000000e-01
II13016_II13018_B,sa0,,,1.2500000000e-01
g1616_g7417_B,sa0,,,1.2500000000e-01
g7471,sa0,4,1,1.2504577637e-01
g7233,sa1,,,1.2504577637e-01
g6940,sa0,,,1.2504577637e-01
II12639,sa1,,,1.2504577637e-01
g6506,sa0,,,1.2504577637e-01
II11680,sa1,,,1.2504577637e-01
g5939_II11680_A,sa0,,,1.2504577637e-01
g95,sa1,1,1,5.0000000000e-01
g4554,sa1,2,1,6.1035156250e-05
g2892,sa0,,,6.1035156250e-05
g2266,sa1,,,6.1035156250e-05
II6003,sa0,,,6.1035156250e-05
g228_II6003_A,sa1,,,6.1035156250e-05
g4581,sa1,2,1,6.1035156250e-05
g2921,sa0,,,6.1035156250e-05
g2312,sa1,,,6.1035156250e-05
II6093,sa0,,,6.1035156250e-05
g468_II6093_A,sa1,,,6.1035156250e-05
g8154,sa1,13,1,3.7500000000e-01
g6054,sa1,,,3.7500000000e-01
g7607,sa1,,,3.7500000000e-01
g8650,sa0,26,1,4.9993896484e-01
g591_g8650_A,sa0,,,4.9993896484e-01
g8094_g8650_B,sa0,,,4.9993896484e-01
g2709,sa1,2,1,5.0000000000e-01
g1747,sa0,,,5.0000000000e-01
g599,sa1,,,5.0000000000e-01
g3574,sa0,2,1,5.0000000000e-01
g1771,sa1,,,5.0000000000e-01
g609,sa0,,,5.0000000000e-01
g2818,sa0,2,1,5.0000000000e-01
g1792,sa1,,,5.0000000000e-01
g616,sa0,,,5.0000000000e-01
g2863,sa0,2,1,5.0000000000e-01
g1778,sa1,,,5.0000000000e-01
g613,sa0,,,5.0000000000e-01
g4545,sa1,2,1,6.1035156250e-05
g2887,sa0,,,6.1035156250e-05
g2241,sa1,,,6.1035156250e-05
II5984,sa0,,,6.1035156250e-05
g540_II5984_A,sa1,,,6.1035156250e-05
g8821,sa0,26,1,4.9993896484e-01
g339_g8821_A,sa0,,,4.9993896484e-01
g8545_g8821_B,sa0,,,4.9993896484e-01
g8541,sa1,30,0,9.1552734375e-04
g8094_g8541_A,sa0,,,9.1552734375e-04
g8830,sa0,26,1,4.9993896484e-01
g345_g8830_A,sa0,,,4.9993896484e-01
g8545_g8830_B,sa0,,,4.9993896484e-01
g4590,sa1,2,1,6.1035156250e-05
g2932,sa0,,,6.1035156250e-05
g2329,sa1,,,6.1035156250e-05
II6130,sa0,,,6.1035156250e-05
g560_II6130_A,sa1,,,6.1035156250e-05
g8524,sa0,30,0,7.0345401764e-04
g7855_g8524_A,sa1,,,7.0345401764e-04
g8074,sa0,2,1,6.1035156250e-05
g855_g8074_A,sa0,,,6.1035156250e-05
g7616_g8074_B,sa0,,,6.1035156250e-05
g8920,sa0,2,1,6.1035156250e-05
g4578,sa0,,,6.1035156250e-05
g2917,sa1,,,6.1035156250e-05
g2309,sa0,,,6.1035156250e-05
II6084,sa1,,,6.1035156250e-05
g240_II6084_A,sa0,,,6.1035156250e-05
g8746,sa0,,,6.1035156250e-05
g8524_g8746_A,sa1,,,6.1035156250e-05
g4572,sa1,2,1,6.1035156250e-05
g2909,sa0,,,6.1035156250e-05
g2291,sa1,,,6.1035156250e-05
II6057,sa0,,,6.1035156250e-05
g518_II6057_A,sa1,,,6.1035156250e-05
g8623,sa0,2,1,6.1035156250e-05
g755,sa0,,,6.1035156250e-05
g8199_g8623_B,sa0,,,6.1035156250e-05
g6075,sa1,20,1,9.7656250000e-04
g5345_g6075_A,sa0,,,9.7656250000e-04
g6093,sa1,20,1,8.5449218750e-04
g5345_g6093_A,sa0,,,8.5449218750e-04
g9054,sa1,20,1,9.7656250000e-04
g8724,sa1,,,9.7656250000e-04
g8729,sa1,,,9.7656250000e-04
g9013,sa1,,,9.7656250000e-04
g8680,sa1,,,9.7656250000e-04
g8493_g8680_A,sa1,,,9.7656250000e-04
g8239_g8680_B,sa1,,,9.7656250000e-04
II14834,sa1,,,9.7656250000e-04
g8483_II14834_A,sa1,,,9.7656250000e-04
g8464_II14834_B,sa1,,,9.7656250000e-04
g8514_II14834_C,sa1,,,9.7656250000e-04
g9037,sa0,30,0,9.7656250000e-03
g8965,sa0,,,9.7656250000e-03
g5345_g9037_B,sa0,,,9.7656250000e-03
g9135,sa1,30,0,1.3427734375e-03
g8951,sa1,,,1.3427734375e-03
g9130,sa1,,,1.3427734375e-03
g9118,sa0,30,0,1.0437011719e-02
g9046,sa0,,,1.0437011719e-02
g5345_g9118_B,sa0,,,1.0437011719e-02
g9226,sa0,30,0,3.5243391991e-01
g9220,sa0,,,3.5243391991e-01
g9205,sa1,,,3.5243391991e-01
g5403_g9226_B,sa0,,,3.5243391991e-01
g9271,sa0,30,0,3.7719726563e-01
g4748_g9271_A,sa0,,,3.7719726563e-01
g9244_g9271_B,sa0,,,3.7719726563e-01
g9244,sa0,30,0,6.9226074219e-01
II15974,sa1,,,6.9226074219e-01
g9234,sa0,,,6.9226074219e-01
II15956,sa1,,,6.9226074219e-01
g9216,sa0,,,6.9226074219e-01
II15924,sa1,,,6.9226074219e-01
g9207,sa0,,,6.9226074219e-01
g9197,sa1,,,6.9226074219e-01
g9186,sa0,,,6.9226074219e-01
II15836,sa1,,,6.9226074219e-01
g9165_II15836_A,sa0,,,6.9226074219e-01
g9252,sa1,30,0,1.1596679688e-03
II15982,sa0,,,1.1596679688e-03
g9236,sa1,,,1.1596679688e-03
II15962,sa0,,,1.1596679688e-03
g9218,sa1,,,1.1596679688e-03
II15930,sa0,,,1.1596679688e-03
g9209,sa1,,,1.1596679688e-03
g9199,sa0,,,1.1596679688e-03
g9188,sa1,,,1.1596679688e-03
II15842,sa0,,,1.1596679688e-03
g9171_II15842_A,sa1,,,1.1596679688e-03
g9324,sa1,30,0,9.3383789063e-03
II16072,sa0,,,9.3383789063e-03
g9303,sa1,,,9.3383789063e-03
g9301,sa0,,,9.3383789063e-03
g9260,sa1,,,9.3383789063e-03
II15990,sa0,,,9.3383789063e-03
g9239,sa1,,,9.3383789063e-03
g7653,sa1,,,9.3383789063e-03
g9226,sa1,,,9.3383789063e-03
g9334,sa0,30,0,4.2669677734e-01
g9318,sa0,,,4.2669677734e-01
g9304,sa1,,,4.2669677734e-01
g9298,sa0,,,4.2669677734e-01
II16020,sa1,,,4.2669677734e-01
g9264_II16020_A,sa0,,,4.2669677734e-01
g6205,sa0,,,4.2669677734e-01
g5628_g6205_A,sa1,,,4.2669677734e-01
g9333,sa1,30,0,1.3427734375e-03
g9323,sa0,,,1.3427734375e-03
g9315,sa1,,,1.3427734375e-03
II16061,sa0,,,1.3427734375e-03
g9294_II16061_A,sa1,,,1.3427734375e-03
g9343,sa0,30,0,4.2319297791e-04
g9328,sa0,,,4.2319297791e-04
g9324_g9328_A,sa0,,,4.2319297791e-04
g6465,sa0,,,4.2319297791e-04
g1738,sa0,,,4.2319297791e-04
g741_g1738_A,sa1,,,4.2319297791e-04
g1369,sa0,1,1,1.2207031250e-04
g1378,sa0,1,1,1.2207031250e-04
g1387,sa0,1,1,1.2207031250e-04
g2395,sa0,30,0,2.8610229492e-05
II6274,sa0,,,2.8610229492e-05
g840_II6274_A,sa0,,,2.8610229492e-05
II6273_II6274_B,sa0,,,2.8610229492e-05
II6275,sa0,,,2.8610229492e-05
g906_II6275_A,sa0,,,2.8610229492e-05
II6273_II6275_B,sa0,,,2.8610229492e-05
g4483,sa0,16,1,1.2159347534e-04
II8523,sa0,,,1.2159347534e-04
g3430_II8523_A,sa0,,,1.2159347534e-04
g3398_II8523_B,sa0,,,1.2159347534e-04
g3359_II8523_C,sa0,,,1.2159347534e-04
g3341_II8523_D,sa0,,,1.2159347534e-04
II8524,sa0,,,1.2159347534e-04
g3316_II8524_A,sa0,,,1.2159347534e-04
g2057_II8524_B,sa0,,,1.2159347534e-04
g3264_II8524_C,sa0,,,1.2159347534e-04
g1987_II8524_D,sa0,,,1.2159347534e-04
g4735,sa0,30,0,4.1532516479e-04
g3907,sa0,30,0,4.5776367188e-04
II7511,sa0,,,4.5776367188e-04
g2992_II7511_A,sa0,,,4.5776367188e-04
II7510_II7511_B,sa0,,,4.5776367188e-04
II7512,sa0,,,4.5776367188e-04
g1711_II7512_A,sa0,,,4.5776367188e-04
II7510_II7512_B,sa0,,,4.5776367188e-04
g3925,sa0,30,0,4.5776367188e-04
II7575,sa0,,,4.5776367188e-04
g2999_II7575_A,sa0,,,4.5776367188e-04
II7574_II7575_B,sa0,,,4.5776367188e-04
II7576,sa0,,,4.5776367188e-04
g1718_II7576_A,sa0,,,4.5776367188e-04
II7574_II7576_B,sa0,,,4.5776367188e-04
g1909,sa0,30,0,3.3486902714e-02
g998,sa1,,,3.3486902714e-02
g6184,sa0,1,1,6.2500000000e-02
g1855,sa0,1,1,6.2500000000e-02
g866_g1855_A,sa1,,,6.2500000000e-02
g1926,sa1,2,1,2.8125000000e-01
g874,sa0,,,2.8125000000e-01
g6175,sa0,30,0,2.7343750000e-02
g4332,sa0,,,2.7343750000e-02
g3681_g4332_A,sa0,,,2.7343750000e-02
g2368_g4332_B,sa0,,,2.7343750000e-02
g5614,sa0,,,2.7343750000e-02
g6193,sa0,1,1,6.2500000000e-02
g7083,sa1,1,1,3.1250000000e-02
g5448_g7083_A,sa1,,,3.1250000000e-02
g6267,sa1,,,3.1250000000e-02
II11086,sa0,,,3.1250000000e-02
g5397_II11086_A,sa1,,,3.1250000000e-02
g6710,sa1,,,3.1250000000e-02
g55_g6710_A,sa1,,,3.1250000000e-02
g6264,sa1,,,3.1250000000e-02
g5403_g6264_A,sa0,,,3.1250000000e-02
g5418,sa1,1,1,5.0000000000e-01
g5100,sa0,,,5.0000000000e-01
II9484,sa1,,,5.0000000000e-01
g3957,sa0,,,5.0000000000e-01
II7662,sa1,,,5.0000000000e-01
g3642,sa0,,,5.0000000000e-01
II7118,sa1,,,5.0000000000e-01
g2484,sa0,,,5.0000000000e-01
g45,sa1,,,5.0000000000e-01
g3492,sa1,6,1,2.9754638672e-04
II6970,sa0,,,2.9754638672e-04
g1872_II6970_A,sa1,,,2.9754638672e-04
g3591,sa1,1,1,5.0000000000e-01
g1789_g3591_A,sa0,,,5.0000000000e-01
g8091,sa1,30,0,1.1985778809e-01
g7215,sa1,,,1.1985778809e-01
g6452_g8091_B,sa1,,,1.1985778809e-01
II14366,sa1,,,1.1985778809e-01
g7566_II14366_A,sa1,,,1.1985778809e-01
g1030_II14366_B,sa1,,,1.1985778809e-01
g6664_II14366_C,sa1,,,1.1985778809e-01
g1837,sa0,30,0,9.9639892578e-03
g1007,sa1,,,9.9639892578e-03
g8029,sa0,2,1,1.2207031250e-04
II14318,sa1,,,1.2207031250e-04
g7657,sa0,,,1.2207031250e-04
g7367_g7657_A,sa0,,,1.2207031250e-04
g4201,sa0,,,1.2207031250e-04
II8108,sa0,,,1.2207031250e-04
g2162_II8108_A,sa0,,,1.2207031250e-04
g2149_II8108_B,sa0,,,1.2207031250e-04
g2137_II8108_C,sa0,,,1.2207031250e-04
g2106_II8108_D,sa0,,,1.2207031250e-04
II8109,sa0,,,1.2207031250e-04
g2074_II8109_A,sa0,,,1.2207031250e-04
g3287_II8109_B,sa0,,,1.2207031250e-04
g3264_II8109_C,sa0,,,1.2207031250e-04
g3238_II8109_D,sa0,,,1.2207031250e-04
g8461,sa0,2,1,6.1035156250e-05
g658_g8461_A,sa0,,,6.1035156250e-05
g7793_g8461_B,sa0,,,6.1035156250e-05
g8380,sa0,2,1,6.1035156250e-05
g681_g8380_A,sa0,,,6.1035156250e-05
g7887_g8380_B,sa0,,,6.1035156250e-05
g8236,sa0,30,0,7.3730468750e-01
II14959,sa0,8,1,2.4414062500e-04
g8308,sa0,2,1,6.1035156250e-05
g510_g8308_A,sa0,,,6.1035156250e-05
g7966_g8308_B,sa0,,,6.1035156250e-05
g8362,sa0,2,1,6.1035156250e-05
g504_g8362_A,sa0,,,6.1035156250e-05
g7966_g8362_B,sa0,,,6.1035156250e-05
g8542,sa0,2,1,6.1035156250e-05
g661_g8542_A,sa0,,,6.1035156250e-05
g7887_g8542_B,sa0,,,6.1035156250e-05
g8082,sa1,0,1,0.0000000000e+00
g7654_g8082_A,sa1,,,0.0000000000e+00
g7628_g8082_B,sa1,,,0.0000000000e+00
g7611_g8082_C,sa1,,,0.0000000000e+00
g8181,sa1,30,0,3.9806365967e-03
II14420,sa0,,,3.9806365967e-03
g7554,sa1,,,3.9806365967e-03
g7920,sa1,30,0,4.0204524994e-03
II14282,sa0,,,4.0204524994e-03
g7709,sa1,,,4.0204524994e-03
g8407,sa0,9,1,1.2207031250e-04
g8013,sa1,,,1.2207031250e-04
g7561,sa0,,,1.2207031250e-04
g7367_g7561_A,sa0,,,1.2207031250e-04
g4163_g7561_B,sa0,,,1.2207031250e-04
g8514,sa1,30,0,1.2939453125e-02
g8040,sa0,,,1.2939453125e-02
g7699,sa1,,,1.2939453125e-02
g8281,sa0,2,1,6.1035156250e-05
g168_g8281_A,sa0,,,6.1035156250e-05
g8042_g8281_B,sa0,,,6.1035156250e-05
g8263,sa0,2,1,6.1035156250e-05
g4555,sa0,,,6.1035156250e-05
g2894,sa1,,,6.1035156250e-05
g2267,sa0,,,6.1035156250e-05
II6006,sa1,,,6.1035156250e-05
g306_II6006_A,sa0,,,6.1035156250e-05
g7905_g8263_B,sa0,,,6.1035156250e-05
g8272,sa0,2,1,6.1035156250e-05
g158_g8272_A,sa0,,,6.1035156250e-05
g8042_g8272_B,sa0,,,6.1035156250e-05
g8317,sa0,2,1,6.1035156250e-05
g547_g8317_A,sa0,,,6.1035156250e-05
g8181_g8317_B,sa0,,,6.1035156250e-05
g8722,sa0,2,1,6.1035156250e-05
g2787_g8722_A,sa0,,,6.1035156250e-05
g8386_g8722_B,sa0,,,6.1035156250e-05
g8812,sa0,30,0,7.5683593750e-03
g8731,sa0,2,1,6.1035156250e-05
g2743_g8731_A,sa0,,,6.1035156250e-05
g8421_g8731_B,sa0,,,6.1035156250e-05
g8290,sa0,2,1,6.1035156250e-05
g588_g8290_A,sa0,,,6.1035156250e-05
g8181_g8290_B,sa0,,,6.1035156250e-05
g8335,sa0,2,1,6.1035156250e-05
g342_g8335_A,sa0,,,6.1035156250e-05
g7870_g8335_B,sa0,,,6.1035156250e-05
g8803,sa0,30,0,7.5683593750e-03
g8713,sa0,2,1,6.1035156250e-05
g2777_g8713_A,sa0,,,6.1035156250e-05
g8421_g8713_B,sa0,,,6.1035156250e-05
g8326,sa0,2,1,6.1035156250e-05
g258_g8326_A,sa0,,,6.1035156250e-05
g7838_g8326_B,sa0,,,6.1035156250e-05
g8704,sa0,2,1,6.1035156250e-05
g2829_g8704_A,sa0,,,6.1035156250e-05
g8386_g8704_B,sa0,,,6.1035156250e-05
g8443,sa0,8,1,1.2207031250e-04
g8015,sa1,,,1.2207031250e-04
g7689,sa0,,,1.2207031250e-04
g7367_g7689_A,sa0,,,1.2207031250e-04
g4417_g7689_B,sa0,,,1.2207031250e-04
g8613,sa1,0,1,0.0000000000e+00
g8082_g8613_A,sa1,,,0.0000000000e+00
g7616_g8613_B,sa1,,,0.0000000000e+00
g8740,sa0,2,1,6.1035156250e-05
g2966_g8740_A,sa0,,,6.1035156250e-05
g8493_g8740_B,sa0,,,6.1035156250e-05
g1098,sa1,4,1,2.5048828125e-01
g1494,sa1,30,0,4.1009521484e-01
g2386,sa0,2,1,3.1250000000e-02
g1130_g2386_A,sa0,,,3.1250000000e-02
g1092_g2386_B,sa0,,,3.1250000000e-02
g1728,sa1,9,1,3.7500000000e-01
g2295,sa1,8,1,2.8429031372e-01
g995_g2295_A,sa0,,,2.8429031372e-01
g1639,sa0,1,1,5.0000000000e-01
g1207_g1639_A,sa1,,,5.0000000000e-01
g1918,sa0,5,1,5.0000000000e-01
g822_g1918_A,sa1,,,5.0000000000e-01
g3681,sa1,30,0,2.3345947266e-02
g2368,sa0,30,0,1.2054443359e-03
g3808,sa0,3,1,6.1988714151e-05
g1827,sa1,,,6.1988714151e-05
g762,sa0,,,6.1988714151e-05
g3780,sa1,3,1,6.1988714151e-05
g1847,sa0,,,6.1988714151e-05
g765,sa1,,,6.1988714151e-05
g3771,sa1,3,1,6.1988714151e-05
g1853,sa0,,,6.1988714151e-05
g766,sa1,,,6.1988714151e-05
g3258,sa1,30,1,2.3437500000e-01
g3825,sa1,4,1,6.1511935201e-05
g1826,sa0,,,6.1511935201e-05
g632,sa1,,,6.1511935201e-05
g2790,sa1,3,1,6.1273545725e-05
g1793,sa0,,,6.1273545725e-05
g626,sa1,,,6.1273545725e-05
g2764,sa0,3,1,6.1273545725e-05
g1802,sa1,,,6.1273545725e-05
g628,sa0,,,6.1273545725e-05
g2467,sa0,30,0,2.7894973755e-05
II6305,sa1,,,2.7894973755e-05
g1333_II6305_A,sa0,,,2.7894973755e-05
g4239,sa1,30,0,1.2695312500e-01
g4059,sa1,30,0,8.5205078125e-02
g1935,sa1,4,1,1.2792968750e-01
g1280_g1935_A,sa0,,,1.2792968750e-01
g1908,sa1,5,1,2.4218750000e-01
g812_g1908_A,sa0,,,2.4218750000e-01
g1549,sa0,9,1,2.5390625000e-01
g5284,sa0,15,1,3.2031250000e-01
g4344_g5284_A,sa0,,,3.2031250000e-01
g4335_g5284_B,sa0,,,3.2031250000e-01
g4963_g5284_C,sa0,,,3.2031250000e-01
g4905,sa1,2,1,3.1250000000e-02
g4528,sa0,30,0,7.1525573730e-06
II8606,sa0,,,7.1525573730e-06
g2487_II8606_A,sa0,,,7.1525573730e-06
II8605_II8606_B,sa0,,,7.1525573730e-06
II8607,sa0,,,7.1525573730e-06
g2764_II8607_A,sa0,,,7.1525573730e-06
II8605_II8607_B,sa0,,,7.1525573730e-06
g4294,sa0,30,0,7.1525573730e-06
II8244,sa0,,,7.1525573730e-06
g2011_II8244_A,sa0,,,7.1525573730e-06
II8243_II8244_B,sa0,,,7.1525573730e-06
II8245,sa0,,,7.1525573730e-06
g3506_II8245_A,sa0,,,7.1525573730e-06
II8243_II8245_B,sa0,,,7.1525573730e-06
g4456,sa0,30,0,7.1525573730e-06
II8471,sa0,,,7.1525573730e-06
g2525_II8471_A,sa0,,,7.1525573730e-06
II8470_II8471_B,sa0,,,7.1525573730e-06
II8472,sa0,,,7.1525573730e-06
g2821_II8472_A,sa0,,,7.1525573730e-06
II8470_II8472_B,sa0,,,7.1525573730e-06
g4492,sa0,30,0,7.1525573730e-06
II8537,sa0,,,7.1525573730e-06
g2506_II8537_A,sa0,,,7.1525573730e-06
II8536_II8537_B,sa0,,,7.1525573730e-06
II8538,sa0,,,7.1525573730e-06
g2798_II8538_A,sa0,,,7.1525573730e-06
II8536_II8538_B,sa0,,,7.1525573730e-06
g4707,sa1,30,0,2.3437500000e-01
g2872,sa0,30,0,2.8610229492e-05
II6590,sa1,,,2.8610229492e-05
g2467_II6590_A,sa0,,,2.8610229492e-05
g3556,sa0,30,0,2.8610229492e-05
II7036,sa1,,,2.8610229492e-05
g2454_II7036_A,sa0,,,2.8610229492e-05
g3754,sa0,2,1,3.9062500000e-03
g2543_g3754_A,sa1,,,3.9062500000e-03
g5490,sa1,2,1,5.0000000000e-01
g4917,sa0,,,5.0000000000e-01
g4102,sa1,,,5.0000000000e-01
II7919,sa0,,,5.0000000000e-01
g3761_II7919_A,sa1,,,5.0000000000e-01
g2584,sa0,1,1,5.0000000000e-01
g1646_g2584_A,sa1,,,5.0000000000e-01
g5590,sa0,30,0,1.0742187500e-02
g2044_g5590_A,sa0,,,1.0742187500e-02
g4906,sa0,,,1.0742187500e-02
g4320_g4906_A,sa0,,,1.0742187500e-02
g2728_g4906_B,sa0,,,1.0742187500e-02
g2259,sa1,20,1,2.5000000000e-01
g1325,sa0,,,2.5000000000e-01
II10899,sa1,1,1,2.5000000000e-01
g3735,sa1,3,1,7.8125000000e-03
g1961_g3735_A,sa0,,,7.8125000000e-03
g5625,sa1,4,1,4.8828125000e-04
g5491,sa0,2,1,5.0000000000e-01
g4918,sa1,,,5.0000000000e-01
g4103,sa0,,,5.0000000000e-01
II7922,sa1,,,5.0000000000e-01
g3462_II7922_A,sa0,,,5.0000000000e-01
g5481,sa1,2,1,5.0000000000e-01
g4914,sa0,,,5.0000000000e-01
g4093,sa1,,,5.0000000000e-01
II7902,sa0,,,5.0000000000e-01
g2709_II7902_A,sa1,,,5.0000000000e-01
g5517,sa1,2,1,5.0000000000e-01
g4925,sa0,,,5.0000000000e-01
g4114,sa1,,,5.0000000000e-01
II7953,sa0,,,5.0000000000e-01
g3542_II7953_A,sa1,,,5.0000000000e-01
g5473,sa0,2,1,5.0000000000e-01
g4903,sa1,,,5.0000000000e-01
g4084,sa0,,,5.0000000000e-01
II7875,sa1,,,5.0000000000e-01
g3819_II7875_A,sa0,,,5.0000000000e-01
g5482,sa0,2,1,5.0000000000e-01
g4915,sa1,,,5.0000000000e-01
g4094,sa0,,,5.0000000000e-01
II7905,sa1,,,5.0000000000e-01
g2863_II7905_A,sa0,,,5.0000000000e-01
g5814,sa1,1,1,5.0000000000e-01
II10475,sa0,,,5.0000000000e-01
g5529_II10475_A,sa1,,,5.0000000000e-01
g1486,sa0,1,1,5.0000000000e-01
g2548,sa0,8,1,2.5000000000e-01
g1351_g2548_A,sa1,,,2.5000000000e-01
g1467,sa1,30,0,2.8234863281e-01
g7065,sa1,30,0,3.8085937500e-02
g2556,sa1,12,1,2.5000000000e-01
g1190,sa0,,,2.5000000000e-01
II13599,sa1,1,1,2.4414062500e-04
g7237,sa0,30,0,1.4648437500e-02
g7050_g7237_A,sa0,,,1.4648437500e-02
g3739_g7237_B,sa0,,,1.4648437500e-02
g1477,sa0,30,0,2.1759033203e-01
g8073,sa1,18,1,2.4366378784e-04
g7658_g8073_A,sa1,,,2.4366378784e-04
g7654_g8073_B,sa1,,,2.4366378784e-04
g9162,sa1,30,0,1.0986328125e-03
g9158,sa1,,,1.0986328125e-03
g9022,sa1,,,1.0986328125e-03
g9154,sa0,30,0,7.0562744141e-01
II15849,sa1,30,0,7.1525573730e-06
g9171,sa1,30,0,1.0986328125e-03
g9146,sa1,,,1.0986328125e-03
g8962,sa1,,,1.0986328125e-03
g9190,sa0,30,0,7.1525573730e-06
II15849,sa0,,,7.1525573730e-06
g9162_II15849_A,sa0,,,7.1525573730e-06
II15848_II15849_B,sa0,,,7.1525573730e-06
II15850,sa0,,,7.1525573730e-06
g9154_II15850_A,sa0,,,7.1525573730e-06
II15848_II15850_B,sa0,,,7.1525573730e-06
g2557,sa0,8,1,5.0000000000e-01
g940,sa1,,,5.0000000000e-01
g3466,sa0,19,1,2.4993896484e-01
g936_g3466_A,sa0,,,2.4993896484e-01
g2557_g3466_B,sa0,,,2.4993896484e-01
g8128,sa0,30,0,3.4149110317e-02
g2106_II8033_D,sa1,16,1,1.2159347534e-04
g3341_II8040_D,sa1,5,1,1.2207031250e-04
g2074_II8041_A,sa1,10,1,9.3102455139e-05
g2162_II8052_A,sa1,7,1,1.8959045410e-03
g2106_II8114_D,sa1,30,0,1.5272796154e-03
g3341_II8400_D,sa1,30,0,2.0010502485e-03
g3316_II8401_A,sa1,30,0,1.9984925311e-03
g3430_II8431_A,sa1,5,1,1.2207031250e-04
g4044_II9202_B,sa1,1,1,3.1250000000e-02
g2605_II9202_A,sa1,1,1,3.1250000000e-02
g4150_II9044_A,sa0,16,1,1.2159347534e-04
g1532_II5505_A,sa1,1,1,6.2500000000e-02
g2295_II7010_A,sa1,1,1,6.2500000000e-02
g2006_II7172_B,sa1,3,1,5.4687500000e-02
g4310_II9234_A,sa1,2,1,6.2500000000e-02
g1783,sa1,1,1,5.0000000000e-01
II5633,sa0,,,5.0000000000e-01
g891_II5633_A,sa1,,,5.0000000000e-01
g1829,sa0,1,1,5.0000000000e-01
II5715,sa1,,,5.0000000000e-01
g896_II5715_A,sa0,,,5.0000000000e-01
g4267,sa1,1,1,5.0000000000e-01
II8205,sa0,,,5.0000000000e-01
g2655_stem_II8205_A,sa1,,,5.0000000000e-01
g4655,sa0,2,1,5.0000000000e-01
II8880,sa1,,,5.0000000000e-01
g4303,sa0,,,5.0000000000e-01
II8268,sa1,,,5.0000000000e-01
g2801_II8268_A,sa0,,,5.0000000000e-01
g4663,sa1,3,1,7.5000000000e-01
II8904,sa0,,,7.5000000000e-01
g4126,sa1,,,7.5000000000e-01
II7981,sa0,,,7.5000000000e-01
g3555,sa1,,,7.5000000000e-01
g2359,sa1,,,7.5000000000e-01
g1397,sa0,,,7.5000000000e-01
g1398,sa1,,,7.5000000000e-01
g4664,sa0,1,1,2.5000000000e-01
II8907,sa1,,,2.5000000000e-01
g4095,sa0,,,2.5000000000e-01
II7908,sa1,,,2.5000000000e-01
g3516,sa0,,,2.5000000000e-01
g6653,sa0,1,1,5.0000000000e-01
II11939,sa1,,,5.0000000000e-01
g6015_II11939_A,sa0,,,5.0000000000e-01
g6850,sa1,1,1,5.0000000000e-01
II12421,sa0,,,5.0000000000e-01
g6486,sa1,,,5.0000000000e-01
II11648,sa0,,,5.0000000000e-01
g6028_II11648_A,sa1,,,5.0000000000e-01
g7048,sa1,1,1,2.5000000000e-01
II12810,sa0,,,2.5000000000e-01
g6607_II12810_A,sa1,,,2.5000000000e-01
g7283,sa0,30,0,2.9296875000e-02
II13281,sa1,,,2.9296875000e-02
g7155,sa0,,,2.9296875000e-02
II13039,sa1,,,2.9296875000e-02
g6961,sa0,,,2.9296875000e-02
II12684,sa1,,,2.9296875000e-02
g6472,sa0,,,2.9296875000e-02
g5971_g6472_A,sa0,,,2.9296875000e-02
g5269_g6472_B,sa0,,,2.9296875000e-02
g7291,sa1,1,1,9.7656250000e-04
II13305,sa0,,,9.7656250000e-04
g7168,sa1,,,9.7656250000e-04
II13072,sa0,,,9.7656250000e-04
g6969,sa1,,,9.7656250000e-04
II12702,sa0,,,9.7656250000e-04
g6497,sa1,,,9.7656250000e-04
g7292,sa0,30,0,2.9296875000e-02
II13308,sa1,,,2.9296875000e-02
g7169,sa0,,,2.9296875000e-02
II13075,sa1,,,2.9296875000e-02
g6958,sa0,,,2.9296875000e-02
II12675,sa1,,,2.9296875000e-02
g6510,sa0,,,2.9296875000e-02
g5278_g6510_A,sa0,,,2.9296875000e-02
g5874_g6510_B,sa0,,,2.9296875000e-02
g7507,sa1,1,1,5.0000000000e-01
II13701,sa0,,,5.0000000000e-01
g7349,sa1,,,5.0000000000e-01
II13463,sa0,,,5.0000000000e-01
g7264,sa1,,,5.0000000000e-01
II13234,sa0,,,5.0000000000e-01
g6898,sa1,,,5.0000000000e-01
II12567,sa0,,,5.0000000000e-01
g6721,sa1,,,5.0000000000e-01
g6257,sa0,,,5.0000000000e-01
g5685,sa1,,,5.0000000000e-01
II10186,sa0,,,5.0000000000e-01
g5129_II10186_A,sa1,,,5.0000000000e-01
g7508,sa0,1,1,5.0000000000e-01
II13704,sa1,,,5.0000000000e-01
g7352,sa0,,,5.0000000000e-01
II13472,sa1,,,5.0000000000e-01
g7266,sa0,,,5.0000000000e-01
II13238,sa1,,,5.0000000000e-01
g6900,sa0,,,5.0000000000e-01
II12571,sa1,,,5.0000000000e-01
g6729,sa0,,,5.0000000000e-01
g6263,sa1,,,5.0000000000e-01
g5688,sa0,,,5.0000000000e-01
II10193,sa1,,,5.0000000000e-01
g4670_II10193_A,sa0,,,5.0000000000e-01
g7732,sa1,1,1,5.0000000000e-01
II14067,sa0,,,5.0000000000e-01
g7550,sa1,,,5.0000000000e-01
II13834,sa0,,,5.0000000000e-01
g7466,sa1,,,5.0000000000e-01
II13622,sa0,,,5.0000000000e-01
g7279,sa1,,,5.0000000000e-01
II13271,sa0,,,5.0000000000e-01
g7067,sa1,,,5.0000000000e-01
g6658,sa0,,,5.0000000000e-01
g6224,sa1,,,5.0000000000e-01
II11011,sa0,,,5.0000000000e-01
g5693_II11011_A,sa1,,,5.0000000000e-01
g8218,sa1,1,1,5.0000000000e-01
II14433,sa0,,,5.0000000000e-01
g8061,sa1,,,5.0000000000e-01
II14330,sa0,,,5.0000000000e-01
g7538,sa1,,,5.0000000000e-01
II13794,sa0,,,5.0000000000e-01
g7346,sa1,,,5.0000000000e-01
II13454,sa0,,,5.0000000000e-01
g7147,sa1,,,5.0000000000e-01
g6904,sa0,,,5.0000000000e-01
g6426,sa1,,,5.0000000000e-01
II11559,sa0,,,5.0000000000e-01
g6065_II11559_A,sa1,,,5.0000000000e-01
g8219,sa0,1,1,5.0000000000e-01
II14436,sa1,,,5.0000000000e-01
g7904,sa0,,,5.0000000000e-01
II14276,sa1,,,5.0000000000e-01
g7720,sa0,,,5.0000000000e-01
II14035,sa1,,,5.0000000000e-01
g7310,sa0,,,5.0000000000e-01
II13362,sa1,,,5.0000000000e-01
g7265,sa0,,,5.0000000000e-01
g7077,sa1,,,5.0000000000e-01
g6676,sa0,,,5.0000000000e-01
II11984,sa1,,,5.0000000000e-01
g6246_II11984_A,sa0,,,5.0000000000e-01
g9128,sa0,4,1,5.0000000000e-01
II15762,sa1,,,5.0000000000e-01
g9039_II15762_A,sa0,,,5.0000000000e-01
g9280,sa1,30,0,1.0375976563e-03
II16006,sa0,,,1.0375976563e-03
g9261_II16006_A,sa1,,,1.0375976563e-03
g9308,sa0,30,0,8.7716674805e-01
II16040,sa1,,,8.7716674805e-01
g9285_II16040_A,sa0,,,8.7716674805e-01
g6293,sa0,1,1,5.0000000000e-01
II11206,sa1,,,5.0000000000e-01
g6133,sa0,,,5.0000000000e-01
II10766,sa1,,,5.0000000000e-01
g5674_II10766_A,sa0,,,5.0000000000e-01
g6292,sa1,1,1,5.0000000000e-01
II11203,sa0,,,5.0000000000e-01
g6129,sa1,,,5.0000000000e-01
II10758,sa0,,,5.0000000000e-01
g5662_II10758_A,sa1,,,5.0000000000e-01
g9361,sa1,30,0,1.0375976563e-03
II16119,sa0,,,1.0375976563e-03
g9351,sa1,,,1.0375976563e-03
II16103,sa0,,,1.0375976563e-03
g9339,sa1,,,1.0375976563e-03
g9259,sa1,,,1.0375976563e-03
g9335,sa1,,,1.0375976563e-03
g9362,sa0,30,0,7.4655151367e-01
II16122,sa1,,,7.4655151367e-01
g9353,sa0,,,7.4655151367e-01
II16107,sa1,,,7.4655151367e-01
g9337,sa0,,,7.4655151367e-01
g6383,sa0,2,1,2.5000000000e-01
II11476,sa1,,,2.5000000000e-01
g6194,sa0,,,2.5000000000e-01
II10937,sa1,,,2.5000000000e-01
g5560,sa0,,,2.5000000000e-01
g3390_g5560_A,sa0,,,2.5000000000e-01
g5036,sa0,,,2.5000000000e-01
g6373,sa1,1,1,5.0000000000e-01
II11446,sa0,,,5.0000000000e-01
g6062,sa1,,,5.0000000000e-01
II10675,sa0,,,5.0000000000e-01
g5662_II10675_A,sa1,,,5.0000000000e-01
g6374,sa0,1,1,5.0000000000e-01
II11449,sa1,,,5.0000000000e-01
g6068,sa0,,,5.0000000000e-01
II10687,sa1,,,5.0000000000e-01
g5674_II10687_A,sa0,,,5.0000000000e-01
g6860,sa0,9,1,4.9853515625e-01
II12451,sa1,,,4.9853515625e-01
g6524,sa0,,,4.9853515625e-01
II11710,sa1,,,4.9853515625e-01
g6098_II11710_A,sa0,,,4.9853515625e-01
g6382,sa1,1,1,1.9531250000e-03
II11473,sa0,,,1.9531250000e-03
g6069,sa1,,,1.9531250000e-03
II10690,sa0,,,1.9531250000e-03
g5538,sa1,,,1.9531250000e-03
g5176,sa1,3,1,7.5000000000e-01
II9654,sa0,,,7.5000000000e-01
g4792,sa1,,,7.5000000000e-01
II9111,sa0,,,7.5000000000e-01
g4232_II9111_A,sa1,,,7.5000000000e-01
g5743,sa1,5,1,5.0000000000e-01
II10286,sa0,,,5.0000000000e-01
g5519,sa1,,,5.0000000000e-01
II9929,sa0,,,5.0000000000e-01
g5052,sa1,,,5.0000000000e-01
g4049,sa1,,,5.0000000000e-01
g4054,sa1,,,5.0000000000e-01
g7309,sa1,27,1,5.0000000000e-01
II13359,sa0,,,5.0000000000e-01
g7255,sa1,,,5.0000000000e-01
II13209,sa0,,,5.0000000000e-01
g6912,sa1,,,5.0000000000e-01
g4199,sa1,,,5.0000000000e-01
g6567,sa1,,,5.0000000000e-01
g6391,sa1,30,0,2.8610229492e-05
II11500,sa0,,,2.8610229492e-05
g6219,sa1,,,2.8610229492e-05
II10998,sa0,,,2.8610229492e-05
g5672,sa1,,,2.8610229492e-05
g6392,sa0,30,0,4.5776367188e-04
II11503,sa1,,,4.5776367188e-04
g6220,sa0,,,4.5776367188e-04
II11001,sa1,,,4.5776367188e-04
g5698,sa0,,,4.5776367188e-04
g5744,sa0,2,1,1.8750000000e-01
II10289,sa1,,,1.8750000000e-01
g5569,sa0,,,1.8750000000e-01
II10028,sa1,,,1.8750000000e-01
g4825,sa0,,,1.8750000000e-01
g4228,sa0,,,1.8750000000e-01
g1408,sa0,,,1.8750000000e-01
g2665_g4228_B,sa0,,,1.8750000000e-01
g1964_g4825_B,sa0,,,1.8750000000e-01
g5177,sa0,7,1,8.7500000000e-01
II9657,sa1,,,8.7500000000e-01
g4784,sa0,,,8.7500000000e-01
II9095,sa1,,,8.7500000000e-01
g4283,sa0,,,8.7500000000e-01
g3862,sa1,1,1,5.0000000000e-01
II7389,sa0,,,5.0000000000e-01
g3496,sa1,,,5.0000000000e-01
II6974,sa0,,,5.0000000000e-01
g2528_II6974_A,sa1,,,5.0000000000e-01
g8227,sa1,30,0,1.4428710938e-01
II14460,sa0,,,1.4428710938e-01
g7789,sa1,,,1.4428710938e-01
II14224,sa0,,,1.4428710938e-01
g7722,sa1,,,1.4428710938e-01
II14039,sa0,,,1.4428710938e-01
g7449,sa1,,,1.4428710938e-01
g8228,sa0,8,1,5.0000000000e-01
II14463,sa1,,,5.0000000000e-01
g8072,sa0,,,5.0000000000e-01
II14349,sa1,,,5.0000000000e-01
g7588,sa0,,,5.0000000000e-01
II13909,sa1,,,5.0000000000e-01
g7339,sa0,,,5.0000000000e-01
II13435,sa1,,,5.0000000000e-01
g7170,sa0,,,5.0000000000e-01
g5185,sa1,2,1,1.8750000000e-01
II9681,sa0,,,1.8750000000e-01
g4811,sa1,,,1.8750000000e-01
II9158,sa0,,,1.8750000000e-01
g4256,sa1,,,1.8750000000e-01
g5186,sa0,2,1,1.8750000000e-01
II9684,sa1,,,1.8750000000e-01
g4813,sa0,,,1.8750000000e-01
II9162,sa1,,,1.8750000000e-01
g4272,sa0,,,1.8750000000e-01
g3233_g4272_A,sa0,,,1.8750000000e-01
g3286,sa0,,,1.8750000000e-01
II6905,sa0,,,1.8750000000e-01
g2105_II6905_A,sa0,,,1.8750000000e-01
II6904_II6905_B,sa0,,,1.8750000000e-01
II6906,sa0,,,1.8750000000e-01
g1838_II6906_A,sa0,,,1.8750000000e-01
II6904_II6906_B,sa0,,,1.8750000000e-01
g3863,sa0,1,1,5.0000000000e-01
II7392,sa1,,,5.0000000000e-01
g3230,sa0,,,5.0000000000e-01
II6887,sa1,,,5.0000000000e-01
g2528_II6887_A,sa0,,,5.0000000000e-01
g7516,sa1,6,1,7.5000000000e-01
II13728,sa0,,,7.5000000000e-01
g7439,sa1,,,7.5000000000e-01
II13574,sa0,,,7.5000000000e-01
g7205,sa1,,,7.5000000000e-01
II13131,sa0,,,7.5000000000e-01
g6951,sa1,,,7.5000000000e-01
g7517,sa0,4,1,2.5000000000e-01
II13731,sa1,,,2.5000000000e-01
g7441,sa0,,,2.5000000000e-01
II13580,sa1,,,2.5000000000e-01
g7208,sa0,,,2.5000000000e-01
II13140,sa1,,,2.5000000000e-01
g6954,sa0,,,2.5000000000e-01
g5518,sa0,,,2.5000000000e-01
g6601,sa0,,,2.5000000000e-01
g6083_g6601_A,sa1,,,2.5000000000e-01
g6851,sa0,1,1,5.0000000000e-01
II12424,sa1,,,5.0000000000e-01
g6446,sa0,,,5.0000000000e-01
II11591,sa1,,,5.0000000000e-01
g5814_II11591_A,sa0,,,5.0000000000e-01
g7526,sa0,1,1,9.7656250000e-04
II13758,sa1,,,9.7656250000e-04
g7414,sa0,,,9.7656250000e-04
II13527,sa1,,,9.7656250000e-04
g7217_II13527_A,sa0,,,9.7656250000e-04
g7525,sa1,8,1,6.2500000000e-01
II13755,sa0,,,6.2500000000e-01
g7317,sa1,,,6.2500000000e-01
II13383,sa0,,,6.2500000000e-01
g7275,sa1,,,6.2500000000e-01
II13261,sa0,,,6.2500000000e-01
g7041,sa1,,,6.2500000000e-01
g9145,sa1,30,0,7.4998474121e-01
II15791,sa0,,,7.4998474121e-01
g9140,sa1,,,7.4998474121e-01
II15784,sa0,,,7.4998474121e-01
g9125,sa1,,,7.4998474121e-01
II15753,sa0,,,7.4998474121e-01
g9080,sa1,,,7.4998474121e-01
g7733,sa0,30,0,3.7109375000e-02
II14070,sa1,,,3.7109375000e-02
g7714,sa0,,,3.7109375000e-02
II14019,sa1,,,3.7109375000e-02
g7480_II14019_A,sa0,,,3.7109375000e-02
g5159,sa0,1,1,5.0000000000e-01
II9603,sa1,,,5.0000000000e-01
g4719,sa0,,,5.0000000000e-01
II9021,sa1,,,5.0000000000e-01
g4489,sa0,,,5.0000000000e-01
g2826,sa1,,,5.0000000000e-01
g2183,sa0,,,5.0000000000e-01
II5908,sa1,,,5.0000000000e-01
g196_II5908_A,sa0,,,5.0000000000e-01
g5158,sa1,1,1,5.0000000000e-01
II9600,sa0,,,5.0000000000e-01
g4698,sa1,,,5.0000000000e-01
II8989,sa0,,,5.0000000000e-01
g4537,sa1,,,5.0000000000e-01
g2878,sa0,,,5.0000000000e-01
g2233,sa1,,,5.0000000000e-01
II5960,sa0,,,5.0000000000e-01
g187_II5960_A,sa1,,,5.0000000000e-01
g3835,sa1,1,1,5.0000000000e-01
II7308,sa0,,,5.0000000000e-01
g3074,sa1,,,5.0000000000e-01
II6800,sa0,,,5.0000000000e-01
g2016_II6800_A,sa1,,,5.0000000000e-01
g7741,sa1,11,1,5.0000000000e-01
II14094,sa0,,,5.0000000000e-01
g7593,sa1,,,5.0000000000e-01
II13924,sa0,,,5.0000000000e-01
g7365,sa1,,,5.0000000000e-01
II13509,sa0,,,5.0000000000e-01
g7137,sa1,,,5.0000000000e-01
II12993,sa0,,,5.0000000000e-01
g6933,sa1,,,5.0000000000e-01
g6419,sa1,,,5.0000000000e-01
g6428,sa1,,,5.0000000000e-01
g7742,sa0,13,1,5.0000000000e-01
II14097,sa1,,,5.0000000000e-01
g7595,sa0,,,5.0000000000e-01
II13930,sa1,,,5.0000000000e-01
g7405,sa0,,,5.0000000000e-01
II13518,sa1,,,5.0000000000e-01
g7141,sa0,,,5.0000000000e-01
II13009,sa1,,,5.0000000000e-01
g6935,sa0,,,5.0000000000e-01
g5149,sa1,1,1,5.0000000000e-01
II9573,sa0,,,5.0000000000e-01
g4701,sa1,,,5.0000000000e-01
II8994,sa0,,,5.0000000000e-01
g4565,sa1,,,5.0000000000e-01
g2901,sa0,,,5.0000000000e-01
g2284,sa1,,,5.0000000000e-01
II6036,sa0,,,5.0000000000e-01
g130_II6036_A,sa1,,,5.0000000000e-01
g3836,sa0,1,1,5.0000000000e-01
II7311,sa1,,,5.0000000000e-01
g2879,sa0,,,5.0000000000e-01
II6597,sa1,,,5.0000000000e-01
g1970_II6597_A,sa0,,,5.0000000000e-01
g9091,sa1,15,1,5.0000000000e-01
II15663,sa0,,,5.0000000000e-01
g9066,sa1,,,5.0000000000e-01
II15592,sa0,,,5.0000000000e-01
g8989,sa1,,,5.0000000000e-01
g8929,sa1,,,5.0000000000e-01
g8829,sa1,,,5.0000000000e-01
g9092,sa0,18,1,5.0000000000e-01
II15666,sa1,,,5.0000000000e-01
g9070,sa0,,,5.0000000000e-01
II15604,sa1,,,5.0000000000e-01
g8993,sa0,,,5.0000000000e-01
g6319,sa1,4,1,5.0000000000e-01
II11284,sa0,,,5.0000000000e-01
g5795,sa1,,,5.0000000000e-01
II10424,sa0,,,5.0000000000e-01
g5209,sa1,,,5.0000000000e-01
g5044,sa1,,,5.0000000000e-01
g4384,sa1,,,5.0000000000e-01
g4609,sa1,1,1,5.0000000000e-01
II8742,sa0,,,5.0000000000e-01
g3919,sa1,,,5.0000000000e-01
II7554,sa0,,,5.0000000000e-01
g2573_II7554_A,sa1,,,5.0000000000e-01
g6328,sa1,4,1,5.0000000000e-01
II11311,sa0,,,5.0000000000e-01
g5760,sa1,,,5.0000000000e-01
II10353,sa0,,,5.0000000000e-01
g5710,sa1,,,5.0000000000e-01
g4958,sa1,,,5.0000000000e-01
g4351,sa1,,,5.0000000000e-01
g4618,sa1,1,1,5.0000000000e-01
II8769,sa0,,,5.0000000000e-01
g3999,sa1,,,5.0000000000e-01
II7738,sa0,,,5.0000000000e-01
g3038_II7738_A,sa1,,,5.0000000000e-01
g6329,sa0,6,1,5.0000000000e-01
II11314,sa1,,,5.0000000000e-01
g5781,sa0,,,5.0000000000e-01
II10390,sa1,,,5.0000000000e-01
g5195,sa0,,,5.0000000000e-01
g4619,sa0,1,1,5.0000000000e-01
II8772,sa1,,,5.0000000000e-01
g4011,sa0,,,5.0000000000e-01
II7762,sa1,,,5.0000000000e-01
g3029_II7762_A,sa0,,,5.0000000000e-01
g6337,sa1,4,1,5.0000000000e-01
II11338,sa0,,,5.0000000000e-01
g5798,sa1,,,5.0000000000e-01
II10433,sa0,,,5.0000000000e-01
g5212,sa1,,,5.0000000000e-01
g5047,sa1,,,5.0000000000e-01
g4387,sa1,,,5.0000000000e-01
g4627,sa1,1,1,5.0000000000e-01
II8796,sa0,,,5.0000000000e-01
g3934,sa1,,,5.0000000000e-01
II7599,sa0,,,5.0000000000e-01
g2734_II7599_A,sa1,,,5.0000000000e-01
g6338,sa0,6,1,5.0000000000e-01
II11341,sa1,,,5.0000000000e-01
g5809,sa0,,,5.0000000000e-01
II10460,sa1,,,5.0000000000e-01
g5219,sa0,,,5.0000000000e-01
g4628,sa0,1,1,5.0000000000e-01
II8799,sa1,,,5.0000000000e-01
g3951,sa0,,,5.0000000000e-01
II7648,sa1,,,5.0000000000e-01
g2712_II7648_A,sa0,,,5.0000000000e-01
g6346,sa1,4,1,5.0000000000e-01
II11365,sa0,,,5.0000000000e-01
g5826,sa1,,,5.0000000000e-01
II10503,sa0,,,5.0000000000e-01
g5235,sa1,,,5.0000000000e-01
g5091,sa1,,,5.0000000000e-01
g4422,sa1,,,5.0000000000e-01
g4636,sa1,1,1,5.0000000000e-01
II8823,sa0,,,5.0000000000e-01
g3965,sa1,,,5.0000000000e-01
II7676,sa0,,,5.0000000000e-01
g2584_II7676_A,sa1,,,5.0000000000e-01
g6347,sa0,6,1,5.0000000000e-01
II11368,sa1,,,5.0000000000e-01
g5833,sa0,,,5.0000000000e-01
II10522,sa1,,,5.0000000000e-01
g5243,sa0,,,5.0000000000e-01
g4637,sa0,1,1,5.0000000000e-01
II8826,sa1,,,5.0000000000e-01
g4023,sa0,,,5.0000000000e-01
II7788,sa1,,,5.0000000000e-01
g2595_II7788_A,sa0,,,5.0000000000e-01
g9109,sa1,15,1,5.0000000000e-01
II15717,sa0,,,5.0000000000e-01
g9051,sa1,,,5.0000000000e-01
II15553,sa0,,,5.0000000000e-01
g9009,sa1,,,5.0000000000e-01
g8949,sa1,,,5.0000000000e-01
g8858,sa1,,,5.0000000000e-01
g6355,sa1,4,1,5.0000000000e-01
II11392,sa0,,,5.0000000000e-01
g5800,sa1,,,5.0000000000e-01
II10439,sa0,,,5.0000000000e-01
g5214,sa1,,,5.0000000000e-01
g5049,sa1,,,5.0000000000e-01
g4389,sa1,,,5.0000000000e-01
g4645,sa1,1,1,5.0000000000e-01
II8850,sa0,,,5.0000000000e-01
g4031,sa1,,,5.0000000000e-01
II7804,sa0,,,5.0000000000e-01
g3029_II7804_A,sa1,,,5.0000000000e-01
g6356,sa0,6,1,5.0000000000e-01
II11395,sa1,,,5.0000000000e-01
g5812,sa0,,,5.0000000000e-01
II10469,sa1,,,5.0000000000e-01
g5222,sa0,,,5.0000000000e-01
g4646,sa0,1,1,5.0000000000e-01
II8853,sa1,,,5.0000000000e-01
g4034,sa0,,,5.0000000000e-01
II7811,sa1,,,5.0000000000e-01
g3019_II7811_A,sa0,,,5.0000000000e-01
g3844,sa1,1,1,5.0000000000e-01
II7335,sa0,,,5.0000000000e-01
g2910,sa1,,,5.0000000000e-01
II6636,sa0,,,5.0000000000e-01
g1704_II6636_A,sa1,,,5.0000000000e-01
g3845,sa0,1,1,5.0000000000e-01
II7338,sa1,,,5.0000000000e-01
g2923,sa0,,,5.0000000000e-01
II6657,sa1,,,5.0000000000e-01
g1701_II6657_A,sa0,,,5.0000000000e-01
g6364,sa1,4,1,5.0000000000e-01
II11419,sa0,,,5.0000000000e-01
g5835,sa1,,,5.0000000000e-01
II10528,sa0,,,5.0000000000e-01
g5245,sa1,,,5.0000000000e-01
g5108,sa1,,,5.0000000000e-01
g4437,sa1,,,5.0000000000e-01
g6365,sa0,6,1,5.0000000000e-01
II11422,sa1,,,5.0000000000e-01
g5842,sa0,,,5.0000000000e-01
II10541,sa1,,,5.0000000000e-01
g5256,sa0,,,5.0000000000e-01
g9028,sa1,15,1,5.0000000000e-01
II15498,sa0,,,5.0000000000e-01
g8974,sa1,,,5.0000000000e-01
II15426,sa0,,,5.0000000000e-01
g8895,sa1,,,5.0000000000e-01
g8823,sa1,,,5.0000000000e-01
g8646,sa1,,,5.0000000000e-01
g9029,sa0,22,1,5.0000000000e-01
II15501,sa1,,,5.0000000000e-01
g8975,sa0,,,5.0000000000e-01
II15429,sa1,,,5.0000000000e-01
g8899,sa0,,,5.0000000000e-01
g6805,sa1,1,1,5.0000000000e-01
II12286,sa0,,,5.0000000000e-01
g6696,sa1,,,5.0000000000e-01
II12022,sa0,,,5.0000000000e-01
g5874_II12022_A,sa1,,,5.0000000000e-01
g6806,sa0,1,1,5.0000000000e-01
II12289,sa1,,,5.0000000000e-01
g6702,sa0,,,5.0000000000e-01
II12038,sa1,,,5.0000000000e-01
g5847_II12038_A,sa0,,,5.0000000000e-01
g6814,sa1,1,1,5.0000000000e-01
II12313,sa0,,,5.0000000000e-01
g6730,sa1,,,5.0000000000e-01
II12098,sa0,,,5.0000000000e-01
g5956_II12098_A,sa1,,,5.0000000000e-01
g6815,sa0,1,1,5.0000000000e-01
II12316,sa1,,,5.0000000000e-01
g6736,sa0,,,5.0000000000e-01
II12108,sa1,,,5.0000000000e-01
g5939_II12108_A,sa0,,,5.0000000000e-01
g6823,sa1,1,1,5.0000000000e-01
II12340,sa0,,,5.0000000000e-01
g6725,sa1,,,5.0000000000e-01
II12091,sa0,,,5.0000000000e-01
g5988_II12091_A,sa1,,,5.0000000000e-01
g6824,sa0,1,1,5.0000000000e-01
II12343,sa1,,,5.0000000000e-01
g6731,sa0,,,5.0000000000e-01
II12101,sa1,,,5.0000000000e-01
g5971_II12101_A,sa0,,,5.0000000000e-01
g7750,sa1,11,1,5.0000000000e-01
II14121,sa0,,,5.0000000000e-01
g7587,sa1,,,5.0000000000e-01
II13906,sa0,,,5.0000000000e-01
g7358,sa1,,,5.0000000000e-01
II13490,sa0,,,5.0000000000e-01
g7130,sa1,,,5.0000000000e-01
II12976,sa0,,,5.0000000000e-01
g6928,sa1,,,5.0000000000e-01
g6409,sa1,,,5.0000000000e-01
g6415,sa1,,,5.0000000000e-01
g7751,sa0,18,1,5.0000000000e-01
II14124,sa1,,,5.0000000000e-01
g7591,sa0,,,5.0000000000e-01
II13918,sa1,,,5.0000000000e-01
g7361,sa0,,,5.0000000000e-01
II13499,sa1,,,5.0000000000e-01
g7134,sa0,,,5.0000000000e-01
II12986,sa1,,,5.0000000000e-01
g6931,sa0,,,5.0000000000e-01
g6832,sa1,1,1,5.0000000000e-01
II12367,sa0,,,5.0000000000e-01
g6754,sa1,,,5.0000000000e-01
II12135,sa0,,,5.0000000000e-01
g5988_II12135_A,sa1,,,5.0000000000e-01
g6833,sa0,1,1,5.0000000000e-01
II12370,sa1,,,5.0000000000e-01
g6758,sa0,,,5.0000000000e-01
II12145,sa1,,,5.0000000000e-01
g5971_II12145_A,sa0,,,5.0000000000e-01
g6841,sa1,1,1,5.0000000000e-01
II12394,sa0,,,5.0000000000e-01
g6759,sa1,,,5.0000000000e-01
II12148,sa0,,,5.0000000000e-01
g5988_II12148_A,sa1,,,5.0000000000e-01
g6842,sa0,1,1,5.0000000000e-01
II12397,sa1,,,5.0000000000e-01
g6764,sa0,,,5.0000000000e-01
II12161,sa1,,,5.0000000000e-01
g5971_II12161_A,sa0,,,5.0000000000e-01
g3854,sa0,1,1,5.0000000000e-01
II7365,sa1,,,5.0000000000e-01
g3061,sa0,,,5.0000000000e-01
II6795,sa1,,,5.0000000000e-01
g1683,sa0,,,5.0000000000e-01
g795_g1683_A,sa1,,,5.0000000000e-01
g5734,sa1,3,1,5.0000000000e-01
II10259,sa0,,,5.0000000000e-01
g5362,sa1,,,5.0000000000e-01
II9823,sa0,,,5.0000000000e-01
g5138,sa1,,,5.0000000000e-01
g4108,sa1,,,5.0000000000e-01
g3049,sa1,,,5.0000000000e-01
g7760,sa0,1,1,5.0000000000e-01
II14151,sa1,,,5.0000000000e-01
g7555,sa0,,,5.0000000000e-01
II13843,sa1,,,5.0000000000e-01
g7326,sa0,,,5.0000000000e-01
g5168,sa0,2,1,3.7500000000e-01
II9630,sa1,,,3.7500000000e-01
g4867,sa0,,,3.7500000000e-01
II9209,sa1,,,3.7500000000e-01
g4349,sa0,,,3.7500000000e-01
g5735,sa0,6,1,4.3750000000e-01
II10262,sa1,,,4.3750000000e-01
g5551,sa0,,,4.3750000000e-01
II9974,sa1,,,4.3750000000e-01
g4676,sa0,,,4.3750000000e-01
g2648,sa0,1,1,5.0000000000e-01
II6428,sa1,,,5.0000000000e-01
g1818,sa0,,,5.0000000000e-01
II5692,sa1,,,5.0000000000e-01
g906_II5692_A,sa0,,,5.0000000000e-01
g2647,sa1,1,1,5.0000000000e-01
II6425,sa0,,,5.0000000000e-01
g1811,sa1,,,5.0000000000e-01
II5679,sa0,,,5.0000000000e-01
g911_II5679_A,sa1,,,5.0000000000e-01
g5167,sa1,3,1,5.0000000000e-01
II9627,sa0,,,5.0000000000e-01
g4777,sa1,,,5.0000000000e-01
II9084,sa0,,,5.0000000000e-01
g4358,sa1,,,5.0000000000e-01
g3680,sa0,,,5.0000000000e-01
II7187,sa0,,,5.0000000000e-01
g2353_II7187_A,sa0,,,5.0000000000e-01
II7186_II7187_B,sa0,,,5.0000000000e-01
II7188,sa0,,,5.0000000000e-01
g1834_II7188_A,sa0,,,5.0000000000e-01
II7186_II7188_B,sa0,,,5.0000000000e-01
g4654,sa1,7,1,8.7500000000e-01
II8877,sa0,,,8.7500000000e-01
g4274,sa1,,,8.7500000000e-01
II8218,sa0,,,8.7500000000e-01
g3002_II8218_A,sa1,,,8.7500000000e-01
g1558,sa1,1,1,5.0000000000e-01
II5435,sa0,,,5.0000000000e-01
g1461,sa1,,,5.0000000000e-01
g1955,sa0,3,1,7.5000000000e-01
g1388,sa0,1,1,1.2207031250e-04
g2828,sa0,3,1,3.7500000000e-01
g1980_g2828_A,sa1,,,3.7500000000e-01
g4438,sa1,4,1,4.6875000000e-01
II8446,sa0,,,4.6875000000e-01
g3014_II8446_A,sa1,,,4.6875000000e-01
g4457,sa0,11,1,4.6875000000e-01
II8477,sa1,,,4.6875000000e-01
g3014_II8477_A,sa0,,,4.6875000000e-01
g1964,sa0,2,1,1.8750000000e-01
g4673,sa0,1,1,5.0000000000e-01
II8928,sa1,,,5.0000000000e-01
g4153,sa0,,,5.0000000000e-01
II8024,sa1,,,5.0000000000e-01
g3076,sa0,,,5.0000000000e-01
g1831,sa1,,,5.0000000000e-01
g689,sa0,,,5.0000000000e-01
g5662,sa1,1,1,5.0000000000e-01
g5027,sa0,,,5.0000000000e-01
II9369,sa1,,,5.0000000000e-01
g3901,sa0,,,5.0000000000e-01
II7492,sa1,,,5.0000000000e-01
g3561,sa0,,,5.0000000000e-01
II7041,sa1,,,5.0000000000e-01
g2401,sa0,,,5.0000000000e-01
g22,sa1,,,5.0000000000e-01
g5726,sa0,1,1,5.0000000000e-01
II10243,sa1,,,5.0000000000e-01
g5026,sa0,,,5.0000000000e-01
II9366,sa1,,,5.0000000000e-01
g4350,sa0,,,5.0000000000e-01
II8315,sa1,,,5.0000000000e-01
g3691,sa0,,,5.0000000000e-01
II7195,sa1,,,5.0000000000e-01
g1795,sa0,,,5.0000000000e-01
II5649,sa1,,,5.0000000000e-01
g1389,sa0,,,5.0000000000e-01
g3079,sa1,2,1,4.6875000000e-02
g1603_g3079_A,sa0,,,4.6875000000e-02
g6076,sa1,1,1,1.5625000000e-02
g5287_g6076_A,sa0,,,1.5625000000e-02
g2396,sa0,1,1,1.2500000000e-01
g1033,sa1,,,1.2500000000e-01
g6607,sa1,1,1,2.5000000000e-01
II11827,sa0,,,2.5000000000e-01
g6231,sa1,,,2.5000000000e-01
II11028,sa0,,,2.5000000000e-01
g5642,sa1,,,2.5000000000e-01
II10125,sa0,,,2.5000000000e-01
g5127,sa1,,,2.5000000000e-01
II9525,sa0,,,2.5000000000e-01
g4413,sa1,,,2.5000000000e-01
g2371,sa1,,,2.5000000000e-01
g944,sa0,,,2.5000000000e-01
g3285,sa1,,,2.5000000000e-01
g1689,sa0,,,2.5000000000e-01
g855_g1689_A,sa1,,,2.5000000000e-01
g6508,sa1,1,1,1.5625000000e-02
II11686,sa0,,,1.5625000000e-02
g6076_II11686_A,sa1,,,1.5625000000e-02
g6922,sa1,4,1,6.2500000000e-02
g6525_g6922_A,sa0,,,6.2500000000e-02
g7039,sa1,4,1,2.5000000000e-01
g6543_g7039_A,sa0,,,2.5000000000e-01
g7705,sa1,30,0,1.9294442609e-03
g1945,sa1,2,1,2.5000000000e-01
g1081_g1945_A,sa0,,,2.5000000000e-01
g1288,sa1,1,1,5.0000000000e-01
g3655,sa1,1,1,1.2500000000e-01
g1844_g3655_A,sa0,,,1.2500000000e-01
g3790,sa1,30,0,6.1418914795e-01
g985_g3790_A,sa1,,,6.1418914795e-01
g990_g3790_B,sa1,,,6.1418914795e-01
g2295_g3790_C,sa1,,,6.1418914795e-01
g2629,sa1,30,0,6.2035024166e-04
g1574,sa0,,,6.2035024166e-04
g681_g1574_A,sa1,,,6.2035024166e-04
g2638,sa1,30,0,6.2035024166e-04
g1582,sa0,,,6.2035024166e-04
g714_g1582_A,sa1,,,6.2035024166e-04
g4169,sa0,7,1,1.8959045410e-03
II8052,sa0,,,1.8959045410e-03
g2162_II8052_A,sa0,,,1.8959045410e-03
g2149_II8052_B,sa0,,,1.8959045410e-03
g2137_II8052_C,sa0,,,1.8959045410e-03
g2106_II8052_D,sa0,,,1.8959045410e-03
II8053,sa0,,,1.8959045410e-03
g3316_II8053_A,sa0,,,1.8959045410e-03
g3287_II8053_B,sa0,,,1.8959045410e-03
g3264_II8053_C,sa0,,,1.8959045410e-03
g3238_II8053_D,sa0,,,1.8959045410e-03
g4187,sa0,30,0,2.0061708055e-03
II8078,sa0,,,2.0061708055e-03
g2162_II8078_A,sa0,,,2.0061708055e-03
g2149_II8078_B,sa0,,,2.0061708055e-03
g2137_II8078_C,sa0,,,2.0061708055e-03
g2106_II8078_D,sa0,,,2.0061708055e-03
II8079,sa0,,,2.0061708055e-03
g3316_II8079_A,sa0,,,2.0061708055e-03
g3287_II8079_B,sa0,,,2.0061708055e-03
g2020_II8079_C,sa0,,,2.0061708055e-03
g1987_II8079_D,sa0,,,2.0061708055e-03
g2674,sa1,20,1,5.4931640625e-04
g1675,sa0,,,5.4931640625e-04
g1519_g1675_A,sa1,,,5.4931640625e-04
g2683,sa1,20,1,5.4931640625e-04
g1666,sa0,,,5.4931640625e-04
g1472_g1666_A,sa1,,,5.4931640625e-04
g2692,sa1,8,1,5.4931640625e-04
g1671,sa0,,,5.4931640625e-04
g1494_g1671_A,sa1,,,5.4931640625e-04
g3583,sa1,5,1,1.8554687500e-02
g2128_g3583_A,sa0,,,1.8554687500e-02
g3286,sa1,3,1,1.8750000000e-01
g3358,sa1,2,1,1.8750000000e-01
g3728,sa0,4,1,7.8125000000e-03
g2202_g3728_A,sa1,,,7.8125000000e-03
g2782,sa1,1,1,1.2500000000e-01
g1616_g2782_A,sa0,,,1.2500000000e-01
g4367,sa0,4,1,3.7500000000e-01
g240_g4367_A,sa0,,,3.7500000000e-01
g3097_g4367_B,sa0,,,3.7500000000e-01
g4376,sa0,4,1,3.7500000000e-01
g243_g4376_A,sa0,,,3.7500000000e-01
g3097_g4376_B,sa0,,,3.7500000000e-01
g4385,sa0,4,1,3.7500000000e-01
g300_g4385_A,sa0,,,3.7500000000e-01
g3131_g4385_B,sa0,,,3.7500000000e-01
g4394,sa0,4,1,3.7500000000e-01
g381_g4394_A,sa0,,,3.7500000000e-01
g3160_g4394_B,sa0,,,3.7500000000e-01
g3097,sa1,26,1,2.4996948242e-01
g1746,sa1,,,2.4996948242e-01
g290,sa0,,,2.4996948242e-01
g287_g3097_B,sa1,,,2.4996948242e-01
g2845,sa1,16,1,2.4902343750e-01
g1877,sa1,,,2.4902343750e-01
g595,sa0,,,2.4902343750e-01
g576_g2845_B,sa1,,,2.4902343750e-01
g3359,sa0,30,0,1.0063648224e-03
II6946,sa1,,,1.0063648224e-03
g1887,sa0,,,1.0063648224e-03
g83_g1887_A,sa1,,,1.0063648224e-03
g3287,sa0,30,0,3.0382275581e-03
II6911,sa1,,,3.0382275581e-03
g1869,sa0,,,3.0382275581e-03
g74_g1869_A,sa1,,,3.0382275581e-03
g4276,sa1,12,1,4.2187500000e-01
g2665,sa1,1,1,1.2500000000e-01
g1661,sa0,,,1.2500000000e-01
g1405_g1661_A,sa1,,,1.2500000000e-01
g3746,sa0,2,1,4.8828125000e-04
g2100_g3746_A,sa1,,,4.8828125000e-04
g3764,sa0,2,1,1.2207031250e-04
g2039_g3764_A,sa1,,,1.2207031250e-04
g4961,sa0,2,1,1.2500000000e-01
g377,sa0,,,1.2500000000e-01
g3904,sa0,,,1.2500000000e-01
g3160_g3904_A,sa1,,,1.2500000000e-01
g2746,sa1,4,1,4.8828125000e-04
g2259_g2746_A,sa0,,,4.8828125000e-04
g2728,sa1,4,1,9.7656250000e-04
g2256_g2728_A,sa0,,,9.7656250000e-04
g3961,sa1,3,1,1.8750000000e-01
g3131_g3961_A,sa0,,,1.8750000000e-01
g3970,sa1,3,1,1.8750000000e-01
g2845_g3970_A,sa0,,,1.8750000000e-01
g5069,sa0,2,1,1.2500000000e-01
g566,sa0,,,1.2500000000e-01
g3983,sa0,,,1.2500000000e-01
g2845_g3983_A,sa1,,,1.2500000000e-01
g5078,sa0,2,1,1.2500000000e-01
g316,sa0,,,1.2500000000e-01
g3989,sa0,,,1.2500000000e-01
g3131_g3989_A,sa1,,,1.2500000000e-01
g4870,sa1,3,1,2.5000000000e-01
g4154,sa1,,,2.5000000000e-01
g3081,sa1,,,2.5000000000e-01
g1819,sa1,30,0,1.1569595337e-01
g2972,sa0,1,1,1.2500000000e-01
g2397_g2972_A,sa0,,,1.2500000000e-01
g2407_g2972_B,sa0,,,1.2500000000e-01
g1667,sa0,4,1,2.1875000000e-01
g1481_g1667_A,sa1,,,2.1875000000e-01
g5428,sa1,30,0,2.3437500000e-01
g5581,sa1,1,1,9.7656250000e-04
g4969_g5581_A,sa0,,,9.7656250000e-04
g5608,sa1,1,1,1.2207031250e-04
g4969_g5608_A,sa0,,,1.2207031250e-04
g5239,sa1,5,1,1.2109375000e-01
g5617,sa1,1,1,3.0517578125e-05
g4969_g5617_A,sa0,,,3.0517578125e-05
g5257,sa1,6,1,1.2500000000e-01
g5618,sa0,1,1,5.0000000000e-01
g5015,sa1,,,5.0000000000e-01
II9347,sa0,,,5.0000000000e-01
g3896,sa1,,,5.0000000000e-01
II7473,sa0,,,5.0000000000e-01
g3546,sa1,,,5.0000000000e-01
II7029,sa0,,,5.0000000000e-01
g2392,sa1,,,5.0000000000e-01
g11,sa0,,,5.0000000000e-01
g5725,sa1,30,0,6.6375732422e-03
g4841_g5725_A,sa0,,,6.6375732422e-03
g5294,sa0,1,1,5.0000000000e-01
g5087,sa1,,,5.0000000000e-01
II9463,sa0,,,5.0000000000e-01
g3942,sa1,,,5.0000000000e-01
II7629,sa0,,,5.0000000000e-01
g3633,sa1,,,5.0000000000e-01
II7104,sa0,,,5.0000000000e-01
g2479,sa1,,,5.0000000000e-01
g32,sa0,,,5.0000000000e-01
g6419,sa0,18,1,4.9902343750e-01
g162_g6419_A,sa0,,,4.9902343750e-01
g6032,sa0,,,4.9902343750e-01
g5494_g6032_A,sa1,,,4.9902343750e-01
g6428,sa0,2,1,9.7656250000e-04
g5874_g6428_A,sa0,,,9.7656250000e-04
g5494_g6428_B,sa0,,,9.7656250000e-04
g6437,sa0,9,1,4.9902343750e-01
g859_g6437_A,sa0,,,4.9902343750e-01
g6050,sa0,,,4.9902343750e-01
g5246_g6050_A,sa1,,,4.9902343750e-01
g4681,sa1,30,0,1.1718750000e-01
g6464,sa0,11,1,2.5000000000e-01
g6177,sa0,,,2.5000000000e-01
II10889,sa0,,,2.5000000000e-01
g5590_II10889_A,sa0,,,2.5000000000e-01
II10888_II10889_B,sa0,,,2.5000000000e-01
II10890,sa0,,,2.5000000000e-01
g2259_II10890_A,sa0,,,2.5000000000e-01
II10888_II10890_B,sa0,,,2.5000000000e-01
g2424_g6464_B,sa0,,,2.5000000000e-01
g6265,sa1,26,1,2.5000000000e-01
g6743,sa0,18,1,4.9902343750e-01
g730_g6743_A,sa0,,,4.9902343750e-01
g5916,sa0,,,4.9902343750e-01
g5384_g5916_A,sa1,,,4.9902343750e-01
g5384,sa0,10,1,1.8920898438e-03
II9837,sa1,,,1.8920898438e-03
g4781,sa0,,,1.8920898438e-03
g4182_g4781_A,sa0,,,1.8920898438e-03
g1760_g4781_B,sa0,,,1.8920898438e-03
g6914,sa0,2,1,9.7656250000e-04
g6483_g6914_A,sa0,,,9.7656250000e-04
g5246_g6914_B,sa0,,,9.7656250000e-04
g6923,sa0,30,0,3.5583496094e-01
g6570,sa0,,,3.5583496094e-01
II11751,sa0,,,3.5583496094e-01
g6112_II11751_A,sa0,,,3.5583496094e-01
II11750_II11751_B,sa0,,,3.5583496094e-01
II11752,sa0,,,3.5583496094e-01
g1486_II11752_A,sa0,,,3.5583496094e-01
II11750_II11752_B,sa0,,,3.5583496094e-01
g5612,sa0,,,3.5583496094e-01
g4814_g5612_A,sa1,,,3.5583496094e-01
g5518,sa1,3,1,2.5000000000e-01
g4744,sa1,,,2.5000000000e-01
g4118,sa1,,,2.5000000000e-01
g6580,sa1,8,1,3.7500000000e-01
g6039,sa1,,,3.7500000000e-01
g6041,sa1,,,3.7500000000e-01
g6490,sa1,5,1,2.5000000000e-01
II11656,sa0,,,2.5000000000e-01
g5772_II11656_A,sa1,,,2.5000000000e-01
g5095,sa1,10,1,5.0000000000e-01
g6517,sa1,1,1,2.5000000000e-01
II11701,sa0,,,2.5000000000e-01
g5772_II11701_A,sa1,,,2.5000000000e-01
g4474,sa1,12,1,2.5000000000e-01
g6562,sa1,0,1,0.0000000000e+00
II11736,sa0,,,0.0000000000e+00
g6076_II11736_A,sa1,,,0.0000000000e+00
g6706,sa1,5,1,2.5000000000e-01
g4077,sa1,,,2.5000000000e-01
g6002,sa1,,,2.5000000000e-01
g6176,sa0,2,1,3.1250000000e-01
g1149_g6176_A,sa0,,,3.1250000000e-01
g5198,sa0,,,3.1250000000e-01
g4969_g5198_A,sa1,,,3.1250000000e-01
g4259,sa0,3,1,3.7500000000e-01
II8196,sa1,,,3.7500000000e-01
g3654,sa0,,,3.7500000000e-01
g2521,sa1,,,3.7500000000e-01
g65_g2521_A,sa1,,,3.7500000000e-01
g62_g2521_B,sa1,,,3.7500000000e-01
g5438,sa0,1,1,1.2500000000e-01
g1545_g5438_A,sa0,,,1.2500000000e-01
g4932,sa0,,,1.2500000000e-01
g4202_g4932_A,sa1,,,1.2500000000e-01
g7184,sa0,11,1,2.5000000000e-01
g6138,sa0,,,2.5000000000e-01
g7043,sa0,,,2.5000000000e-01
g6543_g7043_A,sa1,,,2.5000000000e-01
g6554,sa0,7,1,1.2500000000e-01
g5762,sa0,,,1.2500000000e-01
II10360,sa0,,,1.2500000000e-01
g5552_II10360_A,sa0,,,1.2500000000e-01
II10359_II10360_B,sa0,,,1.2500000000e-01
II10361,sa0,,,1.2500000000e-01
g1118_II10361_A,sa0,,,1.2500000000e-01
II10359_II10361_B,sa0,,,1.2500000000e-01
g1616_g6554_B,sa0,,,1.2500000000e-01
g7093,sa1,9,1,2.5000000000e-01
g5573,sa0,15,1,2.1875000000e-01
g3011,sa0,,,2.1875000000e-01
II6751,sa0,,,2.1875000000e-01
g1733_II6751_A,sa0,,,2.1875000000e-01
II6750_II6751_B,sa0,,,2.1875000000e-01
II6752,sa0,,,2.1875000000e-01
g1494_II6752_A,sa0,,,2.1875000000e-01
II6750_II6752_B,sa0,,,2.1875000000e-01
g4841_g5573_B,sa0,,,2.1875000000e-01
g6436,sa1,30,0,4.0515136719e-01
g6266,sa1,,,4.0515136719e-01
g5699,sa1,,,4.0515136719e-01
g6266,sa0,4,1,2.1875000000e-01
g1481_g6266_A,sa0,,,2.1875000000e-01
g5285,sa0,,,2.1875000000e-01
g4841_g5285_A,sa1,,,2.1875000000e-01
g7363,sa1,2,1,3.9062500000e-03
g7136,sa1,,,3.9062500000e-03
g6903,sa1,,,3.9062500000e-03
II12582,sa0,,,3.9062500000e-03
g6745_II12582_A,sa1,,,3.9062500000e-03
g7175,sa0,30,0,1.4741516113e-01
g6893,sa0,,,1.4741516113e-01
II12551,sa0,,,1.4741516113e-01
g6689_II12551_A,sa0,,,1.4741516113e-01
II12550_II12551_B,sa0,,,1.4741516113e-01
II12552,sa0,,,1.4741516113e-01
g1462_II12552_A,sa0,,,1.4741516113e-01
II12550_II12552_B,sa0,,,1.4741516113e-01
g4841_g7175_B,sa0,,,1.4741516113e-01
g7435,sa1,11,1,3.7500000000e-01
g6052,sa1,,,3.7500000000e-01
g7182,sa1,,,3.7500000000e-01
g7193,sa0,9,1,1.2500000000e-01
g6911,sa0,,,1.2500000000e-01
II12597,sa0,,,1.2500000000e-01
g6582_II12597_A,sa0,,,1.2500000000e-01
II12596_II12597_B,sa0,,,1.2500000000e-01
II12598,sa0,,,1.2500000000e-01
g1126_II12598_A,sa0,,,1.2500000000e-01
II12596_II12598_B,sa0,,,1.2500000000e-01
g1616_g7193_B,sa0,,,1.2500000000e-01
g7480,sa1,30,0,3.6621093750e-02
g7444,sa1,12,1,2.5000000000e-01
g7724,sa0,30,0,5.2337646484e-01
g7337,sa0,,,5.2337646484e-01
g5938,sa0,,,5.2337646484e-01
g5412_g5938_A,sa1,,,5.2337646484e-01
g7463,sa0,4,1,1.2504577637e-01
g7239,sa1,,,1.2504577637e-01
g6945,sa0,,,1.2504577637e-01
II12646,sa1,,,1.2504577637e-01
g6493_II12646_A,sa0,,,1.2504577637e-01
g7471,sa1,4,1,1.2504577637e-01
g7233,sa0,,,1.2504577637e-01
g6940,sa1,,,1.2504577637e-01
II12639,sa0,,,1.2504577637e-01
g6506,sa1,,,1.2504577637e-01
II11680,sa0,,,1.2504577637e-01
g5939_II11680_A,sa1,,,1.2504577637e-01
g5680,sa1,1,1,1.2500000000e-01
g5101_g5680_A,sa0,,,1.2500000000e-01
g4555,sa1,2,1,6.1035156250e-05
g2894,sa0,,,6.1035156250e-05
g2267,sa1,,,6.1035156250e-05
II6006,sa0,,,6.1035156250e-05
g306_II6006_A,sa1,,,6.1035156250e-05
g8146,sa1,30,0,1.3671875000e-01
g6045,sa1,,,1.3671875000e-01
g7597,sa1,,,1.3671875000e-01
g7607,sa0,11,1,6.2500000000e-02
g7325,sa0,,,6.2500000000e-02
II13396,sa0,,,6.2500000000e-02
g7212_II13396_A,sa0,,,6.2500000000e-02
II13395_II13396_B,sa0,,,6.2500000000e-02
II13397,sa0,,,6.2500000000e-02
g1057_II13397_A,sa0,,,6.2500000000e-02
II13395_II13397_B,sa0,,,6.2500000000e-02
g4969_g7607_B,sa0,,,6.2500000000e-02
g3485,sa0,2,1,5.0000000000e-01
g1737,sa1,,,5.0000000000e-01
g597,sa0,,,5.0000000000e-01
g2837,sa0,2,1,5.0000000000e-01
g1780,sa1,,,5.0000000000e-01
g614,sa0,,,5.0000000000e-01
g3574,sa1,2,1,5.0000000000e-01
g1771,sa0,,,5.0000000000e-01
g609,sa1,,,5.0000000000e-01
g3557,sa0,2,1,5.0000000000e-01
g1773,sa1,,,5.0000000000e-01
g610,sa0,,,5.0000000000e-01
g2818,sa1,2,1,5.0000000000e-01
g1792,sa0,,,5.0000000000e-01
g616,sa1,,,5.0000000000e-01
g2873,sa0,2,1,5.0000000000e-01
g1779,sa1,,,5.0000000000e-01
g612,sa0,,,5.0000000000e-01
g2774,sa0,2,1,5.0000000000e-01
g1813,sa1,,,5.0000000000e-01
g620,sa0,,,5.0000000000e-01
g2863,sa1,2,1,5.0000000000e-01
g1778,sa0,,,5.0000000000e-01
g613,sa1,,,5.0000000000e-01
g8813,sa0,26,1,4.9993896484e-01
g255_g8813_A,sa0,,,4.9993896484e-01
g8524_g8813_B,sa0,,,4.9993896484e-01
g3880,sa1,2,1,6.1035156250e-05
g2965,sa0,,,6.1035156250e-05
g2384,sa1,,,6.1035156250e-05
II6254,sa0,,,6.1035156250e-05
g536_II6254_A,sa1,,,6.1035156250e-05
g8822,sa0,26,1,4.9993896484e-01
g417_g8822_A,sa0,,,4.9993896484e-01
g8564_g8822_B,sa0,,,4.9993896484e-01
g4573,sa1,2,1,6.1035156250e-05
g2911,sa0,,,6.1035156250e-05
g2292,sa1,,,6.1035156250e-05
II6060,sa0,,,6.1035156250e-05
g580_II6060_A,sa1,,,6.1035156250e-05
g8831,sa0,26,1,4.9993896484e-01
g423_g8831_A,sa0,,,4.9993896484e-01
g8564_g8831_B,sa0,,,4.9993896484e-01
g8840,sa0,2,1,6.1035156250e-05
g4590,sa0,,,6.1035156250e-05
g2932,sa1,,,6.1035156250e-05
g2329,sa0,,,6.1035156250e-05
II6130,sa1,,,6.1035156250e-05
g560_II6130_A,sa0,,,6.1035156250e-05
g8582,sa0,,,6.1035156250e-05
g8094_g8582_A,sa1,,,6.1035156250e-05
g8524,sa1,16,1,1.2159347534e-04
g7855_g8524_A,sa0,,,1.2159347534e-04
g8624,sa0,2,1,6.1035156250e-05
g754,sa0,,,6.1035156250e-05
g8199_g8624_B,sa0,,,6.1035156250e-05
g8075,sa0,2,1,6.1035156250e-05
g7460_g8075_A,sa0,,,6.1035156250e-05
g7634_g8075_B,sa0,,,6.1035156250e-05
g8921,sa0,2,1,6.1035156250e-05
g4579,sa0,,,6.1035156250e-05
g2918,sa1,,,6.1035156250e-05
g2310,sa0,,,6.1035156250e-05
II6087,sa1,,,6.1035156250e-05
g318_II6087_A,sa0,,,6.1035156250e-05
g8747,sa0,,,6.1035156250e-05
g8545_g8747_A,sa1,,,6.1035156250e-05
g8930,sa0,2,1,6.1035156250e-05
g3866,sa0,,,6.1035156250e-05
g2945,sa1,,,6.1035156250e-05
g2364,sa0,,,6.1035156250e-05
II6192,sa1,,,6.1035156250e-05
g327_II6192_A,sa0,,,6.1035156250e-05
g8760,sa0,,,6.1035156250e-05
g8545_g8760_A,sa1,,,6.1035156250e-05
g4582,sa1,2,1,6.1035156250e-05
g2922,sa0,,,6.1035156250e-05
g2313,sa1,,,6.1035156250e-05
II6096,sa0,,,6.1035156250e-05
g521_II6096_A,sa1,,,6.1035156250e-05
g8723,sa0,2,1,6.1035156250e-05
g2706_g8723_A,sa0,,,6.1035156250e-05
g8421_g8723_B,sa0,,,6.1035156250e-05
g8705,sa0,2,1,6.1035156250e-05
g2798_g8705_A,sa0,,,6.1035156250e-05
g8421_g8705_B,sa0,,,6.1035156250e-05
g8066,sa0,2,1,6.1035156250e-05
g7488_g8066_A,sa0,,,6.1035156250e-05
g7634_g8066_B,sa0,,,6.1035156250e-05
g8912,sa0,6,1,1.8310546875e-04
g8796,sa0,,,1.8310546875e-04
g8239_g8912_B,sa0,,,1.8310546875e-04
g8741,sa0,2,1,6.1035156250e-05
g3787_g8741_A,sa0,,,6.1035156250e-05
g8464_g8741_B,sa0,,,6.1035156250e-05
g9046,sa1,20,1,9.7656250000e-04
g8744,sa1,,,9.7656250000e-04
g8749,sa1,,,9.7656250000e-04
g9016,sa1,,,9.7656250000e-04
g8862,sa1,,,9.7656250000e-04
g8493_g8862_A,sa1,,,9.7656250000e-04
g8239_g8862_B,sa1,,,9.7656250000e-04
II15172,sa1,,,9.7656250000e-04
g8483_II15172_A,sa1,,,9.7656250000e-04
g8464_II15172_B,sa1,,,9.7656250000e-04
g8514_II15172_C,sa1,,,9.7656250000e-04
g8732,sa0,2,1,6.1035156250e-05
g3808_g8732_A,sa0,,,6.1035156250e-05
g8464_g8732_B,sa0,,,6.1035156250e-05
g9055,sa1,20,1,9.7656250000e-04
g8721,sa1,,,9.7656250000e-04
g8725,sa1,,,9.7656250000e-04
g9012,sa1,,,9.7656250000e-04
g8859,sa1,,,9.7656250000e-04
g8493_g8859_A,sa1,,,9.7656250000e-04
g8239_g8859_B,sa1,,,9.7656250000e-04
II15165,sa1,,,9.7656250000e-04
g8483_II15165_A,sa1,,,9.7656250000e-04
g8464_II15165_B,sa1,,,9.7656250000e-04
g8514_II15165_C,sa1,,,9.7656250000e-04
g9038,sa0,30,0,9.7656250000e-03
g8966,sa0,,,9.7656250000e-03
g5345_g9038_B,sa0,,,9.7656250000e-03
g9146,sa0,30,0,8.1903076172e-01
g9135,sa0,,,8.1903076172e-01
g6101,sa0,,,8.1903076172e-01
g5317_g6101_A,sa1,,,8.1903076172e-01
g9136,sa1,30,0,1.4953613281e-03
g8952,sa1,,,1.4953613281e-03
g9131,sa1,,,1.4953613281e-03
g9119,sa0,30,0,1.0437011719e-02
g9049,sa0,,,1.0437011719e-02
g5345_g9119_B,sa0,,,1.0437011719e-02
g9227,sa0,30,0,6.9131469727e-01
II15947,sa1,,,6.9131469727e-01
g9221,sa0,,,6.9131469727e-01
II15937,sa1,,,6.9131469727e-01
g9212,sa0,,,6.9131469727e-01
II15912,sa1,,,6.9131469727e-01
g9193,sa0,,,6.9131469727e-01
g9181,sa1,,,6.9131469727e-01
g9177,sa0,,,6.9131469727e-01
II15811,sa1,,,6.9131469727e-01
g9151_II15811_A,sa0,,,6.9131469727e-01
g9272,sa0,30,0,3.7719726563e-01
g4748_g9272_A,sa0,,,3.7719726563e-01
g9248_g9272_B,sa0,,,3.7719726563e-01
g5645,sa0,30,0,1.2207031250e-03
g4748_g5645_A,sa1,,,1.2207031250e-03
g9244,sa1,30,0,1.1291503906e-03
II15974,sa0,,,1.1291503906e-03
g9234,sa1,,,1.1291503906e-03
II15956,sa0,,,1.1291503906e-03
g9216,sa1,,,1.1291503906e-03
II15924,sa0,,,1.1291503906e-03
g9207,sa1,,,1.1291503906e-03
g9197,sa0,,,1.1291503906e-03
g9186,sa1,,,1.1291503906e-03
II15836,sa0,,,1.1291503906e-03
g9165_II15836_A,sa1,,,1.1291503906e-03
g5654,sa0,30,0,1.3732910156e-03
g4748_g5654_A,sa1,,,1.3732910156e-03
g9316,sa1,30,0,1.0375976563e-03
g9302,sa0,,,1.0375976563e-03
g9281,sa1,,,1.0375976563e-03
II16009,sa0,,,1.0375976563e-03
g9261_II16009_A,sa1,,,1.0375976563e-03
g9335,sa0,30,0,3.7719726563e-01
g9320,sa0,,,3.7719726563e-01
g9307,sa1,,,3.7719726563e-01
g9300,sa0,,,3.7719726563e-01
II16026,sa1,,,3.7719726563e-01
g9267_II16026_A,sa0,,,3.7719726563e-01
g6206,sa0,,,3.7719726563e-01
g5639_g6206_A,sa1,,,3.7719726563e-01
g1738,sa1,0,1,0.0000000000e+00
g741_g1738_A,sa0,,,0.0000000000e+00
g9344,sa0,30,0,3.7719726563e-01
g9329,sa0,,,3.7719726563e-01
g9317,sa1,,,3.7719726563e-01
g9306,sa0,,,3.7719726563e-01
II16036,sa1,,,3.7719726563e-01
g9282_II16036_A,sa0,,,3.7719726563e-01
g6211,sa0,,,3.7719726563e-01
g5645_g6211_A,sa1,,,3.7719726563e-01
g6229,sa1,30,0,1.3427734375e-03
g5665_g6229_A,sa0,,,1.3427734375e-03
g5690,sa0,30,0,1.0256052017e-02
g4748_g5690_A,sa1,,,1.0256052017e-02
g9371,sa0,30,0,4.9934184551e-01
g9352,sa0,,,4.9934184551e-01
g5917,sa0,,,4.9934184551e-01
g5412_g5917_A,sa1,,,4.9934184551e-01
g9352,sa1,30,0,2.3559379578e-01
g9343,sa1,,,2.3559379578e-01
g4526,sa1,,,2.3559379578e-01
g1379,sa0,1,1,1.2207031250e-04
g2378,sa0,30,0,2.8610229492e-05
II6233,sa0,,,2.8610229492e-05
g834_II6233_A,sa0,,,2.8610229492e-05
II6232_II6233_B,sa0,,,2.8610229492e-05
II6234,sa0,,,2.8610229492e-05
g896_II6234_A,sa0,,,2.8610229492e-05
II6232_II6234_B,sa0,,,2.8610229492e-05
g4727,sa0,30,0,2.9993057251e-04
g4448,sa0,2,1,1.2207031250e-04
II8460,sa0,,,1.2207031250e-04
g3430_II8460_A,sa0,,,1.2207031250e-04
g3398_II8460_B,sa0,,,1.2207031250e-04
g3359_II8460_C,sa0,,,1.2207031250e-04
g2106_II8460_D,sa0,,,1.2207031250e-04
II8461,sa0,,,1.2207031250e-04
g3316_II8461_A,sa0,,,1.2207031250e-04
g3287_II8461_B,sa0,,,1.2207031250e-04
g2020_II8461_C,sa0,,,1.2207031250e-04
g3238_II8461_D,sa0,,,1.2207031250e-04
g4466,sa0,5,1,1.2207031250e-04
II8490,sa0,,,1.2207031250e-04
g3430_II8490_A,sa0,,,1.2207031250e-04
g3398_II8490_B,sa0,,,1.2207031250e-04
g3359_II8490_C,sa0,,,1.2207031250e-04
g3341_II8490_D,sa0,,,1.2207031250e-04
II8491,sa0,,,1.2207031250e-04
g3316_II8491_A,sa0,,,1.2207031250e-04
g2057_II8491_B,sa0,,,1.2207031250e-04
g3264_II8491_C,sa0,,,1.2207031250e-04
g3238_II8491_D,sa0,,,1.2207031250e-04
g4483,sa1,30,0,2.9502063990e-04
g4736,sa0,30,0,5.9437751770e-04
g4529,sa0,16,1,1.2159347534e-04
II8612,sa0,,,1.2159347534e-04
g3430_II8612_A,sa0,,,1.2159347534e-04
g3398_II8612_B,sa0,,,1.2159347534e-04
g3359_II8612_C,sa0,,,1.2159347534e-04
g3341_II8612_D,sa0,,,1.2159347534e-04
II8613,sa0,,,1.2159347534e-04
g2074_II8613_A,sa0,,,1.2159347534e-04
g3287_II8613_B,sa0,,,1.2159347534e-04
g3264_II8613_C,sa0,,,1.2159347534e-04
g1987_II8613_D,sa0,,,1.2159347534e-04
g4097,sa0,30,0,6.2035024166e-04
g2624,sa0,,,6.2035024166e-04
g1569,sa1,,,6.2035024166e-04
g661_g1569_A,sa0,,,6.2035024166e-04
g2614,sa0,,,6.2035024166e-04
g1562,sa1,,,6.2035024166e-04
g636_g1562_A,sa0,,,6.2035024166e-04
g4790,sa0,30,0,9.3269348145e-03
g3890,sa0,30,0,4.5776367188e-04
II7444,sa0,,,4.5776367188e-04
g2973_II7444_A,sa0,,,4.5776367188e-04
II7443_II7444_B,sa0,,,4.5776367188e-04
II7445,sa0,,,4.5776367188e-04
g1701_II7445_A,sa0,,,4.5776367188e-04
II7443_II7445_B,sa0,,,4.5776367188e-04
g4835,sa0,5,1,2.5000000000e-01
II9195,sa0,,,2.5000000000e-01
g4252_II9195_A,sa0,,,2.5000000000e-01
II9194_II9195_B,sa0,,,2.5000000000e-01
II9196,sa0,,,2.5000000000e-01
g1652_II9196_A,sa0,,,2.5000000000e-01
II9194_II9196_B,sa0,,,2.5000000000e-01
g5546,sa0,5,1,1.2500000000e-01
II9964,sa0,,,1.2500000000e-01
g1938_II9964_A,sa0,,,1.2500000000e-01
II9963_II9964_B,sa0,,,1.2500000000e-01
II9965,sa0,,,1.2500000000e-01
g4869_II9965_A,sa0,,,1.2500000000e-01
II9963_II9965_B,sa0,,,1.2500000000e-01
g5555,sa0,8,1,2.5000000000e-01
II9979,sa0,,,2.5000000000e-01
g4880_II9979_A,sa0,,,2.5000000000e-01
II9978_II9979_B,sa0,,,2.5000000000e-01
II9980,sa0,,,2.5000000000e-01
g2092_II9980_A,sa0,,,2.5000000000e-01
II9978_II9980_B,sa0,,,2.5000000000e-01
g6185,sa0,2,1,6.2500000000e-02
g1865,sa0,3,1,1.4495849609e-04
g1013,sa1,,,1.4495849609e-04
g8029,sa1,30,0,6.3720703125e-02
II14318,sa0,,,6.3720703125e-02
g7657,sa1,,,6.3720703125e-02
g8462,sa0,2,1,6.1035156250e-05
g49_g8462_A,sa0,,,6.1035156250e-05
g8199_g8462_B,sa0,,,6.1035156250e-05
II14969,sa0,8,1,2.4414062500e-04
g8543,sa0,2,1,6.1035156250e-05
g706_g8543_A,sa0,,,6.1035156250e-05
g7887_g8543_B,sa0,,,6.1035156250e-05
g8156,sa0,12,1,1.2207031250e-04
II14394,sa1,,,1.2207031250e-04
g7536,sa0,,,1.2207031250e-04
g4414_g7536_A,sa0,,,1.2207031250e-04
g7367_g7536_B,sa0,,,1.2207031250e-04
g8407,sa1,30,0,8.8329315186e-03
g8013,sa0,,,8.8329315186e-03
g7561,sa1,,,8.8329315186e-03
g8363,sa0,9,1,1.2207031250e-04
g7992,sa1,,,1.2207031250e-04
g7557,sa0,,,1.2207031250e-04
g7367_g7557_A,sa0,,,1.2207031250e-04
g4147_g7557_B,sa0,,,1.2207031250e-04
g8273,sa0,2,1,6.1035156250e-05
g185,sa0,,,6.1035156250e-05
g8156_g8273_B,sa0,,,6.1035156250e-05
g8264,sa0,2,1,6.1035156250e-05
g105_g8264_A,sa0,,,6.1035156250e-05
g8131_g8264_B,sa0,,,6.1035156250e-05
g8309,sa0,2,1,6.1035156250e-05
g550_g8309_A,sa0,,,6.1035156250e-05
g8181_g8309_B,sa0,,,6.1035156250e-05
g8714,sa0,2,1,6.1035156250e-05
g2873_g8714_A,sa0,,,6.1035156250e-05
g8407_g8714_B,sa0,,,6.1035156250e-05
g8282,sa0,2,1,6.1035156250e-05
g179,sa0,,,6.1035156250e-05
g8156_g8282_B,sa0,,,6.1035156250e-05
g8237,sa0,2,1,6.1035156250e-05
g89_g8237_A,sa0,,,6.1035156250e-05
g8131_g8237_B,sa0,,,6.1035156250e-05
g8291,sa0,2,1,6.1035156250e-05
g122_g8291_A,sa0,,,6.1035156250e-05
g8111_g8291_B,sa0,,,6.1035156250e-05
g8318,sa0,2,1,6.1035156250e-05
g183,sa0,,,6.1035156250e-05
g8156_g8318_B,sa0,,,6.1035156250e-05
g8336,sa0,2,1,6.1035156250e-05
g420_g8336_A,sa0,,,6.1035156250e-05
g7920_g8336_B,sa0,,,6.1035156250e-05
g8327,sa0,2,1,6.1035156250e-05
g336_g8327_A,sa0,,,6.1035156250e-05
g7870_g8327_B,sa0,,,6.1035156250e-05
g8443,sa1,30,0,8.6975097656e-03
g8015,sa0,,,8.6975097656e-03
g7689,sa1,,,8.6975097656e-03
g1919,sa0,3,1,6.3232421875e-02
g1098_g1919_A,sa0,,,6.3232421875e-02
g1087_g1919_B,sa0,,,6.3232421875e-02
g2386,sa1,6,1,9.3750000000e-02
g1838,sa0,4,1,3.7500000000e-01
g1450_g1838_A,sa1,,,3.7500000000e-01
g1639,sa1,1,1,5.0000000000e-01
g1207_g1639_A,sa0,,,5.0000000000e-01
g1918,sa1,5,1,4.8437500000e-01
g822_g1918_A,sa0,,,4.8437500000e-01
g1739,sa0,6,1,1.3281250000e-01
g803_g1739_A,sa0,,,1.3281250000e-01
g799_g1739_B,sa0,,,1.3281250000e-01
g2368,sa1,6,1,2.1362304688e-04
II6208,sa1,,,2.1362304688e-04
g891_II6208_A,sa1,,,2.1362304688e-04
g896_II6208_B,sa1,,,2.1362304688e-04
g901_II6208_C,sa1,,,2.1362304688e-04
g906_II6208_D,sa1,,,2.1362304688e-04
II6209,sa1,,,2.1362304688e-04
g911_II6209_A,sa1,,,2.1362304688e-04
g916_II6209_B,sa1,,,2.1362304688e-04
g921_II6209_C,sa1,,,2.1362304688e-04
g883_II6209_D,sa1,,,2.1362304688e-04
g1658,sa0,2,1,2.5000000000e-01
g1313_g1658_A,sa1,,,2.5000000000e-01
g2486,sa0,2,1,5.0000000000e-01
g959_g2486_A,sa1,,,5.0000000000e-01
g3808,sa1,3,1,6.1988714151e-05
g1827,sa0,,,6.1988714151e-05
g762,sa1,,,6.1988714151e-05
g2764,sa1,3,1,6.1273545725e-05
g1802,sa0,,,6.1273545725e-05
g628,sa1,,,6.1273545725e-05
g2467,sa1,30,0,1.6444362700e-05
II6305,sa0,,,1.6444362700e-05
g1333_II6305_A,sa1,,,1.6444362700e-05
g1649,sa0,1,1,5.0000000000e-01
g1217_g1649_A,sa1,,,5.0000000000e-01
g5096,sa0,2,1,3.9062500000e-03
g1149_g5096_A,sa0,,,3.9062500000e-03
g4400_g5096_B,sa0,,,3.9062500000e-03
g4826,sa0,4,1,1.1718750000e-02
g1545_g4826_A,sa0,,,1.1718750000e-02
g4239_g4826_B,sa0,,,1.1718750000e-02
g1549,sa1,9,1,2.5390625000e-01
g4880,sa0,30,0,5.8593750000e-02
g4287,sa0,,,5.8593750000e-02
g3563_g4287_A,sa0,,,5.8593750000e-02
g2334_g4287_B,sa0,,,5.8593750000e-02
g3579_g4287_C,sa0,,,5.8593750000e-02
II8237,sa0,,,5.8593750000e-02
g2298_II8237_A,sa0,,,5.8593750000e-02
g2316_II8237_B,sa0,,,5.8593750000e-02
g2354_II8237_C,sa0,,,5.8593750000e-02
g1879_g4880_B,sa0,,,5.8593750000e-02
g4871,sa0,30,0,2.9296875000e-02
g3635_g4871_A,sa0,,,2.9296875000e-02
g3605_g4871_B,sa0,,,2.9296875000e-02
g4220_g4871_C,sa0,,,2.9296875000e-02
g3644_g4871_D,sa0,,,2.9296875000e-02
g4933,sa1,30,0,3.0517578125e-03
g4906,sa1,30,0,1.1230468750e-02
g3754,sa1,2,1,3.9062500000e-03
g2543_g3754_A,sa0,,,3.9062500000e-03
g2584,sa1,1,1,5.0000000000e-01
g1646_g2584_A,sa0,,,5.0000000000e-01
g5590,sa1,4,1,9.7656250000e-04
g5492,sa0,2,1,5.0000000000e-01
g4919,sa1,,,5.0000000000e-01
g4104,sa0,,,5.0000000000e-01
II7925,sa1,,,5.0000000000e-01
g2761_II7925_A,sa0,,,5.0000000000e-01
g5491,sa1,2,1,5.0000000000e-01
g4918,sa0,,,5.0000000000e-01
g4103,sa1,,,5.0000000000e-01
II7922,sa0,,,5.0000000000e-01
g3462_II7922_A,sa1,,,5.0000000000e-01
g5473,sa1,2,1,5.0000000000e-01
g4903,sa0,,,5.0000000000e-01
g4084,sa1,,,5.0000000000e-01
II7875,sa0,,,5.0000000000e-01
g3819_II7875_A,sa1,,,5.0000000000e-01
g5482,sa1,2,1,5.0000000000e-01
g4915,sa0,,,5.0000000000e-01
g4094,sa1,,,5.0000000000e-01
II7905,sa0,,,5.0000000000e-01
g2863_II7905_A,sa1,,,5.0000000000e-01
g5474,sa0,2,1,5.0000000000e-01
g4904,sa1,,,5.0000000000e-01
g4085,sa0,,,5.0000000000e-01
II7878,sa1,,,5.0000000000e-01
g2829_II7878_A,sa0,,,5.0000000000e-01
g6239,sa0,25,1,3.2806396484e-03
g1514_g6239_A,sa0,,,3.2806396484e-03
g5314_g6239_B,sa0,,,3.2806396484e-03
g1486,sa1,1,1,5.0000000000e-01
g2548,sa1,8,1,2.5000000000e-01
g1351_g2548_A,sa0,,,2.5000000000e-01
g6158,sa0,30,0,5.8593750000e-02
g3735_g6158_A,sa0,,,5.8593750000e-02
g3716_g6158_B,sa0,,,5.8593750000e-02
g5633_g6158_C,sa0,,,5.8593750000e-02
g3754_g6158_D,sa0,,,5.8593750000e-02
g6941,sa0,2,1,1.2207031250e-03
g1126_g6941_A,sa0,,,1.2207031250e-03
g6582_g6941_B,sa0,,,1.2207031250e-03
g7237,sa1,2,1,9.7656250000e-04
g7427,sa0,7,1,7.6293945313e-05
g1472_g7427_A,sa0,,,7.6293945313e-05
g7199_g7427_B,sa0,,,7.6293945313e-05
g1477,sa1,30,0,2.1759033203e-01
g8147,sa0,2,1,1.5258789063e-05
g1065_g8147_A,sa0,,,1.5258789063e-05
g7683_g8147_B,sa0,,,1.5258789063e-05
g8092,sa1,27,1,4.8780441284e-04
g7634_g8092_A,sa1,,,4.8780441284e-04
g7628_g8092_B,sa1,,,4.8780441284e-04
g7616_g8092_C,sa1,,,4.8780441284e-04
g7611_g8092_D,sa1,,,4.8780441284e-04
g7616,sa0,8,1,1.2207031250e-04
g7367_g7616_A,sa0,,,1.2207031250e-04
g4517_g7616_B,sa0,,,1.2207031250e-04
g7634,sa0,16,1,1.2159347534e-04
g7367_g7634_A,sa0,,,1.2159347534e-04
g4549_g7634_B,sa0,,,1.2159347534e-04
g8660,sa0,1,1,7.6293945313e-06
g1069_g8660_A,sa0,,,7.6293945313e-06
g8147_g8660_B,sa0,,,7.6293945313e-06
g9154,sa1,30,0,1.0375976563e-03
g9142,sa1,,,1.0375976563e-03
g9021,sa1,,,1.0375976563e-03
g9190,sa1,30,0,2.5485563278e-01
II15887,sa0,30,0,7.1525573730e-06
g9192_II15887_A,sa0,,,7.1525573730e-06
g9191_II15887_B,sa0,,,7.1525573730e-06
g9191,sa0,30,0,7.1525573730e-06
II15856,sa0,,,7.1525573730e-06
g9168_II15856_A,sa0,,,7.1525573730e-06
II15855_II15856_B,sa0,,,7.1525573730e-06
II15857,sa0,,,7.1525573730e-06
g9165_II15857_A,sa0,,,7.1525573730e-06
II15855_II15857_B,sa0,,,7.1525573730e-06
g2557,sa1,8,1,5.0000000000e-01
g940,sa0,,,5.0000000000e-01
g3466,sa1,22,1,7.4951171875e-01
g8128,sa1,30,0,2.9370117188e-01
g7566_g8128_A,sa1,,,2.9370117188e-01
g6910,sa1,,,2.9370117188e-01
g1011,sa1,,,2.9370117188e-01
II5413,sa0,,,2.9370117188e-01
g1016,sa1,,,2.9370117188e-01
g1837,sa1,,,2.9370117188e-01
g1007,sa0,,,2.9370117188e-01
g6559_g6910_C,sa1,,,2.9370117188e-01
g1008_g6910_D,sa1,,,2.9370117188e-01
g6452_g8128_C,sa1,,,2.9370117188e-01
g2074_II8006_A,sa1,0,1,0.0000000000e+00
g3341_II8014_D,sa1,20,1,1.1825561523e-04
g2074_II8015_A,sa1,10,1,9.3102455139e-05
g3430_II8045_A,sa1,16,1,1.2159347534e-04
g2106_II8052_D,sa1,7,1,1.8959045410e-03
g2020_II8058_C,sa1,16,1,1.0984949768e-04
g2162_II8071_A,sa1,17,1,1.9550323486e-03
g2316_II8240_B,sa1,2,1,1.9531250000e-03
g411_g4422_A,sa1,4,1,3.7500000000e-01
g3430_II8612_A,sa1,16,1,1.2159347534e-04
g3062_II8225_A,sa0,1,1,3.9062500000e-03
g1532_II5506_A,sa1,5,1,6.2500000000e-02
g1130_II5619_B,sa1,1,1,3.1250000000e-02
g2105_II6904_A,sa1,1,1,1.2500000000e-01
g2006_II7174_A,sa1,2,1,1.8750000000e-01
g2351_II7180_A,sa1,1,1,2.5000000000e-01
g2091_II7214_B,sa1,4,1,2.3437500000e-01
g2703_II7421_B,sa1,30,0,2.8610229492e-05
g1106_II7452_B,sa1,1,1,1.5625000000e-02
g3220_II8119_B,sa1,2,1,2.3437500000e-02
g2540_II9241_A,sa1,3,1,2.1875000000e-01
g1829,sa1,1,1,5.0000000000e-01
II5715,sa0,,,5.0000000000e-01
g896_II5715_A,sa1,,,5.0000000000e-01
g4655,sa1,2,1,5.0000000000e-01
II8880,sa0,,,5.0000000000e-01
g4303,sa1,,,5.0000000000e-01
II8268,sa0,,,5.0000000000e-01
g2801_II8268_A,sa1,,,5.0000000000e-01
g4664,sa1,3,1,7.5000000000e-01
II8907,sa0,,,7.5000000000e-01
g4095,sa1,,,7.5000000000e-01
II7908,sa0,,,7.5000000000e-01
g3516,sa1,,,7.5000000000e-01
g2282,sa1,,,7.5000000000e-01
g1400,sa0,,,7.5000000000e-01
g1401,sa1,,,7.5000000000e-01
g5682,sa0,1,1,5.0000000000e-01
II10177,sa1,,,5.0000000000e-01
g4721_II10177_A,sa0,,,5.0000000000e-01
g6653,sa1,1,1,5.0000000000e-01
II11939,sa0,,,5.0000000000e-01
g6015_II11939_A,sa1,,,5.0000000000e-01
g7283,sa1,1,1,9.7656250000e-04
II13281,sa0,,,9.7656250000e-04
g7155,sa1,,,9.7656250000e-04
II13039,sa0,,,9.7656250000e-04
g6961,sa1,,,9.7656250000e-04
II12684,sa0,,,9.7656250000e-04
g6472,sa1,,,9.7656250000e-04
g7284,sa0,30,0,2.9296875000e-02
II13284,sa1,,,2.9296875000e-02
g7156,sa0,,,2.9296875000e-02
II13042,sa1,,,2.9296875000e-02
g6963,sa0,,,2.9296875000e-02
II12690,sa1,,,2.9296875000e-02
g6467,sa0,,,2.9296875000e-02
g5956_g6467_A,sa0,,,2.9296875000e-02
g5269_g6467_B,sa0,,,2.9296875000e-02
g7292,sa1,1,1,9.7656250000e-04
II13308,sa0,,,9.7656250000e-04
g7169,sa1,,,9.7656250000e-04
II13075,sa0,,,9.7656250000e-04
g6958,sa1,,,9.7656250000e-04
II12675,sa0,,,9.7656250000e-04
g6510,sa1,,,9.7656250000e-04
g7293,sa0,30,0,2.9296875000e-02
II13311,sa1,,,2.9296875000e-02
g7162,sa0,,,2.9296875000e-02
II13060,sa1,,,2.9296875000e-02
g6959,sa0,,,2.9296875000e-02
II12678,sa1,,,2.9296875000e-02
g6516,sa0,,,2.9296875000e-02
g5897_g6516_A,sa0,,,2.9296875000e-02
g5278_g6516_B,sa0,,,2.9296875000e-02
g7508,sa1,1,1,5.0000000000e-01
II13704,sa0,,,5.0000000000e-01
g7352,sa1,,,5.0000000000e-01
II13472,sa0,,,5.0000000000e-01
g7266,sa1,,,5.0000000000e-01
II13238,sa0,,,5.0000000000e-01
g6900,sa1,,,5.0000000000e-01
II12571,sa0,,,5.0000000000e-01
g6729,sa1,,,5.0000000000e-01
g6263,sa0,,,5.0000000000e-01
g5688,sa1,,,5.0000000000e-01
II10193,sa0,,,5.0000000000e-01
g4670_II10193_A,sa1,,,5.0000000000e-01
g8219,sa1,1,1,5.0000000000e-01
II14436,sa0,,,5.0000000000e-01
g7904,sa1,,,5.0000000000e-01
II14276,sa0,,,5.0000000000e-01
g7720,sa1,,,5.0000000000e-01
II14035,sa0,,,5.0000000000e-01
g7310,sa1,,,5.0000000000e-01
II13362,sa0,,,5.0000000000e-01
g7265,sa1,,,5.0000000000e-01
g7077,sa0,,,5.0000000000e-01
g6676,sa1,,,5.0000000000e-01
II11984,sa0,,,5.0000000000e-01
g6246_II11984_A,sa1,,,5.0000000000e-01
g8661,sa0,0,1,0.0000000000e+00
II14777,sa1,,,0.0000000000e+00
g8511,sa0,,,0.0000000000e+00
II14646,sa1,,,0.0000000000e+00
g7790,sa0,,,0.0000000000e+00
II14227,sa1,,,0.0000000000e+00
g7552,sa0,,,0.0000000000e+00
g7319,sa0,,,0.0000000000e+00
g7124,sa1,,,0.0000000000e+00
g6896,sa0,,,0.0000000000e+00
II12561,sa1,,,0.0000000000e+00
g6449_II12561_A,sa0,,,0.0000000000e+00
g5749,sa0,,,0.0000000000e+00
g5207,sa1,,,0.0000000000e+00
g4673_g5207_A,sa0,,,0.0000000000e+00
g9128,sa1,3,1,5.0000000000e-01
II15762,sa0,,,5.0000000000e-01
g9039_II15762_A,sa1,,,5.0000000000e-01
g9308,sa1,30,0,1.2207031250e-03
II16040,sa0,,,1.2207031250e-03
g9285_II16040_A,sa1,,,1.2207031250e-03
g6294,sa0,1,1,5.0000000000e-01
II11209,sa1,,,5.0000000000e-01
g6139,sa0,,,5.0000000000e-01
II10780,sa1,,,5.0000000000e-01
g5445_II10780_A,sa0,,,5.0000000000e-01
g6293,sa1,1,1,5.0000000000e-01
II11206,sa0,,,5.0000000000e-01
g6133,sa1,,,5.0000000000e-01
II10766,sa0,,,5.0000000000e-01
g5674_II10766_A,sa1,,,5.0000000000e-01
g9372,sa0,30,0,7.4945068359e-01
II16142,sa1,,,7.4945068359e-01
g9366,sa0,,,7.4945068359e-01
II16126,sa1,,,7.4945068359e-01
g9354,sa0,,,7.4945068359e-01
g9362,sa1,30,0,9.7656250000e-04
II16122,sa0,,,9.7656250000e-04
g9353,sa1,,,9.7656250000e-04
II16107,sa0,,,9.7656250000e-04
g9337,sa1,,,9.7656250000e-04
g9240,sa1,,,9.7656250000e-04
g9327,sa1,,,9.7656250000e-04
g5736,sa0,3,1,1.2500000000e-01
II10265,sa1,,,1.2500000000e-01
g5468,sa0,,,1.2500000000e-01
II9884,sa1,,,1.2500000000e-01
g4868,sa0,,,1.2500000000e-01
g4227,sa0,,,1.2500000000e-01
II8133,sa0,,,1.2500000000e-01
g3232_II8133_A,sa0,,,1.2500000000e-01
II8132_II8133_B,sa0,,,1.2500000000e-01
II8134,sa0,,,1.2500000000e-01
g1646_II8134_A,sa0,,,1.2500000000e-01
II8132_II8134_B,sa0,,,1.2500000000e-01
g4160_g4868_B,sa0,,,1.2500000000e-01
g6383,sa1,3,1,7.5000000000e-01
II11476,sa0,,,7.5000000000e-01
g6194,sa1,,,7.5000000000e-01
II10937,sa0,,,7.5000000000e-01
g5560,sa1,,,7.5000000000e-01
g6384,sa0,3,1,2.5000000000e-01
II11479,sa1,,,2.5000000000e-01
g6201,sa0,,,2.5000000000e-01
II10946,sa1,,,2.5000000000e-01
g5563,sa0,,,2.5000000000e-01
g3390_g5563_A,sa0,,,2.5000000000e-01
g5070,sa0,,,2.5000000000e-01
g7527,sa0,10,1,7.5097656250e-01
II13761,sa1,,,7.5097656250e-01
g7418,sa0,,,7.5097656250e-01
II13533,sa1,,,7.5097656250e-01
g7220,sa0,,,7.5097656250e-01
g6374,sa1,1,1,5.0000000000e-01
II11449,sa0,,,5.0000000000e-01
g6068,sa1,,,5.0000000000e-01
II10687,sa0,,,5.0000000000e-01
g5674_II10687_A,sa1,,,5.0000000000e-01
g6375,sa0,1,1,5.0000000000e-01
II11452,sa1,,,5.0000000000e-01
g6071,sa0,,,5.0000000000e-01
II10694,sa1,,,5.0000000000e-01
g5445_II10694_A,sa0,,,5.0000000000e-01
g6860,sa1,11,1,5.0146484375e-01
II12451,sa0,,,5.0146484375e-01
g6524,sa1,,,5.0146484375e-01
II11710,sa0,,,5.0146484375e-01
g6098_II11710_A,sa1,,,5.0146484375e-01
g4656,sa0,1,1,2.5000000000e-01
II8883,sa1,,,2.5000000000e-01
g4198,sa0,,,2.5000000000e-01
II8101,sa1,,,2.5000000000e-01
g3259,sa0,,,2.5000000000e-01
g1976,sa0,,,2.5000000000e-01
g1269,sa1,,,2.5000000000e-01
g1960,sa0,,,2.5000000000e-01
g1268,sa1,,,2.5000000000e-01
g6861,sa0,5,1,5.0000000000e-01
II12454,sa1,,,5.0000000000e-01
g6581,sa0,,,5.0000000000e-01
II11773,sa1,,,5.0000000000e-01
g6262,sa0,,,5.0000000000e-01
g6870,sa0,2,1,5.0000000000e-01
II12481,sa1,,,5.0000000000e-01
g6616,sa0,,,5.0000000000e-01
II11848,sa1,,,5.0000000000e-01
g6159,sa0,,,5.0000000000e-01
II10835,sa0,,,5.0000000000e-01
g5514_II10835_A,sa0,,,5.0000000000e-01
II10834_II10835_B,sa0,,,5.0000000000e-01
II10836,sa0,,,5.0000000000e-01
g2584_II10836_A,sa0,,,5.0000000000e-01
II10834_II10836_B,sa0,,,5.0000000000e-01
g6392,sa1,30,0,4.5776367188e-04
II11503,sa0,,,4.5776367188e-04
g6220,sa1,,,4.5776367188e-04
II11001,sa0,,,4.5776367188e-04
g5698,sa1,,,4.5776367188e-04
g5057,sa1,,,4.5776367188e-04
g3939,sa1,,,4.5776367188e-04
g3925,sa1,,,4.5776367188e-04
g3915,sa1,,,4.5776367188e-04
g3907,sa1,,,4.5776367188e-04
g5040,sa1,,,4.5776367188e-04
g3900,sa1,,,4.5776367188e-04
g3895,sa1,,,4.5776367188e-04
g3890,sa1,,,4.5776367188e-04
g4363,sa1,,,4.5776367188e-04
g5745,sa0,2,1,1.8750000000e-01
II10292,sa1,,,1.8750000000e-01
g5577,sa0,,,1.8750000000e-01
II10046,sa1,,,1.8750000000e-01
g4840,sa0,,,1.8750000000e-01
g4235,sa0,,,1.8750000000e-01
g1415,sa0,,,1.8750000000e-01
g2668_g4235_B,sa0,,,1.8750000000e-01
g1980_g4840_B,sa0,,,1.8750000000e-01
g5178,sa0,5,1,6.2500000000e-01
II9660,sa1,,,6.2500000000e-01
g4806,sa0,,,6.2500000000e-01
II9139,sa1,,,6.2500000000e-01
g4364,sa0,,,6.2500000000e-01
g4665,sa0,2,1,6.2500000000e-01
II8910,sa1,,,6.2500000000e-01
g4200,sa0,,,6.2500000000e-01
II8105,sa1,,,6.2500000000e-01
g3339,sa0,,,6.2500000000e-01
g5744,sa1,10,1,8.1250000000e-01
II10289,sa0,,,8.1250000000e-01
g5569,sa1,,,8.1250000000e-01
II10028,sa0,,,8.1250000000e-01
g4825,sa1,,,8.1250000000e-01
g5177,sa1,1,1,1.2500000000e-01
II9657,sa0,,,1.2500000000e-01
g4784,sa1,,,1.2500000000e-01
II9095,sa0,,,1.2500000000e-01
g4283,sa1,,,1.2500000000e-01
g3587,sa1,,,1.2500000000e-01
g1964_g3587_A,sa0,,,1.2500000000e-01
g2665_g4283_B,sa1,,,1.2500000000e-01
g6393,sa0,1,1,5.0000000000e-01
II11506,sa1,,,5.0000000000e-01
g6189,sa0,,,5.0000000000e-01
II10930,sa1,,,5.0000000000e-01
g5600_II10930_A,sa0,,,5.0000000000e-01
g7770,sa0,12,1,4.3750000000e-01
II14181,sa1,,,4.3750000000e-01
g7725,sa0,,,4.3750000000e-01
II14046,sa1,,,4.3750000000e-01
g7492,sa0,,,4.3750000000e-01
II13656,sa1,,,4.3750000000e-01
g7228,sa0,,,4.3750000000e-01
g6688,sa0,,,4.3750000000e-01
g7090,sa0,,,4.3750000000e-01
g6525_g7090_A,sa1,,,4.3750000000e-01
g8228,sa1,8,1,5.0000000000e-01
II14463,sa0,,,5.0000000000e-01
g8072,sa1,,,5.0000000000e-01
II14349,sa0,,,5.0000000000e-01
g7588,sa1,,,5.0000000000e-01
II13909,sa0,,,5.0000000000e-01
g7339,sa1,,,5.0000000000e-01
II13435,sa0,,,5.0000000000e-01
g7170,sa1,,,5.0000000000e-01
g6916,sa1,,,5.0000000000e-01
g6444,sa1,,,5.0000000000e-01
g5186,sa1,5,1,8.1250000000e-01
II9684,sa0,,,8.1250000000e-01
g4813,sa1,,,8.1250000000e-01
II9162,sa0,,,8.1250000000e-01
g4272,sa1,,,8.1250000000e-01
g5187,sa0,2,1,1.8750000000e-01
II9687,sa1,,,1.8750000000e-01
g4822,sa0,,,1.8750000000e-01
II9177,sa1,,,1.8750000000e-01
g4299,sa0,,,1.8750000000e-01
g3233_g4299_A,sa0,,,1.8750000000e-01
g3358,sa0,,,1.8750000000e-01
II6940,sa0,,,1.8750000000e-01
g2161_II6940_A,sa0,,,1.8750000000e-01
II6939_II6940_B,sa0,,,1.8750000000e-01
II6941,sa0,,,1.8750000000e-01
g2051_II6941_A,sa0,,,1.8750000000e-01
II6939_II6941_B,sa0,,,1.8750000000e-01
g3863,sa1,1,1,5.0000000000e-01
II7392,sa0,,,5.0000000000e-01
g3230,sa1,,,5.0000000000e-01
II6887,sa0,,,5.0000000000e-01
g2528_II6887_A,sa1,,,5.0000000000e-01
g7517,sa1,10,1,7.5000000000e-01
II13731,sa0,,,7.5000000000e-01
g7441,sa1,,,7.5000000000e-01
II13580,sa0,,,7.5000000000e-01
g7208,sa1,,,7.5000000000e-01
II13140,sa0,,,7.5000000000e-01
g6954,sa1,,,7.5000000000e-01
g6851,sa1,1,1,5.0000000000e-01
II12424,sa0,,,5.0000000000e-01
g6446,sa1,,,5.0000000000e-01
II11591,sa0,,,5.0000000000e-01
g5814_II11591_A,sa1,,,5.0000000000e-01
g7518,sa0,1,1,3.1250000000e-02
II13734,sa1,,,3.1250000000e-02
g7422,sa0,,,3.1250000000e-02
II13541,sa1,,,3.1250000000e-02
g7209,sa0,,,3.1250000000e-02
g6852,sa0,3,1,5.0000000000e-01
II12427,sa1,,,5.0000000000e-01
g6553,sa0,,,5.0000000000e-01
II11725,sa1,,,5.0000000000e-01
g6036,sa0,,,5.0000000000e-01
II10643,sa1,,,5.0000000000e-01
g5267,sa0,,,5.0000000000e-01
II9785,sa1,,,5.0000000000e-01
g4747,sa0,,,5.0000000000e-01
g7526,sa1,30,0,2.9296875000e-02
II13758,sa0,,,2.9296875000e-02
g7414,sa1,,,2.9296875000e-02
II13527,sa0,,,2.9296875000e-02
g7217_II13527_A,sa1,,,2.9296875000e-02
g6780,sa0,1,1,5.0000000000e-01
II12211,sa1,,,5.0000000000e-01
g6502,sa0,,,5.0000000000e-01
II11672,sa1,,,5.0000000000e-01
g5971_II11672_A,sa0,,,5.0000000000e-01
g7733,sa1,30,0,3.4179687500e-02
II14070,sa0,,,3.4179687500e-02
g7714,sa1,,,3.4179687500e-02
II14019,sa0,,,3.4179687500e-02
g7480_II14019_A,sa1,,,3.4179687500e-02
g7509,sa0,1,1,3.1250000000e-02
II13707,sa1,,,3.1250000000e-02
g7420,sa0,,,3.1250000000e-02
II13537,sa1,,,3.1250000000e-02
g7152_II13537_A,sa0,,,3.1250000000e-02
g7734,sa0,0,1,0.0000000000e+00
II14073,sa1,,,0.0000000000e+00
g7627,sa0,,,0.0000000000e+00
II13956,sa1,,,0.0000000000e+00
g7499,sa0,,,0.0000000000e+00
g7258,sa1,,,0.0000000000e+00
g7083_g7258_A,sa1,,,0.0000000000e+00
g5403_g7258_B,sa1,,,0.0000000000e+00
II13220,sa1,,,0.0000000000e+00
g58_II13220_A,sa1,,,0.0000000000e+00
g6258,sa1,,,0.0000000000e+00
g5427,sa0,,,0.0000000000e+00
g5115,sa1,,,0.0000000000e+00
II9505,sa0,,,0.0000000000e+00
g4300,sa1,,,0.0000000000e+00
II8261,sa0,,,0.0000000000e+00
g3643,sa1,,,0.0000000000e+00
g2453,sa0,,,0.0000000000e+00
II6291,sa1,,,0.0000000000e+00
g46,sa0,,,0.0000000000e+00
g5418_II13220_C,sa1,,,0.0000000000e+00
g5159,sa1,1,1,5.0000000000e-01
II9603,sa0,,,5.0000000000e-01
g4719,sa1,,,5.0000000000e-01
II9021,sa0,,,5.0000000000e-01
g4489,sa1,,,5.0000000000e-01
g2826,sa0,,,5.0000000000e-01
g2183,sa1,,,5.0000000000e-01
II5908,sa0,,,5.0000000000e-01
g196_II5908_A,sa1,,,5.0000000000e-01
g7742,sa1,11,1,5.0000000000e-01
II14097,sa0,,,5.0000000000e-01
g7595,sa1,,,5.0000000000e-01
II13930,sa0,,,5.0000000000e-01
g7405,sa1,,,5.0000000000e-01
II13518,sa0,,,5.0000000000e-01
g7141,sa1,,,5.0000000000e-01
II13009,sa0,,,5.0000000000e-01
g6935,sa1,,,5.0000000000e-01
g6429,sa1,,,5.0000000000e-01
g6431,sa1,,,5.0000000000e-01
g3836,sa1,1,1,5.0000000000e-01
II7311,sa0,,,5.0000000000e-01
g2879,sa1,,,5.0000000000e-01
II6597,sa0,,,5.0000000000e-01
g1970_II6597_A,sa1,,,5.0000000000e-01
g9092,sa1,15,1,5.0000000000e-01
II15666,sa0,,,5.0000000000e-01
g9070,sa1,,,5.0000000000e-01
II15604,sa0,,,5.0000000000e-01
g8993,sa1,,,5.0000000000e-01
g8933,sa1,,,5.0000000000e-01
g8835,sa1,,,5.0000000000e-01
g9093,sa0,19,1,5.0000000000e-01
II15669,sa1,,,5.0000000000e-01
g9045,sa0,,,5.0000000000e-01
II15539,sa1,,,5.0000000000e-01
g9005,sa0,,,5.0000000000e-01
g6329,sa1,4,1,5.0000000000e-01
II11314,sa0,,,5.0000000000e-01
g5781,sa1,,,5.0000000000e-01
II10390,sa0,,,5.0000000000e-01
g5195,sa1,,,5.0000000000e-01
g5019,sa1,,,5.0000000000e-01
g4368,sa1,,,5.0000000000e-01
g4619,sa1,1,1,5.0000000000e-01
II8772,sa0,,,5.0000000000e-01
g4011,sa1,,,5.0000000000e-01
II7762,sa0,,,5.0000000000e-01
g3029_II7762_A,sa1,,,5.0000000000e-01
g6338,sa1,4,1,5.0000000000e-01
II11341,sa0,,,5.0000000000e-01
g5809,sa1,,,5.0000000000e-01
II10460,sa0,,,5.0000000000e-01
g5219,sa1,,,5.0000000000e-01
g5065,sa1,,,5.0000000000e-01
g4394,sa1,,,5.0000000000e-01
g4628,sa1,1,1,5.0000000000e-01
II8799,sa0,,,5.0000000000e-01
g3951,sa1,,,5.0000000000e-01
II7648,sa0,,,5.0000000000e-01
g2712_II7648_A,sa1,,,5.0000000000e-01
g6339,sa0,6,1,5.0000000000e-01
II11344,sa1,,,5.0000000000e-01
g5820,sa0,,,5.0000000000e-01
II10485,sa1,,,5.0000000000e-01
g5229,sa0,,,5.0000000000e-01
g4629,sa0,1,1,5.0000000000e-01
II8802,sa1,,,5.0000000000e-01
g3963,sa0,,,5.0000000000e-01
II7672,sa1,,,5.0000000000e-01
g3062_II7672_A,sa0,,,5.0000000000e-01
g6347,sa1,4,1,5.0000000000e-01
II11368,sa0,,,5.0000000000e-01
g5833,sa1,,,5.0000000000e-01
II10522,sa0,,,5.0000000000e-01
g5243,sa1,,,5.0000000000e-01
g5106,sa1,,,5.0000000000e-01
g4435,sa1,,,5.0000000000e-01
g4637,sa1,1,1,5.0000000000e-01
II8826,sa0,,,5.0000000000e-01
g4023,sa1,,,5.0000000000e-01
II7788,sa0,,,5.0000000000e-01
g2595_II7788_A,sa1,,,5.0000000000e-01
g6348,sa0,6,1,5.0000000000e-01
II11371,sa1,,,5.0000000000e-01
g5840,sa0,,,5.0000000000e-01
II10535,sa1,,,5.0000000000e-01
g5254,sa0,,,5.0000000000e-01
g4638,sa0,1,1,5.0000000000e-01
II8829,sa1,,,5.0000000000e-01
g4029,sa0,,,5.0000000000e-01
II7800,sa1,,,5.0000000000e-01
g2605_II7800_A,sa0,,,5.0000000000e-01
g6356,sa1,4,1,5.0000000000e-01
II11395,sa0,,,5.0000000000e-01
g5812,sa1,,,5.0000000000e-01
II10469,sa0,,,5.0000000000e-01
g5222,sa1,,,5.0000000000e-01
g5068,sa1,,,5.0000000000e-01
g4397,sa1,,,5.0000000000e-01
g4646,sa1,1,1,5.0000000000e-01
II8853,sa0,,,5.0000000000e-01
g4034,sa1,,,5.0000000000e-01
II7811,sa0,,,5.0000000000e-01
g3019_II7811_A,sa1,,,5.0000000000e-01
g6357,sa0,6,1,5.0000000000e-01
II11398,sa1,,,5.0000000000e-01
g5823,sa0,,,5.0000000000e-01
II10494,sa1,,,5.0000000000e-01
g5232,sa0,,,5.0000000000e-01
g4647,sa0,1,1,5.0000000000e-01
II8856,sa1,,,5.0000000000e-01
g3955,sa0,,,5.0000000000e-01
II7658,sa1,,,5.0000000000e-01
g2562_II7658_A,sa0,,,5.0000000000e-01
g3845,sa1,1,1,5.0000000000e-01
II7338,sa0,,,5.0000000000e-01
g2923,sa1,,,5.0000000000e-01
II6657,sa0,,,5.0000000000e-01
g1701_II6657_A,sa1,,,5.0000000000e-01
g3846,sa0,1,1,5.0000000000e-01
II7341,sa1,,,5.0000000000e-01
g2931,sa0,,,5.0000000000e-01
II6669,sa1,,,5.0000000000e-01
g1698_II6669_A,sa0,,,5.0000000000e-01
g6365,sa1,4,1,5.0000000000e-01
II11422,sa0,,,5.0000000000e-01
g5842,sa1,,,5.0000000000e-01
II10541,sa0,,,5.0000000000e-01
g5256,sa1,,,5.0000000000e-01
g5119,sa1,,,5.0000000000e-01
g4454,sa1,,,5.0000000000e-01
g6366,sa0,6,1,5.0000000000e-01
II11425,sa1,,,5.0000000000e-01
g5872,sa0,,,5.0000000000e-01
II10561,sa1,,,5.0000000000e-01
g5265,sa0,,,5.0000000000e-01
g9029,sa1,15,1,5.0000000000e-01
II15501,sa0,,,5.0000000000e-01
g8975,sa1,,,5.0000000000e-01
II15429,sa0,,,5.0000000000e-01
g8899,sa1,,,5.0000000000e-01
g8839,sa1,,,5.0000000000e-01
g8652,sa1,,,5.0000000000e-01
g6807,sa0,1,1,5.0000000000e-01
II12292,sa1,,,5.0000000000e-01
g6657,sa0,,,5.0000000000e-01
II11951,sa1,,,5.0000000000e-01
g5847_II11951_A,sa0,,,5.0000000000e-01
g6806,sa1,1,1,5.0000000000e-01
II12289,sa0,,,5.0000000000e-01
g6702,sa1,,,5.0000000000e-01
II12038,sa0,,,5.0000000000e-01
g5847_II12038_A,sa1,,,5.0000000000e-01
g6815,sa1,1,1,5.0000000000e-01
II12316,sa0,,,5.0000000000e-01
g6736,sa1,,,5.0000000000e-01
II12108,sa0,,,5.0000000000e-01
g5939_II12108_A,sa1,,,5.0000000000e-01
g6816,sa0,1,1,5.0000000000e-01
II12319,sa1,,,5.0000000000e-01
g6741,sa0,,,5.0000000000e-01
II12117,sa1,,,5.0000000000e-01
g5918_II12117_A,sa0,,,5.0000000000e-01
g6824,sa1,1,1,5.0000000000e-01
II12343,sa0,,,5.0000000000e-01
g6731,sa1,,,5.0000000000e-01
II12101,sa0,,,5.0000000000e-01
g5971_II12101_A,sa1,,,5.0000000000e-01
g6825,sa0,1,1,5.0000000000e-01
II12346,sa1,,,5.0000000000e-01
g6737,sa0,,,5.0000000000e-01
II12111,sa1,,,5.0000000000e-01
g5956_II12111_A,sa0,,,5.0000000000e-01
g7743,sa0,18,1,5.0000000000e-01
II14100,sa1,,,5.0000000000e-01
g7580,sa0,,,5.0000000000e-01
II13885,sa1,,,5.0000000000e-01
g7351,sa0,,,5.0000000000e-01
II13469,sa1,,,5.0000000000e-01
g7123,sa0,,,5.0000000000e-01
II12961,sa1,,,5.0000000000e-01
g6921,sa0,,,5.0000000000e-01
g7751,sa1,11,1,5.0000000000e-01
II14124,sa0,,,5.0000000000e-01
g7591,sa1,,,5.0000000000e-01
II13918,sa0,,,5.0000000000e-01
g7361,sa1,,,5.0000000000e-01
II13499,sa0,,,5.0000000000e-01
g7134,sa1,,,5.0000000000e-01
II12986,sa0,,,5.0000000000e-01
g6931,sa1,,,5.0000000000e-01
g6416,sa1,,,5.0000000000e-01
g6421,sa1,,,5.0000000000e-01
g7752,sa0,18,1,5.0000000000e-01
II14127,sa1,,,5.0000000000e-01
g7594,sa0,,,5.0000000000e-01
II13927,sa1,,,5.0000000000e-01
g7366,sa0,,,5.0000000000e-01
II13512,sa1,,,5.0000000000e-01
g7138,sa0,,,5.0000000000e-01
II12996,sa1,,,5.0000000000e-01
g6934,sa0,,,5.0000000000e-01
g6833,sa1,1,1,5.0000000000e-01
II12370,sa0,,,5.0000000000e-01
g6758,sa1,,,5.0000000000e-01
II12145,sa0,,,5.0000000000e-01
g5971_II12145_A,sa1,,,5.0000000000e-01
g6834,sa0,1,1,5.0000000000e-01
II12373,sa1,,,5.0000000000e-01
g6763,sa0,,,5.0000000000e-01
II12158,sa1,,,5.0000000000e-01
g5956_II12158_A,sa0,,,5.0000000000e-01
g6842,sa1,1,1,5.0000000000e-01
II12397,sa0,,,5.0000000000e-01
g6764,sa1,,,5.0000000000e-01
II12161,sa0,,,5.0000000000e-01
g5971_II12161_A,sa1,,,5.0000000000e-01
g6843,sa0,1,1,5.0000000000e-01
II12400,sa1,,,5.0000000000e-01
g6767,sa0,,,5.0000000000e-01
II12170,sa1,,,5.0000000000e-01
g5956_II12170_A,sa0,,,5.0000000000e-01
g3854,sa1,1,1,5.0000000000e-01
II7365,sa0,,,5.0000000000e-01
g3061,sa1,,,5.0000000000e-01
II6795,sa0,,,5.0000000000e-01
g1683,sa1,,,5.0000000000e-01
g795_g1683_A,sa0,,,5.0000000000e-01
g7760,sa1,6,1,5.0000000000e-01
II14151,sa0,,,5.0000000000e-01
g7555,sa1,,,5.0000000000e-01
II13843,sa0,,,5.0000000000e-01
g7326,sa1,,,5.0000000000e-01
g7194,sa1,,,5.0000000000e-01
II13118,sa0,,,5.0000000000e-01
g7068,sa1,,,5.0000000000e-01
g6556_g7068_A,sa0,,,5.0000000000e-01
g6999,sa1,,,5.0000000000e-01
g7761,sa0,2,1,5.0000000000e-01
II14154,sa1,,,5.0000000000e-01
g7558,sa0,,,5.0000000000e-01
II13850,sa1,,,5.0000000000e-01
g7328,sa0,,,5.0000000000e-01
g5169,sa0,2,1,5.0000000000e-01
II9633,sa1,,,5.0000000000e-01
g4800,sa0,,,5.0000000000e-01
II9123,sa1,,,5.0000000000e-01
g4455,sa0,,,5.0000000000e-01
g3811,sa1,,,5.0000000000e-01
g8670,sa0,4,1,5.0000000000e-01
II14804,sa1,,,5.0000000000e-01
g8563,sa0,,,5.0000000000e-01
II14662,sa1,,,5.0000000000e-01
g7783,sa0,,,5.0000000000e-01
g5168,sa1,3,1,6.2500000000e-01
II9630,sa0,,,6.2500000000e-01
g4867,sa1,,,6.2500000000e-01
II9209,sa0,,,6.2500000000e-01
g4349,sa1,,,6.2500000000e-01
g2496,sa1,,,6.2500000000e-01
g942,sa0,,,6.2500000000e-01
g3310_g4349_B,sa1,,,6.2500000000e-01
g5735,sa1,7,1,5.6250000000e-01
II10262,sa0,,,5.6250000000e-01
g5551,sa1,,,5.6250000000e-01
II9974,sa0,,,5.6250000000e-01
g4676,sa1,,,5.6250000000e-01
g3885,sa1,,,5.6250000000e-01
g3310_g3885_A,sa1,,,5.6250000000e-01
g3466_g3885_B,sa1,,,5.6250000000e-01
g3094,sa1,,,5.6250000000e-01
g2649,sa0,1,1,5.0000000000e-01
II6431,sa1,,,5.0000000000e-01
g1825,sa0,,,5.0000000000e-01
II5709,sa1,,,5.0000000000e-01
g901_II5709_A,sa0,,,5.0000000000e-01
g2648,sa1,1,1,5.0000000000e-01
II6428,sa0,,,5.0000000000e-01
g1818,sa1,,,5.0000000000e-01
II5692,sa0,,,5.0000000000e-01
g906_II5692_A,sa1,,,5.0000000000e-01
g3855,sa0,1,1,5.0000000000e-01
II7368,sa1,,,5.0000000000e-01
g3018,sa0,,,5.0000000000e-01
II6770,sa1,,,5.0000000000e-01
g1590_II6770_A,sa0,,,5.0000000000e-01
g1955,sa1,1,1,2.5000000000e-01
g1189,sa1,,,2.5000000000e-01
g16_g1955_B,sa1,,,2.5000000000e-01
g1749,sa0,26,1,2.4996948242e-01
g371,sa1,,,2.4996948242e-01
g1398,sa0,1,1,2.5000000000e-01
g1857,sa0,30,0,3.2990217209e-01
g889,sa1,,,3.2990217209e-01
g2496,sa0,2,1,3.7500000000e-01
g942,sa1,,,3.7500000000e-01
g4457,sa1,11,1,4.6875000000e-01
II8477,sa0,,,4.6875000000e-01
g3014_II8477_A,sa1,,,4.6875000000e-01
g1964,sa1,6,1,5.6250000000e-01
g1428,sa1,,,5.6250000000e-01
g1429,sa1,,,5.6250000000e-01
g4673,sa1,1,1,5.0000000000e-01
II8928,sa0,,,5.0000000000e-01
g4153,sa1,,,5.0000000000e-01
II8024,sa0,,,5.0000000000e-01
g3076,sa1,,,5.0000000000e-01
g1831,sa0,,,5.0000000000e-01
g689,sa1,,,5.0000000000e-01
g5529,sa0,1,1,5.0000000000e-01
g4689,sa1,,,5.0000000000e-01
II8966,sa0,,,5.0000000000e-01
g4444,sa1,,,5.0000000000e-01
II8452,sa0,,,5.0000000000e-01
g2816,sa1,,,5.0000000000e-01
g1685,sa0,,,5.0000000000e-01
II5528,sa1,,,5.0000000000e-01
g43,sa0,,,5.0000000000e-01
g5726,sa1,1,1,5.0000000000e-01
II10243,sa0,,,5.0000000000e-01
g5026,sa1,,,5.0000000000e-01
II9366,sa0,,,5.0000000000e-01
g4350,sa1,,,5.0000000000e-01
II8315,sa0,,,5.0000000000e-01
g3691,sa1,,,5.0000000000e-01
II7195,sa0,,,5.0000000000e-01
g1795,sa1,,,5.0000000000e-01
II5649,sa0,,,5.0000000000e-01
g1389,sa1,,,5.0000000000e-01
g5772,sa0,12,1,4.8437500000e-01
g7248,sa0,2,1,3.7500000000e-01
g7094,sa1,10,1,6.2500000000e-02
g6525_g7094_A,sa0,,,6.2500000000e-02
g7185,sa0,1,1,1.5625000000e-02
II13099,sa1,,,1.5625000000e-02
g7054,sa0,,,1.5625000000e-02
g6511_g7054_A,sa1,,,1.5625000000e-02
g7194,sa0,1,1,1.5625000000e-02
II13118,sa1,,,1.5625000000e-02
g7068,sa0,,,1.5625000000e-02
g6556_g7068_A,sa1,,,1.5625000000e-02
g7319,sa1,1,1,5.0000000000e-01
g7124,sa0,,,5.0000000000e-01
g6896,sa1,,,5.0000000000e-01
II12561,sa0,,,5.0000000000e-01
g6449_II12561_A,sa1,,,5.0000000000e-01
g6573,sa0,1,1,2.4414062500e-04
g5868_g6573_A,sa1,,,2.4414062500e-04
g8903,sa1,21,1,4.9902343750e-01
II15315,sa0,,,4.9902343750e-01
g8738,sa1,,,4.9902343750e-01
g9039,sa0,4,1,5.0000000000e-01
II15527,sa1,,,5.0000000000e-01
g9020,sa0,,,5.0000000000e-01
II15484,sa1,,,5.0000000000e-01
g8918,sa0,,,5.0000000000e-01
II15340,sa1,,,5.0000000000e-01
g8856,sa0,,,5.0000000000e-01
II15160,sa1,,,5.0000000000e-01
g8631,sa0,,,5.0000000000e-01
II14709,sa1,,,5.0000000000e-01
g8198,sa0,,,5.0000000000e-01
g7721,sa1,,,5.0000000000e-01
g7344,sa0,,,5.0000000000e-01
g7150,sa1,,,5.0000000000e-01
g6952,sa0,,,5.0000000000e-01
g9264,sa0,30,0,4.2669677734e-01
g9282,sa0,30,0,3.7719726563e-01
g9291,sa0,30,0,3.7719726563e-01
g9363,sa0,30,0,4.5410156250e-02
g3656,sa1,2,1,1.2500000000e-01
g3539,sa1,4,1,1.2500000000e-01
g2424_g3539_A,sa0,,,1.2500000000e-01
g3629,sa1,11,1,1.2500000000e-01
g2424_g3629_A,sa0,,,1.2500000000e-01
g3647,sa1,8,1,1.2500000000e-01
g2424_g3647_A,sa0,,,1.2500000000e-01
g2639,sa1,30,0,6.2035024166e-04
g1583,sa0,,,6.2035024166e-04
g718_g1583_A,sa1,,,6.2035024166e-04
g2783,sa1,3,1,1.2500000000e-01
g4169,sa1,30,0,1.9547462463e-02
g4187,sa1,30,0,7.4995607138e-03
g3684,sa0,5,1,6.2500000000e-02
g2180_g3684_A,sa1,,,6.2500000000e-02
g3728,sa1,4,1,7.8125000000e-03
g2202_g3728_A,sa0,,,7.8125000000e-03
g4368,sa0,4,1,3.7500000000e-01
g318_g4368_A,sa0,,,3.7500000000e-01
g3131_g4368_B,sa0,,,3.7500000000e-01
g4377,sa0,4,1,3.7500000000e-01
g297_g4377_A,sa0,,,3.7500000000e-01
g3131_g4377_B,sa0,,,3.7500000000e-01
g4386,sa0,4,1,3.7500000000e-01
g324_g4386_A,sa0,,,3.7500000000e-01
g3131_g4386_B,sa0,,,3.7500000000e-01
g4395,sa0,4,1,3.7500000000e-01
g405_g4395_A,sa0,,,3.7500000000e-01
g3160_g4395_B,sa0,,,3.7500000000e-01
g3359,sa1,30,0,4.8756599426e-04
II6946,sa0,,,4.8756599426e-04
g1887,sa1,,,4.8756599426e-04
g83_g1887_A,sa0,,,4.8756599426e-04
g3287,sa1,30,0,3.0514374375e-03
II6911,sa0,,,3.0514374375e-03
g1869,sa1,,,3.0514374375e-03
g74_g1869_A,sa0,,,3.0514374375e-03
g4286,sa1,0,1,0.0000000000e+00
g3790_g4286_A,sa0,,,0.0000000000e+00
g4547,sa1,1,1,6.2500000000e-02
g3466_g4547_A,sa0,,,6.2500000000e-02
g4791,sa0,2,1,3.7500000000e-01
g949,sa0,,,3.7500000000e-01
g4562,sa0,,,3.7500000000e-01
g3466_g4562_A,sa1,,,3.7500000000e-01
g4574,sa1,1,1,6.2500000000e-02
g3466_g4574_A,sa0,,,6.2500000000e-02
g3746,sa1,2,1,4.8828125000e-04
g2100_g3746_A,sa0,,,4.8828125000e-04
g3764,sa1,2,1,1.2207031250e-04
g2039_g3764_A,sa0,,,1.2207031250e-04
g4962,sa0,2,1,1.2500000000e-01
g457,sa0,,,1.2500000000e-01
g3905,sa0,,,1.2500000000e-01
g3192_g3905_A,sa1,,,1.2500000000e-01
g2784,sa0,5,1,1.2207031250e-04
g2340_g2784_A,sa1,,,1.2207031250e-04
g3953,sa1,3,1,1.8750000000e-01
g3160_g3953_A,sa0,,,1.8750000000e-01
g3962,sa1,3,1,1.8750000000e-01
g3131_g3962_A,sa0,,,1.8750000000e-01
g3980,sa1,3,1,1.8750000000e-01
g3192_g3980_A,sa0,,,1.8750000000e-01
g5079,sa0,2,1,1.2500000000e-01
g375,sa0,,,1.2500000000e-01
g3990,sa0,,,1.2500000000e-01
g3160_g3990_A,sa1,,,1.2500000000e-01
g4916,sa1,4,1,5.8593750000e-02
g4202_g4916_A,sa0,,,5.8593750000e-02
g5547,sa0,30,0,1.1569595337e-01
g4814_g5547_A,sa0,,,1.1569595337e-01
g1819,sa0,,,1.1569595337e-01
II5696,sa0,,,1.1569595337e-01
g1513_II5696_A,sa0,,,1.1569595337e-01
II5695_II5696_B,sa0,,,1.1569595337e-01
II5697,sa0,,,1.1569595337e-01
g1524_II5697_A,sa0,,,1.1569595337e-01
II5695_II5697_B,sa0,,,1.1569595337e-01
g1775,sa1,2,1,6.2500000000e-02
g4745,sa1,5,1,6.2500000000e-02
g1667,sa1,4,1,2.1875000000e-01
g1481_g1667_A,sa0,,,2.1875000000e-01
g1695,sa0,17,1,6.9095611572e-02
g778_g1695_A,sa1,,,6.9095611572e-02
g5564,sa1,8,1,2.5000000000e-01
g5970,sa0,8,1,2.5000000000e-01
g5605,sa0,,,2.5000000000e-01
II10093,sa0,,,2.5000000000e-01
g4881_II10093_A,sa0,,,2.5000000000e-01
II10092_II10093_B,sa0,,,2.5000000000e-01
II10094,sa0,,,2.5000000000e-01
g2177_II10094_A,sa0,,,2.5000000000e-01
II10092_II10094_B,sa0,,,2.5000000000e-01
g2424_g5970_B,sa0,,,2.5000000000e-01
g5582,sa1,1,1,7.6293945313e-06
g4969_g5582_A,sa0,,,7.6293945313e-06
g5591,sa1,5,1,7.6293945313e-05
g4841_g5591_A,sa0,,,7.6293945313e-05
g5681,sa1,2,1,1.4648437500e-03
g5618,sa1,1,1,5.0000000000e-01
g5015,sa0,,,5.0000000000e-01
II9347,sa1,,,5.0000000000e-01
g3896,sa0,,,5.0000000000e-01
II7473,sa1,,,5.0000000000e-01
g3546,sa0,,,5.0000000000e-01
II7029,sa1,,,5.0000000000e-01
g2392,sa0,,,5.0000000000e-01
g11,sa1,,,5.0000000000e-01
g4872,sa0,13,1,3.6621093750e-04
g1924,sa0,,,3.6621093750e-04
g174_g1924_A,sa1,,,3.6621093750e-04
g4225,sa0,,,3.6621093750e-04
g2686_g4225_A,sa0,,,3.6621093750e-04
g2689_g4225_B,sa0,,,3.6621093750e-04
g2692_g4225_C,sa0,,,3.6621093750e-04
g2695_g4225_D,sa0,,,3.6621093750e-04
g4224,sa0,,,3.6621093750e-04
g2680_g4224_A,sa0,,,3.6621093750e-04
g2683_g4224_B,sa0,,,3.6621093750e-04
II8127,sa0,,,3.6621093750e-04
g2699,sa0,,,3.6621093750e-04
g1674,sa1,,,3.6621093750e-04
g1514_g1674_A,sa0,,,3.6621093750e-04
g2674_II8127_B,sa0,,,3.6621093750e-04
g2677_II8127_C,sa0,,,3.6621093750e-04
g5717,sa1,1,1,3.1250000000e-02
g4969_g5717_A,sa0,,,3.1250000000e-02
g5294,sa1,1,1,5.0000000000e-01
g5087,sa0,,,5.0000000000e-01
II9463,sa1,,,5.0000000000e-01
g3942,sa0,,,5.0000000000e-01
II7629,sa1,,,5.0000000000e-01
g3633,sa0,,,5.0000000000e-01
II7104,sa1,,,5.0000000000e-01
g2479,sa0,,,5.0000000000e-01
g32,sa1,,,5.0000000000e-01
g5285,sa1,30,0,1.8249511719e-01
g4841_g5285_A,sa0,,,1.8249511719e-01
g6429,sa0,18,1,4.9902343750e-01
g168_g6429_A,sa0,,,4.9902343750e-01
g6035,sa0,,,4.9902343750e-01
g5494_g6035_A,sa1,,,4.9902343750e-01
g6438,sa0,18,1,7.4853515625e-01
g4829,sa0,,,7.4853515625e-01
g6051,sa0,,,7.4853515625e-01
g5246_g6051_A,sa1,,,7.4853515625e-01
g1676,sa1,1,1,3.9062500000e-03
g727_g1676_A,sa0,,,3.9062500000e-03
g6447,sa0,18,1,4.9902343750e-01
g734_g6447_A,sa0,,,4.9902343750e-01
g6073,sa0,,,4.9902343750e-01
g5384_g6073_A,sa1,,,4.9902343750e-01
g6474,sa0,13,1,2.5000000000e-01
g6203,sa0,,,2.5000000000e-01
II10953,sa0,,,2.5000000000e-01
g5565_II10953_A,sa0,,,2.5000000000e-01
II10952_II10953_B,sa0,,,2.5000000000e-01
II10954,sa0,,,2.5000000000e-01
g2340_II10954_A,sa0,,,2.5000000000e-01
II10952_II10954_B,sa0,,,2.5000000000e-01
g2424_g6474_B,sa0,,,2.5000000000e-01
g5762,sa1,7,1,1.2500000000e-01
g5843,sa1,1,1,4.8828125000e-04
g5367_g5843_A,sa0,,,4.8828125000e-04
g6726,sa0,2,1,9.7656250000e-04
g5897_g6726_A,sa0,,,9.7656250000e-04
g5367_g6726_B,sa0,,,9.7656250000e-04
g5367,sa0,16,1,1.9454956055e-03
II9834,sa1,,,1.9454956055e-03
g4782,sa0,,,1.9454956055e-03
g4187_g4782_A,sa0,,,1.9454956055e-03
g1760_g4782_B,sa0,,,1.9454956055e-03
g6753,sa0,2,1,9.7656250000e-04
g5939_g6753_A,sa0,,,9.7656250000e-04
g5384_g6753_B,sa0,,,9.7656250000e-04
g5384,sa1,30,0,9.5062255859e-03
II9837,sa0,,,9.5062255859e-03
g4781,sa1,,,9.5062255859e-03
g6762,sa0,1,1,9.7656250000e-04
g5847_g6762_A,sa0,,,9.7656250000e-04
g5412_g6762_B,sa0,,,9.7656250000e-04
g6771,sa0,18,1,4.9902343750e-01
g146_g6771_A,sa0,,,4.9902343750e-01
g6004,sa0,,,4.9902343750e-01
g5494_g6004_A,sa1,,,4.9902343750e-01
g6483,sa0,5,1,1.2577819824e-01
II11645,sa1,,,1.2577819824e-01
g5874_II11645_A,sa0,,,1.2577819824e-01
g6915,sa0,2,1,9.7656250000e-04
g6493_g6915_A,sa0,,,9.7656250000e-04
g5246_g6915_B,sa0,,,9.7656250000e-04
g5483,sa1,2,1,3.1250000000e-01
g4740,sa1,,,3.1250000000e-01
g4098,sa1,,,3.1250000000e-01
g4098,sa0,0,1,0.0000000000e+00
g985_g4098_A,sa0,,,0.0000000000e+00
g3790_g4098_B,sa0,,,0.0000000000e+00
g6770,sa1,6,1,2.5000000000e-01
g5583,sa0,2,1,6.2500000000e-02
g1775,sa0,,,6.2500000000e-02
II5620,sa0,,,6.2500000000e-02
g1092_II5620_A,sa0,,,6.2500000000e-02
II5619_II5620_B,sa0,,,6.2500000000e-02
II5621,sa0,,,6.2500000000e-02
g1130_II5621_A,sa0,,,6.2500000000e-02
II5619_II5621_B,sa0,,,6.2500000000e-02
g4969_g5583_B,sa0,,,6.2500000000e-02
g6716,sa1,5,1,3.7500000000e-01
g6162,sa1,,,3.7500000000e-01
g5588,sa1,,,3.7500000000e-01
g6168,sa0,2,1,3.1250000000e-01
g1138_g6168_A,sa0,,,3.1250000000e-01
g5191,sa0,,,3.1250000000e-01
g4969_g5191_A,sa1,,,3.1250000000e-01
g6734,sa1,7,1,3.7500000000e-01
g6176,sa1,,,3.7500000000e-01
g5599,sa1,,,3.7500000000e-01
g4259,sa1,1,1,1.2500000000e-01
II8196,sa0,,,1.2500000000e-01
g3654,sa1,,,1.2500000000e-01
g2521,sa0,,,1.2500000000e-01
g6707,sa1,30,0,2.3744201660e-01
g6160,sa1,,,2.3744201660e-01
g5585,sa1,,,2.3744201660e-01
g7419,sa0,9,1,2.5000000000e-01
g7230,sa0,,,2.5000000000e-01
g3530,sa0,,,2.5000000000e-01
g2185_g3530_A,sa1,,,2.5000000000e-01
g7626,sa0,2,1,1.2500000000e-01
g7463_g7626_A,sa0,,,1.2500000000e-01
g3466_g7626_B,sa0,,,1.2500000000e-01
g3548,sa1,0,1,0.0000000000e+00
g2185_g3548_A,sa0,,,0.0000000000e+00
g7445,sa1,10,1,2.5000000000e-01
g4192,sa1,,,2.5000000000e-01
g7193,sa1,,,2.5000000000e-01
g7653,sa0,30,0,9.3383789063e-03
g7480_g7653_A,sa0,,,9.3383789063e-03
g5754,sa0,,,9.3383789063e-03
g5403_g5754_A,sa1,,,9.3383789063e-03
g7337,sa1,30,0,4.5117187500e-01
g7278,sa1,,,4.5117187500e-01
g4546,sa1,,,4.5117187500e-01
g5817,sa0,4,1,7.0312500000e-02
g5395,sa0,,,7.0312500000e-02
II9840,sa1,,,7.0312500000e-02
g4702,sa0,,,7.0312500000e-02
g4243,sa0,,,7.0312500000e-02
II8165,sa0,,,7.0312500000e-02
g1943_II8165_A,sa0,,,7.0312500000e-02
II8164_II8165_B,sa0,,,7.0312500000e-02
II8166,sa0,,,7.0312500000e-02
g3231_II8166_A,sa0,,,7.0312500000e-02
II8164_II8166_B,sa0,,,7.0312500000e-02
g1690_g4702_B,sa0,,,7.0312500000e-02
g3091,sa0,,,7.0312500000e-02
g1603_g3091_A,sa1,,,7.0312500000e-02
g7535,sa1,30,0,6.5002441406e-02
g7463,sa1,4,1,1.2504577637e-01
g7239,sa0,,,1.2504577637e-01
g6945,sa1,,,1.2504577637e-01
II12646,sa0,,,1.2504577637e-01
g6493_II12646_A,sa1,,,1.2504577637e-01
g8229,sa0,2,1,3.7500000000e-01
g8180,sa0,,,3.7500000000e-01
g7719,sa1,,,3.7500000000e-01
g7475,sa0,,,3.7500000000e-01
II13631,sa1,,,3.7500000000e-01
g7248_II13631_A,sa0,,,3.7500000000e-01
g5680,sa0,,,3.7500000000e-01
g5101_g5680_A,sa1,,,3.7500000000e-01
g89,sa0,1,1,5.0000000000e-01
g4538,sa1,2,1,6.1035156250e-05
g2880,sa0,,,6.1035156250e-05
g2234,sa1,,,6.1035156250e-05
II5963,sa0,,,6.1035156250e-05
g225_II5963_A,sa1,,,6.1035156250e-05
g8643,sa0,26,1,4.9993896484e-01
g547_g8643_A,sa0,,,4.9993896484e-01
g8094_g8643_B,sa0,,,4.9993896484e-01
g8652,sa0,26,1,4.9993896484e-01
g563_g8652_A,sa0,,,4.9993896484e-01
g8094_g8652_B,sa0,,,4.9993896484e-01
g8094,sa0,30,0,9.1552734375e-04
g7705_g8094_A,sa1,,,9.1552734375e-04
g3819,sa0,2,1,5.0000000000e-01
g1748,sa1,,,5.0000000000e-01
g601,sa0,,,5.0000000000e-01
g3485,sa1,2,1,5.0000000000e-01
g1737,sa0,,,5.0000000000e-01
g597,sa1,,,5.0000000000e-01
g3774,sa0,2,1,5.0000000000e-01
g1770,sa1,,,5.0000000000e-01
g606,sa0,,,5.0000000000e-01
g2837,sa1,2,1,5.0000000000e-01
g1780,sa0,,,5.0000000000e-01
g614,sa1,,,5.0000000000e-01
g2829,sa0,2,1,5.0000000000e-01
g1785,sa1,,,5.0000000000e-01
g615,sa0,,,5.0000000000e-01
g3557,sa1,2,1,5.0000000000e-01
g1773,sa0,,,5.0000000000e-01
g610,sa1,,,5.0000000000e-01
g2873,sa1,2,1,5.0000000000e-01
g1779,sa0,,,5.0000000000e-01
g612,sa1,,,5.0000000000e-01
g2774,sa1,2,1,5.0000000000e-01
g1813,sa0,,,5.0000000000e-01
g620,sa1,,,5.0000000000e-01
g8814,sa0,2,1,6.1035156250e-05
g3880,sa0,,,6.1035156250e-05
g2965,sa1,,,6.1035156250e-05
g2384,sa0,,,6.1035156250e-05
II6254,sa1,,,6.1035156250e-05
g536_II6254_A,sa0,,,6.1035156250e-05
g8463,sa0,,,6.1035156250e-05
g8094_g8463_A,sa1,,,6.1035156250e-05
g8823,sa0,2,1,6.1035156250e-05
g4561,sa0,,,6.1035156250e-05
g2900,sa1,,,6.1035156250e-05
g2273,sa0,,,6.1035156250e-05
II6024,sa1,,,6.1035156250e-05
g544_II6024_A,sa0,,,6.1035156250e-05
g8512,sa0,,,6.1035156250e-05
g8094_g8512_A,sa1,,,6.1035156250e-05
g8832,sa0,26,1,4.9993896484e-01
g501_g8832_A,sa0,,,4.9993896484e-01
g8585_g8832_B,sa0,,,4.9993896484e-01
g4583,sa1,2,1,6.1035156250e-05
g2924,sa0,,,6.1035156250e-05
g2314,sa1,,,6.1035156250e-05
II6099,sa0,,,6.1035156250e-05
g584_II6099_A,sa1,,,6.1035156250e-05
g8841,sa0,26,1,4.9993896484e-01
g351_g8841_A,sa0,,,4.9993896484e-01
g8545_g8841_B,sa0,,,4.9993896484e-01
g8804,sa1,15,1,3.7500000000e-01
g6060,sa1,,,3.7500000000e-01
g8609,sa1,,,3.7500000000e-01
g8922,sa0,2,1,6.1035156250e-05
g4586,sa0,,,6.1035156250e-05
g2926,sa1,,,6.1035156250e-05
g2325,sa0,,,6.1035156250e-05
II6118,sa1,,,6.1035156250e-05
g243_II6118_A,sa0,,,6.1035156250e-05
g8750,sa0,,,6.1035156250e-05
g8524_g8750_A,sa1,,,6.1035156250e-05
g8750,sa1,30,0,9.1552734375e-04
g8524_g8750_A,sa0,,,9.1552734375e-04
g4592,sa1,2,1,6.1035156250e-05
g2938,sa0,,,6.1035156250e-05
g2347,sa1,,,6.1035156250e-05
II6157,sa0,,,6.1035156250e-05
g246_II6157_A,sa1,,,6.1035156250e-05
g8931,sa0,2,1,6.1035156250e-05
g3867,sa0,,,6.1035156250e-05
g2946,sa1,,,6.1035156250e-05
g2365,sa0,,,6.1035156250e-05
II6195,sa1,,,6.1035156250e-05
g405_II6195_A,sa0,,,6.1035156250e-05
g8761,sa0,,,6.1035156250e-05
g8564_g8761_A,sa1,,,6.1035156250e-05
g8940,sa0,2,1,6.1035156250e-05
g4543,sa0,,,6.1035156250e-05
g2885,sa1,,,6.1035156250e-05
g2239,sa0,,,6.1035156250e-05
II5978,sa1,,,6.1035156250e-05
g414_II5978_A,sa0,,,6.1035156250e-05
g8775,sa0,,,6.1035156250e-05
g8564_g8775_A,sa1,,,6.1035156250e-05
g4556,sa1,2,1,6.1035156250e-05
g2895,sa0,,,6.1035156250e-05
g2268,sa1,,,6.1035156250e-05
II6009,sa0,,,6.1035156250e-05
g359_II6009_A,sa1,,,6.1035156250e-05
g8742,sa0,2,1,6.1035156250e-05
g2973_g8742_A,sa0,,,6.1035156250e-05
g8493_g8742_B,sa0,,,6.1035156250e-05
g8733,sa0,2,1,6.1035156250e-05
g2996_g8733_A,sa0,,,6.1035156250e-05
g8493_g8733_B,sa0,,,6.1035156250e-05
g8724,sa0,2,1,6.1035156250e-05
g3822_g8724_A,sa0,,,6.1035156250e-05
g8464_g8724_B,sa0,,,6.1035156250e-05
g6059,sa1,30,0,9.1552734375e-04
g5317_g6059_A,sa0,,,9.1552734375e-04
g9084,sa0,30,0,9.7656250000e-03
g8964,sa0,,,9.7656250000e-03
g5345_g9084_B,sa0,,,9.7656250000e-03
g9147,sa0,30,0,8.1903076172e-01
g9136,sa0,,,8.1903076172e-01
g6103,sa0,,,8.1903076172e-01
g5317_g6103_A,sa1,,,8.1903076172e-01
g9137,sa1,30,0,1.3427734375e-03
g8877,sa1,,,1.3427734375e-03
g9118,sa1,,,1.3427734375e-03
g5628,sa0,30,0,1.0375976563e-03
g4748_g5628_A,sa1,,,1.0375976563e-03
g9227,sa1,30,0,1.0375976563e-03
II15947,sa0,,,1.0375976563e-03
g9221,sa1,,,1.0375976563e-03
II15937,sa0,,,1.0375976563e-03
g9212,sa1,,,1.0375976563e-03
II15912,sa0,,,1.0375976563e-03
g9193,sa1,,,1.0375976563e-03
g9181,sa0,,,1.0375976563e-03
g9177,sa1,,,1.0375976563e-03
II15811,sa0,,,1.0375976563e-03
g9151_II15811_A,sa1,,,1.0375976563e-03
g9273,sa0,30,0,3.7719726563e-01
g4748_g9273_A,sa0,,,3.7719726563e-01
g9252_g9273_B,sa0,,,3.7719726563e-01
g5645,sa1,0,1,0.0000000000e+00
g4748_g5645_A,sa0,,,0.0000000000e+00
g5654,sa1,0,1,0.0000000000e+00
g4748_g5654_A,sa0,,,0.0000000000e+00
g9255,sa0,30,0,6.9226074219e-01
II15985,sa1,,,6.9226074219e-01
g9237,sa0,,,6.9226074219e-01
II15965,sa1,,,6.9226074219e-01
g9219,sa0,,,6.9226074219e-01
II15933,sa1,,,6.9226074219e-01
g9210,sa0,,,6.9226074219e-01
g9200,sa1,,,6.9226074219e-01
g9189,sa0,,,6.9226074219e-01
II15845,sa1,,,6.9226074219e-01
g9174_II15845_A,sa0,,,6.9226074219e-01
g9327,sa0,30,0,4.2669677734e-01
g9316,sa0,,,4.2669677734e-01
g9302,sa1,,,4.2669677734e-01
g9281,sa0,,,4.2669677734e-01
II16009,sa1,,,4.2669677734e-01
g9261_II16009_A,sa0,,,4.2669677734e-01
g5757,sa0,,,4.2669677734e-01
g5261_g5757_A,sa1,,,4.2669677734e-01
g5790,sa0,30,0,3.1463623047e-02
II10415,sa1,,,3.1463623047e-02
g5397_II10415_A,sa0,,,3.1463623047e-02
g9345,sa0,30,0,3.7719726563e-01
g9330,sa0,,,3.7719726563e-01
g9319,sa1,,,3.7719726563e-01
g9309,sa0,,,3.7719726563e-01
II16043,sa1,,,3.7719726563e-01
g9285_II16043_A,sa0,,,3.7719726563e-01
g6217,sa0,,,3.7719726563e-01
g5649_g6217_A,sa1,,,3.7719726563e-01
g5690,sa1,0,1,0.0000000000e+00
g4748_g5690_A,sa0,,,0.0000000000e+00
g4494,sa0,5,1,1.2207031250e-04
II8546,sa0,,,1.2207031250e-04
g3430_II8546_A,sa0,,,1.2207031250e-04
g3398_II8546_B,sa0,,,1.2207031250e-04
g3359_II8546_C,sa0,,,1.2207031250e-04
g3341_II8546_D,sa0,,,1.2207031250e-04
II8547,sa0,,,1.2207031250e-04
g3316_II8547_A,sa0,,,1.2207031250e-04
g2057_II8547_B,sa0,,,1.2207031250e-04
g2020_II8547_C,sa0,,,1.2207031250e-04
g3238_II8547_D,sa0,,,1.2207031250e-04
g4448,sa1,30,0,2.5061810017e-01
g4466,sa1,30,0,2.0968494937e-04
g4737,sa0,30,0,2.8920173645e-04
g4529,sa1,30,0,3.1027942896e-04
g5556,sa0,9,1,2.5000000000e-01
II9986,sa0,,,2.5000000000e-01
g4836_II9986_A,sa0,,,2.5000000000e-01
II9985_II9986_B,sa0,,,2.5000000000e-01
II9987,sa0,,,2.5000000000e-01
g2096_II9987_A,sa0,,,2.5000000000e-01
II9985_II9987_B,sa0,,,2.5000000000e-01
g6456,sa0,6,1,1.2597656250e-01
g6116,sa0,,,1.2597656250e-01
g2407_g6456_B,sa0,,,1.2597656250e-01
g6267,sa0,1,1,3.1250000000e-02
II11086,sa1,,,3.1250000000e-02
g5397_II11086_A,sa0,,,3.1250000000e-02
g5448,sa0,1,1,5.0000000000e-01
g5137,sa1,,,5.0000000000e-01
II9539,sa0,,,5.0000000000e-01
g4018,sa1,,,5.0000000000e-01
II7775,sa0,,,5.0000000000e-01
g3705,sa1,,,5.0000000000e-01
II7204,sa0,,,5.0000000000e-01
g2520,sa1,,,5.0000000000e-01
g41,sa0,,,5.0000000000e-01
g6258,sa0,0,1,0.0000000000e+00
g5427,sa1,,,0.0000000000e+00
g5115,sa0,,,0.0000000000e+00
II9505,sa1,,,0.0000000000e+00
g4300,sa0,,,0.0000000000e+00
II8261,sa1,,,0.0000000000e+00
g3643,sa0,,,0.0000000000e+00
g2453,sa1,,,0.0000000000e+00
II6291,sa0,,,0.0000000000e+00
g46,sa1,,,0.0000000000e+00
g8382,sa0,2,1,6.1035156250e-05
g685_g8382_A,sa0,,,6.1035156250e-05
g7887_g8382_B,sa0,,,6.1035156250e-05
g8328,sa0,2,1,6.1035156250e-05
g4571,sa0,,,6.1035156250e-05
g2908,sa1,,,6.1035156250e-05
g2290,sa0,,,6.1035156250e-05
II6054,sa1,,,6.1035156250e-05
g465_II6054_A,sa0,,,6.1035156250e-05
g7993_g8328_B,sa0,,,6.1035156250e-05
g8337,sa0,2,1,6.1035156250e-05
g498_g8337_A,sa0,,,6.1035156250e-05
g7966_g8337_B,sa0,,,6.1035156250e-05
g8156,sa1,30,0,8.1171989441e-03
II14394,sa0,,,8.1171989441e-03
g7536,sa1,,,8.1171989441e-03
g7905,sa0,9,1,1.2207031250e-04
II14279,sa1,,,1.2207031250e-04
g7700,sa0,,,1.2207031250e-04
g7367_g7700_A,sa0,,,1.2207031250e-04
g4494_g7700_B,sa0,,,1.2207031250e-04
g8363,sa1,30,0,8.8329315186e-03
g7992,sa0,,,8.8329315186e-03
g7557,sa1,,,8.8329315186e-03
g8274,sa0,2,1,6.1035156250e-05
g4580,sa0,,,6.1035156250e-05
g2919,sa1,,,6.1035156250e-05
g2311,sa0,,,6.1035156250e-05
II6090,sa1,,,6.1035156250e-05
g390_II6090_A,sa0,,,6.1035156250e-05
g7951_g8274_B,sa0,,,6.1035156250e-05
g8715,sa0,2,1,6.1035156250e-05
g2761_g8715_A,sa0,,,6.1035156250e-05
g8386_g8715_B,sa0,,,6.1035156250e-05
g8292,sa0,2,1,6.1035156250e-05
g181,sa0,,,6.1035156250e-05
g8156_g8292_B,sa0,,,6.1035156250e-05
g8265,sa0,2,1,6.1035156250e-05
g134_g8265_A,sa0,,,6.1035156250e-05
g8111_g8265_B,sa0,,,6.1035156250e-05
g8238,sa0,2,1,6.1035156250e-05
g100_g8238_A,sa0,,,6.1035156250e-05
g8131_g8238_B,sa0,,,6.1035156250e-05
g8256,sa0,2,1,6.1035156250e-05
g95_g8256_A,sa0,,,6.1035156250e-05
g8131_g8256_B,sa0,,,6.1035156250e-05
g8283,sa0,2,1,6.1035156250e-05
g267_g8283_A,sa0,,,6.1035156250e-05
g7838_g8283_B,sa0,,,6.1035156250e-05
g8805,sa0,30,0,7.5683593750e-03
g8319,sa0,2,1,6.1035156250e-05
g255_g8319_A,sa0,,,6.1035156250e-05
g7838_g8319_B,sa0,,,6.1035156250e-05
g8706,sa0,0,1,0.0000000000e+00
g8850,sa0,30,0,1.2268066406e-02
g1919,sa1,9,1,1.8969726563e-01
g1983,sa0,1,1,5.0000000000e-01
II5839,sa1,,,5.0000000000e-01
g1198,sa0,,,5.0000000000e-01
g2298,sa0,5,1,9.3750000000e-02
II6072,sa1,,,9.3750000000e-02
g1211_II6072_A,sa0,,,9.3750000000e-02
g1838,sa1,3,1,3.1250000000e-01
g1450_g1838_A,sa0,,,3.1250000000e-01
g2397,sa0,2,1,1.2792968750e-01
g1272_g2397_A,sa1,,,1.2792968750e-01
g1974,sa0,5,1,2.5000000000e-01
g803_g1974_A,sa1,,,2.5000000000e-01
g1739,sa1,18,1,3.9843750000e-01
g1658,sa1,2,1,2.5000000000e-01
g1313_g1658_A,sa0,,,2.5000000000e-01
g2486,sa1,2,1,5.0000000000e-01
g959_g2486_A,sa0,,,5.0000000000e-01
g3188,sa1,6,1,1.8750000000e-01
g2973,sa0,3,1,7.6292082667e-05
g1854,sa1,,,7.6292082667e-05
g773,sa0,,,7.6292082667e-05
g2982,sa0,3,1,7.6292082667e-05
g1848,sa1,,,7.6292082667e-05
g772,sa0,,,7.6292082667e-05
g3549,sa0,3,1,6.5429687500e-02
g2404_g3549_A,sa1,,,6.5429687500e-02
g3666,sa0,4,1,1.2500000000e-01
g2134_g3666_A,sa1,,,1.2500000000e-01
g2487,sa0,30,0,2.7894973755e-05
II6323,sa1,,,2.7894973755e-05
g1342_II6323_A,sa0,,,2.7894973755e-05
g1649,sa1,1,1,5.0000000000e-01
g1217_g1649_A,sa0,,,5.0000000000e-01
g5096,sa1,30,0,5.8593750000e-02
g4826,sa1,30,0,1.1328125000e-01
g1938,sa0,11,1,1.2792968750e-01
g1288_g1938_A,sa1,,,1.2792968750e-01
g4880,sa1,2,1,3.9062500000e-03
g4836,sa0,30,0,2.9296875000e-02
g4288_g4836_A,sa0,,,2.9296875000e-02
g1879_g4836_B,sa0,,,2.9296875000e-02
g4871,sa1,2,1,1.9531250000e-03
g1929,sa0,1,1,5.0000000000e-01
g1224,sa1,,,5.0000000000e-01
g4575,sa0,30,0,7.1525573730e-06
II8679,sa0,,,7.1525573730e-06
g2467_II8679_A,sa0,,,7.1525573730e-06
II8678_II8679_B,sa0,,,7.1525573730e-06
II8680,sa0,,,7.1525573730e-06
g2706_II8680_A,sa0,,,7.1525573730e-06
II8678_II8680_B,sa0,,,7.1525573730e-06
g4548,sa0,30,0,7.1525573730e-06
II8636,sa0,,,7.1525573730e-06
g2481_II8636_A,sa0,,,7.1525573730e-06
II8635_II8636_B,sa0,,,7.1525573730e-06
II8637,sa0,,,7.1525573730e-06
g2743_II8637_A,sa0,,,7.1525573730e-06
II8635_II8637_B,sa0,,,7.1525573730e-06
g4476,sa0,30,0,7.1525573730e-06
II8511,sa0,,,7.1525573730e-06
g2517_II8511_A,sa0,,,7.1525573730e-06
II8510_II8511_B,sa0,,,7.1525573730e-06
II8512,sa0,,,7.1525573730e-06
g2807_II8512_A,sa0,,,7.1525573730e-06
II8510_II8512_B,sa0,,,7.1525573730e-06
g4881,sa0,30,0,8.5937500000e-02
g2460_g4881_A,sa0,,,8.5937500000e-02
g4315,sa0,,,8.5937500000e-02
g3707_g4315_A,sa0,,,8.5937500000e-02
g3728_g4315_B,sa0,,,8.5937500000e-02
II8288,sa0,,,8.5937500000e-02
g3666_II8288_A,sa0,,,8.5937500000e-02
g3684_II8288_B,sa0,,,8.5937500000e-02
g3694_II8288_C,sa0,,,8.5937500000e-02
g4359,sa0,30,0,2.8610229492e-05
II8327,sa0,,,2.8610229492e-05
g2011_II8327_A,sa0,,,2.8610229492e-05
II8326_II8327_B,sa0,,,2.8610229492e-05
II8328,sa0,,,2.8610229492e-05
g2721_II8328_A,sa0,,,2.8610229492e-05
II8326_II8328_B,sa0,,,2.8610229492e-05
g5484,sa0,2,1,1.9531250000e-03
g1037_g5484_A,sa0,,,1.9531250000e-03
g5096_g5484_B,sa0,,,1.9531250000e-03
g2595,sa0,1,1,5.0000000000e-01
g1643_g2595_A,sa1,,,5.0000000000e-01
g5492,sa1,2,1,5.0000000000e-01
g4919,sa0,,,5.0000000000e-01
g4104,sa1,,,5.0000000000e-01
II7925,sa0,,,5.0000000000e-01
g2761_II7925_A,sa1,,,5.0000000000e-01
g5565,sa0,30,0,2.9296875000e-03
g2044_g5565_A,sa0,,,2.9296875000e-03
g4933,sa0,,,2.9296875000e-03
g2746_g4933_A,sa0,,,2.9296875000e-03
g2728_g4933_B,sa0,,,2.9296875000e-03
g4320_g4933_C,sa0,,,2.9296875000e-03
g2770_g4933_D,sa0,,,2.9296875000e-03
g5493,sa0,2,1,5.0000000000e-01
g4920,sa1,,,5.0000000000e-01
g4105,sa0,,,5.0000000000e-01
II7928,sa1,,,5.0000000000e-01
g2873_II7928_A,sa0,,,5.0000000000e-01
g5466,sa0,2,1,5.0000000000e-01
g4890,sa1,,,5.0000000000e-01
g4075,sa0,,,5.0000000000e-01
II7856,sa1,,,5.0000000000e-01
g3805_II7856_A,sa0,,,5.0000000000e-01
g5474,sa1,2,1,5.0000000000e-01
g4904,sa0,,,5.0000000000e-01
g4085,sa1,,,5.0000000000e-01
II7878,sa0,,,5.0000000000e-01
g2829_II7878_A,sa1,,,5.0000000000e-01
g6239,sa1,30,0,6.0462951660e-03
g1758,sa0,4,1,5.0000000000e-01
g1084_g1758_A,sa1,,,5.0000000000e-01
g6158,sa1,2,1,3.9062500000e-03
g6582,sa0,3,1,1.7089843750e-03
g1122_g6582_A,sa0,,,1.7089843750e-03
g5894_g6582_B,sa0,,,1.7089843750e-03
g6680,sa1,30,0,1.4648437500e-02
g6618,sa0,30,0,2.9296875000e-02
g6003,sa1,,,2.9296875000e-02
g6941,sa1,30,0,2.2705078125e-02
g7257,sa0,30,0,3.9062500000e-02
II13214,sa0,,,3.9062500000e-02
g7065_II13214_A,sa0,,,3.9062500000e-02
II13213_II13214_B,sa0,,,3.9062500000e-02
II13215,sa0,,,3.9062500000e-02
g7082_II13215_A,sa0,,,3.9062500000e-02
II13213_II13215_B,sa0,,,3.9062500000e-02
g7427,sa1,30,0,6.9427490234e-04
g8147,sa1,30,0,2.2888183594e-04
g7616,sa1,30,0,7.8430175781e-03
g7634,sa1,30,0,7.0648193359e-03
g8660,sa1,30,0,2.2888183594e-04
g9165,sa0,30,0,7.0562744141e-01
g9174,sa0,30,0,7.0562744141e-01
g9192,sa0,30,0,7.1525573730e-06
II15863,sa0,,,7.1525573730e-06
g9174_II15863_A,sa0,,,7.1525573730e-06
II15862_II15863_B,sa0,,,7.1525573730e-06
II15864,sa0,,,7.1525573730e-06
g9171_II15864_A,sa0,,,7.1525573730e-06
II15862_II15864_B,sa0,,,7.1525573730e-06
II15887,sa1,30,0,7.1525573730e-06
g9191,sa1,30,0,2.5488519669e-01
II15897,sa0,30,0,7.1525573730e-06
g9202_II15897_A,sa0,,,7.1525573730e-06
g9203_II15897_B,sa0,,,7.1525573730e-06
g3430_II8019_A,sa1,16,1,1.2159347534e-04
g3430_II8028_A,sa1,16,1,1.2159347534e-04
g2074_II8034_A,sa1,16,1,1.2159347534e-04
g2057_II8041_B,sa1,10,1,1.1825561523e-04
g2162_II8063_A,sa1,24,1,2.0065298304e-03
g2106_II8071_D,sa1,17,1,1.9550323486e-03
g2162_II8108_A,sa1,2,1,1.2207031250e-04
g2074_II8115_A,sa1,30,0,1.4835298061e-03
g2334_II8240_C,sa1,2,1,1.9531250000e-03
g3430_II8460_A,sa1,2,1,1.2207031250e-04
g3430_II8523_A,sa1,16,1,1.2159347534e-04
g4044_II9222_B,sa1,1,1,3.1250000000e-02
g110_g8270_A,sa1,2,1,6.1035156250e-05
g3052_II8224_D,sa0,1,1,3.9062500000e-03
g3019_II8224_A,sa0,1,1,3.9062500000e-03
g4142_II9044_B,sa0,2,1,1.2207031250e-04
g1087_II5520_A,sa1,1,1,6.2500000000e-02
g1537_II6501_A,sa1,8,1,9.3750000000e-02
g2052_II6813_B,sa1,1,1,6.2500000000e-02
g2105_II6905_A,sa1,1,1,6.2500000000e-02
g2051_II6941_A,sa1,0,1,0.0000000000e+00
g2333_II7009_B,sa1,1,1,6.2500000000e-02
g1643_II7070_A,sa1,1,1,1.2500000000e-01
g2331_II7156_A,sa1,1,1,2.5000000000e-01
g2091_II7216_A,sa1,1,1,2.5000000000e-01
g2525_II7421_A,sa1,30,0,2.8610229492e-05
g2703_II7423_A,sa1,30,0,2.8610229492e-05
g1701_II7443_B,sa1,30,0,4.5776367188e-04
g1106_II7454_A,sa1,3,1,1.0937500000e-01
g2471_II7610_A,sa1,30,0,2.8610229492e-05
g2540_II9242_A,sa1,1,1,3.1250000000e-02
g1894,sa0,1,1,5.0000000000e-01
II5772,sa1,,,5.0000000000e-01
g1240_II5772_A,sa0,,,5.0000000000e-01
g3829,sa0,1,1,5.0000000000e-01
II7290,sa1,,,5.0000000000e-01
g2936,sa0,,,5.0000000000e-01
II6680,sa1,,,5.0000000000e-01
g1558_II6680_A,sa0,,,5.0000000000e-01
g4657,sa0,1,1,1.2207031250e-04
II8886,sa1,,,1.2207031250e-04
g4308,sa0,,,1.2207031250e-04
II8277,sa1,,,1.2207031250e-04
g3504,sa0,,,1.2207031250e-04
g5682,sa1,1,1,5.0000000000e-01
II10177,sa0,,,5.0000000000e-01
g4721_II10177_A,sa1,,,5.0000000000e-01
g7284,sa1,1,1,9.7656250000e-04
II13284,sa0,,,9.7656250000e-04
g7156,sa1,,,9.7656250000e-04
II13042,sa0,,,9.7656250000e-04
g6963,sa1,,,9.7656250000e-04
II12690,sa0,,,9.7656250000e-04
g6467,sa1,,,9.7656250000e-04
g7285,sa0,30,0,2.9296875000e-02
II13287,sa1,,,2.9296875000e-02
g7157,sa0,,,2.9296875000e-02
II13045,sa1,,,2.9296875000e-02
g6955,sa0,,,2.9296875000e-02
II12666,sa1,,,2.9296875000e-02
g6476,sa0,,,2.9296875000e-02
g5939_g6476_A,sa0,,,2.9296875000e-02
g5269_g6476_B,sa0,,,2.9296875000e-02
g7293,sa1,1,1,9.7656250000e-04
II13311,sa0,,,9.7656250000e-04
g7162,sa1,,,9.7656250000e-04
II13060,sa0,,,9.7656250000e-04
g6959,sa1,,,9.7656250000e-04
II12678,sa0,,,9.7656250000e-04
g6516,sa1,,,9.7656250000e-04
g7294,sa0,30,0,2.9296875000e-02
II13314,sa1,,,2.9296875000e-02
g7160,sa0,,,2.9296875000e-02
II13054,sa1,,,2.9296875000e-02
g6960,sa0,,,2.9296875000e-02
II12681,sa1,,,2.9296875000e-02
g6469,sa0,,,2.9296875000e-02
g5918_g6469_A,sa0,,,2.9296875000e-02
g5278_g6469_B,sa0,,,2.9296875000e-02
g7474,sa0,3,1,6.2500000000e-01
II13628,sa1,,,6.2500000000e-01
g7248_II13628_A,sa0,,,6.2500000000e-01
g8661,sa1,2,1,1.0000000000e+00
II14777,sa0,,,1.0000000000e+00
g8511,sa1,,,1.0000000000e+00
II14646,sa0,,,1.0000000000e+00
g7790,sa1,,,1.0000000000e+00
II14227,sa0,,,1.0000000000e+00
g7552,sa1,,,1.0000000000e+00
g6295,sa0,1,1,5.0000000000e-01
II11212,sa1,,,5.0000000000e-01
g6146,sa0,,,5.0000000000e-01
II10801,sa1,,,5.0000000000e-01
g5463_II10801_A,sa0,,,5.0000000000e-01
g6294,sa1,1,1,5.0000000000e-01
II11209,sa0,,,5.0000000000e-01
g6139,sa1,,,5.0000000000e-01
II10780,sa0,,,5.0000000000e-01
g5445_II10780_A,sa1,,,5.0000000000e-01
g8662,sa0,3,1,7.5000000000e-01
II14780,sa1,,,7.5000000000e-01
g8284,sa0,,,7.5000000000e-01
II14531,sa1,,,7.5000000000e-01
g8178,sa0,,,7.5000000000e-01
II14413,sa1,,,7.5000000000e-01
g7723,sa0,,,7.5000000000e-01
II14042,sa1,,,7.5000000000e-01
g7470,sa0,,,7.5000000000e-01
g7253,sa1,,,7.5000000000e-01
g7049,sa0,,,7.5000000000e-01
II12813,sa1,,,7.5000000000e-01
g6607_II12813_A,sa0,,,7.5000000000e-01
g9373,sa0,30,0,7.4945068359e-01
II16145,sa1,,,7.4945068359e-01
g9367,sa0,,,7.4945068359e-01
II16129,sa1,,,7.4945068359e-01
g9355,sa0,,,7.4945068359e-01
g9372,sa1,30,0,1.1596679688e-03
II16142,sa0,,,1.1596679688e-03
g9366,sa1,,,1.1596679688e-03
II16126,sa0,,,1.1596679688e-03
g9354,sa1,,,1.1596679688e-03
g9275,sa1,,,1.1596679688e-03
g9344,sa1,,,1.1596679688e-03
g5736,sa1,6,1,8.7500000000e-01
II10265,sa0,,,8.7500000000e-01
g5468,sa1,,,8.7500000000e-01
II9884,sa0,,,8.7500000000e-01
g4868,sa1,,,8.7500000000e-01
g2659,sa0,1,1,5.0000000000e-01
g1655_g2659_A,sa1,,,5.0000000000e-01
g6384,sa1,4,1,7.5000000000e-01
II11479,sa0,,,7.5000000000e-01
g6201,sa1,,,7.5000000000e-01
II10946,sa0,,,7.5000000000e-01
g5563,sa1,,,7.5000000000e-01
g7527,sa1,8,1,2.4902343750e-01
II13761,sa0,,,2.4902343750e-01
g7418,sa1,,,2.4902343750e-01
II13533,sa0,,,2.4902343750e-01
g7220,sa1,,,2.4902343750e-01
g1304_g7220_A,sa1,,,2.4902343750e-01
g7062,sa1,,,2.4902343750e-01
g4048,sa1,,,2.4902343750e-01
g6456,sa1,,,2.4902343750e-01
g6385,sa0,3,1,6.2500000000e-01
II11482,sa1,,,6.2500000000e-01
g6117,sa0,,,6.2500000000e-01
II10739,sa1,,,6.2500000000e-01
g5572,sa0,,,6.2500000000e-01
g6862,sa0,1,1,2.5000000000e-01
II12457,sa1,,,2.5000000000e-01
g6671,sa0,,,2.5000000000e-01
II11971,sa1,,,2.5000000000e-01
g6179,sa0,,,2.5000000000e-01
II10896,sa1,,,2.5000000000e-01
g5475,sa0,,,2.5000000000e-01
g3801,sa0,,,2.5000000000e-01
II7262,sa1,,,2.5000000000e-01
g2514_II7262_A,sa0,,,2.5000000000e-01
g5022,sa0,,,2.5000000000e-01
g4438_g5022_A,sa1,,,2.5000000000e-01
g7528,sa0,6,1,2.5000000000e-01
II13764,sa1,,,2.5000000000e-01
g7479,sa0,,,2.5000000000e-01
II13635,sa1,,,2.5000000000e-01
g7243,sa0,,,2.5000000000e-01
II13189,sa1,,,2.5000000000e-01
g7002,sa0,,,2.5000000000e-01
g6770,sa0,,,2.5000000000e-01
II12180,sa0,,,2.5000000000e-01
g1961_II12180_A,sa0,,,2.5000000000e-01
II12179_II12180_B,sa0,,,2.5000000000e-01
II12181,sa0,,,2.5000000000e-01
g6163_II12181_A,sa0,,,2.5000000000e-01
II12179_II12181_B,sa0,,,2.5000000000e-01
g5054,sa0,,,2.5000000000e-01
g4457_g5054_A,sa1,,,2.5000000000e-01
g6375,sa1,1,1,5.0000000000e-01
II11452,sa0,,,5.0000000000e-01
g6071,sa1,,,5.0000000000e-01
II10694,sa0,,,5.0000000000e-01
g5445_II10694_A,sa1,,,5.0000000000e-01
g6376,sa0,1,1,5.0000000000e-01
II11455,sa1,,,5.0000000000e-01
g6087,sa0,,,5.0000000000e-01
II10705,sa1,,,5.0000000000e-01
g5463_II10705_A,sa0,,,5.0000000000e-01
g5737,sa0,1,1,3.1250000000e-02
II10268,sa1,,,3.1250000000e-02
g5471,sa0,,,3.1250000000e-02
II9889,sa1,,,3.1250000000e-02
g4819,sa0,,,3.1250000000e-02
g2573_g4819_A,sa0,,,3.1250000000e-02
g2562_g4819_B,sa0,,,3.1250000000e-02
II9166,sa0,,,3.1250000000e-02
g4041_II9166_A,sa0,,,3.1250000000e-02
g2595_II9166_B,sa0,,,3.1250000000e-02
g2584_II9166_C,sa0,,,3.1250000000e-02
g4656,sa1,3,1,7.5000000000e-01
II8883,sa0,,,7.5000000000e-01
g4198,sa1,,,7.5000000000e-01
II8101,sa0,,,7.5000000000e-01
g3259,sa1,,,7.5000000000e-01
g6861,sa1,7,1,5.0000000000e-01
II12454,sa0,,,5.0000000000e-01
g6581,sa1,,,5.0000000000e-01
II11773,sa0,,,5.0000000000e-01
g6262,sa1,,,5.0000000000e-01
g4074,sa1,,,5.0000000000e-01
g5334,sa1,,,5.0000000000e-01
g6870,sa1,2,1,5.0000000000e-01
II12481,sa0,,,5.0000000000e-01
g6616,sa1,,,5.0000000000e-01
II11848,sa0,,,5.0000000000e-01
g6159,sa1,,,5.0000000000e-01
g6871,sa0,2,1,5.0000000000e-01
II12484,sa1,,,5.0000000000e-01
g6621,sa0,,,5.0000000000e-01
II11855,sa1,,,5.0000000000e-01
g5751,sa0,,,5.0000000000e-01
II10321,sa0,,,5.0000000000e-01
g5459_II10321_A,sa0,,,5.0000000000e-01
II10320_II10321_B,sa0,,,5.0000000000e-01
II10322,sa0,,,5.0000000000e-01
g2573_II10322_A,sa0,,,5.0000000000e-01
II10320_II10322_B,sa0,,,5.0000000000e-01
g6880,sa0,2,1,5.0000000000e-01
II12511,sa1,,,5.0000000000e-01
g6598,sa0,,,5.0000000000e-01
II11806,sa1,,,5.0000000000e-01
g6275,sa0,,,5.0000000000e-01
II11109,sa0,,,5.0000000000e-01
g5522_II11109_A,sa0,,,5.0000000000e-01
II11108_II11109_B,sa0,,,5.0000000000e-01
II11110,sa0,,,5.0000000000e-01
g2734_II11110_A,sa0,,,5.0000000000e-01
II11108_II11110_B,sa0,,,5.0000000000e-01
g5745,sa1,10,1,8.1250000000e-01
II10292,sa0,,,8.1250000000e-01
g5577,sa1,,,8.1250000000e-01
II10046,sa0,,,8.1250000000e-01
g4840,sa1,,,8.1250000000e-01
g5178,sa1,3,1,3.7500000000e-01
II9660,sa0,,,3.7500000000e-01
g4806,sa1,,,3.7500000000e-01
II9139,sa0,,,3.7500000000e-01
g4364,sa1,,,3.7500000000e-01
g2952,sa1,,,3.7500000000e-01
g1725,sa1,,,3.7500000000e-01
g4665,sa1,2,1,3.7500000000e-01
II8910,sa0,,,3.7500000000e-01
g4200,sa1,,,3.7500000000e-01
II8105,sa0,,,3.7500000000e-01
g3339,sa1,,,3.7500000000e-01
g1424_g3339_A,sa1,,,3.7500000000e-01
g2014,sa1,,,3.7500000000e-01
g1421_g2014_A,sa1,,,3.7500000000e-01
g1416_g2014_B,sa1,,,3.7500000000e-01
g5179,sa0,1,1,1.2500000000e-01
II9663,sa1,,,1.2500000000e-01
g4809,sa0,,,1.2500000000e-01
II9148,sa1,,,1.2500000000e-01
g4354,sa0,,,1.2500000000e-01
g4666,sa0,1,1,5.0000000000e-01
II8913,sa1,,,5.0000000000e-01
g4306,sa0,,,5.0000000000e-01
II8273,sa1,,,5.0000000000e-01
g2976_II8273_A,sa0,,,5.0000000000e-01
g6393,sa1,1,1,5.0000000000e-01
II11506,sa0,,,5.0000000000e-01
g6189,sa1,,,5.0000000000e-01
II10930,sa0,,,5.0000000000e-01
g5600_II10930_A,sa1,,,5.0000000000e-01
g7770,sa1,26,1,5.6250000000e-01
II14181,sa0,,,5.6250000000e-01
g7725,sa1,,,5.6250000000e-01
II14046,sa0,,,5.6250000000e-01
g7492,sa1,,,5.6250000000e-01
II13656,sa0,,,5.6250000000e-01
g7228,sa1,,,5.6250000000e-01
g7771,sa0,19,1,4.3750000000e-01
II14184,sa1,,,4.3750000000e-01
g7726,sa0,,,4.3750000000e-01
II14049,sa1,,,4.3750000000e-01
g7493,sa0,,,4.3750000000e-01
II13659,sa1,,,4.3750000000e-01
g7232,sa0,,,4.3750000000e-01
g6694,sa0,,,4.3750000000e-01
g7091,sa0,,,4.3750000000e-01
g6525_g7091_A,sa1,,,4.3750000000e-01
g7780,sa0,7,1,2.5000000000e-01
II14211,sa1,,,2.5000000000e-01
g7712,sa0,,,2.5000000000e-01
II14015,sa1,,,2.5000000000e-01
g7440,sa0,,,2.5000000000e-01
II13577,sa1,,,2.5000000000e-01
g7186,sa0,,,2.5000000000e-01
g6600,sa0,,,2.5000000000e-01
g7044,sa0,,,2.5000000000e-01
g6543_g7044_A,sa1,,,2.5000000000e-01
g5746,sa0,11,1,7.5000000000e-01
II10295,sa1,,,7.5000000000e-01
g5523,sa0,,,7.5000000000e-01
II9935,sa1,,,7.5000000000e-01
g4812,sa0,,,7.5000000000e-01
g5187,sa1,5,1,8.1250000000e-01
II9687,sa0,,,8.1250000000e-01
g4822,sa1,,,8.1250000000e-01
II9177,sa0,,,8.1250000000e-01
g4299,sa1,,,8.1250000000e-01
g7518,sa1,30,0,9.3750000000e-01
II13734,sa0,,,9.3750000000e-01
g7422,sa1,,,9.3750000000e-01
II13541,sa0,,,9.3750000000e-01
g7209,sa1,,,9.3750000000e-01
g1789_g7209_A,sa1,,,9.3750000000e-01
g146_g7209_B,sa1,,,9.3750000000e-01
g6984_g7209_C,sa1,,,9.3750000000e-01
g6852,sa1,3,1,5.0000000000e-01
II12427,sa0,,,5.0000000000e-01
g6553,sa1,,,5.0000000000e-01
II11725,sa0,,,5.0000000000e-01
g6036,sa1,,,5.0000000000e-01
II10643,sa0,,,5.0000000000e-01
g5267,sa1,,,5.0000000000e-01
II9785,sa0,,,5.0000000000e-01
g4747,sa1,,,5.0000000000e-01
g3984,sa1,,,5.0000000000e-01
g2912,sa1,,,5.0000000000e-01
g6853,sa0,2,1,2.5000000000e-01
II12430,sa1,,,2.5000000000e-01
g6432,sa0,,,2.5000000000e-01
II11569,sa1,,,2.5000000000e-01
g6279,sa0,,,2.5000000000e-01
II11132,sa1,,,2.5000000000e-01
g5624,sa0,,,2.5000000000e-01
g5140,sa0,,,2.5000000000e-01
g2794,sa0,,,2.5000000000e-01
g2185_g2794_A,sa1,,,2.5000000000e-01
g7519,sa0,8,1,3.7500000000e-01
II13737,sa1,,,3.7500000000e-01
g7446,sa0,,,3.7500000000e-01
II13595,sa1,,,3.7500000000e-01
g7216,sa0,,,3.7500000000e-01
II13152,sa1,,,3.7500000000e-01
g6966,sa0,,,3.7500000000e-01
g6580,sa0,,,3.7500000000e-01
g5580,sa0,,,3.7500000000e-01
g4938_g5580_A,sa1,,,3.7500000000e-01
g6780,sa1,1,1,5.0000000000e-01
II12211,sa0,,,5.0000000000e-01
g6502,sa1,,,5.0000000000e-01
II11672,sa0,,,5.0000000000e-01
g5971_II11672_A,sa1,,,5.0000000000e-01
g6781,sa0,1,1,5.0000000000e-01
II12214,sa1,,,5.0000000000e-01
g6507,sa0,,,5.0000000000e-01
II11683,sa1,,,5.0000000000e-01
g5988_II11683_A,sa0,,,5.0000000000e-01
g7509,sa1,30,0,9.3750000000e-01
II13707,sa0,,,9.3750000000e-01
g7420,sa1,,,9.3750000000e-01
II13537,sa0,,,9.3750000000e-01
g7152_II13537_A,sa1,,,9.3750000000e-01
g7734,sa1,30,0,2.3437500000e-01
II14073,sa0,,,2.3437500000e-01
g7627,sa1,,,2.3437500000e-01
II13956,sa0,,,2.3437500000e-01
g7499,sa1,,,2.3437500000e-01
g7258,sa0,,,2.3437500000e-01
g7735,sa0,17,1,5.0000000000e-01
II14076,sa1,,,5.0000000000e-01
g7577,sa0,,,5.0000000000e-01
II13876,sa1,,,5.0000000000e-01
g7347,sa0,,,5.0000000000e-01
II13457,sa1,,,5.0000000000e-01
g7120,sa0,,,5.0000000000e-01
II12948,sa1,,,5.0000000000e-01
g6919,sa0,,,5.0000000000e-01
g6790,sa0,1,1,5.0000000000e-01
II12241,sa1,,,5.0000000000e-01
g6640,sa0,,,5.0000000000e-01
II11908,sa1,,,5.0000000000e-01
g5918_II11908_A,sa0,,,5.0000000000e-01
g9085,sa0,18,1,5.0000000000e-01
II15645,sa1,,,5.0000000000e-01
g9043,sa0,,,5.0000000000e-01
II15533,sa1,,,5.0000000000e-01
g9002,sa0,,,5.0000000000e-01
g3838,sa0,1,1,5.0000000000e-01
II7317,sa1,,,5.0000000000e-01
g2893,sa0,,,5.0000000000e-01
II6615,sa1,,,5.0000000000e-01
g1983_II6615_A,sa0,,,5.0000000000e-01
g9093,sa1,15,1,5.0000000000e-01
II15669,sa0,,,5.0000000000e-01
g9045,sa1,,,5.0000000000e-01
II15539,sa0,,,5.0000000000e-01
g9005,sa1,,,5.0000000000e-01
g8945,sa1,,,5.0000000000e-01
g8852,sa1,,,5.0000000000e-01
g9094,sa0,19,1,5.0000000000e-01
II15672,sa1,,,5.0000000000e-01
g9047,sa0,,,5.0000000000e-01
II15543,sa1,,,5.0000000000e-01
g9006,sa0,,,5.0000000000e-01
g6339,sa1,4,1,5.0000000000e-01
II11344,sa0,,,5.0000000000e-01
g5820,sa1,,,5.0000000000e-01
II10485,sa0,,,5.0000000000e-01
g5229,sa1,,,5.0000000000e-01
g5079,sa1,,,5.0000000000e-01
g4409,sa1,,,5.0000000000e-01
g4629,sa1,1,1,5.0000000000e-01
II8802,sa0,,,5.0000000000e-01
g3963,sa1,,,5.0000000000e-01
II7672,sa0,,,5.0000000000e-01
g3062_II7672_A,sa1,,,5.0000000000e-01
g6348,sa1,4,1,5.0000000000e-01
II11371,sa0,,,5.0000000000e-01
g5840,sa1,,,5.0000000000e-01
II10535,sa0,,,5.0000000000e-01
g5254,sa1,,,5.0000000000e-01
g5117,sa1,,,5.0000000000e-01
g4452,sa1,,,5.0000000000e-01
g4638,sa1,1,1,5.0000000000e-01
II8829,sa0,,,5.0000000000e-01
g4029,sa1,,,5.0000000000e-01
II7800,sa0,,,5.0000000000e-01
g2605_II7800_A,sa1,,,5.0000000000e-01
g6349,sa0,6,1,5.0000000000e-01
II11374,sa1,,,5.0000000000e-01
g5844,sa0,,,5.0000000000e-01
II10545,sa1,,,5.0000000000e-01
g5259,sa0,,,5.0000000000e-01
g4639,sa0,1,1,5.0000000000e-01
II8832,sa1,,,5.0000000000e-01
g3936,sa0,,,5.0000000000e-01
II7605,sa1,,,5.0000000000e-01
g2752_II7605_A,sa0,,,5.0000000000e-01
g6357,sa1,4,1,5.0000000000e-01
II11398,sa0,,,5.0000000000e-01
g5823,sa1,,,5.0000000000e-01
II10494,sa0,,,5.0000000000e-01
g5232,sa1,,,5.0000000000e-01
g5082,sa1,,,5.0000000000e-01
g4412,sa1,,,5.0000000000e-01
g4647,sa1,1,1,5.0000000000e-01
II8856,sa0,,,5.0000000000e-01
g3955,sa1,,,5.0000000000e-01
II7658,sa0,,,5.0000000000e-01
g2562_II7658_A,sa1,,,5.0000000000e-01
g6358,sa0,6,1,5.0000000000e-01
II11401,sa1,,,5.0000000000e-01
g5828,sa0,,,5.0000000000e-01
II10509,sa1,,,5.0000000000e-01
g5237,sa0,,,5.0000000000e-01
g4648,sa0,1,1,5.0000000000e-01
II8859,sa1,,,5.0000000000e-01
g3968,sa0,,,5.0000000000e-01
II7683,sa1,,,5.0000000000e-01
g2573_II7683_A,sa0,,,5.0000000000e-01
g3846,sa1,1,1,5.0000000000e-01
II7341,sa0,,,5.0000000000e-01
g2931,sa1,,,5.0000000000e-01
II6669,sa0,,,5.0000000000e-01
g1698_II6669_A,sa1,,,5.0000000000e-01
g3847,sa0,1,1,5.0000000000e-01
II7344,sa1,,,5.0000000000e-01
g2964,sa0,,,5.0000000000e-01
II6716,sa1,,,5.0000000000e-01
g1721_II6716_A,sa0,,,5.0000000000e-01
g6366,sa1,4,1,5.0000000000e-01
II11425,sa0,,,5.0000000000e-01
g5872,sa1,,,5.0000000000e-01
II10561,sa0,,,5.0000000000e-01
g5265,sa1,,,5.0000000000e-01
g5126,sa1,,,5.0000000000e-01
g4491,sa1,,,5.0000000000e-01
g6367,sa0,6,1,5.0000000000e-01
II11428,sa1,,,5.0000000000e-01
g5813,sa0,,,5.0000000000e-01
II10472,sa1,,,5.0000000000e-01
g5223,sa0,,,5.0000000000e-01
g6807,sa1,1,1,5.0000000000e-01
II12292,sa0,,,5.0000000000e-01
g6657,sa1,,,5.0000000000e-01
II11951,sa0,,,5.0000000000e-01
g5847_II11951_A,sa1,,,5.0000000000e-01
g6808,sa0,1,1,5.0000000000e-01
II12295,sa1,,,5.0000000000e-01
g6693,sa0,,,5.0000000000e-01
II12011,sa1,,,5.0000000000e-01
g5939_II12011_A,sa0,,,5.0000000000e-01
g6816,sa1,1,1,5.0000000000e-01
II12319,sa0,,,5.0000000000e-01
g6741,sa1,,,5.0000000000e-01
II12117,sa0,,,5.0000000000e-01
g5918_II12117_A,sa1,,,5.0000000000e-01
g6817,sa0,1,1,5.0000000000e-01
II12322,sa1,,,5.0000000000e-01
g6751,sa0,,,5.0000000000e-01
II12128,sa1,,,5.0000000000e-01
g5897_II12128_A,sa0,,,5.0000000000e-01
g6825,sa1,1,1,5.0000000000e-01
II12346,sa0,,,5.0000000000e-01
g6737,sa1,,,5.0000000000e-01
II12111,sa0,,,5.0000000000e-01
g5956_II12111_A,sa1,,,5.0000000000e-01
g6826,sa0,1,1,5.0000000000e-01
II12349,sa1,,,5.0000000000e-01
g6742,sa0,,,5.0000000000e-01
II12120,sa1,,,5.0000000000e-01
g5939_II12120_A,sa0,,,5.0000000000e-01
g7743,sa1,11,1,5.0000000000e-01
II14100,sa0,,,5.0000000000e-01
g7580,sa1,,,5.0000000000e-01
II13885,sa0,,,5.0000000000e-01
g7351,sa1,,,5.0000000000e-01
II13469,sa0,,,5.0000000000e-01
g7123,sa1,,,5.0000000000e-01
II12961,sa0,,,5.0000000000e-01
g6921,sa1,,,5.0000000000e-01
g6396,sa1,,,5.0000000000e-01
g6401,sa1,,,5.0000000000e-01
g7744,sa0,18,1,5.0000000000e-01
II14103,sa1,,,5.0000000000e-01
g7584,sa0,,,5.0000000000e-01
II13897,sa1,,,5.0000000000e-01
g7354,sa0,,,5.0000000000e-01
II13478,sa1,,,5.0000000000e-01
g7126,sa0,,,5.0000000000e-01
II12968,sa1,,,5.0000000000e-01
g6925,sa0,,,5.0000000000e-01
g7752,sa1,11,1,5.0000000000e-01
II14127,sa0,,,5.0000000000e-01
g7594,sa1,,,5.0000000000e-01
II13927,sa0,,,5.0000000000e-01
g7366,sa1,,,5.0000000000e-01
II13512,sa0,,,5.0000000000e-01
g7138,sa1,,,5.0000000000e-01
II12996,sa0,,,5.0000000000e-01
g6934,sa1,,,5.0000000000e-01
g6422,sa1,,,5.0000000000e-01
g6430,sa1,,,5.0000000000e-01
g7753,sa0,18,1,5.0000000000e-01
II14130,sa1,,,5.0000000000e-01
g7592,sa0,,,5.0000000000e-01
II13921,sa1,,,5.0000000000e-01
g7362,sa0,,,5.0000000000e-01
II13502,sa1,,,5.0000000000e-01
g7135,sa0,,,5.0000000000e-01
II12989,sa1,,,5.0000000000e-01
g6932,sa0,,,5.0000000000e-01
g6834,sa1,1,1,5.0000000000e-01
II12373,sa0,,,5.0000000000e-01
g6763,sa1,,,5.0000000000e-01
II12158,sa0,,,5.0000000000e-01
g5956_II12158_A,sa1,,,5.0000000000e-01
g6835,sa0,1,1,5.0000000000e-01
II12376,sa1,,,5.0000000000e-01
g6766,sa0,,,5.0000000000e-01
II12167,sa1,,,5.0000000000e-01
g5939_II12167_A,sa0,,,5.0000000000e-01
g6843,sa1,1,1,5.0000000000e-01
II12400,sa0,,,5.0000000000e-01
g6767,sa1,,,5.0000000000e-01
II12170,sa0,,,5.0000000000e-01
g5956_II12170_A,sa1,,,5.0000000000e-01
g6844,sa0,1,1,5.0000000000e-01
II12403,sa1,,,5.0000000000e-01
g6769,sa0,,,5.0000000000e-01
II12176,sa1,,,5.0000000000e-01
g5939_II12176_A,sa0,,,5.0000000000e-01
g7761,sa1,8,1,5.0000000000e-01
II14154,sa0,,,5.0000000000e-01
g7558,sa1,,,5.0000000000e-01
II13850,sa0,,,5.0000000000e-01
g7328,sa1,,,5.0000000000e-01
g7196,sa1,,,5.0000000000e-01
II13122,sa0,,,5.0000000000e-01
g7070,sa1,,,5.0000000000e-01
g6562_g7070_A,sa0,,,5.0000000000e-01
g7001,sa1,,,5.0000000000e-01
g7762,sa0,5,1,5.0000000000e-01
II14157,sa1,,,5.0000000000e-01
g7547,sa0,,,5.0000000000e-01
II13825,sa1,,,5.0000000000e-01
g7318,sa0,,,5.0000000000e-01
g5169,sa1,2,1,5.0000000000e-01
II9633,sa0,,,5.0000000000e-01
g4800,sa1,,,5.0000000000e-01
II9123,sa0,,,5.0000000000e-01
g4455,sa1,,,5.0000000000e-01
g3811,sa0,,,5.0000000000e-01
II7269,sa0,,,5.0000000000e-01
g2486_II7269_A,sa0,,,5.0000000000e-01
II7268_II7269_B,sa0,,,5.0000000000e-01
II7270,sa0,,,5.0000000000e-01
g955_II7270_A,sa0,,,5.0000000000e-01
II7268_II7270_B,sa0,,,5.0000000000e-01
g8670,sa1,4,1,5.0000000000e-01
II14804,sa0,,,5.0000000000e-01
g8563,sa1,,,5.0000000000e-01
II14662,sa0,,,5.0000000000e-01
g7783,sa1,,,5.0000000000e-01
g4787,sa1,,,5.0000000000e-01
g7600,sa1,,,5.0000000000e-01
g8671,sa0,4,1,5.0000000000e-01
II14807,sa1,,,5.0000000000e-01
g8603,sa0,,,5.0000000000e-01
II14674,sa1,,,5.0000000000e-01
g7788,sa0,,,5.0000000000e-01
g2649,sa1,1,1,5.0000000000e-01
II6431,sa0,,,5.0000000000e-01
g1825,sa1,,,5.0000000000e-01
II5709,sa0,,,5.0000000000e-01
g901_II5709_A,sa1,,,5.0000000000e-01
g3856,sa0,1,1,5.0000000000e-01
II7371,sa1,,,5.0000000000e-01
g3050,sa0,,,5.0000000000e-01
II6788,sa1,,,5.0000000000e-01
g1681,sa0,,,5.0000000000e-01
g929_g1681_A,sa1,,,5.0000000000e-01
g3855,sa1,1,1,5.0000000000e-01
II7368,sa0,,,5.0000000000e-01
g3018,sa1,,,5.0000000000e-01
II6770,sa0,,,5.0000000000e-01
g1590_II6770_A,sa1,,,5.0000000000e-01
g1857,sa1,30,0,3.2959580421e-01
g889,sa0,,,3.2959580421e-01
g4477,sa0,15,1,4.6875000000e-01
II8517,sa1,,,4.6875000000e-01
g3014_II8517_A,sa0,,,4.6875000000e-01
g4873,sa0,1,1,5.0000000000e-01
II9217,sa1,,,5.0000000000e-01
g4443,sa0,,,5.0000000000e-01
II8449,sa1,,,5.0000000000e-01
g3630,sa0,,,5.0000000000e-01
II7095,sa1,,,5.0000000000e-01
g2539,sa0,,,5.0000000000e-01
II6363,sa1,,,5.0000000000e-01
g16_II6363_A,sa0,,,5.0000000000e-01
g5529,sa1,1,1,5.0000000000e-01
g4689,sa0,,,5.0000000000e-01
II8966,sa1,,,5.0000000000e-01
g4444,sa0,,,5.0000000000e-01
II8452,sa1,,,5.0000000000e-01
g2816,sa0,,,5.0000000000e-01
g1685,sa1,,,5.0000000000e-01
II5528,sa0,,,5.0000000000e-01
g43,sa1,,,5.0000000000e-01
g5674,sa0,1,1,5.0000000000e-01
g5042,sa1,,,5.0000000000e-01
II9396,sa0,,,5.0000000000e-01
g3908,sa1,,,5.0000000000e-01
II7517,sa0,,,5.0000000000e-01
g3578,sa1,,,5.0000000000e-01
II7053,sa0,,,5.0000000000e-01
g2452,sa1,,,5.0000000000e-01
g23,sa0,,,5.0000000000e-01
g5719,sa0,1,1,5.0000000000e-01
II10236,sa1,,,5.0000000000e-01
g5014,sa0,,,5.0000000000e-01
II9344,sa1,,,5.0000000000e-01
g4341,sa0,,,5.0000000000e-01
II8308,sa1,,,5.0000000000e-01
g3674,sa0,,,5.0000000000e-01
II7164,sa1,,,5.0000000000e-01
g2157_II7164_A,sa0,,,5.0000000000e-01
g5772,sa1,14,1,5.0000000000e-01
g5428_g5772_A,sa1,,,5.0000000000e-01
g1888,sa1,,,5.0000000000e-01
g781,sa0,,,5.0000000000e-01
g5286,sa1,30,0,2.1562480927e-01
g4714_g5286_A,sa0,,,2.1562480927e-01
g5836,sa0,1,1,1.2500000000e-01
g5529_g5836_A,sa1,,,1.2500000000e-01
g5269,sa0,8,1,1.9454956055e-03
II9791,sa1,,,1.9454956055e-03
g4779,sa0,,,1.9454956055e-03
g4176_g4779_A,sa0,,,1.9454956055e-03
g1760_g4779_B,sa0,,,1.9454956055e-03
g1975,sa0,3,1,2.5073242188e-01
g1253,sa1,,,2.5073242188e-01
g5278,sa0,4,1,1.8310546875e-03
II9794,sa1,,,1.8310546875e-03
g4778,sa0,,,1.8310546875e-03
g4169_g4778_A,sa0,,,1.8310546875e-03
g1760_g4778_B,sa0,,,1.8310546875e-03
g6555,sa1,7,1,2.5781250000e-01
II11729,sa0,,,2.5781250000e-01
g5772_II11729_A,sa1,,,2.5781250000e-01
g7248,sa1,2,1,3.7500000000e-01
g7079,sa1,,,3.7500000000e-01
g5652,sa1,,,3.7500000000e-01
II10135,sa0,,,3.7500000000e-01
g4960,sa1,,,3.7500000000e-01
g4259_g4960_A,sa0,,,3.7500000000e-01
g1597,sa0,1,1,1.9531250000e-03
g973_g1597_A,sa1,,,1.9531250000e-03
g9039,sa1,3,1,5.0000000000e-01
II15527,sa0,,,5.0000000000e-01
g9020,sa1,,,5.0000000000e-01
II15484,sa0,,,5.0000000000e-01
g8918,sa1,,,5.0000000000e-01
II15340,sa0,,,5.0000000000e-01
g8856,sa1,,,5.0000000000e-01
II15160,sa0,,,5.0000000000e-01
g8631,sa1,,,5.0000000000e-01
II14709,sa0,,,5.0000000000e-01
g8198,sa1,,,5.0000000000e-01
g7721,sa0,,,5.0000000000e-01
g7344,sa1,,,5.0000000000e-01
g7150,sa0,,,5.0000000000e-01
g6952,sa1,,,5.0000000000e-01
g6633,sa1,,,5.0000000000e-01
g6204,sa1,,,5.0000000000e-01
g9264,sa1,30,0,1.0375976563e-03
g9247,sa1,,,1.0375976563e-03
g6242,sa1,,,1.0375976563e-03
II11047,sa0,,,1.0375976563e-03
g5653,sa1,,,1.0375976563e-03
g4748_g5653_A,sa0,,,1.0375976563e-03
g9282,sa1,30,0,1.2207031250e-03
g9270,sa1,,,1.2207031250e-03
g6238,sa1,,,1.2207031250e-03
II11043,sa0,,,1.2207031250e-03
g5648,sa1,,,1.2207031250e-03
g4748_g5648_A,sa0,,,1.2207031250e-03
g9291,sa1,30,0,1.3732910156e-03
g9273,sa1,,,1.3732910156e-03
g6216,sa1,,,1.3732910156e-03
II10987,sa0,,,1.3732910156e-03
g5609,sa1,,,1.3732910156e-03
g4748_g5609_A,sa0,,,1.3732910156e-03
g9363,sa1,30,0,1.0256052017e-02
g9359,sa1,,,1.0256052017e-02
g6210,sa1,,,1.0256052017e-02
II10969,sa0,,,1.0256052017e-02
g5606,sa1,,,1.0256052017e-02
g4748_g5606_A,sa0,,,1.0256052017e-02
g3567,sa1,1,1,1.9531250000e-03
g2407_g3567_A,sa0,,,1.9531250000e-03
g3639,sa1,5,1,1.2500000000e-01
g2424_g3639_A,sa0,,,1.2500000000e-01
g4099,sa0,1,1,2.5000000000e-01
g117,sa0,,,2.5000000000e-01
g3647,sa0,,,2.5000000000e-01
g2424_g3647_A,sa1,,,2.5000000000e-01
g3648,sa1,9,1,1.2500000000e-01
g2424_g3648_A,sa0,,,1.2500000000e-01
g3693,sa1,12,1,1.2500000000e-01
g2424_g3693_A,sa0,,,1.2500000000e-01
g98,sa1,1,1,2.5000000000e-01
g3495,sa1,1,1,6.2500000000e-02
g1616_g3495_A,sa0,,,6.2500000000e-02
g2677,sa0,20,1,5.4931640625e-04
g1664,sa1,,,5.4931640625e-04
g1462_g1664_A,sa0,,,5.4931640625e-04
g2686,sa0,20,1,5.4931640625e-04
g1667_g2686_A,sa1,,,5.4931640625e-04
g2695,sa0,20,1,5.4931640625e-04
g1672,sa1,,,5.4931640625e-04
g1499_g1672_A,sa0,,,5.4931640625e-04
g3568,sa0,3,1,3.4179687500e-02
g1935_g3568_A,sa1,,,3.4179687500e-02
g3694,sa0,4,1,3.1250000000e-02
g2174_g3694_A,sa1,,,3.1250000000e-02
g3684,sa1,5,1,6.2500000000e-02
g2180_g3684_A,sa0,,,6.2500000000e-02
g4369,sa0,4,1,3.7500000000e-01
g580_g4369_A,sa0,,,3.7500000000e-01
g2845_g4369_B,sa0,,,3.7500000000e-01
g4378,sa0,4,1,3.7500000000e-01
g321_g4378_A,sa0,,,3.7500000000e-01
g3131_g4378_B,sa0,,,3.7500000000e-01
g4387,sa0,4,1,3.7500000000e-01
g378_g4387_A,sa0,,,3.7500000000e-01
g3160_g4387_B,sa0,,,3.7500000000e-01
g4396,sa0,4,1,3.7500000000e-01
g459_g4396_A,sa0,,,3.7500000000e-01
g3192_g4396_B,sa0,,,3.7500000000e-01
g4179,sa1,2,1,1.2500000000e-01
g207_g4179_A,sa1,,,1.2500000000e-01
g3083,sa1,,,1.2500000000e-01
g4296,sa1,0,1,0.0000000000e+00
g3790_g4296_A,sa0,,,0.0000000000e+00
g4783,sa0,2,1,3.7500000000e-01
g948,sa0,,,3.7500000000e-01
g4527,sa0,,,3.7500000000e-01
g3466_g4527_A,sa1,,,3.7500000000e-01
g4584,sa1,1,1,6.2500000000e-02
g3466_g4584_A,sa0,,,6.2500000000e-02
g2668,sa0,1,1,1.2500000000e-01
g1662,sa1,,,1.2500000000e-01
g1412_g1662_A,sa0,,,1.2500000000e-01
g4936,sa0,2,1,1.2500000000e-01
g214,sa0,,,1.2500000000e-01
g3888,sa0,,,1.2500000000e-01
g3097_g3888_A,sa1,,,1.2500000000e-01
g3891,sa1,3,1,1.8750000000e-01
g3097_g3891_A,sa0,,,1.8750000000e-01
g2784,sa1,5,1,1.2207031250e-04
g2340_g2784_A,sa0,,,1.2207031250e-04
g3945,sa1,3,1,1.8750000000e-01
g3097_g3945_A,sa0,,,1.8750000000e-01
g3990,sa1,3,1,1.8750000000e-01
g3160_g3990_A,sa0,,,1.8750000000e-01
g5089,sa0,2,1,1.2500000000e-01
g273,sa0,,,1.2500000000e-01
g3998,sa0,,,1.2500000000e-01
g3097_g3998_A,sa1,,,1.2500000000e-01
g1677,sa1,1,1,1.2500000000e-01
g1532_g1677_A,sa0,,,1.2500000000e-01
g4926,sa1,2,1,1.1718750000e-02
g4202_g4926_A,sa0,,,1.1718750000e-02
g4935,sa1,0,1,0.0000000000e+00
g4202_g4935_A,sa0,,,0.0000000000e+00
g1695,sa1,1,1,7.8125000000e-03
g778_g1695_A,sa0,,,7.8125000000e-03
g5287,sa0,2,1,1.5625000000e-02
g786_g5287_A,sa0,,,1.5625000000e-02
g4724_g5287_B,sa0,,,1.5625000000e-02
g5574,sa1,1,1,1.9531250000e-03
g4969_g5574_A,sa0,,,1.9531250000e-03
g5592,sa1,0,1,0.0000000000e+00
g4969_g5592_A,sa0,,,0.0000000000e+00
g1849,sa0,2,1,2.5000000000e-01
II5732,sa1,,,2.5000000000e-01
g859_II5732_A,sa0,,,2.5000000000e-01
g5673,sa1,30,0,3.3775329590e-01
g4823,sa1,,,3.3775329590e-01
g4872,sa1,,,3.3775329590e-01
g5709,sa1,30,0,5.2032470703e-02
g4841_g5709_A,sa0,,,5.2032470703e-02
g5718,sa1,30,0,1.3275146484e-02
g4841_g5718_A,sa0,,,1.3275146484e-02
g6196,sa0,27,1,8.1924438477e-02
g4927,sa0,,,8.1924438477e-02
g5615,sa0,,,8.1924438477e-02
g6394,sa0,2,1,9.7656250000e-04
g5988_g6394_A,sa0,,,9.7656250000e-04
g5494_g6394_B,sa0,,,9.7656250000e-04
g6439,sa0,6,1,4.9218750000e-01
g789_g6439_A,sa0,,,4.9218750000e-01
g6150,sa0,,,4.9218750000e-01
g5287_g6150_A,sa1,,,4.9218750000e-01
g6448,sa0,2,1,9.7656250000e-04
g5918_g6448_A,sa0,,,9.7656250000e-04
g5384_g6448_B,sa0,,,9.7656250000e-04
g6177,sa1,20,1,2.5000000000e-01
g5458,sa0,5,1,1.2500000000e-01
g4686,sa0,,,1.2500000000e-01
II8956,sa0,,,1.2500000000e-01
g4246_II8956_A,sa0,,,1.2500000000e-01
II8955_II8956_B,sa0,,,1.2500000000e-01
II8957,sa0,,,1.2500000000e-01
g1110_II8957_A,sa0,,,1.2500000000e-01
II8955_II8957_B,sa0,,,1.2500000000e-01
g1616_g5458_B,sa0,,,1.2500000000e-01
g6249,sa1,4,1,2.5000000000e-01
g4066,sa1,,,2.5000000000e-01
g5313,sa1,,,2.5000000000e-01
g5494,sa0,16,1,1.9416809082e-03
II9918,sa1,,,1.9416809082e-03
g4968,sa0,,,1.9416809082e-03
g4403_g4968_A,sa0,,,1.9416809082e-03
g1760_g4968_B,sa0,,,1.9416809082e-03
g6727,sa0,18,1,4.9902343750e-01
g681_g6727_A,sa0,,,4.9902343750e-01
g5846,sa0,,,4.9902343750e-01
g5367_g5846_A,sa1,,,4.9902343750e-01
g5367,sa1,30,0,9.3517303467e-03
II9834,sa0,,,9.3517303467e-03
g4782,sa1,,,9.3517303467e-03
g5916,sa1,1,1,4.8828125000e-04
g5384_g5916_A,sa0,,,4.8828125000e-04
g6483,sa1,5,1,1.2577819824e-01
II11645,sa0,,,1.2577819824e-01
g5874_II11645_A,sa1,,,1.2577819824e-01
g6493,sa0,5,1,1.2577819824e-01
II11659,sa1,,,1.2577819824e-01
g5897_II11659_A,sa0,,,1.2577819824e-01
g6916,sa0,7,1,4.9609375000e-01
g727_g6916_A,sa0,,,4.9609375000e-01
g6515,sa0,,,4.9609375000e-01
g6125_g6515_A,sa1,,,4.9609375000e-01
g6970,sa0,9,1,2.4218750000e-01
g5035,sa0,,,2.4218750000e-01
II9382,sa0,,,2.4218750000e-01
g4062_II9382_A,sa0,,,2.4218750000e-01
II9381_II9382_B,sa0,,,2.4218750000e-01
II9383,sa0,,,2.4218750000e-01
g1908_II9383_A,sa0,,,2.4218750000e-01
II9381_II9383_B,sa0,,,2.4218750000e-01
g6490_g6970_B,sa0,,,2.4218750000e-01
g6538,sa0,2,1,2.5000000000e-01
II11714,sa1,,,2.5000000000e-01
g5772_II11714_A,sa0,,,2.5000000000e-01
g6556,sa0,30,0,4.6875000000e-01
II11732,sa1,,,4.6875000000e-01
g6076_II11732_A,sa0,,,4.6875000000e-01
g6627,sa1,7,1,2.5000000000e-01
g6717,sa1,9,1,2.5000000000e-01
g4082,sa1,,,2.5000000000e-01
g6005,sa1,,,2.5000000000e-01
g5593,sa0,4,1,6.2500000000e-02
g4110,sa0,,,6.2500000000e-02
II7938,sa0,,,6.2500000000e-02
g3614_II7938_A,sa0,,,6.2500000000e-02
II7937_II7938_B,sa0,,,6.2500000000e-02
II7939,sa0,,,6.2500000000e-02
g1138_II7939_A,sa0,,,6.2500000000e-02
II7937_II7939_B,sa0,,,6.2500000000e-02
g4969_g5593_B,sa0,,,6.2500000000e-02
g6268,sa0,2,1,3.1250000000e-01
g1092_g6268_A,sa0,,,3.1250000000e-01
g5309,sa0,,,3.1250000000e-01
g4969_g5309_A,sa1,,,3.1250000000e-01
g7096,sa0,1,1,1.2500000000e-01
g6677_g7096_A,sa0,,,1.2500000000e-01
g5101_g7096_B,sa0,,,1.2500000000e-01
g7195,sa0,5,1,1.7187500000e-01
g6984_g7195_A,sa0,,,1.7187500000e-01
g4226,sa0,,,1.7187500000e-01
g3591_g4226_A,sa1,,,1.7187500000e-01
g7428,sa1,30,0,1.8728637695e-01
g6040,sa1,,,1.8728637695e-01
g7175,sa1,,,1.8728637695e-01
g7609,sa0,2,1,1.2500000000e-01
g7467_g7609_A,sa0,,,1.2500000000e-01
g3466_g7609_B,sa0,,,1.2500000000e-01
g5754,sa1,30,0,2.7939677238e-08
g5403_g5754_A,sa0,,,2.7939677238e-08
g7483,sa0,4,1,1.2504577637e-01
g7226,sa1,,,1.2504577637e-01
g6937,sa0,,,1.2504577637e-01
II12632,sa1,,,1.2504577637e-01
g6514,sa0,,,1.2504577637e-01
II11696,sa1,,,1.2504577637e-01
g5971_II11696_A,sa0,,,1.2504577637e-01
g7456,sa0,4,1,1.2504577637e-01
g7174,sa1,,,1.2504577637e-01
g7097,sa0,,,1.2504577637e-01
II12881,sa1,,,1.2504577637e-01
g6478_II12881_A,sa0,,,1.2504577637e-01
g89,sa1,1,1,5.0000000000e-01
g4557,sa1,2,1,6.1035156250e-05
g2896,sa0,,,6.1035156250e-05
g2269,sa1,,,6.1035156250e-05
II6012,sa0,,,6.1035156250e-05
g384_II6012_A,sa1,,,6.1035156250e-05
g8653,sa0,26,1,4.9993896484e-01
g573_g8653_A,sa0,,,4.9993896484e-01
g8094_g8653_B,sa0,,,4.9993896484e-01
g8094,sa1,16,1,1.2159347534e-04
g7705_g8094_A,sa0,,,1.2159347534e-04
g3819,sa1,2,1,5.0000000000e-01
g1748,sa0,,,5.0000000000e-01
g601,sa1,,,5.0000000000e-01
g3774,sa1,2,1,5.0000000000e-01
g1770,sa0,,,5.0000000000e-01
g606,sa1,,,5.0000000000e-01
g3784,sa0,2,1,5.0000000000e-01
g1768,sa1,,,5.0000000000e-01
g605,sa0,,,5.0000000000e-01
g2829,sa1,2,1,5.0000000000e-01
g1785,sa0,,,5.0000000000e-01
g615,sa1,,,5.0000000000e-01
g8634,sa1,30,0,1.3000488281e-01
g6047,sa1,,,1.3000488281e-01
g8060,sa1,,,1.3000488281e-01
g8463,sa1,30,0,9.1552734375e-04
g8094_g8463_A,sa0,,,9.1552734375e-04
g8815,sa0,26,1,4.9993896484e-01
g258_g8815_A,sa0,,,4.9993896484e-01
g8524_g8815_B,sa0,,,4.9993896484e-01
g8824,sa0,26,1,4.9993896484e-01
g264_g8824_A,sa0,,,4.9993896484e-01
g8524_g8824_B,sa0,,,4.9993896484e-01
g8833,sa0,2,1,6.1035156250e-05
g4583,sa0,,,6.1035156250e-05
g2924,sa1,,,6.1035156250e-05
g2314,sa0,,,6.1035156250e-05
II6099,sa1,,,6.1035156250e-05
g584_II6099_A,sa0,,,6.1035156250e-05
g8562,sa0,,,6.1035156250e-05
g8094_g8562_A,sa1,,,6.1035156250e-05
g8562,sa1,30,0,9.1552734375e-04
g8094_g8562_A,sa0,,,9.1552734375e-04
g8842,sa0,26,1,4.9993896484e-01
g429_g8842_A,sa0,,,4.9993896484e-01
g8564_g8842_B,sa0,,,4.9993896484e-01
g8851,sa0,26,1,4.9993896484e-01
g284_g8851_A,sa0,,,4.9993896484e-01
g8524_g8851_B,sa0,,,4.9993896484e-01
g8545,sa0,30,0,7.0345401764e-04
g7905_g8545_A,sa1,,,7.0345401764e-04
g8860,sa0,26,1,4.9993896484e-01
g527_g8860_A,sa0,,,4.9993896484e-01
g8585_g8860_B,sa0,,,4.9993896484e-01
g8077,sa0,2,1,6.1035156250e-05
g859_g8077_A,sa0,,,6.1035156250e-05
g7616_g8077_B,sa0,,,6.1035156250e-05
g8923,sa0,2,1,6.1035156250e-05
g4587,sa0,,,6.1035156250e-05
g2928,sa1,,,6.1035156250e-05
g2326,sa0,,,6.1035156250e-05
II6121,sa1,,,6.1035156250e-05
g321_II6121_A,sa0,,,6.1035156250e-05
g8751,sa0,,,6.1035156250e-05
g8545_g8751_A,sa1,,,6.1035156250e-05
g8751,sa1,30,0,9.1552734375e-04
g8545_g8751_A,sa0,,,9.1552734375e-04
g4593,sa1,2,1,6.1035156250e-05
g2939,sa0,,,6.1035156250e-05
g2348,sa1,,,6.1035156250e-05
II6160,sa0,,,6.1035156250e-05
g324_II6160_A,sa1,,,6.1035156250e-05
g8760,sa1,30,0,9.1552734375e-04
g8545_g8760_A,sa0,,,9.1552734375e-04
g8932,sa0,2,1,6.1035156250e-05
g3868,sa0,,,6.1035156250e-05
g2948,sa1,,,6.1035156250e-05
g2366,sa0,,,6.1035156250e-05
II6198,sa1,,,6.1035156250e-05
g483_II6198_A,sa0,,,6.1035156250e-05
g8762,sa0,,,6.1035156250e-05
g8585_g8762_A,sa1,,,6.1035156250e-05
g3873,sa1,2,1,6.1035156250e-05
g2956,sa0,,,6.1035156250e-05
g2375,sa1,,,6.1035156250e-05
II6223,sa0,,,6.1035156250e-05
g330_II6223_A,sa1,,,6.1035156250e-05
g8941,sa0,2,1,6.1035156250e-05
g3882,sa0,,,6.1035156250e-05
g2970,sa1,,,6.1035156250e-05
g2394,sa0,,,6.1035156250e-05
II6270,sa1,,,6.1035156250e-05
g492_II6270_A,sa0,,,6.1035156250e-05
g8776,sa0,,,6.1035156250e-05
g8585_g8776_A,sa1,,,6.1035156250e-05
g3882,sa1,2,1,6.1035156250e-05
g2970,sa0,,,6.1035156250e-05
g2394,sa1,,,6.1035156250e-05
II6270,sa0,,,6.1035156250e-05
g492_II6270_A,sa1,,,6.1035156250e-05
g4539,sa1,2,1,6.1035156250e-05
g2881,sa0,,,6.1035156250e-05
g2235,sa1,,,6.1035156250e-05
II5966,sa0,,,6.1035156250e-05
g278_II5966_A,sa1,,,6.1035156250e-05
g8950,sa0,2,1,6.1035156250e-05
g4582,sa0,,,6.1035156250e-05
g2922,sa1,,,6.1035156250e-05
g2313,sa0,,,6.1035156250e-05
II6096,sa1,,,6.1035156250e-05
g521_II6096_A,sa0,,,6.1035156250e-05
g8791,sa0,,,6.1035156250e-05
g8585_g8791_A,sa1,,,6.1035156250e-05
g8904,sa1,12,1,6.1035156250e-04
g8090,sa1,,,6.1035156250e-04
g8080,sa1,,,6.1035156250e-04
g8706,sa1,,,6.1035156250e-04
g7658_g8706_A,sa1,,,6.1035156250e-04
g8613_g8706_B,sa1,,,6.1035156250e-04
g7634_g8706_C,sa1,,,6.1035156250e-04
g8914,sa0,6,1,1.8310546875e-04
g8795,sa0,,,1.8310546875e-04
g8239_g8914_B,sa0,,,1.8310546875e-04
g8725,sa0,2,1,6.1035156250e-05
g3008_g8725_A,sa0,,,6.1035156250e-05
g8493_g8725_B,sa0,,,6.1035156250e-05
g6096,sa1,30,0,9.1552734375e-04
g5317_g6096_A,sa0,,,9.1552734375e-04
g9138,sa1,30,0,1.2207031250e-03
g8878,sa1,,,1.2207031250e-03
g9119,sa1,,,1.2207031250e-03
g9238,sa0,30,0,4.2669677734e-01
g4748_g9238_A,sa0,,,4.2669677734e-01
g9223_g9238_B,sa0,,,4.2669677734e-01
g9247,sa0,30,0,4.2669677734e-01
g4748_g9247_A,sa0,,,4.2669677734e-01
g9227_g9247_B,sa0,,,4.2669677734e-01
g5628,sa1,0,1,0.0000000000e+00
g4748_g5628_A,sa0,,,0.0000000000e+00
g9274,sa0,30,0,3.7777709961e-01
g4748_g9274_A,sa0,,,3.7777709961e-01
g9255_g9274_B,sa0,,,3.7777709961e-01
g5665,sa0,30,0,1.3427734375e-03
g4748_g5665_A,sa1,,,1.3427734375e-03
g9255,sa1,30,0,1.2207031250e-03
II15985,sa0,,,1.2207031250e-03
g9237,sa1,,,1.2207031250e-03
II15965,sa0,,,1.2207031250e-03
g9219,sa1,,,1.2207031250e-03
II15933,sa0,,,1.2207031250e-03
g9210,sa1,,,1.2207031250e-03
g9200,sa0,,,1.2207031250e-03
g9189,sa1,,,1.2207031250e-03
II15845,sa0,,,1.2207031250e-03
g9174_II15845_A,sa1,,,1.2207031250e-03
g5790,sa1,30,0,3.1463623047e-02
II10415,sa0,,,3.1463623047e-02
g5397_II10415_A,sa1,,,3.1463623047e-02
g6465,sa1,30,0,3.8942575455e-02
g5403_g6465_A,sa1,,,3.8942575455e-02
g5802_g6465_B,sa1,,,3.8942575455e-02
g5769_g6465_C,sa1,,,3.8942575455e-02
g5790_g6465_D,sa1,,,3.8942575455e-02
g9318,sa1,30,0,1.0375976563e-03
g9304,sa0,,,1.0375976563e-03
g9298,sa1,,,1.0375976563e-03
II16020,sa0,,,1.0375976563e-03
g9264_II16020_A,sa1,,,1.0375976563e-03
g9346,sa0,30,0,3.7719726563e-01
g9331,sa0,,,3.7719726563e-01
g9321,sa1,,,3.7719726563e-01
g9311,sa0,,,3.7719726563e-01
II16049,sa1,,,3.7719726563e-01
g9288_II16049_A,sa0,,,3.7719726563e-01
g6222,sa0,,,3.7719726563e-01
g5654_g6222_A,sa1,,,3.7719726563e-01
g4494,sa1,30,0,2.0968494937e-04
g4486,sa0,2,1,1.2207031250e-04
II8528,sa0,,,1.2207031250e-04
g3430_II8528_A,sa0,,,1.2207031250e-04
g3398_II8528_B,sa0,,,1.2207031250e-04
g3359_II8528_C,sa0,,,1.2207031250e-04
g2106_II8528_D,sa0,,,1.2207031250e-04
II8529,sa0,,,1.2207031250e-04
g3316_II8529_A,sa0,,,1.2207031250e-04
g2057_II8529_B,sa0,,,1.2207031250e-04
g3264_II8529_C,sa0,,,1.2207031250e-04
g3238_II8529_D,sa0,,,1.2207031250e-04
g4549,sa0,16,1,1.2159347534e-04
II8642,sa0,,,1.2159347534e-04
g3430_II8642_A,sa0,,,1.2159347534e-04
g3398_II8642_B,sa0,,,1.2159347534e-04
g3359_II8642_C,sa0,,,1.2159347534e-04
g2106_II8642_D,sa0,,,1.2159347534e-04
II8643,sa0,,,1.2159347534e-04
g2074_II8643_A,sa0,,,1.2159347534e-04
g3287_II8643_B,sa0,,,1.2159347534e-04
g3264_II8643_C,sa0,,,1.2159347534e-04
g1987_II8643_D,sa0,,,1.2159347534e-04
g6259,sa0,6,1,1.0937500000e-01
g5448,sa1,1,1,5.0000000000e-01
g5137,sa0,,,5.0000000000e-01
II9539,sa1,,,5.0000000000e-01
g4018,sa0,,,5.0000000000e-01
II7775,sa1,,,5.0000000000e-01
g3705,sa0,,,5.0000000000e-01
II7204,sa1,,,5.0000000000e-01
g2520,sa0,,,5.0000000000e-01
g41,sa1,,,5.0000000000e-01
g6745,sa0,7,1,4.9609375000e-01
g1872_g6745_A,sa0,,,4.9609375000e-01
g6198_g6745_B,sa0,,,4.9609375000e-01
g6664,sa0,1,1,1.2500000000e-01
g8329,sa0,2,1,6.1035156250e-05
g527_g8329_A,sa0,,,6.1035156250e-05
g7966_g8329_B,sa0,,,6.1035156250e-05
g8275,sa0,2,1,6.1035156250e-05
g4581,sa0,,,6.1035156250e-05
g2921,sa1,,,6.1035156250e-05
g2312,sa0,,,6.1035156250e-05
II6093,sa1,,,6.1035156250e-05
g468_II6093_A,sa0,,,6.1035156250e-05
g7993_g8275_B,sa0,,,6.1035156250e-05
g8455,sa0,2,1,6.1035156250e-05
g652_g8455_A,sa0,,,6.1035156250e-05
g7793_g8455_B,sa0,,,6.1035156250e-05
g8626,sa0,2,1,6.1035156250e-05
g752,sa0,,,6.1035156250e-05
g8199_g8626_B,sa0,,,6.1035156250e-05
g8383,sa0,2,1,6.1035156250e-05
g730_g8383_A,sa0,,,6.1035156250e-05
g7937_g8383_B,sa0,,,6.1035156250e-05
g7870,sa0,16,1,1.2159347534e-04
II14270,sa1,,,1.2159347534e-04
g7703,sa0,,,1.2159347534e-04
g7367_g7703_A,sa0,,,1.2159347534e-04
g4504_g7703_B,sa0,,,1.2159347534e-04
g7905,sa1,30,0,1.4734091237e-03
II14279,sa0,,,1.4734091237e-03
g7700,sa1,,,1.4734091237e-03
g7951,sa0,9,1,1.2207031250e-04
II14288,sa1,,,1.2207031250e-04
g7705_II14288_A,sa0,,,1.2207031250e-04
g8464,sa0,16,1,1.2159347534e-04
g8039,sa1,,,1.2159347534e-04
g7696,sa0,,,1.2159347534e-04
g7367_g7696_A,sa0,,,1.2159347534e-04
g4469_g7696_B,sa0,,,1.2159347534e-04
g8806,sa0,30,0,7.5683593750e-03
g8716,sa0,2,1,6.1035156250e-05
g3506_g8716_A,sa0,,,6.1035156250e-05
g8443_g8716_B,sa0,,,6.1035156250e-05
g8293,sa0,2,1,6.1035156250e-05
g4510,sa0,,,6.1035156250e-05
g2840,sa1,,,6.1035156250e-05
g2207,sa0,,,6.1035156250e-05
II5920,sa1,,,6.1035156250e-05
g219_II5920_A,sa0,,,6.1035156250e-05
g7855_g8293_B,sa0,,,6.1035156250e-05
g8266,sa0,2,1,6.1035156250e-05
g2157_g8266_A,sa0,,,6.1035156250e-05
g8042_g8266_B,sa0,,,6.1035156250e-05
g8338,sa0,2,1,6.1035156250e-05
g570_g8338_A,sa0,,,6.1035156250e-05
g8181_g8338_B,sa0,,,6.1035156250e-05
g8257,sa0,2,1,6.1035156250e-05
g146_g8257_A,sa0,,,6.1035156250e-05
g8042_g8257_B,sa0,,,6.1035156250e-05
g8707,sa0,0,1,0.0000000000e+00
g8680,sa0,30,0,1.2268066406e-02
g8239,sa0,30,0,5.5480003357e-04
g8073,sa0,,,5.5480003357e-04
g8092,sa0,,,5.5480003357e-04
g1489,sa0,30,0,4.2572021484e-01
g1983,sa1,1,1,5.0000000000e-01
II5839,sa0,,,5.0000000000e-01
g1198,sa1,,,5.0000000000e-01
g2298,sa1,5,1,9.3750000000e-02
II6072,sa0,,,9.3750000000e-02
g1211_II6072_A,sa1,,,9.3750000000e-02
g2397,sa1,2,1,1.2792968750e-01
g1272_g2397_A,sa0,,,1.2792968750e-01
g1974,sa1,5,1,2.4218750000e-01
g803_g1974_A,sa0,,,2.4218750000e-01
g2497,sa0,3,1,5.0000000000e-01
g945_g2497_A,sa1,,,5.0000000000e-01
g2973,sa1,3,1,7.6292082667e-05
g1854,sa0,,,7.6292082667e-05
g773,sa1,,,7.6292082667e-05
g2982,sa1,3,1,7.6292082667e-05
g1848,sa0,,,7.6292082667e-05
g772,sa1,,,7.6292082667e-05
g2992,sa0,3,1,7.6292082667e-05
g1833,sa1,,,7.6292082667e-05
g770,sa0,,,7.6292082667e-05
g3549,sa1,3,1,6.5429687500e-02
g2404_g3549_A,sa0,,,6.5429687500e-02
g3666,sa1,4,1,1.2500000000e-01
g2134_g3666_A,sa0,,,1.2500000000e-01
g2487,sa1,30,0,2.7894973755e-05
II6323,sa0,,,2.7894973755e-05
g1342_II6323_A,sa1,,,2.7894973755e-05
g3883,sa0,14,1,4.3750000000e-01
g2276_g3883_A,sa0,,,4.3750000000e-01
g3188,sa0,,,4.3750000000e-01
g2298_g3188_A,sa0,,,4.3750000000e-01
g2316_g3188_B,sa0,,,4.3750000000e-01
g4288,sa0,2,1,1.9531250000e-03
g3563_g4288_A,sa0,,,1.9531250000e-03
g3579_g4288_B,sa0,,,1.9531250000e-03
g3603,sa0,,,1.9531250000e-03
g2092_g3603_A,sa1,,,1.9531250000e-03
II8240,sa0,,,1.9531250000e-03
g2298_II8240_A,sa0,,,1.9531250000e-03
g2316_II8240_B,sa0,,,1.9531250000e-03
g2334_II8240_C,sa0,,,1.9531250000e-03
g2354_II8240_D,sa0,,,1.9531250000e-03
g4269,sa1,30,0,1.1718750000e-01
g4287,sa1,30,0,5.8593750000e-02
g4963,sa0,12,1,2.9687500000e-01
g4328_g4963_A,sa1,,,2.9687500000e-01
g4729,sa0,30,0,8.9645385742e-03
g1504_g4729_A,sa0,,,8.9645385742e-03
g4059_g4729_B,sa0,,,8.9645385742e-03
g1938,sa1,11,1,1.2792968750e-01
g1288_g1938_A,sa0,,,1.2792968750e-01
g4836,sa1,2,1,1.9531250000e-03
g1929,sa1,1,1,5.0000000000e-01
g1224,sa0,,,5.0000000000e-01
g4954,sa0,30,0,4.2968750000e-02
g4319,sa0,,,4.2968750000e-02
g3728_g4319_A,sa0,,,4.2968750000e-02
g3694_g4319_B,sa0,,,4.2968750000e-02
g3750_g4319_C,sa0,,,4.2968750000e-02
II8296,sa0,,,4.2968750000e-02
g3666_II8296_A,sa0,,,4.2968750000e-02
g3684_II8296_B,sa0,,,4.2968750000e-02
g3707_II8296_C,sa0,,,4.2968750000e-02
g2460_g4954_B,sa0,,,4.2968750000e-02
g4881,sa1,4,1,7.8125000000e-03
g5484,sa1,30,0,2.9296875000e-02
g5467,sa0,2,1,5.0000000000e-01
g4891,sa1,,,5.0000000000e-01
g4076,sa0,,,5.0000000000e-01
II7859,sa1,,,5.0000000000e-01
g2804_II7859_A,sa0,,,5.0000000000e-01
g2595,sa1,1,1,5.0000000000e-01
g1643_g2595_A,sa0,,,5.0000000000e-01
g5565,sa1,4,1,2.4414062500e-04
g2389,sa0,1,1,5.0000000000e-01
g1230,sa1,,,5.0000000000e-01
g5476,sa0,2,1,5.0000000000e-01
g4907,sa1,,,5.0000000000e-01
g4087,sa0,,,5.0000000000e-01
II7882,sa1,,,5.0000000000e-01
g2700_II7882_A,sa0,,,5.0000000000e-01
g5493,sa1,2,1,5.0000000000e-01
g4920,sa0,,,5.0000000000e-01
g4105,sa1,,,5.0000000000e-01
II7928,sa0,,,5.0000000000e-01
g2873_II7928_A,sa1,,,5.0000000000e-01
g5466,sa1,2,1,5.0000000000e-01
g4890,sa0,,,5.0000000000e-01
g4075,sa1,,,5.0000000000e-01
II7856,sa0,,,5.0000000000e-01
g3805_II7856_A,sa1,,,5.0000000000e-01
g1758,sa1,5,1,5.0000000000e-01
g1084_g1758_A,sa0,,,5.0000000000e-01
g6187,sa0,30,0,1.1718750000e-01
g5633_g6187_A,sa0,,,1.1718750000e-01
g3735_g6187_B,sa0,,,1.1718750000e-01
g3716_g6187_C,sa0,,,1.1718750000e-01
g5971,sa0,1,1,5.0000000000e-01
II10587,sa1,,,5.0000000000e-01
g5439,sa0,,,5.0000000000e-01
g5058,sa1,,,5.0000000000e-01
II9416,sa0,,,5.0000000000e-01
g4273,sa1,,,5.0000000000e-01
II8215,sa0,,,5.0000000000e-01
g3577,sa1,,,5.0000000000e-01
g2372,sa0,,,5.0000000000e-01
II6214,sa1,,,5.0000000000e-01
g7,sa0,,,5.0000000000e-01
g6574,sa0,2,1,4.8828125000e-04
g1045_g6574_A,sa0,,,4.8828125000e-04
g5984_g6574_B,sa0,,,4.8828125000e-04
g6582,sa1,30,0,2.3681640625e-02
g6709,sa0,30,0,4.7851562500e-02
II12052,sa0,,,4.7851562500e-02
g5956_II12052_A,sa0,,,4.7851562500e-02
II12051_II12052_B,sa0,,,4.7851562500e-02
II12053,sa0,,,4.7851562500e-02
g5939_II12053_A,sa0,,,4.7851562500e-02
II12051_II12053_B,sa0,,,4.7851562500e-02
g6618,sa1,2,1,1.9531250000e-03
g6003,sa0,,,1.9531250000e-03
g3716_g6003_A,sa0,,,1.9531250000e-03
g5633_g6003_B,sa0,,,1.9531250000e-03
II10597,sa0,,,1.9531250000e-03
g3769,sa0,,,1.9531250000e-03
g2548_g3769_A,sa1,,,1.9531250000e-03
g3754_II10597_B,sa0,,,1.9531250000e-03
g3735_II10597_C,sa0,,,1.9531250000e-03
g3739,sa0,3,1,9.7656250000e-04
g2536_g3739_A,sa1,,,9.7656250000e-04
g3757,sa0,3,1,4.8828125000e-04
g1977_g3757_A,sa1,,,4.8828125000e-04
g7257,sa1,30,0,4.0039062500e-02
g7069,sa0,30,0,2.9296875000e-02
g5435,sa0,,,2.9296875000e-02
g5121,sa1,,,2.9296875000e-02
II9515,sa0,,,2.9296875000e-02
g4301,sa1,,,2.9296875000e-02
II8264,sa0,,,2.9296875000e-02
g3653,sa1,,,2.9296875000e-02
g2459,sa0,,,2.9296875000e-02
II6299,sa1,,,2.9296875000e-02
g47,sa0,,,2.9296875000e-02
g6680,sa0,,,2.9296875000e-02
g5403_g6680_A,sa0,,,2.9296875000e-02
g6252,sa0,,,2.9296875000e-02
g5418_g6252_A,sa1,,,2.9296875000e-02
g7429,sa0,2,1,6.1035156250e-05
g1057_g7429_A,sa0,,,6.1035156250e-05
g7212_g7429_B,sa0,,,6.1035156250e-05
g7654,sa0,2,1,1.2207031250e-04
g7367_g7654_A,sa0,,,1.2207031250e-04
g4142_g7654_B,sa0,,,1.2207031250e-04
g9148,sa0,30,0,7.0419311523e-01
g9165,sa1,30,0,1.0986328125e-03
g9159,sa1,,,1.0986328125e-03
g9023,sa1,,,1.0986328125e-03
g9174,sa1,30,0,1.1596679688e-03
g9147,sa1,,,1.1596679688e-03
g8963,sa1,,,1.1596679688e-03
g9192,sa1,30,0,2.5488519669e-01
II15888,sa1,30,0,7.1525573730e-06
II15897,sa1,30,0,7.1525573730e-06
g8635,sa0,30,0,2.5424194336e-01
g2057_II8015_B,sa1,10,1,9.3102455139e-05
g2106_II8045_D,sa1,0,1,0.0000000000e+00
g3316_II8053_A,sa1,14,1,1.8938779831e-03
g2106_II8063_D,sa1,24,1,2.0065298304e-03
g2106_II8108_D,sa1,2,1,1.2207031250e-04
g2137_II8114_C,sa1,30,0,1.5272796154e-03
g3341_II8412_D,sa1,14,1,1.0577589273e-04
g3316_II8413_A,sa1,14,1,1.0577589273e-04
g333_g4421_A,sa1,4,1,3.7500000000e-01
g2020_II8456_C,sa1,16,1,1.1392310262e-04
g3430_II8551_A,sa1,16,1,1.2159347534e-04
g126_g8300_A,sa1,2,1,6.1035156250e-05
g2712_II8225_B,sa0,1,1,3.9062500000e-03
g1160_II8363_C,sa0,1,1,1.5625000000e-02
g2052_II6815_A,sa1,1,1,6.2500000000e-02
g2161_II6940_A,sa1,0,1,0.0000000000e+00
g2404_II7138_A,sa1,1,1,6.2500000000e-02
g2331_II7157_A,sa1,1,1,2.5000000000e-01
g2525_II7422_A,sa1,30,0,2.8610229492e-05
g1701_II7445_A,sa1,30,0,4.5776367188e-04
g3802_II7503_B,sa1,30,0,2.8610229492e-05
g3231_II8164_B,sa1,0,1,0.0000000000e+00
g2038_II8502_B,sa1,2,1,2.3437500000e-02
g2517_II8510_A,sa1,30,0,7.1525573730e-06
g2007_II9181_B,sa1,5,1,2.4218750000e-01
g4231_II9181_A,sa1,1,1,7.8125000000e-03
g2180_II9233_B,sa1,4,1,1.8750000000e-01
g4305_II9241_B,sa1,1,1,3.1250000000e-02
II9999_II10000_B,sa1,6,1,2.4609375000e-01
g1894,sa1,1,1,5.0000000000e-01
II5772,sa0,,,5.0000000000e-01
g1240_II5772_A,sa1,,,5.0000000000e-01
g3829,sa1,1,1,5.0000000000e-01
II7290,sa0,,,5.0000000000e-01
g2936,sa1,,,5.0000000000e-01
II6680,sa0,,,5.0000000000e-01
g1558_II6680_A,sa1,,,5.0000000000e-01
g4657,sa1,30,0,3.6621093750e-03
II8886,sa0,,,3.6621093750e-03
g4308,sa1,,,3.6621093750e-03
II8277,sa0,,,3.6621093750e-03
g3504,sa1,,,3.6621093750e-03
g1375,sa1,,,3.6621093750e-03
g2229,sa1,,,3.6621093750e-03
g1371,sa1,,,3.6621093750e-03
g1372,sa1,,,3.6621093750e-03
g1373,sa1,,,3.6621093750e-03
g1374,sa1,,,3.6621093750e-03
g2213,sa1,,,3.6621093750e-03
g1367,sa1,,,3.6621093750e-03
g1368,sa1,,,3.6621093750e-03
g1369,sa1,,,3.6621093750e-03
g1370,sa1,,,3.6621093750e-03
g2206,sa1,,,3.6621093750e-03
g1363,sa1,,,3.6621093750e-03
g1364,sa1,,,3.6621093750e-03
g1365,sa1,,,3.6621093750e-03
g1366,sa1,,,3.6621093750e-03
g5684,sa0,1,1,5.0000000000e-01
II10183,sa1,,,5.0000000000e-01
g5129_II10183_A,sa0,,,5.0000000000e-01
g5729,sa0,1,1,5.0000000000e-01
g5144,sa1,,,5.0000000000e-01
II9558,sa0,,,5.0000000000e-01
g4597,sa1,,,5.0000000000e-01
II8706,sa0,,,5.0000000000e-01
g3828,sa1,,,5.0000000000e-01
II7287,sa0,,,5.0000000000e-01
g2561,sa1,,,5.0000000000e-01
g1555,sa0,,,5.0000000000e-01
II5428,sa1,,,5.0000000000e-01
g49_II5428_A,sa0,,,5.0000000000e-01
g6269,sa0,1,1,5.0000000000e-01
II11090,sa1,,,5.0000000000e-01
g1000_II11090_A,sa0,,,5.0000000000e-01
g7285,sa1,1,1,9.7656250000e-04
II13287,sa0,,,9.7656250000e-04
g7157,sa1,,,9.7656250000e-04
II13045,sa0,,,9.7656250000e-04
g6955,sa1,,,9.7656250000e-04
II12666,sa0,,,9.7656250000e-04
g6476,sa1,,,9.7656250000e-04
g7286,sa0,30,0,2.9296875000e-02
II13290,sa1,,,2.9296875000e-02
g7158,sa0,,,2.9296875000e-02
II13048,sa1,,,2.9296875000e-02
g6956,sa0,,,2.9296875000e-02
II12669,sa1,,,2.9296875000e-02
g6477,sa0,,,2.9296875000e-02
g5269_g6477_A,sa0,,,2.9296875000e-02
g5918_g6477_B,sa0,,,2.9296875000e-02
g7294,sa1,1,1,9.7656250000e-04
II13314,sa0,,,9.7656250000e-04
g7160,sa1,,,9.7656250000e-04
II13054,sa0,,,9.7656250000e-04
g6960,sa1,,,9.7656250000e-04
II12681,sa0,,,9.7656250000e-04
g6469,sa1,,,9.7656250000e-04
g7295,sa0,30,0,2.9296875000e-02
II13317,sa1,,,2.9296875000e-02
g7211,sa0,,,2.9296875000e-02
II13147,sa1,,,2.9296875000e-02
g7024,sa0,,,2.9296875000e-02
II12782,sa1,,,2.9296875000e-02
g6463,sa0,,,2.9296875000e-02
g5918_g6463_A,sa0,,,2.9296875000e-02
g5278_g6463_B,sa0,,,2.9296875000e-02
g7474,sa1,2,1,3.7500000000e-01
II13628,sa0,,,3.7500000000e-01
g7248_II13628_A,sa1,,,3.7500000000e-01
g8663,sa0,3,1,7.5000000000e-01
II14783,sa1,,,7.5000000000e-01
g8324,sa0,,,7.5000000000e-01
II14573,sa1,,,7.5000000000e-01
g8179,sa0,,,7.5000000000e-01
II14416,sa1,,,7.5000000000e-01
g7727,sa0,,,7.5000000000e-01
II14052,sa1,,,7.5000000000e-01
g7494,sa0,,,7.5000000000e-01
g7260,sa1,,,7.5000000000e-01
g7064,sa0,,,7.5000000000e-01
II12829,sa1,,,7.5000000000e-01
g6441_II12829_A,sa0,,,7.5000000000e-01
g6296,sa0,1,1,5.0000000000e-01
II11215,sa1,,,5.0000000000e-01
g6156,sa0,,,5.0000000000e-01
II10829,sa1,,,5.0000000000e-01
g5224_II10829_A,sa0,,,5.0000000000e-01
g6295,sa1,1,1,5.0000000000e-01
II11212,sa0,,,5.0000000000e-01
g6146,sa1,,,5.0000000000e-01
II10801,sa0,,,5.0000000000e-01
g5463_II10801_A,sa1,,,5.0000000000e-01
g8662,sa1,1,1,2.5000000000e-01
II14780,sa0,,,2.5000000000e-01
g8284,sa1,,,2.5000000000e-01
II14531,sa0,,,2.5000000000e-01
g8178,sa1,,,2.5000000000e-01
II14413,sa0,,,2.5000000000e-01
g7723,sa1,,,2.5000000000e-01
II14042,sa0,,,2.5000000000e-01
g7470,sa1,,,2.5000000000e-01
g7253,sa0,,,2.5000000000e-01
g7049,sa1,,,2.5000000000e-01
II12813,sa0,,,2.5000000000e-01
g6607_II12813_A,sa1,,,2.5000000000e-01
g9374,sa0,30,0,7.4945068359e-01
II16148,sa1,,,7.4945068359e-01
g9368,sa0,,,7.4945068359e-01
II16132,sa1,,,7.4945068359e-01
g9356,sa0,,,7.4945068359e-01
g9373,sa1,30,0,1.1596679688e-03
II16145,sa0,,,1.1596679688e-03
g9367,sa1,,,1.1596679688e-03
II16129,sa0,,,1.1596679688e-03
g9355,sa1,,,1.1596679688e-03
g9276,sa1,,,1.1596679688e-03
g9345,sa1,,,1.1596679688e-03
g6377,sa0,10,1,7.5000000000e-01
II11458,sa1,,,7.5000000000e-01
g6063,sa0,,,7.5000000000e-01
II10678,sa1,,,7.5000000000e-01
g5566,sa0,,,7.5000000000e-01
g2659,sa1,1,1,5.0000000000e-01
g1655_g2659_A,sa0,,,5.0000000000e-01
g6385,sa1,2,1,3.7500000000e-01
II11482,sa0,,,3.7500000000e-01
g6117,sa1,,,3.7500000000e-01
II10739,sa0,,,3.7500000000e-01
g5572,sa1,,,3.7500000000e-01
g5051,sa1,,,3.7500000000e-01
II9407,sa0,,,3.7500000000e-01
g4232_II9407_A,sa1,,,3.7500000000e-01
g1236_g5572_B,sa1,,,3.7500000000e-01
g6862,sa1,3,1,7.5000000000e-01
II12457,sa0,,,7.5000000000e-01
g6671,sa1,,,7.5000000000e-01
II11971,sa0,,,7.5000000000e-01
g6179,sa1,,,7.5000000000e-01
II10896,sa0,,,7.5000000000e-01
g5475,sa1,,,7.5000000000e-01
g6863,sa0,2,1,2.5000000000e-01
II12460,sa1,,,2.5000000000e-01
g6674,sa0,,,2.5000000000e-01
II11978,sa1,,,2.5000000000e-01
g6186,sa0,,,2.5000000000e-01
II10919,sa1,,,2.5000000000e-01
g5479,sa0,,,2.5000000000e-01
g5141,sa0,,,2.5000000000e-01
II9548,sa0,,,2.5000000000e-01
g1952_II9548_A,sa0,,,2.5000000000e-01
II9547_II9548_B,sa0,,,2.5000000000e-01
II9549,sa0,,,2.5000000000e-01
g4307_II9549_A,sa0,,,2.5000000000e-01
II9547_II9549_B,sa0,,,2.5000000000e-01
g5037,sa0,,,2.5000000000e-01
g4438_g5037_A,sa1,,,2.5000000000e-01
g7528,sa1,7,1,7.5000000000e-01
II13764,sa0,,,7.5000000000e-01
g7479,sa1,,,7.5000000000e-01
II13635,sa0,,,7.5000000000e-01
g7243,sa1,,,7.5000000000e-01
II13189,sa0,,,7.5000000000e-01
g7002,sa1,,,7.5000000000e-01
g7529,sa0,7,1,2.5000000000e-01
II13767,sa1,,,2.5000000000e-01
g7486,sa0,,,2.5000000000e-01
II13646,sa1,,,2.5000000000e-01
g7245,sa0,,,2.5000000000e-01
II13193,sa1,,,2.5000000000e-01
g7007,sa0,,,2.5000000000e-01
g6627,sa0,,,2.5000000000e-01
II11874,sa0,,,2.5000000000e-01
g2543_II11874_A,sa0,,,2.5000000000e-01
II11873_II11874_B,sa0,,,2.5000000000e-01
II11875,sa0,,,2.5000000000e-01
g6187_II11875_A,sa0,,,2.5000000000e-01
II11873_II11875_B,sa0,,,2.5000000000e-01
g5072,sa0,,,2.5000000000e-01
g4457_g5072_A,sa1,,,2.5000000000e-01
g6376,sa1,1,1,5.0000000000e-01
II11455,sa0,,,5.0000000000e-01
g6087,sa1,,,5.0000000000e-01
II10705,sa0,,,5.0000000000e-01
g5463_II10705_A,sa1,,,5.0000000000e-01
g5738,sa0,1,1,3.1250000000e-02
II10271,sa1,,,3.1250000000e-02
g5487,sa0,,,3.1250000000e-02
II9907,sa1,,,3.1250000000e-02
g4837,sa0,,,3.1250000000e-02
g2573_g4837_A,sa0,,,3.1250000000e-02
g2562_g4837_B,sa0,,,3.1250000000e-02
II9202,sa0,,,3.1250000000e-02
g2605_II9202_A,sa0,,,3.1250000000e-02
g4044_II9202_B,sa0,,,3.1250000000e-02
g2584_II9202_C,sa0,,,3.1250000000e-02
g5737,sa1,30,0,9.3750000000e-01
II10268,sa0,,,9.3750000000e-01
g5471,sa1,,,9.3750000000e-01
II9889,sa0,,,9.3750000000e-01
g4819,sa1,,,9.3750000000e-01
g6386,sa0,30,0,7.1525573730e-06
II11485,sa1,,,7.1525573730e-06
g6137,sa0,,,7.1525573730e-06
II10776,sa1,,,7.1525573730e-06
g5576,sa0,,,7.1525573730e-06
g4894,sa0,,,7.1525573730e-06
g4888,sa0,,,7.1525573730e-06
g4884,sa0,,,7.1525573730e-06
g6872,sa0,2,1,5.0000000000e-01
II12487,sa1,,,5.0000000000e-01
g6623,sa0,,,5.0000000000e-01
II11861,sa1,,,5.0000000000e-01
g5747,sa0,,,5.0000000000e-01
II10299,sa0,,,5.0000000000e-01
g5461_II10299_A,sa0,,,5.0000000000e-01
II10298_II10299_B,sa0,,,5.0000000000e-01
II10300,sa0,,,5.0000000000e-01
g2562_II10300_A,sa0,,,5.0000000000e-01
II10298_II10300_B,sa0,,,5.0000000000e-01
g6871,sa1,2,1,5.0000000000e-01
II12484,sa0,,,5.0000000000e-01
g6621,sa1,,,5.0000000000e-01
II11855,sa0,,,5.0000000000e-01
g5751,sa1,,,5.0000000000e-01
g4658,sa0,1,1,1.2207031250e-04
II8889,sa1,,,1.2207031250e-04
g4311,sa0,,,1.2207031250e-04
II8282,sa1,,,1.2207031250e-04
g3515,sa0,,,1.2207031250e-04
g6880,sa1,2,1,5.0000000000e-01
II12511,sa0,,,5.0000000000e-01
g6598,sa1,,,5.0000000000e-01
II11806,sa0,,,5.0000000000e-01
g6275,sa1,,,5.0000000000e-01
g6890,sa0,2,1,5.0000000000e-01
II12541,sa1,,,5.0000000000e-01
g6614,sa0,,,5.0000000000e-01
II11838,sa1,,,5.0000000000e-01
g6281,sa0,,,5.0000000000e-01
II11143,sa0,,,5.0000000000e-01
g5493_II11143_A,sa0,,,5.0000000000e-01
II11142_II11143_B,sa0,,,5.0000000000e-01
II11144,sa0,,,5.0000000000e-01
g3062_II11144_A,sa0,,,5.0000000000e-01
II11142_II11144_B,sa0,,,5.0000000000e-01
g6881,sa0,2,1,5.0000000000e-01
II12514,sa1,,,5.0000000000e-01
g6605,sa0,,,5.0000000000e-01
II11821,sa1,,,5.0000000000e-01
g6170,sa0,,,5.0000000000e-01
II10874,sa0,,,5.0000000000e-01
g5516_II10874_A,sa0,,,5.0000000000e-01
II10873_II10874_B,sa0,,,5.0000000000e-01
II10875,sa0,,,5.0000000000e-01
g2595_II10875_A,sa0,,,5.0000000000e-01
II10873_II10875_B,sa0,,,5.0000000000e-01
g5179,sa1,7,1,8.7500000000e-01
II9663,sa0,,,8.7500000000e-01
g4809,sa1,,,8.7500000000e-01
II9148,sa0,,,8.7500000000e-01
g4354,sa1,,,8.7500000000e-01
g1424_g4354_A,sa1,,,8.7500000000e-01
g3541,sa1,,,8.7500000000e-01
g1663,sa1,,,8.7500000000e-01
g1416_g1663_A,sa0,,,8.7500000000e-01
g1421_g3541_B,sa1,,,8.7500000000e-01
g4666,sa1,1,1,5.0000000000e-01
II8913,sa0,,,5.0000000000e-01
g4306,sa1,,,5.0000000000e-01
II8273,sa0,,,5.0000000000e-01
g2976_II8273_A,sa1,,,5.0000000000e-01
g7771,sa1,30,0,5.4687500000e-01
II14184,sa0,,,5.4687500000e-01
g7726,sa1,,,5.4687500000e-01
II14049,sa0,,,5.4687500000e-01
g7493,sa1,,,5.4687500000e-01
II13659,sa0,,,5.4687500000e-01
g7232,sa1,,,5.4687500000e-01
g7772,sa0,24,1,4.3750000000e-01
II14187,sa1,,,4.3750000000e-01
g7728,sa0,,,4.3750000000e-01
II14055,sa1,,,4.3750000000e-01
g7495,sa0,,,4.3750000000e-01
II13663,sa1,,,4.3750000000e-01
g7235,sa0,,,4.3750000000e-01
g6699,sa0,,,4.3750000000e-01
g7094,sa0,,,4.3750000000e-01
g6525_g7094_A,sa1,,,4.3750000000e-01
g8960,sa0,30,0,4.2440795898e-01
II15394,sa1,,,4.2440795898e-01
g8916,sa0,,,4.2440795898e-01
II15334,sa1,,,4.2440795898e-01
g8800,sa0,,,4.2440795898e-01
II15010,sa1,,,4.2440795898e-01
g8584,sa0,,,4.2440795898e-01
g8146,sa0,,,4.2440795898e-01
g7034,sa0,,,4.2440795898e-01
g6525_g7034_A,sa1,,,4.2440795898e-01
g7781,sa0,2,1,2.5000000000e-01
II14214,sa1,,,2.5000000000e-01
g7576,sa0,,,2.5000000000e-01
II13873,sa1,,,2.5000000000e-01
g7342,sa0,,,2.5000000000e-01
II13444,sa1,,,2.5000000000e-01
g7282,sa0,,,2.5000000000e-01
g5830,sa0,,,2.5000000000e-01
g6939,sa0,,,2.5000000000e-01
g6543_g6939_A,sa1,,,2.5000000000e-01
g7780,sa1,21,1,7.5000000000e-01
II14211,sa0,,,7.5000000000e-01
g7712,sa1,,,7.5000000000e-01
II14015,sa0,,,7.5000000000e-01
g7440,sa1,,,7.5000000000e-01
II13577,sa0,,,7.5000000000e-01
g7186,sa1,,,7.5000000000e-01
g4667,sa0,1,1,5.0000000000e-01
II8916,sa1,,,5.0000000000e-01
g4195,sa0,,,5.0000000000e-01
II8094,sa1,,,5.0000000000e-01
g2976_II8094_A,sa0,,,5.0000000000e-01
g5746,sa1,4,1,2.5000000000e-01
II10295,sa0,,,2.5000000000e-01
g5523,sa1,,,2.5000000000e-01
II9935,sa0,,,2.5000000000e-01
g4812,sa1,,,2.5000000000e-01
g2490_g4812_A,sa1,,,2.5000000000e-01
g4237,sa1,,,2.5000000000e-01
g8672,sa0,7,1,2.4804687500e-01
II14810,sa1,,,2.4804687500e-01
g8481,sa0,,,2.4804687500e-01
II14637,sa1,,,2.4804687500e-01
g8012,sa0,,,2.4804687500e-01
II14305,sa1,,,2.4804687500e-01
g7537,sa0,,,2.4804687500e-01
g7363,sa0,,,2.4804687500e-01
g7411,sa0,,,2.4804687500e-01
g7202_g7411_A,sa1,,,2.4804687500e-01
g8870,sa0,4,1,7.0312500000e-02
II15196,sa1,,,7.0312500000e-02
g8778,sa0,,,7.0312500000e-02
II14974,sa1,,,7.0312500000e-02
g8442,sa0,,,7.0312500000e-02
II14623,sa1,,,7.0312500000e-02
g7833,sa0,,,7.0312500000e-02
g6461,sa0,,,7.0312500000e-02
II11607,sa1,,,7.0312500000e-02
g5767,sa0,,,7.0312500000e-02
g5344,sa0,,,7.0312500000e-02
II9819,sa1,,,7.0312500000e-02
g4691,sa0,,,7.0312500000e-02
g4219,sa0,,,7.0312500000e-02
II8120,sa0,,,7.0312500000e-02
g1904_II8120_A,sa0,,,7.0312500000e-02
II8119_II8120_B,sa0,,,7.0312500000e-02
II8121,sa0,,,7.0312500000e-02
g3220_II8121_A,sa0,,,7.0312500000e-02
II8119_II8121_B,sa0,,,7.0312500000e-02
g1690_g4691_B,sa0,,,7.0312500000e-02
g3079,sa0,,,7.0312500000e-02
g1603_g3079_A,sa1,,,7.0312500000e-02
g7601,sa0,,,7.0312500000e-02
g7450_g7601_A,sa1,,,7.0312500000e-02
g6853,sa1,3,1,7.5000000000e-01
II12430,sa0,,,7.5000000000e-01
g6432,sa1,,,7.5000000000e-01
II11569,sa0,,,7.5000000000e-01
g6279,sa1,,,7.5000000000e-01
II11132,sa0,,,7.5000000000e-01
g5624,sa1,,,7.5000000000e-01
g6854,sa0,3,1,2.5000000000e-01
II12433,sa1,,,2.5000000000e-01
g6632,sa0,,,2.5000000000e-01
II11890,sa1,,,2.5000000000e-01
g6135,sa0,,,2.5000000000e-01
II10770,sa1,,,2.5000000000e-01
g5441,sa0,,,2.5000000000e-01
g4870,sa0,,,2.5000000000e-01
g3497,sa0,,,2.5000000000e-01
g2185_g3497_A,sa1,,,2.5000000000e-01
g7519,sa1,9,1,6.2500000000e-01
II13737,sa0,,,6.2500000000e-01
g7446,sa1,,,6.2500000000e-01
II13595,sa0,,,6.2500000000e-01
g7216,sa1,,,6.2500000000e-01
II13152,sa0,,,6.2500000000e-01
g6966,sa1,,,6.2500000000e-01
g6781,sa1,1,1,5.0000000000e-01
II12214,sa0,,,5.0000000000e-01
g6507,sa1,,,5.0000000000e-01
II11683,sa0,,,5.0000000000e-01
g5988_II11683_A,sa1,,,5.0000000000e-01
g7735,sa1,11,1,5.0000000000e-01
II14076,sa0,,,5.0000000000e-01
g7577,sa1,,,5.0000000000e-01
II13876,sa0,,,5.0000000000e-01
g7347,sa1,,,5.0000000000e-01
II13457,sa0,,,5.0000000000e-01
g7120,sa1,,,5.0000000000e-01
II12948,sa0,,,5.0000000000e-01
g6919,sa1,,,5.0000000000e-01
g6771,sa1,,,5.0000000000e-01
g6394,sa1,,,5.0000000000e-01
g7736,sa0,14,1,5.0000000000e-01
II14079,sa1,,,5.0000000000e-01
g7579,sa0,,,5.0000000000e-01
II13882,sa1,,,5.0000000000e-01
g7350,sa0,,,5.0000000000e-01
II13466,sa1,,,5.0000000000e-01
g7122,sa0,,,5.0000000000e-01
II12958,sa1,,,5.0000000000e-01
g6920,sa0,,,5.0000000000e-01
g6782,sa0,1,1,5.0000000000e-01
II12217,sa1,,,5.0000000000e-01
g6631,sa0,,,5.0000000000e-01
II11887,sa1,,,5.0000000000e-01
g5918_II11887_A,sa0,,,5.0000000000e-01
g6790,sa1,1,1,5.0000000000e-01
II12241,sa0,,,5.0000000000e-01
g6640,sa1,,,5.0000000000e-01
II11908,sa0,,,5.0000000000e-01
g5918_II11908_A,sa1,,,5.0000000000e-01
g6791,sa0,1,1,5.0000000000e-01
II12244,sa1,,,5.0000000000e-01
g6642,sa0,,,5.0000000000e-01
II11912,sa1,,,5.0000000000e-01
g5897_II11912_A,sa0,,,5.0000000000e-01
g9085,sa1,15,1,5.0000000000e-01
II15645,sa0,,,5.0000000000e-01
g9043,sa1,,,5.0000000000e-01
II15533,sa0,,,5.0000000000e-01
g9002,sa1,,,5.0000000000e-01
g8942,sa1,,,5.0000000000e-01
g8848,sa1,,,5.0000000000e-01
g9086,sa0,18,1,5.0000000000e-01
II15648,sa1,,,5.0000000000e-01
g9044,sa0,,,5.0000000000e-01
II15536,sa1,,,5.0000000000e-01
g9004,sa0,,,5.0000000000e-01
g3838,sa1,1,1,5.0000000000e-01
II7317,sa0,,,5.0000000000e-01
g2893,sa1,,,5.0000000000e-01
II6615,sa0,,,5.0000000000e-01
g1983_II6615_A,sa1,,,5.0000000000e-01
g9095,sa0,19,1,5.0000000000e-01
II15675,sa1,,,5.0000000000e-01
g9058,sa0,,,5.0000000000e-01
II15568,sa1,,,5.0000000000e-01
g8981,sa0,,,5.0000000000e-01
g9094,sa1,15,1,5.0000000000e-01
II15672,sa0,,,5.0000000000e-01
g9047,sa1,,,5.0000000000e-01
II15543,sa0,,,5.0000000000e-01
g9006,sa1,,,5.0000000000e-01
g8946,sa1,,,5.0000000000e-01
g8853,sa1,,,5.0000000000e-01
g6349,sa1,4,1,5.0000000000e-01
II11374,sa0,,,5.0000000000e-01
g5844,sa1,,,5.0000000000e-01
II10545,sa0,,,5.0000000000e-01
g5259,sa1,,,5.0000000000e-01
g5122,sa1,,,5.0000000000e-01
g4472,sa1,,,5.0000000000e-01
g4639,sa1,1,1,5.0000000000e-01
II8832,sa0,,,5.0000000000e-01
g3936,sa1,,,5.0000000000e-01
II7605,sa0,,,5.0000000000e-01
g2752_II7605_A,sa1,,,5.0000000000e-01
g6358,sa1,4,1,5.0000000000e-01
II11401,sa0,,,5.0000000000e-01
g5828,sa1,,,5.0000000000e-01
II10509,sa0,,,5.0000000000e-01
g5237,sa1,,,5.0000000000e-01
g5093,sa1,,,5.0000000000e-01
g4424,sa1,,,5.0000000000e-01
g4648,sa1,1,1,5.0000000000e-01
II8859,sa0,,,5.0000000000e-01
g3968,sa1,,,5.0000000000e-01
II7683,sa0,,,5.0000000000e-01
g2573_II7683_A,sa1,,,5.0000000000e-01
g6359,sa0,6,1,5.0000000000e-01
II11404,sa1,,,5.0000000000e-01
g5834,sa0,,,5.0000000000e-01
II10525,sa1,,,5.0000000000e-01
g5244,sa0,,,5.0000000000e-01
g4649,sa0,1,1,5.0000000000e-01
II8862,sa1,,,5.0000000000e-01
g3981,sa0,,,5.0000000000e-01
II7706,sa1,,,5.0000000000e-01
g2584_II7706_A,sa0,,,5.0000000000e-01
g3847,sa1,1,1,5.0000000000e-01
II7344,sa0,,,5.0000000000e-01
g2964,sa1,,,5.0000000000e-01
II6716,sa0,,,5.0000000000e-01
g1721_II6716_A,sa1,,,5.0000000000e-01
g3848,sa0,1,1,5.0000000000e-01
II7347,sa1,,,5.0000000000e-01
g2985,sa0,,,5.0000000000e-01
II6733,sa1,,,5.0000000000e-01
g1718_II6733_A,sa0,,,5.0000000000e-01
g6367,sa1,4,1,5.0000000000e-01
II11428,sa0,,,5.0000000000e-01
g5813,sa1,,,5.0000000000e-01
II10472,sa0,,,5.0000000000e-01
g5223,sa1,,,5.0000000000e-01
g5069,sa1,,,5.0000000000e-01
g4398,sa1,,,5.0000000000e-01
g6368,sa0,6,1,5.0000000000e-01
II11431,sa1,,,5.0000000000e-01
g5782,sa0,,,5.0000000000e-01
II10393,sa1,,,5.0000000000e-01
g5196,sa0,,,5.0000000000e-01
g6808,sa1,1,1,5.0000000000e-01
II12295,sa0,,,5.0000000000e-01
g6693,sa1,,,5.0000000000e-01
II12011,sa0,,,5.0000000000e-01
g5939_II12011_A,sa1,,,5.0000000000e-01
g6809,sa0,1,1,5.0000000000e-01
II12298,sa1,,,5.0000000000e-01
g6697,sa0,,,5.0000000000e-01
II12025,sa1,,,5.0000000000e-01
g5918_II12025_A,sa0,,,5.0000000000e-01
g6817,sa1,1,1,5.0000000000e-01
II12322,sa0,,,5.0000000000e-01
g6751,sa1,,,5.0000000000e-01
II12128,sa0,,,5.0000000000e-01
g5897_II12128_A,sa1,,,5.0000000000e-01
g6818,sa0,1,1,5.0000000000e-01
II12325,sa1,,,5.0000000000e-01
g6755,sa0,,,5.0000000000e-01
II12138,sa1,,,5.0000000000e-01
g5874_II12138_A,sa0,,,5.0000000000e-01
g6826,sa1,1,1,5.0000000000e-01
II12349,sa0,,,5.0000000000e-01
g6742,sa1,,,5.0000000000e-01
II12120,sa0,,,5.0000000000e-01
g5939_II12120_A,sa1,,,5.0000000000e-01
g6827,sa0,1,1,5.0000000000e-01
II12352,sa1,,,5.0000000000e-01
g6752,sa0,,,5.0000000000e-01
II12131,sa1,,,5.0000000000e-01
g5918_II12131_A,sa0,,,5.0000000000e-01
g7744,sa1,11,1,5.0000000000e-01
II14103,sa0,,,5.0000000000e-01
g7584,sa1,,,5.0000000000e-01
II13897,sa0,,,5.0000000000e-01
g7354,sa1,,,5.0000000000e-01
II13478,sa0,,,5.0000000000e-01
g7126,sa1,,,5.0000000000e-01
II12968,sa0,,,5.0000000000e-01
g6925,sa1,,,5.0000000000e-01
g6402,sa1,,,5.0000000000e-01
g6407,sa1,,,5.0000000000e-01
g7745,sa0,18,1,5.0000000000e-01
II14106,sa1,,,5.0000000000e-01
g7586,sa0,,,5.0000000000e-01
II13903,sa1,,,5.0000000000e-01
g7357,sa0,,,5.0000000000e-01
II13487,sa1,,,5.0000000000e-01
g7129,sa0,,,5.0000000000e-01
II12973,sa1,,,5.0000000000e-01
g6927,sa0,,,5.0000000000e-01
g7753,sa1,11,1,5.0000000000e-01
II14130,sa0,,,5.0000000000e-01
g7592,sa1,,,5.0000000000e-01
II13921,sa0,,,5.0000000000e-01
g7362,sa1,,,5.0000000000e-01
II13502,sa0,,,5.0000000000e-01
g7135,sa1,,,5.0000000000e-01
II12989,sa0,,,5.0000000000e-01
g6932,sa1,,,5.0000000000e-01
g6417,sa1,,,5.0000000000e-01
g6423,sa1,,,5.0000000000e-01
g7754,sa0,18,1,5.0000000000e-01
II14133,sa1,,,5.0000000000e-01
g7574,sa0,,,5.0000000000e-01
II13869,sa1,,,5.0000000000e-01
g7338,sa0,,,5.0000000000e-01
II13432,sa1,,,5.0000000000e-01
g7280,sa0,,,5.0000000000e-01
II13274,sa1,,,5.0000000000e-01
g6917,sa0,,,5.0000000000e-01
g6835,sa1,1,1,5.0000000000e-01
II12376,sa0,,,5.0000000000e-01
g6766,sa1,,,5.0000000000e-01
II12167,sa0,,,5.0000000000e-01
g5939_II12167_A,sa1,,,5.0000000000e-01
g6836,sa0,1,1,5.0000000000e-01
II12379,sa1,,,5.0000000000e-01
g6768,sa0,,,5.0000000000e-01
II12173,sa1,,,5.0000000000e-01
g5918_II12173_A,sa0,,,5.0000000000e-01
g6844,sa1,1,1,5.0000000000e-01
II12403,sa0,,,5.0000000000e-01
g6769,sa1,,,5.0000000000e-01
II12176,sa0,,,5.0000000000e-01
g5939_II12176_A,sa1,,,5.0000000000e-01
g6845,sa0,1,1,5.0000000000e-01
II12406,sa1,,,5.0000000000e-01
g6773,sa0,,,5.0000000000e-01
II12190,sa1,,,5.0000000000e-01
g5918_II12190_A,sa0,,,5.0000000000e-01
g7762,sa1,10,1,5.0000000000e-01
II14157,sa0,,,5.0000000000e-01
g7547,sa1,,,5.0000000000e-01
II13825,sa0,,,5.0000000000e-01
g7318,sa1,,,5.0000000000e-01
g7185,sa1,,,5.0000000000e-01
II13099,sa0,,,5.0000000000e-01
g7054,sa1,,,5.0000000000e-01
g6511_g7054_A,sa0,,,5.0000000000e-01
g6979,sa1,,,5.0000000000e-01
g7763,sa0,6,1,5.0000000000e-01
II14160,sa1,,,5.0000000000e-01
g7549,sa0,,,5.0000000000e-01
II13831,sa1,,,5.0000000000e-01
g7322,sa0,,,5.0000000000e-01
g3857,sa0,1,1,5.0000000000e-01
II7374,sa1,,,5.0000000000e-01
g3084,sa0,,,5.0000000000e-01
II6820,sa1,,,5.0000000000e-01
g1707,sa0,,,5.0000000000e-01
g955_g1707_A,sa1,,,5.0000000000e-01
g8671,sa1,4,1,5.0000000000e-01
II14807,sa0,,,5.0000000000e-01
g8603,sa1,,,5.0000000000e-01
II14674,sa0,,,5.0000000000e-01
g7788,sa1,,,5.0000000000e-01
g4794,sa1,,,5.0000000000e-01
g7604,sa1,,,5.0000000000e-01
g3856,sa1,1,1,5.0000000000e-01
II7371,sa0,,,5.0000000000e-01
g3050,sa1,,,5.0000000000e-01
II6788,sa0,,,5.0000000000e-01
g1681,sa1,,,5.0000000000e-01
g929_g1681_A,sa0,,,5.0000000000e-01
g1877,sa0,16,1,2.4902343750e-01
g595,sa1,,,2.4902343750e-01
g1867,sa1,1,1,2.5000000000e-01
g878_g1867_A,sa0,,,2.5000000000e-01
g3587,sa0,3,1,3.7500000000e-01
g1964_g3587_A,sa1,,,3.7500000000e-01
g4477,sa1,15,1,4.6875000000e-01
II8517,sa0,,,4.6875000000e-01
g3014_II8517_A,sa1,,,4.6875000000e-01
g4873,sa1,1,1,5.0000000000e-01
II9217,sa0,,,5.0000000000e-01
g4443,sa1,,,5.0000000000e-01
II8449,sa0,,,5.0000000000e-01
g3630,sa1,,,5.0000000000e-01
II7095,sa0,,,5.0000000000e-01
g2539,sa1,,,5.0000000000e-01
II6363,sa0,,,5.0000000000e-01
g16_II6363_A,sa1,,,5.0000000000e-01
g5674,sa1,1,1,5.0000000000e-01
g5042,sa0,,,5.0000000000e-01
II9396,sa1,,,5.0000000000e-01
g3908,sa0,,,5.0000000000e-01
II7517,sa1,,,5.0000000000e-01
g3578,sa0,,,5.0000000000e-01
II7053,sa1,,,5.0000000000e-01
g2452,sa0,,,5.0000000000e-01
g23,sa1,,,5.0000000000e-01
g5719,sa1,1,1,5.0000000000e-01
II10236,sa0,,,5.0000000000e-01
g5014,sa1,,,5.0000000000e-01
II9344,sa0,,,5.0000000000e-01
g4341,sa1,,,5.0000000000e-01
II8308,sa0,,,5.0000000000e-01
g3674,sa1,,,5.0000000000e-01
II7164,sa0,,,5.0000000000e-01
g2157_II7164_A,sa1,,,5.0000000000e-01
g5693,sa0,1,1,5.0000000000e-01
II10204,sa1,,,5.0000000000e-01
g5060,sa0,,,5.0000000000e-01
II9422,sa1,,,5.0000000000e-01
g4360,sa0,,,5.0000000000e-01
II8333,sa1,,,5.0000000000e-01
g3721,sa0,,,5.0000000000e-01
II7211,sa1,,,5.0000000000e-01
g1742,sa0,,,5.0000000000e-01
g1486_g1742_A,sa1,,,5.0000000000e-01
g2794,sa1,2,1,2.5000000000e-01
g2185_g2794_A,sa0,,,2.5000000000e-01
g6449,sa0,0,1,0.0000000000e+00
II11596,sa1,,,0.0000000000e+00
g6228,sa0,,,0.0000000000e+00
II11021,sa1,,,0.0000000000e+00
g5627,sa0,,,0.0000000000e+00
g4673_g5627_A,sa1,,,0.0000000000e+00
g5836,sa1,2,1,1.2548828125e-01
g5529_g5836_A,sa0,,,1.2548828125e-01
g5269,sa1,30,0,1.3122558594e-02
II9791,sa0,,,1.3122558594e-02
g4779,sa1,,,1.3122558594e-02
g6098,sa0,9,1,4.9853515625e-01
g5681,sa0,,,4.9853515625e-01
g5132_g5681_A,sa0,,,4.9853515625e-01
g2043,sa0,,,4.9853515625e-01
g1247_g6098_B,sa0,,,4.9853515625e-01
g5278,sa1,30,0,2.0996093750e-02
II9794,sa0,,,2.0996093750e-02
g4778,sa1,,,2.0996093750e-02
g5197,sa1,5,1,1.2500000000e-01
g4938_g5197_A,sa0,,,1.2500000000e-01
g7178,sa0,2,1,5.0781250000e-01
II13088,sa1,,,5.0781250000e-01
g7045,sa0,,,5.0781250000e-01
g6490_g7045_A,sa1,,,5.0781250000e-01
g7187,sa0,8,1,5.0781250000e-01
II13103,sa1,,,5.0781250000e-01
g7055,sa0,,,5.0781250000e-01
g6517_g7055_A,sa1,,,5.0781250000e-01
g7196,sa0,1,1,1.5625000000e-02
II13122,sa1,,,1.5625000000e-02
g7070,sa0,,,1.5625000000e-02
g6562_g7070_A,sa1,,,1.5625000000e-02
g1597,sa1,1,1,1.9531250000e-03
g973_g1597_A,sa0,,,1.9531250000e-03
g3649,sa1,10,1,1.2500000000e-01
g2424_g3649_A,sa0,,,1.2500000000e-01
g4199,sa0,1,1,2.5000000000e-01
g93,sa0,,,2.5000000000e-01
g2769,sa0,,,2.5000000000e-01
g2424_g2769_A,sa1,,,2.5000000000e-01
g2677,sa1,20,1,5.4931640625e-04
g1664,sa0,,,5.4931640625e-04
g1462_g1664_A,sa1,,,5.4931640625e-04
g2686,sa1,8,1,5.4931640625e-04
g1667_g2686_A,sa0,,,5.4931640625e-04
g2695,sa1,8,1,5.4931640625e-04
g1672,sa0,,,5.4931640625e-04
g1499_g1672_A,sa1,,,5.4931640625e-04
g3568,sa1,3,1,3.4179687500e-02
g1935_g3568_A,sa0,,,3.4179687500e-02
g3694,sa1,4,1,3.1250000000e-02
g2174_g3694_A,sa0,,,3.1250000000e-02
g4379,sa0,4,1,3.7500000000e-01
g399_g4379_A,sa0,,,3.7500000000e-01
g3160_g4379_B,sa0,,,3.7500000000e-01
g4388,sa0,4,1,3.7500000000e-01
g402_g4388_A,sa0,,,3.7500000000e-01
g3160_g4388_B,sa0,,,3.7500000000e-01
g4397,sa0,4,1,3.7500000000e-01
g483_g4397_A,sa0,,,3.7500000000e-01
g3192_g4397_B,sa0,,,3.7500000000e-01
g3398,sa0,30,0,1.0063648224e-03
II6952,sa1,,,1.0063648224e-03
g1896,sa0,,,1.0063648224e-03
g86_g1896_A,sa1,,,1.0063648224e-03
g1678,sa1,6,1,1.2109375000e-01
g2668,sa1,1,1,1.2500000000e-01
g1662,sa0,,,1.2500000000e-01
g1412_g1662_A,sa1,,,1.2500000000e-01
g3659,sa0,1,1,5.0000000000e-01
g2293,sa1,,,5.0000000000e-01
g888,sa0,,,5.0000000000e-01
g4937,sa0,19,1,4.8437500000e-01
g3086_g4937_A,sa0,,,4.8437500000e-01
g4309,sa0,,,4.8437500000e-01
g3002_g4309_A,sa0,,,4.8437500000e-01
g3124_g4309_B,sa0,,,4.8437500000e-01
g3659_g4309_C,sa0,,,4.8437500000e-01
g4955,sa0,2,1,1.2500000000e-01
g215,sa0,,,1.2500000000e-01
g3891,sa0,,,1.2500000000e-01
g3097_g3891_A,sa1,,,1.2500000000e-01
g3892,sa1,3,1,1.8750000000e-01
g3131_g3892_A,sa0,,,1.8750000000e-01
g3928,sa1,3,1,1.8750000000e-01
g3097_g3928_A,sa0,,,1.8750000000e-01
g3937,sa1,3,1,1.8750000000e-01
g2845_g3937_A,sa0,,,1.8750000000e-01
g3946,sa1,3,1,1.8750000000e-01
g3097_g3946_A,sa0,,,1.8750000000e-01
g3964,sa1,3,1,1.8750000000e-01
g3160_g3964_A,sa0,,,1.8750000000e-01
g3973,sa1,3,1,1.8750000000e-01
g3097_g3973_A,sa0,,,1.8750000000e-01
g3982,sa1,3,1,1.8750000000e-01
g3192_g3982_A,sa0,,,1.8750000000e-01
g3991,sa1,3,1,1.8750000000e-01
g3160_g3991_A,sa0,,,1.8750000000e-01
g5548,sa1,30,0,9.1796875000e-02
g1759,sa1,30,0,1.7864990234e-01
g5765,sa0,1,1,7.8125000000e-03
g1695_g5765_A,sa0,,,7.8125000000e-03
g5428_g5765_B,sa0,,,7.8125000000e-03
g5783,sa0,1,1,7.8125000000e-03
g1897,sa0,,,7.8125000000e-03
g789_g1897_A,sa1,,,7.8125000000e-03
g5287_g5783_B,sa0,,,7.8125000000e-03
g5287,sa1,30,0,2.3437500000e-01
g5395,sa1,9,1,1.1718750000e-01
II9840,sa0,,,1.1718750000e-01
g4702,sa1,,,1.1718750000e-01
g5539,sa1,4,1,1.2500000000e-01
g5557,sa1,8,1,1.2500000000e-01
g5575,sa1,12,1,2.5000000000e-01
g5584,sa1,8,1,2.8991699219e-04
g4841_g5584_A,sa0,,,2.8991699219e-04
g1849,sa1,2,1,2.5000000000e-01
II5732,sa0,,,2.5000000000e-01
g859_II5732_A,sa1,,,2.5000000000e-01
g4927,sa1,6,1,2.7450561523e-02
g4318,sa1,,,2.7450561523e-02
g3681_g4318_A,sa1,,,2.7450561523e-02
g1590_g4318_B,sa1,,,2.7450561523e-02
g1590_g4927_B,sa1,,,2.7450561523e-02
g6395,sa0,18,1,4.9902343750e-01
g2157_g6395_A,sa0,,,4.9902343750e-01
g6007,sa0,,,4.9902343750e-01
g5494_g6007_A,sa1,,,4.9902343750e-01
g6178,sa1,13,1,2.4996948242e-01
g6638,sa0,18,1,4.9902343750e-01
g174_g6638_A,sa0,,,4.9902343750e-01
g5755,sa0,,,4.9902343750e-01
g5494_g5755_A,sa1,,,4.9902343750e-01
g5755,sa1,1,1,4.8828125000e-04
g5494_g5755_A,sa0,,,4.8828125000e-04
g5494,sa1,30,0,7.7431499958e-03
II9918,sa0,,,7.7431499958e-03
g4968,sa1,,,7.7431499958e-03
g6908,sa0,2,1,9.7656250000e-04
g6478_g6908_A,sa0,,,9.7656250000e-04
g5246_g6908_B,sa0,,,9.7656250000e-04
g6493,sa1,5,1,1.2577819824e-01
II11659,sa0,,,1.2577819824e-01
g5897_II11659_A,sa1,,,1.2577819824e-01
g6538,sa1,2,1,2.5000000000e-01
II11714,sa0,,,2.5000000000e-01
g5772_II11714_A,sa1,,,2.5000000000e-01
g3658,sa1,6,1,2.5000000000e-01
g6556,sa1,0,1,0.0000000000e+00
II11732,sa0,,,0.0000000000e+00
g6076_II11732_A,sa1,,,0.0000000000e+00
g6673,sa1,7,1,2.5000000000e-01
g4053,sa1,,,2.5000000000e-01
g5937,sa1,,,2.5000000000e-01
g6466,sa1,30,0,6.1523437500e-02
g7079,sa0,2,1,3.7500000000e-01
g4259_g7079_A,sa0,,,3.7500000000e-01
g6677_g7079_B,sa0,,,3.7500000000e-01
g4793,sa0,8,1,1.2500000000e-01
g3887,sa0,,,1.2500000000e-01
II7429,sa0,,,1.2500000000e-01
g3222_II7429_A,sa0,,,1.2500000000e-01
II7428_II7429_B,sa0,,,1.2500000000e-01
II7430,sa0,,,1.2500000000e-01
g1541_II7430_A,sa0,,,1.2500000000e-01
II7428_II7430_B,sa0,,,1.2500000000e-01
g4202_g4793_B,sa0,,,1.2500000000e-01
g5585,sa0,30,0,1.7892456055e-01
g4741,sa0,,,1.7892456055e-01
II9058,sa0,,,1.7892456055e-01
g4059_II9058_A,sa0,,,1.7892456055e-01
II9057_II9058_B,sa0,,,1.7892456055e-01
II9059,sa0,,,1.7892456055e-01
g1504_II9059_A,sa0,,,1.7892456055e-01
II9057_II9059_B,sa0,,,1.7892456055e-01
g4841_g5585_B,sa0,,,1.7892456055e-01
g6629,sa0,30,0,1.0681152344e-01
g6023,sa0,,,1.0681152344e-01
II10626,sa0,,,1.0681152344e-01
g5314_II10626_A,sa0,,,1.0681152344e-01
II10625_II10626_B,sa0,,,1.0681152344e-01
II10627,sa0,,,1.0681152344e-01
g1514_II10627_A,sa0,,,1.0681152344e-01
II10625_II10627_B,sa0,,,1.0681152344e-01
g4841_g6629_B,sa0,,,1.0681152344e-01
g6971,sa0,8,1,6.2500000000e-02
g6424,sa0,,,6.2500000000e-02
II11550,sa0,,,6.2500000000e-02
g5984_II11550_A,sa0,,,6.2500000000e-02
II11549_II11550_B,sa0,,,6.2500000000e-02
II11551,sa0,,,6.2500000000e-02
g1045_II11551_A,sa0,,,6.2500000000e-02
II11549_II11551_B,sa0,,,6.2500000000e-02
g4969_g6971_B,sa0,,,6.2500000000e-02
g7367,sa0,30,0,4.8398971558e-04
II13515,sa1,,,4.8398971558e-04
g7152_II13515_A,sa0,,,4.8398971558e-04
g7447,sa1,11,1,2.5000000000e-01
g7483,sa1,4,1,1.2504577637e-01
g7226,sa0,,,1.2504577637e-01
g6937,sa1,,,1.2504577637e-01
II12632,sa0,,,1.2504577637e-01
g6514,sa1,,,1.2504577637e-01
II11696,sa0,,,1.2504577637e-01
g5971_II11696_A,sa1,,,1.2504577637e-01
g7456,sa1,4,1,1.2504577637e-01
g7174,sa0,,,1.2504577637e-01
g7097,sa1,,,1.2504577637e-01
II12881,sa0,,,1.2504577637e-01
g6478_II12881_A,sa1,,,1.2504577637e-01
g7690,sa1,11,1,2.5000000000e-01
g4181,sa1,,,2.5000000000e-01
g7417,sa1,,,2.5000000000e-01
g8645,sa0,26,1,4.9993896484e-01
g550_g8645_A,sa0,,,4.9993896484e-01
g8094_g8645_B,sa0,,,4.9993896484e-01
g8654,sa0,26,1,4.9993896484e-01
g570_g8654_A,sa0,,,4.9993896484e-01
g8094_g8654_B,sa0,,,4.9993896484e-01
g3488,sa0,2,1,5.0000000000e-01
g1727,sa1,,,5.0000000000e-01
g596,sa0,,,5.0000000000e-01
g3784,sa1,2,1,5.0000000000e-01
g1768,sa0,,,5.0000000000e-01
g605,sa1,,,5.0000000000e-01
g2795,sa0,2,1,5.0000000000e-01
g1801,sa1,,,5.0000000000e-01
g618,sa0,,,5.0000000000e-01
g8816,sa0,26,1,4.9993896484e-01
g336_g8816_A,sa0,,,4.9993896484e-01
g8545_g8816_B,sa0,,,4.9993896484e-01
g8482,sa1,30,0,9.1552734375e-04
g8094_g8482_A,sa0,,,9.1552734375e-04
g8825,sa0,26,1,4.9993896484e-01
g342_g8825_A,sa0,,,4.9993896484e-01
g8545_g8825_B,sa0,,,4.9993896484e-01
g8581,sa1,30,0,9.1552734375e-04
g8094_g8581_A,sa0,,,9.1552734375e-04
g8843,sa0,26,1,4.9993896484e-01
g507_g8843_A,sa0,,,4.9993896484e-01
g8585_g8843_B,sa0,,,4.9993896484e-01
g8852,sa0,26,1,4.9993896484e-01
g362_g8852_A,sa0,,,4.9993896484e-01
g8545_g8852_B,sa0,,,4.9993896484e-01
g8545,sa1,16,1,1.2159347534e-04
g7905_g8545_A,sa0,,,1.2159347534e-04
g8564,sa0,30,0,7.6103210449e-04
g7951_g8564_A,sa1,,,7.6103210449e-04
g8609,sa0,13,1,6.2500000000e-02
g7828,sa0,,,6.2500000000e-02
II14245,sa0,,,6.2500000000e-02
g7683_II14245_A,sa0,,,6.2500000000e-02
II14244_II14245_B,sa0,,,6.2500000000e-02
II14246,sa0,,,6.2500000000e-02
g1065_II14246_A,sa0,,,6.2500000000e-02
II14244_II14246_B,sa0,,,6.2500000000e-02
g4969_g8609_B,sa0,,,6.2500000000e-02
g8078,sa0,2,1,6.1035156250e-05
g7463_g8078_A,sa0,,,6.1035156250e-05
g7634_g8078_B,sa0,,,6.1035156250e-05
g8069,sa0,2,1,6.1035156250e-05
g7456_g8069_A,sa0,,,6.1035156250e-05
g7634_g8069_B,sa0,,,6.1035156250e-05
g8743,sa1,30,0,9.1552734375e-04
g8524_g8743_A,sa0,,,9.1552734375e-04
g4567,sa1,2,1,6.1035156250e-05
g2903,sa0,,,6.1035156250e-05
g2286,sa1,,,6.1035156250e-05
II6042,sa0,,,6.1035156250e-05
g237_II6042_A,sa1,,,6.1035156250e-05
g8924,sa0,2,1,6.1035156250e-05
g4588,sa0,,,6.1035156250e-05
g2929,sa1,,,6.1035156250e-05
g2327,sa0,,,6.1035156250e-05
II6124,sa1,,,6.1035156250e-05
g399_II6124_A,sa0,,,6.1035156250e-05
g8752,sa0,,,6.1035156250e-05
g8564_g8752_A,sa1,,,6.1035156250e-05
g8752,sa1,30,0,9.1552734375e-04
g8564_g8752_A,sa0,,,9.1552734375e-04
g4594,sa1,2,1,6.1035156250e-05
g2941,sa0,,,6.1035156250e-05
g2349,sa1,,,6.1035156250e-05
II6163,sa0,,,6.1035156250e-05
g402_II6163_A,sa1,,,6.1035156250e-05
g3865,sa1,2,1,6.1035156250e-05
g2944,sa0,,,6.1035156250e-05
g2363,sa1,,,6.1035156250e-05
II6189,sa0,,,6.1035156250e-05
g249_II6189_A,sa1,,,6.1035156250e-05
g8761,sa1,30,0,9.1552734375e-04
g8564_g8761_A,sa0,,,9.1552734375e-04
g8933,sa0,2,1,6.1035156250e-05
g4511,sa0,,,6.1035156250e-05
g2841,sa1,,,6.1035156250e-05
g2208,sa0,,,6.1035156250e-05
II5923,sa1,,,6.1035156250e-05
g252_II5923_A,sa0,,,6.1035156250e-05
g8765,sa0,,,6.1035156250e-05
g8524_g8765_A,sa1,,,6.1035156250e-05
g3874,sa1,2,1,6.1035156250e-05
g2957,sa0,,,6.1035156250e-05
g2376,sa1,,,6.1035156250e-05
II6226,sa0,,,6.1035156250e-05
g408_II6226_A,sa1,,,6.1035156250e-05
g8770,sa1,30,0,9.1552734375e-04
g8545_g8770_A,sa0,,,9.1552734375e-04
g8942,sa0,2,1,6.1035156250e-05
g4522,sa0,,,6.1035156250e-05
g2867,sa1,,,6.1035156250e-05
g2222,sa0,,,6.1035156250e-05
II5939,sa1,,,6.1035156250e-05
g275_II5939_A,sa0,,,6.1035156250e-05
g8780,sa0,,,6.1035156250e-05
g8524_g8780_A,sa1,,,6.1035156250e-05
g4558,sa1,2,1,6.1035156250e-05
g2897,sa0,,,6.1035156250e-05
g2270,sa1,,,6.1035156250e-05
II6015,sa0,,,6.1035156250e-05
g437_II6015_A,sa1,,,6.1035156250e-05
g6097,sa1,20,1,9.1552734375e-04
g5345_g6097_A,sa0,,,9.1552734375e-04
g8087,sa0,2,1,6.1035156250e-05
g7471_g8087_A,sa0,,,6.1035156250e-05
g7634_g8087_B,sa0,,,6.1035156250e-05
g8905,sa1,12,1,6.1035156250e-04
g8089,sa1,,,6.1035156250e-04
g8087,sa1,,,6.1035156250e-04
g8694,sa1,,,6.1035156250e-04
g7658_g8694_A,sa1,,,6.1035156250e-04
g8613_g8694_B,sa1,,,6.1035156250e-04
g7634_g8694_C,sa1,,,6.1035156250e-04
g8735,sa0,2,1,6.1035156250e-05
g2807_g8735_A,sa0,,,6.1035156250e-05
g8443_g8735_B,sa0,,,6.1035156250e-05
g8915,sa0,6,1,1.8310546875e-04
g8794,sa0,,,1.8310546875e-04
g8239_g8915_B,sa0,,,1.8310546875e-04
g8744,sa0,2,1,6.1035156250e-05
g3802_g8744_A,sa0,,,6.1035156250e-05
g8464_g8744_B,sa0,,,6.1035156250e-05
g9049,sa1,20,1,9.7656250000e-04
g8732,sa1,,,9.7656250000e-04
g8737,sa1,,,9.7656250000e-04
g9015,sa1,,,9.7656250000e-04
g8861,sa1,,,9.7656250000e-04
g8493_g8861_A,sa1,,,9.7656250000e-04
g8239_g8861_B,sa1,,,9.7656250000e-04
II15169,sa1,,,9.7656250000e-04
g8483_II15169_A,sa1,,,9.7656250000e-04
g8464_II15169_B,sa1,,,9.7656250000e-04
g8514_II15169_C,sa1,,,9.7656250000e-04
g8951,sa0,30,0,8.1738281250e-01
g8785,sa0,,,8.1738281250e-01
g6072,sa0,,,8.1738281250e-01
g5345_g6072_A,sa1,,,8.1738281250e-01
g9158,sa0,30,0,8.1753540039e-01
g9137,sa0,,,8.1753540039e-01
g6070,sa0,,,8.1753540039e-01
g5317_g6070_A,sa1,,,8.1753540039e-01
g9139,sa1,30,0,1.4953613281e-03
g8879,sa1,,,1.4953613281e-03
g9120,sa1,,,1.4953613281e-03
g5639,sa0,30,0,1.1596679688e-03
g4748_g5639_A,sa1,,,1.1596679688e-03
g9275,sa0,30,0,3.7719726563e-01
g9241_g9275_A,sa0,,,3.7719726563e-01
g5645_g9275_B,sa0,,,3.7719726563e-01
g9248,sa0,30,0,6.9226074219e-01
II15978,sa1,,,6.9226074219e-01
g9235,sa0,,,6.9226074219e-01
II15959,sa1,,,6.9226074219e-01
g9217,sa0,,,6.9226074219e-01
II15927,sa1,,,6.9226074219e-01
g9208,sa0,,,6.9226074219e-01
g9198,sa1,,,6.9226074219e-01
g9187,sa0,,,6.9226074219e-01
II15839,sa1,,,6.9226074219e-01
g9168_II15839_A,sa0,,,6.9226074219e-01
g5665,sa1,0,1,0.0000000000e+00
g4748_g5665_A,sa0,,,0.0000000000e+00
g9328,sa1,30,0,2.4615478516e-01
g9347,sa0,30,0,3.7719726563e-01
g9332,sa0,,,3.7719726563e-01
g9322,sa1,,,3.7719726563e-01
g9313,sa0,,,3.7719726563e-01
II16055,sa1,,,3.7719726563e-01
g9291_II16055_A,sa0,,,3.7719726563e-01
g6226,sa0,,,3.7719726563e-01
g5658_g6226_A,sa1,,,3.7719726563e-01
g4748,sa0,30,0,4.6305656433e-03
g4465,sa1,,,4.6305656433e-03
g3677,sa0,,,4.6305656433e-03
g2485,sa1,,,4.6305656433e-03
g62_g2485_A,sa0,,,4.6305656433e-03
g5917,sa1,30,0,4.9173831940e-04
g5412_g5917_A,sa0,,,4.9173831940e-04
g4486,sa1,30,0,2.5104498863e-01
g4469,sa0,16,1,1.2159347534e-04
II8495,sa0,,,1.2159347534e-04
g3430_II8495_A,sa0,,,1.2159347534e-04
g3398_II8495_B,sa0,,,1.2159347534e-04
g3359_II8495_C,sa0,,,1.2159347534e-04
g2106_II8495_D,sa0,,,1.2159347534e-04
II8496,sa0,,,1.2159347534e-04
g3316_II8496_A,sa0,,,1.2159347534e-04
g3287_II8496_B,sa0,,,1.2159347534e-04
g2020_II8496_C,sa0,,,1.2159347534e-04
g1987_II8496_D,sa0,,,1.2159347534e-04
g4549,sa1,30,0,2.5021824241e-01
g5558,sa0,7,1,2.5000000000e-01
II10000,sa0,,,2.5000000000e-01
g4839_II10000_A,sa0,,,2.5000000000e-01
II9999_II10000_B,sa0,,,2.5000000000e-01
II10001,sa0,,,2.5000000000e-01
g1929_II10001_A,sa0,,,2.5000000000e-01
II9999_II10001_B,sa0,,,2.5000000000e-01
g6259,sa1,30,0,4.5605468750e-01
g3002_g6259_A,sa1,,,4.5605468750e-01
g5312,sa1,,,4.5605468750e-01
g6197,sa0,1,1,1.5625000000e-02
g6980,sa0,16,1,4.9804687500e-01
g6745,sa1,9,1,5.0390625000e-01
g8176,sa1,23,1,2.1838378906e-01
g7566_g8176_A,sa1,,,2.1838378906e-01
g1030_g8176_B,sa1,,,2.1838378906e-01
g6664_g8176_C,sa1,,,2.1838378906e-01
g6452_g8176_D,sa1,,,2.1838378906e-01
g6664,sa1,7,1,8.7500000000e-01
g5836_g6664_A,sa1,,,8.7500000000e-01
g1901_g6664_B,sa1,,,8.7500000000e-01
g1788,sa1,,,8.7500000000e-01
g984,sa0,,,8.7500000000e-01
g8456,sa0,2,1,6.1035156250e-05
g703_g8456_A,sa0,,,6.1035156250e-05
g7811_g8456_B,sa0,,,6.1035156250e-05
g8438,sa0,2,1,6.1035156250e-05
g649_g8438_A,sa0,,,6.1035156250e-05
g7793_g8438_B,sa0,,,6.1035156250e-05
g8384,sa0,2,1,6.1035156250e-05
g636_g8384_A,sa0,,,6.1035156250e-05
g7793_g8384_B,sa0,,,6.1035156250e-05
g7870,sa1,30,0,3.9288997650e-03
II14270,sa0,,,3.9288997650e-03
g7703,sa1,,,3.9288997650e-03
g7951,sa1,30,0,1.9294442609e-03
II14288,sa0,,,1.9294442609e-03
g7705_II14288_A,sa1,,,1.9294442609e-03
g8464,sa1,30,0,8.6970329285e-03
g8039,sa0,,,8.6970329285e-03
g7696,sa1,,,8.6970329285e-03
g8483,sa0,3,1,1.2207031250e-04
g8038,sa1,,,1.2207031250e-04
g7694,sa0,,,1.2207031250e-04
g7367_g7694_A,sa0,,,1.2207031250e-04
g4448_g7694_B,sa0,,,1.2207031250e-04
g8258,sa0,2,1,6.1035156250e-05
g142_g8258_A,sa0,,,6.1035156250e-05
g8111_g8258_B,sa0,,,6.1035156250e-05
g8294,sa0,2,1,6.1035156250e-05
g281_g8294_A,sa0,,,6.1035156250e-05
g7838_g8294_B,sa0,,,6.1035156250e-05
g8267,sa0,2,1,6.1035156250e-05
g154_g8267_A,sa0,,,6.1035156250e-05
g8042_g8267_B,sa0,,,6.1035156250e-05
g8690,sa0,2,1,6.1035156250e-05
g3485_g8690_A,sa0,,,6.1035156250e-05
g8363_g8690_B,sa0,,,6.1035156250e-05
g8726,sa0,2,1,6.1035156250e-05
g2795_g8726_A,sa0,,,6.1035156250e-05
g8386_g8726_B,sa0,,,6.1035156250e-05
g8708,sa0,2,1,6.1035156250e-05
g3557_g8708_A,sa0,,,6.1035156250e-05
g8407_g8708_B,sa0,,,6.1035156250e-05
g8339,sa0,2,1,6.1035156250e-05
g345_g8339_A,sa0,,,6.1035156250e-05
g7870_g8339_B,sa0,,,6.1035156250e-05
g8717,sa0,2,1,6.1035156250e-05
g2764_g8717_A,sa0,,,6.1035156250e-05
g8421_g8717_B,sa0,,,6.1035156250e-05
g8807,sa0,30,0,7.5683593750e-03
g8276,sa0,2,1,6.1035156250e-05
g150_g8276_A,sa0,,,6.1035156250e-05
g8042_g8276_B,sa0,,,6.1035156250e-05
g8285,sa0,2,1,6.1035156250e-05
g118_g8285_A,sa0,,,6.1035156250e-05
g8111_g8285_B,sa0,,,6.1035156250e-05
g8861,sa0,30,0,1.2268066406e-02
g8239,sa1,30,0,4.5704841614e-04
g1489,sa1,30,0,4.3737792969e-01
g1967,sa0,4,1,5.0000000000e-01
g1432_g1967_A,sa1,,,5.0000000000e-01
g2497,sa1,3,1,5.0000000000e-01
g945_g2497_A,sa0,,,5.0000000000e-01
g2992,sa1,3,1,7.6292082667e-05
g1833,sa0,,,7.6292082667e-05
g770,sa1,,,7.6292082667e-05
g1499,sa0,30,0,3.9450073242e-01
g2966,sa0,4,1,9.1549009085e-05
g1856,sa1,,,9.1549009085e-05
g774,sa0,,,9.1549009085e-05
g2498,sa0,30,0,2.7894973755e-05
II6333,sa1,,,2.7894973755e-05
g1345_II6333_A,sa0,,,2.7894973755e-05
g2777,sa0,3,1,6.1273545725e-05
g1797,sa1,,,6.1273545725e-05
g627,sa0,,,6.1273545725e-05
g3883,sa1,2,1,6.2500000000e-02
g4288,sa1,30,0,2.9296875000e-02
g4963,sa1,11,1,2.6562500000e-01
g4328_g4963_A,sa0,,,2.6562500000e-01
g4729,sa1,30,0,2.2346496582e-02
g1949,sa0,8,1,1.2792968750e-01
g1292_g1949_A,sa1,,,1.2792968750e-01
g4298,sa0,30,0,7.1525573730e-06
II8254,sa0,,,7.1525573730e-06
g2454_II8254_A,sa0,,,7.1525573730e-06
II8253_II8254_B,sa0,,,7.1525573730e-06
II8255,sa0,,,7.1525573730e-06
g3825_II8255_A,sa0,,,7.1525573730e-06
II8253_II8255_B,sa0,,,7.1525573730e-06
g4954,sa1,4,1,3.9062500000e-03
g3938,sa0,30,0,2.8610229492e-05
II7610,sa0,,,2.8610229492e-05
g2471_II7610_A,sa0,,,2.8610229492e-05
II7609_II7610_B,sa0,,,2.8610229492e-05
II7611,sa0,,,2.8610229492e-05
g3771_II7611_A,sa0,,,2.8610229492e-05
II7609_II7611_B,sa0,,,2.8610229492e-05
g1958,sa0,6,1,5.0000000000e-01
g786_g1958_A,sa1,,,5.0000000000e-01
g5459,sa0,2,1,5.0000000000e-01
g4882,sa1,,,5.0000000000e-01
g4069,sa0,,,5.0000000000e-01
II7844,sa1,,,5.0000000000e-01
g3784_II7844_A,sa0,,,5.0000000000e-01
g5467,sa1,2,1,5.0000000000e-01
g4891,sa0,,,5.0000000000e-01
g4076,sa1,,,5.0000000000e-01
II7859,sa0,,,5.0000000000e-01
g2804_II7859_A,sa1,,,5.0000000000e-01
g5567,sa0,30,0,7.3242187500e-03
g1879_g5567_A,sa0,,,7.3242187500e-03
g4883,sa0,,,7.3242187500e-03
g3746_g4883_A,sa0,,,7.3242187500e-03
g3723_g4883_B,sa0,,,7.3242187500e-03
g4288_g4883_C,sa0,,,7.3242187500e-03
g2389,sa1,1,1,5.0000000000e-01
g1230,sa0,,,5.0000000000e-01
g5476,sa1,2,1,5.0000000000e-01
g4907,sa0,,,5.0000000000e-01
g4087,sa1,,,5.0000000000e-01
II7882,sa0,,,5.0000000000e-01
g2700_II7882_A,sa1,,,5.0000000000e-01
g5477,sa0,2,1,5.0000000000e-01
g4908,sa1,,,5.0000000000e-01
g4088,sa0,,,5.0000000000e-01
II7885,sa1,,,5.0000000000e-01
g2837_II7885_A,sa0,,,5.0000000000e-01
g6187,sa1,2,1,7.8125000000e-03
g5918,sa0,1,1,5.0000000000e-01
II10574,sa1,,,5.0000000000e-01
g5426,sa0,,,5.0000000000e-01
g5013,sa1,,,5.0000000000e-01
II9341,sa0,,,5.0000000000e-01
g4251,sa1,,,5.0000000000e-01
II8180,sa0,,,5.0000000000e-01
g3529,sa1,,,5.0000000000e-01
g2323,sa0,,,5.0000000000e-01
II6112,sa1,,,5.0000000000e-01
g4,sa0,,,5.0000000000e-01
g5971,sa1,1,1,5.0000000000e-01
II10587,sa0,,,5.0000000000e-01
g5439,sa1,,,5.0000000000e-01
g5058,sa0,,,5.0000000000e-01
II9416,sa1,,,5.0000000000e-01
g4273,sa0,,,5.0000000000e-01
II8215,sa1,,,5.0000000000e-01
g3577,sa0,,,5.0000000000e-01
g2372,sa1,,,5.0000000000e-01
II6214,sa0,,,5.0000000000e-01
g7,sa1,,,5.0000000000e-01
g6574,sa1,30,0,7.3242187500e-03
g6709,sa1,30,0,4.7851562500e-02
g3739,sa1,3,1,9.7656250000e-04
g2536_g3739_A,sa0,,,9.7656250000e-04
g3757,sa1,3,1,4.8828125000e-04
g1977_g3757_A,sa0,,,4.8828125000e-04
g7069,sa1,30,0,2.9296875000e-02
g7429,sa1,30,0,9.1552734375e-04
g7654,sa1,30,0,1.5228271484e-02
g7628,sa0,2,1,1.2207031250e-04
g7367_g7628_A,sa0,,,1.2207031250e-04
g4532_g7628_B,sa0,,,1.2207031250e-04
g8644,sa1,30,0,5.1380157471e-02
g4146,sa1,,,5.1380157471e-02
II8011,sa0,,,5.1380157471e-02
g3225,sa1,,,5.1380157471e-02
g1021_g3225_A,sa1,,,5.1380157471e-02
g1025_g3225_B,sa1,,,5.1380157471e-02
g1889_g3225_C,sa1,,,5.1380157471e-02
g8128_g8644_B,sa1,,,5.1380157471e-02
g9148,sa1,30,0,9.7656250000e-04
g9143,sa1,,,9.7656250000e-04
g9024,sa1,,,9.7656250000e-04
II15889,sa1,30,0,7.1525573730e-06
II15898,sa1,30,0,7.1525573730e-06
g871_g3002_A,sa1,1,1,1.2500000000e-01
g1612_stem_g2889_A,sa1,3,1,2.1875000000e-01
g3359_II8000_C,sa1,16,1,1.2159347534e-04
g3287_II8001_B,sa1,16,1,1.0984949768e-04
g2106_II8019_D,sa1,0,1,0.0000000000e+00
g2057_II8034_B,sa1,16,1,1.2159347534e-04
g2137_II8052_C,sa1,7,1,1.8959045410e-03
g3430_II8057_A,sa1,16,1,1.2159347534e-04
g3316_II8072_A,sa1,17,1,1.9550323486e-03
g2020_II8079_C,sa1,30,0,1.9982493523e-03
g3316_II8090_A,sa1,16,1,1.2159347534e-04
g3264_II8401_C,sa1,30,0,1.9997350100e-03
g408_g4410_A,sa1,4,1,3.7500000000e-01
g3430_II8417_A,sa1,5,1,1.2207031250e-04
g3341_II8431_D,sa1,12,1,1.1825561523e-04
g3316_II8432_A,sa1,10,1,1.1825561523e-04
g2106_II8460_D,sa1,0,1,0.0000000000e+00
g2020_II8547_C,sa1,26,1,1.2195715681e-04
g2020_II8574_C,sa1,0,1,0.0000000000e+00
g3430_II8642_A,sa1,16,1,1.2159347534e-04
g3029_II8224_B,sa0,1,1,3.9062500000e-03
g2016_II6842_B,sa1,1,1,6.2500000000e-02
g2404_II7139_A,sa1,1,1,6.2500000000e-02
g3222_II7428_A,sa1,8,1,1.0937500000e-01
g2506_II7460_A,sa1,30,0,2.8610229492e-05
g3802_II7505_A,sa1,30,0,2.8610229492e-05
g1715_II7540_A,sa1,30,0,4.5776367188e-04
g38_II8150_B,sa1,1,1,3.1250000000e-02
g3229_II8150_A,sa1,7,1,2.1875000000e-01
g3231_II8166_A,sa1,2,1,2.3437500000e-02
g2038_II8504_A,sa1,3,1,2.1875000000e-01
g2517_II8511_A,sa1,30,0,7.1525573730e-06
g4231_II9182_A,sa1,1,1,7.8125000000e-03
g2007_II9183_A,sa1,1,1,7.8125000000e-03
g2180_II9235_A,sa1,2,1,6.2500000000e-02
g4305_II9243_A,sa1,1,1,3.1250000000e-02
II9999_II10001_B,sa1,6,1,2.4609375000e-01
g5684,sa1,1,1,5.0000000000e-01
II10183,sa0,,,5.0000000000e-01
g5129_II10183_A,sa1,,,5.0000000000e-01
g5729,sa1,1,1,5.0000000000e-01
g5144,sa0,,,5.0000000000e-01
II9558,sa1,,,5.0000000000e-01
g4597,sa0,,,5.0000000000e-01
II8706,sa1,,,5.0000000000e-01
g3828,sa0,,,5.0000000000e-01
II7287,sa1,,,5.0000000000e-01
g2561,sa0,,,5.0000000000e-01
g1555,sa1,,,5.0000000000e-01
II5428,sa0,,,5.0000000000e-01
g49_II5428_A,sa1,,,5.0000000000e-01
g6269,sa1,1,1,5.0000000000e-01
II11090,sa0,,,5.0000000000e-01
g1000_II11090_A,sa1,,,5.0000000000e-01
g6648,sa0,1,1,5.0000000000e-01
II11926,sa1,,,5.0000000000e-01
g6190_II11926_A,sa0,,,5.0000000000e-01
g6675,sa0,1,1,5.0000000000e-01
II11981,sa1,,,5.0000000000e-01
g6246_II11981_A,sa0,,,5.0000000000e-01
g6909,sa0,1,1,5.0000000000e-01
II12592,sa1,,,5.0000000000e-01
g1008_II12592_A,sa0,,,5.0000000000e-01
g7286,sa1,1,1,9.7656250000e-04
II13290,sa0,,,9.7656250000e-04
g7158,sa1,,,9.7656250000e-04
II13048,sa0,,,9.7656250000e-04
g6956,sa1,,,9.7656250000e-04
II12669,sa0,,,9.7656250000e-04
g6477,sa1,,,9.7656250000e-04
g7287,sa0,30,0,2.9296875000e-02
II13293,sa1,,,2.9296875000e-02
g7159,sa0,,,2.9296875000e-02
II13051,sa1,,,2.9296875000e-02
g6967,sa0,,,2.9296875000e-02
II12696,sa1,,,2.9296875000e-02
g6503,sa0,,,2.9296875000e-02
g5269_g6503_A,sa0,,,2.9296875000e-02
g5897_g6503_B,sa0,,,2.9296875000e-02
g7295,sa1,1,1,9.7656250000e-04
II13317,sa0,,,9.7656250000e-04
g7211,sa1,,,9.7656250000e-04
II13147,sa0,,,9.7656250000e-04
g7024,sa1,,,9.7656250000e-04
II12782,sa0,,,9.7656250000e-04
g6463,sa1,,,9.7656250000e-04
g8663,sa1,1,1,2.5000000000e-01
II14783,sa0,,,2.5000000000e-01
g8324,sa1,,,2.5000000000e-01
II14573,sa0,,,2.5000000000e-01
g8179,sa1,,,2.5000000000e-01
II14416,sa0,,,2.5000000000e-01
g7727,sa1,,,2.5000000000e-01
II14052,sa0,,,2.5000000000e-01
g7494,sa1,,,2.5000000000e-01
g7260,sa0,,,2.5000000000e-01
g7064,sa1,,,2.5000000000e-01
II12829,sa0,,,2.5000000000e-01
g6441_II12829_A,sa1,,,2.5000000000e-01
g6297,sa0,1,1,5.0000000000e-01
II11218,sa1,,,5.0000000000e-01
g6161,sa0,,,5.0000000000e-01
II10842,sa1,,,5.0000000000e-01
g5701_II10842_A,sa0,,,5.0000000000e-01
g6296,sa1,1,1,5.0000000000e-01
II11215,sa0,,,5.0000000000e-01
g6156,sa1,,,5.0000000000e-01
II10829,sa0,,,5.0000000000e-01
g5224_II10829_A,sa1,,,5.0000000000e-01
g6288,sa0,1,1,5.0000000000e-01
II11191,sa1,,,5.0000000000e-01
g6155,sa0,,,5.0000000000e-01
II10826,sa1,,,5.0000000000e-01
g5434,sa0,,,5.0000000000e-01
g5112,sa1,,,5.0000000000e-01
II9496,sa0,,,5.0000000000e-01
g3971,sa1,,,5.0000000000e-01
II7688,sa0,,,5.0000000000e-01
g3650,sa1,,,5.0000000000e-01
II7126,sa0,,,5.0000000000e-01
g2494,sa1,,,5.0000000000e-01
g9,sa0,,,5.0000000000e-01
g9375,sa0,30,0,7.4945068359e-01
II16151,sa1,,,7.4945068359e-01
g9369,sa0,,,7.4945068359e-01
II16135,sa1,,,7.4945068359e-01
g9357,sa0,,,7.4945068359e-01
g9374,sa1,30,0,1.2207031250e-03
II16148,sa0,,,1.2207031250e-03
g9368,sa1,,,1.2207031250e-03
II16132,sa0,,,1.2207031250e-03
g9356,sa1,,,1.2207031250e-03
g9277,sa1,,,1.2207031250e-03
g9346,sa1,,,1.2207031250e-03
g6377,sa1,4,1,2.5000000000e-01
II11458,sa0,,,2.5000000000e-01
g6063,sa1,,,2.5000000000e-01
II10678,sa0,,,2.5000000000e-01
g5566,sa1,,,2.5000000000e-01
g3617_g5566_A,sa1,,,2.5000000000e-01
g4810,sa1,,,2.5000000000e-01
g6378,sa0,12,1,7.5000000000e-01
II11461,sa1,,,7.5000000000e-01
g6094,sa0,,,7.5000000000e-01
II10716,sa1,,,7.5000000000e-01
g5537,sa0,,,7.5000000000e-01
g3858,sa0,1,1,5.0000000000e-01
II7377,sa1,,,5.0000000000e-01
g3189,sa0,,,5.0000000000e-01
II6864,sa1,,,5.0000000000e-01
g2528_II6864_A,sa0,,,5.0000000000e-01
g6863,sa1,3,1,7.5000000000e-01
II12460,sa0,,,7.5000000000e-01
g6674,sa1,,,7.5000000000e-01
II11978,sa0,,,7.5000000000e-01
g6186,sa1,,,7.5000000000e-01
II10919,sa0,,,7.5000000000e-01
g5479,sa1,,,7.5000000000e-01
g6864,sa0,3,1,2.5000000000e-01
II12463,sa1,,,2.5000000000e-01
g6682,sa0,,,2.5000000000e-01
II11994,sa1,,,2.5000000000e-01
g6195,sa0,,,2.5000000000e-01
II10940,sa1,,,2.5000000000e-01
g5489,sa0,,,2.5000000000e-01
g4912,sa0,,,2.5000000000e-01
II9277,sa0,,,2.5000000000e-01
g2533_II9277_A,sa0,,,2.5000000000e-01
II9276_II9277_B,sa0,,,2.5000000000e-01
II9278,sa0,,,2.5000000000e-01
g4313_II9278_A,sa0,,,2.5000000000e-01
II9276_II9278_B,sa0,,,2.5000000000e-01
g5053,sa0,,,2.5000000000e-01
g4438_g5053_A,sa1,,,2.5000000000e-01
g7529,sa1,8,1,7.5000000000e-01
II13767,sa0,,,7.5000000000e-01
g7486,sa1,,,7.5000000000e-01
II13646,sa0,,,7.5000000000e-01
g7245,sa1,,,7.5000000000e-01
II13193,sa0,,,7.5000000000e-01
g7007,sa1,,,7.5000000000e-01
g5739,sa0,1,1,3.1250000000e-02
II10274,sa1,,,3.1250000000e-02
g5524,sa0,,,3.1250000000e-02
II9938,sa1,,,3.1250000000e-02
g4878,sa0,,,3.1250000000e-02
g2573_g4878_A,sa0,,,3.1250000000e-02
g2562_g4878_B,sa0,,,3.1250000000e-02
II9222,sa0,,,3.1250000000e-02
g4041_II9222_A,sa0,,,3.1250000000e-02
g4044_II9222_B,sa0,,,3.1250000000e-02
g2584_II9222_C,sa0,,,3.1250000000e-02
g5738,sa1,30,0,9.3750000000e-01
II10271,sa0,,,9.3750000000e-01
g5487,sa1,,,9.3750000000e-01
II9907,sa0,,,9.3750000000e-01
g4837,sa1,,,9.3750000000e-01
g6386,sa1,30,0,7.1525573730e-06
II11485,sa0,,,7.1525573730e-06
g6137,sa1,,,7.1525573730e-06
II10776,sa0,,,7.1525573730e-06
g5576,sa1,,,7.1525573730e-06
g6872,sa1,2,1,5.0000000000e-01
II12487,sa0,,,5.0000000000e-01
g6623,sa1,,,5.0000000000e-01
II11861,sa0,,,5.0000000000e-01
g5747,sa1,,,5.0000000000e-01
g6873,sa0,2,1,5.0000000000e-01
II12490,sa1,,,5.0000000000e-01
g6625,sa0,,,5.0000000000e-01
II11867,sa1,,,5.0000000000e-01
g6286,sa0,,,5.0000000000e-01
II11178,sa0,,,5.0000000000e-01
g5466_II11178_A,sa0,,,5.0000000000e-01
II11177_II11178_B,sa0,,,5.0000000000e-01
II11179,sa0,,,5.0000000000e-01
g3019_II11179_A,sa0,,,5.0000000000e-01
II11177_II11179_B,sa0,,,5.0000000000e-01
g4658,sa1,30,0,3.6621093750e-03
II8889,sa0,,,3.6621093750e-03
g4311,sa1,,,3.6621093750e-03
II8282,sa0,,,3.6621093750e-03
g3515,sa1,,,3.6621093750e-03
g1388,sa1,,,3.6621093750e-03
g2262,sa1,,,3.6621093750e-03
g1384,sa1,,,3.6621093750e-03
g1385,sa1,,,3.6621093750e-03
g1386,sa1,,,3.6621093750e-03
g1387,sa1,,,3.6621093750e-03
g2230,sa1,,,3.6621093750e-03
g1380,sa1,,,3.6621093750e-03
g1381,sa1,,,3.6621093750e-03
g1382,sa1,,,3.6621093750e-03
g1383,sa1,,,3.6621093750e-03
g2214,sa1,,,3.6621093750e-03
g1376,sa1,,,3.6621093750e-03
g1377,sa1,,,3.6621093750e-03
g1378,sa1,,,3.6621093750e-03
g1379,sa1,,,3.6621093750e-03
g6891,sa0,2,1,5.0000000000e-01
II12544,sa1,,,5.0000000000e-01
g6617,sa0,,,5.0000000000e-01
II11851,sa1,,,5.0000000000e-01
g6277,sa0,,,5.0000000000e-01
II11123,sa0,,,5.0000000000e-01
g5517_II11123_A,sa0,,,5.0000000000e-01
II11122_II11123_B,sa0,,,5.0000000000e-01
II11124,sa0,,,5.0000000000e-01
g2712_II11124_A,sa0,,,5.0000000000e-01
II11122_II11124_B,sa0,,,5.0000000000e-01
g6882,sa0,2,1,5.0000000000e-01
II12517,sa1,,,5.0000000000e-01
g6613,sa0,,,5.0000000000e-01
II11835,sa1,,,5.0000000000e-01
g6181,sa0,,,5.0000000000e-01
II10907,sa0,,,5.0000000000e-01
g5492_II10907_A,sa0,,,5.0000000000e-01
II10906_II10907_B,sa0,,,5.0000000000e-01
II10908,sa0,,,5.0000000000e-01
g2605_II10908_A,sa0,,,5.0000000000e-01
II10906_II10908_B,sa0,,,5.0000000000e-01
g6890,sa1,2,1,5.0000000000e-01
II12541,sa0,,,5.0000000000e-01
g6614,sa1,,,5.0000000000e-01
II11838,sa0,,,5.0000000000e-01
g6281,sa1,,,5.0000000000e-01
g6881,sa1,2,1,5.0000000000e-01
II12514,sa0,,,5.0000000000e-01
g6605,sa1,,,5.0000000000e-01
II11821,sa0,,,5.0000000000e-01
g6170,sa1,,,5.0000000000e-01
g4659,sa0,1,1,5.0000000000e-01
II8892,sa1,,,5.0000000000e-01
g4115,sa0,,,5.0000000000e-01
II7956,sa1,,,5.0000000000e-01
g2810_II7956_A,sa0,,,5.0000000000e-01
g6387,sa0,1,1,5.0000000000e-01
II11488,sa1,,,5.0000000000e-01
g6034,sa0,,,5.0000000000e-01
II10639,sa1,,,5.0000000000e-01
g5224_II10639_A,sa0,,,5.0000000000e-01
g7772,sa1,30,0,4.3359375000e-01
II14187,sa0,,,4.3359375000e-01
g7728,sa1,,,4.3359375000e-01
II14055,sa0,,,4.3359375000e-01
g7495,sa1,,,4.3359375000e-01
II13663,sa0,,,4.3359375000e-01
g7235,sa1,,,4.3359375000e-01
g7773,sa0,30,0,3.6044311523e-01
II14190,sa1,,,3.6044311523e-01
g7531,sa0,,,3.6044311523e-01
II13773,sa1,,,3.6044311523e-01
g7496,sa0,,,3.6044311523e-01
II13666,sa1,,,3.6044311523e-01
g7238,sa0,,,3.6044311523e-01
g6707,sa0,,,3.6044311523e-01
g7098,sa0,,,3.6044311523e-01
g6525_g7098_A,sa1,,,3.6044311523e-01
g8960,sa1,30,0,1.3671875000e-01
II15394,sa0,,,1.3671875000e-01
g8916,sa1,,,1.3671875000e-01
II15334,sa0,,,1.3671875000e-01
g8800,sa1,,,1.3671875000e-01
II15010,sa0,,,1.3671875000e-01
g8584,sa1,,,1.3671875000e-01
g7781,sa1,7,1,7.5000000000e-01
II14214,sa0,,,7.5000000000e-01
g7576,sa1,,,7.5000000000e-01
II13873,sa0,,,7.5000000000e-01
g7342,sa1,,,7.5000000000e-01
II13444,sa0,,,7.5000000000e-01
g7282,sa1,,,7.5000000000e-01
g4667,sa1,1,1,5.0000000000e-01
II8916,sa0,,,5.0000000000e-01
g4195,sa1,,,5.0000000000e-01
II8094,sa0,,,5.0000000000e-01
g2976_II8094_A,sa1,,,5.0000000000e-01
g4668,sa0,1,1,1.2500000000e-01
II8919,sa1,,,1.2500000000e-01
g4196,sa0,,,1.2500000000e-01
II8097,sa1,,,1.2500000000e-01
g3237,sa0,,,1.2500000000e-01
g7764,sa0,1,1,1.9531250000e-03
II14163,sa1,,,1.9531250000e-03
g7533,sa0,,,1.9531250000e-03
II13779,sa1,,,1.9531250000e-03
g7406_II13779_A,sa0,,,1.9531250000e-03
g8672,sa1,15,1,7.5195312500e-01
II14810,sa0,,,7.5195312500e-01
g8481,sa1,,,7.5195312500e-01
II14637,sa0,,,7.5195312500e-01
g8012,sa1,,,7.5195312500e-01
II14305,sa0,,,7.5195312500e-01
g7537,sa1,,,7.5195312500e-01
g8870,sa1,30,0,8.2031250000e-01
II15196,sa0,,,8.2031250000e-01
g8778,sa1,,,8.2031250000e-01
II14974,sa0,,,8.2031250000e-01
g8442,sa1,,,8.2031250000e-01
II14623,sa0,,,8.2031250000e-01
g7833,sa1,,,8.2031250000e-01
g8871,sa0,5,1,1.9531250000e-01
II15199,sa1,,,1.9531250000e-01
g8792,sa0,,,1.9531250000e-01
II14996,sa1,,,1.9531250000e-01
g8510,sa0,,,1.9531250000e-01
II14643,sa1,,,1.9531250000e-01
g7837,sa0,,,1.9531250000e-01
g6470,sa0,,,1.9531250000e-01
g7610,sa0,,,1.9531250000e-01
g7450_g7610_A,sa1,,,1.9531250000e-01
g6854,sa1,4,1,7.5000000000e-01
II12433,sa0,,,7.5000000000e-01
g6632,sa1,,,7.5000000000e-01
II11890,sa0,,,7.5000000000e-01
g6135,sa1,,,7.5000000000e-01
II10770,sa0,,,7.5000000000e-01
g5441,sa1,,,7.5000000000e-01
g6855,sa0,4,1,2.5000000000e-01
II12436,sa1,,,2.5000000000e-01
g6635,sa0,,,2.5000000000e-01
II11897,sa1,,,2.5000000000e-01
g6141,sa0,,,2.5000000000e-01
II10786,sa1,,,2.5000000000e-01
g5452,sa0,,,2.5000000000e-01
g4876,sa0,,,2.5000000000e-01
g3499,sa0,,,2.5000000000e-01
g2185_g3499_A,sa1,,,2.5000000000e-01
g8673,sa0,11,1,3.7500000000e-01
II14813,sa1,,,3.7500000000e-01
g8640,sa0,,,3.7500000000e-01
II14728,sa1,,,3.7500000000e-01
g8152,sa0,,,3.7500000000e-01
II14388,sa1,,,3.7500000000e-01
g7605,sa0,,,3.7500000000e-01
g7435,sa0,,,3.7500000000e-01
g5607,sa0,,,3.7500000000e-01
g4938_g5607_A,sa1,,,3.7500000000e-01
g6774,sa0,1,1,5.0000000000e-01
II12193,sa1,,,5.0000000000e-01
g6468,sa0,,,5.0000000000e-01
II11622,sa1,,,5.0000000000e-01
g5847_II11622_A,sa0,,,5.0000000000e-01
g7736,sa1,11,1,5.0000000000e-01
II14079,sa0,,,5.0000000000e-01
g7579,sa1,,,5.0000000000e-01
II13882,sa0,,,5.0000000000e-01
g7350,sa1,,,5.0000000000e-01
II13466,sa0,,,5.0000000000e-01
g7122,sa1,,,5.0000000000e-01
II12958,sa0,,,5.0000000000e-01
g6920,sa1,,,5.0000000000e-01
g6395,sa1,,,5.0000000000e-01
g6399,sa1,,,5.0000000000e-01
g7737,sa0,13,1,5.0000000000e-01
II14082,sa1,,,5.0000000000e-01
g7539,sa0,,,5.0000000000e-01
II13797,sa1,,,5.0000000000e-01
g7502,sa0,,,5.0000000000e-01
II13682,sa1,,,5.0000000000e-01
g7251,sa0,,,5.0000000000e-01
II13203,sa1,,,5.0000000000e-01
g7088,sa0,,,5.0000000000e-01
g6782,sa1,1,1,5.0000000000e-01
II12217,sa0,,,5.0000000000e-01
g6631,sa1,,,5.0000000000e-01
II11887,sa0,,,5.0000000000e-01
g5918_II11887_A,sa1,,,5.0000000000e-01
g6783,sa0,1,1,5.0000000000e-01
II12220,sa1,,,5.0000000000e-01
g6645,sa0,,,5.0000000000e-01
II11917,sa1,,,5.0000000000e-01
g5897_II11917_A,sa0,,,5.0000000000e-01
g6791,sa1,1,1,5.0000000000e-01
II12244,sa0,,,5.0000000000e-01
g6642,sa1,,,5.0000000000e-01
II11912,sa0,,,5.0000000000e-01
g5897_II11912_A,sa1,,,5.0000000000e-01
g6792,sa0,1,1,5.0000000000e-01
II12247,sa1,,,5.0000000000e-01
g6646,sa0,,,5.0000000000e-01
II11920,sa1,,,5.0000000000e-01
g5874_II11920_A,sa0,,,5.0000000000e-01
g9087,sa0,18,1,5.0000000000e-01
II15651,sa1,,,5.0000000000e-01
g9056,sa0,,,5.0000000000e-01
II15562,sa1,,,5.0000000000e-01
g8979,sa0,,,5.0000000000e-01
g9086,sa1,15,1,5.0000000000e-01
II15648,sa0,,,5.0000000000e-01
g9044,sa1,,,5.0000000000e-01
II15536,sa0,,,5.0000000000e-01
g9004,sa1,,,5.0000000000e-01
g8944,sa1,,,5.0000000000e-01
g8851,sa1,,,5.0000000000e-01
g9095,sa1,15,1,5.0000000000e-01
II15675,sa0,,,5.0000000000e-01
g9058,sa1,,,5.0000000000e-01
II15568,sa0,,,5.0000000000e-01
g8981,sa1,,,5.0000000000e-01
g8921,sa1,,,5.0000000000e-01
g8816,sa1,,,5.0000000000e-01
g9096,sa0,19,1,5.0000000000e-01
II15678,sa1,,,5.0000000000e-01
g9060,sa0,,,5.0000000000e-01
II15574,sa1,,,5.0000000000e-01
g8983,sa0,,,5.0000000000e-01
g6359,sa1,4,1,5.0000000000e-01
II11404,sa0,,,5.0000000000e-01
g5834,sa1,,,5.0000000000e-01
II10525,sa0,,,5.0000000000e-01
g5244,sa1,,,5.0000000000e-01
g5107,sa1,,,5.0000000000e-01
g4436,sa1,,,5.0000000000e-01
g4649,sa1,1,1,5.0000000000e-01
II8862,sa0,,,5.0000000000e-01
g3981,sa1,,,5.0000000000e-01
II7706,sa0,,,5.0000000000e-01
g2584_II7706_A,sa1,,,5.0000000000e-01
g3848,sa1,1,1,5.0000000000e-01
II7347,sa0,,,5.0000000000e-01
g2985,sa1,,,5.0000000000e-01
II6733,sa0,,,5.0000000000e-01
g1718_II6733_A,sa1,,,5.0000000000e-01
g6368,sa1,4,1,5.0000000000e-01
II11431,sa0,,,5.0000000000e-01
g5782,sa1,,,5.0000000000e-01
II10393,sa0,,,5.0000000000e-01
g5196,sa1,,,5.0000000000e-01
g5020,sa1,,,5.0000000000e-01
g4369,sa1,,,5.0000000000e-01
g6369,sa0,6,1,5.0000000000e-01
II11434,sa1,,,5.0000000000e-01
g5789,sa0,,,5.0000000000e-01
II10412,sa1,,,5.0000000000e-01
g5205,sa0,,,5.0000000000e-01
g3849,sa0,1,1,5.0000000000e-01
II7350,sa1,,,5.0000000000e-01
g2971,sa0,,,5.0000000000e-01
II6723,sa1,,,5.0000000000e-01
g2052_II6723_A,sa0,,,5.0000000000e-01
g6809,sa1,1,1,5.0000000000e-01
II12298,sa0,,,5.0000000000e-01
g6697,sa1,,,5.0000000000e-01
II12025,sa0,,,5.0000000000e-01
g5918_II12025_A,sa1,,,5.0000000000e-01
g6818,sa1,1,1,5.0000000000e-01
II12325,sa0,,,5.0000000000e-01
g6755,sa1,,,5.0000000000e-01
II12138,sa0,,,5.0000000000e-01
g5874_II12138_A,sa1,,,5.0000000000e-01
g6819,sa0,1,1,5.0000000000e-01
II12328,sa1,,,5.0000000000e-01
g6760,sa0,,,5.0000000000e-01
II12151,sa1,,,5.0000000000e-01
g5847_II12151_A,sa0,,,5.0000000000e-01
g6827,sa1,1,1,5.0000000000e-01
II12352,sa0,,,5.0000000000e-01
g6752,sa1,,,5.0000000000e-01
II12131,sa0,,,5.0000000000e-01
g5918_II12131_A,sa1,,,5.0000000000e-01
g6828,sa0,1,1,5.0000000000e-01
II12355,sa1,,,5.0000000000e-01
g6756,sa0,,,5.0000000000e-01
II12141,sa1,,,5.0000000000e-01
g5897_II12141_A,sa0,,,5.0000000000e-01
g7745,sa1,11,1,5.0000000000e-01
II14106,sa0,,,5.0000000000e-01
g7586,sa1,,,5.0000000000e-01
II13903,sa0,,,5.0000000000e-01
g7357,sa1,,,5.0000000000e-01
II13487,sa0,,,5.0000000000e-01
g7129,sa1,,,5.0000000000e-01
II12973,sa0,,,5.0000000000e-01
g6927,sa1,,,5.0000000000e-01
g6408,sa1,,,5.0000000000e-01
g6413,sa1,,,5.0000000000e-01
g7746,sa0,18,1,5.0000000000e-01
II14109,sa1,,,5.0000000000e-01
g7590,sa0,,,5.0000000000e-01
II13915,sa1,,,5.0000000000e-01
g7360,sa0,,,5.0000000000e-01
II13496,sa1,,,5.0000000000e-01
g7133,sa0,,,5.0000000000e-01
II12983,sa1,,,5.0000000000e-01
g6930,sa0,,,5.0000000000e-01
g7755,sa0,18,1,5.0000000000e-01
II14136,sa1,,,5.0000000000e-01
g7633,sa0,,,5.0000000000e-01
II13962,sa1,,,5.0000000000e-01
g7413,sa0,,,5.0000000000e-01
II13524,sa1,,,5.0000000000e-01
g7151,sa0,,,5.0000000000e-01
II13035,sa1,,,5.0000000000e-01
g6964,sa0,,,5.0000000000e-01
g7754,sa1,11,1,5.0000000000e-01
II14133,sa0,,,5.0000000000e-01
g7574,sa1,,,5.0000000000e-01
II13869,sa0,,,5.0000000000e-01
g7338,sa1,,,5.0000000000e-01
II13432,sa0,,,5.0000000000e-01
g7280,sa1,,,5.0000000000e-01
II13274,sa0,,,5.0000000000e-01
g6917,sa1,,,5.0000000000e-01
g6743,sa1,,,5.0000000000e-01
g6753,sa1,,,5.0000000000e-01
g6836,sa1,1,1,5.0000000000e-01
II12379,sa0,,,5.0000000000e-01
g6768,sa1,,,5.0000000000e-01
II12173,sa0,,,5.0000000000e-01
g5918_II12173_A,sa1,,,5.0000000000e-01
g6837,sa0,1,1,5.0000000000e-01
II12382,sa1,,,5.0000000000e-01
g6772,sa0,,,5.0000000000e-01
II12187,sa1,,,5.0000000000e-01
g5897_II12187_A,sa0,,,5.0000000000e-01
g6845,sa1,1,1,5.0000000000e-01
II12406,sa0,,,5.0000000000e-01
g6773,sa1,,,5.0000000000e-01
II12190,sa0,,,5.0000000000e-01
g5918_II12190_A,sa1,,,5.0000000000e-01
g6846,sa0,1,1,5.0000000000e-01
II12409,sa1,,,5.0000000000e-01
g6398,sa0,,,5.0000000000e-01
II11515,sa1,,,5.0000000000e-01
g5897_II11515_A,sa0,,,5.0000000000e-01
g7296,sa0,7,1,5.0000000000e-01
II13320,sa1,,,5.0000000000e-01
g7139,sa0,,,5.0000000000e-01
II12999,sa1,,,5.0000000000e-01
g7029,sa0,,,5.0000000000e-01
g7763,sa1,6,1,5.0000000000e-01
II14160,sa0,,,5.0000000000e-01
g7549,sa1,,,5.0000000000e-01
II13831,sa0,,,5.0000000000e-01
g7322,sa1,,,5.0000000000e-01
g7188,sa1,,,5.0000000000e-01
II13106,sa0,,,5.0000000000e-01
g7056,sa1,,,5.0000000000e-01
g6520_g7056_A,sa0,,,5.0000000000e-01
g6991,sa1,,,5.0000000000e-01
g3857,sa1,1,1,5.0000000000e-01
II7374,sa0,,,5.0000000000e-01
g3084,sa1,,,5.0000000000e-01
II6820,sa0,,,5.0000000000e-01
g1707,sa1,,,5.0000000000e-01
g955_g1707_A,sa0,,,5.0000000000e-01
g8664,sa0,4,1,8.7500000000e-01
II14786,sa1,,,8.7500000000e-01
g8606,sa0,,,8.7500000000e-01
II14683,sa1,,,8.7500000000e-01
g7825,sa0,,,8.7500000000e-01
g1976,sa1,1,1,2.5000000000e-01
g1269,sa0,,,2.5000000000e-01
g2976,sa0,1,1,5.0000000000e-01
II6728,sa1,,,5.0000000000e-01
g1959,sa0,,,5.0000000000e-01
g1252,sa1,,,5.0000000000e-01
g4938,sa0,15,1,2.4999237061e-01
II9310,sa1,,,2.4999237061e-01
g4268,sa0,,,2.4999237061e-01
g2216_g4268_A,sa0,,,2.4999237061e-01
g2655_stem_g4268_B,sa0,,,2.4999237061e-01
g3497,sa1,3,1,2.5000000000e-01
g2185_g3497_A,sa0,,,2.5000000000e-01
g5693,sa1,1,1,5.0000000000e-01
II10204,sa0,,,5.0000000000e-01
g5060,sa1,,,5.0000000000e-01
II9422,sa0,,,5.0000000000e-01
g4360,sa1,,,5.0000000000e-01
II8333,sa0,,,5.0000000000e-01
g3721,sa1,,,5.0000000000e-01
II7211,sa0,,,5.0000000000e-01
g1742,sa1,,,5.0000000000e-01
g1486_g1742_A,sa0,,,5.0000000000e-01
g5397,sa0,1,1,5.0000000000e-01
g5076,sa1,,,5.0000000000e-01
II9446,sa0,,,5.0000000000e-01
g3926,sa1,,,5.0000000000e-01
II7581,sa0,,,5.0000000000e-01
g3612,sa1,,,5.0000000000e-01
II7082,sa0,,,5.0000000000e-01
g2470,sa1,,,5.0000000000e-01
g42,sa0,,,5.0000000000e-01
g6449,sa1,1,1,5.0000000000e-01
II11596,sa0,,,5.0000000000e-01
g6228,sa1,,,5.0000000000e-01
II11021,sa0,,,5.0000000000e-01
g5627,sa1,,,5.0000000000e-01
g4673_g5627_A,sa0,,,5.0000000000e-01
g6198,sa0,7,1,4.9609375000e-01
g5335_g6198_A,sa1,,,4.9609375000e-01
g1788,sa0,1,1,1.2500000000e-01
g984,sa1,,,1.2500000000e-01
g6098,sa1,11,1,5.0146484375e-01
g7188,sa0,1,1,1.5625000000e-02
II13106,sa1,,,1.5625000000e-02
g7056,sa0,,,1.5625000000e-02
g6520_g7056_A,sa1,,,1.5625000000e-02
g5099,sa1,12,1,2.5000000000e-01
g4477_g5099_A,sa0,,,2.5000000000e-01
g9267,sa0,30,0,3.7719726563e-01
g9285,sa0,30,0,3.7719726563e-01
g9294,sa0,30,0,3.7777709961e-01
g3984,sa0,2,1,2.5000000000e-01
g2403,sa0,,,2.5000000000e-01
g1176_g2403_A,sa1,,,2.5000000000e-01
g3085,sa0,,,2.5000000000e-01
g1945_g3085_A,sa1,,,2.5000000000e-01
g3767,sa1,4,1,2.5000000000e-01
g3579,sa0,2,1,3.9062500000e-03
g1929_g3579_A,sa1,,,3.9062500000e-03
g4389,sa0,4,1,3.7500000000e-01
g480_g4389_A,sa0,,,3.7500000000e-01
g3192_g4389_B,sa0,,,3.7500000000e-01
g4398,sa0,4,1,3.7500000000e-01
g567_g4398_A,sa0,,,3.7500000000e-01
g2845_g4398_B,sa0,,,3.7500000000e-01
g3398,sa1,30,0,4.8756599426e-04
II6952,sa0,,,4.8756599426e-04
g1896,sa1,,,4.8756599426e-04
g86_g1896_A,sa0,,,4.8756599426e-04
g4794,sa0,2,1,3.7500000000e-01
g954,sa0,,,3.7500000000e-01
g4574,sa0,,,3.7500000000e-01
g3466_g4574_A,sa1,,,3.7500000000e-01
g3893,sa1,4,1,1.2500000000e-01
g3659,sa1,1,1,5.0000000000e-01
g2293,sa0,,,5.0000000000e-01
g888,sa1,,,5.0000000000e-01
g4956,sa0,2,1,1.2500000000e-01
g295,sa0,,,1.2500000000e-01
g3892,sa0,,,1.2500000000e-01
g3131_g3892_A,sa1,,,1.2500000000e-01
g3956,sa1,3,1,1.8750000000e-01
g2845_g3956_A,sa0,,,1.8750000000e-01
g3974,sa1,3,1,1.8750000000e-01
g3131_g3974_A,sa0,,,1.8750000000e-01
g3983,sa1,3,1,1.8750000000e-01
g2845_g3983_A,sa0,,,1.8750000000e-01
g5298,sa0,1,1,1.2500000000e-01
g1912,sa0,,,1.2500000000e-01
g1524_g1912_A,sa1,,,1.2500000000e-01
g4814_g5298_B,sa0,,,1.2500000000e-01
g5594,sa1,16,1,2.5000000000e-01
g5189,sa1,6,1,6.2500000000e-02
g5198,sa1,1,1,3.9062500000e-03
g4969_g5198_A,sa0,,,3.9062500000e-03
g6396,sa0,18,1,4.9902343750e-01
g661_g6396_A,sa0,,,4.9902343750e-01
g6008,sa0,,,4.9902343750e-01
g5367_g6008_A,sa1,,,4.9902343750e-01
g4829,sa1,9,1,2.4951171875e-01
g863_g4829_A,sa1,,,2.4951171875e-01
g4051,sa1,,,2.4951171875e-01
g3093,sa0,,,2.4951171875e-01
g1686,sa1,,,2.4951171875e-01
II5531,sa0,,,2.4951171875e-01
g866_II5531_A,sa1,,,2.4951171875e-01
g6567,sa0,14,1,2.5000000000e-01
g6265,sa0,,,2.5000000000e-01
II11079,sa0,,,2.5000000000e-01
g5697_II11079_A,sa0,,,2.5000000000e-01
II11078_II11079_B,sa0,,,2.5000000000e-01
II11080,sa0,,,2.5000000000e-01
g2511_II11080_A,sa0,,,2.5000000000e-01
II11078_II11080_B,sa0,,,2.5000000000e-01
g2424_g6567_B,sa0,,,2.5000000000e-01
g5846,sa1,1,1,4.8828125000e-04
g5367_g5846_A,sa0,,,4.8828125000e-04
g5873,sa1,1,1,4.8828125000e-04
g5367_g5873_A,sa0,,,4.8828125000e-04
g6738,sa0,2,1,9.7656250000e-04
g5847_g6738_A,sa0,,,9.7656250000e-04
g5367_g6738_B,sa0,,,9.7656250000e-04
g6972,sa0,5,1,2.4218750000e-01
g5661,sa0,,,2.4218750000e-01
II10143,sa0,,,2.4218750000e-01
g4707_II10143_A,sa0,,,2.4218750000e-01
II10142_II10143_B,sa0,,,2.4218750000e-01
II10144,sa0,,,2.4218750000e-01
g1916_II10144_A,sa0,,,2.4218750000e-01
II10142_II10144_B,sa0,,,2.4218750000e-01
g6498_g6972_B,sa0,,,2.4218750000e-01
g6990,sa0,5,1,2.4218750000e-01
g799_g6990_A,sa0,,,2.4218750000e-01
g6517_g6990_B,sa0,,,2.4218750000e-01
g5937,sa0,6,1,1.2500000000e-01
g5562,sa0,,,1.2500000000e-01
II10010,sa0,,,1.2500000000e-01
g1949_II10010_A,sa0,,,1.2500000000e-01
II10009_II10010_B,sa0,,,1.2500000000e-01
II10011,sa0,,,1.2500000000e-01
g4821_II10011_A,sa0,,,1.2500000000e-01
II10009_II10011_B,sa0,,,1.2500000000e-01
g2407_g5937_B,sa0,,,1.2500000000e-01
g6728,sa1,6,1,3.7500000000e-01
g6168,sa1,,,3.7500000000e-01
g5593,sa1,,,3.7500000000e-01
g6926,sa1,11,1,2.5000000000e-01
g6406,sa1,,,2.5000000000e-01
g6411,sa1,,,2.5000000000e-01
g6953,sa1,0,1,0.0000000000e+00
g6745_g6953_A,sa0,,,0.0000000000e+00
g4785,sa0,2,1,1.2500000000e-01
g1678,sa0,,,1.2500000000e-01
II5506,sa0,,,1.2500000000e-01
g1532_II5506_A,sa0,,,1.2500000000e-01
II5505_II5506_B,sa0,,,1.2500000000e-01
II5507,sa0,,,1.2500000000e-01
g1528_II5507_A,sa0,,,1.2500000000e-01
II5505_II5507_B,sa0,,,1.2500000000e-01
g4202_g4785_B,sa0,,,1.2500000000e-01
g6719,sa1,30,0,2.3301696777e-01
g6166,sa1,,,2.3301696777e-01
g6171,sa1,,,2.3301696777e-01
g7367,sa1,30,0,7.6627731323e-04
II13515,sa0,,,7.6627731323e-04
g7152_II13515_A,sa1,,,7.6627731323e-04
g7278,sa0,18,1,3.1188964844e-02
g6965,sa0,,,3.1188964844e-02
g55_g6965_A,sa0,,,3.1188964844e-02
g6489,sa0,,,3.1188964844e-02
g1745,sa0,,,3.1188964844e-02
g746_g1745_A,sa1,,,3.1188964844e-02
g7682,sa1,30,0,1.5234375000e-01
g6044,sa1,,,1.5234375000e-01
g7412,sa1,,,1.5234375000e-01
g7476,sa0,4,1,1.2504577637e-01
g7229,sa1,,,1.2504577637e-01
g6938,sa0,,,1.2504577637e-01
II12635,sa1,,,1.2504577637e-01
g6509,sa0,,,1.2504577637e-01
II11689,sa1,,,1.2504577637e-01
g5956_II11689_A,sa0,,,1.2504577637e-01
g7467,sa0,4,1,1.2504577637e-01
g7236,sa1,,,1.2504577637e-01
g6944,sa0,,,1.2504577637e-01
II12643,sa1,,,1.2504577637e-01
g6501,sa0,,,1.2504577637e-01
II11669,sa1,,,1.2504577637e-01
g5918_II11669_A,sa0,,,1.2504577637e-01
g4568,sa1,2,1,6.1035156250e-05
g2904,sa0,,,6.1035156250e-05
g2287,sa1,,,6.1035156250e-05
II6045,sa0,,,6.1035156250e-05
g309_II6045_A,sa1,,,6.1035156250e-05
g4559,sa1,2,1,6.1035156250e-05
g2898,sa0,,,6.1035156250e-05
g2271,sa1,,,6.1035156250e-05
II6018,sa0,,,6.1035156250e-05
g462_II6018_A,sa1,,,6.1035156250e-05
g8646,sa0,26,1,4.9993896484e-01
g553_g8646_A,sa0,,,4.9993896484e-01
g8094_g8646_B,sa0,,,4.9993896484e-01
g3488,sa1,2,1,5.0000000000e-01
g1727,sa0,,,5.0000000000e-01
g596,sa1,,,5.0000000000e-01
g2787,sa0,2,1,5.0000000000e-01
g1807,sa1,,,5.0000000000e-01
g619,sa0,,,5.0000000000e-01
g2795,sa1,2,1,5.0000000000e-01
g1801,sa0,,,5.0000000000e-01
g618,sa1,,,5.0000000000e-01
g8817,sa0,2,1,6.1035156250e-05
g4545,sa0,,,6.1035156250e-05
g2887,sa1,,,6.1035156250e-05
g2241,sa0,,,6.1035156250e-05
II5984,sa1,,,6.1035156250e-05
g540_II5984_A,sa0,,,6.1035156250e-05
g8482,sa0,,,6.1035156250e-05
g8094_g8482_A,sa1,,,6.1035156250e-05
g8826,sa0,26,1,4.9993896484e-01
g420_g8826_A,sa0,,,4.9993896484e-01
g8564_g8826_B,sa0,,,4.9993896484e-01
g8835,sa0,26,1,4.9993896484e-01
g270_g8835_A,sa0,,,4.9993896484e-01
g8524_g8835_B,sa0,,,4.9993896484e-01
g8582,sa1,30,0,9.1552734375e-04
g8094_g8582_A,sa0,,,9.1552734375e-04
g8844,sa0,2,1,6.1035156250e-05
g4056,sa0,,,6.1035156250e-05
g3082,sa1,,,6.1035156250e-05
g1680,sa0,,,6.1035156250e-05
II5515,sa1,,,6.1035156250e-05
g567_II5515_A,sa0,,,6.1035156250e-05
g8602,sa0,,,6.1035156250e-05
g8094_g8602_A,sa1,,,6.1035156250e-05
g8853,sa0,26,1,4.9993896484e-01
g365_g8853_A,sa0,,,4.9993896484e-01
g8545_g8853_B,sa0,,,4.9993896484e-01
g8564,sa1,16,1,1.2159347534e-04
g7951_g8564_A,sa0,,,1.2159347534e-04
g8681,sa1,14,1,1.2499237061e-01
g4586,sa1,2,1,6.1035156250e-05
g2926,sa0,,,6.1035156250e-05
g2325,sa1,,,6.1035156250e-05
II6118,sa0,,,6.1035156250e-05
g243_II6118_A,sa1,,,6.1035156250e-05
g8925,sa0,2,1,6.1035156250e-05
g4592,sa0,,,6.1035156250e-05
g2938,sa1,,,6.1035156250e-05
g2347,sa0,,,6.1035156250e-05
II6157,sa1,,,6.1035156250e-05
g246_II6157_A,sa0,,,6.1035156250e-05
g8754,sa0,,,6.1035156250e-05
g8524_g8754_A,sa1,,,6.1035156250e-05
g4595,sa1,2,1,6.1035156250e-05
g2942,sa0,,,6.1035156250e-05
g2350,sa1,,,6.1035156250e-05
II6166,sa0,,,6.1035156250e-05
g480_II6166_A,sa1,,,6.1035156250e-05
g3866,sa1,2,1,6.1035156250e-05
g2945,sa0,,,6.1035156250e-05
g2364,sa1,,,6.1035156250e-05
II6192,sa0,,,6.1035156250e-05
g327_II6192_A,sa1,,,6.1035156250e-05
g8762,sa1,30,0,9.1552734375e-04
g8585_g8762_A,sa0,,,9.1552734375e-04
g8934,sa0,2,1,6.1035156250e-05
g3873,sa0,,,6.1035156250e-05
g2956,sa1,,,6.1035156250e-05
g2375,sa0,,,6.1035156250e-05
II6223,sa1,,,6.1035156250e-05
g330_II6223_A,sa0,,,6.1035156250e-05
g8766,sa0,,,6.1035156250e-05
g8545_g8766_A,sa1,,,6.1035156250e-05
g3875,sa1,2,1,6.1035156250e-05
g2958,sa0,,,6.1035156250e-05
g2377,sa1,,,6.1035156250e-05
II6229,sa0,,,6.1035156250e-05
g486_II6229_A,sa1,,,6.1035156250e-05
g8771,sa1,30,0,9.1552734375e-04
g8564_g8771_A,sa0,,,9.1552734375e-04
g8780,sa1,30,0,9.1552734375e-04
g8524_g8780_A,sa0,,,9.1552734375e-04
g8943,sa0,2,1,6.1035156250e-05
g4560,sa0,,,6.1035156250e-05
g2899,sa1,,,6.1035156250e-05
g2272,sa0,,,6.1035156250e-05
II6021,sa1,,,6.1035156250e-05
g495_II6021_A,sa0,,,6.1035156250e-05
g8781,sa0,,,6.1035156250e-05
g8585_g8781_A,sa1,,,6.1035156250e-05
g8961,sa0,30,0,7.8735351563e-03
g8885,sa0,,,7.8735351563e-03
g5317_g8961_B,sa0,,,7.8735351563e-03
g8079,sa0,2,1,6.1035156250e-05
g831_g8079_A,sa0,,,6.1035156250e-05
g7658_g8079_B,sa0,,,6.1035156250e-05
g8088,sa0,2,1,6.1035156250e-05
g837_g8088_A,sa0,,,6.1035156250e-05
g7658_g8088_B,sa0,,,6.1035156250e-05
g8906,sa1,12,1,6.1035156250e-04
g8088,sa1,,,6.1035156250e-04
g8062,sa1,,,6.1035156250e-04
g8699,sa1,,,6.1035156250e-04
g7658_g8699_A,sa1,,,6.1035156250e-04
g8613_g8699_B,sa1,,,6.1035156250e-04
g7634_g8699_C,sa1,,,6.1035156250e-04
g8727,sa0,2,1,6.1035156250e-05
g2724_g8727_A,sa0,,,6.1035156250e-05
g8421_g8727_B,sa0,,,6.1035156250e-05
g8745,sa0,2,1,6.1035156250e-05
g2982_g8745_A,sa0,,,6.1035156250e-05
g8493_g8745_B,sa0,,,6.1035156250e-05
g6089,sa1,30,0,9.1552734375e-04
g5317_g6089_A,sa0,,,9.1552734375e-04
g8952,sa0,30,0,8.1738281250e-01
g8788,sa0,,,8.1738281250e-01
g6075,sa0,,,8.1738281250e-01
g5345_g6075_A,sa1,,,8.1738281250e-01
g9159,sa0,30,0,8.1753540039e-01
g9138,sa0,,,8.1753540039e-01
g6074,sa0,,,8.1753540039e-01
g5317_g6074_A,sa1,,,8.1753540039e-01
g9258,sa0,30,0,4.2669677734e-01
g9227_g9258_A,sa0,,,4.2669677734e-01
g5628_g9258_B,sa0,,,4.2669677734e-01
g5639,sa1,0,1,0.0000000000e+00
g4748_g5639_A,sa0,,,0.0000000000e+00
g9276,sa0,30,0,3.7719726563e-01
g9244_g9276_A,sa0,,,3.7719726563e-01
g5649_g9276_B,sa0,,,3.7719726563e-01
g5649,sa0,30,0,1.2207031250e-03
g4748_g5649_A,sa1,,,1.2207031250e-03
g9248,sa1,30,0,1.1596679688e-03
II15978,sa0,,,1.1596679688e-03
g9235,sa1,,,1.1596679688e-03
II15959,sa0,,,1.1596679688e-03
g9217,sa1,,,1.1596679688e-03
II15927,sa0,,,1.1596679688e-03
g9208,sa1,,,1.1596679688e-03
g9198,sa0,,,1.1596679688e-03
g9187,sa1,,,1.1596679688e-03
II15839,sa0,,,1.1596679688e-03
g9168_II15839_A,sa1,,,1.1596679688e-03
g5658,sa0,30,0,1.3732910156e-03
g4748_g5658_A,sa1,,,1.3732910156e-03
g9329,sa1,30,0,1.2207031250e-03
g9317,sa0,,,1.2207031250e-03
g9306,sa1,,,1.2207031250e-03
II16036,sa0,,,1.2207031250e-03
g9282_II16036_A,sa1,,,1.2207031250e-03
g9348,sa0,30,0,3.7777709961e-01
g9333,sa0,,,3.7777709961e-01
g9323,sa1,,,3.7777709961e-01
g9315,sa0,,,3.7777709961e-01
II16061,sa1,,,3.7777709961e-01
g9294_II16061_A,sa0,,,3.7777709961e-01
g6229,sa0,,,3.7777709961e-01
g5665_g6229_A,sa1,,,3.7777709961e-01
g4748,sa1,30,0,4.6305656433e-03
g4465,sa0,,,4.6305656433e-03
g3677,sa1,,,4.6305656433e-03
g2485,sa0,,,4.6305656433e-03
g62_g2485_A,sa1,,,4.6305656433e-03
g9384,sa0,30,0,4.5410156250e-02
g9383,sa0,,,4.5410156250e-02
g9380,sa1,,,4.5410156250e-02
g9379,sa0,,,4.5410156250e-02
II16161,sa1,,,4.5410156250e-02
g9363_II16161_A,sa0,,,4.5410156250e-02
g6245,sa0,,,4.5410156250e-02
g5690_g6245_A,sa1,,,4.5410156250e-02
g9383,sa1,30,0,1.0256052017e-02
g9380,sa0,,,1.0256052017e-02
g9379,sa1,,,1.0256052017e-02
II16161,sa0,,,1.0256052017e-02
g9363_II16161_A,sa1,,,1.0256052017e-02
g4497,sa0,16,1,1.2159347534e-04
II8551,sa0,,,1.2159347534e-04
g3430_II8551_A,sa0,,,1.2159347534e-04
g3398_II8551_B,sa0,,,1.2159347534e-04
g3359_II8551_C,sa0,,,1.2159347534e-04
g2106_II8551_D,sa0,,,1.2159347534e-04
II8552,sa0,,,1.2159347534e-04
g3316_II8552_A,sa0,,,1.2159347534e-04
g2057_II8552_B,sa0,,,1.2159347534e-04
g3264_II8552_C,sa0,,,1.2159347534e-04
g1987_II8552_D,sa0,,,1.2159347534e-04
g4469,sa1,30,0,2.5033256412e-01
g3939,sa0,30,0,4.5776367188e-04
II7617,sa0,,,4.5776367188e-04
g3008_II7617_A,sa0,,,4.5776367188e-04
II7616_II7617_B,sa0,,,4.5776367188e-04
II7618,sa0,,,4.5776367188e-04
g1721_II7618_A,sa0,,,4.5776367188e-04
II7616_II7618_B,sa0,,,4.5776367188e-04
g6980,sa1,8,1,2.5000000000e-01
g6745_g6980_A,sa1,,,2.5000000000e-01
g6028_g6980_B,sa1,,,2.5000000000e-01
g7566,sa0,1,1,1.9531250000e-03
g8385,sa0,2,1,6.1035156250e-05
g695_g8385_A,sa0,,,6.1035156250e-05
g7811_g8385_B,sa0,,,6.1035156250e-05
g8655,sa0,30,0,7.7514648438e-01
g8439,sa0,2,1,6.1035156250e-05
g699_g8439_A,sa0,,,6.1035156250e-05
g7811_g8439_B,sa0,,,6.1035156250e-05
g8628,sa0,2,1,6.1035156250e-05
g753,sa0,,,6.1035156250e-05
g8199_g8628_B,sa0,,,6.1035156250e-05
g8457,sa0,2,1,6.1035156250e-05
g724_g8457_A,sa0,,,6.1035156250e-05
g7811_g8457_B,sa0,,,6.1035156250e-05
g8483,sa1,30,0,1.0314941406e-02
g8038,sa0,,,1.0314941406e-02
g7694,sa1,,,1.0314941406e-02
g8268,sa0,2,1,6.1035156250e-05
g4568,sa0,,,6.1035156250e-05
g2904,sa1,,,6.1035156250e-05
g2287,sa0,,,6.1035156250e-05
II6045,sa1,,,6.1035156250e-05
g309_II6045_A,sa0,,,6.1035156250e-05
g7905_g8268_B,sa0,,,6.1035156250e-05
g8277,sa0,2,1,6.1035156250e-05
g162_g8277_A,sa0,,,6.1035156250e-05
g8042_g8277_B,sa0,,,6.1035156250e-05
g8259,sa0,2,1,6.1035156250e-05
g4538,sa0,,,6.1035156250e-05
g2880,sa1,,,6.1035156250e-05
g2234,sa0,,,6.1035156250e-05
II5963,sa1,,,6.1035156250e-05
g225_II5963_A,sa0,,,6.1035156250e-05
g7855_g8259_B,sa0,,,6.1035156250e-05
g8718,sa0,2,1,6.1035156250e-05
g2774_g8718_A,sa0,,,6.1035156250e-05
g8386_g8718_B,sa0,,,6.1035156250e-05
g8286,sa0,2,1,6.1035156250e-05
g180,sa0,,,6.1035156250e-05
g8156_g8286_B,sa0,,,6.1035156250e-05
g8295,sa0,2,1,6.1035156250e-05
g4512,sa0,,,6.1035156250e-05
g2842,sa1,,,6.1035156250e-05
g2209,sa0,,,6.1035156250e-05
II5926,sa1,,,6.1035156250e-05
g297_II5926_A,sa0,,,6.1035156250e-05
g7905_g8295_B,sa0,,,6.1035156250e-05
g8691,sa0,2,1,6.1035156250e-05
g3805_g8691_A,sa0,,,6.1035156250e-05
g8342_g8691_B,sa0,,,6.1035156250e-05
g8709,sa0,2,1,6.1035156250e-05
g2818_g8709_A,sa0,,,6.1035156250e-05
g8386_g8709_B,sa0,,,6.1035156250e-05
g8736,sa0,2,1,6.1035156250e-05
g3771_g8736_A,sa0,,,6.1035156250e-05
g8464_g8736_B,sa0,,,6.1035156250e-05
g8862,sa0,30,0,1.2268066406e-02
g8493,sa0,16,1,1.2159347534e-04
g8041,sa1,,,1.2159347534e-04
g7701,sa0,,,1.2159347534e-04
g7367_g7701_A,sa0,,,1.2159347534e-04
g4497_g7701_B,sa0,,,1.2159347534e-04
g1967,sa1,3,1,5.0000000000e-01
g1432_g1967_A,sa0,,,5.0000000000e-01
g1499,sa1,30,0,4.1345214844e-01
g2966,sa1,4,1,9.1549009085e-05
g1856,sa0,,,9.1549009085e-05
g774,sa1,,,9.1549009085e-05
g1698,sa0,1,1,5.0000000000e-01
II5542,sa1,,,5.0000000000e-01
g1272_II5542_A,sa0,,,5.0000000000e-01
g2949,sa0,5,1,1.2500000000e-01
g822_g2949_A,sa0,,,1.2500000000e-01
g1753_g2949_B,sa0,,,1.2500000000e-01
g2498,sa1,30,0,2.7894973755e-05
II6333,sa0,,,2.7894973755e-05
g1345_II6333_A,sa1,,,2.7894973755e-05
g2777,sa1,3,1,6.1273545725e-05
g1797,sa0,,,6.1273545725e-05
g627,sa1,,,6.1273545725e-05
g4839,sa0,30,0,1.1718750000e-01
g1879_g4839_A,sa0,,,1.1718750000e-01
g4269,sa0,,,1.1718750000e-01
g2354_g4269_A,sa0,,,1.1718750000e-01
g3563_g4269_B,sa0,,,1.1718750000e-01
II8209,sa0,,,1.1718750000e-01
g2298_II8209_A,sa0,,,1.1718750000e-01
g2316_II8209_B,sa0,,,1.1718750000e-01
g2334_II8209_C,sa0,,,1.1718750000e-01
g1949,sa1,8,1,1.2792968750e-01
g1292_g1949_A,sa0,,,1.2792968750e-01
g4883,sa1,30,0,7.3242187500e-03
g4893,sa0,30,0,1.7187500000e-01
g2460_g4893_A,sa0,,,1.7187500000e-01
g4312,sa0,,,1.7187500000e-01
g3666_g4312_A,sa0,,,1.7187500000e-01
g3684_g4312_B,sa0,,,1.7187500000e-01
g3694_g4312_C,sa0,,,1.7187500000e-01
g3707_g4312_D,sa0,,,1.7187500000e-01
g3894,sa0,30,0,2.8610229492e-05
II7460,sa0,,,2.8610229492e-05
g2506_II7460_A,sa0,,,2.8610229492e-05
II7459_II7460_B,sa0,,,2.8610229492e-05
II7461,sa0,,,2.8610229492e-05
g3815_II7461_A,sa0,,,2.8610229492e-05
II7459_II7461_B,sa0,,,2.8610229492e-05
g1958,sa1,5,1,4.8437500000e-01
g786_g1958_A,sa0,,,4.8437500000e-01
g5459,sa1,2,1,5.0000000000e-01
g4882,sa0,,,5.0000000000e-01
g4069,sa1,,,5.0000000000e-01
II7844,sa0,,,5.0000000000e-01
g3784_II7844_A,sa1,,,5.0000000000e-01
g5567,sa1,2,1,4.8828125000e-04
g5469,sa0,2,1,5.0000000000e-01
g4898,sa1,,,5.0000000000e-01
g4079,sa0,,,5.0000000000e-01
II7864,sa1,,,5.0000000000e-01
g3812_II7864_A,sa0,,,5.0000000000e-01
g5477,sa1,2,1,5.0000000000e-01
g4908,sa0,,,5.0000000000e-01
g4088,sa1,,,5.0000000000e-01
II7885,sa0,,,5.0000000000e-01
g2837_II7885_A,sa1,,,5.0000000000e-01
g5874,sa0,1,1,5.0000000000e-01
II10565,sa1,,,5.0000000000e-01
g5402,sa0,,,5.0000000000e-01
g5000,sa1,,,5.0000000000e-01
II9325,sa0,,,5.0000000000e-01
g4242,sa1,,,5.0000000000e-01
II8161,sa0,,,5.0000000000e-01
g3517,sa1,,,5.0000000000e-01
g2283,sa0,,,5.0000000000e-01
II6033,sa1,,,5.0000000000e-01
g3,sa0,,,5.0000000000e-01
g5847,sa0,1,1,5.0000000000e-01
II10552,sa1,,,5.0000000000e-01
g5396,sa0,,,5.0000000000e-01
g4692,sa1,,,5.0000000000e-01
II8971,sa0,,,5.0000000000e-01
g4464,sa1,,,5.0000000000e-01
II8486,sa0,,,5.0000000000e-01
g2824,sa1,,,5.0000000000e-01
g1688,sa0,,,5.0000000000e-01
II5535,sa1,,,5.0000000000e-01
g48,sa0,,,5.0000000000e-01
g5918,sa1,1,1,5.0000000000e-01
II10574,sa0,,,5.0000000000e-01
g5426,sa1,,,5.0000000000e-01
g5013,sa0,,,5.0000000000e-01
II9341,sa1,,,5.0000000000e-01
g4251,sa0,,,5.0000000000e-01
II8180,sa1,,,5.0000000000e-01
g3529,sa0,,,5.0000000000e-01
g2323,sa1,,,5.0000000000e-01
II6112,sa0,,,5.0000000000e-01
g4,sa1,,,5.0000000000e-01
g1977,sa0,11,1,2.5000000000e-01
g1357_g1977_A,sa1,,,2.5000000000e-01
g7683,sa0,2,1,3.0517578125e-05
g1061_g7683_A,sa0,,,3.0517578125e-05
g7429_g7683_B,sa0,,,3.0517578125e-05
g7628,sa1,30,0,1.0406494141e-02
g9168,sa0,30,0,7.0562744141e-01
II15899,sa1,30,0,7.1525573730e-06
g3885,sa0,6,1,4.3750000000e-01
g3264_II8015_C,sa1,10,1,9.3102455139e-05
g3287_II8020_B,sa1,16,1,1.2159347534e-04
g2074_II8046_A,sa1,0,1,0.0000000000e+00
g3316_II8064_A,sa1,24,1,2.0062306430e-03
g2137_II8071_C,sa1,17,1,1.9550323486e-03
g2074_II8109_A,sa1,0,1,0.0000000000e+00
g2149_II8114_B,sa1,30,0,1.5272796154e-03
g2354_II8240_D,sa1,2,1,1.9531250000e-03
g330_g4408_A,sa1,4,1,3.7500000000e-01
g462_g4411_A,sa1,4,1,3.7500000000e-01
g3430_II8436_A,sa1,16,1,1.2159347534e-04
g3430_II8490_A,sa1,5,1,1.2207031250e-04
g2106_II8551_D,sa1,0,1,0.0000000000e+00
g3341_II8612_D,sa1,30,0,1.2129545212e-04
g2074_II8613_A,sa1,16,1,1.1392310262e-04
g4041_II9166_A,sa1,1,1,3.1250000000e-02
g100_g8238_A,sa1,2,1,6.1035156250e-05
g130_g8271_A,sa1,2,1,6.1035156250e-05
g501_g8341_A,sa1,2,1,6.1035156250e-05
g3038_II8224_C,sa0,1,1,3.9062500000e-03
g1163_II8363_B,sa0,1,1,1.5625000000e-02
g1098_II5521_A,sa1,1,1,6.2500000000e-02
g2016_II6844_A,sa1,1,1,6.2500000000e-02
g33_II6923_B,sa1,1,1,6.2500000000e-02
g3222_II7429_A,sa1,13,1,1.0937500000e-01
g3226_II7452_A,sa1,7,1,1.0937500000e-01
g3008_II7616_A,sa1,30,0,4.5776367188e-04
g3229_II8151_A,sa1,7,1,2.1875000000e-01
g38_II8152_A,sa1,3,1,2.1875000000e-01
g1110_II8955_B,sa1,1,1,7.8125000000e-03
g1798,sa0,1,1,5.0000000000e-01
II5654,sa1,,,5.0000000000e-01
g921_II5654_A,sa0,,,5.0000000000e-01
g3859,sa0,1,1,5.0000000000e-01
II7380,sa1,,,5.0000000000e-01
g3461,sa0,,,5.0000000000e-01
II6959,sa1,,,5.0000000000e-01
g1558_II6959_A,sa0,,,5.0000000000e-01
g6648,sa1,1,1,5.0000000000e-01
II11926,sa0,,,5.0000000000e-01
g6190_II11926_A,sa1,,,5.0000000000e-01
g6675,sa1,1,1,5.0000000000e-01
II11981,sa0,,,5.0000000000e-01
g6246_II11981_A,sa1,,,5.0000000000e-01
g6909,sa1,1,1,5.0000000000e-01
II12592,sa0,,,5.0000000000e-01
g1008_II12592_A,sa1,,,5.0000000000e-01
g7287,sa1,1,1,9.7656250000e-04
II13293,sa0,,,9.7656250000e-04
g7159,sa1,,,9.7656250000e-04
II13051,sa0,,,9.7656250000e-04
g6967,sa1,,,9.7656250000e-04
II12696,sa0,,,9.7656250000e-04
g6503,sa1,,,9.7656250000e-04
g7288,sa0,30,0,2.9296875000e-02
II13296,sa1,,,2.9296875000e-02
g7161,sa0,,,2.9296875000e-02
II13057,sa1,,,2.9296875000e-02
g6968,sa0,,,2.9296875000e-02
II12699,sa1,,,2.9296875000e-02
g6504,sa0,,,2.9296875000e-02
g5269_g6504_A,sa0,,,2.9296875000e-02
g5874_g6504_B,sa0,,,2.9296875000e-02
g7729,sa0,1,1,5.0000000000e-01
II14058,sa1,,,5.0000000000e-01
g7544,sa0,,,5.0000000000e-01
II13816,sa1,,,5.0000000000e-01
g7455,sa0,,,5.0000000000e-01
II13613,sa1,,,5.0000000000e-01
g7273,sa0,,,5.0000000000e-01
II13255,sa1,,,5.0000000000e-01
g7057,sa0,,,5.0000000000e-01
g6644,sa1,,,5.0000000000e-01
g6208,sa0,,,5.0000000000e-01
II10965,sa1,,,5.0000000000e-01
g5719_II10965_A,sa0,,,5.0000000000e-01
g8872,sa0,24,1,7.1838378906e-01
II15202,sa1,,,7.1838378906e-01
g8797,sa0,,,7.1838378906e-01
II15003,sa1,,,7.1838378906e-01
g8633,sa0,,,7.1838378906e-01
g8176,sa0,,,7.1838378906e-01
g6232_g8633_B,sa0,,,7.1838378906e-01
g6298,sa0,1,1,5.0000000000e-01
II11221,sa1,,,5.0000000000e-01
g6167,sa0,,,5.0000000000e-01
II10862,sa1,,,5.0000000000e-01
g5364_II10862_A,sa0,,,5.0000000000e-01
g6297,sa1,1,1,5.0000000000e-01
II11218,sa0,,,5.0000000000e-01
g6161,sa1,,,5.0000000000e-01
II10842,sa0,,,5.0000000000e-01
g5701_II10842_A,sa1,,,5.0000000000e-01
g6288,sa1,1,1,5.0000000000e-01
II11191,sa0,,,5.0000000000e-01
g6155,sa1,,,5.0000000000e-01
II10826,sa0,,,5.0000000000e-01
g5434,sa1,,,5.0000000000e-01
g5112,sa0,,,5.0000000000e-01
II9496,sa1,,,5.0000000000e-01
g3971,sa0,,,5.0000000000e-01
II7688,sa1,,,5.0000000000e-01
g3650,sa0,,,5.0000000000e-01
II7126,sa1,,,5.0000000000e-01
g2494,sa0,,,5.0000000000e-01
g9,sa1,,,5.0000000000e-01
g9376,sa0,30,0,7.4945068359e-01
II16154,sa1,,,7.4945068359e-01
g9370,sa0,,,7.4945068359e-01
II16138,sa1,,,7.4945068359e-01
g9358,sa0,,,7.4945068359e-01
g9375,sa1,30,0,1.2207031250e-03
II16151,sa0,,,1.2207031250e-03
g9369,sa1,,,1.2207031250e-03
II16135,sa0,,,1.2207031250e-03
g9357,sa1,,,1.2207031250e-03
g9278,sa1,,,1.2207031250e-03
g9347,sa1,,,1.2207031250e-03
g6289,sa0,1,1,5.0000000000e-01
II11194,sa1,,,5.0000000000e-01
g6243,sa0,,,5.0000000000e-01
II11050,sa1,,,5.0000000000e-01
g5335_II11050_A,sa0,,,5.0000000000e-01
g6378,sa1,5,1,2.5000000000e-01
II11461,sa0,,,2.5000000000e-01
g6094,sa1,,,2.5000000000e-01
II10716,sa0,,,2.5000000000e-01
g5537,sa1,,,2.5000000000e-01
g3617_g5537_A,sa1,,,2.5000000000e-01
g4835,sa1,,,2.5000000000e-01
g6379,sa0,14,1,7.5000000000e-01
II11464,sa1,,,7.5000000000e-01
g6088,sa0,,,7.5000000000e-01
II10708,sa1,,,7.5000000000e-01
g5545,sa0,,,7.5000000000e-01
g3858,sa1,1,1,5.0000000000e-01
II7377,sa0,,,5.0000000000e-01
g3189,sa1,,,5.0000000000e-01
II6864,sa0,,,5.0000000000e-01
g2528_II6864_A,sa1,,,5.0000000000e-01
g6864,sa1,4,1,7.5000000000e-01
II12463,sa0,,,7.5000000000e-01
g6682,sa1,,,7.5000000000e-01
II11994,sa0,,,7.5000000000e-01
g6195,sa1,,,7.5000000000e-01
II10940,sa0,,,7.5000000000e-01
g5489,sa1,,,7.5000000000e-01
g6865,sa0,4,1,2.5000000000e-01
II12466,sa1,,,2.5000000000e-01
g6687,sa0,,,2.5000000000e-01
II12003,sa1,,,2.5000000000e-01
g6202,sa0,,,2.5000000000e-01
II10949,sa1,,,2.5000000000e-01
g5513,sa0,,,2.5000000000e-01
g4889,sa0,,,2.5000000000e-01
II9242,sa0,,,2.5000000000e-01
g2540_II9242_A,sa0,,,2.5000000000e-01
II9241_II9242_B,sa0,,,2.5000000000e-01
II9243,sa0,,,2.5000000000e-01
g4305_II9243_A,sa0,,,2.5000000000e-01
II9241_II9243_B,sa0,,,2.5000000000e-01
g5071,sa0,,,2.5000000000e-01
g4438_g5071_A,sa1,,,2.5000000000e-01
g5739,sa1,30,0,9.3750000000e-01
II10274,sa0,,,9.3750000000e-01
g5524,sa1,,,9.3750000000e-01
II9938,sa0,,,9.3750000000e-01
g4878,sa1,,,9.3750000000e-01
g6874,sa0,2,1,5.0000000000e-01
II12493,sa1,,,5.0000000000e-01
g6587,sa0,,,5.0000000000e-01
II11781,sa1,,,5.0000000000e-01
g6284,sa0,,,5.0000000000e-01
II11164,sa0,,,5.0000000000e-01
g5469_II11164_A,sa0,,,5.0000000000e-01
II11163_II11164_B,sa0,,,5.0000000000e-01
II11165,sa0,,,5.0000000000e-01
g3029_II11165_A,sa0,,,5.0000000000e-01
II11163_II11165_B,sa0,,,5.0000000000e-01
g6873,sa1,2,1,5.0000000000e-01
II12490,sa0,,,5.0000000000e-01
g6625,sa1,,,5.0000000000e-01
II11867,sa0,,,5.0000000000e-01
g6286,sa1,,,5.0000000000e-01
g6891,sa1,2,1,5.0000000000e-01
II12544,sa0,,,5.0000000000e-01
g6617,sa1,,,5.0000000000e-01
II11851,sa0,,,5.0000000000e-01
g6277,sa1,,,5.0000000000e-01
g6883,sa0,2,1,5.0000000000e-01
II12520,sa1,,,5.0000000000e-01
g6622,sa0,,,5.0000000000e-01
II11858,sa1,,,5.0000000000e-01
g6165,sa0,,,5.0000000000e-01
II10855,sa0,,,5.0000000000e-01
g5521_II10855_A,sa0,,,5.0000000000e-01
II10854_II10855_B,sa0,,,5.0000000000e-01
II10856,sa0,,,5.0000000000e-01
g2584_II10856_A,sa0,,,5.0000000000e-01
II10854_II10856_B,sa0,,,5.0000000000e-01
g6882,sa1,2,1,5.0000000000e-01
II12517,sa0,,,5.0000000000e-01
g6613,sa1,,,5.0000000000e-01
II11835,sa0,,,5.0000000000e-01
g6181,sa1,,,5.0000000000e-01
g4659,sa1,1,1,5.0000000000e-01
II8892,sa0,,,5.0000000000e-01
g4115,sa1,,,5.0000000000e-01
II7956,sa0,,,5.0000000000e-01
g2810_II7956_A,sa1,,,5.0000000000e-01
g6387,sa1,1,1,5.0000000000e-01
II11488,sa0,,,5.0000000000e-01
g6034,sa1,,,5.0000000000e-01
II10639,sa0,,,5.0000000000e-01
g5224_II10639_A,sa1,,,5.0000000000e-01
g6388,sa0,1,1,5.0000000000e-01
II11491,sa1,,,5.0000000000e-01
g6010,sa0,,,5.0000000000e-01
II10608,sa1,,,5.0000000000e-01
g5701_II10608_A,sa0,,,5.0000000000e-01
g7773,sa1,30,0,3.6917114258e-01
II14190,sa0,,,3.6917114258e-01
g7531,sa1,,,3.6917114258e-01
II13773,sa0,,,3.6917114258e-01
g7496,sa1,,,3.6917114258e-01
II13666,sa0,,,3.6917114258e-01
g7238,sa1,,,3.6917114258e-01
g7774,sa0,30,0,3.4307861328e-01
II14193,sa1,,,3.4307861328e-01
g7532,sa0,,,3.4307861328e-01
II13776,sa1,,,3.4307861328e-01
g7497,sa0,,,3.4307861328e-01
II13669,sa1,,,3.4307861328e-01
g7240,sa0,,,3.4307861328e-01
g6719,sa0,,,3.4307861328e-01
g6894,sa0,,,3.4307861328e-01
g6525_g6894_A,sa1,,,3.4307861328e-01
g4669,sa0,1,1,1.2500000000e-01
II8922,sa1,,,1.2500000000e-01
g4229,sa0,,,1.2500000000e-01
II8140,sa1,,,1.2500000000e-01
g3429,sa0,,,1.2500000000e-01
g1454_g3429_A,sa0,,,1.2500000000e-01
g1838_g3429_B,sa0,,,1.2500000000e-01
g1444_g3429_C,sa0,,,1.2500000000e-01
g4668,sa1,7,1,8.7500000000e-01
II8919,sa0,,,8.7500000000e-01
g4196,sa1,,,8.7500000000e-01
II8097,sa0,,,8.7500000000e-01
g3237,sa1,,,8.7500000000e-01
g1444_g3237_A,sa1,,,8.7500000000e-01
g1838_g3237_B,sa1,,,8.7500000000e-01
g1454_g3237_C,sa1,,,8.7500000000e-01
g7764,sa1,29,1,9.9804687500e-01
II14163,sa0,,,9.9804687500e-01
g7533,sa1,,,9.9804687500e-01
II13779,sa0,,,9.9804687500e-01
g7406_II13779_A,sa1,,,9.9804687500e-01
g8871,sa1,24,1,8.0468750000e-01
II15199,sa0,,,8.0468750000e-01
g8792,sa1,,,8.0468750000e-01
II14996,sa0,,,8.0468750000e-01
g8510,sa1,,,8.0468750000e-01
II14643,sa0,,,8.0468750000e-01
g7837,sa1,,,8.0468750000e-01
g6855,sa1,5,1,7.5000000000e-01
II12436,sa0,,,7.5000000000e-01
g6635,sa1,,,7.5000000000e-01
II11897,sa0,,,7.5000000000e-01
g6141,sa1,,,7.5000000000e-01
II10786,sa0,,,7.5000000000e-01
g5452,sa1,,,7.5000000000e-01
g8674,sa0,11,1,7.5000000000e-01
II14816,sa1,,,7.5000000000e-01
g8642,sa0,,,7.5000000000e-01
II14732,sa1,,,7.5000000000e-01
g8155,sa0,,,7.5000000000e-01
g6856,sa0,6,1,3.4375000000e-01
II12439,sa1,,,3.4375000000e-01
g6566,sa0,,,3.4375000000e-01
II11740,sa1,,,3.4375000000e-01
g6136,sa0,,,3.4375000000e-01
II10773,sa1,,,3.4375000000e-01
g5708,sa0,,,3.4375000000e-01
g7765,sa0,9,1,3.7500000000e-01
II14166,sa1,,,3.7500000000e-01
g7702,sa0,,,3.7500000000e-01
II13997,sa1,,,3.7500000000e-01
g7432,sa0,,,3.7500000000e-01
II13559,sa1,,,3.7500000000e-01
g7177,sa0,,,3.7500000000e-01
g7016,sa0,,,3.7500000000e-01
g5586,sa0,,,3.7500000000e-01
g4938_g5586_A,sa1,,,3.7500000000e-01
g8673,sa1,12,1,6.2500000000e-01
II14813,sa0,,,6.2500000000e-01
g8640,sa1,,,6.2500000000e-01
II14728,sa0,,,6.2500000000e-01
g8152,sa1,,,6.2500000000e-01
II14388,sa0,,,6.2500000000e-01
g7605,sa1,,,6.2500000000e-01
g6774,sa1,1,1,5.0000000000e-01
II12193,sa0,,,5.0000000000e-01
g6468,sa1,,,5.0000000000e-01
II11622,sa0,,,5.0000000000e-01
g5847_II11622_A,sa1,,,5.0000000000e-01
g6775,sa0,1,1,5.0000000000e-01
II12196,sa1,,,5.0000000000e-01
g6471,sa0,,,5.0000000000e-01
II11627,sa1,,,5.0000000000e-01
g5874_II11627_A,sa0,,,5.0000000000e-01
g7738,sa0,13,1,5.0000000000e-01
II14085,sa1,,,5.0000000000e-01
g7583,sa0,,,5.0000000000e-01
II13894,sa1,,,5.0000000000e-01
g7353,sa0,,,5.0000000000e-01
II13475,sa1,,,5.0000000000e-01
g7125,sa0,,,5.0000000000e-01
II12965,sa1,,,5.0000000000e-01
g6924,sa0,,,5.0000000000e-01
g7737,sa1,11,1,5.0000000000e-01
II14082,sa0,,,5.0000000000e-01
g7539,sa1,,,5.0000000000e-01
II13797,sa0,,,5.0000000000e-01
g7502,sa1,,,5.0000000000e-01
II13682,sa0,,,5.0000000000e-01
g7251,sa1,,,5.0000000000e-01
II13203,sa0,,,5.0000000000e-01
g7088,sa1,,,5.0000000000e-01
g6638,sa1,,,5.0000000000e-01
g6641,sa1,,,5.0000000000e-01
g6783,sa1,1,1,5.0000000000e-01
II12220,sa0,,,5.0000000000e-01
g6645,sa1,,,5.0000000000e-01
II11917,sa0,,,5.0000000000e-01
g5897_II11917_A,sa1,,,5.0000000000e-01
g6784,sa0,1,1,5.0000000000e-01
II12223,sa1,,,5.0000000000e-01
g6655,sa0,,,5.0000000000e-01
II11945,sa1,,,5.0000000000e-01
g5874_II11945_A,sa0,,,5.0000000000e-01
g6792,sa1,1,1,5.0000000000e-01
II12247,sa0,,,5.0000000000e-01
g6646,sa1,,,5.0000000000e-01
II11920,sa0,,,5.0000000000e-01
g5874_II11920_A,sa1,,,5.0000000000e-01
g6793,sa0,1,1,5.0000000000e-01
II12250,sa1,,,5.0000000000e-01
g6651,sa0,,,5.0000000000e-01
II11933,sa1,,,5.0000000000e-01
g5847_II11933_A,sa0,,,5.0000000000e-01
g9087,sa1,15,1,5.0000000000e-01
II15651,sa0,,,5.0000000000e-01
g9056,sa1,,,5.0000000000e-01
II15562,sa0,,,5.0000000000e-01
g8979,sa1,,,5.0000000000e-01
g8919,sa1,,,5.0000000000e-01
g8813,sa1,,,5.0000000000e-01
g9088,sa0,18,1,5.0000000000e-01
II15654,sa1,,,5.0000000000e-01
g9057,sa0,,,5.0000000000e-01
II15565,sa1,,,5.0000000000e-01
g8980,sa0,,,5.0000000000e-01
g9096,sa1,15,1,5.0000000000e-01
II15678,sa0,,,5.0000000000e-01
g9060,sa1,,,5.0000000000e-01
II15574,sa0,,,5.0000000000e-01
g8983,sa1,,,5.0000000000e-01
g8923,sa1,,,5.0000000000e-01
g8821,sa1,,,5.0000000000e-01
g9097,sa0,19,1,5.0000000000e-01
II15681,sa1,,,5.0000000000e-01
g9063,sa0,,,5.0000000000e-01
II15583,sa1,,,5.0000000000e-01
g8986,sa0,,,5.0000000000e-01
g6369,sa1,4,1,5.0000000000e-01
II11434,sa0,,,5.0000000000e-01
g5789,sa1,,,5.0000000000e-01
II10412,sa0,,,5.0000000000e-01
g5205,sa1,,,5.0000000000e-01
g5034,sa1,,,5.0000000000e-01
g4380,sa1,,,5.0000000000e-01
g3849,sa1,1,1,5.0000000000e-01
II7350,sa0,,,5.0000000000e-01
g2971,sa1,,,5.0000000000e-01
II6723,sa0,,,5.0000000000e-01
g2052_II6723_A,sa1,,,5.0000000000e-01
g6819,sa1,1,1,5.0000000000e-01
II12328,sa0,,,5.0000000000e-01
g6760,sa1,,,5.0000000000e-01
II12151,sa0,,,5.0000000000e-01
g5847_II12151_A,sa1,,,5.0000000000e-01
g6828,sa1,1,1,5.0000000000e-01
II12355,sa0,,,5.0000000000e-01
g6756,sa1,,,5.0000000000e-01
II12141,sa0,,,5.0000000000e-01
g5897_II12141_A,sa1,,,5.0000000000e-01
g6829,sa0,1,1,5.0000000000e-01
II12358,sa1,,,5.0000000000e-01
g6761,sa0,,,5.0000000000e-01
II12154,sa1,,,5.0000000000e-01
g5874_II12154_A,sa0,,,5.0000000000e-01
g7746,sa1,11,1,5.0000000000e-01
II14109,sa0,,,5.0000000000e-01
g7590,sa1,,,5.0000000000e-01
II13915,sa0,,,5.0000000000e-01
g7360,sa1,,,5.0000000000e-01
II13496,sa0,,,5.0000000000e-01
g7133,sa1,,,5.0000000000e-01
II12983,sa0,,,5.0000000000e-01
g6930,sa1,,,5.0000000000e-01
g6414,sa1,,,5.0000000000e-01
g6420,sa1,,,5.0000000000e-01
g7747,sa0,18,1,5.0000000000e-01
II14112,sa1,,,5.0000000000e-01
g7560,sa0,,,5.0000000000e-01
II13854,sa1,,,5.0000000000e-01
g7327,sa0,,,5.0000000000e-01
II13403,sa1,,,5.0000000000e-01
g7269,sa0,,,5.0000000000e-01
II13247,sa1,,,5.0000000000e-01
g6906,sa0,,,5.0000000000e-01
g7755,sa1,11,1,5.0000000000e-01
II14136,sa0,,,5.0000000000e-01
g7633,sa1,,,5.0000000000e-01
II13962,sa0,,,5.0000000000e-01
g7413,sa1,,,5.0000000000e-01
II13524,sa0,,,5.0000000000e-01
g7151,sa1,,,5.0000000000e-01
II13035,sa0,,,5.0000000000e-01
g6964,sa1,,,5.0000000000e-01
g6447,sa1,,,5.0000000000e-01
g6448,sa1,,,5.0000000000e-01
g6837,sa1,1,1,5.0000000000e-01
II12382,sa0,,,5.0000000000e-01
g6772,sa1,,,5.0000000000e-01
II12187,sa0,,,5.0000000000e-01
g5897_II12187_A,sa1,,,5.0000000000e-01
g6838,sa0,1,1,5.0000000000e-01
II12385,sa1,,,5.0000000000e-01
g6397,sa0,,,5.0000000000e-01
II11512,sa1,,,5.0000000000e-01
g5874_II11512_A,sa0,,,5.0000000000e-01
g6846,sa1,1,1,5.0000000000e-01
II12409,sa0,,,5.0000000000e-01
g6398,sa1,,,5.0000000000e-01
II11515,sa0,,,5.0000000000e-01
g5897_II11515_A,sa1,,,5.0000000000e-01
g6847,sa0,1,1,5.0000000000e-01
II12412,sa1,,,5.0000000000e-01
g6404,sa0,,,5.0000000000e-01
II11525,sa1,,,5.0000000000e-01
g5874_II11525_A,sa0,,,5.0000000000e-01
g7756,sa0,1,1,2.5000000000e-01
II14139,sa1,,,2.5000000000e-01
g7548,sa0,,,2.5000000000e-01
II13828,sa1,,,2.5000000000e-01
g7321,sa0,,,2.5000000000e-01
g7296,sa1,7,1,5.0000000000e-01
II13320,sa0,,,5.0000000000e-01
g7139,sa1,,,5.0000000000e-01
II12999,sa0,,,5.0000000000e-01
g7029,sa1,,,5.0000000000e-01
g6433,sa1,,,5.0000000000e-01
g5765,sa1,,,5.0000000000e-01
g7297,sa0,7,1,5.0000000000e-01
II13323,sa1,,,5.0000000000e-01
g7145,sa0,,,5.0000000000e-01
II13023,sa1,,,5.0000000000e-01
g7040,sa0,,,5.0000000000e-01
g8664,sa1,1,1,1.2500000000e-01
II14786,sa0,,,1.2500000000e-01
g8606,sa1,,,1.2500000000e-01
II14683,sa0,,,1.2500000000e-01
g7825,sa1,,,1.2500000000e-01
g4801,sa1,,,1.2500000000e-01
II9126,sa0,,,1.2500000000e-01
g3870,sa1,,,1.2500000000e-01
g3466_g3870_A,sa0,,,1.2500000000e-01
g7615,sa1,,,1.2500000000e-01
g8665,sa0,4,1,5.0000000000e-01
II14789,sa1,,,5.0000000000e-01
g8544,sa0,,,5.0000000000e-01
II14657,sa1,,,5.0000000000e-01
g7782,sa0,,,5.0000000000e-01
g7099,sa0,30,0,5.6858825684e-01
II12885,sa1,,,5.6858825684e-01
g6946,sa0,,,5.6858825684e-01
II12649,sa1,,,5.6858825684e-01
g6457,sa0,,,5.6858825684e-01
g2976,sa1,1,1,5.0000000000e-01
II6728,sa0,,,5.0000000000e-01
g1959,sa1,,,5.0000000000e-01
g1252,sa0,,,5.0000000000e-01
g4938,sa1,30,0,6.2498474121e-01
II9310,sa0,,,6.2498474121e-01
g4268,sa1,,,6.2498474121e-01
g5299,sa0,3,1,7.5000000000e-01
II9804,sa1,,,7.5000000000e-01
g5113,sa0,,,7.5000000000e-01
II9499,sa1,,,7.5000000000e-01
g4382,sa0,,,7.5000000000e-01
II8373,sa1,,,7.5000000000e-01
g3783,sa0,,,7.5000000000e-01
II7255,sa1,,,7.5000000000e-01
g1955_II7255_A,sa0,,,7.5000000000e-01
g5397,sa1,1,1,5.0000000000e-01
g5076,sa0,,,5.0000000000e-01
II9446,sa1,,,5.0000000000e-01
g3926,sa0,,,5.0000000000e-01
II7581,sa1,,,5.0000000000e-01
g3612,sa0,,,5.0000000000e-01
II7082,sa1,,,5.0000000000e-01
g2470,sa0,,,5.0000000000e-01
g42,sa1,,,5.0000000000e-01
g1888,sa0,12,1,4.8437500000e-01
g781,sa1,,,4.8437500000e-01
g6198,sa1,7,1,4.9609375000e-01
g5335_g6198_A,sa0,,,4.9609375000e-01
g6639,sa1,7,1,4.9609375000e-01
g6198_g6639_A,sa0,,,4.9609375000e-01
g1789,sa0,1,1,5.0000000000e-01
g1034_g1789_A,sa1,,,5.0000000000e-01
g5586,sa1,8,1,1.2500000000e-01
g4938_g5586_A,sa0,,,1.2500000000e-01
g7098,sa1,21,1,6.2683105469e-02
g6525_g7098_A,sa0,,,6.2683105469e-02
g7189,sa0,2,1,5.0781250000e-01
II13109,sa1,,,5.0781250000e-01
g7059,sa0,,,5.0781250000e-01
g6538_g7059_A,sa1,,,5.0781250000e-01
g8619,sa1,17,1,2.4902343750e-01
II14695,sa0,,,2.4902343750e-01
g8016,sa1,,,2.4902343750e-01
II14311,sa0,,,2.4902343750e-01
g7566_II14311_A,sa1,,,2.4902343750e-01
g9267,sa1,30,0,1.1596679688e-03
g9251,sa1,,,1.1596679688e-03
g6225,sa1,,,1.1596679688e-03
II11014,sa0,,,1.1596679688e-03
g5621,sa1,,,1.1596679688e-03
g4748_g5621_A,sa0,,,1.1596679688e-03
g9285,sa1,30,0,1.2207031250e-03
g9271,sa1,,,1.2207031250e-03
g6221,sa1,,,1.2207031250e-03
II11004,sa0,,,1.2207031250e-03
g5613,sa1,,,1.2207031250e-03
g4748_g5613_A,sa0,,,1.2207031250e-03
g9294,sa1,30,0,1.3427734375e-03
g9274,sa1,,,1.3427734375e-03
g6230,sa1,,,1.3427734375e-03
II11025,sa0,,,1.3427734375e-03
g5638,sa1,,,1.3427734375e-03
g4748_g5638_A,sa0,,,1.3427734375e-03
g3498,sa1,1,1,3.1250000000e-02
g1616_g3498_A,sa0,,,3.1250000000e-02
g2769,sa1,13,1,1.2500000000e-01
g2424_g2769_A,sa0,,,1.2500000000e-01
g2689,sa0,20,1,5.4931640625e-04
g1670,sa1,,,5.4931640625e-04
g1489_g1670_A,sa0,,,5.4931640625e-04
g3579,sa1,2,1,3.9062500000e-03
g1929_g3579_A,sa0,,,3.9062500000e-03
g3768,sa1,4,1,1.9531250000e-03
g2253_g3768_A,sa0,,,1.9531250000e-03
g1987,sa0,30,0,3.0668377876e-03
II5842,sa1,,,3.0668377876e-03
g68_II5842_A,sa0,,,3.0668377876e-03
g4596,sa1,1,1,6.2500000000e-02
g3466_g4596_A,sa0,,,6.2500000000e-02
g3876,sa1,1,1,6.2500000000e-02
g3466_g3876_A,sa0,,,6.2500000000e-02
g3777,sa1,2,1,6.1035156250e-05
g2170_g3777_A,sa0,,,6.1035156250e-05
g3948,sa1,3,1,1.8750000000e-01
g3131_g3948_A,sa0,,,1.8750000000e-01
g3966,sa1,3,1,1.8750000000e-01
g3160_g3966_A,sa0,,,1.8750000000e-01
g3975,sa1,3,1,1.8750000000e-01
g3131_g3975_A,sa0,,,1.8750000000e-01
g3993,sa1,3,1,1.8750000000e-01
g3192_g3993_A,sa0,,,1.8750000000e-01
g4686,sa1,5,1,1.2500000000e-01
g5595,sa1,18,1,2.5000000000e-01
g5478,sa1,1,1,2.5000000000e-01
g5025,sa0,,,2.5000000000e-01
II9363,sa1,,,2.5000000000e-01
g4258,sa0,,,2.5000000000e-01
II8193,sa1,,,2.5000000000e-01
g3547,sa0,,,2.5000000000e-01
g2345,sa1,,,2.5000000000e-01
II6151,sa0,,,2.5000000000e-01
g12,sa1,,,2.5000000000e-01
g5199,sa1,22,1,1.5716552734e-03
g4841_g5199_A,sa0,,,1.5716552734e-03
g6757,sa0,1,1,9.7656250000e-04
g5874_g6757_A,sa0,,,9.7656250000e-04
g5412_g6757_B,sa0,,,9.7656250000e-04
g6478,sa0,5,1,1.2577819824e-01
II11638,sa1,,,1.2577819824e-01
g5847_II11638_A,sa0,,,1.2577819824e-01
g6991,sa0,5,1,4.8437500000e-01
g5689,sa0,,,4.8437500000e-01
II10197,sa0,,,4.8437500000e-01
g4724_II10197_A,sa0,,,4.8437500000e-01
II10196_II10197_B,sa0,,,4.8437500000e-01
II10198,sa0,,,4.8437500000e-01
g1958_II10198_A,sa0,,,4.8437500000e-01
II10196_II10198_B,sa0,,,4.8437500000e-01
g6520_g6991_B,sa0,,,4.8437500000e-01
g3678,sa1,9,1,2.5000000000e-01
g6487,sa0,7,1,6.2500000000e-02
g5750,sa0,,,6.2500000000e-02
II10314,sa0,,,6.2500000000e-02
g5484_II10314_A,sa0,,,6.2500000000e-02
II10313_II10314_B,sa0,,,6.2500000000e-02
II10315,sa0,,,6.2500000000e-02
g1041_II10315_A,sa0,,,6.2500000000e-02
II10313_II10315_B,sa0,,,6.2500000000e-02
g4969_g6487_B,sa0,,,6.2500000000e-02
g7575,sa1,2,1,3.9062500000e-03
g7323,sa1,,,3.9062500000e-03
g7142,sa1,,,3.9062500000e-03
II13012,sa0,,,3.9062500000e-03
g7071_II13012_A,sa1,,,3.9062500000e-03
g7476,sa1,4,1,1.2504577637e-01
g7229,sa0,,,1.2504577637e-01
g6938,sa1,,,1.2504577637e-01
II12635,sa0,,,1.2504577637e-01
g6509,sa1,,,1.2504577637e-01
II11689,sa0,,,1.2504577637e-01
g5956_II11689_A,sa1,,,1.2504577637e-01
g7467,sa1,4,1,1.2504577637e-01
g7236,sa0,,,1.2504577637e-01
g6944,sa1,,,1.2504577637e-01
II12643,sa0,,,1.2504577637e-01
g6501,sa1,,,1.2504577637e-01
II11669,sa0,,,1.2504577637e-01
g5918_II11669_A,sa1,,,1.2504577637e-01
g4569,sa1,2,1,6.1035156250e-05
g2906,sa0,,,6.1035156250e-05
g2288,sa1,,,6.1035156250e-05
II6048,sa0,,,6.1035156250e-05
g387_II6048_A,sa1,,,6.1035156250e-05
g2787,sa1,2,1,5.0000000000e-01
g1807,sa0,,,5.0000000000e-01
g619,sa1,,,5.0000000000e-01
g8637,sa1,14,1,3.7500000000e-01
g6057,sa1,,,3.7500000000e-01
g8071,sa1,,,3.7500000000e-01
g8827,sa0,26,1,4.9993896484e-01
g498_g8827_A,sa0,,,4.9993896484e-01
g8585_g8827_B,sa0,,,4.9993896484e-01
g8836,sa0,26,1,4.9993896484e-01
g348_g8836_A,sa0,,,4.9993896484e-01
g8545_g8836_B,sa0,,,4.9993896484e-01
g8845,sa0,26,1,4.9993896484e-01
g432_g8845_A,sa0,,,4.9993896484e-01
g8564_g8845_B,sa0,,,4.9993896484e-01
g8854,sa0,26,1,4.9993896484e-01
g443_g8854_A,sa0,,,4.9993896484e-01
g8564_g8854_B,sa0,,,4.9993896484e-01
g4578,sa1,2,1,6.1035156250e-05
g2917,sa0,,,6.1035156250e-05
g2309,sa1,,,6.1035156250e-05
II6084,sa0,,,6.1035156250e-05
g240_II6084_A,sa1,,,6.1035156250e-05
g4587,sa1,2,1,6.1035156250e-05
g2928,sa0,,,6.1035156250e-05
g2326,sa1,,,6.1035156250e-05
II6121,sa0,,,6.1035156250e-05
g321_II6121_A,sa1,,,6.1035156250e-05
g8754,sa1,30,0,9.1552734375e-04
g8524_g8754_A,sa0,,,9.1552734375e-04
g8926,sa0,2,1,6.1035156250e-05
g4593,sa0,,,6.1035156250e-05
g2939,sa1,,,6.1035156250e-05
g2348,sa0,,,6.1035156250e-05
II6160,sa1,,,6.1035156250e-05
g324_II6160_A,sa0,,,6.1035156250e-05
g8755,sa0,,,6.1035156250e-05
g8545_g8755_A,sa1,,,6.1035156250e-05
g3867,sa1,2,1,6.1035156250e-05
g2946,sa0,,,6.1035156250e-05
g2365,sa1,,,6.1035156250e-05
II6195,sa0,,,6.1035156250e-05
g405_II6195_A,sa1,,,6.1035156250e-05
g8935,sa0,2,1,6.1035156250e-05
g3874,sa0,,,6.1035156250e-05
g2957,sa1,,,6.1035156250e-05
g2376,sa0,,,6.1035156250e-05
II6226,sa1,,,6.1035156250e-05
g408_II6226_A,sa0,,,6.1035156250e-05
g8767,sa0,,,6.1035156250e-05
g8564_g8767_A,sa1,,,6.1035156250e-05
g8772,sa1,30,0,9.1552734375e-04
g8585_g8772_A,sa0,,,9.1552734375e-04
g8781,sa1,30,0,9.1552734375e-04
g8585_g8781_A,sa0,,,9.1552734375e-04
g8944,sa0,2,1,6.1035156250e-05
g4539,sa0,,,6.1035156250e-05
g2881,sa1,,,6.1035156250e-05
g2235,sa0,,,6.1035156250e-05
II5966,sa1,,,6.1035156250e-05
g278_II5966_A,sa0,,,6.1035156250e-05
g8783,sa0,,,6.1035156250e-05
g8524_g8783_A,sa1,,,6.1035156250e-05
g8790,sa1,30,0,9.1552734375e-04
g8585_g8790_A,sa0,,,9.1552734375e-04
g8763,sa1,18,1,6.1035156250e-04
g8232,sa1,,,6.1035156250e-04
g8199_g8232_A,sa1,,,6.1035156250e-04
II14479,sa1,,,6.1035156250e-04
g7993_II14479_A,sa1,,,6.1035156250e-04
g7966_II14479_B,sa1,,,6.1035156250e-04
g7793_II14479_C,sa1,,,6.1035156250e-04
g7811_II14479_D,sa1,,,6.1035156250e-04
II14480,sa1,,,6.1035156250e-04
g7937_II14480_A,sa1,,,6.1035156250e-04
g7887_II14480_B,sa1,,,6.1035156250e-04
g8029_II14480_C,sa1,,,6.1035156250e-04
g8018_II14480_D,sa1,,,6.1035156250e-04
II14941,sa1,,,6.1035156250e-04
g8275,sa1,,,6.1035156250e-04
g8323,sa1,,,6.1035156250e-04
g8459,sa1,,,6.1035156250e-04
g8380,sa1,,,6.1035156250e-04
II14942,sa1,,,6.1035156250e-04
g8439,sa1,,,6.1035156250e-04
g8440,sa1,,,6.1035156250e-04
g8405,sa1,,,6.1035156250e-04
g8460,sa1,,,6.1035156250e-04
g8962,sa0,30,0,7.8735351563e-03
g8890,sa0,,,7.8735351563e-03
g5317_g8962_B,sa0,,,7.8735351563e-03
g8764,sa0,14,1,6.2500000000e-02
g8231,sa0,,,6.2500000000e-02
II14473,sa0,,,6.2500000000e-02
g8147_II14473_A,sa0,,,6.2500000000e-02
II14472_II14473_B,sa0,,,6.2500000000e-02
II14474,sa0,,,6.2500000000e-02
g1069_II14474_A,sa0,,,6.2500000000e-02
II14472_II14474_B,sa0,,,6.2500000000e-02
g4969_g8764_B,sa0,,,6.2500000000e-02
g8907,sa1,12,1,6.1035156250e-04
g8081,sa1,,,6.1035156250e-04
g8064,sa1,,,6.1035156250e-04
g8707,sa1,,,6.1035156250e-04
g7658_g8707_A,sa1,,,6.1035156250e-04
g8613_g8707_B,sa1,,,6.1035156250e-04
g7634_g8707_C,sa1,,,6.1035156250e-04
g8089,sa0,2,1,6.1035156250e-05
g840_g8089_A,sa0,,,6.1035156250e-05
g7658_g8089_B,sa0,,,6.1035156250e-05
g8737,sa0,2,1,6.1035156250e-05
g2992_g8737_A,sa0,,,6.1035156250e-05
g8493_g8737_B,sa0,,,6.1035156250e-05
g8728,sa0,2,1,6.1035156250e-05
g3815_g8728_A,sa0,,,6.1035156250e-05
g8464_g8728_B,sa0,,,6.1035156250e-05
g8953,sa0,30,0,8.1707763672e-01
g8758,sa0,,,8.1707763672e-01
g6093,sa0,,,8.1707763672e-01
g5345_g6093_A,sa1,,,8.1707763672e-01
g9259,sa0,30,0,3.7719726563e-01
g9230_g9259_A,sa0,,,3.7719726563e-01
g5639_g9259_B,sa0,,,3.7719726563e-01
g5649,sa1,0,1,0.0000000000e+00
g4748_g5649_A,sa0,,,0.0000000000e+00
g9277,sa0,30,0,3.7719726563e-01
g9248_g9277_A,sa0,,,3.7719726563e-01
g5654_g9277_B,sa0,,,3.7719726563e-01
g5658,sa1,0,1,0.0000000000e+00
g4748_g5658_A,sa0,,,0.0000000000e+00
g5757,sa1,30,0,1.0375976563e-03
g5261_g5757_A,sa0,,,1.0375976563e-03
g9349,sa0,30,0,4.5410156250e-02
g9340_g9349_A,sa0,,,4.5410156250e-02
g5690_g9349_B,sa0,,,4.5410156250e-02
g2995,sa0,2,1,1.2500000000e-01
II6740,sa0,,,1.2500000000e-01
g195_II6740_A,sa0,,,1.2500000000e-01
II6739_II6740_B,sa0,,,1.2500000000e-01
II6741,sa0,,,1.2500000000e-01
g1970_II6741_A,sa0,,,1.2500000000e-01
II6739_II6741_B,sa0,,,1.2500000000e-01
g4497,sa1,30,0,2.5033256412e-01
g4786,sa0,30,0,5.0747394562e-03
g3895,sa0,30,0,4.5776367188e-04
II7467,sa0,,,4.5776367188e-04
g2982_II7467_A,sa0,,,4.5776367188e-04
II7466_II7467_B,sa0,,,4.5776367188e-04
II7468,sa0,,,4.5776367188e-04
g1704_II7468_A,sa0,,,4.5776367188e-04
II7466_II7468_B,sa0,,,4.5776367188e-04
g7566,sa1,29,1,9.9804687500e-01
g7421,sa1,,,9.9804687500e-01
g6745_g7421_A,sa1,,,9.9804687500e-01
g7202_g7421_B,sa1,,,9.9804687500e-01
g1597_g7566_B,sa1,,,9.9804687500e-01
g8278,sa0,2,1,6.1035156250e-05
g4589,sa0,,,6.1035156250e-05
g2930,sa1,,,6.1035156250e-05
g2328,sa0,,,6.1035156250e-05
II6127,sa1,,,6.1035156250e-05
g471_II6127_A,sa0,,,6.1035156250e-05
g7993_g8278_B,sa0,,,6.1035156250e-05
g8458,sa0,2,1,6.1035156250e-05
g756,sa0,,,6.1035156250e-05
g8199_g8458_B,sa0,,,6.1035156250e-05
g8359,sa0,2,1,6.1035156250e-05
g642_g8359_A,sa0,,,6.1035156250e-05
g7793_g8359_B,sa0,,,6.1035156250e-05
g8377,sa0,2,1,6.1035156250e-05
g507_g8377_A,sa0,,,6.1035156250e-05
g7966_g8377_B,sa0,,,6.1035156250e-05
g8656,sa0,30,0,7.3730468750e-01
g7855,sa0,9,1,1.2207031250e-04
II14267,sa1,,,1.2207031250e-04
g7695,sa0,,,1.2207031250e-04
g7367_g7695_A,sa0,,,1.2207031250e-04
g4466_g7695_B,sa0,,,1.2207031250e-04
g8386,sa0,16,1,1.2159347534e-04
g8014,sa1,,,1.2159347534e-04
g7564,sa0,,,1.2159347534e-04
g7367_g7564_A,sa0,,,1.2159347534e-04
g4172_g7564_B,sa0,,,1.2159347534e-04
g8818,sa0,30,0,7.5683593750e-03
g8269,sa0,2,1,6.1035156250e-05
g4569,sa0,,,6.1035156250e-05
g2906,sa1,,,6.1035156250e-05
g2288,sa0,,,6.1035156250e-05
II6048,sa1,,,6.1035156250e-05
g387_II6048_A,sa0,,,6.1035156250e-05
g7951_g8269_B,sa0,,,6.1035156250e-05
g8719,sa0,2,1,6.1035156250e-05
g2821_g8719_A,sa0,,,6.1035156250e-05
g8443_g8719_B,sa0,,,6.1035156250e-05
g8296,sa0,2,1,6.1035156250e-05
g351_g8296_A,sa0,,,6.1035156250e-05
g7870_g8296_B,sa0,,,6.1035156250e-05
g8692,sa0,2,1,6.1035156250e-05
g3462_g8692_A,sa0,,,6.1035156250e-05
g8363_g8692_B,sa0,,,6.1035156250e-05
g8287,sa0,2,1,6.1035156250e-05
g4500,sa0,,,6.1035156250e-05
g2832,sa1,,,6.1035156250e-05
g2184,sa0,,,6.1035156250e-05
II5911,sa1,,,6.1035156250e-05
g216_II5911_A,sa0,,,6.1035156250e-05
g7855_g8287_B,sa0,,,6.1035156250e-05
g8863,sa0,30,0,1.0375976563e-02
g8493,sa1,30,0,6.3543319702e-03
g8041,sa0,,,6.3543319702e-03
g7701,sa1,,,6.3543319702e-03
g3787,sa0,3,1,6.1988714151e-05
g1842,sa1,,,6.1988714151e-05
g764,sa0,,,6.1988714151e-05
g1698,sa1,1,1,5.0000000000e-01
II5542,sa0,,,5.0000000000e-01
g1272_II5542_A,sa1,,,5.0000000000e-01
g2949,sa1,30,0,6.5625000000e-01
g2986,sa0,5,1,7.0312500000e-02
g806_g2986_A,sa0,,,7.0312500000e-02
g1739_g2986_B,sa0,,,7.0312500000e-02
g4839,sa1,2,1,7.8125000000e-03
g1879,sa0,3,1,7.8125000000e-03
II5763,sa1,,,7.8125000000e-03
g1207_II5763_A,sa0,,,7.8125000000e-03
g5568,sa1,1,1,3.0517578125e-05
g4893,sa1,4,1,1.5625000000e-02
g4884,sa1,30,0,7.1525573730e-06
g4492,sa1,,,7.1525573730e-06
g4476,sa1,,,7.1525573730e-06
g4456,sa1,,,7.1525573730e-06
g4294,sa1,,,7.1525573730e-06
g3886,sa0,30,0,2.8610229492e-05
II7422,sa0,,,2.8610229492e-05
g2525_II7422_A,sa0,,,2.8610229492e-05
II7421_II7422_B,sa0,,,2.8610229492e-05
II7423,sa0,,,2.8610229492e-05
g2703_II7423_A,sa0,,,2.8610229492e-05
II7421_II7423_B,sa0,,,2.8610229492e-05
g5469,sa1,2,1,5.0000000000e-01
g4898,sa0,,,5.0000000000e-01
g4079,sa1,,,5.0000000000e-01
II7864,sa0,,,5.0000000000e-01
g3812_II7864_A,sa1,,,5.0000000000e-01
g6559,sa0,30,0,2.9968261719e-02
g5814_g6559_A,sa0,,,2.9968261719e-02
g6109,sa0,,,2.9968261719e-02
g5453_g6109_A,sa0,,,2.9968261719e-02
g5335_g6109_B,sa0,,,2.9968261719e-02
g5874,sa1,1,1,5.0000000000e-01
II10565,sa0,,,5.0000000000e-01
g5402,sa1,,,5.0000000000e-01
g5000,sa0,,,5.0000000000e-01
II9325,sa1,,,5.0000000000e-01
g4242,sa0,,,5.0000000000e-01
II8161,sa1,,,5.0000000000e-01
g3517,sa0,,,5.0000000000e-01
g2283,sa1,,,5.0000000000e-01
II6033,sa0,,,5.0000000000e-01
g3,sa1,,,5.0000000000e-01
g5847,sa1,1,1,5.0000000000e-01
II10552,sa0,,,5.0000000000e-01
g5396,sa1,,,5.0000000000e-01
g4692,sa0,,,5.0000000000e-01
II8971,sa1,,,5.0000000000e-01
g4464,sa0,,,5.0000000000e-01
II8486,sa1,,,5.0000000000e-01
g2824,sa0,,,5.0000000000e-01
g1688,sa1,,,5.0000000000e-01
II5535,sa0,,,5.0000000000e-01
g48,sa1,,,5.0000000000e-01
g5956,sa0,1,1,5.0000000000e-01
II10582,sa1,,,5.0000000000e-01
g5437,sa0,,,5.0000000000e-01
g5041,sa1,,,5.0000000000e-01
II9393,sa0,,,5.0000000000e-01
g4266,sa1,,,5.0000000000e-01
II8202,sa0,,,5.0000000000e-01
g3560,sa1,,,5.0000000000e-01
g2361,sa0,,,5.0000000000e-01
II6183,sa1,,,5.0000000000e-01
g6,sa0,,,5.0000000000e-01
g1977,sa1,11,1,2.5000000000e-01
g1357_g1977_A,sa0,,,2.5000000000e-01
g7683,sa1,30,0,4.5776367188e-04
g9168,sa1,30,0,1.0986328125e-03
g9160,sa1,,,1.0986328125e-03
g9025,sa1,,,1.0986328125e-03
