net_name,f_type,cube_cnt,complete,fdp
g102,sa0,30,0,9.3602657318e-02
g111,sa0,24,1,4.6875000000e-01
g310,sa0,30,0,1.2259674218e-01
g102,sa1,30,0,3.2778930664e-01
g301,sa0,30,0,2.5369095802e-01
g111,sa1,24,1,4.6875000000e-01
g310,sa1,30,0,1.2211990356e-01
g301,sa1,30,0,2.5006115437e-01
g410,sa0,30,0,4.9976062775e-01
g230,sa0,30,0,4.5836363967e-05
g500,sa0,8,1,4.9218750093e-01
g212,sa0,30,0,3.0577590223e-05
g131,sa0,25,1,4.6969604492e-01
g122,sa1,5,1,4.3750000000e-01
g114,sa0,16,1,4.6969604492e-01
g123,sa0,29,1,4.6606445313e-01
g402,sa0,30,0,4.9976062775e-01
g410,sa1,30,0,4.9976062775e-01
g230,sa1,30,0,4.5776773874e-05
g500,sa1,8,1,4.9218750093e-01
g212,sa1,30,0,3.0518000131e-05
g131,sa1,26,1,4.6969604492e-01
g114,sa1,20,1,4.6969604492e-01
g123,sa1,29,1,4.6606445313e-01
g430,sa0,30,0,4.9976062775e-01
g402,sa1,30,0,4.9976062775e-01
g520,sa0,30,0,4.9993944169e-01
g3,sa0,5,1,5.0000000000e-01
g610,sa0,2,1,2.5000000000e-01
g331,sa1,5,1,4.3750000000e-01
g314,sa0,30,0,3.4999465942e-01
g107,sa0,30,0,5.6890249252e-03
g323,sa0,21,1,4.6899318695e-01
g332,sa0,30,0,4.6508884430e-01
g430,sa1,30,0,4.9976062775e-01
g422,sa0,30,0,4.9976062775e-01
g520,sa1,30,0,4.9993944168e-01
g242,sa0,30,0,3.0577590223e-05
g512,sa0,7,1,4.9218750093e-01
g224,sa0,30,0,4.5836363967e-05
g260,sa0,30,0,3.0577589825e-05
g3,sa1,5,1,5.0000000000e-01
g602,sa0,1,1,2.5000000000e-01
g610,sa1,2,1,2.5000000000e-01
g341,sa0,30,0,4.5092678070e-01
g143,sa0,30,0,3.6863613129e-01
g152,sa0,30,0,3.6893057823e-01
g161,sa0,30,0,3.6917090416e-01
g170,sa0,30,0,3.6917090416e-01
g702,sa0,1,1,5.0000000000e-01
g306,sa0,30,0,1.8706905095e-01
g314,sa1,30,0,3.4268188477e-01
g107,sa1,30,0,1.1775374413e-02
g323,sa1,30,0,4.6484375000e-01
g332,sa1,30,0,4.6508812904e-01
g441,sa0,30,0,4.9976062775e-01
g414,sa0,30,0,4.9976062775e-01
g422,sa1,30,0,4.9976062775e-01
g242,sa1,30,0,3.7834979594e-10
g512,sa1,7,1,4.9218750000e-01
g224,sa1,30,0,4.5776773874e-05
g504,sa0,7,1,4.9218750093e-01
g260,sa1,30,0,3.0517621752e-05
g602,sa1,1,1,2.5000000000e-01
g341,sa1,30,0,4.5678615570e-01
g135,sa0,25,1,4.6969604492e-01
g143,sa1,30,0,3.6869812012e-01
g152,sa1,30,0,3.6894965172e-01
g161,sa1,30,0,3.6870551109e-01
g170,sa1,30,0,3.6870551109e-01
g702,sa1,1,1,5.0000000000e-01
g306,sa1,30,0,1.8870243430e-01
g117,sa1,5,1,4.3750000000e-01
g406,sa0,30,0,4.9976062775e-01
g441,sa1,30,0,4.9976062775e-01
g414,sa1,30,0,4.9976062775e-01
g370,sa0,5,1,3.6035156250e-01
g541,sa0,30,0,2.4046847921e-01
g504,sa1,7,1,4.9218750000e-01
g532,sa0,6,1,4.8437500186e-01
g613,sa0,3,1,2.5000000000e-01
g135,sa1,26,1,4.6969604492e-01
g622,sa0,6,1,2.5000000000e-01
g631,sa0,9,1,2.5000000000e-01
g361,sa0,30,0,4.6282958984e-01
g118,sa1,5,1,4.3750000000e-01
g128,sa0,26,1,4.6969604492e-01
g119,sa0,4,1,3.7500000000e-01
g434,sa0,2,1,9.1552734375e-05
g406,sa1,30,0,4.9976062775e-01
g461,sa0,30,0,4.9976062775e-01
g551,sa0,20,1,4.9902361631e-01
g370,sa1,5,1,3.6035156250e-01
g541,sa1,30,0,2.4046847921e-01
g524,sa0,30,0,4.9993944169e-01
g236,sa0,30,0,3.0577589428e-05
g218,sa0,30,0,3.0577590223e-05
g532,sa1,6,1,4.8437500000e-01
g254,sa0,30,0,3.0577590223e-05
g7,sa0,5,1,5.0000000000e-01
g613,sa1,3,1,2.5000000000e-01
g290,sa0,30,0,1.4591966524e-11
g353,sa0,30,0,4.6885681152e-01
g622,sa1,6,1,2.5000000000e-01
g650,sa0,1,1,5.0000000000e-01
g631,sa1,9,1,2.5000000000e-01
g361,sa1,30,0,4.6282958984e-01
g326,sa1,5,1,4.3750000000e-01
g128,sa1,26,1,4.6969604492e-01
g119,sa1,4,1,3.7500000000e-01
g434,sa1,2,1,9.1552734375e-05
g453,sa0,30,0,4.9976062775e-01
g426,sa0,30,0,4.9976062775e-01
g461,sa1,30,0,4.9976062775e-01
g560,sa1,2,1,3.6621093750e-04
g551,sa1,20,1,4.9902361631e-01
g390,sa0,5,1,3.6035156250e-01
g524,sa1,30,0,4.9993944168e-01
g516,sa0,30,0,4.9993944169e-01
g236,sa1,30,0,3.0517999335e-05
g218,sa1,30,0,3.0517999335e-05
g254,sa1,30,0,3.7834979594e-10
g7,sa1,5,1,5.0000000000e-01
g345,sa0,30,0,4.6214294434e-01
g642,sa0,1,1,5.0000000000e-01
g290,sa1,30,0,1.4705653362e-11
g291,sa0,30,0,1.4591966524e-11
g606,sa0,1,1,5.0000000000e-01
g353,sa1,30,0,4.4848442078e-01
g650,sa1,1,1,5.0000000000e-01
g471,sa0,30,0,8.0078818370e-02
g327,sa1,5,1,4.3750000000e-01
g319,sa0,30,0,3.9466619492e-03
g193,sa0,7,1,3.6279296875e-01
g157,sa0,5,1,3.6328125000e-01
g166,sa0,5,1,3.6328125000e-01
g175,sa0,5,1,3.6328125000e-01
g184,sa0,5,1,3.6328125000e-01
g445,sa0,30,0,4.9976062775e-01
g418,sa0,30,0,4.9976062775e-01
g453,sa1,30,0,4.9976062775e-01
g426,sa1,30,0,4.9976062775e-01
g561,sa1,2,1,3.6621093750e-04
g148,sa0,5,1,3.6328125000e-01
g382,sa0,5,1,3.6035156250e-01
g390,sa1,5,1,3.6035156250e-01
g328,sa0,4,1,3.7500000000e-01
g516,sa1,30,0,4.9993944168e-01
g508,sa0,7,1,4.9218750093e-01
g634,sa0,1,1,5.0000000000e-01
g345,sa1,30,0,4.6887207031e-01
g616,sa0,4,1,2.5000000000e-01
g642,sa1,1,1,5.0000000000e-01
g291,sa1,30,0,1.4705653362e-11
g292,sa0,30,0,1.9668849882e-11
g139,sa0,26,1,4.6969604492e-01
g606,sa1,1,1,5.0000000000e-01
g625,sa0,7,1,2.5000000000e-01
g571,sa0,1,1,5.0000000000e-01
g471,sa1,30,0,2.5879574358e-02
g266,sa0,1,1,5.0000000000e-01
g319,sa1,30,0,5.7576301042e-03
g338,sa0,30,0,4.6890258789e-01
g193,sa1,7,1,3.6279296875e-01
g157,sa1,5,1,3.6328125000e-01
g166,sa1,5,1,3.6328125000e-01
g175,sa1,5,1,3.6328125000e-01
g184,sa1,5,1,3.6328125000e-01
g536,sa0,30,0,2.4046847921e-01
g437,sa0,30,0,4.9976062775e-01
g445,sa1,30,0,4.9976062775e-01
g418,sa1,30,0,4.9976062775e-01
g562,sa1,2,1,3.6621093750e-04
g545,sa0,20,1,4.9902361631e-01
g554,sa0,20,1,4.9902361631e-01
g293,sa0,30,0,4.9951744080e-01
g148,sa1,5,1,3.6328125000e-01
g374,sa0,5,1,3.6035156250e-01
g382,sa1,5,1,3.6035156250e-01
g328,sa1,4,1,3.7500000000e-01
g248,sa0,30,0,3.0577589428e-05
g508,sa1,7,1,4.9218750000e-01
g634,sa1,1,1,5.0000000000e-01
g616,sa1,4,1,2.5000000000e-01
g284,sa0,30,0,1.4989592900e-11
g292,sa1,30,0,2.3041402120e-11
g139,sa1,26,1,4.6969604492e-01
g625,sa1,7,1,2.5000000000e-01
g571,sa1,1,1,5.0000000000e-01
g590,sa0,30,0,3.0078125000e-01
g266,sa1,1,1,5.0000000000e-01
g338,sa1,30,0,4.6887207031e-01
g492,sa0,30,0,4.4358383119e-01
g536,sa1,30,0,2.4046847921e-01
g437,sa1,30,0,4.9976062775e-01
g563,sa1,2,1,3.6621093750e-04
g564,sa0,1,1,5.0000000000e-01
g672,sa0,1,1,2.5000000000e-01
g545,sa1,20,1,4.9902361631e-01
g554,sa1,20,1,4.9902361631e-01
g293,sa1,30,0,4.9951744080e-01
g374,sa1,5,1,3.6035156250e-01
g366,sa0,5,1,3.6035156250e-01
g465,sa0,5,1,4.8437500000e-01
g248,sa1,30,0,3.0517999335e-05
g528,sa0,30,0,4.9993944169e-01
g284,sa1,30,0,1.4705653362e-11
g285,sa0,30,0,1.4989592900e-11
g357,sa0,30,0,4.5483303070e-01
g654,sa0,1,1,5.0000000000e-01
g582,sa0,30,0,2.6593017578e-01
g590,sa1,30,0,3.0078125000e-01
g492,sa1,30,0,4.4358383119e-01
g457,sa0,30,0,4.9976062775e-01
g564,sa1,1,1,5.0000000000e-01
g672,sa1,1,1,2.5000000000e-01
g394,sa0,5,1,3.6035156250e-01
g366,sa1,5,1,3.6035156250e-01
g465,sa1,5,1,4.8437500000e-01
g528,sa1,30,0,4.9993944168e-01
g349,sa0,30,0,4.6556091309e-01
g285,sa1,30,0,1.4705653362e-11
g286,sa0,30,0,1.4989592900e-11
g619,sa0,5,1,2.5000000000e-01
g646,sa0,1,1,5.0000000000e-01
g357,sa1,30,0,4.6556091309e-01
g654,sa1,1,1,5.0000000000e-01
g628,sa0,8,1,2.5000000000e-01
g582,sa1,30,0,2.5634765625e-01
g574,sa0,16,1,2.5781250000e-01
g449,sa0,30,0,4.9976062775e-01
g457,sa1,30,0,4.9976062775e-01
g548,sa0,20,1,4.9902361631e-01
g386,sa0,5,1,3.6035156250e-01
g394,sa1,5,1,3.6035156250e-01
g349,sa1,30,0,4.5873832703e-01
g286,sa1,30,0,1.4705653362e-11
g287,sa0,30,0,1.4989592900e-11
g197,sa0,30,0,4.9032217124e-01
g269,sa0,30,0,4.9947008063e-01
g619,sa1,5,1,2.5000000000e-01
g646,sa1,1,1,5.0000000000e-01
g628,sa1,8,1,2.5000000000e-01
g574,sa1,17,1,2.5781250000e-01
g179,sa0,30,0,3.6892676353e-01
g188,sa0,30,0,3.6904883385e-01
g639,sa0,19,1,4.9998474121e-01
g449,sa1,30,0,4.9976062775e-01
g548,sa1,20,1,4.9902361631e-01
g297,sa0,30,0,4.9951744080e-01
g557,sa1,2,1,3.6621093750e-04
g378,sa0,5,1,3.6035156250e-01
g386,sa1,5,1,3.6035156250e-01
g567,sa0,1,1,5.0000000000e-01
g287,sa1,30,0,1.4705653362e-11
g288,sa0,30,0,1.6624507326e-11
g197,sa1,30,0,4.7900968883e-01
g269,sa1,30,0,4.7900968883e-01
g179,sa1,30,0,3.6894965172e-01
g188,sa1,30,0,3.6929297447e-01
g594,sa0,30,0,3.0468750000e-01
g486,sa0,4,1,1.8772888184e-01
g658,sa0,30,0,2.5000000244e-01
g639,sa1,18,1,4.9998474121e-01
g496,sa0,30,0,4.4358383119e-01
g558,sa1,2,1,3.6621093750e-04
g297,sa1,30,0,4.9951744081e-01
g378,sa1,5,1,3.6035156250e-01
g567,sa1,1,1,5.0000000000e-01
g288,sa1,30,0,1.4705653362e-11
g289,sa0,30,0,1.6624507326e-11
g586,sa0,30,0,2.6593017578e-01
g594,sa1,30,0,3.0273437500e-01
g478,sa0,30,0,3.0517668463e-02
g486,sa1,4,1,1.8772888184e-01
g658,sa1,30,0,2.5341892242e-01
g676,sa1,30,0,6.3721960410e-02
g496,sa1,30,0,4.4358383119e-01
g559,sa1,2,1,3.6621093750e-04
g398,sa0,7,1,3.6022949219e-01
g289,sa1,30,0,1.4705653362e-11
g578,sa0,30,0,2.6208496094e-01
g586,sa1,30,0,2.6589965820e-01
g478,sa1,30,0,4.7851622105e-02
g669,sa0,30,0,2.5038894825e-01
g398,sa1,7,1,3.6022949219e-01
g578,sa1,30,0,2.6406860352e-01
g489,sa0,4,1,1.8772888184e-01
g669,sa1,30,0,2.5038894825e-01
g598,sa0,1,1,5.0000000000e-01
g489,sa1,4,1,1.8772888184e-01
g598,sa1,1,1,5.0000000000e-01
g699,sa0,1,1,5.0000000000e-01
g699,sa1,1,1,5.0000000000e-01
g11,sa0,5,1,5.0000000000e-01
g11,sa1,5,1,5.0000000000e-01
g15,sa0,5,1,5.0000000000e-01
g33,sa0,5,1,5.0000000000e-01
g15,sa1,5,1,5.0000000000e-01
g25,sa0,5,1,5.0000000000e-01
g33,sa1,5,1,5.0000000000e-01
g25,sa1,5,1,5.0000000000e-01
g54,sa0,30,0,4.6246433258e-01
g19,sa0,5,1,5.0000000000e-01
g54,sa1,30,0,4.6246433258e-01
g64,sa0,30,0,4.6246433258e-01
g19,sa1,5,1,5.0000000000e-01
g29,sa0,5,1,5.0000000000e-01
g64,sa1,30,0,4.6246433258e-01
g74,sa0,30,0,4.6246433258e-01
g29,sa1,5,1,5.0000000000e-01
g74,sa1,30,0,4.6246433258e-01
g84,sa0,30,0,4.6246433258e-01
g94,sa0,30,0,1.5794452315e-01
g49,sa0,30,0,4.6246433258e-01
g84,sa1,30,0,4.6246433258e-01
g94,sa1,30,0,1.2873315811e-01
g49,sa1,30,0,4.6246433258e-01
g59,sa0,30,0,4.6246433258e-01
g59,sa1,30,0,4.6246433258e-01
g69,sa0,30,0,4.6246433258e-01
g69,sa1,30,0,4.6246433258e-01
g79,sa0,30,0,4.6246433258e-01
g98,sa0,30,0,1.3027954102e-01
g89,sa0,30,0,2.5196075439e-01
g79,sa1,30,0,4.6246433258e-01
g98,sa1,30,0,1.2469035387e-01
g89,sa1,30,0,2.5770759583e-01
g218_g3117_A,sa1,30,0,7.3343329132e-04
g236_g3144_A,sa1,30,0,7.2973966599e-04
g242_g3156_A,sa1,30,0,7.2473287582e-04
g107_g1157_B,sa1,0,1,0.0000000000e+00
g445_g4015_A,sa1,30,0,1.4305114746e-05
g193_g5122_A,sa1,3,1,3.4179687500e-03
g414_g5180_A,sa1,2,1,9.1552734375e-05
g520_g5182_A,sa1,2,1,4.5776367188e-05
g54_II7534_A,sa1,30,0,1.1713504791e-03
g161_g2166_B,sa1,30,0,5.3906440735e-04
g254_g3181_A,sa1,30,0,7.2473287582e-04
g236_g3334_A,sa1,30,0,1.8633770082e-09
g418_g4052_A,sa1,30,0,1.4305114746e-05
g422_g4057_A,sa1,30,0,1.4305114746e-05
g430_g4355_A,sa1,20,1,4.9975585938e-01
g631_g4541_A,sa1,4,1,9.7656250000e-04
g119_g4611_B,sa1,11,1,7.4218750000e-02
g406_g5171_A,sa1,2,1,9.1552734375e-05
g441_g5172_A,sa1,2,1,9.1552734375e-05
g512_g5173_A,sa1,2,1,4.5776367188e-05
g410_g5176_A,sa1,2,1,9.1552734375e-05
g551_g5233_A,sa1,2,1,9.1552734375e-05
g152_g5371_A,sa1,26,1,4.5678710938e-01
g471_g4233_B,sa0,0,1,0.0000000000e+00
g54_II7535_A,sa1,30,0,1.2054443359e-03
g301_g1387_C,sa1,30,0,3.2604530716e-03
g382_g4170_A,sa1,25,1,4.6789550781e-01
g613_g1419_A,sa1,2,1,6.2500000000e-02
g642_g2092_A,sa1,2,1,3.1250000000e-02
g170_g2941_B,sa1,30,1,3.1971931458e-04
g212_g3089_A,sa1,30,0,1.5389239707e-05
g341_g3464_A,sa1,4,1,2.3437500000e-01
g625_g3810_A,sa1,2,1,3.9062500000e-03
g414_g4048_A,sa1,30,0,1.4305114746e-05
g332_g4471_B,sa1,30,0,4.5299530029e-06
g148_g5142_A,sa1,1,1,3.9062500000e-03
g293_g5240_A,sa1,2,1,3.6621093750e-04
g102_g1777_B,sa1,30,0,1.0986328125e-03
g328_g3730_A,sa1,5,1,4.3750000000e-01
g166_g4351_A,sa1,19,1,4.6533203125e-01
g184_g4360_A,sa1,19,1,4.6533203125e-01
g672_g5231_B,sa0,30,0,3.8183593750e-01
g634_g1570_A,sa1,2,1,6.2500000000e-02
g248_g3171_A,sa1,30,0,7.2911381721e-04
g236_g3345_A,sa1,30,0,1.8634551679e-09
g242_g3357_A,sa1,30,0,1.8634551679e-09
g254_g3372_A,sa1,30,0,1.8634551679e-09
g260_g3375_A,sa1,30,0,1.4003551743e-03
g437_g4035_A,sa1,30,0,1.4305114746e-05
g461_g4371_A,sa1,20,1,4.9975585938e-01
g406_g4372_A,sa1,20,1,4.9975585938e-01
g157_g5143_A,sa1,1,1,3.9062500000e-03
g161_g5373_A,sa1,26,1,4.5678710938e-01
g520_g6265_A,sa1,30,0,4.9994099140e-01
g29_II2089_B,sa1,30,0,3.0029296875e-02
g59_II7541_A,sa1,30,0,1.0797977448e-03
g74_II7562_A,sa1,30,0,9.8800659180e-04
g266_g1416_B,sa1,30,0,5.1879882813e-04
g353_g3490_A,sa1,4,1,2.3437500000e-01
g457_g4043_A,sa1,30,0,1.4305114746e-05
g453_g4047_A,sa1,30,0,1.4305114746e-05
g449_g4051_A,sa1,30,0,1.4305114746e-05
g410_g4378_A,sa1,20,1,4.9975585938e-01
g471_g3903_B,sa0,30,0,3.2227762043e-02
g166_g5144_A,sa1,1,1,3.9062500000e-03
g426_g5190_A,sa1,2,1,9.1552734375e-05
g461_g5191_A,sa1,2,1,9.1552734375e-05
g382_g5414_A,sa1,30,0,1.7235279083e-03
g390_g5424_A,sa1,30,0,1.7235279083e-03
g532_g6254_A,sa1,30,0,4.9994099140e-01
g59_II7542_A,sa1,30,0,9.7560882568e-04
g74_II7563_A,sa1,30,0,8.7928771973e-04
g306_g1359_B,sa1,6,1,1.2110900879e-01
g314_g1387_B,sa1,0,1,0.0000000000e+00
g374_g4163_A,sa1,25,1,4.6789550781e-01
g248_g3155_A,sa1,30,0,1.7404599930e-05
g254_g3365_A,sa1,30,0,1.8633770082e-09
g646_g3522_A,sa1,2,1,7.8125000000e-03
g114_g3784_A,sa1,5,1,4.3750000000e-01
g414_g4384_A,sa1,20,1,4.9975585938e-01
g175_g5145_A,sa1,1,1,3.9062500000e-03
g434_g5156_A,sa1,2,1,9.1552734375e-05
g504_g5158_A,sa1,2,1,4.5776367188e-05
g541_g5166_A,sa1,2,1,4.5776367188e-05
g422_g5186_A,sa1,2,1,9.1552734375e-05
g532_g5193_A,sa1,2,1,4.5776367188e-05
g378_g5410_A,sa1,30,0,1.7235279083e-03
g366_g5503_A,sa1,25,1,4.6789550781e-01
g504_g6247_A,sa1,30,0,4.9994099140e-01
g516_g6262_A,sa1,30,0,4.9994099140e-01
g658_g1603_B,sa0,30,0,4.8828125000e-04
g119_g3726_A,sa1,5,1,4.3750000000e-01
g370_g4159_A,sa1,25,1,4.6789550781e-01
g567_g1027_B,sa1,2,1,1.2500000000e-01
g135_g3287_A,sa1,4,1,2.3437500000e-01
g441_g4349_A,sa1,20,1,4.9975585938e-01
g418_g4390_A,sa1,20,1,4.9975585938e-01
g184_g5146_A,sa1,1,1,3.9062500000e-03
g492_g5153_A,sa1,2,1,3.6621093750e-04
g548_g5232_A,sa1,2,1,9.1552734375e-05
g554_g5235_A,sa1,2,1,9.1552734375e-05
g148_g5317_A,sa1,19,1,4.6533203125e-01
g170_g5376_A,sa1,26,1,4.5678710938e-01
g374_g5406_A,sa1,30,0,1.7235279083e-03
g370_g5482_A,sa1,1,1,9.7656250000e-04
g508_g6253_A,sa1,30,0,4.9994099140e-01
g512_g6258_A,sa1,30,0,4.9994099140e-01
g49_II7527_A,sa1,30,0,1.3687610626e-03
g64_II7548_A,sa1,30,0,1.0272264481e-03
g306_g1398_A,sa1,30,0,1.2553767860e-01
g541_g2908_C,sa0,30,0,9.5364521258e-07
g157_g4346_A,sa1,19,1,4.6533203125e-01
g650_g3907_A,sa1,2,1,3.9062500000e-03
g654_g4236_A,sa1,2,1,1.9531250000e-03
g437_g4354_A,sa1,20,1,4.9975585938e-01
g453_g4383_A,sa1,20,1,4.9975585938e-01
g422_g4396_A,sa1,20,1,4.9975585938e-01
g437_g5164_A,sa1,2,1,9.1552734375e-05
g508_g5165_A,sa1,2,1,4.5776367188e-05
g418_g5183_A,sa1,2,1,9.1552734375e-05
g453_g5184_A,sa1,2,1,9.1552734375e-05
g524_g5185_A,sa1,2,1,4.5776367188e-05
g672_g5226_A,sa1,2,1,3.6621093750e-04
g590_g5515_A,sa1,2,1,3.0517578125e-05
g49_II7528_A,sa1,30,0,1.2664794922e-03
g64_II7549_A,sa1,30,0,1.0375976563e-03
g79_II7570_A,sa1,30,0,7.8821182251e-04
g175_g4356_A,sa1,19,1,4.6533203125e-01
g394_g4182_A,sa1,25,1,4.6789550781e-01
g594_g5602_A,sa1,1,1,1.5258789063e-05
g139_g3294_A,sa1,4,1,2.3437500000e-01
g248_g3356_A,sa1,30,0,1.8633770082e-09
g128_g3449_A,sa1,4,1,2.3437500000e-01
g551_g3764_A,sa1,18,1,4.9902343750e-01
g471_g3924_B,sa1,11,1,2.9296875000e-02
g157_g4932_A,sa1,30,0,6.6490173340e-03
g564_g5218_A,sa1,2,1,3.6621093750e-04
g197_g5234_A,sa1,2,1,3.6621093750e-04
g143_g5369_A,sa1,26,1,4.5678710938e-01
g486_g1418_A,sa0,2,1,1.8750000000e-01
g536_g2908_A,sa0,30,0,9.5364521258e-07
g319_g4465_A,sa1,30,0,2.0526647568e-03
g492_g6704_B,sa0,30,0,4.1406250000e-01
g598_g1027_A,sa1,2,1,1.2500000000e-01
g606_g2909_A,sa1,2,1,1.5625000000e-02
g218_g3099_A,sa1,30,0,1.5389239707e-05
g248_g3366_A,sa1,30,0,1.8634551679e-09
g434_g4359_A,sa1,20,1,4.9975585938e-01
g175_g4942_A,sa1,30,0,6.6490173340e-03
g449_g5181_A,sa1,2,1,9.1552734375e-05
g545_g5229_A,sa1,2,1,9.1552734375e-05
g361_g5665_A,sa1,30,0,4.6453857422e-01
g478_g4234_B,sa0,0,1,0.0000000000e+00
g197_g6073_A,sa0,0,1,0.0000000000e+00
g197_g2940_A,sa1,0,1,0.0000000000e+00
g69_II7555_A,sa1,30,0,1.0008811951e-03
g84_II7576_A,sa1,29,1,9.7799301147e-04
g193_g4367_A,sa1,19,1,4.6533203125e-01
g390_g4179_A,sa1,25,1,4.6789550781e-01
g548_g3760_A,sa1,18,1,4.9902343750e-01
g445_g5177_A,sa1,2,1,9.1552734375e-05
g516_g5178_A,sa1,2,1,4.5776367188e-05
g269_g5236_A,sa1,2,1,3.6621093750e-04
g188_g5380_A,sa1,26,1,4.5678710938e-01
g366_g5481_A,sa1,1,1,9.7656250000e-04
g69_II7556_A,sa1,30,0,1.0108947754e-03
g84_II7577_A,sa1,30,0,7.8511238098e-04
g496_g6702_B,sa0,30,0,4.1406250000e-01
g269_g2356_B,sa1,30,0,2.6924941631e-04
g293_g2953_B,sa1,30,0,8.3860527411e-09
g445_g4395_A,sa1,20,1,4.9975585938e-01
g536_g5159_A,sa1,2,1,4.5776367188e-05
g297_g5245_A,sa1,2,1,3.6621093750e-04
g574_g5364_A,sa1,3,1,6.1035156250e-05
g374_g5483_A,sa1,1,1,9.7656250000e-04
g528_g6238_A,sa1,30,0,4.9994099140e-01
g524_g6269_A,sa1,30,0,4.9994099140e-01
g269_g6075_A,sa0,0,1,0.0000000000e+00
g386_g4176_A,sa1,25,1,4.6789550781e-01
g197_g2339_B,sa1,0,1,0.0000000000e+00
g345_g3479_A,sa1,4,1,2.3437500000e-01
g349_g3484_A,sa1,4,1,2.3437500000e-01
g179_g3554_B,sa1,26,1,1.8239021301e-04
g338_g3558_A,sa1,4,1,2.3437500000e-01
g554_g3765_A,sa1,18,1,4.9902343750e-01
g669_g5225_A,sa1,2,1,3.6621093750e-04
g394_g5428_A,sa1,30,0,1.7235279083e-03
g382_g5485_A,sa1,1,1,9.7656250000e-04
g465_g6248_A,sa1,30,0,4.9994099140e-01
g378_g4167_A,sa1,25,1,4.6789550781e-01
g478_g1763_A,sa1,30,0,7.1525573730e-06
g619_g2846_A,sa1,2,1,1.5625000000e-02
g478_g3905_B,sa0,30,0,3.2226927578e-02
g148_g4928_A,sa1,30,0,6.6490173340e-03
g166_g4937_A,sa1,30,0,6.6490173340e-03
g386_g5419_A,sa1,30,0,1.7235279083e-03
g390_g5487_A,sa1,1,1,9.7656250000e-04
g269_g2944_A,sa1,28,1,5.9653818607e-04
g545_g3758_A,sa1,18,1,4.9902343750e-01
g323_g3899_A,sa1,5,1,4.3750000000e-01
g457_g4377_A,sa1,20,1,4.9975585938e-01
g184_g4947_A,sa1,30,0,6.6490173340e-03
g496_g5157_A,sa1,2,1,3.6621093750e-04
g457_g5187_A,sa1,2,1,9.1552734375e-05
g465_g5197_A,sa1,2,1,4.5776367188e-05
g398_g4185_A,sa1,25,1,4.6789550781e-01
g188_g3953_B,sa1,22,1,1.1372566223e-04
g582_g4874_A,sa1,2,1,2.4414062500e-04
g528_g5189_A,sa1,2,1,4.5776367188e-05
g586_g5194_A,sa1,4,1,1.2207031250e-04
g79_II7569_A,sa1,30,0,9.8156929016e-04
g489_g1449_A,sa0,2,1,1.8750000000e-01
g628_g4199_A,sa1,2,1,1.9531250000e-03
g578_g4708_A,sa1,3,1,4.8828125000e-04
g536_g4759_A,sa1,30,0,3.6546204239e-01
g193_g4949_A,sa1,30,0,6.6490173340e-03
g378_g5484_A,sa1,1,1,9.7656250000e-04
g297_g2955_B,sa1,30,0,5.8252371815e-09
g357_g3499_A,sa1,4,1,2.3437500000e-01
g398_g5357_A,sa1,3,1,8.5449218750e-04
g179_g5378_A,sa1,26,1,4.5678710938e-01
g366_g5398_A,sa1,30,0,1.7235279083e-03
g398_g5429_A,sa1,30,0,1.7235279083e-03
g386_g5486_A,sa1,1,1,9.7656250000e-04
g328_g6848_B,sa1,30,0,2.5447845459e-02
g639_g5926_B,sa1,30,0,3.6766052246e-01
g449_g4389_A,sa1,20,1,4.9975585938e-01
g394_g5488_A,sa1,1,1,9.7656250000e-04
g478_g3928_B,sa1,12,1,2.9296875000e-02
g669_g5386_B,sa0,30,0,2.5022125244e-01
g500_II2003_A,sa1,30,0,1.5017723972e-06
g212_II2003_B,sa1,30,0,1.5017723972e-06
g500_II2004_A,sa1,30,0,4.3655745685e-10
g610_II2110_A,sa1,1,1,1.2500000000e-01
g212_II2005_A,sa1,30,0,4.3655745685e-10
g341_II2301_A,sa1,4,1,1.1718750000e-01
g260_II2013_B,sa1,30,0,1.5017723972e-06
g532_II2013_A,sa1,30,0,1.5017723972e-06
g260_II2015_A,sa1,30,0,4.3655745685e-10
g3_II2060_B,sa1,30,0,3.1494140625e-02
g135_II3400_A,sa1,8,1,1.7578125000e-01
g532_II2014_A,sa1,30,0,4.3655745685e-10
g254_II2021_B,sa1,30,0,1.5017723972e-06
g3_II2062_A,sa1,30,0,3.1494140625e-02
g254_II2023_A,sa1,30,0,4.3655745685e-10
g7_II2060_A,sa1,30,0,3.1494140625e-02
g610_II2108_B,sa1,1,1,1.2500000000e-01
g602_II2108_A,sa1,1,1,1.2500000000e-01
g111_II7432_A,sa1,2,1,3.0517578125e-05
g528_II2021_A,sa1,30,0,1.5017723972e-06
g7_II2061_A,sa1,30,0,3.1494140625e-02
g602_II2109_A,sa1,1,1,1.2500000000e-01
g471_II5300_A,sa1,30,0,9.0820908546e-02
g170_II7230_A,sa1,30,1,4.3411254883e-03
g111_II7433_A,sa1,22,1,4.6871948242e-01
g932,sa0,30,0,8.2514304668e-03
g337,sa1,,,8.2514304668e-03
g528_II2022_A,sa1,30,0,4.3655745685e-10
g471_II5301_A,sa1,30,0,2.9297918081e-03
g170_II7231_A,sa1,30,0,6.4392089844e-03
g932,sa1,30,0,8.3911493421e-03
g337,sa0,,,8.3911493421e-03
g161_II7223_A,sa1,30,0,4.8370361328e-03
g230_II1980_A,sa1,30,0,4.3655745685e-10
g616_II3411_B,sa1,1,1,3.1250000000e-02
g161_II7224_A,sa1,30,0,6.5002441406e-03
g310_g901_B,sa1,30,0,3.6713778973e-03
g520_II1961_A,sa1,30,0,1.5017723972e-06
g616_II3413_A,sa1,3,1,2.1875000000e-01
g139_II4150_B,sa1,0,1,0.0000000000e+00
g152_II7216_A,sa1,30,0,5.8212280273e-03
g361_II7520_A,sa1,30,0,1.8901824951e-03
g520_II1962_A,sa1,30,0,4.3655745685e-10
g131_II2674_B,sa1,8,1,8.7890625000e-02
g292_II4008_A,sa1,30,0,2.3844259900e-11
g139_II4152_A,sa1,12,1,2.0507812500e-01
g143_II7208_A,sa1,30,0,7.6904296875e-03
g152_II7217_A,sa1,30,0,5.6152343750e-03
g361_II7521_A,sa1,18,1,9.7584724426e-04
g242_II1961_B,sa1,30,0,1.5017723972e-06
g131_II2676_A,sa1,4,1,1.1718750000e-01
g292_II4009_A,sa1,30,0,2.2643206754e-11
g143_II7209_A,sa1,23,1,3.8833618164e-03
g314_g901_A,sa1,30,0,6.5193176270e-03
g301_g905_A,sa1,30,0,8.3036422729e-03
g524_II1951_A,sa1,30,0,1.5017723972e-06
g242_II1963_A,sa1,30,0,4.3655745685e-10
g650_II4921_A,sa1,6,1,2.4609375000e-01
g590_II7311_B,sa1,1,1,3.0517578125e-05
g524_II1952_A,sa1,30,0,4.3655745685e-10
g613_II2681_B,sa1,1,1,6.2500000000e-02
g619_II4161_A,sa1,4,1,2.3437500000e-01
g590_II7313_A,sa1,13,1,2.4996948242e-01
g985,sa0,9,1,4.9902343750e-01
g638,sa1,,,4.9902343750e-01
g516_II1970_A,sa1,30,0,4.3655745685e-10
g236_II1971_A,sa1,30,0,4.3655745685e-10
g613_II2683_A,sa1,2,1,1.8750000000e-01
g606_II4444_B,sa1,1,1,1.5625000000e-02
g985,sa1,9,1,4.9902343750e-01
g638,sa0,,,4.9902343750e-01
g567_II2244_A,sa1,1,1,1.2500000000e-01
g345_II2933_B,sa1,12,1,5.1269531250e-02
g290_II3970_A,sa1,30,0,1.7287005161e-11
g606_II4446_A,sa1,4,1,2.3437500000e-01
g353_II4545_B,sa1,4,1,7.3242187500e-03
g478_II8201_A,sa1,30,0,7.3242615908e-03
g248_II1951_B,sa1,30,0,1.5017723972e-06
g230_II1978_B,sa1,30,0,1.5017723972e-06
g567_II2245_A,sa1,1,1,1.2500000000e-01
g341_II2299_B,sa1,16,1,1.0986328125e-01
g345_II2935_A,sa1,8,1,1.7578125000e-01
g349_II3741_A,sa1,12,1,2.0507812500e-01
g290_II3971_A,sa1,30,0,1.7435386468e-11
g353_II4547_A,sa1,16,1,2.1972656250e-01
g631_II6194_B,sa1,1,1,9.7656250000e-04
g478_II8202_A,sa1,30,0,8.3008129150e-03
g248_II1953_A,sa1,30,0,4.3655745685e-10
g504_II1994_A,sa1,30,0,1.5017723972e-06
g622_II4782_B,sa1,1,1,7.8125000000e-03
g625_II5292_B,sa1,1,1,3.9062500000e-03
g631_II6196_A,sa1,8,1,2.4902343750e-01
g512_II1978_A,sa1,30,0,1.5017723972e-06
g224_II1986_B,sa1,30,0,1.5017723972e-06
g504_II1995_A,sa1,30,0,4.3655745685e-10
g135_II3398_B,sa1,4,1,2.9296875000e-02
g622_II4784_A,sa1,5,1,2.4218750000e-01
g357_II4941_A,sa1,20,1,2.2705078125e-01
g625_II5294_A,sa1,6,1,2.4609375000e-01
g571_II6175_B,sa1,1,1,9.7656250000e-04
g610_g918_A,sa1,2,1,1.2500000000e-01
g512_II1979_A,sa1,30,0,4.3655745685e-10
g224_II1988_A,sa1,30,0,4.3655745685e-10
g287_II3914_A,sa1,30,0,1.7287005161e-11
g646_II4526_B,sa1,1,1,7.8125000000e-03
g478_II5307_A,sa1,30,0,9.0820860118e-02
g654_II5535_B,sa1,1,1,1.9531250000e-03
g571_II6177_A,sa1,8,1,2.4902343750e-01
g188_II7244_A,sa1,28,1,3.9520263672e-03
g594_II7441_A,sa1,14,1,2.4998474121e-01
g471_II8194_A,sa1,30,0,1.6113348305e-02
g54_g2419_B,sa1,30,0,1.0132696480e-04
g218_II1994_B,sa1,30,0,1.5017723972e-06
g598_II2244_B,sa1,1,1,1.2500000000e-01
g284_II3846_A,sa1,30,0,1.7287005161e-11
g287_II3915_A,sa1,30,0,1.7435386468e-11
g646_II4528_A,sa1,5,1,2.4218750000e-01
g650_II4919_B,sa1,1,1,3.9062500000e-03
g478_II5308_A,sa1,30,0,2.9297918081e-03
g654_II5537_A,sa1,7,1,2.4804687500e-01
g188_II7245_A,sa1,30,0,6.8664550781e-03
g471_II8195_A,sa1,30,0,1.1474634521e-02
g602_g918_B,sa1,2,1,1.2500000000e-01
g74_g4407_B,sa1,30,0,7.3825940490e-06
g218_II1996_A,sa1,30,0,4.3655745685e-10
g598_II2246_A,sa1,1,1,1.2500000000e-01
g284_II3847_A,sa1,30,0,1.7435386468e-11
g288_II3933_A,sa1,30,0,1.7287005161e-11
g619_II4159_B,sa1,1,1,1.5625000000e-02
g582_II6743_B,sa1,1,1,2.4414062500e-04
g179_II7237_A,sa1,28,1,4.0817260742e-03
g89_g1802_A,sa1,1,1,2.5000000000e-01
g319_g905_B,sa1,0,1,0.0000000000e+00
g54_g5671_A,sa1,30,0,4.6453857422e-01
g236_II1969_B,sa1,30,0,1.5017723972e-06
g516_II1969_A,sa1,30,0,1.5017723972e-06
g508_II1986_A,sa1,30,0,1.5017723972e-06
g285_II3874_A,sa1,30,0,1.7287005161e-11
g288_II3934_A,sa1,30,0,1.7435386468e-11
g582_II6745_A,sa1,10,1,2.4975585938e-01
g179_II7238_A,sa1,30,0,6.7291259766e-03
g94_g1743_B,sa1,30,0,1.2310791016e-01
g69_g4054_B,sa1,30,0,1.2097880244e-05
g508_II1987_A,sa1,30,0,4.3655745685e-10
g642_II3697_B,sa1,1,1,3.1250000000e-02
g285_II3875_A,sa1,30,0,1.7435386468e-11
g289_II3952_A,sa1,30,0,1.7287005161e-11
g59_g3147_B,sa1,30,0,5.9365294874e-05
g642_II3699_A,sa1,3,1,2.1875000000e-01
g349_II3739_B,sa1,8,1,2.1972656250e-02
g286_II3893_A,sa1,30,0,1.7287005161e-11
g289_II3953_A,sa1,30,0,1.7435386468e-11
g628_II5782_B,sa1,1,1,1.9531250000e-03
g49_g1808_B,sa1,30,0,1.9574072212e-04
g98_g1138_B,sa1,30,0,1.5441894531e-02
g89_g1157_A,sa1,30,0,8.7890625000e-03
g634_II2897_B,sa1,1,1,6.2500000000e-02
g286_II3894_A,sa1,30,0,1.7435386468e-11
g291_II3988_A,sa1,30,0,1.7287005161e-11
g628_II5784_A,sa1,7,1,2.4804687500e-01
g574_II7097_B,sa1,1,1,6.1035156250e-05
g634_II2899_A,sa1,2,1,1.8750000000e-01
g291_II3989_A,sa1,30,0,1.7435386468e-11
g357_II4939_B,sa1,0,1,0.0000000000e+00
g578_II6473_B,sa1,1,1,4.8828125000e-04
g574_II7099_A,sa1,12,1,2.4993896484e-01
g94_g1793_A,sa1,8,1,1.2695312500e-01
g64_g3694_B,sa1,30,0,1.8818303943e-05
g64_g5675_A,sa1,30,0,4.6453857422e-01
g84_g5682_A,sa1,30,0,4.6453857422e-01
g578_II6475_A,sa1,9,1,2.4951171875e-01
g594_II7439_B,sa1,1,1,1.5258789063e-05
g586_II6962_B,sa1,1,1,1.2207031250e-04
g59_g5673_A,sa1,30,0,4.6453857422e-01
g586_II6964_A,sa1,11,1,2.4987792969e-01
g84_g4838_B,sa1,30,0,3.5725533962e-06
g79_g5681_A,sa1,30,0,4.6453857422e-01
g49_g5668_A,sa1,30,0,4.6453857422e-01
g74_g5679_A,sa1,30,0,4.6453857422e-01
g79_g4648_B,sa1,30,0,5.4752454162e-06
g69_g5677_A,sa1,30,0,4.6453857422e-01
g98_g1797_A,sa1,7,1,1.2162780762e-01
g89_g1777_C,sa1,30,0,6.4405351877e-03
g11_II2072_B,sa1,30,0,3.1494140625e-02
g11_II2074_A,sa1,30,0,3.1494140625e-02
g1039,sa0,30,0,8.0261230469e-03
g662,sa1,,,8.0261230469e-03
g310_g1402_A,sa1,7,1,1.2207794189e-01
g1039,sa1,30,0,8.0038923770e-03
g662,sa0,,,8.0038923770e-03
g212_g3103_A,sa1,30,0,7.2312355042e-04
g15_II2072_A,sa1,30,0,3.1494140625e-02
g25_II2080_A,sa1,30,0,3.0029296875e-02
g33_II2090_A,sa1,30,0,3.0029296875e-02
g212_g3302_A,sa1,0,1,0.0000000000e+00
g15_II2073_A,sa1,30,0,3.1494140625e-02
g25_II2081_A,sa1,30,0,3.0029296875e-02
g230_g3123_A,sa1,30,0,1.5389239707e-05
g314_g1411_A,sa1,0,1,0.0000000000e+00
g224_g3310_A,sa1,0,1,0.0000000000e+00
g301_g1407_A,sa1,1,1,2.5000000000e-01
g102_g1138_A,sa1,30,0,9.7656250000e-03
g224_g3113_A,sa1,30,0,1.5389239707e-05
g230_g3134_A,sa1,30,0,7.3279440403e-04
g19_II2080_B,sa1,30,0,3.0029296875e-02
g230_g3324_A,sa1,0,1,0.0000000000e+00
g410_g4044_A,sa1,30,0,1.4305114746e-05
g19_II2082_A,sa1,30,0,3.0029296875e-02
g102_g1815_A,sa1,5,1,1.2109375000e-01
g218_g3301_A,sa1,0,1,0.0000000000e+00
g441_g4032_A,sa1,30,0,1.4305114746e-05
g29_II2091_A,sa1,30,0,3.0029296875e-02
g242_g3143_A,sa1,30,0,1.7404599930e-05
g218_g3311_A,sa1,0,1,0.0000000000e+00
g230_g3335_A,sa1,0,1,0.0000000000e+00
g107_g4017_A,sa1,30,0,7.9895257950e-03
g260_g3180_A,sa1,30,0,5.2258372307e-05
g131_g3282_A,sa1,4,1,2.3437500000e-01
g622_g3421_A,sa1,2,1,7.8125000000e-03
g461_g4041_A,sa1,30,0,1.4305114746e-05
g406_g4042_A,sa1,30,0,1.4305114746e-05
g123_g4045_B,sa1,30,0,1.2969970703e-04
g430_g5152_A,sa1,2,1,9.1552734375e-05
g500_g5154_A,sa1,2,1,4.5776367188e-05
g500_g6243_A,sa1,30,0,4.9994099140e-01
g33_II2089_A,sa1,30,0,3.0029296875e-02
g616_g2015_A,sa1,2,1,3.1250000000e-02
g224_g3127_A,sa1,30,0,7.2312355042e-04
g236_g3133_A,sa1,30,0,1.7404599930e-05
g260_g3190_A,sa1,30,0,8.9275836945e-04
g224_g3325_A,sa1,0,1,0.0000000000e+00
g426_g4401_A,sa1,20,1,4.9975585938e-01
g402_g5163_A,sa1,2,1,9.1552734375e-05
g370_g5402_A,sa1,30,0,1.7235279083e-03
g541_g4205_B,sa0,30,0,3.6859343201e-01
g152_g1633_B,sa1,30,0,9.8943710327e-04
g471_g2323_A,sa1,30,0,7.1525573730e-06
g254_g3170_A,sa1,30,0,1.7404599930e-05
g212_g3293_A,sa1,0,1,0.0000000000e+00
g242_g3344_A,sa1,30,0,1.8633770082e-09
g260_g3371_A,sa1,30,0,1.4003551743e-03
g426_g4033_A,sa1,30,0,1.4305114746e-05
g430_g4038_A,sa1,30,0,1.4305114746e-05
g402_g4039_A,sa1,30,0,1.4305114746e-05
g402_g4363_A,sa1,20,1,4.9975585938e-01
g932_g6613_A,sa1,30,0,6.6759537845e-06
g932_g6614_A,sa1,30,0,8.2564353943e-04
g932_g6742_B,sa1,0,1,0.0000000000e+00
g932_g6716_B,sa1,0,1,0.0000000000e+00
II2003,sa0,30,0,1.2425151060e-06
g500_II2003_A,sa0,,,1.2425151060e-06
g212_II2003_B,sa0,,,1.2425151060e-06
II2021,sa0,30,0,1.2425151060e-06
g528_II2021_A,sa0,,,1.2425151060e-06
g254_II2021_B,sa0,,,1.2425151060e-06
II2003,sa1,30,0,4.3655745685e-10
II2013,sa0,30,0,1.2425151060e-06
g532_II2013_A,sa0,,,1.2425151060e-06
g260_II2013_B,sa0,,,1.2425151060e-06
II2021,sa1,30,0,4.3655745685e-10
II2013,sa1,30,0,4.3655745685e-10
II2060,sa0,30,0,3.1494140625e-02
g7_II2060_A,sa0,,,3.1494140625e-02
g3_II2060_B,sa0,,,3.1494140625e-02
II2060,sa1,30,0,3.1494140625e-02
II2080,sa0,30,0,3.1494140625e-02
g25_II2080_A,sa0,,,3.1494140625e-02
g19_II2080_B,sa0,,,3.1494140625e-02
II2072,sa0,30,0,2.7587890625e-02
g15_II2072_A,sa0,,,2.7587890625e-02
g11_II2072_B,sa0,,,2.7587890625e-02
II2080,sa1,30,0,3.0029296875e-02
II2108,sa0,2,1,2.5000000000e-01
g602_II2108_A,sa0,,,2.5000000000e-01
g610_II2108_B,sa0,,,2.5000000000e-01
II2072,sa1,30,0,3.1494140625e-02
II2108,sa1,1,1,1.2500000000e-01
II2244,sa0,2,1,2.5000000000e-01
g567_II2244_A,sa0,,,2.5000000000e-01
g598_II2244_B,sa0,,,2.5000000000e-01
II2244,sa1,1,1,1.2500000000e-01
II1951,sa0,30,0,1.2425151060e-06
g524_II1951_A,sa0,,,1.2425151060e-06
g248_II1951_B,sa0,,,1.2425151060e-06
II1951,sa1,30,0,4.3655745685e-10
II1961,sa0,30,0,1.2425151060e-06
g520_II1961_A,sa0,,,1.2425151060e-06
g242_II1961_B,sa0,,,1.2425151060e-06
g710,sa0,22,1,2.3532104492e-01
g128_g710_A,sa1,,,2.3532104492e-01
II1961,sa1,30,0,4.3655745685e-10
g710,sa1,22,1,2.3532104492e-01
g128_g710_A,sa0,,,2.3532104492e-01
g901,sa0,30,0,7.0137023926e-02
g314_g901_A,sa0,,,7.0137023926e-02
g310_g901_B,sa0,,,7.0137023926e-02
II2089,sa0,30,0,3.1494140625e-02
g33_II2089_A,sa0,,,3.1494140625e-02
g29_II2089_B,sa0,,,3.1494140625e-02
g901,sa1,30,0,1.2848222256e-01
II2089,sa1,30,0,3.0029296875e-02
g830,sa0,30,0,2.3461151123e-01
g338_g830_A,sa1,,,2.3461151123e-01
g821,sa0,30,0,6.8462371826e-02
II1880,sa1,,,6.8462371826e-02
g276,sa0,,,6.8462371826e-02
g830,sa1,30,0,2.3461532593e-01
g338_g830_A,sa0,,,2.3461532593e-01
g821,sa1,30,0,6.8462371826e-02
II1880,sa0,,,6.8462371826e-02
g276,sa1,,,6.8462371826e-02
g804,sa0,30,0,1.3916021213e-01
II1871,sa1,,,1.3916021213e-01
g281,sa0,,,1.3916021213e-01
g913,sa0,30,0,2.5430232182e-01
g658_g913_A,sa1,,,2.5430232182e-01
g714,sa1,17,1,1.1813354492e-01
g131_g714_A,sa0,,,1.1813354492e-01
g921,sa1,1,1,3.1250000000e-02
g111_g921_A,sa0,,,3.1250000000e-02
g760,sa0,30,0,1.5234375000e-01
II1853,sa1,,,1.5234375000e-01
g211,sa0,,,1.5234375000e-01
g804,sa1,30,0,1.6406250003e-01
II1871,sa0,,,1.6406250003e-01
g281,sa1,,,1.6406250003e-01
g913,sa1,30,0,2.5469403699e-01
g658_g913_A,sa0,,,2.5469403699e-01
g715,sa1,13,1,5.9539794922e-02
g135_g715_A,sa0,,,5.9539794922e-02
g931,sa1,30,0,1.0415818542e-04
g54_g931_A,sa0,,,1.0415818542e-04
g905,sa0,30,0,1.2598037720e-02
g301_g905_A,sa0,,,1.2598037720e-02
g319_g905_B,sa0,,,1.2598037720e-02
g940,sa1,30,0,3.1790696084e-05
g64_g940_A,sa0,,,3.1790696084e-05
g760,sa1,30,0,7.8132629671e-02
II1853,sa0,,,7.8132629671e-02
g211,sa1,,,7.8132629671e-02
g815,sa0,30,0,1.7285455018e-01
II1877,sa1,,,1.7285455018e-01
g283,sa0,,,1.7285455018e-01
g923,sa0,30,0,4.6728515625e-01
g332_g923_A,sa1,,,4.6728515625e-01
II1994,sa0,30,0,1.2425151060e-06
g504_II1994_A,sa0,,,1.2425151060e-06
g218_II1994_B,sa0,,,1.2425151060e-06
g743,sa0,30,0,7.8216552734e-02
II1844,sa1,,,7.8216552734e-02
g208,sa0,,,7.8216552734e-02
g905,sa1,30,0,3.6811828613e-03
g815,sa1,30,0,5.8681607246e-02
II1877,sa0,,,5.8681607246e-02
g283,sa1,,,5.8681607246e-02
g923,sa1,30,0,4.6728515625e-01
g332_g923_A,sa0,,,4.6728515625e-01
II1986,sa0,30,0,1.2425151060e-06
g508_II1986_A,sa0,,,1.2425151060e-06
g224_II1986_B,sa0,,,1.2425151060e-06
II1994,sa1,30,0,4.3655745685e-10
g743,sa1,30,0,1.0067367554e-01
II1844,sa0,,,1.0067367554e-01
g208,sa1,,,1.0067367554e-01
g862,sa0,30,0,3.6312089360e-03
g319_g862_A,sa1,,,3.6312089360e-03
g834,sa1,28,1,1.1743068695e-01
g341_g834_A,sa0,,,1.1743068695e-01
g861,sa1,26,1,1.6713142395e-04
g179_g861_A,sa0,,,1.6713142395e-04
g942,sa1,30,0,1.6561709344e-05
g69_g942_A,sa0,,,1.6561709344e-05
g951,sa1,30,0,3.3341348171e-06
g84_g951_A,sa0,,,3.3341348171e-06
g952,sa0,30,0,1.1014682241e-04
II2029,sa1,,,1.1014682241e-04
g677,sa0,,,1.1014682241e-04
g754,sa0,30,0,6.9335937500e-02
II1850,sa1,,,6.9335937500e-02
g210,sa0,,,6.9335937500e-02
II1969,sa0,30,0,1.2425151060e-06
g516_II1969_A,sa0,,,1.2425151060e-06
g236_II1969_B,sa0,,,1.2425151060e-06
II1978,sa0,30,0,1.2425151060e-06
g512_II1978_A,sa0,,,1.2425151060e-06
g230_II1978_B,sa0,,,1.2425151060e-06
II1986,sa1,30,0,4.3655745685e-10
g736,sa0,30,0,1.2597657833e-01
II1841,sa1,,,1.2597657833e-01
g207,sa0,,,1.2597657833e-01
g943,sa0,2,1,1.8750000000e-01
g496_g943_A,sa1,,,1.8750000000e-01
g971,sa0,30,0,1.5881867761e-21
g658_g971_A,sa1,,,1.5881867761e-21
g862,sa1,30,0,3.8995696232e-03
g319_g862_A,sa0,,,3.8995696232e-03
g835,sa1,24,1,5.8836936951e-02
g345_g835_A,sa0,,,5.8836936951e-02
g952,sa1,30,0,1.5497207642e-06
II2029,sa0,,,1.5497207642e-06
g677,sa1,,,1.5497207642e-06
g754,sa1,30,0,1.5846252441e-02
II1850,sa0,,,1.5846252441e-02
g210,sa1,,,1.5846252441e-02
g809,sa0,30,0,2.6855522767e-02
II1874,sa1,,,2.6855522767e-02
g282,sa0,,,2.6855522767e-02
II1969,sa1,30,0,4.3655745685e-10
II1978,sa1,30,0,4.3655745685e-10
g719,sa0,30,0,6.6993713379e-02
II1835,sa1,,,6.6993713379e-02
g205,sa0,,,6.6993713379e-02
g736,sa1,30,0,7.3242227227e-02
II1841,sa0,,,7.3242227227e-02
g207,sa1,,,7.3242227227e-02
g791,sa0,30,0,1.8945314708e-01
II1865,sa1,,,1.8945314708e-01
g279,sa0,,,1.8945314708e-01
g980,sa0,30,0,1.5750146029e-04
II2037,sa1,,,1.5750146029e-04
g679,sa0,,,1.5750146029e-04
g971,sa1,30,0,1.5881867761e-21
g658_g971_A,sa0,,,1.5881867761e-21
g836,sa1,20,1,2.9540061951e-02
g349_g836_A,sa0,,,2.9540061951e-02
g873,sa0,30,0,2.2509765625e-01
g306_g873_A,sa1,,,2.2509765625e-01
g809,sa1,30,0,1.5846252441e-02
II1874,sa0,,,1.5846252441e-02
g282,sa1,,,1.5846252441e-02
g719,sa1,30,0,1.9244766235e-01
II1835,sa0,,,1.9244766235e-01
g205,sa1,,,1.9244766235e-01
g774,sa0,30,0,6.6513061523e-02
II1859,sa1,,,6.6513061523e-02
g277,sa0,,,6.6513061523e-02
g918,sa0,2,1,1.2500000000e-01
g610_g918_A,sa0,,,1.2500000000e-01
g602_g918_B,sa0,,,1.2500000000e-01
g791,sa1,30,0,1.8896486041e-01
II1865,sa0,,,1.8896486041e-01
g279,sa1,,,1.8896486041e-01
g729,sa0,30,0,6.7474365234e-02
II1838,sa1,,,6.7474365234e-02
g206,sa0,,,6.7474365234e-02
g980,sa1,30,0,3.0517587696e-05
II2037,sa0,,,3.0517587696e-05
g679,sa1,,,3.0517587696e-05
g837,sa1,17,1,1.4891624451e-02
g353_g837_A,sa0,,,1.4891624451e-02
g945,sa1,30,0,4.8427875043e-08
g536_g945_A,sa0,,,4.8427875043e-08
g873,sa1,30,0,1.0935201500e-01
g306_g873_A,sa0,,,1.0935201500e-01
g766,sa0,30,0,1.9097137451e-01
II1856,sa1,,,1.9097137451e-01
g204,sa0,,,1.9097137451e-01
g774,sa1,30,0,6.6993713379e-02
II1859,sa0,,,6.6993713379e-02
g277,sa1,,,6.6993713379e-02
g918,sa1,6,1,3.7500000000e-01
g729,sa1,30,0,9.8239898682e-02
II1838,sa0,,,9.8239898682e-02
g206,sa1,,,9.8239898682e-02
g784,sa0,30,0,1.1230481416e-01
II1862,sa1,,,1.1230481416e-01
g278,sa0,,,1.1230481416e-01
g1039_g1422_A,sa0,30,0,8.3398390917e-03
g839,sa0,1,1,5.0000000000e-01
g567_g839_A,sa1,,,5.0000000000e-01
g964,sa1,13,1,7.5674057007e-03
g357_g964_A,sa0,,,7.5674057007e-03
g865,sa1,23,1,1.0609626770e-04
g188_g865_A,sa0,,,1.0609626770e-04
g766,sa1,30,0,1.3801956177e-01
II1856,sa0,,,1.3801956177e-01
g204,sa1,,,1.3801956177e-01
g784,sa1,30,0,1.3574219309e-01
II1862,sa0,,,1.3574219309e-01
g278,sa1,,,1.3574219309e-01
g866,sa0,30,0,3.7353515625e-01
g314_g866_A,sa1,,,3.7353515625e-01
g749,sa0,30,0,1.1035158206e-01
II1847,sa1,,,1.1035158206e-01
g209,sa0,,,1.1035158206e-01
g965,sa0,30,0,4.9257279813e-04
II2033,sa1,,,4.9257279813e-04
g678,sa0,,,4.9257279813e-04
g1039_g1603_A,sa0,30,0,3.2627582550e-04
g839,sa1,1,1,5.0000000000e-01
g567_g839_A,sa0,,,5.0000000000e-01
g858,sa0,30,0,3.8673430681e-02
g301_g858_A,sa1,,,3.8673430681e-02
g929,sa1,30,0,1.8995907158e-04
g49_g929_A,sa0,,,1.8995907158e-04
g857,sa1,30,0,2.8884410858e-04
g170_g857_A,sa0,,,2.8884410858e-04
g938,sa1,30,0,6.0304068029e-05
g59_g938_A,sa0,,,6.0304068029e-05
g947,sa1,30,0,9.0245157480e-06
g74_g947_A,sa0,,,9.0245157480e-06
g866,sa1,30,0,3.4066009521e-01
g314_g866_A,sa0,,,3.4066009521e-01
g749,sa1,30,0,4.9858093262e-03
II1847,sa0,,,4.9858093262e-03
g209,sa1,,,4.9858093262e-03
g965,sa1,30,0,7.2717772598e-06
II2033,sa0,,,7.2717772598e-06
g678,sa1,,,7.2717772598e-06
g858,sa1,30,0,6.2018990517e-02
g301_g858_A,sa0,,,6.2018990517e-02
g878,sa0,9,1,4.9902343750e-01
g639_g878_A,sa1,,,4.9902343750e-01
g895,sa1,10,1,3.0242919922e-02
g139_g895_A,sa0,,,3.0242919922e-02
g949,sa1,30,0,5.1087699831e-06
g79_g949_A,sa0,,,5.1087699831e-06
g878,sa1,9,1,4.9902343750e-01
g639_g878_A,sa0,,,4.9902343750e-01
g798,sa0,30,0,1.7138737443e-01
II1868,sa1,,,1.7138737443e-01
g280,sa0,,,1.7138737443e-01
g996,sa0,30,0,6.7472463621e-05
II2041,sa1,,,6.7472463621e-05
g680,sa0,,,6.7472463621e-05
g889,sa0,30,0,1.0056304932e-01
g310_g889_A,sa1,,,1.0056304932e-01
g798,sa1,30,0,2.1777738072e-01
II1868,sa0,,,2.1777738072e-01
g280,sa1,,,2.1777738072e-01
g996,sa1,30,0,3.0517593649e-05
II2041,sa0,,,3.0517593649e-05
g680,sa1,,,3.0517593649e-05
g889,sa1,30,0,6.2133669853e-02
g310_g889_A,sa0,,,6.2133669853e-02
g1001,sa0,30,0,1.1658647042e-04
II2044,sa1,,,1.1658647042e-04
g681,sa0,,,1.1658647042e-04
g1101,sa0,30,0,2.3376196718e-07
II2125,sa1,,,2.3376196718e-07
g698,sa0,,,2.3376196718e-07
g1011,sa0,30,0,3.3378720946e-06
II2050,sa1,,,3.3378720946e-06
g683,sa0,,,3.3378720946e-06
g1001,sa1,30,0,4.5955181349e-05
II2044,sa0,,,4.5955181349e-05
g681,sa1,,,4.5955181349e-05
g1101,sa1,30,0,3.9756298065e-04
II2125,sa0,,,3.9756298065e-04
g698,sa1,,,3.9756298065e-04
g1011,sa1,30,0,7.5101856953e-06
II2050,sa0,,,7.5101856953e-06
g683,sa1,,,7.5101856953e-06
g1030,sa0,30,0,1.2207031262e-04
II2057,sa1,,,1.2207031262e-04
g685,sa0,,,1.2207031262e-04
g1030,sa1,30,0,2.4446845066e-04
II2057,sa0,,,2.4446845066e-04
g685,sa1,,,2.4446845066e-04
g1060,sa0,30,0,8.3847045898e-03
g107_g1060_A,sa1,,,8.3847045898e-03
g1123,sa0,1,1,5.0000000000e-01
II2165,sa1,,,5.0000000000e-01
g690,sa0,,,5.0000000000e-01
g1222,sa0,30,0,3.8449299611e-01
II2225,sa1,,,3.8449299611e-01
g696,sa0,,,3.8449299611e-01
g1006,sa0,30,0,9.1921540330e-05
II2047,sa1,,,9.1921540330e-05
g682,sa0,,,9.1921540330e-05
g1060,sa1,21,1,3.9672851563e-03
g107_g1060_A,sa0,,,3.9672851563e-03
g1070,sa0,30,0,2.5930595398e-01
g94_g1070_A,sa1,,,2.5930595398e-01
g1123,sa1,1,1,5.0000000000e-01
II2165,sa0,,,5.0000000000e-01
g690,sa1,,,5.0000000000e-01
g1222,sa1,30,0,3.8599555629e-01
II2225,sa0,,,3.8599555629e-01
g696,sa1,,,3.8599555629e-01
g1250,sa0,24,1,4.6582031250e-01
g123_g1250_A,sa1,,,4.6582031250e-01
g1006,sa1,30,0,4.7683849976e-06
II2047,sa0,,,4.7683849976e-06
g682,sa1,,,4.7683849976e-06
g1017,sa0,30,0,1.5285611164e-04
II2053,sa1,,,1.5285611164e-04
g684,sa0,,,1.5285611164e-04
g1070,sa1,30,0,7.5560569763e-02
g94_g1070_A,sa0,,,7.5560569763e-02
g1043,sa1,2,1,3.6621093750e-04
g486_g1043_A,sa0,,,3.6621093750e-04
g1143,sa0,1,1,5.0000000000e-01
II2172,sa1,,,5.0000000000e-01
g691,sa0,,,5.0000000000e-01
g1161,sa0,30,0,3.8469690029e-01
II2182,sa1,,,3.8469690029e-01
g692,sa0,,,3.8469690029e-01
g1250,sa1,24,1,4.6582031250e-01
g123_g1250_A,sa0,,,4.6582031250e-01
g1017,sa1,30,0,1.1476866422e-04
II2053,sa0,,,1.1476866422e-04
g684,sa1,,,1.1476866422e-04
g1143,sa1,1,1,5.0000000000e-01
II2172,sa0,,,5.0000000000e-01
g691,sa1,,,5.0000000000e-01
g1161,sa1,30,0,3.8723131847e-01
II2182,sa0,,,3.8723131847e-01
g692,sa1,,,3.8723131847e-01
g1045,sa0,30,0,7.3242187500e-04
g699_g1045_A,sa1,,,7.3242187500e-04
g1027,sa0,2,1,1.2500000000e-01
g598_g1027_A,sa0,,,1.2500000000e-01
g567_g1027_B,sa0,,,1.2500000000e-01
g1027,sa1,6,1,3.7500000000e-01
g1064,sa0,30,0,3.8389623165e-01
g102_g1064_A,sa1,,,3.8389623165e-01
g1056,sa0,30,0,4.8586096478e-02
g89_g1056_A,sa1,,,4.8586096478e-02
g1046,sa1,2,1,3.6621093750e-04
g489_g1046_A,sa0,,,3.6621093750e-04
g1236,sa0,30,0,3.9686105145e-01
II2234,sa1,,,3.9686105145e-01
g697,sa0,,,3.9686105145e-01
g1209,sa0,30,0,3.8610246949e-01
II2215,sa1,,,3.8610246949e-01
g695,sa0,,,3.8610246949e-01
g1064,sa1,30,0,3.1914901733e-01
g102_g1064_A,sa0,,,3.1914901733e-01
g1056,sa1,30,0,6.3975746423e-02
g89_g1056_A,sa0,,,6.3975746423e-02
g1254,sa1,30,0,9.0348720551e-04
g152_g1254_A,sa0,,,9.0348720551e-04
g1084,sa0,30,0,1.5660858154e-01
g98_g1084_A,sa1,,,1.5660858154e-01
g1138,sa0,30,0,1.5216064453e-01
g102_g1138_A,sa0,,,1.5216064453e-01
g98_g1138_B,sa0,,,1.5216064453e-01
g1236,sa1,30,0,3.9323069036e-01
II2234,sa0,,,3.9323069036e-01
g697,sa1,,,3.9323069036e-01
g1209,sa1,30,0,3.8656110062e-01
II2215,sa0,,,3.8656110062e-01
g695,sa1,,,3.8656110062e-01
g1048,sa0,2,1,1.8750000000e-01
g492_g1048_A,sa1,,,1.8750000000e-01
g1049,sa0,1,1,5.0000000000e-01
g266_g1049_A,sa1,,,5.0000000000e-01
g1094,sa0,30,0,1.0067243129e-03
II2122,sa1,,,1.0067243129e-03
g689,sa0,,,1.0067243129e-03
g1255,sa1,30,0,4.3416023254e-04
g161_g1255_A,sa0,,,4.3416023254e-04
g1157,sa0,30,0,1.9531250000e-02
g89_g1157_A,sa0,,,1.9531250000e-02
g107_g1157_B,sa0,,,1.9531250000e-02
g1084,sa1,30,0,6.1786413193e-02
g98_g1084_A,sa0,,,6.1786413193e-02
g1138,sa1,8,1,1.3085937500e-01
g1193,sa0,30,0,3.8784968373e-01
II2204,sa1,,,3.8784968373e-01
g694,sa0,,,3.8784968373e-01
g1076,sa0,30,0,1.6653345369e-15
II2115,sa1,,,1.6653345369e-15
g687,sa0,,,1.6653345369e-15
g1049,sa1,1,1,5.0000000000e-01
g266_g1049_A,sa0,,,5.0000000000e-01
g1094,sa1,30,0,8.2327518612e-04
II2122,sa0,,,8.2327518612e-04
g689,sa1,,,8.2327518612e-04
g1157,sa1,30,0,5.8593750000e-03
g1193,sa1,30,0,3.8789922994e-01
II2204,sa0,,,3.8789922994e-01
g694,sa1,,,3.8789922994e-01
g1059,sa0,30,0,7.3242187500e-04
g702_g1059_A,sa1,,,7.3242187500e-04
g1076,sa1,30,0,4.3774695674e-16
II2115,sa0,,,4.3774695674e-16
g687,sa1,,,4.3774695674e-16
g1177,sa0,30,0,3.8778727129e-01
II2193,sa1,,,3.8778727129e-01
g693,sa0,,,3.8778727129e-01
g1088,sa0,30,0,7.3015689874e-07
II2119,sa1,,,7.3015689874e-07
g688,sa0,,,7.3015689874e-07
g1177,sa1,30,0,3.8638877937e-01
II2193,sa0,,,3.8638877937e-01
g693,sa1,,,3.8638877937e-01
g1088,sa1,30,0,6.7055597901e-04
II2119,sa0,,,6.7055597901e-04
g688,sa1,,,6.7055597901e-04
g821_g1612_C,sa1,30,0,8.7892573792e-03
g901_g2026_D,sa1,6,1,1.2161254883e-01
g754_g2121_B,sa1,30,0,2.1363049746e-04
g710_g2860_A,sa1,4,1,2.3437500000e-01
g913_g1416_A,sa1,30,0,1.0375976563e-03
g901_g3741_A,sa1,30,0,1.4236450195e-02
g873_g1411_B,sa1,30,0,3.6642886698e-06
g830_g1436_B,sa1,28,1,1.1743068695e-01
g821_g1716_A,sa1,12,1,5.4687500000e-02
g710_g1826_B,sa1,18,1,1.1813354492e-01
g760_g2137_A,sa1,30,0,9.7667053342e-04
g923_g4432_A,sa0,28,1,4.6508789063e-01
g873_g1402_C,sa1,30,0,6.8722410904e-02
g905_g2009_C,sa1,30,0,7.1763992310e-03
g815_g1481_A,sa0,30,0,4.7851987183e-02
g821_g5325_C,sa0,15,1,2.1191406250e-01
g1027_II2897_A,sa1,2,1,1.8750000000e-01
g866_g1402_B,sa1,30,0,7.5525552034e-02
g821_g1691_A,sa1,6,1,1.0937500000e-01
g815_g2156_A,sa1,30,0,9.7667053342e-04
g760_g1474_A,sa0,30,0,6.2500149012e-02
g1027_II2898_A,sa1,2,1,1.8750000000e-01
g774_g1612_B,sa1,30,0,8.7892573792e-03
g784_g1612_A,sa1,30,0,8.7892573792e-03
g873_g2008_B,sa1,30,0,6.0015301866e-02
g913_g3814_A,sa1,1,1,2.5000000000e-01
g760_g1609_A,sa1,30,0,4.9804775044e-02
g905_g3433_C,sa1,30,0,3.2620429993e-03
g821_g1582_C,sa1,30,0,4.8828608838e-03
g980_g1560_B,sa0,6,1,1.0528564453e-03
g866_g2008_A,sa1,30,0,6.0877752227e-02
g862_g2831_B,sa1,30,0,3.9863586426e-03
g952_g5731_A,sa0,30,0,1.4305114818e-06
g815_g1628_A,sa1,30,0,4.8828549683e-02
g736_g2255_B,sa1,7,1,2.7343750000e-02
g743_g2292_C,sa1,6,1,1.3671875000e-02
g809_g1481_B,sa0,30,0,6.4453125000e-02
g873_g1417_A,sa1,30,0,3.6690384150e-04
g980_g1518_A,sa0,2,1,7.3242187500e-04
g719_g1706_B,sa1,12,1,5.4687500000e-02
g809_g2138_B,sa1,30,0,2.2888183594e-04
g736_g2292_B,sa1,6,1,1.3671875000e-02
g754_g1474_B,sa0,30,0,6.3476562500e-02
g866_g1407_B,sa1,1,1,2.5000000000e-01
g754_g1609_B,sa1,30,0,4.8095703125e-02
g766_g1706_A,sa1,12,1,5.4687500000e-02
g923_g4429_A,sa1,4,1,2.9296875000e-03
g918_g1419_B,sa1,4,1,1.8750000000e-01
g729_g1706_C,sa1,12,1,5.4687500000e-02
g774_g1716_B,sa1,12,1,5.4687500000e-02
g766_g5324_C,sa0,15,1,2.1191406250e-01
g736_g2095_C,sa1,30,0,6.8360315636e-03
g719_g1573_B,sa1,30,0,3.9062891142e-03
g729_g1573_A,sa1,30,0,6.8360315636e-03
g862_g1387_A,sa1,29,1,1.6666017473e-06
g980_g1575_A,sa1,16,1,7.2598457336e-04
g809_g1628_B,sa1,30,0,4.0527343750e-02
g791_g2267_B,sa1,7,1,2.7343750000e-02
g791_g2294_B,sa1,6,1,1.3671875000e-02
g830_g2949_A,sa1,4,1,2.3437500000e-01
g774_g1582_B,sa1,30,0,4.8828404384e-03
g784_g1582_A,sa1,30,0,4.8828404384e-03
g996_g1560_A,sa0,6,1,1.0528564453e-03
g965_g1518_B,sa0,2,1,7.3242187500e-04
g774_g1691_B,sa1,6,1,1.0937500000e-01
g784_g1716_C,sa1,12,1,5.4687500000e-02
g965_g4813_B,sa1,4,1,3.2043457031e-04
g760_g6737_B,sa1,30,0,6.9336891174e-02
g749_g2095_B,sa1,30,0,7.0778728656e-08
g766_g1573_C,sa1,30,0,3.9062779383e-03
g719_g1595_B,sa1,30,0,8.3009784576e-03
g729_g1595_A,sa1,30,0,8.7890755381e-03
g866_g1359_A,sa1,30,0,2.0751953125e-02
g858_g4903_B,sa1,30,0,1.6827583313e-03
g952_g6494_A,sa0,0,1,0.0000000000e+00
g965_g1575_B,sa1,30,0,1.2247147740e-15
g889_g1417_B,sa1,30,0,2.4568801746e-04
g754_g6736_B,sa1,30,0,3.0859923363e-01
g952_g6496_A,sa0,0,1,0.0000000000e+00
g815_g6739_B,sa1,30,0,1.2109732628e-01
g766_g1595_C,sa1,30,0,8.7892520241e-03
g858_g1784_A,sa1,30,0,6.2498986721e-02
g952_g4877_A,sa0,16,1,1.6477424651e-04
g719_g1689_B,sa1,6,1,1.0937500000e-01
g952_g4967_B,sa0,8,1,6.2584877014e-05
g809_g6738_B,sa1,30,0,3.0859923363e-01
g996_g4816_A,sa1,4,1,3.2043457031e-04
g766_g1689_A,sa1,6,1,1.0937500000e-01
g798_g2294_C,sa1,6,1,1.3671875000e-02
g866_g2795_B,sa1,30,0,2.4533178657e-04
g889_g1784_B,sa1,30,0,6.0737550259e-02
II2003_II2004_B,sa1,30,0,4.3655745685e-10
II2021_II2022_B,sa1,30,0,4.3655745685e-10
g889_g1398_B,sa1,30,0,2.1378509700e-06
II2003_II2005_B,sa1,30,0,4.3655745685e-10
II2021_II2023_B,sa1,30,0,4.3655745685e-10
II2013_II2014_B,sa1,30,0,4.3655745685e-10
II2013_II2015_B,sa1,30,0,4.3655745685e-10
II2108_II2110_B,sa1,1,1,1.2500000000e-01
II2060_II2061_B,sa1,30,0,3.1494140625e-02
II2060_II2062_B,sa1,30,0,3.1494140625e-02
g1001_g2101_A,sa1,16,1,1.2516975403e-04
II2080_II2081_B,sa1,30,0,3.0029296875e-02
II2080_II2082_B,sa1,30,0,3.0029296875e-02
II2072_II2073_B,sa1,30,0,3.1494140625e-02
II2108_II2109_B,sa1,1,1,1.2500000000e-01
g1250_g4000_A,sa0,20,1,4.5410156250e-01
II2072_II2074_B,sa1,30,0,3.1494140625e-02
g830_II2300_A,sa1,4,1,1.1718750000e-01
g910,sa0,30,0,2.2132873535e-02
II1938,sa1,,,2.2132873535e-02
g332_II1938_A,sa0,,,2.2132873535e-02
II2244_II2245_B,sa1,1,1,1.2500000000e-01
g910,sa1,30,0,2.2132873535e-02
II1938,sa0,,,2.2132873535e-02
g332_II1938_A,sa1,,,2.2132873535e-02
II2244_II2246_B,sa1,1,1,1.2500000000e-01
g706,sa0,30,0,3.3664610237e-04
II1825,sa1,,,3.3664610237e-04
g361_II1825_A,sa0,,,3.3664610237e-04
g1011_g1514_B,sa1,30,0,3.8868933916e-04
g804_II4210_B,sa1,3,1,6.8359375000e-03
g716,sa0,30,0,1.2898445129e-04
II1832,sa1,,,1.2898445129e-04
g143_II1832_A,sa0,,,1.2898445129e-04
g706,sa1,30,0,2.4935323745e-04
II1825,sa0,,,2.4935323745e-04
g361_II1825_A,sa1,,,2.4935323745e-04
g1060_g3140_B,sa1,1,1,3.9062500000e-03
g804_II4212_A,sa1,15,1,2.1191406250e-01
g716,sa1,30,0,1.1892318726e-03
II1832,sa0,,,1.1892318726e-03
g143_II1832_A,sa1,,,1.1892318726e-03
II2089_II2090_B,sa1,30,0,3.0029296875e-02
II2089_II2091_B,sa1,30,0,3.0029296875e-02
g821_II2542_A,sa1,3,1,1.0937500000e-01
g743_II4203_B,sa1,3,1,1.3671875000e-02
g1017_g1514_A,sa1,30,0,2.1362304688e-04
II1951_II1952_B,sa1,30,0,4.3655745685e-10
g821_II2543_A,sa1,3,1,1.0937500000e-01
g743_II4205_A,sa1,16,1,2.0507812500e-01
g1056_g1620_A,sa1,30,0,6.2755346298e-02
g1070_g1822_A,sa1,30,1,1.4872550964e-03
II1951_II1953_B,sa1,30,0,4.3655745685e-10
g1070_g2434_B,sa1,30,0,6.1984598637e-02
g1101_g1576_A,sa1,30,0,1.2461096049e-06
g1123_g2085_A,sa1,30,0,2.0153820515e-06
g1030_g2916_A,sa1,30,0,1.0251998901e-05
II1961_II1962_B,sa1,30,0,4.3655745685e-10
g710_II2674_A,sa1,4,1,1.1718750000e-01
g1064_g1802_B,sa1,1,1,2.5000000000e-01
g1011_g1585_B,sa1,30,0,6.1746686703e-07
g1084_g1620_B,sa1,30,0,6.1958074570e-02
g1123_g6082_A,sa1,30,0,2.8610229492e-05
II1961_II1963_B,sa1,30,0,4.3655745685e-10
g710_II2675_A,sa1,4,1,1.1718750000e-01
g1070_g1815_B,sa1,30,0,9.1147422791e-04
g1064_g2434_A,sa1,30,0,6.2027335167e-02
g1027_g1570_B,sa1,4,1,1.8750000000e-01
g1094_g2053_A,sa1,30,0,8.0018787100e-16
g1161_g6090_A,sa1,30,0,2.8610229492e-05
g1123_g6092_A,sa1,30,0,3.5762786865e-06
g804_II2574_A,sa1,30,0,8.7891845687e-03
g1094_g2081_A,sa1,0,1,0.0000000000e+00
g1123_g6084_A,sa1,30,0,3.5762786865e-06
g1161_g6091_A,sa1,30,0,3.5762786865e-06
g791_II3190_A,sa1,9,1,1.9140625000e-01
g1064_g3109_B,sa1,30,0,1.4722347260e-03
g1064_g1743_A,sa1,4,1,3.1250000000e-02
g1101_g1499_A,sa1,30,0,6.4004934393e-04
g1123_g2089_A,sa1,30,0,2.0153820515e-06
g1056_g4640_B,sa1,30,0,7.3394775391e-03
g1138_g2435_A,sa1,2,1,1.5625000000e-02
g1084_g1822_B,sa1,30,0,1.4870166779e-03
g774_II2542_B,sa1,3,1,1.0937500000e-01
g1006_g4680_C,sa1,30,0,2.6354193687e-04
g1049_g3910_B,sa1,1,1,2.5000000000e-01
g1017_g1585_A,sa1,30,0,6.1746686703e-07
g1161_g6085_A,sa1,30,0,3.5762786865e-06
g830_II2299_A,sa1,4,1,1.1718750000e-01
g719_II2526_B,sa1,3,1,1.0937500000e-01
g774_II2544_A,sa1,3,1,1.0937500000e-01
g1060_g1777_A,sa1,18,1,6.1035156250e-05
g743_II2566_B,sa1,30,0,8.7890755381e-03
g1088_g2073_A,sa1,30,0,1.7356872559e-04
g1143_g6086_A,sa1,30,0,2.8610229492e-05
II1969_II1970_B,sa1,30,0,4.3655745685e-10
g766_II2526_A,sa1,3,1,1.0937500000e-01
g719_II2528_A,sa1,3,1,1.0937500000e-01
g1030_g2897_A,sa1,30,0,7.6198577881e-04
g1157_g2435_C,sa1,2,1,7.8125000000e-03
II1969_II1971_B,sa1,30,0,4.3655745685e-10
II1978_II1980_B,sa1,30,0,4.3655745685e-10
g766_II2527_A,sa1,3,1,1.0937500000e-01
g918_II2681_A,sa1,2,1,1.8750000000e-01
g804_II2795_A,sa1,30,0,2.7351439014e-02
g736_II3177_B,sa1,3,1,2.7343750000e-02
g729_II3445_B,sa1,3,1,5.4687500000e-02
g1177_g6081_A,sa1,30,0,3.5762786865e-06
g1143_g6088_A,sa1,30,0,3.5762786865e-06
g1222_g6099_A,sa1,30,0,3.5762786865e-06
g918_II2682_A,sa1,2,1,1.8750000000e-01
g743_II2766_B,sa1,30,0,1.8074070103e-02
g804_II2796_A,sa1,30,0,2.9296945781e-02
g736_II3179_A,sa1,9,1,1.9140625000e-01
g729_II3447_A,sa1,6,1,1.6406250000e-01
g749_II4182_B,sa1,3,1,6.8359375000e-03
g1076_g5821_C,sa1,30,0,1.1798553169e-04
g736_II2566_C,sa1,30,0,8.3009784576e-03
g791_II2574_C,sa1,30,0,8.7892573792e-03
g1143_g6089_A,sa1,30,0,3.5762786865e-06
g743_II2768_A,sa1,30,0,2.9785160907e-02
g784_II3455_B,sa1,3,1,5.4687500000e-02
g749_II4184_A,sa1,15,1,2.1191406250e-01
g798_II4233_B,sa1,3,1,1.3671875000e-02
g1017_g5873_B,sa1,30,0,3.8184225559e-08
g791_II3188_B,sa1,3,1,2.7343750000e-02
g784_II3457_A,sa1,6,1,1.6406250000e-01
g798_II4235_A,sa1,16,1,2.0507812500e-01
g1070_g1797_C,sa1,30,0,3.5872794688e-02
g1084_g1793_B,sa1,30,0,5.3989887238e-04
g1094_g1576_B,sa1,30,0,1.2461096049e-06
g749_II2566_A,sa1,30,0,5.8593878051e-03
g1236_g6079_A,sa1,30,0,3.5762786865e-06
g1177_g6093_A,sa1,30,0,2.8610229492e-05
II1994_II1995_B,sa1,30,0,4.3655745685e-10
g1017_g4669_B,sa1,2,1,7.3242187500e-04
g1017_g5686_B,sa1,30,0,1.0550022125e-05
g1157_g3718_C,sa1,2,1,3.9062500000e-03
g1177_g6094_A,sa1,30,0,3.5762786865e-06
g1193_g6096_A,sa1,30,0,3.5762786865e-06
g1209_g6098_A,sa1,30,0,3.5762786865e-06
II1994_II1996_B,sa1,30,0,4.3655745685e-10
g1064_g1797_B,sa1,5,1,3.9078235626e-02
g1017_g5857_C,sa1,6,1,3.3378601074e-06
g1250_g3997_A,sa1,4,1,1.1718750000e-02
II1986_II1987_B,sa1,30,0,4.3655745685e-10
g749_II2766_A,sa1,30,0,1.5762686729e-02
g1138_g2577_D,sa1,6,1,1.2316894531e-01
g1076_g5853_C,sa1,1,1,6.1035156250e-05
II1986_II1988_B,sa1,30,0,4.3655745685e-10
g749_II2767_A,sa1,30,0,2.9785160907e-02
g1076_g5863_B,sa1,30,0,8.3691702457e-09
g1094_g1499_B,sa1,30,0,7.3242187500e-04
g798_II2574_B,sa1,30,0,9.7658159211e-03
g1138_g3985_A,sa1,2,1,1.5625000000e-02
II1978_II1979_B,sa1,30,0,4.3655745685e-10
g1076_g5865_C,sa1,0,1,0.0000000000e+00
g1088_g5864_C,sa1,0,1,0.0000000000e+00
g1088_g5865_B,sa1,0,1,0.0000000000e+00
g1076_g5869_B,sa1,30,0,1.7881393433e-06
g798_II2795_B,sa1,30,0,1.6674097642e-02
g798_II2797_A,sa1,30,0,2.9296945781e-02
g1206,sa0,8,1,6.2500000000e-02
II2212,sa1,,,6.2500000000e-02
g123_II2212_A,sa0,,,6.2500000000e-02
g1233,sa0,30,0,5.5297281060e-09
II2231,sa1,,,5.5297281060e-09
g465_II2231_A,sa0,,,5.5297281060e-09
g1270,sa0,30,0,3.6621093750e-02
g844,sa1,,,3.6621093750e-02
g578_g844_A,sa0,,,3.6621093750e-02
g1206,sa1,8,1,6.2500000000e-02
II2212,sa0,,,6.2500000000e-02
g123_II2212_A,sa1,,,6.2500000000e-02
g1233,sa1,30,0,1.4785087085e-08
II2231,sa0,,,1.4785087085e-08
g465_II2231_A,sa1,,,1.4785087085e-08
g1603,sa0,30,0,6.2935058668e-04
g1270,sa1,30,0,2.5024414063e-02
g844,sa0,,,2.5024414063e-02
g578_g844_A,sa1,,,2.5024414063e-02
g1603,sa1,30,0,2.1362304688e-04
g1039_g1603_A,sa1,,,2.1362304688e-04
g658_g1603_B,sa1,,,2.1362304688e-04
g1263,sa0,30,0,2.5085449219e-02
g846,sa1,,,2.5085449219e-02
g586_g846_A,sa0,,,2.5085449219e-02
g1119,sa0,30,0,2.3841857910e-06
II2159,sa1,,,2.3841857910e-06
g465_II2159_A,sa0,,,2.3841857910e-06
g1263,sa1,30,0,1.7333984375e-02
g846,sa0,,,1.7333984375e-02
g586_g846_A,sa1,,,1.7333984375e-02
g1119,sa1,30,0,3.0994415283e-06
II2159,sa0,,,3.0994415283e-06
g465_II2159_A,sa1,,,3.0994415283e-06
g1246,sa0,30,0,7.4505813741e-09
II2237,sa1,,,7.4505813741e-09
g465_II2237_A,sa0,,,7.4505813741e-09
g1660,sa1,3,1,2.5000000000e-01
g985_g1660_A,sa0,,,2.5000000000e-01
g1480,sa1,9,1,2.5000000000e-01
g985_g1480_A,sa0,,,2.5000000000e-01
g1246,sa1,30,0,3.3179049147e-08
II2237,sa0,,,3.3179049147e-08
g465_II2237_A,sa1,,,3.3179049147e-08
g1418,sa0,2,1,1.8750000000e-01
g1257,sa0,30,0,3.2775878906e-02
g845,sa1,,,3.2775878906e-02
g582_g845_A,sa0,,,3.2775878906e-02
g1257,sa1,30,0,2.1179199219e-02
g845,sa0,,,2.1179199219e-02
g582_g845_A,sa1,,,2.1179199219e-02
g1671,sa1,6,1,2.5000000000e-01
g985_g1671_A,sa0,,,2.5000000000e-01
g1267,sa0,1,1,1.5625000000e-02
g843,sa1,,,1.5625000000e-02
g574_g843_A,sa0,,,1.5625000000e-02
g1555,sa0,30,0,6.6040039063e-02
II2521,sa1,,,6.6040039063e-02
g1063,sa0,,,6.6040039063e-02
g675,sa1,,,6.6040039063e-02
g1276,sa0,30,0,1.2182617188e-01
g847,sa1,,,1.2182617188e-01
g590_g847_A,sa0,,,1.2182617188e-01
g1267,sa1,2,1,1.5625000000e-02
g843,sa0,,,1.5625000000e-02
g574_g843_A,sa1,,,1.5625000000e-02
g1276,sa1,30,0,1.9921875000e-01
g847,sa0,,,1.9921875000e-01
g590_g847_A,sa1,,,1.9921875000e-01
g1655,sa1,5,1,2.5000000000e-01
g985_g1655_A,sa0,,,2.5000000000e-01
g1449,sa0,2,1,1.8750000000e-01
g804_g2100_B,sa1,30,0,6.6587769965e-08
g1665,sa1,4,1,2.5000000000e-01
g985_g1665_A,sa0,,,2.5000000000e-01
g1674,sa1,7,1,2.5000000000e-01
g985_g1674_A,sa0,,,2.5000000000e-01
g1369,sa0,30,0,2.8328704834e-01
II2405,sa1,,,2.8328704834e-01
g1112,sa0,,,2.8328704834e-01
g336,sa1,,,2.8328704834e-01
g1756,sa0,15,1,3.6328125000e-01
II2779,sa1,,,3.6328125000e-01
g1038,sa0,,,3.6328125000e-01
g127,sa1,,,3.6328125000e-01
g1279,sa0,30,0,1.9531250000e-01
g848,sa1,,,1.9531250000e-01
g594_g848_A,sa0,,,1.9531250000e-01
g1369,sa1,30,0,2.3439598083e-01
II2405,sa0,,,2.3439598083e-01
g1112,sa1,,,2.3439598083e-01
g336,sa0,,,2.3439598083e-01
g1756,sa1,30,0,2.9296875000e-01
II2779,sa0,,,2.9296875000e-01
g1038,sa1,,,2.9296875000e-01
g127,sa0,,,2.9296875000e-01
g1279,sa1,30,0,1.9531250000e-01
g848,sa0,,,1.9531250000e-01
g594_g848_A,sa1,,,1.9531250000e-01
g1649,sa1,2,1,2.5000000000e-01
g985_g1649_A,sa0,,,2.5000000000e-01
g1589,sa0,60,0,1.4648437500e-03
g901_g2009_A,sa1,30,0,1.4352798462e-02
g1679,sa1,8,1,2.5000000000e-01
g985_g1679_A,sa0,,,2.5000000000e-01
g1589,sa1,30,0,1.0654288344e-03
g1059,sa1,,,1.0654288344e-03
g702_g1059_A,sa0,,,1.0654288344e-03
g1045,sa1,,,1.0654288344e-03
g699_g1045_A,sa0,,,1.0654288344e-03
g913_g1422_B,sa0,30,0,7.7038462141e-03
g791_g2100_C,sa1,30,0,4.8828404384e-03
g1788,sa1,0,1,0.0000000000e+00
g985_g1788_A,sa0,,,0.0000000000e+00
g910_g2821_B,sa1,30,0,1.4352798462e-02
g716_g1633_A,sa1,30,0,1.0790824890e-03
g706_g1808_A,sa1,30,0,2.3859739304e-04
g706_g4580_A,sa1,8,1,5.4931640625e-04
g716_g4486_A,sa1,8,1,2.1972656250e-03
II2110,sa1,1,1,1.2500000000e-01
II2004,sa1,30,0,1.5017723972e-06
II2022,sa1,30,0,1.5017723972e-06
II2005,sa1,30,0,1.5017723972e-06
II2014,sa1,30,0,1.5017723972e-06
II2023,sa1,30,0,1.5017723972e-06
II2015,sa1,30,0,1.5017723972e-06
II2061,sa1,30,0,3.1494140625e-02
II2062,sa1,30,0,3.1494140625e-02
II2081,sa1,30,0,3.0029296875e-02
II2090,sa1,30,0,3.0029296875e-02
II2073,sa1,30,0,3.1494140625e-02
II2082,sa1,30,0,3.0029296875e-02
II2091,sa1,30,0,3.0029296875e-02
II2109,sa1,1,1,1.2500000000e-01
II2542,sa0,6,1,2.1875000000e-01
g821_II2542_A,sa0,,,2.1875000000e-01
g774_II2542_B,sa0,,,2.1875000000e-01
II2074,sa1,30,0,3.1494140625e-02
II2245,sa1,1,1,1.2500000000e-01
II2542,sa1,12,1,1.0253906250e-01
II2246,sa1,1,1,1.2500000000e-01
II2526,sa0,6,1,2.1875000000e-01
g766_II2526_A,sa0,,,2.1875000000e-01
g719_II2526_B,sa0,,,2.1875000000e-01
II2526,sa1,12,1,1.0253906250e-01
II2681,sa0,3,1,2.5000000000e-01
g918_II2681_A,sa0,,,2.5000000000e-01
g613_II2681_B,sa0,,,2.5000000000e-01
II1952,sa1,30,0,1.5017723972e-06
II1970,sa1,30,0,1.5017723972e-06
II2681,sa1,1,1,6.2500000000e-02
II2574,sa1,90,0,2.7344257869e-02
II1953,sa1,30,0,1.5017723972e-06
II1962,sa1,30,0,1.5017723972e-06
II1971,sa1,30,0,1.5017723972e-06
II1980,sa1,30,0,1.5017723972e-06
II2674,sa0,12,1,2.0507812500e-01
g710_II2674_A,sa0,,,2.0507812500e-01
g131_II2674_B,sa0,,,2.0507812500e-01
II2566,sa1,90,0,2.2949441801e-02
II1963,sa1,30,0,1.5017723972e-06
II2674,sa1,4,1,1.1718750000e-01
II2766,sa0,30,0,4.1091918945e-02
g749_II2766_A,sa0,,,4.1091918945e-02
g743_II2766_B,sa0,,,4.1091918945e-02
II2299,sa0,20,1,2.2705078125e-01
g830_II2299_A,sa0,,,2.2705078125e-01
g341_II2299_B,sa0,,,2.2705078125e-01
II2766,sa1,30,0,2.5878926739e-02
II2299,sa1,4,1,1.1718750000e-01
II2795,sa0,30,0,3.2235082239e-02
g804_II2795_A,sa0,,,3.2235082239e-02
g798_II2795_B,sa0,,,3.2235082239e-02
II2795,sa1,30,0,2.8808658943e-02
II1995,sa1,30,0,1.5017723972e-06
II1987,sa1,30,0,1.5017723972e-06
II1996,sa1,30,0,1.5017723972e-06
II2897,sa0,3,1,2.5000000000e-01
g1027_II2897_A,sa0,,,2.5000000000e-01
g634_II2897_B,sa0,,,2.5000000000e-01
g1206_g3132_B,sa1,2,1,1.5625000000e-02
II1979,sa1,30,0,1.5017723972e-06
II1988,sa1,30,0,1.5017723972e-06
II2897,sa1,1,1,6.2500000000e-02
g1603_g2356_A,sa1,30,0,8.2564353943e-04
g1233_g3166_B,sa1,30,0,2.4912878871e-08
g1603_g2339_A,sa1,30,0,3.4369528294e-05
g1270_g2834_C,sa1,2,1,1.5625000000e-02
g1263_g2834_A,sa1,2,1,1.5625000000e-02
g1119_g1763_B,sa1,30,0,3.5762786865e-06
g1246_g4058_B,sa1,30,0,4.9825757742e-08
g1589_g4240_A,sa0,30,0,3.1127929688e-03
g1756_g3630_B,sa1,0,1,0.0000000000e+00
g1257_g2834_B,sa1,2,1,1.5625000000e-02
g1603_g1879_A,sa0,30,0,9.1493129730e-04
g1369_g3358_B,sa1,0,1,0.0000000000e+00
g1589_g5561_B,sa0,30,0,8.7738490302e-16
g1589_g5388_B,sa0,30,0,2.6263296610e-07
g1411,sa0,30,0,1.8715858459e-05
g314_g1411_A,sa0,,,1.8715858459e-05
g873_g1411_B,sa0,,,1.8715858459e-05
g1402,sa0,30,0,5.1860850758e-01
g310_g1402_A,sa0,,,5.1860850758e-01
g866_g1402_B,sa0,,,5.1860850758e-01
g873_g1402_C,sa0,,,5.1860850758e-01
g1411,sa1,30,0,9.3811272644e-02
g1402,sa1,30,0,1.2306788468e-01
g1620,sa0,30,0,5.8708429337e-02
g1056_g1620_A,sa0,,,5.8708429337e-02
g1084_g1620_B,sa0,,,5.8708429337e-02
g1503,sa1,2,1,2.5000000000e-01
g878_g1503_A,sa0,,,2.5000000000e-01
g1620,sa1,60,0,1.2471342087e-01
g1423,sa0,30,0,9.3281269073e-04
II2442,sa1,,,9.3281269073e-04
g872,sa0,,,9.3281269073e-04
g143_g872_A,sa1,,,9.3281269073e-04
g1513,sa1,0,1,0.0000000000e+00
g878_g1513_A,sa0,,,0.0000000000e+00
g1423,sa1,30,0,1.7676353455e-03
II2442,sa0,,,1.7676353455e-03
g872,sa1,,,1.7676353455e-03
g143_g872_A,sa0,,,1.7676353455e-03
g1802,sa0,1,1,2.5000000000e-01
g89_g1802_A,sa0,,,2.5000000000e-01
g1064_g1802_B,sa0,,,2.5000000000e-01
g1514,sa0,30,0,5.4848194122e-04
g1017_g1514_A,sa0,,,5.4848194122e-04
g1011_g1514_B,sa0,,,5.4848194122e-04
g1290,sa0,1,1,5.0000000000e-01
II2275,sa1,,,5.0000000000e-01
g909,sa0,,,5.0000000000e-01
II1935,sa1,,,5.0000000000e-01
g666,sa0,,,5.0000000000e-01
g1650,sa0,30,0,1.6320037842e-01
II2627,sa1,,,1.6320037842e-01
g1053,sa0,,,1.6320037842e-01
g197_g1053_A,sa1,,,1.6320037842e-01
g1550,sa1,30,0,1.2247147740e-15
g996_g1550_A,sa0,,,1.2247147740e-15
g1541,sa1,30,0,1.5129899111e-08
g1094_g1541_A,sa0,,,1.5129899111e-08
g1802,sa1,3,1,7.5000000000e-01
g1514,sa1,60,0,6.0231238604e-04
g1560,sa0,4,1,1.4648437500e-03
g1407,sa0,1,1,2.5000000000e-01
g301_g1407_A,sa0,,,2.5000000000e-01
g866_g1407_B,sa0,,,2.5000000000e-01
g1416,sa0,30,0,9.1493129730e-04
g913_g1416_A,sa0,,,9.1493129730e-04
g266_g1416_B,sa0,,,9.1493129730e-04
g1291,sa0,1,1,5.0000000000e-01
II2278,sa1,,,5.0000000000e-01
g917,sa0,,,5.0000000000e-01
II1942,sa1,,,5.0000000000e-01
g664,sa0,,,5.0000000000e-01
g1290,sa1,1,1,5.0000000000e-01
II2275,sa0,,,5.0000000000e-01
g909,sa1,,,5.0000000000e-01
II1935,sa0,,,5.0000000000e-01
g666,sa1,,,5.0000000000e-01
g1650,sa1,30,0,3.3464050293e-01
II2627,sa0,,,3.3464050293e-01
g1053,sa1,,,3.3464050293e-01
g197_g1053_A,sa0,,,3.3464050293e-01
g1533,sa1,5,1,2.5000000000e-01
g878_g1533_A,sa0,,,2.5000000000e-01
g1542,sa1,7,1,2.5000000000e-01
g878_g1542_A,sa0,,,2.5000000000e-01
g1551,sa1,30,0,1.0550022125e-05
g1011_g1551_A,sa0,,,1.0550022125e-05
g1552,sa0,20,1,9.7279995680e-04
g1030_g1552_A,sa1,,,9.7279995680e-04
g1543,sa0,20,1,3.6585330963e-04
g1006_g1543_A,sa1,,,3.6585330963e-04
g1632,sa1,0,1,0.0000000000e+00
g760_g1632_A,sa0,,,0.0000000000e+00
g1624,sa0,30,0,3.6966754124e-04
II2581,sa1,,,3.6966754124e-04
g946,sa0,,,3.6966754124e-04
g361_g946_A,sa1,,,3.6966754124e-04
g1570,sa0,2,1,6.2500000000e-02
g634_g1570_A,sa0,,,6.2500000000e-02
g1027_g1570_B,sa0,,,6.2500000000e-02
g1560,sa1,12,1,3.5705566406e-03
g996_g1560_A,sa1,,,3.5705566406e-03
g980_g1560_B,sa1,,,3.5705566406e-03
g1407,sa1,3,1,7.5000000000e-01
g1291,sa1,1,1,5.0000000000e-01
II2278,sa0,,,5.0000000000e-01
g917,sa1,,,5.0000000000e-01
II1942,sa0,,,5.0000000000e-01
g664,sa1,,,5.0000000000e-01
g1292,sa0,1,1,5.0000000000e-01
II2281,sa1,,,5.0000000000e-01
g900,sa0,,,5.0000000000e-01
II1927,sa1,,,5.0000000000e-01
g665,sa0,,,5.0000000000e-01
g1661,sa0,30,0,2.5042295456e-03
g1076_g1661_A,sa1,,,2.5042295456e-03
g1552,sa1,30,0,3.6161951721e-04
g1030_g1552_A,sa0,,,3.6161951721e-04
g1543,sa1,30,0,2.1459022537e-04
g1006_g1543_A,sa0,,,2.1459022537e-04
g1642,sa1,2,1,1.9531250000e-03
g809_g1642_A,sa0,,,1.9531250000e-03
g1822,sa1,30,0,3.3533573151e-04
g1481,sa0,30,0,2.7345221490e-02
g1624,sa1,30,0,3.6810990423e-04
II2581,sa0,,,3.6810990423e-04
g946,sa1,,,3.6810990423e-04
g361_g946_A,sa0,,,3.6810990423e-04
g1417,sa1,30,0,6.3895713538e-05
g1472,sa0,16,1,1.6477424651e-04
g952_g1472_A,sa1,,,1.6477424651e-04
g1436,sa0,29,1,1.1743068695e-01
g834,sa0,,,1.1743068695e-01
g341_g834_A,sa1,,,1.1743068695e-01
g830_g1436_B,sa0,,,1.1743068695e-01
g1706,sa0,11,1,4.7851562500e-02
g766_g1706_A,sa0,,,4.7851562500e-02
g719_g1706_B,sa0,,,4.7851562500e-02
g729_g1706_C,sa0,,,4.7851562500e-02
g1570,sa1,8,1,4.3750000000e-01
g1535,sa0,30,0,2.5017652661e-07
g1088_g1535_A,sa1,,,2.5017652661e-07
g1292,sa1,1,1,5.0000000000e-01
II2281,sa0,,,5.0000000000e-01
g900,sa1,,,5.0000000000e-01
II1927,sa0,,,5.0000000000e-01
g665,sa1,,,5.0000000000e-01
g1815,sa0,30,0,1.2213671207e-01
g102_g1815_A,sa0,,,1.2213671207e-01
g1070_g1815_B,sa0,,,1.2213671207e-01
g1661,sa1,30,0,3.0509382486e-04
g1076_g1661_A,sa0,,,3.0509382486e-04
g1734,sa0,0,1,0.0000000000e+00
g952_g1734_A,sa1,,,0.0000000000e+00
g1743,sa0,30,0,1.1718750000e-01
g1064_g1743_A,sa0,,,1.1718750000e-01
g94_g1743_B,sa0,,,1.1718750000e-01
g1481,sa1,30,0,1.1914080381e-01
g815_g1481_A,sa1,,,1.1914080381e-01
g809_g1481_B,sa1,,,1.1914080381e-01
g1436,sa1,56,0,2.3486137390e-01
g1706,sa1,36,0,1.6406250000e-01
g1716,sa0,11,1,4.7851562500e-02
g821_g1716_A,sa0,,,4.7851562500e-02
g774_g1716_B,sa0,,,4.7851562500e-02
g784_g1716_C,sa0,,,4.7851562500e-02
g1419,sa0,2,1,6.2500000000e-02
g613_g1419_A,sa0,,,6.2500000000e-02
g918_g1419_B,sa0,,,6.2500000000e-02
g1535,sa1,30,0,1.7695747374e-06
g1088_g1535_A,sa0,,,1.7695747374e-06
g1815,sa1,30,0,1.2219524384e-01
g1680,sa1,30,0,4.4584274292e-04
g1011_g1680_A,sa0,,,4.4584274292e-04
g1564,sa0,30,0,1.0896474123e-07
g1030_g1564_A,sa1,,,1.0896474123e-07
g1546,sa0,30,0,7.0667738328e-09
g1101_g1546_A,sa1,,,7.0667738328e-09
g1563,sa1,30,0,6.1746686703e-07
g1006_g1563_A,sa0,,,6.1746686703e-07
g1743,sa1,30,0,1.2512207031e-01
g1474,sa0,30,0,3.6134183407e-02
g1609,sa0,30,0,9.2773437500e-02
g760_g1609_A,sa0,,,9.2773437500e-02
g754_g1609_B,sa0,,,9.2773437500e-02
g1573,sa0,30,0,2.7343895281e-02
g729_g1573_A,sa0,,,2.7343895281e-02
g719_g1573_B,sa0,,,2.7343895281e-02
g766_g1573_C,sa0,,,2.7343895281e-02
g1582,sa0,30,0,4.1015758048e-02
g784_g1582_A,sa0,,,4.1015758048e-02
g774_g1582_B,sa0,,,4.1015758048e-02
g821_g1582_C,sa0,,,4.1015758048e-02
g1716,sa1,36,0,1.6406250000e-01
g1419,sa1,8,1,4.3750000000e-01
g1518,sa1,4,1,2.1972656250e-03
g980_g1518_A,sa1,,,2.1972656250e-03
g965_g1518_B,sa1,,,2.1972656250e-03
g1654,sa1,1,1,2.5000000000e-01
g878_g1654_A,sa0,,,2.5000000000e-01
g1637,sa0,1,1,5.0000000000e-01
II2596,sa1,,,5.0000000000e-01
g985_II2596_A,sa0,,,5.0000000000e-01
g1528,sa1,4,1,2.5000000000e-01
g878_g1528_A,sa0,,,2.5000000000e-01
g1564,sa1,30,0,4.7497451305e-08
g1030_g1564_A,sa0,,,4.7497451305e-08
g1672,sa1,30,0,1.2487030472e-04
g1094_g1672_A,sa0,,,1.2487030472e-04
g1546,sa1,30,0,2.0156221581e-08
g1101_g1546_A,sa0,,,2.0156221581e-08
g1474,sa1,30,0,7.6904386282e-02
g760_g1474_A,sa1,,,7.6904386282e-02
g754_g1474_B,sa1,,,7.6904386282e-02
g1609,sa1,60,0,9.7900478169e-02
g1628,sa0,30,0,9.2773437500e-02
g815_g1628_A,sa0,,,9.2773437500e-02
g809_g1628_B,sa0,,,9.2773437500e-02
g1826,sa0,18,1,1.1813354492e-01
g714,sa0,,,1.1813354492e-01
g131_g714_A,sa1,,,1.1813354492e-01
g710_g1826_B,sa0,,,1.1813354492e-01
g1691,sa0,12,1,1.0253906250e-01
g821_g1691_A,sa0,,,1.0253906250e-01
g774_g1691_B,sa0,,,1.0253906250e-01
g1529,sa0,0,1,0.0000000000e+00
g1076_g1529_A,sa1,,,0.0000000000e+00
g1656,sa0,30,0,1.6325176996e-01
II2635,sa1,,,1.6325176996e-01
g1055,sa0,,,1.6325176996e-01
g269_g1055_A,sa1,,,1.6325176996e-01
g1556,sa1,9,1,2.5000000000e-01
g878_g1556_A,sa0,,,2.5000000000e-01
g1583,sa1,24,1,1.5232712030e-04
g1001_g1583_A,sa0,,,1.5232712030e-04
g1359,sa0,30,0,1.4098358154e-01
g866_g1359_A,sa0,,,1.4098358154e-01
g306_g1359_B,sa0,,,1.4098358154e-01
g1628,sa1,60,0,8.9355893433e-02
g1826,sa1,35,0,2.3626708984e-01
g1691,sa1,18,1,3.2812500000e-01
g1529,sa1,30,0,1.7881393433e-06
g1076_g1529_A,sa0,,,1.7881393433e-06
g1288,sa0,1,1,5.0000000000e-01
II2269,sa1,,,5.0000000000e-01
g899,sa0,,,5.0000000000e-01
II1924,sa1,,,5.0000000000e-01
g663,sa0,,,5.0000000000e-01
g1656,sa1,30,0,3.3464050293e-01
II2635,sa0,,,3.3464050293e-01
g1055,sa1,,,3.3464050293e-01
g269_g1055_A,sa0,,,3.3464050293e-01
g1539,sa1,6,1,2.5000000000e-01
g878_g1539_A,sa0,,,2.5000000000e-01
g1557,sa1,30,0,3.8184225559e-08
g1017_g1557_A,sa0,,,3.8184225559e-08
g1683,sa1,6,1,3.3378601074e-06
g1017_g1683_A,sa0,,,3.3378601074e-06
g1575,sa1,46,0,7.2598457337e-04
g1675,sa0,30,0,2.5622877292e-03
g1101_g1675_A,sa1,,,2.5622877292e-03
g1666,sa0,30,0,9.4604492188e-04
g1088_g1666_A,sa1,,,9.4604492188e-04
g1638,sa1,2,1,1.9531250000e-03
g754_g1638_A,sa0,,,1.9531250000e-03
g1387,sa0,30,0,5.0003576907e-03
g862_g1387_A,sa0,,,5.0003576907e-03
g314_g1387_B,sa0,,,5.0003576907e-03
g301_g1387_C,sa0,,,5.0003576907e-03
g1359,sa1,30,0,1.2362289429e-01
g1477,sa0,30,0,9.0345740318e-05
g952_g1477_A,sa1,,,9.0345740318e-05
g1584,sa1,30,0,7.0778728656e-08
g743_g1584_A,sa0,,,7.0778728656e-08
g1267_II4040_C,sa1,2,1,1.5625000000e-02
g1288,sa1,1,1,5.0000000000e-01
II2269,sa0,,,5.0000000000e-01
g899,sa1,,,5.0000000000e-01
II1924,sa0,,,5.0000000000e-01
g663,sa1,,,5.0000000000e-01
g1289,sa0,1,1,5.0000000000e-01
II2272,sa1,,,5.0000000000e-01
g908,sa0,,,5.0000000000e-01
II1932,sa1,,,5.0000000000e-01
g667,sa0,,,5.0000000000e-01
g1549,sa1,8,1,2.5000000000e-01
g878_g1549_A,sa0,,,2.5000000000e-01
g1775,sa0,0,1,0.0000000000e+00
g952_g1775_A,sa1,,,0.0000000000e+00
g1784,sa0,30,0,3.8673430681e-02
g858_g1784_A,sa0,,,3.8673430681e-02
g889_g1784_B,sa0,,,3.8673430681e-02
g1675,sa1,30,0,8.0560785625e-16
g1101_g1675_A,sa0,,,8.0560785625e-16
g1666,sa1,30,0,5.8764087760e-16
g1088_g1666_A,sa0,,,5.8764087760e-16
g1576,sa1,60,0,2.4922192097e-06
g1639,sa1,0,1,0.0000000000e+00
g815_g1639_A,sa0,,,0.0000000000e+00
g1793,sa0,30,0,1.3119018078e-01
g94_g1793_A,sa0,,,1.3119018078e-01
g1084_g1793_B,sa0,,,1.3119018078e-01
g1387,sa1,30,0,3.2795428997e-03
g1477,sa1,30,0,9.1705471277e-05
g952_g1477_A,sa0,,,9.1705471277e-05
g1585,sa1,60,0,1.2349337341e-06
g1279_II4040_A,sa1,1,1,7.8125000000e-03
g1289,sa1,1,1,5.0000000000e-01
II2272,sa0,,,5.0000000000e-01
g908,sa1,,,5.0000000000e-01
II1932,sa0,,,5.0000000000e-01
g667,sa1,,,5.0000000000e-01
g1559,sa1,4,1,3.2043457031e-04
g965_g1559_A,sa0,,,3.2043457031e-04
g1784,sa1,60,0,1.2323653698e-01
g1577,sa1,30,0,6.1746686703e-07
g1001_g1577_A,sa0,,,6.1746686703e-07
g1793,sa1,30,0,1.2217807770e-01
g1398,sa0,30,0,6.6384791862e-02
g306_g1398_A,sa0,,,6.6384791862e-02
g889_g1398_B,sa0,,,6.6384791862e-02
g1276_II3125_B,sa1,20,1,1.1718750000e-01
g1398,sa1,30,0,1.2136129942e-01
g1777,sa0,30,0,4.4784545898e-03
g1060_g1777_A,sa0,,,4.4784545898e-03
g102_g1777_B,sa0,,,4.4784545898e-03
g89_g1777_C,sa0,,,4.4784545898e-03
g1276_II3127_A,sa1,21,1,1.2500000000e-01
g1499,sa0,30,0,3.0117295682e-03
g1101_g1499_A,sa0,,,3.0117295682e-03
g1094_g1499_B,sa0,,,3.0117295682e-03
g1777,sa1,30,0,8.1291198730e-03
g1588,sa1,30,0,5.2152287822e-08
g798_g1588_A,sa0,,,5.2152287822e-08
g1279_II3125_A,sa1,21,1,1.2500000000e-01
g1499,sa1,60,0,1.3724712189e-03
g1797,sa0,30,0,3.3830752224e-01
g98_g1797_A,sa0,,,3.3830752224e-01
g1064_g1797_B,sa0,,,3.3830752224e-01
g1070_g1797_C,sa0,,,3.3830752224e-01
g1689,sa0,12,1,1.0253906250e-01
g766_g1689_A,sa0,,,1.0253906250e-01
g719_g1689_B,sa0,,,1.0253906250e-01
g1279_II3126_A,sa1,21,1,1.2500000000e-01
g1797,sa1,30,0,1.2220903859e-01
g1689,sa1,18,1,3.2812500000e-01
g1436_II2934_A,sa1,8,1,1.7578125000e-01
g1706_II3177_A,sa1,9,1,1.9140625000e-01
g1699,sa1,5,1,5.0000000000e-01
II2703,sa0,,,5.0000000000e-01
g1189,sa1,,,5.0000000000e-01
II2196,sa0,,,5.0000000000e-01
g3_II2196_A,sa1,,,5.0000000000e-01
g1706_II3178_A,sa1,9,1,1.9140625000e-01
g1691_II3455_A,sa1,6,1,1.6406250000e-01
g1716_II3188_A,sa1,9,1,1.9140625000e-01
g1691_II3456_A,sa1,6,1,1.6406250000e-01
g1716_II3189_A,sa1,9,1,1.9140625000e-01
g1570_II3697_A,sa1,3,1,2.1875000000e-01
g1570_II3698_A,sa1,3,1,2.1875000000e-01
g1826_II3398_A,sa1,8,1,1.7578125000e-01
g1689_II3445_A,sa1,6,1,1.6406250000e-01
g1826_II3399_A,sa1,8,1,1.7578125000e-01
g1689_II3446_A,sa1,6,1,1.6406250000e-01
II3125,sa0,30,0,1.8359375000e-01
g1279_II3125_A,sa0,,,1.8359375000e-01
g1276_II3125_B,sa0,,,1.8359375000e-01
II3125,sa1,21,1,1.2500000000e-01
g930,sa0,30,0,1.5017723972e-06
II1970,sa0,,,1.5017723972e-06
g516_II1970_A,sa0,,,1.5017723972e-06
II1969_II1970_B,sa0,,,1.5017723972e-06
II1971,sa0,,,1.5017723972e-06
g236_II1971_A,sa0,,,1.5017723972e-06
II1969_II1971_B,sa0,,,1.5017723972e-06
II2299_II2300_B,sa1,4,1,1.1718750000e-01
II2542_II2543_B,sa1,12,1,1.0253906250e-01
II2299_II2301_B,sa1,4,1,1.1718750000e-01
II2542_II2544_B,sa1,12,1,1.0253906250e-01
g941,sa0,30,0,1.5017723972e-06
II1995,sa0,,,1.5017723972e-06
g504_II1995_A,sa0,,,1.5017723972e-06
II1994_II1995_B,sa0,,,1.5017723972e-06
II1996,sa0,,,1.5017723972e-06
g218_II1996_A,sa0,,,1.5017723972e-06
II1994_II1996_B,sa0,,,1.5017723972e-06
g950,sa0,30,0,1.5017723972e-06
II2022,sa0,,,1.5017723972e-06
g528_II2022_A,sa0,,,1.5017723972e-06
II2021_II2022_B,sa0,,,1.5017723972e-06
II2023,sa0,,,1.5017723972e-06
g254_II2023_A,sa0,,,1.5017723972e-06
II2021_II2023_B,sa0,,,1.5017723972e-06
g1411_g3502_A,sa1,30,0,3.0966475606e-06
g1402_g2026_B,sa1,6,1,1.2112426758e-01
g1402_g3502_B,sa1,30,0,1.8501095474e-04
g1543_g2101_B,sa1,16,1,1.2516975403e-04
II2526_II2527_B,sa1,12,1,1.0253906250e-01
g944,sa0,30,0,1.5017723972e-06
II2004,sa0,,,1.5017723972e-06
g500_II2004_A,sa0,,,1.5017723972e-06
II2003_II2004_B,sa0,,,1.5017723972e-06
II2005,sa0,,,1.5017723972e-06
g212_II2005_A,sa0,,,1.5017723972e-06
II2003_II2005_B,sa0,,,1.5017723972e-06
g926,sa0,30,0,1.5017723972e-06
II1952,sa0,,,1.5017723972e-06
g524_II1952_A,sa0,,,1.5017723972e-06
II1951_II1952_B,sa0,,,1.5017723972e-06
II1953,sa0,,,1.5017723972e-06
g248_II1953_A,sa0,,,1.5017723972e-06
II1951_II1953_B,sa0,,,1.5017723972e-06
g1620_g3140_C,sa1,30,0,1.0542869568e-03
g1402_g3215_B,sa1,1,1,9.5367431641e-07
II2526_II2528_B,sa1,12,1,1.0253906250e-01
g1436_g2021_B,sa1,30,0,1.5428161621e-01
g928,sa0,30,0,1.5017723972e-06
II1962,sa0,,,1.5017723972e-06
g520_II1962_A,sa0,,,1.5017723972e-06
II1961_II1962_B,sa0,,,1.5017723972e-06
II1963,sa0,,,1.5017723972e-06
g242_II1963_A,sa0,,,1.5017723972e-06
II1961_II1963_B,sa0,,,1.5017723972e-06
g937,sa0,30,0,1.5017723972e-06
II1979,sa0,,,1.5017723972e-06
g512_II1979_A,sa0,,,1.5017723972e-06
II1978_II1979_B,sa0,,,1.5017723972e-06
II1980,sa0,,,1.5017723972e-06
g230_II1980_A,sa0,,,1.5017723972e-06
II1978_II1980_B,sa0,,,1.5017723972e-06
g1423_g2018_A,sa1,30,0,6.7830085754e-04
g1535_g2113_B,sa1,30,0,1.2461096049e-06
g1624_g2160_A,sa1,30,0,1.8500816077e-04
II2681_II2682_B,sa1,1,1,6.2500000000e-02
g939,sa0,30,0,1.5017723972e-06
II1987,sa0,,,1.5017723972e-06
g508_II1987_A,sa0,,,1.5017723972e-06
II1986_II1987_B,sa0,,,1.5017723972e-06
II1988,sa0,,,1.5017723972e-06
g224_II1988_A,sa0,,,1.5017723972e-06
II1986_II1988_B,sa0,,,1.5017723972e-06
g948,sa0,30,0,1.5017723972e-06
II2014,sa0,,,1.5017723972e-06
g532_II2014_A,sa0,,,1.5017723972e-06
II2013_II2014_B,sa0,,,1.5017723972e-06
II2015,sa0,,,1.5017723972e-06
g260_II2015_A,sa0,,,1.5017723972e-06
II2013_II2015_B,sa0,,,1.5017723972e-06
II2681_II2683_B,sa1,1,1,6.2500000000e-02
g1407_g3621_A,sa0,30,0,5.6056976318e-03
g1620_g2434_C,sa1,30,0,1.4058101177e-01
g1815_g3330_A,sa1,30,0,1.0511875153e-03
g1419_g2015_B,sa1,6,1,2.1875000000e-01
g1543_g2107_B,sa1,24,1,1.4497200027e-04
g1423_g4730_A,sa1,6,1,1.9531250000e-03
g1474_g4410_B,sa1,30,0,9.9609375000e-02
II2674_II2675_B,sa1,4,1,1.1718750000e-01
g1570_g2092_B,sa1,6,1,2.1875000000e-01
II2674_II2676_B,sa1,4,1,1.1718750000e-01
g1359_g2026_A,sa1,6,1,1.2112426758e-01
g1560_g4812_B,sa1,6,1,1.7852783203e-03
g1546_g2081_B,sa1,0,1,0.0000000000e+00
g1706_g2255_A,sa1,24,1,1.9140625000e-01
g1802_g3528_A,sa0,7,1,2.1484375000e-02
g1411_g2947_A,sa1,5,1,1.2109375000e-01
g1793_g2142_A,sa1,4,1,7.8639984131e-03
g1706_g2292_A,sa1,18,1,9.5703125000e-02
g1387_g2340_B,sa1,30,0,3.2634237359e-03
g1481_g4416_B,sa1,30,0,7.2021484375e-02
g1560_g4813_C,sa1,6,1,1.7852783203e-03
g1675_g2053_B,sa1,30,0,6.1035156251e-05
g1666_g2062_B,sa1,30,0,1.3935675088e-04
g1398_g2340_A,sa1,30,0,7.8980320250e-03
II2766_II2767_B,sa1,30,0,2.5390647352e-02
g1514_g4680_B,sa1,30,0,1.5017390251e-04
g1826_g2551_B,sa1,27,1,1.7861938477e-01
g1387_g2009_B,sa1,30,0,7.1763992310e-03
g1359_g3433_A,sa1,30,0,6.5059661865e-03
II2766_II2768_B,sa1,30,0,2.5390647352e-02
g1784_g2008_C,sa1,30,0,1.6686391830e-01
g1777_g2142_B,sa1,4,1,3.9501190186e-03
g1716_g2267_A,sa1,24,1,1.9140625000e-01
g1716_g2294_A,sa1,18,1,9.5703125000e-02
g1609_g4244_C,sa1,30,0,9.4726625830e-02
g1398_g2026_C,sa1,6,1,1.2112426758e-01
g1675_g2056_B,sa1,30,0,1.0220986375e-15
g1499_g2062_A,sa1,30,0,3.0698647606e-05
g1546_g2068_B,sa1,30,0,1.5129899111e-08
g1514_g4674_B,sa1,30,0,3.3174455166e-04
g1797_g3330_B,sa1,24,1,1.0066032410e-03
g1743_g3718_A,sa1,2,1,7.8125000000e-03
g1624_g4782_A,sa1,6,1,4.8828125000e-04
II2795_II2796_B,sa1,30,0,1.7090862617e-02
II2795_II2797_B,sa1,30,0,1.7090862617e-02
g1743_g2577_A,sa1,6,1,1.2121582031e-01
g1784_g2831_C,sa1,30,0,1.0907649994e-04
g1661_g5852_C,sa1,1,1,6.1035156250e-05
g1499_g2073_B,sa1,30,0,2.9296875000e-03
g1628_g4247_C,sa1,30,0,1.2109451368e-01
g1552_g5854_C,sa1,14,1,3.3378601079e-06
g1777_g2435_B,sa1,2,1,7.8125000000e-03
g1481_g4694_A,sa1,30,0,8.8867418468e-02
g1535_g5862_C,sa1,0,1,0.0000000000e+00
g1815_g2858_A,sa1,5,1,1.2109375000e-01
g1514_g4678_C,sa1,10,1,4.9138069153e-04
g1477_g5753_A,sa0,30,0,8.4641214926e-07
g1666_g5821_D,sa1,30,0,1.2387093226e-15
g1535_g5863_C,sa1,30,0,8.3691702457e-09
g1661_g5818_D,sa1,30,0,2.2864341736e-04
g1552_g5857_B,sa1,16,1,1.2110922762e-04
g1628_g6473_C,sa1,30,0,9.5215030015e-03
g1529_g5862_B,sa1,0,1,0.0000000000e+00
g1564_g5872_C,sa1,30,0,3.8184225559e-08
II2897_II2898_B,sa1,1,1,6.2500000000e-02
g1529_g5864_B,sa1,0,1,0.0000000000e+00
g1564_g5873_C,sa1,30,0,3.8184225559e-08
II2897_II2899_B,sa1,1,1,6.2500000000e-02
g1474_g4688_A,sa1,30,0,8.8867485523e-02
g1609_g6468_C,sa1,30,0,1.8310555257e-02
g1797_g2951_B,sa1,1,1,3.0517578125e-05
g1793_g2577_C,sa1,6,1,1.2121582031e-01
g1529_g5866_B,sa1,30,0,1.7881393433e-06
g1666_g5818_C,sa1,30,0,8.0560785625e-16
g1477_g4993_B,sa0,16,1,8.9742243290e-05
g1797_g2577_B,sa1,6,1,1.2121582031e-01
g2100,sa0,30,0,1.3672082482e-02
g1588,sa0,,,1.3672082482e-02
g798_g1588_A,sa1,,,1.3672082482e-02
g804_g2100_B,sa0,,,1.3672082482e-02
g791_g2100_C,sa0,,,1.3672082482e-02
g2121,sa0,30,0,3.6376979202e-02
g1632,sa0,,,3.6376979202e-02
g760_g1632_A,sa1,,,3.6376979202e-02
g754_g2121_B,sa0,,,3.6376979202e-02
g1410,sa1,30,0,2.4912878871e-08
g1233_g1410_A,sa0,,,2.4912878871e-08
g2121,sa1,30,0,2.1363049746e-04
g1042,sa0,30,0,3.1738281250e-02
II2073,sa0,,,3.1738281250e-02
g15_II2073_A,sa0,,,3.1738281250e-02
II2072_II2073_B,sa0,,,3.1738281250e-02
II2074,sa0,,,3.1738281250e-02
g11_II2074_A,sa0,,,3.1738281250e-02
II2072_II2074_B,sa0,,,3.1738281250e-02
g1042,sa1,30,0,3.1738281250e-02
g1305,sa0,30,0,1.5881867761e-21
II2293,sa1,,,1.5881867761e-21
g971_II2293_A,sa0,,,1.5881867761e-21
g1341,sa0,30,0,6.8665109575e-04
II2376,sa1,,,6.8665109575e-04
g729_II2376_A,sa0,,,6.8665109575e-04
g2060,sa1,30,0,2.9227828979e-01
g1369_g2060_A,sa0,,,2.9227828979e-01
g1044,sa0,30,0,3.0029296875e-02
II2081,sa0,,,3.0029296875e-02
g25_II2081_A,sa0,,,3.0029296875e-02
II2080_II2081_B,sa0,,,3.0029296875e-02
II2082,sa0,,,3.0029296875e-02
g19_II2082_A,sa0,,,3.0029296875e-02
II2080_II2082_B,sa0,,,3.0029296875e-02
g1504,sa0,30,0,7.0190429688e-04
II2485,sa1,,,7.0190429688e-04
g766_II2485_A,sa0,,,7.0190429688e-04
g1450,sa0,0,1,0.0000000000e+00
II2453,sa1,,,0.0000000000e+00
g952_II2453_A,sa0,,,0.0000000000e+00
g1305,sa1,30,0,4.1991006583e-06
II2293,sa0,,,4.1991006583e-06
g971_II2293_A,sa1,,,4.1991006583e-06
g1351,sa0,1,1,5.0000000000e-01
II2388,sa1,,,5.0000000000e-01
g878_II2388_A,sa0,,,5.0000000000e-01
g2025,sa1,1,1,7.8125000000e-03
g1276_g2025_A,sa0,,,7.8125000000e-03
g2215,sa0,1,1,5.0000000000e-01
II3352,sa1,,,5.0000000000e-01
g1285,sa0,,,5.0000000000e-01
g852,sa1,,,5.0000000000e-01
g634_g852_A,sa0,,,5.0000000000e-01
g1341,sa1,30,0,2.0599924028e-04
II2376,sa0,,,2.0599924028e-04
g729_II2376_A,sa1,,,2.0599924028e-04
g1332,sa1,30,0,4.9953079224e-01
II2349,sa0,,,4.9953079224e-01
g1160,sa1,,,4.9953079224e-01
II2179,sa0,,,4.9953079224e-01
g293_II2179_A,sa1,,,4.9953079224e-01
g1711,sa0,5,1,5.0000000000e-01
II2712,sa1,,,5.0000000000e-01
g1203,sa0,,,5.0000000000e-01
II2207,sa1,,,5.0000000000e-01
g7_II2207_A,sa0,,,5.0000000000e-01
g1612,sa0,30,0,8.7892413139e-03
g784_g1612_A,sa0,,,8.7892413139e-03
g774_g1612_B,sa0,,,8.7892413139e-03
g821_g1612_C,sa0,,,8.7892413139e-03
II2574,sa0,,,8.7892413139e-03
g804_II2574_A,sa0,,,8.7892413139e-03
g798_II2574_B,sa0,,,8.7892413139e-03
g791_II2574_C,sa0,,,8.7892413139e-03
g1036,sa0,30,0,3.1494140625e-02
II2061,sa0,,,3.1494140625e-02
g7_II2061_A,sa0,,,3.1494140625e-02
II2060_II2061_B,sa0,,,3.1494140625e-02
II2062,sa0,,,3.1494140625e-02
g3_II2062_A,sa0,,,3.1494140625e-02
II2060_II2062_B,sa0,,,3.1494140625e-02
g1044,sa1,30,0,3.0029296875e-02
g1504,sa1,30,0,1.6632080078e-03
II2485,sa0,,,1.6632080078e-03
g766_II2485_A,sa1,,,1.6632080078e-03
g1450,sa1,0,1,0.0000000000e+00
II2453,sa0,,,0.0000000000e+00
g952_II2453_A,sa1,,,0.0000000000e+00
g2234,sa0,1,1,5.0000000000e-01
II3367,sa1,,,5.0000000000e-01
g1283,sa0,,,5.0000000000e-01
g853,sa1,,,5.0000000000e-01
g642_g853_A,sa0,,,5.0000000000e-01
g2215,sa1,1,1,5.0000000000e-01
II3352,sa0,,,5.0000000000e-01
g1285,sa1,,,5.0000000000e-01
g852,sa0,,,5.0000000000e-01
g634_g852_A,sa1,,,5.0000000000e-01
g1352,sa0,30,0,8.3160493523e-04
II2391,sa1,,,8.3160493523e-04
g774_II2391_A,sa0,,,8.3160493523e-04
g1703,sa0,5,1,5.0000000000e-01
II2707,sa1,,,5.0000000000e-01
g1190,sa0,,,5.0000000000e-01
II2199,sa1,,,5.0000000000e-01
g33_II2199_A,sa0,,,5.0000000000e-01
g1711,sa1,5,1,5.0000000000e-01
II2712,sa0,,,5.0000000000e-01
g1203,sa1,,,5.0000000000e-01
II2207,sa0,,,5.0000000000e-01
g7_II2207_A,sa1,,,5.0000000000e-01
g1721,sa0,5,1,5.0000000000e-01
II2721,sa1,,,5.0000000000e-01
g1219,sa0,,,5.0000000000e-01
II2218,sa1,,,5.0000000000e-01
g11_II2218_A,sa0,,,5.0000000000e-01
g1612,sa1,180,0,5.3712030007e-02
g1036,sa1,30,0,3.1494140625e-02
g1461,sa0,0,1,0.0000000000e+00
II2460,sa1,,,0.0000000000e+00
g952_II2460_A,sa0,,,0.0000000000e+00
g2234,sa1,1,1,5.0000000000e-01
II3367,sa0,,,5.0000000000e-01
g1283,sa1,,,5.0000000000e-01
g853,sa0,,,5.0000000000e-01
g642_g853_A,sa1,,,5.0000000000e-01
g1415,sa1,30,0,4.9825757742e-08
g1246_g1415_A,sa0,,,4.9825757742e-08
g1352,sa1,30,0,8.3160401846e-04
II2391,sa0,,,8.3160401846e-04
g774_II2391_A,sa1,,,8.3160401846e-04
g1325,sa1,30,0,4.9953079224e-01
II2330,sa0,,,4.9953079224e-01
g1122,sa1,,,4.9953079224e-01
II2162,sa0,,,4.9953079224e-01
g197_II2162_A,sa1,,,4.9953079224e-01
g1703,sa1,5,1,5.0000000000e-01
II2707,sa0,,,5.0000000000e-01
g1190,sa1,,,5.0000000000e-01
II2199,sa0,,,5.0000000000e-01
g33_II2199_A,sa1,,,5.0000000000e-01
g1721,sa1,5,1,5.0000000000e-01
II2721,sa0,,,5.0000000000e-01
g1219,sa1,,,5.0000000000e-01
II2218,sa0,,,5.0000000000e-01
g11_II2218_A,sa1,,,5.0000000000e-01
g1047,sa0,30,0,3.1494140625e-02
II2090,sa0,,,3.1494140625e-02
g33_II2090_A,sa0,,,3.1494140625e-02
II2089_II2090_B,sa0,,,3.1494140625e-02
II2091,sa0,,,3.1494140625e-02
g29_II2091_A,sa0,,,3.1494140625e-02
II2089_II2091_B,sa0,,,3.1494140625e-02
g1426,sa0,30,0,5.5879354477e-09
II2445,sa1,,,5.5879354477e-09
g971_II2445_A,sa0,,,5.5879354477e-09
g1461,sa1,0,1,0.0000000000e+00
II2460,sa0,,,0.0000000000e+00
g952_II2460_A,sa1,,,0.0000000000e+00
g2245,sa0,1,1,5.0000000000e-01
II3382,sa1,,,5.0000000000e-01
g1284,sa0,,,5.0000000000e-01
g851,sa1,,,5.0000000000e-01
g606_g851_A,sa0,,,5.0000000000e-01
g1345,sa0,30,0,1.6632080078e-03
II2382,sa1,,,1.6632080078e-03
g719_II2382_A,sa0,,,1.6632080078e-03
g1372,sa0,30,0,1.6632080078e-03
II2408,sa1,,,1.6632080078e-03
g719_II2408_A,sa0,,,1.6632080078e-03
g1381,sa0,30,0,8.3160493523e-04
II2417,sa1,,,8.3160493523e-04
g774_II2417_A,sa0,,,8.3160493523e-04
g1633,sa0,30,0,9.2267990112e-04
g716_g1633_A,sa0,,,9.2267990112e-04
g152_g1633_B,sa0,,,9.2267990112e-04
g1363,sa0,30,0,2.0599924028e-04
II2399,sa1,,,2.0599924028e-04
g729_II2399_A,sa0,,,2.0599924028e-04
g1335,sa1,30,0,4.9953079224e-01
II2358,sa0,,,4.9953079224e-01
g1176,sa1,,,4.9953079224e-01
II2190,sa0,,,4.9953079224e-01
g297_II2190_A,sa1,,,4.9953079224e-01
g1047,sa1,30,0,3.0029296875e-02
g1426,sa1,30,0,1.5258791279e-05
II2445,sa0,,,1.5258791279e-05
g971_II2445_A,sa1,,,1.5258791279e-05
g2137,sa1,32,0,2.9297955334e-03
g2245,sa1,1,1,5.0000000000e-01
II3382,sa0,,,5.0000000000e-01
g1284,sa1,,,5.0000000000e-01
g851,sa0,,,5.0000000000e-01
g606_g851_A,sa1,,,5.0000000000e-01
g1345,sa1,30,0,1.6632080078e-03
II2382,sa0,,,1.6632080078e-03
g719_II2382_A,sa1,,,1.6632080078e-03
g1355,sa0,30,0,1.4266967773e-03
II2394,sa1,,,1.4266967773e-03
g719_II2394_A,sa0,,,1.4266967773e-03
g1372,sa1,30,0,1.6632080078e-03
II2408,sa0,,,1.6632080078e-03
g719_II2408_A,sa1,,,1.6632080078e-03
g1381,sa1,30,0,1.8005371239e-03
II2417,sa0,,,1.8005371239e-03
g774_II2417_A,sa1,,,1.8005371239e-03
g1391,sa0,30,0,1.6632080078e-03
II2424,sa1,,,1.6632080078e-03
g719_II2424_A,sa0,,,1.6632080078e-03
g1633,sa1,60,0,2.0685195923e-03
g1363,sa1,30,0,2.0599924028e-04
II2399,sa0,,,2.0599924028e-04
g729_II2399_A,sa1,,,2.0599924028e-04
g2138,sa0,30,0,2.2949371487e-02
g1639,sa0,,,2.2949371487e-02
g815_g1639_A,sa1,,,2.2949371487e-02
g809_g2138_B,sa0,,,2.2949371487e-02
g1293,sa0,1,1,5.0000000000e-01
II2284,sa1,,,5.0000000000e-01
g922,sa0,,,5.0000000000e-01
II1947,sa1,,,5.0000000000e-01
g699_II1947_A,sa0,,,5.0000000000e-01
g1491,sa0,30,0,9.3132257462e-10
II2476,sa1,,,9.3132257462e-10
g971_II2476_A,sa0,,,9.3132257462e-10
g2156,sa1,32,0,2.9297955334e-03
g2256,sa0,1,1,5.0000000000e-01
II3395,sa1,,,5.0000000000e-01
g1286,sa0,,,5.0000000000e-01
g854,sa1,,,5.0000000000e-01
g646_g854_A,sa0,,,5.0000000000e-01
g1355,sa1,30,0,1.1825561523e-03
II2394,sa0,,,1.1825561523e-03
g719_II2394_A,sa1,,,1.1825561523e-03
g1391,sa1,30,0,1.1825561523e-03
II2424,sa0,,,1.1825561523e-03
g719_II2424_A,sa1,,,1.1825561523e-03
g2138,sa1,30,0,2.2888183594e-04
g2084,sa1,60,0,1.2349337341e-06
g1293,sa1,1,1,5.0000000000e-01
II2284,sa0,,,5.0000000000e-01
g922,sa1,,,5.0000000000e-01
II1947,sa0,,,5.0000000000e-01
g699_II1947_A,sa1,,,5.0000000000e-01
g1294,sa0,1,1,5.0000000000e-01
II2287,sa1,,,5.0000000000e-01
g927,sa0,,,5.0000000000e-01
II1958,sa1,,,5.0000000000e-01
g702_II1958_A,sa0,,,5.0000000000e-01
g1519,sa0,30,0,1.1825561669e-03
II2491,sa1,,,1.1825561669e-03
g821_II2491_A,sa0,,,1.1825561669e-03
g1491,sa1,30,0,8.4241662689e-05
II2476,sa0,,,8.4241662689e-05
g971_II2476_A,sa1,,,8.4241662689e-05
g2356,sa0,30,0,4.4825673103e-04
g1603_g2356_A,sa0,,,4.4825673103e-04
g269_g2356_B,sa0,,,4.4825673103e-04
g1581,sa1,30,0,2.5216102600e-02
g910_g1581_A,sa0,,,2.5216102600e-02
g2256,sa1,1,1,5.0000000000e-01
II3395,sa0,,,5.0000000000e-01
g1286,sa1,,,5.0000000000e-01
g854,sa0,,,5.0000000000e-01
g646_g854_A,sa1,,,5.0000000000e-01
g2284,sa0,1,1,5.0000000000e-01
II3431,sa1,,,5.0000000000e-01
g1275,sa0,,,5.0000000000e-01
g842,sa1,,,5.0000000000e-01
g571_g842_A,sa0,,,5.0000000000e-01
g1366,sa0,30,0,2.2125430405e-04
II2402,sa1,,,2.2125430405e-04
g774_II2402_A,sa0,,,2.2125430405e-04
g1861,sa0,30,0,4.6556091309e-01
II2967,sa1,,,4.6556091309e-01
g1682,sa0,,,4.6556091309e-01
g829,sa1,,,4.6556091309e-01
g323_g829_A,sa0,,,4.6556091309e-01
g1348,sa0,30,0,6.8665109575e-04
II2385,sa1,,,6.8665109575e-04
g784_II2385_A,sa0,,,6.8665109575e-04
g1375,sa0,0,1,0.0000000000e+00
II2411,sa1,,,0.0000000000e+00
g736_II2411_A,sa0,,,0.0000000000e+00
g1384,sa0,0,1,0.0000000000e+00
II2420,sa1,,,0.0000000000e+00
g791_II2420_A,sa0,,,0.0000000000e+00
g1329,sa1,30,0,4.9953079224e-01
II2340,sa0,,,4.9953079224e-01
g1142,sa1,,,4.9953079224e-01
II2169,sa0,,,4.9953079224e-01
g269_II2169_A,sa1,,,4.9953079224e-01
g1726,sa0,5,1,5.0000000000e-01
II2728,sa1,,,5.0000000000e-01
g1232,sa0,,,5.0000000000e-01
II2228,sa1,,,5.0000000000e-01
g15_II2228_A,sa0,,,5.0000000000e-01
g1735,sa0,5,1,5.0000000000e-01
II2745,sa1,,,5.0000000000e-01
g1249,sa0,,,5.0000000000e-01
II2240,sa1,,,5.0000000000e-01
g19_II2240_A,sa0,,,5.0000000000e-01
g2095,sa0,30,0,1.0742322071e-02
g1584,sa0,,,1.0742322071e-02
g743_g1584_A,sa1,,,1.0742322071e-02
g749_g2095_B,sa0,,,1.0742322071e-02
g736_g2095_C,sa0,,,1.0742322071e-02
g1294,sa1,1,1,5.0000000000e-01
II2287,sa0,,,5.0000000000e-01
g927,sa1,,,5.0000000000e-01
II1958,sa0,,,5.0000000000e-01
g702_II1958_A,sa1,,,5.0000000000e-01
g1439,sa0,30,0,5.5879354477e-09
II2449,sa1,,,5.5879354477e-09
g971_II2449_A,sa0,,,5.5879354477e-09
g1519,sa1,30,0,3.9405887946e-03
II2491,sa0,,,3.9405887946e-03
g821_II2491_A,sa1,,,3.9405887946e-03
g1295,sa0,30,0,1.5881867761e-21
II2290,sa1,,,1.5881867761e-21
g971_II2290_A,sa0,,,1.5881867761e-21
g1484,sa0,30,0,9.3132257462e-10
II2473,sa1,,,9.3132257462e-10
g971_II2473_A,sa0,,,9.3132257462e-10
g1880,sa0,30,0,1.5646219278e-07
g1603_g1880_A,sa1,,,1.5646219278e-07
g2339,sa0,30,0,5.2603427321e-06
g1603_g2339_A,sa0,,,5.2603427321e-06
g197_g2339_B,sa0,,,5.2603427321e-06
g2276,sa0,1,1,5.0000000000e-01
II3425,sa1,,,5.0000000000e-01
g1274,sa0,,,5.0000000000e-01
g856,sa1,,,5.0000000000e-01
g654_g856_A,sa0,,,5.0000000000e-01
g2284,sa1,1,1,5.0000000000e-01
II3431,sa0,,,5.0000000000e-01
g1275,sa1,,,5.0000000000e-01
g842,sa0,,,5.0000000000e-01
g571_g842_A,sa1,,,5.0000000000e-01
g1763,sa0,30,0,7.1525573730e-06
g478_g1763_A,sa0,,,7.1525573730e-06
g1119_g1763_B,sa0,,,7.1525573730e-06
g1366,sa1,30,0,8.3160401846e-04
II2402,sa0,,,8.3160401846e-04
g774_II2402_A,sa1,,,8.3160401846e-04
g1861,sa1,30,0,2.5244140625e-01
II2967,sa0,,,2.5244140625e-01
g1682,sa1,,,2.5244140625e-01
g829,sa0,,,2.5244140625e-01
g323_g829_A,sa1,,,2.5244140625e-01
g1808,sa0,30,0,1.2325961143e-04
g706_g1808_A,sa0,,,1.2325961143e-04
g49_g1808_B,sa0,,,1.2325961143e-04
g1348,sa1,30,0,5.8365426958e-04
II2385,sa0,,,5.8365426958e-04
g784_II2385_A,sa1,,,5.8365426958e-04
g1375,sa1,0,1,0.0000000000e+00
II2411,sa0,,,0.0000000000e+00
g736_II2411_A,sa1,,,0.0000000000e+00
g1384,sa1,0,1,0.0000000000e+00
II2420,sa0,,,0.0000000000e+00
g791_II2420_A,sa1,,,0.0000000000e+00
g1726,sa1,5,1,5.0000000000e-01
II2728,sa0,,,5.0000000000e-01
g1232,sa1,,,5.0000000000e-01
II2228,sa0,,,5.0000000000e-01
g15_II2228_A,sa1,,,5.0000000000e-01
g1735,sa1,5,1,5.0000000000e-01
II2745,sa0,,,5.0000000000e-01
g1249,sa1,,,5.0000000000e-01
II2240,sa0,,,5.0000000000e-01
g19_II2240_A,sa1,,,5.0000000000e-01
g1419_II3411_A,sa1,3,1,2.1875000000e-01
g1439,sa1,30,0,1.5258791279e-05
II2449,sa0,,,1.5258791279e-05
g971_II2449_A,sa1,,,1.5258791279e-05
g1295,sa1,30,0,1.7601996660e-07
II2290,sa0,,,1.7601996660e-07
g971_II2290_A,sa1,,,1.7601996660e-07
g1484,sa1,30,0,8.4241662689e-05
II2473,sa0,,,8.4241662689e-05
g971_II2473_A,sa1,,,8.4241662689e-05
g1880,sa1,30,0,1.5912130475e-03
g1603_g1880_A,sa0,,,1.5912130475e-03
g1358,sa1,30,0,3.5762786865e-06
g1119_g1358_A,sa0,,,3.5762786865e-06
g1394,sa1,6,1,4.6875000000e-02
g1206_g1394_A,sa0,,,4.6875000000e-02
g2268,sa0,1,1,5.0000000000e-01
II3419,sa1,,,5.0000000000e-01
g1287,sa0,,,5.0000000000e-01
g855,sa1,,,5.0000000000e-01
g650_g855_A,sa0,,,5.0000000000e-01
g2276,sa1,1,1,5.0000000000e-01
II3425,sa0,,,5.0000000000e-01
g1274,sa1,,,5.0000000000e-01
g856,sa0,,,5.0000000000e-01
g654_g856_A,sa1,,,5.0000000000e-01
g1395,sa0,30,0,1.8920907751e-03
II2428,sa1,,,1.8920907751e-03
g774_II2428_A,sa0,,,1.8920907751e-03
g1808,sa1,60,0,4.3433811516e-04
g1692,sa0,5,1,5.0000000000e-01
II2696,sa1,,,5.0000000000e-01
g1156,sa0,,,5.0000000000e-01
II2175,sa1,,,5.0000000000e-01
g25_II2175_A,sa0,,,5.0000000000e-01
g1419_II3412_A,sa1,3,1,2.1875000000e-01
g1567,sa0,30,0,2.7939677238e-09
II2537,sa1,,,2.7939677238e-09
g971_II2537_A,sa0,,,2.7939677238e-09
g2296,sa0,26,1,4.6969604492e-01
II3441,sa1,,,4.6969604492e-01
g1502,sa0,,,4.6969604492e-01
g709,sa1,,,4.6969604492e-01
g114_g709_A,sa0,,,4.6969604492e-01
g2268,sa1,1,1,5.0000000000e-01
II3419,sa0,,,5.0000000000e-01
g1287,sa1,,,5.0000000000e-01
g855,sa0,,,5.0000000000e-01
g650_g855_A,sa1,,,5.0000000000e-01
g2197,sa0,1,1,5.0000000000e-01
II3340,sa1,,,5.0000000000e-01
g1282,sa0,,,5.0000000000e-01
g849,sa1,,,5.0000000000e-01
g598_g849_A,sa0,,,5.0000000000e-01
g1395,sa1,30,0,8.3160401846e-04
II2428,sa0,,,8.3160401846e-04
g774_II2428_A,sa1,,,8.3160401846e-04
g1378,sa0,30,0,2.0256070420e-03
II2414,sa1,,,2.0256070420e-03
g784_II2414_A,sa0,,,2.0256070420e-03
g1692,sa1,5,1,5.0000000000e-01
II2696,sa0,,,5.0000000000e-01
g1156,sa1,,,5.0000000000e-01
II2175,sa0,,,5.0000000000e-01
g25_II2175_A,sa1,,,5.0000000000e-01
g1567,sa1,30,0,1.1325093965e-06
II2537,sa0,,,1.1325093965e-06
g971_II2537_A,sa1,,,1.1325093965e-06
g2296,sa1,30,0,2.6367187500e-01
II3441,sa0,,,2.6367187500e-01
g1502,sa1,,,2.6367187500e-01
g709,sa0,,,2.6367187500e-01
g114_g709_A,sa1,,,2.6367187500e-01
g2197,sa1,1,1,5.0000000000e-01
II3340,sa0,,,5.0000000000e-01
g1282,sa1,,,5.0000000000e-01
g849,sa0,,,5.0000000000e-01
g598_g849_A,sa1,,,5.0000000000e-01
g1378,sa1,30,0,5.8365426958e-04
II2414,sa0,,,5.8365426958e-04
g784_II2414_A,sa1,,,5.8365426958e-04
g1936,sa1,15,1,3.6328125000e-01
g1756_g1936_A,sa0,,,3.6328125000e-01
g1595,sa0,30,0,6.8359655558e-03
g729_g1595_A,sa0,,,6.8359655558e-03
g719_g1595_B,sa0,,,6.8359655558e-03
g766_g1595_C,sa0,,,6.8359655558e-03
II2566,sa0,,,6.8359655558e-03
g749_II2566_A,sa0,,,6.8359655558e-03
g743_II2566_B,sa0,,,6.8359655558e-03
g736_II2566_C,sa0,,,6.8359655558e-03
g1578,sa0,30,0,2.7939677238e-09
II2552,sa1,,,2.7939677238e-09
g971_II2552_A,sa0,,,2.7939677238e-09
g1595,sa1,180,0,4.8828747821e-02
g1578,sa1,30,0,1.2517136838e-06
II2552,sa0,,,1.2517136838e-06
g971_II2552_A,sa1,,,1.2517136838e-06
g1696,sa0,5,1,5.0000000000e-01
II2700,sa1,,,5.0000000000e-01
g1173,sa0,,,5.0000000000e-01
II2185,sa1,,,5.0000000000e-01
g29_II2185_A,sa0,,,5.0000000000e-01
g1696,sa1,5,1,5.0000000000e-01
II2700,sa0,,,5.0000000000e-01
g1173,sa1,,,5.0000000000e-01
II2185,sa0,,,5.0000000000e-01
g29_II2185_A,sa1,,,5.0000000000e-01
g1436_II2933_A,sa1,8,1,1.7578125000e-01
g1699,sa0,5,1,5.0000000000e-01
II2703,sa1,,,5.0000000000e-01
g1189,sa0,,,5.0000000000e-01
II2196,sa1,,,5.0000000000e-01
g3_II2196_A,sa0,,,5.0000000000e-01
g1879,sa0,30,0,2.5939941406e-03
g1978,sa1,30,0,1.2695789337e-04
g1387_g1978_A,sa0,,,1.2695789337e-04
g1036_II2497_B,sa1,30,0,3.1738281250e-02
g1899,sa0,30,0,1.7211914063e-02
II2998,sa1,,,1.7211914063e-02
g1257_II2998_A,sa0,,,1.7211914063e-02
g1997,sa1,30,0,2.4479255080e-04
g1398_g1997_A,sa0,,,2.4479255080e-04
g1036_II2499_A,sa1,30,0,3.1738281250e-02
g1899,sa1,30,0,1.7211914063e-02
II2998,sa0,,,1.7211914063e-02
g1257_II2998_A,sa1,,,1.7211914063e-02
II2300,sa1,16,1,1.0986328125e-01
II2301,sa1,4,1,1.1718750000e-01
II4040,sa1,9,1,7.8125000000e-02
II3411,sa0,4,1,2.5000000000e-01
g1419_II3411_A,sa0,,,2.5000000000e-01
g616_II3411_B,sa0,,,2.5000000000e-01
II3411,sa1,1,1,3.1250000000e-02
II2543,sa1,3,1,1.0937500000e-01
II2544,sa1,3,1,1.0937500000e-01
II3445,sa0,9,1,2.1875000000e-01
g1689_II3445_A,sa0,,,2.1875000000e-01
g729_II3445_B,sa0,,,2.1875000000e-01
II2527,sa1,3,1,1.0937500000e-01
II2933,sa0,20,1,2.2705078125e-01
g1436_II2933_A,sa0,,,2.2705078125e-01
g345_II2933_B,sa0,,,2.2705078125e-01
II3445,sa1,9,1,4.7851562500e-02
II3455,sa0,9,1,2.1875000000e-01
g1691_II3455_A,sa0,,,2.1875000000e-01
g784_II3455_B,sa0,,,2.1875000000e-01
II3125_II3126_B,sa1,21,1,1.2500000000e-01
II2528,sa1,3,1,1.0937500000e-01
II2933,sa1,4,1,5.8593750000e-02
II3177,sa0,12,1,2.1875000000e-01
g1706_II3177_A,sa0,,,2.1875000000e-01
g736_II3177_B,sa0,,,2.1875000000e-01
II3455,sa1,9,1,4.7851562500e-02
II3125_II3127_B,sa1,21,1,1.2500000000e-01
II2682,sa1,1,1,6.2500000000e-02
II3177,sa1,6,1,2.0507812500e-02
II2683,sa1,2,1,1.8750000000e-01
II3188,sa0,12,1,2.1875000000e-01
g1716_II3188_A,sa0,,,2.1875000000e-01
g791_II3188_B,sa0,,,2.1875000000e-01
II2675,sa1,8,1,8.7890625000e-02
II3188,sa1,6,1,2.0507812500e-02
II2676,sa1,4,1,1.1718750000e-01
II2767,sa1,30,0,1.8074070103e-02
II3398,sa0,12,1,2.0507812500e-01
g1826_II3398_A,sa0,,,2.0507812500e-01
g135_II3398_B,sa0,,,2.0507812500e-01
II2768,sa1,30,0,1.5762686729e-02
II3398,sa1,4,1,5.8593750000e-02
II2796,sa1,30,0,1.6674097642e-02
II3697,sa0,4,1,2.5000000000e-01
g1570_II3697_A,sa0,,,2.5000000000e-01
g642_II3697_B,sa0,,,2.5000000000e-01
II2797,sa1,30,0,2.7351439014e-02
II3697,sa1,1,1,3.1250000000e-02
g2121_g4271_A,sa1,30,0,3.1250979751e-02
II2898,sa1,1,1,6.2500000000e-02
II2899,sa1,2,1,1.8750000000e-01
g2215_g3531_B,sa1,30,0,3.7087239946e-08
g2215_g3532_B,sa1,30,0,4.9543416480e-08
g1703_g6060_B,sa1,1,1,3.1250000000e-02
g1711_g6061_B,sa1,1,1,3.1250000000e-02
g1345_g4160_B,sa1,30,0,1.4648679644e-03
g1703_g6260_A,sa1,4,1,4.6875000000e-01
g2121_g6625_A,sa1,5,1,9.7656250000e-03
g1861_g4230_B,sa1,4,1,7.3242187500e-03
g1612_g6640_A,sa1,30,0,8.6914062500e-02
g1612_g2950_B,sa1,30,0,1.2304875255e-01
g2215_g3653_A,sa1,30,0,3.7863850594e-05
g2234_g3661_A,sa1,30,0,3.7863850594e-05
g2234_g3670_A,sa1,30,0,5.2007065723e-04
g2276_g3700_A,sa1,0,1,0.0000000000e+00
g2215_g3535_B,sa1,30,0,3.7087239946e-08
g2215_g3544_B,sa1,30,0,1.2646182768e-07
g1711_g6263_A,sa1,4,1,4.6875000000e-01
g1612_g5077_A,sa0,4,1,7.8125000000e-03
g1633_g2166_A,sa1,30,0,1.2435913086e-03
g2215_g3663_A,sa1,30,0,7.4069201946e-04
g2284_g3702_A,sa1,30,0,7.0881843567e-04
g2215_g3536_B,sa1,30,0,3.9298868160e-08
g1352_g4165_B,sa1,30,0,2.4414267391e-03
g1381_g4181_B,sa1,30,0,2.4414267391e-03
g2138_g4280_A,sa1,30,0,3.1250622123e-02
g2234_g3681_A,sa1,30,0,5.2007065723e-04
g2268_g3701_A,sa1,30,0,5.2934727100e-04
g2284_g3703_A,sa1,0,1,0.0000000000e+00
g2245_g3680_A,sa1,30,0,5.2007065723e-04
g2215_g3529_B,sa1,30,0,4.0812530244e-08
g2215_g3538_B,sa1,30,0,1.3717308889e-07
g1861_g4253_A,sa1,13,1,7.5674057007e-03
g1721_g6066_B,sa1,1,1,3.1250000000e-02
g2121_g6469_A,sa1,30,0,1.4648996294e-03
g2296_g3305_B,sa1,4,1,2.9296875000e-02
g2276_g3704_A,sa1,0,1,0.0000000000e+00
g2197_g3520_C,sa1,30,0,4.0812530244e-08
g2215_g3539_B,sa1,30,0,3.9298868160e-08
g1366_g4172_B,sa1,30,0,1.9531473517e-03
g1391_g4183_B,sa1,30,0,1.4648679644e-03
g1692_g6250_A,sa1,4,1,4.6875000000e-01
g1721_g6266_A,sa1,4,1,4.6875000000e-01
g1726_g6270_A,sa1,4,1,4.6875000000e-01
g1880_g5541_B,sa0,30,0,4.8950710239e-10
g2197_g3530_C,sa1,30,0,3.9298868160e-08
g1341_g4684_B,sa1,30,0,2.1972879767e-03
g1378_g4701_B,sa1,30,0,2.1972889081e-03
g1808_g2419_A,sa1,30,0,1.2634322047e-04
g2296_g3425_A,sa1,10,1,3.0242919922e-02
g1372_g4177_B,sa1,30,0,1.4648679644e-03
g1612_g6628_B,sa1,30,0,8.2031250000e-02
g1355_g4168_B,sa1,30,0,1.4648679644e-03
g2138_g6474_A,sa1,30,0,1.8066436052e-02
g1567_g2085_B,sa1,30,0,2.3844404495e-07
g2245_g3667_A,sa1,30,0,3.6925077438e-05
g2234_g3669_A,sa1,30,0,7.4069201946e-04
g2276_g3690_A,sa1,30,0,3.7863850594e-05
g2284_g3709_A,sa1,0,1,0.0000000000e+00
g1384_g5175_B,sa1,0,1,0.0000000000e+00
g1612_g6559_A,sa1,30,0,2.8320312500e-02
g1880_g5561_D,sa0,30,0,6.4037544516e-16
g2296_g2671_B,sa1,4,1,5.8593750000e-02
g2296_g2860_B,sa1,4,1,2.3437500000e-01
g2197_g3644_A,sa1,30,0,3.7729740143e-05
g2256_g3693_A,sa1,30,0,5.2934727100e-04
g2197_g3525_C,sa1,30,0,3.7087239946e-08
g1692_g6047_B,sa1,1,1,3.1250000000e-02
g1735_g6275_A,sa1,4,1,4.6875000000e-01
g2138_g6628_A,sa1,5,1,9.7656250000e-03
g1861_g2873_B,sa1,4,1,5.8593750000e-02
g2256_g3685_A,sa1,30,0,7.4502825737e-04
g2245_g3687_A,sa1,30,0,5.2007065723e-04
g2268_g3691_A,sa1,30,0,7.3751807213e-04
g2197_g3535_C,sa1,30,0,3.7087239946e-08
g2197_g3526_C,sa1,30,0,4.9543416480e-08
g2197_g3544_C,sa1,30,0,1.2646182768e-07
g1633_g4488_A,sa1,16,1,3.2958984375e-03
g1808_g4583_A,sa1,16,1,8.2397460938e-04
g1726_g6068_B,sa1,1,1,3.1250000000e-02
g1735_g6077_B,sa1,1,1,3.1250000000e-02
g2197_g3655_A,sa1,30,0,7.2781741619e-04
g2245_g3679_A,sa1,30,0,7.3215365410e-04
g2256_g3686_A,sa1,30,0,5.2934727100e-04
g2268_g3692_A,sa1,30,0,5.2934727100e-04
g1395_g4186_B,sa1,30,0,1.9531473517e-03
g1375_g5169_B,sa1,0,1,0.0000000000e+00
g1595_g5069_A,sa0,4,1,7.8125000000e-03
g2256_g3678_A,sa1,30,0,3.6925077438e-05
g2268_g3684_A,sa1,30,0,3.7863850594e-05
g1696_g6055_B,sa1,1,1,3.1250000000e-02
g1595_g6634_A,sa1,30,0,8.2519531250e-02
g2197_g3538_C,sa1,30,0,1.3717308889e-07
g1363_g4697_B,sa1,30,0,2.1972879767e-03
g1595_g6625_B,sa1,30,0,1.4453125000e-01
g1578_g2089_B,sa1,30,0,2.9804687074e-07
g1861_g2868_B,sa1,4,1,1.1718750000e-01
g1861_g2949_B,sa1,4,1,2.3437500000e-01
g1861_g3489_B,sa1,4,1,2.9296875000e-02
g2197_g3539_C,sa1,30,0,3.9298868160e-08
g1348_g4686_B,sa1,30,0,2.1972889081e-03
g1696_g6256_A,sa1,4,1,4.6875000000e-01
g2296_g2659_B,sa1,4,1,1.1718750000e-01
g2284_g3698_A,sa1,30,0,5.2459537983e-05
g1861_g3887_B,sa1,4,1,1.4648437500e-02
g1699_g6056_B,sa1,1,1,3.1250000000e-02
g1595_g6557_A,sa1,30,0,3.2226562500e-02
g1595_g2948_B,sa1,30,0,1.2304908782e-01
g2276_g3699_A,sa1,30,0,7.5146555901e-04
g1699_g6259_A,sa1,4,1,4.6875000000e-01
g2101,sa1,32,0,2.5033950806e-04
g2021,sa0,25,1,5.8836936951e-02
g835,sa0,,,5.8836936951e-02
g345_g835_A,sa1,,,5.8836936951e-02
g1436_g2021_B,sa0,,,5.8836936951e-02
g2120,sa1,1,1,2.5000000000e-01
II3251,sa0,,,2.5000000000e-01
g1471,sa1,,,2.5000000000e-01
II2464,sa0,,,2.5000000000e-01
g850,sa1,,,2.5000000000e-01
g602_g850_A,sa0,,,2.5000000000e-01
g2021,sa1,54,0,2.1311855316e-01
g2113,sa0,30,0,4.9173831989e-07
g1576,sa0,,,4.9173831989e-07
g1101_g1576_A,sa0,,,4.9173831989e-07
g1094_g1576_B,sa0,,,4.9173831989e-07
g1535_g2113_B,sa0,,,4.9173831989e-07
g2113,sa1,90,0,3.7383288146e-06
g2330,sa0,28,1,2.4642944336e-03
g1777_g2330_A,sa1,,,2.4642944336e-03
g2015,sa0,2,1,3.1250000000e-02
g616_g2015_A,sa0,,,3.1250000000e-02
g1419_g2015_B,sa0,,,3.1250000000e-02
g2330,sa1,30,0,2.0575523376e-04
g1777_g2330_A,sa0,,,2.0575523376e-04
g2160,sa0,30,0,1.8440885469e-04
g1624_g2160_A,sa0,,,1.8440885469e-04
g929,sa0,,,1.8440885469e-04
g49_g929_A,sa1,,,1.8440885469e-04
g2142,sa0,7,1,7.8887939453e-03
g1793_g2142_A,sa0,,,7.8887939453e-03
g1777_g2142_B,sa0,,,7.8887939453e-03
g2340,sa0,30,0,3.9467811584e-03
g1398_g2340_A,sa0,,,3.9467811584e-03
g1387_g2340_B,sa0,,,3.9467811584e-03
g2015,sa1,10,1,4.6875000000e-01
g2044,sa0,30,0,2.1057128906e-02
II3161,sa1,,,2.1057128906e-02
g1270_II3161_A,sa0,,,2.1057128906e-02
g2007,sa1,30,0,7.7605247498e-05
g1411_g2007_A,sa0,,,7.7605247498e-05
g2026,sa0,7,1,1.2159729004e-01
g1359_g2026_A,sa0,,,1.2159729004e-01
g1402_g2026_B,sa0,,,1.2159729004e-01
g1398_g2026_C,sa0,,,1.2159729004e-01
g901_g2026_D,sa0,,,1.2159729004e-01
g2053,sa0,16,1,3.8909912109e-03
g1094_g2053_A,sa0,,,3.8909912109e-03
g1675_g2053_B,sa0,,,3.8909912109e-03
g2062,sa0,30,0,1.8293857574e-03
g1499_g2062_A,sa0,,,1.8293857574e-03
g1666_g2062_B,sa0,,,1.8293857574e-03
g2323,sa0,30,0,7.1525573730e-06
g471_g2323_A,sa0,,,7.1525573730e-06
g1358,sa0,,,7.1525573730e-06
g1119_g1358_A,sa1,,,7.1525573730e-06
g2160,sa1,60,0,3.7496723235e-04
g2142,sa1,11,1,1.5733718872e-02
g2340,sa1,60,0,1.1161455761e-02
g2044,sa1,30,0,2.4902343750e-02
II3161,sa0,,,2.4902343750e-02
g1270_II3161_A,sa1,,,2.4902343750e-02
g2026,sa1,30,1,6.0610961914e-01
g2053,sa1,60,0,6.1035156252e-05
g2081,sa0,0,1,0.0000000000e+00
g1094_g2081_A,sa0,,,0.0000000000e+00
g1546_g2081_B,sa0,,,0.0000000000e+00
g2062,sa1,60,0,1.7005539849e-04
g2018,sa0,30,0,4.7159194946e-04
g1423_g2018_A,sa0,,,4.7159194946e-04
g1254,sa0,,,4.7159194946e-04
g152_g1254_A,sa1,,,4.7159194946e-04
g2107,sa1,48,0,2.9729912058e-04
g2073,sa0,22,1,2.9268264771e-03
g1088_g2073_A,sa0,,,2.9268264771e-03
g1499_g2073_B,sa0,,,2.9268264771e-03
g2081,sa1,0,1,0.0000000000e+00
g2009,sa1,30,0,1.4352798462e-02
g2306,sa1,10,1,5.8593750000e-02
g1743_g2306_A,sa0,,,5.8593750000e-02
g2018,sa1,60,0,1.5817880630e-03
g1902,sa0,0,1,0.0000000000e+00
II3001,sa1,,,0.0000000000e+00
g1267_II3001_A,sa0,,,0.0000000000e+00
g2360,sa1,30,0,1.0057687759e-03
g1793_g2360_A,sa0,,,1.0057687759e-03
g2056,sa0,30,0,8.3017562065e-04
g1672,sa0,,,8.3017562065e-04
g1094_g1672_A,sa1,,,8.3017562065e-04
g1675_g2056_B,sa0,,,8.3017562065e-04
g2073,sa1,60,0,3.1032562256e-03
g1902,sa1,0,1,0.0000000000e+00
II3001,sa0,,,0.0000000000e+00
g1267_II3001_A,sa1,,,0.0000000000e+00
g1470,sa1,30,0,1.5745900738e-05
g937,sa1,,,1.5745900738e-05
g930,sa1,,,1.5745900738e-05
g928,sa1,,,1.5745900738e-05
g2551,sa0,14,1,5.9539794922e-02
g715,sa0,,,5.9539794922e-02
g135_g715_A,sa1,,,5.9539794922e-02
g1826_g2551_B,sa0,,,5.9539794922e-02
g2092,sa0,2,1,3.1250000000e-02
g642_g2092_A,sa0,,,3.1250000000e-02
g1570_g2092_B,sa0,,,3.1250000000e-02
g2056,sa1,60,0,1.2487030472e-04
g2381,sa0,30,0,8.8080803398e-03
II3528,sa1,,,8.8080803398e-03
g1422,sa0,,,8.8080803398e-03
g2551,sa1,40,0,2.3815917969e-01
g2255,sa0,6,1,2.0507812500e-02
g1706_g2255_A,sa0,,,2.0507812500e-02
g736_g2255_B,sa0,,,2.0507812500e-02
g2092,sa1,10,1,4.6875000000e-01
g2435,sa1,6,1,2.7343750000e-02
g2381,sa1,30,0,2.3317575455e-02
II3528,sa0,,,2.3317575455e-02
g1422,sa1,,,2.3317575455e-02
g1039_g1422_A,sa1,,,2.3317575455e-02
g913_g1422_B,sa1,,,2.3317575455e-02
g2292,sa0,3,1,6.8359375000e-03
g1706_g2292_A,sa0,,,6.8359375000e-03
g736_g2292_B,sa0,,,6.8359375000e-03
g743_g2292_C,sa0,,,6.8359375000e-03
g2255,sa1,31,0,2.1875000000e-01
g2409,sa1,30,0,2.7716159821e-04
g1815_g2409_A,sa0,,,2.7716159821e-04
g1473,sa1,30,0,1.5745900738e-05
g944,sa1,,,1.5745900738e-05
g941,sa1,,,1.5745900738e-05
g939,sa1,,,1.5745900738e-05
g2292,sa1,30,0,1.2304687500e-01
g2068,sa0,30,0,6.9686620918e-09
g1541,sa0,,,6.9686620918e-09
g1094_g1541_A,sa1,,,6.9686620918e-09
g1546_g2068_B,sa0,,,6.9686620918e-09
g1044_II2506_B,sa1,30,0,3.1494140625e-02
g2924,sa0,60,0,3.8086217352e-02
g2294,sa0,3,1,6.8359375000e-03
g1716_g2294_A,sa0,,,6.8359375000e-03
g791_g2294_B,sa0,,,6.8359375000e-03
g798_g2294_C,sa0,,,6.8359375000e-03
g2267,sa0,6,1,2.0507812500e-02
g1716_g2267_A,sa0,,,2.0507812500e-02
g791_g2267_B,sa0,,,2.0507812500e-02
g2068,sa1,60,0,3.0259798223e-08
g1044_II2508_A,sa1,30,0,2.6611328125e-02
g2924,sa1,30,0,6.8360315636e-03
g2095,sa1,,,6.8360315636e-03
g1573,sa1,,,6.8360315636e-03
g1854,sa0,30,0,1.7211914063e-02
II2958,sa1,,,1.7211914063e-02
g1257_II2958_A,sa0,,,1.7211914063e-02
g2294,sa1,30,0,1.2304687500e-01
g2267,sa1,31,0,2.1875000000e-01
g1047_II2506_A,sa1,30,0,2.6611328125e-02
g1890,sa1,30,0,1.8831253052e-02
g1359_g1890_A,sa0,,,1.8831253052e-02
g2179,sa0,1,1,5.0000000000e-01
II3328,sa1,,,5.0000000000e-01
g1273,sa0,,,5.0000000000e-01
g839_g1273_A,sa1,,,5.0000000000e-01
g1854,sa1,30,0,1.7211914063e-02
II2958,sa0,,,1.7211914063e-02
g1257_II2958_A,sa1,,,1.7211914063e-02
g1047_II2507_A,sa1,30,0,2.6611328125e-02
g2179,sa1,1,1,5.0000000000e-01
II3328,sa0,,,5.0000000000e-01
g1273,sa1,,,5.0000000000e-01
g839_g1273_A,sa0,,,5.0000000000e-01
g1937,sa0,30,0,1.7211914063e-02
II3044,sa1,,,1.7211914063e-02
g1257_II3044_A,sa0,,,1.7211914063e-02
g1459,sa1,30,0,1.5745900738e-05
g926,sa1,,,1.5745900738e-05
g950,sa1,,,1.5745900738e-05
g948,sa1,,,1.5745900738e-05
g2577,sa0,7,1,1.2310791016e-01
g1743_g2577_A,sa0,,,1.2310791016e-01
g1797_g2577_B,sa0,,,1.2310791016e-01
g1793_g2577_C,sa0,,,1.2310791016e-01
g1138_g2577_D,sa0,,,1.2310791016e-01
g2928,sa0,60,0,5.4687840531e-02
g1883,sa1,14,1,2.4023437500e-01
g1797_g1883_A,sa0,,,2.4023437500e-01
g1937,sa1,30,0,1.7211914063e-02
II3044,sa0,,,1.7211914063e-02
g1257_II3044_A,sa1,,,1.7211914063e-02
g1884,sa0,30,0,9.5214843750e-03
II2979,sa1,,,9.5214843750e-03
g1263_II2979_A,sa0,,,9.5214843750e-03
g2568,sa0,30,0,5.5304169655e-04
II3678,sa1,,,5.5304169655e-04
g1690,sa0,,,5.5304169655e-04
II2692,sa1,,,5.5304169655e-04
g1037,sa0,,,5.5304169655e-04
II2067,sa1,,,5.5304169655e-04
g686,sa0,,,5.5304169655e-04
g2577,sa1,30,1,6.0803222656e-01
g2928,sa1,30,0,4.8828506543e-03
g2100,sa1,,,4.8828506543e-03
g1582,sa1,,,4.8828506543e-03
g1858,sa0,30,0,1.7211914063e-02
II2964,sa1,,,1.7211914063e-02
g1257_II2964_A,sa0,,,1.7211914063e-02
g1849,sa0,30,0,9.5214843750e-03
II2949,sa1,,,9.5214843750e-03
g1263_II2949_A,sa0,,,9.5214843750e-03
g1884,sa1,30,0,2.4902343750e-02
II2979,sa0,,,2.4902343750e-02
g1263_II2979_A,sa1,,,2.4902343750e-02
g2568,sa1,30,0,3.8146972656e-06
II3678,sa0,,,3.8146972656e-06
g1690,sa1,,,3.8146972656e-06
II2692,sa0,,,3.8146972656e-06
g1037,sa1,,,3.8146972656e-06
II2067,sa0,,,3.8146972656e-06
g686,sa1,,,3.8146972656e-06
g1042_II2497_A,sa1,30,0,3.1738281250e-02
g1858,sa1,30,0,1.7211914063e-02
II2964,sa0,,,1.7211914063e-02
g1257_II2964_A,sa1,,,1.7211914063e-02
g1849,sa1,30,0,2.4902343750e-02
II2949,sa0,,,2.4902343750e-02
g1263_II2949_A,sa1,,,2.4902343750e-02
g1042_II2498_A,sa1,30,0,3.1738281250e-02
g2959,sa1,4,1,1.4648437500e-02
g1861_g2959_A,sa0,,,1.4648437500e-02
g2896,sa1,30,0,6.6757202148e-06
g2323,sa1,,,6.6757202148e-06
g1763,sa1,,,6.6757202148e-06
g2568_II4008_B,sa1,30,0,2.3844259900e-11
II2506,sa0,30,0,3.0029296875e-02
g1047_II2506_A,sa0,,,3.0029296875e-02
g1044_II2506_B,sa0,,,3.0029296875e-02
II3126,sa1,20,1,1.1718750000e-01
II3411_II3412_B,sa1,1,1,3.1250000000e-02
II2506,sa1,30,0,3.1494140625e-02
II3127,sa1,21,1,1.2500000000e-01
II3411_II3413_B,sa1,1,1,3.1250000000e-02
II2497,sa0,30,0,3.1738281250e-02
g1042_II2497_A,sa0,,,3.1738281250e-02
g1036_II2497_B,sa0,,,3.1738281250e-02
II2497,sa1,30,0,3.1738281250e-02
II3398_II3400_B,sa1,4,1,5.8593750000e-02
g2340_g3215_A,sa1,4,1,3.5762786865e-06
II3188_II3190_B,sa1,6,1,2.0507812500e-02
II3445_II3446_B,sa1,9,1,4.7851562500e-02
II3445_II3447_B,sa1,9,1,4.7851562500e-02
II2933_II2934_B,sa1,4,1,5.8593750000e-02
II3455_II3456_B,sa1,9,1,4.7851562500e-02
g2330_g3831_A,sa1,30,0,1.3732910156e-04
II2933_II2935_B,sa1,4,1,5.8593750000e-02
II3455_II3457_B,sa1,9,1,4.7851562500e-02
g2021_g2853_B,sa1,30,0,1.9482421875e-01
II3177_II3178_B,sa1,6,1,2.0507812500e-02
II3177_II3179_B,sa1,6,1,2.0507812500e-02
g2018_g2850_A,sa1,30,0,6.1655044556e-04
g2113_g2916_B,sa1,30,0,1.9289553165e-05
g2340_g3741_C,sa1,30,0,1.2001037598e-02
g2142_g2951_A,sa1,4,1,1.1444091797e-04
g2330_g5455_A,sa1,14,1,1.6021728516e-04
g2551_g3208_B,sa1,27,1,2.1170043945e-01
II3188_II3189_B,sa1,6,1,2.0507812500e-02
g2381_g6252_B,sa0,1,1,7.8125000000e-03
g2015_g2846_B,sa1,8,1,2.3437500000e-01
g2924_g3505_A,sa1,30,0,6.8360306323e-03
g2073_g4812_D,sa1,30,0,3.9377212524e-03
g2056_g5821_B,sa1,30,0,1.4311514678e-04
g2160_g2937_A,sa1,30,0,1.2790039182e-04
g2018_g4735_A,sa1,12,1,2.9296875000e-03
g2381_g2940_B,sa1,30,0,3.4369528294e-05
g2073_g4813_D,sa1,30,0,3.9377212524e-03
g2053_g5852_B,sa1,30,0,1.0204977524e-15
g2928_g3512_A,sa1,30,0,6.8360306323e-03
g2073_g4814_D,sa1,30,0,1.3731187211e-05
g2053_g5853_B,sa1,30,0,1.0204977524e-15
g2113_g5872_D,sa1,30,0,1.0826624930e-07
g2381_g6237_B,sa0,1,1,7.8125000000e-03
g1902_g5356_B,sa1,0,1,0.0000000000e+00
g2026_g2947_B,sa1,20,1,6.0546875000e-01
g2113_g5873_D,sa1,30,0,1.0826624930e-07
g2381_g2953_A,sa1,30,0,1.2270174921e-07
g2179_g3521_D,sa1,30,0,4.9543416480e-08
g2179_g3530_D,sa1,30,0,3.9298868160e-08
g2160_g4785_A,sa1,12,1,7.3242187500e-04
g2073_g4816_D,sa1,30,0,4.0302276611e-03
g2092_g2909_B,sa1,8,1,2.3437500000e-01
g2179_g3531_D,sa1,30,0,3.7087239946e-08
II3398_II3399_B,sa1,4,1,5.8593750000e-02
g2381_g2944_B,sa1,30,0,8.2564353943e-04
g2062_g5854_D,sa1,30,0,1.1648680083e-04
g2381_g2955_A,sa1,30,0,1.2270174921e-07
g2179_g3634_A,sa1,30,0,3.7729740143e-05
g2056_g5818_B,sa1,30,0,1.6927719116e-04
g2568_g3660_A,sa1,30,0,6.4931809902e-05
g1854_g4445_B,sa1,4,1,1.5625000000e-02
g2142_g3985_C,sa1,3,1,1.5625000000e-02
g2062_g2897_B,sa1,30,0,2.0065307617e-03
g2179_g3525_D,sa1,30,0,3.7087239946e-08
g2081_g5866_C,sa1,0,1,0.0000000000e+00
g2062_g5857_D,sa1,30,0,1.1648680083e-04
g2568_g2807_A,sa1,30,0,2.0144507289e-06
g2179_g3646_A,sa1,30,0,7.2781741619e-04
g2179_g3517_D,sa1,30,0,4.0812530244e-08
g2179_g3544_D,sa1,30,0,1.2646182768e-07
II3697_II3698_B,sa1,1,1,3.1250000000e-02
g2179_g3536_D,sa1,30,0,3.9298868160e-08
g1858_g4453_B,sa1,4,1,1.5625000000e-02
g1937_g4464_B,sa1,4,1,1.5625000000e-02
II3697_II3699_B,sa1,1,1,3.1250000000e-02
g2068_g5862_D,sa1,0,1,0.0000000000e+00
g2081_g5869_C,sa1,0,1,0.0000000000e+00
g2179_g3538_D,sa1,30,0,1.3717308889e-07
g1884_g4870_B,sa1,8,1,3.1250000000e-02
g2068_g5863_D,sa1,30,0,1.6469130060e-08
g2068_g5864_D,sa1,0,1,0.0000000000e+00
g2568_g2793_A,sa1,30,0,2.0144507289e-06
g2068_g5865_D,sa1,0,1,0.0000000000e+00
g2568_g3668_A,sa1,30,0,1.6241333797e-03
g2577_g2858_B,sa1,20,1,6.0546875000e-01
g1849_g4865_B,sa1,8,1,3.1250000000e-02
g1899_g4459_B,sa1,4,1,1.5625000000e-02
g2010,sa0,30,0,2.2866904983e-02
g1473,sa0,,,2.2866904983e-02
g1470,sa0,,,2.2866904983e-02
g1459,sa0,,,2.2866904983e-02
g2010,sa1,30,0,4.3655745685e-10
g3002,sa0,30,0,6.9343244036e-08
g2215_g3002_A,sa1,,,6.9343244036e-08
g2110,sa1,30,0,1.9531473517e-03
g1381_g2110_A,sa0,,,1.9531473517e-03
g4011,sa0,2,1,4.3750000000e-01
g3486,sa1,,,4.3750000000e-01
g2869,sa0,,,4.3750000000e-01
g2433,sa1,,,4.3750000000e-01
g1418,sa1,,,4.3750000000e-01
g486_g1418_A,sa1,,,4.3750000000e-01
g943,sa1,,,4.3750000000e-01
g496_g943_A,sa0,,,4.3750000000e-01
g1449,sa1,,,4.3750000000e-01
g489_g1449_A,sa1,,,4.3750000000e-01
g1048,sa1,,,4.3750000000e-01
g492_g1048_A,sa0,,,4.3750000000e-01
g3002,sa1,30,0,3.4671622018e-08
g2215_g3002_A,sa0,,,3.4671622018e-08
g2111,sa1,0,1,0.0000000000e+00
g1384_g2111_A,sa0,,,0.0000000000e+00
g4011,sa1,4,1,5.6250000000e-01
g3486,sa0,,,5.6250000000e-01
g2869,sa1,,,5.6250000000e-01
g2433,sa0,,,5.6250000000e-01
g3140,sa0,30,0,8.6174309254e-03
g2409,sa0,,,8.6174309254e-03
g1815_g2409_A,sa1,,,8.6174309254e-03
g1060_g3140_B,sa0,,,8.6174309254e-03
g1620_g3140_C,sa0,,,8.6174309254e-03
g3023,sa0,30,0,6.9343244036e-08
g2215_g3023_A,sa1,,,6.9343244036e-08
g2104,sa1,30,0,1.7090076581e-03
g1372_g2104_A,sa0,,,1.7090076581e-03
g3122,sa0,6,1,4.6875000000e-02
g2435,sa0,,,4.6875000000e-02
g1138_g2435_A,sa0,,,4.6875000000e-02
g1777_g2435_B,sa0,,,4.6875000000e-02
g1157_g2435_C,sa0,,,4.6875000000e-02
g1394,sa0,,,4.6875000000e-02
g1206_g1394_A,sa1,,,4.6875000000e-02
g2213,sa1,1,1,2.5000000000e-01
II3346,sa0,,,2.5000000000e-01
g1327,sa1,,,2.5000000000e-01
II2334,sa0,,,2.5000000000e-01
g1193_II2334_A,sa1,,,2.5000000000e-01
g2231,sa1,1,1,2.5000000000e-01
II3358,sa0,,,2.5000000000e-01
g1323,sa1,,,2.5000000000e-01
II2324,sa0,,,2.5000000000e-01
g1209_II2324_A,sa1,,,2.5000000000e-01
g3140,sa1,13,1,4.7473907471e-03
g3023,sa1,30,0,3.4671622018e-08
g2215_g3023_A,sa0,,,3.4671622018e-08
g2105,sa1,0,1,0.0000000000e+00
g1375_g2105_A,sa0,,,0.0000000000e+00
g3132,sa0,2,1,1.5625000000e-02
g2306,sa0,,,1.5625000000e-02
g1743_g2306_A,sa1,,,1.5625000000e-02
g1206_g3132_B,sa0,,,1.5625000000e-02
g2125,sa0,30,0,1.6729736328e-01
II3255,sa1,,,1.6729736328e-01
g1650_II3255_A,sa0,,,1.6729736328e-01
g2214,sa1,1,1,2.5000000000e-01
II3349,sa0,,,2.5000000000e-01
g1334,sa1,,,2.5000000000e-01
II2355,sa0,,,2.5000000000e-01
g1177_II2355_A,sa1,,,2.5000000000e-01
g2232,sa1,1,1,2.5000000000e-01
II3361,sa0,,,2.5000000000e-01
g1331,sa1,,,2.5000000000e-01
II2346,sa0,,,2.5000000000e-01
g1193_II2346_A,sa1,,,2.5000000000e-01
g3007,sa0,30,0,6.9343244036e-08
g2197_g3007_A,sa1,,,6.9343244036e-08
g2106,sa1,30,0,1.7090085894e-03
g1378_g2106_A,sa0,,,1.7090085894e-03
g2422,sa0,30,0,4.2412531820e-11
II3560,sa1,,,4.2412531820e-11
g1673,sa0,,,4.2412531820e-11
II2653,sa1,,,4.2412531820e-11
g996_II2653_A,sa0,,,4.2412531820e-11
g2125,sa1,30,0,3.3464050293e-01
II3255,sa0,,,3.3464050293e-01
g1650_II3255_A,sa1,,,3.3464050293e-01
g2242,sa1,1,1,2.5000000000e-01
II3373,sa0,,,2.5000000000e-01
g1320,sa1,,,2.5000000000e-01
II2315,sa0,,,2.5000000000e-01
g1222_II2315_A,sa1,,,2.5000000000e-01
g3007,sa1,30,0,2.9718307815e-08
g2197_g3007_A,sa0,,,2.9718307815e-08
g2422,sa1,30,0,8.0108681637e-05
II3560,sa0,,,8.0108681637e-05
g1673,sa1,,,8.0108681637e-05
II2653,sa0,,,8.0108681637e-05
g996_II2653_A,sa1,,,8.0108681637e-05
g2145,sa0,30,0,1.6729736328e-01
II3268,sa1,,,1.6729736328e-01
g1656_II3268_A,sa0,,,1.6729736328e-01
g1316,sa1,8,1,2.3437500000e-01
g2243,sa1,1,1,2.5000000000e-01
II3376,sa0,,,2.5000000000e-01
g1328,sa1,,,2.5000000000e-01
II2337,sa0,,,2.5000000000e-01
g1209_II2337_A,sa1,,,2.5000000000e-01
g2252,sa1,1,1,2.5000000000e-01
II3385,sa0,,,2.5000000000e-01
g1318,sa1,,,2.5000000000e-01
II2309,sa0,,,2.5000000000e-01
g1236_II2309_A,sa1,,,2.5000000000e-01
g2370,sa0,30,0,5.0066367718e-11
II3522,sa1,,,5.0066367718e-11
g1664,sa0,,,5.0066367718e-11
II2643,sa1,,,5.0066367718e-11
g965_II2643_A,sa0,,,5.0066367718e-11
g2021_II3740_A,sa1,12,1,2.0507812500e-01
g2015_II4160_A,sa1,4,1,2.3437500000e-01
g1831,sa0,1,1,5.0000000000e-01
II2907,sa1,,,5.0000000000e-01
g1498,sa0,,,5.0000000000e-01
II2479,sa1,,,5.0000000000e-01
g1049_II2479_A,sa0,,,5.0000000000e-01
g2145,sa1,30,0,3.3464050293e-01
II3268,sa0,,,3.3464050293e-01
g1656_II3268_A,sa1,,,3.3464050293e-01
g2172,sa1,1,1,2.5000000000e-01
II3307,sa0,,,2.5000000000e-01
g1339,sa1,,,2.5000000000e-01
II2370,sa0,,,2.5000000000e-01
g1123_II2370_A,sa1,,,2.5000000000e-01
g2253,sa1,1,1,2.5000000000e-01
II3388,sa0,,,2.5000000000e-01
g1324,sa1,,,2.5000000000e-01
II2327,sa0,,,2.5000000000e-01
g1222_II2327_A,sa1,,,2.5000000000e-01
g2091,sa1,30,0,2.1972879767e-03
g1355_g2091_A,sa0,,,2.1972879767e-03
g2136,sa1,30,0,1.9531473517e-03
g1395_g2136_A,sa0,,,1.9531473517e-03
g2821,sa0,30,0,1.4352798462e-02
g1890,sa0,,,1.4352798462e-02
g1359_g1890_A,sa1,,,1.4352798462e-02
g910_g2821_B,sa0,,,1.4352798462e-02
g2370,sa1,30,0,8.0108684370e-05
II3522,sa0,,,8.0108684370e-05
g1664,sa1,,,8.0108684370e-05
II2643,sa0,,,8.0108684370e-05
g965_II2643_A,sa1,,,8.0108684370e-05
g1831,sa1,1,1,5.0000000000e-01
II2907,sa0,,,5.0000000000e-01
g1498,sa1,,,5.0000000000e-01
II2479,sa0,,,5.0000000000e-01
g1049_II2479_A,sa1,,,5.0000000000e-01
g2525,sa0,30,0,1.7881393433e-06
II3650,sa1,,,1.7881393433e-06
g1650_II3650_A,sa0,,,1.7881393433e-06
g2831,sa0,30,0,4.2483769357e-03
g2007,sa0,,,4.2483769357e-03
g1411_g2007_A,sa1,,,4.2483769357e-03
g862_g2831_B,sa0,,,4.2483769357e-03
g1784_g2831_C,sa0,,,4.2483769357e-03
g2119,sa1,30,0,1.4648679644e-03
g1391_g2119_A,sa0,,,1.4648679644e-03
g3109,sa1,24,1,1.0066032410e-03
g2525,sa1,30,0,2.8140842915e-05
II3650,sa0,,,2.8140842915e-05
g1650_II3650_A,sa1,,,2.8140842915e-05
g2085,sa0,30,0,2.0144507289e-06
g1123_g2085_A,sa0,,,2.0144507289e-06
g1567_g2085_B,sa0,,,2.0144507289e-06
g2291,sa1,1,1,2.5000000000e-01
II3434,sa0,,,2.5000000000e-01
g1627,sa1,,,2.5000000000e-01
II2584,sa0,,,2.5000000000e-01
g839_II2584_A,sa1,,,2.5000000000e-01
g2174,sa1,1,1,2.5000000000e-01
II3313,sa0,,,2.5000000000e-01
g1337,sa1,,,2.5000000000e-01
II2364,sa0,,,2.5000000000e-01
g1143_II2364_A,sa1,,,2.5000000000e-01
g2264,sa1,1,1,2.5000000000e-01
II3405,sa0,,,2.5000000000e-01
g1321,sa1,,,2.5000000000e-01
II2318,sa0,,,2.5000000000e-01
g1236_II2318_A,sa1,,,2.5000000000e-01
g2831,sa1,30,0,4.1043160018e-03
g2166,sa0,30,0,4.3952465057e-04
g1633_g2166_A,sa0,,,4.3952465057e-04
g161_g2166_B,sa0,,,4.3952465057e-04
g2066,sa1,30,0,1.4648679644e-03
g1341_g2066_A,sa0,,,1.4648679644e-03
g1842,sa0,30,0,1.6113288701e-02
g1612_g1842_A,sa1,,,1.6113288701e-02
g2544,sa0,30,0,1.3363368768e-04
II3662,sa1,,,1.3363368768e-04
g1688,sa0,,,1.3363368768e-04
II2688,sa1,,,1.3363368768e-04
g1030_II2688_A,sa0,,,1.3363368768e-04
g2950,sa0,30,0,1.9533410668e-03
g2156,sa0,,,1.9533410668e-03
g815_g2156_A,sa0,,,1.9533410668e-03
g1642,sa0,,,1.9533410668e-03
g809_g1642_A,sa1,,,1.9533410668e-03
g1612_g2950_B,sa0,,,1.9533410668e-03
g2175,sa1,1,1,2.5000000000e-01
II3316,sa0,,,2.5000000000e-01
g1344,sa1,,,2.5000000000e-01
II2379,sa0,,,2.5000000000e-01
g1123_II2379_A,sa1,,,2.5000000000e-01
g2166,sa1,60,0,1.7826557159e-03
g2860,sa0,12,1,2.0507812500e-01
g710_g2860_A,sa0,,,2.0507812500e-01
g2296_g2860_B,sa0,,,2.0507812500e-01
g2419,sa0,30,0,6.2224455178e-05
g1808_g2419_A,sa0,,,6.2224455178e-05
g54_g2419_B,sa0,,,6.2224455178e-05
g1842,sa1,4,1,3.9062500000e-03
g1612_g1842_A,sa0,,,3.9062500000e-03
g2473,sa0,30,0,4.2145398282e-11
II3605,sa1,,,4.2145398282e-11
g1681,sa0,,,4.2145398282e-11
II2663,sa1,,,4.2145398282e-11
g1006_II2663_A,sa0,,,4.2145398282e-11
g2518,sa0,30,0,1.3363368944e-04
II3644,sa1,,,1.3363368944e-04
g1685,sa0,,,1.3363368944e-04
II2671,sa1,,,1.3363368944e-04
g1017_II2671_A,sa0,,,1.3363368944e-04
g2544,sa1,30,0,6.8664585346e-05
II3662,sa0,,,6.8664585346e-05
g1688,sa1,,,6.8664585346e-05
II2688,sa0,,,6.8664585346e-05
g1030_II2688_A,sa1,,,6.8664585346e-05
g2551_II4150_A,sa1,12,1,2.0507812500e-01
g2255_II4203_A,sa1,12,1,2.0507812500e-01
g2555,sa0,30,0,4.0930509567e-04
II3672,sa1,,,4.0930509567e-04
g1656_II3672_A,sa0,,,4.0930509567e-04
g2419,sa1,60,0,2.2767018527e-04
g2293,sa1,30,0,1.2478858930e-07
g1567_g2293_A,sa0,,,1.2478858930e-07
g2473,sa1,30,0,8.0108689198e-05
II3605,sa0,,,8.0108689198e-05
g1681,sa1,,,8.0108689198e-05
II2663,sa0,,,8.0108689198e-05
g1006_II2663_A,sa1,,,8.0108689198e-05
g2518,sa1,30,0,6.8664585346e-05
II3644,sa0,,,6.8664585346e-05
g1685,sa1,,,6.8664585346e-05
II2671,sa0,,,6.8664585346e-05
g1017_II2671_A,sa1,,,6.8664585346e-05
g3167,sa0,1,1,3.1250000000e-02
g1883,sa0,,,3.1250000000e-02
g1797_g1883_A,sa1,,,3.1250000000e-02
g921,sa0,,,3.1250000000e-02
g111_g921_A,sa1,,,3.1250000000e-02
g2551_II4151_A,sa1,12,1,2.0507812500e-01
g2255_II4204_A,sa1,16,1,2.0507812500e-01
g2294_II4210_A,sa1,15,1,2.1191406250e-01
g2555,sa1,30,0,1.3399124146e-04
II3672,sa0,,,1.3399124146e-04
g1656_II3672_A,sa1,,,1.3399124146e-04
g2177,sa1,1,1,2.5000000000e-01
II3322,sa0,,,2.5000000000e-01
g1333,sa1,,,2.5000000000e-01
II2352,sa0,,,2.5000000000e-01
g1161_II2352_A,sa1,,,2.5000000000e-01
g2195,sa1,1,1,2.5000000000e-01
II3334,sa0,,,2.5000000000e-01
g1330,sa1,,,2.5000000000e-01
II2343,sa0,,,2.5000000000e-01
g1177_II2343_A,sa1,,,2.5000000000e-01
g2870,sa1,4,1,2.9296875000e-02
g2296_g2870_A,sa0,,,2.9296875000e-02
g2078,sa1,30,0,1.7090076581e-03
g1345_g2078_A,sa0,,,1.7090076581e-03
g2087,sa1,30,0,1.9531473517e-03
g1352_g2087_A,sa0,,,1.9531473517e-03
g1764,sa0,30,0,2.1492091939e-02
II2796,sa0,,,2.1492091939e-02
g804_II2796_A,sa0,,,2.1492091939e-02
II2795_II2796_B,sa0,,,2.1492091939e-02
II2797,sa0,,,2.1492091939e-02
g798_II2797_A,sa0,,,2.1492091939e-02
II2795_II2797_B,sa0,,,2.1492091939e-02
g1574,sa1,15,1,2.1191406250e-01
g2808,sa0,30,0,2.5216102600e-02
g2009,sa0,,,2.5216102600e-02
g901_g2009_A,sa0,,,2.5216102600e-02
g1387_g2009_B,sa0,,,2.5216102600e-02
g905_g2009_C,sa0,,,2.5216102600e-02
g1581,sa0,,,2.5216102600e-02
g910_g1581_A,sa1,,,2.5216102600e-02
g3167,sa1,29,1,5.1171875000e-01
g2294_II4211_A,sa1,15,1,2.1191406250e-01
g2962,sa0,30,0,4.7241210938e-02
g2008,sa1,,,4.7241210938e-02
g2089,sa0,30,0,2.0144507289e-06
g1123_g2089_A,sa0,,,2.0144507289e-06
g1578_g2089_B,sa0,,,2.0144507289e-06
g2178,sa1,1,1,2.5000000000e-01
II3325,sa0,,,2.5000000000e-01
g1340,sa1,,,2.5000000000e-01
II2373,sa0,,,2.5000000000e-01
g1143_II2373_A,sa1,,,2.5000000000e-01
g2196,sa1,1,1,2.5000000000e-01
II3337,sa0,,,2.5000000000e-01
g1338,sa1,,,2.5000000000e-01
II2367,sa0,,,2.5000000000e-01
g1161_II2367_A,sa1,,,2.5000000000e-01
g2961,sa1,4,1,7.3242187500e-03
g1861_g2961_A,sa0,,,7.3242187500e-03
g1764,sa1,30,0,3.3204436302e-02
g2079,sa1,30,0,1.4648688957e-03
g1348_g2079_A,sa0,,,1.4648688957e-03
g2295,sa1,30,0,1.2478858930e-07
g1578_g2295_A,sa0,,,1.2478858930e-07
g2449,sa0,30,0,1.3160707148e-04
II3584,sa1,,,1.3160707148e-04
g1678,sa0,,,1.3160707148e-04
II2658,sa1,,,1.3160707148e-04
g1001_II2658_A,sa0,,,1.3160707148e-04
g2568_II4010_A,sa1,30,0,2.2643206754e-11
g2962,sa1,30,0,7.0317565210e-01
g2008,sa0,,,7.0317565210e-01
g866_g2008_A,sa0,,,7.0317565210e-01
g873_g2008_B,sa0,,,7.0317565210e-01
g1784_g2008_C,sa0,,,7.0317565210e-01
g2863,sa1,4,1,1.1718750000e-01
g2296_g2863_A,sa0,,,1.1718750000e-01
g2098,sa1,30,0,2.1972879767e-03
g1363_g2098_A,sa0,,,2.1972879767e-03
g1558,sa1,15,1,2.1191406250e-01
g1838,sa0,30,0,6.3477046788e-03
g1595_g1838_A,sa1,,,6.3477046788e-03
g2449,sa1,30,0,6.8664592717e-05
II3584,sa0,,,6.8664592717e-05
g1678,sa1,,,6.8664592717e-05
II2658,sa0,,,6.8664592717e-05
g1001_II2658_A,sa1,,,6.8664592717e-05
g2021_II3739_A,sa1,12,1,2.0507812500e-01
g2015_II4159_A,sa1,4,1,2.3437500000e-01
g2099,sa1,30,0,4.1504101828e-03
g1366_g2099_A,sa0,,,4.1504101828e-03
g1749,sa0,30,0,1.8066447228e-02
II2767,sa0,,,1.8066447228e-02
g749_II2767_A,sa0,,,1.8066447228e-02
II2766_II2767_B,sa0,,,1.8066447228e-02
II2768,sa0,,,1.8066447228e-02
g743_II2768_A,sa0,,,1.8066447228e-02
II2766_II2768_B,sa0,,,1.8066447228e-02
g1838,sa1,4,1,3.9062500000e-03
g1595_g1838_A,sa0,,,3.9062500000e-03
g2397,sa0,30,0,5.0066367718e-11
II3540,sa1,,,5.0066367718e-11
g1670,sa0,,,5.0066367718e-11
II2648,sa1,,,5.0066367718e-11
g980_II2648_A,sa0,,,5.0066367718e-11
g1686,sa1,8,1,2.3437500000e-01
g2865,sa1,4,1,5.8593750000e-02
g2296_g2865_A,sa0,,,5.8593750000e-02
g2946,sa1,4,1,2.3437500000e-01
g2296_g2946_A,sa0,,,2.3437500000e-01
g1749,sa1,30,0,3.5156285390e-02
g2397,sa1,30,0,8.0108684370e-05
II3540,sa0,,,8.0108684370e-05
g1670,sa1,,,8.0108684370e-05
II2648,sa0,,,8.0108684370e-05
g980_II2648_A,sa1,,,8.0108684370e-05
g2497,sa0,30,0,4.3029579899e-11
II3626,sa1,,,4.3029579899e-11
g1684,sa0,,,4.3029579899e-11
II2668,sa1,,,4.3029579899e-11
g1011_II2668_A,sa0,,,4.3029579899e-11
g2267_II4233_A,sa1,12,1,2.0507812500e-01
g2092_II4444_A,sa1,4,1,2.3437500000e-01
g2948,sa0,30,0,1.9533410668e-03
g2137,sa0,,,1.9533410668e-03
g760_g2137_A,sa0,,,1.9533410668e-03
g1638,sa0,,,1.9533410668e-03
g754_g1638_A,sa1,,,1.9533410668e-03
g1595_g2948_B,sa0,,,1.9533410668e-03
g2956,sa1,4,1,1.1718750000e-01
g1861_g2956_A,sa0,,,1.1718750000e-01
g3199,sa1,4,1,2.3437500000e-01
g1861_g3199_A,sa0,,,2.3437500000e-01
g2497,sa1,30,0,6.8664596825e-05
II3626,sa0,,,6.8664596825e-05
g1684,sa1,,,6.8664596825e-05
II2668,sa0,,,6.8664596825e-05
g1011_II2668_A,sa1,,,6.8664596825e-05
g2292_II4182_A,sa1,15,1,2.1191406250e-01
g2267_II4234_A,sa1,16,1,2.0507812500e-01
g2092_II4445_A,sa1,4,1,2.3437500000e-01
g2877,sa0,30,0,4.7321319580e-02
g2434,sa1,,,4.7321319580e-02
g2957,sa1,4,1,5.8593750000e-02
g1861_g2957_A,sa0,,,5.8593750000e-02
g2976,sa0,30,0,6.9343244036e-08
g2197_g2976_A,sa1,,,6.9343244036e-08
g2949,sa0,20,1,2.2705078125e-01
g830_g2949_A,sa0,,,2.2705078125e-01
g1861_g2949_B,sa0,,,2.2705078125e-01
g2795,sa1,30,0,1.8501095474e-04
g2292_II4183_A,sa1,15,1,2.1191406250e-01
g2877,sa1,30,0,8.2698130608e-01
g2434,sa0,,,8.2698130608e-01
g1064_g2434_A,sa0,,,8.2698130608e-01
g1070_g2434_B,sa0,,,8.2698130608e-01
g1620_g2434_C,sa0,,,8.2698130608e-01
g2958,sa1,4,1,2.9296875000e-02
g1861_g2958_A,sa0,,,2.9296875000e-02
g2976,sa1,30,0,2.9718307815e-08
g2197_g2976_A,sa0,,,2.9718307815e-08
g1969,sa1,30,0,1.1825747788e-04
II3080,sa0,,,1.1825747788e-04
g1519_II3080_A,sa1,,,1.1825747788e-04
g1979,sa0,30,0,1.1825561523e-03
II3090,sa1,,,1.1825561523e-03
g1504_II3090_A,sa0,,,1.1825561523e-03
g1988,sa0,30,0,2.0446777562e-03
II3099,sa1,,,2.0446777562e-03
g1519_II3099_A,sa0,,,2.0446777562e-03
g2968,sa1,30,0,2.9718307815e-08
g2179_g2968_A,sa0,,,2.9718307815e-08
g2887,sa1,4,1,1.5625000000e-02
g1858_g2887_A,sa0,,,1.5625000000e-02
g3589,sa1,1,1,5.0000000000e-01
g3094,sa0,,,5.0000000000e-01
II4337,sa1,,,5.0000000000e-01
g1934,sa0,,,5.0000000000e-01
II3037,sa1,,,5.0000000000e-01
g1769,sa0,,,5.0000000000e-01
II2802,sa1,,,5.0000000000e-01
g1204,sa0,,,5.0000000000e-01
g39,sa1,,,5.0000000000e-01
g2897,sa0,30,0,1.2502670288e-03
g1030_g2897_A,sa0,,,1.2502670288e-03
g2062_g2897_B,sa0,,,1.2502670288e-03
g3598,sa1,30,0,2.6985168457e-02
g2808,sa1,,,2.6985168457e-02
g2821,sa1,,,2.6985168457e-02
g1979,sa1,30,0,1.5945518389e-03
II3090,sa0,,,1.5945518389e-03
g1504_II3090_A,sa1,,,1.5945518389e-03
g1988,sa1,30,0,5.6839827448e-04
II3099,sa0,,,5.6839827448e-04
g1519_II3099_A,sa1,,,5.6839827448e-04
g1998,sa0,30,0,1.1825561523e-03
II3109,sa1,,,1.1825561523e-03
g1504_II3109_A,sa0,,,1.1825561523e-03
g2897,sa1,60,0,2.7685165405e-03
g2370_II3846_B,sa1,30,0,1.7287005161e-11
g2422_II3893_B,sa1,30,0,1.7287005161e-11
g1998,sa1,30,0,1.5030102804e-03
II3109,sa0,,,1.5030102804e-03
g1504_II3109_A,sa1,,,1.5030102804e-03
g2370_II3848_A,sa1,30,0,1.7435386468e-11
g2422_II3895_A,sa1,30,0,1.7435386468e-11
g2473_II3933_B,sa1,30,0,1.7287005161e-11
g2473_II3935_A,sa1,30,0,1.7435386468e-11
g2518_II3970_B,sa1,30,0,1.7287005161e-11
g2544_II3990_A,sa1,30,0,1.7435386468e-11
g2449_II3914_B,sa1,30,0,1.7287005161e-11
g2518_II3972_A,sa1,30,0,1.7435386468e-11
g2449_II3916_A,sa1,30,0,1.7435386468e-11
g2497_II3952_B,sa1,30,0,1.7287005161e-11
g2497_II3954_A,sa1,30,0,1.7435386468e-11
g2397_II3874_B,sa1,30,0,1.7287005161e-11
g2544_II3988_B,sa1,30,0,1.7287005161e-11
g2397_II3876_A,sa1,30,0,1.7435386468e-11
II4210,sa0,19,1,2.1875000000e-01
g2294_II4210_A,sa0,,,2.1875000000e-01
g804_II4210_B,sa0,,,2.1875000000e-01
II3400,sa1,8,1,1.7578125000e-01
II4210,sa1,0,1,0.0000000000e+00
II4203,sa0,15,1,2.1875000000e-01
g2255_II4203_A,sa0,,,2.1875000000e-01
g743_II4203_B,sa0,,,2.1875000000e-01
II4150,sa0,12,1,2.0507812500e-01
g2551_II4150_A,sa0,,,2.0507812500e-01
g139_II4150_B,sa0,,,2.0507812500e-01
II4203,sa1,3,1,6.8359375000e-03
II3412,sa1,1,1,3.1250000000e-02
II4150,sa1,4,1,2.9296875000e-02
II3413,sa1,3,1,2.1875000000e-01
II4008,sa0,30,0,2.3844259900e-11
g292_II4008_A,sa0,,,2.3844259900e-11
g2568_II4008_B,sa0,,,2.3844259900e-11
II4233,sa0,15,1,2.1875000000e-01
g2267_II4233_A,sa0,,,2.1875000000e-01
g798_II4233_B,sa0,,,2.1875000000e-01
II4008,sa1,30,0,1.9544948993e-11
II4233,sa1,3,1,6.8359375000e-03
II3190,sa1,9,1,1.9140625000e-01
II4182,sa0,19,1,2.1875000000e-01
g2292_II4182_A,sa0,,,2.1875000000e-01
g749_II4182_B,sa0,,,2.1875000000e-01
II4182,sa1,0,1,0.0000000000e+00
II4444,sa0,5,1,2.5000000000e-01
g2092_II4444_A,sa0,,,2.5000000000e-01
g606_II4444_B,sa0,,,2.5000000000e-01
II4444,sa1,1,1,1.5625000000e-02
II3446,sa1,3,1,5.4687500000e-02
II2934,sa1,12,1,5.1269531250e-02
II3447,sa1,6,1,1.6406250000e-01
II3456,sa1,3,1,5.4687500000e-02
II4159,sa0,5,1,2.5000000000e-01
g2015_II4159_A,sa0,,,2.5000000000e-01
g619_II4159_B,sa0,,,2.5000000000e-01
g2010_g4500_B,sa0,30,0,5.2037797868e-03
II2935,sa1,8,1,1.7578125000e-01
II3178,sa1,3,1,2.7343750000e-02
II3457,sa1,6,1,1.6406250000e-01
II4159,sa1,1,1,1.5625000000e-02
II3179,sa1,9,1,1.9140625000e-01
II2506_II2507_B,sa1,30,0,3.1494140625e-02
II3189,sa1,3,1,2.7343750000e-02
II3739,sa0,20,1,2.2705078125e-01
g2021_II3739_A,sa0,,,2.2705078125e-01
g349_II3739_B,sa0,,,2.2705078125e-01
II2506_II2508_B,sa1,30,0,3.1494140625e-02
II3739,sa1,4,1,2.9296875000e-02
g3002_g3511_B,sa1,30,0,3.4671622018e-08
g3002_g3520_B,sa1,30,0,7.0449189593e-08
II3399,sa1,4,1,2.9296875000e-02
II3698,sa1,1,1,3.1250000000e-02
g3023_g3521_B,sa1,30,0,3.9298868160e-08
g3023_g3530_B,sa1,30,0,6.8353187999e-08
II3699,sa1,3,1,2.1875000000e-01
g2370_g2700_A,sa1,0,1,0.0000000000e+00
g2422_g2720_A,sa1,0,1,0.0000000000e+00
g2422_g3620_A,sa1,30,0,9.0474355818e-04
g3002_g3525_B,sa1,30,0,7.0449189593e-08
g2010_g2908_B,sa0,30,0,5.7811319828e-02
g3002_g3517_B,sa1,30,0,3.7087239946e-08
g2370_g3611_A,sa1,30,0,9.2655726455e-04
g3007_g3521_C,sa1,30,0,6.8353187999e-08
g2370_g3135_A,sa1,30,0,1.4808028936e-06
g2370_g3603_A,sa1,30,0,2.8893351555e-05
g2422_g2733_A,sa1,0,1,0.0000000000e+00
g2422_g3615_A,sa1,30,0,2.8610229492e-05
g3023_g3526_B,sa1,30,0,6.8353187999e-08
g3007_g3532_C,sa1,30,0,6.8353187999e-08
g2370_g3146_A,sa1,30,0,1.4808028936e-06
g2422_g3157_A,sa1,30,0,1.4808028936e-06
g3023_g3518_B,sa1,30,0,3.4671622018e-08
g2422_g3176_A,sa1,30,0,1.4808028936e-06
g2831_g3433_B,sa1,30,0,3.9634704590e-03
g3140_g3718_B,sa1,1,1,3.9062500000e-03
g3167_g3630_A,sa1,4,1,4.3750000000e-01
g3007_g3518_C,sa1,30,0,3.4671622018e-08
g3007_g3536_C,sa1,30,0,6.8353187999e-08
g1764_g3512_B,sa1,30,0,3.1251430511e-02
g2473_g3182_A,sa1,0,1,0.0000000000e+00
g2497_g3203_A,sa1,0,1,0.0000000000e+00
g2166_g2941_A,sa1,30,0,1.5563964844e-03
g2419_g3147_A,sa1,30,0,1.3726856560e-04
g2397_g3610_A,sa1,30,0,2.8893351555e-05
g2544_g3652_A,sa1,30,0,2.8401613235e-05
g2518_g2770_A,sa1,0,1,0.0000000000e+00
g2397_g3161_A,sa1,30,0,1.4808028936e-06
g2449_g3172_A,sa1,30,0,1.4808028936e-06
g2518_g3643_A,sa1,30,0,2.8401613235e-05
g2544_g3662_A,sa1,30,0,9.0878096125e-04
II2497_II2498_B,sa1,30,0,3.1738281250e-02
g2370_g2685_A,sa1,0,1,0.0000000000e+00
g2397_g2721_A,sa1,0,1,0.0000000000e+00
g2449_g2732_A,sa1,0,1,0.0000000000e+00
g2544_g2781_A,sa1,0,1,0.0000000000e+00
g2473_g3635_A,sa1,30,0,9.3710440348e-04
g1764_g4280_B,sa1,30,0,2.9297936708e-03
II2497_II2499_B,sa1,30,0,3.1738281250e-02
g2397_g3145_A,sa1,30,0,1.4808028936e-06
g2473_g3195_A,sa1,0,1,0.0000000000e+00
g2473_g3627_A,sa1,30,0,2.8312206268e-05
g2518_g3654_A,sa1,30,0,9.1133651040e-04
g1749_g3505_B,sa1,30,0,3.1251430511e-02
g2473_g2746_A,sa1,0,1,0.0000000000e+00
g2518_g2782_A,sa1,0,1,0.0000000000e+00
g1749_g4244_A,sa1,19,1,3.1250000000e-02
g1764_g4247_A,sa1,23,1,3.1250000000e-02
g3167_g3528_B,sa0,0,1,0.0000000000e+00
g2497_g3191_A,sa1,0,1,0.0000000000e+00
g2976_g3511_C,sa1,30,0,3.4671622018e-08
g1749_g4271_B,sa1,30,0,6.8360157311e-03
g1838_g6631_A,sa1,2,1,1.9531250000e-03
g2544_g2794_A,sa1,0,1,0.0000000000e+00
g2449_g3186_A,sa1,30,0,1.4808028936e-06
g2397_g3616_A,sa1,30,0,9.2649143851e-04
g2497_g3633_A,sa1,30,0,2.8312206268e-05
g1842_g6637_A,sa1,2,1,1.9531250000e-03
g2449_g3619_A,sa1,30,0,2.8610229492e-05
g2449_g3628_A,sa1,30,0,8.9895193004e-04
g2976_g3531_C,sa1,30,0,7.0449189593e-08
g2449_g2747_A,sa1,0,1,0.0000000000e+00
g2473_g2759_A,sa1,0,1,0.0000000000e+00
g2497_g2771_A,sa1,0,1,0.0000000000e+00
g1842_g6558_A,sa1,2,1,1.9531250000e-03
g2497_g3645_A,sa1,30,0,9.3710440348e-04
g2166_g4489_A,sa1,24,1,3.8452148438e-03
g2419_g4588_A,sa1,24,1,9.6130371094e-04
g1838_g6555_A,sa1,2,1,1.9531250000e-03
g2976_g3517_C,sa1,30,0,7.0449189593e-08
g2497_g2758_A,sa1,0,1,0.0000000000e+00
g2976_g3529_C,sa1,30,0,7.0449189593e-08
g2397_g2699_A,sa1,0,1,0.0000000000e+00
g2001,sa0,30,0,5.5879354477e-09
II3112,sa1,,,5.5879354477e-09
g1439_II3112_A,sa0,,,5.5879354477e-09
g2001,sa1,30,0,3.5972449385e-04
II3112,sa0,,,3.5972449385e-04
g1439_II3112_A,sa1,,,3.5972449385e-04
g2004,sa0,30,0,2.1171569970e-03
II3115,sa1,,,2.1171569970e-03
g1519_II3115_A,sa0,,,2.1171569970e-03
g2410,sa0,30,0,3.7550926208e-06
II3550,sa1,,,3.7550926208e-06
g1295_II3550_A,sa0,,,3.7550926208e-06
g2004,sa1,30,0,5.2263308316e-04
II3115,sa0,,,5.2263308316e-04
g1519_II3115_A,sa1,,,5.2263308316e-04
g2320,sa0,0,1,0.0000000000e+00
II3474,sa1,,,0.0000000000e+00
g1450_II3474_A,sa0,,,0.0000000000e+00
g2410,sa1,30,0,1.5646219254e-05
II3550,sa0,,,1.5646219254e-05
g1295_II3550_A,sa1,,,1.5646219254e-05
g2312,sa0,0,1,0.0000000000e+00
II3462,sa1,,,0.0000000000e+00
g1450_II3462_A,sa0,,,0.0000000000e+00
g2320,sa1,0,1,0.0000000000e+00
II3474,sa0,,,0.0000000000e+00
g1450_II3474_A,sa1,,,0.0000000000e+00
g3222,sa0,1,1,5.0000000000e-01
II4465,sa1,,,5.0000000000e-01
g2945,sa0,,,5.0000000000e-01
II4133,sa1,,,5.0000000000e-01
g2040,sa0,,,5.0000000000e-01
g1738,sa1,,,5.0000000000e-01
g1108,sa0,,,5.0000000000e-01
II2134,sa1,,,5.0000000000e-01
g705,sa0,,,5.0000000000e-01
g2042,sa1,30,0,1.5944242477e-06
II3155,sa0,,,1.5944242477e-06
g1612_II3155_A,sa1,,,1.5944242477e-06
g2312,sa1,0,1,0.0000000000e+00
II3462,sa0,,,0.0000000000e+00
g1450_II3462_A,sa1,,,0.0000000000e+00
g2430,sa0,0,1,0.0000000000e+00
II3563,sa1,,,0.0000000000e+00
g1461_II3563_A,sa0,,,0.0000000000e+00
g2024,sa1,30,0,1.8750000000e-01
g3222,sa1,1,1,5.0000000000e-01
II4465,sa0,,,5.0000000000e-01
g2945,sa1,,,5.0000000000e-01
II4133,sa0,,,5.0000000000e-01
g2040,sa1,,,5.0000000000e-01
g1738,sa0,,,5.0000000000e-01
g1108,sa1,,,5.0000000000e-01
II2134,sa0,,,5.0000000000e-01
g705,sa1,,,5.0000000000e-01
g2350,sa0,30,0,3.7550926208e-06
II3502,sa1,,,3.7550926208e-06
g1295_II3502_A,sa0,,,3.7550926208e-06
g2413,sa0,30,0,1.1825561523e-04
II3553,sa1,,,1.1825561523e-04
g1305_II3553_A,sa0,,,1.1825561523e-04
g2440,sa0,30,0,1.4686584473e-04
II3575,sa1,,,1.4686584473e-04
g1305_II3575_A,sa0,,,1.4686584473e-04
g2512,sa0,0,1,0.0000000000e+00
II3638,sa1,,,0.0000000000e+00
g1484_II3638_A,sa0,,,0.0000000000e+00
g2430,sa1,0,1,0.0000000000e+00
II3563,sa0,,,0.0000000000e+00
g1461_II3563_A,sa1,,,0.0000000000e+00
g2350,sa1,30,0,1.5810132027e-05
II3502,sa0,,,1.5810132027e-05
g1295_II3502_A,sa1,,,1.5810132027e-05
g2413,sa1,30,0,2.7893483639e-04
II3553,sa0,,,2.7893483639e-04
g1305_II3553_A,sa1,,,2.7893483639e-04
g2440,sa1,30,0,2.4998188019e-04
II3575,sa0,,,2.4998188019e-04
g1305_II3575_A,sa1,,,2.4998188019e-04
g2512,sa1,0,1,0.0000000000e+00
II3638,sa0,,,0.0000000000e+00
g1484_II3638_A,sa1,,,0.0000000000e+00
g2324,sa0,0,1,0.0000000000e+00
II3478,sa1,,,0.0000000000e+00
g1450_II3478_A,sa0,,,0.0000000000e+00
g2333,sa0,0,1,0.0000000000e+00
II3485,sa1,,,0.0000000000e+00
g1450_II3485_A,sa0,,,0.0000000000e+00
g2405,sa0,0,1,0.0000000000e+00
II3543,sa1,,,0.0000000000e+00
g1461_II3543_A,sa0,,,0.0000000000e+00
g3215,sa0,5,1,4.5299530029e-06
g2340_g3215_A,sa0,,,4.5299530029e-06
g1402_g3215_B,sa0,,,4.5299530029e-06
g3242,sa0,1,1,5.0000000000e-01
g3083,sa1,,,5.0000000000e-01
II4318,sa0,,,5.0000000000e-01
g2171,sa1,,,5.0000000000e-01
II3304,sa0,,,5.0000000000e-01
g1740,sa1,,,5.0000000000e-01
g1116,sa0,,,5.0000000000e-01
II2154,sa1,,,5.0000000000e-01
g14,sa0,,,5.0000000000e-01
g3710,sa0,1,1,5.0000000000e-01
g3029,sa1,,,5.0000000000e-01
II4240,sa0,,,5.0000000000e-01
g2165,sa1,,,5.0000000000e-01
II3294,sa0,,,5.0000000000e-01
g1720,sa1,,,5.0000000000e-01
g1111,sa0,,,5.0000000000e-01
II2143,sa1,,,5.0000000000e-01
g2,sa0,,,5.0000000000e-01
g3503,sa0,8,1,6.2500000000e-02
g2541,sa0,0,1,0.0000000000e+00
II3659,sa1,,,0.0000000000e+00
g1491_II3659_A,sa0,,,0.0000000000e+00
g1911,sa0,30,0,1.1825561523e-03
II3010,sa1,,,1.1825561523e-03
g1504_II3010_A,sa0,,,1.1825561523e-03
g2324,sa1,0,1,0.0000000000e+00
II3478,sa0,,,0.0000000000e+00
g1450_II3478_A,sa1,,,0.0000000000e+00
g2333,sa1,0,1,0.0000000000e+00
II3485,sa0,,,0.0000000000e+00
g1450_II3485_A,sa1,,,0.0000000000e+00
g2343,sa0,0,1,0.0000000000e+00
II3493,sa1,,,0.0000000000e+00
g1461_II3493_A,sa0,,,0.0000000000e+00
g2361,sa0,0,1,0.0000000000e+00
II3513,sa1,,,0.0000000000e+00
g1450_II3513_A,sa0,,,0.0000000000e+00
g2405,sa1,0,1,0.0000000000e+00
II3543,sa0,,,0.0000000000e+00
g1461_II3543_A,sa1,,,0.0000000000e+00
g3242,sa1,1,1,5.0000000000e-01
g3083,sa0,,,5.0000000000e-01
II4318,sa1,,,5.0000000000e-01
g2171,sa0,,,5.0000000000e-01
II3304,sa1,,,5.0000000000e-01
g1740,sa0,,,5.0000000000e-01
g1116,sa1,,,5.0000000000e-01
II2154,sa0,,,5.0000000000e-01
g14,sa1,,,5.0000000000e-01
g3710,sa1,1,1,5.0000000000e-01
g3029,sa0,,,5.0000000000e-01
II4240,sa1,,,5.0000000000e-01
g2165,sa0,,,5.0000000000e-01
II3294,sa1,,,5.0000000000e-01
g1720,sa0,,,5.0000000000e-01
g1111,sa1,,,5.0000000000e-01
II2143,sa0,,,5.0000000000e-01
g2,sa1,,,5.0000000000e-01
g3503,sa1,14,1,8.5937500000e-02
g3122,sa1,,,8.5937500000e-02
g3132,sa1,,,8.5937500000e-02
g2353,sa0,30,0,1.1825561523e-04
II3505,sa1,,,1.1825561523e-04
g1305_II3505_A,sa0,,,1.1825561523e-04
g2416,sa0,30,0,2.7939677238e-09
II3556,sa1,,,2.7939677238e-09
g1484_II3556_A,sa0,,,2.7939677238e-09
g2443,sa0,30,0,2.7939677238e-09
II3578,sa1,,,2.7939677238e-09
g1484_II3578_A,sa0,,,2.7939677238e-09
g2461,sa0,30,0,3.7550926208e-06
II3593,sa1,,,3.7550926208e-06
g1295_II3593_A,sa0,,,3.7550926208e-06
g2470,sa0,30,0,2.7939677238e-09
II3602,sa1,,,2.7939677238e-09
g1491_II3602_A,sa0,,,2.7939677238e-09
g2506,sa0,30,0,6.1988830566e-06
II3632,sa1,,,6.1988830566e-06
g1295_II3632_A,sa0,,,6.1988830566e-06
g2515,sa0,30,0,2.7939677238e-09
II3641,sa1,,,2.7939677238e-09
g1491_II3641_A,sa0,,,2.7939677238e-09
g2541,sa1,0,1,0.0000000000e+00
II3659,sa0,,,0.0000000000e+00
g1491_II3659_A,sa1,,,0.0000000000e+00
g1911,sa1,30,0,1.5030102804e-03
II3010,sa0,,,1.5030102804e-03
g1504_II3010_A,sa1,,,1.5030102804e-03
g2308,sa0,0,1,0.0000000000e+00
II3452,sa1,,,0.0000000000e+00
g1450_II3452_A,sa0,,,0.0000000000e+00
g2317,sa0,0,1,0.0000000000e+00
II3471,sa1,,,0.0000000000e+00
g1450_II3471_A,sa0,,,0.0000000000e+00
g2343,sa1,0,1,0.0000000000e+00
II3493,sa0,,,0.0000000000e+00
g1461_II3493_A,sa1,,,0.0000000000e+00
g2361,sa1,0,1,0.0000000000e+00
II3513,sa0,,,0.0000000000e+00
g1450_II3513_A,sa1,,,0.0000000000e+00
g3271,sa0,1,1,5.0000000000e-01
g3042,sa1,,,5.0000000000e-01
II4261,sa0,,,5.0000000000e-01
g1857,sa1,,,5.0000000000e-01
II2961,sa0,,,5.0000000000e-01
g1731,sa1,,,5.0000000000e-01
II2735,sa0,,,5.0000000000e-01
g1118,sa1,,,5.0000000000e-01
g36,sa0,,,5.0000000000e-01
g3541,sa0,30,0,1.9140243530e-03
g2643,sa1,,,1.9140243530e-03
II3785,sa0,,,1.9140243530e-03
g2346,sa1,,,1.9140243530e-03
II3496,sa0,,,1.9140243530e-03
g1326,sa1,,,1.9140243530e-03
g894,sa0,,,1.9140243530e-03
II1917,sa1,,,1.9140243530e-03
g48,sa0,,,1.9140243530e-03
g1922,sa0,0,1,0.0000000000e+00
II3025,sa1,,,0.0000000000e+00
g1439_II3025_A,sa0,,,0.0000000000e+00
g1940,sa0,0,1,0.0000000000e+00
II3047,sa1,,,0.0000000000e+00
g1426_II3047_A,sa0,,,0.0000000000e+00
g2336,sa0,30,0,3.7550926208e-06
II3488,sa1,,,3.7550926208e-06
g1295_II3488_A,sa0,,,3.7550926208e-06
g2353,sa1,30,0,2.5936216116e-04
II3505,sa0,,,2.5936216116e-04
g1305_II3505_A,sa1,,,2.5936216116e-04
g2416,sa1,30,0,2.6055434195e-04
II3556,sa0,,,2.6055434195e-04
g1484_II3556_A,sa1,,,2.6055434195e-04
g2443,sa1,30,0,2.6055434195e-04
II3578,sa0,,,2.6055434195e-04
g1484_II3578_A,sa1,,,2.6055434195e-04
g2461,sa1,30,0,1.6048550606e-05
II3593,sa0,,,1.6048550606e-05
g1295_II3593_A,sa1,,,1.6048550606e-05
g2470,sa1,30,0,2.6055434195e-04
II3602,sa0,,,2.6055434195e-04
g1491_II3602_A,sa1,,,2.6055434195e-04
g2506,sa1,30,0,1.8015503883e-05
II3632,sa0,,,1.8015503883e-05
g1295_II3632_A,sa1,,,1.8015503883e-05
g2515,sa1,30,0,2.6055434195e-04
II3641,sa0,,,2.6055434195e-04
g1491_II3641_A,sa1,,,2.6055434195e-04
g1931,sa0,30,0,2.1171569970e-03
II3034,sa1,,,2.1171569970e-03
g1519_II3034_A,sa0,,,2.1171569970e-03
g3208,sa1,37,0,2.4194335938e-01
g2308,sa1,0,1,0.0000000000e+00
II3452,sa0,,,0.0000000000e+00
g1450_II3452_A,sa1,,,0.0000000000e+00
g2317,sa1,0,1,0.0000000000e+00
II3471,sa0,,,0.0000000000e+00
g1450_II3471_A,sa1,,,0.0000000000e+00
g2327,sa0,0,1,0.0000000000e+00
II3481,sa1,,,0.0000000000e+00
g1461_II3481_A,sa0,,,0.0000000000e+00
g2902,sa1,4,1,1.5625000000e-02
g1899_g2902_A,sa0,,,1.5625000000e-02
g3271,sa1,1,1,5.0000000000e-01
g3042,sa0,,,5.0000000000e-01
II4261,sa1,,,5.0000000000e-01
g1857,sa0,,,5.0000000000e-01
II2961,sa1,,,5.0000000000e-01
g1731,sa0,,,5.0000000000e-01
II2735,sa1,,,5.0000000000e-01
g1118,sa0,,,5.0000000000e-01
g36,sa1,,,5.0000000000e-01
g3263,sa0,1,1,5.0000000000e-01
g3015,sa1,,,5.0000000000e-01
II4220,sa0,,,5.0000000000e-01
g2164,sa1,,,5.0000000000e-01
II3291,sa0,,,5.0000000000e-01
g1714,sa1,,,5.0000000000e-01
g1110,sa0,,,5.0000000000e-01
II2140,sa1,,,5.0000000000e-01
g28,sa0,,,5.0000000000e-01
g3541,sa1,30,0,2.0999908447e-03
g2643,sa0,,,2.0999908447e-03
II3785,sa1,,,2.0999908447e-03
g2346,sa0,,,2.0999908447e-03
II3496,sa1,,,2.0999908447e-03
g1326,sa0,,,2.0999908447e-03
g894,sa1,,,2.0999908447e-03
II1917,sa0,,,2.0999908447e-03
g48,sa1,,,2.0999908447e-03
g2814,sa0,1,1,5.0000000000e-01
II4023,sa1,,,5.0000000000e-01
g2315,sa0,,,5.0000000000e-01
II3465,sa1,,,5.0000000000e-01
g1724,sa0,,,5.0000000000e-01
II2724,sa1,,,5.0000000000e-01
g1220,sa0,,,5.0000000000e-01
II2221,sa1,,,5.0000000000e-01
g43,sa0,,,5.0000000000e-01
g1905,sa0,0,1,0.0000000000e+00
II3004,sa1,,,0.0000000000e+00
g1426_II3004_A,sa0,,,0.0000000000e+00
g1922,sa1,0,1,0.0000000000e+00
II3025,sa0,,,0.0000000000e+00
g1439_II3025_A,sa1,,,0.0000000000e+00
g1940,sa1,0,1,0.0000000000e+00
II3047,sa0,,,0.0000000000e+00
g1426_II3047_A,sa1,,,0.0000000000e+00
g2336,sa1,30,0,1.5810132027e-05
II3488,sa0,,,1.5810132027e-05
g1295_II3488_A,sa1,,,1.5810132027e-05
g2364,sa0,30,0,3.7550926208e-06
II3516,sa1,,,3.7550926208e-06
g1295_II3516_A,sa0,,,3.7550926208e-06
g2391,sa0,30,0,3.7550926208e-06
II3534,sa1,,,3.7550926208e-06
g1295_II3534_A,sa0,,,3.7550926208e-06
g2039,sa1,30,0,1.5944242477e-06
II3148,sa0,,,1.5944242477e-06
g1595_II3148_A,sa1,,,1.5944242477e-06
g2535,sa0,30,0,1.3351440430e-04
II3653,sa1,,,1.3351440430e-04
g1305_II3653_A,sa0,,,1.3351440430e-04
g1914,sa0,30,0,2.0446777562e-03
II3013,sa1,,,2.0446777562e-03
g1519_II3013_A,sa0,,,2.0446777562e-03
g1931,sa1,30,0,5.2263308316e-04
II3034,sa0,,,5.2263308316e-04
g1519_II3034_A,sa1,,,5.2263308316e-04
g1950,sa0,30,0,1.4724936482e-03
II3059,sa1,,,1.4724936482e-03
g1519_II3059_A,sa0,,,1.4724936482e-03
g2327,sa1,0,1,0.0000000000e+00
II3481,sa0,,,0.0000000000e+00
g1461_II3481_A,sa1,,,0.0000000000e+00
g2481,sa0,0,1,0.0000000000e+00
II3608,sa1,,,0.0000000000e+00
g1461_II3608_A,sa0,,,0.0000000000e+00
g3282,sa0,4,1,2.3437500000e-01
g131_g3282_A,sa0,,,2.3437500000e-01
g2863,sa0,,,2.3437500000e-01
g2296_g2863_A,sa1,,,2.3437500000e-01
g2850,sa0,30,0,2.6082992554e-04
g2018_g2850_A,sa0,,,2.6082992554e-04
g1255,sa0,,,2.6082992554e-04
g161_g1255_A,sa1,,,2.6082992554e-04
g2903,sa1,0,1,0.0000000000e+00
g1902_g2903_A,sa0,,,0.0000000000e+00
g3263,sa1,1,1,5.0000000000e-01
g3015,sa0,,,5.0000000000e-01
II4220,sa1,,,5.0000000000e-01
g2164,sa0,,,5.0000000000e-01
II3291,sa1,,,5.0000000000e-01
g1714,sa0,,,5.0000000000e-01
g1110,sa1,,,5.0000000000e-01
II2140,sa0,,,5.0000000000e-01
g28,sa1,,,5.0000000000e-01
g3714,sa0,1,1,5.0000000000e-01
g3041,sa1,,,5.0000000000e-01
II4258,sa0,,,5.0000000000e-01
g2169,sa1,,,5.0000000000e-01
II3298,sa0,,,5.0000000000e-01
g1725,sa1,,,5.0000000000e-01
g1113,sa0,,,5.0000000000e-01
II2147,sa1,,,5.0000000000e-01
g6,sa0,,,5.0000000000e-01
g3705,sa0,1,1,5.0000000000e-01
g3014,sa1,,,5.0000000000e-01
II4217,sa0,,,5.0000000000e-01
g2163,sa1,,,5.0000000000e-01
II3288,sa0,,,5.0000000000e-01
g1710,sa1,,,5.0000000000e-01
g1109,sa0,,,5.0000000000e-01
II2137,sa1,,,5.0000000000e-01
g1,sa0,,,5.0000000000e-01
g2814,sa1,1,1,5.0000000000e-01
II4023,sa0,,,5.0000000000e-01
g2315,sa1,,,5.0000000000e-01
II3465,sa0,,,5.0000000000e-01
g1724,sa1,,,5.0000000000e-01
II2724,sa0,,,5.0000000000e-01
g1220,sa1,,,5.0000000000e-01
II2221,sa0,,,5.0000000000e-01
g43,sa1,,,5.0000000000e-01
g1905,sa1,0,1,0.0000000000e+00
II3004,sa0,,,0.0000000000e+00
g1426_II3004_A,sa1,,,0.0000000000e+00
g2364,sa1,30,0,1.5854835510e-05
II3516,sa0,,,1.5854835510e-05
g1295_II3516_A,sa1,,,1.5854835510e-05
g2391,sa1,30,0,1.5854835510e-05
II3534,sa0,,,1.5854835510e-05
g1295_II3534_A,sa1,,,1.5854835510e-05
g2437,sa0,30,0,3.7550926208e-06
II3572,sa1,,,3.7550926208e-06
g1295_II3572_A,sa0,,,3.7550926208e-06
g2446,sa0,30,0,2.7939677238e-09
II3581,sa1,,,2.7939677238e-09
g1491_II3581_A,sa0,,,2.7939677238e-09
g2464,sa0,30,0,1.6021728516e-04
II3596,sa1,,,1.6021728516e-04
g1305_II3596_A,sa0,,,1.6021728516e-04
g2491,sa0,30,0,2.7939677238e-09
II3620,sa1,,,2.7939677238e-09
g1484_II3620_A,sa0,,,2.7939677238e-09
g2509,sa0,30,0,1.6021728516e-04
II3635,sa1,,,1.6021728516e-04
g1305_II3635_A,sa0,,,1.6021728516e-04
g2535,sa1,30,0,2.8292834759e-04
II3653,sa0,,,2.8292834759e-04
g1305_II3653_A,sa1,,,2.8292834759e-04
g1914,sa1,30,0,5.6839827448e-04
II3013,sa0,,,5.6839827448e-04
g1519_II3013_A,sa1,,,5.6839827448e-04
g1950,sa1,30,0,3.5858247429e-04
II3059,sa0,,,3.5858247429e-04
g1519_II3059_A,sa1,,,3.5858247429e-04
g1960,sa0,30,0,1.1825561523e-03
II3071,sa1,,,1.1825561523e-03
g1504_II3071_A,sa0,,,1.1825561523e-03
g2347,sa0,0,1,0.0000000000e+00
II3499,sa1,,,0.0000000000e+00
g1450_II3499_A,sa0,,,0.0000000000e+00
g2481,sa1,0,1,0.0000000000e+00
II3608,sa0,,,0.0000000000e+00
g1461_II3608_A,sa1,,,0.0000000000e+00
g2850,sa1,60,0,1.0507106781e-03
g3490,sa0,4,1,2.3437500000e-01
g353_g3490_A,sa0,,,2.3437500000e-01
g2959,sa0,,,2.3437500000e-01
g1861_g2959_A,sa1,,,2.3437500000e-01
g2940,sa1,16,1,1.7888844013e-05
g3571,sa0,1,1,5.0000000000e-01
g3084,sa1,,,5.0000000000e-01
II4321,sa0,,,5.0000000000e-01
g1917,sa1,,,5.0000000000e-01
II3016,sa0,,,5.0000000000e-01
g1754,sa1,,,5.0000000000e-01
II2773,sa0,,,5.0000000000e-01
g1191,sa1,,,5.0000000000e-01
g38,sa0,,,5.0000000000e-01
g3247,sa0,1,1,5.0000000000e-01
g2973,sa1,,,5.0000000000e-01
II4170,sa0,,,5.0000000000e-01
g2157,sa1,,,5.0000000000e-01
II3278,sa0,,,5.0000000000e-01
g1695,sa1,,,5.0000000000e-01
g1106,sa0,,,5.0000000000e-01
II2128,sa1,,,5.0000000000e-01
g18,sa0,,,5.0000000000e-01
g3714,sa1,1,1,5.0000000000e-01
g3041,sa0,,,5.0000000000e-01
II4258,sa1,,,5.0000000000e-01
g2169,sa0,,,5.0000000000e-01
II3298,sa1,,,5.0000000000e-01
g1725,sa0,,,5.0000000000e-01
g1113,sa1,,,5.0000000000e-01
II2147,sa0,,,5.0000000000e-01
g6,sa1,,,5.0000000000e-01
g3705,sa1,1,1,5.0000000000e-01
g3014,sa0,,,5.0000000000e-01
II4217,sa1,,,5.0000000000e-01
g2163,sa0,,,5.0000000000e-01
II3288,sa1,,,5.0000000000e-01
g1710,sa0,,,5.0000000000e-01
g1109,sa1,,,5.0000000000e-01
II2137,sa0,,,5.0000000000e-01
g1,sa1,,,5.0000000000e-01
g2842,sa0,1,1,6.2500000000e-02
II4050,sa1,,,6.2500000000e-02
g2059,sa0,,,6.2500000000e-02
g1402_g2059_A,sa1,,,6.2500000000e-02
g1943,sa0,0,1,0.0000000000e+00
II3050,sa1,,,0.0000000000e+00
g1439_II3050_A,sa0,,,0.0000000000e+00
g2437,sa1,30,0,1.5646219254e-05
II3572,sa0,,,1.5646219254e-05
g1295_II3572_A,sa1,,,1.5646219254e-05
g2446,sa1,30,0,2.6055434195e-04
II3581,sa0,,,2.6055434195e-04
g1491_II3581_A,sa1,,,2.6055434195e-04
g2464,sa1,30,0,3.0814111233e-04
II3596,sa0,,,3.0814111233e-04
g1305_II3596_A,sa1,,,3.0814111233e-04
g2491,sa1,30,0,2.6055434195e-04
II3620,sa0,,,2.6055434195e-04
g1484_II3620_A,sa1,,,2.6055434195e-04
g2509,sa1,30,0,3.0992925167e-04
II3635,sa0,,,3.0992925167e-04
g1305_II3635_A,sa1,,,3.0992925167e-04
g1925,sa0,30,0,6.7901612783e-04
II3028,sa1,,,6.7901612783e-04
g1504_II3028_A,sa0,,,6.7901612783e-04
g1960,sa1,30,0,1.6632080078e-03
II3071,sa0,,,1.6632080078e-03
g1504_II3071_A,sa1,,,1.6632080078e-03
g2347,sa1,0,1,0.0000000000e+00
II3499,sa0,,,0.0000000000e+00
g1450_II3499_A,sa1,,,0.0000000000e+00
g2357,sa0,0,1,0.0000000000e+00
II3509,sa1,,,0.0000000000e+00
g1461_II3509_A,sa0,,,0.0000000000e+00
g3464,sa0,4,1,2.3437500000e-01
g341_g3464_A,sa0,,,2.3437500000e-01
g2956,sa0,,,2.3437500000e-01
g1861_g2956_A,sa1,,,2.3437500000e-01
g2951,sa0,5,1,1.4495849609e-04
g2142_g2951_A,sa0,,,1.4495849609e-04
g1797_g2951_B,sa0,,,1.4495849609e-04
g3491,sa0,1,1,5.0000000000e-01
g2608,sa1,,,5.0000000000e-01
II3746,sa0,,,5.0000000000e-01
g2035,sa1,,,5.0000000000e-01
II3144,sa0,,,5.0000000000e-01
g1319,sa1,,,5.0000000000e-01
II2312,sa0,,,5.0000000000e-01
g897,sa1,,,5.0000000000e-01
g41,sa0,,,5.0000000000e-01
g3571,sa1,1,1,5.0000000000e-01
g3084,sa0,,,5.0000000000e-01
II4321,sa1,,,5.0000000000e-01
g1917,sa0,,,5.0000000000e-01
II3016,sa1,,,5.0000000000e-01
g1754,sa0,,,5.0000000000e-01
II2773,sa1,,,5.0000000000e-01
g1191,sa0,,,5.0000000000e-01
g38,sa1,,,5.0000000000e-01
g3247,sa1,1,1,5.0000000000e-01
g2973,sa0,,,5.0000000000e-01
II4170,sa1,,,5.0000000000e-01
g2157,sa0,,,5.0000000000e-01
II3278,sa1,,,5.0000000000e-01
g1695,sa0,,,5.0000000000e-01
g1106,sa1,,,5.0000000000e-01
II2128,sa0,,,5.0000000000e-01
g18,sa1,,,5.0000000000e-01
g2842,sa1,30,0,4.4151306152e-01
II4050,sa0,,,4.4151306152e-01
g2059,sa1,,,4.4151306152e-01
g1402_g2059_A,sa0,,,4.4151306152e-01
g3564,sa0,1,1,5.0000000000e-01
g2618,sa1,,,5.0000000000e-01
II3758,sa0,,,5.0000000000e-01
g2041,sa1,,,5.0000000000e-01
II3152,sa0,,,5.0000000000e-01
g1322,sa1,,,5.0000000000e-01
II2321,sa0,,,5.0000000000e-01
g898,sa1,,,5.0000000000e-01
g47,sa0,,,5.0000000000e-01
g3546,sa0,1,1,5.0000000000e-01
g3095,sa1,,,5.0000000000e-01
II4340,sa0,,,5.0000000000e-01
g1935,sa1,,,5.0000000000e-01
II3040,sa0,,,5.0000000000e-01
g1770,sa1,,,5.0000000000e-01
II2805,sa0,,,5.0000000000e-01
g1205,sa1,,,5.0000000000e-01
g45,sa0,,,5.0000000000e-01
g1908,sa0,0,1,0.0000000000e+00
II3007,sa1,,,0.0000000000e+00
g1439_II3007_A,sa0,,,0.0000000000e+00
g1943,sa1,0,1,0.0000000000e+00
II3050,sa0,,,0.0000000000e+00
g1439_II3050_A,sa1,,,0.0000000000e+00
g2367,sa0,30,0,1.1825561523e-04
II3519,sa1,,,1.1825561523e-04
g1305_II3519_A,sa0,,,1.1825561523e-04
g2394,sa0,30,0,1.1825561523e-04
II3537,sa1,,,1.1825561523e-04
g1305_II3537_A,sa0,,,1.1825561523e-04
g2538,sa0,0,1,0.0000000000e+00
II3656,sa1,,,0.0000000000e+00
g1484_II3656_A,sa0,,,0.0000000000e+00
g2565,sa0,0,1,0.0000000000e+00
II3675,sa1,,,0.0000000000e+00
g1491_II3675_A,sa0,,,0.0000000000e+00
g1925,sa1,30,0,1.6632080078e-03
II3028,sa0,,,1.6632080078e-03
g1504_II3028_A,sa1,,,1.6632080078e-03
g2357,sa1,0,1,0.0000000000e+00
II3509,sa0,,,0.0000000000e+00
g1461_II3509_A,sa1,,,0.0000000000e+00
g2457,sa0,0,1,0.0000000000e+00
II3587,sa1,,,0.0000000000e+00
g1461_II3587_A,sa0,,,0.0000000000e+00
g3294,sa0,4,1,2.3437500000e-01
g139_g3294_A,sa0,,,2.3437500000e-01
g2870,sa0,,,2.3437500000e-01
g2296_g2870_A,sa1,,,2.3437500000e-01
g3384,sa0,30,0,2.5781250000e-01
g2834,sa1,,,2.5781250000e-01
g3491,sa1,1,1,5.0000000000e-01
g2608,sa0,,,5.0000000000e-01
II3746,sa1,,,5.0000000000e-01
g2035,sa0,,,5.0000000000e-01
II3144,sa1,,,5.0000000000e-01
g1319,sa0,,,5.0000000000e-01
II2312,sa1,,,5.0000000000e-01
g897,sa0,,,5.0000000000e-01
g41,sa1,,,5.0000000000e-01
g2853,sa0,21,1,2.9540061951e-02
g836,sa0,,,2.9540061951e-02
g349_g836_A,sa1,,,2.9540061951e-02
g2021_g2853_B,sa0,,,2.9540061951e-02
g3267,sa0,1,1,5.0000000000e-01
g3030,sa1,,,5.0000000000e-01
II4243,sa0,,,5.0000000000e-01
g1853,sa1,,,5.0000000000e-01
II2955,sa0,,,5.0000000000e-01
g1729,sa1,,,5.0000000000e-01
II2731,sa0,,,5.0000000000e-01
g1117,sa1,,,5.0000000000e-01
g32,sa0,,,5.0000000000e-01
g2916,sa0,30,0,1.0609626770e-05
g1030_g2916_A,sa0,,,1.0609626770e-05
g2113_g2916_B,sa0,,,1.0609626770e-05
g3673,sa0,1,1,5.0000000000e-01
g3075,sa1,,,5.0000000000e-01
II4306,sa0,,,5.0000000000e-01
g1898,sa1,,,5.0000000000e-01
II2995,sa0,,,5.0000000000e-01
g1742,sa1,,,5.0000000000e-01
II2756,sa0,,,5.0000000000e-01
g1175,sa1,,,5.0000000000e-01
g42,sa0,,,5.0000000000e-01
g3564,sa1,1,1,5.0000000000e-01
g2618,sa0,,,5.0000000000e-01
II3758,sa1,,,5.0000000000e-01
g2041,sa0,,,5.0000000000e-01
II3152,sa1,,,5.0000000000e-01
g1322,sa0,,,5.0000000000e-01
II2321,sa1,,,5.0000000000e-01
g898,sa0,,,5.0000000000e-01
g47,sa1,,,5.0000000000e-01
g3546,sa1,1,1,5.0000000000e-01
g3095,sa0,,,5.0000000000e-01
II4340,sa1,,,5.0000000000e-01
g1935,sa0,,,5.0000000000e-01
II3040,sa1,,,5.0000000000e-01
g1770,sa0,,,5.0000000000e-01
II2805,sa1,,,5.0000000000e-01
g1205,sa0,,,5.0000000000e-01
g45,sa1,,,5.0000000000e-01
g2952,sa1,30,0,1.4003551743e-03
g2381_g2952_A,sa0,,,1.4003551743e-03
g1908,sa1,0,1,0.0000000000e+00
II3007,sa0,,,0.0000000000e+00
g1439_II3007_A,sa1,,,0.0000000000e+00
g1954,sa0,0,1,0.0000000000e+00
II3065,sa1,,,0.0000000000e+00
g1426_II3065_A,sa0,,,0.0000000000e+00
g1963,sa0,0,1,0.0000000000e+00
II3074,sa1,,,0.0000000000e+00
g1426_II3074_A,sa0,,,0.0000000000e+00
g1972,sa0,0,1,0.0000000000e+00
II3083,sa1,,,0.0000000000e+00
g1426_II3083_A,sa0,,,0.0000000000e+00
g2935,sa0,1,1,2.5000000000e-01
g2291,sa0,,,2.5000000000e-01
II3434,sa1,,,2.5000000000e-01
g1627,sa0,,,2.5000000000e-01
II2584,sa1,,,2.5000000000e-01
g839_II2584_A,sa0,,,2.5000000000e-01
g1788,sa0,,,2.5000000000e-01
g985_g1788_A,sa1,,,2.5000000000e-01
g2953,sa0,30,0,7.4547124029e-09
g2381_g2953_A,sa0,,,7.4547124029e-09
g293_g2953_B,sa0,,,7.4547124029e-09
g2367,sa1,30,0,2.5936216116e-04
II3519,sa0,,,2.5936216116e-04
g1305_II3519_A,sa1,,,2.5936216116e-04
g2394,sa1,30,0,2.7893483639e-04
II3537,sa0,,,2.7893483639e-04
g1305_II3537_A,sa1,,,2.7893483639e-04
g2467,sa0,30,0,2.7939677238e-09
II3599,sa1,,,2.7939677238e-09
g1484_II3599_A,sa0,,,2.7939677238e-09
g2485,sa0,30,0,3.7550926208e-06
II3614,sa1,,,3.7550926208e-06
g1295_II3614_A,sa0,,,3.7550926208e-06
g2494,sa0,30,0,2.7939677238e-09
II3623,sa1,,,2.7939677238e-09
g1491_II3623_A,sa0,,,2.7939677238e-09
g2538,sa1,0,1,0.0000000000e+00
II3656,sa0,,,0.0000000000e+00
g1484_II3656_A,sa1,,,0.0000000000e+00
g2565,sa1,0,1,0.0000000000e+00
II3675,sa0,,,0.0000000000e+00
g1491_II3675_A,sa1,,,0.0000000000e+00
g1891,sa0,30,0,1.1825561523e-03
II2986,sa1,,,1.1825561523e-03
g1504_II2986_A,sa0,,,1.1825561523e-03
g2457,sa1,0,1,0.0000000000e+00
II3587,sa0,,,0.0000000000e+00
g1461_II3587_A,sa1,,,0.0000000000e+00
g3484,sa0,4,1,2.3437500000e-01
g349_g3484_A,sa0,,,2.3437500000e-01
g2958,sa0,,,2.3437500000e-01
g1861_g2958_A,sa1,,,2.3437500000e-01
g3384,sa1,1,1,1.5625000000e-02
g2834,sa0,,,1.5625000000e-02
g1263_g2834_A,sa0,,,1.5625000000e-02
g1257_g2834_B,sa0,,,1.5625000000e-02
g1270_g2834_C,sa0,,,1.5625000000e-02
II4040,sa0,,,1.5625000000e-02
g1279_II4040_A,sa0,,,1.5625000000e-02
g2025,sa0,,,1.5625000000e-02
g1276_g2025_A,sa1,,,1.5625000000e-02
g1267_II4040_C,sa0,,,1.5625000000e-02
g2853,sa1,50,0,2.2436428070e-01
g3267,sa1,1,1,5.0000000000e-01
g3030,sa0,,,5.0000000000e-01
II4243,sa1,,,5.0000000000e-01
g1853,sa0,,,5.0000000000e-01
II2955,sa1,,,5.0000000000e-01
g1729,sa0,,,5.0000000000e-01
II2731,sa1,,,5.0000000000e-01
g1117,sa0,,,5.0000000000e-01
g32,sa1,,,5.0000000000e-01
g3259,sa0,1,1,5.0000000000e-01
g2996,sa1,,,5.0000000000e-01
II4189,sa0,,,5.0000000000e-01
g2159,sa1,,,5.0000000000e-01
II3284,sa0,,,5.0000000000e-01
g1702,sa1,,,5.0000000000e-01
g1107,sa0,,,5.0000000000e-01
II2131,sa1,,,5.0000000000e-01
g24,sa0,,,5.0000000000e-01
g2916,sa1,60,0,2.9541552067e-05
g3673,sa1,1,1,5.0000000000e-01
g3075,sa0,,,5.0000000000e-01
II4306,sa1,,,5.0000000000e-01
g1898,sa0,,,5.0000000000e-01
II2995,sa1,,,5.0000000000e-01
g1742,sa0,,,5.0000000000e-01
II2756,sa1,,,5.0000000000e-01
g1175,sa0,,,5.0000000000e-01
g42,sa1,,,5.0000000000e-01
g3638,sa0,1,1,5.0000000000e-01
g3108,sa1,,,5.0000000000e-01
II4354,sa0,,,5.0000000000e-01
g1953,sa1,,,5.0000000000e-01
II3062,sa0,,,5.0000000000e-01
g1776,sa1,,,5.0000000000e-01
II2821,sa0,,,5.0000000000e-01
g1221,sa1,,,5.0000000000e-01
g46,sa0,,,5.0000000000e-01
g1919,sa0,0,1,0.0000000000e+00
II3022,sa1,,,0.0000000000e+00
g1426_II3022_A,sa0,,,0.0000000000e+00
g1954,sa1,30,0,9.3205443363e-10
II3065,sa0,,,9.3205443363e-10
g1426_II3065_A,sa1,,,9.3205443363e-10
g1963,sa1,30,0,9.3205443363e-10
II3074,sa0,,,9.3205443363e-10
g1426_II3074_A,sa1,,,9.3205443363e-10
g1972,sa1,30,0,9.3205443363e-10
II3083,sa0,,,9.3205443363e-10
g1426_II3083_A,sa1,,,9.3205443363e-10
g1982,sa0,0,1,0.0000000000e+00
II3093,sa1,,,0.0000000000e+00
g1426_II3093_A,sa0,,,0.0000000000e+00
g1991,sa0,30,0,5.5879354477e-09
II3102,sa1,,,5.5879354477e-09
g1426_II3102_A,sa0,,,5.5879354477e-09
g2467,sa1,30,0,2.6055434195e-04
II3599,sa0,,,2.6055434195e-04
g1484_II3599_A,sa1,,,2.6055434195e-04
g2485,sa1,30,0,1.6048550606e-05
II3614,sa0,,,1.6048550606e-05
g1295_II3614_A,sa1,,,1.6048550606e-05
g2494,sa1,30,0,2.6055434195e-04
II3623,sa0,,,2.6055434195e-04
g1491_II3623_A,sa1,,,2.6055434195e-04
g1891,sa1,30,0,1.5945518389e-03
II2986,sa0,,,1.5945518389e-03
g1504_II2986_A,sa1,,,1.5945518389e-03
g1928,sa0,30,0,6.7901612783e-04
II3031,sa1,,,6.7901612783e-04
g1504_II3031_A,sa0,,,6.7901612783e-04
g2378,sa0,0,1,0.0000000000e+00
II3525,sa1,,,0.0000000000e+00
g1461_II3525_A,sa0,,,0.0000000000e+00
g2981,sa0,30,0,6.9343244036e-08
g2179_g2981_A,sa1,,,6.9343244036e-08
g3287,sa0,4,1,2.3437500000e-01
g135_g3287_A,sa0,,,2.3437500000e-01
g2865,sa0,,,2.3437500000e-01
g2296_g2865_A,sa1,,,2.3437500000e-01
g3449,sa0,4,1,2.3437500000e-01
g128_g3449_A,sa0,,,2.3437500000e-01
g2946,sa0,,,2.3437500000e-01
g2296_g2946_A,sa1,,,2.3437500000e-01
g2944,sa1,24,1,5.7864934206e-04
g2909,sa0,2,1,1.5625000000e-02
g606_g2909_A,sa0,,,1.5625000000e-02
g2092_g2909_B,sa0,,,1.5625000000e-02
g2846,sa0,2,1,1.5625000000e-02
g619_g2846_A,sa0,,,1.5625000000e-02
g2015_g2846_B,sa0,,,1.5625000000e-02
g3593,sa0,1,1,5.0000000000e-01
g2997,sa1,,,5.0000000000e-01
II4192,sa0,,,5.0000000000e-01
g1847,sa1,,,5.0000000000e-01
II2943,sa0,,,5.0000000000e-01
g1715,sa1,,,5.0000000000e-01
II2716,sa0,,,5.0000000000e-01
g1115,sa1,,,5.0000000000e-01
g40,sa0,,,5.0000000000e-01
g3259,sa1,1,1,5.0000000000e-01
g2996,sa0,,,5.0000000000e-01
II4189,sa1,,,5.0000000000e-01
g2159,sa0,,,5.0000000000e-01
II3284,sa1,,,5.0000000000e-01
g1702,sa0,,,5.0000000000e-01
g1107,sa1,,,5.0000000000e-01
II2131,sa0,,,5.0000000000e-01
g24,sa1,,,5.0000000000e-01
g3719,sa0,1,1,5.0000000000e-01
g3053,sa1,,,5.0000000000e-01
II4276,sa0,,,5.0000000000e-01
g2170,sa1,,,5.0000000000e-01
II3301,sa0,,,5.0000000000e-01
g1730,sa1,,,5.0000000000e-01
g1114,sa0,,,5.0000000000e-01
II2150,sa1,,,5.0000000000e-01
g10,sa0,,,5.0000000000e-01
g2586,sa0,1,1,5.0000000000e-01
II3711,sa1,,,5.0000000000e-01
g1848,sa0,,,5.0000000000e-01
II2946,sa1,,,5.0000000000e-01
g1587,sa0,,,5.0000000000e-01
g1123_g1587_A,sa1,,,5.0000000000e-01
g3638,sa1,1,1,5.0000000000e-01
g3108,sa0,,,5.0000000000e-01
II4354,sa1,,,5.0000000000e-01
g1953,sa0,,,5.0000000000e-01
II3062,sa1,,,5.0000000000e-01
g1776,sa0,,,5.0000000000e-01
II2821,sa1,,,5.0000000000e-01
g1221,sa0,,,5.0000000000e-01
g46,sa1,,,5.0000000000e-01
g2954,sa1,30,0,1.4003551743e-03
g2381_g2954_A,sa0,,,1.4003551743e-03
g1919,sa1,0,1,0.0000000000e+00
II3022,sa0,,,0.0000000000e+00
g1426_II3022_A,sa1,,,0.0000000000e+00
g1982,sa1,30,0,9.3205443363e-10
II3093,sa0,,,9.3205443363e-10
g1426_II3093_A,sa1,,,9.3205443363e-10
g1991,sa1,30,0,3.5972449385e-04
II3102,sa0,,,3.5972449385e-04
g1426_II3102_A,sa1,,,3.5972449385e-04
g2955,sa0,30,0,5.5921489661e-09
g2381_g2955_A,sa0,,,5.5921489661e-09
g297_g2955_B,sa0,,,5.5921489661e-09
g1875,sa0,30,0,7.0571899414e-04
II2970,sa1,,,7.0571899414e-04
g1504_II2970_A,sa0,,,7.0571899414e-04
g1928,sa1,30,0,1.6632080078e-03
II3031,sa0,,,1.6632080078e-03
g1504_II3031_A,sa1,,,1.6632080078e-03
g1947,sa0,30,0,1.4724936482e-03
II3056,sa1,,,1.4724936482e-03
g1519_II3056_A,sa0,,,1.4724936482e-03
g2378,sa1,0,1,0.0000000000e+00
II3525,sa0,,,0.0000000000e+00
g1461_II3525_A,sa1,,,0.0000000000e+00
g2981,sa1,30,0,2.9718307815e-08
g2179_g2981_A,sa0,,,2.9718307815e-08
g2936,sa1,2,1,7.3242187500e-04
g2026_g2936_A,sa0,,,7.3242187500e-04
g2882,sa1,4,1,1.5625000000e-02
g1854_g2882_A,sa0,,,1.5625000000e-02
g2937,sa0,30,0,9.2859845608e-05
g2160_g2937_A,sa0,,,9.2859845608e-05
g931,sa0,,,9.2859845608e-05
g54_g931_A,sa1,,,9.2859845608e-05
g2891,sa1,8,1,3.1250000000e-02
g1884_g2891_A,sa0,,,3.1250000000e-02
g3558,sa0,4,1,2.3437500000e-01
g338_g3558_A,sa0,,,2.3437500000e-01
g3199,sa0,,,2.3437500000e-01
g1861_g3199_A,sa1,,,2.3437500000e-01
g2909,sa1,12,1,4.8437500000e-01
g2846,sa1,12,1,4.8437500000e-01
g3593,sa1,1,1,5.0000000000e-01
g2997,sa0,,,5.0000000000e-01
II4192,sa1,,,5.0000000000e-01
g1847,sa0,,,5.0000000000e-01
II2943,sa1,,,5.0000000000e-01
g1715,sa0,,,5.0000000000e-01
II2716,sa1,,,5.0000000000e-01
g1115,sa0,,,5.0000000000e-01
g40,sa1,,,5.0000000000e-01
g3567,sa0,1,1,5.0000000000e-01
g3074,sa1,,,5.0000000000e-01
II4303,sa0,,,5.0000000000e-01
g1897,sa1,,,5.0000000000e-01
II2992,sa0,,,5.0000000000e-01
g1741,sa1,,,5.0000000000e-01
II2753,sa0,,,5.0000000000e-01
g1174,sa1,,,5.0000000000e-01
g37,sa0,,,5.0000000000e-01
g3719,sa1,1,1,5.0000000000e-01
g3053,sa0,,,5.0000000000e-01
II4276,sa1,,,5.0000000000e-01
g2170,sa0,,,5.0000000000e-01
II3301,sa1,,,5.0000000000e-01
g1730,sa0,,,5.0000000000e-01
g1114,sa1,,,5.0000000000e-01
II2150,sa0,,,5.0000000000e-01
g10,sa1,,,5.0000000000e-01
g2586,sa1,1,1,5.0000000000e-01
II3711,sa0,,,5.0000000000e-01
g1848,sa1,,,5.0000000000e-01
II2946,sa0,,,5.0000000000e-01
g1587,sa1,,,5.0000000000e-01
g1123_g1587_A,sa0,,,5.0000000000e-01
g2587,sa0,1,1,5.0000000000e-01
II3714,sa1,,,5.0000000000e-01
g1852,sa0,,,5.0000000000e-01
II2952,sa1,,,5.0000000000e-01
g1594,sa0,,,5.0000000000e-01
g1143_g1594_A,sa1,,,5.0000000000e-01
g1957,sa0,0,1,0.0000000000e+00
II3068,sa1,,,0.0000000000e+00
g1439_II3068_A,sa0,,,0.0000000000e+00
g1966,sa0,0,1,0.0000000000e+00
II3077,sa1,,,0.0000000000e+00
g1439_II3077_A,sa0,,,0.0000000000e+00
g1975,sa0,0,1,0.0000000000e+00
II3086,sa1,,,0.0000000000e+00
g1439_II3086_A,sa0,,,0.0000000000e+00
g2488,sa0,30,0,1.4686584473e-04
II3617,sa1,,,1.4686584473e-04
g1305_II3617_A,sa0,,,1.4686584473e-04
g1875,sa1,30,0,1.6632080078e-03
II2970,sa0,,,1.6632080078e-03
g1504_II2970_A,sa1,,,1.6632080078e-03
g1894,sa0,30,0,1.1825561669e-03
II2989,sa1,,,1.1825561669e-03
g1519_II2989_A,sa0,,,1.1825561669e-03
g1947,sa1,30,0,3.5858247429e-04
II3056,sa0,,,3.5858247429e-04
g1519_II3056_A,sa1,,,3.5858247429e-04
g2659,sa0,12,1,2.0507812500e-01
g1686,sa0,,,2.0507812500e-01
II2675,sa0,,,2.0507812500e-01
g710_II2675_A,sa0,,,2.0507812500e-01
II2674_II2675_B,sa0,,,2.0507812500e-01
II2676,sa0,,,2.0507812500e-01
g131_II2676_A,sa0,,,2.0507812500e-01
II2674_II2676_B,sa0,,,2.0507812500e-01
g2296_g2659_B,sa0,,,2.0507812500e-01
g2919,sa1,4,1,1.5625000000e-02
g1937_g2919_A,sa0,,,1.5625000000e-02
g2937,sa1,60,0,2.3205857724e-04
g2874,sa1,8,1,3.1250000000e-02
g1849_g2874_A,sa0,,,3.1250000000e-02
g3559,sa0,1,1,5.0000000000e-01
g2603,sa1,,,5.0000000000e-01
II3733,sa0,,,5.0000000000e-01
g2031,sa1,,,5.0000000000e-01
II3140,sa0,,,5.0000000000e-01
g1317,sa1,,,5.0000000000e-01
II2306,sa0,,,5.0000000000e-01
g896,sa1,,,5.0000000000e-01
g22,sa0,,,5.0000000000e-01
g3567,sa1,1,1,5.0000000000e-01
g3074,sa0,,,5.0000000000e-01
II4303,sa1,,,5.0000000000e-01
g1897,sa0,,,5.0000000000e-01
II2992,sa1,,,5.0000000000e-01
g1741,sa0,,,5.0000000000e-01
II2753,sa1,,,5.0000000000e-01
g1174,sa0,,,5.0000000000e-01
g37,sa1,,,5.0000000000e-01
g2587,sa1,1,1,5.0000000000e-01
II3714,sa0,,,5.0000000000e-01
g1852,sa1,,,5.0000000000e-01
II2952,sa0,,,5.0000000000e-01
g1594,sa1,,,5.0000000000e-01
g1143_g1594_A,sa0,,,5.0000000000e-01
g1957,sa1,0,1,0.0000000000e+00
II3068,sa0,,,0.0000000000e+00
g1439_II3068_A,sa1,,,0.0000000000e+00
g1966,sa1,30,0,9.3213259333e-10
II3077,sa0,,,9.3213259333e-10
g1439_II3077_A,sa1,,,9.3213259333e-10
g1975,sa1,30,0,9.3213259333e-10
II3086,sa0,,,9.3213259333e-10
g1439_II3086_A,sa1,,,9.3213259333e-10
g1985,sa0,0,1,0.0000000000e+00
II3096,sa1,,,0.0000000000e+00
g1439_II3096_A,sa0,,,0.0000000000e+00
g1994,sa0,0,1,0.0000000000e+00
II3105,sa1,,,0.0000000000e+00
g1439_II3105_A,sa0,,,0.0000000000e+00
g2488,sa1,30,0,3.0550360680e-04
II3617,sa0,,,3.0550360680e-04
g1305_II3617_A,sa1,,,3.0550360680e-04
g1894,sa1,30,0,1.1825747788e-04
II2989,sa0,,,1.1825747788e-04
g1519_II2989_A,sa1,,,1.1825747788e-04
g3479,sa0,4,1,2.3437500000e-01
g345_g3479_A,sa0,,,2.3437500000e-01
g2957,sa0,,,2.3437500000e-01
g1861_g2957_A,sa1,,,2.3437500000e-01
g3559,sa1,1,1,5.0000000000e-01
g2603,sa0,,,5.0000000000e-01
II3733,sa1,,,5.0000000000e-01
g2031,sa0,,,5.0000000000e-01
II3140,sa1,,,5.0000000000e-01
g1317,sa0,,,5.0000000000e-01
II2306,sa1,,,5.0000000000e-01
g896,sa0,,,5.0000000000e-01
g22,sa1,,,5.0000000000e-01
g1887,sa0,0,1,0.0000000000e+00
II2982,sa1,,,0.0000000000e+00
g1426_II2982_A,sa0,,,0.0000000000e+00
g1985,sa1,30,0,9.3213259333e-10
II3096,sa0,,,9.3213259333e-10
g1439_II3096_A,sa1,,,9.3213259333e-10
g1994,sa1,30,0,9.3213259333e-10
II3105,sa0,,,9.3213259333e-10
g1439_II3105_A,sa1,,,9.3213259333e-10
g2849,sa1,2,1,2.9296875000e-03
g2577_g2849_A,sa0,,,2.9296875000e-03
g2868,sa0,20,1,2.2705078125e-01
g1316,sa0,,,2.2705078125e-01
II2300,sa0,,,2.2705078125e-01
g830_II2300_A,sa0,,,2.2705078125e-01
II2299_II2300_B,sa0,,,2.2705078125e-01
II2301,sa0,,,2.2705078125e-01
g341_II2301_A,sa0,,,2.2705078125e-01
II2299_II2301_B,sa0,,,2.2705078125e-01
g1861_g2868_B,sa0,,,2.2705078125e-01
g1887,sa1,0,1,0.0000000000e+00
II2982,sa0,,,0.0000000000e+00
g1426_II2982_A,sa1,,,0.0000000000e+00
g1969,sa0,30,0,1.0795593407e-03
II3080,sa1,,,1.0795593407e-03
g1519_II3080_A,sa0,,,1.0795593407e-03
g2968,sa0,30,0,6.9343244036e-08
g2179_g2968_A,sa1,,,6.9343244036e-08
g3499,sa0,4,1,2.3437500000e-01
g357_g3499_A,sa0,,,2.3437500000e-01
g2961,sa0,,,2.3437500000e-01
g1861_g2961_A,sa1,,,2.3437500000e-01
g3589,sa0,1,1,5.0000000000e-01
g3094,sa1,,,5.0000000000e-01
II4337,sa0,,,5.0000000000e-01
g1934,sa1,,,5.0000000000e-01
II3037,sa0,,,5.0000000000e-01
g1769,sa1,,,5.0000000000e-01
II2802,sa0,,,5.0000000000e-01
g1204,sa1,,,5.0000000000e-01
g39,sa0,,,5.0000000000e-01
g3598,sa0,60,0,3.9568901062e-02
g3267_II5207_A,sa1,30,0,9.1552734375e-04
g3541_II6661_A,sa1,30,0,9.1552734375e-04
g2599,sa1,3,1,1.6098022461e-02
II3729,sa0,,,1.6098022461e-02
g2436,sa1,,,1.6098022461e-02
II3569,sa0,,,1.6098022461e-02
g1789,sa1,,,1.6098022461e-02
II2839,sa0,,,1.6098022461e-02
g1123_II2839_A,sa1,,,1.6098022461e-02
g2986,sa1,30,0,2.6775866791e-02
g2010_g2986_A,sa0,,,2.6775866791e-02
g3267_II5208_A,sa1,30,0,9.1552734375e-04
g3259_II5226_A,sa1,30,0,2.1209716797e-03
g3714_II5257_A,sa1,30,0,2.1209716797e-03
g3710_II5269_B,sa1,30,0,2.1209716797e-03
g2998,sa0,3,1,1.6098022461e-02
II4195,sa1,,,1.6098022461e-02
g2173,sa0,,,1.6098022461e-02
II3310,sa1,,,1.6098022461e-02
g1640,sa0,,,1.6098022461e-02
II2601,sa1,,,1.6098022461e-02
g1161_II2601_A,sa0,,,1.6098022461e-02
g3259_II5227_A,sa1,30,0,1.8196105957e-03
g3714_II5258_A,sa1,30,0,1.8196105957e-03
g2998,sa1,3,1,1.6098022461e-02
II4195,sa0,,,1.6098022461e-02
g2173,sa1,,,1.6098022461e-02
II3310,sa0,,,1.6098022461e-02
g1640,sa1,,,1.6098022461e-02
II2601,sa0,,,1.6098022461e-02
g1161_II2601_A,sa1,,,1.6098022461e-02
g2853_II4545_A,sa1,16,1,2.1972656250e-01
g2909_II4526_A,sa1,5,1,2.4218750000e-01
g2853_II4546_A,sa1,16,1,2.1972656250e-01
g3571_II5195_B,sa1,30,0,9.1552734375e-04
g3705_II5269_A,sa1,30,0,2.1209716797e-03
g2909_II4527_A,sa1,5,1,2.4218750000e-01
g3571_II5197_A,sa1,30,0,9.1552734375e-04
g3503_II5759_B,sa1,7,1,4.2968750000e-02
g3719_II5257_B,sa1,30,0,2.1209716797e-03
g3541_II6659_B,sa1,30,0,9.1552734375e-04
g3598_II9050_B,sa1,30,0,3.0288696289e-02
g2846_II4782_A,sa1,5,1,2.4218750000e-01
g3567_II5195_A,sa1,30,0,9.1552734375e-04
g3719_II5259_A,sa1,30,0,1.8196105957e-03
g3598_II9052_A,sa1,30,0,1.5514373779e-02
g2846_II4783_A,sa1,5,1,2.4218750000e-01
g3593_II5187_B,sa1,30,0,9.1552734375e-04
g3567_II5196_A,sa1,30,0,9.1552734375e-04
g3541_II6499_B,sa1,30,0,1.6495968327e-03
g3593_II5189_A,sa1,30,0,9.1552734375e-04
g3589_II5187_A,sa1,30,0,9.1552734375e-04
g3589_II5188_A,sa1,30,0,9.1552734375e-04
II4210_II4211_B,sa1,0,1,0.0000000000e+00
II4210_II4212_B,sa1,0,1,0.0000000000e+00
II4008_II4010_B,sa1,30,0,2.2643206754e-11
II4203_II4204_B,sa1,3,1,6.8359375000e-03
II4203_II4205_B,sa1,3,1,6.8359375000e-03
II2507,sa1,30,0,3.1494140625e-02
II4150_II4151_B,sa1,4,1,2.9296875000e-02
II2508,sa1,30,0,2.6611328125e-02
II4150_II4152_B,sa1,4,1,2.9296875000e-02
II3914,sa0,30,0,1.7287005161e-11
g287_II3914_A,sa0,,,1.7287005161e-11
g2449_II3914_B,sa0,,,1.7287005161e-11
II3914,sa1,30,0,1.7468165803e-11
II3933,sa0,30,0,1.7287005161e-11
g288_II3933_A,sa0,,,1.7287005161e-11
g2473_II3933_B,sa0,,,1.7287005161e-11
II3933,sa1,30,0,1.7468165803e-11
II3952,sa0,30,0,1.7287005161e-11
g289_II3952_A,sa0,,,1.7287005161e-11
g2497_II3952_B,sa0,,,1.7287005161e-11
II3970,sa0,30,0,1.7287005161e-11
g290_II3970_A,sa0,,,1.7287005161e-11
g2518_II3970_B,sa0,,,1.7287005161e-11
II4008_II4009_B,sa1,30,0,2.2643206754e-11
II4233_II4234_B,sa1,3,1,6.8359375000e-03
II3952,sa1,30,0,1.7468165803e-11
II3970,sa1,30,0,1.7468165803e-11
II4233_II4235_B,sa1,3,1,6.8359375000e-03
II3846,sa0,30,0,1.7287005161e-11
g284_II3846_A,sa0,,,1.7287005161e-11
g2370_II3846_B,sa0,,,1.7287005161e-11
II3846,sa1,30,0,1.7468165803e-11
II3874,sa0,30,0,1.7287005161e-11
g285_II3874_A,sa0,,,1.7287005161e-11
g2397_II3874_B,sa0,,,1.7287005161e-11
II3874,sa1,30,0,1.7468165803e-11
II3893,sa0,30,0,1.7287005161e-11
g286_II3893_A,sa0,,,1.7287005161e-11
g2422_II3893_B,sa0,,,1.7287005161e-11
II2498,sa1,30,0,3.1738281250e-02
II3893,sa1,30,0,1.7468165803e-11
II4159_II4160_B,sa1,1,1,1.5625000000e-02
II2499,sa1,30,0,3.1738281250e-02
g2410_g3133_B,sa1,30,0,1.8462538719e-05
II4159_II4161_B,sa1,1,1,1.5625000000e-02
II4182_II4183_B,sa1,0,1,0.0000000000e+00
II4182_II4184_B,sa1,0,1,0.0000000000e+00
II4444_II4445_B,sa1,1,1,1.5625000000e-02
II3988,sa0,30,0,1.7287005161e-11
g291_II3988_A,sa0,,,1.7287005161e-11
g2544_II3988_B,sa0,,,1.7287005161e-11
g2001_g2807_B,sa1,30,0,7.0097714498e-04
g2353_g3103_B,sa1,30,0,3.6390870810e-04
II4444_II4446_B,sa1,1,1,1.5625000000e-02
II3988,sa1,30,0,1.7468165803e-11
g2413_g3134_B,sa1,30,0,3.7034600973e-04
g2312_g3613_B,sa1,0,1,0.0000000000e+00
g2440_g3144_B,sa1,30,0,3.6607682705e-04
II3739_II3740_B,sa1,4,1,2.9296875000e-02
g2364_g3113_B,sa1,30,0,1.8931925297e-05
g2004_g3383_B,sa1,30,0,1.4648688957e-03
g2320_g3625_B,sa1,0,1,0.0000000000e+00
II3739_II3741_B,sa1,4,1,2.9296875000e-02
g2391_g3123_B,sa1,30,0,1.8931925297e-05
g2470_g3161_B,sa1,30,0,2.6030018455e-04
g2512_g3182_B,sa1,0,1,0.0000000000e+00
g2324_g3631_B,sa1,0,1,0.0000000000e+00
g2416_g3135_B,sa1,30,0,2.6030018455e-04
g2506_g3180_B,sa1,30,0,2.6229768991e-05
g2333_g3641_B,sa1,0,1,0.0000000000e+00
g1922_g2721_B,sa1,0,1,0.0000000000e+00
g2443_g3145_B,sa1,30,0,2.6030018455e-04
g2565_g3203_B,sa1,0,1,0.0000000000e+00
g1931_g3351_B,sa1,30,0,1.4648688957e-03
g3491_g5060_A,sa0,30,0,3.6621093750e-03
g1908_g2700_B,sa1,0,1,0.0000000000e+00
g2437_g3143_B,sa1,30,0,1.8462538719e-05
g2461_g3155_B,sa1,30,0,1.8931925297e-05
g1911_g3336_B,sa1,30,0,1.7090076581e-03
g2842_g3621_B,sa0,0,1,0.0000000000e+00
g1940_g2732_B,sa1,0,1,0.0000000000e+00
g2535_g3190_B,sa1,30,0,3.5440921783e-04
g1950_g3361_B,sa1,30,0,2.4414286017e-03
g2850_g3434_A,sa1,30,0,6.8867206573e-04
g2405_g3671_B,sa1,0,1,0.0000000000e+00
g2430_g3682_B,sa1,0,1,0.0000000000e+00
g2491_g3172_B,sa1,30,0,2.6505559059e-04
g2509_g3181_B,sa1,30,0,3.7573277950e-04
g3546_g3910_A,sa1,1,1,2.5000000000e-01
g2367_g3117_B,sa1,30,0,3.6390870810e-04
g2446_g3146_B,sa1,30,0,2.6030018455e-04
g2485_g3170_B,sa1,30,0,1.8931925297e-05
g2541_g3195_B,sa1,0,1,0.0000000000e+00
g2846_g3421_B,sa1,10,1,2.4218750000e-01
g2308_g3608_B,sa1,0,1,0.0000000000e+00
g2317_g3617_B,sa1,0,1,0.0000000000e+00
g2347_g3650_B,sa1,0,1,0.0000000000e+00
g1919_g2720_B,sa1,0,1,0.0000000000e+00
g2350_g3099_B,sa1,30,0,1.8864870071e-05
g2394_g3127_B,sa1,30,0,3.7034600973e-04
g2464_g3156_B,sa1,30,0,3.7251412868e-04
g2515_g3186_B,sa1,30,0,2.6505559059e-04
g1928_g3350_B,sa1,30,0,1.4648679644e-03
g1943_g2733_B,sa1,0,1,0.0000000000e+00
g2538_g3191_B,sa1,0,1,0.0000000000e+00
g2909_g3522_B,sa1,10,1,2.4218750000e-01
g2327_g3636_B,sa1,0,1,0.0000000000e+00
g1875_g3315_B,sa1,30,0,1.7090076581e-03
g1891_g3326_B,sa1,30,0,1.7090076581e-03
g1914_g3339_B,sa1,30,0,1.4648688957e-03
g1947_g3360_B,sa1,30,0,2.4414286017e-03
g2343_g3648_B,sa1,0,1,0.0000000000e+00
g3491_g5048_B,sa0,30,0,7.3242187500e-03
g3546_g3814_B,sa1,1,1,2.5000000000e-01
g2336_g3089_B,sa1,30,0,1.8864870071e-05
g2488_g3171_B,sa1,30,0,3.6875903606e-04
g2842_g3358_A,sa1,3,1,4.0625000000e-01
g2937_g3551_A,sa1,30,0,1.3359636068e-04
g3384_g3806_A,sa1,1,1,1.5625000000e-02
g1972_g2770_B,sa1,30,0,1.8633201648e-09
g2467_g3157_B,sa1,30,0,2.6505559059e-04
g1960_g3367_B,sa1,30,0,1.7090076581e-03
g2853_g3437_B,sa1,30,0,2.1362304688e-01
g2361_g3659_B,sa1,0,1,0.0000000000e+00
g2981_g3532_D,sa1,30,0,3.9298868160e-08
g2494_g3176_B,sa1,30,0,2.6505559059e-04
g1925_g3349_B,sa1,30,0,1.4648679644e-03
g2968_g3511_D,sa1,30,0,3.4671622018e-08
g2968_g3520_D,sa1,30,0,7.0449189593e-08
g2850_g4739_A,sa1,18,1,3.4179687500e-03
g3559_g5227_B,sa0,30,0,2.2888183594e-04
g1954_g2746_B,sa1,30,0,1.8633201648e-09
g1982_g2781_B,sa1,30,0,1.8633201648e-09
g1894_g3328_B,sa1,30,0,2.4414286017e-03
g2357_g3657_B,sa1,0,1,0.0000000000e+00
g2981_g3526_D,sa1,30,0,6.8353187999e-08
g1975_g2771_B,sa1,30,0,4.6571955181e-09
g2981_g3518_D,sa1,30,0,3.4671622018e-08
g3559_g5048_C,sa0,30,0,7.3242187500e-03
g2378_g3665_B,sa1,0,1,0.0000000000e+00
g2481_g3697_B,sa1,0,1,0.0000000000e+00
g3491_g5388_C,sa0,30,0,3.5635355562e-04
g1905_g2699_B,sa1,0,1,0.0000000000e+00
g1963_g2758_B,sa1,30,0,1.8633201648e-09
g1991_g2793_B,sa1,30,0,7.0097714498e-04
g3384_g5909_B,sa1,1,1,7.8125000000e-03
g1957_g2747_B,sa1,0,1,0.0000000000e+00
g1985_g2782_B,sa1,30,0,4.6571955181e-09
g1969_g3374_B,sa1,30,0,2.4414286017e-03
g1998_g3381_B,sa1,30,0,1.7090076581e-03
g2981_g3539_D,sa1,30,0,6.8353187999e-08
g2457_g3688_B,sa1,0,1,0.0000000000e+00
g2968_g3535_D,sa1,30,0,7.0449189593e-08
g3559_g3992_B,sa0,30,0,6.6040039063e-02
g2916_g5686_D,sa1,30,0,3.3617019653e-05
g1887_g2685_B,sa1,0,1,0.0000000000e+00
g1966_g2759_B,sa1,30,0,4.6571955181e-09
g1994_g2794_B,sa1,30,0,4.6571955181e-09
g1979_g3376_B,sa1,30,0,1.7090076581e-03
g2968_g3529_D,sa1,30,0,3.7087239946e-08
g2937_g4787_A,sa1,18,1,8.5449218750e-04
g2897_g4680_D,sa1,30,0,5.3405761720e-05
g2916_g5688_D,sa1,30,0,2.7934074752e-06
g1988_g3379_B,sa1,30,0,1.4648688957e-03
g2897_g4674_D,sa1,30,0,1.0435581207e-03
g2897_g4678_A,sa1,30,0,1.8699169159e-03
g2897_g4669_D,sa1,30,0,8.0842971802e-03
g3200,sa0,30,0,2.4421410099e-04
II4437,sa1,,,2.4421410099e-04
g2108,sa0,,,2.4421410099e-04
II3232,sa1,,,2.4421410099e-04
g1782,sa0,,,2.4421410099e-04
II2828,sa1,,,2.4421410099e-04
g1193_II2828_A,sa0,,,2.4421410099e-04
g3200,sa1,30,0,2.4421410099e-04
II4437,sa0,,,2.4421410099e-04
g2108,sa1,,,2.4421410099e-04
II3232,sa0,,,2.4421410099e-04
g1782,sa1,,,2.4421410099e-04
II2828,sa0,,,2.4421410099e-04
g1193_II2828_A,sa1,,,2.4421410099e-04
g2112,sa1,2,1,2.5000000000e-01
II3240,sa0,,,2.5000000000e-01
g1460,sa1,,,2.5000000000e-01
II2457,sa0,,,2.5000000000e-01
g1253,sa1,,,2.5000000000e-01
g3031,sa0,3,1,1.6098022461e-02
II4246,sa1,,,1.6098022461e-02
g2194,sa0,,,1.6098022461e-02
II3331,sa1,,,1.6098022461e-02
g1631,sa0,,,1.6098022461e-02
II2588,sa1,,,1.6098022461e-02
g1193_II2588_A,sa0,,,1.6098022461e-02
g2032,sa0,30,0,2.2216804326e-02
g1749_g2032_A,sa1,,,2.2216804326e-02
g3031,sa1,3,1,1.6098022461e-02
II4246,sa0,,,1.6098022461e-02
g2194,sa1,,,1.6098022461e-02
II3331,sa0,,,1.6098022461e-02
g1631,sa1,,,1.6098022461e-02
II2588,sa0,,,1.6098022461e-02
g1193_II2588_A,sa1,,,1.6098022461e-02
g3104,sa0,30,0,1.0198665458e-02
II4351,sa1,,,1.0198665458e-02
g2233,sa0,,,1.0198665458e-02
II3364,sa1,,,1.0198665458e-02
g1648,sa0,,,1.0198665458e-02
II2623,sa1,,,1.0198665458e-02
g1161_II2623_A,sa0,,,1.0198665458e-02
g4021,sa1,8,1,4.6875000000e-01
g3558,sa1,,,4.6875000000e-01
g2949,sa1,,,4.6875000000e-01
g2311,sa1,15,1,2.1191406250e-01
g3212,sa0,30,0,2.4422522296e-04
II4455,sa1,,,2.4422522296e-04
g2118,sa0,,,2.4422522296e-04
II3247,sa1,,,2.4422522296e-04
g1791,sa0,,,2.4422522296e-04
II2845,sa1,,,2.4422522296e-04
g1193_II2845_A,sa0,,,2.4422522296e-04
g2032,sa1,30,0,7.3242764920e-03
g1749_g2032_A,sa0,,,7.3242764920e-03
g3104,sa1,30,0,1.0197241846e-02
II4351,sa0,,,1.0197241846e-02
g2233,sa1,,,1.0197241846e-02
II3364,sa0,,,1.0197241846e-02
g1648,sa1,,,1.0197241846e-02
II2623,sa0,,,1.0197241846e-02
g1161_II2623_A,sa1,,,1.0197241846e-02
g3150,sa0,30,0,1.1162839532e-02
II4391,sa1,,,1.1162839532e-02
g2275,sa0,,,1.1162839532e-02
II3422,sa1,,,1.1162839532e-02
g1641,sa0,,,1.1162839532e-02
II2604,sa1,,,1.1162839532e-02
g1222_II2604_A,sa0,,,1.1162839532e-02
g3204,sa0,30,0,2.4422522296e-04
II4441,sa1,,,2.4422522296e-04
g2109,sa0,,,2.4422522296e-04
II3235,sa1,,,2.4422522296e-04
g1807,sa0,,,2.4422522296e-04
II2860,sa1,,,2.4422522296e-04
g1177_II2860_A,sa0,,,2.4422522296e-04
g3212,sa1,30,0,2.4422522296e-04
II4455,sa0,,,2.4422522296e-04
g2118,sa1,,,2.4422522296e-04
II3247,sa0,,,2.4422522296e-04
g1791,sa1,,,2.4422522296e-04
II2845,sa0,,,2.4422522296e-04
g1193_II2845_A,sa1,,,2.4422522296e-04
g2701,sa0,30,0,9.7232521570e-03
II3855,sa1,,,9.7232521570e-03
g2550,sa0,,,9.7232521570e-03
II3665,sa1,,,9.7232521570e-03
g1824,sa0,,,9.7232521570e-03
II2890,sa1,,,9.7232521570e-03
g1123_II2890_A,sa0,,,9.7232521570e-03
g3150,sa1,30,0,7.3061454005e-03
II4391,sa0,,,7.3061454005e-03
g2275,sa1,,,7.3061454005e-03
II3422,sa0,,,7.3061454005e-03
g1641,sa1,,,7.3061454005e-03
II2604,sa0,,,7.3061454005e-03
g1222_II2604_A,sa1,,,7.3061454005e-03
g3016,sa0,3,1,1.6098022461e-02
II4223,sa1,,,1.6098022461e-02
g2176,sa0,,,1.6098022461e-02
II3319,sa1,,,1.6098022461e-02
g1636,sa0,,,1.6098022461e-02
II2593,sa1,,,1.6098022461e-02
g1177_II2593_A,sa0,,,1.6098022461e-02
g3043,sa0,3,1,1.6098022461e-02
II4264,sa1,,,1.6098022461e-02
g2212,sa0,,,1.6098022461e-02
II3343,sa1,,,1.6098022461e-02
g1623,sa0,,,1.6098022461e-02
II2578,sa1,,,1.6098022461e-02
g1209_II2578_A,sa0,,,1.6098022461e-02
g3204,sa1,30,0,2.4428188124e-04
II4441,sa0,,,2.4428188124e-04
g2109,sa1,,,2.4428188124e-04
II3235,sa0,,,2.4428188124e-04
g1807,sa1,,,2.4428188124e-04
II2860,sa0,,,2.4428188124e-04
g1177_II2860_A,sa1,,,2.4428188124e-04
g2080,sa0,12,1,2.1875000000e-01
II3189,sa0,,,2.1875000000e-01
g1716_II3189_A,sa0,,,2.1875000000e-01
II3188_II3189_B,sa0,,,2.1875000000e-01
II3190,sa0,,,2.1875000000e-01
g791_II3190_A,sa0,,,2.1875000000e-01
II3188_II3190_B,sa0,,,2.1875000000e-01
g2612,sa0,30,0,9.5214843750e-03
II3752,sa1,,,9.5214843750e-03
g2044_II3752_A,sa0,,,9.5214843750e-03
g2701,sa1,30,0,1.4053459847e-02
II3855,sa0,,,1.4053459847e-02
g2550,sa1,,,1.4053459847e-02
II3665,sa0,,,1.4053459847e-02
g1824,sa1,,,1.4053459847e-02
II2890,sa0,,,1.4053459847e-02
g1123_II2890_A,sa1,,,1.4053459847e-02
g3016,sa1,3,1,1.6098022461e-02
II4223,sa0,,,1.6098022461e-02
g2176,sa1,,,1.6098022461e-02
II3319,sa0,,,1.6098022461e-02
g1636,sa1,,,1.6098022461e-02
II2593,sa0,,,1.6098022461e-02
g1177_II2593_A,sa1,,,1.6098022461e-02
g3043,sa1,3,1,1.6098022461e-02
II4264,sa0,,,1.6098022461e-02
g2212,sa1,,,1.6098022461e-02
II3343,sa0,,,1.6098022461e-02
g1623,sa1,,,1.6098022461e-02
II2578,sa0,,,1.6098022461e-02
g1209_II2578_A,sa1,,,1.6098022461e-02
g2036,sa0,30,0,6.8359766155e-03
g1764_g2036_A,sa1,,,6.8359766155e-03
g3512,sa0,30,0,1.0644596443e-01
g2928_g3512_A,sa0,,,1.0644596443e-01
g1764_g3512_B,sa0,,,1.0644596443e-01
g2612,sa1,30,0,9.5214843750e-03
II3752,sa0,,,9.5214843750e-03
g2044_II3752_A,sa1,,,9.5214843750e-03
g2622,sa0,30,0,9.5214843750e-03
II3764,sa1,,,9.5214843750e-03
g2044_II3764_A,sa0,,,9.5214843750e-03
g2631,sa0,3,1,1.6098022461e-02
II3773,sa1,,,1.6098022461e-02
g2524,sa0,,,1.6098022461e-02
II3647,sa1,,,1.6098022461e-02
g1747,sa0,,,1.6098022461e-02
II2760,sa1,,,1.6098022461e-02
g1193_II2760_A,sa0,,,1.6098022461e-02
g3054,sa0,3,1,1.6098022461e-02
II4279,sa1,,,1.6098022461e-02
g2230,sa0,,,1.6098022461e-02
II3355,sa1,,,1.6098022461e-02
g1608,sa0,,,1.6098022461e-02
II2570,sa1,,,1.6098022461e-02
g1222_II2570_A,sa0,,,1.6098022461e-02
g3162,sa0,30,0,1.2127013563e-02
II4402,sa1,,,1.2127013563e-02
g2283,sa0,,,1.2127013563e-02
II3428,sa1,,,1.2127013563e-02
g1825,sa0,,,1.2127013563e-02
II2893,sa1,,,1.2127013563e-02
g1236_II2893_A,sa0,,,1.2127013563e-02
g2604,sa0,3,1,1.6098022461e-02
II3736,sa1,,,1.6098022461e-02
g2460,sa0,,,1.6098022461e-02
II3590,sa1,,,1.6098022461e-02
g1781,sa0,,,1.6098022461e-02
II2825,sa1,,,1.6098022461e-02
g1143_II2825_A,sa0,,,1.6098022461e-02
g3630,sa0,1,1,3.1250000000e-02
g3167_g3630_A,sa0,,,3.1250000000e-02
g1756_g3630_B,sa0,,,3.1250000000e-02
g3216,sa0,30,0,2.4421410099e-04
II4459,sa1,,,2.4421410099e-04
g2134,sa0,,,2.4421410099e-04
II3258,sa1,,,2.4421410099e-04
g1760,sa0,,,2.4421410099e-04
II2785,sa1,,,2.4421410099e-04
g1222_II2785_A,sa0,,,2.4421410099e-04
g2036,sa1,30,0,1.5869144350e-02
g1764_g2036_A,sa0,,,1.5869144350e-02
g3512,sa1,60,0,3.8087461144e-02
g2622,sa1,30,0,9.5214843750e-03
II3764,sa0,,,9.5214843750e-03
g2044_II3764_A,sa1,,,9.5214843750e-03
g2650,sa0,30,0,9.5214843750e-03
II3794,sa1,,,9.5214843750e-03
g2044_II3794_A,sa0,,,9.5214843750e-03
g2740,sa0,30,0,9.5214843750e-03
II3909,sa1,,,9.5214843750e-03
g2044_II3909_A,sa0,,,9.5214843750e-03
g2631,sa1,3,1,1.6098022461e-02
II3773,sa0,,,1.6098022461e-02
g2524,sa1,,,1.6098022461e-02
II3647,sa0,,,1.6098022461e-02
g1747,sa1,,,1.6098022461e-02
II2760,sa0,,,1.6098022461e-02
g1193_II2760_A,sa1,,,1.6098022461e-02
g3054,sa1,3,1,1.6098022461e-02
II4279,sa0,,,1.6098022461e-02
g2230,sa1,,,1.6098022461e-02
II3355,sa0,,,1.6098022461e-02
g1608,sa1,,,1.6098022461e-02
II2570,sa0,,,1.6098022461e-02
g1222_II2570_A,sa1,,,1.6098022461e-02
g2722,sa0,30,0,1.2127013570e-02
II3883,sa1,,,1.2127013570e-02
g2574,sa0,,,1.2127013570e-02
II3681,sa1,,,1.2127013570e-02
g1821,sa0,,,1.2127013570e-02
II2883,sa1,,,1.2127013570e-02
g1143_II2883_A,sa0,,,1.2127013570e-02
g3118,sa0,30,0,1.1162848669e-02
II4366,sa1,,,1.1162848669e-02
g2244,sa0,,,1.1162848669e-02
II3379,sa1,,,1.1162848669e-02
g1647,sa0,,,1.1162848669e-02
II2620,sa1,,,1.1162848669e-02
g1177_II2620_A,sa0,,,1.1162848669e-02
g3136,sa0,30,0,7.3061453623e-03
II4382,sa1,,,7.3061453623e-03
g2265,sa0,,,7.3061453623e-03
II3408,sa1,,,7.3061453623e-03
g1644,sa0,,,7.3061453623e-03
II2611,sa1,,,7.3061453623e-03
g1209_II2611_A,sa0,,,7.3061453623e-03
g3162,sa1,30,0,1.1162839528e-02
II4402,sa0,,,1.1162839528e-02
g2283,sa1,,,1.1162839528e-02
II3428,sa0,,,1.1162839528e-02
g1825,sa1,,,1.1162839528e-02
II2893,sa0,,,1.1162839528e-02
g1236_II2893_A,sa1,,,1.1162839528e-02
g2604,sa1,3,1,1.6098022461e-02
II3736,sa0,,,1.6098022461e-02
g2460,sa1,,,1.6098022461e-02
II3590,sa0,,,1.6098022461e-02
g1781,sa1,,,1.6098022461e-02
II2825,sa0,,,1.6098022461e-02
g1143_II2825_A,sa1,,,1.6098022461e-02
g3064,sa0,3,1,1.6098022461e-02
II4291,sa1,,,1.6098022461e-02
g2241,sa0,,,1.6098022461e-02
II3370,sa1,,,1.6098022461e-02
g1805,sa0,,,1.6098022461e-02
II2854,sa1,,,1.6098022461e-02
g1236_II2854_A,sa0,,,1.6098022461e-02
g3154,sa0,30,0,4.8427875043e-08
g2039,sa0,,,4.8427875043e-08
II3148,sa1,,,4.8427875043e-08
g1595_II3148_A,sa0,,,4.8427875043e-08
g1410,sa0,,,4.8427875043e-08
g1233_g1410_A,sa1,,,4.8427875043e-08
g2307,sa1,15,1,2.1191406250e-01
g3216,sa1,30,0,2.4427267581e-04
II4459,sa0,,,2.4427267581e-04
g2134,sa1,,,2.4427267581e-04
II3258,sa0,,,2.4427267581e-04
g1760,sa1,,,2.4427267581e-04
II2785,sa0,,,2.4427267581e-04
g1222_II2785_A,sa1,,,2.4427267581e-04
g3505,sa0,30,0,8.9844219387e-02
g2924_g3505_A,sa0,,,8.9844219387e-02
g1749_g3505_B,sa0,,,8.9844219387e-02
g2029,sa1,2,1,2.5000000000e-01
II3134,sa0,,,2.5000000000e-01
g1336,sa1,,,2.5000000000e-01
II2361,sa0,,,2.5000000000e-01
g1075,sa1,,,2.5000000000e-01
g2263,sa1,12,1,2.3437500000e-01
g2650,sa1,30,0,9.5214843750e-03
II3794,sa0,,,9.5214843750e-03
g2044_II3794_A,sa1,,,9.5214843750e-03
g2740,sa1,30,0,9.5214843750e-03
II3909,sa0,,,9.5214843750e-03
g2044_II3909_A,sa1,,,9.5214843750e-03
g2822,sa0,30,0,1.2127013564e-02
II4031,sa1,,,1.2127013564e-02
g1846,sa0,,,1.2127013564e-02
II2940,sa1,,,1.2127013564e-02
g1653,sa0,,,1.2127013564e-02
II2630,sa1,,,1.2127013564e-02
g1143_II2630_A,sa0,,,1.2127013564e-02
g2722,sa1,30,0,1.0198667289e-02
II3883,sa0,,,1.0198667289e-02
g2574,sa1,,,1.0198667289e-02
II3681,sa0,,,1.0198667289e-02
g1821,sa1,,,1.0198667289e-02
II2883,sa0,,,1.0198667289e-02
g1143_II2883_A,sa1,,,1.0198667289e-02
g2660,sa0,3,1,1.6098022461e-02
II3804,sa1,,,1.6098022461e-02
g2575,sa0,,,1.6098022461e-02
II3684,sa1,,,1.6098022461e-02
g1733,sa0,,,1.6098022461e-02
II2741,sa1,,,1.6098022461e-02
g1222_II2741_A,sa0,,,1.6098022461e-02
g3118,sa1,30,0,1.0197241846e-02
II4366,sa0,,,1.0197241846e-02
g2244,sa1,,,1.0197241846e-02
II3379,sa0,,,1.0197241846e-02
g1647,sa1,,,1.0197241846e-02
II2620,sa0,,,1.0197241846e-02
g1177_II2620_A,sa1,,,1.0197241846e-02
g3128,sa0,30,0,7.3061453623e-03
II4375,sa1,,,7.3061453623e-03
g2254,sa0,,,7.3061453623e-03
II3391,sa1,,,7.3061453623e-03
g1646,sa0,,,7.3061453623e-03
II2617,sa1,,,7.3061453623e-03
g1193_II2617_A,sa0,,,7.3061453623e-03
g3136,sa1,30,0,1.0197241846e-02
II4382,sa0,,,1.0197241846e-02
g2265,sa1,,,1.0197241846e-02
II3408,sa0,,,1.0197241846e-02
g1644,sa1,,,1.0197241846e-02
II2611,sa0,,,1.0197241846e-02
g1209_II2611_A,sa1,,,1.0197241846e-02
g3064,sa1,3,1,1.6098022461e-02
II4291,sa0,,,1.6098022461e-02
g2241,sa1,,,1.6098022461e-02
II3370,sa0,,,1.6098022461e-02
g1805,sa1,,,1.6098022461e-02
II2854,sa0,,,1.6098022461e-02
g1236_II2854_A,sa1,,,1.6098022461e-02
g3424,sa1,30,0,9.6855750087e-08
II4671,sa0,,,9.6855750087e-08
g2928_II4671_A,sa1,,,9.6855750087e-08
g3173,sa0,30,0,2.4421410099e-04
II4410,sa1,,,2.4421410099e-04
g2088,sa0,,,2.4421410099e-04
II3202,sa1,,,2.4421410099e-04
g1812,sa0,,,2.4421410099e-04
II2867,sa1,,,2.4421410099e-04
g1143_II2867_A,sa0,,,2.4421410099e-04
g3209,sa0,30,0,2.4421410099e-04
II4452,sa1,,,2.4421410099e-04
g2117,sa0,,,2.4421410099e-04
II3244,sa1,,,2.4421410099e-04
g1772,sa0,,,2.4421410099e-04
II2811,sa1,,,2.4421410099e-04
g1209_II2811_A,sa0,,,2.4421410099e-04
g3433,sa1,90,0,1.3731479645e-02
g3505,sa1,60,0,3.8087461144e-02
g3425,sa0,30,0,2.0799040794e-02
g2296_g3425_A,sa0,,,2.0799040794e-02
g3208,sa0,,,2.0799040794e-02
g895,sa0,,,2.0799040794e-02
g139_g895_A,sa1,,,2.0799040794e-02
g2551_g3208_B,sa0,,,2.0799040794e-02
g2634,sa0,30,0,9.5214843750e-03
II3776,sa1,,,9.5214843750e-03
g2044_II3776_A,sa0,,,9.5214843750e-03
g2822,sa1,30,0,1.0198667362e-02
II4031,sa0,,,1.0198667362e-02
g1846,sa1,,,1.0198667362e-02
II2940,sa0,,,1.0198667362e-02
g1653,sa1,,,1.0198667362e-02
II2630,sa0,,,1.0198667362e-02
g1143_II2630_A,sa1,,,1.0198667362e-02
g2660,sa1,3,1,1.6098022461e-02
II3804,sa0,,,1.6098022461e-02
g2575,sa1,,,1.6098022461e-02
II3684,sa0,,,1.6098022461e-02
g1733,sa1,,,1.6098022461e-02
II2741,sa0,,,1.6098022461e-02
g1222_II2741_A,sa1,,,1.6098022461e-02
g3128,sa1,30,0,1.0197241846e-02
II4375,sa0,,,1.0197241846e-02
g2254,sa1,,,1.0197241846e-02
II3391,sa0,,,1.0197241846e-02
g1646,sa1,,,1.0197241846e-02
II2617,sa0,,,1.0197241846e-02
g1193_II2617_A,sa1,,,1.0197241846e-02
g2760,sa0,30,0,9.7165829979e-03
II3942,sa1,,,9.7165829979e-03
g1833,sa0,,,9.7165829979e-03
II2913,sa1,,,9.7165829979e-03
g1792,sa0,,,9.7165829979e-03
II2848,sa1,,,9.7165829979e-03
g1193_II2848_A,sa0,,,9.7165829979e-03
g2706,sa0,3,1,1.6098022461e-02
II3861,sa1,,,1.6098022461e-02
g1834,sa0,,,1.6098022461e-02
II2916,sa1,,,1.6098022461e-02
g1643,sa0,,,1.6098022461e-02
II2608,sa1,,,1.6098022461e-02
g1143_II2608_A,sa0,,,1.6098022461e-02
g3147,sa0,30,0,3.1706877053e-05
g2419_g3147_A,sa0,,,3.1706877053e-05
g59_g3147_B,sa0,,,3.1706877053e-05
g3173,sa1,30,0,2.4421410099e-04
II4410,sa0,,,2.4421410099e-04
g2088,sa1,,,2.4421410099e-04
II3202,sa0,,,2.4421410099e-04
g1812,sa1,,,2.4421410099e-04
II2867,sa0,,,2.4421410099e-04
g1143_II2867_A,sa1,,,2.4421410099e-04
g3183,sa0,30,0,2.4423645273e-04
II4420,sa1,,,2.4423645273e-04
g2096,sa0,,,2.4423645273e-04
II3212,sa1,,,2.4423645273e-04
g1806,sa0,,,2.4423645273e-04
II2857,sa1,,,2.4423645273e-04
g1161_II2857_A,sa0,,,2.4423645273e-04
g3192,sa0,30,0,2.4421410099e-04
II4429,sa1,,,2.4421410099e-04
g2102,sa0,,,2.4421410099e-04
II3222,sa1,,,2.4421410099e-04
g1790,sa0,,,2.4421410099e-04
II2842,sa1,,,2.4421410099e-04
g1177_II2842_A,sa0,,,2.4421410099e-04
g3209,sa1,30,0,2.4421410099e-04
II4452,sa0,,,2.4421410099e-04
g2117,sa1,,,2.4421410099e-04
II3244,sa0,,,2.4421410099e-04
g1772,sa1,,,2.4421410099e-04
II2811,sa0,,,2.4421410099e-04
g1209_II2811_A,sa1,,,2.4421410099e-04
g3219,sa0,30,0,2.4422522296e-04
II4462,sa1,,,2.4422522296e-04
g2135,sa0,,,2.4422522296e-04
II3261,sa1,,,2.4422522296e-04
g1783,sa0,,,2.4422522296e-04
II2831,sa1,,,2.4422522296e-04
g1209_II2831_A,sa0,,,2.4422522296e-04
g2067,sa0,12,1,2.1875000000e-01
II3178,sa0,,,2.1875000000e-01
g1706_II3178_A,sa0,,,2.1875000000e-01
II3177_II3178_B,sa0,,,2.1875000000e-01
II3179,sa0,,,2.1875000000e-01
g736_II3179_A,sa0,,,2.1875000000e-01
II3177_II3179_B,sa0,,,2.1875000000e-01
g3425,sa1,47,0,2.7218627930e-01
g3380,sa1,30,0,2.4497509003e-04
g2831_g3380_A,sa0,,,2.4497509003e-04
g2634,sa1,30,0,9.5214843750e-03
II3776,sa0,,,9.5214843750e-03
g2044_II3776_A,sa1,,,9.5214843750e-03
g2734,sa0,30,0,9.2344933566e-03
II3902,sa1,,,9.2344933566e-03
g2576,sa0,,,9.2344933566e-03
II3687,sa1,,,9.2344933566e-03
g1814,sa0,,,9.2344933566e-03
II2873,sa1,,,9.2344933566e-03
g1161_II2873_A,sa0,,,9.2344933566e-03
g2760,sa1,30,0,1.2127013568e-02
II3942,sa0,,,1.2127013568e-02
g1833,sa1,,,1.2127013568e-02
II2913,sa0,,,1.2127013568e-02
g1792,sa1,,,1.2127013568e-02
II2848,sa0,,,1.2127013568e-02
g1193_II2848_A,sa1,,,1.2127013568e-02
g2644,sa0,3,1,1.6098022461e-02
II3788,sa1,,,1.6098022461e-02
g2554,sa0,,,1.6098022461e-02
II3669,sa1,,,1.6098022461e-02
g1739,sa0,,,1.6098022461e-02
II2749,sa1,,,1.6098022461e-02
g1209_II2749_A,sa0,,,1.6098022461e-02
g2706,sa1,3,1,1.6098022461e-02
II3861,sa0,,,1.6098022461e-02
g1834,sa1,,,1.6098022461e-02
II2916,sa0,,,1.6098022461e-02
g1643,sa1,,,1.6098022461e-02
II2608,sa0,,,1.6098022461e-02
g1143_II2608_A,sa1,,,1.6098022461e-02
g3166,sa0,30,0,4.8427875043e-08
g2042,sa0,,,4.8427875043e-08
II3155,sa1,,,4.8427875043e-08
g1612_II3155_A,sa0,,,4.8427875043e-08
g1233_g3166_B,sa0,,,4.8427875043e-08
g2941,sa0,30,0,2.5725364685e-04
g2166_g2941_A,sa0,,,2.5725364685e-04
g170_g2941_B,sa0,,,2.5725364685e-04
g3147,sa1,60,0,1.9663386047e-04
g3183,sa1,30,0,2.4422155157e-04
II4420,sa0,,,2.4422155157e-04
g2096,sa1,,,2.4422155157e-04
II3212,sa0,,,2.4422155157e-04
g1806,sa1,,,2.4422155157e-04
II2857,sa0,,,2.4422155157e-04
g1161_II2857_A,sa1,,,2.4422155157e-04
g3192,sa1,30,0,2.4427267581e-04
II4429,sa0,,,2.4427267581e-04
g2102,sa1,,,2.4427267581e-04
II3222,sa0,,,2.4427267581e-04
g1790,sa1,,,2.4427267581e-04
II2842,sa0,,,2.4427267581e-04
g1177_II2842_A,sa1,,,2.4427267581e-04
g3219,sa1,30,0,2.4422522296e-04
II4462,sa0,,,2.4422522296e-04
g2135,sa1,,,2.4422522296e-04
II3261,sa0,,,2.4422522296e-04
g1783,sa1,,,2.4422522296e-04
II2831,sa0,,,2.4422522296e-04
g1209_II2831_A,sa1,,,2.4422522296e-04
g2609,sa0,3,1,1.6098022461e-02
II3749,sa1,,,1.6098022461e-02
g2484,sa0,,,1.6098022461e-02
II3611,sa1,,,1.6098022461e-02
g1771,sa0,,,1.6098022461e-02
II2808,sa1,,,1.6098022461e-02
g1161_II2808_A,sa0,,,1.6098022461e-02
g2734,sa1,30,0,1.2127013564e-02
II3902,sa0,,,1.2127013564e-02
g2576,sa1,,,1.2127013564e-02
II3687,sa0,,,1.2127013564e-02
g1814,sa1,,,1.2127013564e-02
II2873,sa0,,,1.2127013564e-02
g1161_II2873_A,sa1,,,1.2127013564e-02
g2644,sa1,3,1,1.6098022461e-02
II3788,sa0,,,1.6098022461e-02
g2554,sa1,,,1.6098022461e-02
II3669,sa0,,,1.6098022461e-02
g1739,sa1,,,1.6098022461e-02
II2749,sa0,,,1.6098022461e-02
g1209_II2749_A,sa1,,,1.6098022461e-02
g2672,sa0,3,1,1.6098022461e-02
II3816,sa1,,,1.6098022461e-02
g2580,sa0,,,1.6098022461e-02
II3691,sa1,,,1.6098022461e-02
g1732,sa0,,,1.6098022461e-02
II2738,sa1,,,1.6098022461e-02
g1236_II2738_A,sa0,,,1.6098022461e-02
g2941,sa1,60,0,1.8761157990e-03
g3913,sa1,8,1,4.6875000000e-01
g3449,sa1,,,4.6875000000e-01
g2860,sa1,,,4.6875000000e-01
g2591,sa0,30,0,2.4422522296e-04
II3720,sa1,,,2.4422522296e-04
g2155,sa0,,,2.4422522296e-04
II3274,sa1,,,2.4422522296e-04
g1773,sa0,,,2.4422522296e-04
II2814,sa1,,,2.4422522296e-04
g1222_II2814_A,sa0,,,2.4422522296e-04
g3158,sa0,30,0,2.4421875760e-04
II4398,sa1,,,2.4421875760e-04
g2086,sa0,,,2.4421875760e-04
II3198,sa1,,,2.4421875760e-04
g1819,sa0,,,2.4421875760e-04
II2877,sa1,,,2.4421875760e-04
g1123_II2877_A,sa0,,,2.4421875760e-04
g3242_II5242_A,sa1,30,0,2.1209716797e-03
g2709,sa0,30,0,9.5214843750e-03
II3864,sa1,,,9.5214843750e-03
g2044_II3864_A,sa0,,,9.5214843750e-03
g2609,sa1,3,1,1.6098022461e-02
II3749,sa0,,,1.6098022461e-02
g2484,sa1,,,1.6098022461e-02
II3611,sa0,,,1.6098022461e-02
g1771,sa1,,,1.6098022461e-02
II2808,sa0,,,1.6098022461e-02
g1161_II2808_A,sa1,,,1.6098022461e-02
g2772,sa0,30,0,9.2345005528e-03
II3961,sa1,,,9.2345005528e-03
g1835,sa0,,,9.2345005528e-03
II2919,sa1,,,9.2345005528e-03
g1787,sa0,,,9.2345005528e-03
II2835,sa1,,,9.2345005528e-03
g1209_II2835_A,sa0,,,9.2345005528e-03
g2619,sa0,3,1,1.6098022461e-02
II3761,sa1,,,1.6098022461e-02
g2505,sa0,,,1.6098022461e-02
II3629,sa1,,,1.6098022461e-02
g1759,sa0,,,1.6098022461e-02
II2782,sa1,,,1.6098022461e-02
g1177_II2782_A,sa0,,,1.6098022461e-02
g2672,sa1,3,1,1.6098022461e-02
II3816,sa0,,,1.6098022461e-02
g2580,sa1,,,1.6098022461e-02
II3691,sa0,,,1.6098022461e-02
g1732,sa1,,,1.6098022461e-02
II2738,sa0,,,1.6098022461e-02
g1236_II2738_A,sa1,,,1.6098022461e-02
g3815,sa1,12,1,4.6875000000e-01
g3282,sa1,,,4.6875000000e-01
g2659,sa1,,,4.6875000000e-01
g2591,sa1,30,0,2.4428188124e-04
II3720,sa0,,,2.4428188124e-04
g2155,sa1,,,2.4428188124e-04
II3274,sa0,,,2.4428188124e-04
g1773,sa1,,,2.4428188124e-04
II2814,sa0,,,2.4428188124e-04
g1222_II2814_A,sa1,,,2.4428188124e-04
g3158,sa1,30,0,2.4422900215e-04
II4398,sa0,,,2.4422900215e-04
g2086,sa1,,,2.4422900215e-04
II3198,sa0,,,2.4422900215e-04
g1819,sa1,,,2.4422900215e-04
II2877,sa0,,,2.4422900215e-04
g1123_II2877_A,sa1,,,2.4422900215e-04
g3177,sa0,30,0,2.4421875760e-04
II4414,sa1,,,2.4421875760e-04
g2090,sa0,,,2.4421875760e-04
II3206,sa1,,,2.4421875760e-04
g1823,sa0,,,2.4421875760e-04
II2887,sa1,,,2.4421875760e-04
g1123_II2887_A,sa0,,,2.4421875760e-04
g3242_II5243_A,sa1,30,0,1.8196105957e-03
g3541_II6501_A,sa1,30,0,3.9071906358e-03
g2584,sa0,1,1,2.5000000000e-01
II3705,sa1,,,2.5000000000e-01
g2316,sa0,,,2.5000000000e-01
II3468,sa1,,,2.5000000000e-01
g1802_II3468_A,sa0,,,2.5000000000e-01
g1845,sa1,12,1,2.3437500000e-01
g2647,sa0,30,0,9.5214843750e-03
II3791,sa1,,,9.5214843750e-03
g2044_II3791_A,sa0,,,9.5214843750e-03
g2709,sa1,30,0,9.5214843750e-03
II3864,sa0,,,9.5214843750e-03
g2044_II3864_A,sa1,,,9.5214843750e-03
g2809,sa0,30,0,1.1162839514e-02
II4019,sa1,,,1.1162839514e-02
g1841,sa0,,,1.1162839514e-02
II2929,sa1,,,1.1162839514e-02
g1659,sa0,,,1.1162839514e-02
II2638,sa1,,,1.1162839514e-02
g1123_II2638_A,sa0,,,1.1162839514e-02
g2772,sa1,30,0,9.2344969184e-03
II3961,sa0,,,9.2344969184e-03
g1835,sa1,,,9.2344969184e-03
II2919,sa0,,,9.2344969184e-03
g1787,sa1,,,9.2344969184e-03
II2835,sa0,,,9.2344969184e-03
g1209_II2835_A,sa1,,,9.2344969184e-03
g2619,sa1,3,1,1.6098022461e-02
II3761,sa0,,,1.6098022461e-02
g2505,sa1,,,1.6098022461e-02
II3629,sa0,,,1.6098022461e-02
g1759,sa1,,,1.6098022461e-02
II2782,sa0,,,1.6098022461e-02
g1177_II2782_A,sa1,,,1.6098022461e-02
g3187,sa0,30,0,2.4422522296e-04
II4424,sa1,,,2.4422522296e-04
g2097,sa0,,,2.4422522296e-04
II3215,sa1,,,2.4422522296e-04
g1820,sa0,,,2.4422522296e-04
II2880,sa1,,,2.4422522296e-04
g1143_II2880_A,sa0,,,2.4422522296e-04
g3196,sa0,30,0,2.4424757470e-04
II4433,sa1,,,2.4424757470e-04
g2103,sa0,,,2.4424757470e-04
II3225,sa1,,,2.4424757470e-04
g1813,sa0,,,2.4424757470e-04
II2870,sa1,,,2.4424757470e-04
g1161_II2870_A,sa0,,,2.4424757470e-04
g3177,sa1,30,0,2.4425316263e-04
II4414,sa0,,,2.4425316263e-04
g2090,sa1,,,2.4425316263e-04
II3206,sa0,,,2.4425316263e-04
g1823,sa1,,,2.4425316263e-04
II2887,sa0,,,2.4425316263e-04
g1123_II2887_A,sa1,,,2.4425316263e-04
g3528,sa1,4,1,2.3437500000e-02
g1802_g3528_A,sa1,,,2.3437500000e-02
g3167_g3528_B,sa1,,,2.3437500000e-02
g3710_II5271_A,sa1,30,0,1.8196105957e-03
g2584,sa1,2,1,7.5000000000e-01
II3705,sa0,,,7.5000000000e-01
g2316,sa1,,,7.5000000000e-01
II3468,sa0,,,7.5000000000e-01
g1802_II3468_A,sa1,,,7.5000000000e-01
g2585,sa0,1,1,2.5000000000e-01
II3708,sa1,,,2.5000000000e-01
g1946,sa0,,,2.5000000000e-01
II3053,sa1,,,2.5000000000e-01
g1407_II3053_A,sa0,,,2.5000000000e-01
g2647,sa1,30,0,9.5214843750e-03
II3791,sa0,,,9.5214843750e-03
g2044_II3791_A,sa1,,,9.5214843750e-03
g2675,sa0,30,0,9.5214843750e-03
II3819,sa1,,,9.5214843750e-03
g2044_II3819_A,sa0,,,9.5214843750e-03
g2809,sa1,30,0,7.3061451243e-03
II4019,sa0,,,7.3061451243e-03
g1841,sa1,,,7.3061451243e-03
II2929,sa0,,,7.3061451243e-03
g1659,sa1,,,7.3061451243e-03
II2638,sa0,,,7.3061451243e-03
g1123_II2638_A,sa1,,,7.3061451243e-03
g2783,sa0,30,0,9.2344932331e-03
II3979,sa1,,,9.2344932331e-03
g1836,sa0,,,9.2344932331e-03
II2922,sa1,,,9.2344932331e-03
g1774,sa0,,,9.2344932331e-03
II2817,sa1,,,9.2344932331e-03
g1222_II2817_A,sa0,,,9.2344932331e-03
g3718,sa1,5,1,1.5625000000e-02
g3187,sa1,30,0,2.4422522296e-04
II4424,sa0,,,2.4422522296e-04
g2097,sa1,,,2.4422522296e-04
II3215,sa0,,,2.4422522296e-04
g1820,sa1,,,2.4422522296e-04
II2880,sa0,,,2.4422522296e-04
g1143_II2880_A,sa1,,,2.4422522296e-04
g3196,sa1,30,0,2.4423267354e-04
II4433,sa0,,,2.4423267354e-04
g2103,sa1,,,2.4423267354e-04
II3225,sa0,,,2.4423267354e-04
g1813,sa1,,,2.4423267354e-04
II2870,sa0,,,2.4423267354e-04
g1161_II2870_A,sa1,,,2.4423267354e-04
g2594,sa0,30,0,1.9531331203e-02
II3723,sa1,,,1.9531331203e-02
g2158,sa0,,,1.9531331203e-02
II3281,sa1,,,1.9531331203e-02
g1761,sa0,,,1.9531331203e-02
II2788,sa1,,,1.9531331203e-02
g1236_II2788_A,sa0,,,1.9531331203e-02
g2585,sa1,2,1,7.5000000000e-01
II3708,sa0,,,7.5000000000e-01
g1946,sa1,,,7.5000000000e-01
II3053,sa0,,,7.5000000000e-01
g1407_II3053_A,sa1,,,7.5000000000e-01
g2675,sa1,30,0,9.5214843750e-03
II3819,sa0,,,9.5214843750e-03
g2044_II3819_A,sa1,,,9.5214843750e-03
g2748,sa0,30,0,8.2703193568e-03
II3923,sa1,,,8.2703193568e-03
g2581,sa0,,,8.2703193568e-03
II3694,sa1,,,8.2703193568e-03
g1811,sa0,,,8.2703193568e-03
II2864,sa1,,,8.2703193568e-03
g1177_II2864_A,sa0,,,8.2703193568e-03
g2783,sa1,30,0,9.2344932549e-03
II3979,sa0,,,9.2344932549e-03
g1836,sa1,,,9.2344932549e-03
II2922,sa0,,,9.2344932549e-03
g1774,sa1,,,9.2344932549e-03
II2817,sa0,,,9.2344932549e-03
g1222_II2817_A,sa1,,,9.2344932549e-03
g3935,sa1,12,1,4.6875000000e-01
g3464,sa1,,,4.6875000000e-01
g2868,sa1,,,4.6875000000e-01
g2594,sa1,30,0,1.9531331203e-02
II3723,sa0,,,1.9531331203e-02
g2158,sa1,,,1.9531331203e-02
II3281,sa0,,,1.9531331203e-02
g1761,sa1,,,1.9531331203e-02
II2788,sa0,,,1.9531331203e-02
g1236_II2788_A,sa1,,,1.9531331203e-02
g3271_II5207_B,sa1,30,0,9.1552734375e-04
g2748,sa1,30,0,1.2127013570e-02
II3923,sa0,,,1.2127013570e-02
g2581,sa1,,,1.2127013570e-02
II3694,sa0,,,1.2127013570e-02
g1811,sa1,,,1.2127013570e-02
II2864,sa0,,,1.2127013570e-02
g1177_II2864_A,sa1,,,1.2127013570e-02
g2856,sa1,30,0,2.6018898934e-03
g2010_g2856_A,sa0,,,2.6018898934e-03
g3387,sa1,30,0,9.6855750087e-08
II4664,sa0,,,9.6855750087e-08
g2924_II4664_A,sa1,,,9.6855750087e-08
g3271_II5209_A,sa1,30,0,9.1552734375e-04
g3705_II5270_A,sa1,30,0,1.8196105957e-03
g2588,sa0,30,0,2.4438982547e-04
II3717,sa1,,,2.4438982547e-04
g2154,sa0,,,2.4438982547e-04
II3271,sa1,,,2.4438982547e-04
g1748,sa0,,,2.4438982547e-04
II2763,sa1,,,2.4438982547e-04
g1236_II2763_A,sa0,,,2.4438982547e-04
g3263_II5226_B,sa1,30,0,2.1209716797e-03
g3247_II5242_B,sa1,30,0,2.1209716797e-03
g3503_II5761_A,sa1,7,1,4.2968750000e-02
g2688,sa0,3,1,1.6098022461e-02
II3836,sa1,,,1.6098022461e-02
g1832,sa0,,,1.6098022461e-02
II2910,sa1,,,1.6098022461e-02
g1645,sa0,,,1.6098022461e-02
II2614,sa1,,,1.6098022461e-02
g1123_II2614_A,sa0,,,1.6098022461e-02
g2796,sa0,30,0,9.7137248270e-03
II3999,sa1,,,9.7137248270e-03
g1837,sa0,,,9.7137248270e-03
II2925,sa1,,,9.7137248270e-03
g1762,sa0,,,9.7137248270e-03
II2791,sa1,,,9.7137248270e-03
g1236_II2791_A,sa0,,,9.7137248270e-03
g2588,sa1,30,0,2.4427267581e-04
II3717,sa0,,,2.4427267581e-04
g2154,sa1,,,2.4427267581e-04
II3271,sa0,,,2.4427267581e-04
g1748,sa1,,,2.4427267581e-04
II2763,sa0,,,2.4427267581e-04
g1236_II2763_A,sa1,,,2.4427267581e-04
g3677,sa1,30,0,1.4152526855e-03
g3140_g3677_A,sa0,,,1.4152526855e-03
g3263_II5228_A,sa1,30,0,1.8196105957e-03
g3247_II5244_A,sa1,30,0,1.8196105957e-03
g2688,sa1,3,1,1.6098022461e-02
II3836,sa0,,,1.6098022461e-02
g1832,sa1,,,1.6098022461e-02
II2910,sa0,,,1.6098022461e-02
g1645,sa1,,,1.6098022461e-02
II2614,sa0,,,1.6098022461e-02
g1123_II2614_A,sa1,,,1.6098022461e-02
g2599,sa0,3,1,1.6098022461e-02
II3729,sa1,,,1.6098022461e-02
g2436,sa0,,,1.6098022461e-02
II3569,sa1,,,1.6098022461e-02
g1789,sa0,,,1.6098022461e-02
II2839,sa1,,,1.6098022461e-02
g1123_II2839_A,sa0,,,1.6098022461e-02
g2796,sa1,30,0,1.2127013559e-02
II3999,sa0,,,1.2127013559e-02
g1837,sa1,,,1.2127013559e-02
II2925,sa0,,,1.2127013559e-02
g1762,sa1,,,1.2127013559e-02
II2791,sa0,,,1.2127013559e-02
g1236_II2791_A,sa1,,,1.2127013559e-02
g2986,sa0,30,0,4.3655745685e-10
g2010_g2986_A,sa1,,,4.3655745685e-10
g2699,sa0,0,1,0.0000000000e+00
g2397_g2699_A,sa0,,,0.0000000000e+00
g1905_g2699_B,sa0,,,0.0000000000e+00
g2779,sa1,30,0,3.6156177521e-04
g2394_g2779_A,sa0,,,3.6156177521e-04
g3985,sa1,2,1,7.8125000000e-03
g2888,sa1,0,1,0.0000000000e+00
g1972_g2888_A,sa0,,,0.0000000000e+00
g2789,sa1,30,0,8.7022999651e-06
g2410_g2789_A,sa0,,,8.7022999651e-06
g2889,sa1,0,1,0.0000000000e+00
g1975_g2889_A,sa0,,,0.0000000000e+00
II4010,sa1,30,0,2.3844259900e-11
II4211,sa1,3,1,6.8359375000e-03
II4212,sa1,15,1,2.1191406250e-01
II4204,sa1,3,1,1.3671875000e-02
II4151,sa1,0,1,0.0000000000e+00
II4160,sa1,1,1,1.5625000000e-02
II4205,sa1,12,1,2.0507812500e-01
II4152,sa1,12,1,2.0507812500e-01
II4161,sa1,4,1,2.3437500000e-01
II5242,sa0,30,0,2.1209716797e-03
g3242_II5242_A,sa0,,,2.1209716797e-03
g3247_II5242_B,sa0,,,2.1209716797e-03
II4009,sa1,30,0,2.3844259900e-11
II4234,sa1,3,1,1.3671875000e-02
II5207,sa0,30,0,9.1552734375e-04
g3267_II5207_A,sa0,,,9.1552734375e-04
g3271_II5207_B,sa0,,,9.1552734375e-04
II5242,sa1,30,0,1.8196105957e-03
II3740,sa1,8,1,2.1972656250e-02
II4235,sa1,12,1,2.0507812500e-01
II5207,sa1,30,0,9.1552734375e-04
II5226,sa0,30,0,2.1209716797e-03
g3259_II5226_A,sa0,,,2.1209716797e-03
g3263_II5226_B,sa0,,,2.1209716797e-03
II3741,sa1,12,1,2.0507812500e-01
II5226,sa1,30,0,1.8196105957e-03
II4183,sa1,3,1,6.8359375000e-03
II4526,sa0,6,1,2.5000000000e-01
g2909_II4526_A,sa0,,,2.5000000000e-01
g646_II4526_B,sa0,,,2.5000000000e-01
II4184,sa1,15,1,2.1191406250e-01
II4445,sa1,1,1,1.5625000000e-02
II4526,sa1,1,1,7.8125000000e-03
II4545,sa0,20,1,2.2705078125e-01
g2853_II4545_A,sa0,,,2.2705078125e-01
g353_II4545_B,sa0,,,2.2705078125e-01
II4446,sa1,4,1,2.3437500000e-01
II4545,sa1,4,1,1.4648437500e-02
II5257,sa0,30,0,2.1209716797e-03
g3714_II5257_A,sa0,,,2.1209716797e-03
g3719_II5257_B,sa0,,,2.1209716797e-03
II5195,sa0,30,0,9.1552734375e-04
g3567_II5195_A,sa0,,,9.1552734375e-04
g3571_II5195_B,sa0,,,9.1552734375e-04
II5257,sa1,30,0,1.8196105957e-03
II4782,sa0,6,1,2.5000000000e-01
g2846_II4782_A,sa0,,,2.5000000000e-01
g622_II4782_B,sa0,,,2.5000000000e-01
II5187,sa0,30,0,9.1552734375e-04
g3589_II5187_A,sa0,,,9.1552734375e-04
g3593_II5187_B,sa0,,,9.1552734375e-04
II5195,sa1,30,0,9.1552734375e-04
II4782,sa1,1,1,7.8125000000e-03
II5187,sa1,30,0,9.1552734375e-04
II5269,sa0,30,0,2.1209716797e-03
g3705_II5269_A,sa0,,,2.1209716797e-03
g3710_II5269_B,sa0,,,2.1209716797e-03
II5269,sa1,30,0,1.8196105957e-03
g3425_g4000_B,sa0,4,1,1.4648437500e-02
g3150_g3350_A,sa1,30,0,3.4180153161e-03
g3204_g3530_A,sa1,30,0,1.3670637600e-07
g3031_g3362_A,sa1,2,1,1.5625000000e-02
g3212_g3532_A,sa1,30,0,7.8597736319e-08
g3204_g6150_A,sa1,1,1,2.4414062500e-04
g2722_g3303_A,sa1,30,0,3.4180153161e-03
g2701_g3315_A,sa1,30,0,2.4414565414e-03
g3150_g3361_A,sa1,30,0,2.9297377914e-03
g3212_g6152_A,sa1,1,1,2.4414062500e-04
II3914_II3915_B,sa1,30,0,1.7435386468e-11
II3914_II3916_B,sa1,30,0,1.7435386468e-11
g3031_g3626_A,sa1,1,1,4.8828125000e-04
g3043_g3632_A,sa1,1,1,4.8828125000e-04
g3200_g3529_A,sa1,30,0,7.4174479892e-08
II3933_II3934_B,sa1,30,0,1.7435386468e-11
g2604_g3613_A,sa1,1,1,4.8828125000e-04
g2631_g3631_A,sa1,1,1,4.8828125000e-04
g3183_g3520_A,sa1,30,0,7.4174479892e-08
g3200_g6149_A,sa1,1,1,2.4414062500e-04
II3933_II3935_B,sa1,30,0,1.7435386468e-11
g2701_g3328_A,sa1,30,0,5.8594178408e-03
g3162_g3353_A,sa1,30,0,2.9297377914e-03
g3209_g3531_A,sa1,30,0,7.4174479892e-08
g3173_g6141_A,sa1,1,1,2.4414062500e-04
II3952_II3953_B,sa1,30,0,1.7435386468e-11
II3970_II3971_B,sa1,30,0,1.7435386468e-11
g3425_g4017_B,sa1,30,0,1.2620162964e-01
g2722_g3317_A,sa1,30,0,2.9297377914e-03
g2760_g3351_A,sa1,30,0,2.9297377914e-03
g3104_g3376_A,sa1,30,0,3.4180153161e-03
g3054_g3642_A,sa1,1,1,4.8828125000e-04
g3425_g4045_A,sa1,30,0,6.2316894531e-02
g3158_g3511_A,sa1,30,0,8.1625060488e-08
g3505_g3903_A,sa0,30,0,3.0274927616e-02
g3512_g3905_A,sa0,30,0,3.0274670571e-02
g3209_g6151_A,sa1,1,1,2.4414062500e-04
g3216_g6153_A,sa1,1,1,2.4414062500e-04
II3952_II3954_B,sa1,30,0,1.7435386468e-11
II3970_II3972_B,sa1,30,0,1.7435386468e-11
g2772_g3340_A,sa1,30,0,2.9297377914e-03
g2740_g3362_B,sa1,2,1,7.8125000000e-03
g3016_g3618_A,sa1,1,1,4.8828125000e-04
g2701_g3636_A,sa1,1,1,4.8828125000e-04
g2660_g3650_A,sa1,1,1,4.8828125000e-04
g3064_g3651_A,sa1,1,1,4.8828125000e-04
g3043_g3780_A,sa1,2,1,1.5625000000e-02
g3216_g3535_A,sa1,30,0,1.4089837919e-07
g2622_g3283_B,sa1,2,1,7.8125000000e-03
g3162_g3338_A,sa1,30,0,2.9297359288e-03
g3118_g3373_A,sa1,30,0,3.4180153161e-03
g3128_g3381_A,sa1,30,0,3.4180153161e-03
g3136_g3382_A,sa1,30,0,2.9297377914e-03
g3150_g3683_A,sa1,1,1,4.8828125000e-04
g2734_g3326_A,sa1,30,0,3.4180153161e-03
g2760_g3336_A,sa1,30,0,3.4180153161e-03
g2709_g3341_B,sa1,2,1,7.8125000000e-03
g3104_g3379_A,sa1,30,0,2.9297377914e-03
g2644_g3641_A,sa1,1,1,4.8828125000e-04
g3104_g3649_A,sa1,1,1,4.8828125000e-04
g3425_g3831_B,sa1,30,0,6.1550140381e-02
g3173_g3517_A,sa1,30,0,7.4174479892e-08
g3192_g3525_A,sa1,30,0,1.4089837919e-07
g3187_g3521_A,sa1,30,0,7.8597736319e-08
g3183_g6144_A,sa1,1,1,2.4414062500e-04
II3846_II3847_B,sa1,30,0,1.7435386468e-11
g3128_g3383_A,sa1,30,0,2.9297377914e-03
g3136_g3672_A,sa1,1,1,4.8828125000e-04
g3016_g3774_A,sa1,2,1,1.5625000000e-02
g3505_g3924_A,sa1,0,1,0.0000000000e+00
g3219_g6154_A,sa1,1,1,2.4414062500e-04
g2032_g6468_A,sa1,30,0,2.2460937500e-02
g2036_g6473_A,sa1,30,0,2.5878906250e-02
II3846_II3848_B,sa1,30,0,1.7435386468e-11
g3425_g4059_B,sa0,0,1,0.0000000000e+00
g3054_g3296_A,sa1,2,1,1.5625000000e-02
g2783_g3360_A,sa1,30,0,2.9297377914e-03
g2760_g3671_A,sa1,1,1,4.8828125000e-04
g2604_g3755_A,sa1,2,1,1.5625000000e-02
g3064_g3763_A,sa1,2,1,1.5625000000e-02
g3219_g3536_A,sa1,30,0,7.8597736319e-08
g3192_g6146_A,sa1,1,1,2.4414062500e-04
II3874_II3875_B,sa1,30,0,1.7435386468e-11
g3425_g4049_B,sa1,30,0,7.3509216309e-03
g2032_g6469_B,sa1,30,0,1.1718777940e-02
g2036_g6474_B,sa1,30,0,7.3242746294e-03
g2612_g3279_B,sa1,2,1,7.8125000000e-03
g2609_g3283_A,sa1,2,1,1.5625000000e-02
g2631_g3288_A,sa1,2,1,1.5625000000e-02
g2660_g3295_A,sa1,2,1,1.5625000000e-02
g2772_g3327_A,sa1,30,0,3.4180153161e-03
g3118_g3377_A,sa1,30,0,2.9297377914e-03
g2941_g3554_A,sa1,30,0,1.5704631805e-03
g2706_g3609_A,sa1,1,1,4.8828125000e-04
g2822_g3637_A,sa1,1,1,4.8828125000e-04
g3512_g3928_A,sa1,0,1,0.0000000000e+00
g2941_g4490_A,sa1,30,0,4.0588378906e-03
II3874_II3876_B,sa1,30,0,1.7435386468e-11
g2650_g3296_B,sa1,2,1,7.8125000000e-03
g2748_g3316_A,sa1,30,0,3.4180153161e-03
g2734_g3339_A,sa1,30,0,2.9297377914e-03
g2822_g3359_A,sa1,30,0,3.4180153161e-03
g2822_g3368_A,sa1,30,0,2.9297377914e-03
g3136_g3378_A,sa1,30,0,3.4180153161e-03
g2609_g3617_A,sa1,1,1,4.8828125000e-04
g2619_g3625_A,sa1,1,1,4.8828125000e-04
g2722_g3648_A,sa1,1,1,4.8828125000e-04
II3893_II3894_B,sa1,30,0,1.7435386468e-11
g2688_g3602_A,sa1,1,1,4.8828125000e-04
g3118_g3658_A,sa1,1,1,4.8828125000e-04
g3128_g3666_A,sa1,1,1,4.8828125000e-04
g2672_g3762_A,sa1,2,1,1.5625000000e-02
g3177_g3518_A,sa1,30,0,9.9086832961e-08
g3196_g3526_A,sa1,30,0,7.8597736319e-08
g3147_g4592_A,sa1,30,0,1.0070800781e-03
g3187_g6145_A,sa1,1,1,2.4414062500e-04
g2591_g6156_A,sa1,1,1,2.4414062500e-04
II3893_II3895_B,sa1,30,0,1.7435386468e-11
g2809_g3374_A,sa1,30,0,2.9297377914e-03
g2594_g3544_A,sa1,30,0,1.3670637600e-07
g3158_g6157_A,sa1,1,1,2.4414062500e-04
II3988_II3990_B,sa1,30,0,1.7435386468e-11
g2634_g3288_B,sa1,2,1,7.8125000000e-03
g2675_g3319_B,sa1,2,1,7.8125000000e-03
g2796_g3352_A,sa1,30,0,2.9297377914e-03
g2734_g3657_A,sa1,1,1,4.8828125000e-04
g2772_g3682_A,sa1,1,1,4.8828125000e-04
g3147_g3694_A,sa1,30,0,1.5359744430e-04
g2591_g3539_A,sa1,30,0,1.3670637600e-07
g2748_g3329_A,sa1,30,0,2.9297377914e-03
g2809_g3367_A,sa1,30,0,2.9297359288e-03
g3162_g3689_A,sa1,1,1,4.8828125000e-04
g2706_g3767_A,sa1,2,1,1.5625000000e-02
g3196_g6148_A,sa1,1,1,2.4414062500e-04
g2647_g3295_B,sa1,2,1,7.8125000000e-03
g2998_g3341_A,sa1,2,1,1.5625000000e-02
g2783_g3349_A,sa1,30,0,3.4180153161e-03
g2809_g3629_A,sa1,1,1,4.8828125000e-04
g3177_g6159_A,sa1,1,1,2.4414062500e-04
g2688_g3319_A,sa1,2,1,1.5625000000e-02
g2796_g3337_A,sa1,30,0,2.9297359288e-03
g2672_g3659_A,sa1,1,1,4.8828125000e-04
g2619_g3757_A,sa1,2,1,1.5625000000e-02
g2644_g3759_A,sa1,2,1,1.5625000000e-02
g2588_g6155_A,sa1,1,1,2.4414062500e-04
g2594_g6158_A,sa1,1,1,2.4414062500e-04
g2748_g3665_A,sa1,1,1,4.8828125000e-04
g2599_g3608_A,sa1,1,1,4.8828125000e-04
g2998_g3614_A,sa1,1,1,4.8828125000e-04
g2588_g3538_A,sa1,30,0,1.4089837919e-07
g3425_g3997_B,sa1,20,1,3.6328125000e-01
II3988_II3989_B,sa1,30,0,1.7435386468e-11
g2783_g3688_A,sa1,1,1,4.8828125000e-04
g2599_g3279_A,sa1,2,1,1.5625000000e-02
g2796_g3697_A,sa1,1,1,4.8828125000e-04
g2986_g6773_B,sa1,30,0,1.1655024067e-01
g2986_g6766_B,sa1,30,0,2.1962791681e-02
g2986_g6767_B,sa1,30,0,6.2586765736e-02
g3100,sa0,30,0,2.5361776352e-04
II4347,sa1,,,2.5361776352e-04
g2555_II4347_A,sa0,,,2.5361776352e-04
g2986_g6769_B,sa1,30,0,3.2065141946e-02
g3100,sa1,30,0,4.9734115601e-04
II4347,sa0,,,4.9734115601e-04
g2555_II4347_A,sa1,,,4.9734115601e-04
g3110,sa0,30,0,1.2874603271e-05
II4358,sa1,,,1.2874603271e-05
g2525_II4358_A,sa0,,,1.2874603271e-05
g3110,sa1,30,0,4.2349100113e-05
II4358,sa0,,,4.2349100113e-05
g2525_II4358_A,sa1,,,4.2349100113e-05
g3103,sa0,30,0,5.0586462021e-04
g212_g3103_A,sa0,,,5.0586462021e-04
g2353_g3103_B,sa0,,,5.0586462021e-04
g3230,sa0,1,1,5.0000000000e-01
II4489,sa1,,,5.0000000000e-01
g2975,sa0,,,5.0000000000e-01
II4176,sa1,,,5.0000000000e-01
g2268_II4176_A,sa0,,,5.0000000000e-01
g4022,sa0,30,0,4.9457885325e-06
II5328,sa1,,,4.9457885325e-06
g3502,sa0,,,4.9457885325e-06
g1411_g3502_A,sa0,,,4.9457885325e-06
g1402_g3502_B,sa0,,,4.9457885325e-06
g2795,sa0,,,4.9457885325e-06
g1997,sa0,,,4.9457885325e-06
g1398_g1997_A,sa1,,,4.9457885325e-06
g866_g2795_B,sa0,,,4.9457885325e-06
g3203,sa0,0,1,0.0000000000e+00
g2497_g3203_A,sa0,,,0.0000000000e+00
g2565_g3203_B,sa0,,,0.0000000000e+00
g3113,sa0,30,0,2.6004016399e-04
g224_g3113_A,sa0,,,2.6004016399e-04
g2364_g3113_B,sa0,,,2.6004016399e-04
g3230,sa1,1,1,5.0000000000e-01
II4489,sa0,,,5.0000000000e-01
g2975,sa1,,,5.0000000000e-01
II4176,sa0,,,5.0000000000e-01
g2268_II4176_A,sa1,,,5.0000000000e-01
g3231,sa0,1,1,5.0000000000e-01
II4492,sa1,,,5.0000000000e-01
g3001,sa0,,,5.0000000000e-01
II4198,sa1,,,5.0000000000e-01
g2276_II4198_A,sa0,,,5.0000000000e-01
g3240,sa0,1,1,5.0000000000e-01
II4519,sa1,,,5.0000000000e-01
g2788,sa0,,,5.0000000000e-01
II3983,sa1,,,5.0000000000e-01
g2276_II3983_A,sa0,,,5.0000000000e-01
g4022,sa1,30,0,6.0787424445e-06
II5328,sa0,,,6.0787424445e-06
g3502,sa1,,,6.0787424445e-06
g2700,sa0,0,1,0.0000000000e+00
g2370_g2700_A,sa0,,,0.0000000000e+00
g1908_g2700_B,sa0,,,0.0000000000e+00
g3060,sa0,30,0,2.0784139633e-04
II4285,sa1,,,2.0784139633e-04
g2555_II4285_A,sa0,,,2.0784139633e-04
g3114,sa0,30,0,2.5361776352e-04
II4362,sa1,,,2.5361776352e-04
g2555_II4362_A,sa0,,,2.5361776352e-04
g3123,sa0,30,0,2.6004016399e-04
g230_g3123_A,sa0,,,2.6004016399e-04
g2391_g3123_B,sa0,,,2.6004016399e-04
g3312,sa0,30,0,6.9849193096e-09
II4587,sa1,,,6.9849193096e-09
g2962_II4587_A,sa0,,,6.9849193096e-09
g3231,sa1,1,1,5.0000000000e-01
II4492,sa0,,,5.0000000000e-01
g3001,sa1,,,5.0000000000e-01
II4198,sa0,,,5.0000000000e-01
g2276_II4198_A,sa1,,,5.0000000000e-01
g3232,sa0,1,1,5.0000000000e-01
II4495,sa1,,,5.0000000000e-01
g3022,sa0,,,5.0000000000e-01
II4229,sa1,,,5.0000000000e-01
g2284_II4229_A,sa0,,,5.0000000000e-01
g3240,sa1,1,1,5.0000000000e-01
II4519,sa0,,,5.0000000000e-01
g2788,sa1,,,5.0000000000e-01
II3983,sa0,,,5.0000000000e-01
g2276_II3983_A,sa1,,,5.0000000000e-01
g3241,sa0,1,1,5.0000000000e-01
II4522,sa1,,,5.0000000000e-01
g2801,sa0,,,5.0000000000e-01
II4003,sa1,,,5.0000000000e-01
g2284_II4003_A,sa0,,,5.0000000000e-01
g3034,sa0,30,0,5.6326389313e-06
II4249,sa1,,,5.6326389313e-06
g2525_II4249_A,sa0,,,5.6326389313e-06
g3060,sa1,30,0,4.6062469482e-04
II4285,sa0,,,4.6062469482e-04
g2555_II4285_A,sa1,,,4.6062469482e-04
g3070,sa0,30,0,2.0784139633e-04
II4297,sa1,,,2.0784139633e-04
g2555_II4297_A,sa0,,,2.0784139633e-04
g3114,sa1,30,0,5.7744979858e-04
II4362,sa0,,,5.7744979858e-04
g2555_II4362_A,sa1,,,5.7744979858e-04
g3124,sa0,30,0,3.7121772766e-04
II4371,sa1,,,3.7121772766e-04
g2555_II4371_A,sa0,,,3.7121772766e-04
g3133,sa0,30,0,2.5990605354e-04
g236_g3133_A,sa0,,,2.5990605354e-04
g2410_g3133_B,sa0,,,2.5990605354e-04
g3312,sa1,30,0,2.9101562593e-01
II4587,sa0,,,2.9101562593e-01
g2962_II4587_A,sa1,,,2.9101562593e-01
g1540,sa0,30,0,2.6611328125e-02
II2507,sa0,,,2.6611328125e-02
g1047_II2507_A,sa0,,,2.6611328125e-02
II2506_II2507_B,sa0,,,2.6611328125e-02
II2508,sa0,,,2.6611328125e-02
g1044_II2508_A,sa0,,,2.6611328125e-02
II2506_II2508_B,sa0,,,2.6611328125e-02
g3421,sa0,2,1,7.8125000000e-03
g622_g3421_A,sa0,,,7.8125000000e-03
g2846_g3421_B,sa0,,,7.8125000000e-03
g3232,sa1,1,1,5.0000000000e-01
II4495,sa0,,,5.0000000000e-01
g3022,sa1,,,5.0000000000e-01
II4229,sa0,,,5.0000000000e-01
g2284_II4229_A,sa1,,,5.0000000000e-01
g3241,sa1,1,1,5.0000000000e-01
II4522,sa0,,,5.0000000000e-01
g2801,sa1,,,5.0000000000e-01
II4003,sa0,,,5.0000000000e-01
g2284_II4003_A,sa1,,,5.0000000000e-01
g2720,sa0,0,1,0.0000000000e+00
g2422_g2720_A,sa0,,,0.0000000000e+00
g1919_g2720_B,sa0,,,0.0000000000e+00
g3161,sa0,30,0,1.4808028936e-06
g2397_g3161_A,sa0,,,1.4808028936e-06
g2470_g3161_B,sa0,,,1.4808028936e-06
g3034,sa1,30,0,8.8066735771e-06
II4249,sa0,,,8.8066735771e-06
g2525_II4249_A,sa1,,,8.8066735771e-06
g3070,sa1,30,0,4.6062469482e-04
II4297,sa0,,,4.6062469482e-04
g2555_II4297_A,sa1,,,4.6062469482e-04
g3124,sa1,30,0,4.7659873962e-04
II4371,sa0,,,4.7659873962e-04
g2555_II4371_A,sa1,,,4.7659873962e-04
g2800,sa1,0,1,0.0000000000e+00
g2430_g2800_A,sa0,,,0.0000000000e+00
g3251,sa0,25,1,8.4765625000e-01
II4534,sa1,,,8.4765625000e-01
g2858,sa0,,,8.4765625000e-01
g1815_g2858_A,sa0,,,8.4765625000e-01
g2577_g2858_B,sa0,,,8.4765625000e-01
g3134,sa0,30,0,5.0586462021e-04
g230_g3134_A,sa0,,,5.0586462021e-04
g2413_g3134_B,sa0,,,5.0586462021e-04
g3143,sa0,30,0,2.5990605354e-04
g242_g3143_A,sa0,,,2.5990605354e-04
g2437_g3143_B,sa0,,,2.5990605354e-04
g3170,sa0,30,0,2.5990605354e-04
g254_g3170_A,sa0,,,2.5990605354e-04
g2485_g3170_B,sa0,,,2.5990605354e-04
g1540,sa1,30,0,2.6611328125e-02
g3421,sa1,14,1,4.9218750000e-01
g3225,sa0,1,1,5.0000000000e-01
II4474,sa1,,,5.0000000000e-01
g3052,sa0,,,5.0000000000e-01
II4273,sa1,,,5.0000000000e-01
g2197_II4273_A,sa0,,,5.0000000000e-01
g3234,sa0,1,1,5.0000000000e-01
II4501,sa1,,,5.0000000000e-01
g2705,sa0,,,5.0000000000e-01
II3858,sa1,,,5.0000000000e-01
g2197_II3858_A,sa0,,,5.0000000000e-01
g2721,sa0,0,1,0.0000000000e+00
g2397_g2721_A,sa0,,,0.0000000000e+00
g1922_g2721_B,sa0,,,0.0000000000e+00
g3135,sa0,30,0,1.4808028936e-06
g2370_g3135_A,sa0,,,1.4808028936e-06
g2416_g3135_B,sa0,,,1.4808028936e-06
g2640,sa0,30,0,7.6171875000e-02
II3782,sa1,,,7.6171875000e-02
g2145_II3782_A,sa0,,,7.6171875000e-02
g3090,sa0,30,0,2.5093555450e-04
II4331,sa1,,,2.5093555450e-04
g2555_II4331_A,sa0,,,2.5093555450e-04
g3251,sa1,5,1,1.2109375000e-01
II4534,sa0,,,1.2109375000e-01
g2858,sa1,,,1.2109375000e-01
g3441,sa0,25,1,8.4765625000e-01
II4681,sa1,,,8.4765625000e-01
g2947,sa0,,,8.4765625000e-01
g1411_g2947_A,sa0,,,8.4765625000e-01
g2026_g2947_B,sa0,,,8.4765625000e-01
g3117,sa0,30,0,5.0586462021e-04
g218_g3117_A,sa0,,,5.0586462021e-04
g2367_g3117_B,sa0,,,5.0586462021e-04
g3144,sa0,30,0,4.9746036530e-04
g236_g3144_A,sa0,,,4.9746036530e-04
g2440_g3144_B,sa0,,,4.9746036530e-04
g3171,sa0,30,0,4.9746036530e-04
g248_g3171_A,sa0,,,4.9746036530e-04
g2488_g3171_B,sa0,,,4.9746036530e-04
g3180,sa0,30,0,6.0524046421e-04
g260_g3180_A,sa0,,,6.0524046421e-04
g2506_g3180_B,sa0,,,6.0524046421e-04
g4053,sa0,30,0,3.1888484955e-06
g3387,sa0,,,3.1888484955e-06
II4664,sa1,,,3.1888484955e-06
g2924_II4664_A,sa0,,,3.1888484955e-06
g1415,sa0,,,3.1888484955e-06
g1246_g1415_A,sa1,,,3.1888484955e-06
g3522,sa0,2,1,7.8125000000e-03
g646_g3522_A,sa0,,,7.8125000000e-03
g2909_g3522_B,sa0,,,7.8125000000e-03
g3225,sa1,1,1,5.0000000000e-01
II4474,sa0,,,5.0000000000e-01
g3052,sa1,,,5.0000000000e-01
II4273,sa0,,,5.0000000000e-01
g2197_II4273_A,sa1,,,5.0000000000e-01
g3226,sa0,1,1,5.0000000000e-01
II4477,sa1,,,5.0000000000e-01
g3063,sa0,,,5.0000000000e-01
II4288,sa1,,,5.0000000000e-01
g2215_II4288_A,sa0,,,5.0000000000e-01
g3234,sa1,1,1,5.0000000000e-01
II4501,sa0,,,5.0000000000e-01
g2705,sa1,,,5.0000000000e-01
II3858,sa0,,,5.0000000000e-01
g2197_II3858_A,sa1,,,5.0000000000e-01
g3235,sa0,1,1,5.0000000000e-01
II4504,sa1,,,5.0000000000e-01
g2726,sa0,,,5.0000000000e-01
II3886,sa1,,,5.0000000000e-01
g2215_II3886_A,sa0,,,5.0000000000e-01
g3145,sa0,30,0,1.4808028936e-06
g2397_g3145_A,sa0,,,1.4808028936e-06
g2443_g3145_B,sa0,,,1.4808028936e-06
g3172,sa0,30,0,1.4808028936e-06
g2449_g3172_A,sa0,,,1.4808028936e-06
g2491_g3172_B,sa0,,,1.4808028936e-06
g2640,sa1,30,0,1.5185546875e-01
II3782,sa0,,,1.5185546875e-01
g2145_II3782_A,sa1,,,1.5185546875e-01
g2713,sa0,30,0,1.1444091797e-04
II3868,sa1,,,1.1444091797e-04
g2125_II3868_A,sa0,,,1.1444091797e-04
g3019,sa0,30,0,5.6326389313e-06
II4226,sa1,,,5.6326389313e-06
g2525_II4226_A,sa0,,,5.6326389313e-06
g3037,sa0,30,0,2.0784139633e-04
II4252,sa1,,,2.0784139633e-04
g2555_II4252_A,sa0,,,2.0784139633e-04
g3046,sa0,30,0,7.0929527283e-06
II4267,sa1,,,7.0929527283e-06
g2525_II4267_A,sa0,,,7.0929527283e-06
g2712,sa1,0,1,0.0000000000e+00
g2320_g2712_A,sa0,,,0.0000000000e+00
g3090,sa1,30,0,5.7744979858e-04
II4331,sa0,,,5.7744979858e-04
g2555_II4331_A,sa1,,,5.7744979858e-04
g2802,sa1,30,0,8.7022999651e-06
g2437_g2802_A,sa0,,,8.7022999651e-06
g2820,sa1,30,0,7.4040144682e-07
g2470_g2820_A,sa0,,,7.4040144682e-07
g3441,sa1,5,1,1.2109375000e-01
II4681,sa0,,,1.2109375000e-01
g2947,sa1,,,1.2109375000e-01
g3127,sa0,30,0,5.0586462021e-04
g224_g3127_A,sa0,,,5.0586462021e-04
g2394_g3127_B,sa0,,,5.0586462021e-04
g3181,sa0,30,0,4.9746036530e-04
g254_g3181_A,sa0,,,4.9746036530e-04
g2509_g3181_B,sa0,,,4.9746036530e-04
g3190,sa0,30,0,3.8617849350e-04
g260_g3190_A,sa0,,,3.8617849350e-04
g2535_g3190_B,sa0,,,3.8617849350e-04
g3622,sa0,30,0,1.5258789063e-05
II4821,sa1,,,1.5258789063e-05
g2877_II4821_A,sa0,,,1.5258789063e-05
g1534,sa0,30,0,2.9296875000e-02
II2498,sa0,,,2.9296875000e-02
g1042_II2498_A,sa0,,,2.9296875000e-02
II2497_II2498_B,sa0,,,2.9296875000e-02
II2499,sa0,,,2.9296875000e-02
g1036_II2499_A,sa0,,,2.9296875000e-02
II2497_II2499_B,sa0,,,2.9296875000e-02
g3522,sa1,14,1,4.9218750000e-01
g3621,sa1,30,0,6.5956115723e-03
g1407_g3621_A,sa1,,,6.5956115723e-03
g2842_g3621_B,sa1,,,6.5956115723e-03
g3226,sa1,1,1,5.0000000000e-01
II4477,sa0,,,5.0000000000e-01
g3063,sa1,,,5.0000000000e-01
II4288,sa0,,,5.0000000000e-01
g2215_II4288_A,sa1,,,5.0000000000e-01
g3227,sa0,1,1,5.0000000000e-01
II4480,sa1,,,5.0000000000e-01
g3073,sa0,,,5.0000000000e-01
II4300,sa1,,,5.0000000000e-01
g2234_II4300_A,sa0,,,5.0000000000e-01
g3235,sa1,1,1,5.0000000000e-01
II4504,sa0,,,5.0000000000e-01
g2726,sa1,,,5.0000000000e-01
II3886,sa0,,,5.0000000000e-01
g2215_II3886_A,sa1,,,5.0000000000e-01
g3236,sa0,1,1,5.0000000000e-01
II4507,sa1,,,5.0000000000e-01
g2739,sa0,,,5.0000000000e-01
II3906,sa1,,,5.0000000000e-01
g2234_II3906_A,sa0,,,5.0000000000e-01
g3803,sa0,1,1,5.0000000000e-01
II5002,sa1,,,5.0000000000e-01
g3612,sa0,,,5.0000000000e-01
II4809,sa1,,,5.0000000000e-01
g2974,sa0,,,5.0000000000e-01
II4173,sa1,,,5.0000000000e-01
g2408,sa0,,,5.0000000000e-01
II3546,sa1,,,5.0000000000e-01
g1586,sa0,,,5.0000000000e-01
g1052,sa1,,,5.0000000000e-01
g668,sa0,,,5.0000000000e-01
g4612,sa1,4,1,5.6250000000e-01
g4320,sa0,,,5.6250000000e-01
g4011_g4320_A,sa1,,,5.6250000000e-01
g2732,sa0,0,1,0.0000000000e+00
g2449_g2732_A,sa0,,,0.0000000000e+00
g1940_g2732_B,sa0,,,0.0000000000e+00
g3146,sa0,30,0,1.4808028936e-06
g2370_g3146_A,sa0,,,1.4808028936e-06
g2446_g3146_B,sa0,,,1.4808028936e-06
g3182,sa0,0,1,0.0000000000e+00
g2473_g3182_A,sa0,,,0.0000000000e+00
g2512_g3182_B,sa0,,,0.0000000000e+00
g3191,sa0,0,1,0.0000000000e+00
g2497_g3191_A,sa0,,,0.0000000000e+00
g2538_g3191_B,sa0,,,0.0000000000e+00
g2615,sa0,30,0,1.2255859375e-01
II3755,sa1,,,1.2255859375e-01
g2125_II3755_A,sa0,,,1.2255859375e-01
g2713,sa1,30,0,9.5546722412e-02
II3868,sa0,,,9.5546722412e-02
g2125_II3868_A,sa1,,,9.5546722412e-02
g2920,sa1,30,0,1.4648688957e-03
g1947_g2920_A,sa0,,,1.4648688957e-03
g3019,sa1,30,0,8.8066735771e-06
II4226,sa0,,,8.8066735771e-06
g2525_II4226_A,sa1,,,8.8066735771e-06
g3037,sa1,30,0,4.6062469482e-04
II4252,sa0,,,4.6062469482e-04
g2555_II4252_A,sa1,,,4.6062469482e-04
g3046,sa1,30,0,1.1548501789e-05
II4267,sa0,,,1.1548501789e-05
g2525_II4267_A,sa1,,,1.1548501789e-05
g2803,sa1,30,0,3.6486983299e-04
g2440_g2803_A,sa0,,,3.6486983299e-04
g2830,sa1,30,0,7.4040144682e-07
g2494_g2830_A,sa0,,,7.4040144682e-07
g3155,sa0,30,0,2.5990605354e-04
g248_g3155_A,sa0,,,2.5990605354e-04
g2461_g3155_B,sa0,,,2.5990605354e-04
g3434,sa0,30,0,1.5592575073e-04
g2850_g3434_A,sa0,,,1.5592575073e-04
g857,sa0,,,1.5592575073e-04
g170_g857_A,sa1,,,1.5592575073e-04
g3551,sa0,30,0,4.7085341066e-05
g2937_g3551_A,sa0,,,4.7085341066e-05
g938,sa0,,,4.7085341066e-05
g59_g938_A,sa1,,,4.7085341066e-05
g3605,sa0,30,0,1.4781951904e-05
II4802,sa1,,,1.4781951904e-05
g2877_II4802_A,sa0,,,1.4781951904e-05
g3622,sa1,30,0,1.9831132892e-01
II4821,sa0,,,1.9831132892e-01
g2877_II4821_A,sa1,,,1.9831132892e-01
g1534,sa1,30,0,2.7587890625e-02
g3227,sa1,1,1,5.0000000000e-01
II4480,sa0,,,5.0000000000e-01
g3073,sa1,,,5.0000000000e-01
II4300,sa0,,,5.0000000000e-01
g2234_II4300_A,sa1,,,5.0000000000e-01
g3228,sa0,1,1,5.0000000000e-01
II4483,sa1,,,5.0000000000e-01
g3082,sa0,,,5.0000000000e-01
II4315,sa1,,,5.0000000000e-01
g2245_II4315_A,sa0,,,5.0000000000e-01
g3236,sa1,1,1,5.0000000000e-01
II4507,sa0,,,5.0000000000e-01
g2739,sa1,,,5.0000000000e-01
II3906,sa0,,,5.0000000000e-01
g2234_II3906_A,sa1,,,5.0000000000e-01
g3237,sa0,1,1,5.0000000000e-01
II4510,sa1,,,5.0000000000e-01
g2753,sa0,,,5.0000000000e-01
II3927,sa1,,,5.0000000000e-01
g2245_II3927_A,sa0,,,5.0000000000e-01
g3803,sa1,1,1,5.0000000000e-01
II5002,sa0,,,5.0000000000e-01
g3612,sa1,,,5.0000000000e-01
II4809,sa0,,,5.0000000000e-01
g2974,sa1,,,5.0000000000e-01
II4173,sa0,,,5.0000000000e-01
g2408,sa1,,,5.0000000000e-01
II3546,sa0,,,5.0000000000e-01
g1586,sa1,,,5.0000000000e-01
g1052,sa0,,,5.0000000000e-01
g668,sa1,,,5.0000000000e-01
g2733,sa0,0,1,0.0000000000e+00
g2422_g2733_A,sa0,,,0.0000000000e+00
g1943_g2733_B,sa0,,,0.0000000000e+00
g2615,sa1,30,0,1.5283203125e-01
II3755,sa0,,,1.5283203125e-01
g2125_II3755_A,sa1,,,1.5283203125e-01
g2625,sa0,30,0,7.6171875000e-02
II3767,sa1,,,7.6171875000e-02
g2125_II3767_A,sa0,,,7.6171875000e-02
g2921,sa1,30,0,1.4648688957e-03
g1950_g2921_A,sa0,,,1.4648688957e-03
g2912,sa1,30,0,1.0072253644e-06
g2001_g2912_A,sa0,,,1.0072253644e-06
g3057,sa0,30,0,7.0929527283e-06
II4282,sa1,,,7.0929527283e-06
g2525_II4282_A,sa0,,,7.0929527283e-06
g2813,sa1,0,1,0.0000000000e+00
g2457_g2813_A,sa0,,,0.0000000000e+00
g2840,sa1,0,1,0.0000000000e+00
g2538_g2840_A,sa0,,,0.0000000000e+00
g3533,sa1,30,0,1.5944242477e-06
g3154,sa1,,,1.5944242477e-06
g3166,sa1,,,1.5944242477e-06
g3156,sa0,30,0,4.9746036530e-04
g242_g3156_A,sa0,,,4.9746036530e-04
g2464_g3156_B,sa0,,,4.9746036530e-04
g3434,sa1,60,0,9.7751617432e-04
g3551,sa1,60,0,1.9390042871e-04
g3605,sa1,30,0,1.1498260502e-01
II4802,sa0,,,1.1498260502e-01
g2877_II4802_A,sa1,,,1.1498260502e-01
g3505_II5300_B,sa1,30,0,2.9297918081e-03
g3228,sa1,1,1,5.0000000000e-01
II4483,sa0,,,5.0000000000e-01
g3082,sa1,,,5.0000000000e-01
II4315,sa0,,,5.0000000000e-01
g2245_II4315_A,sa1,,,5.0000000000e-01
g3229,sa0,1,1,5.0000000000e-01
II4486,sa1,,,5.0000000000e-01
g3093,sa0,,,5.0000000000e-01
II4334,sa1,,,5.0000000000e-01
g2256_II4334_A,sa0,,,5.0000000000e-01
g3237,sa1,1,1,5.0000000000e-01
II4510,sa0,,,5.0000000000e-01
g2753,sa1,,,5.0000000000e-01
II3927,sa0,,,5.0000000000e-01
g2245_II3927_A,sa1,,,5.0000000000e-01
g3238,sa0,1,1,5.0000000000e-01
II4513,sa1,,,5.0000000000e-01
g2765,sa0,,,5.0000000000e-01
II3946,sa1,,,5.0000000000e-01
g2256_II3946_A,sa0,,,5.0000000000e-01
g2770,sa0,0,1,0.0000000000e+00
g2518_g2770_A,sa0,,,0.0000000000e+00
g1972_g2770_B,sa0,,,0.0000000000e+00
g3157,sa0,30,0,1.4808028936e-06
g2422_g3157_A,sa0,,,1.4808028936e-06
g2467_g3157_B,sa0,,,1.4808028936e-06
g2625,sa1,30,0,1.5185546875e-01
II3767,sa0,,,1.5185546875e-01
g2125_II3767_A,sa1,,,1.5185546875e-01
g2653,sa0,30,0,8.9355468750e-02
II3797,sa1,,,8.9355468750e-02
g2125_II3797_A,sa0,,,8.9355468750e-02
g2716,sa0,30,0,1.6216278076e-02
II3871,sa1,,,1.6216278076e-02
g2145_II3871_A,sa0,,,1.6216278076e-02
g2913,sa1,30,0,1.7090076581e-03
g1925_g2913_A,sa0,,,1.7090076581e-03
g2922,sa1,30,0,1.4648679644e-03
g1960_g2922_A,sa0,,,1.4648679644e-03
g2904,sa1,30,0,1.0072253644e-06
g1991_g2904_A,sa0,,,1.0072253644e-06
g2931,sa1,30,0,1.4648688957e-03
g1988_g2931_A,sa0,,,1.4648688957e-03
g3049,sa0,30,0,2.0784139633e-04
II4270,sa1,,,2.0784139633e-04
g2555_II4270_A,sa0,,,2.0784139633e-04
g3057,sa1,30,0,1.1548501789e-05
II4282,sa0,,,1.1548501789e-05
g2525_II4282_A,sa1,,,1.1548501789e-05
g3067,sa0,30,0,5.8412551880e-06
II4294,sa1,,,5.8412551880e-06
g2525_II4294_A,sa0,,,5.8412551880e-06
g3076,sa0,30,0,5.8412551880e-06
II4309,sa1,,,5.8412551880e-06
g2525_II4309_A,sa0,,,5.8412551880e-06
g2805,sa1,30,0,7.4040144682e-07
g2443_g2805_A,sa0,,,7.4040144682e-07
g2841,sa1,0,1,0.0000000000e+00
g2541_g2841_A,sa0,,,0.0000000000e+00
g2671,sa0,12,1,2.0507812500e-01
g2263,sa0,,,2.0507812500e-01
II3399,sa0,,,2.0507812500e-01
g1826_II3399_A,sa0,,,2.0507812500e-01
II3398_II3399_B,sa0,,,2.0507812500e-01
II3400,sa0,,,2.0507812500e-01
g135_II3400_A,sa0,,,2.0507812500e-01
II3398_II3400_B,sa0,,,2.0507812500e-01
g2296_g2671_B,sa0,,,2.0507812500e-01
g3346,sa0,30,0,1.5881867761e-21
II4623,sa1,,,1.5881867761e-21
g2962_II4623_A,sa0,,,1.5881867761e-21
g3741,sa1,30,0,3.9539337158e-03
g3505_II5302_A,sa1,30,0,2.9297918081e-03
g3229,sa1,1,1,5.0000000000e-01
II4486,sa0,,,5.0000000000e-01
g3093,sa1,,,5.0000000000e-01
II4334,sa0,,,5.0000000000e-01
g2256_II4334_A,sa1,,,5.0000000000e-01
g3238,sa1,1,1,5.0000000000e-01
II4513,sa0,,,5.0000000000e-01
g2765,sa1,,,5.0000000000e-01
II3946,sa0,,,5.0000000000e-01
g2256_II3946_A,sa1,,,5.0000000000e-01
g3239,sa0,1,1,5.0000000000e-01
II4516,sa1,,,5.0000000000e-01
g2777,sa0,,,5.0000000000e-01
II3965,sa1,,,5.0000000000e-01
g2268_II3965_A,sa0,,,5.0000000000e-01
g3914,sa0,30,0,6.9737434387e-04
II5153,sa1,,,6.9737434387e-04
g3330,sa0,,,6.9737434387e-04
g1815_g3330_A,sa0,,,6.9737434387e-04
g1797_g3330_B,sa0,,,6.9737434387e-04
g3109,sa0,,,6.9737434387e-04
g2360,sa0,,,6.9737434387e-04
g1793_g2360_A,sa1,,,6.9737434387e-04
g1064_g3109_B,sa0,,,6.9737434387e-04
g2771,sa0,0,1,0.0000000000e+00
g2497_g2771_A,sa0,,,0.0000000000e+00
g1975_g2771_B,sa0,,,0.0000000000e+00
g2807,sa0,30,0,2.0144507289e-06
g2568_g2807_A,sa0,,,2.0144507289e-06
g2001_g2807_B,sa0,,,2.0144507289e-06
g3176,sa0,30,0,1.4808028936e-06
g2422_g3176_A,sa0,,,1.4808028936e-06
g2494_g3176_B,sa0,,,1.4808028936e-06
g2653,sa1,30,0,5.7128906250e-02
II3797,sa0,,,5.7128906250e-02
g2125_II3797_A,sa1,,,5.7128906250e-02
g2716,sa1,30,0,9.5230102539e-02
II3871,sa0,,,9.5230102539e-02
g2145_II3871_A,sa1,,,9.5230102539e-02
g2914,sa1,30,0,1.7090076581e-03
g1928_g2914_A,sa0,,,1.7090076581e-03
g2923,sa1,30,0,1.4648688957e-03
g1969_g2923_A,sa0,,,1.4648688957e-03
g2905,sa1,0,1,0.0000000000e+00
g1994_g2905_A,sa0,,,0.0000000000e+00
g2932,sa1,30,0,1.7090076581e-03
g1998_g2932_A,sa0,,,1.7090076581e-03
g3049,sa1,30,0,4.6062469482e-04
II4270,sa0,,,4.6062469482e-04
g2555_II4270_A,sa1,,,4.6062469482e-04
g3067,sa1,30,0,8.8066735771e-06
II4294,sa0,,,8.8066735771e-06
g2525_II4294_A,sa1,,,8.8066735771e-06
g2743,sa1,0,1,0.0000000000e+00
g2333_g2743_A,sa0,,,0.0000000000e+00
g3076,sa1,30,0,8.8066735771e-06
II4309,sa0,,,8.8066735771e-06
g2525_II4309_A,sa1,,,8.8066735771e-06
g2752,sa1,0,1,0.0000000000e+00
g2343_g2752_A,sa0,,,0.0000000000e+00
g3086,sa0,30,0,5.0067901611e-06
II4327,sa1,,,5.0067901611e-06
g2525_II4327_A,sa0,,,5.0067901611e-06
g2806,sa1,30,0,7.4040144682e-07
g2446_g2806_A,sa0,,,7.4040144682e-07
g3806,sa0,30,0,1.9531250000e-01
g3384_g3806_A,sa0,,,1.9531250000e-01
g2024,sa0,,,1.9531250000e-01
II3126,sa0,,,1.9531250000e-01
g1279_II3126_A,sa0,,,1.9531250000e-01
II3125_II3126_B,sa0,,,1.9531250000e-01
II3127,sa0,,,1.9531250000e-01
g1276_II3127_A,sa0,,,1.9531250000e-01
II3125_II3127_B,sa0,,,1.9531250000e-01
g3346,sa1,30,0,3.2952642068e-02
II4623,sa0,,,3.2952642068e-02
g2962_II4623_A,sa1,,,3.2952642068e-02
g4058,sa0,30,0,3.1888484955e-06
g3424,sa0,,,3.1888484955e-06
II4671,sa1,,,3.1888484955e-06
g2928_II4671_A,sa0,,,3.1888484955e-06
g1246_g4058_B,sa0,,,3.1888484955e-06
g3437,sa0,17,1,1.4891624451e-02
g837,sa0,,,1.4891624451e-02
g353_g837_A,sa1,,,1.4891624451e-02
g2853_g3437_B,sa0,,,1.4891624451e-02
g3239,sa1,1,1,5.0000000000e-01
II4516,sa0,,,5.0000000000e-01
g2777,sa1,,,5.0000000000e-01
II3965,sa0,,,5.0000000000e-01
g2268_II3965_A,sa1,,,5.0000000000e-01
g3807,sa0,1,1,5.0000000000e-01
II5006,sa1,,,5.0000000000e-01
g3604,sa0,,,5.0000000000e-01
II4799,sa1,,,5.0000000000e-01
g2967,sa0,,,5.0000000000e-01
II4166,sa1,,,5.0000000000e-01
g2390,sa0,,,5.0000000000e-01
II3531,sa1,,,5.0000000000e-01
g1593,sa0,,,5.0000000000e-01
g1054,sa1,,,5.0000000000e-01
g485,sa0,,,5.0000000000e-01
g3914,sa1,30,0,3.1356811523e-03
II5153,sa0,,,3.1356811523e-03
g3330,sa1,,,3.1356811523e-03
g2781,sa0,0,1,0.0000000000e+00
g2544_g2781_A,sa0,,,0.0000000000e+00
g1982_g2781_B,sa0,,,0.0000000000e+00
g3186,sa0,30,0,1.4808028936e-06
g2449_g3186_A,sa0,,,1.4808028936e-06
g2515_g3186_B,sa0,,,1.4808028936e-06
g3195,sa0,0,1,0.0000000000e+00
g2473_g3195_A,sa0,,,0.0000000000e+00
g2541_g3195_B,sa0,,,0.0000000000e+00
g2628,sa0,30,0,1.2255859375e-01
II3770,sa1,,,1.2255859375e-01
g2145_II3770_A,sa0,,,1.2255859375e-01
g2637,sa0,30,0,7.5683593750e-02
II3779,sa1,,,7.5683593750e-02
g2125_II3779_A,sa0,,,7.5683593750e-02
g2664,sa0,30,0,1.5234375000e-01
II3808,sa1,,,1.5234375000e-01
g2125_II3808_A,sa0,,,1.5234375000e-01
g2682,sa0,30,0,1.5234375000e-01
II3826,sa1,,,1.5234375000e-01
g2145_II3826_A,sa0,,,1.5234375000e-01
g2906,sa1,30,0,1.7090076581e-03
g1911_g2906_A,sa0,,,1.7090076581e-03
g2915,sa1,30,0,1.4648688957e-03
g1931_g2915_A,sa0,,,1.4648688957e-03
g2663,sa1,0,1,0.0000000000e+00
g2308_g2663_A,sa0,,,0.0000000000e+00
g2744,sa1,30,0,7.6946198533e-06
g2336_g2744_A,sa0,,,7.6946198533e-06
g3086,sa1,30,0,1.1548501789e-05
II4327,sa0,,,1.1548501789e-05
g2525_II4327_A,sa1,,,1.1548501789e-05
g3096,sa0,30,0,5.0067901611e-06
II4343,sa1,,,5.0067901611e-06
g2525_II4343_A,sa0,,,5.0067901611e-06
g3437,sa1,47,0,2.2851467133e-01
g3807,sa1,1,1,5.0000000000e-01
II5006,sa0,,,5.0000000000e-01
g3604,sa1,,,5.0000000000e-01
II4799,sa0,,,5.0000000000e-01
g2967,sa1,,,5.0000000000e-01
II4166,sa0,,,5.0000000000e-01
g2390,sa1,,,5.0000000000e-01
II3531,sa0,,,5.0000000000e-01
g1593,sa1,,,5.0000000000e-01
g1054,sa0,,,5.0000000000e-01
g485,sa1,,,5.0000000000e-01
g3466,sa0,30,0,4.7294616699e-02
II4706,sa1,,,4.7294616699e-02
g2877_II4706_A,sa0,,,4.7294616699e-02
g2746,sa0,0,1,0.0000000000e+00
g2473_g2746_A,sa0,,,0.0000000000e+00
g1954_g2746_B,sa0,,,0.0000000000e+00
g2782,sa0,0,1,0.0000000000e+00
g2518_g2782_A,sa0,,,0.0000000000e+00
g1985_g2782_B,sa0,,,0.0000000000e+00
g2628,sa1,30,0,1.5283203125e-01
II3770,sa0,,,1.5283203125e-01
g2145_II3770_A,sa1,,,1.5283203125e-01
g2637,sa1,30,0,1.5087890625e-01
II3779,sa0,,,1.5087890625e-01
g2125_II3779_A,sa1,,,1.5087890625e-01
g2656,sa0,30,0,7.5683593750e-02
II3800,sa1,,,7.5683593750e-02
g2145_II3800_A,sa0,,,7.5683593750e-02
g2664,sa1,30,0,9.4726562500e-02
II3808,sa0,,,9.4726562500e-02
g2125_II3808_A,sa1,,,9.4726562500e-02
g2682,sa1,30,0,9.4726562500e-02
II3826,sa0,,,9.4726562500e-02
g2145_II3826_A,sa1,,,9.4726562500e-02
g2692,sa0,30,0,1.6216278076e-02
II3840,sa1,,,1.6216278076e-02
g2125_II3840_A,sa0,,,1.6216278076e-02
g2871,sa1,0,1,0.0000000000e+00
g1919_g2871_A,sa0,,,0.0000000000e+00
g2907,sa1,30,0,1.4648688957e-03
g1914_g2907_A,sa0,,,1.4648688957e-03
g2728,sa0,30,0,1.1444091797e-04
II3890,sa1,,,1.1444091797e-04
g2145_II3890_A,sa0,,,1.1444091797e-04
g2934,sa1,30,0,1.4648688957e-03
g2004_g2934_A,sa0,,,1.4648688957e-03
g2691,sa1,0,1,0.0000000000e+00
g2317_g2691_A,sa0,,,0.0000000000e+00
g2727,sa1,0,1,0.0000000000e+00
g2324_g2727_A,sa0,,,0.0000000000e+00
g3079,sa0,30,0,2.5093555450e-04
II4312,sa1,,,2.5093555450e-04
g2555_II4312_A,sa0,,,2.5093555450e-04
g2754,sa1,0,1,0.0000000000e+00
g2347_g2754_A,sa0,,,0.0000000000e+00
g3096,sa1,30,0,1.1548501789e-05
II4343,sa0,,,1.1548501789e-05
g2525_II4343_A,sa1,,,1.1548501789e-05
g2790,sa1,30,0,3.6639720201e-04
g2413_g2790_A,sa0,,,3.6639720201e-04
g2817,sa1,30,0,8.7022999651e-06
g2461_g2817_A,sa0,,,8.7022999651e-06
g2826,sa1,0,1,0.0000000000e+00
g2481_g2826_A,sa0,,,0.0000000000e+00
g2835,sa1,30,0,2.6129186153e-05
g2506_g2835_A,sa0,,,2.6129186153e-05
g3358,sa0,1,1,6.2500000000e-02
g2842_g3358_A,sa0,,,6.2500000000e-02
g1369_g3358_B,sa0,,,6.2500000000e-02
g3466,sa1,30,0,8.2728576660e-01
II4706,sa0,,,8.2728576660e-01
g2877_II4706_A,sa1,,,8.2728576660e-01
g3575,sa0,30,0,4.7241210938e-02
II4777,sa1,,,4.7241210938e-02
g2962_II4777_A,sa0,,,4.7241210938e-02
g2747,sa0,0,1,0.0000000000e+00
g2449_g2747_A,sa0,,,0.0000000000e+00
g1957_g2747_B,sa0,,,0.0000000000e+00
g2656,sa1,30,0,1.5087890625e-01
II3800,sa0,,,1.5087890625e-01
g2145_II3800_A,sa1,,,1.5087890625e-01
g2890,sa1,30,0,1.2207282707e-03
g1875_g2890_A,sa0,,,1.2207282707e-03
g2692,sa1,30,0,9.5230102539e-02
II3840,sa0,,,9.5230102539e-02
g2125_II3840_A,sa1,,,9.5230102539e-02
g2872,sa1,0,1,0.0000000000e+00
g1922_g2872_A,sa0,,,0.0000000000e+00
g2728,sa1,30,0,9.5546722412e-02
II3890,sa0,,,9.5546722412e-02
g2145_II3890_A,sa1,,,9.5546722412e-02
g3079,sa1,30,0,4.9734115601e-04
II4312,sa0,,,4.9734115601e-04
g2555_II4312_A,sa1,,,4.9734115601e-04
g2755,sa1,30,0,7.6946198533e-06
g2350_g2755_A,sa0,,,7.6946198533e-06
g2764,sa1,0,1,0.0000000000e+00
g2357_g2764_A,sa0,,,0.0000000000e+00
g2818,sa1,30,0,3.6236643791e-04
g2464_g2818_A,sa0,,,3.6236643791e-04
g2827,sa1,30,0,8.7022999651e-06
g2485_g2827_A,sa0,,,8.7022999651e-06
g2836,sa1,30,0,3.6236643791e-04
g2509_g2836_A,sa0,,,3.6236643791e-04
g2845,sa1,0,1,0.0000000000e+00
g2565_g2845_A,sa0,,,0.0000000000e+00
g3089,sa0,30,0,2.6004016399e-04
g212_g3089_A,sa0,,,2.6004016399e-04
g2336_g3089_B,sa0,,,2.6004016399e-04
g2873,sa0,20,1,2.2705078125e-01
g1845,sa0,,,2.2705078125e-01
II2934,sa0,,,2.2705078125e-01
g1436_II2934_A,sa0,,,2.2705078125e-01
II2933_II2934_B,sa0,,,2.2705078125e-01
II2935,sa0,,,2.2705078125e-01
g345_II2935_A,sa0,,,2.2705078125e-01
II2933_II2935_B,sa0,,,2.2705078125e-01
g1861_g2873_B,sa0,,,2.2705078125e-01
g3512_II5307_B,sa1,30,0,2.9297918081e-03
g3575,sa1,30,0,7.4285888672e-01
II4777,sa0,,,7.4285888672e-01
g2962_II4777_A,sa1,,,7.4285888672e-01
g2685,sa0,0,1,0.0000000000e+00
g2370_g2685_A,sa0,,,0.0000000000e+00
g1887_g2685_B,sa0,,,0.0000000000e+00
g2793,sa0,30,0,2.0144507289e-06
g2568_g2793_A,sa0,,,2.0144507289e-06
g1991_g2793_B,sa0,,,2.0144507289e-06
g2667,sa0,30,0,8.9355468750e-02
II3811,sa1,,,8.9355468750e-02
g2145_II3811_A,sa0,,,8.9355468750e-02
g2864,sa1,0,1,0.0000000000e+00
g1887_g2864_A,sa0,,,0.0000000000e+00
g2927,sa1,30,0,1.7090076581e-03
g1979_g2927_A,sa0,,,1.7090076581e-03
g2738,sa1,0,1,0.0000000000e+00
g2327_g2738_A,sa0,,,0.0000000000e+00
g2756,sa1,30,0,3.6156177521e-04
g2353_g2756_A,sa0,,,3.6156177521e-04
g2792,sa1,30,0,7.4040144682e-07
g2416_g2792_A,sa0,,,7.4040144682e-07
g2819,sa1,30,0,7.4040144682e-07
g2467_g2819_A,sa0,,,7.4040144682e-07
g2828,sa1,30,0,3.6455690861e-04
g2488_g2828_A,sa0,,,3.6455690861e-04
g2837,sa1,0,1,0.0000000000e+00
g2512_g2837_A,sa0,,,0.0000000000e+00
g3099,sa0,30,0,2.6004016399e-04
g218_g3099_A,sa0,,,2.6004016399e-04
g2350_g3099_B,sa0,,,2.6004016399e-04
g3512_II5309_A,sa1,30,0,2.9297918081e-03
g3793,sa0,30,0,7.3242187500e-04
g3491_g3793_A,sa1,,,7.3242187500e-04
g2758,sa0,0,1,0.0000000000e+00
g2497_g2758_A,sa0,,,0.0000000000e+00
g1963_g2758_B,sa0,,,0.0000000000e+00
g2794,sa0,0,1,0.0000000000e+00
g2544_g2794_A,sa0,,,0.0000000000e+00
g1994_g2794_B,sa0,,,0.0000000000e+00
g2667,sa1,30,0,5.7128906250e-02
II3811,sa0,,,5.7128906250e-02
g2145_II3811_A,sa1,,,5.7128906250e-02
g2695,sa0,30,0,8.3984375000e-02
II3843,sa1,,,8.3984375000e-02
g2145_II3843_A,sa0,,,8.3984375000e-02
g2883,sa1,0,1,0.0000000000e+00
g1954_g2883_A,sa0,,,0.0000000000e+00
g2892,sa1,0,1,0.0000000000e+00
g1982_g2892_A,sa0,,,0.0000000000e+00
g2766,sa1,0,1,0.0000000000e+00
g2361_g2766_A,sa0,,,0.0000000000e+00
g2829,sa1,30,0,7.4040144682e-07
g2491_g2829_A,sa0,,,7.4040144682e-07
g2838,sa1,30,0,7.4040144682e-07
g2515_g2838_A,sa0,,,7.4040144682e-07
g3793,sa1,30,0,2.0358562469e-03
g3491_g3793_A,sa0,,,2.0358562469e-03
g2759,sa0,0,1,0.0000000000e+00
g2473_g2759_A,sa0,,,0.0000000000e+00
g1966_g2759_B,sa0,,,0.0000000000e+00
g2866,sa1,0,1,0.0000000000e+00
g1905_g2866_A,sa0,,,0.0000000000e+00
g2695,sa1,30,0,1.2792968750e-01
II3843,sa0,,,1.2792968750e-01
g2145_II3843_A,sa1,,,1.2792968750e-01
g2875,sa1,0,1,0.0000000000e+00
g1940_g2875_A,sa0,,,0.0000000000e+00
g2884,sa1,0,1,0.0000000000e+00
g1957_g2884_A,sa0,,,0.0000000000e+00
g2893,sa1,0,1,0.0000000000e+00
g1985_g2893_A,sa0,,,0.0000000000e+00
g2767,sa1,30,0,7.6946198533e-06
g2364_g2767_A,sa0,,,7.6946198533e-06
g2776,sa1,0,1,0.0000000000e+00
g2378_g2776_A,sa0,,,0.0000000000e+00
g2839,sa1,30,0,4.4637918472e-04
g2535_g2839_A,sa0,,,4.4637918472e-04
g3992,sa0,60,0,1.3208007813e-01
g2679,sa0,30,0,8.3984375000e-02
II3823,sa1,,,8.3984375000e-02
g2125_II3823_A,sa0,,,8.3984375000e-02
g2867,sa1,0,1,0.0000000000e+00
g1908_g2867_A,sa0,,,0.0000000000e+00
g2894,sa1,30,0,1.7090076581e-03
g1891_g2894_A,sa0,,,1.7090076581e-03
g2876,sa1,0,1,0.0000000000e+00
g1943_g2876_A,sa0,,,0.0000000000e+00
g2885,sa1,0,1,0.0000000000e+00
g1963_g2885_A,sa0,,,0.0000000000e+00
g2678,sa1,0,1,0.0000000000e+00
g2312_g2678_A,sa0,,,0.0000000000e+00
g2768,sa1,30,0,3.6671664566e-04
g2367_g2768_A,sa0,,,3.6671664566e-04
g3992,sa1,30,0,6.6040039063e-02
g1555,sa1,,,6.6040039063e-02
II2521,sa0,,,6.6040039063e-02
g1063,sa1,,,6.6040039063e-02
g675,sa0,,,6.6040039063e-02
g3559_g3992_B,sa1,,,6.6040039063e-02
g3868,sa0,30,0,1.0023117065e-03
g3491_g3868_A,sa1,,,1.0023117065e-03
g2679,sa1,30,0,1.2792968750e-01
II3823,sa0,,,1.2792968750e-01
g2125_II3823_A,sa1,,,1.2792968750e-01
g2895,sa1,30,0,2.9297089204e-03
g1894_g2895_A,sa0,,,2.9297089204e-03
g2886,sa1,0,1,0.0000000000e+00
g1966_g2886_A,sa0,,,0.0000000000e+00
g2778,sa1,30,0,7.6946198533e-06
g2391_g2778_A,sa0,,,7.6946198533e-06
g2787,sa1,0,1,0.0000000000e+00
g2405_g2787_A,sa0,,,0.0000000000e+00
g1534_II3168_B,sa1,30,0,2.4169921875e-02
g3698,sa0,30,0,5.6943297386e-04
g2284_g3698_A,sa0,,,5.6943297386e-04
g2835,sa0,,,5.6943297386e-04
g2506_g2835_A,sa1,,,5.6943297386e-04
g3689,sa0,1,1,4.8828125000e-04
g3162_g3689_A,sa0,,,4.8828125000e-04
g2826,sa0,,,4.8828125000e-04
g2481_g2826_A,sa1,,,4.8828125000e-04
g3699,sa0,30,0,4.7144293785e-04
g2276_g3699_A,sa0,,,4.7144293785e-04
g2836,sa0,,,4.7144293785e-04
g2509_g2836_A,sa1,,,4.7144293785e-04
g3437_II4940_A,sa1,20,1,2.2705078125e-01
g3997,sa0,4,1,1.1718750000e-02
g1250_g3997_A,sa0,,,1.1718750000e-02
g3425_g3997_B,sa0,,,1.1718750000e-02
g2849,sa0,,,1.1718750000e-02
g2577_g2849_A,sa1,,,1.1718750000e-02
g3522_II4919_A,sa1,6,1,2.4609375000e-01
g3437_II4939_A,sa1,20,1,2.2705078125e-01
II5300,sa0,30,0,9.3750260770e-02
g471_II5300_A,sa0,,,9.3750260770e-02
g3505_II5300_B,sa0,,,9.3750260770e-02
II5300,sa1,30,0,9.0820591897e-02
II5307,sa0,30,0,9.3750163913e-02
g478_II5307_A,sa0,,,9.3750163913e-02
g3512_II5307_B,sa0,,,9.3750163913e-02
II5307,sa1,30,0,9.0820860118e-02
II3915,sa1,30,0,1.7287005161e-11
II3916,sa1,30,0,1.7287005161e-11
II3934,sa1,30,0,1.7287005161e-11
II3935,sa1,30,0,1.7287005161e-11
II3953,sa1,30,0,1.7287005161e-11
II3971,sa1,30,0,1.7287005161e-11
II5242_II5243_B,sa1,30,0,1.8196105957e-03
II3954,sa1,30,0,1.7287005161e-11
II3972,sa1,30,0,1.7287005161e-11
II3990,sa1,30,0,1.7287005161e-11
II5242_II5244_B,sa1,30,0,1.8196105957e-03
II3847,sa1,30,0,1.7287005161e-11
II5207_II5208_B,sa1,30,0,9.1552734375e-04
II3848,sa1,30,0,1.7287005161e-11
II3875,sa1,30,0,1.7287005161e-11
II5207_II5209_B,sa1,30,0,9.1552734375e-04
II3876,sa1,30,0,1.7287005161e-11
II3894,sa1,30,0,1.7287005161e-11
II5226_II5227_B,sa1,30,0,1.8196105957e-03
II3895,sa1,30,0,1.7287005161e-11
II5226_II5228_B,sa1,30,0,1.8196105957e-03
g3034_g3610_B,sa1,30,0,1.0475690942e-05
g3060_g3620_B,sa1,30,0,5.1587820053e-04
g3110_g3660_B,sa1,30,0,5.6922435760e-05
II4526_II4527_B,sa1,1,1,7.8125000000e-03
II3989,sa1,30,0,1.7287005161e-11
g2713_g3321_B,sa1,30,0,1.0668945313e-01
g3100_g3654_B,sa1,30,0,6.2423944473e-04
g3421_g3810_B,sa1,12,1,2.4609375000e-01
II4526_II4528_B,sa1,1,1,7.8125000000e-03
II5269_II5270_B,sa1,30,0,1.8196105957e-03
II4545_II4546_B,sa1,4,1,1.4648437500e-02
II5269_II5271_B,sa1,30,0,1.8196105957e-03
g2682_g3300_B,sa1,15,1,1.0595703125e-01
g3037_g3611_B,sa1,30,0,5.1319599152e-04
II4545_II4547_B,sa1,4,1,1.4648437500e-02
g3441_g3730_B,sa1,1,1,6.2500000000e-02
g3019_g3603_B,sa1,30,0,1.0475690942e-05
II5257_II5258_B,sa1,30,0,1.8196105957e-03
g3441_g3731_B,sa1,1,1,6.2500000000e-02
g2640_g3281_B,sa1,8,1,1.4062500000e-01
g3114_g3662_B,sa1,30,0,6.2423944473e-04
II5257_II5259_B,sa1,30,0,1.8196105957e-03
g3251_g3724_B,sa1,1,1,6.2500000000e-02
g2716_g3323_B,sa1,30,0,1.1816406250e-01
II5195_II5196_B,sa1,30,0,9.1552734375e-04
g3251_g3725_B,sa1,1,1,6.2500000000e-02
g3046_g3615_B,sa1,30,0,1.3217519154e-05
II5195_II5197_B,sa1,30,0,9.1552734375e-04
g3251_g3726_B,sa1,1,1,6.2500000000e-02
g3070_g3628_B,sa1,30,0,5.1319599152e-04
II4782_II4783_B,sa1,1,1,7.8125000000e-03
II5187_II5188_B,sa1,30,0,9.1552734375e-04
g3251_g3727_B,sa1,1,1,6.2500000000e-02
g3090_g3645_B,sa1,30,0,6.2423944473e-04
II4782_II4784_B,sa1,1,1,7.8125000000e-03
II5187_II5189_B,sa1,30,0,9.1552734375e-04
g2615_g3275_B,sa1,7,1,1.4062500000e-01
g2637_g3280_B,sa1,9,1,1.4062500000e-01
g2728_g3333_B,sa1,30,0,1.0522460938e-01
g3076_g3633_B,sa1,30,0,1.0997202480e-05
g3434_g3816_A,sa1,30,0,1.0688304901e-03
g3522_g3907_B,sa1,12,1,2.4609375000e-01
g3312_g6772_B,sa1,30,0,3.0468750000e-01
g3441_g3728_B,sa1,1,1,6.2500000000e-02
g3466_g3821_B,sa0,1,1,6.2500000000e-02
g3793_g4240_C,sa0,30,0,1.5563964844e-03
g2664_g3290_B,sa1,15,1,1.0595703125e-01
g2692_g3307_B,sa1,30,0,1.1816406250e-01
g3049_g3616_B,sa1,30,0,5.1319599152e-04
g3434_g4744_A,sa1,24,1,3.6621093750e-03
g3441_g3729_B,sa1,1,1,6.2500000000e-02
g3086_g3643_B,sa1,30,0,1.5929501387e-05
g3124_g3668_B,sa1,30,0,6.9713592529e-04
g3251_g3784_B,sa1,0,1,0.0000000000e+00
g3575_g5605_A,sa0,30,0,5.3705506027e-02
g2625_g3277_B,sa1,8,1,1.4062500000e-01
g2653_g3285_B,sa1,21,1,1.2207031250e-01
g3057_g3619_B,sa1,30,0,1.2800286640e-05
g3067_g3627_B,sa1,30,0,1.0997202480e-05
g3096_g3652_B,sa1,30,0,1.5929501387e-05
g3551_g3936_A,sa1,30,0,1.4524161816e-04
g3466_g4059_A,sa0,30,1,5.8593750000e-02
g3575_g4473_A,sa0,30,0,4.2480468750e-02
g3079_g3635_B,sa1,30,0,6.2423944473e-04
g3605_g6934_B,sa1,30,0,1.6351318359e-01
g3622_g6935_B,sa1,30,0,2.8252029421e-01
g3575_g3942_B,sa0,1,1,6.2500000000e-02
g2667_g3292_B,sa1,21,1,1.2207031250e-01
g2695_g3309_B,sa1,14,1,1.2500000000e-01
g3346_g6816_B,sa1,30,0,1.4045544062e-01
g2628_g3278_B,sa1,7,1,1.4062500000e-01
g2656_g3286_B,sa1,9,1,1.4062500000e-01
g3437_g3819_B,sa1,30,0,2.3272705078e-01
g3466_g5458_A,sa0,30,0,5.7846069336e-02
g3793_g5561_C,sa0,30,0,5.2735923681e-16
g3441_g3899_B,sa1,0,1,0.0000000000e+00
g3551_g4789_A,sa1,24,1,9.1552734375e-04
g3992_g5385_A,sa0,30,0,1.9274902344e-01
g3992_g5467_C,sa0,30,0,1.8310546875e-03
g2679_g3298_B,sa1,14,1,1.2500000000e-01
g4000,sa0,20,1,4.5410156250e-01
g3012,sa0,15,1,2.1875000000e-01
II4204,sa0,,,2.1875000000e-01
g2255_II4204_A,sa0,,,2.1875000000e-01
II4203_II4204_B,sa0,,,2.1875000000e-01
II4205,sa0,,,2.1875000000e-01
g743_II4205_A,sa0,,,2.1875000000e-01
II4203_II4205_B,sa0,,,2.1875000000e-01
g3301,sa0,0,1,0.0000000000e+00
g218_g3301_A,sa0,,,0.0000000000e+00
g2866,sa0,,,0.0000000000e+00
g1905_g2866_A,sa1,,,0.0000000000e+00
g3310,sa0,0,1,0.0000000000e+00
g224_g3310_A,sa0,,,0.0000000000e+00
g2871,sa0,,,0.0000000000e+00
g1919_g2871_A,sa1,,,0.0000000000e+00
g3013,sa0,22,1,2.1875000000e-01
II4211,sa0,,,2.1875000000e-01
g2294_II4211_A,sa0,,,2.1875000000e-01
II4210_II4211_B,sa0,,,2.1875000000e-01
II4212,sa0,,,2.1875000000e-01
g804_II4212_A,sa0,,,2.1875000000e-01
II4210_II4212_B,sa0,,,2.1875000000e-01
g3302,sa0,0,1,0.0000000000e+00
g212_g3302_A,sa0,,,0.0000000000e+00
g2867,sa0,,,0.0000000000e+00
g1908_g2867_A,sa1,,,0.0000000000e+00
g3311,sa0,0,1,0.0000000000e+00
g218_g3311_A,sa0,,,0.0000000000e+00
g2872,sa0,,,0.0000000000e+00
g1922_g2872_A,sa1,,,0.0000000000e+00
g3600,sa0,1,1,5.0000000000e-01
II4791,sa1,,,5.0000000000e-01
g2814_II4791_A,sa0,,,5.0000000000e-01
g3500,sa1,2,1,7.8125000000e-03
g2647_g3500_A,sa0,,,7.8125000000e-03
g3303,sa0,30,0,2.9297359288e-03
g2722_g3303_A,sa0,,,2.9297359288e-03
g2890,sa0,,,2.9297359288e-03
g1875_g2890_A,sa1,,,2.9297359288e-03
g3600,sa1,1,1,5.0000000000e-01
II4791,sa0,,,5.0000000000e-01
g2814_II4791_A,sa1,,,5.0000000000e-01
g3700,sa0,0,1,0.0000000000e+00
g2276_g3700_A,sa0,,,0.0000000000e+00
g2837,sa0,,,0.0000000000e+00
g2512_g2837_A,sa1,,,0.0000000000e+00
g3501,sa1,2,1,7.8125000000e-03
g2650_g3501_A,sa0,,,7.8125000000e-03
g3510,sa1,2,1,7.8125000000e-03
g2709_g3510_A,sa0,,,7.8125000000e-03
g3340,sa0,30,0,2.9297359288e-03
g2772_g3340_A,sa0,,,2.9297359288e-03
g2915,sa0,,,2.9297359288e-03
g1931_g2915_A,sa1,,,2.9297359288e-03
g3224,sa0,1,1,5.0000000000e-01
II4471,sa1,,,5.0000000000e-01
g3040,sa0,,,5.0000000000e-01
II4255,sa1,,,5.0000000000e-01
g2179_II4255_A,sa0,,,5.0000000000e-01
g3233,sa0,1,1,5.0000000000e-01
II4498,sa1,,,5.0000000000e-01
g2686,sa0,,,5.0000000000e-01
II3830,sa1,,,5.0000000000e-01
g2179_II3830_A,sa0,,,5.0000000000e-01
g3701,sa0,30,0,5.2934727100e-04
g2268_g3701_A,sa0,,,5.2934727100e-04
g2838,sa0,,,5.2934727100e-04
g2515_g2838_A,sa1,,,5.2934727100e-04
g3520,sa1,30,0,7.4174479892e-08
g3511,sa1,30,0,6.9343244036e-08
g3350,sa0,30,0,2.9297359288e-03
g3150_g3350_A,sa0,,,2.9297359288e-03
g1928_g3350_B,sa0,,,2.9297359288e-03
g3341,sa0,2,1,1.5625000000e-02
g2998_g3341_A,sa0,,,1.5625000000e-02
g2709_g3341_B,sa0,,,1.5625000000e-02
g3602,sa0,1,1,4.8828125000e-04
g2688_g3602_A,sa0,,,4.8828125000e-04
g2663,sa0,,,4.8828125000e-04
g2308_g2663_A,sa1,,,4.8828125000e-04
g3224,sa1,1,1,5.0000000000e-01
II4471,sa0,,,5.0000000000e-01
g3040,sa1,,,5.0000000000e-01
II4255,sa0,,,5.0000000000e-01
g2179_II4255_A,sa1,,,5.0000000000e-01
g3233,sa1,1,1,5.0000000000e-01
II4498,sa0,,,5.0000000000e-01
g2686,sa1,,,5.0000000000e-01
II3830,sa0,,,5.0000000000e-01
g2179_II3830_A,sa1,,,5.0000000000e-01
g4017,sa0,30,0,3.3534240723e-01
g107_g4017_A,sa0,,,3.3534240723e-01
g3425_g4017_B,sa0,,,3.3534240723e-01
g3324,sa0,0,1,0.0000000000e+00
g230_g3324_A,sa0,,,0.0000000000e+00
g2875,sa0,,,0.0000000000e+00
g1940_g2875_A,sa1,,,0.0000000000e+00
g3530,sa1,30,0,7.8597736319e-08
g3521,sa1,30,0,7.8597736319e-08
g3315,sa0,30,0,5.3711384535e-03
g2701_g3315_A,sa0,,,5.3711384535e-03
g1875_g3315_B,sa0,,,5.3711384535e-03
g3360,sa0,30,0,2.9297377914e-03
g2783_g3360_A,sa0,,,2.9297377914e-03
g1947_g3360_B,sa0,,,2.9297377914e-03
g3351,sa0,30,0,2.9297359288e-03
g2760_g3351_A,sa0,,,2.9297359288e-03
g1931_g3351_B,sa0,,,2.9297359288e-03
g3702,sa0,30,0,2.9528141022e-04
g2284_g3702_A,sa0,,,2.9528141022e-04
g2839,sa0,,,2.9528141022e-04
g2535_g2839_A,sa1,,,2.9528141022e-04
g4017,sa1,30,0,4.6386718750e-03
g4603,sa0,0,1,0.0000000000e+00
II6170,sa1,,,0.0000000000e+00
g4343,sa0,,,0.0000000000e+00
g4011_g4343_A,sa1,,,0.0000000000e+00
g3325,sa0,0,1,0.0000000000e+00
g224_g3325_A,sa0,,,0.0000000000e+00
g2876,sa0,,,0.0000000000e+00
g1943_g2876_A,sa1,,,0.0000000000e+00
g3334,sa0,30,0,1.8633770082e-09
g236_g3334_A,sa0,,,1.8633770082e-09
g2883,sa0,,,1.8633770082e-09
g1954_g2883_A,sa1,,,1.8633770082e-09
g3703,sa0,0,1,0.0000000000e+00
g2284_g3703_A,sa0,,,0.0000000000e+00
g2840,sa0,,,0.0000000000e+00
g2538_g2840_A,sa1,,,0.0000000000e+00
g3504,sa1,2,1,7.8125000000e-03
g2675_g3504_A,sa0,,,7.8125000000e-03
g3531,sa1,30,0,7.4174479892e-08
g3361,sa0,30,0,2.9297377914e-03
g3150_g3361_A,sa0,,,2.9297377914e-03
g1950_g3361_B,sa0,,,2.9297377914e-03
g3316,sa0,30,0,2.9297359288e-03
g2748_g3316_A,sa0,,,2.9297359288e-03
g2894,sa0,,,2.9297359288e-03
g1891_g2894_A,sa1,,,2.9297359288e-03
g3352,sa0,30,0,2.9297377914e-03
g2796_g3352_A,sa0,,,2.9297377914e-03
g2920,sa0,,,2.9297377914e-03
g1947_g2920_A,sa1,,,2.9297377914e-03
g3613,sa0,1,1,4.8828125000e-04
g2604_g3613_A,sa0,,,4.8828125000e-04
g2312_g3613_B,sa0,,,4.8828125000e-04
g3631,sa0,1,1,4.8828125000e-04
g2631_g3631_A,sa0,,,4.8828125000e-04
g2324_g3631_B,sa0,,,4.8828125000e-04
g4243,sa0,60,0,6.3776969910e-06
g3028,sa0,15,1,2.1875000000e-01
II4234,sa0,,,2.1875000000e-01
g2267_II4234_A,sa0,,,2.1875000000e-01
II4233_II4234_B,sa0,,,2.1875000000e-01
II4235,sa0,,,2.1875000000e-01
g798_II4235_A,sa0,,,2.1875000000e-01
II4233_II4235_B,sa0,,,2.1875000000e-01
g4603,sa1,2,1,4.3750000000e-01
II6170,sa0,,,4.3750000000e-01
g4343,sa1,,,4.3750000000e-01
g4011_g4343_A,sa0,,,4.3750000000e-01
g3335,sa0,0,1,0.0000000000e+00
g230_g3335_A,sa0,,,0.0000000000e+00
g2884,sa0,,,0.0000000000e+00
g1957_g2884_A,sa1,,,0.0000000000e+00
g3344,sa0,30,0,1.8633770082e-09
g242_g3344_A,sa0,,,1.8633770082e-09
g2885,sa0,,,1.8633770082e-09
g1963_g2885_A,sa1,,,1.8633770082e-09
g3371,sa0,30,0,1.4003551743e-03
g260_g3371_A,sa0,,,1.4003551743e-03
g2904,sa0,,,1.4003551743e-03
g1991_g2904_A,sa1,,,1.4003551743e-03
g3704,sa0,0,1,0.0000000000e+00
g2276_g3704_A,sa0,,,0.0000000000e+00
g2841,sa0,,,0.0000000000e+00
g2541_g2841_A,sa1,,,0.0000000000e+00
g3532,sa1,30,0,7.8597736319e-08
g3353,sa0,30,0,2.9297377914e-03
g3162_g3353_A,sa0,,,2.9297377914e-03
g2921,sa0,,,2.9297377914e-03
g1950_g2921_A,sa1,,,2.9297377914e-03
g3326,sa0,30,0,2.9297359288e-03
g2734_g3326_A,sa0,,,2.9297359288e-03
g1891_g3326_B,sa0,,,2.9297359288e-03
g3317,sa0,30,0,2.9297359288e-03
g2722_g3317_A,sa0,,,2.9297359288e-03
g2895,sa0,,,2.9297359288e-03
g1894_g2895_A,sa1,,,2.9297359288e-03
g4045,sa1,60,0,6.2446594238e-02
g3362,sa0,2,1,1.5625000000e-02
g3031_g3362_A,sa0,,,1.5625000000e-02
g2740_g3362_B,sa0,,,1.5625000000e-02
g3820,sa1,16,1,4.6875000000e-01
g3287,sa1,,,4.6875000000e-01
g2671,sa1,,,4.6875000000e-01
g3614,sa0,1,1,4.8828125000e-04
g2998_g3614_A,sa0,,,4.8828125000e-04
g2691,sa0,,,4.8828125000e-04
g2317_g2691_A,sa1,,,4.8828125000e-04
g3641,sa0,1,1,4.8828125000e-04
g2644_g3641_A,sa0,,,4.8828125000e-04
g2333_g3641_B,sa0,,,4.8828125000e-04
g3632,sa0,1,1,4.8828125000e-04
g3043_g3632_A,sa0,,,4.8828125000e-04
g2743,sa0,,,4.8828125000e-04
g2333_g2743_A,sa1,,,4.8828125000e-04
g3650,sa0,1,1,4.8828125000e-04
g2660_g3650_A,sa0,,,4.8828125000e-04
g2347_g3650_B,sa0,,,4.8828125000e-04
g2804,sa0,30,0,1.7330192836e-11
II4009,sa0,,,1.7330192836e-11
g292_II4009_A,sa0,,,1.7330192836e-11
II4008_II4009_B,sa0,,,1.7330192836e-11
II4010,sa0,,,1.7330192836e-11
g2568_II4010_A,sa0,,,1.7330192836e-11
II4008_II4010_B,sa0,,,1.7330192836e-11
g3345,sa0,30,0,1.8634551679e-09
g236_g3345_A,sa0,,,1.8634551679e-09
g2886,sa0,,,1.8634551679e-09
g1966_g2886_A,sa1,,,1.8634551679e-09
g3372,sa0,30,0,1.8634551679e-09
g254_g3372_A,sa0,,,1.8634551679e-09
g2905,sa0,,,1.8634551679e-09
g1994_g2905_A,sa1,,,1.8634551679e-09
g3461,sa1,30,0,2.7269124985e-06
g2986_g3461_A,sa0,,,2.7269124985e-06
g3381,sa0,30,0,2.9297359288e-03
g3128_g3381_A,sa0,,,2.9297359288e-03
g1998_g3381_B,sa0,,,2.9297359288e-03
g3336,sa0,30,0,2.9297359288e-03
g2760_g3336_A,sa0,,,2.9297359288e-03
g1911_g3336_B,sa0,,,2.9297359288e-03
g3327,sa0,30,0,2.9297359288e-03
g2772_g3327_A,sa0,,,2.9297359288e-03
g2906,sa0,,,2.9297359288e-03
g1911_g2906_A,sa1,,,2.9297359288e-03
g3831,sa0,27,1,2.4414062500e-03
g2330_g3831_A,sa0,,,2.4414062500e-03
g3425_g3831_B,sa0,,,2.4414062500e-03
g3642,sa0,1,1,4.8828125000e-04
g3054_g3642_A,sa0,,,4.8828125000e-04
g2754,sa0,,,4.8828125000e-04
g2347_g2754_A,sa1,,,4.8828125000e-04
g3651,sa0,1,1,4.8828125000e-04
g3064_g3651_A,sa0,,,4.8828125000e-04
g2766,sa0,,,4.8828125000e-04
g2361_g2766_A,sa1,,,4.8828125000e-04
g3912,sa0,6,1,3.1250000000e-02
g3505_g3912_A,sa1,,,3.1250000000e-02
g3921,sa0,6,1,3.1250000000e-02
g3512_g3921_A,sa1,,,3.1250000000e-02
g3813,sa1,1,1,3.1250000000e-02
g3258,sa0,,,3.1250000000e-02
II4537,sa1,,,3.1250000000e-02
g2877_II4537_A,sa0,,,3.1250000000e-02
g2607,sa1,16,1,2.3437500000e-01
g3670,sa0,30,0,5.2007065723e-04
g2234_g3670_A,sa0,,,5.2007065723e-04
g2792,sa0,,,5.2007065723e-04
g2416_g2792_A,sa1,,,5.2007065723e-04
g3480,sa1,30,0,2.7269124985e-06
g2986_g3480_A,sa0,,,2.7269124985e-06
g3525,sa1,30,0,7.4174479892e-08
g3382,sa0,30,0,2.9297359288e-03
g3136_g3382_A,sa0,,,2.9297359288e-03
g2934,sa0,,,2.9297359288e-03
g2004_g2934_A,sa1,,,2.9297359288e-03
g3337,sa0,30,0,2.9297359288e-03
g2796_g3337_A,sa0,,,2.9297359288e-03
g2913,sa0,,,2.9297359288e-03
g1925_g2913_A,sa1,,,2.9297359288e-03
g3328,sa0,30,0,4.8828572035e-03
g2701_g3328_A,sa0,,,4.8828572035e-03
g1894_g3328_B,sa0,,,4.8828572035e-03
g3373,sa0,30,0,2.9297359288e-03
g3118_g3373_A,sa0,,,2.9297359288e-03
g2927,sa0,,,2.9297359288e-03
g1979_g2927_A,sa1,,,2.9297359288e-03
g3634,sa0,30,0,2.7483701706e-04
g2179_g3634_A,sa0,,,2.7483701706e-04
g2744,sa0,,,2.7483701706e-04
g2336_g2744_A,sa1,,,2.7483701706e-04
g3661,sa0,30,0,2.6366114616e-04
g2234_g3661_A,sa0,,,2.6366114616e-04
g2778,sa0,,,2.6366114616e-04
g2391_g2778_A,sa1,,,2.6366114616e-04
g3903,sa1,30,0,9.2774797231e-02
g3505_g3903_A,sa1,,,9.2774797231e-02
g471_g3903_B,sa1,,,9.2774797231e-02
g3283,sa0,2,1,1.5625000000e-02
g2609_g3283_A,sa0,,,1.5625000000e-02
g2622_g3283_B,sa0,,,1.5625000000e-02
g3319,sa0,2,1,1.5625000000e-02
g2688_g3319_A,sa0,,,1.5625000000e-02
g2675_g3319_B,sa0,,,1.5625000000e-02
g3625,sa0,1,1,4.8828125000e-04
g2619_g3625_A,sa0,,,4.8828125000e-04
g2320_g3625_B,sa0,,,4.8828125000e-04
g3293,sa0,0,1,0.0000000000e+00
g212_g3293_A,sa0,,,0.0000000000e+00
g2864,sa0,,,0.0000000000e+00
g1887_g2864_A,sa1,,,0.0000000000e+00
g3356,sa0,30,0,1.8633770082e-09
g248_g3356_A,sa0,,,1.8633770082e-09
g2888,sa0,,,1.8633770082e-09
g1972_g2888_A,sa1,,,1.8633770082e-09
g3365,sa0,30,0,1.8633770082e-09
g254_g3365_A,sa0,,,1.8633770082e-09
g2892,sa0,,,1.8633770082e-09
g1982_g2892_A,sa1,,,1.8633770082e-09
g3680,sa0,30,0,5.2007065723e-04
g2245_g3680_A,sa0,,,5.2007065723e-04
g2805,sa0,,,5.2007065723e-04
g2443_g2805_A,sa1,,,5.2007065723e-04
g3481,sa1,2,1,7.8125000000e-03
g2612_g3481_A,sa0,,,7.8125000000e-03
g3517,sa1,30,0,7.4174479892e-08
g3535,sa1,30,0,7.4174479892e-08
g3526,sa1,30,0,7.8597736319e-08
g3544,sa1,30,0,2.5292365535e-07
g3338,sa0,30,0,2.9297359288e-03
g3162_g3338_A,sa0,,,2.9297359288e-03
g2914,sa0,,,2.9297359288e-03
g1928_g2914_A,sa1,,,2.9297359288e-03
g3383,sa0,30,0,2.9297359288e-03
g3128_g3383_A,sa0,,,2.9297359288e-03
g2004_g3383_B,sa0,,,2.9297359288e-03
g3329,sa0,30,0,2.9297359288e-03
g2748_g3329_A,sa0,,,2.9297359288e-03
g2907,sa0,,,2.9297359288e-03
g1914_g2907_A,sa1,,,2.9297359288e-03
g3374,sa0,30,0,2.9297377914e-03
g2809_g3374_A,sa0,,,2.9297377914e-03
g1969_g3374_B,sa0,,,2.9297377914e-03
g3644,sa0,30,0,2.7483701706e-04
g2197_g3644_A,sa0,,,2.7483701706e-04
g2755,sa0,,,2.7483701706e-04
g2350_g2755_A,sa1,,,2.7483701706e-04
g3653,sa0,30,0,2.6366114616e-04
g2215_g3653_A,sa0,,,2.6366114616e-04
g2767,sa0,,,2.6366114616e-04
g2364_g2767_A,sa1,,,2.6366114616e-04
g3554,sa0,30,0,1.8072128296e-04
g2941_g3554_A,sa0,,,1.8072128296e-04
g179_g3554_B,sa0,,,1.8072128296e-04
g3617,sa0,1,1,4.8828125000e-04
g2609_g3617_A,sa0,,,4.8828125000e-04
g2317_g3617_B,sa0,,,4.8828125000e-04
g3626,sa0,1,1,4.8828125000e-04
g3031_g3626_A,sa0,,,4.8828125000e-04
g2727,sa0,,,4.8828125000e-04
g2324_g2727_A,sa1,,,4.8828125000e-04
g3608,sa0,1,1,4.8828125000e-04
g2599_g3608_A,sa0,,,4.8828125000e-04
g2308_g3608_B,sa0,,,4.8828125000e-04
g3671,sa0,1,1,4.8828125000e-04
g2760_g3671_A,sa0,,,4.8828125000e-04
g2405_g3671_B,sa0,,,4.8828125000e-04
g1534_II3170_A,sa1,30,0,2.4169921875e-02
g2933,sa1,3,1,2.5000000000e-01
II4123,sa0,,,2.5000000000e-01
g2043,sa1,,,2.5000000000e-01
II3158,sa0,,,2.5000000000e-01
g1829,sa1,,,2.5000000000e-01
g2960,sa1,16,1,2.3437500000e-01
g3357,sa0,30,0,1.8634551679e-09
g242_g3357_A,sa0,,,1.8634551679e-09
g2889,sa0,,,1.8634551679e-09
g1975_g2889_A,sa1,,,1.8634551679e-09
g3366,sa0,30,0,1.8634551679e-09
g248_g3366_A,sa0,,,1.8634551679e-09
g2893,sa0,,,1.8634551679e-09
g1985_g2893_A,sa1,,,1.8634551679e-09
g3375,sa0,30,0,1.4003551743e-03
g260_g3375_A,sa0,,,1.4003551743e-03
g2912,sa0,,,1.4003551743e-03
g2001_g2912_A,sa1,,,1.4003551743e-03
g3681,sa0,30,0,5.2007065723e-04
g2234_g3681_A,sa0,,,5.2007065723e-04
g2806,sa0,,,5.2007065723e-04
g2446_g2806_A,sa1,,,5.2007065723e-04
g3518,sa1,30,0,6.9343244036e-08
g3536,sa1,30,0,7.8597736319e-08
g3339,sa0,30,0,2.9297359288e-03
g2734_g3339_A,sa0,,,2.9297359288e-03
g1914_g3339_B,sa0,,,2.9297359288e-03
g3663,sa0,30,0,4.7144293785e-04
g2215_g3663_A,sa0,,,4.7144293785e-04
g2779,sa0,,,4.7144293785e-04
g2394_g2779_A,sa1,,,4.7144293785e-04
g3690,sa0,30,0,2.7526170015e-04
g2276_g3690_A,sa0,,,2.7526170015e-04
g2827,sa0,,,2.7526170015e-04
g2485_g2827_A,sa1,,,2.7526170015e-04
g3905,sa1,30,0,9.2774290591e-02
g3512_g3905_A,sa1,,,9.2774290591e-02
g478_g3905_B,sa1,,,9.2774290591e-02
g3554,sa1,56,0,1.7528533936e-03
g3924,sa0,0,1,0.0000000000e+00
g3505_g3924_A,sa0,,,0.0000000000e+00
g471_g3924_B,sa0,,,0.0000000000e+00
g3941,sa1,16,1,4.6875000000e-01
g3479,sa1,,,4.6875000000e-01
g2873,sa1,,,4.6875000000e-01
g3843,sa0,30,0,4.8427875043e-08
g2856,sa0,,,4.8427875043e-08
g2010_g2856_A,sa1,,,4.8427875043e-08
g945,sa0,,,4.8427875043e-08
g536_g945_A,sa1,,,4.8427875043e-08
g3533,sa0,,,4.8427875043e-08
g3609,sa0,1,1,4.8828125000e-04
g2706_g3609_A,sa0,,,4.8828125000e-04
g2678,sa0,,,4.8828125000e-04
g2312_g2678_A,sa1,,,4.8828125000e-04
g3618,sa0,1,1,4.8828125000e-04
g3016_g3618_A,sa0,,,4.8828125000e-04
g2712,sa0,,,4.8828125000e-04
g2320_g2712_A,sa1,,,4.8828125000e-04
g3672,sa0,1,1,4.8828125000e-04
g3136_g3672_A,sa0,,,4.8828125000e-04
g2800,sa0,,,4.8828125000e-04
g2430_g2800_A,sa1,,,4.8828125000e-04
g3636,sa0,1,1,4.8828125000e-04
g2701_g3636_A,sa0,,,4.8828125000e-04
g2327_g3636_B,sa0,,,4.8828125000e-04
g4049,sa1,12,1,9.6130371094e-04
g3709,sa0,0,1,0.0000000000e+00
g2284_g3709_A,sa0,,,0.0000000000e+00
g2845,sa0,,,0.0000000000e+00
g2565_g2845_A,sa1,,,0.0000000000e+00
g3465,sa1,30,0,2.3543834686e-06
g2986_g3465_A,sa0,,,2.3543834686e-06
g3519,sa1,2,1,7.8125000000e-03
g2740_g3519_A,sa0,,,7.8125000000e-03
g3349,sa0,30,0,2.9297359288e-03
g2783_g3349_A,sa0,,,2.9297359288e-03
g1925_g3349_B,sa0,,,2.9297359288e-03
g3376,sa0,30,0,2.9297359288e-03
g3104_g3376_A,sa0,,,2.9297359288e-03
g1979_g3376_B,sa0,,,2.9297359288e-03
g3367,sa0,30,0,2.9297359288e-03
g2809_g3367_A,sa0,,,2.9297359288e-03
g1960_g3367_B,sa0,,,2.9297359288e-03
g3646,sa0,30,0,5.1248073578e-04
g2179_g3646_A,sa0,,,5.1248073578e-04
g2756,sa0,,,5.1248073578e-04
g2353_g2756_A,sa1,,,5.1248073578e-04
g3655,sa0,30,0,5.1248073578e-04
g2197_g3655_A,sa0,,,5.1248073578e-04
g2768,sa0,,,5.1248073578e-04
g2367_g2768_A,sa1,,,5.1248073578e-04
g3691,sa0,30,0,4.7144293785e-04
g2268_g3691_A,sa0,,,4.7144293785e-04
g2828,sa0,,,4.7144293785e-04
g2488_g2828_A,sa1,,,4.7144293785e-04
g3295,sa0,2,1,1.5625000000e-02
g2660_g3295_A,sa0,,,1.5625000000e-02
g2647_g3295_B,sa0,,,1.5625000000e-02
g3637,sa0,1,1,4.8828125000e-04
g2822_g3637_A,sa0,,,4.8828125000e-04
g2752,sa0,,,4.8828125000e-04
g2343_g2752_A,sa1,,,4.8828125000e-04
g3682,sa0,1,1,4.8828125000e-04
g2772_g3682_A,sa0,,,4.8828125000e-04
g2430_g3682_B,sa0,,,4.8828125000e-04
g3692,sa0,30,0,5.2934727100e-04
g2268_g3692_A,sa0,,,5.2934727100e-04
g2829,sa0,,,5.2934727100e-04
g2491_g2829_A,sa1,,,5.2934727100e-04
g3538,sa1,30,0,2.7434617778e-07
g3529,sa1,30,0,7.4174479892e-08
g3359,sa0,30,0,2.9297359288e-03
g2822_g3359_A,sa0,,,2.9297359288e-03
g2922,sa0,,,2.9297359288e-03
g1960_g2922_A,sa1,,,2.9297359288e-03
g3377,sa0,30,0,2.9297359288e-03
g3118_g3377_A,sa0,,,2.9297359288e-03
g2931,sa0,,,2.9297359288e-03
g1988_g2931_A,sa1,,,2.9297359288e-03
g3368,sa0,30,0,2.9297359288e-03
g2822_g3368_A,sa0,,,2.9297359288e-03
g2923,sa0,,,2.9297359288e-03
g1969_g2923_A,sa1,,,2.9297359288e-03
g3296,sa0,2,1,1.5625000000e-02
g3054_g3296_A,sa0,,,1.5625000000e-02
g2650_g3296_B,sa0,,,1.5625000000e-02
g3665,sa0,1,1,4.8828125000e-04
g2748_g3665_A,sa0,,,4.8828125000e-04
g2378_g3665_B,sa0,,,4.8828125000e-04
g3683,sa0,1,1,4.8828125000e-04
g3150_g3683_A,sa0,,,4.8828125000e-04
g2813,sa0,,,4.8828125000e-04
g2457_g2813_A,sa1,,,4.8828125000e-04
g3629,sa0,1,1,4.8828125000e-04
g2809_g3629_A,sa0,,,4.8828125000e-04
g2738,sa0,,,4.8828125000e-04
g2327_g2738_A,sa1,,,4.8828125000e-04
g3522_II4920_A,sa1,6,1,2.4609375000e-01
g3693,sa0,30,0,5.2934727100e-04
g2256_g3693_A,sa0,,,5.2934727100e-04
g2830,sa0,,,5.2934727100e-04
g2494_g2830_A,sa1,,,5.2934727100e-04
g3485,sa1,30,0,2.3543834686e-06
g2986_g3485_A,sa0,,,2.3543834686e-06
g3539,sa1,30,0,7.8597736319e-08
g3378,sa0,30,0,2.9297359288e-03
g3136_g3378_A,sa0,,,2.9297359288e-03
g2932,sa0,,,2.9297359288e-03
g1998_g2932_A,sa1,,,2.9297359288e-03
g3684,sa0,30,0,2.7526170015e-04
g2268_g3684_A,sa0,,,2.7526170015e-04
g2817,sa0,,,2.7526170015e-04
g2461_g2817_A,sa1,,,2.7526170015e-04
g3279,sa0,2,1,1.5625000000e-02
g2599_g3279_A,sa0,,,1.5625000000e-02
g2612_g3279_B,sa0,,,1.5625000000e-02
g3288,sa0,2,1,1.5625000000e-02
g2631_g3288_A,sa0,,,1.5625000000e-02
g2634_g3288_B,sa0,,,1.5625000000e-02
g3648,sa0,1,1,4.8828125000e-04
g2722_g3648_A,sa0,,,4.8828125000e-04
g2343_g3648_B,sa0,,,4.8828125000e-04
g3657,sa0,1,1,4.8828125000e-04
g2734_g3657_A,sa0,,,4.8828125000e-04
g2357_g3657_B,sa0,,,4.8828125000e-04
g3666,sa0,1,1,4.8828125000e-04
g3128_g3666_A,sa0,,,4.8828125000e-04
g2787,sa0,,,4.8828125000e-04
g2405_g2787_A,sa1,,,4.8828125000e-04
g1540_II3168_A,sa1,30,0,2.4169921875e-02
g3421_II5292_A,sa1,6,1,2.4609375000e-01
g3388,sa0,30,0,9.5364521258e-07
II4667,sa1,,,9.5364521258e-07
g2908,sa0,,,9.5364521258e-07
g3379,sa0,30,0,2.9297359288e-03
g3104_g3379_A,sa0,,,2.9297359288e-03
g1988_g3379_B,sa0,,,2.9297359288e-03
g3667,sa0,30,0,2.7532875538e-04
g2245_g3667_A,sa0,,,2.7532875538e-04
g2789,sa0,,,2.7532875538e-04
g2410_g2789_A,sa1,,,2.7532875538e-04
g3685,sa0,30,0,5.0483644009e-04
g2256_g3685_A,sa0,,,5.0483644009e-04
g2818,sa0,,,5.0483644009e-04
g2464_g2818_A,sa1,,,5.0483644009e-04
g3694,sa0,30,0,1.6448087990e-05
g3147_g3694_A,sa0,,,1.6448087990e-05
g64_g3694_B,sa0,,,1.6448087990e-05
g3928,sa0,0,1,0.0000000000e+00
g3512_g3928_A,sa0,,,0.0000000000e+00
g478_g3928_B,sa0,,,0.0000000000e+00
g3649,sa0,1,1,4.8828125000e-04
g3104_g3649_A,sa0,,,4.8828125000e-04
g2764,sa0,,,4.8828125000e-04
g2357_g2764_A,sa1,,,4.8828125000e-04
g3658,sa0,1,1,4.8828125000e-04
g3118_g3658_A,sa0,,,4.8828125000e-04
g2776,sa0,,,4.8828125000e-04
g2378_g2776_A,sa1,,,4.8828125000e-04
g1540_II3169_A,sa1,30,0,2.4169921875e-02
g3421_II5293_A,sa1,6,1,2.4609375000e-01
g2857,sa1,3,1,2.5000000000e-01
II4059,sa0,,,2.5000000000e-01
g1878,sa1,,,2.5000000000e-01
II2973,sa0,,,2.5000000000e-01
g1687,sa1,,,2.5000000000e-01
g3686,sa0,30,0,5.2934727100e-04
g2256_g3686_A,sa0,,,5.2934727100e-04
g2819,sa0,,,5.2934727100e-04
g2467_g2819_A,sa1,,,5.2934727100e-04
g3487,sa1,2,1,7.8125000000e-03
g2622_g3487_A,sa0,,,7.8125000000e-03
g3388,sa1,30,0,2.3123294115e-01
II4667,sa0,,,2.3123294115e-01
g2908,sa1,,,2.3123294115e-01
g536_g2908_A,sa1,,,2.3123294115e-01
g2010_g2908_B,sa1,,,2.3123294115e-01
g541_g2908_C,sa1,,,2.3123294115e-01
g3694,sa1,60,0,1.7241574824e-04
g3659,sa0,1,1,4.8828125000e-04
g2672_g3659_A,sa0,,,4.8828125000e-04
g2361_g3659_B,sa0,,,4.8828125000e-04
g3687,sa0,30,0,5.2007065723e-04
g2245_g3687_A,sa0,,,5.2007065723e-04
g2820,sa0,,,5.2007065723e-04
g2470_g2820_A,sa1,,,5.2007065723e-04
g3669,sa0,30,0,4.7144293785e-04
g2234_g3669_A,sa0,,,4.7144293785e-04
g2790,sa0,,,4.7144293785e-04
g2413_g2790_A,sa1,,,4.7144293785e-04
g3678,sa0,30,0,2.7532875538e-04
g2256_g3678_A,sa0,,,2.7532875538e-04
g2802,sa0,,,2.7532875538e-04
g2437_g2802_A,sa1,,,2.7532875538e-04
g3498,sa1,2,1,7.8125000000e-03
g2634_g3498_A,sa0,,,7.8125000000e-03
g3679,sa0,30,0,5.0483644009e-04
g2245_g3679_A,sa0,,,5.0483644009e-04
g2803,sa0,,,5.0483644009e-04
g2440_g2803_A,sa1,,,5.0483644009e-04
g3688,sa0,1,1,4.8828125000e-04
g2783_g3688_A,sa0,,,4.8828125000e-04
g2457_g3688_B,sa0,,,4.8828125000e-04
g3697,sa0,1,1,4.8828125000e-04
g2796_g3697_A,sa0,,,4.8828125000e-04
g2481_g3697_B,sa0,,,4.8828125000e-04
g2995,sa0,22,1,2.1875000000e-01
II4183,sa0,,,2.1875000000e-01
g2292_II4183_A,sa0,,,2.1875000000e-01
II4182_II4183_B,sa0,,,2.1875000000e-01
II4184,sa0,,,2.1875000000e-01
g749_II4184_A,sa0,,,2.1875000000e-01
II4182_II4184_B,sa0,,,2.1875000000e-01
g3958,sa1,30,0,4.3945759535e-03
g3316,sa1,,,4.3945759535e-03
g3326,sa1,,,4.3945759535e-03
g3769,sa1,30,0,7.1262219303e-04
g3622_g3769_A,sa0,,,7.1262219303e-04
g3877,sa1,1,1,9.7656250000e-04
g3651,sa1,,,9.7656250000e-04
g3659,sa1,,,9.7656250000e-04
g3886,sa1,30,0,8.1413984299e-04
g3346_g3886_A,sa0,,,8.1413984299e-04
g3779,sa1,6,1,3.0761718750e-02
g3466_g3779_A,sa0,,,3.0761718750e-02
g3788,sa1,6,1,3.0761718750e-02
g3466_g3788_A,sa0,,,3.0761718750e-02
g3959,sa1,30,0,6.8359747529e-03
g3352,sa1,,,6.8359747529e-03
g3360,sa1,,,6.8359747529e-03
g3977,sa1,30,0,1.5363271814e-05
g3653,sa1,,,1.5363271814e-05
g3113,sa1,,,1.5363271814e-05
g3986,sa1,30,0,1.8075254047e-05
g3667,sa1,,,1.8075254047e-05
g3133,sa1,,,1.8075254047e-05
g3995,sa1,30,0,1.8075254047e-05
g3690,sa1,,,1.8075254047e-05
g3170,sa1,,,1.8075254047e-05
g3869,sa1,1,1,9.7656250000e-04
g3642,sa1,,,9.7656250000e-04
g3650,sa1,,,9.7656250000e-04
g3896,sa1,1,1,9.7656250000e-04
g3689,sa1,,,9.7656250000e-04
g3697,sa1,,,9.7656250000e-04
g3978,sa1,30,0,1.2290775776e-03
g3655,sa1,,,1.2290775776e-03
g3117,sa1,,,1.2290775776e-03
g3987,sa1,30,0,1.2290775776e-03
g3669,sa1,,,1.2290775776e-03
g3134,sa1,,,1.2290775776e-03
g3996,sa1,30,0,1.2388229370e-03
g3691,sa1,,,1.2388229370e-03
g3171,sa1,,,1.2388229370e-03
g3888,sa1,1,1,9.7656250000e-04
g3672,sa1,,,9.7656250000e-04
g3682,sa1,,,9.7656250000e-04
g3898,sa1,8,1,3.1127929688e-02
g3575_g3898_A,sa0,,,3.1127929688e-02
g3899,sa0,5,1,4.3750000000e-01
g323_g3899_A,sa0,,,4.3750000000e-01
g3441_g3899_B,sa0,,,4.3750000000e-01
g3988,sa1,30,0,1.8075254047e-05
g3678,sa1,,,1.8075254047e-05
g3143,sa1,,,1.8075254047e-05
g3889,sa1,0,1,0.0000000000e+00
g3575_g3889_A,sa0,,,0.0000000000e+00
g3989,sa1,30,0,1.2388229370e-03
g3679,sa1,,,1.2388229370e-03
g3144,sa1,,,1.2388229370e-03
g3998,sa1,30,0,5.6922435760e-05
g3698,sa1,,,5.6922435760e-05
g3180,sa1,,,5.6922435760e-05
g3999,sa1,30,0,1.2280941010e-03
g3699,sa1,,,1.2280941010e-03
g3181,sa1,,,1.2280941010e-03
II5300_II5301_B,sa1,30,0,9.0820908546e-02
II5300_II5302_B,sa1,30,0,9.0820908546e-02
II5351,sa1,120,0,2.9186668371e-07
II5360,sa1,120,0,4.8871686431e-07
II5243,sa1,30,0,2.1209716797e-03
II5270,sa1,30,0,2.1209716797e-03
II5352,sa1,120,0,4.9686961745e-07
II5208,sa1,30,0,9.1552734375e-04
II5244,sa1,30,0,2.1209716797e-03
II5271,sa1,30,0,2.1209716797e-03
II5209,sa1,30,0,9.1552734375e-04
II5227,sa1,30,0,2.1209716797e-03
II3168,sa0,30,0,2.7587890625e-02
g1540_II3168_A,sa0,,,2.7587890625e-02
g1534_II3168_B,sa0,,,2.7587890625e-02
II5228,sa1,30,0,2.1209716797e-03
II5292,sa0,7,1,2.5000000000e-01
g3421_II5292_A,sa0,,,2.5000000000e-01
g625_II5292_B,sa0,,,2.5000000000e-01
II3168,sa1,30,0,2.4902343750e-02
II4527,sa1,1,1,7.8125000000e-03
II5292,sa1,1,1,3.9062500000e-03
II4528,sa1,5,1,2.4218750000e-01
II4546,sa1,4,1,7.3242187500e-03
II4547,sa1,16,1,2.1972656250e-01
II5258,sa1,30,0,2.1209716797e-03
II5196,sa1,30,0,9.1552734375e-04
II5259,sa1,30,0,2.1209716797e-03
II5359,sa1,120,0,3.0513645299e-07
II4783,sa1,1,1,7.8125000000e-03
II4919,sa0,7,1,2.5000000000e-01
g3522_II4919_A,sa0,,,2.5000000000e-01
g650_II4919_B,sa0,,,2.5000000000e-01
II5188,sa1,30,0,9.1552734375e-04
II5197,sa1,30,0,9.1552734375e-04
II4784,sa1,5,1,2.4218750000e-01
II4919,sa1,1,1,3.9062500000e-03
II5189,sa1,30,0,9.1552734375e-04
II4939,sa0,20,1,2.2705078125e-01
g3437_II4939_A,sa0,,,2.2705078125e-01
g357_II4939_B,sa0,,,2.2705078125e-01
II5307_II5308_B,sa1,30,0,9.0820860118e-02
II4939,sa1,4,1,7.3242187500e-03
II5307_II5309_B,sa1,30,0,9.0820860118e-02
g4017_g4237_B,sa1,30,0,6.4697265625e-03
g3388_g4032_B,sa1,20,1,2.4987792969e-01
g3388_g4041_B,sa1,20,1,2.4987792969e-01
g3388_g4015_B,sa1,20,1,2.4987792969e-01
g3388_g4033_B,sa1,20,1,2.4987792969e-01
g3388_g4042_B,sa1,20,1,2.4987792969e-01
g3388_g4051_B,sa1,20,1,2.4987792969e-01
g3388_g4043_B,sa1,20,1,2.4987792969e-01
g3388_g4052_B,sa1,20,1,2.4987792969e-01
g3388_g4035_B,sa1,20,1,2.4987792969e-01
g3388_g4044_B,sa1,20,1,2.4987792969e-01
g3694_g4054_A,sa1,30,0,1.7136335373e-04
g3554_g4491_A,sa1,30,0,3.8681030273e-03
g3554_g3953_A,sa1,30,0,2.6769638062e-03
g3388_g4037_B,sa1,30,0,2.4524617195e-01
g3388_g4038_B,sa1,20,1,2.4987792969e-01
g3388_g4047_B,sa1,20,1,2.4987792969e-01
g3388_g4039_B,sa1,20,1,2.4987792969e-01
g3388_g4048_B,sa1,20,1,2.4987792969e-01
g3388_g4057_B,sa1,20,1,2.4987792969e-01
g3694_g4597_A,sa1,30,0,9.4604492188e-04
g3300,sa0,1,1,2.5000000000e-01
g2232,sa0,,,2.5000000000e-01
II3361,sa1,,,2.5000000000e-01
g1331,sa0,,,2.5000000000e-01
II2346,sa1,,,2.5000000000e-01
g1193_II2346_A,sa0,,,2.5000000000e-01
g2682_g3300_B,sa0,,,2.5000000000e-01
g4001,sa1,30,0,1.4591217041e-03
g3702,sa1,,,1.4591217041e-03
g3190,sa1,,,1.4591217041e-03
g3321,sa0,1,1,2.5000000000e-01
g2252,sa0,,,2.5000000000e-01
II3385,sa1,,,2.5000000000e-01
g1318,sa0,,,2.5000000000e-01
II2309,sa1,,,2.5000000000e-01
g1236_II2309_A,sa0,,,2.5000000000e-01
g2713_g3321_B,sa0,,,2.5000000000e-01
g3320,sa1,30,0,2.2508203983e-05
g3067_g3320_A,sa0,,,2.2508203983e-05
g4410,sa0,30,0,2.8320409358e-02
g3903,sa0,,,2.8320409358e-02
g1474_g4410_B,sa0,,,2.8320409358e-02
g3304,sa0,3,1,2.5000000000e-01
g2857,sa0,,,2.5000000000e-01
II4059,sa1,,,2.5000000000e-01
g1878,sa0,,,2.5000000000e-01
II2973,sa1,,,2.5000000000e-01
g1687,sa0,,,2.5000000000e-01
II2682,sa0,,,2.5000000000e-01
g918_II2682_A,sa0,,,2.5000000000e-01
II2681_II2682_B,sa0,,,2.5000000000e-01
II2683,sa0,,,2.5000000000e-01
g613_II2683_A,sa0,,,2.5000000000e-01
II2681_II2683_B,sa0,,,2.5000000000e-01
g1513,sa0,,,2.5000000000e-01
g878_g1513_A,sa1,,,2.5000000000e-01
g3610,sa0,30,0,4.8214197159e-04
g2397_g3610_A,sa0,,,4.8214197159e-04
g3034_g3610_B,sa0,,,4.8214197159e-04
g4500,sa1,30,0,9.6855750087e-08
g4243,sa1,,,9.6855750087e-08
g4053,sa1,,,9.6855750087e-08
g4058,sa1,,,9.6855750087e-08
g2010_g4500_B,sa1,,,9.6855750087e-08
g4410,sa1,60,0,1.9238417223e-01
g3323,sa0,1,1,2.5000000000e-01
g2253,sa0,,,2.5000000000e-01
II3388,sa1,,,2.5000000000e-01
g1324,sa0,,,2.5000000000e-01
II2327,sa1,,,2.5000000000e-01
g1222_II2327_A,sa0,,,2.5000000000e-01
g2716_g3323_B,sa0,,,2.5000000000e-01
g3322,sa1,30,0,4.5934372429e-04
g3070_g3322_A,sa0,,,4.5934372429e-04
g3331,sa1,30,0,2.2508203983e-05
g3076_g3331_A,sa0,,,2.2508203983e-05
g3305,sa0,12,1,2.0507812500e-01
g2960,sa0,,,2.0507812500e-01
II4151,sa0,,,2.0507812500e-01
g2551_II4151_A,sa0,,,2.0507812500e-01
II4150_II4151_B,sa0,,,2.0507812500e-01
II4152,sa0,,,2.0507812500e-01
g139_II4152_A,sa0,,,2.0507812500e-01
II4150_II4152_B,sa0,,,2.0507812500e-01
g2296_g3305_B,sa0,,,2.0507812500e-01
g4231,sa1,25,1,4.7167968750e-01
g3997,sa1,,,4.7167968750e-01
g4000,sa1,,,4.7167968750e-01
g1250_g4000_A,sa1,,,4.7167968750e-01
g3425_g4000_B,sa1,,,4.7167968750e-01
g3620,sa0,30,0,2.7510904738e-04
g2422_g3620_A,sa0,,,2.7510904738e-04
g3060_g3620_B,sa0,,,2.7510904738e-04
g3611,sa0,30,0,2.7292307323e-04
g2370_g3611_A,sa0,,,2.7292307323e-04
g3037_g3611_B,sa0,,,2.7292307323e-04
g4214,sa0,30,0,1.4948844910e-03
g1822,sa0,,,1.4948844910e-03
g1070_g1822_A,sa0,,,1.4948844910e-03
g1084_g1822_B,sa0,,,1.4948844910e-03
g4045,sa0,,,1.4948844910e-03
g3425_g4045_A,sa0,,,1.4948844910e-03
g123_g4045_B,sa0,,,1.4948844910e-03
g4107,sa0,1,1,5.0000000000e-01
II5403,sa1,,,5.0000000000e-01
g3970,sa0,,,5.0000000000e-01
II5236,sa1,,,5.0000000000e-01
g3545,sa0,,,5.0000000000e-01
g3085,sa1,,,5.0000000000e-01
II4324,sa0,,,5.0000000000e-01
g1918,sa1,,,5.0000000000e-01
II3019,sa0,,,5.0000000000e-01
g1755,sa1,,,5.0000000000e-01
II2776,sa0,,,5.0000000000e-01
g1192,sa1,,,5.0000000000e-01
g44,sa0,,,5.0000000000e-01
g4080,sa0,0,1,0.0000000000e+00
g3333,sa0,1,1,2.5000000000e-01
g2264,sa0,,,2.5000000000e-01
II3405,sa1,,,2.5000000000e-01
g1321,sa0,,,2.5000000000e-01
II2318,sa1,,,2.5000000000e-01
g1236_II2318_A,sa0,,,2.5000000000e-01
g2728_g3333_B,sa0,,,2.5000000000e-01
g3332,sa1,30,0,4.5560519447e-04
g3079_g3332_A,sa0,,,4.5560519447e-04
g3603,sa0,30,0,4.8214197159e-04
g2370_g3603_A,sa0,,,4.8214197159e-04
g3019_g3603_B,sa0,,,4.8214197159e-04
g4205,sa1,30,0,3.6859343201e-01
g3843,sa1,,,3.6859343201e-01
g541_g4205_B,sa1,,,3.6859343201e-01
g4233,sa0,21,1,6.2500000000e-02
g3810,sa0,2,1,3.9062500000e-03
g625_g3810_A,sa0,,,3.9062500000e-03
g3421_g3810_B,sa0,,,3.9062500000e-03
g4107,sa1,1,1,5.0000000000e-01
II5403,sa0,,,5.0000000000e-01
g3970,sa1,,,5.0000000000e-01
II5236,sa0,,,5.0000000000e-01
g3545,sa1,,,5.0000000000e-01
g3085,sa0,,,5.0000000000e-01
II4324,sa1,,,5.0000000000e-01
g1918,sa0,,,5.0000000000e-01
II3019,sa1,,,5.0000000000e-01
g1755,sa0,,,5.0000000000e-01
II2776,sa1,,,5.0000000000e-01
g1192,sa0,,,5.0000000000e-01
g44,sa1,,,5.0000000000e-01
g3900,sa1,8,1,3.1127929688e-02
g3575_g3900_A,sa0,,,3.1127929688e-02
g4080,sa1,0,1,0.0000000000e+00
g3302,sa1,,,0.0000000000e+00
g2700,sa1,,,0.0000000000e+00
g3280,sa0,1,1,2.5000000000e-01
g2177,sa0,,,2.5000000000e-01
II3322,sa1,,,2.5000000000e-01
g1333,sa0,,,2.5000000000e-01
II2352,sa1,,,2.5000000000e-01
g1161_II2352_A,sa0,,,2.5000000000e-01
g2637_g3280_B,sa0,,,2.5000000000e-01
g3307,sa0,1,1,2.5000000000e-01
g2242,sa0,,,2.5000000000e-01
II3373,sa1,,,2.5000000000e-01
g1320,sa0,,,2.5000000000e-01
II2315,sa1,,,2.5000000000e-01
g1222_II2315_A,sa0,,,2.5000000000e-01
g2692_g3307_B,sa0,,,2.5000000000e-01
g3306,sa1,30,0,2.4206936359e-05
g3057_g3306_A,sa0,,,2.4206936359e-05
g3342,sa1,30,0,2.1457672119e-05
g3086_g3342_A,sa0,,,2.1457672119e-05
g4234,sa0,19,1,6.2500000000e-02
g2731,sa0,30,0,1.7330192836e-11
II3894,sa0,,,1.7330192836e-11
g286_II3894_A,sa0,,,1.7330192836e-11
II3893_II3894_B,sa0,,,1.7330192836e-11
II3895,sa0,,,1.7330192836e-11
g2422_II3895_A,sa0,,,1.7330192836e-11
II3893_II3895_B,sa0,,,1.7330192836e-11
g3810,sa1,16,1,4.9609375000e-01
g3821,sa0,6,1,6.2644958496e-02
g3901,sa1,8,1,3.1127929688e-02
g3575_g3901_A,sa0,,,3.1127929688e-02
g3281,sa0,1,1,2.5000000000e-01
g2178,sa0,,,2.5000000000e-01
II3325,sa1,,,2.5000000000e-01
g1340,sa0,,,2.5000000000e-01
II2373,sa1,,,2.5000000000e-01
g1143_II2373_A,sa0,,,2.5000000000e-01
g2640_g3281_B,sa0,,,2.5000000000e-01
g3290,sa0,1,1,2.5000000000e-01
g2213,sa0,,,2.5000000000e-01
II3346,sa1,,,2.5000000000e-01
g1327,sa0,,,2.5000000000e-01
II2334,sa1,,,2.5000000000e-01
g1193_II2334_A,sa0,,,2.5000000000e-01
g2664_g3290_B,sa0,,,2.5000000000e-01
g3343,sa1,30,0,4.5560519447e-04
g3090_g3343_A,sa0,,,4.5560519447e-04
g3370,sa1,30,0,8.1133987987e-04
g3124_g3370_A,sa0,,,8.1133987987e-04
g3451,sa1,3,1,1.0937500000e-01
g2615_g3451_A,sa0,,,1.0937500000e-01
g3460,sa1,20,1,1.2792968750e-01
g2667_g3460_A,sa0,,,1.2792968750e-01
g3821,sa1,5,1,7.6293945313e-05
g2951,sa1,,,7.6293945313e-05
g3466_g3821_B,sa1,,,7.6293945313e-05
g3902,sa1,8,1,3.1127929688e-02
g3575_g3902_A,sa0,,,3.1127929688e-02
g4074,sa0,0,1,0.0000000000e+00
g4092,sa0,0,1,0.0000000000e+00
g3309,sa0,1,1,2.5000000000e-01
g2243,sa0,,,2.5000000000e-01
II3376,sa1,,,2.5000000000e-01
g1328,sa0,,,2.5000000000e-01
II2337,sa1,,,2.5000000000e-01
g1209_II2337_A,sa0,,,2.5000000000e-01
g2695_g3309_B,sa0,,,2.5000000000e-01
g3660,sa0,30,0,1.2032091618e-03
g2568_g3660_A,sa0,,,1.2032091618e-03
g3110_g3660_B,sa0,,,1.2032091618e-03
g3308,sa1,30,0,4.5934372429e-04
g3060_g3308_A,sa0,,,4.5934372429e-04
g3615,sa0,30,0,5.5363774300e-04
g2422_g3615_A,sa0,,,5.5363774300e-04
g3046_g3615_B,sa0,,,5.5363774300e-04
g3633,sa0,30,0,5.5337697268e-04
g2497_g3633_A,sa0,,,5.5337697268e-04
g3076_g3633_B,sa0,,,5.5337697268e-04
g4416,sa0,30,0,2.9297158122e-02
g3905,sa0,,,2.9297158122e-02
g1481_g4416_B,sa0,,,2.9297158122e-02
g3452,sa1,6,1,1.0937500000e-01
g2625_g3452_A,sa0,,,1.0937500000e-01
g3733,sa0,0,1,0.0000000000e+00
g4074,sa1,0,1,0.0000000000e+00
g3301,sa1,,,0.0000000000e+00
g2699,sa1,,,0.0000000000e+00
g4092,sa1,0,1,0.0000000000e+00
g3311,sa1,,,0.0000000000e+00
g2721,sa1,,,0.0000000000e+00
g3292,sa0,1,1,2.5000000000e-01
g2214,sa0,,,2.5000000000e-01
II3349,sa1,,,2.5000000000e-01
g1334,sa0,,,2.5000000000e-01
II2355,sa1,,,2.5000000000e-01
g1177_II2355_A,sa0,,,2.5000000000e-01
g2667_g3292_B,sa0,,,2.5000000000e-01
g3760,sa0,18,1,4.9902343750e-01
g548_g3760_A,sa0,,,4.9902343750e-01
g3465,sa0,,,4.9902343750e-01
g2986_g3465_A,sa1,,,4.9902343750e-01
g3930,sa1,30,0,1.0253941640e-02
g3317,sa1,,,1.0253941640e-02
g3328,sa1,,,1.0253941640e-02
g3291,sa1,30,0,4.6235375885e-04
g3037_g3291_A,sa0,,,4.6235375885e-04
g3354,sa1,30,0,2.1457672119e-05
g3096_g3354_A,sa0,,,2.1457672119e-05
g3363,sa1,30,0,6.4931809902e-05
g3110_g3363_A,sa0,,,6.4931809902e-05
g3652,sa0,30,0,5.4219365120e-04
g2544_g3652_A,sa0,,,5.4219365120e-04
g3096_g3652_B,sa0,,,5.4219365120e-04
g3643,sa0,30,0,5.4219365120e-04
g2518_g3643_A,sa0,,,5.4219365120e-04
g3086_g3643_B,sa0,,,5.4219365120e-04
g3616,sa0,30,0,2.7292307323e-04
g2397_g3616_A,sa0,,,2.7292307323e-04
g3049_g3616_B,sa0,,,2.7292307323e-04
g3453,sa1,3,1,1.0937500000e-01
g2628_g3453_A,sa0,,,1.0937500000e-01
g4416,sa1,60,0,1.6479577497e-01
g3462,sa1,18,1,1.2500000000e-01
g2679_g3462_A,sa0,,,1.2500000000e-01
g3904,sa1,8,1,3.1127929688e-02
g3575_g3904_A,sa0,,,3.1127929688e-02
g3733,sa1,0,1,0.0000000000e+00
g3325,sa1,,,0.0000000000e+00
g2733,sa1,,,0.0000000000e+00
g3275,sa0,1,1,2.5000000000e-01
g2172,sa0,,,2.5000000000e-01
II3307,sa1,,,2.5000000000e-01
g1339,sa0,,,2.5000000000e-01
II2370,sa1,,,2.5000000000e-01
g1123_II2370_A,sa0,,,2.5000000000e-01
g2615_g3275_B,sa0,,,2.5000000000e-01
g3931,sa1,30,0,6.8359747529e-03
g3353,sa1,,,6.8359747529e-03
g3361,sa1,,,6.8359747529e-03
g3355,sa1,30,0,4.5669132214e-04
g3100_g3355_A,sa0,,,4.5669132214e-04
g3364,sa1,30,0,4.5669132214e-04
g3114_g3364_A,sa0,,,4.5669132214e-04
g3662,sa0,30,0,2.5114685559e-04
g2544_g3662_A,sa0,,,2.5114685559e-04
g3114_g3662_B,sa0,,,2.5114685559e-04
g3635,sa0,30,0,2.6888178553e-04
g2473_g3635_A,sa0,,,2.6888178553e-04
g3079_g3635_B,sa0,,,2.6888178553e-04
g3463,sa1,13,1,1.4404296875e-01
g2682_g3463_A,sa0,,,1.4404296875e-01
g3841,sa1,1,1,9.7656250000e-04
g3614,sa1,,,9.7656250000e-04
g3617,sa1,,,9.7656250000e-04
g2780,sa0,30,0,1.7330192836e-11
II3971,sa0,,,1.7330192836e-11
g290_II3971_A,sa0,,,1.7330192836e-11
II3970_II3971_B,sa0,,,1.7330192836e-11
II3972,sa0,,,1.7330192836e-11
g2518_II3972_A,sa0,,,1.7330192836e-11
II3970_II3972_B,sa0,,,1.7330192836e-11
g3942,sa0,6,1,6.2504529953e-02
g4059,sa0,30,1,5.8593750000e-02
g4086,sa0,0,1,0.0000000000e+00
g4068,sa0,0,1,0.0000000000e+00
g3285,sa0,1,1,2.5000000000e-01
g2195,sa0,,,2.5000000000e-01
II3334,sa1,,,2.5000000000e-01
g1330,sa0,,,2.5000000000e-01
II2343,sa1,,,2.5000000000e-01
g1177_II2343_A,sa0,,,2.5000000000e-01
g2653_g3285_B,sa0,,,2.5000000000e-01
g3923,sa1,30,0,4.3945759535e-03
g3378,sa1,,,4.3945759535e-03
g3381,sa1,,,4.3945759535e-03
g3284,sa1,30,0,1.7955899239e-05
g3019_g3284_A,sa0,,,1.7955899239e-05
g3780,sa0,2,1,1.5625000000e-02
g3043_g3780_A,sa0,,,1.5625000000e-02
g3519,sa0,,,1.5625000000e-02
g2740_g3519_A,sa1,,,1.5625000000e-02
g3762,sa0,2,1,1.5625000000e-02
g2672_g3762_A,sa0,,,1.5625000000e-02
g3500,sa0,,,1.5625000000e-02
g2647_g3500_A,sa1,,,1.5625000000e-02
g3761,sa1,30,0,2.5450508110e-04
g3605_g3761_A,sa0,,,2.5450508110e-04
g3627,sa0,30,0,5.5337697268e-04
g2473_g3627_A,sa0,,,5.5337697268e-04
g3067_g3627_B,sa0,,,5.5337697268e-04
g3654,sa0,30,0,2.5114685559e-04
g2518_g3654_A,sa0,,,2.5114685559e-04
g3100_g3654_B,sa0,,,2.5114685559e-04
g3645,sa0,30,0,2.6888178553e-04
g2497_g3645_A,sa0,,,2.6888178553e-04
g3090_g3645_B,sa0,,,2.6888178553e-04
g3816,sa0,30,0,1.2922286987e-04
g3434_g3816_A,sa0,,,1.2922286987e-04
g861,sa0,,,1.2922286987e-04
g179_g861_A,sa1,,,1.2922286987e-04
g3455,sa1,9,1,1.0937500000e-01
g2637_g3455_A,sa0,,,1.0937500000e-01
g3833,sa1,1,1,9.7656250000e-04
g3602,sa1,,,9.7656250000e-04
g3608,sa1,,,9.7656250000e-04
g3482,sa1,30,0,1.3012695313e-01
g2713_g3482_A,sa0,,,1.3012695313e-01
g2745,sa0,30,0,1.7330192836e-11
II3915,sa0,,,1.7330192836e-11
g287_II3915_A,sa0,,,1.7330192836e-11
II3914_II3915_B,sa0,,,1.7330192836e-11
II3916,sa0,,,1.7330192836e-11
g2449_II3916_A,sa0,,,1.7330192836e-11
II3914_II3916_B,sa0,,,1.7330192836e-11
g3942,sa1,5,1,2.3841857910e-06
g3215,sa1,,,2.3841857910e-06
g3575_g3942_B,sa1,,,2.3841857910e-06
g4059,sa1,30,0,7.9882812500e-01
g3466_g4059_A,sa1,,,7.9882812500e-01
g3425_g4059_B,sa1,,,7.9882812500e-01
g3906,sa1,8,1,3.1127929688e-02
g3575_g3906_A,sa0,,,3.1127929688e-02
g4086,sa1,0,1,0.0000000000e+00
g3310,sa1,,,0.0000000000e+00
g2720,sa1,,,0.0000000000e+00
g4068,sa1,0,1,0.0000000000e+00
g3293,sa1,,,0.0000000000e+00
g2685,sa1,,,0.0000000000e+00
g3277,sa0,1,1,2.5000000000e-01
g2174,sa0,,,2.5000000000e-01
II3313,sa1,,,2.5000000000e-01
g1337,sa0,,,2.5000000000e-01
II2364,sa1,,,2.5000000000e-01
g1143_II2364_A,sa0,,,2.5000000000e-01
g2625_g3277_B,sa0,,,2.5000000000e-01
g3286,sa0,1,1,2.5000000000e-01
g2196,sa0,,,2.5000000000e-01
II3337,sa1,,,2.5000000000e-01
g1338,sa0,,,2.5000000000e-01
II2367,sa1,,,2.5000000000e-01
g1161_II2367_A,sa0,,,2.5000000000e-01
g2656_g3286_B,sa0,,,2.5000000000e-01
g3933,sa1,30,0,4.3945759535e-03
g3327,sa1,,,4.3945759535e-03
g3336,sa1,,,4.3945759535e-03
g3763,sa0,2,1,1.5625000000e-02
g3064_g3763_A,sa0,,,1.5625000000e-02
g3501,sa0,,,1.5625000000e-02
g2650_g3501_A,sa1,,,1.5625000000e-02
g3619,sa0,30,0,5.5363774300e-04
g2449_g3619_A,sa0,,,5.5363774300e-04
g3057_g3619_B,sa0,,,5.5363774300e-04
g3628,sa0,30,0,2.7510904738e-04
g2449_g3628_A,sa0,,,2.7510904738e-04
g3070_g3628_B,sa0,,,2.7510904738e-04
g3816,sa1,56,0,1.2359619141e-03
g3456,sa1,6,1,1.0937500000e-01
g2640_g3456_A,sa0,,,1.0937500000e-01
g3483,sa1,30,0,6.1401367188e-02
g2716_g3483_A,sa0,,,6.1401367188e-02
g2791,sa0,30,0,1.7330192836e-11
II3989,sa0,,,1.7330192836e-11
g291_II3989_A,sa0,,,1.7330192836e-11
II3988_II3989_B,sa0,,,1.7330192836e-11
II3990,sa0,,,1.7330192836e-11
g2544_II3990_A,sa0,,,1.7330192836e-11
II3988_II3990_B,sa0,,,1.7330192836e-11
g2719,sa0,30,0,1.7330192836e-11
II3875,sa0,,,1.7330192836e-11
g285_II3875_A,sa0,,,1.7330192836e-11
II3874_II3875_B,sa0,,,1.7330192836e-11
II3876,sa0,,,1.7330192836e-11
g2397_II3876_A,sa0,,,1.7330192836e-11
II3874_II3876_B,sa0,,,1.7330192836e-11
g3907,sa0,2,1,3.9062500000e-03
g650_g3907_A,sa0,,,3.9062500000e-03
g3522_g3907_B,sa0,,,3.9062500000e-03
g3278,sa0,1,1,2.5000000000e-01
g2175,sa0,,,2.5000000000e-01
II3316,sa1,,,2.5000000000e-01
g1344,sa0,,,2.5000000000e-01
II2379,sa1,,,2.5000000000e-01
g1123_II2379_A,sa0,,,2.5000000000e-01
g2628_g3278_B,sa0,,,2.5000000000e-01
g3764,sa0,18,1,4.9902343750e-01
g551_g3764_A,sa0,,,4.9902343750e-01
g3480,sa0,,,4.9902343750e-01
g2986_g3480_A,sa1,,,4.9902343750e-01
g3925,sa1,30,0,4.3945759535e-03
g3303,sa1,,,4.3945759535e-03
g3315,sa1,,,4.3945759535e-03
g3934,sa1,30,0,5.8594159782e-03
g3377,sa1,,,5.8594159782e-03
g3379,sa1,,,5.8594159782e-03
g3755,sa0,2,1,1.5625000000e-02
g2604_g3755_A,sa0,,,1.5625000000e-02
g3481,sa0,,,1.5625000000e-02
g2612_g3481_A,sa1,,,1.5625000000e-02
g3457,sa1,20,1,1.2792968750e-01
g2653_g3457_A,sa0,,,1.2792968750e-01
g3772,sa1,0,1,0.0000000000e+00
g3466_g3772_A,sa0,,,0.0000000000e+00
g3862,sa1,1,1,9.7656250000e-04
g3632,sa1,,,9.7656250000e-04
g3641,sa1,,,9.7656250000e-04
g3880,sa1,1,1,9.7656250000e-04
g3658,sa1,,,9.7656250000e-04
g3665,sa1,,,9.7656250000e-04
g3907,sa1,16,1,4.9609375000e-01
g4098,sa0,1,1,5.0000000000e-01
II5376,sa1,,,5.0000000000e-01
g4014,sa0,,,5.0000000000e-01
II5316,sa1,,,5.0000000000e-01
g3557,sa0,,,5.0000000000e-01
g2598,sa1,,,5.0000000000e-01
II3726,sa0,,,5.0000000000e-01
g2030,sa1,,,5.0000000000e-01
II3137,sa0,,,5.0000000000e-01
g1315,sa1,,,5.0000000000e-01
II2296,sa0,,,5.0000000000e-01
g893,sa1,,,5.0000000000e-01
g23,sa0,,,5.0000000000e-01
g3773,sa1,6,1,3.0761718750e-02
g3466_g3773_A,sa0,,,3.0761718750e-02
g3890,sa1,8,1,3.1127929688e-02
g3575_g3890_A,sa0,,,3.1127929688e-02
g3765,sa0,18,1,4.9902343750e-01
g554_g3765_A,sa0,,,4.9902343750e-01
g3485,sa0,,,4.9902343750e-01
g2986_g3485_A,sa1,,,4.9902343750e-01
g3926,sa1,30,0,4.3945759535e-03
g3338,sa1,,,4.3945759535e-03
g3350,sa1,,,4.3945759535e-03
g3971,sa1,30,0,1.5363271814e-05
g3644,sa1,,,1.5363271814e-05
g3099,sa1,,,1.5363271814e-05
g3774,sa0,2,1,1.5625000000e-02
g3016_g3774_A,sa0,,,1.5625000000e-02
g3510,sa0,,,1.5625000000e-02
g2709_g3510_A,sa1,,,1.5625000000e-02
g3936,sa0,30,0,2.4198088795e-05
g3551_g3936_A,sa0,,,2.4198088795e-05
g940,sa0,,,2.4198088795e-05
g64_g940_A,sa1,,,2.4198088795e-05
g3872,sa1,7,1,3.8757324219e-03
g3312_g3872_A,sa0,,,3.8757324219e-03
g3458,sa1,9,1,1.0937500000e-01
g2656_g3458_A,sa0,,,1.0937500000e-01
g2757,sa0,30,0,1.7330192836e-11
II3934,sa0,,,1.7330192836e-11
g288_II3934_A,sa0,,,1.7330192836e-11
II3933_II3934_B,sa0,,,1.7330192836e-11
II3935,sa0,,,1.7330192836e-11
g2473_II3935_A,sa0,,,1.7330192836e-11
II3933_II3935_B,sa0,,,1.7330192836e-11
g4098,sa1,1,1,5.0000000000e-01
II5376,sa0,,,5.0000000000e-01
g4014,sa1,,,5.0000000000e-01
II5316,sa0,,,5.0000000000e-01
g3557,sa1,,,5.0000000000e-01
g2598,sa0,,,5.0000000000e-01
II3726,sa1,,,5.0000000000e-01
g2030,sa0,,,5.0000000000e-01
II3137,sa1,,,5.0000000000e-01
g1315,sa0,,,5.0000000000e-01
II2296,sa1,,,5.0000000000e-01
g893,sa0,,,5.0000000000e-01
g23,sa1,,,5.0000000000e-01
g3298,sa0,1,1,2.5000000000e-01
g2231,sa0,,,2.5000000000e-01
II3358,sa1,,,2.5000000000e-01
g1323,sa0,,,2.5000000000e-01
II2324,sa1,,,2.5000000000e-01
g1209_II2324_A,sa0,,,2.5000000000e-01
g2679_g3298_B,sa0,,,2.5000000000e-01
g3784,sa0,5,1,4.3750000000e-01
g114_g3784_A,sa0,,,4.3750000000e-01
g3251_g3784_B,sa0,,,4.3750000000e-01
g3927,sa1,30,0,5.8594159782e-03
g3382,sa1,,,5.8594159782e-03
g3383,sa1,,,5.8594159782e-03
g3819,sa1,43,0,2.4029445648e-01
g3972,sa1,30,0,1.2290775776e-03
g3646,sa1,,,1.2290775776e-03
g3103,sa1,,,1.2290775776e-03
g3297,sa1,30,0,2.4206936359e-05
g3046_g3297_A,sa0,,,2.4206936359e-05
g3981,sa1,30,0,1.5363271814e-05
g3661,sa1,,,1.5363271814e-05
g3123,sa1,,,1.5363271814e-05
g3990,sa1,30,0,1.8075254047e-05
g3684,sa1,,,1.8075254047e-05
g3155,sa1,,,1.8075254047e-05
g3757,sa0,2,1,1.5625000000e-02
g2619_g3757_A,sa0,,,1.5625000000e-02
g3487,sa0,,,1.5625000000e-02
g2622_g3487_A,sa1,,,1.5625000000e-02
g3936,sa1,60,0,1.7703231424e-04
g3459,sa1,13,1,1.4404296875e-01
g2664_g3459_A,sa0,,,1.4404296875e-01
g3837,sa1,1,1,9.7656250000e-04
g3609,sa1,,,9.7656250000e-04
g3613,sa1,,,9.7656250000e-04
g3855,sa1,1,1,9.7656250000e-04
g3626,sa1,,,9.7656250000e-04
g3631,sa1,,,9.7656250000e-04
g3873,sa1,1,1,9.7656250000e-04
g3649,sa1,,,9.7656250000e-04
g3657,sa1,,,9.7656250000e-04
g3891,sa1,1,1,9.7656250000e-04
g3683,sa1,,,9.7656250000e-04
g3688,sa1,,,9.7656250000e-04
g3477,sa1,30,0,6.1401367188e-02
g2692_g3477_A,sa0,,,6.1401367188e-02
g3892,sa1,8,1,3.1127929688e-02
g3575_g3892_A,sa0,,,3.1127929688e-02
g3758,sa0,18,1,4.9902343750e-01
g545_g3758_A,sa0,,,4.9902343750e-01
g3461,sa0,,,4.9902343750e-01
g2986_g3461_A,sa1,,,4.9902343750e-01
g3973,sa1,30,0,5.8594159782e-03
g3368,sa1,,,5.8594159782e-03
g3374,sa1,,,5.8594159782e-03
g3964,sa1,30,0,1.5363271814e-05
g3634,sa1,,,1.5363271814e-05
g3089,sa1,,,1.5363271814e-05
g3289,sa1,30,0,1.7955899239e-05
g3034_g3289_A,sa0,,,1.7955899239e-05
g3982,sa1,30,0,1.2290775776e-03
g3663,sa1,,,1.2290775776e-03
g3127,sa1,,,1.2290775776e-03
g3991,sa1,30,0,1.2280941010e-03
g3685,sa1,,,1.2280941010e-03
g3156,sa1,,,1.2280941010e-03
g3767,sa0,2,1,1.5625000000e-02
g2706_g3767_A,sa0,,,1.5625000000e-02
g3504,sa0,,,1.5625000000e-02
g2675_g3504_A,sa1,,,1.5625000000e-02
g3478,sa1,18,1,1.2500000000e-01
g2695_g3478_A,sa0,,,1.2500000000e-01
g3865,sa1,1,1,9.7656250000e-04
g3637,sa1,,,9.7656250000e-04
g3648,sa1,,,9.7656250000e-04
g3668,sa0,30,0,5.3084065439e-04
g2568_g3668_A,sa0,,,5.3084065439e-04
g3124_g3668_B,sa0,,,5.3084065439e-04
g3776,sa1,6,1,3.0761718750e-02
g3466_g3776_A,sa0,,,3.0761718750e-02
g3785,sa1,6,1,3.0761718750e-02
g3466_g3785_A,sa0,,,3.0761718750e-02
g3956,sa1,30,0,4.3945759535e-03
g3337,sa1,,,4.3945759535e-03
g3349,sa1,,,4.3945759535e-03
g3929,sa1,30,0,4.3945759535e-03
g3373,sa1,,,4.3945759535e-03
g3376,sa1,,,4.3945759535e-03
g3965,sa1,30,0,4.3945759535e-03
g3359,sa1,,,4.3945759535e-03
g3367,sa1,,,4.3945759535e-03
g3299,sa1,30,0,4.6235375885e-04
g3049_g3299_A,sa0,,,4.6235375885e-04
g3759,sa0,2,1,1.5625000000e-02
g2644_g3759_A,sa0,,,1.5625000000e-02
g3498,sa0,,,1.5625000000e-02
g2634_g3498_A,sa1,,,1.5625000000e-02
g3489,sa0,20,1,2.2705078125e-01
g2607,sa0,,,2.2705078125e-01
II3740,sa0,,,2.2705078125e-01
g2021_II3740_A,sa0,,,2.2705078125e-01
II3739_II3740_B,sa0,,,2.2705078125e-01
II3741,sa0,,,2.2705078125e-01
g349_II3741_A,sa0,,,2.2705078125e-01
II3739_II3741_B,sa0,,,2.2705078125e-01
g1861_g3489_B,sa0,,,2.2705078125e-01
g3884,sa1,1,1,9.7656250000e-04
g3666,sa1,,,9.7656250000e-04
g3671,sa1,,,9.7656250000e-04
g3488,sa1,30,0,1.3012695313e-01
g2728_g3488_A,sa0,,,1.3012695313e-01
g2769,sa0,30,0,1.7330192836e-11
II3953,sa0,,,1.7330192836e-11
g289_II3953_A,sa0,,,1.7330192836e-11
II3952_II3953_B,sa0,,,1.7330192836e-11
II3954,sa0,,,1.7330192836e-11
g2497_II3954_A,sa0,,,1.7330192836e-11
II3952_II3954_B,sa0,,,1.7330192836e-11
g3966,sa1,30,0,5.8594159782e-03
g3329,sa1,,,5.8594159782e-03
g3339,sa1,,,5.8594159782e-03
g3939,sa1,30,0,5.8594159782e-03
g3340,sa1,,,5.8594159782e-03
g3351,sa1,,,5.8594159782e-03
g3849,sa1,1,1,9.7656250000e-04
g3618,sa1,,,9.7656250000e-04
g3625,sa1,,,9.7656250000e-04
g3858,sa1,1,1,9.7656250000e-04
g3629,sa1,,,9.7656250000e-04
g3636,sa1,,,9.7656250000e-04
g2698,sa0,30,0,1.7330192836e-11
II3847,sa0,,,1.7330192836e-11
g284_II3847_A,sa0,,,1.7330192836e-11
II3846_II3847_B,sa0,,,1.7330192836e-11
II3848,sa0,,,1.7330192836e-11
g2370_II3848_A,sa0,,,1.7330192836e-11
II3846_II3848_B,sa0,,,1.7330192836e-11
g3778,sa1,30,0,7.1525573730e-06
g3388_g3778_A,sa0,,,7.1525573730e-06
g3796,sa1,30,0,7.1525573730e-06
g3388_g3796_A,sa0,,,7.1525573730e-06
g4759,sa1,60,0,3.6546213925e-01
g3968,sa0,30,0,2.1209716797e-03
II5227,sa0,,,2.1209716797e-03
g3259_II5227_A,sa0,,,2.1209716797e-03
II5226_II5227_B,sa0,,,2.1209716797e-03
II5228,sa0,,,2.1209716797e-03
g3263_II5228_A,sa0,,,2.1209716797e-03
II5226_II5228_B,sa0,,,2.1209716797e-03
g3797,sa1,30,0,7.1525573730e-06
g3388_g3797_A,sa0,,,7.1525573730e-06
g3968,sa1,30,0,1.8196105957e-03
g3810_II5782_A,sa1,7,1,2.4804687500e-01
g3789,sa1,30,0,7.1525573730e-06
g3388_g3789_A,sa0,,,7.1525573730e-06
g3798,sa1,30,0,7.1525573730e-06
g3388_g3798_A,sa0,,,7.1525573730e-06
g3979,sa0,30,0,2.1209716797e-03
II5258,sa0,,,2.1209716797e-03
g3714_II5258_A,sa0,,,2.1209716797e-03
II5257_II5258_B,sa0,,,2.1209716797e-03
II5259,sa0,,,2.1209716797e-03
g3719_II5259_A,sa0,,,2.1209716797e-03
II5257_II5259_B,sa0,,,2.1209716797e-03
g3810_II5783_A,sa1,7,1,2.4804687500e-01
g3799,sa1,30,0,7.1525573730e-06
g3388_g3799_A,sa0,,,7.1525573730e-06
g3979,sa1,30,0,1.8196105957e-03
g3907_II5535_A,sa1,7,1,2.4804687500e-01
g3907_II5536_A,sa1,7,1,2.4804687500e-01
II5301,sa1,30,0,2.9297918081e-03
II5302,sa1,30,0,9.0820908546e-02
II5308,sa1,30,0,2.9297918081e-03
II5309,sa1,30,0,9.0820860118e-02
II3168_II3170_B,sa1,30,0,2.4902343750e-02
g4410_g5324_B,sa0,2,1,1.5625000000e-02
II3168_II3169_B,sa1,30,0,2.4902343750e-02
II5292_II5293_B,sa1,1,1,3.9062500000e-03
g4410_g5326_B,sa0,4,1,1.4648437500e-02
g4410_g4544_A,sa0,1,1,1.5625000000e-02
II4919_II4920_B,sa1,1,1,3.9062500000e-03
II5292_II5294_B,sa1,1,1,3.9062500000e-03
II4919_II4921_B,sa1,1,1,3.9062500000e-03
g4080_g6430_D,sa0,0,1,0.0000000000e+00
g4092_g6430_C,sa0,0,1,0.0000000000e+00
g3733_g6430_B,sa0,0,1,0.0000000000e+00
g4410_g6670_C,sa0,30,0,3.2226942480e-02
II4939_II4940_B,sa1,4,1,7.3242187500e-03
g4416_g5325_B,sa0,2,1,1.5625000000e-02
II4939_II4941_B,sa1,4,1,7.3242187500e-03
g4080_g6443_D,sa0,0,1,0.0000000000e+00
g4092_g6433_C,sa0,0,1,0.0000000000e+00
g3733_g6433_B,sa0,0,1,0.0000000000e+00
g4074_g6442_C,sa0,0,1,0.0000000000e+00
g4416_g5327_B,sa0,4,1,1.4648437500e-02
g4086_g6432_B,sa0,0,1,0.0000000000e+00
g4080_g6436_D,sa0,0,1,0.0000000000e+00
g4092_g6443_C,sa0,0,1,0.0000000000e+00
g3816_g4209_A,sa1,30,0,1.5923976898e-03
g4074_g6427_C,sa0,0,1,0.0000000000e+00
g4068_g6432_D,sa0,0,1,0.0000000000e+00
g3733_g6436_B,sa0,0,1,0.0000000000e+00
g3907_g4236_B,sa1,14,1,2.4804687500e-01
g4086_g6435_B,sa0,0,1,0.0000000000e+00
g4092_g6446_C,sa0,0,1,0.0000000000e+00
g3810_g4199_B,sa1,14,1,2.4804687500e-01
g4416_g4549_A,sa0,1,1,1.5625000000e-02
g4086_g6427_B,sa0,0,1,0.0000000000e+00
g4074_g6429_C,sa0,0,1,0.0000000000e+00
g4074_g6438_C,sa0,0,1,0.0000000000e+00
g4080_g6449_D,sa0,0,1,0.0000000000e+00
g3733_g6439_B,sa0,0,1,0.0000000000e+00
g4416_g6673_C,sa0,30,0,3.2228060067e-02
g4068_g6427_D,sa0,0,1,0.0000000000e+00
g4086_g6429_B,sa0,0,1,0.0000000000e+00
g4068_g6445_D,sa0,0,1,0.0000000000e+00
g3816_g4756_A,sa1,30,1,3.7841796875e-03
g4068_g6438_D,sa0,0,1,0.0000000000e+00
g3936_g4277_A,sa1,30,0,1.6874074936e-04
g3936_g4791_A,sa1,30,1,9.4604492188e-04
g4100,sa0,1,1,5.0000000000e-01
II5382,sa1,,,5.0000000000e-01
g3952,sa0,,,5.0000000000e-01
II5182,sa1,,,5.0000000000e-01
g3271_II5182_A,sa0,,,5.0000000000e-01
g4101,sa0,1,1,5.0000000000e-01
II5385,sa1,,,5.0000000000e-01
g3962,sa0,,,5.0000000000e-01
II5214,sa1,,,5.0000000000e-01
g3567_II5214_A,sa0,,,5.0000000000e-01
g4100,sa1,1,1,5.0000000000e-01
II5382,sa0,,,5.0000000000e-01
g3952,sa1,,,5.0000000000e-01
II5182,sa0,,,5.0000000000e-01
g3271_II5182_A,sa1,,,5.0000000000e-01
g4110,sa0,1,1,5.0000000000e-01
II5412,sa1,,,5.0000000000e-01
g4034,sa0,,,5.0000000000e-01
II5333,sa1,,,5.0000000000e-01
g3491_II5333_A,sa0,,,5.0000000000e-01
g4020,sa0,1,1,6.2500000000e-02
II5324,sa1,,,6.2500000000e-02
g3466_II5324_A,sa0,,,6.2500000000e-02
g4102,sa0,1,1,5.0000000000e-01
II5388,sa1,,,5.0000000000e-01
g3969,sa0,,,5.0000000000e-01
II5233,sa1,,,5.0000000000e-01
g3571_II5233_A,sa0,,,5.0000000000e-01
g4101,sa1,1,1,5.0000000000e-01
II5385,sa0,,,5.0000000000e-01
g3962,sa1,,,5.0000000000e-01
II5214,sa0,,,5.0000000000e-01
g3567_II5214_A,sa1,,,5.0000000000e-01
g4110,sa1,1,1,5.0000000000e-01
II5412,sa0,,,5.0000000000e-01
g4034,sa1,,,5.0000000000e-01
II5333,sa0,,,5.0000000000e-01
g3491_II5333_A,sa1,,,5.0000000000e-01
g4210,sa0,16,1,4.8065185547e-04
II5630,sa1,,,4.8065185547e-04
g3914_II5630_A,sa0,,,4.8065185547e-04
g4103,sa0,1,1,5.0000000000e-01
II5391,sa1,,,5.0000000000e-01
g3975,sa0,,,5.0000000000e-01
II5249,sa1,,,5.0000000000e-01
g3589_II5249_A,sa0,,,5.0000000000e-01
g4102,sa1,1,1,5.0000000000e-01
II5388,sa0,,,5.0000000000e-01
g3969,sa1,,,5.0000000000e-01
II5233,sa0,,,5.0000000000e-01
g3571_II5233_A,sa1,,,5.0000000000e-01
g4112,sa0,1,1,5.0000000000e-01
II5418,sa1,,,5.0000000000e-01
g4036,sa0,,,5.0000000000e-01
II5337,sa1,,,5.0000000000e-01
g3564_II5337_A,sa0,,,5.0000000000e-01
g4121,sa0,2,1,7.5000000000e-01
II5445,sa1,,,7.5000000000e-01
g4040,sa0,,,7.5000000000e-01
II5343,sa1,,,7.5000000000e-01
g3599,sa0,,,7.5000000000e-01
g4130,sa0,1,1,5.0000000000e-01
II5472,sa1,,,5.0000000000e-01
g3846,sa0,,,5.0000000000e-01
II5053,sa1,,,5.0000000000e-01
g3710_II5053_A,sa0,,,5.0000000000e-01
g4202,sa0,24,1,2.1286010742e-03
II5622,sa1,,,2.1286010742e-03
g3914_II5622_A,sa0,,,2.1286010742e-03
g4210,sa1,12,1,4.2724609375e-04
II5630,sa0,,,4.2724609375e-04
g3914_II5630_A,sa1,,,4.2724609375e-04
g4103,sa1,1,1,5.0000000000e-01
II5391,sa0,,,5.0000000000e-01
g3975,sa1,,,5.0000000000e-01
II5249,sa0,,,5.0000000000e-01
g3589_II5249_A,sa1,,,5.0000000000e-01
g4112,sa1,1,1,5.0000000000e-01
II5418,sa0,,,5.0000000000e-01
g4036,sa1,,,5.0000000000e-01
II5337,sa0,,,5.0000000000e-01
g3564_II5337_A,sa1,,,5.0000000000e-01
g4104,sa0,1,1,5.0000000000e-01
II5394,sa1,,,5.0000000000e-01
g4016,sa0,,,5.0000000000e-01
II5320,sa1,,,5.0000000000e-01
g3559_II5320_A,sa0,,,5.0000000000e-01
g4121,sa1,1,1,2.5000000000e-01
II5445,sa0,,,2.5000000000e-01
g4040,sa1,,,2.5000000000e-01
II5343,sa0,,,2.5000000000e-01
g3599,sa1,,,2.5000000000e-01
g2935,sa1,,,2.5000000000e-01
g1637,sa1,,,2.5000000000e-01
II2596,sa0,,,2.5000000000e-01
g985_II2596_A,sa1,,,2.5000000000e-01
g4130,sa1,1,1,5.0000000000e-01
II5472,sa0,,,5.0000000000e-01
g3846,sa1,,,5.0000000000e-01
II5053,sa0,,,5.0000000000e-01
g3710_II5053_A,sa1,,,5.0000000000e-01
g4131,sa0,1,1,5.0000000000e-01
II5475,sa1,,,5.0000000000e-01
g3852,sa0,,,5.0000000000e-01
II5065,sa1,,,5.0000000000e-01
g3714_II5065_A,sa0,,,5.0000000000e-01
g4140,sa0,1,1,5.0000000000e-01
II5502,sa1,,,5.0000000000e-01
g3853,sa0,,,5.0000000000e-01
II5068,sa1,,,5.0000000000e-01
g3571_II5068_A,sa0,,,5.0000000000e-01
g4032,sa0,30,0,1.4305114746e-05
g441_g4032_A,sa0,,,1.4305114746e-05
g3388_g4032_B,sa0,,,1.4305114746e-05
g4041,sa0,30,0,1.4305114746e-05
g461_g4041_A,sa0,,,1.4305114746e-05
g3388_g4041_B,sa0,,,1.4305114746e-05
g4202,sa1,18,1,1.8920898438e-03
II5622,sa0,,,1.8920898438e-03
g3914_II5622_A,sa1,,,1.8920898438e-03
g4321,sa0,1,1,5.0000000000e-01
II5790,sa1,,,5.0000000000e-01
g3803_II5790_A,sa0,,,5.0000000000e-01
g4105,sa0,1,1,5.0000000000e-01
II5397,sa1,,,5.0000000000e-01
g3932,sa0,,,5.0000000000e-01
II5169,sa1,,,5.0000000000e-01
g3593_II5169_A,sa0,,,5.0000000000e-01
g4104,sa1,1,1,5.0000000000e-01
II5394,sa0,,,5.0000000000e-01
g4016,sa1,,,5.0000000000e-01
II5320,sa0,,,5.0000000000e-01
g3559_II5320_A,sa1,,,5.0000000000e-01
g4123,sa0,1,1,2.5000000000e-01
II5451,sa1,,,2.5000000000e-01
g3967,sa0,,,2.5000000000e-01
II5223,sa1,,,2.5000000000e-01
g3537,sa0,,,2.5000000000e-01
II4757,sa1,,,2.5000000000e-01
g2861,sa0,,,2.5000000000e-01
g2120,sa0,,,2.5000000000e-01
II3251,sa1,,,2.5000000000e-01
g1471,sa0,,,2.5000000000e-01
II2464,sa1,,,2.5000000000e-01
g850,sa0,,,2.5000000000e-01
g602_g850_A,sa1,,,2.5000000000e-01
g1654,sa0,,,2.5000000000e-01
g878_g1654_A,sa1,,,2.5000000000e-01
g4131,sa1,1,1,5.0000000000e-01
II5475,sa0,,,5.0000000000e-01
g3852,sa1,,,5.0000000000e-01
II5065,sa0,,,5.0000000000e-01
g3714_II5065_A,sa1,,,5.0000000000e-01
g4132,sa0,1,1,5.0000000000e-01
II5478,sa1,,,5.0000000000e-01
g3859,sa0,,,5.0000000000e-01
II5078,sa1,,,5.0000000000e-01
g3719_II5078_A,sa0,,,5.0000000000e-01
g4140,sa1,1,1,5.0000000000e-01
II5502,sa0,,,5.0000000000e-01
g3853,sa1,,,5.0000000000e-01
II5068,sa0,,,5.0000000000e-01
g3571_II5068_A,sa1,,,5.0000000000e-01
g4141,sa0,1,1,5.0000000000e-01
II5505,sa1,,,5.0000000000e-01
g3860,sa0,,,5.0000000000e-01
II5081,sa1,,,5.0000000000e-01
g3589_II5081_A,sa0,,,5.0000000000e-01
g4150,sa0,1,1,5.0000000000e-01
II5532,sa1,,,5.0000000000e-01
g3861,sa0,,,5.0000000000e-01
II5084,sa1,,,5.0000000000e-01
g3593_II5084_A,sa0,,,5.0000000000e-01
g4015,sa0,30,0,1.4305114746e-05
g445_g4015_A,sa0,,,1.4305114746e-05
g3388_g4015_B,sa0,,,1.4305114746e-05
g4033,sa0,30,0,1.4305114746e-05
g426_g4033_A,sa0,,,1.4305114746e-05
g3388_g4033_B,sa0,,,1.4305114746e-05
g4042,sa0,30,0,1.4305114746e-05
g406_g4042_A,sa0,,,1.4305114746e-05
g3388_g4042_B,sa0,,,1.4305114746e-05
g4051,sa0,30,0,1.4305114746e-05
g449_g4051_A,sa0,,,1.4305114746e-05
g3388_g4051_B,sa0,,,1.4305114746e-05
g4321,sa1,1,1,5.0000000000e-01
II5790,sa0,,,5.0000000000e-01
g3803_II5790_A,sa1,,,5.0000000000e-01
g4106,sa0,1,1,5.0000000000e-01
II5400,sa1,,,5.0000000000e-01
g3963,sa0,,,5.0000000000e-01
II5217,sa1,,,5.0000000000e-01
g3673_II5217_A,sa0,,,5.0000000000e-01
g4105,sa1,1,1,5.0000000000e-01
II5397,sa0,,,5.0000000000e-01
g3932,sa1,,,5.0000000000e-01
II5169,sa0,,,5.0000000000e-01
g3593_II5169_A,sa1,,,5.0000000000e-01
g4123,sa1,2,1,7.5000000000e-01
II5451,sa0,,,7.5000000000e-01
g3967,sa1,,,7.5000000000e-01
II5223,sa0,,,7.5000000000e-01
g3537,sa1,,,7.5000000000e-01
II4757,sa0,,,7.5000000000e-01
g2861,sa1,,,7.5000000000e-01
g4142,sa0,1,1,5.0000000000e-01
II5508,sa1,,,5.0000000000e-01
g3867,sa0,,,5.0000000000e-01
II5094,sa1,,,5.0000000000e-01
g3705_II5094_A,sa0,,,5.0000000000e-01
g4132,sa1,1,1,5.0000000000e-01
II5478,sa0,,,5.0000000000e-01
g3859,sa1,,,5.0000000000e-01
II5078,sa0,,,5.0000000000e-01
g3719_II5078_A,sa1,,,5.0000000000e-01
g4133,sa0,1,1,5.0000000000e-01
II5481,sa1,,,5.0000000000e-01
g3866,sa0,,,5.0000000000e-01
II5091,sa1,,,5.0000000000e-01
g3242_II5091_A,sa0,,,5.0000000000e-01
g4141,sa1,1,1,5.0000000000e-01
II5505,sa0,,,5.0000000000e-01
g3860,sa1,,,5.0000000000e-01
II5081,sa0,,,5.0000000000e-01
g3589_II5081_A,sa1,,,5.0000000000e-01
g4150,sa1,1,1,5.0000000000e-01
II5532,sa0,,,5.0000000000e-01
g3861,sa1,,,5.0000000000e-01
II5084,sa0,,,5.0000000000e-01
g3593_II5084_A,sa1,,,5.0000000000e-01
g4402,sa1,30,0,3.7524414063e-01
g4017_g4402_A,sa0,,,3.7524414063e-01
g4043,sa0,30,0,1.4305114746e-05
g457_g4043_A,sa0,,,1.4305114746e-05
g3388_g4043_B,sa0,,,1.4305114746e-05
g4052,sa0,30,0,1.4305114746e-05
g418_g4052_A,sa0,,,1.4305114746e-05
g3388_g4052_B,sa0,,,1.4305114746e-05
g4340,sa0,30,0,4.9954652786e-04
g3972,sa0,,,4.9954652786e-04
g3291,sa0,,,4.9954652786e-04
g3037_g3291_A,sa1,,,4.9954652786e-04
g4160,sa0,30,0,3.9062928408e-03
g3923,sa0,,,3.9062928408e-03
g1345_g4160_B,sa0,,,3.9062928408e-03
g4422,sa0,1,1,5.0000000000e-01
g4111,sa1,,,5.0000000000e-01
II5415,sa0,,,5.0000000000e-01
g3723,sa1,,,5.0000000000e-01
II4903,sa0,,,5.0000000000e-01
g3223,sa1,,,5.0000000000e-01
II4468,sa0,,,5.0000000000e-01
g2583,sa1,,,5.0000000000e-01
g1830,sa0,,,5.0000000000e-01
II2904,sa1,,,5.0000000000e-01
g1256,sa0,,,5.0000000000e-01
g838,sa1,,,5.0000000000e-01
g564_g838_A,sa0,,,5.0000000000e-01
g4106,sa1,1,1,5.0000000000e-01
II5400,sa0,,,5.0000000000e-01
g3963,sa1,,,5.0000000000e-01
II5217,sa0,,,5.0000000000e-01
g3673_II5217_A,sa1,,,5.0000000000e-01
g4125,sa0,1,1,5.0000000000e-01
II5457,sa1,,,5.0000000000e-01
g3766,sa0,,,5.0000000000e-01
II4955,sa1,,,5.0000000000e-01
g3673_II4955_A,sa0,,,5.0000000000e-01
g4142,sa1,1,1,5.0000000000e-01
II5508,sa0,,,5.0000000000e-01
g3867,sa1,,,5.0000000000e-01
II5094,sa0,,,5.0000000000e-01
g3705_II5094_A,sa1,,,5.0000000000e-01
g4143,sa0,1,1,5.0000000000e-01
II5511,sa1,,,5.0000000000e-01
g3876,sa0,,,5.0000000000e-01
II5109,sa1,,,5.0000000000e-01
g3710_II5109_A,sa0,,,5.0000000000e-01
g4133,sa1,1,1,5.0000000000e-01
II5481,sa0,,,5.0000000000e-01
g3866,sa1,,,5.0000000000e-01
II5091,sa0,,,5.0000000000e-01
g3242_II5091_A,sa1,,,5.0000000000e-01
g4134,sa0,1,1,5.0000000000e-01
II5484,sa1,,,5.0000000000e-01
g3875,sa0,,,5.0000000000e-01
II5106,sa1,,,5.0000000000e-01
g3247_II5106_A,sa0,,,5.0000000000e-01
g4035,sa0,30,0,1.4305114746e-05
g437_g4035_A,sa0,,,1.4305114746e-05
g3388_g4035_B,sa0,,,1.4305114746e-05
g4044,sa0,30,0,1.4305114746e-05
g410_g4044_A,sa0,,,1.4305114746e-05
g3388_g4044_B,sa0,,,1.4305114746e-05
g3800,sa1,30,0,7.1525573730e-06
g3388_g3800_A,sa0,,,7.1525573730e-06
g4241,sa1,4,1,3.1250000000e-02
g3774,sa1,,,3.1250000000e-02
g3341,sa1,,,3.1250000000e-02
g4206,sa0,20,1,1.0299682617e-03
II5626,sa1,,,1.0299682617e-03
g3914_II5626_A,sa0,,,1.0299682617e-03
g4215,sa0,12,1,2.0599365234e-04
II5637,sa1,,,2.0599365234e-04
g3914_II5637_A,sa0,,,2.0599365234e-04
g4341,sa0,30,0,4.4696035911e-04
g3977,sa0,,,4.4696035911e-04
g3297,sa0,,,4.4696035911e-04
g3046_g3297_A,sa1,,,4.4696035911e-04
g4161,sa0,30,0,5.3711337969e-03
g3931,sa0,,,5.3711337969e-03
g2087,sa0,,,5.3711337969e-03
g1352_g2087_A,sa1,,,5.3711337969e-03
g4422,sa1,1,1,5.0000000000e-01
g4111,sa0,,,5.0000000000e-01
II5415,sa1,,,5.0000000000e-01
g3723,sa0,,,5.0000000000e-01
II4903,sa1,,,5.0000000000e-01
g3223,sa0,,,5.0000000000e-01
II4468,sa1,,,5.0000000000e-01
g2583,sa0,,,5.0000000000e-01
g1830,sa1,,,5.0000000000e-01
II2904,sa0,,,5.0000000000e-01
g1256,sa1,,,5.0000000000e-01
g838,sa0,,,5.0000000000e-01
g564_g838_A,sa1,,,5.0000000000e-01
g4108,sa0,1,1,5.0000000000e-01
II5406,sa1,,,5.0000000000e-01
g3976,sa0,,,5.0000000000e-01
II5252,sa1,,,5.0000000000e-01
g3546_II5252_A,sa0,,,5.0000000000e-01
g4125,sa1,1,1,5.0000000000e-01
II5457,sa0,,,5.0000000000e-01
g3766,sa1,,,5.0000000000e-01
II4955,sa0,,,5.0000000000e-01
g3673_II4955_A,sa1,,,5.0000000000e-01
g4126,sa0,1,1,5.0000000000e-01
II5460,sa1,,,5.0000000000e-01
g3771,sa0,,,5.0000000000e-01
II4964,sa1,,,5.0000000000e-01
g3673_II4964_A,sa0,,,5.0000000000e-01
g4143,sa1,1,1,5.0000000000e-01
II5511,sa0,,,5.0000000000e-01
g3876,sa1,,,5.0000000000e-01
II5109,sa0,,,5.0000000000e-01
g3710_II5109_A,sa1,,,5.0000000000e-01
g4144,sa0,1,1,5.0000000000e-01
II5514,sa1,,,5.0000000000e-01
g3882,sa0,,,5.0000000000e-01
II5119,sa1,,,5.0000000000e-01
g3714_II5119_A,sa0,,,5.0000000000e-01
g4134,sa1,1,1,5.0000000000e-01
II5484,sa0,,,5.0000000000e-01
g3875,sa1,,,5.0000000000e-01
II5106,sa0,,,5.0000000000e-01
g3247_II5106_A,sa1,,,5.0000000000e-01
g4135,sa0,1,1,5.0000000000e-01
II5487,sa1,,,5.0000000000e-01
g3881,sa0,,,5.0000000000e-01
II5116,sa1,,,5.0000000000e-01
g3259_II5116_A,sa0,,,5.0000000000e-01
g3540,sa1,4,1,2.5000000000e-01
II4762,sa0,,,2.5000000000e-01
g2862,sa1,,,2.5000000000e-01
II4066,sa0,,,2.5000000000e-01
g2582,sa1,,,2.5000000000e-01
g3801,sa1,30,0,7.1525573730e-06
g3388_g3801_A,sa0,,,7.1525573730e-06
g4206,sa1,15,1,9.1552734375e-04
II5626,sa0,,,9.1552734375e-04
g3914_II5626_A,sa1,,,9.1552734375e-04
g4215,sa1,9,1,1.8310546875e-04
II5637,sa0,,,1.8310546875e-04
g3914_II5637_A,sa1,,,1.8310546875e-04
g4054,sa0,30,0,8.8186934590e-06
g3694_g4054_A,sa0,,,8.8186934590e-06
g69_g4054_B,sa0,,,8.8186934590e-06
g4333,sa0,30,0,4.4696035911e-04
g3964,sa0,,,4.4696035911e-04
g3284,sa0,,,4.4696035911e-04
g3019_g3284_A,sa1,,,4.4696035911e-04
g4342,sa0,30,0,4.9954652786e-04
g3978,sa0,,,4.9954652786e-04
g3299,sa0,,,4.9954652786e-04
g3049_g3299_A,sa1,,,4.9954652786e-04
g4171,sa0,30,0,4.8828534782e-03
g3956,sa0,,,4.8828534782e-03
g2104,sa0,,,4.8828534782e-03
g1372_g2104_A,sa1,,,4.8828534782e-03
g4180,sa0,30,0,3.9062928408e-03
g3929,sa0,,,3.9062928408e-03
g2119,sa0,,,3.9062928408e-03
g1391_g2119_A,sa1,,,3.9062928408e-03
g4307,sa0,1,1,5.0000000000e-01
II5774,sa1,,,5.0000000000e-01
g3807_II5774_A,sa0,,,5.0000000000e-01
g4109,sa0,1,1,5.0000000000e-01
II5409,sa1,,,5.0000000000e-01
g3980,sa0,,,5.0000000000e-01
II5264,sa1,,,5.0000000000e-01
g3638_II5264_A,sa0,,,5.0000000000e-01
g4108,sa1,1,1,5.0000000000e-01
II5406,sa0,,,5.0000000000e-01
g3976,sa1,,,5.0000000000e-01
II5252,sa0,,,5.0000000000e-01
g3546_II5252_A,sa1,,,5.0000000000e-01
g4127,sa0,1,1,5.0000000000e-01
II5463,sa1,,,5.0000000000e-01
g3783,sa0,,,5.0000000000e-01
II4980,sa1,,,5.0000000000e-01
g3546_II4980_A,sa0,,,5.0000000000e-01
g4126,sa1,1,1,5.0000000000e-01
II5460,sa0,,,5.0000000000e-01
g3771,sa1,,,5.0000000000e-01
II4964,sa0,,,5.0000000000e-01
g3673_II4964_A,sa1,,,5.0000000000e-01
g4144,sa1,1,1,5.0000000000e-01
II5514,sa0,,,5.0000000000e-01
g3882,sa1,,,5.0000000000e-01
II5119,sa0,,,5.0000000000e-01
g3714_II5119_A,sa1,,,5.0000000000e-01
g4145,sa0,1,1,5.0000000000e-01
II5517,sa1,,,5.0000000000e-01
g3885,sa0,,,5.0000000000e-01
II5124,sa1,,,5.0000000000e-01
g3719_II5124_A,sa0,,,5.0000000000e-01
g4135,sa1,1,1,5.0000000000e-01
II5487,sa0,,,5.0000000000e-01
g3881,sa1,,,5.0000000000e-01
II5116,sa0,,,5.0000000000e-01
g3259_II5116_A,sa1,,,5.0000000000e-01
g4136,sa0,1,1,5.0000000000e-01
II5490,sa1,,,5.0000000000e-01
g3832,sa0,,,5.0000000000e-01
II5023,sa1,,,5.0000000000e-01
g3263_II5023_A,sa0,,,5.0000000000e-01
g4037,sa0,30,0,7.1525573730e-06
g2896,sa0,,,7.1525573730e-06
g3388_g4037_B,sa0,,,7.1525573730e-06
g3802,sa1,30,0,7.1525573730e-06
g3388_g3802_A,sa0,,,7.1525573730e-06
g4261,sa1,4,1,3.1250000000e-02
g3762,sa1,,,3.1250000000e-02
g3295,sa1,,,3.1250000000e-02
g4262,sa0,30,0,1.0342597961e-03
II5713,sa1,,,1.0342597961e-03
g4022_II5713_A,sa0,,,1.0342597961e-03
g4054,sa1,60,0,1.8346123397e-04
g4361,sa0,30,0,4.1082513053e-04
g3995,sa0,,,4.1082513053e-04
g3354,sa0,,,4.1082513053e-04
g3096_g3354_A,sa1,,,4.1082513053e-04
g4352,sa0,30,0,4.1082513053e-04
g3988,sa0,,,4.1082513053e-04
g3331,sa0,,,4.1082513053e-04
g3076_g3331_A,sa1,,,4.1082513053e-04
g4181,sa0,30,0,1.1230491102e-02
g3939,sa0,,,1.1230491102e-02
g1381_g4181_B,sa0,,,1.1230491102e-02
g4172,sa0,30,0,5.1269950345e-03
g3930,sa0,,,5.1269950345e-03
g1366_g4172_B,sa0,,,5.1269950345e-03
g4253,sa0,13,1,7.5674057007e-03
g1861_g4253_A,sa0,,,7.5674057007e-03
g3819,sa0,,,7.5674057007e-03
g964,sa0,,,7.5674057007e-03
g357_g964_A,sa1,,,7.5674057007e-03
g3437_g3819_B,sa0,,,7.5674057007e-03
g4307,sa1,1,1,5.0000000000e-01
II5774,sa0,,,5.0000000000e-01
g3807_II5774_A,sa1,,,5.0000000000e-01
g4109,sa1,1,1,5.0000000000e-01
II5409,sa0,,,5.0000000000e-01
g3980,sa1,,,5.0000000000e-01
II5264,sa0,,,5.0000000000e-01
g3638_II5264_A,sa1,,,5.0000000000e-01
g4127,sa1,1,1,5.0000000000e-01
II5463,sa0,,,5.0000000000e-01
g3783,sa1,,,5.0000000000e-01
II4980,sa0,,,5.0000000000e-01
g3546_II4980_A,sa1,,,5.0000000000e-01
g4128,sa0,1,1,5.0000000000e-01
II5466,sa1,,,5.0000000000e-01
g3787,sa0,,,5.0000000000e-01
II4986,sa1,,,5.0000000000e-01
g3638_II4986_A,sa0,,,5.0000000000e-01
g4145,sa1,1,1,5.0000000000e-01
II5517,sa0,,,5.0000000000e-01
g3885,sa1,,,5.0000000000e-01
II5124,sa0,,,5.0000000000e-01
g3719_II5124_A,sa1,,,5.0000000000e-01
g4146,sa0,1,1,5.0000000000e-01
II5520,sa1,,,5.0000000000e-01
g3835,sa0,,,5.0000000000e-01
II5030,sa1,,,5.0000000000e-01
g3242_II5030_A,sa0,,,5.0000000000e-01
g4136,sa1,1,1,5.0000000000e-01
II5490,sa0,,,5.0000000000e-01
g3832,sa1,,,5.0000000000e-01
II5023,sa0,,,5.0000000000e-01
g3263_II5023_A,sa1,,,5.0000000000e-01
g4137,sa0,1,1,5.0000000000e-01
II5493,sa1,,,5.0000000000e-01
g3834,sa0,,,5.0000000000e-01
II5027,sa1,,,5.0000000000e-01
g3267_II5027_A,sa0,,,5.0000000000e-01
g4038,sa0,30,0,1.4305114746e-05
g430_g4038_A,sa0,,,1.4305114746e-05
g3388_g4038_B,sa0,,,1.4305114746e-05
g4047,sa0,30,0,1.4305114746e-05
g453_g4047_A,sa0,,,1.4305114746e-05
g3388_g4047_B,sa0,,,1.4305114746e-05
g4235,sa1,4,1,3.1250000000e-02
g3780,sa1,,,3.1250000000e-02
g3362,sa1,,,3.1250000000e-02
g4262,sa1,30,1,9.7465515137e-04
II5713,sa0,,,9.7465515137e-04
g4022_II5713_A,sa1,,,9.7465515137e-04
g4281,sa0,28,1,1.3518333435e-04
II5736,sa1,,,1.3518333435e-04
g4022_II5736_A,sa0,,,1.3518333435e-04
g4344,sa0,30,0,4.4696035911e-04
g3981,sa0,,,4.4696035911e-04
g3306,sa0,,,4.4696035911e-04
g3057_g3306_A,sa1,,,4.4696035911e-04
g4362,sa0,30,0,5.5551528931e-04
g3996,sa0,,,5.5551528931e-04
g3355,sa0,,,5.5551528931e-04
g3100_g3355_A,sa1,,,5.5551528931e-04
g4353,sa0,30,0,5.5551528931e-04
g3989,sa0,,,5.5551528931e-04
g3332,sa0,,,5.5551528931e-04
g3079_g3332_A,sa1,,,5.5551528931e-04
g4164,sa0,30,0,3.9062928408e-03
g3958,sa0,,,3.9062928408e-03
g2091,sa0,,,3.9062928408e-03
g1355_g2091_A,sa1,,,3.9062928408e-03
g4173,sa0,30,0,3.9027072489e-06
II5577,sa1,,,3.9027072489e-06
g4022_II5577_A,sa0,,,3.9027072489e-06
g4253,sa1,56,0,2.4786186218e-01
g4128,sa1,1,1,5.0000000000e-01
II5466,sa0,,,5.0000000000e-01
g3787,sa1,,,5.0000000000e-01
II4986,sa0,,,5.0000000000e-01
g3638_II4986_A,sa1,,,5.0000000000e-01
g4146,sa1,1,1,5.0000000000e-01
II5520,sa0,,,5.0000000000e-01
g3835,sa1,,,5.0000000000e-01
II5030,sa0,,,5.0000000000e-01
g3242_II5030_A,sa1,,,5.0000000000e-01
g4147,sa0,1,1,5.0000000000e-01
II5523,sa1,,,5.0000000000e-01
g3840,sa0,,,5.0000000000e-01
II5043,sa1,,,5.0000000000e-01
g3247_II5043_A,sa0,,,5.0000000000e-01
g4129,sa0,1,1,5.0000000000e-01
II5469,sa1,,,5.0000000000e-01
g3838,sa0,,,5.0000000000e-01
II5037,sa1,,,5.0000000000e-01
g3705_II5037_A,sa0,,,5.0000000000e-01
g4137,sa1,1,1,5.0000000000e-01
II5493,sa0,,,5.0000000000e-01
g3834,sa1,,,5.0000000000e-01
II5027,sa0,,,5.0000000000e-01
g3267_II5027_A,sa1,,,5.0000000000e-01
g4138,sa0,1,1,5.0000000000e-01
II5496,sa1,,,5.0000000000e-01
g3839,sa0,,,5.0000000000e-01
II5040,sa1,,,5.0000000000e-01
g3271_II5040_A,sa0,,,5.0000000000e-01
g4039,sa0,30,0,1.4305114746e-05
g402_g4039_A,sa0,,,1.4305114746e-05
g3388_g4039_B,sa0,,,1.4305114746e-05
g4048,sa0,30,0,1.4305114746e-05
g414_g4048_A,sa0,,,1.4305114746e-05
g3388_g4048_B,sa0,,,1.4305114746e-05
g4057,sa0,30,0,1.4305114746e-05
g422_g4057_A,sa0,,,1.4305114746e-05
g3388_g4057_B,sa0,,,1.4305114746e-05
g4245,sa1,4,1,3.1250000000e-02
g3759,sa1,,,3.1250000000e-02
g3288,sa1,,,3.1250000000e-02
g4272,sa1,4,1,3.1250000000e-02
g3767,sa1,,,3.1250000000e-02
g3319,sa1,,,3.1250000000e-02
g4273,sa0,30,0,2.6464462280e-04
II5728,sa1,,,2.6464462280e-04
g4022_II5728_A,sa0,,,2.6464462280e-04
g4281,sa1,21,1,1.2016296387e-04
II5736,sa0,,,1.2016296387e-04
g4022_II5736_A,sa1,,,1.2016296387e-04
g4345,sa0,30,0,4.9954652786e-04
g3982,sa0,,,4.9954652786e-04
g3308,sa0,,,4.9954652786e-04
g3060_g3308_A,sa1,,,4.9954652786e-04
g4156,sa0,30,0,4.8828534782e-03
g3926,sa0,,,4.8828534782e-03
g2078,sa0,,,4.8828534782e-03
g1345_g2078_A,sa1,,,4.8828534782e-03
g4183,sa0,30,0,3.9062928408e-03
g3965,sa0,,,3.9062928408e-03
g1391_g4183_B,sa0,,,3.9062928408e-03
g4165,sa0,30,0,1.1230491102e-02
g3927,sa0,,,1.1230491102e-02
g1352_g4165_B,sa0,,,1.1230491102e-02
g4173,sa1,30,0,4.4992193580e-06
II5577,sa0,,,4.4992193580e-06
g4022_II5577_A,sa1,,,4.4992193580e-06
g4147,sa1,1,1,5.0000000000e-01
II5523,sa0,,,5.0000000000e-01
g3840,sa1,,,5.0000000000e-01
II5043,sa0,,,5.0000000000e-01
g3247_II5043_A,sa1,,,5.0000000000e-01
g4148,sa0,1,1,5.0000000000e-01
II5526,sa1,,,5.0000000000e-01
g3848,sa0,,,5.0000000000e-01
II5059,sa1,,,5.0000000000e-01
g3259_II5059_A,sa0,,,5.0000000000e-01
g4129,sa1,1,1,5.0000000000e-01
II5469,sa0,,,5.0000000000e-01
g3838,sa1,,,5.0000000000e-01
II5037,sa0,,,5.0000000000e-01
g3705_II5037_A,sa1,,,5.0000000000e-01
g4138,sa1,1,1,5.0000000000e-01
II5496,sa0,,,5.0000000000e-01
g3839,sa1,,,5.0000000000e-01
II5040,sa0,,,5.0000000000e-01
g3271_II5040_A,sa1,,,5.0000000000e-01
g4139,sa0,1,1,5.0000000000e-01
II5499,sa1,,,5.0000000000e-01
g3847,sa0,,,5.0000000000e-01
II5056,sa1,,,5.0000000000e-01
g3567_II5056_A,sa0,,,5.0000000000e-01
g4273,sa1,24,1,2.4223327637e-04
II5728,sa0,,,2.4223327637e-04
g4022_II5728_A,sa1,,,2.4223327637e-04
g4616,sa0,24,1,4.6582031250e-01
g4231,sa0,,,4.6582031250e-01
g3761,sa0,,,4.6582031250e-01
g3605_g3761_A,sa1,,,4.6582031250e-01
g4364,sa0,30,0,1.3875961304e-04
II5825,sa1,,,1.3875961304e-04
g3914_II5825_A,sa0,,,1.3875961304e-04
g4184,sa0,30,0,1.1230491102e-02
g3934,sa0,,,1.1230491102e-02
g2136,sa0,,,1.1230491102e-02
g1395_g2136_A,sa1,,,1.1230491102e-02
g4373,sa0,30,0,3.9678812027e-04
g4001,sa0,,,3.9678812027e-04
g3370,sa0,,,3.9678812027e-04
g3124_g3370_A,sa1,,,3.9678812027e-04
g4148,sa1,1,1,5.0000000000e-01
II5526,sa0,,,5.0000000000e-01
g3848,sa1,,,5.0000000000e-01
II5059,sa0,,,5.0000000000e-01
g3259_II5059_A,sa1,,,5.0000000000e-01
g4149,sa0,1,1,5.0000000000e-01
II5529,sa1,,,5.0000000000e-01
g3854,sa0,,,5.0000000000e-01
II5071,sa1,,,5.0000000000e-01
g3263_II5071_A,sa0,,,5.0000000000e-01
g4139,sa1,1,1,5.0000000000e-01
II5499,sa0,,,5.0000000000e-01
g3847,sa1,,,5.0000000000e-01
II5056,sa0,,,5.0000000000e-01
g3567_II5056_A,sa1,,,5.0000000000e-01
g4238,sa1,4,1,3.1250000000e-02
g3755,sa1,,,3.1250000000e-02
g3279,sa1,,,3.1250000000e-02
g4293,sa0,16,1,1.5020370483e-05
II5750,sa1,,,1.5020370483e-05
g4022_II5750_A,sa0,,,1.5020370483e-05
g4364,sa1,30,0,1.5699863434e-04
II5825,sa0,,,1.5699863434e-04
g3914_II5825_A,sa1,,,1.5699863434e-04
g4347,sa0,30,0,4.1082513053e-04
g3986,sa0,,,4.1082513053e-04
g3320,sa0,,,4.1082513053e-04
g3067_g3320_A,sa1,,,4.1082513053e-04
g4149,sa1,1,1,5.0000000000e-01
II5529,sa0,,,5.0000000000e-01
g3854,sa1,,,5.0000000000e-01
II5071,sa0,,,5.0000000000e-01
g3263_II5071_A,sa1,,,5.0000000000e-01
g3781,sa0,1,1,6.2500000000e-02
II4976,sa1,,,6.2500000000e-02
g3575_II4976_A,sa0,,,6.2500000000e-02
g3276,sa1,20,1,2.3437500000e-01
g4239,sa1,4,1,3.1250000000e-02
g3763,sa1,,,3.1250000000e-02
g3296,sa1,,,3.1250000000e-02
g4266,sa1,4,1,3.1250000000e-02
g3757,sa1,,,3.1250000000e-02
g3283,sa1,,,3.1250000000e-02
g4195,sa0,28,1,4.3258666992e-03
II5615,sa1,,,4.3258666992e-03
g3914_II5615_A,sa0,,,4.3258666992e-03
g4267,sa0,30,0,5.2452087402e-04
II5720,sa1,,,5.2452087402e-04
g4022_II5720_A,sa0,,,5.2452087402e-04
g4293,sa1,12,1,1.3351440430e-05
II5750,sa0,,,1.3351440430e-05
g4022_II5750_A,sa1,,,1.3351440430e-05
g4339,sa0,30,0,4.4696035911e-04
g3971,sa0,,,4.4696035911e-04
g3289,sa0,,,4.4696035911e-04
g3034_g3289_A,sa1,,,4.4696035911e-04
g4357,sa0,30,0,4.1082513053e-04
g3990,sa0,,,4.1082513053e-04
g3342,sa0,,,4.1082513053e-04
g3086_g3342_A,sa1,,,4.1082513053e-04
g4348,sa0,30,0,4.9954652786e-04
g3987,sa0,,,4.9954652786e-04
g3322,sa0,,,4.9954652786e-04
g3070_g3322_A,sa1,,,4.9954652786e-04
g4177,sa0,30,0,3.9062928408e-03
g3933,sa0,,,3.9062928408e-03
g1372_g4177_B,sa0,,,3.9062928408e-03
g4168,sa0,30,0,3.6621540785e-03
g3925,sa0,,,3.6621540785e-03
g1355_g4168_B,sa0,,,3.6621540785e-03
g4186,sa0,30,0,1.1230491102e-02
g3973,sa0,,,1.1230491102e-02
g1395_g4186_B,sa0,,,1.1230491102e-02
g3961,sa0,30,0,9.1552734375e-04
II5208,sa0,,,9.1552734375e-04
g3267_II5208_A,sa0,,,9.1552734375e-04
II5207_II5208_B,sa0,,,9.1552734375e-04
II5209,sa0,,,9.1552734375e-04
g3271_II5209_A,sa0,,,9.1552734375e-04
II5207_II5209_B,sa0,,,9.1552734375e-04
g3448,sa1,4,1,2.5000000000e-01
II4684,sa0,,,2.5000000000e-01
g2687,sa1,,,2.5000000000e-01
II3833,sa0,,,2.5000000000e-01
g2266,sa1,,,2.5000000000e-01
g3790,sa1,30,0,7.1525573730e-06
g3388_g3790_A,sa0,,,7.1525573730e-06
g4195,sa1,21,1,3.8452148438e-03
II5615,sa0,,,3.8452148438e-03
g3914_II5615_A,sa1,,,3.8452148438e-03
g4267,sa1,27,1,4.8637390137e-04
II5720,sa0,,,4.8637390137e-04
g4022_II5720_A,sa1,,,4.8637390137e-04
g4286,sa0,24,1,6.6518783569e-05
II5743,sa1,,,6.6518783569e-05
g4022_II5743_A,sa0,,,6.6518783569e-05
g4358,sa0,30,0,5.5551528931e-04
g3991,sa0,,,5.5551528931e-04
g3343,sa0,,,5.5551528931e-04
g3090_g3343_A,sa1,,,5.5551528931e-04
g4178,sa0,30,0,5.3711337969e-03
g3959,sa0,,,5.3711337969e-03
g2110,sa0,,,5.3711337969e-03
g1381_g2110_A,sa1,,,5.3711337969e-03
g4169,sa0,30,0,1.1230491102e-02
g3966,sa0,,,1.1230491102e-02
g2099,sa0,,,1.1230491102e-02
g1366_g2099_A,sa1,,,1.1230491102e-02
g3664,sa1,30,0,2.0859336480e-10
g2804,sa1,,,2.0859336480e-10
g2791,sa1,,,2.0859336480e-10
g2780,sa1,,,2.0859336480e-10
g3961,sa1,30,0,9.1552734375e-04
g3782,sa1,30,0,7.1525573730e-06
g3388_g3782_A,sa0,,,7.1525573730e-06
g4368,sa0,30,0,6.3320994377e-04
g3998,sa0,,,6.3320994377e-04
g3363,sa0,,,6.3320994377e-04
g3110_g3363_A,sa1,,,6.3320994377e-04
g3791,sa1,30,0,7.1525573730e-06
g3388_g3791_A,sa0,,,7.1525573730e-06
g4286,sa1,18,1,5.9127807617e-05
II5743,sa0,,,5.9127807617e-05
g4022_II5743_A,sa1,,,5.9127807617e-05
g3953,sa1,52,0,2.7906894684e-03
g4296,sa0,12,1,6.4373016357e-06
II5753,sa1,,,6.4373016357e-06
g4022_II5753_A,sa0,,,6.4373016357e-06
g3656,sa1,30,0,1.8053070150e-10
g2769,sa1,,,1.8053070150e-10
g2757,sa1,,,1.8053070150e-10
g2745,sa1,,,1.8053070150e-10
g3647,sa1,30,0,1.8053070150e-10
g2731,sa1,,,1.8053070150e-10
g2719,sa1,,,1.8053070150e-10
g2698,sa1,,,1.8053070150e-10
g4099,sa0,1,1,5.0000000000e-01
II5379,sa1,,,5.0000000000e-01
g3940,sa0,,,5.0000000000e-01
II5177,sa1,,,5.0000000000e-01
g3267_II5177_A,sa0,,,5.0000000000e-01
g3792,sa1,30,0,7.1525573730e-06
g3388_g3792_A,sa0,,,7.1525573730e-06
g4369,sa0,30,0,5.5551528931e-04
g3999,sa0,,,5.5551528931e-04
g3364,sa0,,,5.5551528931e-04
g3114_g3364_A,sa1,,,5.5551528931e-04
g4296,sa1,9,1,5.7220458984e-06
II5753,sa0,,,5.7220458984e-06
g4022_II5753_A,sa1,,,5.7220458984e-06
g3954,sa1,20,1,4.6875000000e-01
g3484,sa1,,,4.6875000000e-01
g3489,sa1,,,4.6875000000e-01
g4468,sa0,57,0,3.9362907410e-03
g3955,sa0,30,0,9.1552734375e-04
II5188,sa0,,,9.1552734375e-04
g3589_II5188_A,sa0,,,9.1552734375e-04
II5187_II5188_B,sa0,,,9.1552734375e-04
II5189,sa0,,,9.1552734375e-04
g3593_II5189_A,sa0,,,9.1552734375e-04
II5187_II5189_B,sa0,,,9.1552734375e-04
g4099,sa1,1,1,5.0000000000e-01
II5379,sa0,,,5.0000000000e-01
g3940,sa1,,,5.0000000000e-01
II5177,sa0,,,5.0000000000e-01
g3267_II5177_A,sa1,,,5.0000000000e-01
g3775,sa1,30,0,7.1525573730e-06
g3388_g3775_A,sa0,,,7.1525573730e-06
g3829,sa1,20,1,4.6875000000e-01
g3294,sa1,,,4.6875000000e-01
g3305,sa1,,,4.6875000000e-01
g4289,sa0,20,1,3.2186508179e-05
II5746,sa1,,,3.2186508179e-05
g4022_II5746_A,sa0,,,3.2186508179e-05
g4468,sa1,30,0,1.6181945801e-02
g4214,sa1,,,1.6181945801e-02
g3831,sa1,,,1.6181945801e-02
g3974,sa0,30,0,2.1209716797e-03
II5243,sa0,,,2.1209716797e-03
g3242_II5243_A,sa0,,,2.1209716797e-03
II5242_II5243_B,sa0,,,2.1209716797e-03
II5244,sa0,,,2.1209716797e-03
g3247_II5244_A,sa0,,,2.1209716797e-03
II5242_II5244_B,sa0,,,2.1209716797e-03
g3983,sa0,30,0,2.1209716797e-03
II5270,sa0,,,2.1209716797e-03
g3705_II5270_A,sa0,,,2.1209716797e-03
II5269_II5270_B,sa0,,,2.1209716797e-03
II5271,sa0,,,2.1209716797e-03
g3710_II5271_A,sa0,,,2.1209716797e-03
II5269_II5271_B,sa0,,,2.1209716797e-03
g3955,sa1,30,0,9.1552734375e-04
g4289,sa1,15,1,2.8610229492e-05
II5746,sa0,,,2.8610229492e-05
g4022_II5746_A,sa1,,,2.8610229492e-05
g4568,sa1,18,1,9.1796875000e-02
g4233,sa1,,,9.1796875000e-02
g3912,sa1,,,9.1796875000e-02
g3505_g3912_A,sa0,,,9.1796875000e-02
g471_g4233_B,sa1,,,9.1796875000e-02
g3924,sa1,,,9.1796875000e-02
g3974,sa1,30,0,1.8196105957e-03
g3983,sa1,30,0,1.8196105957e-03
g3957,sa0,30,0,9.1552734375e-04
II5196,sa0,,,9.1552734375e-04
g3567_II5196_A,sa0,,,9.1552734375e-04
II5195_II5196_B,sa0,,,9.1552734375e-04
II5197,sa0,,,9.1552734375e-04
g3571_II5197_A,sa0,,,9.1552734375e-04
II5195_II5197_B,sa0,,,9.1552734375e-04
g3777,sa1,30,0,7.1525573730e-06
g3388_g3777_A,sa0,,,7.1525573730e-06
g3786,sa1,30,0,3.3378601074e-06
g3388_g3786_A,sa0,,,3.3378601074e-06
g4578,sa1,17,1,9.1796875000e-02
g4234,sa1,,,9.1796875000e-02
g3921,sa1,,,9.1796875000e-02
g3512_g3921_A,sa0,,,9.1796875000e-02
g478_g4234_B,sa1,,,9.1796875000e-02
g3928,sa1,,,9.1796875000e-02
g3957,sa1,30,0,9.1552734375e-04
g4688,sa0,11,1,2.9296875000e-02
g1474_g4688_A,sa0,,,2.9296875000e-02
g4568,sa0,,,2.9296875000e-02
g3887,sa0,20,1,2.2705078125e-01
g3276,sa0,,,2.2705078125e-01
II4546,sa0,,,2.2705078125e-01
g2853_II4546_A,sa0,,,2.2705078125e-01
II4545_II4546_B,sa0,,,2.2705078125e-01
II4547,sa0,,,2.2705078125e-01
g353_II4547_A,sa0,,,2.2705078125e-01
II4545_II4547_B,sa0,,,2.2705078125e-01
g1861_g3887_B,sa0,,,2.2705078125e-01
g4688,sa1,48,0,1.8066436052e-01
g4589,sa1,30,0,4.8828534782e-03
g4180,sa1,,,4.8828534782e-03
g4183,sa1,,,4.8828534782e-03
g3961_II5766_A,sa1,30,0,9.1552734375e-04
g3955_II6185_B,sa1,30,0,9.1552734375e-04
g3961_II5767_A,sa1,30,0,9.1552734375e-04
g3955_II6187_A,sa1,30,0,9.1552734375e-04
g3974_II5647_A,sa1,30,0,2.1209716797e-03
g3974_II5648_A,sa1,30,0,1.8196105957e-03
g3983_II5657_A,sa1,30,0,2.1209716797e-03
g3983_II5658_A,sa1,30,0,1.8196105957e-03
g3968_II5647_B,sa1,30,0,2.1209716797e-03
g3957_II5766_B,sa1,30,0,9.1552734375e-04
g3968_II5649_A,sa1,30,0,1.8196105957e-03
g3957_II5768_A,sa1,30,0,9.1552734375e-04
g3979_II5657_B,sa1,30,0,2.1209716797e-03
g3979_II5659_A,sa1,30,0,1.8196105957e-03
II3170,sa1,30,0,2.4169921875e-02
II4920,sa1,1,1,3.9062500000e-03
II4921,sa1,6,1,2.4609375000e-01
II4940,sa1,0,1,0.0000000000e+00
II5535,sa0,8,1,2.5000000000e-01
g3907_II5535_A,sa0,,,2.5000000000e-01
g654_II5535_B,sa0,,,2.5000000000e-01
II4941,sa1,20,1,2.2705078125e-01
II5535,sa1,1,1,1.9531250000e-03
II3169,sa1,30,0,2.4169921875e-02
II5293,sa1,1,1,3.9062500000e-03
II5294,sa1,6,1,2.4609375000e-01
II5782,sa0,8,1,2.5000000000e-01
g3810_II5782_A,sa0,,,2.5000000000e-01
g628_II5782_B,sa0,,,2.5000000000e-01
II5782,sa1,1,1,1.9531250000e-03
g4054_g4600_A,sa1,30,0,9.2124938965e-04
g4210_g4490_B,sa1,6,1,2.4414062500e-04
g4253_g4432_B,sa0,4,1,3.6621093750e-03
g4054_g4407_A,sa1,30,0,3.4976005554e-04
g4253_g4471_A,sa1,30,0,3.1584262848e-02
g4215_g4491_B,sa1,6,1,1.2207031250e-04
g4293_g4602_B,sa1,6,1,7.6293945313e-06
g4364_g4621_B,sa1,23,1,1.0609626770e-04
g4253_g4473_B,sa0,4,1,7.3242187500e-03
g4262_g4580_B,sa1,6,1,4.8828125000e-04
g4253_g4472_B,sa1,30,0,7.2560310364e-03
g4202_g4488_B,sa1,6,1,9.7656250000e-04
g4468_g5311_B,sa1,30,0,4.0740966797e-03
g4253_g4465_B,sa1,30,0,1.1236691475e-01
g4253_g4429_B,sa1,28,1,3.7207031250e-01
g4289_g4600_B,sa1,6,1,1.5258789063e-05
g4296_g4800_B,sa1,6,1,3.8146972656e-06
g4281_g4592_B,sa1,6,1,6.1035156250e-05
g4206_g4489_B,sa1,6,1,4.8828125000e-04
g4173_g4873_B,sa1,30,0,3.3341348171e-06
g4267_g4583_B,sa1,6,1,2.4414062500e-04
g4468_g4745_A,sa0,30,0,6.4315795898e-03
g4253_g4598_B,sa1,30,0,6.2014460564e-02
g4195_g4486_B,sa1,6,1,1.9531250000e-03
g4273_g4588_B,sa1,6,1,1.2207031250e-04
g4286_g4597_B,sa1,6,1,3.0517578125e-05
g4120,sa0,5,1,4.3750000000e-01
II5442,sa1,,,4.3750000000e-01
g3731,sa0,,,4.3750000000e-01
g331,sa0,,,4.3750000000e-01
g3441_g3731_B,sa0,,,4.3750000000e-01
g4120,sa1,2,1,5.6250000000e-01
II5442,sa0,,,5.6250000000e-01
g3731,sa1,,,5.6250000000e-01
g4004,sa0,30,0,9.3750067055e-02
II5301,sa0,,,9.3750067055e-02
g471_II5301_A,sa0,,,9.3750067055e-02
II5300_II5301_B,sa0,,,9.3750067055e-02
II5302,sa0,,,9.3750067055e-02
g3505_II5302_A,sa0,,,9.3750067055e-02
II5300_II5302_B,sa0,,,9.3750067055e-02
g4113,sa0,5,1,4.3750000000e-01
II5421,sa1,,,4.3750000000e-01
g3724,sa0,,,4.3750000000e-01
g117,sa0,,,4.3750000000e-01
g3251_g3724_B,sa0,,,4.3750000000e-01
g4302,sa0,0,1,0.0000000000e+00
g4068_g4302_A,sa1,,,0.0000000000e+00
g4004,sa1,30,0,9.3750067055e-02
g4401,sa0,20,1,4.9975585938e-01
g426_g4401_A,sa0,,,4.9975585938e-01
g3802,sa0,,,4.9975585938e-01
g3388_g3802_A,sa1,,,4.9975585938e-01
g4113,sa1,2,1,5.6250000000e-01
II5421,sa0,,,5.6250000000e-01
g3724,sa1,,,5.6250000000e-01
g4114,sa0,5,1,4.3750000000e-01
II5424,sa1,,,4.3750000000e-01
g3725,sa0,,,4.3750000000e-01
g118,sa0,,,4.3750000000e-01
g3251_g3725_B,sa0,,,4.3750000000e-01
g4302,sa1,30,0,8.8514759966e-09
g4068_g4302_A,sa0,,,8.8514759966e-09
g4114,sa1,2,1,5.6250000000e-01
II5424,sa0,,,5.6250000000e-01
g3725,sa1,,,5.6250000000e-01
g4115,sa0,5,1,4.3750000000e-01
II5427,sa1,,,4.3750000000e-01
g3726,sa0,,,4.3750000000e-01
g119_g3726_A,sa0,,,4.3750000000e-01
g3251_g3726_B,sa0,,,4.3750000000e-01
g4232,sa0,1,1,1.2500000000e-01
II5674,sa1,,,1.2500000000e-01
g4003,sa0,,,1.2500000000e-01
g3441_g4003_A,sa1,,,1.2500000000e-01
g4007,sa0,30,0,9.3750163913e-02
II5308,sa0,,,9.3750163913e-02
g478_II5308_A,sa0,,,9.3750163913e-02
II5307_II5308_B,sa0,,,9.3750163913e-02
II5309,sa0,,,9.3750163913e-02
g3512_II5309_A,sa0,,,9.3750163913e-02
II5307_II5309_B,sa0,,,9.3750163913e-02
g4115,sa1,2,1,5.6250000000e-01
II5427,sa0,,,5.6250000000e-01
g3726,sa1,,,5.6250000000e-01
g4116,sa0,5,1,4.3750000000e-01
II5430,sa1,,,4.3750000000e-01
g3727,sa0,,,4.3750000000e-01
g122,sa0,,,4.3750000000e-01
g3251_g3727_B,sa0,,,4.3750000000e-01
g4323,sa0,0,1,0.0000000000e+00
g4086_g4323_A,sa1,,,0.0000000000e+00
g4314,sa0,0,1,0.0000000000e+00
g4080_g4314_A,sa1,,,0.0000000000e+00
g4007,sa1,30,0,9.3750067055e-02
g4117,sa0,5,1,4.3750000000e-01
II5433,sa1,,,4.3750000000e-01
g3728,sa0,,,4.3750000000e-01
g326,sa0,,,4.3750000000e-01
g3441_g3728_B,sa0,,,4.3750000000e-01
g4116,sa1,2,1,5.6250000000e-01
II5430,sa0,,,5.6250000000e-01
g3727,sa1,,,5.6250000000e-01
g4323,sa1,30,0,8.3858680000e-09
g4086_g4323_A,sa0,,,8.3858680000e-09
g4314,sa1,30,0,8.8515506036e-09
g4080_g4314_A,sa0,,,8.8515506036e-09
g4117,sa1,2,1,5.6250000000e-01
II5433,sa0,,,5.6250000000e-01
g3728,sa1,,,5.6250000000e-01
g4118,sa0,5,1,4.3750000000e-01
II5436,sa1,,,4.3750000000e-01
g3729,sa0,,,4.3750000000e-01
g327,sa0,,,4.3750000000e-01
g3441_g3729_B,sa0,,,4.3750000000e-01
g4334,sa0,0,1,0.0000000000e+00
g3733_g4334_A,sa1,,,0.0000000000e+00
g4225,sa1,0,1,0.0000000000e+00
g4059_g4225_A,sa0,,,0.0000000000e+00
g4630,sa1,30,0,3.2097101212e-05
g4339,sa1,,,3.2097101212e-05
g3610,sa1,,,3.2097101212e-05
g4442,sa0,6,1,3.1250000000e-02
g4239,sa0,,,3.1250000000e-02
g2882,sa0,,,3.1250000000e-02
g1854_g2882_A,sa1,,,3.1250000000e-02
g4550,sa0,30,0,2.7004480362e-03
II6126,sa1,,,2.7004480362e-03
g4240,sa0,,,2.7004480362e-03
g4118,sa1,2,1,5.6250000000e-01
II5436,sa0,,,5.6250000000e-01
g3729,sa1,,,5.6250000000e-01
g4119,sa0,5,1,4.3750000000e-01
II5439,sa1,,,4.3750000000e-01
g3730,sa0,,,4.3750000000e-01
g328_g3730_A,sa0,,,4.3750000000e-01
g3441_g3730_B,sa0,,,4.3750000000e-01
g4425,sa0,1,1,2.5000000000e-01
II5926,sa1,,,2.5000000000e-01
g4153,sa0,,,2.5000000000e-01
II5545,sa1,,,2.5000000000e-01
g3814,sa0,,,2.5000000000e-01
g913_g3814_A,sa0,,,2.5000000000e-01
g3546_g3814_B,sa0,,,2.5000000000e-01
g4334,sa1,30,0,8.3859106326e-09
g3733_g4334_A,sa0,,,8.3859106326e-09
g4371,sa0,20,1,4.9975585938e-01
g461_g4371_A,sa0,,,4.9975585938e-01
g3789,sa0,,,4.9975585938e-01
g3388_g3789_A,sa1,,,4.9975585938e-01
g4631,sa1,30,0,1.4817725214e-03
g4340,sa1,,,1.4817725214e-03
g3611,sa1,,,1.4817725214e-03
g4461,sa0,6,1,3.1250000000e-02
g4241,sa0,,,3.1250000000e-02
g2919,sa0,,,3.1250000000e-02
g1937_g2919_A,sa1,,,3.1250000000e-02
g4236,sa0,2,1,1.9531250000e-03
g654_g4236_A,sa0,,,1.9531250000e-03
g3907_g4236_B,sa0,,,1.9531250000e-03
g4550,sa1,30,0,2.1484375000e-02
II6126,sa0,,,2.1484375000e-02
g4240,sa1,,,2.1484375000e-02
g1589_g4240_A,sa1,,,2.1484375000e-02
g1879,sa1,,,2.1484375000e-02
g1603_g1879_A,sa1,,,2.1484375000e-02
g1416,sa1,,,2.1484375000e-02
g3793_g4240_C,sa1,,,2.1484375000e-02
g4119,sa1,2,1,5.6250000000e-01
II5439,sa0,,,5.6250000000e-01
g3730,sa1,,,5.6250000000e-01
g4425,sa1,2,1,7.5000000000e-01
II5926,sa0,,,7.5000000000e-01
g4153,sa1,,,7.5000000000e-01
II5545,sa0,,,7.5000000000e-01
g3814,sa1,,,7.5000000000e-01
g4426,sa0,1,1,5.0000000000e-01
II5929,sa1,,,5.0000000000e-01
g4152,sa0,,,5.0000000000e-01
II5542,sa1,,,5.0000000000e-01
g3984,sa0,,,5.0000000000e-01
g3564_g3984_A,sa1,,,5.0000000000e-01
g4309,sa0,0,1,0.0000000000e+00
g4074_g4309_A,sa1,,,0.0000000000e+00
g4354,sa0,20,1,4.9975585938e-01
g437_g4354_A,sa0,,,4.9975585938e-01
g3777,sa0,,,4.9975585938e-01
g3388_g3777_A,sa1,,,4.9975585938e-01
g4363,sa0,20,1,4.9975585938e-01
g402_g4363_A,sa0,,,4.9975585938e-01
g3786,sa0,,,4.9975585938e-01
g3388_g3786_A,sa1,,,4.9975585938e-01
g4372,sa0,20,1,4.9975585938e-01
g406_g4372_A,sa0,,,4.9975585938e-01
g3790,sa0,,,4.9975585938e-01
g3388_g3790_A,sa1,,,4.9975585938e-01
g4390,sa0,20,1,4.9975585938e-01
g418_g4390_A,sa0,,,4.9975585938e-01
g3799,sa0,,,4.9975585938e-01
g3388_g3799_A,sa1,,,4.9975585938e-01
g4227,sa1,0,1,0.0000000000e+00
g4059_g4227_A,sa0,,,0.0000000000e+00
g4641,sa1,30,0,3.3348798752e-05
g4347,sa1,,,3.3348798752e-05
g3627,sa1,,,3.3348798752e-05
g4209,sa1,53,0,1.6984939575e-03
g4453,sa0,6,1,3.1250000000e-02
g4238,sa0,,,3.1250000000e-02
g1858_g4453_B,sa0,,,3.1250000000e-02
g4236,sa1,18,1,4.9804687500e-01
g4426,sa1,1,1,5.0000000000e-01
II5929,sa0,,,5.0000000000e-01
g4152,sa1,,,5.0000000000e-01
II5542,sa0,,,5.0000000000e-01
g3984,sa1,,,5.0000000000e-01
g3564_g3984_A,sa0,,,5.0000000000e-01
g4166,sa0,1,1,1.2500000000e-01
II5568,sa1,,,1.2500000000e-01
g3897,sa0,,,1.2500000000e-01
g3251_g3897_A,sa1,,,1.2500000000e-01
g4309,sa1,30,0,8.3858680000e-09
g4074_g4309_A,sa0,,,8.3858680000e-09
g4328,sa0,0,1,0.0000000000e+00
g4092_g4328_A,sa1,,,0.0000000000e+00
g4355,sa0,20,1,4.9975585938e-01
g430_g4355_A,sa0,,,4.9975585938e-01
g3778,sa0,,,4.9975585938e-01
g3388_g3778_A,sa1,,,4.9975585938e-01
g4651,sa1,30,0,3.2931566238e-05
g4357,sa1,,,3.2931566238e-05
g3643,sa1,,,3.2931566238e-05
g4642,sa1,30,0,1.4801035977e-03
g4348,sa1,,,1.4801035977e-03
g3628,sa1,,,1.4801035977e-03
g4445,sa0,6,1,3.1250000000e-02
g4235,sa0,,,3.1250000000e-02
g1854_g4445_B,sa0,,,3.1250000000e-02
g4328,sa1,30,0,8.3859106326e-09
g4092_g4328_A,sa0,,,8.3859106326e-09
g4383,sa0,20,1,4.9975585938e-01
g453_g4383_A,sa0,,,4.9975585938e-01
g3796,sa0,,,4.9975585938e-01
g3388_g3796_A,sa1,,,4.9975585938e-01
g4229,sa1,0,1,0.0000000000e+00
g4059_g4229_A,sa0,,,0.0000000000e+00
g4292,sa1,0,1,0.0000000000e+00
g4059_g4292_A,sa0,,,0.0000000000e+00
g4634,sa1,30,0,2.9593706131e-05
g4341,sa1,,,2.9593706131e-05
g3615,sa1,,,2.9593706131e-05
g4652,sa1,30,0,1.5568743547e-03
g4358,sa1,,,1.5568743547e-03
g3645,sa1,,,1.5568743547e-03
g4464,sa0,6,1,3.1250000000e-02
g4272,sa0,,,3.1250000000e-02
g1937_g4464_B,sa0,,,3.1250000000e-02
g4545,sa0,30,0,3.8671875000e-01
g4416_g4545_A,sa1,,,3.8671875000e-01
g4544,sa1,15,1,2.1191406250e-01
g4410_g4544_A,sa1,,,2.1191406250e-01
g2995,sa1,,,2.1191406250e-01
g4427,sa1,30,0,1.8034037203e-03
g4373,sa1,,,1.8034037203e-03
g3668,sa1,,,1.8034037203e-03
g4384,sa0,20,1,4.9975585938e-01
g414_g4384_A,sa0,,,4.9975585938e-01
g3797,sa0,,,4.9975585938e-01
g3388_g3797_A,sa1,,,4.9975585938e-01
g4653,sa1,30,0,3.2931566238e-05
g4361,sa1,,,3.2931566238e-05
g3652,sa1,,,3.2931566238e-05
g4635,sa1,30,0,1.4817725214e-03
g4342,sa1,,,1.4817725214e-03
g3616,sa1,,,1.4817725214e-03
g4590,sa1,30,0,2.9297377914e-03
g4169,sa1,,,2.9297377914e-03
g4172,sa1,,,2.9297377914e-03
g4581,sa1,30,0,4.8828534782e-03
g4156,sa1,,,4.8828534782e-03
g4160,sa1,,,4.8828534782e-03
g4537,sa0,30,0,3.8671875000e-01
g4410_g4537_A,sa1,,,3.8671875000e-01
g4545,sa1,16,1,2.8320312500e-02
g4416_g4545_A,sa0,,,2.8320312500e-02
g4349,sa0,20,1,4.9975585938e-01
g441_g4349_A,sa0,,,4.9975585938e-01
g3775,sa0,,,4.9975585938e-01
g3388_g3775_A,sa1,,,4.9975585938e-01
g4627,sa1,30,0,3.2097101212e-05
g4333,sa1,,,3.2097101212e-05
g3603,sa1,,,3.2097101212e-05
g4645,sa1,30,0,3.3348798752e-05
g4352,sa1,,,3.3348798752e-05
g3633,sa1,,,3.3348798752e-05
g4654,sa1,30,0,1.5702258206e-03
g4362,sa1,,,1.5702258206e-03
g3654,sa1,,,1.5702258206e-03
g4591,sa1,30,0,4.3945759535e-03
g4178,sa1,,,4.3945759535e-03
g4181,sa1,,,4.3945759535e-03
g4277,sa0,30,0,1.2754462659e-05
g3936_g4277_A,sa0,,,1.2754462659e-05
g942,sa0,,,1.2754462659e-05
g69_g942_A,sa1,,,1.2754462659e-05
g4457,sa0,6,1,3.1250000000e-02
g4261,sa0,,,3.1250000000e-02
g2902,sa0,,,3.1250000000e-02
g1899_g2902_A,sa1,,,3.1250000000e-02
g4537,sa1,16,1,2.8320312500e-02
g4410_g4537_A,sa0,,,2.8320312500e-02
g3836,sa0,11,1,7.4218750000e-02
II5033,sa1,,,7.4218750000e-02
g3527,sa0,,,7.4218750000e-02
II4743,sa1,,,7.4218750000e-02
g2594_II4743_A,sa0,,,7.4218750000e-02
g4809,sa0,4,1,5.6250000000e-01
II6485,sa1,,,5.6250000000e-01
g4603_II6485_A,sa0,,,5.6250000000e-01
g4359,sa0,20,1,4.9975585938e-01
g434_g4359_A,sa0,,,4.9975585938e-01
g3782,sa0,,,4.9975585938e-01
g3388_g3782_A,sa1,,,4.9975585938e-01
g4377,sa0,20,1,4.9975585938e-01
g457_g4377_A,sa0,,,4.9975585938e-01
g3791,sa0,,,4.9975585938e-01
g3388_g3791_A,sa1,,,4.9975585938e-01
g4395,sa0,20,1,4.9975585938e-01
g445_g4395_A,sa0,,,4.9975585938e-01
g3800,sa0,,,4.9975585938e-01
g3388_g3800_A,sa1,,,4.9975585938e-01
g4637,sa1,30,0,2.9593706131e-05
g4344,sa1,,,2.9593706131e-05
g3619,sa1,,,2.9593706131e-05
g4646,sa1,30,0,1.5702258206e-03
g4353,sa1,,,1.5702258206e-03
g3635,sa1,,,1.5702258206e-03
g4277,sa1,60,0,1.8530245870e-04
g4449,sa0,6,1,3.1250000000e-02
g4266,sa0,,,3.1250000000e-02
g2887,sa0,,,3.1250000000e-02
g1858_g2887_A,sa1,,,3.1250000000e-02
g3836,sa1,11,1,7.4218750000e-02
II5033,sa0,,,7.4218750000e-02
g3527,sa1,,,7.4218750000e-02
II4743,sa0,,,7.4218750000e-02
g2594_II4743_A,sa1,,,7.4218750000e-02
g4809,sa1,2,1,4.3750000000e-01
II6485,sa0,,,4.3750000000e-01
g4603_II6485_A,sa1,,,4.3750000000e-01
g4378,sa0,20,1,4.9975585938e-01
g410_g4378_A,sa0,,,4.9975585938e-01
g3792,sa0,,,4.9975585938e-01
g3388_g3792_A,sa1,,,4.9975585938e-01
g4396,sa0,20,1,4.9975585938e-01
g422_g4396_A,sa0,,,4.9975585938e-01
g3801,sa0,,,4.9975585938e-01
g3388_g3801_A,sa1,,,4.9975585938e-01
g4638,sa1,30,0,1.4823983678e-03
g4345,sa1,,,1.4823983678e-03
g3620,sa1,,,1.4823983678e-03
g4656,sa1,30,0,1.5568743547e-03
g4369,sa1,,,1.5568743547e-03
g3662,sa1,,,1.5568743547e-03
g4584,sa1,30,0,2.9297322035e-03
g4164,sa1,,,2.9297322035e-03
g4168,sa1,,,2.9297322035e-03
g4459,sa0,6,1,3.1250000000e-02
g4245,sa0,,,3.1250000000e-02
g1899_g4459_B,sa0,,,3.1250000000e-02
g3893,sa0,30,0,8.7910962066e-08
g3664,sa0,,,8.7910962066e-08
g3656,sa0,,,8.7910962066e-08
g3647,sa0,,,8.7910962066e-08
g4585,sa1,30,0,4.8828534782e-03
g4171,sa1,,,4.8828534782e-03
g4177,sa1,,,4.8828534782e-03
g4694,sa0,12,1,2.9296875000e-02
g1481_g4694_A,sa0,,,2.9296875000e-02
g4578,sa0,,,2.9296875000e-02
g4549,sa1,15,1,2.1191406250e-01
g4416_g4549_A,sa1,,,2.1191406250e-01
g3013,sa1,,,2.1191406250e-01
g4199,sa0,2,1,1.9531250000e-03
g628_g4199_A,sa0,,,1.9531250000e-03
g3810_g4199_B,sa0,,,1.9531250000e-03
g3893,sa1,30,0,1.7435386468e-11
g4389,sa0,20,1,4.9975585938e-01
g449_g4389_A,sa0,,,4.9975585938e-01
g3798,sa0,,,4.9975585938e-01
g3388_g3798_A,sa1,,,4.9975585938e-01
g4694,sa1,47,0,1.8066429347e-01
g4586,sa1,30,0,4.3945759535e-03
g4161,sa1,,,4.3945759535e-03
g4165,sa1,,,4.3945759535e-03
g4199,sa1,18,1,4.9804687500e-01
g4596,sa1,30,0,3.4180171788e-03
g4184,sa1,,,3.4180171788e-03
g4186,sa1,,,3.4180171788e-03
g4579,sa1,8,1,5.4931640625e-04
g4206_g4579_A,sa0,,,5.4931640625e-04
g4777,sa1,12,1,6.2500000000e-02
g4457,sa1,,,6.2500000000e-02
g4459,sa1,,,6.2500000000e-02
g4697,sa0,30,0,4.3945759535e-03
g4589,sa0,,,4.3945759535e-03
g1363_g4697_B,sa0,,,4.3945759535e-03
g4598,sa0,29,1,6.0987472534e-04
g1978,sa0,,,6.0987472534e-04
g1387_g1978_A,sa1,,,6.0987472534e-04
g4253_g4598_B,sa0,,,6.0987472534e-04
g4498,sa1,17,1,5.3015136719e-01
II6012,sa0,,,5.3015136719e-01
g4167,sa1,,,5.3015136719e-01
g4698,sa0,30,0,7.8125335276e-03
g4586,sa0,,,7.8125335276e-03
g2106,sa0,,,7.8125335276e-03
g1378_g2106_A,sa1,,,7.8125335276e-03
g4499,sa1,17,1,5.3015136719e-01
II6015,sa0,,,5.3015136719e-01
g4170,sa1,,,5.3015136719e-01
g4236_II6175_A,sa1,8,1,2.4902343750e-01
g4779,sa1,12,1,6.2500000000e-02
g4461,sa1,,,6.2500000000e-02
g4464,sa1,,,6.2500000000e-02
g4236_II6176_A,sa1,8,1,2.4902343750e-01
g3836_II5760_A,sa1,7,1,4.2968750000e-02
g4199_II6194_A,sa1,8,1,2.4902343750e-01
g4199_II6195_A,sa1,8,1,2.4902343750e-01
g3836_II5759_A,sa1,4,1,3.1250000000e-02
II5647,sa0,30,0,2.1209716797e-03
g3974_II5647_A,sa0,,,2.1209716797e-03
g3968_II5647_B,sa0,,,2.1209716797e-03
II5647,sa1,30,0,2.0084381104e-03
II5657,sa0,30,0,1.6784667969e-03
g3983_II5657_A,sa0,,,1.6784667969e-03
g3979_II5657_B,sa0,,,1.6784667969e-03
II5657,sa1,30,0,2.0084381104e-03
II5766,sa0,30,0,9.1552734375e-04
g3961_II5766_A,sa0,,,9.1552734375e-04
g3957_II5766_B,sa0,,,9.1552734375e-04
II5766,sa1,30,0,9.1552734375e-04
g4004_g4244_B,sa1,6,1,6.2500000000e-02
g4004_g4271_C,sa1,30,0,3.1250622123e-02
II5535_II5536_B,sa1,1,1,1.9531250000e-03
II5535_II5537_B,sa1,1,1,1.9531250000e-03
g4302_g6442_D,sa0,0,1,0.0000000000e+00
g4007_g4280_C,sa1,30,0,3.1250283122e-02
g4323_g6442_B,sa0,0,1,0.0000000000e+00
g4550_g4812_A,sa1,5,1,1.4892578125e-02
g4302_g6435_D,sa0,0,1,0.0000000000e+00
g4007_g4247_B,sa1,6,1,6.2500000000e-02
g4550_g4813_A,sa1,5,1,1.4892578125e-02
g4314_g6433_D,sa0,0,1,0.0000000000e+00
g4314_g6451_D,sa0,0,1,0.0000000000e+00
g4334_g6451_B,sa0,0,1,0.0000000000e+00
g4550_g4814_A,sa1,30,0,1.2247147740e-15
g4334_g6443_B,sa0,0,1,0.0000000000e+00
g4323_g6445_B,sa0,0,1,0.0000000000e+00
g4302_g6429_D,sa0,0,1,0.0000000000e+00
g4309_g6432_C,sa0,0,1,0.0000000000e+00
II5782_II5783_B,sa1,1,1,1.9531250000e-03
g4550_g4680_A,sa1,30,0,1.2299189445e-15
g4323_g6438_B,sa0,0,1,0.0000000000e+00
g4302_g6448_D,sa0,0,1,0.0000000000e+00
g4537_g5441_A,sa1,4,1,1.5625000000e-02
II5782_II5784_B,sa1,1,1,1.9531250000e-03
g4550_g4816_B,sa1,5,1,1.4892578125e-02
g4323_g6448_B,sa0,0,1,0.0000000000e+00
g4314_g6446_D,sa0,0,1,0.0000000000e+00
g4334_g6446_B,sa0,0,1,0.0000000000e+00
g4328_g6451_C,sa0,0,1,0.0000000000e+00
g4309_g6435_C,sa0,0,1,0.0000000000e+00
g4537_g5443_A,sa1,6,1,1.5625000000e-02
g4545_g5444_A,sa1,4,1,1.5625000000e-02
g4550_g4674_A,sa1,30,0,1.8615722656e-03
g4314_g6439_D,sa0,0,1,0.0000000000e+00
g4309_g6445_C,sa0,0,1,0.0000000000e+00
g4328_g6436_C,sa0,0,1,0.0000000000e+00
g4334_g6449_B,sa0,0,1,0.0000000000e+00
g4199_g4541_B,sa1,30,0,2.4877929688e-01
g4537_g5446_A,sa1,9,1,1.6601562500e-02
g4545_g5447_A,sa1,6,1,1.5625000000e-02
g4550_g4669_A,sa1,5,1,1.4892578125e-02
g4309_g6448_C,sa0,0,1,0.0000000000e+00
g4694_g5085_A,sa0,0,1,0.0000000000e+00
g4328_g6439_C,sa0,0,1,0.0000000000e+00
g4545_g5449_A,sa1,9,1,1.6601562500e-02
g4688_g5083_A,sa0,0,1,0.0000000000e+00
g4328_g6449_C,sa0,0,1,0.0000000000e+00
g4277_g4593_A,sa1,30,0,2.1866615862e-04
g4550_g4678_D,sa1,5,1,3.7231445313e-03
g4694_g5077_B,sa0,12,1,2.9296875000e-02
g4277_g4793_A,sa1,30,0,9.0026855469e-04
g4688_g5069_B,sa0,12,1,2.9296875000e-02
g4220,sa0,2,1,9.1796875000e-02
II5644,sa1,,,9.1796875000e-02
g4059_II5644_A,sa0,,,9.1796875000e-02
g4600,sa0,12,1,1.5020370483e-05
g4054_g4600_A,sa0,,,1.5020370483e-05
g4289_g4600_B,sa0,,,1.5020370483e-05
g4701,sa0,30,0,7.8125335276e-03
g4596,sa0,,,7.8125335276e-03
g1378_g4701_B,sa0,,,7.8125335276e-03
g4502,sa1,17,1,5.3015136719e-01
II6020,sa0,,,5.3015136719e-01
g4176,sa1,,,5.3015136719e-01
g4621,sa0,28,1,8.3208084106e-05
g3953,sa0,,,8.3208084106e-05
g3554_g3953_A,sa0,,,8.3208084106e-05
g188_g3953_B,sa0,,,8.3208084106e-05
g4364_g4621_B,sa0,,,8.3208084106e-05
g4431,sa1,13,1,5.2685546875e-01
II5938,sa0,,,5.2685546875e-01
g4351,sa1,,,5.2685546875e-01
g4432,sa0,28,1,4.6508789063e-01
g4154,sa0,2,1,9.1796875000e-02
II5548,sa1,,,9.1796875000e-02
g4059_II5548_A,sa0,,,9.1796875000e-02
g4513,sa1,17,1,5.3015136719e-01
II6051,sa0,,,5.3015136719e-01
g4185,sa1,,,5.3015136719e-01
g3830,sa1,5,1,2.5000000000e-01
II5019,sa0,,,2.5000000000e-01
g3318,sa1,,,2.5000000000e-01
II4593,sa0,,,2.5000000000e-01
g2966,sa1,,,2.5000000000e-01
g3911,sa1,5,1,2.5000000000e-01
II5148,sa0,,,2.5000000000e-01
g3450,sa1,,,2.5000000000e-01
II4688,sa0,,,2.5000000000e-01
g3207,sa1,,,2.5000000000e-01
g4155,sa0,2,1,9.1796875000e-02
II5551,sa1,,,9.1796875000e-02
g4059_II5551_A,sa0,,,9.1796875000e-02
g4452,sa0,16,1,4.3945312500e-01
g3820,sa0,,,4.3945312500e-01
g4227,sa0,,,4.3945312500e-01
g4059_g4227_A,sa1,,,4.3945312500e-01
g4407,sa0,30,0,5.1804818213e-06
g4054_g4407_A,sa0,,,5.1804818213e-06
g74_g4407_B,sa0,,,5.1804818213e-06
g4407,sa1,60,0,3.5714264959e-04
g4623,sa1,8,1,5.4931640625e-04
g4262_g4623_A,sa0,,,5.4931640625e-04
g4632,sa1,8,1,6.8664550781e-05
g4281_g4632_A,sa0,,,6.8664550781e-05
g4471,sa1,60,0,3.1588792801e-02
g4490,sa0,8,1,2.0599365234e-04
g2941_g4490_A,sa0,,,2.0599365234e-04
g4210_g4490_B,sa0,,,2.0599365234e-04
g4435,sa1,13,1,5.2685546875e-01
II5944,sa0,,,5.2685546875e-01
g4356,sa1,,,5.2685546875e-01
g4580,sa0,30,0,5.4645538330e-04
g706_g4580_A,sa0,,,5.4645538330e-04
g4262_g4580_B,sa0,,,5.4645538330e-04
g4507,sa1,17,1,5.3015136719e-01
II6033,sa0,,,5.3015136719e-01
g4179,sa1,,,5.3015136719e-01
g4661,sa0,30,0,8.2767009735e-04
g4637,sa0,,,8.2767009735e-04
g4634,sa0,,,8.2767009735e-04
g4473,sa0,34,0,4.9804687500e-02
g4158,sa0,2,1,9.1796875000e-02
II5556,sa1,,,9.1796875000e-02
g4059_II5556_A,sa0,,,9.1796875000e-02
g4625,sa1,8,1,2.7465820313e-04
g4267_g4625_A,sa0,,,2.7465820313e-04
g4643,sa1,8,1,8.5830688477e-06
g4293_g4643_A,sa0,,,8.5830688477e-06
g4463,sa1,23,1,1.1372566223e-04
g4364_g4463_A,sa0,,,1.1372566223e-04
g4662,sa0,30,0,6.3171386719e-03
g4640,sa1,,,6.3171386719e-03
g4535,sa1,30,0,3.5725533962e-06
g4173_g4535_A,sa0,,,3.5725533962e-06
g4491,sa0,4,1,6.8664550781e-05
g3554_g4491_A,sa0,,,6.8664550781e-05
g4215_g4491_B,sa0,,,6.8664550781e-05
g4671,sa0,30,0,6.7073106766e-04
g4645,sa0,,,6.7073106766e-04
g4641,sa0,,,6.7073106766e-04
g4472,sa1,18,1,2.4366378784e-04
g4473,sa1,30,0,6.3574218750e-01
g3575_g4473_A,sa1,,,6.3574218750e-01
g4253_g4473_B,sa1,,,6.3574218750e-01
g4465,sa0,30,0,1.7156565189e-01
g319_g4465_A,sa0,,,1.7156565189e-01
g4253_g4465_B,sa0,,,1.7156565189e-01
g4456,sa0,16,1,4.3945312500e-01
g3829,sa0,,,4.3945312500e-01
g4229,sa0,,,4.3945312500e-01
g4059_g4229_A,sa1,,,4.3945312500e-01
g4429,sa0,4,1,2.9296875000e-03
g923_g4429_A,sa0,,,2.9296875000e-03
g4253_g4429_B,sa0,,,2.9296875000e-03
g2936,sa0,,,2.9296875000e-03
g2026_g2936_A,sa1,,,2.9296875000e-03
g4662,sa1,30,0,4.9084472656e-01
g4640,sa0,,,4.9084472656e-01
g4402,sa0,,,4.9084472656e-01
g4017_g4402_A,sa1,,,4.9084472656e-01
g1056_g4640_B,sa0,,,4.9084472656e-01
g4428,sa1,13,1,5.2685546875e-01
II5933,sa0,,,5.2685546875e-01
g4346,sa1,,,5.2685546875e-01
g4437,sa1,13,1,5.2685546875e-01
II5948,sa0,,,5.2685546875e-01
g4360,sa1,,,5.2685546875e-01
g4509,sa1,17,1,5.3015136719e-01
II6039,sa0,,,5.3015136719e-01
g4182,sa1,,,5.3015136719e-01
g4672,sa0,30,0,4.4462084770e-04
g4635,sa0,,,4.4462084770e-04
g4631,sa0,,,4.4462084770e-04
g4465,sa1,30,0,1.5405416489e-03
g4448,sa0,16,1,4.3945312500e-01
g3815,sa0,,,4.3945312500e-01
g4225,sa0,,,4.3945312500e-01
g4059_g4225_A,sa1,,,4.3945312500e-01
g4582,sa1,8,1,2.7465820313e-04
g4210_g4582_A,sa0,,,2.7465820313e-04
g4636,sa1,8,1,3.4332275391e-05
g4286_g4636_A,sa0,,,3.4332275391e-05
g4285,sa1,24,1,4.6875000000e-01
g3490,sa1,,,4.6875000000e-01
g3887,sa1,,,4.6875000000e-01
g4691,sa0,30,0,4.3945759535e-03
g4581,sa0,,,4.3945759535e-03
g2098,sa0,,,4.3945759535e-03
g1363_g2098_A,sa1,,,4.3945759535e-03
g4583,sa0,28,1,2.7251243591e-04
g1808_g4583_A,sa0,,,2.7251243591e-04
g4267_g4583_B,sa0,,,2.7251243591e-04
g4592,sa0,20,1,6.6518783569e-05
g3147_g4592_A,sa0,,,6.6518783569e-05
g4281_g4592_B,sa0,,,6.6518783569e-05
g4673,sa0,30,0,5.7590007782e-04
g4656,sa0,,,5.7590007782e-04
g4654,sa0,,,5.7590007782e-04
g4565,sa1,8,1,2.1972656250e-03
g4195_g4565_A,sa0,,,2.1972656250e-03
g4628,sa1,8,1,1.3732910156e-04
g4273_g4628_A,sa0,,,1.3732910156e-04
g4683,sa0,30,0,4.3945759535e-03
g4585,sa0,,,4.3945759535e-03
g2066,sa0,,,4.3945759535e-03
g1341_g2066_A,sa1,,,4.3945759535e-03
g4439,sa1,13,1,5.2685546875e-01
II5952,sa0,,,5.2685546875e-01
g4367,sa1,,,5.2685546875e-01
g3756,sa1,24,1,2.3437500000e-01
g4495,sa0,16,1,4.3945312500e-01
g3913,sa0,,,4.3945312500e-01
g4292,sa0,,,4.3945312500e-01
g4059_g4292_A,sa1,,,4.3945312500e-01
g4647,sa1,8,1,4.2915344238e-06
g4296_g4647_A,sa0,,,4.2915344238e-06
g4684,sa0,30,0,4.3945759535e-03
g4584,sa0,,,4.3945759535e-03
g1341_g4684_B,sa0,,,4.3945759535e-03
g4486,sa0,20,1,2.1286010742e-03
g716_g4486_A,sa0,,,2.1286010742e-03
g4195_g4486_B,sa0,,,2.1286010742e-03
g4494,sa1,17,1,5.3015136719e-01
II6004,sa0,,,5.3015136719e-01
g4159,sa1,,,5.3015136719e-01
g4666,sa0,30,0,8.2194805145e-04
g4630,sa0,,,8.2194805145e-04
g4627,sa0,,,8.2194805145e-04
g4639,sa1,8,1,1.7166137695e-05
g4289_g4639_A,sa0,,,1.7166137695e-05
g4774,sa1,12,1,6.2500000000e-02
g4442,sa1,,,6.2500000000e-02
g4445,sa1,,,6.2500000000e-02
g4685,sa0,30,0,7.8125335276e-03
g4591,sa0,,,7.8125335276e-03
g2079,sa0,,,7.8125335276e-03
g1348_g2079_A,sa1,,,7.8125335276e-03
g4667,sa0,30,0,7.6854601502e-04
g4653,sa0,,,7.6854601502e-04
g4651,sa0,,,7.6854601502e-04
g4569,sa0,30,0,3.9844512939e-03
II6143,sa1,,,3.9844512939e-03
g4237,sa0,,,3.9844512939e-03
g4049,sa0,,,3.9844512939e-03
g3677,sa0,,,3.9844512939e-03
g3140_g3677_A,sa1,,,3.9844512939e-03
g3425_g4049_B,sa0,,,3.9844512939e-03
g4017_g4237_B,sa0,,,3.9844512939e-03
g4577,sa1,8,1,1.0986328125e-03
g4202_g4577_A,sa0,,,1.0986328125e-03
g4686,sa0,30,0,1.1230500415e-02
g4590,sa0,,,1.1230500415e-02
g1348_g4686_B,sa0,,,1.1230500415e-02
g4488,sa0,16,1,1.0299682617e-03
g1633_g4488_A,sa0,,,1.0299682617e-03
g4202_g4488_B,sa0,,,1.0299682617e-03
g4496,sa1,17,1,5.3015136719e-01
II6008,sa0,,,5.3015136719e-01
g4163,sa1,,,5.3015136719e-01
g4668,sa0,30,0,6.1434507370e-04
g4642,sa0,,,6.1434507370e-04
g4638,sa0,,,6.1434507370e-04
g4677,sa0,30,0,4.5483559370e-04
g4652,sa0,,,4.5483559370e-04
g4646,sa0,,,4.5483559370e-04
g4569,sa1,30,0,8.3072662354e-02
II6143,sa0,,,8.3072662354e-02
g4237,sa1,,,8.3072662354e-02
g4587,sa1,8,1,1.3732910156e-04
g4215_g4587_A,sa0,,,1.3732910156e-04
g4776,sa1,12,1,6.2500000000e-02
g4449,sa1,,,6.2500000000e-02
g4453,sa1,,,6.2500000000e-02
g4489,sa0,12,1,4.8065185547e-04
g2166_g4489_A,sa0,,,4.8065185547e-04
g4206_g4489_B,sa0,,,4.8065185547e-04
g4588,sa0,24,1,1.3518333435e-04
g2419_g4588_A,sa0,,,1.3518333435e-04
g4273_g4588_B,sa0,,,1.3518333435e-04
g4597,sa0,16,1,3.2186508179e-05
g3694_g4597_A,sa0,,,3.2186508179e-05
g4286_g4597_B,sa0,,,3.2186508179e-05
g4868,sa0,8,1,6.2500000000e-02
g4774,sa0,,,6.2500000000e-02
g2891,sa0,,,6.2500000000e-02
g1884_g2891_A,sa1,,,6.2500000000e-02
g4787,sa0,18,1,1.2016296387e-04
g2937_g4787_A,sa0,,,1.2016296387e-04
g4628,sa0,,,1.2016296387e-04
g4273_g4628_A,sa1,,,1.2016296387e-04
g4679,sa0,30,0,1.6723871231e-03
II6269,sa1,,,1.6723871231e-03
g4655,sa0,,,1.6723871231e-03
g4789,sa0,15,1,5.9127807617e-05
g3551_g4789_A,sa0,,,5.9127807617e-05
g4632,sa0,,,5.9127807617e-05
g4281_g4632_A,sa1,,,5.9127807617e-05
II6175,sa0,9,1,2.5000000000e-01
g4236_II6175_A,sa0,,,2.5000000000e-01
g571_II6175_B,sa0,,,2.5000000000e-01
II5536,sa1,1,1,1.9531250000e-03
II6175,sa1,1,1,9.7656250000e-04
II6194,sa0,9,1,2.5000000000e-01
g4199_II6194_A,sa0,,,2.5000000000e-01
g631_II6194_B,sa0,,,2.5000000000e-01
II5537,sa1,7,1,2.4804687500e-01
II6194,sa1,1,1,9.7656250000e-04
II5783,sa1,1,1,1.9531250000e-03
II5784,sa1,7,1,2.4804687500e-01
II5759,sa0,11,1,7.4218750000e-02
g3836_II5759_A,sa0,,,7.4218750000e-02
g3503_II5759_B,sa0,,,7.4218750000e-02
II5759,sa1,4,1,3.1250000000e-02
g4407_g4602_A,sa1,30,0,8.1825256348e-04
g4662_g5122_B,sa1,19,1,2.3266601563e-01
II5647_II5648_B,sa1,30,0,2.0084381104e-03
II5647_II5649_B,sa1,30,0,2.0084381104e-03
II5657_II5658_B,sa1,30,0,2.0084381104e-03
II5657_II5659_B,sa1,30,0,2.0084381104e-03
II5766_II5767_B,sa1,30,0,9.1552734375e-04
g4407_g4648_A,sa1,30,0,4.2867660522e-04
II5766_II5768_B,sa1,30,0,9.1552734375e-04
g4465_g4825_B,sa1,30,0,9.7900629044e-04
g4569_g4745_B,sa0,30,0,6.9885253906e-03
g4122,sa0,2,1,2.5000000000e-01
II5448,sa1,,,2.5000000000e-01
g3960,sa0,,,2.5000000000e-01
II5204,sa1,,,2.5000000000e-01
g3534,sa0,,,2.5000000000e-01
II4752,sa1,,,2.5000000000e-01
g2859,sa0,,,2.5000000000e-01
g2112,sa0,,,2.5000000000e-01
II3240,sa1,,,2.5000000000e-01
g1460,sa0,,,2.5000000000e-01
II2457,sa1,,,2.5000000000e-01
g1253,sa0,,,2.5000000000e-01
II2245,sa0,,,2.5000000000e-01
g567_II2245_A,sa0,,,2.5000000000e-01
II2244_II2245_B,sa0,,,2.5000000000e-01
II2246,sa0,,,2.5000000000e-01
g598_II2246_A,sa0,,,2.5000000000e-01
II2244_II2246_B,sa0,,,2.5000000000e-01
g1649,sa0,,,2.5000000000e-01
g985_g1649_A,sa1,,,2.5000000000e-01
g4230,sa0,20,1,2.2705078125e-01
g3756,sa0,,,2.2705078125e-01
II4940,sa0,,,2.2705078125e-01
g3437_II4940_A,sa0,,,2.2705078125e-01
II4939_II4940_B,sa0,,,2.2705078125e-01
II4941,sa0,,,2.2705078125e-01
g357_II4941_A,sa0,,,2.2705078125e-01
II4939_II4941_B,sa0,,,2.2705078125e-01
g1861_g4230_B,sa0,,,2.2705078125e-01
g4122,sa1,3,1,7.5000000000e-01
II5448,sa0,,,7.5000000000e-01
g3960,sa1,,,7.5000000000e-01
II5204,sa0,,,7.5000000000e-01
g3534,sa1,,,7.5000000000e-01
II4752,sa0,,,7.5000000000e-01
g2859,sa1,,,7.5000000000e-01
g4124,sa0,2,1,2.5000000000e-01
II5454,sa1,,,2.5000000000e-01
g3874,sa0,,,2.5000000000e-01
II5103,sa1,,,2.5000000000e-01
g3440,sa0,,,2.5000000000e-01
II4678,sa1,,,2.5000000000e-01
g2670,sa0,,,2.5000000000e-01
g2029,sa0,,,2.5000000000e-01
II3134,sa1,,,2.5000000000e-01
g1336,sa0,,,2.5000000000e-01
II2361,sa1,,,2.5000000000e-01
g1075,sa0,,,2.5000000000e-01
II2109,sa0,,,2.5000000000e-01
g602_II2109_A,sa0,,,2.5000000000e-01
II2108_II2109_B,sa0,,,2.5000000000e-01
II2110,sa0,,,2.5000000000e-01
g610_II2110_A,sa0,,,2.5000000000e-01
II2108_II2110_B,sa0,,,2.5000000000e-01
g1503,sa0,,,2.5000000000e-01
g878_g1503_A,sa1,,,2.5000000000e-01
g4510,sa1,30,0,2.9483251274e-04
II6042,sa0,,,2.9483251274e-04
g4374,sa1,,,2.9483251274e-04
II5837,sa0,,,2.9483251274e-04
g3850,sa1,,,2.9483251274e-04
g3680,sa1,,,2.9483251274e-04
g3145,sa1,,,2.9483251274e-04
g4124,sa1,3,1,7.5000000000e-01
II5454,sa0,,,7.5000000000e-01
g3874,sa1,,,7.5000000000e-01
II5103,sa0,,,7.5000000000e-01
g3440,sa1,,,7.5000000000e-01
II4678,sa0,,,7.5000000000e-01
g2670,sa1,,,7.5000000000e-01
g4520,sa1,30,0,2.9066018760e-04
II6072,sa0,,,2.9066018760e-04
g4385,sa1,,,2.9066018760e-04
II5862,sa0,,,2.9066018760e-04
g3863,sa1,,,2.9066018760e-04
g3692,sa1,,,2.9066018760e-04
g3172,sa1,,,2.9066018760e-04
g4511,sa1,0,1,0.0000000000e+00
II6045,sa0,,,0.0000000000e+00
g4375,sa1,,,0.0000000000e+00
II5840,sa0,,,0.0000000000e+00
g3732,sa1,,,0.0000000000e+00
g3324,sa1,,,0.0000000000e+00
g2732,sa1,,,0.0000000000e+00
g4512,sa1,30,0,2.9483251274e-04
II6048,sa0,,,2.9483251274e-04
g4376,sa1,,,2.9483251274e-04
II5843,sa0,,,2.9483251274e-04
g3851,sa1,,,2.9483251274e-04
g3681,sa1,,,2.9483251274e-04
g3146,sa1,,,2.9483251274e-04
g4521,sa1,30,0,4.6572168344e-09
II6075,sa0,,,4.6572168344e-09
g4386,sa1,,,4.6572168344e-09
II5865,sa0,,,4.6572168344e-09
g3743,sa1,,,4.6572168344e-09
g3344,sa1,,,4.6572168344e-09
g2758,sa1,,,4.6572168344e-09
g4530,sa1,0,1,0.0000000000e+00
II6102,sa0,,,0.0000000000e+00
g4399,sa1,,,0.0000000000e+00
II5896,sa0,,,0.0000000000e+00
g3879,sa1,,,0.0000000000e+00
g3704,sa1,,,0.0000000000e+00
g3195,sa1,,,0.0000000000e+00
g4271,sa0,30,0,3.1250979751e-02
g2121_g4271_A,sa0,,,3.1250979751e-02
g1749_g4271_B,sa0,,,3.1250979751e-02
g4004_g4271_C,sa0,,,3.1250979751e-02
g4280,sa0,30,0,3.1250283122e-02
g2138_g4280_A,sa0,,,3.1250283122e-02
g1764_g4280_B,sa0,,,3.1250283122e-02
g4007_g4280_C,sa0,,,3.1250283122e-02
g4522,sa1,30,0,2.9066018760e-04
II6078,sa0,,,2.9066018760e-04
g4387,sa1,,,2.9066018760e-04
II5868,sa0,,,2.9066018760e-04
g3864,sa1,,,2.9066018760e-04
g3693,sa1,,,2.9066018760e-04
g3176,sa1,,,2.9066018760e-04
g4531,sa1,30,0,3.7260008412e-09
II6105,sa0,,,3.7260008412e-09
g4400,sa1,,,3.7260008412e-09
II5899,sa0,,,3.7260008412e-09
g3748,sa1,,,3.7260008412e-09
g3366,sa1,,,3.7260008412e-09
g2782,sa1,,,3.7260008412e-09
g4730,sa0,15,1,1.8920898438e-03
g1423_g4730_A,sa0,,,1.8920898438e-03
g4565,sa0,,,1.8920898438e-03
g4195_g4565_A,sa1,,,1.8920898438e-03
g4244,sa0,6,1,6.2500000000e-02
g1749_g4244_A,sa0,,,6.2500000000e-02
g4004_g4244_B,sa0,,,6.2500000000e-02
g1609_g4244_C,sa0,,,6.2500000000e-02
g5062,sa1,30,0,5.1319599152e-05
g4661,sa1,,,5.1319599152e-05
g4666,sa1,,,5.1319599152e-05
g4541,sa0,7,1,9.7656250000e-04
g631_g4541_A,sa0,,,9.7656250000e-04
g4199_g4541_B,sa0,,,9.7656250000e-04
g5315,sa1,2,1,4.3750000000e-01
g5116,sa0,,,4.3750000000e-01
g4810,sa1,,,4.3750000000e-01
II6488,sa0,,,4.3750000000e-01
g4603_II6488_A,sa1,,,4.3750000000e-01
g4523,sa1,30,0,3.7260008412e-09
II6081,sa0,,,3.7260008412e-09
g4388,sa1,,,3.7260008412e-09
II5871,sa0,,,3.7260008412e-09
g3744,sa1,,,3.7260008412e-09
g3345,sa1,,,3.7260008412e-09
g2759,sa1,,,3.7260008412e-09
g4811,sa1,30,0,4.6875000000e-01
g4429,sa1,,,4.6875000000e-01
g4432,sa1,,,4.6875000000e-01
g923_g4432_A,sa1,,,4.6875000000e-01
g4253_g4432_B,sa1,,,4.6875000000e-01
g4532,sa1,30,0,1.4252443861e-03
II6108,sa0,,,1.4252443861e-03
g4403,sa1,,,1.4252443861e-03
II5904,sa0,,,1.4252443861e-03
g3749,sa1,,,1.4252443861e-03
g3371,sa1,,,1.4252443861e-03
g2793,sa1,,,1.4252443861e-03
g4541,sa1,34,0,2.4975585938e-01
g4515,sa1,30,0,2.9066018760e-04
II6057,sa0,,,2.9066018760e-04
g4379,sa1,,,2.9066018760e-04
II5848,sa0,,,2.9066018760e-04
g3856,sa1,,,2.9066018760e-04
g3686,sa1,,,2.9066018760e-04
g3157,sa1,,,2.9066018760e-04
g4524,sa1,0,1,0.0000000000e+00
II6084,sa0,,,0.0000000000e+00
g4391,sa1,,,0.0000000000e+00
II5876,sa0,,,0.0000000000e+00
g3870,sa1,,,0.0000000000e+00
g3700,sa1,,,0.0000000000e+00
g3182,sa1,,,0.0000000000e+00
g4533,sa1,0,1,0.0000000000e+00
II6111,sa0,,,0.0000000000e+00
g4404,sa1,,,0.0000000000e+00
II5907,sa0,,,0.0000000000e+00
g3883,sa1,,,0.0000000000e+00
g3709,sa1,,,0.0000000000e+00
g3203,sa1,,,0.0000000000e+00
g5091,sa1,30,0,1.1718768626e-02
g4698,sa1,,,1.1718768626e-02
g4701,sa1,,,1.1718768626e-02
g4525,sa1,30,0,4.6572168344e-09
II6087,sa0,,,4.6572168344e-09
g4392,sa1,,,4.6572168344e-09
II5879,sa0,,,4.6572168344e-09
g3745,sa1,,,4.6572168344e-09
g3356,sa1,,,4.6572168344e-09
g2770,sa1,,,4.6572168344e-09
g4516,sa1,30,0,4.6572168344e-09
II6060,sa0,,,4.6572168344e-09
g4380,sa1,,,4.6572168344e-09
II5851,sa0,,,4.6572168344e-09
g3739,sa1,,,4.6572168344e-09
g3334,sa1,,,4.6572168344e-09
g2746,sa1,,,4.6572168344e-09
g4534,sa1,30,0,3.7260008412e-09
II6114,sa0,,,3.7260008412e-09
g4405,sa1,,,3.7260008412e-09
II5910,sa0,,,3.7260008412e-09
g3750,sa1,,,3.7260008412e-09
g3372,sa1,,,3.7260008412e-09
g2794,sa1,,,3.7260008412e-09
g4247,sa0,6,1,6.2500000000e-02
g1764_g4247_A,sa0,,,6.2500000000e-02
g4007_g4247_B,sa0,,,6.2500000000e-02
g1628_g4247_C,sa0,,,6.2500000000e-02
g5065,sa1,30,0,5.0604343414e-05
g4667,sa1,,,5.0604343414e-05
g4671,sa1,,,5.0604343414e-05
g4508,sa1,30,0,2.9483251274e-04
II6036,sa0,,,2.9483251274e-04
g4370,sa1,,,2.9483251274e-04
II5831,sa0,,,2.9483251274e-04
g3842,sa1,,,2.9483251274e-04
g3670,sa1,,,2.9483251274e-04
g3135,sa1,,,2.9483251274e-04
g4526,sa1,30,0,2.9066018760e-04
II6090,sa0,,,2.9066018760e-04
g4393,sa1,,,2.9066018760e-04
II5882,sa0,,,2.9066018760e-04
g3871,sa1,,,2.9066018760e-04
g3701,sa1,,,2.9066018760e-04
g3186,sa1,,,2.9066018760e-04
g4517,sa1,30,0,2.9483251274e-04
II6063,sa0,,,2.9483251274e-04
g4381,sa1,,,2.9483251274e-04
II5854,sa0,,,2.9483251274e-04
g3857,sa1,,,2.9483251274e-04
g3687,sa1,,,2.9483251274e-04
g3161,sa1,,,2.9483251274e-04
g5093,sa1,30,0,2.6367198676e-02
g4683,sa1,,,2.6367198676e-02
g4684,sa1,,,2.6367198676e-02
g5066,sa1,30,0,3.0249342456e-03
g4668,sa1,,,3.0249342456e-03
g4672,sa1,,,3.0249342456e-03
g4680,sa0,30,0,4.2724609375e-04
g4550_g4680_A,sa0,,,4.2724609375e-04
g1514_g4680_B,sa0,,,4.2724609375e-04
g1006_g4680_C,sa0,,,4.2724609375e-04
g2897_g4680_D,sa0,,,4.2724609375e-04
g4816,sa0,30,0,9.8458099365e-01
g996_g4816_A,sa0,,,9.8458099365e-01
g4550_g4816_B,sa0,,,9.8458099365e-01
g1518,sa0,,,9.8458099365e-01
g2073_g4816_D,sa0,,,9.8458099365e-01
g4527,sa1,30,0,3.7260008412e-09
II6093,sa0,,,3.7260008412e-09
g4394,sa1,,,3.7260008412e-09
II5885,sa0,,,3.7260008412e-09
g3746,sa1,,,3.7260008412e-09
g3357,sa1,,,3.7260008412e-09
g2771,sa1,,,3.7260008412e-09
g5094,sa1,30,0,1.0253939778e-02
g4685,sa1,,,1.0253939778e-02
g4686,sa1,,,1.0253939778e-02
g4735,sa0,12,1,9.1552734375e-04
g2018_g4735_A,sa0,,,9.1552734375e-04
g4577,sa0,,,9.1552734375e-04
g4202_g4577_A,sa1,,,9.1552734375e-04
g4744,sa0,6,1,1.8310546875e-04
g3434_g4744_A,sa0,,,1.8310546875e-04
g4582,sa0,,,1.8310546875e-04
g4210_g4582_A,sa1,,,1.8310546875e-04
g4870,sa0,8,1,6.2500000000e-02
g4779,sa0,,,6.2500000000e-02
g1884_g4870_B,sa0,,,6.2500000000e-02
g5077,sa0,16,1,3.7109375000e-02
g4518,sa1,0,1,0.0000000000e+00
II6066,sa0,,,0.0000000000e+00
g4382,sa1,,,0.0000000000e+00
II5857,sa0,,,0.0000000000e+00
g3740,sa1,,,0.0000000000e+00
g3335,sa1,,,0.0000000000e+00
g2747,sa1,,,0.0000000000e+00
g4536,sa1,30,0,1.4252443861e-03
II6118,sa0,,,1.4252443861e-03
g4406,sa1,,,1.4252443861e-03
II5913,sa0,,,1.4252443861e-03
g3751,sa1,,,1.4252443861e-03
g3375,sa1,,,1.4252443861e-03
g2807,sa1,,,1.4252443861e-03
g4680,sa1,30,0,3.6406517029e-04
g4816,sa1,2,1,7.3242187500e-04
g4528,sa1,0,1,0.0000000000e+00
II6096,sa0,,,0.0000000000e+00
g4397,sa1,,,0.0000000000e+00
II5890,sa0,,,0.0000000000e+00
g3878,sa1,,,0.0000000000e+00
g3703,sa1,,,0.0000000000e+00
g3191,sa1,,,0.0000000000e+00
g4826,sa0,30,0,8.2850456238e-05
g4209,sa0,,,8.2850456238e-05
g3816_g4209_A,sa0,,,8.2850456238e-05
g865,sa0,,,8.2850456238e-05
g188_g865_A,sa1,,,8.2850456238e-05
g4463,sa0,,,8.2850456238e-05
g4364_g4463_A,sa1,,,8.2850456238e-05
g5069,sa0,16,1,3.7109375000e-02
g5077,sa1,30,0,4.1699218750e-01
g1612_g5077_A,sa1,,,4.1699218750e-01
g4694_g5077_B,sa1,,,4.1699218750e-01
g5068,sa1,30,0,2.4593109018e-03
g4673,sa1,,,2.4593109018e-03
g4677,sa1,,,2.4593109018e-03
g4593,sa0,30,0,7.2694383562e-06
g4277_g4593_A,sa0,,,7.2694383562e-06
g947,sa0,,,7.2694383562e-06
g74_g947_A,sa1,,,7.2694383562e-06
g4529,sa1,30,0,4.6572168344e-09
II6099,sa0,,,4.6572168344e-09
g4398,sa1,,,4.6572168344e-09
II5893,sa0,,,4.6572168344e-09
g3747,sa1,,,4.6572168344e-09
g3365,sa1,,,4.6572168344e-09
g2781,sa1,,,4.6572168344e-09
g4863,sa0,8,1,6.2500000000e-02
g4777,sa0,,,6.2500000000e-02
g2874,sa0,,,6.2500000000e-02
g1849_g2874_A,sa1,,,6.2500000000e-02
g5069,sa1,30,0,4.1699218750e-01
g1595_g5069_A,sa1,,,4.1699218750e-01
g4688_g5069_B,sa1,,,4.1699218750e-01
g4782,sa0,24,1,4.8637390137e-04
g1624_g4782_A,sa0,,,4.8637390137e-04
g4623,sa0,,,4.8637390137e-04
g4262_g4623_A,sa1,,,4.8637390137e-04
g4791,sa0,12,1,2.8610229492e-05
g3936_g4791_A,sa0,,,2.8610229492e-05
g4636,sa0,,,2.8610229492e-05
g4286_g4636_A,sa1,,,2.8610229492e-05
g4674,sa0,30,0,4.8942852020e-01
g4550_g4674_A,sa0,,,4.8942852020e-01
g1514_g4674_B,sa0,,,4.8942852020e-01
g2107,sa0,,,4.8942852020e-01
g1583,sa0,,,4.8942852020e-01
g1001_g1583_A,sa1,,,4.8942852020e-01
g1543_g2107_B,sa0,,,4.8942852020e-01
g2897_g4674_D,sa0,,,4.8942852020e-01
g4593,sa1,60,0,2.2769067436e-04
g5088,sa1,30,0,2.6367198676e-02
g4691,sa1,,,2.6367198676e-02
g4697,sa1,,,2.6367198676e-02
g4756,sa0,3,1,6.1035156250e-05
g3816_g4756_A,sa0,,,6.1035156250e-05
g4587,sa0,,,6.1035156250e-05
g4215_g4587_A,sa1,,,6.1035156250e-05
g4792,sa0,30,0,2.4580862373e-04
g1417,sa0,,,2.4580862373e-04
g873_g1417_A,sa0,,,2.4580862373e-04
g889_g1417_B,sa0,,,2.4580862373e-04
g4471,sa0,,,2.4580862373e-04
g4253_g4471_A,sa0,,,2.4580862373e-04
g332_g4471_B,sa0,,,2.4580862373e-04
g4674,sa1,18,1,1.8274784088e-04
g4739,sa0,9,1,4.2724609375e-04
g2850_g4739_A,sa0,,,4.2724609375e-04
g4579,sa0,,,4.2724609375e-04
g4206_g4579_A,sa1,,,4.2724609375e-04
g4865,sa0,8,1,6.2500000000e-02
g4776,sa0,,,6.2500000000e-02
g1849_g4865_B,sa0,,,6.2500000000e-02
g4793,sa0,9,1,1.3351440430e-05
g4277_g4793_A,sa0,,,1.3351440430e-05
g4639,sa0,,,1.3351440430e-05
g4289_g4639_A,sa1,,,1.3351440430e-05
g4659,sa0,1,1,2.5000000000e-01
II6250,sa1,,,2.5000000000e-01
g4514,sa0,,,2.5000000000e-01
II6054,sa1,,,2.5000000000e-01
g4194,sa0,,,2.5000000000e-01
II5612,sa1,,,2.5000000000e-01
g3910,sa0,,,2.5000000000e-01
g3546_g3910_A,sa0,,,2.5000000000e-01
g1049_g3910_B,sa0,,,2.5000000000e-01
g4785,sa0,21,1,2.4223327637e-04
g2160_g4785_A,sa0,,,2.4223327637e-04
g4625,sa0,,,2.4223327637e-04
g4267_g4625_A,sa1,,,2.4223327637e-04
g4659,sa1,2,1,7.5000000000e-01
II6250,sa0,,,7.5000000000e-01
g4514,sa1,,,7.5000000000e-01
II6054,sa0,,,7.5000000000e-01
g4194,sa1,,,7.5000000000e-01
II5612,sa0,,,7.5000000000e-01
g3910,sa1,,,7.5000000000e-01
g4894,sa1,30,0,9.7458648682e-01
g4813,sa0,,,9.7458648682e-01
g4550_g4813_A,sa0,,,9.7458648682e-01
g965_g4813_B,sa0,,,9.7458648682e-01
g1560_g4813_C,sa0,,,9.7458648682e-01
g2073_g4813_D,sa0,,,9.7458648682e-01
g4859,sa1,14,1,4.1503906250e-03
g4730,sa1,,,4.1503906250e-03
g4486,sa1,,,4.1503906250e-03
g4541_II6473_A,sa1,9,1,2.4951171875e-01
g4599,sa1,28,1,4.6875000000e-01
g3499,sa1,,,4.6875000000e-01
g4230,sa1,,,4.6875000000e-01
g4869,sa1,3,1,1.7089843750e-03
g4662_g4869_A,sa0,,,1.7089843750e-03
g4541_II6474_A,sa1,9,1,2.4951171875e-01
II5648,sa1,30,0,2.1209716797e-03
II5649,sa1,30,0,2.1209716797e-03
II5658,sa1,30,0,2.1209716797e-03
II5659,sa1,30,0,2.1209716797e-03
II5767,sa1,30,0,9.1552734375e-04
II5768,sa1,30,0,9.1552734375e-04
II6175_II6176_B,sa1,1,1,9.7656250000e-04
II6175_II6177_B,sa1,1,1,9.7656250000e-04
II6194_II6195_B,sa1,1,1,9.7656250000e-04
II6194_II6196_B,sa1,1,1,9.7656250000e-04
g5069_g5241_A,sa0,10,1,2.1484375000e-02
II5759_II5760_B,sa1,4,1,3.1250000000e-02
II5759_II5761_B,sa1,4,1,3.1250000000e-02
g5069_g5324_A,sa0,2,1,1.5625000000e-02
g5077_g5325_A,sa0,2,1,1.5625000000e-02
g4541_g4708_B,sa1,27,1,2.4951171875e-01
g5069_g5326_A,sa0,10,1,2.2460937500e-02
g5077_g5327_A,sa0,10,1,2.2460937500e-02
g5077_g5246_A,sa0,10,1,2.1484375000e-02
g4680_g4950_B,sa0,30,0,4.2724609375e-04
g4680_g4877_B,sa0,30,0,4.2724609375e-04
g4593_g4794_A,sa1,30,0,2.1356297657e-04
g4674_g4993_A,sa0,30,0,1.4502288259e-15
g4674_g4967_A,sa0,30,0,4.8253250122e-01
g4593_g4797_A,sa1,30,0,8.9883804321e-04
g5012,sa1,14,1,1.0375976563e-03
g4782,sa1,,,1.0375976563e-03
g4580,sa1,,,1.0375976563e-03
g5013,sa1,30,0,5.8174133301e-03
g4826,sa1,,,5.8174133301e-03
g4621,sa1,,,5.8174133301e-03
g5122,sa0,3,1,3.4179687500e-03
g193_g5122_A,sa0,,,3.4179687500e-03
g4662_g5122_B,sa0,,,3.4179687500e-03
g5014,sa1,27,1,1.5563964844e-03
g4785,sa1,,,1.5563964844e-03
g4583,sa1,,,1.5563964844e-03
g4250,sa1,6,1,2.5000000000e-01
II5702,sa0,,,2.5000000000e-01
g3845,sa1,,,2.5000000000e-01
II5050,sa0,,,2.5000000000e-01
g3246,sa1,,,2.5000000000e-01
g5015,sa1,30,0,1.5563964844e-03
g4787,sa1,,,1.5563964844e-03
g4588,sa1,,,1.5563964844e-03
g5024,sa1,30,0,1.2340545654e-03
g4793,sa1,,,1.2340545654e-03
g4600,sa1,,,1.2340545654e-03
g4602,sa0,8,1,6.4373016357e-06
g4407_g4602_A,sa0,,,6.4373016357e-06
g4293_g4602_B,sa0,,,6.4373016357e-06
g5025,sa0,16,1,7.2956085205e-04
g4814,sa1,,,7.2956085205e-04
g4423,sa0,4,1,7.5000000000e-01
II5920,sa1,,,7.5000000000e-01
g4228,sa0,,,7.5000000000e-01
II5668,sa1,,,7.5000000000e-01
g3828,sa0,,,7.5000000000e-01
g5170,sa0,30,0,3.4180171788e-03
g5091,sa0,,,3.4180171788e-03
g2111,sa0,,,3.4180171788e-03
g1384_g2111_A,sa1,,,3.4180171788e-03
g5016,sa1,30,0,1.4724731445e-03
g4789,sa1,,,1.4724731445e-03
g4592,sa1,,,1.4724731445e-03
g5025,sa1,30,0,1.4450246555e-15
g4814,sa0,,,1.4450246555e-15
g4550_g4814_A,sa0,,,1.4450246555e-15
g1575,sa0,,,1.4450246555e-15
g980_g1575_A,sa0,,,1.4450246555e-15
g965_g1575_B,sa0,,,1.4450246555e-15
g1550,sa0,,,1.4450246555e-15
g996_g1550_A,sa1,,,1.4450246555e-15
g2073_g4814_D,sa0,,,1.4450246555e-15
g4423,sa1,3,1,2.5000000000e-01
II5920,sa0,,,2.5000000000e-01
g4228,sa1,,,2.5000000000e-01
II5668,sa0,,,2.5000000000e-01
g3828,sa1,,,2.5000000000e-01
g3304,sa1,,,2.5000000000e-01
g1351,sa1,,,2.5000000000e-01
II2388,sa0,,,2.5000000000e-01
g878_II2388_A,sa1,,,2.5000000000e-01
g5162,sa0,30,0,4.8828534782e-03
g5088,sa0,,,4.8828534782e-03
g2105,sa0,,,4.8828534782e-03
g1375_g2105_A,sa1,,,4.8828534782e-03
g5018,sa1,30,0,1.4152526855e-03
g4791,sa1,,,1.4152526855e-03
g4597,sa1,,,1.4152526855e-03
g4830,sa0,30,0,4.6572168344e-09
g4529,sa0,,,4.6572168344e-09
II6099,sa1,,,4.6572168344e-09
g4398,sa0,,,4.6572168344e-09
II5893,sa1,,,4.6572168344e-09
g3747,sa0,,,4.6572168344e-09
g4525,sa0,,,4.6572168344e-09
II6087,sa1,,,4.6572168344e-09
g4392,sa0,,,4.6572168344e-09
II5879,sa1,,,4.6572168344e-09
g3745,sa0,,,4.6572168344e-09
g4218,sa1,6,1,2.5000000000e-01
II5640,sa0,,,2.5000000000e-01
g3770,sa1,,,2.5000000000e-01
II4961,sa0,,,2.5000000000e-01
g3597,sa1,,,2.5000000000e-01
g5074,sa0,59,0,8.5568334907e-04
g4831,sa0,0,1,0.0000000000e+00
g4528,sa0,,,0.0000000000e+00
II6096,sa1,,,0.0000000000e+00
g4397,sa0,,,0.0000000000e+00
II5890,sa1,,,0.0000000000e+00
g3878,sa0,,,0.0000000000e+00
g4524,sa0,,,0.0000000000e+00
II6084,sa1,,,0.0000000000e+00
g4391,sa0,,,0.0000000000e+00
II5876,sa1,,,0.0000000000e+00
g3870,sa0,,,0.0000000000e+00
g4804,sa1,0,1,0.0000000000e+00
g4473_g4804_A,sa0,,,0.0000000000e+00
g5074,sa1,30,0,4.6765804291e-04
g4792,sa1,,,4.6765804291e-04
g4598,sa1,,,4.6765804291e-04
g4832,sa0,30,0,2.9483251274e-04
g4517,sa0,,,2.9483251274e-04
II6063,sa1,,,2.9483251274e-04
g4381,sa0,,,2.9483251274e-04
II5854,sa1,,,2.9483251274e-04
g3857,sa0,,,2.9483251274e-04
g4512,sa0,,,2.9483251274e-04
II6048,sa1,,,2.9483251274e-04
g4376,sa0,,,2.9483251274e-04
II5843,sa1,,,2.9483251274e-04
g3851,sa0,,,2.9483251274e-04
g4904,sa0,2,1,7.3242187500e-04
g4812,sa1,,,7.3242187500e-04
g4805,sa1,0,1,0.0000000000e+00
g4473_g4805_A,sa0,,,0.0000000000e+00
g5175,sa0,30,0,2.9297377914e-03
g5094,sa0,,,2.9297377914e-03
g1384_g5175_B,sa0,,,2.9297377914e-03
g4833,sa0,30,0,4.6572168344e-09
g4521,sa0,,,4.6572168344e-09
II6075,sa1,,,4.6572168344e-09
g4386,sa0,,,4.6572168344e-09
II5865,sa1,,,4.6572168344e-09
g3743,sa0,,,4.6572168344e-09
g4516,sa0,,,4.6572168344e-09
II6060,sa1,,,4.6572168344e-09
g4380,sa0,,,4.6572168344e-09
II5851,sa1,,,4.6572168344e-09
g3739,sa0,,,4.6572168344e-09
g4904,sa1,30,0,9.7425079346e-01
g4812,sa0,,,9.7425079346e-01
g4550_g4812_A,sa0,,,9.7425079346e-01
g1560_g4812_B,sa0,,,9.7425079346e-01
g1559,sa0,,,9.7425079346e-01
g965_g1559_A,sa1,,,9.7425079346e-01
g2073_g4812_D,sa0,,,9.7425079346e-01
g4806,sa1,0,1,0.0000000000e+00
g4473_g4806_A,sa0,,,0.0000000000e+00
g4860,sa1,26,1,6.2255859375e-03
g4735,sa1,,,6.2255859375e-03
g4488,sa1,,,6.2255859375e-03
g5265,sa1,16,1,1.2500000000e-01
g4863,sa1,,,1.2500000000e-01
g4865,sa1,,,1.2500000000e-01
g4834,sa0,30,0,3.7260008412e-09
g4534,sa0,,,3.7260008412e-09
II6114,sa1,,,3.7260008412e-09
g4405,sa0,,,3.7260008412e-09
II5910,sa1,,,3.7260008412e-09
g3750,sa0,,,3.7260008412e-09
g4531,sa0,,,3.7260008412e-09
II6105,sa1,,,3.7260008412e-09
g4400,sa0,,,3.7260008412e-09
II5899,sa1,,,3.7260008412e-09
g3748,sa0,,,3.7260008412e-09
g4915,sa0,2,1,7.3242187500e-04
g4669,sa1,,,7.3242187500e-04
g4745,sa0,60,0,1.3420104980e-02
g4717,sa1,30,0,3.8088989258e-01
g4465_g4717_A,sa0,,,3.8088989258e-01
g4807,sa1,7,1,3.8574218750e-02
g4473_g4807_A,sa0,,,3.8574218750e-02
g4915,sa1,30,0,9.7457885742e-01
g4669,sa0,,,9.7457885742e-01
g4550_g4669_A,sa0,,,9.7457885742e-01
g1017_g4669_B,sa0,,,9.7457885742e-01
g1680,sa0,,,9.7457885742e-01
g1011_g1680_A,sa1,,,9.7457885742e-01
g2897_g4669_D,sa0,,,9.7457885742e-01
g4835,sa0,0,1,0.0000000000e+00
g4533,sa0,,,0.0000000000e+00
II6111,sa1,,,0.0000000000e+00
g4404,sa0,,,0.0000000000e+00
II5907,sa1,,,0.0000000000e+00
g3883,sa0,,,0.0000000000e+00
g4530,sa0,,,0.0000000000e+00
II6102,sa1,,,0.0000000000e+00
g4399,sa0,,,0.0000000000e+00
II5896,sa1,,,0.0000000000e+00
g3879,sa0,,,0.0000000000e+00
g4745,sa1,30,0,6.0887908936e-01
g4468_g4745_A,sa1,,,6.0887908936e-01
g4569_g4745_B,sa1,,,6.0887908936e-01
g4808,sa1,0,1,0.0000000000e+00
g4473_g4808_A,sa0,,,0.0000000000e+00
g5169,sa0,30,0,2.9297322035e-03
g5093,sa0,,,2.9297322035e-03
g1375_g5169_B,sa0,,,2.9297322035e-03
g4862,sa1,30,0,6.8359375000e-03
g4739,sa1,,,6.8359375000e-03
g4489,sa1,,,6.8359375000e-03
g5249,sa1,16,1,1.2500000000e-01
g4868,sa1,,,1.2500000000e-01
g4870,sa1,,,1.2500000000e-01
g4836,sa0,30,0,3.7260008412e-09
g4527,sa0,,,3.7260008412e-09
II6093,sa1,,,3.7260008412e-09
g4394,sa0,,,3.7260008412e-09
II5885,sa1,,,3.7260008412e-09
g3746,sa0,,,3.7260008412e-09
g4523,sa0,,,3.7260008412e-09
II6081,sa1,,,3.7260008412e-09
g4388,sa0,,,3.7260008412e-09
II5871,sa1,,,3.7260008412e-09
g3744,sa0,,,3.7260008412e-09
g4827,sa0,30,0,2.9066018760e-04
g4520,sa0,,,2.9066018760e-04
II6072,sa1,,,2.9066018760e-04
g4385,sa0,,,2.9066018760e-04
II5862,sa1,,,2.9066018760e-04
g3863,sa0,,,2.9066018760e-04
g4515,sa0,,,2.9066018760e-04
II6057,sa1,,,2.9066018760e-04
g4379,sa0,,,2.9066018760e-04
II5848,sa1,,,2.9066018760e-04
g3856,sa0,,,2.9066018760e-04
g4980,sa0,2,1,1.8310546875e-04
g4678,sa1,,,1.8310546875e-04
g4648,sa0,30,0,5.4226256907e-06
g4407_g4648_A,sa0,,,5.4226256907e-06
g79_g4648_B,sa0,,,5.4226256907e-06
g4828,sa0,30,0,2.9483251274e-04
g4510,sa0,,,2.9483251274e-04
II6042,sa1,,,2.9483251274e-04
g4374,sa0,,,2.9483251274e-04
II5837,sa1,,,2.9483251274e-04
g3850,sa0,,,2.9483251274e-04
g4508,sa0,,,2.9483251274e-04
II6036,sa1,,,2.9483251274e-04
g4370,sa0,,,2.9483251274e-04
II5831,sa1,,,2.9483251274e-04
g3842,sa0,,,2.9483251274e-04
g4980,sa1,30,0,9.6598052979e-01
g4678,sa0,,,9.6598052979e-01
g2897_g4678_A,sa0,,,9.6598052979e-01
g2101,sa0,,,9.6598052979e-01
g1001_g2101_A,sa0,,,9.6598052979e-01
g1543_g2101_B,sa0,,,9.6598052979e-01
g1514_g4678_C,sa0,,,9.6598052979e-01
g4550_g4678_D,sa0,,,9.6598052979e-01
g4648,sa1,60,0,4.3415185064e-04
g4837,sa1,0,1,0.0000000000e+00
g4473_g4837_A,sa0,,,0.0000000000e+00
g4864,sa1,30,0,6.4392089844e-03
g4744,sa1,,,6.4392089844e-03
g4490,sa1,,,6.4392089844e-03
g4829,sa0,30,0,2.9066018760e-04
g4526,sa0,,,2.9066018760e-04
II6090,sa1,,,2.9066018760e-04
g4393,sa0,,,2.9066018760e-04
II5882,sa1,,,2.9066018760e-04
g3871,sa0,,,2.9066018760e-04
g4522,sa0,,,2.9066018760e-04
II6078,sa1,,,2.9066018760e-04
g4387,sa0,,,2.9066018760e-04
II5868,sa1,,,2.9066018760e-04
g3864,sa0,,,2.9066018760e-04
g4867,sa0,30,0,4.6728515625e-01
g4811,sa0,,,4.6728515625e-01
g3872,sa0,,,4.6728515625e-01
g3312_g3872_A,sa1,,,4.6728515625e-01
g4866,sa1,30,0,5.8288574219e-03
g4756,sa1,,,5.8288574219e-03
g4491,sa1,,,5.8288574219e-03
g4894,sa0,2,1,7.3242187500e-04
g4813,sa1,,,7.3242187500e-04
g5025_II8129_B,sa0,2,1,3.6621093750e-04
g4948,sa1,30,0,1.4902504120e-08
g4834,sa1,,,1.4902504120e-08
g4836,sa1,,,1.4902504120e-08
g4877,sa0,16,1,1.8239021301e-04
g4967,sa0,2,1,9.1552734375e-05
g4993,sa1,30,0,1.4502288259e-15
g4674_g4993_A,sa1,,,1.4502288259e-15
g1477_g4993_B,sa1,,,1.4502288259e-15
g5025_II8138_C,sa0,2,1,3.6621093750e-04
g4797,sa0,6,1,5.7220458984e-06
g4593_g4797_A,sa0,,,5.7220458984e-06
g4643,sa0,,,5.7220458984e-06
g4293_g4643_A,sa1,,,5.7220458984e-06
g4877,sa1,30,0,8.5449218750e-04
g952_g4877_A,sa1,,,8.5449218750e-04
g4680_g4877_B,sa1,,,8.5449218750e-04
g4967,sa1,30,0,9.6506500244e-01
g4674_g4967_A,sa1,,,9.6506500244e-01
g952_g4967_B,sa1,,,9.6506500244e-01
g4904_II8081_B,sa0,2,1,3.6621093750e-04
g4980_II8210_D,sa0,2,1,1.8310546875e-04
g4904_II8137_B,sa0,2,1,3.6621093750e-04
g5025_II7972_B,sa0,2,1,3.6621093750e-04
g5025_II7981_B,sa0,2,1,3.6621093750e-04
g5025_II7990_B,sa0,2,1,3.6621093750e-04
g4915_II8082_B,sa0,2,1,3.6621093750e-04
g4980_II8082_A,sa0,2,1,9.1552734375e-05
g4915_II8129_A,sa0,2,1,3.6621093750e-04
g4915_II8138_B,sa0,2,1,3.6621093750e-04
g4980_II8138_A,sa0,2,1,9.1552734375e-05
g4894_II8081_A,sa0,2,1,3.6621093750e-04
g4980_II8119_D,sa0,2,1,9.1552734375e-05
g4980_II8128_D,sa0,2,1,9.1552734375e-05
g4915_II7972_A,sa0,2,1,7.3242187500e-04
g4915_II7981_A,sa0,2,1,7.3242187500e-04
g4915_II7990_A,sa0,2,1,7.3242187500e-04
g4894_II8137_A,sa0,2,1,3.6621093750e-04
g4980_II7971_D,sa0,2,1,1.8310546875e-04
g4980_II7980_D,sa0,2,1,1.8310546875e-04
g4980_II7989_D,sa0,2,1,1.8310546875e-04
II5760,sa1,7,1,4.2968750000e-02
II5761,sa1,4,1,3.1250000000e-02
II6473,sa0,10,1,2.5000000000e-01
g4541_II6473_A,sa0,,,2.5000000000e-01
g578_II6473_B,sa0,,,2.5000000000e-01
II6176,sa1,1,1,9.7656250000e-04
II6473,sa1,5,1,4.7302246094e-04
II6177,sa1,8,1,2.4902343750e-01
II6195,sa1,1,1,9.7656250000e-04
II6196,sa1,8,1,2.4902343750e-01
g5025_g5200_B,sa1,30,0,2.5749206543e-03
g5025_g5212_B,sa1,30,0,2.8293132782e-03
g5025_g5214_B,sa1,30,0,2.3422241211e-03
g4904_g5202_A,sa0,2,1,7.3242187500e-04
g5025_g5216_B,sa1,30,0,2.3193359375e-03
g5074_g5500_B,sa1,30,0,7.4075162411e-04
g5025_g5209_B,sa1,30,0,3.0918121338e-03
g5025_g5218_B,sa1,30,0,2.3269653320e-03
g5074_g5281_A,sa0,30,0,1.2936592102e-03
g4915_g5240_B,sa1,30,0,2.8610229492e-03
g4904_g5153_B,sa1,30,0,2.3193359375e-03
g4648_g4800_A,sa1,30,0,8.1825256348e-04
g4980_g5232_B,sa1,30,0,2.5024414063e-03
g4915_g5234_B,sa1,30,0,2.5329589844e-03
g4980_g5233_B,sa1,30,0,2.9983520508e-03
g5025_g5269_B,sa1,30,0,2.5899410248e-03
g4894_g5202_C,sa0,2,1,7.3242187500e-04
g4904_g5157_B,sa1,30,0,2.2888183594e-03
g5025_g5198_B,sa1,30,0,3.1270980835e-03
g4915_g5236_B,sa1,30,0,2.4261474609e-03
g4915_g5245_B,sa1,30,0,2.8212070465e-03
g4980_g5235_B,sa1,30,0,2.9647350311e-03
g4980_g5229_B,sa1,30,0,2.4642944336e-03
g4894_g5192_B,sa1,30,0,1.8396377563e-03
g4648_g4838_A,sa1,30,0,5.5956840515e-04
g4894_g5188_B,sa1,30,0,2.3155212402e-03
g4301,sa0,30,0,9.1552734375e-04
II5767,sa0,,,9.1552734375e-04
g3961_II5767_A,sa0,,,9.1552734375e-04
II5766_II5767_B,sa0,,,9.1552734375e-04
II5768,sa0,,,9.1552734375e-04
g3957_II5768_A,sa0,,,9.1552734375e-04
II5766_II5768_B,sa0,,,9.1552734375e-04
g4221,sa0,30,0,2.1209716797e-03
II5648,sa0,,,2.1209716797e-03
g3974_II5648_A,sa0,,,2.1209716797e-03
II5647_II5648_B,sa0,,,2.1209716797e-03
II5649,sa0,,,2.1209716797e-03
g3968_II5649_A,sa0,,,2.1209716797e-03
II5647_II5649_B,sa0,,,2.1209716797e-03
g4301,sa1,30,0,9.1552734375e-04
g5023,sa0,24,1,4.6142578125e-01
g3935,sa0,,,4.6142578125e-01
g4804,sa0,,,4.6142578125e-01
g4473_g4804_A,sa1,,,4.6142578125e-01
g5311,sa0,30,0,1.2493133545e-04
g5013,sa0,,,1.2493133545e-04
g4468_g5311_B,sa0,,,1.2493133545e-04
g4221,sa1,30,0,1.8196105957e-03
g5311,sa1,60,0,9.8915100098e-03
g4223,sa0,30,0,1.6784667969e-03
II5658,sa0,,,1.6784667969e-03
g3983_II5658_A,sa0,,,1.6784667969e-03
II5657_II5658_B,sa0,,,1.6784667969e-03
II5659,sa0,,,1.6784667969e-03
g3979_II5659_A,sa0,,,1.6784667969e-03
II5657_II5659_B,sa0,,,1.6784667969e-03
g5043,sa0,24,1,4.6142578125e-01
g3941,sa0,,,4.6142578125e-01
g4805,sa0,,,4.6142578125e-01
g4473_g4805_A,sa1,,,4.6142578125e-01
g4223,sa1,30,0,1.3847351074e-03
g5053,sa0,24,1,4.6142578125e-01
g4599,sa0,,,4.6142578125e-01
g4808,sa0,,,4.6142578125e-01
g4473_g4808_A,sa1,,,4.6142578125e-01
g5241,sa1,15,1,2.1191406250e-01
g5069_g5241_A,sa1,,,2.1191406250e-01
g2067,sa1,,,2.1191406250e-01
g5251,sa0,27,1,4.1406250000e-01
g5069_g5251_A,sa1,,,4.1406250000e-01
g5242,sa0,30,0,9.9124914035e-02
g5085,sa1,,,9.9124914035e-02
g4694_g5085_A,sa1,,,9.9124914035e-02
g4280,sa1,,,9.9124914035e-02
g4424,sa0,3,1,2.5000000000e-01
II5923,sa1,,,2.5000000000e-01
g4299,sa0,,,2.5000000000e-01
II5756,sa1,,,2.5000000000e-01
g3922,sa0,,,2.5000000000e-01
II5157,sa1,,,2.5000000000e-01
g3454,sa0,,,2.5000000000e-01
g2933,sa0,,,2.5000000000e-01
II4123,sa1,,,2.5000000000e-01
g2043,sa0,,,2.5000000000e-01
II3158,sa1,,,2.5000000000e-01
g1829,sa0,,,2.5000000000e-01
II2898,sa0,,,2.5000000000e-01
g1027_II2898_A,sa0,,,2.5000000000e-01
II2897_II2898_B,sa0,,,2.5000000000e-01
II2899,sa0,,,2.5000000000e-01
g634_II2899_A,sa0,,,2.5000000000e-01
II2897_II2899_B,sa0,,,2.5000000000e-01
g1660,sa0,,,2.5000000000e-01
g985_g1660_A,sa1,,,2.5000000000e-01
g4802,sa0,2,1,6.9824218750e-02
II6470,sa1,,,6.9824218750e-02
g4473_II6470_A,sa0,,,6.9824218750e-02
g5251,sa1,10,1,2.8320312500e-02
g5069_g5251_A,sa0,,,2.8320312500e-02
g5242,sa1,30,0,3.1250283122e-02
g5085,sa0,,,3.1250283122e-02
g5054,sa0,4,1,5.4931640625e-04
g4816_g5054_A,sa1,,,5.4931640625e-04
g4424,sa1,4,1,7.5000000000e-01
II5923,sa0,,,7.5000000000e-01
g4299,sa1,,,7.5000000000e-01
II5756,sa0,,,7.5000000000e-01
g3922,sa1,,,7.5000000000e-01
II5157,sa0,,,7.5000000000e-01
g3454,sa1,,,7.5000000000e-01
g5324,sa1,7,1,2.8125000000e-01
g5069_g5324_A,sa1,,,2.8125000000e-01
g4410_g5324_B,sa1,,,2.8125000000e-01
g766_g5324_C,sa1,,,2.8125000000e-01
g5054,sa1,30,0,8.5449218750e-04
g4816_g5054_A,sa0,,,8.5449218750e-04
g4723,sa0,30,0,7.1105957031e-03
II6349,sa1,,,7.1105957031e-03
g4569_II6349_A,sa0,,,7.1105957031e-03
g4732,sa0,30,0,8.2778930664e-04
II6362,sa1,,,8.2778930664e-04
g4569_II6362_A,sa0,,,8.2778930664e-04
g4741,sa0,30,0,2.7847290039e-04
II6371,sa1,,,2.7847290039e-04
g4569_II6371_A,sa0,,,2.7847290039e-04
g5047,sa0,24,1,4.6142578125e-01
g3954,sa0,,,4.6142578125e-01
g4806,sa0,,,4.6142578125e-01
g4473_g4806_A,sa1,,,4.6142578125e-01
g5325,sa1,7,1,2.8125000000e-01
g5077_g5325_A,sa1,,,2.8125000000e-01
g4416_g5325_B,sa1,,,2.8125000000e-01
g821_g5325_C,sa1,,,2.8125000000e-01
g5317,sa0,19,1,4.6533203125e-01
g148_g5317_A,sa0,,,4.6533203125e-01
g4869,sa0,,,4.6533203125e-01
g4662_g4869_A,sa1,,,4.6533203125e-01
g5025_II8120_B,sa0,2,1,3.6621093750e-04
g4723,sa1,30,0,1.1444091797e-04
II6349,sa0,,,1.1444091797e-04
g4569_II6349_A,sa1,,,1.1444091797e-04
g4732,sa1,30,0,2.2583007813e-03
II6362,sa0,,,2.2583007813e-03
g4569_II6362_A,sa1,,,2.2583007813e-03
g4741,sa1,30,0,2.9792785645e-03
II6371,sa0,,,2.9792785645e-03
g4569_II6371_A,sa1,,,2.9792785645e-03
g5326,sa1,15,1,2.1191406250e-01
g5069_g5326_A,sa1,,,2.1191406250e-01
g4410_g5326_B,sa1,,,2.1191406250e-01
g3012,sa1,,,2.1191406250e-01
g5354,sa0,23,1,1.2500000000e-01
g5249,sa0,,,1.2500000000e-01
g2903,sa0,,,1.2500000000e-01
g1902_g2903_A,sa1,,,1.2500000000e-01
g5237,sa0,30,0,5.0293941051e-02
g5083,sa1,,,5.0293941051e-02
g4688_g5083_A,sa1,,,5.0293941051e-02
g4271,sa1,,,5.0293941051e-02
g5025_II8211_B,sa0,2,1,3.6621093750e-04
g5327,sa1,15,1,2.1191406250e-01
g5077_g5327_A,sa1,,,2.1191406250e-01
g4416_g5327_B,sa1,,,2.1191406250e-01
g3028,sa1,,,2.1191406250e-01
g5246,sa1,15,1,2.1191406250e-01
g5077_g5246_A,sa1,,,2.1191406250e-01
g2080,sa1,,,2.1191406250e-01
g5256,sa0,27,1,4.1406250000e-01
g5077_g5256_A,sa1,,,4.1406250000e-01
g5237,sa1,30,0,3.1250979751e-02
g5083,sa0,,,3.1250979751e-02
g4914,sa0,2,1,7.3242187500e-04
g4816_g4914_A,sa1,,,7.3242187500e-04
g4950,sa0,16,1,1.8239021301e-04
g4753,sa0,30,0,1.8692016602e-04
II6377,sa1,,,1.8692016602e-04
g4569_II6377_A,sa0,,,1.8692016602e-04
g5356,sa0,23,1,1.2500000000e-01
g5265,sa0,,,1.2500000000e-01
g1902_g5356_B,sa0,,,1.2500000000e-01
g5256,sa1,10,1,2.8320312500e-02
g5077_g5256_A,sa0,,,2.8320312500e-02
g4950,sa1,30,0,8.5449218750e-04
g1472,sa1,,,8.5449218750e-04
g952_g1472_A,sa0,,,8.5449218750e-04
g4680_g4950_B,sa1,,,8.5449218750e-04
g4941,sa1,30,0,5.9108436108e-04
g4829,sa1,,,5.9108436108e-04
g4832,sa1,,,5.9108436108e-04
g4708,sa0,6,1,4.8828125000e-04
g578_g4708_A,sa0,,,4.8828125000e-04
g4541_g4708_B,sa0,,,4.8828125000e-04
g4763,sa0,2,1,6.9824218750e-02
II6397,sa1,,,6.9824218750e-02
g4473_II6397_A,sa0,,,6.9824218750e-02
g4727,sa0,30,0,1.5602111816e-03
II6355,sa1,,,1.5602111816e-03
g4569_II6355_A,sa0,,,1.5602111816e-03
g4736,sa0,30,0,4.6157836914e-04
II6366,sa1,,,4.6157836914e-04
g4569_II6366_A,sa0,,,4.6157836914e-04
g4753,sa1,30,0,2.6741027832e-03
II6377,sa0,,,2.6741027832e-03
g4569_II6377_A,sa1,,,2.6741027832e-03
g4708,sa1,30,0,2.5000000000e-01
g4764,sa0,2,1,6.9824218750e-02
II6400,sa1,,,6.9824218750e-02
g4473_II6400_A,sa0,,,6.9824218750e-02
g4727,sa1,30,0,1.5449523926e-03
II6355,sa0,,,1.5449523926e-03
g4569_II6355_A,sa1,,,1.5449523926e-03
g4736,sa1,30,0,3.0746459961e-03
II6366,sa0,,,3.0746459961e-03
g4569_II6366_A,sa1,,,3.0746459961e-03
g5098,sa0,24,1,4.6142578125e-01
g4021,sa0,,,4.6142578125e-01
g4837,sa0,,,4.6142578125e-01
g4473_g4837_A,sa1,,,4.6142578125e-01
g4915_II8120_A,sa0,2,1,3.6621093750e-04
g4766,sa0,2,1,6.9824218750e-02
II6406,sa1,,,6.9824218750e-02
g4473_II6406_A,sa0,,,6.9824218750e-02
g5099,sa0,30,0,6.8664550781e-03
II6737,sa1,,,6.8664550781e-03
g4662_II6737_A,sa0,,,6.8664550781e-03
g4936,sa1,30,0,5.9108436108e-04
g4827,sa1,,,5.9108436108e-04
g4828,sa1,,,5.9108436108e-04
g4915_II8211_A,sa0,2,1,7.3242187500e-04
g4794,sa0,30,0,5.0505623221e-06
g4593_g4794_A,sa0,,,5.0505623221e-06
g949,sa0,,,5.0505623221e-06
g79_g949_A,sa1,,,5.0505623221e-06
g5099,sa1,30,0,5.7275390625e-01
II6737,sa0,,,5.7275390625e-01
g4662_II6737_A,sa1,,,5.7275390625e-01
g4946,sa1,30,0,1.4902354906e-08
g4830,sa1,,,1.4902354906e-08
g4833,sa1,,,1.4902354906e-08
g5025_II8082_C,sa0,2,1,3.6621093750e-04
g4768,sa0,2,1,6.9824218750e-02
II6410,sa1,,,6.9824218750e-02
g4473_II6410_A,sa0,,,6.9824218750e-02
g4794,sa1,60,0,2.1867174655e-04
g4993,sa0,16,1,9.1195106506e-05
g4849,sa1,30,0,4.9987852573e-01
II6555,sa0,,,4.9987852573e-01
g4703,sa1,,,4.9987852573e-01
II6299,sa0,,,4.9987852573e-01
g4438,sa1,,,4.9987852573e-01
g4363,sa1,,,4.9987852573e-01
g4037,sa1,,,4.9987852573e-01
g4769,sa1,30,0,2.2524204724e-12
g4606,sa0,,,2.2524204724e-12
g4193,sa1,,,2.2524204724e-12
II5609,sa0,,,2.2524204724e-12
g3893_II5609_A,sa1,,,2.2524204724e-12
g5054_II8082_D,sa0,2,1,3.6621093750e-04
g4950_II8080_C,sa0,2,1,9.1552734375e-05
g5054_II8138_D,sa0,2,1,3.6621093750e-04
g4993_II8210_B,sa0,2,1,4.5776367188e-05
g4950_II8118_C,sa0,2,1,9.1552734375e-05
g4950_II8127_C,sa0,2,1,9.1552734375e-05
g4950_II8136_C,sa0,2,1,9.1552734375e-05
g4950_II8209_C,sa0,2,1,9.1552734375e-05
g4967_II8210_C,sa0,2,1,9.1552734375e-05
g4708_II6743_A,sa1,10,1,2.4975585938e-01
g4708_II6744_A,sa1,10,1,2.4975585938e-01
g4950_II7970_C,sa0,2,1,9.1552734375e-05
g4993_II8081_C,sa0,2,1,4.5776367188e-05
g4877_II8080_D,sa0,2,1,9.1552734375e-05
g4993_II8119_B,sa0,2,1,4.5776367188e-05
g4993_II8128_B,sa0,2,1,4.5776367188e-05
g4967_II8081_D,sa0,2,1,4.5776367188e-05
g4993_II8137_C,sa0,2,1,4.5776367188e-05
g4877_II8118_D,sa0,2,1,9.1552734375e-05
g4967_II8119_C,sa0,2,1,4.5776367188e-05
g4877_II8127_D,sa0,2,1,9.1552734375e-05
g4967_II8128_C,sa0,2,1,4.5776367188e-05
g4877_II8136_D,sa0,2,1,9.1552734375e-05
g4967_II8137_D,sa0,2,1,4.5776367188e-05
g4877_II8209_D,sa0,2,1,9.1552734375e-05
g4993_II7971_B,sa0,2,1,4.5776367188e-05
g4993_II7980_B,sa0,2,1,4.5776367188e-05
g4877_II7970_D,sa0,2,1,9.1552734375e-05
g4967_II7971_C,sa0,2,1,9.1552734375e-05
g4950_II7979_C,sa0,2,1,9.1552734375e-05
g4967_II7980_C,sa0,2,1,9.1552734375e-05
g4950_II7988_C,sa0,2,1,9.1552734375e-05
g4993_II7989_B,sa0,2,1,4.5776367188e-05
g4877_II7979_D,sa0,2,1,9.1552734375e-05
g4877_II7988_D,sa0,2,1,9.1552734375e-05
g4967_II7989_C,sa0,2,1,9.1552734375e-05
II8120,sa0,4,1,7.3242187500e-04
II8211,sa0,4,1,1.0986328125e-03
II8129,sa0,4,1,7.3242187500e-04
II7990,sa0,4,1,1.0986328125e-03
II7981,sa0,4,1,1.0986328125e-03
II7972,sa0,4,1,1.0986328125e-03
g5251_g5441_B,sa1,4,1,1.5625000000e-02
g5251_g5451_A,sa1,6,1,1.6601562500e-02
II6473_II6474_B,sa1,5,1,4.7302246094e-04
g5054_g5225_B,sa1,30,0,2.3326873779e-03
II6473_II6475_B,sa1,5,1,4.7302246094e-04
g5311_g5455_B,sa1,30,0,1.2484741211e-01
g5054_g5226_B,sa1,30,0,2.3193359375e-03
g5251_g5443_B,sa1,6,1,1.5625000000e-02
g5311_g5458_B,sa0,30,0,1.0442733765e-04
g4950_g5152_B,sa1,30,0,3.0859708786e-03
g4950_g5171_B,sa1,30,0,1.9760131836e-03
g4950_g5180_B,sa1,30,0,2.9568672180e-03
g4950_g5163_B,sa1,30,0,2.4394989014e-03
g4950_g5190_B,sa1,30,0,3.0922889709e-03
g5099_g5142_B,sa1,13,1,2.6342773438e-01
g4950_g5183_B,sa1,30,0,3.0961036682e-03
g5256_g5444_B,sa1,4,1,1.5625000000e-02
g5256_g5454_A,sa1,6,1,1.6601562500e-02
g5099_g5143_B,sa1,13,1,2.6342773438e-01
g5099_g5144_B,sa1,13,1,2.6342773438e-01
g4950_g5176_B,sa1,30,0,2.9907226563e-03
g4727_g4932_B,sa1,14,1,2.0751953125e-03
g5099_g5145_B,sa1,13,1,2.6342773438e-01
g4950_g5186_B,sa1,30,0,3.0860900879e-03
g5256_g5447_B,sa1,6,1,1.5625000000e-02
g5242_g6738_C,sa1,30,0,3.1250979751e-02
g4723_g4928_B,sa1,0,1,0.0000000000e+00
g4732_g4937_B,sa1,26,1,3.1127929688e-03
g4736_g4942_B,sa1,30,0,3.4179687500e-03
g5099_g5146_B,sa1,13,1,2.6342773438e-01
g5242_g6739_C,sa1,0,1,0.0000000000e+00
g4741_g4947_B,sa1,30,0,3.2196044922e-03
g4993_g5154_B,sa1,30,0,2.4547576904e-03
g5237_g6736_C,sa1,30,0,3.1250979751e-02
g4877_g5172_B,sa1,30,0,3.1776428223e-03
g4993_g5173_B,sa1,30,0,2.9797554016e-03
g4877_g5181_B,sa1,30,0,2.9647350311e-03
g4993_g5182_B,sa1,30,0,3.0870437622e-03
g5237_g6737_C,sa1,0,1,0.0000000000e+00
g4708_g4874_B,sa1,20,1,2.4975585938e-01
g4794_g5095_A,sa1,30,0,4.0480494499e-04
g4877_g5164_B,sa1,30,0,3.2339096069e-03
g4993_g5165_B,sa1,30,0,3.0136108398e-03
g4877_g5191_B,sa1,30,0,2.4394989014e-03
g4794_g5096_A,sa1,30,0,8.9263916016e-04
g4877_g5156_B,sa1,30,0,3.2079219818e-03
g4993_g5158_B,sa1,30,0,2.5253295898e-03
g4967_g5166_B,sa1,30,0,2.9835700989e-03
g4877_g5184_B,sa1,30,0,2.9983520508e-03
g4993_g5185_B,sa1,30,0,3.2758712769e-03
g4967_g5193_B,sa1,30,0,2.4547576904e-03
g4753_g4949_B,sa1,30,0,2.9144287109e-03
g4967_g5159_B,sa1,30,0,3.0136108398e-03
g4877_g5177_B,sa1,30,0,3.2343864441e-03
g4993_g5178_B,sa1,30,0,3.2587051392e-03
g4877_g5187_B,sa1,30,0,1.9760131836e-03
g4993_g5189_B,sa1,30,0,3.1013488770e-03
g4967_g5197_B,sa1,30,0,2.4795532227e-03
g5200,sa0,2,1,3.6621093750e-04
g559,sa0,,,3.6621093750e-04
g5025_g5200_B,sa0,,,3.6621093750e-04
g4300,sa1,11,1,7.4218750000e-02
g5220,sa0,30,0,1.4486312866e-03
g4903,sa1,,,1.4486312866e-03
g5202,sa0,6,1,2.1972656250e-03
g5220,sa1,30,0,6.2292480469e-01
g4903,sa0,,,6.2292480469e-01
g4717,sa0,,,6.2292480469e-01
g4465_g4717_A,sa1,,,6.2292480469e-01
g858_g4903_B,sa0,,,6.2292480469e-01
g5202,sa1,30,0,9.8046875000e-01
g4904_g5202_A,sa1,,,9.8046875000e-01
g4914,sa1,,,9.8046875000e-01
g4816_g4914_A,sa0,,,9.8046875000e-01
g4894_g5202_C,sa1,,,9.8046875000e-01
g5212,sa0,2,1,3.6621093750e-04
g561,sa0,,,3.6621093750e-04
g5025_g5212_B,sa0,,,3.6621093750e-04
g5240,sa0,2,1,3.6621093750e-04
g293_g5240_A,sa0,,,3.6621093750e-04
g4915_g5240_B,sa0,,,3.6621093750e-04
g5124,sa0,30,0,6.1177928001e-04
II6780,sa1,,,6.1177928001e-04
g4825,sa0,,,6.1177928001e-04
g4472,sa0,,,6.1177928001e-04
g3380,sa0,,,6.1177928001e-04
g2831_g3380_A,sa1,,,6.1177928001e-04
g4253_g4472_B,sa0,,,6.1177928001e-04
g4465_g4825_B,sa0,,,6.1177928001e-04
g4800,sa0,4,1,2.1457672119e-06
g4648_g4800_A,sa0,,,2.1457672119e-06
g4296_g4800_B,sa0,,,2.1457672119e-06
g5232,sa0,2,1,9.1552734375e-05
g548_g5232_A,sa0,,,9.1552734375e-05
g4980_g5232_B,sa0,,,9.1552734375e-05
g5214,sa0,2,1,3.6621093750e-04
g562,sa0,,,3.6621093750e-04
g5025_g5214_B,sa0,,,3.6621093750e-04
g5124,sa1,30,0,7.3853731155e-02
II6780,sa0,,,7.3853731155e-02
g4825,sa1,,,7.3853731155e-02
g5350,sa0,3,1,2.1875000000e-01
g5325,sa0,,,2.1875000000e-01
g3453,sa0,,,2.1875000000e-01
g2628_g3453_A,sa1,,,2.1875000000e-01
g5233,sa0,2,1,9.1552734375e-05
g551_g5233_A,sa0,,,9.1552734375e-05
g4980_g5233_B,sa0,,,9.1552734375e-05
g5351,sa0,13,1,2.8808593750e-01
g5326,sa0,,,2.8808593750e-01
g3459,sa0,,,2.8808593750e-01
g2664_g3459_A,sa1,,,2.8808593750e-01
g5044,sa1,30,0,1.0852813721e-03
g4797,sa1,,,1.0852813721e-03
g4602,sa1,,,1.0852813721e-03
g5234,sa0,2,1,3.6621093750e-04
g197_g5234_A,sa0,,,3.6621093750e-04
g4915_g5234_B,sa0,,,3.6621093750e-04
g5153,sa0,2,1,3.6621093750e-04
g492_g5153_A,sa0,,,3.6621093750e-04
g4904_g5153_B,sa0,,,3.6621093750e-04
g5216,sa0,2,1,3.6621093750e-04
g563,sa0,,,3.6621093750e-04
g5025_g5216_B,sa0,,,3.6621093750e-04
g5235,sa0,2,1,9.1552734375e-05
g554_g5235_A,sa0,,,9.1552734375e-05
g4980_g5235_B,sa0,,,9.1552734375e-05
g4840,sa0,6,1,5.6250000000e-01
II6528,sa1,,,5.6250000000e-01
g4815,sa0,,,5.6250000000e-01
II6495,sa1,,,5.6250000000e-01
g4607,sa0,,,5.6250000000e-01
g5353,sa0,13,1,2.8808593750e-01
g5327,sa0,,,2.8808593750e-01
g3463,sa0,,,2.8808593750e-01
g2682_g3463_A,sa1,,,2.8808593750e-01
g5218,sa0,2,1,3.6621093750e-04
g564_g5218_A,sa0,,,3.6621093750e-04
g5025_g5218_B,sa0,,,3.6621093750e-04
g5236,sa0,2,1,3.6621093750e-04
g269_g5236_A,sa0,,,3.6621093750e-04
g4915_g5236_B,sa0,,,3.6621093750e-04
g5245,sa0,2,1,3.6621093750e-04
g297_g5245_A,sa0,,,3.6621093750e-04
g4915_g5245_B,sa0,,,3.6621093750e-04
g5209,sa0,2,1,3.6621093750e-04
g560,sa0,,,3.6621093750e-04
g5025_g5209_B,sa0,,,3.6621093750e-04
g4840,sa1,5,1,4.3750000000e-01
II6528,sa0,,,4.3750000000e-01
g4815,sa1,,,4.3750000000e-01
II6495,sa0,,,4.3750000000e-01
g4607,sa1,,,4.3750000000e-01
g4232,sa1,,,4.3750000000e-01
II5674,sa0,,,4.3750000000e-01
g4003,sa1,,,4.3750000000e-01
g3441_g4003_A,sa0,,,4.3750000000e-01
g3899,sa1,,,4.3750000000e-01
g4850,sa0,30,0,4.9976062775e-01
II6558,sa1,,,4.9976062775e-01
g4705,sa0,,,4.9976062775e-01
II6305,sa1,,,4.9976062775e-01
g4441,sa0,,,4.9976062775e-01
g4841,sa0,30,0,4.9976062775e-01
II6531,sa1,,,4.9976062775e-01
g4704,sa0,,,4.9976062775e-01
II6302,sa1,,,4.9976062775e-01
g4440,sa0,,,4.9976062775e-01
g5192,sa0,2,1,3.6621093750e-04
g1046,sa0,,,3.6621093750e-04
g489_g1046_A,sa1,,,3.6621093750e-04
g4894_g5192_B,sa0,,,3.6621093750e-04
g4221_II6026_B,sa1,30,0,1.6784667969e-03
g4850,sa1,30,0,4.9988007545e-01
II6558,sa0,,,4.9988007545e-01
g4705,sa1,,,4.9988007545e-01
II6305,sa0,,,4.9988007545e-01
g4441,sa1,,,4.9988007545e-01
g4372,sa1,,,4.9988007545e-01
g4039,sa1,,,4.9988007545e-01
g4851,sa0,30,0,4.9976062775e-01
II6561,sa1,,,4.9976062775e-01
g4707,sa0,,,4.9976062775e-01
II6311,sa1,,,4.9976062775e-01
g4444,sa0,,,4.9976062775e-01
g4841,sa1,30,0,4.9988007545e-01
II6531,sa0,,,4.9988007545e-01
g4704,sa1,,,4.9988007545e-01
II6302,sa0,,,4.9988007545e-01
g4440,sa1,,,4.9988007545e-01
g4371,sa1,,,4.9988007545e-01
g4038,sa1,,,4.9988007545e-01
g4842,sa0,30,0,4.9976062775e-01
II6534,sa1,,,4.9976062775e-01
g4706,sa0,,,4.9976062775e-01
II6308,sa1,,,4.9976062775e-01
g4443,sa0,,,4.9976062775e-01
g5157,sa0,2,1,3.6621093750e-04
g496_g5157_A,sa0,,,3.6621093750e-04
g4904_g5157_B,sa0,,,3.6621093750e-04
g5229,sa0,2,1,9.1552734375e-05
g545_g5229_A,sa0,,,9.1552734375e-05
g4980_g5229_B,sa0,,,9.1552734375e-05
g4223_II6026_A,sa1,30,0,1.6784667969e-03
g4221_II6028_A,sa1,30,0,1.3847351074e-03
g4851,sa1,30,0,4.9988007545e-01
II6561,sa0,,,4.9988007545e-01
g4707,sa1,,,4.9988007545e-01
II6311,sa0,,,4.9988007545e-01
g4444,sa1,,,4.9988007545e-01
g4378,sa1,,,4.9988007545e-01
g4042,sa1,,,4.9988007545e-01
g4852,sa0,30,0,4.9976062775e-01
II6564,sa1,,,4.9976062775e-01
g4712,sa0,,,4.9976062775e-01
II6318,sa1,,,4.9976062775e-01
g4447,sa0,,,4.9976062775e-01
g4842,sa1,30,0,4.9988007545e-01
II6534,sa0,,,4.9988007545e-01
g4706,sa1,,,4.9988007545e-01
II6308,sa0,,,4.9988007545e-01
g4443,sa1,,,4.9988007545e-01
g4377,sa1,,,4.9988007545e-01
g4041,sa1,,,4.9988007545e-01
g4843,sa0,30,0,4.9976062775e-01
II6537,sa1,,,4.9976062775e-01
g4711,sa0,,,4.9976062775e-01
II6315,sa1,,,4.9976062775e-01
g4446,sa0,,,4.9976062775e-01
g4223_II6027_A,sa1,30,0,1.3847351074e-03
g4852,sa1,30,0,4.9988007545e-01
II6564,sa0,,,4.9988007545e-01
g4712,sa1,,,4.9988007545e-01
II6318,sa0,,,4.9988007545e-01
g4447,sa1,,,4.9988007545e-01
g4384,sa1,,,4.9988007545e-01
g4044,sa1,,,4.9988007545e-01
g4853,sa0,30,0,4.9976062775e-01
II6567,sa1,,,4.9976062775e-01
g4715,sa0,,,4.9976062775e-01
II6327,sa1,,,4.9976062775e-01
g4451,sa0,,,4.9976062775e-01
g4843,sa1,30,0,4.9988007545e-01
II6537,sa0,,,4.9988007545e-01
g4711,sa1,,,4.9988007545e-01
II6315,sa0,,,4.9988007545e-01
g4446,sa1,,,4.9988007545e-01
g4383,sa1,,,4.9988007545e-01
g4043,sa1,,,4.9988007545e-01
g4844,sa0,30,0,4.9976062775e-01
II6540,sa1,,,4.9976062775e-01
g4714,sa0,,,4.9976062775e-01
II6324,sa1,,,4.9976062775e-01
g4450,sa0,,,4.9976062775e-01
g5446,sa1,27,1,2.4414062500e-01
g4853,sa1,30,0,4.9988007545e-01
II6567,sa0,,,4.9988007545e-01
g4715,sa1,,,4.9988007545e-01
II6327,sa0,,,4.9988007545e-01
g4451,sa1,,,4.9988007545e-01
g4390,sa1,,,4.9988007545e-01
g4048,sa1,,,4.9988007545e-01
g4854,sa0,30,0,4.9976062775e-01
II6570,sa1,,,4.9976062775e-01
g4719,sa0,,,4.9976062775e-01
II6337,sa1,,,4.9976062775e-01
g4455,sa0,,,4.9976062775e-01
g4844,sa1,30,0,4.9988007545e-01
II6540,sa0,,,4.9988007545e-01
g4714,sa1,,,4.9988007545e-01
II6324,sa0,,,4.9988007545e-01
g4450,sa1,,,4.9988007545e-01
g4389,sa1,,,4.9988007545e-01
g4047,sa1,,,4.9988007545e-01
g4845,sa0,30,0,4.9976062775e-01
II6543,sa1,,,4.9976062775e-01
g4718,sa0,,,4.9976062775e-01
II6334,sa1,,,4.9976062775e-01
g4454,sa0,,,4.9976062775e-01
g4493,sa1,7,1,2.5000000000e-01
II6001,sa0,,,2.5000000000e-01
g4162,sa1,,,2.5000000000e-01
II5562,sa0,,,2.5000000000e-01
g4002,sa1,,,2.5000000000e-01
g5349,sa0,3,1,2.1875000000e-01
g5324,sa0,,,2.1875000000e-01
g3451,sa0,,,2.1875000000e-01
g2615_g3451_A,sa1,,,2.1875000000e-01
g5348,sa1,25,1,4.6875000000e-01
g5317,sa1,,,4.6875000000e-01
g5122,sa1,,,4.6875000000e-01
g4301_II6185_A,sa1,30,0,9.1552734375e-04
g4854,sa1,30,0,4.9988007545e-01
II6570,sa0,,,4.9988007545e-01
g4719,sa1,,,4.9988007545e-01
II6337,sa0,,,4.9988007545e-01
g4455,sa1,,,4.9988007545e-01
g4396,sa1,,,4.9988007545e-01
g4052,sa1,,,4.9988007545e-01
g4855,sa0,30,0,4.9976062775e-01
II6573,sa1,,,4.9976062775e-01
g4721,sa0,,,4.9976062775e-01
II6343,sa1,,,4.9976062775e-01
g4458,sa0,,,4.9976062775e-01
g4845,sa1,30,0,4.9988007545e-01
II6543,sa0,,,4.9988007545e-01
g4718,sa1,,,4.9988007545e-01
II6334,sa0,,,4.9988007545e-01
g4454,sa1,,,4.9988007545e-01
g4395,sa1,,,4.9988007545e-01
g4051,sa1,,,4.9988007545e-01
g4846,sa0,30,0,4.9976062775e-01
II6546,sa1,,,4.9976062775e-01
g4692,sa0,,,4.9976062775e-01
II6280,sa1,,,4.9976062775e-01
g4430,sa0,,,4.9976062775e-01
g5188,sa0,2,1,3.6621093750e-04
g1043,sa0,,,3.6621093750e-04
g486_g1043_A,sa1,,,3.6621093750e-04
g4894_g5188_B,sa0,,,3.6621093750e-04
g5269,sa0,2,1,3.6621093750e-04
g557,sa0,,,3.6621093750e-04
g5025_g5269_B,sa0,,,3.6621093750e-04
g4301_II6186_A,sa1,30,0,9.1552734375e-04
g4855,sa1,30,0,4.9988007545e-01
II6573,sa0,,,4.9988007545e-01
g4721,sa1,,,4.9988007545e-01
II6343,sa0,,,4.9988007545e-01
g4458,sa1,,,4.9988007545e-01
g4401,sa1,,,4.9988007545e-01
g4057,sa1,,,4.9988007545e-01
g4856,sa0,30,0,4.9976062775e-01
II6576,sa1,,,4.9976062775e-01
g4700,sa0,,,4.9976062775e-01
II6292,sa1,,,4.9976062775e-01
g4434,sa0,,,4.9976062775e-01
g4846,sa1,30,0,4.9988007545e-01
II6546,sa0,,,4.9988007545e-01
g4692,sa1,,,4.9988007545e-01
II6280,sa0,,,4.9988007545e-01
g4430,sa1,,,4.9988007545e-01
g4349,sa1,,,4.9988007545e-01
g4015,sa1,,,4.9988007545e-01
g4847,sa0,30,0,4.9976062775e-01
II6549,sa1,,,4.9976062775e-01
g4699,sa0,,,4.9976062775e-01
II6289,sa1,,,4.9976062775e-01
g4433,sa0,,,4.9976062775e-01
g4567,sa1,7,1,2.5000000000e-01
II6139,sa0,,,2.5000000000e-01
g4222,sa1,,,2.5000000000e-01
II5654,sa0,,,2.5000000000e-01
g3742,sa1,,,2.5000000000e-01
g5449,sa1,27,1,2.4414062500e-01
g5198,sa0,2,1,3.6621093750e-04
g558,sa0,,,3.6621093750e-04
g5025_g5198_B,sa0,,,3.6621093750e-04
g4839,sa0,6,1,5.6250000000e-01
II6525,sa1,,,5.6250000000e-01
g4770,sa0,,,5.6250000000e-01
II6414,sa1,,,5.6250000000e-01
g4497,sa0,,,5.6250000000e-01
g4856,sa1,30,0,4.9988007545e-01
II6576,sa0,,,4.9988007545e-01
g4700,sa1,,,4.9988007545e-01
II6292,sa0,,,4.9988007545e-01
g4434,sa1,,,4.9988007545e-01
g4355,sa1,,,4.9988007545e-01
g4033,sa1,,,4.9988007545e-01
g4847,sa1,30,0,4.9988007545e-01
II6549,sa0,,,4.9988007545e-01
g4699,sa1,,,4.9988007545e-01
II6289,sa0,,,4.9988007545e-01
g4433,sa1,,,4.9988007545e-01
g4354,sa1,,,4.9988007545e-01
g4032,sa1,,,4.9988007545e-01
g4848,sa0,30,0,4.9976062775e-01
II6552,sa1,,,4.9976062775e-01
g4702,sa0,,,4.9976062775e-01
II6296,sa1,,,4.9976062775e-01
g4436,sa0,,,4.9976062775e-01
g4838,sa1,60,0,5.6314095855e-04
g4839,sa1,5,1,4.3750000000e-01
II6525,sa0,,,4.3750000000e-01
g4770,sa1,,,4.3750000000e-01
II6414,sa0,,,4.3750000000e-01
g4497,sa1,,,4.3750000000e-01
g4166,sa1,,,4.3750000000e-01
II5568,sa0,,,4.3750000000e-01
g3897,sa1,,,4.3750000000e-01
g3251_g3897_A,sa0,,,4.3750000000e-01
g3784,sa1,,,4.3750000000e-01
g4849,sa0,30,0,4.9975824356e-01
II6555,sa1,,,4.9975824356e-01
g4703,sa0,,,4.9975824356e-01
II6299,sa1,,,4.9975824356e-01
g4438,sa0,,,4.9975824356e-01
g4848,sa1,30,0,4.9988007545e-01
II6552,sa0,,,4.9988007545e-01
g4702,sa1,,,4.9988007545e-01
II6296,sa0,,,4.9988007545e-01
g4436,sa1,,,4.9988007545e-01
g4359,sa1,,,4.9988007545e-01
g4035,sa1,,,4.9988007545e-01
g4767,sa1,30,0,2.3590018827e-12
g4601,sa0,,,2.3590018827e-12
g4191,sa1,,,2.3590018827e-12
II5603,sa0,,,2.3590018827e-12
g3893_II5603_A,sa1,,,2.3590018827e-12
g5202_II7971_A,sa0,6,1,2.1972656250e-03
g5202_II7980_A,sa0,6,1,2.1972656250e-03
g5498,sa0,20,1,2.5585937500e-01
g5449,sa0,,,2.5585937500e-01
g4545_g5449_A,sa0,,,2.5585937500e-01
g5246,sa0,,,2.5585937500e-01
g3460,sa0,,,2.5585937500e-01
g2667_g3460_A,sa1,,,2.5585937500e-01
g4949,sa0,30,0,6.6490173340e-03
g193_g4949_A,sa0,,,6.6490173340e-03
g4753_g4949_B,sa0,,,6.6490173340e-03
g5202_II7989_A,sa0,6,1,2.1972656250e-03
II6026,sa0,30,0,1.6784667969e-03
g4223_II6026_A,sa0,,,1.6784667969e-03
g4221_II6026_B,sa0,,,1.6784667969e-03
II6026,sa1,30,0,2.9735565186e-03
II8081,sa0,8,1,8.2397460938e-04
II8082,sa0,8,1,1.1901855469e-03
II8137,sa0,8,1,8.2397460938e-04
II8138,sa0,8,1,1.1901855469e-03
II6185,sa0,30,0,9.1552734375e-04
g4301_II6185_A,sa0,,,9.1552734375e-04
g3955_II6185_B,sa0,,,9.1552734375e-04
II6743,sa0,11,1,2.5000000000e-01
g4708_II6743_A,sa0,,,2.5000000000e-01
g582_II6743_B,sa0,,,2.5000000000e-01
II6185,sa1,30,0,9.1552734375e-04
II6743,sa1,4,1,2.2888183594e-04
II6474,sa1,1,1,4.8828125000e-04
II6475,sa1,9,1,2.4951171875e-01
g5124_g5281_B,sa0,30,0,1.3422966003e-03
g5220_g5357_B,sa1,25,1,2.3394775391e-01
g5120,sa1,6,1,6.2504529953e-02
II6772,sa0,,,6.2504529953e-02
g4788,sa1,,,6.2504529953e-02
II6452,sa0,,,6.2504529953e-02
g4629,sa1,,,6.2504529953e-02
g4276,sa0,,,6.2504529953e-02
II5731,sa1,,,6.2504529953e-02
g3942_II5731_A,sa0,,,6.2504529953e-02
g5140,sa0,18,1,5.3125000000e-01
II6798,sa1,,,5.3125000000e-01
g5042,sa0,,,5.3125000000e-01
II6672,sa1,,,5.3125000000e-01
g4752,sa0,,,5.3125000000e-01
g5112,sa1,6,1,6.2504529953e-02
II6750,sa0,,,6.2504529953e-02
g4771,sa1,,,6.2504529953e-02
II6417,sa0,,,6.2504529953e-02
g4617,sa1,,,6.2504529953e-02
g4242,sa0,,,6.2504529953e-02
II5686,sa1,,,6.2504529953e-02
g3942_II5686_A,sa0,,,6.2504529953e-02
g5121,sa1,6,1,6.2504529953e-02
II6775,sa0,,,6.2504529953e-02
g4790,sa1,,,6.2504529953e-02
II6456,sa0,,,6.2504529953e-02
g4633,sa1,,,6.2504529953e-02
g4284,sa0,,,6.2504529953e-02
II5739,sa1,,,6.2504529953e-02
g3942_II5739_A,sa0,,,6.2504529953e-02
g5140,sa1,16,1,4.6875000000e-01
II6798,sa0,,,4.6875000000e-01
g5042,sa1,,,4.6875000000e-01
II6672,sa0,,,4.6875000000e-01
g4752,sa1,,,4.6875000000e-01
g4452,sa1,,,4.6875000000e-01
g4155,sa1,,,4.6875000000e-01
II5551,sa0,,,4.6875000000e-01
g4059_II5551_A,sa1,,,4.6875000000e-01
g5141,sa0,18,1,5.3125000000e-01
II6801,sa1,,,5.3125000000e-01
g5045,sa0,,,5.3125000000e-01
II6677,sa1,,,5.3125000000e-01
g4757,sa0,,,5.3125000000e-01
g5113,sa1,6,1,6.2504529953e-02
II6753,sa0,,,6.2504529953e-02
g4772,sa1,,,6.2504529953e-02
II6420,sa0,,,6.2504529953e-02
g4618,sa1,,,6.2504529953e-02
g4246,sa0,,,6.2504529953e-02
II5692,sa1,,,6.2504529953e-02
g3942_II5692_A,sa0,,,6.2504529953e-02
g5141,sa1,20,1,4.6875000000e-01
II6801,sa0,,,4.6875000000e-01
g5045,sa1,,,4.6875000000e-01
II6677,sa0,,,4.6875000000e-01
g4757,sa1,,,4.6875000000e-01
g4456,sa1,,,4.6875000000e-01
g4158,sa1,,,4.6875000000e-01
II5556,sa0,,,4.6875000000e-01
g4059_II5556_A,sa1,,,4.6875000000e-01
g5142,sa0,1,1,3.9062500000e-03
g148_g5142_A,sa0,,,3.9062500000e-03
g5099_g5142_B,sa0,,,3.9062500000e-03
g5114,sa1,6,1,6.2504529953e-02
II6756,sa0,,,6.2504529953e-02
g4775,sa1,,,6.2504529953e-02
II6425,sa0,,,6.2504529953e-02
g4619,sa1,,,6.2504529953e-02
g4248,sa0,,,6.2504529953e-02
II5696,sa1,,,6.2504529953e-02
g3942_II5696_A,sa0,,,6.2504529953e-02
g5202_II8210_A,sa0,6,1,2.1972656250e-03
g4611,sa1,29,1,2.5390625000e-01
g5143,sa0,1,1,3.9062500000e-03
g157_g5143_A,sa0,,,3.9062500000e-03
g5099_g5143_B,sa0,,,3.9062500000e-03
g5160,sa1,3,1,1.7089843750e-03
g5099_g5160_A,sa0,,,1.7089843750e-03
g4900,sa0,30,0,1.1642456055e-02
II6607,sa1,,,1.1642456055e-02
g4745_II6607_A,sa0,,,1.1642456055e-02
g5052,sa1,6,1,6.2644958496e-02
II6692,sa0,,,6.2644958496e-02
g4720,sa1,,,6.2644958496e-02
II6340,sa0,,,6.2644958496e-02
g4561,sa1,,,6.2644958496e-02
g4189,sa0,,,6.2644958496e-02
II5597,sa1,,,6.2644958496e-02
g3821_II5597_A,sa0,,,6.2644958496e-02
g5061,sa1,6,1,6.2644958496e-02
II6701,sa0,,,6.2644958496e-02
g4726,sa1,,,6.2644958496e-02
II6352,sa0,,,6.2644958496e-02
g4564,sa1,,,6.2644958496e-02
g4192,sa0,,,6.2644958496e-02
II5606,sa1,,,6.2644958496e-02
g3821_II5606_A,sa0,,,6.2644958496e-02
g5115,sa1,6,1,6.2504529953e-02
II6759,sa0,,,6.2504529953e-02
g4778,sa1,,,6.2504529953e-02
II6430,sa0,,,6.2504529953e-02
g4620,sa1,,,6.2504529953e-02
g4251,sa0,,,6.2504529953e-02
II5705,sa1,,,6.2504529953e-02
g3942_II5705_A,sa0,,,6.2504529953e-02
g5152,sa0,2,1,9.1552734375e-05
g430_g5152_A,sa0,,,9.1552734375e-05
g4950_g5152_B,sa0,,,9.1552734375e-05
g5144,sa0,1,1,3.9062500000e-03
g166_g5144_A,sa0,,,3.9062500000e-03
g5099_g5144_B,sa0,,,3.9062500000e-03
g4900,sa1,30,0,8.6132812500e-01
II6607,sa0,,,8.6132812500e-01
g4745_II6607_A,sa1,,,8.6132812500e-01
g5225,sa0,2,1,3.6621093750e-04
g669_g5225_A,sa0,,,3.6621093750e-04
g5054_g5225_B,sa0,,,3.6621093750e-04
g5171,sa0,2,1,9.1552734375e-05
g406_g5171_A,sa0,,,9.1552734375e-05
g4950_g5171_B,sa0,,,9.1552734375e-05
g5180,sa0,2,1,9.1552734375e-05
g414_g5180_A,sa0,,,9.1552734375e-05
g4950_g5180_B,sa0,,,9.1552734375e-05
g5145,sa0,1,1,3.9062500000e-03
g175_g5145_A,sa0,,,3.9062500000e-03
g5099_g5145_B,sa0,,,3.9062500000e-03
g5090,sa1,20,1,4.4250488281e-04
g4741_g5090_A,sa0,,,4.4250488281e-04
g5441,sa1,25,1,2.8125000000e-01
g4911,sa0,30,0,7.7362060547e-03
II6615,sa1,,,7.7362060547e-03
g4745_II6615_A,sa0,,,7.7362060547e-03
g5117,sa1,6,1,6.2504529953e-02
II6763,sa0,,,6.2504529953e-02
g4780,sa1,,,6.2504529953e-02
II6434,sa0,,,6.2504529953e-02
g4622,sa1,,,6.2504529953e-02
g4252,sa0,,,6.2504529953e-02
II5708,sa1,,,6.2504529953e-02
g3942_II5708_A,sa0,,,6.2504529953e-02
g5163,sa0,2,1,9.1552734375e-05
g402_g5163_A,sa0,,,9.1552734375e-05
g4950_g5163_B,sa0,,,9.1552734375e-05
g5154,sa0,2,1,4.5776367188e-05
g500_g5154_A,sa0,,,4.5776367188e-05
g4993_g5154_B,sa0,,,4.5776367188e-05
g5226,sa0,2,1,3.6621093750e-04
g672_g5226_A,sa0,,,3.6621093750e-04
g5054_g5226_B,sa0,,,3.6621093750e-04
g5181,sa0,2,1,9.1552734375e-05
g449_g5181_A,sa0,,,9.1552734375e-05
g4877_g5181_B,sa0,,,9.1552734375e-05
g5172,sa0,2,1,9.1552734375e-05
g441_g5172_A,sa0,,,9.1552734375e-05
g4877_g5172_B,sa0,,,9.1552734375e-05
g5190,sa0,2,1,9.1552734375e-05
g426_g5190_A,sa0,,,9.1552734375e-05
g4950_g5190_B,sa0,,,9.1552734375e-05
g5146,sa0,1,1,3.9062500000e-03
g184_g5146_A,sa0,,,3.9062500000e-03
g5099_g5146_B,sa0,,,3.9062500000e-03
g5451,sa1,28,1,2.5000000000e-01
g5046,sa1,6,1,6.2644958496e-02
II6680,sa0,,,6.2644958496e-02
g4713,sa1,,,6.2644958496e-02
II6321,sa0,,,6.2644958496e-02
g4559,sa1,,,6.2644958496e-02
g4187,sa0,,,6.2644958496e-02
II5591,sa1,,,6.2644958496e-02
g3821_II5591_A,sa0,,,6.2644958496e-02
g4911,sa1,30,0,1.7630767822e-01
II6615,sa0,,,1.7630767822e-01
g4745_II6615_A,sa1,,,1.7630767822e-01
g5064,sa1,6,1,6.2644958496e-02
II6706,sa0,,,6.2644958496e-02
g4731,sa1,,,6.2644958496e-02
II6359,sa0,,,6.2644958496e-02
g4566,sa1,,,6.2644958496e-02
g4198,sa0,,,6.2644958496e-02
II5618,sa1,,,6.2644958496e-02
g3821_II5618_A,sa0,,,6.2644958496e-02
g5118,sa1,6,1,6.2504529953e-02
II6766,sa0,,,6.2504529953e-02
g4783,sa1,,,6.2504529953e-02
II6441,sa0,,,6.2504529953e-02
g4624,sa1,,,6.2504529953e-02
g4265,sa0,,,6.2504529953e-02
II5716,sa1,,,6.2504529953e-02
g3942_II5716_A,sa0,,,6.2504529953e-02
g5191,sa0,2,1,9.1552734375e-05
g461_g5191_A,sa0,,,9.1552734375e-05
g4877_g5191_B,sa0,,,9.1552734375e-05
g5173,sa0,2,1,4.5776367188e-05
g512_g5173_A,sa0,,,4.5776367188e-05
g4993_g5173_B,sa0,,,4.5776367188e-05
g5182,sa0,2,1,4.5776367188e-05
g520_g5182_A,sa0,,,4.5776367188e-05
g4993_g5182_B,sa0,,,4.5776367188e-05
g5164,sa0,2,1,9.1552734375e-05
g437_g5164_A,sa0,,,9.1552734375e-05
g4877_g5164_B,sa0,,,9.1552734375e-05
g5138,sa0,18,1,5.3125000000e-01
II6792,sa1,,,5.3125000000e-01
g5097,sa0,,,5.3125000000e-01
II6733,sa1,,,5.3125000000e-01
g4773,sa0,,,5.3125000000e-01
g5092,sa1,15,1,1.9836425781e-04
g4753_g5092_A,sa0,,,1.9836425781e-04
g5155,sa1,3,1,1.7089843750e-03
g5099_g5155_A,sa0,,,1.7089843750e-03
g5443,sa1,30,1,2.8125000000e-01
g5119,sa1,6,1,6.2504529953e-02
II6769,sa0,,,6.2504529953e-02
g4786,sa1,,,6.2504529953e-02
II6448,sa0,,,6.2504529953e-02
g4626,sa1,,,6.2504529953e-02
g4270,sa0,,,6.2504529953e-02
II5723,sa1,,,6.2504529953e-02
g3942_II5723_A,sa0,,,6.2504529953e-02
g3752,sa0,30,0,2.4169921875e-02
II4935,sa1,,,2.4169921875e-02
g3369,sa0,,,2.4169921875e-02
II4646,sa1,,,2.4169921875e-02
g2602,sa0,,,2.4169921875e-02
g2061,sa1,,,2.4169921875e-02
g5165,sa0,2,1,4.5776367188e-05
g508_g5165_A,sa0,,,4.5776367188e-05
g4993_g5165_B,sa0,,,4.5776367188e-05
g5183,sa0,2,1,9.1552734375e-05
g418_g5183_A,sa0,,,9.1552734375e-05
g4950_g5183_B,sa0,,,9.1552734375e-05
g5156,sa0,2,1,9.1552734375e-05
g434_g5156_A,sa0,,,9.1552734375e-05
g4877_g5156_B,sa0,,,9.1552734375e-05
g5138,sa1,8,1,4.6875000000e-01
II6792,sa0,,,4.6875000000e-01
g5097,sa1,,,4.6875000000e-01
II6733,sa0,,,4.6875000000e-01
g4773,sa1,,,4.6875000000e-01
g4495,sa1,,,4.6875000000e-01
g4220,sa1,,,4.6875000000e-01
II5644,sa0,,,4.6875000000e-01
g4059_II5644_A,sa1,,,4.6875000000e-01
g5139,sa0,18,1,5.3125000000e-01
II6795,sa1,,,5.3125000000e-01
g5022,sa0,,,5.3125000000e-01
II6666,sa1,,,5.3125000000e-01
g4740,sa0,,,5.3125000000e-01
g5084,sa1,30,0,3.7384033203e-03
g4727_g5084_A,sa0,,,3.7384033203e-03
g5174,sa1,3,1,1.7089843750e-03
g5099_g5174_A,sa0,,,1.7089843750e-03
g5444,sa1,25,1,2.8125000000e-01
g3752,sa1,30,0,2.4169921875e-02
II4935,sa0,,,2.4169921875e-02
g3369,sa1,,,2.4169921875e-02
II4646,sa0,,,2.4169921875e-02
g2602,sa1,,,2.4169921875e-02
g2061,sa0,,,2.4169921875e-02
II3169,sa0,,,2.4169921875e-02
g1540_II3169_A,sa0,,,2.4169921875e-02
II3168_II3169_B,sa0,,,2.4169921875e-02
II3170,sa0,,,2.4169921875e-02
g1534_II3170_A,sa0,,,2.4169921875e-02
II3168_II3170_B,sa0,,,2.4169921875e-02
g4932,sa0,30,0,6.6490173340e-03
g157_g4932_A,sa0,,,6.6490173340e-03
g4727_g4932_B,sa0,,,6.6490173340e-03
g5193,sa0,2,1,4.5776367188e-05
g532_g5193_A,sa0,,,4.5776367188e-05
g4967_g5193_B,sa0,,,4.5776367188e-05
g5184,sa0,2,1,9.1552734375e-05
g453_g5184_A,sa0,,,9.1552734375e-05
g4877_g5184_B,sa0,,,9.1552734375e-05
g5166,sa0,2,1,4.5776367188e-05
g541_g5166_A,sa0,,,4.5776367188e-05
g4967_g5166_B,sa0,,,4.5776367188e-05
g5139,sa1,12,1,4.6875000000e-01
II6795,sa0,,,4.6875000000e-01
g5022,sa1,,,4.6875000000e-01
II6666,sa0,,,4.6875000000e-01
g4740,sa1,,,4.6875000000e-01
g4448,sa1,,,4.6875000000e-01
g4154,sa1,,,4.6875000000e-01
II5548,sa0,,,4.6875000000e-01
g4059_II5548_A,sa1,,,4.6875000000e-01
g5454,sa1,28,1,2.5000000000e-01
g5049,sa1,6,1,6.2644958496e-02
II6685,sa0,,,6.2644958496e-02
g4716,sa1,,,6.2644958496e-02
II6330,sa0,,,6.2644958496e-02
g4560,sa1,,,6.2644958496e-02
g4188,sa0,,,6.2644958496e-02
II5594,sa1,,,6.2644958496e-02
g3821_II5594_A,sa0,,,6.2644958496e-02
g4933,sa0,30,0,5.8593750000e-03
II6625,sa1,,,5.8593750000e-03
g4745_II6625_A,sa0,,,5.8593750000e-03
g4942,sa0,30,0,6.6490173340e-03
g175_g4942_A,sa0,,,6.6490173340e-03
g4736_g4942_B,sa0,,,6.6490173340e-03
g5158,sa0,2,1,4.5776367188e-05
g504_g5158_A,sa0,,,4.5776367188e-05
g4993_g5158_B,sa0,,,4.5776367188e-05
g5176,sa0,2,1,9.1552734375e-05
g410_g5176_A,sa0,,,9.1552734375e-05
g4950_g5176_B,sa0,,,9.1552734375e-05
g5185,sa0,2,1,4.5776367188e-05
g524_g5185_A,sa0,,,4.5776367188e-05
g4993_g5185_B,sa0,,,4.5776367188e-05
g5095,sa1,60,0,4.0813907981e-04
g5086,sa1,30,1,1.9073486328e-03
g4732_g5086_A,sa0,,,1.9073486328e-03
g5096,sa0,3,1,1.9073486328e-06
g4794_g5096_A,sa0,,,1.9073486328e-06
g4647,sa0,,,1.9073486328e-06
g4296_g4647_A,sa1,,,1.9073486328e-06
g5059,sa1,6,1,6.2644958496e-02
II6697,sa0,,,6.2644958496e-02
g4722,sa1,,,6.2644958496e-02
II6346,sa0,,,6.2644958496e-02
g4563,sa1,,,6.2644958496e-02
g4190,sa0,,,6.2644958496e-02
II5600,sa1,,,6.2644958496e-02
g3821_II5600_A,sa0,,,6.2644958496e-02
g4933,sa1,30,0,4.4105529785e-02
II6625,sa0,,,4.4105529785e-02
g4745_II6625_A,sa1,,,4.4105529785e-02
g4943,sa0,30,0,5.4512023926e-03
II6635,sa1,,,5.4512023926e-03
g4745_II6635_A,sa0,,,5.4512023926e-03
g5159,sa0,2,1,4.5776367188e-05
g536_g5159_A,sa0,,,4.5776367188e-05
g4967_g5159_B,sa0,,,4.5776367188e-05
g5177,sa0,2,1,9.1552734375e-05
g445_g5177_A,sa0,,,9.1552734375e-05
g4877_g5177_B,sa0,,,9.1552734375e-05
g5186,sa0,2,1,9.1552734375e-05
g422_g5186_A,sa0,,,9.1552734375e-05
g4950_g5186_B,sa0,,,9.1552734375e-05
g5202_II8119_A,sa0,6,1,2.1972656250e-03
g5202_II8128_A,sa0,6,1,2.1972656250e-03
g5087,sa1,25,1,9.3078613281e-04
g4736_g5087_A,sa0,,,9.3078613281e-04
g5168,sa1,3,1,1.7089843750e-03
g5099_g5168_A,sa0,,,1.7089843750e-03
g5447,sa1,30,1,2.8125000000e-01
g4943,sa1,30,0,1.1054992676e-02
II6635,sa0,,,1.1054992676e-02
g4745_II6635_A,sa1,,,1.1054992676e-02
g5187,sa0,2,1,9.1552734375e-05
g457_g5187_A,sa0,,,9.1552734375e-05
g4877_g5187_B,sa0,,,9.1552734375e-05
g5178,sa0,2,1,4.5776367188e-05
g516_g5178_A,sa0,,,4.5776367188e-05
g4993_g5178_B,sa0,,,4.5776367188e-05
g4657,sa0,4,1,2.5000000000e-01
II6244,sa1,,,2.5000000000e-01
g4519,sa0,,,2.5000000000e-01
II6069,sa1,,,2.5000000000e-01
g4213,sa0,,,2.5000000000e-01
II5633,sa1,,,2.5000000000e-01
g3768,sa0,,,2.5000000000e-01
g3448,sa0,,,2.5000000000e-01
II4684,sa1,,,2.5000000000e-01
g2687,sa0,,,2.5000000000e-01
II3833,sa1,,,2.5000000000e-01
g2266,sa0,,,2.5000000000e-01
II3412,sa0,,,2.5000000000e-01
g1419_II3412_A,sa0,,,2.5000000000e-01
II3411_II3412_B,sa0,,,2.5000000000e-01
II3413,sa0,,,2.5000000000e-01
g616_II3413_A,sa0,,,2.5000000000e-01
II3411_II3413_B,sa0,,,2.5000000000e-01
g1528,sa0,,,2.5000000000e-01
g878_g1528_A,sa1,,,2.5000000000e-01
g5458,sa0,60,0,5.7950496674e-02
g4873,sa0,30,0,1.5469267964e-06
g4838,sa0,,,1.5469267964e-06
g4648_g4838_A,sa0,,,1.5469267964e-06
g84_g4838_B,sa0,,,1.5469267964e-06
g4173_g4873_B,sa0,,,1.5469267964e-06
g5197,sa0,2,1,4.5776367188e-05
g465_g5197_A,sa0,,,4.5776367188e-05
g4967_g5197_B,sa0,,,4.5776367188e-05
g4658,sa0,4,1,2.5000000000e-01
II6247,sa1,,,2.5000000000e-01
g4609,sa0,,,2.5000000000e-01
II6182,sa1,,,2.5000000000e-01
g4249,sa0,,,2.5000000000e-01
II5699,sa1,,,2.5000000000e-01
g3844,sa0,,,2.5000000000e-01
g3540,sa0,,,2.5000000000e-01
II4762,sa1,,,2.5000000000e-01
g2862,sa0,,,2.5000000000e-01
II4066,sa1,,,2.5000000000e-01
g2582,sa0,,,2.5000000000e-01
II3698,sa0,,,2.5000000000e-01
g1570_II3698_A,sa0,,,2.5000000000e-01
II3697_II3698_B,sa0,,,2.5000000000e-01
II3699,sa0,,,2.5000000000e-01
g642_II3699_A,sa0,,,2.5000000000e-01
II3697_II3699_B,sa0,,,2.5000000000e-01
g1665,sa0,,,2.5000000000e-01
g985_g1665_A,sa1,,,2.5000000000e-01
g4657,sa1,5,1,7.5000000000e-01
II6244,sa0,,,7.5000000000e-01
g4519,sa1,,,7.5000000000e-01
II6069,sa0,,,7.5000000000e-01
g4213,sa1,,,7.5000000000e-01
II5633,sa0,,,7.5000000000e-01
g3768,sa1,,,7.5000000000e-01
g5458,sa1,30,0,1.0738563538e-01
g3466_g5458_A,sa1,,,1.0738563538e-01
g5311_g5458_B,sa1,,,1.0738563538e-01
g5179,sa1,3,1,1.7089843750e-03
g5099_g5179_A,sa0,,,1.7089843750e-03
g4928,sa0,30,0,6.6490173340e-03
g148_g4928_A,sa0,,,6.6490173340e-03
g4723_g4928_B,sa0,,,6.6490173340e-03
g4937,sa0,30,0,6.6490173340e-03
g166_g4937_A,sa0,,,6.6490173340e-03
g4732_g4937_B,sa0,,,6.6490173340e-03
g5189,sa0,2,1,4.5776367188e-05
g528_g5189_A,sa0,,,4.5776367188e-05
g4993_g5189_B,sa0,,,4.5776367188e-05
g4874,sa0,5,1,2.4414062500e-04
g582_g4874_A,sa0,,,2.4414062500e-04
g4708_g4874_B,sa0,,,2.4414062500e-04
g4658,sa1,5,1,7.5000000000e-01
II6247,sa0,,,7.5000000000e-01
g4609,sa1,,,7.5000000000e-01
II6182,sa0,,,7.5000000000e-01
g4249,sa1,,,7.5000000000e-01
II5699,sa0,,,7.5000000000e-01
g3844,sa1,,,7.5000000000e-01
g5496,sa0,20,1,2.5585937500e-01
g5446,sa0,,,2.5585937500e-01
g4537_g5446_A,sa0,,,2.5585937500e-01
g5241,sa0,,,2.5585937500e-01
g3457,sa0,,,2.5585937500e-01
g2653_g3457_A,sa1,,,2.5585937500e-01
g4929,sa0,30,0,6.4849853516e-03
II6621,sa1,,,6.4849853516e-03
g4745_II6621_A,sa0,,,6.4849853516e-03
g4938,sa0,30,0,5.7373046875e-03
II6630,sa1,,,5.7373046875e-03
g4745_II6630_A,sa0,,,5.7373046875e-03
g4947,sa0,30,0,6.6490173340e-03
g184_g4947_A,sa0,,,6.6490173340e-03
g4741_g4947_B,sa0,,,6.6490173340e-03
g4874,sa1,24,1,4.9975585938e-01
g5569,sa0,23,1,4.6875000000e-01
g5348,sa0,,,4.6875000000e-01
g3772,sa0,,,4.6875000000e-01
g3466_g3772_A,sa1,,,4.6875000000e-01
g4929,sa1,30,0,8.8172912598e-02
II6621,sa0,,,8.8172912598e-02
g4745_II6621_A,sa1,,,8.8172912598e-02
g4938,sa1,30,0,2.2071838379e-02
II6630,sa0,,,2.2071838379e-02
g4745_II6630_A,sa1,,,2.2071838379e-02
g5499,sa0,18,1,2.5000000000e-01
g5451,sa0,,,2.5000000000e-01
g5251_g5451_A,sa0,,,2.5000000000e-01
g4544,sa0,,,2.5000000000e-01
g3462,sa0,,,2.5000000000e-01
g2679_g3462_A,sa1,,,2.5000000000e-01
g5787,sa1,30,0,1.8750000000e-01
g5685,sa0,,,1.8750000000e-01
g5552,sa1,,,1.8750000000e-01
g5354,sa1,,,1.8750000000e-01
g5356,sa1,,,1.8750000000e-01
g4874_II6962_A,sa1,11,1,2.4987792969e-01
g4874_II6963_A,sa1,11,1,2.4987792969e-01
II8210,sa0,12,1,2.5177001953e-03
II8128,sa0,12,1,2.3803710938e-03
II8119,sa0,12,1,2.3803710938e-03
II8347,sa0,8,1,8.2397460938e-04
II8348,sa0,8,1,1.1901855469e-03
II6026_II6027_B,sa1,30,0,2.9735565186e-03
II8358,sa0,8,1,8.2397460938e-04
II7980,sa0,12,1,2.5177001953e-03
II7971,sa0,12,1,2.5177001953e-03
II6026_II6028_B,sa1,30,0,2.9735565186e-03
II8359,sa0,8,1,1.1901855469e-03
II8369,sa0,8,1,5.4931640625e-04
II8378,sa0,8,1,5.4931640625e-04
g4900_g5600_B,sa1,26,1,4.5678710938e-01
II7989,sa0,12,1,2.5177001953e-03
II6185_II6186_B,sa1,30,0,9.1552734375e-04
II6743_II6744_B,sa1,4,1,2.2888183594e-04
g3752_g6132_A,sa1,30,0,2.9541015625e-02
II6185_II6187_B,sa1,30,0,9.1552734375e-04
II6743_II6745_B,sa1,4,1,2.2888183594e-04
g4911_g5603_B,sa1,30,0,2.1337890625e-01
g4943_g5621_B,sa1,30,0,1.3336181641e-02
g4938_g5620_B,sa1,30,0,2.6672363281e-02
g4933_g5618_B,sa1,30,0,5.3344726563e-02
g3752_g5883_B,sa1,30,0,7.3242187500e-03
g4874_g5194_B,sa1,30,0,2.4877929688e-01
g4929_g5616_B,sa1,30,0,1.0668945313e-01
g5201,sa0,30,0,3.8681030273e-03
g4859,sa0,,,3.8681030273e-03
g5084,sa0,,,3.8681030273e-03
g4727_g5084_A,sa1,,,3.8681030273e-03
g5211,sa0,28,1,1.9454956055e-03
g4860,sa0,,,1.9454956055e-03
g5086,sa0,,,1.9454956055e-03
g4732_g5086_A,sa1,,,1.9454956055e-03
g5501,sa0,18,1,2.5000000000e-01
g5454,sa0,,,2.5000000000e-01
g5256_g5454_A,sa0,,,2.5000000000e-01
g4549,sa0,,,2.5000000000e-01
g3478,sa0,,,2.5000000000e-01
g2695_g3478_A,sa1,,,2.5000000000e-01
g5213,sa0,21,1,9.0789794922e-04
g4862,sa0,,,9.0789794922e-04
g5087,sa0,,,9.0789794922e-04
g4736_g5087_A,sa1,,,9.0789794922e-04
g5161,sa0,30,0,2.3217871785e-06
g5095,sa0,,,2.3217871785e-06
g4794_g5095_A,sa0,,,2.3217871785e-06
g951,sa0,,,2.3217871785e-06
g84_g951_A,sa1,,,2.3217871785e-06
g4535,sa0,,,2.3217871785e-06
g4173_g4535_A,sa1,,,2.3217871785e-06
g5215,sa0,14,1,3.8909912109e-04
g4864,sa0,,,3.8909912109e-04
g5090,sa0,,,3.8909912109e-04
g4741_g5090_A,sa1,,,3.8909912109e-04
g5360,sa0,19,1,4.6533203125e-01
g4431,sa0,,,4.6533203125e-01
II5938,sa1,,,4.6533203125e-01
g4351,sa0,,,4.6533203125e-01
g166_g4351_A,sa0,,,4.6533203125e-01
g3776,sa0,,,4.6533203125e-01
g3466_g3776_A,sa1,,,4.6533203125e-01
g5160,sa0,,,4.6533203125e-01
g5099_g5160_A,sa1,,,4.6533203125e-01
g5361,sa0,19,1,4.6533203125e-01
g4435,sa0,,,4.6533203125e-01
II5944,sa1,,,4.6533203125e-01
g4356,sa0,,,4.6533203125e-01
g175_g4356_A,sa0,,,4.6533203125e-01
g3779,sa0,,,4.6533203125e-01
g3466_g3779_A,sa1,,,4.6533203125e-01
g5168,sa0,,,4.6533203125e-01
g5099_g5168_A,sa1,,,4.6533203125e-01
g5217,sa0,7,1,1.2969970703e-04
g4866,sa0,,,1.2969970703e-04
g5092,sa0,,,1.2969970703e-04
g4753_g5092_A,sa1,,,1.2969970703e-04
g5137,sa0,1,1,5.0000000000e-01
II6789,sa1,,,5.0000000000e-01
g4871,sa0,,,5.0000000000e-01
II6599,sa1,,,5.0000000000e-01
g4823,sa0,,,5.0000000000e-01
II6507,sa1,,,5.0000000000e-01
g4644,sa0,,,5.0000000000e-01
II6231,sa1,,,5.0000000000e-01
g4350,sa0,,,5.0000000000e-01
g4010,sa1,,,5.0000000000e-01
g3601,sa0,,,5.0000000000e-01
II4794,sa1,,,5.0000000000e-01
g2814_II4794_A,sa0,,,5.0000000000e-01
g5281,sa0,60,0,2.6359558105e-03
g5362,sa0,19,1,4.6533203125e-01
g4437,sa0,,,4.6533203125e-01
II5948,sa1,,,4.6533203125e-01
g4360,sa0,,,4.6533203125e-01
g184_g4360_A,sa0,,,4.6533203125e-01
g3785,sa0,,,4.6533203125e-01
g3466_g3785_A,sa1,,,4.6533203125e-01
g5174,sa0,,,4.6533203125e-01
g5099_g5174_A,sa1,,,4.6533203125e-01
g5137,sa1,1,1,5.0000000000e-01
II6789,sa0,,,5.0000000000e-01
g4871,sa1,,,5.0000000000e-01
II6599,sa0,,,5.0000000000e-01
g4823,sa1,,,5.0000000000e-01
II6507,sa0,,,5.0000000000e-01
g4644,sa1,,,5.0000000000e-01
II6231,sa0,,,5.0000000000e-01
g4350,sa1,,,5.0000000000e-01
g4010,sa0,,,5.0000000000e-01
g3601,sa1,,,5.0000000000e-01
II4794,sa0,,,5.0000000000e-01
g2814_II4794_A,sa1,,,5.0000000000e-01
g5281,sa1,30,0,5.7149291039e-01
g5074_g5281_A,sa1,,,5.7149291039e-01
g5124_g5281_B,sa1,,,5.7149291039e-01
g5363,sa0,19,1,4.6533203125e-01
g4439,sa0,,,4.6533203125e-01
II5952,sa1,,,4.6533203125e-01
g4367,sa0,,,4.6533203125e-01
g193_g4367_A,sa0,,,4.6533203125e-01
g3788,sa0,,,4.6533203125e-01
g3466_g3788_A,sa1,,,4.6533203125e-01
g5179,sa0,,,4.6533203125e-01
g5099_g5179_A,sa1,,,4.6533203125e-01
g4760,sa1,8,1,2.5000000000e-01
II6386,sa0,,,2.5000000000e-01
g4462,sa1,,,2.5000000000e-01
II5977,sa0,,,2.5000000000e-01
g4319,sa1,,,2.5000000000e-01
g4670,sa1,11,1,7.4218750000e-02
g5228,sa1,30,0,1.0347366333e-03
g5096,sa1,,,1.0347366333e-03
g4800,sa1,,,1.0347366333e-03
g5554,sa0,4,1,6.1035156250e-05
g5455,sa1,,,6.1035156250e-05
g5492,sa0,6,1,2.1875000000e-01
g5441,sa0,,,2.1875000000e-01
g4537_g5441_A,sa0,,,2.1875000000e-01
g5251_g5441_B,sa0,,,2.1875000000e-01
g1558,sa0,,,2.1875000000e-01
II2527,sa0,,,2.1875000000e-01
g766_II2527_A,sa0,,,2.1875000000e-01
II2526_II2527_B,sa0,,,2.1875000000e-01
II2528,sa0,,,2.1875000000e-01
g719_II2528_A,sa0,,,2.1875000000e-01
II2526_II2528_B,sa0,,,2.1875000000e-01
g3452,sa0,,,2.1875000000e-01
g2625_g3452_A,sa1,,,2.1875000000e-01
g5357,sa0,3,1,8.5449218750e-04
g398_g5357_A,sa0,,,8.5449218750e-04
g5220_g5357_B,sa0,,,8.5449218750e-04
g5554,sa1,30,0,9.2864990234e-01
g5455,sa0,,,9.2864990234e-01
g2330_g5455_A,sa0,,,9.2864990234e-01
g5311_g5455_B,sa0,,,9.2864990234e-01
g5384,sa1,3,1,4.2724609375e-04
g5220_g5384_A,sa0,,,4.2724609375e-04
g5359,sa0,19,1,4.6533203125e-01
g4428,sa0,,,4.6533203125e-01
II5933,sa1,,,4.6533203125e-01
g4346,sa0,,,4.6533203125e-01
g157_g4346_A,sa0,,,4.6533203125e-01
g3773,sa0,,,4.6533203125e-01
g3466_g3773_A,sa1,,,4.6533203125e-01
g5155,sa0,,,4.6533203125e-01
g5099_g5155_A,sa1,,,4.6533203125e-01
g5494,sa0,9,1,2.1875000000e-01
g5443,sa0,,,2.1875000000e-01
g4537_g5443_A,sa0,,,2.1875000000e-01
g5251_g5443_B,sa0,,,2.1875000000e-01
g2307,sa0,,,2.1875000000e-01
II3446,sa0,,,2.1875000000e-01
g1689_II3446_A,sa0,,,2.1875000000e-01
II3445_II3446_B,sa0,,,2.1875000000e-01
II3447,sa0,,,2.1875000000e-01
g729_II3447_A,sa0,,,2.1875000000e-01
II3445_II3447_B,sa0,,,2.1875000000e-01
g3455,sa0,,,2.1875000000e-01
g2637_g3455_A,sa1,,,2.1875000000e-01
g5495,sa0,6,1,2.1875000000e-01
g5444,sa0,,,2.1875000000e-01
g4545_g5444_A,sa0,,,2.1875000000e-01
g5256_g5444_B,sa0,,,2.1875000000e-01
g1574,sa0,,,2.1875000000e-01
II2543,sa0,,,2.1875000000e-01
g821_II2543_A,sa0,,,2.1875000000e-01
II2542_II2543_B,sa0,,,2.1875000000e-01
II2544,sa0,,,2.1875000000e-01
g774_II2544_A,sa0,,,2.1875000000e-01
II2542_II2544_B,sa0,,,2.1875000000e-01
g3456,sa0,,,2.1875000000e-01
g2640_g3456_A,sa1,,,2.1875000000e-01
g4784,sa1,8,1,2.5000000000e-01
II6444,sa0,,,2.5000000000e-01
g4503,sa1,,,2.5000000000e-01
II6023,sa0,,,2.5000000000e-01
g4151,sa1,,,2.5000000000e-01
g5497,sa0,9,1,2.1875000000e-01
g5447,sa0,,,2.1875000000e-01
g4545_g5447_A,sa0,,,2.1875000000e-01
g5256_g5447_B,sa0,,,2.1875000000e-01
g2311,sa0,,,2.1875000000e-01
II3456,sa0,,,2.1875000000e-01
g1691_II3456_A,sa0,,,2.1875000000e-01
II3455_II3456_B,sa0,,,2.1875000000e-01
II3457,sa0,,,2.1875000000e-01
g784_II3457_A,sa0,,,2.1875000000e-01
II3455_II3457_B,sa0,,,2.1875000000e-01
g3458,sa0,,,2.1875000000e-01
g2656_g3458_A,sa1,,,2.1875000000e-01
g4858,sa1,6,1,7.5000000000e-01
II6582,sa0,,,7.5000000000e-01
g4765,sa1,,,7.5000000000e-01
II6403,sa0,,,7.5000000000e-01
g4492,sa1,,,7.5000000000e-01
II5998,sa0,,,7.5000000000e-01
g4157,sa1,,,7.5000000000e-01
g5587,sa1,13,1,5.3125000000e-01
II7349,sa0,,,5.3125000000e-01
g5532,sa1,,,5.3125000000e-01
g5350,sa1,,,5.3125000000e-01
g3278,sa1,,,5.3125000000e-01
g5554_II7432_B,sa1,22,1,4.6871948242e-01
g5554_II7434_A,sa1,22,1,4.6871948242e-01
II6027,sa1,30,0,1.6784667969e-03
II6028,sa1,30,0,1.6784667969e-03
II6186,sa1,30,0,9.1552734375e-04
II6744,sa1,1,1,2.4414062500e-04
II6187,sa1,30,0,9.1552734375e-04
II6745,sa1,10,1,2.4975585938e-01
II6962,sa0,12,1,2.5000000000e-01
g4874_II6962_A,sa0,,,2.5000000000e-01
g586_II6962_B,sa0,,,2.5000000000e-01
II6962,sa1,3,1,1.0681152344e-04
g5300,sa0,30,0,6.5565109253e-06
II6952,sa1,,,6.5565109253e-06
g5124_II6952_A,sa0,,,6.5565109253e-06
g5300,sa1,30,0,5.4216384888e-04
II6952,sa0,,,5.4216384888e-04
g5124_II6952_A,sa1,,,5.4216384888e-04
g5123,sa0,13,1,3.9453125000e-01
g4670,sa0,,,3.9453125000e-01
g4611,sa0,,,3.9453125000e-01
g3985,sa0,,,3.9453125000e-01
g1138_g3985_A,sa0,,,3.9453125000e-01
g3718,sa0,,,3.9453125000e-01
g1743_g3718_A,sa0,,,3.9453125000e-01
g3140_g3718_B,sa0,,,3.9453125000e-01
g1157_g3718_C,sa0,,,3.9453125000e-01
g2142_g3985_C,sa0,,,3.9453125000e-01
g119_g4611_B,sa0,,,3.9453125000e-01
g4300,sa0,,,3.9453125000e-01
II5760,sa0,,,3.9453125000e-01
g3836_II5760_A,sa0,,,3.9453125000e-01
II5759_II5760_B,sa0,,,3.9453125000e-01
II5761,sa0,,,3.9453125000e-01
g3503_II5761_A,sa0,,,3.9453125000e-01
II5759_II5761_B,sa0,,,3.9453125000e-01
g3528,sa0,,,3.9453125000e-01
g1936,sa0,,,3.9453125000e-01
g1756_g1936_A,sa1,,,3.9453125000e-01
g5304,sa0,30,0,4.8875808716e-06
II6956,sa1,,,4.8875808716e-06
g5124_II6956_A,sa0,,,4.8875808716e-06
g5331,sa0,30,0,1.5735626221e-03
II6995,sa1,,,1.5735626221e-03
g5220_II6995_A,sa0,,,1.5735626221e-03
g5250,sa1,30,0,4.7378540039e-03
g4929_g5250_A,sa0,,,4.7378540039e-03
g5304,sa1,30,0,5.3238868713e-04
II6956,sa0,,,5.3238868713e-04
g5124_II6956_A,sa1,,,5.3238868713e-04
g5331,sa1,30,0,5.1458740234e-01
II6995,sa0,,,5.1458740234e-01
g5220_II6995_A,sa1,,,5.1458740234e-01
g5430,sa1,30,0,1.0663270950e-03
g5161,sa1,,,1.0663270950e-03
g4873,sa1,,,1.0663270950e-03
g5503,sa0,25,1,4.6789550781e-01
g366_g5503_A,sa0,,,4.6789550781e-01
g5384,sa0,,,4.6789550781e-01
g5220_g5384_A,sa1,,,4.6789550781e-01
g5260,sa1,30,1,4.0740966797e-03
g4938_g5260_A,sa0,,,4.0740966797e-03
g5261,sa0,30,0,1.7235279083e-03
II6918,sa1,,,1.7235279083e-03
g5124_II6918_A,sa0,,,1.7235279083e-03
g5270,sa0,30,0,1.1003017426e-04
II6927,sa1,,,1.1003017426e-04
g5124_II6927_A,sa0,,,1.1003017426e-04
g5261,sa1,30,0,3.5762786865e-06
II6918,sa0,,,3.5762786865e-06
g5124_II6918_A,sa1,,,3.5762786865e-06
g5270,sa1,30,0,6.5708160400e-04
II6927,sa0,,,6.5708160400e-04
g5124_II6927_A,sa1,,,6.5708160400e-04
g5370,sa0,58,0,8.5945129395e-03
g5470,sa0,20,1,4.6923828125e-01
g5370,sa1,30,0,8.4228515625e-03
g5211,sa1,,,8.4228515625e-03
g4937,sa1,,,8.4228515625e-03
g5470,sa1,16,1,5.3076171875e-01
g5359,sa1,,,5.3076171875e-01
g5142,sa1,,,5.3076171875e-01
g5471,sa0,20,1,4.6923828125e-01
g5372,sa0,51,0,7.5569152832e-03
g5471,sa1,16,1,5.3076171875e-01
g5360,sa1,,,5.3076171875e-01
g5143,sa1,,,5.3076171875e-01
g5472,sa0,20,1,4.6923828125e-01
g5255,sa1,30,0,4.2800903320e-03
g4933_g5255_A,sa0,,,4.2800903320e-03
g5264,sa1,26,1,3.9443969727e-03
g4943_g5264_A,sa0,,,3.9443969727e-03
g5274,sa0,30,0,5.6624412537e-05
II6933,sa1,,,5.6624412537e-05
g5124_II6933_A,sa0,,,5.6624412537e-05
g5292,sa0,30,0,1.6570091248e-05
II6942,sa1,,,1.6570091248e-05
g5124_II6942_A,sa0,,,1.6570091248e-05
g5372,sa1,30,0,6.9274902344e-03
g5213,sa1,,,6.9274902344e-03
g4942,sa1,,,6.9274902344e-03
g5472,sa1,16,1,5.3076171875e-01
g5361,sa1,,,5.3076171875e-01
g5144,sa1,,,5.3076171875e-01
g5473,sa0,20,1,4.6923828125e-01
g5247,sa1,30,0,7.5607299805e-03
g4900_g5247_A,sa0,,,7.5607299805e-03
g5266,sa0,30,0,2.1684169769e-04
II6923,sa1,,,2.1684169769e-04
g5124_II6923_A,sa0,,,2.1684169769e-04
g5274,sa1,30,0,7.1001052856e-04
II6933,sa0,,,7.1001052856e-04
g5124_II6933_A,sa1,,,7.1001052856e-04
g5292,sa1,30,0,5.8794021606e-04
II6942,sa0,,,5.8794021606e-04
g5124_II6942_A,sa1,,,5.8794021606e-04
g5590,sa0,14,1,5.3808593750e-01
II7352,sa1,,,5.3808593750e-01
g5533,sa0,,,5.3808593750e-01
g5194,sa0,4,1,1.2207031250e-04
g586_g5194_A,sa0,,,1.2207031250e-04
g4874_g5194_B,sa0,,,1.2207031250e-04
g5374,sa0,44,0,7.0381164551e-03
g5473,sa1,16,1,5.3076171875e-01
g5362,sa1,,,5.3076171875e-01
g5145,sa1,,,5.3076171875e-01
g5474,sa0,20,1,4.6923828125e-01
g5563,sa1,30,0,8.1625060488e-08
g5381,sa0,,,8.1625060488e-08
II7039,sa1,,,8.1625060488e-08
g5309,sa0,,,8.1625060488e-08
g5063,sa1,,,8.1625060488e-08
g4799,sa0,,,8.1625060488e-08
g4485,sa1,,,8.1625060488e-08
II5987,sa0,,,8.1625060488e-08
g4224,sa1,,,8.1625060488e-08
g4046,sa0,,,8.1625060488e-08
II5351,sa0,,,8.1625060488e-08
g3511,sa0,,,8.1625060488e-08
g3158_g3511_A,sa0,,,8.1625060488e-08
g3002_g3511_B,sa0,,,8.1625060488e-08
g2976_g3511_C,sa0,,,8.1625060488e-08
g2968_g3511_D,sa0,,,8.1625060488e-08
g3517,sa0,,,8.1625060488e-08
g3173_g3517_A,sa0,,,8.1625060488e-08
g3002_g3517_B,sa0,,,8.1625060488e-08
g2976_g3517_C,sa0,,,8.1625060488e-08
g2179_g3517_D,sa0,,,8.1625060488e-08
g3520,sa0,,,8.1625060488e-08
g3183_g3520_A,sa0,,,8.1625060488e-08
g3002_g3520_B,sa0,,,8.1625060488e-08
g2197_g3520_C,sa0,,,8.1625060488e-08
g2968_g3520_D,sa0,,,8.1625060488e-08
g3525,sa0,,,8.1625060488e-08
g3192_g3525_A,sa0,,,8.1625060488e-08
g3002_g3525_B,sa0,,,8.1625060488e-08
g2197_g3525_C,sa0,,,8.1625060488e-08
g2179_g3525_D,sa0,,,8.1625060488e-08
II5352,sa0,,,8.1625060488e-08
g3529,sa0,,,8.1625060488e-08
g3200_g3529_A,sa0,,,8.1625060488e-08
g2215_g3529_B,sa0,,,8.1625060488e-08
g2976_g3529_C,sa0,,,8.1625060488e-08
g2968_g3529_D,sa0,,,8.1625060488e-08
g3531,sa0,,,8.1625060488e-08
g3209_g3531_A,sa0,,,8.1625060488e-08
g2215_g3531_B,sa0,,,8.1625060488e-08
g2976_g3531_C,sa0,,,8.1625060488e-08
g2179_g3531_D,sa0,,,8.1625060488e-08
g3535,sa0,,,8.1625060488e-08
g3216_g3535_A,sa0,,,8.1625060488e-08
g2215_g3535_B,sa0,,,8.1625060488e-08
g2197_g3535_C,sa0,,,8.1625060488e-08
g2968_g3535_D,sa0,,,8.1625060488e-08
g3538,sa0,,,8.1625060488e-08
g2588_g3538_A,sa0,,,8.1625060488e-08
g2215_g3538_B,sa0,,,8.1625060488e-08
g2197_g3538_C,sa0,,,8.1625060488e-08
g2179_g3538_D,sa0,,,8.1625060488e-08
g5248,sa1,30,0,5.5389404297e-03
g4911_g5248_A,sa0,,,5.5389404297e-03
g5266,sa1,30,0,3.6871433258e-04
II6923,sa0,,,3.6871433258e-04
g5124_II6923_A,sa1,,,3.6871433258e-04
g5590,sa1,30,1,4.6191406250e-01
II7352,sa0,,,4.6191406250e-01
g5533,sa1,,,4.6191406250e-01
g5351,sa1,,,4.6191406250e-01
g3290,sa1,,,4.6191406250e-01
g5194,sa1,34,0,2.4890136719e-01
g5374,sa1,30,0,7.7514648438e-03
g5215,sa1,,,7.7514648438e-03
g4947,sa1,,,7.7514648438e-03
g5474,sa1,16,1,5.3076171875e-01
g5363,sa1,,,5.3076171875e-01
g5146,sa1,,,5.3076171875e-01
g5564,sa1,30,0,9.9086832961e-08
g5382,sa0,,,9.9086832961e-08
II7042,sa1,,,9.9086832961e-08
g5310,sa0,,,9.9086832961e-08
g5067,sa1,,,9.9086832961e-08
g4801,sa0,,,9.9086832961e-08
g4487,sa1,,,9.9086832961e-08
II5991,sa0,,,9.9086832961e-08
g4226,sa1,,,9.9086832961e-08
g4050,sa0,,,9.9086832961e-08
II5359,sa0,,,9.9086832961e-08
g3518,sa0,,,9.9086832961e-08
g3177_g3518_A,sa0,,,9.9086832961e-08
g3023_g3518_B,sa0,,,9.9086832961e-08
g3007_g3518_C,sa0,,,9.9086832961e-08
g2981_g3518_D,sa0,,,9.9086832961e-08
g3521,sa0,,,9.9086832961e-08
g3187_g3521_A,sa0,,,9.9086832961e-08
g3023_g3521_B,sa0,,,9.9086832961e-08
g3007_g3521_C,sa0,,,9.9086832961e-08
g2179_g3521_D,sa0,,,9.9086832961e-08
g3526,sa0,,,9.9086832961e-08
g3196_g3526_A,sa0,,,9.9086832961e-08
g3023_g3526_B,sa0,,,9.9086832961e-08
g2197_g3526_C,sa0,,,9.9086832961e-08
g2981_g3526_D,sa0,,,9.9086832961e-08
g3530,sa0,,,9.9086832961e-08
g3204_g3530_A,sa0,,,9.9086832961e-08
g3023_g3530_B,sa0,,,9.9086832961e-08
g2197_g3530_C,sa0,,,9.9086832961e-08
g2179_g3530_D,sa0,,,9.9086832961e-08
II5360,sa0,,,9.9086832961e-08
g3532,sa0,,,9.9086832961e-08
g3212_g3532_A,sa0,,,9.9086832961e-08
g2215_g3532_B,sa0,,,9.9086832961e-08
g3007_g3532_C,sa0,,,9.9086832961e-08
g2981_g3532_D,sa0,,,9.9086832961e-08
g3536,sa0,,,9.9086832961e-08
g3219_g3536_A,sa0,,,9.9086832961e-08
g2215_g3536_B,sa0,,,9.9086832961e-08
g3007_g3536_C,sa0,,,9.9086832961e-08
g2179_g3536_D,sa0,,,9.9086832961e-08
g3539,sa0,,,9.9086832961e-08
g2591_g3539_A,sa0,,,9.9086832961e-08
g2215_g3539_B,sa0,,,9.9086832961e-08
g2197_g3539_C,sa0,,,9.9086832961e-08
g2981_g3539_D,sa0,,,9.9086832961e-08
g3544,sa0,,,9.9086832961e-08
g2594_g3544_A,sa0,,,9.9086832961e-08
g2215_g3544_B,sa0,,,9.9086832961e-08
g2197_g3544_C,sa0,,,9.9086832961e-08
g2179_g3544_D,sa0,,,9.9086832961e-08
g5278,sa0,30,0,2.9921531677e-05
II6937,sa1,,,2.9921531677e-05
g5124_II6937_A,sa0,,,2.9921531677e-05
g5296,sa0,30,0,9.8943710327e-06
II6946,sa1,,,9.8943710327e-06
g5124_II6946_A,sa0,,,9.8943710327e-06
g5593,sa0,14,1,5.3808593750e-01
II7355,sa1,,,5.3808593750e-01
g5535,sa0,,,5.3808593750e-01
g5584,sa0,4,1,4.6875000000e-01
II7346,sa1,,,4.6875000000e-01
g5531,sa0,,,4.6875000000e-01
g5368,sa0,60,0,1.0517120361e-02
g5377,sa0,37,0,6.7787170410e-03
g5278,sa1,30,0,6.5279006958e-04
II6937,sa0,,,6.5279006958e-04
g5124_II6937_A,sa1,,,6.5279006958e-04
g5296,sa1,30,0,5.5551528931e-04
II6946,sa0,,,5.5551528931e-04
g5124_II6946_A,sa1,,,5.5551528931e-04
g5909,sa0,29,1,2.5000000000e-01
g5787,sa0,,,2.5000000000e-01
g5685,sa1,,,2.5000000000e-01
g5552,sa0,,,2.5000000000e-01
g3384_g5909_B,sa0,,,2.5000000000e-01
g5593,sa1,30,1,4.6191406250e-01
II7355,sa0,,,4.6191406250e-01
g5535,sa1,,,4.6191406250e-01
g5353,sa1,,,4.6191406250e-01
g3300,sa1,,,4.6191406250e-01
g5584,sa1,13,1,5.3125000000e-01
II7346,sa0,,,5.3125000000e-01
g5531,sa1,,,5.3125000000e-01
g5349,sa1,,,5.3125000000e-01
g3275,sa1,,,5.3125000000e-01
g5368,sa1,30,0,8.6975097656e-03
g5201,sa1,,,8.6975097656e-03
g4932,sa1,,,8.6975097656e-03
g5377,sa1,30,0,7.7514648438e-03
g5217,sa1,,,7.7514648438e-03
g4949,sa1,,,7.7514648438e-03
g4857,sa0,5,1,2.5000000000e-01
II6579,sa1,,,2.5000000000e-01
g4798,sa0,,,2.5000000000e-01
II6464,sa1,,,2.5000000000e-01
g4562,sa0,,,2.5000000000e-01
II6132,sa1,,,2.5000000000e-01
g4219,sa0,,,2.5000000000e-01
g3911,sa0,,,2.5000000000e-01
II5148,sa1,,,2.5000000000e-01
g3450,sa0,,,2.5000000000e-01
II4688,sa1,,,2.5000000000e-01
g3207,sa0,,,2.5000000000e-01
II4445,sa0,,,2.5000000000e-01
g2092_II4445_A,sa0,,,2.5000000000e-01
II4444_II4445_B,sa0,,,2.5000000000e-01
II4446,sa0,,,2.5000000000e-01
g606_II4446_A,sa0,,,2.5000000000e-01
II4444_II4446_B,sa0,,,2.5000000000e-01
g1655,sa0,,,2.5000000000e-01
g985_g1655_A,sa1,,,2.5000000000e-01
g5199,sa0,30,0,7.9193115234e-03
II6867,sa1,,,7.9193115234e-03
g5082,sa0,,,7.9193115234e-03
g4723_g5082_A,sa1,,,7.9193115234e-03
g4857,sa1,6,1,7.5000000000e-01
II6579,sa0,,,7.5000000000e-01
g4798,sa1,,,7.5000000000e-01
II6464,sa0,,,7.5000000000e-01
g4562,sa1,,,7.5000000000e-01
II6132,sa0,,,7.5000000000e-01
g4219,sa1,,,7.5000000000e-01
g4858,sa0,5,1,2.5000000000e-01
II6582,sa1,,,2.5000000000e-01
g4765,sa0,,,2.5000000000e-01
II6403,sa1,,,2.5000000000e-01
g4492,sa0,,,2.5000000000e-01
II5998,sa1,,,2.5000000000e-01
g4157,sa0,,,2.5000000000e-01
g3830,sa0,,,2.5000000000e-01
II5019,sa1,,,2.5000000000e-01
g3318,sa0,,,2.5000000000e-01
II4593,sa1,,,2.5000000000e-01
g2966,sa0,,,2.5000000000e-01
II4160,sa0,,,2.5000000000e-01
g2015_II4160_A,sa0,,,2.5000000000e-01
II4159_II4160_B,sa0,,,2.5000000000e-01
II4161,sa0,,,2.5000000000e-01
g619_II4161_A,sa0,,,2.5000000000e-01
II4159_II4161_B,sa0,,,2.5000000000e-01
g1533,sa0,,,2.5000000000e-01
g878_g1533_A,sa1,,,2.5000000000e-01
g5587,sa0,4,1,4.6875000000e-01
II7349,sa1,,,4.6875000000e-01
g5532,sa0,,,4.6875000000e-01
g5368_II7216_B,sa1,30,0,5.9127807617e-03
g5374_II7237_B,sa1,30,0,6.6986083984e-03
g5368_II7218_A,sa1,30,0,5.6152343750e-03
g5374_II7239_A,sa1,30,0,6.7291259766e-03
g5377_II7244_B,sa1,30,0,6.6070556641e-03
g5377_II7246_A,sa1,30,0,6.8664550781e-03
g5194_II7097_A,sa1,12,1,2.4993896484e-01
g5194_II7098_A,sa1,12,1,2.4993896484e-01
II7432,sa0,24,1,4.6875000000e-01
g111_II7432_A,sa0,,,4.6875000000e-01
g5554_II7432_B,sa0,,,4.6875000000e-01
II7432,sa1,2,1,3.0517578125e-05
g5300_g5428_B,sa1,30,0,5.4264068604e-04
g5274_g5410_B,sa1,30,0,7.7819824219e-04
g5270_g5406_B,sa1,27,1,7.7819824219e-04
g5266_g5402_B,sa1,14,1,5.1879882813e-04
g5331_g5481_B,sa1,17,1,2.6507568359e-01
g5331_g5482_B,sa1,17,1,2.6507568359e-01
g5304_g5429_B,sa1,30,0,5.1736831665e-04
g5331_g5483_B,sa1,17,1,2.6507568359e-01
g5593_g6131_A,sa1,30,1,4.5108795166e-04
g5331_g5484_B,sa1,17,1,2.6507568359e-01
II6962_II6963_B,sa1,3,1,1.0681152344e-04
g5331_g5485_B,sa1,17,1,2.6507568359e-01
II6962_II6964_B,sa1,3,1,1.0681152344e-04
g5331_g5486_B,sa1,17,1,2.6507568359e-01
g5590_g6128_A,sa1,30,1,4.5108795166e-04
g5587_g6140_A,sa1,13,1,5.1879882813e-04
g5278_g5414_B,sa1,30,0,7.3623657227e-04
g5331_g5487_B,sa1,17,1,2.6507568359e-01
g5584_g6135_A,sa1,13,1,5.1879882813e-04
g5194_g5364_B,sa1,30,0,2.4975585938e-01
g5292_g5419_B,sa1,30,0,7.0762634277e-04
g5296_g5424_B,sa1,30,0,6.1702728271e-04
g5331_g5488_B,sa1,17,1,2.6507568359e-01
g5261_g5398_B,sa1,0,1,0.0000000000e+00
g5011,sa1,9,1,2.5000000000e-01
II6649,sa0,,,2.5000000000e-01
g4693,sa1,,,2.5000000000e-01
II6283,sa0,,,2.5000000000e-01
g4613,sa1,,,2.5000000000e-01
g5500,sa0,30,0,3.0985102057e-06
g5430,sa0,,,3.0985102057e-06
g5074_g5500_B,sa0,,,3.0985102057e-06
g4610,sa0,30,0,9.1552734375e-04
II6186,sa0,,,9.1552734375e-04
g4301_II6186_A,sa0,,,9.1552734375e-04
II6185_II6186_B,sa0,,,9.1552734375e-04
II6187,sa0,,,9.1552734375e-04
g3955_II6187_A,sa0,,,9.1552734375e-04
II6185_II6187_B,sa0,,,9.1552734375e-04
g4610,sa1,30,0,9.1552734375e-04
g5512,sa0,21,1,3.1341552734e-02
II7254,sa1,,,3.1341552734e-02
g5458_II7254_A,sa0,,,3.1341552734e-02
g5521,sa0,21,1,3.1341552734e-02
II7261,sa1,,,3.1341552734e-02
g5458_II7261_A,sa0,,,3.1341552734e-02
g4504,sa0,30,0,1.6784667969e-03
II6027,sa0,,,1.6784667969e-03
g4223_II6027_A,sa0,,,1.6784667969e-03
II6026_II6027_B,sa0,,,1.6784667969e-03
II6028,sa0,,,1.6784667969e-03
g4221_II6028_A,sa0,,,1.6784667969e-03
II6026_II6028_B,sa0,,,1.6784667969e-03
g5224,sa1,16,1,5.1171875000e-01
g5123,sa1,,,5.1171875000e-01
g3630,sa1,,,5.1171875000e-01
g5512,sa1,30,0,1.8693923950e-01
II7254,sa0,,,1.8693923950e-01
g5458_II7254_A,sa1,,,1.8693923950e-01
g5521,sa1,30,0,1.8702316284e-01
II7261,sa0,,,1.8702316284e-01
g5458_II7261_A,sa1,,,1.8702316284e-01
g5711,sa0,21,1,5.0585937500e-01
II7472,sa1,,,5.0585937500e-01
g5626,sa0,,,5.0585937500e-01
g4504,sa1,30,0,1.3847351074e-03
g4910,sa1,9,1,2.5000000000e-01
II6612,sa0,,,2.5000000000e-01
g4660,sa1,,,2.5000000000e-01
II6253,sa0,,,2.5000000000e-01
g4608,sa1,,,2.5000000000e-01
g5711,sa1,27,1,4.9414062500e-01
II7472,sa0,,,4.9414062500e-01
g5626,sa1,,,4.9414062500e-01
g5496,sa1,,,4.9414062500e-01
g3285,sa1,,,4.9414062500e-01
g5524,sa0,21,1,3.1341552734e-02
II7264,sa1,,,3.1341552734e-02
g5458_II7264_A,sa0,,,3.1341552734e-02
g5371,sa0,26,1,4.5678710938e-01
g152_g5371_A,sa0,,,4.5678710938e-01
g5248,sa0,,,4.5678710938e-01
g4911_g5248_A,sa1,,,4.5678710938e-01
g5380,sa0,26,1,4.5678710938e-01
g188_g5380_A,sa0,,,4.5678710938e-01
g5264,sa0,,,4.5678710938e-01
g4943_g5264_A,sa1,,,4.5678710938e-01
g5480,sa0,26,1,5.3125000000e-01
II7176,sa1,,,5.3125000000e-01
g5437,sa0,,,5.3125000000e-01
II7119,sa1,,,5.3125000000e-01
g5303,sa0,,,5.3125000000e-01
g5524,sa1,30,0,1.8703460693e-01
II7264,sa0,,,1.8703460693e-01
g5458_II7264_A,sa1,,,1.8703460693e-01
g5623,sa1,30,0,4.6868896484e-01
g5503,sa1,,,4.6868896484e-01
g5357,sa1,,,4.6868896484e-01
g5480,sa1,28,1,4.6875000000e-01
II7176,sa0,,,4.6875000000e-01
g5437,sa1,,,4.6875000000e-01
II7119,sa0,,,4.6875000000e-01
g5303,sa1,,,4.6875000000e-01
g5053,sa1,,,4.6875000000e-01
g4768,sa1,,,4.6875000000e-01
II6410,sa0,,,4.6875000000e-01
g4473_II6410_A,sa1,,,4.6875000000e-01
g5373,sa0,26,1,4.5678710938e-01
g161_g5373_A,sa0,,,4.5678710938e-01
g5250,sa0,,,4.5678710938e-01
g4929_g5250_A,sa1,,,4.5678710938e-01
g5509,sa0,21,1,3.1341552734e-02
II7251,sa1,,,3.1341552734e-02
g5458_II7251_A,sa0,,,3.1341552734e-02
g5518,sa0,21,1,3.1341552734e-02
II7258,sa1,,,3.1341552734e-02
g5458_II7258_A,sa0,,,3.1341552734e-02
g5527,sa0,21,1,3.1341552734e-02
II7267,sa1,,,3.1341552734e-02
g5458_II7267_A,sa0,,,3.1341552734e-02
g5509,sa1,30,0,1.8682098389e-01
II7251,sa0,,,1.8682098389e-01
g5458_II7251_A,sa1,,,1.8682098389e-01
g5518,sa1,30,0,1.8699645996e-01
II7258,sa0,,,1.8699645996e-01
g5458_II7258_A,sa1,,,1.8699645996e-01
g5527,sa1,30,0,1.8703842163e-01
II7267,sa0,,,1.8703842163e-01
g5458_II7267_A,sa1,,,1.8703842163e-01
g5717,sa0,21,1,5.0585937500e-01
II7478,sa1,,,5.0585937500e-01
g5628,sa0,,,5.0585937500e-01
g5475,sa0,26,1,5.3125000000e-01
II7161,sa1,,,5.3125000000e-01
g5465,sa0,,,5.3125000000e-01
II7143,sa1,,,5.3125000000e-01
g5323,sa0,,,5.3125000000e-01
g5376,sa0,26,1,4.5678710938e-01
g170_g5376_A,sa0,,,4.5678710938e-01
g5255,sa0,,,4.5678710938e-01
g4933_g5255_A,sa1,,,4.5678710938e-01
g5717,sa1,27,1,4.9414062500e-01
II7478,sa0,,,4.9414062500e-01
g5628,sa1,,,4.9414062500e-01
g5498,sa1,,,4.9414062500e-01
g3292,sa1,,,4.9414062500e-01
g5367,sa0,60,0,1.4568328857e-02
g5692,sa0,0,1,0.0000000000e+00
II7451,sa1,,,0.0000000000e+00
g5597,sa0,,,0.0000000000e+00
II7361,sa1,,,0.0000000000e+00
g5566,sa0,,,0.0000000000e+00
II7318,sa1,,,0.0000000000e+00
g5452,sa0,,,0.0000000000e+00
g5315,sa0,,,0.0000000000e+00
g5116,sa1,,,0.0000000000e+00
g4810,sa0,,,0.0000000000e+00
II6488,sa1,,,0.0000000000e+00
g4603_II6488_A,sa0,,,0.0000000000e+00
g4612,sa0,,,0.0000000000e+00
g4320,sa1,,,0.0000000000e+00
g4011_g4320_A,sa0,,,0.0000000000e+00
g5475,sa1,8,1,4.6875000000e-01
II7161,sa0,,,4.6875000000e-01
g5465,sa1,,,4.6875000000e-01
II7143,sa0,,,4.6875000000e-01
g5323,sa1,,,4.6875000000e-01
g5098,sa1,,,4.6875000000e-01
g4802,sa1,,,4.6875000000e-01
II6470,sa0,,,4.6875000000e-01
g4473_II6470_A,sa1,,,4.6875000000e-01
g5476,sa0,26,1,5.3125000000e-01
II7164,sa1,,,5.3125000000e-01
g5433,sa0,,,5.3125000000e-01
II7107,sa1,,,5.3125000000e-01
g5277,sa0,,,5.3125000000e-01
g5367,sa1,30,0,6.6490173340e-03
g5199,sa1,,,6.6490173340e-03
II6867,sa0,,,6.6490173340e-03
g5082,sa1,,,6.6490173340e-03
g4723_g5082_A,sa0,,,6.6490173340e-03
g4928,sa1,,,6.6490173340e-03
g5468,sa0,1,1,5.0000000000e-01
II7150,sa1,,,5.0000000000e-01
g5355,sa0,,,5.0000000000e-01
II7007,sa1,,,5.0000000000e-01
g5314,sa0,,,5.0000000000e-01
II6972,sa1,,,5.0000000000e-01
g5135,sa0,,,5.0000000000e-01
II6783,sa1,,,5.0000000000e-01
g4822,sa0,,,5.0000000000e-01
g4614,sa1,,,5.0000000000e-01
g4308,sa0,,,5.0000000000e-01
II5777,sa1,,,5.0000000000e-01
g3807_II5777_A,sa0,,,5.0000000000e-01
g5692,sa1,6,1,1.0000000000e+00
II7451,sa0,,,1.0000000000e+00
g5597,sa1,,,1.0000000000e+00
II7361,sa0,,,1.0000000000e+00
g5566,sa1,,,1.0000000000e+00
II7318,sa0,,,1.0000000000e+00
g5452,sa1,,,1.0000000000e+00
g5476,sa1,12,1,4.6875000000e-01
II7164,sa0,,,4.6875000000e-01
g5433,sa1,,,4.6875000000e-01
II7107,sa0,,,4.6875000000e-01
g5277,sa1,,,4.6875000000e-01
g5023,sa1,,,4.6875000000e-01
g4763,sa1,,,4.6875000000e-01
II6397,sa0,,,4.6875000000e-01
g4473_II6397_A,sa1,,,4.6875000000e-01
g5477,sa0,26,1,5.3125000000e-01
II7167,sa1,,,5.3125000000e-01
g5434,sa0,,,5.3125000000e-01
II7110,sa1,,,5.3125000000e-01
g5291,sa0,,,5.3125000000e-01
g5369,sa0,26,1,4.5678710938e-01
g143_g5369_A,sa0,,,4.5678710938e-01
g5247,sa0,,,4.5678710938e-01
g4900_g5247_A,sa1,,,4.5678710938e-01
g5378,sa0,26,1,4.5678710938e-01
g179_g5378_A,sa0,,,4.5678710938e-01
g5260,sa0,,,4.5678710938e-01
g4938_g5260_A,sa1,,,4.5678710938e-01
g5370_II7223_B,sa1,30,0,6.6833496094e-03
g5372_II7230_B,sa1,30,0,6.4392089844e-03
g5468,sa1,1,1,5.0000000000e-01
II7150,sa0,,,5.0000000000e-01
g5355,sa1,,,5.0000000000e-01
II7007,sa0,,,5.0000000000e-01
g5314,sa1,,,5.0000000000e-01
II6972,sa0,,,5.0000000000e-01
g5135,sa1,,,5.0000000000e-01
II6783,sa0,,,5.0000000000e-01
g4822,sa1,,,5.0000000000e-01
g4614,sa0,,,5.0000000000e-01
g4308,sa1,,,5.0000000000e-01
II5777,sa0,,,5.0000000000e-01
g3807_II5777_A,sa1,,,5.0000000000e-01
g5469,sa0,1,1,5.0000000000e-01
II7153,sa1,,,5.0000000000e-01
g5358,sa0,,,5.0000000000e-01
II7012,sa1,,,5.0000000000e-01
g5316,sa0,,,5.0000000000e-01
II6976,sa1,,,5.0000000000e-01
g5136,sa0,,,5.0000000000e-01
II6786,sa1,,,5.0000000000e-01
g4824,sa0,,,5.0000000000e-01
g4615,sa1,,,5.0000000000e-01
g4322,sa0,,,5.0000000000e-01
II5793,sa1,,,5.0000000000e-01
g3803_II5793_A,sa0,,,5.0000000000e-01
g5477,sa1,16,1,4.6875000000e-01
II7167,sa0,,,4.6875000000e-01
g5434,sa1,,,4.6875000000e-01
II7110,sa0,,,4.6875000000e-01
g5291,sa1,,,4.6875000000e-01
g5043,sa1,,,4.6875000000e-01
g4764,sa1,,,4.6875000000e-01
II6400,sa0,,,4.6875000000e-01
g4473_II6400_A,sa1,,,4.6875000000e-01
g5478,sa0,26,1,5.3125000000e-01
II7170,sa1,,,5.3125000000e-01
g5435,sa0,,,5.3125000000e-01
II7113,sa1,,,5.3125000000e-01
g5295,sa0,,,5.3125000000e-01
g5370_II7225_A,sa1,30,0,6.5002441406e-03
g5372_II7232_A,sa1,30,0,6.4392089844e-03
g5469,sa1,1,1,5.0000000000e-01
II7153,sa0,,,5.0000000000e-01
g5358,sa1,,,5.0000000000e-01
II7012,sa0,,,5.0000000000e-01
g5316,sa1,,,5.0000000000e-01
II6976,sa0,,,5.0000000000e-01
g5136,sa1,,,5.0000000000e-01
II6786,sa0,,,5.0000000000e-01
g4824,sa1,,,5.0000000000e-01
g4615,sa0,,,5.0000000000e-01
g4322,sa1,,,5.0000000000e-01
II5793,sa0,,,5.0000000000e-01
g3803_II5793_A,sa1,,,5.0000000000e-01
g5478,sa1,20,1,4.6875000000e-01
II7170,sa0,,,4.6875000000e-01
g5435,sa1,,,4.6875000000e-01
II7113,sa0,,,4.6875000000e-01
g5295,sa1,,,4.6875000000e-01
g5047,sa1,,,4.6875000000e-01
g4766,sa1,,,4.6875000000e-01
II6406,sa0,,,4.6875000000e-01
g4473_II6406_A,sa1,,,4.6875000000e-01
g4504_II6391_A,sa1,30,0,9.1552734375e-04
g5479,sa1,8,1,5.3857421875e-01
II7173,sa0,,,5.3857421875e-01
g5436,sa1,,,5.3857421875e-01
II7116,sa0,,,5.3857421875e-01
g5299,sa1,,,5.3857421875e-01
II6949,sa0,,,5.3857421875e-01
g5050,sa1,,,5.3857421875e-01
g5399,sa0,30,0,1.7826557159e-03
II7065,sa1,,,1.7826557159e-03
g5281_II7065_A,sa0,,,1.7826557159e-03
g5399,sa1,30,0,6.6163897514e-02
II7065,sa0,,,6.6163897514e-02
g5281_II7065_A,sa1,,,6.6163897514e-02
g5367_II7208_B,sa1,29,1,3.8833618164e-03
g4504_II6499_A,sa1,30,0,1.8346309662e-03
II7230,sa0,30,0,7.3547363281e-03
g170_II7230_A,sa0,,,7.3547363281e-03
g5372_II7230_B,sa0,,,7.3547363281e-03
II7230,sa1,30,0,4.2800903320e-03
II7223,sa0,30,0,7.8125000000e-03
g161_II7223_A,sa0,,,7.8125000000e-03
g5370_II7223_B,sa0,,,7.8125000000e-03
II7223,sa1,30,0,4.7378540039e-03
II7216,sa0,30,0,7.5683593750e-03
g152_II7216_A,sa0,,,7.5683593750e-03
g5368_II7216_B,sa0,,,7.5683593750e-03
II7216,sa1,30,0,5.5389404297e-03
II7244,sa0,30,0,6.9656372070e-03
g188_II7244_A,sa0,,,6.9656372070e-03
g5377_II7244_B,sa0,,,6.9656372070e-03
II7244,sa1,26,1,3.9443969727e-03
II7237,sa0,30,0,7.0953369141e-03
g179_II7237_A,sa0,,,7.0953369141e-03
g5374_II7237_B,sa0,,,7.0953369141e-03
II7237,sa1,30,1,4.0740966797e-03
II7097,sa0,13,1,2.5000000000e-01
g5194_II7097_A,sa0,,,2.5000000000e-01
g574_II7097_B,sa0,,,2.5000000000e-01
II7097,sa1,2,1,4.5776367188e-05
II6963,sa1,1,1,1.2207031250e-04
II6964,sa1,11,1,2.4987792969e-01
II7432_II7433_B,sa1,2,1,3.0517578125e-05
II7432_II7434_B,sa1,2,1,3.0517578125e-05
g5521_g5604_B,sa1,30,0,1.8475341797e-01
g5711_g6126_A,sa1,27,1,4.8255920410e-04
g5518_g5601_B,sa1,30,0,1.8519592285e-01
g5524_g5617_B,sa1,30,0,1.8380737305e-01
g5717_g6129_A,sa1,27,1,4.8255920410e-04
g5527_g5619_B,sa1,30,0,1.8350982666e-01
g5512_g5599_B,sa1,30,0,1.8626785278e-01
g5509_g5598_B,sa1,30,0,1.9872283936e-01
g5410,sa0,30,0,1.7235279083e-03
g378_g5410_A,sa0,,,1.7235279083e-03
g5274_g5410_B,sa0,,,1.7235279083e-03
g5411,sa0,30,0,1.5499591827e-03
II7077,sa1,,,1.5499591827e-03
g5281_II7077_A,sa0,,,1.5499591827e-03
g5420,sa0,30,0,1.5299320221e-03
II7086,sa1,,,1.5299320221e-03
g5281_II7086_A,sa0,,,1.5299320221e-03
g5402,sa0,30,0,1.7235279083e-03
g370_g5402_A,sa0,,,1.7235279083e-03
g5266_g5402_B,sa0,,,1.7235279083e-03
g5403,sa0,30,0,1.6300678253e-03
II7069,sa1,,,1.6300678253e-03
g5281_II7069_A,sa0,,,1.6300678253e-03
g5411,sa1,30,0,8.2720518112e-03
II7077,sa0,,,8.2720518112e-03
g5281_II7077_A,sa1,,,8.2720518112e-03
g5420,sa1,30,0,2.0693540573e-03
II7086,sa0,,,2.0693540573e-03
g5281_II7086_A,sa1,,,2.0693540573e-03
g5403,sa1,30,0,3.3082842827e-02
II7069,sa0,,,3.3082842827e-02
g5281_II7069_A,sa1,,,3.3082842827e-02
g5440,sa1,30,0,8.1944465637e-04
g5266_g5440_A,sa0,,,8.1944465637e-04
g5702,sa0,7,1,4.6875000000e-01
II7463,sa1,,,4.6875000000e-01
g5622,sa0,,,4.6875000000e-01
g5720,sa0,19,1,5.0000000000e-01
II7481,sa1,,,5.0000000000e-01
g5629,sa0,,,5.0000000000e-01
g5414,sa0,30,0,1.7235279083e-03
g382_g5414_A,sa0,,,1.7235279083e-03
g5278_g5414_B,sa0,,,1.7235279083e-03
g5450,sa1,30,1,5.9604644775e-05
g5292_g5450_A,sa0,,,5.9604644775e-05
g5415,sa0,30,0,1.5366077423e-03
II7081,sa1,,,1.5366077423e-03
g5281_II7081_A,sa0,,,1.5366077423e-03
g5702,sa1,16,1,5.3125000000e-01
II7463,sa0,,,5.3125000000e-01
g5622,sa1,,,5.3125000000e-01
g5492,sa1,,,5.3125000000e-01
g3277,sa1,,,5.3125000000e-01
g5720,sa1,30,0,4.9218750000e-01
II7481,sa0,,,4.9218750000e-01
g5629,sa1,,,4.9218750000e-01
g5499,sa1,,,4.9218750000e-01
g3298,sa1,,,4.9218750000e-01
g5406,sa0,30,0,1.7235279083e-03
g374_g5406_A,sa0,,,1.7235279083e-03
g5270_g5406_B,sa0,,,1.7235279083e-03
g5424,sa0,30,0,1.7235279083e-03
g390_g5424_A,sa0,,,1.7235279083e-03
g5296_g5424_B,sa0,,,1.7235279083e-03
g5605,sa0,60,0,5.3708604537e-02
g5442,sa1,30,0,4.1079521179e-04
g5270_g5442_A,sa0,,,4.1079521179e-04
g5550,sa1,3,1,4.2724609375e-04
g5331_g5550_A,sa0,,,4.2724609375e-04
g5407,sa0,30,0,1.5766620636e-03
II7073,sa1,,,1.5766620636e-03
g5281_II7073_A,sa0,,,1.5766620636e-03
g5415,sa1,30,0,4.1369199753e-03
II7081,sa0,,,4.1369199753e-03
g5281_II7081_A,sa1,,,4.1369199753e-03
g5425,sa0,30,0,1.5873908997e-03
II7091,sa1,,,1.5873908997e-03
g5281_II7091_A,sa0,,,1.5873908997e-03
g5147,sa0,6,1,2.5000000000e-01
II6809,sa1,,,2.5000000000e-01
g5051,sa0,,,2.5000000000e-01
II6689,sa1,,,2.5000000000e-01
g4758,sa0,,,2.5000000000e-01
II6382,sa1,,,2.5000000000e-01
g4460,sa0,,,2.5000000000e-01
g4218,sa0,,,2.5000000000e-01
II5640,sa1,,,2.5000000000e-01
g3770,sa0,,,2.5000000000e-01
II4961,sa1,,,2.5000000000e-01
g3597,sa0,,,2.5000000000e-01
II4783,sa0,,,2.5000000000e-01
g2846_II4783_A,sa0,,,2.5000000000e-01
II4782_II4783_B,sa0,,,2.5000000000e-01
II4784,sa0,,,2.5000000000e-01
g622_II4784_A,sa0,,,2.5000000000e-01
II4782_II4784_B,sa0,,,2.5000000000e-01
g1539,sa0,,,2.5000000000e-01
g878_g1539_A,sa1,,,2.5000000000e-01
g5605,sa1,30,0,3.2165765762e-02
g3575_g5605_A,sa1,,,3.2165765762e-02
g5500,sa1,,,3.2165765762e-02
g5542,sa1,3,1,4.2724609375e-04
g5331_g5542_A,sa0,,,4.2724609375e-04
g5407,sa1,30,0,1.6542315483e-02
II7073,sa0,,,1.6542315483e-02
g5281_II7073_A,sa1,,,1.6542315483e-02
g5425,sa1,30,0,1.0355710983e-03
II7091,sa0,,,1.0355710983e-03
g5281_II7091_A,sa1,,,1.0355710983e-03
g5705,sa0,10,1,4.6875000000e-01
II7466,sa1,,,4.6875000000e-01
g5624,sa0,,,4.6875000000e-01
g5714,sa0,10,1,4.6875000000e-01
II7475,sa1,,,4.6875000000e-01
g5627,sa0,,,4.6875000000e-01
g5723,sa0,19,1,5.0000000000e-01
II7484,sa1,,,5.0000000000e-01
g5630,sa0,,,5.0000000000e-01
g4504_II6500_A,sa1,30,0,3.9071906358e-03
g5148,sa0,6,1,2.5000000000e-01
II6812,sa1,,,2.5000000000e-01
g5110,sa0,,,2.5000000000e-01
II6740,sa1,,,2.5000000000e-01
g4781,sa0,,,2.5000000000e-01
II6437,sa1,,,2.5000000000e-01
g4501,sa0,,,2.5000000000e-01
g4250,sa0,,,2.5000000000e-01
II5702,sa1,,,2.5000000000e-01
g3845,sa0,,,2.5000000000e-01
II5050,sa1,,,2.5000000000e-01
g3246,sa0,,,2.5000000000e-01
II4527,sa0,,,2.5000000000e-01
g2909_II4527_A,sa0,,,2.5000000000e-01
II4526_II4527_B,sa0,,,2.5000000000e-01
II4528,sa0,,,2.5000000000e-01
g646_II4528_A,sa0,,,2.5000000000e-01
II4526_II4528_B,sa0,,,2.5000000000e-01
g1671,sa0,,,2.5000000000e-01
g985_g1671_A,sa1,,,2.5000000000e-01
g5147,sa1,7,1,7.5000000000e-01
II6809,sa0,,,7.5000000000e-01
g5051,sa1,,,7.5000000000e-01
II6689,sa0,,,7.5000000000e-01
g4758,sa1,,,7.5000000000e-01
II6382,sa0,,,7.5000000000e-01
g4460,sa1,,,7.5000000000e-01
g5481,sa0,1,1,9.7656250000e-04
g366_g5481_A,sa0,,,9.7656250000e-04
g5331_g5481_B,sa0,,,9.7656250000e-04
g5453,sa1,25,1,2.9087066650e-05
g5296_g5453_A,sa0,,,2.9087066650e-05
g5543,sa1,3,1,4.2724609375e-04
g5331_g5543_A,sa0,,,4.2724609375e-04
g5705,sa1,19,1,5.3125000000e-01
II7466,sa0,,,5.3125000000e-01
g5624,sa1,,,5.3125000000e-01
g5494,sa1,,,5.3125000000e-01
g3280,sa1,,,5.3125000000e-01
g5714,sa1,19,1,5.3125000000e-01
II7475,sa0,,,5.3125000000e-01
g5627,sa1,,,5.3125000000e-01
g5497,sa1,,,5.3125000000e-01
g3286,sa1,,,5.3125000000e-01
g5723,sa1,30,0,4.9218750000e-01
II7484,sa0,,,4.9218750000e-01
g5630,sa1,,,4.9218750000e-01
g5501,sa1,,,4.9218750000e-01
g3309,sa1,,,4.9218750000e-01
g5364,sa0,3,1,6.1035156250e-05
g574_g5364_A,sa0,,,6.1035156250e-05
g5194_g5364_B,sa0,,,6.1035156250e-05
g6192,sa0,30,0,1.1230502278e-02
g5946,sa1,,,1.1230502278e-02
g5729,sa0,,,1.1230502278e-02
II7494,sa1,,,1.1230502278e-02
g5691,sa0,,,1.1230502278e-02
g5568,sa1,,,1.1230502278e-02
g5423,sa0,,,1.1230502278e-02
g5148,sa1,7,1,7.5000000000e-01
II6812,sa0,,,7.5000000000e-01
g5110,sa1,,,7.5000000000e-01
II6740,sa0,,,7.5000000000e-01
g4781,sa1,,,7.5000000000e-01
II6437,sa0,,,7.5000000000e-01
g4501,sa1,,,7.5000000000e-01
g5482,sa0,1,1,9.7656250000e-04
g370_g5482_A,sa0,,,9.7656250000e-04
g5331_g5482_B,sa0,,,9.7656250000e-04
g5445,sa1,30,0,2.1076202393e-04
g5274_g5445_A,sa0,,,2.1076202393e-04
g5544,sa1,3,1,4.2724609375e-04
g5331_g5544_A,sa0,,,4.2724609375e-04
g5392,sa0,30,0,2.2487640381e-03
II7058,sa1,,,2.2487640381e-03
g5281_II7058_A,sa0,,,2.2487640381e-03
g5860,sa0,30,0,6.9343244036e-08
g5634,sa1,,,6.9343244036e-08
g5419,sa0,30,0,1.7235279083e-03
g386_g5419_A,sa0,,,1.7235279083e-03
g5292_g5419_B,sa0,,,1.7235279083e-03
g5428,sa0,30,0,1.7235279083e-03
g394_g5428_A,sa0,,,1.7235279083e-03
g5300_g5428_B,sa0,,,1.7235279083e-03
g5364,sa1,33,0,2.4981689453e-01
g6192,sa1,30,0,2.9297377914e-03
g5946,sa0,,,2.9297377914e-03
g5729,sa1,,,2.9297377914e-03
II7494,sa0,,,2.9297377914e-03
g5691,sa1,,,2.9297377914e-03
g5568,sa0,,,2.9297377914e-03
g5423,sa1,,,2.9297377914e-03
g5170,sa1,,,2.9297377914e-03
g5175,sa1,,,2.9297377914e-03
g5438,sa0,14,1,4.2578125000e-01
g5224,sa0,,,4.2578125000e-01
g3769,sa0,,,4.2578125000e-01
g3622_g3769_A,sa1,,,4.2578125000e-01
g5483,sa0,1,1,9.7656250000e-04
g374_g5483_A,sa0,,,9.7656250000e-04
g5331_g5483_B,sa0,,,9.7656250000e-04
g5545,sa1,3,1,4.2724609375e-04
g5331_g5545_A,sa0,,,4.2724609375e-04
g5392,sa1,30,0,7.3535156250e-01
II7058,sa0,,,7.3535156250e-01
g5281_II7058_A,sa1,,,7.3535156250e-01
g5708,sa0,7,1,4.6875000000e-01
II7469,sa1,,,4.6875000000e-01
g5625,sa0,,,4.6875000000e-01
g5861,sa0,30,0,6.9343244036e-08
g5636,sa1,,,6.9343244036e-08
g5429,sa0,30,0,1.7235279083e-03
g398_g5429_A,sa0,,,1.7235279083e-03
g5304_g5429_B,sa0,,,1.7235279083e-03
g5484,sa0,1,1,9.7656250000e-04
g378_g5484_A,sa0,,,9.7656250000e-04
g5331_g5484_B,sa0,,,9.7656250000e-04
g5456,sa1,20,1,1.3828277588e-05
g5300_g5456_A,sa0,,,1.3828277588e-05
g5708,sa1,16,1,5.3125000000e-01
II7469,sa0,,,5.3125000000e-01
g5625,sa1,,,5.3125000000e-01
g5495,sa1,,,5.3125000000e-01
g3281,sa1,,,5.3125000000e-01
g5485,sa0,1,1,9.7656250000e-04
g382_g5485_A,sa0,,,9.7656250000e-04
g5331_g5485_B,sa0,,,9.7656250000e-04
g5448,sa1,30,0,1.0943412781e-04
g5278_g5448_A,sa0,,,1.0943412781e-04
g5457,sa1,15,1,6.1988830566e-06
g5304_g5457_A,sa0,,,6.1988830566e-06
g5538,sa1,3,1,4.2724609375e-04
g5331_g5538_A,sa0,,,4.2724609375e-04
g5728,sa0,28,1,4.6875000000e-01
g5623,sa0,,,4.6875000000e-01
g3889,sa0,,,4.6875000000e-01
g3575_g3889_A,sa1,,,4.6875000000e-01
g5395,sa0,30,0,1.9810199738e-03
II7061,sa1,,,1.9810199738e-03
g5281_II7061_A,sa0,,,1.9810199738e-03
g5486,sa0,1,1,9.7656250000e-04
g386_g5486_A,sa0,,,9.7656250000e-04
g5331_g5486_B,sa0,,,9.7656250000e-04
g5539,sa1,3,1,4.2724609375e-04
g5331_g5539_A,sa0,,,4.2724609375e-04
g5395,sa1,30,0,1.3232600689e-01
II7061,sa0,,,1.3232600689e-01
g5281_II7061_A,sa1,,,1.3232600689e-01
g6188,sa0,30,0,2.0507875830e-02
g5950,sa1,,,2.0507875830e-02
g5730,sa0,,,2.0507875830e-02
II7497,sa1,,,2.0507875830e-02
g5687,sa0,,,2.0507875830e-02
g5567,sa1,,,2.0507875830e-02
g5418,sa0,,,2.0507875830e-02
g4610_II6390_B,sa1,30,0,9.1552734375e-04
g5487,sa0,1,1,9.7656250000e-04
g390_g5487_A,sa0,,,9.7656250000e-04
g5331_g5487_B,sa0,,,9.7656250000e-04
g5549,sa1,3,1,4.2724609375e-04
g5331_g5549_A,sa0,,,4.2724609375e-04
g6188,sa1,30,0,4.8828534782e-03
g5950,sa0,,,4.8828534782e-03
g5730,sa1,,,4.8828534782e-03
II7497,sa0,,,4.8828534782e-03
g5687,sa1,,,4.8828534782e-03
g5567,sa0,,,4.8828534782e-03
g5418,sa1,,,4.8828534782e-03
g5162,sa1,,,4.8828534782e-03
g5169,sa1,,,4.8828534782e-03
g4504_II6390_A,sa1,30,0,9.1552734375e-04
g4610_II6392_A,sa1,30,0,9.1552734375e-04
g5367_II7210_A,sa1,23,1,3.8833618164e-03
g5479,sa0,24,1,4.6142578125e-01
II7173,sa1,,,4.6142578125e-01
g5436,sa0,,,4.6142578125e-01
II7116,sa1,,,4.6142578125e-01
g5299,sa0,,,4.6142578125e-01
II6949,sa1,,,4.6142578125e-01
g5050,sa0,,,4.6142578125e-01
g4285,sa0,,,4.6142578125e-01
g4807,sa0,,,4.6142578125e-01
g4473_g4807_A,sa1,,,4.6142578125e-01
g5488,sa0,1,1,9.7656250000e-04
g394_g5488_A,sa0,,,9.7656250000e-04
g5331_g5488_B,sa0,,,9.7656250000e-04
g5398,sa0,30,0,1.7235279083e-03
g366_g5398_A,sa0,,,1.7235279083e-03
g5261_g5398_B,sa0,,,1.7235279083e-03
g5598,sa0,5,1,7.6293945313e-05
g5046,sa0,,,7.6293945313e-05
II6680,sa1,,,7.6293945313e-05
g4713,sa0,,,7.6293945313e-05
II6321,sa1,,,7.6293945313e-05
g4559,sa0,,,7.6293945313e-05
g4187,sa1,,,7.6293945313e-05
II5591,sa0,,,7.6293945313e-05
g3821_II5591_A,sa1,,,7.6293945313e-05
g5509_g5598_B,sa0,,,7.6293945313e-05
g5599,sa0,5,1,7.6293945313e-05
g5049,sa0,,,7.6293945313e-05
II6685,sa1,,,7.6293945313e-05
g4716,sa0,,,7.6293945313e-05
II6330,sa1,,,7.6293945313e-05
g4560,sa0,,,7.6293945313e-05
g4188,sa1,,,7.6293945313e-05
II5594,sa0,,,7.6293945313e-05
g3821_II5594_A,sa1,,,7.6293945313e-05
g5512_g5599_B,sa0,,,7.6293945313e-05
g6188_II8194_B,sa1,30,0,7.8125298023e-03
g6188_II8196_A,sa1,30,0,1.1474634521e-02
II7208,sa0,30,0,1.0025024414e-02
g143_II7208_A,sa0,,,1.0025024414e-02
g5367_II7208_B,sa0,,,1.0025024414e-02
II6390,sa0,30,0,9.1552734375e-04
g4504_II6390_A,sa0,,,9.1552734375e-04
g4610_II6390_B,sa0,,,9.1552734375e-04
II7208,sa1,30,0,7.5607299805e-03
II7433,sa1,22,1,4.6871948242e-01
II6390,sa1,30,0,9.1552734375e-04
II7434,sa1,2,1,3.0517578125e-05
II7230_II7231_B,sa1,30,0,4.2800903320e-03
II7230_II7232_B,sa1,30,0,4.2800903320e-03
II7223_II7224_B,sa1,30,0,4.7378540039e-03
II7223_II7225_B,sa1,30,0,4.7378540039e-03
II7216_II7217_B,sa1,30,0,5.5389404297e-03
II6499,sa0,30,0,1.8937374475e-03
g4504_II6499_A,sa0,,,1.8937374475e-03
g3541_II6499_B,sa0,,,1.8937374475e-03
II7216_II7218_B,sa1,30,0,5.5389404297e-03
II6499,sa1,30,0,7.0800781250e-03
II7244_II7245_B,sa1,26,1,3.9443969727e-03
II7244_II7246_B,sa1,26,1,3.9443969727e-03
g5720_g6130_A,sa1,30,0,4.8065185547e-04
g5702_g6123_A,sa1,16,1,5.1879882813e-04
II7237_II7238_B,sa1,30,1,4.0740966797e-03
II7237_II7239_B,sa1,30,1,4.0740966797e-03
g5705_g6124_A,sa1,19,1,5.1879882813e-04
g5723_g6133_A,sa1,30,0,4.8065185547e-04
g5411_g5951_B,sa1,30,0,1.3593673706e-02
g5714_g6127_A,sa1,19,1,5.1879882813e-04
g5708_g6125_A,sa1,16,1,5.1879882813e-04
II7097_II7098_B,sa1,2,1,4.5776367188e-05
g5364_g5515_B,sa1,26,1,2.4996948242e-01
g5403_g5944_B,sa1,30,0,5.4374694824e-02
II7097_II7099_B,sa1,2,1,4.5776367188e-05
g5420_g5955_B,sa1,30,0,3.3984184265e-03
g5415_g5953_B,sa1,30,0,6.7968368530e-03
g5425_g5956_B,sa1,30,0,1.6992092133e-03
g5407_g5948_B,sa1,30,0,2.7187347412e-02
g5392_g5937_B,sa1,30,0,4.6453857422e-01
g5399_g5941_B,sa1,30,0,1.0874938965e-01
g5395_g5939_B,sa1,30,0,2.1749877930e-01
g5210,sa1,14,1,2.4998474121e-01
II6874,sa0,,,2.4998474121e-01
g4861,sa1,,,2.4998474121e-01
II6587,sa0,,,2.4998474121e-01
g4803,sa1,,,2.4998474121e-01
g5601,sa0,5,1,7.6293945313e-05
g5052,sa0,,,7.6293945313e-05
II6692,sa1,,,7.6293945313e-05
g4720,sa0,,,7.6293945313e-05
II6340,sa1,,,7.6293945313e-05
g4561,sa0,,,7.6293945313e-05
g4189,sa1,,,7.6293945313e-05
II5597,sa0,,,7.6293945313e-05
g3821_II5597_A,sa1,,,7.6293945313e-05
g5518_g5601_B,sa0,,,7.6293945313e-05
g5604,sa0,5,1,7.6293945313e-05
g5059,sa0,,,7.6293945313e-05
II6697,sa1,,,7.6293945313e-05
g4722,sa0,,,7.6293945313e-05
II6346,sa1,,,7.6293945313e-05
g4563,sa0,,,7.6293945313e-05
g4190,sa1,,,7.6293945313e-05
II5600,sa0,,,7.6293945313e-05
g3821_II5600_A,sa1,,,7.6293945313e-05
g5521_g5604_B,sa0,,,7.6293945313e-05
g5632,sa0,25,1,4.6789550781e-01
g4494,sa0,,,4.6789550781e-01
II6004,sa1,,,4.6789550781e-01
g4159,sa0,,,4.6789550781e-01
g370_g4159_A,sa0,,,4.6789550781e-01
g3890,sa0,,,4.6789550781e-01
g3575_g3890_A,sa1,,,4.6789550781e-01
g5538,sa0,,,4.6789550781e-01
g5331_g5538_A,sa1,,,4.6789550781e-01
g5560,sa0,14,1,1.2159347534e-05
g5044,sa0,,,1.2159347534e-05
g5456,sa0,,,1.2159347534e-05
g5300_g5456_A,sa1,,,1.2159347534e-05
g5633,sa0,25,1,4.6789550781e-01
g4496,sa0,,,4.6789550781e-01
II6008,sa1,,,4.6789550781e-01
g4163,sa0,,,4.6789550781e-01
g374_g4163_A,sa0,,,4.6789550781e-01
g3892,sa0,,,4.6789550781e-01
g3575_g3892_A,sa1,,,4.6789550781e-01
g5539,sa0,,,4.6789550781e-01
g5331_g5539_A,sa1,,,4.6789550781e-01
g5660,sa0,25,1,4.6789550781e-01
g4509,sa0,,,4.6789550781e-01
II6039,sa1,,,4.6789550781e-01
g4182,sa0,,,4.6789550781e-01
g394_g4182_A,sa0,,,4.6789550781e-01
g3904,sa0,,,4.6789550781e-01
g3575_g3904_A,sa1,,,4.6789550781e-01
g5549,sa0,,,4.6789550781e-01
g5331_g5549_A,sa1,,,4.6789550781e-01
g5553,sa0,30,0,8.7475776672e-04
g5012,sa0,,,8.7475776672e-04
g5440,sa0,,,8.7475776672e-04
g5266_g5440_A,sa1,,,8.7475776672e-04
g5562,sa0,7,1,4.0531158447e-06
g5228,sa0,,,4.0531158447e-06
g5457,sa0,,,4.0531158447e-06
g5304_g5457_A,sa1,,,4.0531158447e-06
g5617,sa0,5,1,7.6293945313e-05
g5061,sa0,,,7.6293945313e-05
II6701,sa1,,,7.6293945313e-05
g4726,sa0,,,7.6293945313e-05
II6352,sa1,,,7.6293945313e-05
g4564,sa0,,,7.6293945313e-05
g4192,sa1,,,7.6293945313e-05
II5606,sa0,,,7.6293945313e-05
g3821_II5606_A,sa1,,,7.6293945313e-05
g5524_g5617_B,sa0,,,7.6293945313e-05
g5635,sa0,25,1,4.6789550781e-01
g4498,sa0,,,4.6789550781e-01
II6012,sa1,,,4.6789550781e-01
g4167,sa0,,,4.6789550781e-01
g378_g4167_A,sa0,,,4.6789550781e-01
g3898,sa0,,,4.6789550781e-01
g3575_g3898_A,sa1,,,4.6789550781e-01
g5542,sa0,,,4.6789550781e-01
g5331_g5542_A,sa1,,,4.6789550781e-01
g5661,sa1,13,1,3.1311035156e-02
g5518_g5661_A,sa0,,,3.1311035156e-02
g5670,sa1,13,1,3.1311035156e-02
g5527_g5670_A,sa0,,,3.1311035156e-02
g5663,sa0,25,1,4.6789550781e-01
g4513,sa0,,,4.6789550781e-01
II6051,sa1,,,4.6789550781e-01
g4185,sa0,,,4.6789550781e-01
g398_g4185_A,sa0,,,4.6789550781e-01
g3906,sa0,,,4.6789550781e-01
g3575_g3906_A,sa1,,,4.6789550781e-01
g5550,sa0,,,4.6789550781e-01
g5331_g5550_A,sa1,,,4.6789550781e-01
g5555,sa0,30,0,4.3940544128e-04
g5014,sa0,,,4.3940544128e-04
g5442,sa0,,,4.3940544128e-04
g5270_g5442_A,sa1,,,4.3940544128e-04
g5619,sa0,5,1,7.6293945313e-05
g5064,sa0,,,7.6293945313e-05
II6706,sa1,,,7.6293945313e-05
g4731,sa0,,,7.6293945313e-05
II6359,sa1,,,7.6293945313e-05
g4566,sa0,,,7.6293945313e-05
g4198,sa1,,,7.6293945313e-05
II5618,sa0,,,7.6293945313e-05
g3821_II5618_A,sa1,,,7.6293945313e-05
g5527_g5619_B,sa0,,,7.6293945313e-05
g5637,sa0,25,1,4.6789550781e-01
g4499,sa0,,,4.6789550781e-01
II6015,sa1,,,4.6789550781e-01
g4170,sa0,,,4.6789550781e-01
g382_g4170_A,sa0,,,4.6789550781e-01
g3900,sa0,,,4.6789550781e-01
g3575_g3900_A,sa1,,,4.6789550781e-01
g5543,sa0,,,4.6789550781e-01
g5331_g5543_A,sa1,,,4.6789550781e-01
g5646,sa0,25,1,4.6789550781e-01
g4502,sa0,,,4.6789550781e-01
II6020,sa1,,,4.6789550781e-01
g4176,sa0,,,4.6789550781e-01
g386_g4176_A,sa0,,,4.6789550781e-01
g3901,sa0,,,4.6789550781e-01
g3575_g3901_A,sa1,,,4.6789550781e-01
g5544,sa0,,,4.6789550781e-01
g5331_g5544_A,sa1,,,4.6789550781e-01
g5556,sa0,30,0,2.2506713867e-04
g5015,sa0,,,2.2506713867e-04
g5445,sa0,,,2.2506713867e-04
g5274_g5445_A,sa1,,,2.2506713867e-04
g5664,sa1,13,1,3.1311035156e-02
g5521_g5664_A,sa0,,,3.1311035156e-02
g5557,sa0,30,0,1.2087821960e-04
g5016,sa0,,,1.2087821960e-04
g5448,sa0,,,1.2087821960e-04
g5278_g5448_A,sa1,,,1.2087821960e-04
g5648,sa0,25,1,4.6789550781e-01
g4507,sa0,,,4.6789550781e-01
II6033,sa1,,,4.6789550781e-01
g4179,sa0,,,4.6789550781e-01
g390_g4179_A,sa0,,,4.6789550781e-01
g3902,sa0,,,4.6789550781e-01
g3575_g3902_A,sa1,,,4.6789550781e-01
g5545,sa0,,,4.6789550781e-01
g5331_g5545_A,sa1,,,4.6789550781e-01
g5647,sa1,13,1,3.1311035156e-02
g5509_g5647_A,sa0,,,3.1311035156e-02
g5558,sa0,28,1,6.0796737671e-05
g5018,sa0,,,6.0796737671e-05
g5450,sa0,,,6.0796737671e-05
g5292_g5450_A,sa1,,,6.0796737671e-05
g5364_II7311_A,sa1,13,1,2.4996948242e-01
g6192_II8201_B,sa1,30,0,4.3945703655e-03
g5874,sa0,23,1,5.3125000000e-01
II7634,sa1,,,5.3125000000e-01
g5727,sa0,,,5.3125000000e-01
II7490,sa1,,,5.3125000000e-01
g5583,sa0,,,5.3125000000e-01
g5559,sa0,21,1,2.8371810913e-05
g5024,sa0,,,2.8371810913e-05
g5453,sa0,,,2.8371810913e-05
g5296_g5453_A,sa1,,,2.8371810913e-05
g5364_II7312_A,sa1,13,1,2.4996948242e-01
g6192_II8203_A,sa1,30,0,8.3008129150e-03
g5874,sa1,24,1,4.6875000000e-01
II7634,sa0,,,4.6875000000e-01
g5727,sa1,,,4.6875000000e-01
II7490,sa0,,,4.6875000000e-01
g5583,sa1,,,4.6875000000e-01
g5569,sa1,,,4.6875000000e-01
g4020,sa1,,,4.6875000000e-01
II5324,sa0,,,4.6875000000e-01
g3466_II5324_A,sa1,,,4.6875000000e-01
g5658,sa1,13,1,3.1311035156e-02
g5512_g5658_A,sa0,,,3.1311035156e-02
g5667,sa1,13,1,3.1311035156e-02
g5524_g5667_A,sa0,,,3.1311035156e-02
g5695,sa1,20,1,5.3112792969e-01
g5635,sa1,,,5.3112792969e-01
g5483,sa1,,,5.3112792969e-01
g5696,sa0,26,1,4.6887207031e-01
g5578,sa1,30,0,8.5496902466e-04
g5425_g5578_A,sa0,,,8.5496902466e-04
g5669,sa0,60,0,1.9485950470e-03
g5678,sa0,44,0,1.7356872559e-03
g5696,sa1,20,1,5.3112792969e-01
g5637,sa1,,,5.3112792969e-01
g5484,sa1,,,5.3112792969e-01
g5697,sa0,26,1,4.6887207031e-01
g5669,sa1,30,0,1.1730194092e-03
g5556,sa1,,,1.1730194092e-03
g5410,sa1,,,1.1730194092e-03
g5678,sa1,30,0,7.8821182251e-04
g5560,sa1,,,7.8821182251e-04
g5428,sa1,,,7.8821182251e-04
g5697,sa1,20,1,5.3112792969e-01
g5646,sa1,,,5.3112792969e-01
g5485,sa1,,,5.3112792969e-01
g5698,sa0,26,1,4.6887207031e-01
g5698,sa1,20,1,5.3112792969e-01
g5648,sa1,,,5.3112792969e-01
g5486,sa1,,,5.3112792969e-01
g5699,sa0,26,1,4.6887207031e-01
g5699,sa1,20,1,5.3112792969e-01
g5660,sa1,,,5.3112792969e-01
g5487,sa1,,,5.3112792969e-01
II8201,sa0,30,0,3.2226584852e-02
g478_II8201_A,sa0,,,3.2226584852e-02
g6192_II8201_B,sa0,,,3.2226584852e-02
II7311,sa0,14,1,2.5000000000e-01
g5364_II7311_A,sa0,,,2.5000000000e-01
g590_II7311_B,sa0,,,2.5000000000e-01
II8201,sa1,30,0,7.8125856817e-03
II7311,sa1,1,1,1.5258789063e-05
II7231,sa1,30,0,6.4392089844e-03
II7232,sa1,30,1,4.3411254883e-03
II7224,sa1,30,0,6.6833496094e-03
II7225,sa1,30,0,4.8370361328e-03
II7217,sa1,30,0,5.9127807617e-03
II7218,sa1,30,0,5.8212280273e-03
II7245,sa1,30,0,6.6070556641e-03
II7246,sa1,28,1,3.9520263672e-03
II7238,sa1,30,0,6.6986083984e-03
II7208_II7210_B,sa1,30,0,7.5607299805e-03
II7239,sa1,28,1,4.0817260742e-03
II8194,sa0,30,0,3.0761741102e-02
g471_II8194_A,sa0,,,3.0761741102e-02
g6188_II8194_B,sa0,,,3.0761741102e-02
II8194,sa1,30,0,3.3203147352e-02
II7098,sa1,1,1,6.1035156250e-05
II7099,sa1,12,1,2.4993896484e-01
II7208_II7209_B,sa1,30,0,7.5607299805e-03
II6390_II6391_B,sa1,30,0,9.1552734375e-04
II6390_II6392_B,sa1,30,0,9.1552734375e-04
II6499_II6500_B,sa1,30,0,7.0800781250e-03
II6499_II6501_B,sa1,30,0,7.0800781250e-03
g5700,sa0,26,1,4.6887207031e-01
g5700,sa1,20,1,5.3112792969e-01
g5663,sa1,,,5.3112792969e-01
g5488,sa1,,,5.3112792969e-01
g5551,sa0,30,0,1.5845298767e-03
II7295,sa1,,,1.5845298767e-03
g5439,sa0,,,1.5845298767e-03
g5261_g5439_A,sa1,,,1.5845298767e-03
g5515,sa0,2,1,3.0517578125e-05
g590_g5515_A,sa0,,,3.0517578125e-05
g5364_g5515_B,sa0,,,3.0517578125e-05
g5515,sa1,30,1,4.9996948242e-01
g5328,sa0,7,1,2.5000000000e-01
II6986,sa1,,,2.5000000000e-01
g5230,sa0,,,2.5000000000e-01
II6895,sa1,,,2.5000000000e-01
g5010,sa0,,,2.5000000000e-01
II6646,sa1,,,2.5000000000e-01
g4687,sa0,,,2.5000000000e-01
g4493,sa0,,,2.5000000000e-01
II6001,sa1,,,2.5000000000e-01
g4162,sa0,,,2.5000000000e-01
II5562,sa1,,,2.5000000000e-01
g4002,sa0,,,2.5000000000e-01
II5293,sa0,,,2.5000000000e-01
g3421_II5293_A,sa0,,,2.5000000000e-01
II5292_II5293_B,sa0,,,2.5000000000e-01
II5294,sa0,,,2.5000000000e-01
g625_II5294_A,sa0,,,2.5000000000e-01
II5292_II5294_B,sa0,,,2.5000000000e-01
g1542,sa0,,,2.5000000000e-01
g878_g1542_A,sa1,,,2.5000000000e-01
g5570,sa1,30,0,1.5540122986e-03
g5392_g5570_A,sa0,,,1.5540122986e-03
g5329,sa0,7,1,2.5000000000e-01
II6989,sa1,,,2.5000000000e-01
g5307,sa0,,,2.5000000000e-01
II6959,sa1,,,2.5000000000e-01
g5089,sa0,,,2.5000000000e-01
II6723,sa1,,,2.5000000000e-01
g4761,sa0,,,2.5000000000e-01
g4567,sa0,,,2.5000000000e-01
II6139,sa1,,,2.5000000000e-01
g4222,sa0,,,2.5000000000e-01
II5654,sa1,,,2.5000000000e-01
g3742,sa0,,,2.5000000000e-01
II4920,sa0,,,2.5000000000e-01
g3522_II4920_A,sa0,,,2.5000000000e-01
II4919_II4920_B,sa0,,,2.5000000000e-01
II4921,sa0,,,2.5000000000e-01
g650_II4921_A,sa0,,,2.5000000000e-01
II4919_II4921_B,sa0,,,2.5000000000e-01
g1674,sa0,,,2.5000000000e-01
g985_g1674_A,sa1,,,2.5000000000e-01
g5328,sa1,8,1,7.5000000000e-01
II6986,sa0,,,7.5000000000e-01
g5230,sa1,,,7.5000000000e-01
II6895,sa0,,,7.5000000000e-01
g5010,sa1,,,7.5000000000e-01
II6646,sa0,,,7.5000000000e-01
g4687,sa1,,,7.5000000000e-01
g5571,sa1,30,0,1.0669231415e-03
g5395_g5571_A,sa0,,,1.0669231415e-03
g5662,sa0,60,0,2.5982856750e-03
g5680,sa0,37,0,1.7275810242e-03
g5329,sa1,8,1,7.5000000000e-01
II6989,sa0,,,7.5000000000e-01
g5307,sa1,,,7.5000000000e-01
II6959,sa0,,,7.5000000000e-01
g5089,sa1,,,7.5000000000e-01
II6723,sa0,,,7.5000000000e-01
g4761,sa1,,,7.5000000000e-01
g5572,sa1,30,0,9.6011161804e-04
g5399_g5572_A,sa0,,,9.6011161804e-04
g5662,sa1,30,0,1.4038085938e-03
g5553,sa1,,,1.4038085938e-03
g5402,sa1,,,1.4038085938e-03
g5672,sa0,60,0,1.8444061279e-03
g5680,sa1,30,0,7.8511238098e-04
g5562,sa1,,,7.8511238098e-04
g5429,sa1,,,7.8511238098e-04
g5573,sa1,30,0,9.0670585632e-04
g5403_g5573_A,sa0,,,9.0670585632e-04
g5672,sa1,30,0,1.1978149414e-03
g5557,sa1,,,1.1978149414e-03
g5414,sa1,,,1.1978149414e-03
g5574,sa1,30,0,8.8000297546e-04
g5407_g5574_A,sa0,,,8.8000297546e-04
g5674,sa0,58,0,1.7843246460e-03
g5693,sa0,26,1,4.6887207031e-01
g5575,sa1,30,0,8.6665153503e-04
g5411_g5575_A,sa0,,,8.6665153503e-04
g5683,sa1,24,1,4.6875000000e-01
g5666,sa0,60,0,2.1629333496e-03
g5674,sa1,30,0,1.1100769043e-03
g5558,sa1,,,1.1100769043e-03
g5419,sa1,,,1.1100769043e-03
g5693,sa1,20,1,5.3112792969e-01
g5632,sa1,,,5.3112792969e-01
g5481,sa1,,,5.3112792969e-01
g5694,sa0,26,1,4.6887207031e-01
g5576,sa1,30,0,8.5997581482e-04
g5415_g5576_A,sa0,,,8.5997581482e-04
g5666,sa1,30,0,1.3732910156e-03
g5555,sa1,,,1.3732910156e-03
g5406,sa1,,,1.3732910156e-03
g5676,sa0,51,0,1.7518997192e-03
g5694,sa1,20,1,5.3112792969e-01
g5633,sa1,,,5.3112792969e-01
g5482,sa1,,,5.3112792969e-01
g5695,sa0,26,1,4.6887207031e-01
g5577,sa1,30,0,8.5663795471e-04
g5420_g5577_A,sa0,,,8.5663795471e-04
g5676,sa1,30,0,1.0280609131e-03
g5559,sa1,,,1.0280609131e-03
g5424,sa1,,,1.0280609131e-03
g5875,sa1,13,1,5.3125000000e-01
II7637,sa0,,,5.3125000000e-01
g5751,sa1,,,5.3125000000e-01
II7506,sa0,,,5.3125000000e-01
g5584_II7506_A,sa1,,,5.3125000000e-01
g5876,sa0,14,1,5.3808593750e-01
II7640,sa1,,,5.3808593750e-01
g5773,sa0,,,5.3808593750e-01
II7514,sa1,,,5.3808593750e-01
g5590_II7514_A,sa0,,,5.3808593750e-01
g5794,sa1,30,0,1.9922029972e-01
II7593,sa0,,,1.9922029972e-01
g5605_II7593_A,sa1,,,1.9922029972e-01
g5659,sa1,30,0,1.7235279083e-03
g5551,sa1,,,1.7235279083e-03
II7295,sa0,,,1.7235279083e-03
g5439,sa1,,,1.7235279083e-03
g5261_g5439_A,sa0,,,1.7235279083e-03
g5398,sa1,,,1.7235279083e-03
g5877,sa0,4,1,4.6875000000e-01
II7643,sa1,,,4.6875000000e-01
g5752,sa0,,,4.6875000000e-01
II7509,sa1,,,4.6875000000e-01
g5587_II7509_A,sa0,,,4.6875000000e-01
g5876,sa1,30,1,4.6191406250e-01
II7640,sa0,,,4.6191406250e-01
g5773,sa1,,,4.6191406250e-01
II7514,sa0,,,4.6191406250e-01
g5590_II7514_A,sa1,,,4.6191406250e-01
g5679,sa0,30,0,4.6453857422e-01
g74_g5679_A,sa0,,,4.6453857422e-01
g5576,sa0,,,4.6453857422e-01
g5415_g5576_A,sa1,,,4.6453857422e-01
g5877,sa1,13,1,5.3125000000e-01
II7643,sa0,,,5.3125000000e-01
g5752,sa1,,,5.3125000000e-01
II7509,sa0,,,5.3125000000e-01
g5587_II7509_A,sa1,,,5.3125000000e-01
g5878,sa0,14,1,5.3808593750e-01
II7646,sa1,,,5.3808593750e-01
g5774,sa0,,,5.3808593750e-01
II7517,sa1,,,5.3808593750e-01
g5593_II7517_A,sa0,,,5.3808593750e-01
g5788,sa0,23,1,3.1252861023e-02
II7587,sa1,,,3.1252861023e-02
g5605_II7587_A,sa0,,,3.1252861023e-02
g5797,sa0,23,1,3.1252861023e-02
II7596,sa1,,,3.1252861023e-02
g5605_II7596_A,sa0,,,3.1252861023e-02
g5878,sa1,30,1,4.6191406250e-01
II7646,sa0,,,4.6191406250e-01
g5774,sa1,,,4.6191406250e-01
II7517,sa0,,,4.6191406250e-01
g5593_II7517_A,sa1,,,4.6191406250e-01
g5788,sa1,30,0,1.9922029972e-01
II7587,sa0,,,1.9922029972e-01
g5605_II7587_A,sa1,,,1.9922029972e-01
g5797,sa1,30,0,1.9922029972e-01
II7596,sa0,,,1.9922029972e-01
g5605_II7596_A,sa1,,,1.9922029972e-01
g5672_II7550_A,sa1,30,0,1.0375976563e-03
g5515_II7439_A,sa1,14,1,2.4998474121e-01
g5662_II7527_B,sa1,30,0,1.3909339905e-03
g5662_II7529_A,sa1,30,0,1.2664794922e-03
g5666_II7534_B,sa1,30,0,1.4677047729e-03
g5666_II7536_A,sa1,30,0,1.2054443359e-03
g5669_II7541_B,sa1,30,0,1.4369487762e-03
g5669_II7543_A,sa1,30,0,9.7560882568e-04
g5672_II7548_B,sa1,30,0,1.4619827271e-03
g5674_II7555_B,sa1,30,0,1.1100769043e-03
g5676_II7562_B,sa1,30,0,1.0280609131e-03
g5680_II7576_B,sa1,30,0,7.8511238098e-04
g5674_II7557_A,sa1,30,0,1.0108947754e-03
g5676_II7564_A,sa1,30,0,8.7928771973e-04
g5678_II7571_A,sa1,30,0,7.8821182251e-04
g5680_II7578_A,sa1,30,0,7.8511238098e-04
g5678_II7569_B,sa1,30,0,7.8821182251e-04
II7210,sa1,30,0,7.6904296875e-03
II6500,sa1,30,0,1.6495968327e-03
II6501,sa1,30,0,1.8346309662e-03
II8201_II8202_B,sa1,30,0,7.8125856817e-03
II8201_II8203_B,sa1,30,0,7.8125856817e-03
II7209,sa1,29,1,3.8833618164e-03
II7311_II7312_B,sa1,1,1,1.5258789063e-05
II6391,sa1,30,0,9.1552734375e-04
II7311_II7313_B,sa1,1,1,1.5258789063e-05
II6392,sa1,30,0,9.1552734375e-04
g5515_g5602_B,sa1,14,1,2.4998474121e-01
II8194_II8195_B,sa1,30,0,1.6113348305e-02
II8194_II8196_B,sa1,30,0,1.6113348305e-02
g5801,sa0,23,1,3.1252861023e-02
II7600,sa1,,,3.1252861023e-02
g5605_II7600_A,sa0,,,3.1252861023e-02
g5504,sa1,30,0,7.7972412109e-03
g5801,sa1,30,0,1.9922029972e-01
II7600,sa0,,,1.9922029972e-01
g5605_II7600_A,sa1,,,1.9922029972e-01
g5505,sa1,30,0,7.9879760742e-03
g6407,sa0,20,1,7.3437500000e-01
II8235,sa1,,,7.3437500000e-01
g6312,sa0,,,7.3437500000e-01
II8040,sa1,,,7.3437500000e-01
g6142,sa0,,,7.3437500000e-01
g5506,sa1,30,0,7.1105957031e-03
g5813,sa0,23,1,3.1252861023e-02
II7612,sa1,,,3.1252861023e-02
g5605_II7612_A,sa0,,,3.1252861023e-02
g6407,sa1,30,0,1.9921875000e-01
II8235,sa0,,,1.9921875000e-01
g6312,sa1,,,1.9921875000e-01
II8040,sa0,,,1.9921875000e-01
g6142,sa1,,,1.9921875000e-01
g5909,sa1,,,1.9921875000e-01
g3806,sa1,,,1.9921875000e-01
g5507,sa1,30,0,7.3089599609e-03
g5805,sa0,23,1,3.1252861023e-02
II7604,sa1,,,3.1252861023e-02
g5605_II7604_A,sa0,,,3.1252861023e-02
g5813,sa1,30,0,1.9922029972e-01
II7612,sa0,,,1.9922029972e-01
g5605_II7612_A,sa1,,,1.9922029972e-01
g5508,sa1,30,0,7.1640014648e-03
g5805,sa1,30,0,1.9922029972e-01
II7604,sa0,,,1.9922029972e-01
g5605_II7604_A,sa1,,,1.9922029972e-01
g5671,sa0,30,0,4.6453857422e-01
g54_g5671_A,sa0,,,4.6453857422e-01
g5572,sa0,,,4.6453857422e-01
g5399_g5572_A,sa1,,,4.6453857422e-01
g5681,sa0,30,0,4.6453857422e-01
g79_g5681_A,sa0,,,4.6453857422e-01
g5577,sa0,,,4.6453857422e-01
g5420_g5577_A,sa1,,,4.6453857422e-01
g5673,sa0,30,0,4.6453857422e-01
g59_g5673_A,sa0,,,4.6453857422e-01
g5573,sa0,,,4.6453857422e-01
g5403_g5573_A,sa1,,,4.6453857422e-01
g5682,sa0,30,0,4.6453857422e-01
g84_g5682_A,sa0,,,4.6453857422e-01
g5578,sa0,,,4.6453857422e-01
g5425_g5578_A,sa1,,,4.6453857422e-01
g5791,sa0,23,1,3.1252861023e-02
II7590,sa1,,,3.1252861023e-02
g5605_II7590_A,sa0,,,3.1252861023e-02
g5809,sa0,23,1,3.1252861023e-02
II7608,sa1,,,3.1252861023e-02
g5605_II7608_A,sa0,,,3.1252861023e-02
g5665,sa0,30,0,4.6453857422e-01
g361_g5665_A,sa0,,,4.6453857422e-01
g5570,sa0,,,4.6453857422e-01
g5392_g5570_A,sa1,,,4.6453857422e-01
g5791,sa1,30,0,1.9922029972e-01
II7590,sa0,,,1.9922029972e-01
g5605_II7590_A,sa1,,,1.9922029972e-01
g5809,sa1,30,0,1.9922029972e-01
II7608,sa0,,,1.9922029972e-01
g5605_II7608_A,sa1,,,1.9922029972e-01
g5675,sa0,30,0,4.6453857422e-01
g64_g5675_A,sa0,,,4.6453857422e-01
g5574,sa0,,,4.6453857422e-01
g5407_g5574_A,sa1,,,4.6453857422e-01
g5784,sa0,23,1,3.1252861023e-02
II7583,sa1,,,3.1252861023e-02
g5605_II7583_A,sa0,,,3.1252861023e-02
g5515_II7440_A,sa1,14,1,2.4998474121e-01
g5875,sa0,4,1,4.6875000000e-01
II7637,sa1,,,4.6875000000e-01
g5751,sa0,,,4.6875000000e-01
II7506,sa1,,,4.6875000000e-01
g5584_II7506_A,sa0,,,4.6875000000e-01
g5379,sa1,14,1,2.4998474121e-01
II7035,sa0,,,2.4998474121e-01
g5150,sa1,,,2.4998474121e-01
II6816,sa0,,,2.4998474121e-01
g5111,sa1,,,2.4998474121e-01
g5784,sa1,30,0,3.2349824905e-02
II7583,sa0,,,3.2349824905e-02
g5605_II7583_A,sa1,,,3.2349824905e-02
g5794,sa0,23,1,3.1252861023e-02
II7593,sa1,,,3.1252861023e-02
g5605_II7593_A,sa0,,,3.1252861023e-02
g5668,sa0,30,0,4.6453857422e-01
g49_g5668_A,sa0,,,4.6453857422e-01
g5571,sa0,,,4.6453857422e-01
g5395_g5571_A,sa1,,,4.6453857422e-01
g5677,sa0,30,0,4.6453857422e-01
g69_g5677_A,sa0,,,4.6453857422e-01
g5575,sa0,,,4.6453857422e-01
g5411_g5575_A,sa1,,,4.6453857422e-01
g5659,sa0,60,0,3.3080577850e-03
g5489,sa0,8,1,2.5000000000e-01
II7187,sa1,,,2.5000000000e-01
g5387,sa0,,,2.5000000000e-01
II7051,sa1,,,2.5000000000e-01
g5219,sa0,,,2.5000000000e-01
II6885,sa1,,,2.5000000000e-01
g4872,sa0,,,2.5000000000e-01
g4760,sa0,,,2.5000000000e-01
II6386,sa1,,,2.5000000000e-01
g4462,sa0,,,2.5000000000e-01
II5977,sa1,,,2.5000000000e-01
g4319,sa0,,,2.5000000000e-01
II5783,sa0,,,2.5000000000e-01
g3810_II5783_A,sa0,,,2.5000000000e-01
II5782_II5783_B,sa0,,,2.5000000000e-01
II5784,sa0,,,2.5000000000e-01
g628_II5784_A,sa0,,,2.5000000000e-01
II5782_II5784_B,sa0,,,2.5000000000e-01
g1549,sa0,,,2.5000000000e-01
g878_g1549_A,sa1,,,2.5000000000e-01
g5489,sa1,9,1,7.5000000000e-01
II7187,sa0,,,7.5000000000e-01
g5387,sa1,,,7.5000000000e-01
II7051,sa0,,,7.5000000000e-01
g5219,sa1,,,7.5000000000e-01
II6885,sa0,,,7.5000000000e-01
g4872,sa1,,,7.5000000000e-01
g5659_II7520_B,sa1,23,1,9.7584724426e-04
g5659_II7522_A,sa1,18,1,9.7584724426e-04
II8202,sa1,30,0,4.3945703655e-03
II7312,sa1,1,1,3.0517578125e-05
II8203,sa1,30,0,7.3242615908e-03
II7313,sa1,13,1,2.4996948242e-01
II7541,sa0,30,0,1.5850067139e-03
g59_II7541_A,sa0,,,1.5850067139e-03
g5669_II7541_B,sa0,,,1.5850067139e-03
II7541,sa1,30,0,9.0670585632e-04
II7534,sa0,30,0,1.5232563019e-03
g54_II7534_A,sa0,,,1.5232563019e-03
g5666_II7534_B,sa0,,,1.5232563019e-03
II7534,sa1,30,0,9.6011161804e-04
II7562,sa0,30,0,9.3650817871e-04
g74_II7562_A,sa0,,,9.3650817871e-04
g5676_II7562_B,sa0,,,9.3650817871e-04
II7527,sa0,30,0,1.6148090363e-03
g49_II7527_A,sa0,,,1.6148090363e-03
g5662_II7527_B,sa0,,,1.6148090363e-03
II7562,sa1,30,0,8.5997581482e-04
II7527,sa1,30,0,1.0669231415e-03
II7555,sa0,30,0,9.9563598633e-04
g69_II7555_A,sa0,,,9.9563598633e-04
g5674_II7555_B,sa0,,,9.9563598633e-04
II7439,sa0,15,1,2.5000000000e-01
g5515_II7439_A,sa0,,,2.5000000000e-01
g594_II7439_B,sa0,,,2.5000000000e-01
II7555,sa1,30,0,8.6665153503e-04
II7439,sa1,0,1,0.0000000000e+00
II7548,sa0,30,0,1.4343261719e-03
g64_II7548_A,sa0,,,1.4343261719e-03
g5672_II7548_B,sa0,,,1.4343261719e-03
II8195,sa1,30,0,7.8125298023e-03
II7548,sa1,30,0,8.8000297546e-04
II7576,sa0,30,0,6.6494941711e-04
g84_II7576_A,sa0,,,6.6494941711e-04
g5680_II7576_B,sa0,,,6.6494941711e-04
II8196,sa1,30,0,1.6113348305e-02
II7576,sa1,30,0,8.5496902466e-04
II7569,sa0,30,0,6.6709518433e-04
g79_II7569_A,sa0,,,6.6709518433e-04
g5678_II7569_B,sa0,,,6.6709518433e-04
II7569,sa1,30,0,8.5663795471e-04
g5801_g5945_B,sa1,30,0,2.1223258972e-01
g5813_g5954_B,sa1,30,0,2.1256256104e-01
g5794_g5940_B,sa1,30,0,2.1227264404e-01
g5809_g5952_B,sa1,30,0,2.1256256104e-01
g5805_g5949_B,sa1,30,0,2.1211910248e-01
g5784_g5935_B,sa1,30,0,7.1654558182e-02
g5791_g5938_B,sa1,30,0,2.1221923828e-01
g5797_g5942_B,sa1,30,0,2.1227645874e-01
g5788_g5936_B,sa1,30,0,2.1208953857e-01
g6102,sa0,21,1,5.0585937500e-01
II7802,sa1,,,5.0585937500e-01
g5920,sa0,,,5.0585937500e-01
II7692,sa1,,,5.0585937500e-01
g5711_II7692_A,sa0,,,5.0585937500e-01
g6102,sa1,27,1,4.9414062500e-01
II7802,sa0,,,4.9414062500e-01
g5920,sa1,,,4.9414062500e-01
II7692,sa0,,,4.9414062500e-01
g5711_II7692_A,sa1,,,4.9414062500e-01
g6106,sa0,21,1,5.0585937500e-01
II7814,sa1,,,5.0585937500e-01
g5922,sa0,,,5.0585937500e-01
II7698,sa1,,,5.0585937500e-01
g5717_II7698_A,sa0,,,5.0585937500e-01
g5502,sa1,30,0,1.0284423828e-02
g5620,sa0,30,0,6.9274902344e-03
g5507,sa0,,,6.9274902344e-03
II7238,sa0,,,6.9274902344e-03
g179_II7238_A,sa0,,,6.9274902344e-03
II7237_II7238_B,sa0,,,6.9274902344e-03
II7239,sa0,,,6.9274902344e-03
g5374_II7239_A,sa0,,,6.9274902344e-03
II7237_II7239_B,sa0,,,6.9274902344e-03
g4938_g5620_B,sa0,,,6.9274902344e-03
g6106,sa1,27,1,4.9414062500e-01
II7814,sa0,,,4.9414062500e-01
g5922,sa1,,,4.9414062500e-01
II7698,sa0,,,4.9414062500e-01
g5717_II7698_A,sa1,,,4.9414062500e-01
g5603,sa0,30,0,8.2015991211e-03
g5504,sa0,,,8.2015991211e-03
II7217,sa0,,,8.2015991211e-03
g152_II7217_A,sa0,,,8.2015991211e-03
II7216_II7217_B,sa0,,,8.2015991211e-03
II7218,sa0,,,8.2015991211e-03
g5368_II7218_A,sa0,,,8.2015991211e-03
II7216_II7218_B,sa0,,,8.2015991211e-03
g4911_g5603_B,sa0,,,8.2015991211e-03
g5621,sa0,30,0,6.8511962891e-03
g5508,sa0,,,6.8511962891e-03
II7245,sa0,,,6.8511962891e-03
g188_II7245_A,sa0,,,6.8511962891e-03
II7244_II7245_B,sa0,,,6.8511962891e-03
II7246,sa0,,,6.8511962891e-03
g5377_II7246_A,sa0,,,6.8511962891e-03
II7244_II7246_B,sa0,,,6.8511962891e-03
g4943_g5621_B,sa0,,,6.8511962891e-03
g5490,sa0,8,1,2.5000000000e-01
II7190,sa1,,,2.5000000000e-01
g5432,sa0,,,2.5000000000e-01
II7104,sa1,,,2.5000000000e-01
g5273,sa0,,,2.5000000000e-01
II6930,sa1,,,2.5000000000e-01
g5017,sa0,,,2.5000000000e-01
g4784,sa0,,,2.5000000000e-01
II6444,sa1,,,2.5000000000e-01
g4503,sa0,,,2.5000000000e-01
II6023,sa1,,,2.5000000000e-01
g4151,sa0,,,2.5000000000e-01
II5536,sa0,,,2.5000000000e-01
g3907_II5536_A,sa0,,,2.5000000000e-01
II5535_II5536_B,sa0,,,2.5000000000e-01
II5537,sa0,,,2.5000000000e-01
g654_II5537_A,sa0,,,2.5000000000e-01
II5535_II5537_B,sa0,,,2.5000000000e-01
g1679,sa0,,,2.5000000000e-01
g985_g1679_A,sa1,,,2.5000000000e-01
g5616,sa0,30,0,7.6522827148e-03
g5505,sa0,,,7.6522827148e-03
II7224,sa0,,,7.6522827148e-03
g161_II7224_A,sa0,,,7.6522827148e-03
II7223_II7224_B,sa0,,,7.6522827148e-03
II7225,sa0,,,7.6522827148e-03
g5370_II7225_A,sa0,,,7.6522827148e-03
II7223_II7225_B,sa0,,,7.6522827148e-03
g4929_g5616_B,sa0,,,7.6522827148e-03
g5490,sa1,9,1,7.5000000000e-01
II7190,sa0,,,7.5000000000e-01
g5432,sa1,,,7.5000000000e-01
II7104,sa0,,,7.5000000000e-01
g5273,sa1,,,7.5000000000e-01
II6930,sa0,,,7.5000000000e-01
g5017,sa1,,,7.5000000000e-01
g4762,sa0,30,0,9.1552734375e-04
II6391,sa0,,,9.1552734375e-04
g4504_II6391_A,sa0,,,9.1552734375e-04
II6390_II6391_B,sa0,,,9.1552734375e-04
II6392,sa0,,,9.1552734375e-04
g4610_II6392_A,sa0,,,9.1552734375e-04
II6390_II6392_B,sa0,,,9.1552734375e-04
g5618,sa0,30,0,6.8855285645e-03
g5506,sa0,,,6.8855285645e-03
II7231,sa0,,,6.8855285645e-03
g170_II7231_A,sa0,,,6.8855285645e-03
II7230_II7231_B,sa0,,,6.8855285645e-03
II7232,sa0,,,6.8855285645e-03
g5372_II7232_A,sa0,,,6.8855285645e-03
II7230_II7232_B,sa0,,,6.8855285645e-03
g4933_g5618_B,sa0,,,6.8855285645e-03
g4762,sa1,30,0,9.1552734375e-04
g4819,sa0,30,0,1.9556954503e-03
II6500,sa0,,,1.9556954503e-03
g4504_II6500_A,sa0,,,1.9556954503e-03
II6499_II6500_B,sa0,,,1.9556954503e-03
II6501,sa0,,,1.9556954503e-03
g3541_II6501_A,sa0,,,1.9556954503e-03
II6499_II6501_B,sa0,,,1.9556954503e-03
g4819,sa1,30,0,7.0800781250e-03
g6397,sa1,30,0,1.0253936052e-02
g5949,sa0,5,1,2.3841857910e-06
g5119,sa0,,,2.3841857910e-06
II6769,sa1,,,2.3841857910e-06
g4786,sa0,,,2.3841857910e-06
II6448,sa1,,,2.3841857910e-06
g4626,sa0,,,2.3841857910e-06
g4270,sa1,,,2.3841857910e-06
II5723,sa0,,,2.3841857910e-06
g3942_II5723_A,sa1,,,2.3841857910e-06
g5805_g5949_B,sa0,,,2.3841857910e-06
g4762_II6660_A,sa1,30,0,9.1552734375e-04
g4762_II6659_A,sa1,30,0,9.1552734375e-04
II7520,sa0,30,0,2.2249221802e-03
g361_II7520_A,sa0,,,2.2249221802e-03
g5659_II7520_B,sa0,,,2.2249221802e-03
II7520,sa1,30,0,1.5540122986e-03
II7541_II7542_B,sa1,30,0,9.0670585632e-04
II7541_II7543_B,sa1,30,0,9.0670585632e-04
II7439_II7440_B,sa1,0,1,0.0000000000e+00
II7439_II7441_B,sa1,0,1,0.0000000000e+00
II7534_II7535_B,sa1,30,0,9.6011161804e-04
II7534_II7536_B,sa1,30,0,9.6011161804e-04
II7548_II7550_B,sa1,30,0,8.8000297546e-04
II7562_II7563_B,sa1,30,0,8.5997581482e-04
II7562_II7564_B,sa1,30,0,8.5997581482e-04
II7527_II7528_B,sa1,30,0,1.0669231415e-03
II7527_II7529_B,sa1,30,0,1.0669231415e-03
II7555_II7556_B,sa1,30,0,8.6665153503e-04
g4819_g5060_B,sa0,30,0,3.4180730581e-03
II7555_II7557_B,sa1,30,0,8.6665153503e-04
II7569_II7570_B,sa1,30,0,8.5663795471e-04
II7569_II7571_B,sa1,30,0,8.5663795471e-04
II7548_II7549_B,sa1,30,0,8.8000297546e-04
g4819_g5048_A,sa0,30,0,7.3242187500e-03
II7576_II7577_B,sa1,30,0,8.5496902466e-04
II7576_II7578_B,sa1,30,0,8.5496902466e-04
g6100,sa0,7,1,4.6875000000e-01
II7796,sa1,,,4.6875000000e-01
g5917,sa0,,,4.6875000000e-01
II7683,sa1,,,4.6875000000e-01
g5702_II7683_A,sa0,,,4.6875000000e-01
g6100,sa1,16,1,5.3125000000e-01
II7796,sa0,,,5.3125000000e-01
g5917,sa1,,,5.3125000000e-01
II7683,sa0,,,5.3125000000e-01
g5702_II7683_A,sa1,,,5.3125000000e-01
g6101,sa0,10,1,4.6875000000e-01
II7799,sa1,,,4.6875000000e-01
g5918,sa0,,,4.6875000000e-01
II7686,sa1,,,4.6875000000e-01
g5705_II7686_A,sa0,,,4.6875000000e-01
g6101,sa1,19,1,5.3125000000e-01
II7799,sa0,,,5.3125000000e-01
g5918,sa1,,,5.3125000000e-01
II7686,sa0,,,5.3125000000e-01
g5705_II7686_A,sa1,,,5.3125000000e-01
g6103,sa0,19,1,5.0000000000e-01
II7805,sa1,,,5.0000000000e-01
g5923,sa0,,,5.0000000000e-01
II7701,sa1,,,5.0000000000e-01
g5720_II7701_A,sa0,,,5.0000000000e-01
g6104,sa0,7,1,4.6875000000e-01
II7808,sa1,,,4.6875000000e-01
g5919,sa0,,,4.6875000000e-01
II7689,sa1,,,4.6875000000e-01
g5708_II7689_A,sa0,,,4.6875000000e-01
g6103,sa1,30,0,4.9218750000e-01
II7805,sa0,,,4.9218750000e-01
g5923,sa1,,,4.9218750000e-01
II7701,sa0,,,4.9218750000e-01
g5720_II7701_A,sa1,,,4.9218750000e-01
g5600,sa0,30,0,9.1094970703e-03
g5502,sa0,,,9.1094970703e-03
II7209,sa0,,,9.1094970703e-03
g143_II7209_A,sa0,,,9.1094970703e-03
II7208_II7209_B,sa0,,,9.1094970703e-03
II7210,sa0,,,9.1094970703e-03
g5367_II7210_A,sa0,,,9.1094970703e-03
II7208_II7210_B,sa0,,,9.1094970703e-03
g4900_g5600_B,sa0,,,9.1094970703e-03
g6104,sa1,16,1,5.3125000000e-01
II7808,sa0,,,5.3125000000e-01
g5919,sa1,,,5.3125000000e-01
II7689,sa0,,,5.3125000000e-01
g5708_II7689_A,sa1,,,5.3125000000e-01
g6105,sa0,10,1,4.6875000000e-01
II7811,sa1,,,4.6875000000e-01
g5921,sa0,,,4.6875000000e-01
II7695,sa1,,,4.6875000000e-01
g5714_II7695_A,sa0,,,4.6875000000e-01
g6105,sa1,19,1,5.3125000000e-01
II7811,sa0,,,5.3125000000e-01
g5921,sa1,,,5.3125000000e-01
II7695,sa0,,,5.3125000000e-01
g5714_II7695_A,sa1,,,5.3125000000e-01
g6107,sa0,19,1,5.0000000000e-01
II7817,sa1,,,5.0000000000e-01
g5924,sa0,,,5.0000000000e-01
II7704,sa1,,,5.0000000000e-01
g5723_II7704_A,sa0,,,5.0000000000e-01
g5530,sa1,14,1,2.4998474121e-01
II7270,sa0,,,2.4998474121e-01
g5352,sa1,,,2.4998474121e-01
II7002,sa0,,,2.4998474121e-01
g5308,sa1,,,2.4998474121e-01
g6107,sa1,30,0,4.9218750000e-01
II7817,sa0,,,4.9218750000e-01
g5924,sa1,,,4.9218750000e-01
II7704,sa0,,,4.9218750000e-01
g5723_II7704_A,sa1,,,4.9218750000e-01
g6080,sa1,15,1,3.1251907349e-02
g5805_g6080_A,sa0,,,3.1251907349e-02
g5812,sa1,30,0,4.1793823242e-01
g5376,sa1,,,4.1793823242e-01
g5618,sa1,,,4.1793823242e-01
g5741,sa1,1,1,1.5258789063e-05
g5602,sa0,,,1.5258789063e-05
g594_g5602_A,sa0,,,1.5258789063e-05
g5515_g5602_B,sa0,,,1.5258789063e-05
g5804,sa1,30,0,4.5520019531e-01
g5371,sa1,,,4.5520019531e-01
g5603,sa1,,,4.5520019531e-01
g5940,sa0,5,1,2.3841857910e-06
g5115,sa0,,,2.3841857910e-06
II6759,sa1,,,2.3841857910e-06
g4778,sa0,,,2.3841857910e-06
II6430,sa1,,,2.3841857910e-06
g4620,sa0,,,2.3841857910e-06
g4251,sa1,,,2.3841857910e-06
II5705,sa0,,,2.3841857910e-06
g3942_II5705_A,sa1,,,2.3841857910e-06
g5794_g5940_B,sa0,,,2.3841857910e-06
g6065,sa1,15,1,3.1251907349e-02
g5784_g6065_A,sa0,,,3.1251907349e-02
g6074,sa1,15,1,3.1251907349e-02
g5794_g6074_A,sa0,,,3.1251907349e-02
g6083,sa1,15,1,3.1251907349e-02
g5809_g6083_A,sa0,,,3.1251907349e-02
g5942,sa0,5,1,2.3841857910e-06
g5117,sa0,,,2.3841857910e-06
II6763,sa1,,,2.3841857910e-06
g4780,sa0,,,2.3841857910e-06
II6434,sa1,,,2.3841857910e-06
g4622,sa0,,,2.3841857910e-06
g4252,sa1,,,2.3841857910e-06
II5708,sa0,,,2.3841857910e-06
g3942_II5708_A,sa1,,,2.3841857910e-06
g5797_g5942_B,sa0,,,2.3841857910e-06
g6067,sa1,15,1,3.1251907349e-02
g5788_g6067_A,sa0,,,3.1251907349e-02
g6076,sa1,15,1,3.1251907349e-02
g5797_g6076_A,sa0,,,3.1251907349e-02
g5816,sa1,30,0,4.2430114746e-01
g5378,sa1,,,4.2430114746e-01
g5620,sa1,,,4.2430114746e-01
g5952,sa0,5,1,2.3841857910e-06
g5120,sa0,,,2.3841857910e-06
II6772,sa1,,,2.3841857910e-06
g4788,sa0,,,2.3841857910e-06
II6452,sa1,,,2.3841857910e-06
g4629,sa0,,,2.3841857910e-06
g4276,sa1,,,2.3841857910e-06
II5731,sa0,,,2.3841857910e-06
g3942_II5731_A,sa1,,,2.3841857910e-06
g5809_g5952_B,sa0,,,2.3841857910e-06
g5808,sa1,30,0,4.5404052734e-01
g5373,sa1,,,4.5404052734e-01
g5616,sa1,,,4.5404052734e-01
g5817,sa1,30,0,4.0764617920e-01
g5380,sa1,,,4.0764617920e-01
g5621,sa1,,,4.0764617920e-01
g5935,sa0,5,1,2.3841857910e-06
g5112,sa0,,,2.3841857910e-06
II6750,sa1,,,2.3841857910e-06
g4771,sa0,,,2.3841857910e-06
II6417,sa1,,,2.3841857910e-06
g4617,sa0,,,2.3841857910e-06
g4242,sa1,,,2.3841857910e-06
II5686,sa0,,,2.3841857910e-06
g3942_II5686_A,sa1,,,2.3841857910e-06
g5784_g5935_B,sa0,,,2.3841857910e-06
g6069,sa1,15,1,3.1251907349e-02
g5791_g6069_A,sa0,,,3.1251907349e-02
g6078,sa1,15,1,3.1251907349e-02
g5801_g6078_A,sa0,,,3.1251907349e-02
g6087,sa1,15,1,3.1251907349e-02
g5813_g6087_A,sa0,,,3.1251907349e-02
g6394,sa0,30,0,1.2695379555e-02
II8195,sa0,,,1.2695379555e-02
g471_II8195_A,sa0,,,1.2695379555e-02
II8194_II8195_B,sa0,,,1.2695379555e-02
II8196,sa0,,,1.2695379555e-02
g6188_II8196_A,sa0,,,1.2695379555e-02
II8194_II8196_B,sa0,,,1.2695379555e-02
g6278,sa0,29,1,5.3125000000e-01
II7966,sa1,,,5.3125000000e-01
g6166,sa0,,,5.3125000000e-01
II7892,sa1,,,5.3125000000e-01
g5916,sa0,,,5.3125000000e-01
g5936,sa0,5,1,2.3841857910e-06
g5113,sa0,,,2.3841857910e-06
II6753,sa1,,,2.3841857910e-06
g4772,sa0,,,2.3841857910e-06
II6420,sa1,,,2.3841857910e-06
g4618,sa0,,,2.3841857910e-06
g4246,sa1,,,2.3841857910e-06
II5692,sa0,,,2.3841857910e-06
g3942_II5692_A,sa1,,,2.3841857910e-06
g5788_g5936_B,sa0,,,2.3841857910e-06
g5945,sa0,5,1,2.3841857910e-06
g5118,sa0,,,2.3841857910e-06
II6766,sa1,,,2.3841857910e-06
g4783,sa0,,,2.3841857910e-06
II6441,sa1,,,2.3841857910e-06
g4624,sa0,,,2.3841857910e-06
g4265,sa1,,,2.3841857910e-06
II5716,sa0,,,2.3841857910e-06
g3942_II5716_A,sa1,,,2.3841857910e-06
g5801_g5945_B,sa0,,,2.3841857910e-06
g5954,sa0,5,1,2.3841857910e-06
g5121,sa0,,,2.3841857910e-06
II6775,sa1,,,2.3841857910e-06
g4790,sa0,,,2.3841857910e-06
II6456,sa1,,,2.3841857910e-06
g4633,sa0,,,2.3841857910e-06
g4284,sa1,,,2.3841857910e-06
II5739,sa0,,,2.3841857910e-06
g3942_II5739_A,sa1,,,2.3841857910e-06
g5813_g5954_B,sa0,,,2.3841857910e-06
g6394,sa1,30,0,4.8828534782e-03
g6278,sa1,30,0,4.6868896484e-01
II7966,sa0,,,4.6868896484e-01
g6166,sa1,,,4.6868896484e-01
II7892,sa0,,,4.6868896484e-01
g5916,sa1,,,4.6868896484e-01
g5728,sa1,,,4.6868896484e-01
g3781,sa1,,,4.6868896484e-01
II4976,sa0,,,4.6868896484e-01
g3575_II4976_A,sa1,,,4.6868896484e-01
g5938,sa0,5,1,2.3841857910e-06
g5114,sa0,,,2.3841857910e-06
II6756,sa1,,,2.3841857910e-06
g4775,sa0,,,2.3841857910e-06
II6425,sa1,,,2.3841857910e-06
g4619,sa0,,,2.3841857910e-06
g4248,sa1,,,2.3841857910e-06
II5696,sa0,,,2.3841857910e-06
g3942_II5696_A,sa1,,,2.3841857910e-06
g5791_g5938_B,sa0,,,2.3841857910e-06
g6397,sa0,30,0,1.1230502278e-02
II8202,sa0,,,1.1230502278e-02
g478_II8202_A,sa0,,,1.1230502278e-02
II8201_II8202_B,sa0,,,1.1230502278e-02
II8203,sa0,,,1.1230502278e-02
g6192_II8203_A,sa0,,,1.1230502278e-02
II8201_II8203_B,sa0,,,1.1230502278e-02
II7440,sa1,1,1,1.5258789063e-05
II7441,sa1,14,1,2.4998474121e-01
II7550,sa1,30,0,1.0272264481e-03
II7542,sa1,30,0,1.4369487762e-03
II7543,sa1,30,0,1.0797977448e-03
II7570,sa1,30,0,7.8821182251e-04
II7535,sa1,30,0,1.4677047729e-03
II7571,sa1,30,0,9.8156929016e-04
II7536,sa1,30,0,1.1713504791e-03
II7563,sa1,30,0,1.0280609131e-03
II7528,sa1,30,0,1.3909339905e-03
II7564,sa1,30,0,9.8800659180e-04
II7520_II7521_B,sa1,30,0,1.5540122986e-03
II7529,sa1,30,0,1.3687610626e-03
II7556,sa1,30,0,1.1100769043e-03
II7520_II7522_B,sa1,30,0,1.5540122986e-03
II7557,sa1,30,0,1.0008811951e-03
II6659,sa0,30,0,9.1552734375e-04
g4762_II6659_A,sa0,,,9.1552734375e-04
g3541_II6659_B,sa0,,,9.1552734375e-04
II7549,sa1,30,0,1.4619827271e-03
II6659,sa1,30,0,9.1552734375e-04
II7577,sa1,30,0,7.8511238098e-04
II7578,sa1,29,1,9.7799301147e-04
g6397_g6473_B,sa1,30,0,2.6367187500e-02
g6394_g6468_B,sa1,30,0,3.1250000000e-02
g6397_g6474_C,sa1,30,0,5.8594364673e-03
g6394_g6469_C,sa1,30,0,6.8360008299e-03
g5060,sa1,30,0,3.6621093750e-03
g3491_g5060_A,sa1,,,3.6621093750e-03
g4819_g5060_B,sa1,,,3.6621093750e-03
g5800,sa1,30,0,4.6044921875e-01
g5369,sa1,,,4.6044921875e-01
g5600,sa1,,,4.6044921875e-01
g5900,sa0,30,0,4.5831298828e-01
g5804,sa0,,,4.5831298828e-01
g5658,sa0,,,4.5831298828e-01
g5512_g5658_A,sa1,,,4.5831298828e-01
g5910,sa0,30,0,4.5892333984e-01
g5816,sa0,,,4.5892333984e-01
g5667,sa0,,,4.5892333984e-01
g5524_g5667_A,sa1,,,4.5892333984e-01
g5902,sa0,30,0,4.5776367188e-01
g5808,sa0,,,4.5776367188e-01
g5661,sa0,,,4.5776367188e-01
g5518_g5661_A,sa1,,,4.5776367188e-01
g5911,sa0,30,0,4.5892333984e-01
g5817,sa0,,,4.5892333984e-01
g5670,sa0,,,4.5892333984e-01
g5527_g5670_A,sa1,,,4.5892333984e-01
g5048,sa0,30,0,7.3242187500e-03
g5580,sa0,9,1,2.5000000000e-01
II7336,sa1,,,2.5000000000e-01
g5534,sa0,,,2.5000000000e-01
II7276,sa1,,,2.5000000000e-01
g5375,sa0,,,2.5000000000e-01
II7029,sa1,,,2.5000000000e-01
g5149,sa0,,,2.5000000000e-01
g4910,sa0,,,2.5000000000e-01
II6612,sa1,,,2.5000000000e-01
g4660,sa0,,,2.5000000000e-01
II6253,sa1,,,2.5000000000e-01
g4608,sa0,,,2.5000000000e-01
II6176,sa0,,,2.5000000000e-01
g4236_II6176_A,sa0,,,2.5000000000e-01
II6175_II6176_B,sa0,,,2.5000000000e-01
II6177,sa0,,,2.5000000000e-01
g571_II6177_A,sa0,,,2.5000000000e-01
II6175_II6177_B,sa0,,,2.5000000000e-01
g1480,sa0,,,2.5000000000e-01
g985_g1480_A,sa1,,,2.5000000000e-01
g5904,sa0,30,0,4.5843505859e-01
g5812,sa0,,,4.5843505859e-01
g5664,sa0,,,4.5843505859e-01
g5521_g5664_A,sa1,,,4.5843505859e-01
g5580,sa1,10,1,7.5000000000e-01
II7336,sa0,,,7.5000000000e-01
g5534,sa1,,,7.5000000000e-01
II7276,sa0,,,7.5000000000e-01
g5375,sa1,,,7.5000000000e-01
II7029,sa0,,,7.5000000000e-01
g5149,sa1,,,7.5000000000e-01
g5581,sa0,9,1,2.5000000000e-01
II7339,sa1,,,2.5000000000e-01
g5540,sa0,,,2.5000000000e-01
II7284,sa1,,,2.5000000000e-01
g5383,sa0,,,2.5000000000e-01
II7045,sa1,,,2.5000000000e-01
g5167,sa0,,,2.5000000000e-01
g5011,sa0,,,2.5000000000e-01
II6649,sa1,,,2.5000000000e-01
g4693,sa0,,,2.5000000000e-01
II6283,sa1,,,2.5000000000e-01
g4613,sa0,,,2.5000000000e-01
II6195,sa0,,,2.5000000000e-01
g4199_II6195_A,sa0,,,2.5000000000e-01
II6194_II6195_B,sa0,,,2.5000000000e-01
II6196,sa0,,,2.5000000000e-01
g631_II6196_A,sa0,,,2.5000000000e-01
II6194_II6196_B,sa0,,,2.5000000000e-01
g1556,sa0,,,2.5000000000e-01
g878_g1556_A,sa1,,,2.5000000000e-01
g5581,sa1,10,1,7.5000000000e-01
II7339,sa0,,,7.5000000000e-01
g5540,sa1,,,7.5000000000e-01
II7284,sa0,,,7.5000000000e-01
g5383,sa1,,,7.5000000000e-01
II7045,sa0,,,7.5000000000e-01
g5167,sa1,,,7.5000000000e-01
g5926,sa0,30,0,3.6767578125e-01
g5741,sa0,,,3.6767578125e-01
g5602,sa1,,,3.6767578125e-01
g639_g5926_B,sa0,,,3.6767578125e-01
g5926,sa1,30,0,4.9214172363e-01
g5776,sa1,30,0,1.6927719116e-03
g6469,sa1,90,0,2.0019678399e-02
g5777,sa1,30,0,1.3265609741e-03
g5778,sa1,30,0,1.3351440430e-03
g5779,sa1,30,0,1.2893676758e-03
g5898,sa0,30,0,4.5983886719e-01
g5800,sa0,,,4.5983886719e-01
g5647,sa0,,,4.5983886719e-01
g5509_g5647_A,sa1,,,4.5983886719e-01
II7521,sa1,23,1,9.7584724426e-04
II7522,sa1,30,0,1.8901824951e-03
II6659_II6660_B,sa1,30,0,9.1552734375e-04
II6659_II6661_B,sa1,30,0,9.1552734375e-04
g5318,sa0,30,0,1.2854003906e-01
g676,sa0,,,1.2854003906e-01
g5060,sa0,,,1.2854003906e-01
g5318,sa1,30,0,6.3233715016e-02
g5615,sa1,14,1,2.4998474121e-01
II7372,sa0,,,2.4998474121e-01
g5493,sa1,,,2.4998474121e-01
II7197,sa0,,,2.4998474121e-01
g5431,sa1,,,2.4998474121e-01
g6473,sa0,30,0,2.9785156250e-02
g2036_g6473_A,sa0,,,2.9785156250e-02
g6397_g6473_B,sa0,,,2.9785156250e-02
g1628_g6473_C,sa0,,,2.9785156250e-02
g5780,sa1,30,0,1.2626647949e-03
g6474,sa0,30,0,2.9297359288e-03
g2138_g6474_A,sa0,,,2.9297359288e-03
g2036_g6474_B,sa0,,,2.9297359288e-03
g6397_g6474_C,sa0,,,2.9297359288e-03
g5781,sa1,30,0,1.0929107666e-03
g6474,sa1,90,0,3.1250147149e-02
g5782,sa1,30,0,1.0914802551e-03
g5783,sa1,30,0,1.0864734650e-03
g6468,sa0,30,0,2.9785156250e-02
g2032_g6468_A,sa0,,,2.9785156250e-02
g6394_g6468_B,sa0,,,2.9785156250e-02
g1609_g6468_C,sa0,,,2.9785156250e-02
g6469,sa0,30,0,1.3671897352e-02
g2121_g6469_A,sa0,,,1.3671897352e-02
g2032_g6469_B,sa0,,,1.3671897352e-02
g6394_g6469_C,sa0,,,1.3671897352e-02
g5939,sa0,30,0,1.7442703247e-03
g5776,sa0,,,1.7442703247e-03
II7528,sa0,,,1.7442703247e-03
g49_II7528_A,sa0,,,1.7442703247e-03
II7527_II7528_B,sa0,,,1.7442703247e-03
II7529,sa0,,,1.7442703247e-03
g5662_II7529_A,sa0,,,1.7442703247e-03
II7527_II7529_B,sa0,,,1.7442703247e-03
g5395_g5939_B,sa0,,,1.7442703247e-03
g5948,sa0,30,0,1.3036727905e-03
g5779,sa0,,,1.3036727905e-03
II7549,sa0,,,1.3036727905e-03
g64_II7549_A,sa0,,,1.3036727905e-03
II7548_II7549_B,sa0,,,1.3036727905e-03
II7550,sa0,,,1.3036727905e-03
g5672_II7550_A,sa0,,,1.3036727905e-03
II7548_II7550_B,sa0,,,1.3036727905e-03
g5407_g5948_B,sa0,,,1.3036727905e-03
II6660,sa1,30,0,9.1552734375e-04
II6661,sa1,30,0,9.1552734375e-04
g5318_g5385_B,sa0,30,0,1.2854003906e-01
g5318_g5467_B,sa0,30,0,1.7547607422e-03
g5318_g5388_A,sa0,30,0,9.6485018736e-07
g6474_g6558_B,sa1,30,0,1.5722887591e-01
g6469_g6555_B,sa1,30,0,2.4902689457e-01
g6474_g6559_B,sa1,30,0,2.9297880828e-03
g6469_g6557_B,sa1,30,0,2.9297880828e-03
g6160,sa1,0,1,0.0000000000e+00
g5926_g6160_A,sa0,,,0.0000000000e+00
g6161,sa1,10,1,2.5000000000e-01
g5926_g6161_A,sa0,,,2.5000000000e-01
g6162,sa1,11,1,2.5000000000e-01
g5926_g6162_A,sa0,,,2.5000000000e-01
g6163,sa1,12,1,2.5000000000e-01
g5926_g6163_A,sa0,,,2.5000000000e-01
g6164,sa1,0,1,0.0000000000e+00
g5926_g6164_A,sa0,,,0.0000000000e+00
g6165,sa1,15,1,2.5000000000e-01
g5926_g6165_A,sa0,,,2.5000000000e-01
g5941,sa0,30,0,1.3704299927e-03
g5777,sa0,,,1.3704299927e-03
II7535,sa0,,,1.3704299927e-03
g54_II7535_A,sa0,,,1.3704299927e-03
II7534_II7535_B,sa0,,,1.3704299927e-03
II7536,sa0,,,1.3704299927e-03
g5666_II7536_A,sa0,,,1.3704299927e-03
II7534_II7536_B,sa0,,,1.3704299927e-03
g5399_g5941_B,sa0,,,1.3704299927e-03
g5951,sa0,30,0,1.2083053589e-03
g5780,sa0,,,1.2083053589e-03
II7556,sa0,,,1.2083053589e-03
g69_II7556_A,sa0,,,1.2083053589e-03
II7555_II7556_B,sa0,,,1.2083053589e-03
II7557,sa0,,,1.2083053589e-03
g5674_II7557_A,sa0,,,1.2083053589e-03
II7555_II7557_B,sa0,,,1.2083053589e-03
g5411_g5951_B,sa0,,,1.2083053589e-03
g6545,sa0,36,0,9.2285156250e-02
g6545,sa1,30,0,4.3945312500e-01
g6468,sa1,,,4.3945312500e-01
g4244,sa1,,,4.3945312500e-01
g5944,sa0,30,0,1.3532638550e-03
g5778,sa0,,,1.3532638550e-03
II7542,sa0,,,1.3532638550e-03
g59_II7542_A,sa0,,,1.3532638550e-03
II7541_II7542_B,sa0,,,1.3532638550e-03
II7543,sa0,,,1.3532638550e-03
g5669_II7543_A,sa0,,,1.3532638550e-03
II7541_II7543_B,sa0,,,1.3532638550e-03
g5403_g5944_B,sa0,,,1.3532638550e-03
g5953,sa0,30,0,8.4590911865e-04
g5781,sa0,,,8.4590911865e-04
II7563,sa0,,,8.4590911865e-04
g74_II7563_A,sa0,,,8.4590911865e-04
II7562_II7563_B,sa0,,,8.4590911865e-04
II7564,sa0,,,8.4590911865e-04
g5676_II7564_A,sa0,,,8.4590911865e-04
II7562_II7564_B,sa0,,,8.4590911865e-04
g5415_g5953_B,sa0,,,8.4590911865e-04
g5955,sa0,30,0,6.6709518433e-04
g5782,sa0,,,6.6709518433e-04
II7570,sa0,,,6.6709518433e-04
g79_II7570_A,sa0,,,6.6709518433e-04
II7569_II7570_B,sa0,,,6.6709518433e-04
II7571,sa0,,,6.6709518433e-04
g5678_II7571_A,sa0,,,6.6709518433e-04
II7569_II7571_B,sa0,,,6.6709518433e-04
g5420_g5955_B,sa0,,,6.6709518433e-04
g6549,sa0,36,0,9.2285156250e-02
g5775,sa1,30,0,1.6775131226e-03
g5956,sa0,30,0,6.6494941711e-04
g5783,sa0,,,6.6494941711e-04
II7577,sa0,,,6.6494941711e-04
g84_II7577_A,sa0,,,6.6494941711e-04
II7576_II7577_B,sa0,,,6.6494941711e-04
II7578,sa0,,,6.6494941711e-04
g5680_II7578_A,sa0,,,6.6494941711e-04
II7576_II7578_B,sa0,,,6.6494941711e-04
g5425_g5956_B,sa0,,,6.6494941711e-04
g6549,sa1,30,0,4.1015625559e-01
g6473,sa1,,,4.1015625559e-01
g4247,sa1,,,4.1015625559e-01
g6545_g6631_B,sa1,30,0,4.5507860184e-01
g6545_g6634_B,sa1,30,0,8.3008278161e-03
g6549_g6640_B,sa1,30,0,8.3008278161e-03
g6549_g6637_B,sa1,30,0,4.1015625559e-01
g6121,sa0,2,1,5.0001525879e-01
II7835,sa1,,,5.0001525879e-01
g5926_II7835_A,sa0,,,5.0001525879e-01
g6251,sa1,30,0,4.4744873047e-01
g5668,sa1,,,4.4744873047e-01
g5939,sa1,,,4.4744873047e-01
g5019,sa0,30,0,9.1552734375e-04
II6660,sa0,,,9.1552734375e-04
g4762_II6660_A,sa0,,,9.1552734375e-04
II6659_II6660_B,sa0,,,9.1552734375e-04
II6661,sa0,,,9.1552734375e-04
g3541_II6661_A,sa0,,,9.1552734375e-04
II6659_II6661_B,sa0,,,9.1552734375e-04
g6261,sa1,30,0,4.0634155273e-01
g5673,sa1,,,4.0634155273e-01
g5944,sa1,,,4.0634155273e-01
g6540,sa1,2,1,1.9531250000e-03
g6474_g6540_A,sa0,,,1.9531250000e-03
g5019,sa1,30,0,9.1552734375e-04
g6119,sa0,2,1,5.0001525879e-01
II7829,sa1,,,5.0001525879e-01
g5926_II7829_A,sa0,,,5.0001525879e-01
g5740,sa1,14,1,2.4998474121e-01
II7501,sa0,,,2.4998474121e-01
g5596,sa1,,,2.4998474121e-01
II7358,sa0,,,2.4998474121e-01
g5565,sa1,,,2.4998474121e-01
g6272,sa1,30,0,3.1671142578e-01
g5679,sa1,,,3.1671142578e-01
g5953,sa1,,,3.1671142578e-01
g6264,sa1,30,0,3.1890869141e-01
g5675,sa1,,,3.1890869141e-01
g5948,sa1,,,3.1890869141e-01
g6273,sa1,30,0,3.1292724609e-01
g5681,sa1,,,3.1292724609e-01
g5955,sa1,,,3.1292724609e-01
g6274,sa1,30,0,3.0517578125e-01
g5682,sa1,,,3.0517578125e-01
g5956,sa1,,,3.0517578125e-01
g6257,sa1,30,0,4.2736816406e-01
g5671,sa1,,,4.2736816406e-01
g5941,sa1,,,4.2736816406e-01
g6555,sa0,30,0,1.1230492964e-02
g1838_g6555_A,sa0,,,1.1230492964e-02
g6469_g6555_B,sa0,,,1.1230492964e-02
g6277,sa0,24,1,4.6875000000e-01
II7963,sa1,,,4.6875000000e-01
g6276,sa0,,,4.6875000000e-01
II7960,sa1,,,4.6875000000e-01
g5925,sa0,,,4.6875000000e-01
II7707,sa1,,,4.6875000000e-01
g5701,sa0,,,4.6875000000e-01
g5683,sa0,,,4.6875000000e-01
II7433,sa0,,,4.6875000000e-01
g111_II7433_A,sa0,,,4.6875000000e-01
II7432_II7433_B,sa0,,,4.6875000000e-01
II7434,sa0,,,4.6875000000e-01
g5554_II7434_A,sa0,,,4.6875000000e-01
II7432_II7434_B,sa0,,,4.6875000000e-01
g3813,sa0,,,4.6875000000e-01
g3258,sa1,,,4.6875000000e-01
II4537,sa0,,,4.6875000000e-01
g2877_II4537_A,sa1,,,4.6875000000e-01
g6277,sa1,23,1,5.3125000000e-01
II7963,sa0,,,5.3125000000e-01
g6276,sa1,,,5.3125000000e-01
II7960,sa0,,,5.3125000000e-01
g5925,sa1,,,5.3125000000e-01
II7707,sa0,,,5.3125000000e-01
g5701,sa1,,,5.3125000000e-01
g6268,sa1,30,0,3.1842041016e-01
g5677,sa1,,,3.1842041016e-01
g5951,sa1,,,3.1842041016e-01
g6557,sa0,0,1,0.0000000000e+00
g1595_g6557_A,sa0,,,0.0000000000e+00
g6469_g6557_B,sa0,,,0.0000000000e+00
g6538,sa1,2,1,1.9531250000e-03
g6469_g6538_A,sa0,,,1.9531250000e-03
g5388,sa0,90,0,3.5758103877e-04
g6288,sa0,13,1,2.5000000000e-01
g5615,sa0,,,2.5000000000e-01
II7372,sa1,,,2.5000000000e-01
g5493,sa0,,,2.5000000000e-01
II7197,sa1,,,2.5000000000e-01
g5431,sa0,,,2.5000000000e-01
II7098,sa0,,,2.5000000000e-01
g5194_II7098_A,sa0,,,2.5000000000e-01
II7097_II7098_B,sa0,,,2.5000000000e-01
II7099,sa0,,,2.5000000000e-01
g574_II7099_A,sa0,,,2.5000000000e-01
II7097_II7099_B,sa0,,,2.5000000000e-01
g6160,sa0,,,2.5000000000e-01
g5926_g6160_A,sa1,,,2.5000000000e-01
g5937,sa0,30,0,2.1650791168e-03
g5775,sa0,,,2.1650791168e-03
II7521,sa0,,,2.1650791168e-03
g361_II7521_A,sa0,,,2.1650791168e-03
II7520_II7521_B,sa0,,,2.1650791168e-03
II7522,sa0,,,2.1650791168e-03
g5659_II7522_A,sa0,,,2.1650791168e-03
II7520_II7522_B,sa0,,,2.1650791168e-03
g5392_g5937_B,sa0,,,2.1650791168e-03
g6558,sa0,30,0,6.5918415785e-03
g1842_g6558_A,sa0,,,6.5918415785e-03
g6474_g6558_B,sa0,,,6.5918415785e-03
g5388,sa1,30,0,3.2968819141e-07
g5318_g5388_A,sa1,,,3.2968819141e-07
g1589_g5388_B,sa1,,,3.2968819141e-07
g3491_g5388_C,sa1,,,3.2968819141e-07
g6559,sa0,0,1,0.0000000000e+00
g1612_g6559_A,sa0,,,0.0000000000e+00
g6474_g6559_B,sa0,,,0.0000000000e+00
g5019_g5227_A,sa0,30,0,2.2888183594e-04
g5388_g5541_A,sa0,30,0,1.3373297406e-05
g6302,sa0,14,1,2.5000000000e-01
g5740,sa0,,,2.5000000000e-01
II7501,sa1,,,2.5000000000e-01
g5596,sa0,,,2.5000000000e-01
II7358,sa1,,,2.5000000000e-01
g5565,sa0,,,2.5000000000e-01
II7312,sa0,,,2.5000000000e-01
g5364_II7312_A,sa0,,,2.5000000000e-01
II7311_II7312_B,sa0,,,2.5000000000e-01
II7313,sa0,,,2.5000000000e-01
g590_II7313_A,sa0,,,2.5000000000e-01
II7311_II7313_B,sa0,,,2.5000000000e-01
g6164,sa0,,,2.5000000000e-01
g5926_g6164_A,sa1,,,2.5000000000e-01
g6340,sa0,30,0,4.6246337891e-01
g6257,sa0,,,4.6246337891e-01
g6069,sa0,,,4.6246337891e-01
g5791_g6069_A,sa1,,,4.6246337891e-01
g6341,sa0,30,0,4.6246337891e-01
g6261,sa0,,,4.6246337891e-01
g6074,sa0,,,4.6246337891e-01
g5794_g6074_A,sa1,,,4.6246337891e-01
g6342,sa0,30,0,4.6246337891e-01
g6264,sa0,,,4.6246337891e-01
g6076,sa0,,,4.6246337891e-01
g5797_g6076_A,sa1,,,4.6246337891e-01
g6343,sa0,30,0,4.6246337891e-01
g6268,sa0,,,4.6246337891e-01
g6078,sa0,,,4.6246337891e-01
g5801_g6078_A,sa1,,,4.6246337891e-01
g6631,sa0,30,0,9.4726562500e-02
g1838_g6631_A,sa0,,,9.4726562500e-02
g6545_g6631_B,sa0,,,9.4726562500e-02
g6640,sa0,2,1,1.9531250000e-03
g1612_g6640_A,sa0,,,1.9531250000e-03
g6549_g6640_B,sa0,,,1.9531250000e-03
g6344,sa0,30,0,4.6246337891e-01
g6272,sa0,,,4.6246337891e-01
g6080,sa0,,,4.6246337891e-01
g5805_g6080_A,sa1,,,4.6246337891e-01
g6631,sa1,32,0,4.5703172684e-01
g6640,sa1,60,0,9.5214890316e-02
g5391,sa0,30,0,6.5707502157e-16
II7055,sa1,,,6.5707502157e-16
g5318_II7055_A,sa0,,,6.5707502157e-16
g6345,sa0,30,0,4.6246337891e-01
g6273,sa0,,,4.6246337891e-01
g6083,sa0,,,4.6246337891e-01
g5809_g6083_A,sa1,,,4.6246337891e-01
g6246,sa1,30,0,3.5247397423e-01
g5665,sa1,,,3.5247397423e-01
g5937,sa1,,,3.5247397423e-01
g6346,sa0,30,0,4.6246337891e-01
g6274,sa0,,,4.6246337891e-01
g6087,sa0,,,4.6246337891e-01
g5813_g6087_A,sa1,,,4.6246337891e-01
g6625,sa0,2,1,1.9531250000e-03
g2121_g6625_A,sa0,,,1.9531250000e-03
g1595_g6625_B,sa0,,,1.9531250000e-03
g6538,sa0,,,1.9531250000e-03
g6469_g6538_A,sa1,,,1.9531250000e-03
g6634,sa0,2,1,1.9531250000e-03
g1595_g6634_A,sa0,,,1.9531250000e-03
g6545_g6634_B,sa0,,,1.9531250000e-03
g6338,sa0,30,0,4.6191406250e-01
g6251,sa0,,,4.6191406250e-01
g6067,sa0,,,4.6191406250e-01
g5788_g6067_A,sa1,,,4.6191406250e-01
g6625,sa1,37,0,1.5625000000e-01
g6634,sa1,60,0,9.0820359066e-02
g6628,sa0,2,1,1.9531250000e-03
g2138_g6628_A,sa0,,,1.9531250000e-03
g1612_g6628_B,sa0,,,1.9531250000e-03
g6540,sa0,,,1.9531250000e-03
g6474_g6540_A,sa1,,,1.9531250000e-03
g6637,sa0,30,0,9.4726562500e-02
g1842_g6637_A,sa0,,,9.4726562500e-02
g6549_g6637_B,sa0,,,9.4726562500e-02
g6628,sa1,37,0,9.3750000000e-02
g6637,sa1,32,0,4.1210938059e-01
g6640_g6660_A,sa0,2,1,9.7656250000e-04
g6625_g6750_B,sa0,0,1,0.0000000000e+00
g6634_g6670_B,sa0,2,1,1.9531250000e-03
g6640_g6673_B,sa0,2,1,1.9531250000e-03
g6631_g6676_A,sa0,30,0,9.4726562500e-02
g6637_g6660_B,sa0,30,0,4.4677734375e-02
g6625_g6754_B,sa0,2,1,1.9531250000e-03
g6631_g6659_B,sa0,30,0,4.4677734375e-02
g6628_g6762_B,sa0,2,1,1.9531250000e-03
g6634_g6659_A,sa0,2,1,9.7656250000e-04
g6628_g6758_B,sa0,0,1,0.0000000000e+00
g6637_g6679_A,sa0,30,0,9.4726562500e-02
g6402,sa0,30,0,4.5831298828e-01
II8220,sa1,,,4.5831298828e-01
g6322,sa0,,,4.5831298828e-01
II8056,sa1,,,4.5831298828e-01
g6109,sa0,,,4.5831298828e-01
g6402,sa1,30,0,5.0952148438e-01
II8220,sa0,,,5.0952148438e-01
g6322,sa1,,,5.0952148438e-01
II8056,sa0,,,5.0952148438e-01
g6109,sa1,,,5.0952148438e-01
g5900,sa1,,,5.0952148438e-01
g5599,sa1,,,5.0952148438e-01
g6403,sa0,30,0,4.5776367188e-01
II8223,sa1,,,4.5776367188e-01
g6325,sa0,,,4.5776367188e-01
II8061,sa1,,,4.5776367188e-01
g6113,sa0,,,4.5776367188e-01
g6403,sa1,30,0,5.0396728516e-01
II8223,sa0,,,5.0396728516e-01
g6325,sa1,,,5.0396728516e-01
II8061,sa0,,,5.0396728516e-01
g6113,sa1,,,5.0396728516e-01
g5902,sa1,,,5.0396728516e-01
g5601,sa1,,,5.0396728516e-01
g6404,sa0,30,0,4.5822143555e-01
II8226,sa1,,,4.5822143555e-01
g6328,sa0,,,4.5822143555e-01
II8066,sa1,,,4.5822143555e-01
g6114,sa0,,,4.5822143555e-01
g6404,sa1,30,0,5.0985717773e-01
II8226,sa0,,,5.0985717773e-01
g6328,sa1,,,5.0985717773e-01
II8066,sa0,,,5.0985717773e-01
g6114,sa1,,,5.0985717773e-01
g5904,sa1,,,5.0985717773e-01
g5604,sa1,,,5.0985717773e-01
g6405,sa0,30,0,4.5870971680e-01
II8229,sa1,,,4.5870971680e-01
g6330,sa0,,,4.5870971680e-01
II8070,sa1,,,4.5870971680e-01
g6116,sa0,,,4.5870971680e-01
g6405,sa1,30,0,5.0682067871e-01
II8229,sa0,,,5.0682067871e-01
g6330,sa1,,,5.0682067871e-01
II8070,sa0,,,5.0682067871e-01
g6116,sa1,,,5.0682067871e-01
g5910,sa1,,,5.0682067871e-01
g5617,sa1,,,5.0682067871e-01
g6406,sa0,30,0,4.5870971680e-01
II8232,sa1,,,4.5870971680e-01
g6332,sa0,,,4.5870971680e-01
II8074,sa1,,,4.5870971680e-01
g6118,sa0,,,4.5870971680e-01
g5227,sa0,30,0,2.2888183594e-04
g6406,sa1,30,0,5.0481414795e-01
II8232,sa0,,,5.0481414795e-01
g6332,sa1,,,5.0481414795e-01
II8074,sa0,,,5.0481414795e-01
g6118,sa1,,,5.0481414795e-01
g5911,sa1,,,5.0481414795e-01
g5619,sa1,,,5.0481414795e-01
g6336,sa0,30,0,4.6223449707e-01
g6246,sa0,,,4.6223449707e-01
g6065,sa0,,,4.6223449707e-01
g5784_g6065_A,sa1,,,4.6223449707e-01
g5491,sa0,30,0,5.0708007813e-01
II7193,sa1,,,5.0708007813e-01
g5466,sa0,,,5.0708007813e-01
II7146,sa1,,,5.0708007813e-01
g5231,sa0,,,5.0708007813e-01
g5491,sa1,30,0,3.8183593750e-01
II7193,sa0,,,3.8183593750e-01
g5466,sa1,,,3.8183593750e-01
II7146,sa0,,,3.8183593750e-01
g5231,sa1,,,3.8183593750e-01
g5048,sa1,,,3.8183593750e-01
g4819_g5048_A,sa1,,,3.8183593750e-01
g3491_g5048_B,sa1,,,3.8183593750e-01
g3559_g5048_C,sa1,,,3.8183593750e-01
g672_g5231_B,sa1,,,3.8183593750e-01
g5546,sa0,30,0,1.0609626770e-05
g5388_g5546_A,sa1,,,1.0609626770e-05
g5915,sa1,14,1,2.4998474121e-01
II7679,sa0,,,2.4998474121e-01
g5726,sa1,,,2.4998474121e-01
II7487,sa0,,,2.4998474121e-01
g5684,sa1,,,2.4998474121e-01
g5546,sa1,30,0,7.2993636131e-03
g5388_g5546_A,sa0,,,7.2993636131e-03
g6676,sa1,30,0,2.5195829943e-01
g6631_g6676_A,sa1,,,2.5195829943e-01
g6555,sa1,,,2.5195829943e-01
g6659,sa0,32,0,4.5654296875e-02
g6679,sa0,60,0,1.0131840408e-01
g6679,sa1,30,0,1.7968872748e-01
g6637_g6679_A,sa1,,,1.7968872748e-01
g6558,sa1,,,1.7968872748e-01
g5546_g5686_A,sa1,30,0,7.0649385452e-03
g5546_g5688_A,sa1,30,0,9.4733046353e-04
g6401,sa0,30,0,4.5889282227e-01
II8217,sa1,,,4.5889282227e-01
g6319,sa0,,,4.5889282227e-01
II8051,sa1,,,4.5889282227e-01
g6108,sa0,,,4.5889282227e-01
g6401,sa1,30,0,5.2148437500e-01
II8217,sa0,,,5.2148437500e-01
g6319,sa1,,,5.2148437500e-01
II8051,sa0,,,5.2148437500e-01
g6108,sa1,,,5.2148437500e-01
g5898,sa1,,,5.2148437500e-01
g5598,sa1,,,5.2148437500e-01
g6660,sa0,32,0,4.5654296875e-02
g5770,sa0,30,0,6.6040039063e-02
g5645,sa1,,,6.6040039063e-02
g5537,sa0,,,6.6040039063e-02
g5385,sa1,,,6.6040039063e-02
g3992_g5385_A,sa1,,,6.6040039063e-02
g5318_g5385_B,sa1,,,6.6040039063e-02
g5824,sa0,8,1,6.2255859375e-02
g5631,sa1,,,6.2255859375e-02
g5536,sa0,,,6.2255859375e-02
g5467,sa1,,,6.2255859375e-02
g3868,sa1,,,6.2255859375e-02
g3491_g3868_A,sa0,,,6.2255859375e-02
g5318_g5467_B,sa1,,,6.2255859375e-02
g3992_g5467_C,sa1,,,6.2255859375e-02
g6670,sa0,62,0,3.6133408546e-02
g5770,sa1,30,0,8.7829589844e-01
g5645,sa0,,,8.7829589844e-01
g5537,sa1,,,8.7829589844e-01
g5385,sa0,,,8.7829589844e-01
g5824,sa1,30,0,1.8005371094e-03
g5631,sa0,,,1.8005371094e-03
g5536,sa1,,,1.8005371094e-03
g5467,sa0,,,1.8005371094e-03
g6670,sa1,30,0,1.7285269499e-01
g6557,sa1,,,1.7285269499e-01
g6634_g6670_B,sa1,,,1.7285269499e-01
g4410_g6670_C,sa1,,,1.7285269499e-01
g2948,sa1,,,1.7285269499e-01
g6673,sa0,62,0,3.6134526134e-02
g6673,sa1,30,0,2.0459078252e-01
g6559,sa1,,,2.0459078252e-01
g6640_g6673_B,sa1,,,2.0459078252e-01
g4416_g6673_C,sa1,,,2.0459078252e-01
g2950,sa1,,,2.0459078252e-01
g6676,sa0,60,0,1.0595705546e-01
g5688,sa0,30,0,2.8747241944e-01
g5546_g5688_A,sa0,,,2.8747241944e-01
g1585,sa0,,,2.8747241944e-01
g1017_g1585_A,sa0,,,2.8747241944e-01
g1011_g1585_B,sa0,,,2.8747241944e-01
g2084,sa0,,,2.8747241944e-01
g1577,sa0,,,2.8747241944e-01
g1001_g1577_A,sa1,,,2.8747241944e-01
g1563,sa0,,,2.8747241944e-01
g1006_g1563_A,sa1,,,2.8747241944e-01
g2916_g5688_D,sa0,,,2.8747241944e-01
g5688,sa1,30,0,7.3388219146e-07
g5824_g6060_A,sa1,0,1,0.0000000000e+00
g5824_g6061_A,sa1,0,1,0.0000000000e+00
g5824_g6055_A,sa1,0,1,0.0000000000e+00
g5824_g6047_A,sa1,0,1,0.0000000000e+00
g5824_g6056_A,sa1,0,1,0.0000000000e+00
g6670_g6750_A,sa0,30,0,3.2226774842e-02
g5824_g6066_A,sa1,0,1,0.0000000000e+00
g5824_g6068_A,sa1,0,1,0.0000000000e+00
g5824_g6077_A,sa1,0,1,0.0000000000e+00
g5824_g5883_A,sa1,0,1,0.0000000000e+00
g6676_g6754_A,sa0,30,0,6.1035482213e-03
g6673_g6758_A,sa0,30,0,3.2226774842e-02
g6679_g6762_A,sa0,30,0,4.6387352049e-03
g5638,sa0,30,0,3.4968852997e-03
II7397,sa1,,,3.4968852997e-03
g5561,sa0,,,3.4968852997e-03
g5638,sa1,30,0,9.8101956240e-16
II7397,sa0,,,9.8101956240e-16
g5561,sa1,,,9.8101956240e-16
g5391,sa1,,,9.8101956240e-16
II7055,sa0,,,9.8101956240e-16
g5318_II7055_A,sa1,,,9.8101956240e-16
g1589_g5561_B,sa1,,,9.8101956240e-16
g3793_g5561_C,sa1,,,9.8101956240e-16
g1880_g5561_D,sa1,,,9.8101956240e-16
g5649,sa0,30,0,4.0570739657e-08
II7404,sa1,,,4.0570739657e-08
g5541,sa0,,,4.0570739657e-08
g5649,sa1,30,0,6.3234940171e-05
II7404,sa0,,,6.3234940171e-05
g5541,sa1,,,6.3234940171e-05
g5388_g5541_A,sa1,,,6.3234940171e-05
g1880_g5541_B,sa1,,,6.3234940171e-05
g5995,sa0,0,1,0.0000000000e+00
g5824_g5995_A,sa1,,,0.0000000000e+00
g5996,sa0,0,1,0.0000000000e+00
g5824_g5996_A,sa1,,,0.0000000000e+00
g5638_g5821_A,sa1,30,0,1.2013294438e-15
g5638_g5852_A,sa1,30,0,7.6385800446e-16
g5688_g5731_B,sa0,30,0,1.7184483632e-01
g5638_g5853_A,sa1,30,0,7.6385800446e-16
g5638_g5818_A,sa1,30,0,1.4450246555e-15
g5638_g5854_A,sa1,30,0,2.9802323715e-08
g5649_g5862_A,sa1,30,0,2.1480955184e-06
g5649_g5872_A,sa1,30,0,6.1802566051e-05
g5649_g5863_A,sa1,30,0,1.0776659474e-04
g5649_g5864_A,sa1,30,0,5.2412829632e-10
g5688_g5753_B,sa0,30,0,4.0152859688e-01
g5649_g5873_A,sa1,30,0,6.1802566051e-05
g5638_g5857_A,sa1,30,0,2.9802323715e-08
g5649_g5865_A,sa1,30,0,3.6407732384e-10
g5649_g5866_A,sa1,0,1,0.0000000000e+00
g5649_g5869_A,sa1,0,1,0.0000000000e+00
g6040,sa0,4,1,4.6875000000e-01
g5824_g6040_A,sa1,,,4.6875000000e-01
g5330,sa0,30,0,9.1552734375e-04
II6992,sa1,,,9.1552734375e-04
g5151,sa0,,,9.1552734375e-04
II6819,sa1,,,9.1552734375e-04
g5019_II6819_A,sa0,,,9.1552734375e-04
g6014,sa0,0,1,0.0000000000e+00
g5824_g6014_A,sa1,,,0.0000000000e+00
g6040,sa1,0,1,0.0000000000e+00
g5824_g6040_A,sa0,,,0.0000000000e+00
g5330,sa1,30,0,9.1552734375e-04
II6992,sa0,,,9.1552734375e-04
g5151,sa1,,,9.1552734375e-04
II6819,sa0,,,9.1552734375e-04
g5019_II6819_A,sa1,,,9.1552734375e-04
g6033,sa0,0,1,0.0000000000e+00
g5824_g6033_A,sa1,,,0.0000000000e+00
g6051,sa0,0,1,0.0000000000e+00
g5824_g6051_A,sa1,,,0.0000000000e+00
g6060,sa0,1,1,3.1250000000e-02
g5824_g6060_A,sa0,,,3.1250000000e-02
g1703_g6060_B,sa0,,,3.1250000000e-02
g6034,sa0,0,1,0.0000000000e+00
g5824_g6034_A,sa1,,,0.0000000000e+00
g6043,sa0,0,1,0.0000000000e+00
g5824_g6043_A,sa1,,,0.0000000000e+00
g6061,sa0,1,1,3.1250000000e-02
g5824_g6061_A,sa0,,,3.1250000000e-02
g1711_g6061_B,sa0,,,3.1250000000e-02
g6052,sa0,4,1,4.6875000000e-01
g5824_g6052_A,sa1,,,4.6875000000e-01
g6070,sa0,4,1,4.6875000000e-01
g5824_g6070_A,sa1,,,4.6875000000e-01
g6035,sa0,0,1,0.0000000000e+00
g5824_g6035_A,sa1,,,0.0000000000e+00
g6044,sa0,4,1,4.6875000000e-01
g5824_g6044_A,sa1,,,4.6875000000e-01
g6052,sa1,0,1,0.0000000000e+00
g5824_g6052_A,sa0,,,0.0000000000e+00
g6062,sa0,4,1,4.6875000000e-01
g5824_g6062_A,sa1,,,4.6875000000e-01
g6070,sa1,0,1,0.0000000000e+00
g5824_g6070_A,sa0,,,0.0000000000e+00
g6036,sa0,4,1,4.6875000000e-01
g5824_g6036_A,sa1,,,4.6875000000e-01
g6044,sa1,0,1,0.0000000000e+00
g5824_g6044_A,sa0,,,0.0000000000e+00
g6062,sa1,0,1,0.0000000000e+00
g5824_g6062_A,sa0,,,0.0000000000e+00
g6055,sa0,1,1,3.1250000000e-02
g5824_g6055_A,sa0,,,3.1250000000e-02
g1696_g6055_B,sa0,,,3.1250000000e-02
g6036,sa1,0,1,0.0000000000e+00
g5824_g6036_A,sa0,,,0.0000000000e+00
g6047,sa0,1,1,3.1250000000e-02
g5824_g6047_A,sa0,,,3.1250000000e-02
g1692_g6047_B,sa0,,,3.1250000000e-02
g6056,sa0,1,1,3.1250000000e-02
g5824_g6056_A,sa0,,,3.1250000000e-02
g1699_g6056_B,sa0,,,3.1250000000e-02
g6712,sa1,30,0,9.9609375000e-02
g6676_g6712_A,sa0,,,9.9609375000e-02
g6039,sa0,0,1,0.0000000000e+00
g5824_g6039_A,sa1,,,0.0000000000e+00
g6066,sa0,1,1,3.1250000000e-02
g5824_g6066_A,sa0,,,3.1250000000e-02
g1721_g6066_B,sa0,,,3.1250000000e-02
g5742,sa0,30,0,9.5963478088e-06
g5686,sa1,,,9.5963478088e-06
g6048,sa0,4,1,4.6875000000e-01
g5824_g6048_A,sa1,,,4.6875000000e-01
g6057,sa0,4,1,4.6875000000e-01
g5824_g6057_A,sa1,,,4.6875000000e-01
g6713,sa1,30,0,9.9609375000e-02
g6679_g6713_A,sa0,,,9.9609375000e-02
g5742,sa1,30,0,6.2755334377e-01
g5686,sa0,,,6.2755334377e-01
g5546_g5686_A,sa0,,,6.2755334377e-01
g1017_g5686_B,sa0,,,6.2755334377e-01
g1551,sa0,,,6.2755334377e-01
g1011_g1551_A,sa1,,,6.2755334377e-01
g2916_g5686_D,sa0,,,6.2755334377e-01
g6048,sa1,0,1,0.0000000000e+00
g5824_g6048_A,sa0,,,0.0000000000e+00
g6057,sa1,0,1,0.0000000000e+00
g5824_g6057_A,sa0,,,0.0000000000e+00
g6714,sa1,3,1,5.8593750000e-03
g6670_g6714_A,sa0,,,5.8593750000e-03
g6068,sa0,1,1,3.1250000000e-02
g5824_g6068_A,sa0,,,3.1250000000e-02
g1726_g6068_B,sa0,,,3.1250000000e-02
g6077,sa0,1,1,3.1250000000e-02
g5824_g6077_A,sa0,,,3.1250000000e-02
g1735_g6077_B,sa0,,,3.1250000000e-02
g6715,sa1,3,1,5.8593750000e-03
g6673_g6715_A,sa0,,,5.8593750000e-03
g6591,sa0,15,1,7.5001525879e-01
II8641,sa1,,,7.5001525879e-01
g6524,sa0,,,7.5001525879e-01
II8488,sa1,,,7.5001525879e-01
g6426,sa0,,,7.5001525879e-01
g5880,sa0,30,0,2.9541015625e-02
g5824_g5880_A,sa1,,,2.9541015625e-02
g6591,sa1,14,1,2.4998474121e-01
II8641,sa0,,,2.4998474121e-01
g6524,sa1,,,2.4998474121e-01
II8488,sa0,,,2.4998474121e-01
g6426,sa1,,,2.4998474121e-01
g6288,sa1,,,2.4998474121e-01
g6119,sa1,,,2.4998474121e-01
II7829,sa0,,,2.4998474121e-01
g5926_II7829_A,sa1,,,2.4998474121e-01
g5880,sa1,0,1,0.0000000000e+00
g5824_g5880_A,sa0,,,0.0000000000e+00
g5883,sa0,30,0,7.3242187500e-03
g5824_g5883_A,sa0,,,7.3242187500e-03
g3752_g5883_B,sa0,,,7.3242187500e-03
g6586,sa1,30,0,5.0055217743e-01
II8626,sa0,,,5.0055217743e-01
g6543,sa1,,,5.0055217743e-01
II8541,sa0,,,5.0055217743e-01
g6452,sa1,,,5.0055217743e-01
g6342,sa1,,,5.0055217743e-01
g5942,sa1,,,5.0055217743e-01
g6587,sa0,30,0,4.6380686760e-01
II8629,sa1,,,4.6380686760e-01
g6544,sa0,,,4.6380686760e-01
II8544,sa1,,,4.6380686760e-01
g6453,sa0,,,4.6380686760e-01
g6595,sa1,14,1,2.4998474121e-01
II8653,sa0,,,2.4998474121e-01
g6531,sa1,,,2.4998474121e-01
II8509,sa0,,,2.4998474121e-01
g6437,sa1,,,2.4998474121e-01
g6302,sa1,,,2.4998474121e-01
g6121,sa1,,,2.4998474121e-01
II7835,sa0,,,2.4998474121e-01
g5926_II7835_A,sa1,,,2.4998474121e-01
g5857,sa1,9,1,4.8449262977e-04
g5866,sa1,0,1,0.0000000000e+00
g6587,sa1,30,0,5.0055217743e-01
II8629,sa0,,,5.0055217743e-01
g6544,sa1,,,5.0055217743e-01
II8544,sa0,,,5.0055217743e-01
g6453,sa1,,,5.0055217743e-01
g6343,sa1,,,5.0055217743e-01
g5945,sa1,,,5.0055217743e-01
g6588,sa0,30,0,4.6380686760e-01
II8632,sa1,,,4.6380686760e-01
g6548,sa0,,,4.6380686760e-01
II8548,sa1,,,4.6380686760e-01
g6454,sa0,,,4.6380686760e-01
g6588,sa1,30,0,5.0055217743e-01
II8632,sa0,,,5.0055217743e-01
g6548,sa1,,,5.0055217743e-01
II8548,sa0,,,5.0055217743e-01
g6454,sa1,,,5.0055217743e-01
g6344,sa1,,,5.0055217743e-01
g5949,sa1,,,5.0055217743e-01
g6589,sa0,30,0,4.6380686760e-01
II8635,sa1,,,4.6380686760e-01
g6552,sa0,,,4.6380686760e-01
II8552,sa1,,,4.6380686760e-01
g6455,sa0,,,4.6380686760e-01
g5869,sa0,30,0,6.2704086304e-05
g5649_g5869_A,sa0,,,6.2704086304e-05
g1076_g5869_B,sa0,,,6.2704086304e-05
g2081_g5869_C,sa0,,,6.2704086304e-05
g6589,sa1,30,0,5.0055217743e-01
II8635,sa0,,,5.0055217743e-01
g6552,sa1,,,5.0055217743e-01
II8552,sa0,,,5.0055217743e-01
g6455,sa1,,,5.0055217743e-01
g6345,sa1,,,5.0055217743e-01
g5952,sa1,,,5.0055217743e-01
g5869,sa1,0,1,0.0000000000e+00
g6036_g6250_B,sa1,0,1,0.0000000000e+00
g6040_g6256_B,sa1,0,1,0.0000000000e+00
g6062_g6270_B,sa1,0,1,0.0000000000e+00
g6052_g6263_B,sa1,0,1,0.0000000000e+00
g6048_g6260_B,sa1,0,1,0.0000000000e+00
g5742_g6090_B,sa1,30,0,2.4976539612e-01
g5880_g6132_B,sa1,0,1,0.0000000000e+00
g6070_g6275_B,sa1,0,1,0.0000000000e+00
g5742_g6082_B,sa1,30,0,2.4976539612e-01
g5742_g6093_B,sa1,30,0,2.4976539612e-01
g6044_g6259_B,sa1,0,1,0.0000000000e+00
g5742_g6086_B,sa1,30,0,2.4976539612e-01
g6057_g6266_B,sa1,0,1,0.0000000000e+00
g6110,sa0,30,0,7.3242187500e-03
g6110,sa1,30,0,7.3242187500e-03
g5883,sa1,,,7.3242187500e-03
g5996,sa1,,,7.3242187500e-03
g5824_g5996_A,sa0,,,7.3242187500e-03
g6170,sa0,1,1,3.1250000000e-02
g6115,sa1,30,0,8.7829589844e-01
g5879,sa0,,,8.7829589844e-01
g5770_g5879_A,sa1,,,8.7829589844e-01
g6170,sa1,1,1,3.1250000000e-02
g6061,sa1,,,3.1250000000e-02
g6014,sa1,,,3.1250000000e-02
g5824_g6014_A,sa0,,,3.1250000000e-02
g5821,sa0,30,0,1.4128911371e-15
g5638_g5821_A,sa0,,,1.4128911371e-15
g2056_g5821_B,sa0,,,1.4128911371e-15
g1076_g5821_C,sa0,,,1.4128911371e-15
g1666_g5821_D,sa0,,,1.4128911371e-15
g5731,sa0,30,0,1.5497207669e-06
g5821,sa1,30,0,5.7542536888e-04
g6182,sa0,1,1,3.1250000000e-02
g6173,sa0,1,1,3.1250000000e-02
g5731,sa1,30,0,3.4371984005e-01
g952_g5731_A,sa1,,,3.4371984005e-01
g5688_g5731_B,sa1,,,3.4371984005e-01
g6182,sa1,1,1,3.1250000000e-02
g6047,sa1,,,3.1250000000e-02
g6034,sa1,,,3.1250000000e-02
g5824_g6034_A,sa0,,,3.1250000000e-02
g6173,sa1,1,1,3.1250000000e-02
g6066,sa1,,,3.1250000000e-02
g6043,sa1,,,3.1250000000e-02
g5824_g6043_A,sa0,,,3.1250000000e-02
g6590,sa0,30,0,4.6380686760e-01
II8638,sa1,,,4.6380686760e-01
g6553,sa0,,,4.6380686760e-01
II8555,sa1,,,4.6380686760e-01
g6456,sa0,,,4.6380686760e-01
g6185,sa0,1,1,3.1250000000e-02
g6167,sa0,1,1,3.1250000000e-02
g6176,sa0,1,1,3.1250000000e-02
g5753,sa0,30,0,9.3225389719e-07
g6590,sa1,30,0,5.0055217743e-01
II8638,sa0,,,5.0055217743e-01
g6553,sa1,,,5.0055217743e-01
II8555,sa0,,,5.0055217743e-01
g6456,sa1,,,5.0055217743e-01
g6346,sa1,,,5.0055217743e-01
g5954,sa1,,,5.0055217743e-01
g6185,sa1,1,1,3.1250000000e-02
g6055,sa1,,,3.1250000000e-02
g5995,sa1,,,3.1250000000e-02
g5824_g5995_A,sa0,,,3.1250000000e-02
g6167,sa1,1,1,3.1250000000e-02
g6056,sa1,,,3.1250000000e-02
g6039,sa1,,,3.1250000000e-02
g5824_g6039_A,sa0,,,3.1250000000e-02
g6176,sa1,1,1,3.1250000000e-02
g6068,sa1,,,3.1250000000e-02
g6033,sa1,,,3.1250000000e-02
g5824_g6033_A,sa0,,,3.1250000000e-02
g5753,sa1,30,0,8.0305695534e-01
g1477_g5753_A,sa1,,,8.0305695534e-01
g5688_g5753_B,sa1,,,8.0305695534e-01
g5862,sa0,30,0,3.4369528294e-05
g5649_g5862_A,sa0,,,3.4369528294e-05
g1529_g5862_B,sa0,,,3.4369528294e-05
g1535_g5862_C,sa0,,,3.4369528294e-05
g2068_g5862_D,sa0,,,3.4369528294e-05
g6583,sa0,30,0,4.6380686760e-01
II8617,sa1,,,4.6380686760e-01
g6539,sa0,,,4.6380686760e-01
II8531,sa1,,,4.6380686760e-01
g6444,sa0,,,4.6380686760e-01
g6592,sa0,10,1,2.5000000000e-01
II8644,sa1,,,2.5000000000e-01
g6526,sa0,,,2.5000000000e-01
II8494,sa1,,,2.5000000000e-01
g6428,sa0,,,2.5000000000e-01
II8290,sa1,,,2.5000000000e-01
g6291,sa0,,,2.5000000000e-01
g5210,sa0,,,2.5000000000e-01
II6874,sa1,,,2.5000000000e-01
g4861,sa0,,,2.5000000000e-01
II6587,sa1,,,2.5000000000e-01
g4803,sa0,,,2.5000000000e-01
II6474,sa0,,,2.5000000000e-01
g4541_II6474_A,sa0,,,2.5000000000e-01
II6473_II6474_B,sa0,,,2.5000000000e-01
II6475,sa0,,,2.5000000000e-01
g578_II6475_A,sa0,,,2.5000000000e-01
II6473_II6475_B,sa0,,,2.5000000000e-01
g6161,sa0,,,2.5000000000e-01
g5926_g6161_A,sa1,,,2.5000000000e-01
g5818,sa0,30,0,1.6653345369e-15
g5638_g5818_A,sa0,,,1.6653345369e-15
g2056_g5818_B,sa0,,,1.6653345369e-15
g1666_g5818_C,sa0,,,1.6653345369e-15
g1661_g5818_D,sa0,,,1.6653345369e-15
g5854,sa0,30,0,2.4414062500e-04
g5638_g5854_A,sa0,,,2.4414062500e-04
g1683,sa0,,,2.4414062500e-04
g1017_g1683_A,sa1,,,2.4414062500e-04
g1552_g5854_C,sa0,,,2.4414062500e-04
g2062_g5854_D,sa0,,,2.4414062500e-04
g6736,sa0,30,0,4.5166037977e-02
g6712,sa0,,,4.5166037977e-02
g6676_g6712_A,sa1,,,4.5166037977e-02
g754_g6736_B,sa0,,,4.5166037977e-02
g5237_g6736_C,sa0,,,4.5166037977e-02
g5863,sa0,30,0,1.4251228422e-03
g5649_g5863_A,sa0,,,1.4251228422e-03
g1076_g5863_B,sa0,,,1.4251228422e-03
g1535_g5863_C,sa0,,,1.4251228422e-03
g2068_g5863_D,sa0,,,1.4251228422e-03
g6583,sa1,30,0,5.0055217743e-01
II8617,sa0,,,5.0055217743e-01
g6539,sa1,,,5.0055217743e-01
II8531,sa0,,,5.0055217743e-01
g6444,sa1,,,5.0055217743e-01
g6338,sa1,,,5.0055217743e-01
g5936,sa1,,,5.0055217743e-01
g6584,sa0,30,0,4.6380686760e-01
II8620,sa1,,,4.6380686760e-01
g6541,sa0,,,4.6380686760e-01
II8535,sa1,,,4.6380686760e-01
g6447,sa0,,,4.6380686760e-01
g6592,sa1,11,1,7.5000000000e-01
II8644,sa0,,,7.5000000000e-01
g6526,sa1,,,7.5000000000e-01
II8494,sa0,,,7.5000000000e-01
g6428,sa1,,,7.5000000000e-01
II8290,sa0,,,7.5000000000e-01
g6291,sa1,,,7.5000000000e-01
g6593,sa0,11,1,2.5000000000e-01
II8647,sa1,,,2.5000000000e-01
g6528,sa0,,,2.5000000000e-01
II8500,sa1,,,2.5000000000e-01
g6431,sa0,,,2.5000000000e-01
II8295,sa1,,,2.5000000000e-01
g6295,sa0,,,2.5000000000e-01
g5379,sa0,,,2.5000000000e-01
II7035,sa1,,,2.5000000000e-01
g5150,sa0,,,2.5000000000e-01
II6816,sa1,,,2.5000000000e-01
g5111,sa0,,,2.5000000000e-01
II6744,sa0,,,2.5000000000e-01
g4708_II6744_A,sa0,,,2.5000000000e-01
II6743_II6744_B,sa0,,,2.5000000000e-01
II6745,sa0,,,2.5000000000e-01
g582_II6745_A,sa0,,,2.5000000000e-01
II6743_II6745_B,sa0,,,2.5000000000e-01
g6162,sa0,,,2.5000000000e-01
g5926_g6162_A,sa1,,,2.5000000000e-01
g5818,sa1,30,0,9.5164775848e-04
g5854,sa1,9,1,4.8449262977e-04
g6179,sa0,1,1,3.1250000000e-02
g6737,sa0,30,0,1.7089986801e-01
g6714,sa0,,,1.7089986801e-01
g6670_g6714_A,sa1,,,1.7089986801e-01
g760_g6737_B,sa0,,,1.7089986801e-01
g5237_g6737_C,sa0,,,1.7089986801e-01
g6584,sa1,30,0,5.0055217743e-01
II8620,sa0,,,5.0055217743e-01
g6541,sa1,,,5.0055217743e-01
II8535,sa0,,,5.0055217743e-01
g6447,sa1,,,5.0055217743e-01
g6340,sa1,,,5.0055217743e-01
g5938,sa1,,,5.0055217743e-01
g6585,sa0,30,0,4.6380686760e-01
II8623,sa1,,,4.6380686760e-01
g6542,sa0,,,4.6380686760e-01
II8538,sa1,,,4.6380686760e-01
g6450,sa0,,,4.6380686760e-01
g6593,sa1,12,1,7.5000000000e-01
II8647,sa0,,,7.5000000000e-01
g6528,sa1,,,7.5000000000e-01
II8500,sa0,,,7.5000000000e-01
g6431,sa1,,,7.5000000000e-01
II8295,sa0,,,7.5000000000e-01
g6295,sa1,,,7.5000000000e-01
g6594,sa0,12,1,2.5000000000e-01
II8650,sa1,,,2.5000000000e-01
g6529,sa0,,,2.5000000000e-01
II8503,sa1,,,2.5000000000e-01
g6434,sa0,,,2.5000000000e-01
II8300,sa1,,,2.5000000000e-01
g6299,sa0,,,2.5000000000e-01
g5530,sa0,,,2.5000000000e-01
II7270,sa1,,,2.5000000000e-01
g5352,sa0,,,2.5000000000e-01
II7002,sa1,,,2.5000000000e-01
g5308,sa0,,,2.5000000000e-01
II6963,sa0,,,2.5000000000e-01
g4874_II6963_A,sa0,,,2.5000000000e-01
II6962_II6963_B,sa0,,,2.5000000000e-01
II6964,sa0,,,2.5000000000e-01
g586_II6964_A,sa0,,,2.5000000000e-01
II6962_II6964_B,sa0,,,2.5000000000e-01
g6163,sa0,,,2.5000000000e-01
g5926_g6163_A,sa1,,,2.5000000000e-01
g6189,sa0,1,1,3.1250000000e-02
g6179,sa1,1,1,3.1250000000e-02
g6077,sa1,,,3.1250000000e-02
g6051,sa1,,,3.1250000000e-02
g5824_g6051_A,sa0,,,3.1250000000e-02
g6738,sa0,30,0,4.5166037977e-02
g6713,sa0,,,4.5166037977e-02
g6679_g6713_A,sa1,,,4.5166037977e-02
g809_g6738_B,sa0,,,4.5166037977e-02
g5242_g6738_C,sa0,,,4.5166037977e-02
g6585,sa1,30,0,5.0055217743e-01
II8623,sa0,,,5.0055217743e-01
g6542,sa1,,,5.0055217743e-01
II8538,sa0,,,5.0055217743e-01
g6450,sa1,,,5.0055217743e-01
g6341,sa1,,,5.0055217743e-01
g5940,sa1,,,5.0055217743e-01
g6586,sa0,30,0,4.6380686760e-01
II8626,sa1,,,4.6380686760e-01
g6543,sa0,,,4.6380686760e-01
II8541,sa1,,,4.6380686760e-01
g6452,sa0,,,4.6380686760e-01
g6594,sa1,13,1,7.5000000000e-01
II8650,sa0,,,7.5000000000e-01
g6529,sa1,,,7.5000000000e-01
II8503,sa0,,,7.5000000000e-01
g6434,sa1,,,7.5000000000e-01
II8300,sa0,,,7.5000000000e-01
g6299,sa1,,,7.5000000000e-01
g6595,sa0,16,1,7.5001525879e-01
II8653,sa1,,,7.5001525879e-01
g6531,sa0,,,7.5001525879e-01
II8509,sa1,,,7.5001525879e-01
g6437,sa0,,,7.5001525879e-01
g5857,sa0,30,0,2.4414062500e-04
g5638_g5857_A,sa0,,,2.4414062500e-04
g1552_g5857_B,sa0,,,2.4414062500e-04
g1017_g5857_C,sa0,,,2.4414062500e-04
g2062_g5857_D,sa0,,,2.4414062500e-04
g6189,sa1,1,1,3.1250000000e-02
g6060,sa1,,,3.1250000000e-02
g6035,sa1,,,3.1250000000e-02
g5824_g6035_A,sa0,,,3.1250000000e-02
g5866,sa0,30,0,6.2704086304e-05
g5649_g5866_A,sa0,,,6.2704086304e-05
g1529_g5866_B,sa0,,,6.2704086304e-05
g2081_g5866_C,sa0,,,6.2704086304e-05
g6739,sa0,30,0,1.6113590449e-01
g6715,sa0,,,1.6113590449e-01
g6673_g6715_A,sa1,,,1.6113590449e-01
g815_g6739_B,sa0,,,1.6113590449e-01
g5242_g6739_C,sa0,,,1.6113590449e-01
g5885,sa0,0,1,0.0000000000e+00
g5865,sa1,,,0.0000000000e+00
g6758,sa0,60,0,7.7392812818e-02
g6758,sa1,30,0,1.6113413125e-01
g6673_g6758_A,sa1,,,1.6113413125e-01
g6628_g6758_B,sa1,,,1.6113413125e-01
g6738,sa1,,,1.6113413125e-01
g5895,sa1,30,0,1.4305114746e-05
g5742_g5895_A,sa0,,,1.4305114746e-05
g5887,sa1,30,0,1.4305114746e-05
g5742_g5887_A,sa0,,,1.4305114746e-05
g5889,sa1,30,0,1.4305114746e-05
g5742_g5889_A,sa0,,,1.4305114746e-05
g5731_g6081_B,sa1,30,0,1.8429671600e-01
g5731_g6092_B,sa1,30,0,2.4997049570e-01
g5731_g6085_B,sa1,30,0,2.4804691603e-01
g5753_g6091_B,sa1,30,0,2.4997049570e-01
g5753_g6084_B,sa1,30,0,2.4997049570e-01
g5731_g6089_B,sa1,30,0,2.4997049570e-01
g5753_g6094_B,sa1,30,0,2.4997049570e-01
g5821_g5947_A,sa1,25,1,2.3302272893e-06
g5753_g6096_B,sa1,30,0,2.4997049570e-01
g5818_g5943_A,sa1,0,1,0.0000000000e+00
g5854_g6095_B,sa1,2,1,3.3378601074e-06
g5753_g6079_B,sa1,30,0,2.4997049570e-01
g5753_g6088_B,sa1,30,0,2.4997049570e-01
g5866_g6354_A,sa1,0,1,0.0000000000e+00
g5753_g6098_B,sa1,30,0,2.4997049570e-01
g5753_g6099_B,sa1,30,0,2.4997049570e-01
g5857_g6097_B,sa1,2,1,3.3378601074e-06
g5869_g6348_A,sa1,0,1,0.0000000000e+00
g6132,sa0,30,0,2.9541015625e-02
g3752_g6132_A,sa0,,,2.9541015625e-02
g5880_g6132_B,sa0,,,2.9541015625e-02
g6230,sa1,4,1,4.6875000000e-01
g6040_g6230_A,sa0,,,4.6875000000e-01
g6250,sa0,4,1,4.6875000000e-01
g1692_g6250_A,sa0,,,4.6875000000e-01
g6036_g6250_B,sa0,,,4.6875000000e-01
g6231,sa1,4,1,4.6875000000e-01
g6044_g6231_A,sa0,,,4.6875000000e-01
g6260,sa0,4,1,4.6875000000e-01
g1703_g6260_A,sa0,,,4.6875000000e-01
g6048_g6260_B,sa0,,,4.6875000000e-01
g6232,sa1,4,1,4.6875000000e-01
g6048_g6232_A,sa0,,,4.6875000000e-01
g6090,sa0,30,0,2.8610229492e-05
g1161_g6090_A,sa0,,,2.8610229492e-05
g5742_g6090_B,sa0,,,2.8610229492e-05
g6270,sa0,4,1,4.6875000000e-01
g1726_g6270_A,sa0,,,4.6875000000e-01
g6062_g6270_B,sa0,,,4.6875000000e-01
g6233,sa1,4,1,4.6875000000e-01
g6052_g6233_A,sa0,,,4.6875000000e-01
g6082,sa0,30,0,2.8610229492e-05
g1123_g6082_A,sa0,,,2.8610229492e-05
g5742_g6082_B,sa0,,,2.8610229492e-05
g6117,sa1,30,0,2.9541015625e-02
g5880_g6117_A,sa0,,,2.9541015625e-02
g6234,sa1,4,1,4.6875000000e-01
g6057_g6234_A,sa0,,,4.6875000000e-01
g6073,sa0,0,1,0.0000000000e+00
g6137,sa0,0,1,0.0000000000e+00
II7859,sa1,,,0.0000000000e+00
g6032,sa0,,,0.0000000000e+00
g5770_g6032_A,sa1,,,0.0000000000e+00
g5912,sa0,8,1,1.9454956055e-03
g5853,sa1,,,1.9454956055e-03
g6263,sa0,4,1,4.6875000000e-01
g1711_g6263_A,sa0,,,4.6875000000e-01
g6052_g6263_B,sa0,,,4.6875000000e-01
g6235,sa1,4,1,4.6875000000e-01
g6062_g6235_A,sa0,,,4.6875000000e-01
g6137,sa1,30,0,6.6040039063e-02
II7859,sa0,,,6.6040039063e-02
g6032,sa1,,,6.6040039063e-02
g5770_g6032_A,sa0,,,6.6040039063e-02
g5912,sa1,30,0,2.3841857967e-07
g5853,sa0,,,2.3841857967e-07
g5638_g5853_A,sa0,,,2.3841857967e-07
g2053_g5853_B,sa0,,,2.3841857967e-07
g1076_g5853_C,sa0,,,2.3841857967e-07
g6093,sa0,30,0,2.8610229492e-05
g1177_g6093_A,sa0,,,2.8610229492e-05
g5742_g6093_B,sa0,,,2.8610229492e-05
g6236,sa1,4,1,4.6875000000e-01
g6070_g6236_A,sa0,,,4.6875000000e-01
g6750,sa0,60,0,7.7392812818e-02
g6075,sa0,30,0,8.3691702457e-09
g5905,sa0,8,1,1.9454956055e-03
g5852,sa1,,,1.9454956055e-03
g6256,sa0,4,1,4.6875000000e-01
g1696_g6256_A,sa0,,,4.6875000000e-01
g6040_g6256_B,sa0,,,4.6875000000e-01
g6750,sa1,30,0,1.6113413125e-01
g6670_g6750_A,sa1,,,1.6113413125e-01
g6625_g6750_B,sa1,,,1.6113413125e-01
g6736,sa1,,,1.6113413125e-01
g5582,sa0,30,0,5.0022125244e-01
II7342,sa1,,,5.0022125244e-01
g5579,sa0,,,5.0022125244e-01
II7333,sa1,,,5.0022125244e-01
g5386,sa0,,,5.0022125244e-01
g5905,sa1,30,0,2.3841857967e-07
g5852,sa0,,,2.3841857967e-07
g5638_g5852_A,sa0,,,2.3841857967e-07
g2053_g5852_B,sa0,,,2.3841857967e-07
g1661_g5852_C,sa0,,,2.3841857967e-07
g6086,sa0,30,0,2.8610229492e-05
g1143_g6086_A,sa0,,,2.8610229492e-05
g5742_g6086_B,sa0,,,2.8610229492e-05
g6266,sa0,4,1,4.6875000000e-01
g1721_g6266_A,sa0,,,4.6875000000e-01
g6057_g6266_B,sa0,,,4.6875000000e-01
g6275,sa0,4,1,4.6875000000e-01
g1735_g6275_A,sa0,,,4.6875000000e-01
g6070_g6275_B,sa0,,,4.6875000000e-01
g6229,sa1,4,1,4.6875000000e-01
g6036_g6229_A,sa0,,,4.6875000000e-01
g6582,sa0,30,0,4.6215891838e-01
II8614,sa1,,,4.6215891838e-01
g6537,sa0,,,4.6215891838e-01
II8527,sa1,,,4.6215891838e-01
g6440,sa0,,,4.6215891838e-01
g5582,sa1,30,0,2.5022125244e-01
II7342,sa0,,,2.5022125244e-01
g5579,sa1,,,2.5022125244e-01
II7333,sa0,,,2.5022125244e-01
g5386,sa1,,,2.5022125244e-01
g5227,sa1,,,2.5022125244e-01
g5019_g5227_A,sa1,,,2.5022125244e-01
g3559_g5227_B,sa1,,,2.5022125244e-01
g669_g5386_B,sa1,,,2.5022125244e-01
g6762,sa0,62,0,1.6772776470e-01
g6582,sa1,30,0,3.9966011047e-01
II8614,sa0,,,3.9966011047e-01
g6537,sa1,,,3.9966011047e-01
II8527,sa0,,,3.9966011047e-01
g6440,sa1,,,3.9966011047e-01
g6336,sa1,,,3.9966011047e-01
g5935,sa1,,,3.9966011047e-01
g6259,sa0,4,1,4.6875000000e-01
g1699_g6259_A,sa0,,,4.6875000000e-01
g6044_g6259_B,sa0,,,4.6875000000e-01
g6754,sa0,62,0,1.7895654123e-01
g6762,sa1,30,0,2.2363417223e-01
g6679_g6762_A,sa1,,,2.2363417223e-01
g6628_g6762_B,sa1,,,2.2363417223e-01
g6739,sa1,,,2.2363417223e-01
g6754,sa1,30,0,1.6992682964e-01
g6676_g6754_A,sa1,,,1.6992682964e-01
g6625_g6754_B,sa1,,,1.6992682964e-01
g6737,sa1,,,1.6992682964e-01
g5884,sa0,0,1,0.0000000000e+00
g5864,sa1,,,0.0000000000e+00
g5892,sa1,30,0,1.4305114746e-05
g5742_g5892_A,sa0,,,1.4305114746e-05
g5893,sa1,30,0,1.7881393433e-06
g5753_g5893_A,sa0,,,1.7881393433e-06
g5975,sa0,30,0,9.4878673553e-04
g5821_g5975_A,sa1,,,9.4878673553e-04
g5894,sa1,30,0,1.7881393433e-06
g5731_g5894_A,sa0,,,1.7881393433e-06
g5975,sa1,30,0,1.4128911371e-15
g5821_g5975_A,sa0,,,1.4128911371e-15
g5958,sa0,30,0,9.4878673553e-04
g5818_g5958_A,sa1,,,9.4878673553e-04
g5886,sa1,30,0,1.7881393433e-06
g5753_g5886_A,sa0,,,1.7881393433e-06
g5958,sa1,30,0,1.4128911371e-15
g5818_g5958_A,sa0,,,1.4128911371e-15
g5896,sa1,30,0,1.7881393433e-06
g5753_g5896_A,sa0,,,1.7881393433e-06
g5888,sa1,30,0,4.7683717863e-07
g5731_g5888_A,sa0,,,4.7683717863e-07
g5897,sa1,30,0,1.7881393433e-06
g5731_g5897_A,sa0,,,1.7881393433e-06
g5997,sa0,8,1,4.8637390137e-04
g5854_g5997_A,sa1,,,4.8637390137e-04
g5997,sa1,30,0,2.4414062500e-04
g5854_g5997_A,sa0,,,2.4414062500e-04
g5899,sa1,30,0,1.7881393433e-06
g5753_g5899_A,sa0,,,1.7881393433e-06
g5905_g6252_A,sa0,0,1,0.0000000000e+00
g5912_g6237_A,sa0,0,1,0.0000000000e+00
g6754_g6770_A,sa1,30,0,2.0947265625e-01
g6750_g6774_B,sa1,30,0,3.2519531250e-01
g6750_g6766_A,sa1,30,0,5.4538249969e-06
g6762_g6773_A,sa1,30,0,4.7087669373e-06
g6750_g6768_A,sa1,30,0,2.3583984375e-01
g6754_g6774_A,sa1,30,0,1.4257812500e-01
g6758_g6771_A,sa1,30,0,2.3583984375e-01
g6754_g6767_A,sa1,30,0,4.7087669373e-06
g6762_g6777_A,sa1,30,0,2.0996093750e-01
g6762_g6778_A,sa1,30,0,1.4257812500e-01
g6758_g6769_A,sa1,30,0,5.4538249969e-06
g6758_g6778_B,sa1,30,0,3.2519531250e-01
g6015,sa0,8,1,4.8637390137e-04
g5857_g6015_A,sa1,,,4.8637390137e-04
g6241,sa0,30,0,4.9953079224e-01
g1325,sa0,,,4.9953079224e-01
II2330,sa1,,,4.9953079224e-01
g1122,sa0,,,4.9953079224e-01
II2162,sa1,,,4.9953079224e-01
g197_II2162_A,sa0,,,4.9953079224e-01
g5887,sa0,,,4.9953079224e-01
g5742_g5887_A,sa1,,,4.9953079224e-01
g6015,sa1,30,0,2.4414062500e-04
g5857_g6015_A,sa0,,,2.4414062500e-04
g6081,sa0,30,0,3.5762786865e-06
g1177_g6081_A,sa0,,,3.5762786865e-06
g5731_g6081_B,sa0,,,3.5762786865e-06
g6091,sa0,30,0,3.5762786865e-06
g1161_g6091_A,sa0,,,3.5762786865e-06
g5753_g6091_B,sa0,,,3.5762786865e-06
g5901,sa1,30,0,1.7881393433e-06
g5753_g5901_A,sa0,,,1.7881393433e-06
g6092,sa0,30,0,3.5762786865e-06
g1123_g6092_A,sa0,,,3.5762786865e-06
g5731_g6092_B,sa0,,,3.5762786865e-06
g6245,sa0,30,0,4.9953079224e-01
g1329,sa0,,,4.9953079224e-01
II2340,sa1,,,4.9953079224e-01
g1142,sa0,,,4.9953079224e-01
II2169,sa1,,,4.9953079224e-01
g269_II2169_A,sa0,,,4.9953079224e-01
g5889,sa0,,,4.9953079224e-01
g5742_g5889_A,sa1,,,4.9953079224e-01
g6084,sa0,30,0,3.5762786865e-06
g1123_g6084_A,sa0,,,3.5762786865e-06
g5753_g6084_B,sa0,,,3.5762786865e-06
g6255,sa0,30,0,4.9953079224e-01
g1335,sa0,,,4.9953079224e-01
II2358,sa1,,,4.9953079224e-01
g1176,sa0,,,4.9953079224e-01
II2190,sa1,,,4.9953079224e-01
g297_II2190_A,sa0,,,4.9953079224e-01
g5895,sa0,,,4.9953079224e-01
g5742_g5895_A,sa1,,,4.9953079224e-01
g5903,sa1,30,0,1.7881393433e-06
g5753_g5903_A,sa0,,,1.7881393433e-06
g6085,sa0,30,0,3.5762786865e-06
g1161_g6085_A,sa0,,,3.5762786865e-06
g5731_g6085_B,sa0,,,3.5762786865e-06
g6094,sa0,30,0,3.5762786865e-06
g1177_g6094_A,sa0,,,3.5762786865e-06
g5753_g6094_B,sa0,,,3.5762786865e-06
g6744,sa0,30,0,5.4150390625e-01
II8910,sa1,,,5.4150390625e-01
g6730,sa0,,,5.4150390625e-01
II8884,sa1,,,5.4150390625e-01
g6704,sa0,,,5.4150390625e-01
g6096,sa0,30,0,3.5762786865e-06
g1193_g6096_A,sa0,,,3.5762786865e-06
g5753_g6096_B,sa0,,,3.5762786865e-06
g6249,sa0,30,0,4.9953079224e-01
g1332,sa0,,,4.9953079224e-01
II2349,sa1,,,4.9953079224e-01
g1160,sa0,,,4.9953079224e-01
II2179,sa1,,,4.9953079224e-01
g293_II2179_A,sa0,,,4.9953079224e-01
g5892,sa0,,,4.9953079224e-01
g5742_g5892_A,sa1,,,4.9953079224e-01
g6745,sa0,30,0,5.4150390625e-01
II8913,sa1,,,5.4150390625e-01
g6743,sa0,,,5.4150390625e-01
II8907,sa1,,,5.4150390625e-01
g6702,sa0,,,5.4150390625e-01
g6744,sa1,30,0,4.1406250000e-01
II8910,sa0,,,4.1406250000e-01
g6730,sa1,,,4.1406250000e-01
II8884,sa0,,,4.1406250000e-01
g6704,sa1,,,4.1406250000e-01
g6660,sa1,,,4.1406250000e-01
g6640_g6660_A,sa1,,,4.1406250000e-01
g6637_g6660_B,sa1,,,4.1406250000e-01
g492_g6704_B,sa1,,,4.1406250000e-01
g6079,sa0,30,0,3.5762786865e-06
g1236_g6079_A,sa0,,,3.5762786865e-06
g5753_g6079_B,sa0,,,3.5762786865e-06
g6088,sa0,30,0,3.5762786865e-06
g1143_g6088_A,sa0,,,3.5762786865e-06
g5753_g6088_B,sa0,,,3.5762786865e-06
g6745,sa1,30,0,4.1406250000e-01
II8913,sa0,,,4.1406250000e-01
g6743,sa1,,,4.1406250000e-01
II8907,sa0,,,4.1406250000e-01
g6702,sa1,,,4.1406250000e-01
g6659,sa1,,,4.1406250000e-01
g6634_g6659_A,sa1,,,4.1406250000e-01
g6631_g6659_B,sa1,,,4.1406250000e-01
g496_g6702_B,sa1,,,4.1406250000e-01
g6089,sa0,30,0,3.5762786865e-06
g1143_g6089_A,sa0,,,3.5762786865e-06
g5731_g6089_B,sa0,,,3.5762786865e-06
g6098,sa0,30,0,3.5762786865e-06
g1209_g6098_A,sa0,,,3.5762786865e-06
g5753_g6098_B,sa0,,,3.5762786865e-06
g5890,sa1,30,0,1.7881393433e-06
g5753_g5890_A,sa0,,,1.7881393433e-06
g5908,sa1,30,0,1.7881393433e-06
g5753_g5908_A,sa0,,,1.7881393433e-06
g6099,sa0,30,0,3.5762786865e-06
g1222_g6099_A,sa0,,,3.5762786865e-06
g5753_g6099_B,sa0,,,3.5762786865e-06
g5891,sa1,30,0,3.2181515053e-07
g5731_g5891_A,sa0,,,3.2181515053e-07
g6596,sa0,15,1,2.5000000000e-01
II8656,sa1,,,2.5000000000e-01
g6532,sa0,,,2.5000000000e-01
II8512,sa1,,,2.5000000000e-01
g6441,sa0,,,2.5000000000e-01
II8309,sa1,,,2.5000000000e-01
g6304,sa0,,,2.5000000000e-01
g5915,sa0,,,2.5000000000e-01
II7679,sa1,,,2.5000000000e-01
g5726,sa0,,,2.5000000000e-01
II7487,sa1,,,2.5000000000e-01
g5684,sa0,,,2.5000000000e-01
II7440,sa0,,,2.5000000000e-01
g5515_II7440_A,sa0,,,2.5000000000e-01
II7439_II7440_B,sa0,,,2.5000000000e-01
II7441,sa0,,,2.5000000000e-01
g594_II7441_A,sa0,,,2.5000000000e-01
II7439_II7441_B,sa0,,,2.5000000000e-01
g6165,sa0,,,2.5000000000e-01
g5926_g6165_A,sa1,,,2.5000000000e-01
g6767,sa0,30,0,5.6438148022e-06
g6754_g6767_A,sa0,,,5.6438148022e-06
g2986_g6767_B,sa0,,,5.6438148022e-06
g6596,sa1,16,1,7.5000000000e-01
II8656,sa0,,,7.5000000000e-01
g6532,sa1,,,7.5000000000e-01
II8512,sa0,,,7.5000000000e-01
g6441,sa1,,,7.5000000000e-01
II8309,sa0,,,7.5000000000e-01
g6304,sa1,,,7.5000000000e-01
g6768,sa0,30,0,1.1303710938e-01
g6750_g6768_A,sa0,,,1.1303710938e-01
g3477,sa0,,,1.1303710938e-01
g2692_g3477_A,sa1,,,1.1303710938e-01
g6777,sa0,30,0,2.5732421875e-01
g6762_g6777_A,sa0,,,2.5732421875e-01
g3488,sa0,,,2.5732421875e-01
g2728_g3488_A,sa1,,,2.5732421875e-01
g6015_II7970_A,sa0,1,1,2.4414062500e-04
g6778,sa0,30,0,6.9433593750e-01
g6762_g6778_A,sa0,,,6.9433593750e-01
g6758_g6778_B,sa0,,,6.9433593750e-01
g6769,sa0,30,0,1.0468065739e-06
g6758_g6769_A,sa0,,,1.0468065739e-06
g2986_g6769_B,sa0,,,1.0468065739e-06
g6778,sa1,30,0,7.4707031250e-02
g6015_II7979_A,sa0,1,1,2.4414062500e-04
g6015_II7988_A,sa0,1,1,2.4414062500e-04
g5975_II8117_C,sa0,27,1,4.8255920410e-04
g5958_II8117_B,sa0,27,1,4.8255920410e-04
g5975_II8126_C,sa0,19,1,5.1879882813e-04
g5958_II8126_B,sa0,19,1,5.1879882813e-04
g5975_II8135_C,sa0,16,1,5.1879882813e-04
g5958_II8135_B,sa0,16,1,5.1879882813e-04
g5975_II8208_C,sa0,30,0,4.4560432434e-04
g5958_II8208_B,sa0,30,0,4.4560432434e-04
g5997_II8117_D,sa0,1,1,2.4414062500e-04
g5997_II8126_D,sa0,1,1,2.4414062500e-04
g5997_II8135_D,sa0,1,1,2.4414062500e-04
g5997_II8208_D,sa0,1,1,2.4414062500e-04
g5975_II8079_C,sa0,13,1,5.1879882813e-04
g5958_II8079_B,sa0,13,1,5.1879882813e-04
g5997_II8079_D,sa0,1,1,2.4414062500e-04
g5975_II7969_C,sa0,30,0,4.4512748718e-04
g5958_II7969_B,sa0,30,0,4.4512748718e-04
g5975_II7978_C,sa0,30,0,4.8065185547e-04
g5958_II7978_B,sa0,30,0,4.8065185547e-04
g5975_II7987_C,sa0,30,1,4.5108795166e-04
g5958_II7987_B,sa0,30,1,4.5108795166e-04
g5997_II7969_D,sa0,1,1,2.4414062500e-04
g5997_II7978_D,sa0,1,1,2.4414062500e-04
g5997_II7987_D,sa0,1,1,2.4414062500e-04
g6015_g6150_B,sa1,30,0,1.6922950745e-03
g6015_g6152_B,sa1,30,0,1.9750595093e-03
g6015_g6145_B,sa1,30,0,1.2960433960e-03
g6015_g6154_B,sa1,30,0,1.9836425781e-03
g6015_g6156_B,sa1,30,0,1.9659996033e-03
g6015_g6148_B,sa1,30,0,1.8444061279e-03
g6015_g6158_B,sa1,30,0,1.9521713257e-03
g6015_g6159_B,sa1,30,0,1.2512207031e-03
g5958_g6130_B,sa1,30,0,6.0796737671e-04
g5975_g6131_B,sa1,30,0,4.6035647392e-04
g5975_g6140_B,sa1,30,0,4.4250488281e-04
g5958_g6123_B,sa1,30,0,6.1035156250e-04
g5975_g6133_B,sa1,30,0,4.0304660797e-04
g5958_g6124_B,sa1,30,0,4.9066543579e-04
g5975_g6125_B,sa1,30,0,6.2656402588e-04
g5958_g6126_B,sa1,30,0,5.1212310791e-04
g5975_g6127_B,sa1,30,0,4.5728683472e-04
g5958_g6135_B,sa1,30,0,5.2165985107e-04
g5997_g6141_B,sa1,30,0,1.2960433960e-03
g5997_g6151_B,sa1,30,0,1.9836425781e-03
g5975_g6830_B,sa1,30,0,3.7667155266e-04
g5958_g6128_B,sa1,30,0,5.1188468933e-04
g5975_g6129_B,sa1,30,0,5.1844865084e-04
g5975_g6831_B,sa1,30,0,7.8523159027e-04
g5997_g6144_B,sa1,30,0,1.8444061279e-03
g5997_g6153_B,sa1,30,0,1.9659996033e-03
g5997_g6146_B,sa1,30,0,1.6922950745e-03
g5997_g6155_B,sa1,30,0,1.9521713257e-03
g5997_g6157_B,sa1,30,0,1.2512207031e-03
g5997_g6149_B,sa1,30,0,1.9750595093e-03
g5958_g6828_B,sa1,30,0,3.8218498230e-04
g5958_g6829_B,sa1,30,0,7.8523159027e-04
g6211,sa1,0,1,0.0000000000e+00
g5992,sa0,,,0.0000000000e+00
g5869_g5992_A,sa1,,,0.0000000000e+00
g6240,sa0,30,0,4.9993960373e-01
g4205,sa0,,,4.9993960373e-01
g5888,sa0,,,4.9993960373e-01
g5731_g5888_A,sa1,,,4.9993960373e-01
g6360,sa0,5,1,9.6875000000e-01
II8144,sa1,,,9.6875000000e-01
g6182_II8144_A,sa0,,,9.6875000000e-01
g6243,sa0,30,0,4.9994099140e-01
g500_g6243_A,sa0,,,4.9994099140e-01
g5890,sa0,,,4.9994099140e-01
g5753_g5890_A,sa1,,,4.9994099140e-01
g6360,sa1,1,1,3.1250000000e-02
II8144,sa0,,,3.1250000000e-02
g6182_II8144_A,sa1,,,3.1250000000e-02
g6370,sa0,5,1,9.6875000000e-01
II8174,sa1,,,9.6875000000e-01
g6173_II8174_A,sa0,,,9.6875000000e-01
g6244,sa0,30,0,3.6546204239e-01
g4759,sa0,,,3.6546204239e-01
g536_g4759_A,sa0,,,3.6546204239e-01
g4500,sa0,,,3.6546204239e-01
g5891,sa0,,,3.6546204239e-01
g5731_g5891_A,sa1,,,3.6546204239e-01
g6253,sa0,30,0,4.9994099140e-01
g508_g6253_A,sa0,,,4.9994099140e-01
g5896,sa0,,,4.9994099140e-01
g5753_g5896_A,sa1,,,4.9994099140e-01
g6262,sa0,30,0,4.9994099140e-01
g516_g6262_A,sa0,,,4.9994099140e-01
g5901,sa0,,,4.9994099140e-01
g5753_g5901_A,sa1,,,4.9994099140e-01
g6362,sa0,5,1,9.6875000000e-01
II8150,sa1,,,9.6875000000e-01
g6185_II8150_A,sa0,,,9.6875000000e-01
g6370,sa1,1,1,3.1250000000e-02
II8174,sa0,,,3.1250000000e-02
g6173_II8174_A,sa1,,,3.1250000000e-02
g6254,sa0,30,0,4.9994099140e-01
g532_g6254_A,sa0,,,4.9994099140e-01
g5897,sa0,,,4.9994099140e-01
g5731_g5897_A,sa1,,,4.9994099140e-01
g6362,sa1,1,1,3.1250000000e-02
II8150,sa0,,,3.1250000000e-02
g6185_II8150_A,sa1,,,3.1250000000e-02
g6372,sa0,5,1,9.6875000000e-01
II8180,sa1,,,9.6875000000e-01
g6176_II8180_A,sa0,,,9.6875000000e-01
g6364,sa0,5,1,9.6875000000e-01
II8156,sa1,,,9.6875000000e-01
g6167_II8156_A,sa0,,,9.6875000000e-01
g6372,sa1,1,1,3.1250000000e-02
II8180,sa0,,,3.1250000000e-02
g6176_II8180_A,sa1,,,3.1250000000e-02
g6238,sa0,30,0,4.9994099140e-01
g528_g6238_A,sa0,,,4.9994099140e-01
g5886,sa0,,,4.9994099140e-01
g5753_g5886_A,sa1,,,4.9994099140e-01
g6247,sa0,30,0,4.9994099140e-01
g504_g6247_A,sa0,,,4.9994099140e-01
g5893,sa0,,,4.9994099140e-01
g5753_g5893_A,sa1,,,4.9994099140e-01
g6265,sa0,30,0,4.9994099140e-01
g520_g6265_A,sa0,,,4.9994099140e-01
g5903,sa0,,,4.9994099140e-01
g5753_g5903_A,sa1,,,4.9994099140e-01
g6284,sa0,30,0,9.4384765625e-01
II8002,sa1,,,9.4384765625e-01
g6110_II8002_A,sa0,,,9.4384765625e-01
g6364,sa1,1,1,3.1250000000e-02
II8156,sa0,,,3.1250000000e-02
g6167_II8156_A,sa1,,,3.1250000000e-02
g6374,sa0,5,1,9.6875000000e-01
II8186,sa1,,,9.6875000000e-01
g6179_II8186_A,sa0,,,9.6875000000e-01
g6248,sa0,30,0,4.9994099140e-01
g465_g6248_A,sa0,,,4.9994099140e-01
g5894,sa0,,,4.9994099140e-01
g5731_g5894_A,sa1,,,4.9994099140e-01
g6193,sa1,0,1,0.0000000000e+00
g5957,sa0,,,0.0000000000e+00
g5866_g5957_A,sa1,,,0.0000000000e+00
g6770,sa0,30,0,2.5683593750e-01
g6754_g6770_A,sa0,,,2.5683593750e-01
g3482,sa0,,,2.5683593750e-01
g2713_g3482_A,sa1,,,2.5683593750e-01
g6015_II8080_A,sa0,1,1,2.4414062500e-04
g6284,sa1,30,0,7.3242187500e-03
II8002,sa0,,,7.3242187500e-03
g6110_II8002_A,sa1,,,7.3242187500e-03
g6366,sa0,5,1,9.6875000000e-01
II8162,sa1,,,9.6875000000e-01
g6189_II8162_A,sa0,,,9.6875000000e-01
g6374,sa1,1,1,3.1250000000e-02
II8186,sa0,,,3.1250000000e-02
g6179_II8186_A,sa1,,,3.1250000000e-02
g6258,sa0,30,0,4.9994099140e-01
g512_g6258_A,sa0,,,4.9994099140e-01
g5899,sa0,,,4.9994099140e-01
g5753_g5899_A,sa1,,,4.9994099140e-01
g6771,sa0,30,0,1.1303710938e-01
g6758_g6771_A,sa0,,,1.1303710938e-01
g3483,sa0,,,1.1303710938e-01
g2716_g3483_A,sa1,,,1.1303710938e-01
g6366,sa1,1,1,3.1250000000e-02
II8162,sa0,,,3.1250000000e-02
g6189_II8162_A,sa1,,,3.1250000000e-02
g6376,sa0,30,0,8.3859248434e-09
g6267,sa1,,,8.3859248434e-09
g2953,sa1,,,8.3859248434e-09
g5884,sa1,,,8.3859248434e-09
g5864,sa0,,,8.3859248434e-09
g5649_g5864_A,sa0,,,8.3859248434e-09
g1529_g5864_B,sa0,,,8.3859248434e-09
g1088_g5864_C,sa0,,,8.3859248434e-09
g2068_g5864_D,sa0,,,8.3859248434e-09
g6385,sa0,30,0,8.3861380062e-09
g6271,sa1,,,8.3861380062e-09
g2955,sa1,,,8.3861380062e-09
g5885,sa1,,,8.3861380062e-09
g5865,sa0,,,8.3861380062e-09
g5649_g5865_A,sa0,,,8.3861380062e-09
g1088_g5865_B,sa0,,,8.3861380062e-09
g1076_g5865_C,sa0,,,8.3861380062e-09
g2068_g5865_D,sa0,,,8.3861380062e-09
g6015_II8118_A,sa0,1,1,2.4414062500e-04
g6015_II8127_A,sa0,1,1,2.4414062500e-04
g6015_II8136_A,sa0,1,1,2.4414062500e-04
g6368,sa0,5,1,9.6875000000e-01
II8168,sa1,,,9.6875000000e-01
g6170_II8168_A,sa0,,,9.6875000000e-01
g6376,sa1,30,0,8.3858680000e-09
g6267,sa0,,,8.3858680000e-09
g6385,sa1,30,0,8.3859106326e-09
g6271,sa0,,,8.3859106326e-09
g6269,sa0,30,0,4.9994099140e-01
g524_g6269_A,sa0,,,4.9994099140e-01
g5908,sa0,,,4.9994099140e-01
g5753_g5908_A,sa1,,,4.9994099140e-01
g6773,sa0,30,0,5.6438148022e-06
g6762_g6773_A,sa0,,,5.6438148022e-06
g2986_g6773_B,sa0,,,5.6438148022e-06
g6015_II8209_A,sa0,1,1,2.4414062500e-04
g6368,sa1,1,1,3.1250000000e-02
II8168,sa0,,,3.1250000000e-02
g6170_II8168_A,sa1,,,3.1250000000e-02
g6774,sa0,30,0,6.9433593750e-01
g6754_g6774_A,sa0,,,6.9433593750e-01
g6750_g6774_B,sa0,,,6.9433593750e-01
g6774,sa1,30,0,7.4707031250e-02
g6766,sa0,30,0,5.9977173805e-07
g6750_g6766_A,sa0,,,5.9977173805e-07
g2986_g6766_B,sa0,,,5.9977173805e-07
g6385_g6430_A,sa0,30,0,1.4905488399e-08
g6376_g6432_A,sa0,30,0,8.8515328400e-09
g6385_g6433_A,sa0,30,0,1.4905488399e-08
g6376_g6442_A,sa0,30,0,8.8515328400e-09
g6385_g6451_A,sa0,30,0,1.5836683076e-08
g6385_g6443_A,sa0,30,0,1.4905488399e-08
g6376_g6435_A,sa0,30,0,9.7827914658e-09
g6376_g6427_A,sa0,30,0,8.8515328400e-09
g6385_g6436_A,sa0,30,0,1.4905488399e-08
g6376_g6445_A,sa0,30,0,8.8515328400e-09
g6385_g6446_A,sa0,30,0,1.4905488399e-08
g6376_g6429_A,sa0,30,0,8.8515328400e-09
g6376_g6438_A,sa0,30,0,8.8515328400e-09
g6385_g6439_A,sa0,30,0,1.5836683076e-08
g6376_g6448_A,sa0,30,0,9.7827914658e-09
g6385_g6449_A,sa0,30,0,1.4905488399e-08
g6130,sa0,19,1,4.8828125000e-04
g5720_g6130_A,sa0,,,4.8828125000e-04
g5958_g6130_B,sa0,,,4.8828125000e-04
g6212,sa0,8,1,1.9454956055e-03
II7910,sa1,,,1.9454956055e-03
g5905_II7910_A,sa0,,,1.9454956055e-03
g6140,sa0,4,1,4.5776367188e-04
g5587_g6140_A,sa0,,,4.5776367188e-04
g5975_g6140_B,sa0,,,4.5776367188e-04
g6131,sa0,14,1,5.2547454834e-04
g5593_g6131_A,sa0,,,5.2547454834e-04
g5975_g6131_B,sa0,,,5.2547454834e-04
g6212,sa1,30,0,1.6653345369e-15
II7910,sa0,,,1.6653345369e-15
g5905_II7910_A,sa1,,,1.6653345369e-15
g6141,sa0,1,1,2.4414062500e-04
g3173_g6141_A,sa0,,,2.4414062500e-04
g5997_g6141_B,sa0,,,2.4414062500e-04
g6123,sa0,7,1,4.5776367188e-04
g5702_g6123_A,sa0,,,4.5776367188e-04
g5958_g6123_B,sa0,,,4.5776367188e-04
g6150,sa0,1,1,2.4414062500e-04
g3204_g6150_A,sa0,,,2.4414062500e-04
g6015_g6150_B,sa0,,,2.4414062500e-04
g6124,sa0,10,1,4.5776367188e-04
g5705_g6124_A,sa0,,,4.5776367188e-04
g5958_g6124_B,sa0,,,4.5776367188e-04
g6151,sa0,1,1,2.4414062500e-04
g3209_g6151_A,sa0,,,2.4414062500e-04
g5997_g6151_B,sa0,,,2.4414062500e-04
g6133,sa0,19,1,4.8828125000e-04
g5723_g6133_A,sa0,,,4.8828125000e-04
g5975_g6133_B,sa0,,,4.8828125000e-04
g6125,sa0,7,1,4.5776367188e-04
g5708_g6125_A,sa0,,,4.5776367188e-04
g5975_g6125_B,sa0,,,4.5776367188e-04
g6152,sa0,1,1,2.4414062500e-04
g3212_g6152_A,sa0,,,2.4414062500e-04
g6015_g6152_B,sa0,,,2.4414062500e-04
g6135,sa0,4,1,4.5776367188e-04
g5584_g6135_A,sa0,,,4.5776367188e-04
g5958_g6135_B,sa0,,,4.5776367188e-04
g6144,sa0,1,1,2.4414062500e-04
g3183_g6144_A,sa0,,,2.4414062500e-04
g5997_g6144_B,sa0,,,2.4414062500e-04
g6126,sa0,21,1,4.9400329590e-04
g5711_g6126_A,sa0,,,4.9400329590e-04
g5958_g6126_B,sa0,,,4.9400329590e-04
g6153,sa0,1,1,2.4414062500e-04
g3216_g6153_A,sa0,,,2.4414062500e-04
g5997_g6153_B,sa0,,,2.4414062500e-04
g6145,sa0,1,1,2.4414062500e-04
g3187_g6145_A,sa0,,,2.4414062500e-04
g6015_g6145_B,sa0,,,2.4414062500e-04
g6127,sa0,10,1,4.5776367188e-04
g5714_g6127_A,sa0,,,4.5776367188e-04
g5975_g6127_B,sa0,,,4.5776367188e-04
g6154,sa0,1,1,2.4414062500e-04
g3219_g6154_A,sa0,,,2.4414062500e-04
g6015_g6154_B,sa0,,,2.4414062500e-04
g6146,sa0,1,1,2.4414062500e-04
g3192_g6146_A,sa0,,,2.4414062500e-04
g5997_g6146_B,sa0,,,2.4414062500e-04
g6128,sa0,14,1,5.2547454834e-04
g5590_g6128_A,sa0,,,5.2547454834e-04
g5958_g6128_B,sa0,,,5.2547454834e-04
g6155,sa0,1,1,2.4414062500e-04
g2588_g6155_A,sa0,,,2.4414062500e-04
g5997_g6155_B,sa0,,,2.4414062500e-04
g6282,sa0,30,0,8.7829589844e-01
II7996,sa1,,,8.7829589844e-01
g6137_II7996_A,sa0,,,8.7829589844e-01
g6354,sa0,30,0,6.2704086304e-05
g5866_g6354_A,sa0,,,6.2704086304e-05
g6193,sa0,,,6.2704086304e-05
g5957,sa1,,,6.2704086304e-05
g5866_g5957_A,sa0,,,6.2704086304e-05
g6129,sa0,21,1,4.9400329590e-04
g5717_g6129_A,sa0,,,4.9400329590e-04
g5975_g6129_B,sa0,,,4.9400329590e-04
g6156,sa0,1,1,2.4414062500e-04
g2591_g6156_A,sa0,,,2.4414062500e-04
g6015_g6156_B,sa0,,,2.4414062500e-04
g6282,sa1,30,0,6.6040039063e-02
II7996,sa0,,,6.6040039063e-02
g6137_II7996_A,sa1,,,6.6040039063e-02
g6354,sa1,0,1,0.0000000000e+00
g6157,sa0,1,1,2.4414062500e-04
g3158_g6157_A,sa0,,,2.4414062500e-04
g5997_g6157_B,sa0,,,2.4414062500e-04
g6148,sa0,1,1,2.4414062500e-04
g3196_g6148_A,sa0,,,2.4414062500e-04
g6015_g6148_B,sa0,,,2.4414062500e-04
g6194,sa0,8,1,1.9454956055e-03
II7906,sa1,,,1.9454956055e-03
g5912_II7906_A,sa0,,,1.9454956055e-03
g6149,sa0,1,1,2.4414062500e-04
g3200_g6149_A,sa0,,,2.4414062500e-04
g5997_g6149_B,sa0,,,2.4414062500e-04
g6158,sa0,1,1,2.4414062500e-04
g2594_g6158_A,sa0,,,2.4414062500e-04
g6015_g6158_B,sa0,,,2.4414062500e-04
g6348,sa0,30,0,6.2704086304e-05
g5869_g6348_A,sa0,,,6.2704086304e-05
g6211,sa0,,,6.2704086304e-05
g5992,sa1,,,6.2704086304e-05
g5869_g5992_A,sa0,,,6.2704086304e-05
g6194,sa1,30,0,1.6653345369e-15
II7906,sa0,,,1.6653345369e-15
g5912_II7906_A,sa1,,,1.6653345369e-15
g6159,sa0,1,1,2.4414062500e-04
g3177_g6159_A,sa0,,,2.4414062500e-04
g6015_g6159_B,sa0,,,2.4414062500e-04
g6348,sa1,0,1,0.0000000000e+00
g6577,sa1,1,1,3.1250000000e-02
g6488,sa0,,,3.1250000000e-02
g6367,sa1,,,3.1250000000e-02
II8165,sa0,,,3.1250000000e-02
g6189_II8165_A,sa1,,,3.1250000000e-02
g6578,sa1,1,1,3.1250000000e-02
g6489,sa0,,,3.1250000000e-02
g6369,sa1,,,3.1250000000e-02
II8171,sa0,,,3.1250000000e-02
g6170_II8171_A,sa1,,,3.1250000000e-02
g6212_II7970_B,sa0,1,1,9.7656250000e-04
g6579,sa1,1,1,3.1250000000e-02
g6490,sa0,,,3.1250000000e-02
g6371,sa1,,,3.1250000000e-02
II8177,sa0,,,3.1250000000e-02
g6173_II8177_A,sa1,,,3.1250000000e-02
g6194_II8117_A,sa0,1,1,9.7656250000e-04
g6194_II8126_A,sa0,1,1,9.7656250000e-04
g6194_II8135_A,sa0,1,1,9.7656250000e-04
g6194_II8208_A,sa0,1,1,9.7656250000e-04
g6212_II7979_B,sa0,1,1,9.7656250000e-04
g6212_II7988_B,sa0,1,1,9.7656250000e-04
g6194_II8079_A,sa0,1,1,9.7656250000e-04
g6194_II7969_A,sa0,1,1,9.7656250000e-04
g6194_II7978_A,sa0,1,1,9.7656250000e-04
g6194_II7987_A,sa0,1,1,9.7656250000e-04
g6212_g6321_B,sa1,30,0,1.4495849609e-03
g6212_g6331_B,sa1,30,0,1.5707015991e-03
g6212_g6324_B,sa1,30,0,1.4383792877e-03
g6212_g6333_B,sa1,30,0,1.3836622238e-03
g6212_g6334_B,sa1,30,0,5.6838989258e-04
g6212_g6318_B,sa1,30,0,7.2288513184e-04
g6212_g6327_B,sa1,30,0,1.5711784363e-03
g6194_g6311_B,sa1,30,0,7.2288513184e-04
g6194_g6320_B,sa1,30,0,1.5707015991e-03
g6212_g6329_B,sa1,30,0,1.2626647949e-03
g6194_g6313_B,sa1,30,0,1.4495849609e-03
g6194_g6323_B,sa1,30,0,1.3836622238e-03
g6194_g6315_B,sa1,30,0,1.4078617096e-03
g6194_g6316_B,sa1,30,0,1.5711784363e-03
g6194_g6317_B,sa1,30,0,1.2626647949e-03
g6194_g6326_B,sa1,30,0,5.6838989258e-04
g6348_g6492_A,sa0,30,0,3.2246112823e-05
g6354_g6495_A,sa0,30,0,3.2246112823e-05
g6354_g6496_B,sa0,30,0,3.2246112823e-05
g6348_g6494_B,sa0,30,0,3.2246112823e-05
g6351,sa0,30,0,1.0151416063e-07
II8107,sa1,,,1.0151416063e-07
g6136,sa0,,,1.0151416063e-07
II7856,sa1,,,1.0151416063e-07
g5994,sa0,,,1.0151416063e-07
g5873,sa1,,,1.0151416063e-07
g6516,sa1,30,0,7.3242187500e-03
g6409,sa0,,,7.3242187500e-03
g6285,sa1,,,7.3242187500e-03
II8005,sa0,,,7.3242187500e-03
g6110_II8005_A,sa1,,,7.3242187500e-03
g6347,sa0,30,0,1.0151416063e-07
II8103,sa1,,,1.0151416063e-07
g6134,sa0,,,1.0151416063e-07
II7852,sa1,,,1.0151416063e-07
g5993,sa0,,,1.0151416063e-07
g5872,sa1,,,1.0151416063e-07
g6580,sa1,1,1,3.1250000000e-02
g6491,sa0,,,3.1250000000e-02
g6373,sa1,,,3.1250000000e-02
II8183,sa0,,,3.1250000000e-02
g6176_II8183_A,sa1,,,3.1250000000e-02
g6212_II8080_B,sa0,1,1,9.7656250000e-04
g6581,sa1,1,1,3.1250000000e-02
g6493,sa0,,,3.1250000000e-02
g6375,sa1,,,3.1250000000e-02
II8189,sa0,,,3.1250000000e-02
g6179_II8189_A,sa1,,,3.1250000000e-02
g6212_II8118_B,sa0,1,1,9.7656250000e-04
g6212_II8127_B,sa0,1,1,9.7656250000e-04
g6212_II8136_B,sa0,1,1,9.7656250000e-04
g6574,sa1,1,1,3.1250000000e-02
g6484,sa0,,,3.1250000000e-02
g6361,sa1,,,3.1250000000e-02
II8147,sa0,,,3.1250000000e-02
g6182_II8147_A,sa1,,,3.1250000000e-02
g6212_II8209_B,sa0,1,1,9.7656250000e-04
g6575,sa1,1,1,3.1250000000e-02
g6486,sa0,,,3.1250000000e-02
g6363,sa1,,,3.1250000000e-02
II8153,sa0,,,3.1250000000e-02
g6185_II8153_A,sa1,,,3.1250000000e-02
g6576,sa1,1,1,3.1250000000e-02
g6487,sa0,,,3.1250000000e-02
g6365,sa1,,,3.1250000000e-02
II8159,sa0,,,3.1250000000e-02
g6167_II8159_A,sa1,,,3.1250000000e-02
II8080,sa0,6,1,1.4038085938e-03
II8135,sa0,34,1,2.2583007813e-03
II8126,sa0,40,1,2.2583007813e-03
II8117,sa0,56,1,2.1858215332e-03
II8136,sa0,6,1,1.4038085938e-03
II8127,sa0,6,1,1.4038085938e-03
II8118,sa0,6,1,1.4038085938e-03
II8208,sa0,62,0,2.1119117737e-03
II8209,sa0,6,1,1.4038085938e-03
II7970,sa0,6,1,1.4038085938e-03
II8079,sa0,28,1,2.2583007813e-03
II7987,sa0,62,1,2.1228790283e-03
II7978,sa0,62,0,2.1820068359e-03
II7969,sa0,62,0,2.1109580994e-03
II7988,sa0,6,1,1.4038085938e-03
II7979,sa0,6,1,1.4038085938e-03
g6311,sa0,2,1,9.7656250000e-04
g3837,sa0,,,9.7656250000e-04
g6194_g6311_B,sa0,,,9.7656250000e-04
g6320,sa0,2,1,9.7656250000e-04
g3869,sa0,,,9.7656250000e-04
g6194_g6320_B,sa0,,,9.7656250000e-04
g6321,sa0,2,1,9.7656250000e-04
g3873,sa0,,,9.7656250000e-04
g6212_g6321_B,sa0,,,9.7656250000e-04
g6313,sa0,2,1,9.7656250000e-04
g3841,sa0,,,9.7656250000e-04
g6194_g6313_B,sa0,,,9.7656250000e-04
g6331,sa0,2,1,9.7656250000e-04
g3891,sa0,,,9.7656250000e-04
g6212_g6331_B,sa0,,,9.7656250000e-04
g6620,sa0,30,0,7.3242187500e-03
g6516,sa0,,,7.3242187500e-03
g6409,sa1,,,7.3242187500e-03
g6285,sa0,,,7.3242187500e-03
II8005,sa1,,,7.3242187500e-03
g6110_II8005_A,sa0,,,7.3242187500e-03
g6117,sa0,,,7.3242187500e-03
g5880_g6117_A,sa1,,,7.3242187500e-03
g6323,sa0,2,1,9.7656250000e-04
g3877,sa0,,,9.7656250000e-04
g6194_g6323_B,sa0,,,9.7656250000e-04
g6603,sa0,1,1,3.1250000000e-02
g6581,sa0,,,3.1250000000e-02
g6493,sa1,,,3.1250000000e-02
g6375,sa0,,,3.1250000000e-02
II8189,sa1,,,3.1250000000e-02
g6179_II8189_A,sa0,,,3.1250000000e-02
g6236,sa0,,,3.1250000000e-02
g6070_g6236_A,sa1,,,3.1250000000e-02
g6315,sa0,2,1,9.7656250000e-04
g3849,sa0,,,9.7656250000e-04
g6194_g6315_B,sa0,,,9.7656250000e-04
g6324,sa0,2,1,9.7656250000e-04
g3880,sa0,,,9.7656250000e-04
g6212_g6324_B,sa0,,,9.7656250000e-04
g6333,sa0,2,1,9.7656250000e-04
g3896,sa0,,,9.7656250000e-04
g6212_g6333_B,sa0,,,9.7656250000e-04
g6352,sa0,30,0,1.3999617645e-03
II8110,sa1,,,1.3999617645e-03
g6143,sa0,,,1.3999617645e-03
II7865,sa1,,,1.3999617645e-03
g6095,sa0,,,1.3999617645e-03
g2952,sa0,,,1.3999617645e-03
g2381_g2952_A,sa1,,,1.3999617645e-03
g5854_g6095_B,sa0,,,1.3999617645e-03
g6334,sa0,2,1,9.7656250000e-04
g3858,sa0,,,9.7656250000e-04
g6212_g6334_B,sa0,,,9.7656250000e-04
g6316,sa0,2,1,9.7656250000e-04
g3855,sa0,,,9.7656250000e-04
g6194_g6316_B,sa0,,,9.7656250000e-04
g6353,sa0,30,0,1.3999617645e-03
II8113,sa1,,,1.3999617645e-03
g6147,sa0,,,1.3999617645e-03
II7871,sa1,,,1.3999617645e-03
g6097,sa0,,,1.3999617645e-03
g2954,sa0,,,1.3999617645e-03
g2381_g2954_A,sa1,,,1.3999617645e-03
g5857_g6097_B,sa0,,,1.3999617645e-03
g6650,sa0,1,1,3.1250000000e-02
g6580,sa0,,,3.1250000000e-02
g6491,sa1,,,3.1250000000e-02
g6373,sa0,,,3.1250000000e-02
II8183,sa1,,,3.1250000000e-02
g6176_II8183_A,sa0,,,3.1250000000e-02
g6235,sa0,,,3.1250000000e-02
g6062_g6235_A,sa1,,,3.1250000000e-02
g6803,sa0,30,0,3.6206054688e-01
II8975,sa1,,,3.6206054688e-01
g6791,sa0,,,3.6206054688e-01
g6812,sa0,30,0,5.0634765625e-01
II8984,sa1,,,5.0634765625e-01
g6794,sa0,,,5.0634765625e-01
g6326,sa0,2,1,9.7656250000e-04
g3833,sa0,,,9.7656250000e-04
g6194_g6326_B,sa0,,,9.7656250000e-04
g6317,sa0,2,1,9.7656250000e-04
g3862,sa0,,,9.7656250000e-04
g6194_g6317_B,sa0,,,9.7656250000e-04
g6515,sa1,30,0,6.6040039063e-02
g6408,sa0,,,6.6040039063e-02
g6283,sa1,,,6.6040039063e-02
II7999,sa0,,,6.6040039063e-02
g6137_II7999_A,sa1,,,6.6040039063e-02
g6803,sa1,30,0,4.5581054688e-01
II8975,sa0,,,4.5581054688e-01
g6791,sa1,,,4.5581054688e-01
g6768,sa1,,,4.5581054688e-01
g3307,sa1,,,4.5581054688e-01
g6812,sa1,30,0,4.5703125000e-01
II8984,sa0,,,4.5703125000e-01
g6794,sa1,,,4.5703125000e-01
g6777,sa1,,,4.5703125000e-01
g3333,sa1,,,4.5703125000e-01
g6318,sa0,2,1,9.7656250000e-04
g3865,sa0,,,9.7656250000e-04
g6212_g6318_B,sa0,,,9.7656250000e-04
g6327,sa0,2,1,9.7656250000e-04
g3884,sa0,,,9.7656250000e-04
g6212_g6327_B,sa0,,,9.7656250000e-04
g6337,sa0,16,1,1.7888844013e-05
II8089,sa1,,,1.7888844013e-05
g6120,sa0,,,1.7888844013e-05
II7832,sa1,,,1.7888844013e-05
g5943,sa0,,,1.7888844013e-05
g5818_g5943_A,sa0,,,1.7888844013e-05
g2940,sa0,,,1.7888844013e-05
g197_g2940_A,sa0,,,1.7888844013e-05
g2381_g2940_B,sa0,,,1.7888844013e-05
g6643,sa0,1,1,3.1250000000e-02
g6574,sa0,,,3.1250000000e-02
g6484,sa1,,,3.1250000000e-02
g6361,sa0,,,3.1250000000e-02
II8147,sa1,,,3.1250000000e-02
g6182_II8147_A,sa0,,,3.1250000000e-02
g6229,sa0,,,3.1250000000e-02
g6036_g6229_A,sa1,,,3.1250000000e-02
g6644,sa0,1,1,3.1250000000e-02
g6575,sa0,,,3.1250000000e-02
g6486,sa1,,,3.1250000000e-02
g6363,sa0,,,3.1250000000e-02
II8153,sa1,,,3.1250000000e-02
g6185_II8153_A,sa0,,,3.1250000000e-02
g6230,sa0,,,3.1250000000e-02
g6040_g6230_A,sa1,,,3.1250000000e-02
g6806,sa0,30,0,5.0610351563e-01
II8978,sa1,,,5.0610351563e-01
g6792,sa0,,,5.0610351563e-01
g6329,sa0,2,1,9.7656250000e-04
g3888,sa0,,,9.7656250000e-04
g6212_g6329_B,sa0,,,9.7656250000e-04
g6339,sa0,30,0,4.9554370344e-04
II8093,sa1,,,4.9554370344e-04
g6122,sa0,,,4.9554370344e-04
II7838,sa1,,,4.9554370344e-04
g5947,sa0,,,4.9554370344e-04
g5821_g5947_A,sa0,,,4.9554370344e-04
g2944,sa0,,,4.9554370344e-04
g269_g2944_A,sa0,,,4.9554370344e-04
g2381_g2944_B,sa0,,,4.9554370344e-04
g6645,sa0,1,1,3.1250000000e-02
g6576,sa0,,,3.1250000000e-02
g6487,sa1,,,3.1250000000e-02
g6365,sa0,,,3.1250000000e-02
II8159,sa1,,,3.1250000000e-02
g6167_II8159_A,sa0,,,3.1250000000e-02
g6231,sa0,,,3.1250000000e-02
g6044_g6231_A,sa1,,,3.1250000000e-02
g6806,sa1,30,0,4.5629882813e-01
II8978,sa0,,,4.5629882813e-01
g6792,sa1,,,4.5629882813e-01
g6770,sa1,,,4.5629882813e-01
g3321,sa1,,,4.5629882813e-01
g6466,sa0,30,0,5.2603427321e-06
II8332,sa1,,,5.2603427321e-06
g6306,sa0,,,5.2603427321e-06
II8030,sa1,,,5.2603427321e-06
g6239,sa0,,,5.2603427321e-06
g6646,sa0,1,1,3.1250000000e-02
g6577,sa0,,,3.1250000000e-02
g6488,sa1,,,3.1250000000e-02
g6367,sa0,,,3.1250000000e-02
II8165,sa1,,,3.1250000000e-02
g6189_II8165_A,sa0,,,3.1250000000e-02
g6232,sa0,,,3.1250000000e-02
g6048_g6232_A,sa1,,,3.1250000000e-02
g6467,sa0,30,0,2.6980448104e-04
II8335,sa1,,,2.6980448104e-04
g6308,sa0,,,2.6980448104e-04
II8034,sa1,,,2.6980448104e-04
g6242,sa0,,,2.6980448104e-04
g6647,sa0,1,1,3.1250000000e-02
g6578,sa0,,,3.1250000000e-02
g6489,sa1,,,3.1250000000e-02
g6369,sa0,,,3.1250000000e-02
II8171,sa1,,,3.1250000000e-02
g6170_II8171_A,sa0,,,3.1250000000e-02
g6233,sa0,,,3.1250000000e-02
g6052_g6233_A,sa1,,,3.1250000000e-02
g6809,sa0,30,0,3.6206054688e-01
II8981,sa1,,,3.6206054688e-01
g6793,sa0,,,3.6206054688e-01
g6648,sa0,1,1,3.1250000000e-02
g6579,sa0,,,3.1250000000e-02
g6490,sa1,,,3.1250000000e-02
g6371,sa0,,,3.1250000000e-02
II8177,sa1,,,3.1250000000e-02
g6173_II8177_A,sa0,,,3.1250000000e-02
g6234,sa0,,,3.1250000000e-02
g6057_g6234_A,sa1,,,3.1250000000e-02
g6809,sa1,30,0,4.5581054688e-01
II8981,sa0,,,4.5581054688e-01
g6793,sa1,,,4.5581054688e-01
g6771,sa1,,,4.5581054688e-01
g3323,sa1,,,4.5581054688e-01
II8345,sa0,11,1,2.1362304688e-03
II9065,sa0,7,1,1.4038085938e-03
II8346,sa0,7,1,1.4038085938e-03
II8356,sa0,17,1,2.1362304688e-03
II9058,sa0,7,1,1.4038085938e-03
II8357,sa0,7,1,1.4038085938e-03
II8393,sa0,41,1,2.1972656250e-03
II8367,sa0,23,1,2.1362304688e-03
II8376,sa0,45,1,2.2087097168e-03
II8385,sa0,31,1,2.2716522217e-03
II8394,sa0,7,1,1.4038085938e-03
II8368,sa0,7,1,1.4038085938e-03
II8377,sa0,7,1,1.4038085938e-03
II8386,sa0,7,1,1.4038085938e-03
g6812_g6831_A,sa1,30,0,4.4560432434e-04
g6809_g6830_A,sa1,30,0,4.4512748718e-04
g6803_g6828_A,sa1,30,0,4.4512748718e-04
g6806_g6829_A,sa1,30,0,4.4560432434e-04
g6400,sa0,25,1,9.8876953125e-01
g6510,sa0,30,0,4.9953079224e-01
II8450,sa1,,,4.9953079224e-01
g6412,sa0,,,4.9953079224e-01
II8246,sa1,,,4.9953079224e-01
g6290,sa0,,,4.9953079224e-01
g6510,sa1,30,0,4.9976491928e-01
II8450,sa0,,,4.9976491928e-01
g6412,sa1,,,4.9976491928e-01
II8246,sa0,,,4.9976491928e-01
g6290,sa1,,,4.9976491928e-01
g6245,sa1,,,4.9976491928e-01
g6086,sa1,,,4.9976491928e-01
g6511,sa0,30,0,4.9953079224e-01
II8453,sa1,,,4.9953079224e-01
g6414,sa0,,,4.9953079224e-01
II8252,sa1,,,4.9953079224e-01
g6294,sa0,,,4.9953079224e-01
g6511,sa1,30,0,4.9976491928e-01
II8453,sa0,,,4.9976491928e-01
g6414,sa1,,,4.9976491928e-01
II8252,sa0,,,4.9976491928e-01
g6294,sa1,,,4.9976491928e-01
g6249,sa1,,,4.9976491928e-01
g6090,sa1,,,4.9976491928e-01
g6512,sa0,30,0,4.9953079224e-01
II8456,sa1,,,4.9953079224e-01
g6417,sa0,,,4.9953079224e-01
II8261,sa1,,,4.9953079224e-01
g6298,sa0,,,4.9953079224e-01
g6512,sa1,30,0,4.9976491928e-01
II8456,sa0,,,4.9976491928e-01
g6417,sa1,,,4.9976491928e-01
II8261,sa0,,,4.9976491928e-01
g6298,sa1,,,4.9976491928e-01
g6255,sa1,,,4.9976491928e-01
g6093,sa1,,,4.9976491928e-01
g6280,sa0,25,1,9.8876953125e-01
g6335,sa0,30,0,9.7106933594e-01
g6281,sa0,25,1,9.8876953125e-01
g6461,sa0,60,0,1.4000632786e-03
g6461,sa1,30,0,2.9602348804e-03
g6353,sa1,,,2.9602348804e-03
II8113,sa0,,,2.9602348804e-03
g6147,sa1,,,2.9602348804e-03
II7871,sa0,,,2.9602348804e-03
g6097,sa1,,,2.9602348804e-03
g6351,sa1,,,2.9602348804e-03
II8107,sa0,,,2.9602348804e-03
g6136,sa1,,,2.9602348804e-03
II7856,sa0,,,2.9602348804e-03
g5994,sa1,,,2.9602348804e-03
g5873,sa0,,,2.9602348804e-03
g5649_g5873_A,sa0,,,2.9602348804e-03
g1017_g5873_B,sa0,,,2.9602348804e-03
g1564_g5873_C,sa0,,,2.9602348804e-03
g2113_g5873_D,sa0,,,2.9602348804e-03
g6509,sa0,30,0,4.9953079224e-01
II8447,sa1,,,4.9953079224e-01
g6410,sa0,,,4.9953079224e-01
II8240,sa1,,,4.9953079224e-01
g6287,sa0,,,4.9953079224e-01
g6509,sa1,30,0,4.9976491928e-01
II8447,sa0,,,4.9976491928e-01
g6410,sa1,,,4.9976491928e-01
II8240,sa0,,,4.9976491928e-01
g6287,sa1,,,4.9976491928e-01
g6241,sa1,,,4.9976491928e-01
g6082,sa1,,,4.9976491928e-01
g6554,sa1,30,0,3.7916004658e-05
g6337,sa1,,,3.7916004658e-05
II8089,sa0,,,3.7916004658e-05
g6120,sa1,,,3.7916004658e-05
II7832,sa0,,,3.7916004658e-05
g5943,sa1,,,3.7916004658e-05
g6466,sa1,,,3.7916004658e-05
II8332,sa0,,,3.7916004658e-05
g6306,sa1,,,3.7916004658e-05
II8030,sa0,,,3.7916004658e-05
g6239,sa1,,,3.7916004658e-05
g2339,sa1,,,3.7916004658e-05
g6073,sa1,,,3.7916004658e-05
g197_g6073_A,sa1,,,3.7916004658e-05
g5862,sa1,,,3.7916004658e-05
g6357,sa0,25,1,9.8876953125e-01
g6465,sa0,1,1,7.8125000000e-03
II8329,sa1,,,7.8125000000e-03
g6305,sa0,,,7.8125000000e-03
II8027,sa1,,,7.8125000000e-03
g6237,sa0,,,7.8125000000e-03
g6358,sa0,25,1,9.8876953125e-01
g6457,sa0,60,0,1.4000632786e-03
g6556,sa1,30,0,1.3038534671e-03
g6339,sa1,,,1.3038534671e-03
II8093,sa0,,,1.3038534671e-03
g6122,sa1,,,1.3038534671e-03
II7838,sa0,,,1.3038534671e-03
g5947,sa1,,,1.3038534671e-03
g6467,sa1,,,1.3038534671e-03
II8335,sa0,,,1.3038534671e-03
g6308,sa1,,,1.3038534671e-03
II8034,sa0,,,1.3038534671e-03
g6242,sa1,,,1.3038534671e-03
g2356,sa1,,,1.3038534671e-03
g6075,sa1,,,1.3038534671e-03
g269_g6075_A,sa1,,,1.3038534671e-03
g5863,sa1,,,1.3038534671e-03
g6359,sa0,30,0,9.7106933594e-01
g6457,sa1,30,0,2.9602348804e-03
g6352,sa1,,,2.9602348804e-03
II8110,sa0,,,2.9602348804e-03
g6143,sa1,,,2.9602348804e-03
II7865,sa0,,,2.9602348804e-03
g6095,sa1,,,2.9602348804e-03
g6347,sa1,,,2.9602348804e-03
II8103,sa0,,,2.9602348804e-03
g6134,sa1,,,2.9602348804e-03
II7852,sa0,,,2.9602348804e-03
g5993,sa1,,,2.9602348804e-03
g5872,sa0,,,2.9602348804e-03
g5649_g5872_A,sa0,,,2.9602348804e-03
g1557,sa0,,,2.9602348804e-03
g1017_g1557_A,sa1,,,2.9602348804e-03
g1564_g5872_C,sa0,,,2.9602348804e-03
g2113_g5872_D,sa0,,,2.9602348804e-03
g6279,sa0,25,1,9.8876953125e-01
g6478,sa0,1,1,7.8125000000e-03
II8342,sa1,,,7.8125000000e-03
g6314,sa0,,,7.8125000000e-03
II8044,sa1,,,7.8125000000e-03
g6252,sa0,,,7.8125000000e-03
g6497,sa0,30,0,4.9994099140e-01
II8411,sa1,,,4.9994099140e-01
g6415,sa0,,,4.9994099140e-01
II8255,sa1,,,4.9994099140e-01
g6292,sa0,,,4.9994099140e-01
g6497,sa1,30,0,4.9997043610e-01
II8411,sa0,,,4.9997043610e-01
g6415,sa1,,,4.9997043610e-01
II8255,sa0,,,4.9997043610e-01
g6292,sa1,,,4.9997043610e-01
g6243,sa1,,,4.9997043610e-01
g6084,sa1,,,4.9997043610e-01
g6498,sa0,30,0,4.9994099140e-01
II8414,sa1,,,4.9994099140e-01
g6418,sa0,,,4.9994099140e-01
II8264,sa1,,,4.9994099140e-01
g6296,sa0,,,4.9994099140e-01
g6498,sa1,30,0,4.9997043610e-01
II8414,sa0,,,4.9997043610e-01
g6418,sa1,,,4.9997043610e-01
II8264,sa0,,,4.9997043610e-01
g6296,sa1,,,4.9997043610e-01
g6247,sa1,,,4.9997043610e-01
g6088,sa1,,,4.9997043610e-01
g6499,sa0,30,0,4.9994099140e-01
II8417,sa1,,,4.9994099140e-01
g6420,sa0,,,4.9994099140e-01
II8270,sa1,,,4.9994099140e-01
g6300,sa0,,,4.9994099140e-01
g6499,sa1,30,0,4.9997043610e-01
II8417,sa0,,,4.9997043610e-01
g6420,sa1,,,4.9997043610e-01
II8270,sa0,,,4.9997043610e-01
g6300,sa1,,,4.9997043610e-01
g6253,sa1,,,4.9997043610e-01
g6091,sa1,,,4.9997043610e-01
II8360,sa0,40,1,5.5541992188e-03
II8370,sa0,27,1,9.8913574219e-01
II9066,sa0,29,1,9.8918151855e-01
II9059,sa0,29,1,9.8918151855e-01
II8349,sa0,34,1,5.5541992188e-03
II8395,sa0,29,1,9.8918151855e-01
II8387,sa0,29,1,9.8918151855e-01
II8379,sa0,27,1,9.8913574219e-01
g6461_g6741_B,sa1,30,0,1.0492701334e-03
g6457_g6740_B,sa1,30,0,8.9757929604e-04
g6500,sa0,30,0,4.9994099140e-01
II8420,sa1,,,4.9994099140e-01
g6422,sa0,,,4.9994099140e-01
II8276,sa1,,,4.9994099140e-01
g6303,sa0,,,4.9994099140e-01
g6500,sa1,30,0,4.9997043610e-01
II8420,sa0,,,4.9997043610e-01
g6422,sa1,,,4.9997043610e-01
II8276,sa0,,,4.9997043610e-01
g6303,sa1,,,4.9997043610e-01
g6258,sa1,,,4.9997043610e-01
g6094,sa1,,,4.9997043610e-01
g6501,sa0,30,0,4.9994099140e-01
II8423,sa1,,,4.9994099140e-01
g6423,sa0,,,4.9994099140e-01
II8279,sa1,,,4.9994099140e-01
g6307,sa0,,,4.9994099140e-01
g6501,sa1,30,0,4.9997043610e-01
II8423,sa0,,,4.9997043610e-01
g6423,sa1,,,4.9997043610e-01
II8279,sa0,,,4.9997043610e-01
g6307,sa1,,,4.9997043610e-01
g6262,sa1,,,4.9997043610e-01
g6096,sa1,,,4.9997043610e-01
g6502,sa0,30,0,4.9994099140e-01
II8426,sa1,,,4.9994099140e-01
g6424,sa0,,,4.9994099140e-01
II8282,sa1,,,4.9994099140e-01
g6309,sa0,,,4.9994099140e-01
g6800,sa0,30,0,6.9433593750e-01
II8966,sa1,,,6.9433593750e-01
g6796,sa0,,,6.9433593750e-01
II8958,sa1,,,6.9433593750e-01
g6774_II8958_A,sa0,,,6.9433593750e-01
g6502,sa1,30,0,4.9997043610e-01
II8426,sa0,,,4.9997043610e-01
g6424,sa1,,,4.9997043610e-01
II8282,sa0,,,4.9997043610e-01
g6309,sa1,,,4.9997043610e-01
g6265,sa1,,,4.9997043610e-01
g6098,sa1,,,4.9997043610e-01
g6503,sa0,30,0,4.9994099140e-01
II8429,sa1,,,4.9994099140e-01
g6425,sa0,,,4.9994099140e-01
II8285,sa1,,,4.9994099140e-01
g6310,sa0,,,4.9994099140e-01
g6800,sa1,30,0,7.5683593750e-02
II8966,sa0,,,7.5683593750e-02
g6796,sa1,,,7.5683593750e-02
II8958,sa0,,,7.5683593750e-02
g6774_II8958_A,sa1,,,7.5683593750e-02
g6801,sa0,30,0,6.9433593750e-01
II8969,sa1,,,6.9433593750e-01
g6797,sa0,,,6.9433593750e-01
II8961,sa1,,,6.9433593750e-01
g6778_II8961_A,sa0,,,6.9433593750e-01
g6503,sa1,30,0,4.9997043610e-01
II8429,sa0,,,4.9997043610e-01
g6425,sa1,,,4.9997043610e-01
II8285,sa0,,,4.9997043610e-01
g6310,sa1,,,4.9997043610e-01
g6269,sa1,,,4.9997043610e-01
g6099,sa1,,,4.9997043610e-01
g6504,sa0,30,0,4.9994099140e-01
II8432,sa1,,,4.9994099140e-01
g6411,sa0,,,4.9994099140e-01
II8243,sa1,,,4.9994099140e-01
g6286,sa0,,,4.9994099140e-01
g6801,sa1,30,0,7.5683593750e-02
II8969,sa0,,,7.5683593750e-02
g6797,sa1,,,7.5683593750e-02
II8961,sa0,,,7.5683593750e-02
g6778_II8961_A,sa1,,,7.5683593750e-02
g6504,sa1,30,0,4.9997043610e-01
II8432,sa0,,,4.9997043610e-01
g6411,sa1,,,4.9997043610e-01
II8243,sa0,,,4.9997043610e-01
g6286,sa1,,,4.9997043610e-01
g6238,sa1,,,4.9997043610e-01
g6079,sa1,,,4.9997043610e-01
g6505,sa0,30,0,4.9988033250e-01
II8435,sa1,,,4.9988033250e-01
g6413,sa0,,,4.9988033250e-01
II8249,sa1,,,4.9988033250e-01
g6289,sa0,,,4.9988033250e-01
g6613,sa0,30,0,9.2538102763e-06
g932_g6613_A,sa0,,,9.2538102763e-06
g6554,sa0,,,9.2538102763e-06
g6506,sa0,30,0,3.6546204239e-01
II8438,sa1,,,3.6546204239e-01
g6416,sa0,,,3.6546204239e-01
II8258,sa1,,,3.6546204239e-01
g6293,sa0,,,3.6546204239e-01
g6505,sa1,30,0,3.6859343201e-01
II8435,sa0,,,3.6859343201e-01
g6413,sa1,,,3.6859343201e-01
II8249,sa0,,,3.6859343201e-01
g6289,sa1,,,3.6859343201e-01
g6240,sa1,,,3.6859343201e-01
g6081,sa1,,,3.6859343201e-01
g6614,sa0,30,0,7.8190118074e-04
g932_g6614_A,sa0,,,7.8190118074e-04
g6556,sa0,,,7.8190118074e-04
g6830,sa0,30,0,3.5476684570e-04
g6809_g6830_A,sa0,,,3.5476684570e-04
g5975_g6830_B,sa0,,,3.5476684570e-04
g6507,sa0,30,0,4.9994099140e-01
II8441,sa1,,,4.9994099140e-01
g6419,sa0,,,4.9994099140e-01
II8267,sa1,,,4.9994099140e-01
g6297,sa0,,,4.9994099140e-01
g6506,sa1,30,0,4.9609384741e-01
II8438,sa0,,,4.9609384741e-01
g6416,sa1,,,4.9609384741e-01
II8258,sa0,,,4.9609384741e-01
g6293,sa1,,,4.9609384741e-01
g6244,sa1,,,4.9609384741e-01
g6085,sa1,,,4.9609384741e-01
g6831,sa0,30,0,4.9543380737e-04
g6812_g6831_A,sa0,,,4.9543380737e-04
g5975_g6831_B,sa0,,,4.9543380737e-04
g6508,sa0,30,0,4.9994099140e-01
II8444,sa1,,,4.9994099140e-01
g6421,sa0,,,4.9994099140e-01
II8273,sa1,,,4.9994099140e-01
g6301,sa0,,,4.9994099140e-01
g6507,sa1,30,0,4.9997043610e-01
II8441,sa0,,,4.9997043610e-01
g6419,sa1,,,4.9997043610e-01
II8267,sa0,,,4.9997043610e-01
g6297,sa1,,,4.9997043610e-01
g6248,sa1,,,4.9997043610e-01
g6089,sa1,,,4.9997043610e-01
g6824,sa0,30,0,4.8887699842e-01
II9005,sa1,,,4.8887699842e-01
g6817,sa0,,,4.8887699842e-01
II8988,sa1,,,4.8887699842e-01
g6787,sa0,,,4.8887699842e-01
g6508,sa1,30,0,4.9997043610e-01
II8444,sa0,,,4.9997043610e-01
g6421,sa1,,,4.9997043610e-01
II8273,sa0,,,4.9997043610e-01
g6301,sa1,,,4.9997043610e-01
g6254,sa1,,,4.9997043610e-01
g6092,sa1,,,4.9997043610e-01
g6824,sa1,30,0,4.9657416344e-01
II9005,sa0,,,4.9657416344e-01
g6817,sa1,,,4.9657416344e-01
II8988,sa0,,,4.9657416344e-01
g6787,sa1,,,4.9657416344e-01
g3758,sa1,,,4.9657416344e-01
g6766,sa1,,,4.9657416344e-01
g6825,sa0,30,0,4.9902533367e-01
II9008,sa1,,,4.9902533367e-01
g6818,sa0,,,4.9902533367e-01
II8991,sa1,,,4.9902533367e-01
g6788,sa0,,,4.9902533367e-01
g6834,sa0,30,0,1.8177797756e-07
g6821,sa1,,,1.8177797756e-07
g6785,sa0,,,1.8177797756e-07
II8943,sa1,,,1.8177797756e-07
g6774_II8943_A,sa0,,,1.8177797756e-07
g6825,sa1,30,0,4.9640898779e-01
II9008,sa0,,,4.9640898779e-01
g6818,sa1,,,4.9640898779e-01
II8991,sa0,,,4.9640898779e-01
g6788,sa1,,,4.9640898779e-01
g3760,sa1,,,4.9640898779e-01
g6767,sa1,,,4.9640898779e-01
g6826,sa0,30,0,4.9902386963e-01
II9011,sa1,,,4.9902386963e-01
g6819,sa0,,,4.9902386963e-01
II8994,sa1,,,4.9902386963e-01
g6789,sa0,,,4.9902386963e-01
g6826,sa1,30,0,4.9657352269e-01
II9011,sa0,,,4.9657352269e-01
g6819,sa1,,,4.9657352269e-01
II8994,sa0,,,4.9657352269e-01
g6789,sa1,,,4.9657352269e-01
g3764,sa1,,,4.9657352269e-01
g6769,sa1,,,4.9657352269e-01
g6827,sa0,30,0,4.9902533367e-01
II9014,sa1,,,4.9902533367e-01
g6820,sa0,,,4.9902533367e-01
II8997,sa1,,,4.9902533367e-01
g6790,sa0,,,4.9902533367e-01
g6827,sa1,30,0,4.9640896916e-01
II9014,sa0,,,4.9640896916e-01
g6820,sa1,,,4.9640896916e-01
II8997,sa0,,,4.9640896916e-01
g6790,sa1,,,4.9640896916e-01
g3765,sa1,,,4.9640896916e-01
g6773,sa1,,,4.9640896916e-01
g6837,sa0,30,0,1.3815224520e-09
g6822,sa1,,,1.3815224520e-09
g6786,sa0,,,1.3815224520e-09
II8946,sa1,,,1.3815224520e-09
g6778_II8946_A,sa0,,,1.3815224520e-09
g6828,sa0,30,0,3.5476684570e-04
g6803_g6828_A,sa0,,,3.5476684570e-04
g5958_g6828_B,sa0,,,3.5476684570e-04
g6829,sa0,30,0,4.9543380737e-04
g6806_g6829_A,sa0,,,4.9543380737e-04
g5958_g6829_B,sa0,,,4.9543380737e-04
g6847,sa1,30,0,1.7884599401e-07
g5861,sa1,,,1.7884599401e-07
g5636,sa0,,,1.7884599401e-07
g5564,sa0,,,1.7884599401e-07
g5382,sa1,,,1.7884599401e-07
II7042,sa0,,,1.7884599401e-07
g5310,sa1,,,1.7884599401e-07
g5067,sa0,,,1.7884599401e-07
g4801,sa1,,,1.7884599401e-07
g4487,sa0,,,1.7884599401e-07
II5991,sa1,,,1.7884599401e-07
g4226,sa0,,,1.7884599401e-07
g4050,sa1,,,1.7884599401e-07
g4769,sa0,,,1.7884599401e-07
g4606,sa1,,,1.7884599401e-07
g4193,sa0,,,1.7884599401e-07
II5609,sa1,,,1.7884599401e-07
g3893_II5609_A,sa0,,,1.7884599401e-07
g6837,sa1,,,1.7884599401e-07
g6822,sa0,,,1.7884599401e-07
g6786,sa1,,,1.7884599401e-07
II8946,sa0,,,1.7884599401e-07
g6778_II8946_A,sa1,,,1.7884599401e-07
g6669,sa1,30,0,7.0303678513e-05
g6613,sa1,,,7.0303678513e-05
g4679,sa1,,,7.0303678513e-05
II6269,sa0,,,7.0303678513e-05
g4655,sa1,,,7.0303678513e-05
g4368,sa1,,,7.0303678513e-05
g3660,sa1,,,7.0303678513e-05
II9064,sa0,63,0,2.2115707397e-03
II9057,sa0,63,0,1.9302368164e-03
g6610,sa0,30,0,8.8514759966e-09
II8696,sa1,,,8.8514759966e-09
g6569,sa0,,,8.8514759966e-09
II8591,sa1,,,8.8514759966e-09
g6448,sa0,,,8.8514759966e-09
g6611,sa0,30,0,8.8514777730e-09
II8699,sa1,,,8.8514777730e-09
g6573,sa0,,,8.8514777730e-09
II8603,sa1,,,8.8514777730e-09
g6449,sa0,,,8.8514777730e-09
g6612,sa0,30,0,8.8514777730e-09
II8702,sa1,,,8.8514777730e-09
g6572,sa0,,,8.8514777730e-09
II8600,sa1,,,8.8514777730e-09
g6451,sa0,,,8.8514777730e-09
g6604,sa0,30,0,8.8514759966e-09
II8678,sa1,,,8.8514759966e-09
g6565,sa0,,,8.8514759966e-09
II8579,sa1,,,8.8514759966e-09
g6438,sa0,,,8.8514759966e-09
g6605,sa0,30,0,8.8514777730e-09
II8681,sa1,,,8.8514777730e-09
g6566,sa0,,,8.8514777730e-09
II8582,sa1,,,8.8514777730e-09
g6439,sa0,,,8.8514777730e-09
g6606,sa0,30,0,8.8514759966e-09
II8684,sa1,,,8.8514759966e-09
g6567,sa0,,,8.8514759966e-09
II8585,sa1,,,8.8514759966e-09
g6442,sa0,,,8.8514759966e-09
g6651,sa0,30,0,8.8514759966e-09
II8749,sa1,,,8.8514759966e-09
g6560,sa0,,,8.8514759966e-09
II8564,sa1,,,8.8514759966e-09
g6429,sa0,,,8.8514759966e-09
g6607,sa0,30,0,8.8514777730e-09
II8687,sa1,,,8.8514777730e-09
g6568,sa0,,,8.8514777730e-09
II8588,sa1,,,8.8514777730e-09
g6443,sa0,,,8.8514777730e-09
g6652,sa0,30,0,8.8514777730e-09
II8752,sa1,,,8.8514777730e-09
g6514,sa0,,,8.8514777730e-09
II8462,sa1,,,8.8514777730e-09
g6430,sa0,,,8.8514777730e-09
g6832,sa0,30,0,2.9251098633e-02
II9021,sa1,,,2.9251098633e-02
g6812_II9021_A,sa0,,,2.9251098633e-02
g6608,sa0,30,0,8.8514759966e-09
II8690,sa1,,,8.8514759966e-09
g6571,sa0,,,8.8514759966e-09
II8597,sa1,,,8.8514759966e-09
g6445,sa0,,,8.8514759966e-09
g6653,sa0,30,0,8.8514759966e-09
II8755,sa1,,,8.8514759966e-09
g6561,sa0,,,8.8514759966e-09
II8567,sa1,,,8.8514759966e-09
g6432,sa0,,,8.8514759966e-09
g6832,sa1,30,0,2.8320312500e-02
II9021,sa0,,,2.8320312500e-02
g6812_II9021_A,sa1,,,2.8320312500e-02
g6609,sa0,30,0,8.8514777730e-09
II8693,sa1,,,8.8514777730e-09
g6570,sa0,,,8.8514777730e-09
II8594,sa1,,,8.8514777730e-09
g6446,sa0,,,8.8514777730e-09
g6654,sa0,30,0,8.8514777730e-09
II8758,sa1,,,8.8514777730e-09
g6562,sa0,,,8.8514777730e-09
II8570,sa1,,,8.8514777730e-09
g6433,sa0,,,8.8514777730e-09
g6655,sa0,30,0,8.8514759966e-09
II8761,sa1,,,8.8514759966e-09
g6563,sa0,,,8.8514759966e-09
II8573,sa1,,,8.8514759966e-09
g6435,sa0,,,8.8514759966e-09
g6656,sa0,30,0,8.8514777730e-09
II8764,sa1,,,8.8514777730e-09
g6564,sa0,,,8.8514777730e-09
II8576,sa1,,,8.8514777730e-09
g6436,sa0,,,8.8514777730e-09
g6846,sa1,30,0,2.9805710255e-07
g5860,sa1,,,2.9805710255e-07
g5634,sa0,,,2.9805710255e-07
g5563,sa0,,,2.9805710255e-07
g5381,sa1,,,2.9805710255e-07
II7039,sa0,,,2.9805710255e-07
g5309,sa1,,,2.9805710255e-07
g5063,sa0,,,2.9805710255e-07
g4799,sa1,,,2.9805710255e-07
g4485,sa0,,,2.9805710255e-07
II5987,sa1,,,2.9805710255e-07
g4224,sa0,,,2.9805710255e-07
g4046,sa1,,,2.9805710255e-07
g4767,sa0,,,2.9805710255e-07
g4601,sa1,,,2.9805710255e-07
g4191,sa0,,,2.9805710255e-07
II5603,sa1,,,2.9805710255e-07
g3893_II5603_A,sa0,,,2.9805710255e-07
g6834,sa1,,,2.9805710255e-07
g6821,sa0,,,2.9805710255e-07
g6785,sa1,,,2.9805710255e-07
II8943,sa0,,,2.9805710255e-07
g6774_II8943_A,sa1,,,2.9805710255e-07
g6649,sa0,30,0,8.8514759966e-09
II8745,sa1,,,8.8514759966e-09
g6513,sa0,,,8.8514759966e-09
II8459,sa1,,,8.8514759966e-09
g6427,sa0,,,8.8514759966e-09
g6832_II9050_A,sa1,30,0,2.4934768677e-02
g6832_II9051_A,sa1,30,0,1.5514373779e-02
II8773,sa0,120,0,3.5405903986e-08
II8774,sa0,120,0,3.5405903986e-08
II8778,sa0,120,0,3.5405911092e-08
II8779,sa0,120,0,3.5405911092e-08
g6621,sa0,0,1,0.0000000000e+00
II8721,sa1,,,0.0000000000e+00
g6534,sa0,,,0.0000000000e+00
II8518,sa1,,,0.0000000000e+00
g6494,sa0,,,0.0000000000e+00
g6622,sa0,0,1,0.0000000000e+00
II8724,sa1,,,0.0000000000e+00
g6533,sa0,,,0.0000000000e+00
II8515,sa1,,,0.0000000000e+00
g6492,sa0,,,0.0000000000e+00
g6623,sa0,0,1,0.0000000000e+00
II8727,sa1,,,0.0000000000e+00
g6536,sa0,,,0.0000000000e+00
II8524,sa1,,,0.0000000000e+00
g6496,sa0,,,0.0000000000e+00
g6624,sa0,0,1,0.0000000000e+00
II8730,sa1,,,0.0000000000e+00
g6535,sa0,,,0.0000000000e+00
II8521,sa1,,,0.0000000000e+00
g6495,sa0,,,0.0000000000e+00
g6851,sa0,30,0,6.9510936737e-04
g6846,sa0,,,6.9510936737e-04
g2293,sa0,,,6.9510936737e-04
g1567_g2293_A,sa1,,,6.9510936737e-04
g6852,sa0,30,0,3.6215782166e-04
g6847,sa0,,,3.6215782166e-04
g2295,sa0,,,3.6215782166e-04
g1578_g2295_A,sa1,,,3.6215782166e-04
g6717,sa1,30,0,1.7361883074e-03
g6839,sa0,30,0,3.6328125000e-01
II9038,sa1,,,3.6328125000e-01
g6833,sa0,,,3.6328125000e-01
II9024,sa1,,,3.6328125000e-01
g6803_II9024_A,sa0,,,3.6328125000e-01
g6839,sa1,30,0,4.5581054688e-01
II9038,sa0,,,4.5581054688e-01
g6833,sa1,,,4.5581054688e-01
II9024,sa0,,,4.5581054688e-01
g6803_II9024_A,sa1,,,4.5581054688e-01
II9050,sa0,30,0,3.0351638794e-02
g6832_II9050_A,sa0,,,3.0351638794e-02
g3598_II9050_B,sa0,,,3.0351638794e-02
II9050,sa1,30,0,2.8385162354e-02
g6720,sa0,5,1,5.0000000000e-01
II8854,sa1,,,5.0000000000e-01
g6696,sa0,,,5.0000000000e-01
II8806,sa1,,,5.0000000000e-01
g6686,sa0,,,5.0000000000e-01
g6721,sa0,5,1,5.0000000000e-01
II8857,sa1,,,5.0000000000e-01
g6698,sa0,,,5.0000000000e-01
II8812,sa1,,,5.0000000000e-01
g6688,sa0,,,5.0000000000e-01
g6720,sa1,5,1,5.0000000000e-01
II8854,sa0,,,5.0000000000e-01
g6696,sa1,,,5.0000000000e-01
II8806,sa0,,,5.0000000000e-01
g6686,sa1,,,5.0000000000e-01
g6259,sa1,,,5.0000000000e-01
g6645,sa1,,,5.0000000000e-01
g6722,sa0,5,1,5.0000000000e-01
II8860,sa1,,,5.0000000000e-01
g6699,sa0,,,5.0000000000e-01
II8815,sa1,,,5.0000000000e-01
g6689,sa0,,,5.0000000000e-01
g6721,sa1,5,1,5.0000000000e-01
II8857,sa0,,,5.0000000000e-01
g6698,sa1,,,5.0000000000e-01
II8812,sa0,,,5.0000000000e-01
g6688,sa1,,,5.0000000000e-01
g6263,sa1,,,5.0000000000e-01
g6647,sa1,,,5.0000000000e-01
g6731,sa0,30,0,4.2539834976e-04
g6717,sa0,,,4.2539834976e-04
g6669,sa0,,,4.2539834976e-04
g5065,sa0,,,4.2539834976e-04
g5062,sa0,,,4.2539834976e-04
g4427,sa0,,,4.2539834976e-04
g6723,sa0,5,1,5.0000000000e-01
II8863,sa1,,,5.0000000000e-01
g6700,sa0,,,5.0000000000e-01
II8818,sa1,,,5.0000000000e-01
g6690,sa0,,,5.0000000000e-01
g6722,sa1,5,1,5.0000000000e-01
II8860,sa0,,,5.0000000000e-01
g6699,sa1,,,5.0000000000e-01
II8815,sa0,,,5.0000000000e-01
g6689,sa1,,,5.0000000000e-01
g6266,sa1,,,5.0000000000e-01
g6648,sa1,,,5.0000000000e-01
g6840,sa0,30,0,5.0732421875e-01
II9041,sa1,,,5.0732421875e-01
g6835,sa0,,,5.0732421875e-01
II9028,sa1,,,5.0732421875e-01
g6806_II9028_A,sa0,,,5.0732421875e-01
g6724,sa0,5,1,5.0000000000e-01
II8866,sa1,,,5.0000000000e-01
g6701,sa0,,,5.0000000000e-01
II8821,sa1,,,5.0000000000e-01
g6691,sa0,,,5.0000000000e-01
g6723,sa1,5,1,5.0000000000e-01
II8863,sa0,,,5.0000000000e-01
g6700,sa1,,,5.0000000000e-01
II8818,sa0,,,5.0000000000e-01
g6690,sa1,,,5.0000000000e-01
g6270,sa1,,,5.0000000000e-01
g6650,sa1,,,5.0000000000e-01
g6841,sa0,30,0,3.6328125000e-01
II9044,sa1,,,3.6328125000e-01
g6836,sa0,,,3.6328125000e-01
II9031,sa1,,,3.6328125000e-01
g6809_II9031_A,sa0,,,3.6328125000e-01
g6840,sa1,30,0,4.5629882813e-01
II9041,sa0,,,4.5629882813e-01
g6835,sa1,,,4.5629882813e-01
II9028,sa0,,,4.5629882813e-01
g6806_II9028_A,sa1,,,4.5629882813e-01
g6661,sa0,240,0,7.0811807973e-08
g6725,sa0,5,1,5.0000000000e-01
II8869,sa1,,,5.0000000000e-01
g6694,sa0,,,5.0000000000e-01
II8800,sa1,,,5.0000000000e-01
g6684,sa0,,,5.0000000000e-01
g6724,sa1,5,1,5.0000000000e-01
II8866,sa0,,,5.0000000000e-01
g6701,sa1,,,5.0000000000e-01
II8821,sa0,,,5.0000000000e-01
g6691,sa1,,,5.0000000000e-01
g6275,sa1,,,5.0000000000e-01
g6603,sa1,,,5.0000000000e-01
g6841,sa1,30,0,4.5581054688e-01
II9044,sa0,,,4.5581054688e-01
g6836,sa1,,,4.5581054688e-01
II9031,sa0,,,4.5581054688e-01
g6809_II9031_A,sa1,,,4.5581054688e-01
g6842,sa0,30,0,5.0732421875e-01
II9047,sa1,,,5.0732421875e-01
g6838,sa0,,,5.0732421875e-01
II9035,sa1,,,5.0732421875e-01
g6812_II9035_A,sa0,,,5.0732421875e-01
g6661,sa1,30,0,7.2674396279e-08
II8773,sa1,,,7.2674396279e-08
g6610,sa1,,,7.2674396279e-08
II8696,sa0,,,7.2674396279e-08
g6569,sa1,,,7.2674396279e-08
II8591,sa0,,,7.2674396279e-08
g6448,sa1,,,7.2674396279e-08
g6376_g6448_A,sa1,,,7.2674396279e-08
g4323_g6448_B,sa1,,,7.2674396279e-08
g4309_g6448_C,sa1,,,7.2674396279e-08
g4302_g6448_D,sa1,,,7.2674396279e-08
g6608,sa1,,,7.2674396279e-08
II8690,sa0,,,7.2674396279e-08
g6571,sa1,,,7.2674396279e-08
II8597,sa0,,,7.2674396279e-08
g6445,sa1,,,7.2674396279e-08
g6376_g6445_A,sa1,,,7.2674396279e-08
g4323_g6445_B,sa1,,,7.2674396279e-08
g4309_g6445_C,sa1,,,7.2674396279e-08
g4068_g6445_D,sa1,,,7.2674396279e-08
g6606,sa1,,,7.2674396279e-08
II8684,sa0,,,7.2674396279e-08
g6567,sa1,,,7.2674396279e-08
II8585,sa0,,,7.2674396279e-08
g6442,sa1,,,7.2674396279e-08
g6376_g6442_A,sa1,,,7.2674396279e-08
g4323_g6442_B,sa1,,,7.2674396279e-08
g4074_g6442_C,sa1,,,7.2674396279e-08
g4302_g6442_D,sa1,,,7.2674396279e-08
g6604,sa1,,,7.2674396279e-08
II8678,sa0,,,7.2674396279e-08
g6565,sa1,,,7.2674396279e-08
II8579,sa0,,,7.2674396279e-08
g6438,sa1,,,7.2674396279e-08
g6376_g6438_A,sa1,,,7.2674396279e-08
g4323_g6438_B,sa1,,,7.2674396279e-08
g4074_g6438_C,sa1,,,7.2674396279e-08
g4068_g6438_D,sa1,,,7.2674396279e-08
II8774,sa1,,,7.2674396279e-08
g6655,sa1,,,7.2674396279e-08
II8761,sa0,,,7.2674396279e-08
g6563,sa1,,,7.2674396279e-08
II8573,sa0,,,7.2674396279e-08
g6435,sa1,,,7.2674396279e-08
g6376_g6435_A,sa1,,,7.2674396279e-08
g4086_g6435_B,sa1,,,7.2674396279e-08
g4309_g6435_C,sa1,,,7.2674396279e-08
g4302_g6435_D,sa1,,,7.2674396279e-08
g6653,sa1,,,7.2674396279e-08
II8755,sa0,,,7.2674396279e-08
g6561,sa1,,,7.2674396279e-08
II8567,sa0,,,7.2674396279e-08
g6432,sa1,,,7.2674396279e-08
g6376_g6432_A,sa1,,,7.2674396279e-08
g4086_g6432_B,sa1,,,7.2674396279e-08
g4309_g6432_C,sa1,,,7.2674396279e-08
g4068_g6432_D,sa1,,,7.2674396279e-08
g6651,sa1,,,7.2674396279e-08
II8749,sa0,,,7.2674396279e-08
g6560,sa1,,,7.2674396279e-08
II8564,sa0,,,7.2674396279e-08
g6429,sa1,,,7.2674396279e-08
g6376_g6429_A,sa1,,,7.2674396279e-08
g4086_g6429_B,sa1,,,7.2674396279e-08
g4074_g6429_C,sa1,,,7.2674396279e-08
g4302_g6429_D,sa1,,,7.2674396279e-08
g6649,sa1,,,7.2674396279e-08
II8745,sa0,,,7.2674396279e-08
g6513,sa1,,,7.2674396279e-08
II8459,sa0,,,7.2674396279e-08
g6427,sa1,,,7.2674396279e-08
g6376_g6427_A,sa1,,,7.2674396279e-08
g4086_g6427_B,sa1,,,7.2674396279e-08
g4074_g6427_C,sa1,,,7.2674396279e-08
g4068_g6427_D,sa1,,,7.2674396279e-08
g6726,sa0,5,1,5.0000000000e-01
II8872,sa1,,,5.0000000000e-01
g6695,sa0,,,5.0000000000e-01
II8803,sa1,,,5.0000000000e-01
g6685,sa0,,,5.0000000000e-01
g6725,sa1,5,1,5.0000000000e-01
II8869,sa0,,,5.0000000000e-01
g6694,sa1,,,5.0000000000e-01
II8800,sa0,,,5.0000000000e-01
g6684,sa1,,,5.0000000000e-01
g6250,sa1,,,5.0000000000e-01
g6643,sa1,,,5.0000000000e-01
g6842,sa1,30,0,4.5629882813e-01
II9047,sa0,,,4.5629882813e-01
g6838,sa1,,,4.5629882813e-01
II9035,sa0,,,4.5629882813e-01
g6812_II9035_A,sa1,,,4.5629882813e-01
g6727,sa0,5,1,5.0000000000e-01
II8875,sa1,,,5.0000000000e-01
g6697,sa0,,,5.0000000000e-01
II8809,sa1,,,5.0000000000e-01
g6687,sa0,,,5.0000000000e-01
g6726,sa1,5,1,5.0000000000e-01
II8872,sa0,,,5.0000000000e-01
g6695,sa1,,,5.0000000000e-01
II8803,sa0,,,5.0000000000e-01
g6685,sa1,,,5.0000000000e-01
g6256,sa1,,,5.0000000000e-01
g6644,sa1,,,5.0000000000e-01
g6727,sa1,5,1,5.0000000000e-01
II8875,sa0,,,5.0000000000e-01
g6697,sa1,,,5.0000000000e-01
II8809,sa0,,,5.0000000000e-01
g6687,sa1,,,5.0000000000e-01
g6260,sa1,,,5.0000000000e-01
g6646,sa1,,,5.0000000000e-01
g6682,sa1,30,0,6.2763690948e-05
g6478,sa1,,,6.2763690948e-05
II8342,sa0,,,6.2763690948e-05
g6314,sa1,,,6.2763690948e-05
II8044,sa0,,,6.2763690948e-05
g6252,sa1,,,6.2763690948e-05
g5905_g6252_A,sa1,,,6.2763690948e-05
g2381_g6252_B,sa1,,,6.2763690948e-05
g6624,sa1,,,6.2763690948e-05
II8730,sa0,,,6.2763690948e-05
g6535,sa1,,,6.2763690948e-05
II8521,sa0,,,6.2763690948e-05
g6495,sa1,,,6.2763690948e-05
g6354_g6495_A,sa1,,,6.2763690948e-05
g1775,sa1,,,6.2763690948e-05
g952_g1775_A,sa0,,,6.2763690948e-05
g6623,sa1,,,6.2763690948e-05
II8727,sa0,,,6.2763690948e-05
g6536,sa1,,,6.2763690948e-05
II8524,sa0,,,6.2763690948e-05
g6496,sa1,,,6.2763690948e-05
g952_g6496_A,sa1,,,6.2763690948e-05
g6354_g6496_B,sa1,,,6.2763690948e-05
g6665,sa0,240,0,7.0811822184e-08
g6729,sa0,30,0,2.6611328125e-02
II8881,sa1,,,2.6611328125e-02
g6711,sa0,,,2.6611328125e-02
II8843,sa1,,,2.6611328125e-02
g6658,sa0,,,2.6611328125e-02
g6855,sa0,60,0,6.9712381810e-04
g6864,sa0,60,0,3.6417227238e-04
g6665,sa1,30,0,9.1304400485e-08
II8778,sa1,,,9.1304400485e-08
g6612,sa1,,,9.1304400485e-08
II8702,sa0,,,9.1304400485e-08
g6572,sa1,,,9.1304400485e-08
II8600,sa0,,,9.1304400485e-08
g6451,sa1,,,9.1304400485e-08
g6385_g6451_A,sa1,,,9.1304400485e-08
g4334_g6451_B,sa1,,,9.1304400485e-08
g4328_g6451_C,sa1,,,9.1304400485e-08
g4314_g6451_D,sa1,,,9.1304400485e-08
g6611,sa1,,,9.1304400485e-08
II8699,sa0,,,9.1304400485e-08
g6573,sa1,,,9.1304400485e-08
II8603,sa0,,,9.1304400485e-08
g6449,sa1,,,9.1304400485e-08
g6385_g6449_A,sa1,,,9.1304400485e-08
g4334_g6449_B,sa1,,,9.1304400485e-08
g4328_g6449_C,sa1,,,9.1304400485e-08
g4080_g6449_D,sa1,,,9.1304400485e-08
g6609,sa1,,,9.1304400485e-08
II8693,sa0,,,9.1304400485e-08
g6570,sa1,,,9.1304400485e-08
II8594,sa0,,,9.1304400485e-08
g6446,sa1,,,9.1304400485e-08
g6385_g6446_A,sa1,,,9.1304400485e-08
g4334_g6446_B,sa1,,,9.1304400485e-08
g4092_g6446_C,sa1,,,9.1304400485e-08
g4314_g6446_D,sa1,,,9.1304400485e-08
g6607,sa1,,,9.1304400485e-08
II8687,sa0,,,9.1304400485e-08
g6568,sa1,,,9.1304400485e-08
II8588,sa0,,,9.1304400485e-08
g6443,sa1,,,9.1304400485e-08
g6385_g6443_A,sa1,,,9.1304400485e-08
g4334_g6443_B,sa1,,,9.1304400485e-08
g4092_g6443_C,sa1,,,9.1304400485e-08
g4080_g6443_D,sa1,,,9.1304400485e-08
II8779,sa1,,,9.1304400485e-08
g6605,sa1,,,9.1304400485e-08
II8681,sa0,,,9.1304400485e-08
g6566,sa1,,,9.1304400485e-08
II8582,sa0,,,9.1304400485e-08
g6439,sa1,,,9.1304400485e-08
g6385_g6439_A,sa1,,,9.1304400485e-08
g3733_g6439_B,sa1,,,9.1304400485e-08
g4328_g6439_C,sa1,,,9.1304400485e-08
g4314_g6439_D,sa1,,,9.1304400485e-08
g6656,sa1,,,9.1304400485e-08
II8764,sa0,,,9.1304400485e-08
g6564,sa1,,,9.1304400485e-08
II8576,sa0,,,9.1304400485e-08
g6436,sa1,,,9.1304400485e-08
g6385_g6436_A,sa1,,,9.1304400485e-08
g3733_g6436_B,sa1,,,9.1304400485e-08
g4328_g6436_C,sa1,,,9.1304400485e-08
g4080_g6436_D,sa1,,,9.1304400485e-08
g6654,sa1,,,9.1304400485e-08
II8758,sa0,,,9.1304400485e-08
g6562,sa1,,,9.1304400485e-08
II8570,sa0,,,9.1304400485e-08
g6433,sa1,,,9.1304400485e-08
g6385_g6433_A,sa1,,,9.1304400485e-08
g3733_g6433_B,sa1,,,9.1304400485e-08
g4092_g6433_C,sa1,,,9.1304400485e-08
g4314_g6433_D,sa1,,,9.1304400485e-08
g6652,sa1,,,9.1304400485e-08
II8752,sa0,,,9.1304400485e-08
g6514,sa1,,,9.1304400485e-08
II8462,sa0,,,9.1304400485e-08
g6430,sa1,,,9.1304400485e-08
g6385_g6430_A,sa1,,,9.1304400485e-08
g3733_g6430_B,sa1,,,9.1304400485e-08
g4092_g6430_C,sa1,,,9.1304400485e-08
g4080_g6430_D,sa1,,,9.1304400485e-08
g6683,sa1,30,0,6.2763690948e-05
g6465,sa1,,,6.2763690948e-05
II8329,sa0,,,6.2763690948e-05
g6305,sa1,,,6.2763690948e-05
II8027,sa0,,,6.2763690948e-05
g6237,sa1,,,6.2763690948e-05
g5912_g6237_A,sa1,,,6.2763690948e-05
g2381_g6237_B,sa1,,,6.2763690948e-05
g6622,sa1,,,6.2763690948e-05
II8724,sa0,,,6.2763690948e-05
g6533,sa1,,,6.2763690948e-05
II8515,sa0,,,6.2763690948e-05
g6492,sa1,,,6.2763690948e-05
g6348_g6492_A,sa1,,,6.2763690948e-05
g1734,sa1,,,6.2763690948e-05
g952_g1734_A,sa0,,,6.2763690948e-05
g6621,sa1,,,6.2763690948e-05
II8721,sa0,,,6.2763690948e-05
g6534,sa1,,,6.2763690948e-05
II8518,sa0,,,6.2763690948e-05
g6494,sa1,,,6.2763690948e-05
g952_g6494_A,sa1,,,6.2763690948e-05
g6348_g6494_B,sa1,,,6.2763690948e-05
g6729,sa1,30,0,2.5146484375e-02
II8881,sa0,,,2.5146484375e-02
g6711,sa1,,,2.5146484375e-02
II8843,sa0,,,2.5146484375e-02
g6658,sa1,,,2.5146484375e-02
g6132,sa1,,,2.5146484375e-02
g6620,sa1,,,2.5146484375e-02
g6855,sa1,30,0,4.8431752475e-07
g6851,sa1,,,4.8431752475e-07
g2085,sa1,,,4.8431752475e-07
g6864,sa1,30,0,3.6510527934e-07
g6852,sa1,,,3.6510527934e-07
g2089,sa1,,,3.6510527934e-07
II9050_II9051_B,sa1,30,0,2.8385162354e-02
II9050_II9052_B,sa1,30,0,2.8385162354e-02
g6661_g6718_B,sa1,30,0,7.1742618957e-08
g6665_g6719_B,sa1,30,0,7.1742391583e-08
g6615,sa1,0,1,0.0000000000e+00
II8707,sa0,,,0.0000000000e+00
g6520,sa1,,,0.0000000000e+00
II8476,sa0,,,0.0000000000e+00
g6457_II8476_A,sa1,,,0.0000000000e+00
g6616,sa1,0,1,0.0000000000e+00
II8710,sa0,,,0.0000000000e+00
g6517,sa1,,,0.0000000000e+00
II8467,sa0,,,0.0000000000e+00
g6457_II8467_A,sa1,,,0.0000000000e+00
g6617,sa1,0,1,0.0000000000e+00
II8713,sa0,,,0.0000000000e+00
g6522,sa1,,,0.0000000000e+00
II8482,sa0,,,0.0000000000e+00
g6461_II8482_A,sa1,,,0.0000000000e+00
g6716,sa1,30,0,6.2763690948e-05
g6618,sa1,0,1,0.0000000000e+00
II8716,sa0,,,0.0000000000e+00
g6518,sa1,,,0.0000000000e+00
II8470,sa0,,,0.0000000000e+00
g6461_II8470_A,sa1,,,0.0000000000e+00
g6747,sa1,30,0,3.1254440546e-03
g6614,sa1,,,3.1254440546e-03
g6731,sa1,,,3.1254440546e-03
g6597,sa0,30,0,9.6994018555e-01
II8659,sa1,,,9.6994018555e-01
g6523,sa0,,,9.6994018555e-01
II8485,sa1,,,9.6994018555e-01
g6479,sa0,,,9.6994018555e-01
g6597,sa1,30,0,4.8255920410e-03
II8659,sa0,,,4.8255920410e-03
g6523,sa1,,,4.8255920410e-03
II8485,sa0,,,4.8255920410e-03
g6479,sa1,,,4.8255920410e-03
II8349,sa1,,,4.8255920410e-03
II8345,sa1,,,4.8255920410e-03
g6326,sa1,,,4.8255920410e-03
g6135,sa1,,,4.8255920410e-03
g6140,sa1,,,4.8255920410e-03
g6157,sa1,,,4.8255920410e-03
II8346,sa1,,,4.8255920410e-03
g6159,sa1,,,4.8255920410e-03
g6334,sa1,,,4.8255920410e-03
g5163,sa1,,,4.8255920410e-03
g5191,sa1,,,4.8255920410e-03
II8347,sa1,,,4.8255920410e-03
g5188,sa1,,,4.8255920410e-03
g5157,sa1,,,4.8255920410e-03
g5154,sa1,,,4.8255920410e-03
g5193,sa1,,,4.8255920410e-03
II8348,sa1,,,4.8255920410e-03
g5229,sa1,,,4.8255920410e-03
g5234,sa1,,,4.8255920410e-03
g5218,sa1,,,4.8255920410e-03
g5225,sa1,,,4.8255920410e-03
g6335,sa1,,,4.8255920410e-03
II8079,sa1,,,4.8255920410e-03
g6194_II8079_A,sa1,,,4.8255920410e-03
g5958_II8079_B,sa1,,,4.8255920410e-03
g5975_II8079_C,sa1,,,4.8255920410e-03
g5997_II8079_D,sa1,,,4.8255920410e-03
II8080,sa1,,,4.8255920410e-03
g6015_II8080_A,sa1,,,4.8255920410e-03
g6212_II8080_B,sa1,,,4.8255920410e-03
g4950_II8080_C,sa1,,,4.8255920410e-03
g4877_II8080_D,sa1,,,4.8255920410e-03
II8081,sa1,,,4.8255920410e-03
g4894_II8081_A,sa1,,,4.8255920410e-03
g4904_II8081_B,sa1,,,4.8255920410e-03
g4993_II8081_C,sa1,,,4.8255920410e-03
g4967_II8081_D,sa1,,,4.8255920410e-03
II8082,sa1,,,4.8255920410e-03
g4980_II8082_A,sa1,,,4.8255920410e-03
g4915_II8082_B,sa1,,,4.8255920410e-03
g5025_II8082_C,sa1,,,4.8255920410e-03
g5054_II8082_D,sa1,,,4.8255920410e-03
g6598,sa0,30,0,9.8928833008e-01
II8662,sa1,,,9.8928833008e-01
g6525,sa0,,,9.8928833008e-01
II8491,sa1,,,9.8928833008e-01
g6480,sa0,,,9.8928833008e-01
g6598,sa1,30,0,4.9591064453e-03
II8662,sa0,,,4.9591064453e-03
g6525,sa1,,,4.9591064453e-03
II8491,sa0,,,4.9591064453e-03
g6480,sa1,,,4.9591064453e-03
II8360,sa1,,,4.9591064453e-03
II8356,sa1,,,4.9591064453e-03
g6311,sa1,,,4.9591064453e-03
g6123,sa1,,,4.9591064453e-03
g6125,sa1,,,4.9591064453e-03
g6141,sa1,,,4.9591064453e-03
II8357,sa1,,,4.9591064453e-03
g6145,sa1,,,4.9591064453e-03
g6318,sa1,,,4.9591064453e-03
g5171,sa1,,,4.9591064453e-03
g5187,sa1,,,4.9591064453e-03
II8358,sa1,,,4.9591064453e-03
g5192,sa1,,,4.9591064453e-03
g5153,sa1,,,4.9591064453e-03
g5158,sa1,,,4.9591064453e-03
g5197,sa1,,,4.9591064453e-03
II8359,sa1,,,4.9591064453e-03
g5232,sa1,,,4.9591064453e-03
g5236,sa1,,,4.9591064453e-03
g5216,sa1,,,4.9591064453e-03
g5226,sa1,,,4.9591064453e-03
g6359,sa1,,,4.9591064453e-03
II8135,sa1,,,4.9591064453e-03
g6194_II8135_A,sa1,,,4.9591064453e-03
g5958_II8135_B,sa1,,,4.9591064453e-03
g5975_II8135_C,sa1,,,4.9591064453e-03
g5997_II8135_D,sa1,,,4.9591064453e-03
II8136,sa1,,,4.9591064453e-03
g6015_II8136_A,sa1,,,4.9591064453e-03
g6212_II8136_B,sa1,,,4.9591064453e-03
g4950_II8136_C,sa1,,,4.9591064453e-03
g4877_II8136_D,sa1,,,4.9591064453e-03
II8137,sa1,,,4.9591064453e-03
g4894_II8137_A,sa1,,,4.9591064453e-03
g4904_II8137_B,sa1,,,4.9591064453e-03
g4993_II8137_C,sa1,,,4.9591064453e-03
g4967_II8137_D,sa1,,,4.9591064453e-03
II8138,sa1,,,4.9591064453e-03
g4980_II8138_A,sa1,,,4.9591064453e-03
g4915_II8138_B,sa1,,,4.9591064453e-03
g5025_II8138_C,sa1,,,4.9591064453e-03
g5054_II8138_D,sa1,,,4.9591064453e-03
g6599,sa0,30,0,9.8818969727e-01
II8665,sa1,,,9.8818969727e-01
g6527,sa0,,,9.8818969727e-01
II8497,sa1,,,9.8818969727e-01
g6481,sa0,,,9.8818969727e-01
g6599,sa1,30,0,5.9051513672e-03
II8665,sa0,,,5.9051513672e-03
g6527,sa1,,,5.9051513672e-03
II8497,sa0,,,5.9051513672e-03
g6481,sa1,,,5.9051513672e-03
II8367,sa1,,,5.9051513672e-03
g6313,sa1,,,5.9051513672e-03
g6124,sa1,,,5.9051513672e-03
g6127,sa1,,,5.9051513672e-03
g6144,sa1,,,5.9051513672e-03
II8368,sa1,,,5.9051513672e-03
g6148,sa1,,,5.9051513672e-03
g6321,sa1,,,5.9051513672e-03
g5176,sa1,,,5.9051513672e-03
g5184,sa1,,,5.9051513672e-03
II8369,sa1,,,5.9051513672e-03
g5165,sa1,,,5.9051513672e-03
g5159,sa1,,,5.9051513672e-03
g5233,sa1,,,5.9051513672e-03
g5240,sa1,,,5.9051513672e-03
II8370,sa1,,,5.9051513672e-03
g5214,sa1,,,5.9051513672e-03
g6358,sa1,,,5.9051513672e-03
II8126,sa1,,,5.9051513672e-03
g6194_II8126_A,sa1,,,5.9051513672e-03
g5958_II8126_B,sa1,,,5.9051513672e-03
g5975_II8126_C,sa1,,,5.9051513672e-03
g5997_II8126_D,sa1,,,5.9051513672e-03
II8127,sa1,,,5.9051513672e-03
g6015_II8127_A,sa1,,,5.9051513672e-03
g6212_II8127_B,sa1,,,5.9051513672e-03
g4950_II8127_C,sa1,,,5.9051513672e-03
g4877_II8127_D,sa1,,,5.9051513672e-03
II8128,sa1,,,5.9051513672e-03
g5202_II8128_A,sa1,,,5.9051513672e-03
g4993_II8128_B,sa1,,,5.9051513672e-03
g4967_II8128_C,sa1,,,5.9051513672e-03
g4980_II8128_D,sa1,,,5.9051513672e-03
II8129,sa1,,,5.9051513672e-03
g4915_II8129_A,sa1,,,5.9051513672e-03
g5025_II8129_B,sa1,,,5.9051513672e-03
II9051,sa1,30,0,3.0288696289e-02
II9052,sa1,30,0,2.4934768677e-02
g6600,sa0,30,0,9.8294067383e-01
II8668,sa1,,,9.8294067383e-01
g6530,sa0,,,9.8294067383e-01
II8506,sa1,,,9.8294067383e-01
g6483,sa0,,,9.8294067383e-01
g6600,sa1,30,0,6.5021514893e-03
II8668,sa0,,,6.5021514893e-03
g6530,sa1,,,6.5021514893e-03
II8506,sa0,,,6.5021514893e-03
g6483,sa1,,,6.5021514893e-03
II8385,sa1,,,6.5021514893e-03
g6316,sa1,,,6.5021514893e-03
g6128,sa1,,,6.5021514893e-03
g6131,sa1,,,6.5021514893e-03
g6149,sa1,,,6.5021514893e-03
II8386,sa1,,,6.5021514893e-03
g6152,sa1,,,6.5021514893e-03
g6327,sa1,,,6.5021514893e-03
g5183,sa1,,,6.5021514893e-03
g5177,sa1,,,6.5021514893e-03
II8387,sa1,,,6.5021514893e-03
g5178,sa1,,,6.5021514893e-03
g5209,sa1,,,6.5021514893e-03
g6281,sa1,,,6.5021514893e-03
II7987,sa1,,,6.5021514893e-03
g6194_II7987_A,sa1,,,6.5021514893e-03
g5958_II7987_B,sa1,,,6.5021514893e-03
g5975_II7987_C,sa1,,,6.5021514893e-03
g5997_II7987_D,sa1,,,6.5021514893e-03
II7988,sa1,,,6.5021514893e-03
g6015_II7988_A,sa1,,,6.5021514893e-03
g6212_II7988_B,sa1,,,6.5021514893e-03
g4950_II7988_C,sa1,,,6.5021514893e-03
g4877_II7988_D,sa1,,,6.5021514893e-03
II7989,sa1,,,6.5021514893e-03
g5202_II7989_A,sa1,,,6.5021514893e-03
g4993_II7989_B,sa1,,,6.5021514893e-03
g4967_II7989_C,sa1,,,6.5021514893e-03
g4980_II7989_D,sa1,,,6.5021514893e-03
II7990,sa1,,,6.5021514893e-03
g4915_II7990_A,sa1,,,6.5021514893e-03
g5025_II7990_B,sa1,,,6.5021514893e-03
g6601,sa0,30,0,9.8442077637e-01
II8671,sa1,,,9.8442077637e-01
g6519,sa0,,,9.8442077637e-01
II8473,sa1,,,9.8442077637e-01
g6485,sa0,,,9.8442077637e-01
g6602,sa0,30,0,9.8712730408e-01
II8674,sa1,,,9.8712730408e-01
g6521,sa0,,,9.8712730408e-01
II8479,sa1,,,9.8712730408e-01
g6482,sa0,,,9.8712730408e-01
g6601,sa1,30,0,6.2026977539e-03
II8671,sa0,,,6.2026977539e-03
g6519,sa1,,,6.2026977539e-03
II8473,sa0,,,6.2026977539e-03
g6485,sa1,,,6.2026977539e-03
II8393,sa1,,,6.2026977539e-03
g6317,sa1,,,6.2026977539e-03
g6130,sa1,,,6.2026977539e-03
g6133,sa1,,,6.2026977539e-03
g6151,sa1,,,6.2026977539e-03
II8394,sa1,,,6.2026977539e-03
g6154,sa1,,,6.2026977539e-03
g6329,sa1,,,6.2026977539e-03
g5186,sa1,,,6.2026977539e-03
g5172,sa1,,,6.2026977539e-03
II8395,sa1,,,6.2026977539e-03
g5182,sa1,,,6.2026977539e-03
g5200,sa1,,,6.2026977539e-03
g6280,sa1,,,6.2026977539e-03
II7978,sa1,,,6.2026977539e-03
g6194_II7978_A,sa1,,,6.2026977539e-03
g5958_II7978_B,sa1,,,6.2026977539e-03
g5975_II7978_C,sa1,,,6.2026977539e-03
g5997_II7978_D,sa1,,,6.2026977539e-03
II7979,sa1,,,6.2026977539e-03
g6015_II7979_A,sa1,,,6.2026977539e-03
g6212_II7979_B,sa1,,,6.2026977539e-03
g4950_II7979_C,sa1,,,6.2026977539e-03
g4877_II7979_D,sa1,,,6.2026977539e-03
II7980,sa1,,,6.2026977539e-03
g5202_II7980_A,sa1,,,6.2026977539e-03
g4993_II7980_B,sa1,,,6.2026977539e-03
g4967_II7980_C,sa1,,,6.2026977539e-03
g4980_II7980_D,sa1,,,6.2026977539e-03
II7981,sa1,,,6.2026977539e-03
g4915_II7981_A,sa1,,,6.2026977539e-03
g5025_II7981_B,sa1,,,6.2026977539e-03
g6602,sa1,30,0,6.0849189758e-03
II8674,sa0,,,6.0849189758e-03
g6521,sa1,,,6.0849189758e-03
II8479,sa0,,,6.0849189758e-03
g6482,sa1,,,6.0849189758e-03
II8376,sa1,,,6.0849189758e-03
g6315,sa1,,,6.0849189758e-03
g6126,sa1,,,6.0849189758e-03
g6129,sa1,,,6.0849189758e-03
g6146,sa1,,,6.0849189758e-03
II8377,sa1,,,6.0849189758e-03
g6150,sa1,,,6.0849189758e-03
g6324,sa1,,,6.0849189758e-03
g5180,sa1,,,6.0849189758e-03
g5181,sa1,,,6.0849189758e-03
II8378,sa1,,,6.0849189758e-03
g5173,sa1,,,6.0849189758e-03
g5166,sa1,,,6.0849189758e-03
g5235,sa1,,,6.0849189758e-03
g5245,sa1,,,6.0849189758e-03
II8379,sa1,,,6.0849189758e-03
g5212,sa1,,,6.0849189758e-03
g6357,sa1,,,6.0849189758e-03
II8117,sa1,,,6.0849189758e-03
g6194_II8117_A,sa1,,,6.0849189758e-03
g5958_II8117_B,sa1,,,6.0849189758e-03
g5975_II8117_C,sa1,,,6.0849189758e-03
g5997_II8117_D,sa1,,,6.0849189758e-03
II8118,sa1,,,6.0849189758e-03
g6015_II8118_A,sa1,,,6.0849189758e-03
g6212_II8118_B,sa1,,,6.0849189758e-03
g4950_II8118_C,sa1,,,6.0849189758e-03
g4877_II8118_D,sa1,,,6.0849189758e-03
II8119,sa1,,,6.0849189758e-03
g5202_II8119_A,sa1,,,6.0849189758e-03
g4993_II8119_B,sa1,,,6.0849189758e-03
g4967_II8119_C,sa1,,,6.0849189758e-03
g4980_II8119_D,sa1,,,6.0849189758e-03
II8120,sa1,,,6.0849189758e-03
g4915_II8120_A,sa1,,,6.0849189758e-03
g5025_II8120_B,sa1,,,6.0849189758e-03
g6718,sa0,0,1,0.0000000000e+00
g4511,sa0,,,0.0000000000e+00
II6045,sa1,,,0.0000000000e+00
g4375,sa0,,,0.0000000000e+00
II5840,sa1,,,0.0000000000e+00
g3732,sa0,,,0.0000000000e+00
g6661_g6718_B,sa0,,,0.0000000000e+00
g6728,sa0,0,1,0.0000000000e+00
II8878,sa1,,,0.0000000000e+00
g6710,sa0,,,0.0000000000e+00
II8840,sa1,,,0.0000000000e+00
g6657,sa0,,,0.0000000000e+00
II8767,sa1,,,0.0000000000e+00
g6619,sa0,,,0.0000000000e+00
g6515,sa0,,,0.0000000000e+00
g6408,sa1,,,0.0000000000e+00
g6283,sa0,,,0.0000000000e+00
II7999,sa1,,,0.0000000000e+00
g6137_II7999_A,sa0,,,0.0000000000e+00
g6115,sa0,,,0.0000000000e+00
g5879,sa1,,,0.0000000000e+00
g5770_g5879_A,sa0,,,0.0000000000e+00
g6719,sa0,0,1,0.0000000000e+00
g4518,sa0,,,0.0000000000e+00
II6066,sa1,,,0.0000000000e+00
g4382,sa0,,,0.0000000000e+00
II5857,sa1,,,0.0000000000e+00
g3740,sa0,,,0.0000000000e+00
g6665_g6719_B,sa0,,,0.0000000000e+00
g6692,sa0,30,0,2.9798690230e-04
g6616,sa0,,,2.9798690230e-04
II8710,sa1,,,2.9798690230e-04
g6517,sa0,,,2.9798690230e-04
II8467,sa1,,,2.9798690230e-04
g6457_II8467_A,sa0,,,2.9798690230e-04
g6615,sa0,,,2.9798690230e-04
II8707,sa1,,,2.9798690230e-04
g6520,sa0,,,2.9798690230e-04
II8476,sa1,,,2.9798690230e-04
g6457_II8476_A,sa0,,,2.9798690230e-04
g6728,sa1,30,0,9.4067382813e-01
II8878,sa0,,,9.4067382813e-01
g6710,sa1,,,9.4067382813e-01
II8840,sa0,,,9.4067382813e-01
g6657,sa1,,,9.4067382813e-01
II8767,sa0,,,9.4067382813e-01
g6619,sa1,,,9.4067382813e-01
g6693,sa0,30,0,2.9798690230e-04
g6618,sa0,,,2.9798690230e-04
II8716,sa1,,,2.9798690230e-04
g6518,sa0,,,2.9798690230e-04
II8470,sa1,,,2.9798690230e-04
g6461_II8470_A,sa0,,,2.9798690230e-04
g6617,sa0,,,2.9798690230e-04
II8713,sa1,,,2.9798690230e-04
g6522,sa0,,,2.9798690230e-04
II8482,sa1,,,2.9798690230e-04
g6461_II8482_A,sa0,,,2.9798690230e-04
g6703,sa1,0,1,0.0000000000e+00
g6692,sa1,,,0.0000000000e+00
g4831,sa1,,,0.0000000000e+00
g6705,sa1,0,1,0.0000000000e+00
g6693,sa1,,,0.0000000000e+00
g4835,sa1,,,0.0000000000e+00
g6853,sa0,30,0,9.8809909821e-01
II9082,sa1,,,9.8809909821e-01
g6849,sa0,,,9.8809909821e-01
II9074,sa1,,,9.8809909821e-01
g6844,sa0,,,9.8809909821e-01
g6843,sa1,30,0,2.2289276123e-02
g6853,sa1,30,0,6.5593719482e-03
II9082,sa0,,,6.5593719482e-03
g6849,sa1,,,6.5593719482e-03
II9074,sa0,,,6.5593719482e-03
g6844,sa1,,,6.5593719482e-03
II9057,sa1,,,6.5593719482e-03
g6320,sa1,,,6.5593719482e-03
g6828,sa1,,,6.5593719482e-03
g6830,sa1,,,6.5593719482e-03
g6153,sa1,,,6.5593719482e-03
II9058,sa1,,,6.5593719482e-03
g6156,sa1,,,6.5593719482e-03
g6331,sa1,,,6.5593719482e-03
g5190,sa1,,,6.5593719482e-03
g5164,sa1,,,6.5593719482e-03
II9059,sa1,,,6.5593719482e-03
g5185,sa1,,,6.5593719482e-03
g5198,sa1,,,6.5593719482e-03
g6279,sa1,,,6.5593719482e-03
II7969,sa1,,,6.5593719482e-03
g6194_II7969_A,sa1,,,6.5593719482e-03
g5958_II7969_B,sa1,,,6.5593719482e-03
g5975_II7969_C,sa1,,,6.5593719482e-03
g5997_II7969_D,sa1,,,6.5593719482e-03
II7970,sa1,,,6.5593719482e-03
g6015_II7970_A,sa1,,,6.5593719482e-03
g6212_II7970_B,sa1,,,6.5593719482e-03
g4950_II7970_C,sa1,,,6.5593719482e-03
g4877_II7970_D,sa1,,,6.5593719482e-03
II7971,sa1,,,6.5593719482e-03
g5202_II7971_A,sa1,,,6.5593719482e-03
g4993_II7971_B,sa1,,,6.5593719482e-03
g4967_II7971_C,sa1,,,6.5593719482e-03
g4980_II7971_D,sa1,,,6.5593719482e-03
II7972,sa1,,,6.5593719482e-03
g4915_II7972_A,sa1,,,6.5593719482e-03
g5025_II7972_B,sa1,,,6.5593719482e-03
g6854,sa0,30,0,9.8834228516e-01
II9085,sa1,,,9.8834228516e-01
g6850,sa0,,,9.8834228516e-01
II9077,sa1,,,9.8834228516e-01
g6845,sa0,,,9.8834228516e-01
g6854,sa1,30,0,6.2026977539e-03
II9085,sa0,,,6.2026977539e-03
g6850,sa1,,,6.2026977539e-03
II9077,sa0,,,6.2026977539e-03
g6845,sa1,,,6.2026977539e-03
II9064,sa1,,,6.2026977539e-03
g6323,sa1,,,6.2026977539e-03
g6829,sa1,,,6.2026977539e-03
g6831,sa1,,,6.2026977539e-03
g6155,sa1,,,6.2026977539e-03
II9065,sa1,,,6.2026977539e-03
g6158,sa1,,,6.2026977539e-03
g6333,sa1,,,6.2026977539e-03
g5152,sa1,,,6.2026977539e-03
g5156,sa1,,,6.2026977539e-03
II9066,sa1,,,6.2026977539e-03
g5189,sa1,,,6.2026977539e-03
g5269,sa1,,,6.2026977539e-03
g6400,sa1,,,6.2026977539e-03
II8208,sa1,,,6.2026977539e-03
g6194_II8208_A,sa1,,,6.2026977539e-03
g5958_II8208_B,sa1,,,6.2026977539e-03
g5975_II8208_C,sa1,,,6.2026977539e-03
g5997_II8208_D,sa1,,,6.2026977539e-03
II8209,sa1,,,6.2026977539e-03
g6015_II8209_A,sa1,,,6.2026977539e-03
g6212_II8209_B,sa1,,,6.2026977539e-03
g4950_II8209_C,sa1,,,6.2026977539e-03
g4877_II8209_D,sa1,,,6.2026977539e-03
II8210,sa1,,,6.2026977539e-03
g5202_II8210_A,sa1,,,6.2026977539e-03
g4993_II8210_B,sa1,,,6.2026977539e-03
g4967_II8210_C,sa1,,,6.2026977539e-03
g4980_II8210_D,sa1,,,6.2026977539e-03
II8211,sa1,,,6.2026977539e-03
g4915_II8211_A,sa1,,,6.2026977539e-03
g5025_II8211_B,sa1,,,6.2026977539e-03
g6784,sa1,30,0,1.6282796860e-03
II8940,sa0,,,1.6282796860e-03
g6783,sa1,,,1.6282796860e-03
g6848,sa1,90,0,5.1691055298e-02
g6740,sa0,30,0,9.1144848120e-03
g6703,sa0,,,9.1144848120e-03
g6457_g6740_B,sa0,,,9.1144848120e-03
g4936,sa0,,,9.1144848120e-03
g6741,sa0,30,0,9.2010237859e-03
g6705,sa0,,,9.2010237859e-03
g6461_g6741_B,sa0,,,9.2010237859e-03
g4941,sa0,,,9.2010237859e-03
g6746,sa1,1,1,7.8125000000e-03
II8916,sa0,,,7.8125000000e-03
g6742,sa1,,,7.8125000000e-03
g6892,sa1,0,1,0.0000000000e+00
II9143,sa0,,,0.0000000000e+00
g6886,sa1,,,0.0000000000e+00
II9125,sa0,,,0.0000000000e+00
g6855_II9125_A,sa1,,,0.0000000000e+00
g6893,sa1,0,1,0.0000000000e+00
II9146,sa0,,,0.0000000000e+00
g6890,sa1,,,0.0000000000e+00
II9137,sa0,,,0.0000000000e+00
g6864_II9137_A,sa1,,,0.0000000000e+00
g6894,sa1,0,1,0.0000000000e+00
II9149,sa0,,,0.0000000000e+00
g6884,sa1,,,0.0000000000e+00
II9119,sa0,,,0.0000000000e+00
g6855_II9119_A,sa1,,,0.0000000000e+00
g6895,sa1,0,1,0.0000000000e+00
II9152,sa0,,,0.0000000000e+00
g6889,sa1,,,0.0000000000e+00
II9134,sa0,,,0.0000000000e+00
g6864_II9134_A,sa1,,,0.0000000000e+00
g6896,sa1,0,1,0.0000000000e+00
II9155,sa0,,,0.0000000000e+00
g6882,sa1,,,0.0000000000e+00
II9113,sa0,,,0.0000000000e+00
g6855_II9113_A,sa1,,,0.0000000000e+00
g6897,sa1,0,1,0.0000000000e+00
II9158,sa0,,,0.0000000000e+00
g6887,sa1,,,0.0000000000e+00
II9128,sa0,,,0.0000000000e+00
g6864_II9128_A,sa1,,,0.0000000000e+00
g6898,sa1,0,1,0.0000000000e+00
II9161,sa0,,,0.0000000000e+00
g6880,sa1,,,0.0000000000e+00
II9107,sa0,,,0.0000000000e+00
g6855_II9107_A,sa1,,,0.0000000000e+00
g6899,sa1,0,1,0.0000000000e+00
II9164,sa0,,,0.0000000000e+00
g6885,sa1,,,0.0000000000e+00
II9122,sa0,,,0.0000000000e+00
g6864_II9122_A,sa1,,,0.0000000000e+00
g6900,sa1,0,1,0.0000000000e+00
II9167,sa0,,,0.0000000000e+00
g6878,sa1,,,0.0000000000e+00
II9101,sa0,,,0.0000000000e+00
g6855_II9101_A,sa1,,,0.0000000000e+00
g6901,sa1,0,1,0.0000000000e+00
II9170,sa0,,,0.0000000000e+00
g6883,sa1,,,0.0000000000e+00
II9116,sa0,,,0.0000000000e+00
g6864_II9116_A,sa1,,,0.0000000000e+00
g6902,sa1,0,1,0.0000000000e+00
II9173,sa0,,,0.0000000000e+00
g6876,sa1,,,0.0000000000e+00
II9095,sa0,,,0.0000000000e+00
g6855_II9095_A,sa1,,,0.0000000000e+00
g6732,sa1,0,1,0.0000000000e+00
II8888,sa0,,,0.0000000000e+00
g6708,sa1,,,0.0000000000e+00
II8834,sa0,,,0.0000000000e+00
g6661_II8834_A,sa1,,,0.0000000000e+00
g6903,sa1,0,1,0.0000000000e+00
II9176,sa0,,,0.0000000000e+00
g6881,sa1,,,0.0000000000e+00
II9110,sa0,,,0.0000000000e+00
g6864_II9110_A,sa1,,,0.0000000000e+00
g6733,sa1,0,1,0.0000000000e+00
II8891,sa0,,,0.0000000000e+00
g6706,sa1,,,0.0000000000e+00
II8828,sa0,,,0.0000000000e+00
g6661_II8828_A,sa1,,,0.0000000000e+00
g6904,sa1,0,1,0.0000000000e+00
II9179,sa0,,,0.0000000000e+00
g6875,sa1,,,0.0000000000e+00
II9092,sa0,,,0.0000000000e+00
g6855_II9092_A,sa1,,,0.0000000000e+00
g6734,sa1,0,1,0.0000000000e+00
II8894,sa0,,,0.0000000000e+00
g6709,sa1,,,0.0000000000e+00
II8837,sa0,,,0.0000000000e+00
g6665_II8837_A,sa1,,,0.0000000000e+00
g6816,sa0,30,0,3.5136910330e-02
g6784,sa0,,,3.5136910330e-02
II8940,sa1,,,3.5136910330e-02
g6783,sa0,,,3.5136910330e-02
g6747,sa0,,,3.5136910330e-02
g5068,sa0,,,3.5136910330e-02
g5066,sa0,,,3.5136910330e-02
g3346_g6816_B,sa0,,,3.5136910330e-02
g6905,sa1,0,1,0.0000000000e+00
II9182,sa0,,,0.0000000000e+00
g6879,sa1,,,0.0000000000e+00
II9104,sa0,,,0.0000000000e+00
g6864_II9104_A,sa1,,,0.0000000000e+00
g6735,sa1,0,1,0.0000000000e+00
II8897,sa0,,,0.0000000000e+00
g6707,sa1,,,0.0000000000e+00
II8831,sa0,,,0.0000000000e+00
g6665_II8831_A,sa1,,,0.0000000000e+00
g6772,sa0,13,1,5.4687500000e-02
g6746,sa0,,,5.4687500000e-02
II8916,sa1,,,5.4687500000e-02
g6742,sa0,,,5.4687500000e-02
g6683,sa0,,,5.4687500000e-02
g932_g6742_B,sa0,,,5.4687500000e-02
g6716,sa0,,,5.4687500000e-02
g6682,sa0,,,5.4687500000e-02
g932_g6716_B,sa0,,,5.4687500000e-02
g3312_g6772_B,sa0,,,5.4687500000e-02
g6906,sa1,0,1,0.0000000000e+00
II9185,sa0,,,0.0000000000e+00
g6877,sa1,,,0.0000000000e+00
II9098,sa0,,,0.0000000000e+00
g6864_II9098_A,sa1,,,0.0000000000e+00
g6873,sa1,30,0,2.5447845459e-02
g6891,sa1,0,1,0.0000000000e+00
II9140,sa0,,,0.0000000000e+00
g6888,sa1,,,0.0000000000e+00
II9131,sa0,,,0.0000000000e+00
g6855_II9131_A,sa1,,,0.0000000000e+00
g6749,sa0,30,0,8.8484615191e-09
g6735,sa0,,,8.8484615191e-09
II8897,sa1,,,8.8484615191e-09
g6707,sa0,,,8.8484615191e-09
II8831,sa1,,,8.8484615191e-09
g6665_II8831_A,sa0,,,8.8484615191e-09
g6734,sa0,,,8.8484615191e-09
II8894,sa1,,,8.8484615191e-09
g6709,sa0,,,8.8484615191e-09
II8837,sa1,,,8.8484615191e-09
g6665_II8837_A,sa0,,,8.8484615191e-09
g6910,sa0,0,1,0.0000000000e+00
g6892,sa0,,,0.0000000000e+00
II9143,sa1,,,0.0000000000e+00
g6886,sa0,,,0.0000000000e+00
II9125,sa1,,,0.0000000000e+00
g6855_II9125_A,sa0,,,0.0000000000e+00
g6891,sa0,,,0.0000000000e+00
II9140,sa1,,,0.0000000000e+00
g6888,sa0,,,0.0000000000e+00
II9131,sa1,,,0.0000000000e+00
g6855_II9131_A,sa0,,,0.0000000000e+00
g6911,sa0,0,1,0.0000000000e+00
g6904,sa0,,,0.0000000000e+00
II9179,sa1,,,0.0000000000e+00
g6875,sa0,,,0.0000000000e+00
II9092,sa1,,,0.0000000000e+00
g6855_II9092_A,sa0,,,0.0000000000e+00
g6902,sa0,,,0.0000000000e+00
II9173,sa1,,,0.0000000000e+00
g6876,sa0,,,0.0000000000e+00
II9095,sa1,,,0.0000000000e+00
g6855_II9095_A,sa0,,,0.0000000000e+00
g6912,sa0,0,1,0.0000000000e+00
g6899,sa0,,,0.0000000000e+00
II9164,sa1,,,0.0000000000e+00
g6885,sa0,,,0.0000000000e+00
II9122,sa1,,,0.0000000000e+00
g6864_II9122_A,sa0,,,0.0000000000e+00
g6897,sa0,,,0.0000000000e+00
II9158,sa1,,,0.0000000000e+00
g6887,sa0,,,0.0000000000e+00
II9128,sa1,,,0.0000000000e+00
g6864_II9128_A,sa0,,,0.0000000000e+00
g6913,sa0,0,1,0.0000000000e+00
g6900,sa0,,,0.0000000000e+00
II9167,sa1,,,0.0000000000e+00
g6878,sa0,,,0.0000000000e+00
II9101,sa1,,,0.0000000000e+00
g6855_II9101_A,sa0,,,0.0000000000e+00
g6898,sa0,,,0.0000000000e+00
II9161,sa1,,,0.0000000000e+00
g6880,sa0,,,0.0000000000e+00
II9107,sa1,,,0.0000000000e+00
g6855_II9107_A,sa0,,,0.0000000000e+00
g6914,sa0,0,1,0.0000000000e+00
g6895,sa0,,,0.0000000000e+00
II9152,sa1,,,0.0000000000e+00
g6889,sa0,,,0.0000000000e+00
II9134,sa1,,,0.0000000000e+00
g6864_II9134_A,sa0,,,0.0000000000e+00
g6893,sa0,,,0.0000000000e+00
II9146,sa1,,,0.0000000000e+00
g6890,sa0,,,0.0000000000e+00
II9137,sa1,,,0.0000000000e+00
g6864_II9137_A,sa0,,,0.0000000000e+00
g6915,sa0,0,1,0.0000000000e+00
g6906,sa0,,,0.0000000000e+00
II9185,sa1,,,0.0000000000e+00
g6877,sa0,,,0.0000000000e+00
II9098,sa1,,,0.0000000000e+00
g6864_II9098_A,sa0,,,0.0000000000e+00
g6905,sa0,,,0.0000000000e+00
II9182,sa1,,,0.0000000000e+00
g6879,sa0,,,0.0000000000e+00
II9104,sa1,,,0.0000000000e+00
g6864_II9104_A,sa0,,,0.0000000000e+00
g6916,sa0,0,1,0.0000000000e+00
g6903,sa0,,,0.0000000000e+00
II9176,sa1,,,0.0000000000e+00
g6881,sa0,,,0.0000000000e+00
II9110,sa1,,,0.0000000000e+00
g6864_II9110_A,sa0,,,0.0000000000e+00
g6901,sa0,,,0.0000000000e+00
II9170,sa1,,,0.0000000000e+00
g6883,sa0,,,0.0000000000e+00
II9116,sa1,,,0.0000000000e+00
g6864_II9116_A,sa0,,,0.0000000000e+00
g6909,sa0,0,1,0.0000000000e+00
g6896,sa0,,,0.0000000000e+00
II9155,sa1,,,0.0000000000e+00
g6882,sa0,,,0.0000000000e+00
II9113,sa1,,,0.0000000000e+00
g6855_II9113_A,sa0,,,0.0000000000e+00
g6894,sa0,,,0.0000000000e+00
II9149,sa1,,,0.0000000000e+00
g6884,sa0,,,0.0000000000e+00
II9119,sa1,,,0.0000000000e+00
g6855_II9119_A,sa0,,,0.0000000000e+00
g6748,sa0,30,0,8.8483922411e-09
g6733,sa0,,,8.8483922411e-09
II8891,sa1,,,8.8483922411e-09
g6706,sa0,,,8.8483922411e-09
II8828,sa1,,,8.8483922411e-09
g6661_II8828_A,sa0,,,8.8483922411e-09
g6732,sa0,,,8.8483922411e-09
II8888,sa1,,,8.8483922411e-09
g6708,sa0,,,8.8483922411e-09
II8834,sa1,,,8.8483922411e-09
g6661_II8834_A,sa0,,,8.8483922411e-09
g6874,sa0,30,0,3.6942672729e-01
g6873,sa0,,,3.6942672729e-01
g6848,sa0,,,3.6942672729e-01
g3741,sa0,,,3.6942672729e-01
g901_g3741_A,sa0,,,3.6942672729e-01
g3433,sa0,,,3.6942672729e-01
g1359_g3433_A,sa0,,,3.6942672729e-01
g2831_g3433_B,sa0,,,3.6942672729e-01
g905_g3433_C,sa0,,,3.6942672729e-01
g2340_g3741_C,sa0,,,3.6942672729e-01
g328_g6848_B,sa0,,,3.6942672729e-01
g6843,sa0,,,3.6942672729e-01
II9051,sa0,,,3.6942672729e-01
g6832_II9051_A,sa0,,,3.6942672729e-01
II9050_II9051_B,sa0,,,3.6942672729e-01
II9052,sa0,,,3.6942672729e-01
g3598_II9052_A,sa0,,,3.6942672729e-01
II9050_II9052_B,sa0,,,3.6942672729e-01
g3621,sa0,,,3.6942672729e-01
g2060,sa0,,,3.6942672729e-01
g1369_g2060_A,sa1,,,3.6942672729e-01
g6919,sa1,0,1,0.0000000000e+00
g6912,sa1,,,0.0000000000e+00
g6914,sa1,,,0.0000000000e+00
g6920,sa1,0,1,0.0000000000e+00
g6915,sa1,,,0.0000000000e+00
g6916,sa1,,,0.0000000000e+00
g6781,sa1,30,0,1.3603465732e-07
g6718,sa1,,,1.3603465732e-07
g6748,sa1,,,1.3603465732e-07
g6907,sa1,30,0,4.3025207520e-01
g6874,sa1,,,4.3025207520e-01
g3358,sa1,,,4.3025207520e-01
g6782,sa1,30,0,1.1368240393e-07
g6719,sa1,,,1.1368240393e-07
g6749,sa1,,,1.1368240393e-07
g6917,sa1,0,1,0.0000000000e+00
g6909,sa1,,,0.0000000000e+00
g6910,sa1,,,0.0000000000e+00
g6918,sa1,0,1,0.0000000000e+00
g6911,sa1,,,0.0000000000e+00
g6913,sa1,,,0.0000000000e+00
g6798,sa0,30,0,1.7230625815e-08
g4946,sa0,,,1.7230625815e-08
g6781,sa0,,,1.7230625815e-08
g6799,sa0,30,0,1.1643029652e-08
g4948,sa0,,,1.1643029652e-08
g6782,sa0,,,1.1643029652e-08
g6923,sa0,30,0,1.7778763839e-04
g6918,sa0,,,1.7778763839e-04
g6917,sa0,,,1.7778763839e-04
g6924,sa0,30,0,3.6215782166e-04
g6920,sa0,,,3.6215782166e-04
g6919,sa0,,,3.6215782166e-04
g6908,sa0,30,0,4.2997360229e-01
g6907,sa0,,,4.2997360229e-01
g3886,sa0,,,4.2997360229e-01
g3346_g3886_A,sa1,,,4.2997360229e-01
g6926,sa1,30,0,4.8431752475e-07
g6798,sa1,,,4.8431752475e-07
g6923,sa1,,,4.8431752475e-07
g6927,sa1,30,0,3.6510527934e-07
g6799,sa1,,,3.6510527934e-07
g6924,sa1,,,3.6510527934e-07
g6929,sa0,30,0,3.4182295444e-03
g4536,sa0,,,3.4182295444e-03
II6118,sa1,,,3.4182295444e-03
g4406,sa0,,,3.4182295444e-03
II5913,sa1,,,3.4182295444e-03
g3751,sa0,,,3.4182295444e-03
g6927,sa0,,,3.4182295444e-03
g6823,sa0,30,0,4.9707031250e-01
II9002,sa1,,,4.9707031250e-01
g6802,sa0,,,4.9707031250e-01
II8972,sa1,,,4.9707031250e-01
g6795,sa0,,,4.9707031250e-01
g6823,sa1,26,1,4.7729492188e-01
II9002,sa0,,,4.7729492188e-01
g6802,sa1,,,4.7729492188e-01
II8972,sa0,,,4.7729492188e-01
g6795,sa1,,,4.7729492188e-01
g4867,sa1,,,4.7729492188e-01
g6772,sa1,,,4.7729492188e-01
g6928,sa0,30,0,3.4183487546e-03
g4532,sa0,,,3.4183487546e-03
II6108,sa1,,,3.4183487546e-03
g4403,sa0,,,3.4183487546e-03
II5904,sa1,,,3.4183487546e-03
g3749,sa0,,,3.4183487546e-03
g6926,sa0,,,3.4183487546e-03
g6932,sa1,30,0,1.4252443861e-03
II9217,sa0,,,1.4252443861e-03
g6931,sa1,,,1.4252443861e-03
g6741,sa1,,,1.4252443861e-03
g6929,sa1,,,1.4252443861e-03
g6925,sa0,30,0,1.6783303226e-01
II9208,sa1,,,1.6783303226e-01
g6922,sa0,,,1.6783303226e-01
II9203,sa1,,,1.6783303226e-01
g6921,sa0,,,1.6783303226e-01
g6933,sa1,30,0,1.4252443861e-03
II9220,sa0,,,1.4252443861e-03
g6930,sa1,,,1.4252443861e-03
g6740,sa1,,,1.4252443861e-03
g6928,sa1,,,1.4252443861e-03
g6925,sa1,30,0,4.2243814468e-01
II9208,sa0,,,4.2243814468e-01
g6922,sa1,,,4.2243814468e-01
II9203,sa0,,,4.2243814468e-01
g6921,sa1,,,4.2243814468e-01
g6908,sa1,,,4.2243814468e-01
g6816,sa1,,,4.2243814468e-01
g6934,sa0,30,0,5.6172019615e-02
g6932,sa0,,,5.6172019615e-02
II9217,sa1,,,5.6172019615e-02
g6931,sa0,,,5.6172019615e-02
g3605_g6934_B,sa0,,,5.6172019615e-02
g6935,sa0,30,0,5.6161177895e-02
g6933,sa0,,,5.6161177895e-02
II9220,sa1,,,5.6161177895e-02
g6930,sa0,,,5.6161177895e-02
g3622_g6935_B,sa0,,,5.6161177895e-02
g6940,sa0,30,0,4.8929595949e-01
II9233,sa1,,,4.8929595949e-01
g6938,sa0,,,4.8929595949e-01
II9227,sa1,,,4.8929595949e-01
g6937,sa0,,,4.8929595949e-01
g6940,sa1,30,0,4.5569584122e-01
II9233,sa0,,,4.5569584122e-01
g6938,sa1,,,4.5569584122e-01
II9227,sa0,,,4.5569584122e-01
g6937,sa1,,,4.5569584122e-01
g4616,sa1,,,4.5569584122e-01
g6934,sa1,,,4.5569584122e-01
g6941,sa0,30,0,4.7868740186e-01
II9236,sa1,,,4.7868740186e-01
g6939,sa0,,,4.7868740186e-01
II9230,sa1,,,4.7868740186e-01
g6936,sa0,,,4.7868740186e-01
g6941,sa1,30,0,5.1035598476e-01
II9236,sa0,,,5.1035598476e-01
g6939,sa1,,,5.1035598476e-01
II9230,sa0,,,5.1035598476e-01
g6936,sa1,,,5.1035598476e-01
g5438,sa1,,,5.1035598476e-01
g6935,sa1,,,5.1035598476e-01
